record_id,owner_name,owner_cnic,father_name,dob,property_value,household,area,city
PROP000000,Othman Malick,22676-7022674-5,Muhammad Faisal ملک,1971-01-24,2936436,"H-00002, Malir, Karachi",Malir,Karachi
PROP000001,Ahmed سید,93320-7120868-2,Muhammed Othman سید,1977-04-22,27201881,"H-00004, E-11, Islamabad",E-11,Islamabad
PROP000002,Faysal Sheikh,,بلال Sheikh,1972-11-23,11698066,"H-00005, Jaranwala Road, Faisalabad",Jaranwala Road,Faisalabad
PROP000003,Sana Bhatti,99166-2921859-8,Hussein بٹ,1996-06-04,2000000,"H-00009, Madina Town, Faisalabad",Madina Town,Faisalabad
PROP000004,Fatimah راجہ,85525-8930103-3,,1981-04-04,6657398,"H-00015, Cantt, Lahore",Cantt,Lahore
PROP000005,Mohammed Bilal Sheikh,42742-2264748-7,عمران شیخ,1961-01-21,9586086,"H-00017, E-11, Islamabad",E-11,Islamabad
PROP000006,Hassan Shaikh,73092-4581084-6,Muhammad Shaykh,1965-07-01,11320471,"H-00018, Satellite Town, Rawalpindi",Satellite Town,Rawalpindi
PROP000007,Mohammed Hassan سید,42271-1666754-9,Ahmad Syed,,2000000,"H-00021, North Nazimabad, Karachi",North Nazimabad,Karachi
PROP000008,حسین Choudhary,44814-7640184-2,Hussain Chaudhry,1984-06-25,35658912,"H-00022, F-8, Islamabad",F-8,Islamabad
PROP000009,عثمان Chaudhary,56357-7817881-9,علی چوہدری,1970-03-26,27658645,"H-00028, DHA, Lahore",DHA,Lahore
PROP000010,Osman Chaudhry,56357-7817881-9,Ali Ch.,1970-03-26,16832604,"H-00028, DHA, Lahore",DHA,Lahore
PROP000011,Mohammed Hussain بٹ,86019-6406444-2,Hamza بٹ,1983-11-07,15992675,"H-00035, Johar Town, Lahore",Johar Town,Lahore
PROP000012,Muhammad Ahmed Butt,92960-6623525-1,حسن بٹ,1998-05-08,27140995,"H-00036, Jaranwala Road, Faisalabad",Jaranwala Road,Faisalabad
PROP000013,احمد Sayed,,Imran Sayyid,1970-02-15,115137882,"H-00038, Gulberg, Lahore",Gulberg,Lahore
PROP000014,Mohammad Ahmed Sayed,77889-8793853-0,,1970-02-15,136221747,"H-00038, Gulberg, Lahore",Gulberg,Lahore
PROP000015,Ahmad سید,77889-8793853-0,عمران Sayed,1970-02-15,158848150,"H-00038, Gulberg, Lahore",Gulberg,Lahore
PROP000016,Hira Sheikh,64377-7838382-5,,1984-07-02,10769424,"H-00041, DHA, Lahore",DHA,Lahore
PROP000017,حمزہ Bhatti,89415-2921542-2,Hussain بٹ,1961-10-01,14390786,"H-00047, F-8, Islamabad",F-8,Islamabad
PROP000018,Hamzah بٹ,89415-2921542-2,Mohammed Hussein Bhatti,1961-10-01,14380601,"H-00047, F-8, Islamabad",F-8,Islamabad
PROP000019,Muhammad Usman Raja,19038-9488613-5,Muhammad Raja,1981-08-04,13114312,"H-00049, Chaklala, Rawalpindi",Chaklala,Rawalpindi
PROP000020,Hussain Choudhary,49678-1237370-8,Ali چوہدری,1972-01-02,4594495,"H-00056, F-8, Islamabad",F-8,Islamabad
PROP000021,Faysal خان,,,1992-07-21,32866124,"H-00065, Johar Town, Lahore",Johar Town,Lahore
PROP000022,Hamza ملک,52372-2944841-6,Muhammad عمران Malik,1955-11-28,22418141,"H-00067, G-10, Islamabad",G-10,Islamabad
PROP000023,Hamzah ملک,48254-9537455-4,بلال ملک,1985-08-08,37652318,"H-00070, Johar Town, Lahore",Johar Town,Lahore
PROP000024,Fatimah Awan,55836-6577416-8,عمران Awan,1979-08-11,13528799,"H-00072, Peoples Colony, Faisalabad",Peoples Colony,Faisalabad
PROP000025,Mohammed Ali Shaykh,60140-5040453-7,Faisal Shaikh,,13384901,"H-00078, North Nazimabad, Karachi",North Nazimabad,Karachi
PROP000026,Ali Shaykh,60140-5040453-7,Muhammed Faisal Shaikh,1964-04-15,21049665,"H-00078, North Nazimabad, Karachi",North Nazimabad,Karachi
PROP000027,Mohammed علی Shaikh,60140-5040453-7,Mohammad Faysal شیخ,1964-04-15,17833576,"H-00078, North Nazimabad, Karachi",North Nazimabad,Karachi
PROP000028,Zaynab خان,98815-3650391-1,حمزہ Khan,1977-10-10,68797675,"H-00079, Chaklala, Rawalpindi",Chaklala,Rawalpindi
PROP000029,Mohammed Sayyid,84177-1822825-9,Hamza Sayed,1973-04-20,74277808,"H-00081, F-7, Islamabad",F-7,Islamabad
PROP000030,حسین Qureshi,36318-3217273-8,Osman قریشی,1988-09-09,12562289,"H-00083, Bahria Town, Rawalpindi",Bahria Town,Rawalpindi
PROP000031,Hussein قریشی,36318-3217273-8,Usman قریشی,1988-09-09,10606500,"H-00083, Bahria Town, Rawalpindi",Bahria Town,Rawalpindi
PROP000032,Hussein Quraishi,,عثمان Quraishi,1988-09-09,16266261,"H-00083, Bahria Town, Rawalpindi",Bahria Town,Rawalpindi
PROP000033,Hamza Qureshi,,Hassan قریشی,1985-01-20,30457902,"H-00085, Bahria Town, Islamabad",Bahria Town,Islamabad
PROP000034,بلال Awan,64935-3592464-6,Ahmed Awan,1986-10-14,4182326,"H-00087, Bahria Town, Islamabad",Bahria Town,Islamabad
PROP000035,Mohammed فیصل Raja,97819-3050700-6,Othman راجہ,1997-07-28,248643940,"H-00097, Peoples Colony, Faisalabad",Peoples Colony,Faisalabad
PROP000036,Muhammed Faysal راجہ,97819-3050700-6,Muhammad عثمان راجہ,1997-07-28,348516407,"H-00097, Peoples Colony, Faisalabad",Peoples Colony,Faisalabad
PROP000037,فیصل Raja,97819-3050700-6,,1997-07-28,305038034,"H-00097, Peoples Colony, Faisalabad",Peoples Colony,Faisalabad
PROP000038,Faysal Bhatti,85748-9512966-3,Ali بٹ,1997-08-08,10645468,"H-00098, F-7, Islamabad",F-7,Islamabad
PROP000039,Mariam اعوان,,Mohammad Faysal اعوان,1993-02-02,12534990,"H-00101, F-8, Islamabad",F-8,Islamabad
PROP000040,Mohammad احمد بٹ,73656-8416270-6,Hussain بٹ,1968-09-04,7248309,"H-00102, Satellite Town, Rawalpindi",Satellite Town,Rawalpindi
PROP000041,احمد Syed,32527-8719145-5,Muhammad احمد Sayed,1982-02-08,5228577,"H-00106, Gulshan-e-Iqbal, Karachi",Gulshan-e-Iqbal,Karachi
PROP000042,Maryam Mughal,99277-6422534-5,علی Moghul,1983-02-16,6000149,"H-00109, Peoples Colony, Faisalabad",Peoples Colony,Faisalabad
PROP000043,محمد اعوان,,Muhammed Awan,1970-12-15,5859703,"H-00112, Gulshan-e-Iqbal, Karachi",Gulshan-e-Iqbal,Karachi
PROP000044,Fatimah Moghul,83259-7319630-5,Ali مغل,1997-12-27,36562566,"H-00115, Gulshan-e-Iqbal, Karachi",Gulshan-e-Iqbal,Karachi
PROP000045,Fatema مغل,83259-7319630-5,,,41379329,"H-00115, Gulshan-e-Iqbal, Karachi",Gulshan-e-Iqbal,Karachi
PROP000046,Hamza Choudhary,67749-8745704-4,Bilal Chaudhry,1987-09-14,8806052,"H-00119, Bahria Town, Islamabad",Bahria Town,Islamabad
PROP000047,Mohammad Husain Ch.,16258-5000351-6,Faisal چوہدری,1984-02-04,20540282,"H-00124, F-7, Islamabad",F-7,Islamabad
PROP000048,Muhammed Imran Quraishi,81313-9511546-8,عمران Qureshi,1956-07-28,45070791,"H-00126, North Nazimabad, Karachi",North Nazimabad,Karachi
PROP000049,Imran Quraishi,,Imran Quraishi,1956-07-28,35233861,"H-00126, North Nazimabad, Karachi",North Nazimabad,Karachi
PROP000050,Mohammad Hamzah Awan,18270-8678582-0,حسین Awan,1967-01-26,2000000,"H-00128, Gulberg, Lahore",Gulberg,Lahore
PROP000051,Muhammad عمران Sayyid,43202-1614394-3,Mohammed Husain سید,1977-01-28,4226176,"H-00129, Peoples Colony, Faisalabad",Peoples Colony,Faisalabad
PROP000052,احمد Sayed,,Husain سید,1975-02-03,4173730,"H-00131, Malir, Karachi",Malir,Karachi
PROP000053,Fatimah مغل,36237-3057514-2,Muhammad Ahmed Mughal,1983-03-23,2000000,"H-00136, E-11, Islamabad",E-11,Islamabad
PROP000054,Mohammad حسن اعوان,82616-7689302-7,عمران Awan,1963-10-03,32971763,"H-00138, Gulshan-e-Iqbal, Karachi",Gulshan-e-Iqbal,Karachi
PROP000055,Hassan Awan,82616-7189302-7,عمران اعوان,1963-10-03,48198201,"H-00138, Gulshan-e-Iqbal, Karachi",Gulshan-e-Iqbal,Karachi
PROP000056,ثناء سید,26426-6318841-1,Mohammed Hamza Sayyid,1984-11-17,9420637,"H-00139, Saddar, Rawalpindi",Saddar,Rawalpindi
PROP000057,ثناء Syed,26426-6318841-1,Muhammed حمزہ Sayyid,1984-11-17,20215321,"H-00139, Saddar, Rawalpindi",Saddar,Rawalpindi
PROP000058,Faisal Sayed,13969-9355692-8,حسین Syed,1996-05-16,30827532,"H-00143, Jaranwala Road, Faisalabad",Jaranwala Road,Faisalabad
PROP000059,Osman قریشی,58567-9639932-8,احمد Qureshi,,2883021,"H-00145, Bahria Town, Rawalpindi",Bahria Town,Rawalpindi
PROP000060,Mohammed Ahmad Khan,90658-8015136-3,Ali خان,1975-10-24,21800723,"H-00146, E-11, Islamabad",E-11,Islamabad
PROP000061,بلال Qureshi,16705-4265774-5,عمران قریشی,1973-02-13,55272529,"H-00149, Malir, Karachi",Malir,Karachi
PROP000062,بلال Qureshi,14705-4265774-5,عمران Qureshi,1973-02-13,42511555,"H-00149, Malir, Karachi",Malir,Karachi
PROP000063,بلال قریشی,16705-4265774-5,Imran Quraishi,1973-02-13,56196884,"H-00149, Malir, Karachi",Malir,Karachi
PROP000064,ثناء خان,27961-6087495-7,,1984-03-20,16883752,"H-00151, DHA, Karachi",DHA,Karachi
PROP000065,علی Sayed,49221-6643410-8,Imran Sayyid,1989-08-23,19562786,"H-00152, Jaranwala Road, Faisalabad",Jaranwala Road,Faisalabad
PROP000066,علی Sayyid,49221-6643410-8,Imran Sayyid,1989-08-23,21022310,"H-00152, Jaranwala Road, Faisalabad",Jaranwala Road,Faisalabad
PROP000067,Ali Sayyid,62034-9311162-2,حسین Sayyid,1957-01-10,2000000,"H-00163, DHA, Lahore",DHA,Lahore
PROP000068,Muhammed عثمان بٹ,27589-9459284-7,Hussein Bhatti,1967-02-11,19400610,"H-00164, Satellite Town, Rawalpindi",Satellite Town,Rawalpindi
PROP000069,Muhammed Hussain Mughal,44282-7032233-3,,1997-02-15,13449523,"H-00167, Madina Town, Faisalabad",Madina Town,Faisalabad
PROP000070,ثناء Ch.,20730-9816538-7,Imran Chaudhry,2000-06-03,17058483,"H-00169, Cantt, Lahore",Cantt,Lahore
PROP000071,Mohammed Faisal Raja,53007-9729682-7,احمد Raja,1998-04-23,27152987,"H-00170, Gulberg, Lahore",Gulberg,Lahore
PROP000072,Mohammed Faysal راجہ,53007-9729882-7,Ahmed راجہ,1998-04-23,36292639,"H-00170, Gulberg, Lahore",Gulberg,Lahore
PROP000073,Faisal Raja,53007-9729882-7,,1998-04-23,32392449,"H-00170, Gulberg, Lahore",Gulberg,Lahore
PROP000074,Imran Awan,27294-9610869-6,,1991-01-18,22991596,"H-00171, Malir, Karachi",Malir,Karachi
PROP000075,Muhammad Bilal بٹ,85800-2225232-0,,1977-12-03,14257695,"H-00172, Clifton, Karachi",Clifton,Karachi
PROP000076,Ayesha Raja,25549-3994290-8,,1988-03-24,6689373,"H-00174, Model Town, Lahore",Model Town,Lahore
PROP000077,Mohammed حسن Khan,40715-4645172-0,علی خان,1987-05-08,33083397,"H-00177, Satellite Town, Rawalpindi",Satellite Town,Rawalpindi
PROP000078,Hasan Khan,40715-4645172-0,Muhammad Ali Khan,1987-05-08,20052614,"H-00177, Satellite Town, Rawalpindi",Satellite Town,Rawalpindi
PROP000079,Hassan خان,,Muhammed Ali Khan,1987-05-08,21842828,"H-00177, Satellite Town, Rawalpindi",Satellite Town,Rawalpindi
PROP000080,Faysal Mughal,49552-3403511-8,Muhammad حسن Moghul,,2134192,"H-00178, F-8, Islamabad",F-8,Islamabad
PROP000081,Fatimah Ch.,70689-1966769-8,,1981-09-17,2000000,"H-00180, F-8, Islamabad",F-8,Islamabad
PROP000082,Sana Qureshi,94108-9230828-7,Ali Quraishi,2001-06-06,10458881,"H-00186, E-11, Islamabad",E-11,Islamabad
PROP000083,Sana Quraishi,94108-9230828-7,Ali Qureshi,2001-06-06,8675908,"H-00186, E-11, Islamabad",E-11,Islamabad
PROP000084,عمران Khan,19742-1813936-0,بلال خان,,6136619,"H-00187, Madina Town, Faisalabad",Madina Town,Faisalabad
PROP000085,عمران Awan,90980-9106820-7,,1955-09-18,6351616,"H-00188, F-7, Islamabad",F-7,Islamabad
PROP000086,عمران Sayyid,99088-7376562-1,فیصل Syed,1973-04-23,53086305,"H-00196, Bahria Town, Rawalpindi",Bahria Town,Rawalpindi
PROP000087,Imran سید,99088-7376562-1,فیصل Sayyid,,70040195,"H-00196, Bahria Town, Rawalpindi",Bahria Town,Rawalpindi
PROP000088,Imran Syed,,Faisal Sayed,1973-04-23,34025678,"H-00196, Bahria Town, Rawalpindi",Bahria Town,Rawalpindi
PROP000089,علی بٹ,74634-3448380-1,Ali بٹ,1982-05-14,47271667,"H-00200, G-10, Islamabad",G-10,Islamabad
PROP000090,Ahmed Shaikh,,,1985-06-16,26579643,"H-00209, G-10, Islamabad",G-10,Islamabad
PROP000091,Zaynab ملک,25084-1378915-5,Ahmad ملک,1998-03-24,10279563,"H-00210, F-7, Islamabad",F-7,Islamabad
PROP000092,زینب ملک,25084-1378915-5,Ahmed ملک,1998-03-24,16239122,"H-00210, F-7, Islamabad",F-7,Islamabad
PROP000093,Zaynab ملک,25084-1378915-5,Ahmed Malick,1998-03-24,16816267,"H-00210, F-7, Islamabad",F-7,Islamabad
PROP000094,Imran Shaykh,28388-4138993-5,Hamza Shaykh,1994-01-28,5870090,"H-00216, Chaklala, Rawalpindi",Chaklala,Rawalpindi
PROP000095,حسن Syed,95599-9304216-6,,1981-12-27,4864777,"H-00217, Jaranwala Road, Faisalabad",Jaranwala Road,Faisalabad
PROP000096,Hassan Bhatti,39470-5843084-2,Mohammed حمزہ بٹ,1991-12-25,81087557,"H-00218, Gulshan-e-Iqbal, Karachi",Gulshan-e-Iqbal,Karachi
PROP000097,حسن Butt,39470-5843084-2,,1991-12-25,95077542,"H-00218, Gulshan-e-Iqbal, Karachi",Gulshan-e-Iqbal,Karachi
PROP000098,Fatima Shaikh,45916-2565985-5,,1960-06-22,61480702,"H-00227, F-8, Islamabad",F-8,Islamabad
PROP000099,Fatima Shaikh,,Hussain Shaykh,1960-06-22,89808507,"H-00227, F-8, Islamabad",F-8,Islamabad
PROP000100,Fatima شیخ,45916-2565985-5,Hussain شیخ,1960-06-22,60275538,"H-00227, F-8, Islamabad",F-8,Islamabad
PROP000101,Aisha Khan,65353-3217581-7,Ahmad Khan,1969-07-03,15112756,"H-00229, F-7, Islamabad",F-7,Islamabad
PROP000102,حسین Ch.,76784-4164963-6,Husain Chaudhary,1996-01-26,24602385,"H-00233, Jaranwala Road, Faisalabad",Jaranwala Road,Faisalabad
PROP000103,حسین چوہدری,76784-4164963-6,Hussein Ch.,1996-01-26,42281869,"H-00233, Jaranwala Road, Faisalabad",Jaranwala Road,Faisalabad
PROP000104,Mariam Malik,93634-2191383-8,Muhammed Malik,1978-06-05,14483841,"H-00234, Johar Town, Lahore",Johar Town,Lahore
PROP000105,ثناء Bhatti,65518-7749095-1,Imran Butt,1989-10-05,3266527,"H-00236, Peoples Colony, Faisalabad",Peoples Colony,Faisalabad
PROP000106,حمزہ مغل,50539-3946849-1,Mohammad Moghul,2000-03-23,4713316,"H-00238, Madina Town, Faisalabad",Madina Town,Faisalabad
PROP000107,Faisal ملک,76949-7041876-0,,1991-03-12,4216865,"H-00240, Satellite Town, Rawalpindi",Satellite Town,Rawalpindi
PROP000108,Usman Ch.,49834-5069884-7,,1992-08-25,83990371,"H-00244, Bahria Town, Islamabad",Bahria Town,Islamabad
PROP000109,Osman Chaudhry,49834-5069884-7,Usman Ch.,1992-08-25,83651133,"H-00244, Bahria Town, Islamabad",Bahria Town,Islamabad
PROP000110,Muhammed Khan,35969-7720647-5,Ahmed خان,1992-10-09,9481347,"H-00252, Gulberg, Lahore",Gulberg,Lahore
PROP000111,Ayisha Syed,56392-4602838-2,حسین Sayyid,1972-08-05,2379588,"H-00254, Bahria Town, Rawalpindi",Bahria Town,Rawalpindi
PROP000112,عمران Khan,72873-9131572-5,,1987-06-13,3334210,"H-00256, Chaklala, Rawalpindi",Chaklala,Rawalpindi
PROP000113,عثمان Chaudhary,82628-5450404-4,,1970-02-02,26504569,"H-00269, Johar Town, Lahore",Johar Town,Lahore
PROP000114,فاطمہ خان,66047-2470159-4,Faysal Khan,1985-04-04,14231891,"H-00270, F-7, Islamabad",F-7,Islamabad
PROP000115,احمد اعوان,62096-8901136-7,Hussein اعوان,1960-11-18,30664727,"H-00271, Gulshan-e-Iqbal, Karachi",Gulshan-e-Iqbal,Karachi
PROP000116,Ahmad Awan,62096-8901136-7,Hussein Awan,1960-11-18,44777053,"H-00271, Gulshan-e-Iqbal, Karachi",Gulshan-e-Iqbal,Karachi
PROP000117,Ahmad Qureshi,,Mohammed Quraishi,1979-09-14,21632136,"H-00273, Peoples Colony, Faisalabad",Peoples Colony,Faisalabad
PROP000118,Mohammed فیصل Moghul,24748-7953189-2,علی مغل,,23516195,"H-00277, Peoples Colony, Faisalabad",Peoples Colony,Faisalabad
PROP000119,Ali Butt,91034-7739741-0,Bilal Butt,1976-12-08,8524344,"H-00279, Bahria Town, Rawalpindi",Bahria Town,Rawalpindi
PROP000120,علی Bhatti,91034-7739741-0,,1976-12-08,7429167,"H-00279, Bahria Town, Rawalpindi",Bahria Town,Rawalpindi
PROP000121,Muhammad Husain Sayyid,21703-4153037-7,Hassan سید,1981-12-16,64760186,"H-00281, Jaranwala Road, Faisalabad",Jaranwala Road,Faisalabad
PROP000122,Husain Syed,21703-4153037-7,حسن سید,1981-12-16,30449895,"H-00281, Jaranwala Road, Faisalabad",Jaranwala Road,Faisalabad
PROP000123,Mohammed Chaudhry,87862-8484373-2,,1992-09-12,4489658,"H-00284, E-11, Islamabad",E-11,Islamabad
PROP000124,Hamza Bhatti,63031-7514172-0,,2000-10-27,2000000,"H-00290, E-11, Islamabad",E-11,Islamabad
PROP000125,Muhammed Othman Malick,39272-6152035-6,Osman ملک,1978-05-19,6782390,"H-00292, Model Town, Lahore",Model Town,Lahore
PROP000126,عائشہ Shaykh,54914-7865099-9,Hamza Shaykh,1964-06-28,5384449,"H-00294, Gulberg, Lahore",Gulberg,Lahore
PROP000127,Muhammad قریشی,12348-1069186-3,حسن قریشی,,10274177,"H-00297, Madina Town, Faisalabad",Madina Town,Faisalabad
PROP000128,Mohammed علی Malick,48119-8649174-8,Faysal Malik,1988-06-14,9264660,"H-00298, Gulshan-e-Iqbal, Karachi",Gulshan-e-Iqbal,Karachi
PROP000129,احمد قریشی,93928-5291430-8,فیصل Quraishi,1958-10-02,11147632,"H-00300, Malir, Karachi",Malir,Karachi
PROP000130,Mohammad احمد Quraishi,93928-5291430-8,Faisal قریشی,1958-10-02,17290805,"H-00300, Malir, Karachi",Malir,Karachi
PROP000131,Muhammad Hamza Qureshi,11671-2493219-1,Faysal Quraishi,1997-08-05,23717174,"H-00304, DHA, Lahore",DHA,Lahore
PROP000132,Ahmed Bhatti,48800-5431282-7,Mohammad بٹ,1961-03-28,3652254,"H-00305, Johar Town, Lahore",Johar Town,Lahore
PROP000133,عمران Moghul,97797-6675742-8,عمران Mughal,1999-12-20,10628691,"H-00310, Madina Town, Faisalabad",Madina Town,Faisalabad
PROP000134,زینب Choudhary,16599-9504862-3,Mohammad Imran چوہدری,1996-07-13,6789040,"H-00312, G-10, Islamabad",G-10,Islamabad
PROP000135,Hassan Awan,91232-8937865-5,Hamzah اعوان,1962-02-25,9003617,"H-00315, Bahria Town, Islamabad",Bahria Town,Islamabad
PROP000136,Sana Shaykh,26827-2737347-6,Muhammed Faysal Sheikh,1993-06-17,56099843,"H-00319, Madina Town, Faisalabad",Madina Town,Faisalabad
PROP000137,ثناء Shaykh,26827-2737347-6,Mohammad فیصل Shaykh,1993-06-17,69820370,"H-00319, Madina Town, Faisalabad",Madina Town,Faisalabad
PROP000138,حسین Sayyid,69355-3237608-2,بلال Sayed,1993-12-24,2000000,"H-00320, G-10, Islamabad",G-10,Islamabad
PROP000139,Ayesha Moghul,94819-7524435-3,Imran Mughal,1999-05-23,12248278,"H-00324, Madina Town, Faisalabad",Madina Town,Faisalabad
PROP000140,Mohammed Faisal Raja,35362-5935483-7,علی Raja,1998-02-06,21417533,"H-00326, Madina Town, Faisalabad",Madina Town,Faisalabad
PROP000141,Faisal راجہ,35362-5935483-7,Ali راجہ,1998-02-06,13742016,"H-00326, Madina Town, Faisalabad",Madina Town,Faisalabad
PROP000142,Mohammed بلال خان,82954-5433204-2,Ali خان,1992-05-01,9928499,"H-00327, Chaklala, Rawalpindi",Chaklala,Rawalpindi
PROP000143,Ali Raja,30889-7978168-8,Imran راجہ,1980-02-12,2000000,"H-00329, North Nazimabad, Karachi",North Nazimabad,Karachi
PROP000144,Mohammed Imran Raja,37627-4576485-6,احمد راجہ,1968-09-27,14891482,"H-00333, DHA, Karachi",DHA,Karachi
PROP000145,حرا Malick,70191-6565260-0,Muhammed Ahmed ملک,1959-01-06,11798129,"H-00334, DHA, Lahore",DHA,Lahore
PROP000146,حرا Malick,70191-6565260-0,Ahmed ملک,1959-01-06,12995643,"H-00334, DHA, Lahore",DHA,Lahore
PROP000147,Faysal Khan,75907-2780658-4,Hussein Khan,1993-02-10,57724052,"H-00336, Gulshan-e-Iqbal, Karachi",Gulshan-e-Iqbal,Karachi
PROP000148,Faisal خان,75907-2780658-4,,1993-02-10,43070075,"H-00336, Gulshan-e-Iqbal, Karachi",Gulshan-e-Iqbal,Karachi
PROP000149,Faisal Khan,75907-2780658-4,Husain Khan,1993-02-10,28404623,"H-00336, Gulshan-e-Iqbal, Karachi",Gulshan-e-Iqbal,Karachi
PROP000150,حسین Ch.,64087-9599207-2,Muhammad علی Ch.,,13652863,"H-00339, F-8, Islamabad",F-8,Islamabad
PROP000151,حسین Ch.,,علی Choudhary,1966-04-20,14082732,"H-00339, F-8, Islamabad",F-8,Islamabad
PROP000152,Husain Choudhary,64087-2599207-2,Ali Ch.,1966-04-20,18631303,"H-00339, F-8, Islamabad",F-8,Islamabad
PROP000153,زینب Qureshi,23113-5783807-9,Ahmed قریشی,1967-06-16,2000000,"H-00341, Gulberg, Lahore",Gulberg,Lahore
PROP000154,فیصل Shaikh,,علی Shaikh,,9538836,"H-00342, Jaranwala Road, Faisalabad",Jaranwala Road,Faisalabad
PROP000155,Faisal Shaykh,,علی شیخ,,20665560,"H-00342, Jaranwala Road, Faisalabad",Jaranwala Road,Faisalabad
PROP000156,فیصل Shaikh,57774-6307189-6,,1955-06-08,13705497,"H-00342, Jaranwala Road, Faisalabad",Jaranwala Road,Faisalabad
PROP000157,Mohammed Raja,,Osman Raja,1980-04-25,2000000,"H-00345, Bahria Town, Islamabad",Bahria Town,Islamabad
PROP000158,عمران Shaikh,33480-3452813-7,Muhammed Othman Shaikh,1957-04-25,3631885,"H-00347, Bahria Town, Rawalpindi",Bahria Town,Rawalpindi
PROP000159,Muhammed عمران Sayyid,73813-9088465-9,Mohammed Sayed,1987-03-15,2000000,"H-00350, G-10, Islamabad",G-10,Islamabad
PROP000160,فیصل شیخ,41938-1723841-2,Faysal شیخ,1992-03-05,2000000,"H-00352, Saddar, Rawalpindi",Saddar,Rawalpindi
PROP000161,Faysal راجہ,,Faisal Raja,1988-02-17,19894628,"H-00359, Chaklala, Rawalpindi",Chaklala,Rawalpindi
PROP000162,Mohammed Faisal Raja,34775-1091762-0,,,13552506,"H-00359, Chaklala, Rawalpindi",Chaklala,Rawalpindi
PROP000163,حسن Khan,77608-4886793-9,Ali Khan,1998-01-12,2000000,"H-00365, Jaranwala Road, Faisalabad",Jaranwala Road,Faisalabad
PROP000164,Mohammed Ahmad Bhatti,97773-7629401-6,Muhammad فیصل بٹ,1967-09-01,15546366,"H-00366, Chaklala, Rawalpindi",Chaklala,Rawalpindi
PROP000165,Ahmed راجہ,86406-6840069-5,Muhammad Husain راجہ,1969-10-07,2000000,"H-00367, Bahria Town, Islamabad",Bahria Town,Islamabad
PROP000166,Hamzah Sayyid,41886-6698531-7,Hamza سید,1992-01-16,33183703,"H-00369, Peoples Colony, Faisalabad",Peoples Colony,Faisalabad
PROP000167,Ahmed Raja,,Faisal راجہ,1972-03-24,2000000,"H-00371, Johar Town, Lahore",Johar Town,Lahore
PROP000168,Othman Sayyid,33578-3200150-5,Hassan سید,1961-12-09,50556385,"H-00377, E-11, Islamabad",E-11,Islamabad
PROP000169,Usman Sayyid,33578-3200150-9,Hasan Sayyid,1961-12-09,49967417,"H-00377, E-11, Islamabad",E-11,Islamabad
PROP000170,Fatima شیخ,11276-3962978-6,Hamza Shaykh,1963-11-17,31989251,"H-00378, Johar Town, Lahore",Johar Town,Lahore
PROP000171,فیصل Syed,57600-9739850-7,Mohammad بلال Sayed,1965-03-28,6393946,"H-00383, E-11, Islamabad",E-11,Islamabad
PROP000172,احمد بٹ,21050-7540534-4,Hasan Bhatti,1970-12-10,7160136,"H-00385, Madina Town, Faisalabad",Madina Town,Faisalabad
PROP000173,فیصل Mughal,78610-9955411-4,Usman Mughal,1985-09-08,11370476,"H-00387, Satellite Town, Rawalpindi",Satellite Town,Rawalpindi
PROP000174,Fatimah Moghul,,Mohammed حسین Mughal,1993-09-06,13653484,"H-00401, Cantt, Lahore",Cantt,Lahore
PROP000175,Ahmad راجہ,78690-9347489-8,Ali Raja,1994-05-11,3454895,"H-00403, Bahria Town, Rawalpindi",Bahria Town,Rawalpindi
PROP000176,Hamza ملک,57307-7978536-5,محمد Malick,1994-05-17,2000000,"H-00406, Saddar, Rawalpindi",Saddar,Rawalpindi
PROP000177,Faisal Chaudhary,38039-7292514-8,حسین Chaudhry,1978-08-15,36745893,"H-00410, Jaranwala Road, Faisalabad",Jaranwala Road,Faisalabad
PROP000178,Ahmad خان,29356-5826554-0,Othman خان,1999-02-10,2084350,"H-00421, Cantt, Lahore",Cantt,Lahore
PROP000179,بلال Mughal,43483-3857489-6,Husain Moghul,1967-12-20,2808299,"H-00423, Madina Town, Faisalabad",Madina Town,Faisalabad
PROP000180,احمد Sayed,24141-1320081-4,Bilal Syed,1969-07-17,37118937,"H-00424, G-10, Islamabad",G-10,Islamabad
PROP000181,احمد Sayed,24141-1420081-4,بلال Sayyid,1969-07-17,31556001,"H-00424, G-10, Islamabad",G-10,Islamabad
PROP000182,Mohammad بٹ,82737-5700872-3,,,15983439,"H-00427, Saddar, Rawalpindi",Saddar,Rawalpindi
PROP000183,بلال Ch.,65897-6240913-9,عثمان Ch.,1983-09-05,5322880,"H-00428, Madina Town, Faisalabad",Madina Town,Faisalabad
PROP000184,Muhammad علی Butt,66369-3435253-9,علی Bhatti,1975-02-18,14253450,"H-00429, Madina Town, Faisalabad",Madina Town,Faisalabad
PROP000185,علی Choudhary,34215-1439533-9,Faysal Choudhary,1972-10-19,25642143,"H-00431, Clifton, Karachi",Clifton,Karachi
PROP000186,Mohammad عمران Sayed,16461-4185160-4,,1980-05-25,8836891,"H-00436, Jaranwala Road, Faisalabad",Jaranwala Road,Faisalabad
PROP000187,احمد ملک,93109-7089179-1,عمران Malik,2000-07-24,9294650,"H-00439, Malir, Karachi",Malir,Karachi
PROP000188,عمران Bhatti,83079-4483580-0,علی بٹ,1964-01-21,22760819,"H-00443, Jaranwala Road, Faisalabad",Jaranwala Road,Faisalabad
PROP000189,فیصل مغل,21495-1822609-1,بلال Moghul,1966-03-22,2725623,"H-00444, G-10, Islamabad",G-10,Islamabad
PROP000190,Faisal Raja,89269-5818203-6,Faisal راجہ,,3762794,"H-00447, Malir, Karachi",Malir,Karachi
PROP000191,احمد Sheikh,54453-7295495-8,,1991-10-13,23432407,"H-00453, F-7, Islamabad",F-7,Islamabad
PROP000192,احمد Butt,80854-8443172-0,Ali Bhatti,1956-08-22,2543560,"H-00460, Peoples Colony, Faisalabad",Peoples Colony,Faisalabad
PROP000193,Hamza Moghul,71377-2631802-7,,1998-11-23,68873449,"H-00462, DHA, Lahore",DHA,Lahore
PROP000194,Mohammad Hamzah مغل,71377-2631802-7,حسین مغل,1998-11-23,48786579,"H-00462, DHA, Lahore",DHA,Lahore
PROP000195,حمزہ Mughal,71377-2631802-7,Hussain Moghul,1998-11-23,57126066,"H-00462, DHA, Lahore",DHA,Lahore
PROP000196,Mohammed حسن Mughal,84345-6741177-8,,1966-11-22,9355805,"H-00466, Satellite Town, Rawalpindi",Satellite Town,Rawalpindi
PROP000197,Zainab Awan,38522-3330636-9,Muhammad Awan,2003-03-22,13748999,"H-00468, DHA, Karachi",DHA,Karachi
PROP000198,علی اعوان,21097-3302174-6,Muhammed حمزہ اعوان,1999-10-14,6638920,"H-00473, Bahria Town, Rawalpindi",Bahria Town,Rawalpindi
PROP000199,Sana Sayed,,Mohammed علی Syed,1982-10-01,7845907,"H-00474, Peoples Colony, Faisalabad",Peoples Colony,Faisalabad
PROP000200,Mohammad عمران Moghul,16917-6763748-8,Muhammed مغل,,2949969,"H-00477, Bahria Town, Islamabad",Bahria Town,Islamabad
PROP000201,Bilal Qureshi,31955-1592675-9,,2001-10-09,5620511,"H-00478, G-10, Islamabad",G-10,Islamabad
PROP000202,فیصل خان,13578-5811968-7,Mohammed Ahmad Khan,1963-09-03,9755720,"H-00479, Bahria Town, Islamabad",Bahria Town,Islamabad
PROP000203,Faysal خان,13578-5811968-7,Ahmad Khan,1963-09-03,9930610,"H-00479, Bahria Town, Islamabad",Bahria Town,Islamabad
PROP000204,فیصل بٹ,11861-2871488-9,علی Bhatti,1992-12-05,5302647,"H-00480, G-10, Islamabad",G-10,Islamabad
PROP000205,Ali بٹ,33699-9848116-0,Osman بٹ,1960-03-20,26131408,"H-00481, Johar Town, Lahore",Johar Town,Lahore
PROP000206,علی Bhatti,33699-9848116-0,Othman Bhatti,1960-03-20,15793621,"H-00481, Johar Town, Lahore",Johar Town,Lahore
PROP000207,Ahmad Raja,90017-5573311-5,حسین راجہ,1972-02-09,4347879,"H-00485, E-11, Islamabad",E-11,Islamabad
PROP000208,Maryam Ch.,78151-6660743-2,Osman Ch.,1990-01-22,26285396,"H-00486, Madina Town, Faisalabad",Madina Town,Faisalabad
PROP000209,Aysha راجہ,56073-4681195-4,Hussain راجہ,1967-01-01,3185391,"H-00487, Malir, Karachi",Malir,Karachi
PROP000210,Ahmad شیخ,71204-2270273-7,Hussain Shaykh,1982-12-22,2000000,"H-00489, G-10, Islamabad",G-10,Islamabad
PROP000211,Ahmad Butt,60933-6581000-0,,1971-03-15,5585237,"H-00490, Malir, Karachi",Malir,Karachi
PROP000212,Ahmed Khan,84887-5204309-7,Mohammed خان,1986-03-21,6966302,"H-00492, DHA, Karachi",DHA,Karachi
PROP000213,Hamza Syed,94332-6162867-7,عمران سید,1983-01-02,2998865,"H-00497, North Nazimabad, Karachi",North Nazimabad,Karachi
PROP000214,Muhammed Ahmad Awan,,Bilal Awan,1976-12-22,9654843,"H-00500, Jaranwala Road, Faisalabad",Jaranwala Road,Faisalabad
PROP000215,Ahmad Awan,38910-2058811-3,بلال Awan,1976-12-22,9371158,"H-00500, Jaranwala Road, Faisalabad",Jaranwala Road,Faisalabad
PROP000216,Mohammed فیصل شیخ,02207-6053293-5,بلال Sheikh,1955-09-08,14748063,"H-00504, Saddar, Rawalpindi",Saddar,Rawalpindi
PROP000217,Muhammad Faisal شیخ,92207-6053293-5,Bilal Shaikh,1955-09-08,14400036,"H-00504, Saddar, Rawalpindi",Saddar,Rawalpindi
PROP000218,Faysal Qureshi,36740-8788252-3,Hussein قریشی,1958-04-04,17539888,"H-00505, Jaranwala Road, Faisalabad",Jaranwala Road,Faisalabad
PROP000219,Ayesha Malick,33053-3651565-0,Hamzah ملک,1987-02-03,111426783,"H-00507, North Nazimabad, Karachi",North Nazimabad,Karachi
PROP000220,Ayisha Malik,33053-3651565-0,Hamzah Malik,1987-02-03,96620486,"H-00507, North Nazimabad, Karachi",North Nazimabad,Karachi
PROP000221,Aisha ملک,33053-3651565-0,Mohammed Hamza Malick,1987-02-03,96672400,"H-00507, North Nazimabad, Karachi",North Nazimabad,Karachi
PROP000222,Muhammed Hasan Qureshi,76003-8095573-4,محمد Qureshi,1959-06-12,4361297,"H-00519, G-10, Islamabad",G-10,Islamabad
PROP000223,Mohammad Hamzah راجہ,69241-7176462-1,Hassan راجہ,1984-02-03,4878696,"H-00520, Peoples Colony, Faisalabad",Peoples Colony,Faisalabad
PROP000224,Mohammad حمزہ Quraishi,94500-1360413-4,Hassan Qureshi,1959-01-28,4585791,"H-00522, Satellite Town, Rawalpindi",Satellite Town,Rawalpindi
PROP000225,Zaynab قریشی,83726-1581986-5,,1964-06-15,11745021,"H-00526, Gulberg, Lahore",Gulberg,Lahore
PROP000226,Muhammed Imran Bhatti,63026-9378825-2,,1975-03-01,28711213,"H-00527, DHA, Karachi",DHA,Karachi
PROP000227,Ali راجہ,13250-7738231-2,Hasan راجہ,1983-06-03,9047776,"H-00529, Gulshan-e-Iqbal, Karachi",Gulshan-e-Iqbal,Karachi
PROP000228,Fatema اعوان,89308-9582482-0,عثمان Awan,1980-03-23,136545285,"H-00531, Bahria Town, Islamabad",Bahria Town,Islamabad
PROP000229,Fatema Awan,89308-9582482-0,Osman اعوان,1980-03-23,77668146,"H-00531, Bahria Town, Islamabad",Bahria Town,Islamabad
PROP000230,Fatima Awan,89308-9582482-0,,1980-03-23,87534685,"H-00531, Bahria Town, Islamabad",Bahria Town,Islamabad
PROP000231,Mohammed احمد Moghul,,Bilal مغل,,135722990,"H-00534, Saddar, Rawalpindi",Saddar,Rawalpindi
PROP000232,Ahmed مغل,10867-4869609-4,Bilal Mughal,1966-09-15,163807413,"H-00534, Saddar, Rawalpindi",Saddar,Rawalpindi
PROP000233,Muhammad Ahmed Moghul,10867-7869609-4,بلال مغل,,106464475,"H-00534, Saddar, Rawalpindi",Saddar,Rawalpindi
PROP000234,عثمان Raja,44018-3732123-9,Muhammad راجہ,,35875098,"H-00538, Madina Town, Faisalabad",Madina Town,Faisalabad
PROP000235,Muhammad Osman راجہ,44018-3732123-9,,1964-06-15,60339511,"H-00538, Madina Town, Faisalabad",Madina Town,Faisalabad
PROP000236,Osman Raja,44018-3732123-9,Muhammad راجہ,1964-06-15,64477963,"H-00538, Madina Town, Faisalabad",Madina Town,Faisalabad
PROP000237,Mohammad بٹ,93394-6972425-0,Muhammad حسین بٹ,1973-09-21,12564027,"H-00539, E-11, Islamabad",E-11,Islamabad
PROP000238,Mohammad Butt,93394-6972425-0,حسین Bhatti,1973-09-21,11513125,"H-00539, E-11, Islamabad",E-11,Islamabad
PROP000239,علی Khan,46885-7258139-7,بلال Khan,1976-03-04,29780036,"H-00541, Cantt, Lahore",Cantt,Lahore
PROP000240,Hassan Shaykh,50295-3102926-3,علی Shaikh,1960-07-23,5306724,"H-00544, Gulberg, Lahore",Gulberg,Lahore
PROP000241,عمران Choudhary,,Hasan Chaudhry,1987-12-16,10284442,"H-00548, Model Town, Lahore",Model Town,Lahore
PROP000242,Mohammad Imran Chaudhary,,Muhammed Hasan چوہدری,1987-12-16,11529753,"H-00548, Model Town, Lahore",Model Town,Lahore
PROP000243,Ali ملک,54385-4359863-9,بلال Malik,1962-04-27,2000000,"H-00553, F-8, Islamabad",F-8,Islamabad
PROP000244,Muhammad Bilal Qureshi,73508-9580111-4,علی Qureshi,1984-02-04,2000000,"H-00554, Satellite Town, Rawalpindi",Satellite Town,Rawalpindi
PROP000245,Mohammad سید,68997-6277427-6,Muhammad Hamzah Syed,1984-01-02,4136540,"H-00557, Malir, Karachi",Malir,Karachi
PROP000246,Ali Awan,50954-7527607-7,احمد Awan,1991-11-16,7804517,"H-00558, Bahria Town, Rawalpindi",Bahria Town,Rawalpindi
PROP000247,Othman خان,15913-3150806-5,Osman Khan,2002-10-01,44795975,"H-00560, North Nazimabad, Karachi",North Nazimabad,Karachi
PROP000248,Othman Khan,,عثمان Khan,2002-10-01,43028914,"H-00560, North Nazimabad, Karachi",North Nazimabad,Karachi
PROP000249,Osman Khan,15913-3150806-5,Usman Khan,2002-10-01,24776351,"H-00560, North Nazimabad, Karachi",North Nazimabad,Karachi
PROP000250,Ayisha سید,63992-6893320-0,حسن Sayyid,1970-04-21,18514262,"H-00561, G-10, Islamabad",G-10,Islamabad
PROP000251,Othman اعوان,54504-3775540-9,Hussein اعوان,1978-07-07,3084787,"H-00564, Jaranwala Road, Faisalabad",Jaranwala Road,Faisalabad
PROP000252,عمران Chaudhry,16230-5988206-9,بلال Ch.,1969-10-24,20671669,"H-00565, G-10, Islamabad",G-10,Islamabad
PROP000253,عمران چوہدری,,بلال Choudhary,1969-10-24,19820444,"H-00565, G-10, Islamabad",G-10,Islamabad
PROP000254,Muhammed Imran شیخ,,Mohammed عمران Sheikh,1994-07-19,6884448,"H-00568, Peoples Colony, Faisalabad",Peoples Colony,Faisalabad
PROP000255,Imran چوہدری,29365-5032805-2,Hussain Choudhary,1982-07-11,21374144,"H-00569, E-11, Islamabad",E-11,Islamabad
PROP000256,Muhammed Imran Choudhary,29365-5032805-2,حسین Chaudhry,1982-07-11,17157037,"H-00569, E-11, Islamabad",E-11,Islamabad
PROP000257,Mariam بٹ,74272-9950140-5,Muhammed Ahmed بٹ,1975-09-14,26894820,"H-00575, Madina Town, Faisalabad",Madina Town,Faisalabad
PROP000258,Mariam Bhatti,74272-9950140-5,احمد Bhatti,1975-09-14,29314091,"H-00575, Madina Town, Faisalabad",Madina Town,Faisalabad
PROP000259,Mariam Bhatti,74272-9950140-5,,1975-09-14,31268928,"H-00575, Madina Town, Faisalabad",Madina Town,Faisalabad
PROP000260,Faysal قریشی,21062-7954096-5,Muhammad Ali Qureshi,1980-07-27,48667037,"H-00582, F-8, Islamabad",F-8,Islamabad
PROP000261,Faysal Qureshi,21062-7954096-5,علی قریشی,1980-07-27,55507417,"H-00582, F-8, Islamabad",F-8,Islamabad
PROP000262,Faisal Qureshi,21062-7954096-5,علی Quraishi,1980-07-27,46960352,"H-00582, F-8, Islamabad",F-8,Islamabad
PROP000263,Othman Syed,65481-5298752-1,Ahmed Sayyid,1990-01-02,5124900,"H-00587, Johar Town, Lahore",Johar Town,Lahore
PROP000264,حرا Butt,10760-6526866-0,Muhammed Faisal بٹ,1983-06-24,37153418,"H-00596, Jaranwala Road, Faisalabad",Jaranwala Road,Faisalabad
PROP000265,Hira Bhatti,10760-6526866-0,Faysal Butt,1983-06-24,32742752,"H-00596, Jaranwala Road, Faisalabad",Jaranwala Road,Faisalabad
PROP000266,حرا Bhatti,10760-6526866-0,,1983-06-24,37538861,"H-00596, Jaranwala Road, Faisalabad",Jaranwala Road,Faisalabad
PROP000267,Mohammad Hassan خان,17279-2186553-8,فیصل Khan,1979-02-13,15700151,"H-00597, G-10, Islamabad",G-10,Islamabad
PROP000268,Muhammed حسن خان,17279-2186553-8,Muhammad Faysal Khan,1979-02-13,22232309,"H-00597, G-10, Islamabad",G-10,Islamabad
PROP000269,حسن Khan,17279-2186553-8,فیصل Khan,1979-02-13,17403977,"H-00597, G-10, Islamabad",G-10,Islamabad
PROP000270,فیصل Shaikh,58163-9600893-3,حمزہ شیخ,1983-07-16,65892380,"H-00599, F-7, Islamabad",F-7,Islamabad
PROP000271,فیصل Shaykh,58163-9600893-3,Hamzah Sheikh,1983-07-16,26965740,"H-00599, F-7, Islamabad",F-7,Islamabad
PROP000272,حسن Raja,84519-1800747-8,,1957-09-04,9946197,"H-00602, Chaklala, Rawalpindi",Chaklala,Rawalpindi
PROP000273,حسن Raja,84519-1800747-8,احمد راجہ,1957-09-04,8925902,"H-00602, Chaklala, Rawalpindi",Chaklala,Rawalpindi
PROP000274,حرا Moghul,43405-2371865-8,محمد مغل,1962-12-22,7473777,"H-00603, G-10, Islamabad",G-10,Islamabad
PROP000275,عائشہ ملک,51149-8633602-7,Mohammad Faysal ملک,1971-06-28,22546024,"H-00604, Chaklala, Rawalpindi",Chaklala,Rawalpindi
PROP000276,Mohammed Faysal بٹ,80041-1300567-0,Muhammed Bilal بٹ,1962-01-06,5246326,"H-00605, Malir, Karachi",Malir,Karachi
PROP000277,حرا Syed,73795-6080140-9,Muhammad Faisal Syed,1978-12-22,14631009,"H-00606, Jaranwala Road, Faisalabad",Jaranwala Road,Faisalabad
PROP000278,Ahmad Shaikh,35008-2877580-0,Muhammed Hassan Shaykh,1956-04-16,5888268,"H-00607, DHA, Lahore",DHA,Lahore
PROP000279,فاطمہ Sheikh,89396-9257506-1,بلال Shaykh,,24816921,"H-00614, Gulberg, Lahore",Gulberg,Lahore
PROP000280,Imran Chaudhry,54606-6959954-0,Imran Chaudhry,1972-03-28,17704695,"H-00616, Chaklala, Rawalpindi",Chaklala,Rawalpindi
PROP000281,عثمان Shaikh,76308-9361613-1,Ali شیخ,1996-06-11,17198849,"H-00618, E-11, Islamabad",E-11,Islamabad
PROP000282,Fatima Butt,80442-6511860-6,Ali بٹ,1988-09-10,35369865,"H-00624, DHA, Karachi",DHA,Karachi
PROP000283,Husain Raja,16256-3092954-7,Muhammad Husain Raja,1991-12-01,49223731,"H-00626, F-7, Islamabad",F-7,Islamabad
PROP000284,حسین Raja,16256-3092954-2,حسین Raja,1991-12-01,59015777,"H-00626, F-7, Islamabad",F-7,Islamabad
PROP000285,Ahmed Moghul,25842-7200623-9,,1957-09-05,46638275,"H-00631, Saddar, Rawalpindi",Saddar,Rawalpindi
PROP000286,Mohammed Ahmed مغل,25842-7200623-9,Muhammed Hussein مغل,1957-09-05,33706986,"H-00631, Saddar, Rawalpindi",Saddar,Rawalpindi
PROP000287,احمد Mughal,25842-7200623-9,Muhammad Hussain مغل,1957-09-05,46097736,"H-00631, Saddar, Rawalpindi",Saddar,Rawalpindi
PROP000288,Aisha Malick,18855-1749647-6,Hamzah ملک,1991-05-19,60693050,"H-00633, Peoples Colony, Faisalabad",Peoples Colony,Faisalabad
PROP000289,مریم Chaudhry,80909-1768727-7,Hussein Chaudhary,1996-02-28,17583310,"H-00635, Chaklala, Rawalpindi",Chaklala,Rawalpindi
PROP000290,Muhammed بٹ,85963-8452933-1,Mohammed Imran بٹ,1993-06-13,26169391,"H-00637, Gulberg, Lahore",Gulberg,Lahore
PROP000291,Aisha Qureshi,64986-1403608-8,Usman Qureshi,1979-05-03,2000000,"H-00638, Bahria Town, Rawalpindi",Bahria Town,Rawalpindi
PROP000292,Muhammad Ch.,86812-4967662-7,Muhammad عمران Chaudhary,2003-09-13,10640423,"H-00641, Cantt, Lahore",Cantt,Lahore
PROP000293,Zainab مغل,56061-4569422-9,عمران Mughal,1973-01-06,42532672,"H-00645, E-11, Islamabad",E-11,Islamabad
PROP000294,Imran Khan,56267-7314548-9,عثمان Khan,1979-03-27,20760309,"H-00649, Saddar, Rawalpindi",Saddar,Rawalpindi
PROP000295,Imran Khan,56267-7314548-9,Usman خان,1979-03-27,27323111,"H-00649, Saddar, Rawalpindi",Saddar,Rawalpindi
PROP000296,Ahmad اعوان,68271-1157090-3,Muhammed اعوان,2003-05-22,14100734,"H-00650, F-8, Islamabad",F-8,Islamabad
PROP000297,Mohammed Awan,87664-6608665-4,,1961-08-08,16512601,"H-00657, Saddar, Rawalpindi",Saddar,Rawalpindi
PROP000298,Mohammad Awan,87664-6608665-4,Hasan Awan,1961-08-08,14630932,"H-00657, Saddar, Rawalpindi",Saddar,Rawalpindi
PROP000299,Mohammad فیصل Ch.,93540-9537891-4,,1981-08-24,12636875,"H-00662, Madina Town, Faisalabad",Madina Town,Faisalabad
PROP000300,Hamzah Ch.,40182-8827187-9,حسن Ch.,1970-08-24,26380871,"H-00667, Clifton, Karachi",Clifton,Karachi
PROP000301,Hamzah Raja,52182-7272644-8,Hamza راجہ,2000-08-16,19277240,"H-00674, Bahria Town, Rawalpindi",Bahria Town,Rawalpindi
PROP000302,Hamzah راجہ,52182-7272644-8,Hamzah راجہ,2000-08-16,21879440,"H-00674, Bahria Town, Rawalpindi",Bahria Town,Rawalpindi
PROP000303,عثمان ملک,,حسن Malick,1961-02-03,3298107,"H-00678, Bahria Town, Islamabad",Bahria Town,Islamabad
PROP000304,عثمان ملک,77212-2311290-4,Hassan Malik,1961-02-03,4852254,"H-00678, Bahria Town, Islamabad",Bahria Town,Islamabad
PROP000305,Mohammed Hasan قریشی,99592-5604751-3,فیصل Qureshi,1963-12-24,6527798,"H-00679, G-10, Islamabad",G-10,Islamabad
PROP000306,Hasan Qureshi,99592-5604751-3,Muhammed Faysal Qureshi,1963-12-24,8348447,"H-00679, G-10, Islamabad",G-10,Islamabad
PROP000307,عثمان Chaudhry,37470-8359842-7,,,16774759,"H-00682, Satellite Town, Rawalpindi",Satellite Town,Rawalpindi
PROP000308,Fatema ملک,64842-9023722-1,بلال Malick,1968-03-28,5207431,"H-00688, Cantt, Lahore",Cantt,Lahore
PROP000309,Sana چوہدری,84609-9236918-7,حمزہ Chaudhry,1991-01-24,6234282,"H-00690, Peoples Colony, Faisalabad",Peoples Colony,Faisalabad
PROP000310,زینب بٹ,64401-5119788-2,Faysal Butt,2001-07-15,52174397,"H-00691, Bahria Town, Rawalpindi",Bahria Town,Rawalpindi
PROP000311,Zainab Butt,69401-5179788-2,فیصل Bhatti,2001-07-15,59648884,"H-00691, Bahria Town, Rawalpindi",Bahria Town,Rawalpindi
PROP000312,Zaynab بٹ,64401-5179788-2,Mohammed فیصل Bhatti,2001-07-15,59094237,"H-00691, Bahria Town, Rawalpindi",Bahria Town,Rawalpindi
PROP000313,فیصل Sayyid,34057-8421584-0,Ahmad Syed,1986-02-07,2000000,"H-00707, Peoples Colony, Faisalabad",Peoples Colony,Faisalabad
PROP000314,Hassan Sayed,42632-6085186-4,Faisal Sayed,1983-11-07,15393083,"H-00709, Cantt, Lahore",Cantt,Lahore
PROP000315,Mohammad حسن سید,42632-6085186-4,Faysal Sayyid,1983-11-07,16506993,"H-00709, Cantt, Lahore",Cantt,Lahore
PROP000316,Muhammad Osman Syed,71697-8405061-6,Muhammed عمران Sayyid,1994-12-14,16749976,"H-00710, Bahria Town, Rawalpindi",Bahria Town,Rawalpindi
PROP000317,Maryam Syed,60336-9213304-4,Faysal Sayed,1959-07-02,56805333,"H-00713, Chaklala, Rawalpindi",Chaklala,Rawalpindi
PROP000318,Muhammed حسن اعوان,,Mohammad Hassan Awan,1966-04-02,6537667,"H-00719, Cantt, Lahore",Cantt,Lahore
PROP000319,حمزہ اعوان,18002-5464094-0,فیصل اعوان,,2000000,"H-00721, DHA, Karachi",DHA,Karachi
PROP000320,Mohammed Osman Chaudhry,59602-1960353-5,Mohammed Osman Choudhary,1961-01-15,11493482,"H-00723, E-11, Islamabad",E-11,Islamabad
PROP000321,Mohammad Mughal,46630-5169769-5,Hamza Moghul,1994-11-22,3136305,"H-00724, North Nazimabad, Karachi",North Nazimabad,Karachi
PROP000322,Muhammad قریشی,,حسن Quraishi,1993-08-13,8457050,"H-00725, Gulshan-e-Iqbal, Karachi",Gulshan-e-Iqbal,Karachi
PROP000323,Maryam قریشی,78124-4726916-1,بلال Quraishi,1955-09-28,16993123,"H-00732, F-8, Islamabad",F-8,Islamabad
PROP000324,Hasan Awan,88834-5754542-2,Mohammed Awan,1993-06-10,36602827,"H-00733, Bahria Town, Rawalpindi",Bahria Town,Rawalpindi
PROP000325,Hassan Awan,,Mohammed اعوان,1993-06-10,21312993,"H-00733, Bahria Town, Rawalpindi",Bahria Town,Rawalpindi
PROP000326,محمد شیخ,09203-3670819-0,عمران Shaykh,1980-06-14,6097228,"H-00735, Satellite Town, Rawalpindi",Satellite Town,Rawalpindi
PROP000327,Faisal Shaykh,18322-4101936-6,Muhammad Sheikh,1980-09-27,2993924,"H-00742, Gulshan-e-Iqbal, Karachi",Gulshan-e-Iqbal,Karachi
PROP000328,Ayisha راجہ,95419-3081873-3,Muhammad Ahmed راجہ,1966-10-23,4099893,"H-00743, Jaranwala Road, Faisalabad",Jaranwala Road,Faisalabad
PROP000329,عمران Sheikh,42550-6043230-0,عمران Shaikh,,8905438,"H-00745, Saddar, Rawalpindi",Saddar,Rawalpindi
PROP000330,Ali Mughal,87566-7024113-4,,2001-10-14,3564875,"H-00747, Madina Town, Faisalabad",Madina Town,Faisalabad
PROP000331,حسن قریشی,94904-9580328-9,علی Quraishi,1981-03-11,9695521,"H-00749, Jaranwala Road, Faisalabad",Jaranwala Road,Faisalabad
PROP000332,Mohammed فیصل Chaudhary,26334-9916589-1,Mohammad عمران Choudhary,1981-02-11,13167338,"H-00750, Gulshan-e-Iqbal, Karachi",Gulshan-e-Iqbal,Karachi
PROP000333,Faisal چوہدری,22334-9916589-1,Mohammed عمران Choudhary,1981-02-11,11900616,"H-00750, Gulshan-e-Iqbal, Karachi",Gulshan-e-Iqbal,Karachi
PROP000334,Faisal Choudhary,26334-9916589-1,Imran Choudhary,1981-02-11,16260899,"H-00750, Gulshan-e-Iqbal, Karachi",Gulshan-e-Iqbal,Karachi
PROP000335,عثمان بٹ,45867-1165479-1,Bilal Butt,1969-07-04,12482852,"H-00751, Gulberg, Lahore",Gulberg,Lahore
PROP000336,عثمان Bhatti,45867-1165479-1,,1969-07-04,10205328,"H-00751, Gulberg, Lahore",Gulberg,Lahore
PROP000337,Mohammad Usman بٹ,45867-1165479-1,Muhammad بلال Bhatti,1969-07-04,14787295,"H-00751, Gulberg, Lahore",Gulberg,Lahore
PROP000338,Muhammed فیصل Awan,55731-5731119-8,Hussein Awan,1993-02-02,2000000,"H-00752, North Nazimabad, Karachi",North Nazimabad,Karachi
PROP000339,Faysal Awan,55731-5731119-8,Hussain Awan,1993-02-02,2000000,"H-00752, North Nazimabad, Karachi",North Nazimabad,Karachi
PROP000340,ثناء Bhatti,,Ahmed Butt,1974-07-25,11676274,"H-00755, E-11, Islamabad",E-11,Islamabad
PROP000341,Ahmad Chaudhary,85407-1963205-1,,1990-08-26,9148057,"H-00756, Clifton, Karachi",Clifton,Karachi
PROP000342,حرا راجہ,75248-9640458-8,Mohammad Ahmed Raja,1980-01-20,4095314,"H-00757, Johar Town, Lahore",Johar Town,Lahore
PROP000343,Mohammed علی ملک,77329-6927248-0,Bilal ملک,1986-07-06,2000000,"H-00759, F-8, Islamabad",F-8,Islamabad
PROP000344,علی Malick,77329-6927248-0,بلال Malick,,2415129,"H-00759, F-8, Islamabad",F-8,Islamabad
PROP000345,Imran Malick,73324-5924868-4,Hasan Malik,1955-12-21,25199436,"H-00760, G-10, Islamabad",G-10,Islamabad
PROP000346,Imran ملک,73324-5924868-4,Muhammad Hasan Malick,1955-12-21,20076711,"H-00760, G-10, Islamabad",G-10,Islamabad
PROP000347,Imran Malik,73324-5924868-4,حسن Malik,1955-12-21,25187515,"H-00760, G-10, Islamabad",G-10,Islamabad
PROP000348,Othman شیخ,11161-2700165-6,Muhammad Hamza Shaikh,1967-02-17,9387328,"H-00762, Chaklala, Rawalpindi",Chaklala,Rawalpindi
PROP000349,احمد اعوان,28333-6934735-6,Muhammed اعوان,1977-12-07,2000000,"H-00764, Bahria Town, Rawalpindi",Bahria Town,Rawalpindi
PROP000350,Ahmad Awan,28333-6934735-6,محمد Awan,1977-12-07,2000000,"H-00764, Bahria Town, Rawalpindi",Bahria Town,Rawalpindi
PROP000351,Muhammad Hassan Mughal,25789-3219555-6,Mohammad Mughal,1972-04-05,16280852,"H-00769, Gulberg, Lahore",Gulberg,Lahore
PROP000352,Mohammad حسن Mughal,,Mohammed Mughal,1972-04-05,17771716,"H-00769, Gulberg, Lahore",Gulberg,Lahore
PROP000353,Hassan مغل,,Mohammed Mughal,1972-04-05,17694377,"H-00769, Gulberg, Lahore",Gulberg,Lahore
PROP000354,Muhammed Syed,93009-4882711-3,Usman سید,,14646157,"H-00770, Chaklala, Rawalpindi",Chaklala,Rawalpindi
PROP000355,Hassan Bhatti,89498-2690500-6,علی Butt,,40387773,"H-00772, Chaklala, Rawalpindi",Chaklala,Rawalpindi
PROP000356,Ali Moghul,86881-4194945-3,حمزہ مغل,,42319631,"H-00774, DHA, Karachi",DHA,Karachi
PROP000357,حمزہ Ch.,30142-1734028-2,Hasan Choudhary,1981-09-23,20824038,"H-00775, Jaranwala Road, Faisalabad",Jaranwala Road,Faisalabad
PROP000358,Hamzah Chaudhary,30142-1735028-2,Hassan Choudhary,1981-09-23,33864897,"H-00775, Jaranwala Road, Faisalabad",Jaranwala Road,Faisalabad
PROP000359,Hussain Shaykh,89668-4151566-1,Ali Sheikh,1959-07-08,32989156,"H-00785, Johar Town, Lahore",Johar Town,Lahore
PROP000360,حسین شیخ,89668-4151566-1,,1959-07-08,28324098,"H-00785, Johar Town, Lahore",Johar Town,Lahore
PROP000361,Hussain Shaikh,99668-4151566-1,Mohammad Ali Shaikh,1959-07-08,29495082,"H-00785, Johar Town, Lahore",Johar Town,Lahore
PROP000362,عمران Malik,23476-5978445-1,Muhammed Imran ملک,1981-03-01,20759153,"H-00789, DHA, Karachi",DHA,Karachi
PROP000363,Imran ملک,23476-5978445-1,عمران Malik,1981-03-01,27293112,"H-00789, DHA, Karachi",DHA,Karachi
PROP000364,Sana مغل,40827-7068477-0,Mohammed Hasan مغل,1956-06-18,37835468,"H-00796, DHA, Lahore",DHA,Lahore
PROP000365,Sana Moghul,40827-7068477-0,Muhammad Hassan مغل,1956-06-18,24834550,"H-00796, DHA, Lahore",DHA,Lahore
PROP000366,Ahmad Shaikh,65667-7235826-0,احمد Shaykh,1997-10-03,4006103,"H-00798, Saddar, Rawalpindi",Saddar,Rawalpindi
PROP000367,Mohammed Shaykh,20353-5111186-1,Mohammad Shaikh,1991-07-05,8450476,"H-00799, F-8, Islamabad",F-8,Islamabad
PROP000368,Mohammed شیخ,20353-5111186-1,Muhammad Shaikh,,9758624,"H-00799, F-8, Islamabad",F-8,Islamabad
PROP000369,Muhammed Shaykh,20353-5111186-1,Mohammed Shaykh,1991-07-05,11324105,"H-00799, F-8, Islamabad",F-8,Islamabad
PROP000370,Imran Bhatti,54215-8448641-0,حسین بٹ,1962-03-02,16197826,"H-00800, Satellite Town, Rawalpindi",Satellite Town,Rawalpindi
PROP000371,فیصل قریشی,46989-3730666-8,,1959-04-20,2000000,"H-00804, Clifton, Karachi",Clifton,Karachi
PROP000372,Mohammad Ali Awan,40352-4617959-2,علی اعوان,1987-09-24,5865523,"H-00808, DHA, Karachi",DHA,Karachi
PROP000373,Mohammad Hamzah Quraishi,51110-7269362-1,Muhammed بلال Qureshi,1987-08-09,23255852,"H-00813, Jaranwala Road, Faisalabad",Jaranwala Road,Faisalabad
PROP000374,حمزہ قریشی,51110-7269362-1,Bilal قریشی,1987-08-09,19736225,"H-00813, Jaranwala Road, Faisalabad",Jaranwala Road,Faisalabad
PROP000375,حمزہ Qureshi,51110-7269362-1,بلال Quraishi,1987-08-09,31153922,"H-00813, Jaranwala Road, Faisalabad",Jaranwala Road,Faisalabad
PROP000376,Faisal خان,11041-3593123-1,حسین خان,1979-03-19,2000000,"H-00814, Cantt, Lahore",Cantt,Lahore
PROP000377,Muhammad Bhatti,26350-3374022-7,,1981-06-12,51830649,"H-00824, Bahria Town, Islamabad",Bahria Town,Islamabad
PROP000378,Mohammad Butt,26350-9374022-7,بلال Butt,1981-06-12,47716153,"H-00824, Bahria Town, Islamabad",Bahria Town,Islamabad
PROP000379,بلال Choudhary,14282-1260551-0,علی چوہدری,1978-09-27,23212492,"H-00829, Malir, Karachi",Malir,Karachi
PROP000380,Ali Raja,35276-1495854-8,Muhammad راجہ,1988-09-25,29694034,"H-00838, F-7, Islamabad",F-7,Islamabad
PROP000381,علی Raja,35276-1495854-8,محمد Raja,1988-09-25,36620222,"H-00838, F-7, Islamabad",F-7,Islamabad
PROP000382,Muhammad Ali Raja,35276-1495854-8,Mohammed Raja,1988-09-25,23948589,"H-00838, F-7, Islamabad",F-7,Islamabad
PROP000383,Mohammad حسن خان,38804-2399937-2,Husain خان,,13413753,"H-00839, F-8, Islamabad",F-8,Islamabad
PROP000384,بلال Bhatti,79109-4648430-1,عمران Butt,1972-12-20,14420948,"H-00845, Madina Town, Faisalabad",Madina Town,Faisalabad
PROP000385,حرا بٹ,55327-7716663-1,عمران Bhatti,1975-08-20,15266783,"H-00849, G-10, Islamabad",G-10,Islamabad
PROP000386,Maryam ملک,23466-1491374-3,محمد Malick,1955-03-04,2688439,"H-00850, Bahria Town, Islamabad",Bahria Town,Islamabad
PROP000387,Fatimah شیخ,58349-1082902-0,حسین شیخ,1957-02-02,16264845,"H-00851, Clifton, Karachi",Clifton,Karachi
PROP000388,Ahmad بٹ,56269-5066398-3,Mohammed Ahmed بٹ,1959-08-02,15812515,"H-00854, F-7, Islamabad",F-7,Islamabad
PROP000389,Marium Chaudhry,54623-4500758-9,,,17728771,"H-00855, Saddar, Rawalpindi",Saddar,Rawalpindi
PROP000390,ثناء Qureshi,45728-7203890-1,محمد Quraishi,1996-07-24,8574894,"H-00859, Malir, Karachi",Malir,Karachi
PROP000391,Bilal شیخ,79410-9281506-8,,1961-11-02,2597104,"H-00860, Peoples Colony, Faisalabad",Peoples Colony,Faisalabad
PROP000392,احمد شیخ,91542-8998677-4,Mohammed Hasan شیخ,1965-06-22,23347474,"H-00863, Jaranwala Road, Faisalabad",Jaranwala Road,Faisalabad
PROP000393,Ahmad Sheikh,91542-8998677-4,Hasan Shaikh,1965-06-22,16341345,"H-00863, Jaranwala Road, Faisalabad",Jaranwala Road,Faisalabad
PROP000394,حمزہ Mughal,42441-8928379-1,Muhammed مغل,1956-10-22,48334680,"H-00865, Malir, Karachi",Malir,Karachi
PROP000395,Mohammed عثمان Butt,97023-9126125-1,Hussain Bhatti,1998-09-24,2000000,"H-00867, Bahria Town, Islamabad",Bahria Town,Islamabad
PROP000396,Husain Chaudhary,,Ahmad Chaudhary,1982-08-19,18698319,"H-00870, North Nazimabad, Karachi",North Nazimabad,Karachi
PROP000397,محمد بٹ,47128-9422048-8,,1960-12-09,6674382,"H-00873, Model Town, Lahore",Model Town,Lahore
PROP000398,Mohammad Butt,,علی Butt,1960-12-09,5549796,"H-00873, Model Town, Lahore",Model Town,Lahore
PROP000399,ثناء Malick,14212-8938605-5,Hasan ملک,1998-11-13,7264265,"H-00874, F-8, Islamabad",F-8,Islamabad
PROP000400,Mohammad Hussain Bhatti,32715-8311783-5,Faisal Butt,1963-11-25,10060653,"H-00875, Peoples Colony, Faisalabad",Peoples Colony,Faisalabad
PROP000401,Muhammad Husain Bhatti,32715-8311783-5,Faysal Bhatti,,13418618,"H-00875, Peoples Colony, Faisalabad",Peoples Colony,Faisalabad
PROP000402,Hussain Bhatti,84273-8736886-8,Ali Butt,1979-07-04,9924135,"H-00876, Gulshan-e-Iqbal, Karachi",Gulshan-e-Iqbal,Karachi
PROP000403,Imran Qureshi,66055-8827453-6,Bilal Qureshi,1984-01-18,32096390,"H-00877, Chaklala, Rawalpindi",Chaklala,Rawalpindi
PROP000404,Imran Qureshi,66055-8827453-6,بلال Quraishi,1984-01-18,36932894,"H-00877, Chaklala, Rawalpindi",Chaklala,Rawalpindi
PROP000405,عمران اعوان,98562-3596701-4,,2001-01-26,4017346,"H-00881, Gulberg, Lahore",Gulberg,Lahore
PROP000406,Muhammed Ahmad خان,25864-9721175-1,Hassan Khan,,8505790,"H-00882, Cantt, Lahore",Cantt,Lahore
PROP000407,Muhammad Husain Awan,61043-1184878-9,Hussein اعوان,1957-11-21,5186738,"H-00886, North Nazimabad, Karachi",North Nazimabad,Karachi
PROP000408,Sana Malik,56119-6692359-7,Mohammad علی Malik,1972-11-10,20034088,"H-00888, Gulberg, Lahore",Gulberg,Lahore
PROP000409,Fatema Choudhary,75647-6907359-5,Faysal Ch.,1990-03-26,19885678,"H-00895, Peoples Colony, Faisalabad",Peoples Colony,Faisalabad
PROP000410,عائشہ مغل,77796-6003418-1,Ahmed Mughal,1986-04-02,3215434,"H-00896, Clifton, Karachi",Clifton,Karachi
PROP000411,Mohammad Bilal Moghul,24532-6901711-4,Muhammad Moghul,1957-06-14,4623878,"H-00898, North Nazimabad, Karachi",North Nazimabad,Karachi
PROP000412,Ali Choudhary,53202-2005698-3,حمزہ Chaudhry,1959-10-20,16625663,"H-00899, Jaranwala Road, Faisalabad",Jaranwala Road,Faisalabad
PROP000413,Mohammed Imran اعوان,59444-3101134-6,Bilal Awan,1990-03-04,13860773,"H-00902, Malir, Karachi",Malir,Karachi
PROP000414,Mohammed Hasan اعوان,82273-5910412-3,Muhammed عمران Awan,1972-06-23,12896559,"H-00906, G-10, Islamabad",G-10,Islamabad
PROP000415,حسن Awan,,عمران Awan,1972-06-23,6276979,"H-00906, G-10, Islamabad",G-10,Islamabad
PROP000416,Muhammad Qureshi,49671-2316106-3,علی قریشی,1988-04-10,10886572,"H-00907, Satellite Town, Rawalpindi",Satellite Town,Rawalpindi
PROP000417,احمد Qureshi,,Ahmed Quraishi,1956-08-27,20031265,"H-00908, DHA, Lahore",DHA,Lahore
PROP000418,Ahmed قریشی,40815-8386629-7,Ahmed Qureshi,,23973838,"H-00908, DHA, Lahore",DHA,Lahore
PROP000419,Zainab Malick,89920-7441381-7,Mohammad Malick,,19037339,"H-00909, Gulshan-e-Iqbal, Karachi",Gulshan-e-Iqbal,Karachi
PROP000420,Zainab Malick,89920-7441381-7,,1979-07-15,16596527,"H-00909, Gulshan-e-Iqbal, Karachi",Gulshan-e-Iqbal,Karachi
PROP000421,Bilal راجہ,14103-6835191-0,,,13958330,"H-00910, Gulshan-e-Iqbal, Karachi",Gulshan-e-Iqbal,Karachi
PROP000422,Ahmed Chaudhary,,Faysal Choudhary,1972-06-09,4286608,"H-00913, Peoples Colony, Faisalabad",Peoples Colony,Faisalabad
PROP000423,ثناء Qureshi,39878-2020270-4,Hussein Qureshi,1956-11-28,15908825,"H-00917, North Nazimabad, Karachi",North Nazimabad,Karachi
PROP000424,ثناء قریشی,,Husain قریشی,1956-11-28,7345685,"H-00917, North Nazimabad, Karachi",North Nazimabad,Karachi
PROP000425,فیصل Chaudhry,20155-9505007-7,Ahmad Ch.,1987-02-08,5203435,"H-00918, F-7, Islamabad",F-7,Islamabad
PROP000426,Sana ملک,89574-8924368-8,Imran Malik,1983-06-09,13002351,"H-00922, Madina Town, Faisalabad",Madina Town,Faisalabad
PROP000427,Mohammad Osman اعوان,68847-8027140-3,Faysal اعوان,1963-09-08,19825103,"H-00924, Madina Town, Faisalabad",Madina Town,Faisalabad
PROP000428,Aysha Shaikh,,بلال Sheikh,,2008139,"H-00927, Clifton, Karachi",Clifton,Karachi
PROP000429,Hussain ملک,87526-2808110-0,Ahmed Malick,2002-06-15,148788273,"H-00928, G-10, Islamabad",G-10,Islamabad
PROP000430,Muhammed Hussain Malik,87526-2808110-0,Muhammad احمد Malick,2002-06-15,123476477,"H-00928, G-10, Islamabad",G-10,Islamabad
PROP000431,Mohammad Hussein ملک,87526-2708110-0,Ahmad ملک,2002-06-15,162200010,"H-00928, G-10, Islamabad",G-10,Islamabad
PROP000432,Hussain اعوان,34524-9333686-4,Ali اعوان,1967-11-03,25981471,"H-00938, Johar Town, Lahore",Johar Town,Lahore
PROP000433,Maryam Bhatti,73636-4673341-5,Muhammed Bhatti,1974-08-14,4651349,"H-00944, Gulshan-e-Iqbal, Karachi",Gulshan-e-Iqbal,Karachi
PROP000434,Mariam بٹ,39131-7817098-8,,1985-05-23,26325516,"H-00951, Saddar, Rawalpindi",Saddar,Rawalpindi
PROP000435,Marium بٹ,39131-7817098-8,Hussain Bhatti,1985-05-23,33873648,"H-00951, Saddar, Rawalpindi",Saddar,Rawalpindi
PROP000436,بلال Khan,58855-2817044-7,حسن Khan,1991-01-13,4910835,"H-00952, Satellite Town, Rawalpindi",Satellite Town,Rawalpindi
PROP000437,محمد Qureshi,,Mohammad Hassan Qureshi,2003-09-26,11705558,"H-00955, Jaranwala Road, Faisalabad",Jaranwala Road,Faisalabad
PROP000438,عثمان اعوان,,Bilal Awan,1963-01-06,10094026,"H-00956, Saddar, Rawalpindi",Saddar,Rawalpindi
PROP000439,عثمان اعوان,23768-8142094-1,Muhammad Bilal اعوان,1963-01-06,16478040,"H-00956, Saddar, Rawalpindi",Saddar,Rawalpindi
PROP000440,علی شیخ,52380-2305056-0,علی شیخ,1987-08-14,32565527,"H-00965, Saddar, Rawalpindi",Saddar,Rawalpindi
PROP000441,فیصل چوہدری,28728-8335726-8,Muhammed Hamza Choudhary,1986-12-26,5977884,"H-00967, Model Town, Lahore",Model Town,Lahore
PROP000442,Mohammad قریشی,30079-3968018-2,,1981-02-02,2000000,"H-00972, North Nazimabad, Karachi",North Nazimabad,Karachi
PROP000443,Ahmed راجہ,95865-1279750-5,Usman Raja,2000-03-19,2776378,"H-00973, F-8, Islamabad",F-8,Islamabad
PROP000444,Ali اعوان,,Muhammed Bilal Awan,1966-11-24,20528109,"H-00975, Gulshan-e-Iqbal, Karachi",Gulshan-e-Iqbal,Karachi
PROP000445,علی Awan,89761-4333354-8,Bilal اعوان,1966-11-24,14588875,"H-00975, Gulshan-e-Iqbal, Karachi",Gulshan-e-Iqbal,Karachi
PROP000446,علی اعوان,89761-4333354-8,بلال Awan,1966-11-24,15228132,"H-00975, Gulshan-e-Iqbal, Karachi",Gulshan-e-Iqbal,Karachi
PROP000447,حرا شیخ,60551-3612283-8,Muhammad Faysal Shaikh,1968-12-14,6009185,"H-00980, North Nazimabad, Karachi",North Nazimabad,Karachi
PROP000448,Muhammed Chaudhary,65179-8145319-4,Faisal چوہدری,1980-10-01,8180643,"H-00985, Madina Town, Faisalabad",Madina Town,Faisalabad
PROP000449,فیصل راجہ,28290-3179206-5,Mohammed راجہ,1960-05-26,103866467,"H-00986, Cantt, Lahore",Cantt,Lahore
PROP000450,Faysal Raja,28290-3179206-5,Mohammed Raja,,101678128,"H-00986, Cantt, Lahore",Cantt,Lahore
PROP000451,Faysal راجہ,,Mohammad Raja,1960-05-26,100064539,"H-00986, Cantt, Lahore",Cantt,Lahore
PROP000452,Hira چوہدری,70749-5072535-1,Mohammad بلال Chaudhary,,32334597,"H-00989, Satellite Town, Rawalpindi",Satellite Town,Rawalpindi
PROP000453,Hira Chaudhary,70749-5072535-1,Mohammad بلال Chaudhary,1963-06-25,63773044,"H-00989, Satellite Town, Rawalpindi",Satellite Town,Rawalpindi
PROP000454,Hamzah Chaudhry,49575-8304810-1,Mohammed Othman چوہدری,1979-11-06,6463710,"H-00992, Clifton, Karachi",Clifton,Karachi
PROP000455,بلال راجہ,93458-6066483-6,بلال راجہ,1956-03-24,21242859,"H-01001, Gulshan-e-Iqbal, Karachi",Gulshan-e-Iqbal,Karachi
PROP000456,Muhammed Bilal Malik,44206-6086875-9,Imran ملک,1989-04-23,9250492,"H-01002, Cantt, Lahore",Cantt,Lahore
PROP000457,بلال ملک,44206-6086875-9,Mohammed Imran Malik,1989-04-23,6334279,"H-01002, Cantt, Lahore",Cantt,Lahore
PROP000458,بلال ملک,44206-6086875-9,Imran ملک,1989-04-23,5277187,"H-01002, Cantt, Lahore",Cantt,Lahore
PROP000459,Fatimah Sayyid,46287-9414832-0,فیصل Syed,,18947237,"H-01003, F-8, Islamabad",F-8,Islamabad
PROP000460,فیصل بٹ,87059-8059261-9,,1989-07-16,11045595,"H-01005, Peoples Colony, Faisalabad",Peoples Colony,Faisalabad
PROP000461,Ali Mughal,,,1981-01-25,27846568,"H-01008, Madina Town, Faisalabad",Madina Town,Faisalabad
PROP000462,Ali Sayed,56140-4653282-6,Muhammed فیصل Syed,,36260437,"H-01010, Peoples Colony, Faisalabad",Peoples Colony,Faisalabad
PROP000463,Zaynab Choudhary,36186-6414413-2,Hussain چوہدری,,7666572,"H-01015, Johar Town, Lahore",Johar Town,Lahore
PROP000464,Mariam Malik,44406-2875419-2,Osman Malick,1981-11-11,16678217,"H-01019, Clifton, Karachi",Clifton,Karachi
PROP000465,Muhammed Hassan Quraishi,,Imran قریشی,1959-05-18,19849918,"H-01027, Malir, Karachi",Malir,Karachi
PROP000466,Ayisha بٹ,84843-3593718-5,,,2000000,"H-01036, Madina Town, Faisalabad",Madina Town,Faisalabad
PROP000467,Hamza Butt,64673-1095169-6,محمد Bhatti,1981-06-21,16410150,"H-01038, Satellite Town, Rawalpindi",Satellite Town,Rawalpindi
PROP000468,Ahmed Awan,52538-7942032-2,Mohammed Ali اعوان,1992-05-19,7916080,"H-01042, DHA, Lahore",DHA,Lahore
PROP000469,Mohammed Othman Moghul,,Muhammad مغل,1963-02-28,34380346,"H-01043, Jaranwala Road, Faisalabad",Jaranwala Road,Faisalabad
PROP000470,Fatema Chaudhary,22170-3937636-8,Muhammad فیصل Choudhary,2001-09-04,3343773,"H-01053, Saddar, Rawalpindi",Saddar,Rawalpindi
PROP000471,Ayesha خان,,Osman Khan,1974-02-14,46522421,"H-01055, Satellite Town, Rawalpindi",Satellite Town,Rawalpindi
PROP000472,علی Quraishi,,Hussain قریشی,1980-11-12,39520879,"H-01058, Clifton, Karachi",Clifton,Karachi
PROP000473,Ali قریشی,13929-9347594-3,Hussain Quraishi,1980-11-12,49602011,"H-01058, Clifton, Karachi",Clifton,Karachi
PROP000474,Mohammad Ali قریشی,,,1980-11-12,48504031,"H-01058, Clifton, Karachi",Clifton,Karachi
PROP000475,Mohammad خان,71669-1574162-2,Bilal خان,1957-09-13,14277182,"H-01059, F-7, Islamabad",F-7,Islamabad
PROP000476,Mohammad Khan,71669-1574162-2,Muhammed Bilal Khan,1957-09-13,19936761,"H-01059, F-7, Islamabad",F-7,Islamabad
PROP000477,Muhammad Khan,71669-1574162-2,بلال خان,1957-09-13,14293925,"H-01059, F-7, Islamabad",F-7,Islamabad
PROP000478,Ali ملک,39189-2545582-6,Ahmad ملک,1962-08-15,14731209,"H-01060, Gulshan-e-Iqbal, Karachi",Gulshan-e-Iqbal,Karachi
PROP000479,علی ملک,39189-2545582-6,احمد Malick,1962-08-15,10498514,"H-01060, Gulshan-e-Iqbal, Karachi",Gulshan-e-Iqbal,Karachi
PROP000480,Mohammed Sheikh,31218-7656588-5,Mohammad Sheikh,1991-08-16,12499400,"H-01065, Clifton, Karachi",Clifton,Karachi
PROP000481,Mohammed Sheikh,31218-7656588-5,,1991-08-16,9478757,"H-01065, Clifton, Karachi",Clifton,Karachi
PROP000482,Maryam Choudhary,,Husain Chaudhary,1996-09-11,2718324,"H-01066, Chaklala, Rawalpindi",Chaklala,Rawalpindi
PROP000483,Muhammad Sayed,73036-3688598-3,بلال Sayyid,1965-11-14,15504671,"H-01073, Gulberg, Lahore",Gulberg,Lahore
PROP000484,محمد Sayed,73436-3688598-3,Bilal Sayed,1965-11-14,9813160,"H-01073, Gulberg, Lahore",Gulberg,Lahore
PROP000485,Mohammed ملک,,Muhammed Hamzah ملک,1969-11-15,10098326,"H-01075, Peoples Colony, Faisalabad",Peoples Colony,Faisalabad
PROP000486,محمد ملک,78713-2721549-9,Hamzah ملک,1969-11-15,15372593,"H-01075, Peoples Colony, Faisalabad",Peoples Colony,Faisalabad
PROP000487,Zainab Chaudhry,,Hamza چوہدری,1999-07-14,6827724,"H-01077, Madina Town, Faisalabad",Madina Town,Faisalabad
PROP000488,Bilal Qureshi,21648-6599618-5,Faisal قریشی,1989-12-26,22936489,"H-01084, Johar Town, Lahore",Johar Town,Lahore
PROP000489,Mohammed Bilal Qureshi,21648-6599618-5,Faisal Qureshi,1989-12-26,32709518,"H-01084, Johar Town, Lahore",Johar Town,Lahore
PROP000490,Othman اعوان,32091-6415010-0,Ahmad اعوان,1967-10-10,29151311,"H-01086, F-8, Islamabad",F-8,Islamabad
PROP000491,Othman Awan,,,1967-10-10,28147390,"H-01086, F-8, Islamabad",F-8,Islamabad
PROP000492,عمران Raja,,Ahmed راجہ,1960-12-20,30492129,"H-01087, Johar Town, Lahore",Johar Town,Lahore
PROP000493,حسن Chaudhry,29054-1208345-4,,1956-10-16,14548590,"H-01090, Bahria Town, Rawalpindi",Bahria Town,Rawalpindi
PROP000494,Muhammad حسن چوہدری,29054-1208345-4,Hasan Chaudhry,1956-10-16,10256512,"H-01090, Bahria Town, Rawalpindi",Bahria Town,Rawalpindi
PROP000495,Muhammad Bilal Shaikh,62378-7494523-4,عثمان Shaykh,1971-07-12,26606684,"H-01091, Jaranwala Road, Faisalabad",Jaranwala Road,Faisalabad
PROP000496,Mohammad Bilal شیخ,62378-7494523-4,عثمان Sheikh,1971-07-12,19293116,"H-01091, Jaranwala Road, Faisalabad",Jaranwala Road,Faisalabad
PROP000497,Usman راجہ,27628-6396602-3,عمران Raja,1992-03-04,30492465,"H-01092, F-7, Islamabad",F-7,Islamabad
PROP000498,Osman Raja,27628-6396602-3,Imran راجہ,,63141716,"H-01092, F-7, Islamabad",F-7,Islamabad
PROP000499,Sana Quraishi,39861-6844222-8,حسن Qureshi,1984-05-19,3011202,"H-01093, North Nazimabad, Karachi",North Nazimabad,Karachi
PROP000500,Ahmad Quraishi,84678-5228060-0,Faysal Quraishi,1986-07-23,28316817,"H-01095, Gulshan-e-Iqbal, Karachi",Gulshan-e-Iqbal,Karachi
PROP000501,Ali بٹ,39706-6892169-1,Usman Bhatti,,4763836,"H-01100, Bahria Town, Rawalpindi",Bahria Town,Rawalpindi
PROP000502,Hamzah راجہ,25254-2098296-5,Hassan Raja,1978-03-08,57383888,"H-01105, Satellite Town, Rawalpindi",Satellite Town,Rawalpindi
PROP000503,Mohammed Hamzah Raja,25254-2098296-5,حسن راجہ,1978-03-08,71626638,"H-01105, Satellite Town, Rawalpindi",Satellite Town,Rawalpindi
PROP000504,حمزہ Raja,25254-2098296-5,حسن Raja,1978-03-08,67010596,"H-01105, Satellite Town, Rawalpindi",Satellite Town,Rawalpindi
PROP000505,Sana Choudhary,27757-8514591-3,حسین Chaudhary,1995-07-13,2000000,"H-01107, G-10, Islamabad",G-10,Islamabad
PROP000506,حسن اعوان,93941-1261602-0,بلال اعوان,1968-12-04,90669383,"H-01111, Cantt, Lahore",Cantt,Lahore
PROP000507,Hasan Awan,93941-1261602-0,بلال Awan,1968-12-04,104577517,"H-01111, Cantt, Lahore",Cantt,Lahore
PROP000508,Hassan Awan,93941-1261602-0,بلال Awan,1968-12-04,208274048,"H-01111, Cantt, Lahore",Cantt,Lahore
PROP000509,Othman شیخ,58730-7743748-0,Mohammad Ali شیخ,1964-10-08,41141681,"H-01112, Bahria Town, Rawalpindi",Bahria Town,Rawalpindi
PROP000510,Usman Shaykh,58730-7743748-0,Ali شیخ,1964-10-08,39873921,"H-01112, Bahria Town, Rawalpindi",Bahria Town,Rawalpindi
PROP000511,Ayesha شیخ,31937-5303341-6,حسین Shaykh,1989-05-10,46245311,"H-01115, Peoples Colony, Faisalabad",Peoples Colony,Faisalabad
PROP000512,Hassan Mughal,82987-3702775-2,عمران Moghul,1975-01-04,4718772,"H-01120, Peoples Colony, Faisalabad",Peoples Colony,Faisalabad
PROP000513,Sana راجہ,32271-6396496-5,محمد Raja,1964-02-22,6369536,"H-01121, North Nazimabad, Karachi",North Nazimabad,Karachi
PROP000514,Muhammad Bilal Moghul,92350-1590477-9,عمران Moghul,1959-01-21,7314214,"H-01122, Clifton, Karachi",Clifton,Karachi
PROP000515,Bilal Mughal,92350-1590477-9,Imran مغل,1959-01-21,11130096,"H-01122, Clifton, Karachi",Clifton,Karachi
PROP000516,Bilal Mughal,92350-1590477-9,عمران مغل,1959-01-21,8786817,"H-01122, Clifton, Karachi",Clifton,Karachi
PROP000517,زینب مغل,41151-9230270-9,Mohammed حسین مغل,1977-11-15,5755127,"H-01123, Satellite Town, Rawalpindi",Satellite Town,Rawalpindi
PROP000518,Mohammed اعوان,62721-3097558-5,Muhammad حسن اعوان,1980-07-14,5449805,"H-01125, Bahria Town, Rawalpindi",Bahria Town,Rawalpindi
PROP000519,Mohammed Faysal قریشی,59127-6148910-3,Mohammad Bilal Qureshi,,4473833,"H-01127, Satellite Town, Rawalpindi",Satellite Town,Rawalpindi
PROP000520,Zainab Mughal,36137-4643644-5,Mohammed عمران Moghul,1965-11-13,5197117,"H-01128, Saddar, Rawalpindi",Saddar,Rawalpindi
PROP000521,Hamza Qureshi,79545-1592263-1,,1960-01-01,20397703,"H-01130, Jaranwala Road, Faisalabad",Jaranwala Road,Faisalabad
PROP000522,Hamza قریشی,79545-1592263-1,Mohammed احمد Quraishi,1960-01-01,27162397,"H-01130, Jaranwala Road, Faisalabad",Jaranwala Road,Faisalabad
PROP000523,Mariam Quraishi,49746-2702878-8,Muhammed علی قریشی,1964-03-14,9692660,"H-01132, Model Town, Lahore",Model Town,Lahore
PROP000524,Maryam سید,12615-7079798-7,Muhammad فیصل Sayed,1991-03-15,7316295,"H-01134, Bahria Town, Rawalpindi",Bahria Town,Rawalpindi
PROP000525,Mohammed Ahmad Chaudhry,58940-2089834-2,Faisal Ch.,1970-02-28,9174596,"H-01141, Clifton, Karachi",Clifton,Karachi
PROP000526,Mohammed حسین Shaykh,18229-9286653-5,Mohammed Shaikh,1994-07-03,9653792,"H-01147, DHA, Karachi",DHA,Karachi
PROP000527,Aysha Malik,,حسین Malik,2001-06-15,41015303,"H-01148, Bahria Town, Islamabad",Bahria Town,Islamabad
PROP000528,Hamza Butt,81554-4692453-3,Faysal Bhatti,1965-01-23,2000000,"H-01149, Chaklala, Rawalpindi",Chaklala,Rawalpindi
PROP000529,Mohammad بلال Quraishi,96739-3898766-2,فیصل قریشی,1966-04-04,2000000,"H-01151, Malir, Karachi",Malir,Karachi
PROP000530,Maryam شیخ,56316-2778577-1,Usman Sheikh,2000-08-20,14149686,"H-01153, Saddar, Rawalpindi",Saddar,Rawalpindi
PROP000531,مریم Sheikh,56316-2778577-1,,2000-08-20,13092468,"H-01153, Saddar, Rawalpindi",Saddar,Rawalpindi
PROP000532,Mohammed Hassan Quraishi,82744-6716959-9,Usman Quraishi,1999-04-05,12131414,"H-01156, Chaklala, Rawalpindi",Chaklala,Rawalpindi
PROP000533,Hassan Moghul,48747-2016077-3,Imran Moghul,1987-05-08,13100333,"H-01160, Madina Town, Faisalabad",Madina Town,Faisalabad
PROP000534,حسن Moghul,48747-2016077-3,Mohammad عمران Mughal,1987-05-08,11583430,"H-01160, Madina Town, Faisalabad",Madina Town,Faisalabad
PROP000535,Muhammed Husain Bhatti,48810-1424190-0,Bilal بٹ,,41495711,"H-01161, Gulberg, Lahore",Gulberg,Lahore
PROP000536,Sana Khan,61843-3986318-5,Faysal خان,2003-01-21,9501164,"H-01164, Chaklala, Rawalpindi",Chaklala,Rawalpindi
PROP000537,Sana Khan,61843-3986318-5,Muhammad Faisal Khan,,7486729,"H-01164, Chaklala, Rawalpindi",Chaklala,Rawalpindi
PROP000538,Imran خان,18352-2139083-2,,1961-09-06,2000000,"H-01165, Johar Town, Lahore",Johar Town,Lahore
PROP000539,Mohammad Ch.,15528-4774225-3,Ali چوہدری,1963-09-11,7849379,"H-01168, Saddar, Rawalpindi",Saddar,Rawalpindi
PROP000540,محمد چوہدری,15528-4674225-3,Mohammed Ali Ch.,1963-09-11,10450131,"H-01168, Saddar, Rawalpindi",Saddar,Rawalpindi
PROP000541,Hasan Moghul,,Hamzah Moghul,1958-11-21,6708928,"H-01173, F-8, Islamabad",F-8,Islamabad
PROP000542,ثناء Shaykh,83509-5787252-3,Ahmad Sheikh,1994-02-01,66558907,"H-01175, Satellite Town, Rawalpindi",Satellite Town,Rawalpindi
PROP000543,ثناء Shaykh,83509-5787252-3,Ahmad Sheikh,1994-02-01,68312761,"H-01175, Satellite Town, Rawalpindi",Satellite Town,Rawalpindi
PROP000544,Mohammad حسین Khan,59993-3475751-1,محمد Khan,1978-04-21,35856439,"H-01176, E-11, Islamabad",E-11,Islamabad
PROP000545,Mohammed Husain Khan,59993-3675751-1,Muhammed خان,1978-04-21,19338425,"H-01176, E-11, Islamabad",E-11,Islamabad
PROP000546,Ahmed Butt,48989-1587080-1,Hussain Butt,1964-05-15,25921729,"H-01177, Saddar, Rawalpindi",Saddar,Rawalpindi
PROP000547,Ahmed خان,11880-2888892-1,Mohammed حسن Khan,1984-10-23,8734571,"H-01178, Bahria Town, Rawalpindi",Bahria Town,Rawalpindi
PROP000548,Muhammad Hassan Chaudhry,95220-1740262-9,بلال Chaudhry,1990-12-16,16334247,"H-01181, Saddar, Rawalpindi",Saddar,Rawalpindi
PROP000549,حسن Ch.,95220-1740262-9,Bilal چوہدری,1990-12-16,12677810,"H-01181, Saddar, Rawalpindi",Saddar,Rawalpindi
PROP000550,Hassan چوہدری,95220-1740262-9,Mohammad Bilal Chaudhary,,19204919,"H-01181, Saddar, Rawalpindi",Saddar,Rawalpindi
PROP000551,Husain قریشی,58142-8654730-7,عمران Quraishi,1965-06-22,27243656,"H-01182, North Nazimabad, Karachi",North Nazimabad,Karachi
PROP000552,حسین Qureshi,,عمران قریشی,1965-06-22,27027147,"H-01182, North Nazimabad, Karachi",North Nazimabad,Karachi
PROP000553,عثمان Quraishi,86049-7740736-5,Mohammad Hamzah Quraishi,1977-05-05,12400813,"H-01183, Bahria Town, Rawalpindi",Bahria Town,Rawalpindi
PROP000554,حرا Raja,66585-2450315-9,Husain راجہ,1963-06-12,11238304,"H-01184, Chaklala, Rawalpindi",Chaklala,Rawalpindi
PROP000555,حسن Syed,81036-2620464-3,Mohammed سید,1956-01-10,8260479,"H-01189, F-8, Islamabad",F-8,Islamabad
PROP000556,حسن سید,81036-2620464-3,Muhammad Syed,1956-01-10,11456307,"H-01189, F-8, Islamabad",F-8,Islamabad
PROP000557,Ahmad چوہدری,59787-6660342-3,Muhammed فیصل Ch.,1985-01-11,23575881,"H-01193, Malir, Karachi",Malir,Karachi
PROP000558,Ahmad Ch.,59787-6660342-3,Mohammed فیصل Chaudhry,1985-01-11,21892010,"H-01193, Malir, Karachi",Malir,Karachi
PROP000559,Sana Khan,25423-9669396-7,Ali خان,1983-05-28,3116703,"H-01195, Bahria Town, Islamabad",Bahria Town,Islamabad
PROP000560,Mohammad Ali سید,92186-2189815-2,علی Syed,1987-03-28,8943290,"H-01204, Jaranwala Road, Faisalabad",Jaranwala Road,Faisalabad
PROP000561,علی Sayed,92186-2189815-2,Ali Syed,1987-03-28,5818330,"H-01204, Jaranwala Road, Faisalabad",Jaranwala Road,Faisalabad
PROP000562,Faysal Sheikh,92001-7068696-3,Mohammed حسین Shaykh,1981-01-25,10637317,"H-01205, Johar Town, Lahore",Johar Town,Lahore
PROP000563,Aysha Choudhary,68959-4770193-2,,1994-09-14,3675683,"H-01206, E-11, Islamabad",E-11,Islamabad
PROP000564,ثناء اعوان,71515-6655184-1,Mohammed Hamza اعوان,1976-09-17,2000000,"H-01209, Bahria Town, Rawalpindi",Bahria Town,Rawalpindi
PROP000565,Hassan Awan,32729-2966470-4,Muhammad Hassan اعوان,1968-10-26,20503930,"H-01212, Jaranwala Road, Faisalabad",Jaranwala Road,Faisalabad
PROP000566,Fatema Khan,,فیصل خان,2001-05-10,9185762,"H-01217, Madina Town, Faisalabad",Madina Town,Faisalabad
PROP000567,Aisha سید,39957-5515111-5,Mohammed Husain Syed,1985-03-06,2000000,"H-01225, G-10, Islamabad",G-10,Islamabad
PROP000568,محمد سید,39960-2509488-2,Ahmad سید,,17901806,"H-01226, F-7, Islamabad",F-7,Islamabad
PROP000569,Faysal Malick,45264-3998601-8,Muhammad Ahmed Malick,1984-09-25,6021238,"H-01229, DHA, Karachi",DHA,Karachi
PROP000570,Hassan Khan,45695-9610837-0,Muhammad Imran خان,1987-01-13,20847922,"H-01230, F-8, Islamabad",F-8,Islamabad
PROP000571,احمد Sayyid,47644-8730483-8,Hamza Syed,1998-07-18,17740941,"H-01232, DHA, Lahore",DHA,Lahore
PROP000572,Sana اعوان,,Imran اعوان,1981-03-17,47223500,"H-01233, Peoples Colony, Faisalabad",Peoples Colony,Faisalabad
PROP000573,ثناء اعوان,89366-7798104-4,,1981-03-17,40962252,"H-01233, Peoples Colony, Faisalabad",Peoples Colony,Faisalabad
PROP000574,ثناء اعوان,,Imran Awan,1981-03-17,38987491,"H-01233, Peoples Colony, Faisalabad",Peoples Colony,Faisalabad
PROP000575,محمد Choudhary,68874-3346211-4,بلال Chaudhry,1970-03-01,14726995,"H-01235, Bahria Town, Rawalpindi",Bahria Town,Rawalpindi
PROP000576,Bilal Raja,37605-1009512-1,علی راجہ,1957-05-24,3422609,"H-01243, Peoples Colony, Faisalabad",Peoples Colony,Faisalabad
PROP000577,حمزہ Sayyid,49366-5322520-1,Ali Sayed,,103058954,"H-01246, North Nazimabad, Karachi",North Nazimabad,Karachi
PROP000578,Muhammed حمزہ Syed,49366-5322520-1,علی Syed,1990-04-28,92160444,"H-01246, North Nazimabad, Karachi",North Nazimabad,Karachi
PROP000579,Hamza Syed,49366-5322520-1,علی سید,1990-04-28,69864024,"H-01246, North Nazimabad, Karachi",North Nazimabad,Karachi
PROP000580,Ali سید,18658-1820610-0,Hussain سید,1979-03-27,3903793,"H-01258, Model Town, Lahore",Model Town,Lahore
PROP000581,حرا Quraishi,52838-8085830-5,Mohammad فیصل Quraishi,1999-03-01,6246950,"H-01259, Bahria Town, Rawalpindi",Bahria Town,Rawalpindi
PROP000582,Hira قریشی,52848-8085830-5,Muhammed Faisal قریشی,1999-03-01,8853968,"H-01259, Bahria Town, Rawalpindi",Bahria Town,Rawalpindi
PROP000583,Hamzah Syed,51311-4739633-7,,1974-11-28,27280667,"H-01264, Bahria Town, Rawalpindi",Bahria Town,Rawalpindi
PROP000584,Hamzah Sayyid,51311-4739633-7,Husain Sayyid,1974-11-28,35807693,"H-01264, Bahria Town, Rawalpindi",Bahria Town,Rawalpindi
PROP000585,Hamzah Sayed,51311-4739633-7,Hussain سید,1974-11-28,24209883,"H-01264, Bahria Town, Rawalpindi",Bahria Town,Rawalpindi
PROP000586,Bilal بٹ,40044-1680217-3,,1970-07-01,2000000,"H-01265, North Nazimabad, Karachi",North Nazimabad,Karachi
PROP000587,Osman Sayed,70749-2429842-2,Muhammed Ahmad Sayed,1993-09-18,24161889,"H-01275, Gulshan-e-Iqbal, Karachi",Gulshan-e-Iqbal,Karachi
PROP000588,Mohammad ملک,97139-3297127-4,,1964-05-11,4093077,"H-01277, Gulshan-e-Iqbal, Karachi",Gulshan-e-Iqbal,Karachi
PROP000589,Hussein Shaykh,93993-3012883-3,Ali Shaikh,2000-01-08,35041468,"H-01286, Madina Town, Faisalabad",Madina Town,Faisalabad
PROP000590,Muhammad Faysal Awan,94443-4763393-7,حسن Awan,1999-05-27,12985237,"H-01291, G-10, Islamabad",G-10,Islamabad
PROP000591,Faisal Awan,94443-4763393-7,Hasan اعوان,1999-05-27,8044207,"H-01291, G-10, Islamabad",G-10,Islamabad
PROP000592,احمد بٹ,,,1974-12-13,2000000,"H-01293, Bahria Town, Islamabad",Bahria Town,Islamabad
PROP000593,Mohammad Hassan Bhatti,97614-9890570-2,Muhammad Hamzah Butt,1988-01-05,64137429,"H-01294, F-8, Islamabad",F-8,Islamabad
PROP000594,Hasan بٹ,97614-9890570-2,,1988-01-05,49661700,"H-01294, F-8, Islamabad",F-8,Islamabad
PROP000595,Hasan Bhatti,97614-9890570-2,,1988-01-05,31730171,"H-01294, F-8, Islamabad",F-8,Islamabad
PROP000596,فاطمہ Raja,39829-8228013-8,,1999-02-04,2735697,"H-01297, E-11, Islamabad",E-11,Islamabad
PROP000597,Fatima Malik,90186-2992782-1,Hussein Malik,1993-09-24,17553870,"H-01300, F-8, Islamabad",F-8,Islamabad
PROP000598,Fatima Malick,90186-2992782-1,Hussain ملک,1993-09-24,8435544,"H-01300, F-8, Islamabad",F-8,Islamabad
PROP000599,Mohammed Awan,31893-1106646-7,Muhammad Hasan اعوان,1981-06-04,17082110,"H-01301, Bahria Town, Islamabad",Bahria Town,Islamabad
PROP000600,Mohammad Sayyid,69291-3756401-0,Ahmad سید,1995-10-01,11143395,"H-01302, G-10, Islamabad",G-10,Islamabad
PROP000601,محمد Malick,92199-6026347-6,Muhammad Ali Malick,1999-02-27,12024220,"H-01304, Model Town, Lahore",Model Town,Lahore
PROP000602,Mohammad Hamza سید,68436-5683785-5,Hussain Sayed,1993-04-24,22728986,"H-01307, Cantt, Lahore",Cantt,Lahore
PROP000603,حسن Raja,54448-9809311-8,Ahmed Raja,1971-05-11,33340883,"H-01310, Madina Town, Faisalabad",Madina Town,Faisalabad
PROP000604,Imran Khan,,بلال خان,1993-10-18,9637847,"H-01319, Saddar, Rawalpindi",Saddar,Rawalpindi
PROP000605,Hussein Bhatti,72081-9362556-3,عمران Bhatti,1967-07-23,9164829,"H-01321, Cantt, Lahore",Cantt,Lahore
PROP000606,Husain بٹ,,,1967-07-23,12971014,"H-01321, Cantt, Lahore",Cantt,Lahore
PROP000607,Ahmed قریشی,75663-9703128-2,Hussain Quraishi,1976-12-05,9404219,"H-01327, Cantt, Lahore",Cantt,Lahore
PROP000608,احمد Quraishi,75663-9703128-2,Hussain Qureshi,,12891417,"H-01327, Cantt, Lahore",Cantt,Lahore
PROP000609,عثمان خان,,,1968-06-07,17550213,"H-01328, F-7, Islamabad",F-7,Islamabad
PROP000610,Osman Khan,48191-5006686-3,Mohammad Hassan خان,1968-06-07,12011021,"H-01328, F-7, Islamabad",F-7,Islamabad
PROP000611,Mohammed سید,20992-9470588-7,Mohammed عثمان Sayyid,1979-02-15,38000803,"H-01331, DHA, Karachi",DHA,Karachi
PROP000612,Mohammed Sayed,20992-9470588-7,Usman Sayed,1979-02-15,26460215,"H-01331, DHA, Karachi",DHA,Karachi
PROP000613,Mohammed سید,20992-9470588-7,Muhammed عثمان سید,1979-02-15,24687461,"H-01331, DHA, Karachi",DHA,Karachi
PROP000614,Ali Shaikh,88980-9486798-2,احمد Shaykh,1970-08-09,24145849,"H-01336, Cantt, Lahore",Cantt,Lahore
PROP000615,حسین خان,78115-9994349-6,Muhammed Khan,,40336727,"H-01337, F-8, Islamabad",F-8,Islamabad
PROP000616,Husain Khan,78115-9994349-6,Mohammad خان,,61014227,"H-01337, F-8, Islamabad",F-8,Islamabad
PROP000617,Maryam Sayyid,78070-2610366-1,,1982-01-02,12645362,"H-01338, Saddar, Rawalpindi",Saddar,Rawalpindi
PROP000618,مریم Sayed,78070-2610366-1,Ali Sayyid,1982-01-02,17851857,"H-01338, Saddar, Rawalpindi",Saddar,Rawalpindi
PROP000619,مریم راجہ,,Husain Raja,2002-01-04,2000000,"H-01341, Cantt, Lahore",Cantt,Lahore
PROP000620,ثناء مغل,,Imran Mughal,,75178111,"H-01345, Chaklala, Rawalpindi",Chaklala,Rawalpindi
PROP000621,Sana مغل,82443-8653803-1,عمران مغل,1973-03-18,130910284,"H-01345, Chaklala, Rawalpindi",Chaklala,Rawalpindi
PROP000622,ثناء Mughal,82443-8653803-1,Muhammad عمران Mughal,1973-03-18,102768909,"H-01345, Chaklala, Rawalpindi",Chaklala,Rawalpindi
PROP000623,Muhammed علی Qureshi,48588-1356907-8,حسین Quraishi,1991-10-26,10610893,"H-01346, Madina Town, Faisalabad",Madina Town,Faisalabad
PROP000624,عمران Mughal,97837-7070025-3,عمران مغل,1963-11-18,4046337,"H-01349, Model Town, Lahore",Model Town,Lahore
PROP000625,محمد Qureshi,28672-8283798-5,Muhammad قریشی,1990-03-13,2000000,"H-01350, Saddar, Rawalpindi",Saddar,Rawalpindi
PROP000626,حسن Chaudhry,40423-2496306-2,Usman Ch.,1977-12-06,6330709,"H-01360, Johar Town, Lahore",Johar Town,Lahore
PROP000627,Marium Malick,18007-7755502-7,Muhammad Hassan Malik,1980-09-25,34710143,"H-01369, Satellite Town, Rawalpindi",Satellite Town,Rawalpindi
PROP000628,مریم Malik,14007-7755502-7,Hassan Malick,1980-09-25,30631421,"H-01369, Satellite Town, Rawalpindi",Satellite Town,Rawalpindi
PROP000629,Marium Malik,18007-7755502-7,حسن Malik,1980-09-25,24878687,"H-01369, Satellite Town, Rawalpindi",Satellite Town,Rawalpindi
PROP000630,Bilal Qureshi,80657-8504152-1,Muhammad Husain Qureshi,1980-10-05,47055407,"H-01371, Gulshan-e-Iqbal, Karachi",Gulshan-e-Iqbal,Karachi
PROP000631,احمد مغل,84431-7676164-7,Faysal Moghul,1957-09-19,25918933,"H-01372, Model Town, Lahore",Model Town,Lahore
PROP000632,Mohammed احمد Moghul,84431-7676164-7,Faysal Mughal,1957-09-19,21401959,"H-01372, Model Town, Lahore",Model Town,Lahore
PROP000633,Hassan Syed,81022-5845328-8,Mohammad سید,1965-03-02,147242266,"H-01373, Jaranwala Road, Faisalabad",Jaranwala Road,Faisalabad
PROP000634,Hassan Syed,81022-5845328-8,Muhammed Sayed,1965-03-02,149472232,"H-01373, Jaranwala Road, Faisalabad",Jaranwala Road,Faisalabad
PROP000635,Hasan Sayyid,,Muhammad Sayyid,,144737355,"H-01373, Jaranwala Road, Faisalabad",Jaranwala Road,Faisalabad
PROP000636,Muhammed Hamza اعوان,74549-7450410-8,,1994-10-14,8552170,"H-01377, Jaranwala Road, Faisalabad",Jaranwala Road,Faisalabad
PROP000637,Mohammad Malick,81010-3951233-5,Mohammed Usman ملک,,13756271,"H-01380, Model Town, Lahore",Model Town,Lahore
PROP000638,بلال Choudhary,85051-2729774-5,,1965-05-03,24363562,"H-01382, Cantt, Lahore",Cantt,Lahore
PROP000639,Ali راجہ,,علی Raja,1991-03-13,18648074,"H-01383, E-11, Islamabad",E-11,Islamabad
PROP000640,احمد Chaudhary,91183-4598169-6,Hamzah Ch.,,9601600,"H-01388, Model Town, Lahore",Model Town,Lahore
PROP000641,Muhammad خان,29619-2830473-4,Ahmad Khan,,25370349,"H-01389, Peoples Colony, Faisalabad",Peoples Colony,Faisalabad
PROP000642,Mohammad Khan,29619-2830473-4,Mohammad Ahmed خان,1957-06-06,17272017,"H-01389, Peoples Colony, Faisalabad",Peoples Colony,Faisalabad
PROP000643,بلال Shaikh,83060-8183194-6,,1975-10-17,94293399,"H-01391, Model Town, Lahore",Model Town,Lahore
PROP000644,Bilal Shaikh,83060-8183194-6,,1975-10-17,144354468,"H-01391, Model Town, Lahore",Model Town,Lahore
PROP000645,Bilal Shaikh,83060-8183194-6,Mohammed Shaykh,1975-10-17,131485554,"H-01391, Model Town, Lahore",Model Town,Lahore
PROP000646,Faysal Sayed,90432-5832485-2,Imran Sayyid,,18879109,"H-01393, G-10, Islamabad",G-10,Islamabad
PROP000647,Zainab Khan,15164-1719322-2,حسین خان,1978-11-08,2677453,"H-01394, DHA, Lahore",DHA,Lahore
PROP000648,ثناء Shaikh,49749-5770818-8,Mohammed عمران شیخ,1994-07-13,4919045,"H-01396, Gulshan-e-Iqbal, Karachi",Gulshan-e-Iqbal,Karachi
PROP000649,حسن خان,44214-5259672-9,,1994-12-24,2158515,"H-01407, Peoples Colony, Faisalabad",Peoples Colony,Faisalabad
PROP000650,Aysha Shaykh,,Mohammad Shaikh,1976-04-22,9111736,"H-01408, Madina Town, Faisalabad",Madina Town,Faisalabad
PROP000651,حمزہ Bhatti,29612-5731929-2,احمد Bhatti,1960-05-01,4014521,"H-01419, Madina Town, Faisalabad",Madina Town,Faisalabad
PROP000652,Muhammed Osman Khan,52813-3258787-2,Faisal Khan,1973-07-05,5869815,"H-01420, Jaranwala Road, Faisalabad",Jaranwala Road,Faisalabad
PROP000653,ثناء Awan,,Hamza Awan,1992-11-25,17478869,"H-01427, E-11, Islamabad",E-11,Islamabad
PROP000654,Muhammed Khan,33819-6854133-8,Mohammad عمران Khan,1998-06-15,25401627,"H-01433, Peoples Colony, Faisalabad",Peoples Colony,Faisalabad
PROP000655,Mohammad Khan,33819-6854133-8,,,21002188,"H-01433, Peoples Colony, Faisalabad",Peoples Colony,Faisalabad
PROP000656,Mohammad خان,33819-6854133-8,,1998-06-15,35786868,"H-01433, Peoples Colony, Faisalabad",Peoples Colony,Faisalabad
PROP000657,Hamza Khan,83565-1091715-5,حسن Khan,,16158049,"H-01434, DHA, Lahore",DHA,Lahore
PROP000658,Mohammad علی Sayyid,,عمران Sayed,1984-09-28,2000000,"H-01443, DHA, Lahore",DHA,Lahore
PROP000659,Faisal Chaudhry,81122-3098120-0,عمران Chaudhary,1991-04-09,7011667,"H-01454, Chaklala, Rawalpindi",Chaklala,Rawalpindi
PROP000660,Mohammad فیصل خان,,علی Khan,,12414188,"H-01455, Bahria Town, Rawalpindi",Bahria Town,Rawalpindi
PROP000661,Hasan سید,37963-8971029-6,Mohammed Syed,1976-03-08,2187030,"H-01457, Clifton, Karachi",Clifton,Karachi
PROP000662,Zaynab Raja,86253-7640884-9,Imran راجہ,1983-05-17,2000000,"H-01462, Bahria Town, Rawalpindi",Bahria Town,Rawalpindi
PROP000663,Muhammad علی Butt,42796-4001906-0,Husain Bhatti,1979-07-22,110722567,"H-01467, Jaranwala Road, Faisalabad",Jaranwala Road,Faisalabad
PROP000664,علی Bhatti,42796-4001906-0,Husain Butt,1979-07-22,118457196,"H-01467, Jaranwala Road, Faisalabad",Jaranwala Road,Faisalabad
PROP000665,Mohammad Ali بٹ,42796-4001906-0,Muhammad Hussain Butt,1979-07-22,160120062,"H-01467, Jaranwala Road, Faisalabad",Jaranwala Road,Faisalabad
PROP000666,Mariam اعوان,35674-2327617-2,Faysal Awan,1993-06-15,71964193,"H-01474, Madina Town, Faisalabad",Madina Town,Faisalabad
PROP000667,مریم اعوان,35674-2327617-2,Faisal اعوان,1993-06-15,44864164,"H-01474, Madina Town, Faisalabad",Madina Town,Faisalabad
PROP000668,Ahmed Shaykh,68648-5789324-8,فیصل Shaykh,2003-12-24,14798936,"H-01479, Gulberg, Lahore",Gulberg,Lahore
PROP000669,Muhammed Hamza اعوان,41836-5923606-2,Hamza اعوان,,3366543,"H-01480, Bahria Town, Rawalpindi",Bahria Town,Rawalpindi
PROP000670,حرا Sheikh,56351-1211654-8,Mohammed Shaikh,1959-10-26,2000000,"H-01481, Malir, Karachi",Malir,Karachi
PROP000671,بلال Qureshi,43305-5268016-5,Hussain Quraishi,1971-07-02,30728438,"H-01484, Model Town, Lahore",Model Town,Lahore
PROP000672,Bilal قریشی,,Muhammad حسین Qureshi,1971-07-02,43392231,"H-01484, Model Town, Lahore",Model Town,Lahore
PROP000673,Hamzah Moghul,23717-5600997-7,Muhammed Ali Moghul,1971-07-08,11184475,"H-01488, Johar Town, Lahore",Johar Town,Lahore
PROP000674,Imran Sayyid,59729-2922909-0,Mohammad Sayyid,1987-11-20,6091463,"H-01492, Satellite Town, Rawalpindi",Satellite Town,Rawalpindi
PROP000675,Mariam Bhatti,11709-7593234-5,,1960-12-03,5398214,"H-01497, DHA, Karachi",DHA,Karachi
PROP000676,Mariam Khan,26581-1373745-1,Mohammad Ali Khan,1982-12-25,19235536,"H-01502, Madina Town, Faisalabad",Madina Town,Faisalabad
PROP000677,Maryam Khan,26581-1373745-1,Ali Khan,,16740294,"H-01502, Madina Town, Faisalabad",Madina Town,Faisalabad
PROP000678,Muhammed Quraishi,17733-2534558-1,Faysal Quraishi,1978-01-20,31264212,"H-01511, Jaranwala Road, Faisalabad",Jaranwala Road,Faisalabad
PROP000679,Mohammad Quraishi,17733-2534558-1,Faysal Quraishi,,28873259,"H-01511, Jaranwala Road, Faisalabad",Jaranwala Road,Faisalabad
PROP000680,محمد Qureshi,,فیصل Quraishi,1978-01-20,35266408,"H-01511, Jaranwala Road, Faisalabad",Jaranwala Road,Faisalabad
PROP000681,Muhammad خان,66385-6266537-0,,1985-05-23,27635353,"H-01513, Saddar, Rawalpindi",Saddar,Rawalpindi
PROP000682,Mohammed Hamza چوہدری,20832-4577144-1,Muhammed Chaudhary,1971-06-02,6772292,"H-01516, Bahria Town, Islamabad",Bahria Town,Islamabad
PROP000683,Hamzah Choudhary,,محمد Ch.,,5401516,"H-01516, Bahria Town, Islamabad",Bahria Town,Islamabad
PROP000684,بلال Shaykh,53364-6603464-0,حمزہ Shaikh,1983-05-23,12598925,"H-01520, Madina Town, Faisalabad",Madina Town,Faisalabad
PROP000685,Mohammad فیصل Khan,48657-8488968-6,Mohammed خان,1998-12-06,5489747,"H-01523, Model Town, Lahore",Model Town,Lahore
PROP000686,Mohammed Hassan Quraishi,32840-7025942-5,Hassan Quraishi,,7498916,"H-01530, Jaranwala Road, Faisalabad",Jaranwala Road,Faisalabad
PROP000687,Hasan قریشی,32840-7025942-5,,1978-11-19,6769251,"H-01530, Jaranwala Road, Faisalabad",Jaranwala Road,Faisalabad
PROP000688,Mariam Awan,90775-5108971-4,Mohammed عثمان اعوان,,14836253,"H-01538, Gulberg, Lahore",Gulberg,Lahore
PROP000689,Maryam اعوان,90775-1108971-4,Othman Awan,1984-06-25,12587257,"H-01538, Gulberg, Lahore",Gulberg,Lahore
PROP000690,مریم Awan,90775-1108971-4,Muhammed Othman Awan,1984-06-25,14592790,"H-01538, Gulberg, Lahore",Gulberg,Lahore
PROP000691,Zainab Mughal,32412-8105112-4,Ali مغل,1980-01-08,8527042,"H-01539, DHA, Lahore",DHA,Lahore
PROP000692,زینب Moghul,32412-8105112-4,علی مغل,1980-01-08,13784814,"H-01539, DHA, Lahore",DHA,Lahore
PROP000693,Mohammed Ali Malick,87409-2504225-6,,1985-05-13,6093325,"H-01552, Clifton, Karachi",Clifton,Karachi
PROP000694,Faisal Raja,13823-5423659-3,Mohammad عمران Raja,1972-02-20,4782818,"H-01553, DHA, Lahore",DHA,Lahore
PROP000695,Ali بٹ,97223-3305951-5,عمران بٹ,1999-06-09,19889016,"H-01558, Johar Town, Lahore",Johar Town,Lahore
PROP000696,علی بٹ,97223-3305951-5,Mohammed عمران Butt,1999-06-09,14977292,"H-01558, Johar Town, Lahore",Johar Town,Lahore
PROP000697,علی Bhatti,97223-3305951-5,,1999-06-09,17778491,"H-01558, Johar Town, Lahore",Johar Town,Lahore
PROP000698,Muhammad Imran راجہ,74617-2645611-9,,1964-11-08,18162312,"H-01559, North Nazimabad, Karachi",North Nazimabad,Karachi
PROP000699,Mohammad Faysal Mughal,38914-4372441-8,Mohammad Othman مغل,1970-03-24,109622946,"H-01560, Chaklala, Rawalpindi",Chaklala,Rawalpindi
PROP000700,فیصل مغل,38914-4372441-8,Othman مغل,1970-03-24,106041850,"H-01560, Chaklala, Rawalpindi",Chaklala,Rawalpindi
PROP000701,فیصل Moghul,38914-4372441-8,Osman Mughal,,88806895,"H-01560, Chaklala, Rawalpindi",Chaklala,Rawalpindi
PROP000702,Ahmed Qureshi,,حسین Quraishi,1978-08-25,4399338,"H-01562, Peoples Colony, Faisalabad",Peoples Colony,Faisalabad
PROP000703,Muhammad Imran Khan,,Mohammad احمد خان,1976-03-25,2000000,"H-01565, Peoples Colony, Faisalabad",Peoples Colony,Faisalabad
PROP000704,حمزہ Chaudhry,13930-9961682-1,Hamza Chaudhary,1988-06-06,5089398,"H-01569, DHA, Karachi",DHA,Karachi
PROP000705,Imran Awan,46811-6340785-2,Hasan اعوان,1978-11-09,30837884,"H-01570, North Nazimabad, Karachi",North Nazimabad,Karachi
PROP000706,Osman Raja,13318-3509852-7,Muhammad علی راجہ,2001-03-03,21597766,"H-01574, DHA, Karachi",DHA,Karachi
PROP000707,Othman راجہ,13318-3549852-7,Ali راجہ,2001-03-03,16092556,"H-01574, DHA, Karachi",DHA,Karachi
PROP000708,Othman Raja,13318-3549852-7,Ali Raja,2001-03-03,23236071,"H-01574, DHA, Karachi",DHA,Karachi
PROP000709,Ahmed سید,49468-4803548-9,احمد Sayyid,1968-07-17,43512088,"H-01575, North Nazimabad, Karachi",North Nazimabad,Karachi
PROP000710,Fatima خان,35967-7343187-9,Othman Khan,1977-12-05,7547581,"H-01576, DHA, Lahore",DHA,Lahore
PROP000711,عمران راجہ,74617-8293757-4,Imran Raja,1971-07-16,2000000,"H-01582, DHA, Lahore",DHA,Lahore
PROP000712,Ali Shaykh,,Imran Sheikh,1956-11-04,12437436,"H-01583, Gulberg, Lahore",Gulberg,Lahore
PROP000713,زینب Malick,73644-6289106-3,Mohammed Imran ملک,1974-02-21,2000000,"H-01586, DHA, Lahore",DHA,Lahore
PROP000714,Faysal Syed,64256-8291789-3,Muhammed Hussain Sayyid,1976-05-28,24461774,"H-01603, G-10, Islamabad",G-10,Islamabad
PROP000715,Zainab Quraishi,26470-1625661-3,Muhammed Quraishi,1957-05-09,7169160,"H-01609, Bahria Town, Rawalpindi",Bahria Town,Rawalpindi
PROP000716,Bilal سید,19499-4738337-8,عمران Sayyid,1978-01-07,7227973,"H-01613, DHA, Lahore",DHA,Lahore
PROP000717,Bilal Syed,19499-4738337-8,عمران سید,1978-01-07,9264523,"H-01613, DHA, Lahore",DHA,Lahore
PROP000718,علی Mughal,86358-1840925-2,Ahmed Moghul,1996-11-16,3945402,"H-01616, E-11, Islamabad",E-11,Islamabad
PROP000719,Hassan Choudhary,30095-4922062-0,علی چوہدری,1956-03-11,36167651,"H-01619, Cantt, Lahore",Cantt,Lahore
PROP000720,Mohammed حسن چوہدری,30095-4922062-0,علی چوہدری,1956-03-11,24663479,"H-01619, Cantt, Lahore",Cantt,Lahore
PROP000721,Hassan Choudhary,30095-4922062-0,علی Choudhary,1956-03-11,41938913,"H-01619, Cantt, Lahore",Cantt,Lahore
PROP000722,حسن Khan,38765-4309617-4,Mohammed بلال خان,1984-08-03,37864840,"H-01620, DHA, Lahore",DHA,Lahore
PROP000723,علی Butt,17346-2312681-2,Hasan Bhatti,2002-10-18,15494141,"H-01622, F-8, Islamabad",F-8,Islamabad
PROP000724,Hasan خان,27276-1782937-2,عمران Khan,1973-08-03,17233885,"H-01623, Model Town, Lahore",Model Town,Lahore
PROP000725,Ahmad اعوان,96758-3221349-4,Muhammad Awan,1978-01-15,35398397,"H-01624, Gulberg, Lahore",Gulberg,Lahore
PROP000726,احمد اعوان,96758-3221349-4,Muhammad اعوان,1978-01-15,44598522,"H-01624, Gulberg, Lahore",Gulberg,Lahore
PROP000727,Ahmad اعوان,96758-3221349-4,Muhammad اعوان,1978-01-15,35027009,"H-01624, Gulberg, Lahore",Gulberg,Lahore
PROP000728,Hussein Khan,93862-4814971-8,Hamzah Khan,1964-11-16,7509013,"H-01626, Chaklala, Rawalpindi",Chaklala,Rawalpindi
PROP000729,Muhammed Hamzah خان,,,1977-02-19,97193419,"H-01630, Chaklala, Rawalpindi",Chaklala,Rawalpindi
PROP000730,Muhammed Hamza خان,14725-4783854-9,علی Khan,,65283912,"H-01630, Chaklala, Rawalpindi",Chaklala,Rawalpindi
PROP000731,Hamza Khan,14725-4783054-9,Mohammed Ali Khan,1977-02-19,76719107,"H-01630, Chaklala, Rawalpindi",Chaklala,Rawalpindi
PROP000732,Ali مغل,74748-2711673-2,علی مغل,,11141312,"H-01631, F-7, Islamabad",F-7,Islamabad
PROP000733,ثناء Qureshi,51054-4178720-7,Hamzah Qureshi,1971-10-23,21373471,"H-01635, North Nazimabad, Karachi",North Nazimabad,Karachi
PROP000734,Sana Quraishi,51054-4178720-7,Hamza Qureshi,1971-10-23,18782873,"H-01635, North Nazimabad, Karachi",North Nazimabad,Karachi
PROP000735,ثناء Qureshi,51054-4178720-7,Hamza قریشی,1971-10-23,25652517,"H-01635, North Nazimabad, Karachi",North Nazimabad,Karachi
PROP000736,Mohammad Ali Moghul,40562-5496419-2,حمزہ مغل,1986-08-11,43637423,"H-01636, E-11, Islamabad",E-11,Islamabad
PROP000737,علی مغل,40562-5496419-2,Hamzah Mughal,1986-08-11,16592637,"H-01636, E-11, Islamabad",E-11,Islamabad
PROP000738,علی مغل,40563-5496419-2,Hamza Moghul,1986-08-11,27779586,"H-01636, E-11, Islamabad",E-11,Islamabad
PROP000739,Faysal سید,42029-8772420-2,Bilal Sayed,1966-10-24,2738569,"H-01639, Johar Town, Lahore",Johar Town,Lahore
PROP000740,Muhammad Syed,53938-5348804-9,عمران Sayed,1956-11-22,2000000,"H-01640, Saddar, Rawalpindi",Saddar,Rawalpindi
PROP000741,Mohammad عثمان راجہ,81229-7998722-8,Muhammed Hamza Raja,1980-05-01,5560817,"H-01643, Johar Town, Lahore",Johar Town,Lahore
PROP000742,Usman Raja,81229-7998722-8,حمزہ راجہ,1980-05-01,4710461,"H-01643, Johar Town, Lahore",Johar Town,Lahore
PROP000743,Husain راجہ,61047-6189258-4,Mohammad Ali راجہ,1998-01-02,101398626,"H-01644, Madina Town, Faisalabad",Madina Town,Faisalabad
PROP000744,Muhammed Hussain راجہ,61047-6189258-4,Ali Raja,1998-01-02,85143315,"H-01644, Madina Town, Faisalabad",Madina Town,Faisalabad
PROP000745,Hussein راجہ,21047-6189258-4,علی Raja,1998-01-02,77097119,"H-01644, Madina Town, Faisalabad",Madina Town,Faisalabad
PROP000746,احمد Moghul,,,1994-03-23,3723633,"H-01646, Bahria Town, Rawalpindi",Bahria Town,Rawalpindi
PROP000747,فاطمہ Ch.,37106-9415479-9,بلال چوہدری,1998-04-07,4207216,"H-01653, Cantt, Lahore",Cantt,Lahore
PROP000748,فاطمہ Chaudhry,37106-9415479-9,Bilal Ch.,1998-04-07,4108603,"H-01653, Cantt, Lahore",Cantt,Lahore
PROP000749,Mohammad Imran قریشی,62755-3970123-6,Hamzah قریشی,1961-04-14,2161904,"H-01654, North Nazimabad, Karachi",North Nazimabad,Karachi
PROP000750,Muhammad ملک,97008-9486611-2,Hasan ملک,1969-12-20,16201237,"H-01655, Gulberg, Lahore",Gulberg,Lahore
PROP000751,Muhammad Malik,97008-9486611-2,Hassan Malick,1969-12-20,19995520,"H-01655, Gulberg, Lahore",Gulberg,Lahore
PROP000752,حمزہ شیخ,61221-7322835-5,بلال Shaykh,1989-07-25,9317951,"H-01659, Clifton, Karachi",Clifton,Karachi
PROP000753,Hamza Sheikh,61221-7322835-5,Bilal Shaykh,1989-07-25,6895006,"H-01659, Clifton, Karachi",Clifton,Karachi
PROP000754,حرا خان,27891-1377064-7,Husain Khan,1995-08-05,19441311,"H-01661, Chaklala, Rawalpindi",Chaklala,Rawalpindi
PROP000755,Hamzah خان,,Hussain خان,1989-05-22,5366642,"H-01676, E-11, Islamabad",E-11,Islamabad
PROP000756,Fatima Butt,36630-1614835-5,حسن بٹ,,66216808,"H-01684, Bahria Town, Islamabad",Bahria Town,Islamabad
PROP000757,Fatimah بٹ,,Hasan بٹ,1986-09-18,57135487,"H-01684, Bahria Town, Islamabad",Bahria Town,Islamabad
PROP000758,Fatema بٹ,36630-1614835-5,,1986-09-18,49542694,"H-01684, Bahria Town, Islamabad",Bahria Town,Islamabad
PROP000759,Ali ملک,63555-6481363-3,Mohammed Osman Malik,2001-04-16,115484686,"H-01687, Chaklala, Rawalpindi",Chaklala,Rawalpindi
PROP000760,Mohammad علی Malick,63555-6481363-3,Muhammad Othman ملک,2001-04-16,119596153,"H-01687, Chaklala, Rawalpindi",Chaklala,Rawalpindi
PROP000761,Ali Malick,63555-6481363-3,Osman Malik,2001-04-16,140036129,"H-01687, Chaklala, Rawalpindi",Chaklala,Rawalpindi
PROP000762,Hamza Shaikh,74261-6512882-9,Mohammad Osman Shaykh,2003-09-05,23805940,"H-01693, Peoples Colony, Faisalabad",Peoples Colony,Faisalabad
PROP000763,Hamza شیخ,74261-6512882-9,Osman Shaikh,2003-09-05,25610250,"H-01693, Peoples Colony, Faisalabad",Peoples Colony,Faisalabad
PROP000764,Sana ملک,85554-1190530-0,Faisal Malick,1997-12-19,13905012,"H-01698, G-10, Islamabad",G-10,Islamabad
PROP000765,ثناء ملک,85554-1190530-0,Faysal Malik,1997-12-19,18184871,"H-01698, G-10, Islamabad",G-10,Islamabad
PROP000766,ثناء ملک,85554-1190530-0,فیصل Malick,1997-12-19,11673914,"H-01698, G-10, Islamabad",G-10,Islamabad
PROP000767,احمد قریشی,12708-8796027-0,Osman Quraishi,1967-03-22,2000000,"H-01700, Jaranwala Road, Faisalabad",Jaranwala Road,Faisalabad
PROP000768,عثمان Khan,37810-8734943-3,,1959-06-23,3783956,"H-01703, Model Town, Lahore",Model Town,Lahore
PROP000769,Imran مغل,63721-1078617-5,Muhammed Hassan Mughal,1973-03-17,2000000,"H-01708, Satellite Town, Rawalpindi",Satellite Town,Rawalpindi
PROP000770,Hamza Sayed,27605-9541450-1,Muhammed Hussain Syed,1995-05-22,4851856,"H-01711, Johar Town, Lahore",Johar Town,Lahore
PROP000771,فیصل Quraishi,85411-7908210-9,,1981-08-13,19059411,"H-01712, DHA, Lahore",DHA,Lahore
PROP000772,Muhammad Faysal Sheikh,80330-5667750-9,عمران Sheikh,1984-05-28,20625846,"H-01713, Cantt, Lahore",Cantt,Lahore
PROP000773,Faysal Sheikh,80330-5667750-9,Imran Shaikh,1984-05-28,27252678,"H-01713, Cantt, Lahore",Cantt,Lahore
PROP000774,Faysal Shaikh,80330-5667750-9,Mohammad عمران Shaikh,1984-05-28,27264988,"H-01713, Cantt, Lahore",Cantt,Lahore
PROP000775,احمد سید,36620-6118172-3,Faysal Sayyid,,2000000,"H-01715, F-7, Islamabad",F-7,Islamabad
PROP000776,Ahmad Sayyid,36620-6118172-3,Mohammad Faysal Sayed,1987-09-03,2000000,"H-01715, F-7, Islamabad",F-7,Islamabad
PROP000777,Maryam Qureshi,40675-4597858-6,Husain Quraishi,2003-08-15,38493309,"H-01716, Madina Town, Faisalabad",Madina Town,Faisalabad
PROP000778,Maryam Qureshi,40675-4598858-6,Hussain قریشی,2003-08-15,37730909,"H-01716, Madina Town, Faisalabad",Madina Town,Faisalabad
PROP000779,Muhammad Moghul,24774-6857037-3,,,16597606,"H-01717, North Nazimabad, Karachi",North Nazimabad,Karachi
PROP000780,Osman Butt,44336-2137832-2,Muhammed Hasan بٹ,1960-10-02,16050282,"H-01718, DHA, Lahore",DHA,Lahore
PROP000781,Hamza Awan,45196-5689206-1,Muhammad Awan,1958-12-23,2590132,"H-01719, DHA, Lahore",DHA,Lahore
PROP000782,Muhammad احمد Shaikh,81301-8811741-0,Faisal شیخ,2001-12-18,3815050,"H-01721, Model Town, Lahore",Model Town,Lahore
PROP000783,علی Sayed,79936-1866001-0,Mohammed Hassan Syed,1974-07-17,2298782,"H-01723, DHA, Karachi",DHA,Karachi
PROP000784,محمد اعوان,81585-7700088-7,علی Awan,1958-03-25,7795223,"H-01724, Clifton, Karachi",Clifton,Karachi
PROP000785,محمد خان,41902-3291121-5,,1955-01-26,55131659,"H-01726, Malir, Karachi",Malir,Karachi
PROP000786,Muhammed خان,,فیصل خان,1955-01-26,53745373,"H-01726, Malir, Karachi",Malir,Karachi
PROP000787,Muhammad Khan,41902-3291121-5,Faysal خان,1955-01-26,59785190,"H-01726, Malir, Karachi",Malir,Karachi
PROP000788,زینب Awan,77331-8068258-2,Hassan اعوان,1984-07-02,9448371,"H-01735, Peoples Colony, Faisalabad",Peoples Colony,Faisalabad
PROP000789,بلال Moghul,,Mohammad عمران Mughal,,2545290,"H-01738, Gulberg, Lahore",Gulberg,Lahore
PROP000790,Bilal مغل,28201-9295865-3,Mohammed Hamzah مغل,2002-10-22,15805781,"H-01743, Gulberg, Lahore",Gulberg,Lahore
PROP000791,Bilal Moghul,28201-9295865-3,حمزہ Mughal,2002-10-22,10693520,"H-01743, Gulberg, Lahore",Gulberg,Lahore
PROP000792,Imran Shaykh,29671-1304860-3,Hussein شیخ,1997-01-03,35882914,"H-01747, Peoples Colony, Faisalabad",Peoples Colony,Faisalabad
PROP000793,Muhammed Raja,19178-9336274-4,عثمان Raja,1963-08-08,16498032,"H-01751, Bahria Town, Islamabad",Bahria Town,Islamabad
PROP000794,عمران Shaykh,13882-2505437-2,,1963-10-24,143770814,"H-01755, Saddar, Rawalpindi",Saddar,Rawalpindi
PROP000795,عمران شیخ,13882-2505437-2,Hassan Sheikh,1963-10-24,211660249,"H-01755, Saddar, Rawalpindi",Saddar,Rawalpindi
PROP000796,Imran Shaykh,13882-2505437-2,Mohammad Hassan Shaykh,1963-10-24,128878040,"H-01755, Saddar, Rawalpindi",Saddar,Rawalpindi
PROP000797,Mohammad Hussain Butt,50037-3981384-2,Hamzah بٹ,1981-04-28,3540963,"H-01757, Saddar, Rawalpindi",Saddar,Rawalpindi
PROP000798,Aisha Malick,53633-4969452-0,Othman Malik,1986-12-24,9632112,"H-01758, Madina Town, Faisalabad",Madina Town,Faisalabad
PROP000799,ثناء Sheikh,01387-6641815-6,Hussein Shaykh,1993-12-25,5159010,"H-01764, Clifton, Karachi",Clifton,Karachi
PROP000800,Sana شیخ,,,1993-12-25,3388258,"H-01764, Clifton, Karachi",Clifton,Karachi
PROP000801,Muhammed علی Choudhary,62618-1854928-4,Muhammad فیصل چوہدری,2002-09-14,25158888,"H-01769, DHA, Karachi",DHA,Karachi
PROP000802,Ali Chaudhary,62618-1854928-4,Faisal Chaudhary,2002-09-14,27982147,"H-01769, DHA, Karachi",DHA,Karachi
PROP000803,احمد Malik,11730-4520809-4,حمزہ Malick,1962-04-04,21639592,"H-01771, F-7, Islamabad",F-7,Islamabad
PROP000804,Muhammad Ahmad Malick,11730-4590809-4,,1962-04-04,23955163,"H-01771, F-7, Islamabad",F-7,Islamabad
PROP000805,ثناء خان,71339-1943518-3,Muhammed حمزہ Khan,1962-07-04,30590729,"H-01775, Bahria Town, Rawalpindi",Bahria Town,Rawalpindi
PROP000806,Mohammad Awan,10914-4054479-4,عمران اعوان,1955-11-24,5486486,"H-01777, Saddar, Rawalpindi",Saddar,Rawalpindi
PROP000807,Usman Khan,49084-3435911-6,احمد خان,1955-08-01,7961622,"H-01781, Malir, Karachi",Malir,Karachi
PROP000808,Ali بٹ,91265-4726746-9,علی Bhatti,1973-09-28,8641186,"H-01782, DHA, Lahore",DHA,Lahore
PROP000809,محمد Bhatti,88733-2251483-0,عثمان بٹ,1969-01-05,6492515,"H-01783, Malir, Karachi",Malir,Karachi
PROP000810,Mohammed Ahmed خان,25530-5632814-7,Bilal خان,,6966657,"H-01785, F-7, Islamabad",F-7,Islamabad
PROP000811,Ahmad Khan,25530-5632814-7,بلال Khan,1971-03-16,5080975,"H-01785, F-7, Islamabad",F-7,Islamabad
PROP000812,حسین Syed,28526-1615362-5,احمد سید,1983-02-01,22146661,"H-01789, Satellite Town, Rawalpindi",Satellite Town,Rawalpindi
PROP000813,Ayesha Quraishi,95503-9064545-8,Hassan Qureshi,1985-11-24,2663977,"H-01790, Chaklala, Rawalpindi",Chaklala,Rawalpindi
PROP000814,Hira Ch.,18860-4464951-5,Mohammad Hasan چوہدری,2001-09-13,59342491,"H-01794, Johar Town, Lahore",Johar Town,Lahore
PROP000815,حرا Choudhary,18160-4464951-5,,2001-09-13,35034606,"H-01794, Johar Town, Lahore",Johar Town,Lahore
PROP000816,حرا Ch.,,Hassan Choudhary,2001-09-13,71953946,"H-01794, Johar Town, Lahore",Johar Town,Lahore
PROP000817,عمران راجہ,33116-1965266-5,Usman Raja,,10932256,"H-01796, Bahria Town, Rawalpindi",Bahria Town,Rawalpindi
PROP000818,Muhammed عمران Raja,33116-1965266-5,Usman راجہ,1970-05-01,16078362,"H-01796, Bahria Town, Rawalpindi",Bahria Town,Rawalpindi
PROP000819,Bilal اعوان,75561-8774115-7,Osman اعوان,1977-05-06,4339744,"H-01798, Malir, Karachi",Malir,Karachi
PROP000820,Hassan Raja,33714-9000330-3,Bilal راجہ,2002-03-15,19859960,"H-01799, F-8, Islamabad",F-8,Islamabad
PROP000821,Hassan Raja,33714-9000330-3,بلال Raja,2002-03-15,36301356,"H-01799, F-8, Islamabad",F-8,Islamabad
PROP000822,حسن راجہ,33714-9000330-3,بلال راجہ,2002-03-15,30758374,"H-01799, F-8, Islamabad",F-8,Islamabad
PROP000823,حمزہ Malick,17498-5941359-2,Mohammed Faysal ملک,1989-06-04,38662809,"H-01801, Bahria Town, Rawalpindi",Bahria Town,Rawalpindi
PROP000824,حمزہ ملک,17498-5941359-2,Mohammad Faisal ملک,1989-06-04,64552198,"H-01801, Bahria Town, Rawalpindi",Bahria Town,Rawalpindi
PROP000825,حمزہ Malik,17498-5941359-2,Faysal ملک,1989-06-04,52051697,"H-01801, Bahria Town, Rawalpindi",Bahria Town,Rawalpindi
PROP000826,علی Khan,,,1966-11-13,43784647,"H-01803, Johar Town, Lahore",Johar Town,Lahore
PROP000827,Ali Khan,84532-1233441-1,Muhammed Hussein Khan,1966-11-13,56368310,"H-01803, Johar Town, Lahore",Johar Town,Lahore
PROP000828,Hasan Mughal,91714-7268550-0,Hamzah Mughal,2001-01-17,16905304,"H-01810, Chaklala, Rawalpindi",Chaklala,Rawalpindi
PROP000829,Bilal Awan,12844-3846190-0,Imran اعوان,1955-11-23,13472551,"H-01811, E-11, Islamabad",E-11,Islamabad
PROP000830,Faisal Khan,20191-7231119-4,حسن Khan,,5506025,"H-01812, Gulberg, Lahore",Gulberg,Lahore
PROP000831,Faysal چوہدری,55678-4228414-3,Muhammed Hassan چوہدری,1966-01-06,13241082,"H-01813, Gulberg, Lahore",Gulberg,Lahore
PROP000832,Osman قریشی,24879-4795712-5,Mohammad Hussain Quraishi,1976-12-22,5460677,"H-01814, F-7, Islamabad",F-7,Islamabad
PROP000833,Sana Raja,47334-4492198-9,Hasan Raja,2003-04-07,7712795,"H-01815, Jaranwala Road, Faisalabad",Jaranwala Road,Faisalabad
PROP000834,Bilal Shaikh,27335-1121508-8,Mohammad شیخ,1977-10-24,2000000,"H-01816, Peoples Colony, Faisalabad",Peoples Colony,Faisalabad
PROP000835,Ahmad قریشی,56481-1166649-5,Ahmed Qureshi,,46041599,"H-01823, Model Town, Lahore",Model Town,Lahore
PROP000836,Ahmed قریشی,56481-1166649-5,Mohammad Ahmad Qureshi,1972-04-24,38459416,"H-01823, Model Town, Lahore",Model Town,Lahore
PROP000837,حسین چوہدری,67883-9138870-9,حمزہ Chaudhary,,2000000,"H-01824, North Nazimabad, Karachi",North Nazimabad,Karachi
PROP000838,حسین Raja,15432-8238061-7,Bilal راجہ,1991-04-07,16557982,"H-01826, Satellite Town, Rawalpindi",Satellite Town,Rawalpindi
PROP000839,زینب Malik,17492-3783829-5,Hamza Malik,2000-09-22,3328709,"H-01827, Bahria Town, Islamabad",Bahria Town,Islamabad
PROP000840,عثمان Quraishi,,Ali Quraishi,1966-03-28,12094358,"H-01830, North Nazimabad, Karachi",North Nazimabad,Karachi
PROP000841,مریم Shaykh,27613-7877137-6,Muhammad Shaykh,1971-06-27,16380996,"H-01833, Saddar, Rawalpindi",Saddar,Rawalpindi
PROP000842,Fatema Chaudhary,21813-8460708-6,,1969-11-04,39986804,"H-01838, E-11, Islamabad",E-11,Islamabad
PROP000843,مریم Khan,42900-5904273-2,Mohammad فیصل Khan,1957-05-14,9915384,"H-01841, Bahria Town, Rawalpindi",Bahria Town,Rawalpindi
PROP000844,Ahmed Raja,12591-2451944-7,,1994-10-07,17039071,"H-01842, Peoples Colony, Faisalabad",Peoples Colony,Faisalabad
PROP000845,احمد راجہ,12591-2451944-7,Muhammed فیصل راجہ,1994-10-07,18826773,"H-01842, Peoples Colony, Faisalabad",Peoples Colony,Faisalabad
PROP000846,عائشہ Bhatti,63988-8187437-0,,1957-04-23,36026818,"H-01852, Model Town, Lahore",Model Town,Lahore
PROP000847,عائشہ Butt,63988-8187437-0,Usman Butt,1957-04-23,37533436,"H-01852, Model Town, Lahore",Model Town,Lahore
PROP000848,Aysha Bhatti,63988-8187437-0,Muhammad Usman Bhatti,1957-04-23,51716540,"H-01852, Model Town, Lahore",Model Town,Lahore
PROP000849,Muhammed عمران Shaykh,,Faysal Shaykh,1996-05-25,5989412,"H-01854, Gulberg, Lahore",Gulberg,Lahore
PROP000850,Imran شیخ,65132-7880903-7,Faysal Sheikh,1996-05-25,8915736,"H-01854, Gulberg, Lahore",Gulberg,Lahore
PROP000851,Sana Raja,,Faysal Raja,1957-07-16,31384597,"H-01855, Chaklala, Rawalpindi",Chaklala,Rawalpindi
PROP000852,Hamzah خان,,,1984-03-13,5810908,"H-01868, DHA, Lahore",DHA,Lahore
PROP000853,ثناء Sheikh,,,1984-03-17,8251389,"H-01869, G-10, Islamabad",G-10,Islamabad
PROP000854,Ayisha شیخ,61368-3221335-0,Imran شیخ,1957-09-05,55148010,"H-01871, Satellite Town, Rawalpindi",Satellite Town,Rawalpindi
PROP000855,Ayesha Shaikh,61368-3221835-0,Mohammad عمران شیخ,1957-09-05,61390734,"H-01871, Satellite Town, Rawalpindi",Satellite Town,Rawalpindi
PROP000856,Ayisha شیخ,61368-3221835-0,عمران Shaikh,1957-09-05,63336345,"H-01871, Satellite Town, Rawalpindi",Satellite Town,Rawalpindi
PROP000857,Muhammad Qureshi,65694-5292319-8,Ahmed Qureshi,1999-09-27,13879450,"H-01876, F-8, Islamabad",F-8,Islamabad
PROP000858,Husain Sayed,35897-3133610-3,بلال Sayyid,1957-07-13,25759115,"H-01878, Bahria Town, Rawalpindi",Bahria Town,Rawalpindi
PROP000859,حمزہ Syed,18826-6116374-3,Mohammed سید,,3748585,"H-01885, Cantt, Lahore",Cantt,Lahore
PROP000860,حرا Moghul,22705-1213619-0,Hamzah مغل,1986-08-07,2000000,"H-01892, E-11, Islamabad",E-11,Islamabad
PROP000861,Hussain Awan,89814-1001433-4,حمزہ اعوان,1982-01-15,8542282,"H-01895, Bahria Town, Islamabad",Bahria Town,Islamabad
PROP000862,Fatimah Choudhary,10673-1892606-6,,1959-10-03,25304941,"H-01896, F-7, Islamabad",F-7,Islamabad
PROP000863,Fatimah Ch.,10673-8892606-6,,1959-10-03,18439524,"H-01896, F-7, Islamabad",F-7,Islamabad
PROP000864,Ahmed اعوان,80544-6823594-1,Husain Awan,1977-07-07,7758783,"H-01897, Gulberg, Lahore",Gulberg,Lahore
PROP000865,Hasan Raja,82703-7699816-4,محمد Raja,1997-08-18,34206660,"H-01902, Bahria Town, Islamabad",Bahria Town,Islamabad
PROP000866,Muhammad حسن Raja,82703-7699816-4,محمد Raja,1997-08-18,26152673,"H-01902, Bahria Town, Islamabad",Bahria Town,Islamabad
PROP000867,Hasan Quraishi,36225-1931030-3,Faisal Quraishi,1984-05-09,13560514,"H-01904, Bahria Town, Rawalpindi",Bahria Town,Rawalpindi
PROP000868,Hussain اعوان,98974-3308320-3,احمد اعوان,1983-02-10,16437527,"H-01909, North Nazimabad, Karachi",North Nazimabad,Karachi
PROP000869,Mohammad Hussein اعوان,98984-3308320-3,,1983-02-10,13757900,"H-01909, North Nazimabad, Karachi",North Nazimabad,Karachi
PROP000870,حسین اعوان,,Mohammad Ahmed Awan,1983-02-10,19328429,"H-01909, North Nazimabad, Karachi",North Nazimabad,Karachi
PROP000871,Hassan Mughal,73690-7500935-6,Mohammad Ali Moghul,1981-03-08,8364971,"H-01910, E-11, Islamabad",E-11,Islamabad
PROP000872,Mohammed Ahmad راجہ,25830-7531196-5,Othman Raja,1988-04-10,3802298,"H-01918, North Nazimabad, Karachi",North Nazimabad,Karachi
PROP000873,زینب Qureshi,,Faisal Qureshi,1958-06-24,7734591,"H-01924, DHA, Lahore",DHA,Lahore
PROP000874,Muhammed Imran Shaykh,31478-7623361-7,Muhammad بلال Shaykh,,4527143,"H-01929, F-8, Islamabad",F-8,Islamabad
PROP000875,عمران Shaykh,,بلال Shaikh,1994-10-21,3810630,"H-01929, F-8, Islamabad",F-8,Islamabad
PROP000876,حسن بٹ,19598-4061044-7,بلال Bhatti,2002-12-06,16329448,"H-01944, DHA, Karachi",DHA,Karachi
PROP000877,Hassan Butt,19598-4061044-7,,2002-12-06,17462642,"H-01944, DHA, Karachi",DHA,Karachi
PROP000878,Hamzah Bhatti,,عمران Bhatti,,18120905,"H-01945, Gulberg, Lahore",Gulberg,Lahore
PROP000879,علی Choudhary,17577-6533591-8,Hussein Choudhary,1959-07-17,2000000,"H-01946, Satellite Town, Rawalpindi",Satellite Town,Rawalpindi
PROP000880,علی Ch.,17577-6533591-8,,1959-07-17,2000000,"H-01946, Satellite Town, Rawalpindi",Satellite Town,Rawalpindi
PROP000881,Hira اعوان,84366-7489772-3,Mohammed عمران اعوان,1970-01-28,2448927,"H-01948, Peoples Colony, Faisalabad",Peoples Colony,Faisalabad
PROP000882,Fatema Chaudhry,16644-1995794-9,,1981-02-13,17826146,"H-01949, Saddar, Rawalpindi",Saddar,Rawalpindi
PROP000883,Fatimah Chaudhry,16644-1995794-9,علی Chaudhary,1981-02-13,14183101,"H-01949, Saddar, Rawalpindi",Saddar,Rawalpindi
PROP000884,Fatema Chaudhary,16644-1995794-9,Ali Chaudhary,1981-02-13,15341441,"H-01949, Saddar, Rawalpindi",Saddar,Rawalpindi
PROP000885,عثمان Qureshi,23090-3888162-4,Hamza قریشی,1982-05-01,2000000,"H-01951, Chaklala, Rawalpindi",Chaklala,Rawalpindi
PROP000886,Husain Quraishi,36823-6938085-6,,1974-09-01,3570174,"H-01958, Malir, Karachi",Malir,Karachi
PROP000887,Fatema Choudhary,66277-1522240-5,Muhammed عمران Chaudhary,,22753240,"H-01964, Gulberg, Lahore",Gulberg,Lahore
PROP000888,Mariam بٹ,22931-8439899-3,,1979-07-06,14679371,"H-01965, Madina Town, Faisalabad",Madina Town,Faisalabad
PROP000889,Maryam Butt,22931-8439899-3,محمد Bhatti,1979-07-06,10326838,"H-01965, Madina Town, Faisalabad",Madina Town,Faisalabad
PROP000890,Hamzah مغل,17535-3541821-2,,1985-11-27,11877095,"H-01968, Jaranwala Road, Faisalabad",Jaranwala Road,Faisalabad
PROP000891,Hamza Mughal,13535-3541821-2,Hassan Mughal,,18623768,"H-01968, Jaranwala Road, Faisalabad",Jaranwala Road,Faisalabad
PROP000892,Muhammed Usman ملک,23076-3595205-9,,1988-11-13,27615340,"H-01974, Jaranwala Road, Faisalabad",Jaranwala Road,Faisalabad
PROP000893,حسن قریشی,11739-9167792-7,Muhammed حسن قریشی,2002-02-25,6575921,"H-01978, E-11, Islamabad",E-11,Islamabad
PROP000894,ثناء اعوان,92285-7602571-8,Mohammad Faisal اعوان,1959-12-02,2456300,"H-01982, Gulshan-e-Iqbal, Karachi",Gulshan-e-Iqbal,Karachi
PROP000895,Mariam Moghul,28628-4894340-4,Hussein مغل,,30816385,"H-01983, Saddar, Rawalpindi",Saddar,Rawalpindi
PROP000896,Marium مغل,28628-4894340-4,Muhammed Hussein Mughal,,23687096,"H-01983, Saddar, Rawalpindi",Saddar,Rawalpindi
PROP000897,Fatimah Awan,37303-2996911-5,Muhammad Faysal اعوان,1986-06-15,6318231,"H-01985, Jaranwala Road, Faisalabad",Jaranwala Road,Faisalabad
PROP000898,فاطمہ اعوان,37303-2996911-1,Faisal Awan,1986-06-15,7503786,"H-01985, Jaranwala Road, Faisalabad",Jaranwala Road,Faisalabad
PROP000899,Ahmed Raja,80456-5151336-9,Bilal راجہ,1979-01-15,9658884,"H-01988, G-10, Islamabad",G-10,Islamabad
PROP000900,Mariam Butt,,Osman Butt,1989-05-21,9354013,"H-01989, Bahria Town, Rawalpindi",Bahria Town,Rawalpindi
PROP000901,حسین Malik,45842-9044888-6,,2000-10-09,8811929,"H-01991, Model Town, Lahore",Model Town,Lahore
PROP000902,Maryam بٹ,87527-3103442-8,,1973-11-21,8980662,"H-01992, Clifton, Karachi",Clifton,Karachi
PROP000903,علی Sayyid,,Ahmed Sayed,1990-04-14,7771613,"H-01993, F-7, Islamabad",F-7,Islamabad
PROP000904,Maryam Syed,10196-3341257-5,,1970-05-06,72469873,"H-01994, Saddar, Rawalpindi",Saddar,Rawalpindi
PROP000905,Marium Sayed,10196-3341257-5,بلال سید,1970-05-06,79697162,"H-01994, Saddar, Rawalpindi",Saddar,Rawalpindi
PROP000906,مریم Syed,10196-3341257-5,Mohammad بلال Sayed,1970-05-06,79201943,"H-01994, Saddar, Rawalpindi",Saddar,Rawalpindi
PROP000907,مریم Quraishi,12116-2573490-7,Hamza قریشی,1994-02-11,14859564,"H-01996, Jaranwala Road, Faisalabad",Jaranwala Road,Faisalabad
PROP000908,Maryam Qureshi,,Hamza قریشی,,17705336,"H-01996, Jaranwala Road, Faisalabad",Jaranwala Road,Faisalabad
PROP000909,Bilal Butt,16887-2846226-8,,,2864669,"H-01998, Johar Town, Lahore",Johar Town,Lahore
PROP000910,Bilal مغل,86368-3649973-2,Muhammad حمزہ Mughal,1998-08-13,7072373,"H-01999, G-10, Islamabad",G-10,Islamabad
PROP000911,Mohammad حسین Moghul,38355-6425355-0,Ali مغل,2002-06-11,9692360,"H-02000, DHA, Karachi",DHA,Karachi
PROP000912,Mohammed حسین بٹ,62341-9071705-2,,1989-09-08,4275054,"H-02001, Bahria Town, Islamabad",Bahria Town,Islamabad
PROP000913,Hamzah Chaudhary,43120-7059883-4,Bilal چوہدری,2001-12-23,3750293,"H-02002, DHA, Lahore",DHA,Lahore
PROP000914,بلال Raja,66074-4320590-3,احمد Raja,1978-05-06,11631293,"H-02008, Clifton, Karachi",Clifton,Karachi
PROP000915,بلال Raja,66074-4320590-3,Ahmed راجہ,1978-05-06,9397341,"H-02008, Clifton, Karachi",Clifton,Karachi
PROP000916,Muhammad Othman سید,,,2003-04-09,5485647,"H-02013, DHA, Lahore",DHA,Lahore
PROP000917,حسن Moghul,39861-3924425-5,Muhammed علی Moghul,1988-07-04,82030880,"H-02014, Clifton, Karachi",Clifton,Karachi
PROP000918,Hasan مغل,39861-3924425-5,علی Mughal,1988-07-04,104216044,"H-02014, Clifton, Karachi",Clifton,Karachi
PROP000919,حسن Moghul,39861-3924425-5,,1988-07-04,74836674,"H-02014, Clifton, Karachi",Clifton,Karachi
PROP000920,Mohammed Usman Sayed,26546-4633581-4,علی Sayed,,49858032,"H-02015, G-10, Islamabad",G-10,Islamabad
PROP000921,Mohammed Osman Sayed,26546-4633581-4,Mohammed علی سید,1987-07-10,48501194,"H-02015, G-10, Islamabad",G-10,Islamabad
PROP000922,Osman Sayed,26546-4633581-4,علی Sayed,1987-07-10,44573113,"H-02015, G-10, Islamabad",G-10,Islamabad
PROP000923,Mohammad چوہدری,76273-2340899-1,علی چوہدری,1996-07-23,7618895,"H-02030, Chaklala, Rawalpindi",Chaklala,Rawalpindi
PROP000924,Ahmad بٹ,23596-7718548-0,حسین Butt,,3001897,"H-02035, Madina Town, Faisalabad",Madina Town,Faisalabad
PROP000925,Mohammad Hamzah Mughal,,Ahmad Moghul,1975-08-04,4319222,"H-02039, Clifton, Karachi",Clifton,Karachi
PROP000926,عائشہ Choudhary,,Ali Ch.,1974-08-22,17252115,"H-02040, DHA, Lahore",DHA,Lahore
PROP000927,Mohammad احمد خان,47092-9863102-1,Hamza خان,1992-09-20,22447438,"H-02046, Model Town, Lahore",Model Town,Lahore
PROP000928,بلال Awan,37290-7134091-5,عمران Awan,1973-03-28,31599008,"H-02048, E-11, Islamabad",E-11,Islamabad
PROP000929,Ayesha خان,63631-1989763-4,Ahmed خان,1986-03-18,14752027,"H-02051, Malir, Karachi",Malir,Karachi
PROP000930,حسن راجہ,56029-3706798-2,Muhammed Hasan راجہ,1964-09-05,15737501,"H-02052, DHA, Karachi",DHA,Karachi
PROP000931,محمد Bhatti,82645-5495901-7,فیصل Bhatti,1962-04-12,10871536,"H-02054, DHA, Karachi",DHA,Karachi
PROP000932,Mohammad بٹ,82645-5495901-7,Faysal Butt,1962-04-12,9072468,"H-02054, DHA, Karachi",DHA,Karachi
PROP000933,Mohammad بٹ,47709-6526090-3,Husain بٹ,1959-10-11,10701774,"H-02057, North Nazimabad, Karachi",North Nazimabad,Karachi
PROP000934,Mohammed Sayyid,75237-1418381-3,حمزہ سید,1990-10-25,2000000,"H-02059, Model Town, Lahore",Model Town,Lahore
PROP000935,Muhammad Raja,85486-1011118-6,Faisal راجہ,1982-10-21,14244947,"H-02061, F-8, Islamabad",F-8,Islamabad
PROP000936,Osman Chaudhary,,,1984-05-28,8316626,"H-02067, Saddar, Rawalpindi",Saddar,Rawalpindi
PROP000937,Fatima اعوان,11959-3720451-4,Ali اعوان,1978-08-02,2830748,"H-02068, Peoples Colony, Faisalabad",Peoples Colony,Faisalabad
PROP000938,Mohammad شیخ,64786-2597520-9,,1961-10-08,3733160,"H-02074, DHA, Lahore",DHA,Lahore
PROP000939,Osman مغل,,Faisal مغل,1958-01-02,6183912,"H-02075, Johar Town, Lahore",Johar Town,Lahore
PROP000940,علی Sheikh,98496-2910542-6,Mohammed Hamza شیخ,1995-09-22,11057271,"H-02082, DHA, Lahore",DHA,Lahore
PROP000941,Muhammed علی Shaykh,98496-2910542-6,Muhammad حمزہ Shaykh,1995-09-22,17580499,"H-02082, DHA, Lahore",DHA,Lahore
PROP000942,علی Shaikh,98496-2910542-6,Hamza شیخ,1995-09-22,12159011,"H-02082, DHA, Lahore",DHA,Lahore
PROP000943,Ahmed چوہدری,67324-6781086-9,عمران Choudhary,1979-07-20,25910159,"H-02086, Model Town, Lahore",Model Town,Lahore
PROP000944,Muhammed Ahmad Choudhary,67324-6781086-9,Imran Chaudhary,1979-07-20,29822980,"H-02086, Model Town, Lahore",Model Town,Lahore
PROP000945,Bilal Quraishi,63835-5365057-8,Muhammed Hamza Quraishi,1987-05-19,13656640,"H-02090, Satellite Town, Rawalpindi",Satellite Town,Rawalpindi
PROP000946,Sana قریشی,98102-1909939-6,Ali قریشی,2003-08-14,21988230,"H-02092, Clifton, Karachi",Clifton,Karachi
PROP000947,Mohammed Hussein قریشی,27949-7267637-1,Imran Quraishi,,15125153,"H-02095, Satellite Town, Rawalpindi",Satellite Town,Rawalpindi
PROP000948,علی Raja,10569-2892868-1,علی راجہ,1964-01-27,85061203,"H-02098, Bahria Town, Rawalpindi",Bahria Town,Rawalpindi
PROP000949,Ali Raja,10569-2892868-1,Ali Raja,,62946514,"H-02098, Bahria Town, Rawalpindi",Bahria Town,Rawalpindi
PROP000950,Ali Raja,,علی Raja,1964-01-27,46747237,"H-02098, Bahria Town, Rawalpindi",Bahria Town,Rawalpindi
PROP000951,عمران Bhatti,43177-4414838-3,حسن بٹ,1982-08-22,6371527,"H-02099, Johar Town, Lahore",Johar Town,Lahore
PROP000952,Aysha Awan,94185-2006874-8,Mohammed Awan,1968-09-24,18694816,"H-02103, Bahria Town, Islamabad",Bahria Town,Islamabad
PROP000953,ثناء Bhatti,89717-1624942-2,Hamzah Bhatti,1997-02-13,10895711,"H-02107, DHA, Karachi",DHA,Karachi
PROP000954,Sana Bhatti,,حمزہ Butt,1997-02-13,15489256,"H-02107, DHA, Karachi",DHA,Karachi
PROP000955,Hamza ملک,,Mohammed بلال Malick,1982-09-14,15406644,"H-02108, Saddar, Rawalpindi",Saddar,Rawalpindi
PROP000956,Hamzah Moghul,26670-2480480-9,Ahmad Mughal,2003-05-08,57686863,"H-02122, Gulberg, Lahore",Gulberg,Lahore
PROP000957,Hamza Mughal,26670-2480480-9,Ahmed مغل,,52312385,"H-02122, Gulberg, Lahore",Gulberg,Lahore
PROP000958,Hamza مغل,26670-2480480-9,Ahmed مغل,,65505422,"H-02122, Gulberg, Lahore",Gulberg,Lahore
PROP000959,عمران Moghul,,Muhammed حمزہ مغل,1990-04-08,8630234,"H-02125, Model Town, Lahore",Model Town,Lahore
PROP000960,Othman Awan,34496-2808532-4,فیصل اعوان,1980-08-19,4838219,"H-02126, North Nazimabad, Karachi",North Nazimabad,Karachi
PROP000961,Imran Sayed,98968-5027624-2,Mohammed Sayed,1968-02-16,2000000,"H-02127, Chaklala, Rawalpindi",Chaklala,Rawalpindi
PROP000962,حمزہ بٹ,55545-4695819-1,احمد Bhatti,1957-06-22,34532308,"H-02136, Saddar, Rawalpindi",Saddar,Rawalpindi
PROP000963,Hamzah Butt,55545-4695819-1,Mohammed احمد Bhatti,1957-06-22,27715976,"H-02136, Saddar, Rawalpindi",Saddar,Rawalpindi
PROP000964,Hamzah Bhatti,55545-4695819-1,احمد بٹ,,24998687,"H-02136, Saddar, Rawalpindi",Saddar,Rawalpindi
PROP000965,Hasan خان,75168-4402469-9,Mohammed Hamzah خان,1994-09-10,12909019,"H-02137, Peoples Colony, Faisalabad",Peoples Colony,Faisalabad
PROP000966,Mohammad حسن خان,75168-4402469-9,Muhammed حمزہ Khan,1994-09-10,10062858,"H-02137, Peoples Colony, Faisalabad",Peoples Colony,Faisalabad
PROP000967,Hussain Shaikh,72176-7848323-5,Mohammed شیخ,,36507570,"H-02138, Bahria Town, Rawalpindi",Bahria Town,Rawalpindi
PROP000968,حرا Malick,,Mohammed Imran Malick,1989-04-14,146997987,"H-02139, Peoples Colony, Faisalabad",Peoples Colony,Faisalabad
PROP000969,حرا Malick,72746-7679487-2,Mohammed عمران Malik,1989-04-14,72853895,"H-02139, Peoples Colony, Faisalabad",Peoples Colony,Faisalabad
PROP000970,حرا Malick,72746-7679487-2,,1989-04-14,151908466,"H-02139, Peoples Colony, Faisalabad",Peoples Colony,Faisalabad
PROP000971,Muhammed حمزہ بٹ,,Mohammed Imran بٹ,1961-03-11,27800015,"H-02142, Jaranwala Road, Faisalabad",Jaranwala Road,Faisalabad
PROP000972,Fatimah Sayed,75012-7378394-4,Muhammad Syed,1990-04-18,7589618,"H-02143, Bahria Town, Islamabad",Bahria Town,Islamabad
PROP000973,Muhammed Malick,91983-1606142-7,,1965-10-25,30338456,"H-02148, Peoples Colony, Faisalabad",Peoples Colony,Faisalabad
PROP000974,Muhammad Malick,,,1965-10-25,28546335,"H-02148, Peoples Colony, Faisalabad",Peoples Colony,Faisalabad
PROP000975,Muhammad Awan,27839-5390248-2,بلال Awan,1996-12-14,2106296,"H-02150, DHA, Lahore",DHA,Lahore
PROP000976,Muhammad احمد Bhatti,81954-8026853-5,عمران بٹ,1967-11-24,38473215,"H-02153, Satellite Town, Rawalpindi",Satellite Town,Rawalpindi
PROP000977,Ahmed Bhatti,81954-8026853-5,Imran بٹ,1967-11-24,32539729,"H-02153, Satellite Town, Rawalpindi",Satellite Town,Rawalpindi
PROP000978,احمد Bhatti,81954-8026853-5,,1967-11-24,30232329,"H-02153, Satellite Town, Rawalpindi",Satellite Town,Rawalpindi
PROP000979,Mohammad Imran Ch.,66224-3684708-6,Mohammed حمزہ چوہدری,1968-07-13,13954200,"H-02154, Bahria Town, Islamabad",Bahria Town,Islamabad
PROP000980,Usman Chaudhary,70816-5442996-3,حسن Chaudhry,2003-08-20,2998544,"H-02161, Clifton, Karachi",Clifton,Karachi
PROP000981,بلال اعوان,67968-5197320-6,Ahmed Awan,1963-02-22,4125108,"H-02166, Gulberg, Lahore",Gulberg,Lahore
PROP000982,بلال اعوان,67968-5197320-6,Ahmad Awan,1963-02-22,2886202,"H-02166, Gulberg, Lahore",Gulberg,Lahore
PROP000983,Marium Shaikh,,Faisal شیخ,1969-02-20,43671090,"H-02168, North Nazimabad, Karachi",North Nazimabad,Karachi
PROP000984,Maryam شیخ,91452-1993391-6,,1969-02-20,50210051,"H-02168, North Nazimabad, Karachi",North Nazimabad,Karachi
PROP000985,Mohammad Shaykh,41135-2796285-3,Hussain Shaykh,1963-08-12,8522550,"H-02172, Madina Town, Faisalabad",Madina Town,Faisalabad
PROP000986,Ahmad راجہ,42601-8312830-9,,1969-02-02,18401772,"H-02174, Model Town, Lahore",Model Town,Lahore
PROP000987,حمزہ Chaudhary,,Muhammed Osman Chaudhary,1963-10-17,2559843,"H-02178, Satellite Town, Rawalpindi",Satellite Town,Rawalpindi
PROP000988,Muhammed Ali مغل,62398-8593184-6,,1970-11-25,14184490,"H-02181, Bahria Town, Islamabad",Bahria Town,Islamabad
PROP000989,Hussain Sayyid,49006-2154396-8,علی Sayed,,18417951,"H-02182, Chaklala, Rawalpindi",Chaklala,Rawalpindi
PROP000990,حسین Syed,,Ali سید,1970-07-18,23132215,"H-02182, Chaklala, Rawalpindi",Chaklala,Rawalpindi
PROP000991,Mohammad Hussein سید,49006-2154396-8,,,18352781,"H-02182, Chaklala, Rawalpindi",Chaklala,Rawalpindi
PROP000992,Imran Shaykh,,Muhammad Ahmed شیخ,1970-04-09,4634039,"H-02183, Bahria Town, Rawalpindi",Bahria Town,Rawalpindi
PROP000993,Ali Shaikh,40804-9982809-8,علی Sheikh,1978-04-06,19105108,"H-02184, DHA, Karachi",DHA,Karachi
PROP000994,Mohammad Ali Shaikh,40804-9982809-8,,1978-04-06,27342126,"H-02184, DHA, Karachi",DHA,Karachi
PROP000995,Fatima شیخ,46800-9049947-1,عمران Shaykh,1967-01-03,5895586,"H-02200, Madina Town, Faisalabad",Madina Town,Faisalabad
PROP000996,Zainab Quraishi,64318-2734021-6,Faysal قریشی,1974-10-14,34584848,"H-02205, Bahria Town, Rawalpindi",Bahria Town,Rawalpindi
PROP000997,زینب قریشی,64318-2734021-6,فیصل قریشی,1974-10-14,45152584,"H-02205, Bahria Town, Rawalpindi",Bahria Town,Rawalpindi
PROP000998,زینب Qureshi,64318-2734021-6,Mohammad Faisal قریشی,1974-10-14,40316149,"H-02205, Bahria Town, Rawalpindi",Bahria Town,Rawalpindi
PROP000999,Hasan ملک,45095-1614565-0,حسین Malik,1999-10-27,19368488,"H-02208, Chaklala, Rawalpindi",Chaklala,Rawalpindi
PROP001000,Faysal Qureshi,,حسن Quraishi,1976-12-14,13396234,"H-02209, G-10, Islamabad",G-10,Islamabad
PROP001001,Ahmed Awan,88669-4091304-5,عمران Awan,1959-11-24,26508244,"H-02211, F-7, Islamabad",F-7,Islamabad
PROP001002,Ahmad اعوان,,عمران اعوان,1959-11-24,35847092,"H-02211, F-7, Islamabad",F-7,Islamabad
PROP001003,Maryam چوہدری,64858-7718605-8,,1959-04-07,55023786,"H-02216, F-7, Islamabad",F-7,Islamabad
PROP001004,Mariam چوہدری,64858-7715605-8,,1959-04-07,41599926,"H-02216, F-7, Islamabad",F-7,Islamabad
PROP001005,Mariam Chaudhry,64858-7718605-8,احمد Choudhary,1959-04-07,68869001,"H-02216, F-7, Islamabad",F-7,Islamabad
PROP001006,Ahmad راجہ,,,2003-09-28,3835643,"H-02219, Gulshan-e-Iqbal, Karachi",Gulshan-e-Iqbal,Karachi
PROP001007,Mohammad Hasan Awan,50769-3255091-4,Othman اعوان,,9192218,"H-02222, Gulshan-e-Iqbal, Karachi",Gulshan-e-Iqbal,Karachi
PROP001008,Muhammed Bilal Malik,94279-4349302-5,بلال Malick,1975-10-09,7761427,"H-02223, DHA, Karachi",DHA,Karachi
PROP001009,Muhammad Sheikh,60099-7402264-6,Faisal شیخ,1997-07-20,18591426,"H-02224, Johar Town, Lahore",Johar Town,Lahore
PROP001010,فیصل Chaudhary,46758-3496387-4,محمد Choudhary,1979-07-22,3389198,"H-02226, F-8, Islamabad",F-8,Islamabad
PROP001011,Mariam مغل,76349-8292346-5,Muhammed حسین Moghul,1966-05-08,7941654,"H-02228, F-7, Islamabad",F-7,Islamabad
PROP001012,Bilal Moghul,,حمزہ Mughal,1972-04-11,28880528,"H-02229, Cantt, Lahore",Cantt,Lahore
PROP001013,Hamzah Khan,21141-5376542-9,Hamzah خان,1960-02-01,3863161,"H-02234, Saddar, Rawalpindi",Saddar,Rawalpindi
PROP001014,عمران Raja,99944-2609302-6,Hamza راجہ,1997-05-09,5133275,"H-02236, Saddar, Rawalpindi",Saddar,Rawalpindi
PROP001015,Mohammad Faysal Ch.,97972-7465311-3,,1987-06-08,2000000,"H-02241, Saddar, Rawalpindi",Saddar,Rawalpindi
PROP001016,Muhammad Hassan ملک,98377-3525628-3,Hasan Malik,1978-08-22,12131886,"H-02245, Madina Town, Faisalabad",Madina Town,Faisalabad
PROP001017,حمزہ Ch.,49512-5696621-5,Hamzah چوہدری,1984-07-06,9102194,"H-02246, Malir, Karachi",Malir,Karachi
PROP001018,Muhammad Awan,56490-2350852-4,Faysal Awan,1983-06-07,14683696,"H-02250, Satellite Town, Rawalpindi",Satellite Town,Rawalpindi
PROP001019,Mohammed بٹ,,Mohammad بٹ,2002-04-27,22853801,"H-02254, Saddar, Rawalpindi",Saddar,Rawalpindi
PROP001020,Mohammed بٹ,84792-2320054-1,,2002-04-27,25135058,"H-02254, Saddar, Rawalpindi",Saddar,Rawalpindi
PROP001021,Mohammed Butt,84792-2320054-1,Muhammad Bhatti,2002-04-27,38660490,"H-02254, Saddar, Rawalpindi",Saddar,Rawalpindi
PROP001022,Usman راجہ,46265-7740968-6,Mohammed Ahmad Raja,1974-12-10,2147723,"H-02256, Johar Town, Lahore",Johar Town,Lahore
PROP001023,ثناء Shaikh,58872-3234175-5,Mohammed بلال Shaikh,1976-10-19,2000000,"H-02258, Madina Town, Faisalabad",Madina Town,Faisalabad
PROP001024,حسین Sheikh,10473-4027962-9,,1986-07-10,31739189,"H-02259, Gulberg, Lahore",Gulberg,Lahore
PROP001025,Hussein شیخ,10473-4027962-9,Ali Sheikh,1986-07-10,39507597,"H-02259, Gulberg, Lahore",Gulberg,Lahore
PROP001026,Hira Chaudhary,65355-3931569-2,Ahmed Chaudhry,1971-01-12,18446718,"H-02260, Jaranwala Road, Faisalabad",Jaranwala Road,Faisalabad
PROP001027,Hasan راجہ,56838-2377186-8,Muhammad Bilal Raja,1981-05-28,24434441,"H-02263, Bahria Town, Rawalpindi",Bahria Town,Rawalpindi
PROP001028,محمد مغل,90466-6084824-5,Muhammad عثمان Mughal,,70198585,"H-02272, Chaklala, Rawalpindi",Chaklala,Rawalpindi
PROP001029,Mohammad Mughal,90466-6084824-5,Osman Mughal,1984-07-24,61747300,"H-02272, Chaklala, Rawalpindi",Chaklala,Rawalpindi
PROP001030,محمد خان,40198-3334588-5,حمزہ Khan,1963-03-18,6742359,"H-02277, Bahria Town, Islamabad",Bahria Town,Islamabad
PROP001031,Mohammed Hassan Raja,28972-6866122-1,,1976-03-23,4386119,"H-02279, Saddar, Rawalpindi",Saddar,Rawalpindi
PROP001032,Muhammad علی Raja,59820-1736818-4,Muhammad Imran Raja,1956-03-26,14527971,"H-02280, Saddar, Rawalpindi",Saddar,Rawalpindi
PROP001033,حسین Raja,,Hussain Raja,1974-02-19,9536437,"H-02286, Peoples Colony, Faisalabad",Peoples Colony,Faisalabad
PROP001034,Muhammad حسین Raja,42229-3826766-9,حسین Raja,1974-02-19,11745602,"H-02286, Peoples Colony, Faisalabad",Peoples Colony,Faisalabad
PROP001035,Bilal اعوان,83976-6559653-3,,1997-12-13,12244514,"H-02288, DHA, Lahore",DHA,Lahore
PROP001036,بلال اعوان,83976-6559653-3,علی Awan,1997-12-13,14301841,"H-02288, DHA, Lahore",DHA,Lahore
PROP001037,Imran راجہ,53480-7375305-2,Mohammad فیصل Raja,1965-06-25,3988331,"H-02289, Satellite Town, Rawalpindi",Satellite Town,Rawalpindi
PROP001038,Mohammad حمزہ Quraishi,88603-3661549-1,فیصل قریشی,1986-05-18,7611361,"H-02293, G-10, Islamabad",G-10,Islamabad
PROP001039,Muhammed Hamza Qureshi,88603-1661549-8,Faysal قریشی,1986-05-18,10692712,"H-02293, G-10, Islamabad",G-10,Islamabad
PROP001040,احمد Malik,60562-3625471-6,,1975-02-27,3518631,"H-02294, Bahria Town, Islamabad",Bahria Town,Islamabad
PROP001041,Ahmad Malik,,Hamza ملک,1975-02-27,5894133,"H-02294, Bahria Town, Islamabad",Bahria Town,Islamabad
PROP001042,Faisal Mughal,43708-6614414-3,Husain Moghul,1994-07-12,14580324,"H-02295, Satellite Town, Rawalpindi",Satellite Town,Rawalpindi
PROP001043,Faisal راجہ,95839-1827363-1,,1957-05-01,19448307,"H-02299, E-11, Islamabad",E-11,Islamabad
PROP001044,Faisal راجہ,95839-1827363-1,عمران راجہ,1957-05-01,16300258,"H-02299, E-11, Islamabad",E-11,Islamabad
PROP001045,Muhammed عمران Khan,38727-8359050-3,Muhammad Osman خان,1988-07-13,22476643,"H-02300, Gulshan-e-Iqbal, Karachi",Gulshan-e-Iqbal,Karachi
PROP001046,Mohammad عمران Khan,38727-8359050-3,Mohammad Usman Khan,1988-07-13,15161902,"H-02300, Gulshan-e-Iqbal, Karachi",Gulshan-e-Iqbal,Karachi
PROP001047,Osman Butt,12067-6788983-3,فیصل Butt,1964-07-02,8839932,"H-02301, E-11, Islamabad",E-11,Islamabad
PROP001048,Faysal Mughal,88551-3569548-8,Mohammed عثمان Moghul,1981-08-24,2458714,"H-02303, DHA, Karachi",DHA,Karachi
PROP001049,حسین Sayed,,عثمان Syed,1960-11-26,12514981,"H-02306, Malir, Karachi",Malir,Karachi
PROP001050,Marium خان,44405-2972292-3,Muhammad بلال خان,1965-04-07,24851020,"H-02317, Cantt, Lahore",Cantt,Lahore
PROP001051,حمزہ Butt,14860-3057913-7,,1967-10-27,13885310,"H-02320, E-11, Islamabad",E-11,Islamabad
PROP001052,عمران Moghul,74100-1969604-7,علی مغل,1963-09-18,14116882,"H-02324, Saddar, Rawalpindi",Saddar,Rawalpindi
PROP001053,Imran Moghul,74100-1969604-7,علی Mughal,1963-09-18,17101191,"H-02324, Saddar, Rawalpindi",Saddar,Rawalpindi
PROP001054,Ahmad بٹ,30849-7335257-1,Ahmed Bhatti,1992-08-26,29241680,"H-02330, Model Town, Lahore",Model Town,Lahore
PROP001055,Hussain بٹ,78258-2636713-8,Mohammad Othman Bhatti,1960-04-13,5918492,"H-02332, DHA, Karachi",DHA,Karachi
PROP001056,Muhammad عثمان شیخ,82432-2682205-9,,1983-12-14,2000000,"H-02333, Clifton, Karachi",Clifton,Karachi
PROP001057,Hamzah ملک,,Muhammed Malik,,25356342,"H-02334, E-11, Islamabad",E-11,Islamabad
PROP001058,Muhammad Hamzah Malik,97917-3257862-2,Muhammed Malick,1959-05-22,21129083,"H-02334, E-11, Islamabad",E-11,Islamabad
PROP001059,Mohammad Hamza Malick,97917-3257862-2,Muhammad Malik,1959-05-22,22859372,"H-02334, E-11, Islamabad",E-11,Islamabad
PROP001060,Mariam Butt,,محمد Bhatti,1975-12-22,16378751,"H-02340, North Nazimabad, Karachi",North Nazimabad,Karachi
PROP001061,Muhammed بلال Butt,83997-9162832-0,حسن Bhatti,,78920699,"H-02341, Madina Town, Faisalabad",Madina Town,Faisalabad
PROP001062,Bilal Bhatti,83997-9162832-0,Hassan Bhatti,1974-03-11,84481887,"H-02341, Madina Town, Faisalabad",Madina Town,Faisalabad
PROP001063,بلال Butt,83997-9162832-0,حسن Butt,1974-03-11,80500070,"H-02341, Madina Town, Faisalabad",Madina Town,Faisalabad
PROP001064,Imran راجہ,46221-9630184-0,Ali راجہ,1993-04-07,9697061,"H-02345, Chaklala, Rawalpindi",Chaklala,Rawalpindi
PROP001065,Mohammad علی راجہ,21374-6543511-5,Muhammad عمران راجہ,1995-10-23,25618086,"H-02348, Gulberg, Lahore",Gulberg,Lahore
PROP001066,علی Raja,21374-6543511-5,Muhammad عمران راجہ,1995-10-23,30479559,"H-02348, Gulberg, Lahore",Gulberg,Lahore
PROP001067,Zaynab شیخ,,Muhammed Osman Shaikh,1970-08-23,12017130,"H-02365, Peoples Colony, Faisalabad",Peoples Colony,Faisalabad
PROP001068,زینب بٹ,54083-5819564-8,Muhammed Hamzah بٹ,1976-04-04,8840651,"H-02366, Jaranwala Road, Faisalabad",Jaranwala Road,Faisalabad
PROP001069,Husain Shaykh,50765-3402037-8,Mohammed شیخ,1975-04-15,12108899,"H-02367, G-10, Islamabad",G-10,Islamabad
PROP001070,Fatema Malick,50594-7078269-6,علی ملک,1991-02-16,12166967,"H-02371, F-8, Islamabad",F-8,Islamabad
PROP001071,Ali Butt,41224-7912974-2,Bilal بٹ,1963-06-20,51548815,"H-02384, Peoples Colony, Faisalabad",Peoples Colony,Faisalabad
PROP001072,علی بٹ,41224-7912974-2,Bilal Bhatti,1963-06-20,45614220,"H-02384, Peoples Colony, Faisalabad",Peoples Colony,Faisalabad
PROP001073,Ali بٹ,41224-7912974-2,Bilal بٹ,1963-06-20,44725203,"H-02384, Peoples Colony, Faisalabad",Peoples Colony,Faisalabad
PROP001074,حرا قریشی,72636-7965894-2,Muhammad Hussain Quraishi,1965-07-13,40052874,"H-02389, Bahria Town, Rawalpindi",Bahria Town,Rawalpindi
PROP001075,Muhammed Hussain خان,29439-8830949-3,Ahmed خان,2000-02-25,29151719,"H-02391, Gulshan-e-Iqbal, Karachi",Gulshan-e-Iqbal,Karachi
PROP001076,Husain Khan,29436-8830949-3,احمد Khan,2000-02-25,33935554,"H-02391, Gulshan-e-Iqbal, Karachi",Gulshan-e-Iqbal,Karachi
PROP001077,Zaynab Malik,53025-8064955-9,Muhammad ملک,1955-11-03,8283039,"H-02392, E-11, Islamabad",E-11,Islamabad
PROP001078,بلال Butt,18854-6230534-4,Ali Butt,1983-09-16,2000000,"H-02396, Satellite Town, Rawalpindi",Satellite Town,Rawalpindi
PROP001079,Othman Bhatti,,بلال Butt,1994-08-20,8992820,"H-02397, Gulshan-e-Iqbal, Karachi",Gulshan-e-Iqbal,Karachi
PROP001080,عثمان Awan,66654-4869062-2,Mohammad Imran Awan,1995-11-05,35064369,"H-02407, Malir, Karachi",Malir,Karachi
PROP001081,ثناء Awan,50117-4185111-3,Bilal اعوان,1956-09-02,12717349,"H-02410, Saddar, Rawalpindi",Saddar,Rawalpindi
PROP001082,عمران Mughal,46837-7555515-1,Bilal Moghul,1970-09-17,4756034,"H-02412, DHA, Lahore",DHA,Lahore
PROP001083,Mohammed Bilal راجہ,,عمران راجہ,1957-01-16,43983306,"H-02414, Madina Town, Faisalabad",Madina Town,Faisalabad
PROP001084,Mohammad راجہ,68645-3589558-3,حمزہ Raja,1968-06-14,3258554,"H-02415, Gulshan-e-Iqbal, Karachi",Gulshan-e-Iqbal,Karachi
PROP001085,محمد راجہ,68645-3589358-3,,1968-06-14,3214099,"H-02415, Gulshan-e-Iqbal, Karachi",Gulshan-e-Iqbal,Karachi
PROP001086,Muhammed راجہ,,Faysal Raja,1992-11-19,7550803,"H-02416, DHA, Lahore",DHA,Lahore
PROP001087,Marium راجہ,64769-8540358-5,Ahmad راجہ,1990-06-25,63923572,"H-02418, Jaranwala Road, Faisalabad",Jaranwala Road,Faisalabad
PROP001088,Ayesha شیخ,96415-7190164-8,Faysal Shaykh,2002-01-27,2000000,"H-02429, F-7, Islamabad",F-7,Islamabad
PROP001089,عمران خان,64108-7753616-6,,2000-09-26,18496037,"H-02430, F-7, Islamabad",F-7,Islamabad
PROP001090,Imran خان,64108-7753616-6,Mohammad Khan,2000-09-26,20268638,"H-02430, F-7, Islamabad",F-7,Islamabad
PROP001091,عمران Quraishi,85041-5611896-0,Bilal Quraishi,1984-02-10,2000000,"H-02439, Saddar, Rawalpindi",Saddar,Rawalpindi
PROP001092,ثناء Chaudhary,,Usman Ch.,2003-07-09,5396579,"H-02440, DHA, Karachi",DHA,Karachi
PROP001093,Muhammed Hamza Quraishi,17163-8633531-4,Muhammad Qureshi,1969-04-28,25391152,"H-02441, Chaklala, Rawalpindi",Chaklala,Rawalpindi
PROP001094,حمزہ Quraishi,17163-8633531-4,محمد Qureshi,1969-04-28,23890532,"H-02441, Chaklala, Rawalpindi",Chaklala,Rawalpindi
PROP001095,Hira Quraishi,22402-2780716-5,,1980-01-13,10228536,"H-02445, E-11, Islamabad",E-11,Islamabad
PROP001096,Imran Malik,95148-5134851-6,احمد Malik,1956-01-15,7225724,"H-02447, Saddar, Rawalpindi",Saddar,Rawalpindi
PROP001097,حمزہ اعوان,51051-6199969-9,Hassan اعوان,1967-01-15,36120051,"H-02448, Johar Town, Lahore",Johar Town,Lahore
PROP001098,Hamza اعوان,51041-6199969-9,Hassan Awan,1967-01-15,54768898,"H-02448, Johar Town, Lahore",Johar Town,Lahore
PROP001099,حمزہ اعوان,51051-6199969-9,Hasan Awan,1967-01-15,28244884,"H-02448, Johar Town, Lahore",Johar Town,Lahore
PROP001100,Ahmad اعوان,65459-1873603-0,Husain Awan,1994-01-06,10804221,"H-02449, North Nazimabad, Karachi",North Nazimabad,Karachi
PROP001101,فیصل سید,,Ahmed Sayed,1985-11-01,49111110,"H-02451, G-10, Islamabad",G-10,Islamabad
PROP001102,فیصل سید,31202-4838824-9,Ahmed Sayed,1985-11-01,48236787,"H-02451, G-10, Islamabad",G-10,Islamabad
PROP001103,حرا Awan,69563-4631527-9,حسین اعوان,2003-07-23,4058485,"H-02453, DHA, Lahore",DHA,Lahore
PROP001104,Hamza Mughal,25916-7519310-2,Osman Moghul,1956-07-23,7837482,"H-02457, DHA, Lahore",DHA,Lahore
PROP001105,Mohammed Othman بٹ,62513-4500162-9,Muhammed Imran Bhatti,1999-10-15,40492319,"H-02458, Chaklala, Rawalpindi",Chaklala,Rawalpindi
PROP001106,Mohammed عثمان اعوان,88551-4981854-4,Ali Awan,1985-12-27,31617474,"H-02459, Clifton, Karachi",Clifton,Karachi
PROP001107,Muhammed Othman اعوان,88551-4981854-4,Ali اعوان,1985-12-27,26627816,"H-02459, Clifton, Karachi",Clifton,Karachi
PROP001108,عثمان اعوان,,Ali اعوان,1985-12-27,23719419,"H-02459, Clifton, Karachi",Clifton,Karachi
PROP001109,Hassan Raja,85099-1859563-8,Bilal راجہ,1985-03-07,6161824,"H-02463, E-11, Islamabad",E-11,Islamabad
PROP001110,Sana Choudhary,51532-2109269-6,حمزہ چوہدری,1982-05-01,27531795,"H-02467, Bahria Town, Rawalpindi",Bahria Town,Rawalpindi
PROP001111,ثناء Chaudhary,51532-2109269-6,,1982-05-01,28867154,"H-02467, Bahria Town, Rawalpindi",Bahria Town,Rawalpindi
PROP001112,Sana Choudhary,51532-2109269-6,,1982-05-01,30613455,"H-02467, Bahria Town, Rawalpindi",Bahria Town,Rawalpindi
PROP001113,بلال Butt,78123-1411407-5,عمران بٹ,1986-08-03,13541131,"H-02471, North Nazimabad, Karachi",North Nazimabad,Karachi
PROP001114,فیصل خان,73108-9902773-7,Faisal خان,1958-03-12,4480450,"H-02472, Bahria Town, Rawalpindi",Bahria Town,Rawalpindi
PROP001115,محمد Butt,71336-3823586-1,Bilal Bhatti,1966-12-13,2000000,"H-02473, Bahria Town, Rawalpindi",Bahria Town,Rawalpindi
PROP001116,Hasan Qureshi,19497-9978954-0,علی Quraishi,1994-06-12,14949440,"H-02474, Peoples Colony, Faisalabad",Peoples Colony,Faisalabad
PROP001117,Maryam Chaudhry,88858-7023070-7,Muhammed فیصل چوہدری,1975-06-03,2000000,"H-02475, Bahria Town, Rawalpindi",Bahria Town,Rawalpindi
PROP001118,Hasan Syed,27647-3164293-3,Osman Syed,1957-03-24,12679834,"H-02484, Malir, Karachi",Malir,Karachi
PROP001119,Maryam Butt,64116-3851395-8,Mohammad بٹ,1992-03-10,5313838,"H-02489, Cantt, Lahore",Cantt,Lahore
PROP001120,محمد Moghul,22938-4273939-1,Osman Moghul,1965-12-11,4664492,"H-02490, Satellite Town, Rawalpindi",Satellite Town,Rawalpindi
PROP001121,Ayisha چوہدری,46223-9910496-9,Muhammad Chaudhary,1970-01-09,20635847,"H-02494, Malir, Karachi",Malir,Karachi
PROP001122,علی ملک,59605-9752470-9,Bilal Malick,1958-01-17,12562298,"H-02499, Gulberg, Lahore",Gulberg,Lahore
PROP001123,علی Raja,86901-4813147-0,حمزہ Raja,1972-07-04,30121311,"H-02500, Jaranwala Road, Faisalabad",Jaranwala Road,Faisalabad
PROP001124,Ali Raja,86901-4813147-0,Mohammed حمزہ Raja,1972-07-04,21116621,"H-02500, Jaranwala Road, Faisalabad",Jaranwala Road,Faisalabad
PROP001125,Muhammad Faysal Moghul,71150-2763831-5,Bilal مغل,1958-04-07,12941926,"H-02501, Bahria Town, Rawalpindi",Bahria Town,Rawalpindi
PROP001126,فیصل راجہ,17102-8752101-9,Faisal Raja,1982-06-17,12260773,"H-02507, Bahria Town, Islamabad",Bahria Town,Islamabad
PROP001127,Maryam راجہ,50843-4630379-3,علی Raja,1986-07-28,12009819,"H-02519, Jaranwala Road, Faisalabad",Jaranwala Road,Faisalabad
PROP001128,Hassan Ch.,93256-2217490-9,Mohammad علی Ch.,,10977887,"H-02524, Jaranwala Road, Faisalabad",Jaranwala Road,Faisalabad
PROP001129,احمد Khan,13262-9059505-1,Muhammad Ali Khan,1966-07-02,89678086,"H-02525, F-8, Islamabad",F-8,Islamabad
PROP001130,احمد Khan,13262-9059505-1,,1966-07-02,58286282,"H-02525, F-8, Islamabad",F-8,Islamabad
PROP001131,احمد Khan,13262-9059505-1,Mohammad Ali Khan,1966-07-02,119846634,"H-02525, F-8, Islamabad",F-8,Islamabad
PROP001132,بلال Butt,13518-1021974-5,حسن Bhatti,1986-02-21,4476787,"H-02533, Malir, Karachi",Malir,Karachi
PROP001133,Bilal Sayyid,11386-4376662-1,Mohammad بلال Sayed,1979-05-16,15321074,"H-02534, Jaranwala Road, Faisalabad",Jaranwala Road,Faisalabad
PROP001134,حمزہ Butt,39633-4773789-6,عمران بٹ,1992-06-24,39470930,"H-02538, Gulshan-e-Iqbal, Karachi",Gulshan-e-Iqbal,Karachi
PROP001135,حمزہ Bhatti,39633-4773789-6,Imran Butt,1992-06-24,67148357,"H-02538, Gulshan-e-Iqbal, Karachi",Gulshan-e-Iqbal,Karachi
PROP001136,حمزہ Butt,39633-4773789-6,عمران Butt,1992-06-24,40675579,"H-02538, Gulshan-e-Iqbal, Karachi",Gulshan-e-Iqbal,Karachi
PROP001137,Fatema Chaudhry,14295-1374194-0,علی Chaudhary,,10778205,"H-02541, Madina Town, Faisalabad",Madina Town,Faisalabad
PROP001138,Zaynab Awan,88531-8084363-5,Faisal Awan,2002-08-24,4850891,"H-02542, F-8, Islamabad",F-8,Islamabad
PROP001139,Osman Shaykh,97680-3881050-0,Hussein Shaykh,1960-07-10,10002037,"H-02543, Chaklala, Rawalpindi",Chaklala,Rawalpindi
PROP001140,Zaynab Mughal,78283-2004218-9,Bilal مغل,1988-09-03,2000000,"H-02546, Gulshan-e-Iqbal, Karachi",Gulshan-e-Iqbal,Karachi
PROP001141,Mohammed عمران Khan,75970-7723767-2,حسین خان,2002-01-22,11842786,"H-02547, Model Town, Lahore",Model Town,Lahore
PROP001142,Imran Khan,75970-7723767-2,Muhammad Hussain Khan,2002-01-22,12574024,"H-02547, Model Town, Lahore",Model Town,Lahore
PROP001143,Mohammad Moghul,83117-8327108-3,Muhammad Ali Moghul,,19210375,"H-02548, Jaranwala Road, Faisalabad",Jaranwala Road,Faisalabad
PROP001144,Sana Malik,18419-5729761-7,Muhammed Hussein Malick,1993-12-18,10378202,"H-02553, Madina Town, Faisalabad",Madina Town,Faisalabad
PROP001145,Zainab Malick,10559-2938551-9,Ali ملک,2001-10-23,47633628,"H-02557, Model Town, Lahore",Model Town,Lahore
PROP001146,زینب Malick,10559-2938551-9,علی Malik,2001-10-23,33487136,"H-02557, Model Town, Lahore",Model Town,Lahore
PROP001147,Osman Moghul,69464-6584654-1,فیصل Mughal,1968-05-13,16306086,"H-02558, Bahria Town, Rawalpindi",Bahria Town,Rawalpindi
PROP001148,Usman مغل,69464-8584654-1,,1968-05-13,15958988,"H-02558, Bahria Town, Rawalpindi",Bahria Town,Rawalpindi
PROP001149,Ahmad Shaikh,47531-5942667-7,Faisal شیخ,1970-07-24,18439860,"H-02559, Bahria Town, Islamabad",Bahria Town,Islamabad
PROP001150,Ahmad Sheikh,47531-5942667-7,فیصل شیخ,1970-07-24,15085171,"H-02559, Bahria Town, Islamabad",Bahria Town,Islamabad
PROP001151,احمد شیخ,47531-5942667-7,Faysal Shaykh,1970-07-24,18168475,"H-02559, Bahria Town, Islamabad",Bahria Town,Islamabad
PROP001152,Husain Malik,31659-9761958-2,,1963-02-06,63733476,"H-02565, Madina Town, Faisalabad",Madina Town,Faisalabad
PROP001153,Hussein Malik,31659-9761958-2,Usman ملک,,62420944,"H-02565, Madina Town, Faisalabad",Madina Town,Faisalabad
PROP001154,Aysha Shaykh,12198-4489411-6,بلال Shaikh,1988-07-10,8735713,"H-02568, Gulberg, Lahore",Gulberg,Lahore
PROP001155,Hasan Sheikh,,حسن Shaykh,1972-08-03,60214160,"H-02570, North Nazimabad, Karachi",North Nazimabad,Karachi
PROP001156,حسن Shaikh,77323-8530215-8,,1972-08-03,72144357,"H-02570, North Nazimabad, Karachi",North Nazimabad,Karachi
PROP001157,Hassan شیخ,73323-8530215-8,Hasan Sheikh,1972-08-03,55884142,"H-02570, North Nazimabad, Karachi",North Nazimabad,Karachi
PROP001158,Imran Chaudhary,93588-6821001-5,Hamza Chaudhary,1970-06-14,4026356,"H-02571, Model Town, Lahore",Model Town,Lahore
PROP001159,Muhammad Sheikh,93365-3123388-2,Muhammed Imran شیخ,1977-08-01,21541786,"H-02573, Bahria Town, Rawalpindi",Bahria Town,Rawalpindi
PROP001160,محمد Shaykh,54269-5871327-6,Muhammed عمران شیخ,1993-12-26,12392320,"H-02574, G-10, Islamabad",G-10,Islamabad
PROP001161,Othman راجہ,13802-1177292-6,Mohammed علی Raja,1970-11-20,9486522,"H-02578, Satellite Town, Rawalpindi",Satellite Town,Rawalpindi
PROP001162,Osman راجہ,13802-1177292-6,Mohammed Ali Raja,,8607205,"H-02578, Satellite Town, Rawalpindi",Satellite Town,Rawalpindi
PROP001163,Othman راجہ,13809-1177292-6,Muhammad Ali Raja,1970-11-20,9218126,"H-02578, Satellite Town, Rawalpindi",Satellite Town,Rawalpindi
PROP001164,Hassan Qureshi,52004-2269974-0,عمران Quraishi,1998-01-04,8023766,"H-02581, Saddar, Rawalpindi",Saddar,Rawalpindi
PROP001165,بلال Quraishi,96514-7175540-7,Faisal Qureshi,1997-05-12,164747596,"H-02583, Peoples Colony, Faisalabad",Peoples Colony,Faisalabad
PROP001166,Bilal Qureshi,96514-7175540-7,Faysal Qureshi,1997-05-12,167811456,"H-02583, Peoples Colony, Faisalabad",Peoples Colony,Faisalabad
PROP001167,بلال Qureshi,,فیصل Qureshi,,153255752,"H-02583, Peoples Colony, Faisalabad",Peoples Colony,Faisalabad
PROP001168,Muhammed Hamzah ملک,57782-5802058-1,عمران Malick,1969-10-12,29549254,"H-02585, Bahria Town, Islamabad",Bahria Town,Islamabad
PROP001169,علی Mughal,16650-9863265-1,Mohammad Faysal Mughal,1979-11-14,8835112,"H-02595, Jaranwala Road, Faisalabad",Jaranwala Road,Faisalabad
PROP001170,Muhammad عمران Khan,74943-2102286-4,Mohammed Khan,,33295870,"H-02604, North Nazimabad, Karachi",North Nazimabad,Karachi
PROP001171,Muhammad عمران Khan,,Mohammed خان,1990-07-07,44102878,"H-02604, North Nazimabad, Karachi",North Nazimabad,Karachi
PROP001172,Imran Khan,,Mohammad خان,1990-07-07,31829910,"H-02604, North Nazimabad, Karachi",North Nazimabad,Karachi
PROP001173,Hassan اعوان,10682-9269280-2,Mohammed علی اعوان,1988-06-18,6149911,"H-02606, Bahria Town, Islamabad",Bahria Town,Islamabad
PROP001174,Mohammed عمران Sheikh,74960-4459323-8,Hamza Shaykh,1967-07-19,13578935,"H-02608, Johar Town, Lahore",Johar Town,Lahore
PROP001175,عمران Shaykh,74960-4459323-8,Mohammad Hamza شیخ,1967-07-19,20603744,"H-02608, Johar Town, Lahore",Johar Town,Lahore
PROP001176,Usman Shaykh,73017-7704777-0,,1971-06-17,13566722,"H-02611, Peoples Colony, Faisalabad",Peoples Colony,Faisalabad
PROP001177,Othman Sheikh,73017-7704777-0,احمد Shaykh,1971-06-17,17263777,"H-02611, Peoples Colony, Faisalabad",Peoples Colony,Faisalabad
PROP001178,بلال Khan,54536-5523361-6,Mohammad Othman خان,1971-03-24,21102931,"H-02614, G-10, Islamabad",G-10,Islamabad
PROP001179,Hussein Quraishi,98416-7883212-6,Muhammad قریشی,1955-04-01,40971373,"H-02616, Peoples Colony, Faisalabad",Peoples Colony,Faisalabad
PROP001180,Hussein خان,21145-7818051-5,Muhammad خان,,2470737,"H-02619, Jaranwala Road, Faisalabad",Jaranwala Road,Faisalabad
PROP001181,Muhammed Chaudhry,92361-5225804-8,حسین Ch.,1967-12-16,47454645,"H-02620, Bahria Town, Islamabad",Bahria Town,Islamabad
PROP001182,Muhammad چوہدری,92361-5225804-8,حسین Choudhary,1967-12-16,61897444,"H-02620, Bahria Town, Islamabad",Bahria Town,Islamabad
PROP001183,Muhammad خان,11672-8803474-8,Ahmed Khan,1963-11-23,17869952,"H-02625, Malir, Karachi",Malir,Karachi
PROP001184,Mohammad خان,11672-8803474-8,,1963-11-23,23648476,"H-02625, Malir, Karachi",Malir,Karachi
PROP001185,Ali Ch.,29628-4388883-3,حمزہ Ch.,1965-11-18,25586680,"H-02627, G-10, Islamabad",G-10,Islamabad
PROP001186,حرا اعوان,,علی اعوان,1981-06-13,7390924,"H-02628, Jaranwala Road, Faisalabad",Jaranwala Road,Faisalabad
PROP001187,Ayesha Malick,,Imran ملک,1984-01-22,37706628,"H-02629, Bahria Town, Islamabad",Bahria Town,Islamabad
PROP001188,Imran شیخ,73317-2013391-9,,1997-07-14,8547578,"H-02634, Johar Town, Lahore",Johar Town,Lahore
PROP001189,Ahmed خان,,فیصل خان,,63713801,"H-02636, Clifton, Karachi",Clifton,Karachi
PROP001190,احمد Khan,,Muhammad فیصل Khan,1956-08-02,75008214,"H-02636, Clifton, Karachi",Clifton,Karachi
PROP001191,Muhammad احمد Khan,99504-8925331-0,,,68239379,"H-02636, Clifton, Karachi",Clifton,Karachi
PROP001192,Hussain راجہ,30257-8301344-7,Muhammed Husain Raja,1989-08-28,15134463,"H-02638, Bahria Town, Islamabad",Bahria Town,Islamabad
PROP001193,محمد Chaudhry,27350-3502531-0,Muhammed علی Chaudhary,1982-03-13,30771001,"H-02641, G-10, Islamabad",G-10,Islamabad
PROP001194,محمد Chaudhary,27350-3502581-0,علی Choudhary,1982-03-13,30274633,"H-02641, G-10, Islamabad",G-10,Islamabad
PROP001195,Mohammad Ch.,27350-3502581-0,,1982-03-13,26630782,"H-02641, G-10, Islamabad",G-10,Islamabad
PROP001196,Muhammad Chaudhry,96940-5289751-5,علی Chaudhary,1978-08-08,10835873,"H-02642, Johar Town, Lahore",Johar Town,Lahore
PROP001197,عمران قریشی,,Ali قریشی,1969-08-22,18156628,"H-02646, Bahria Town, Rawalpindi",Bahria Town,Rawalpindi
PROP001198,Fatema Sheikh,56972-2493623-0,Hassan Sheikh,1988-06-06,2000000,"H-02657, Jaranwala Road, Faisalabad",Jaranwala Road,Faisalabad
PROP001199,Hussain Syed,96838-7174035-3,Mohammed Ahmed سید,1985-01-17,4101518,"H-02660, E-11, Islamabad",E-11,Islamabad
PROP001200,Mohammed فیصل Qureshi,73483-8226710-0,Faisal Quraishi,1997-01-20,11282757,"H-02665, F-7, Islamabad",F-7,Islamabad
PROP001201,حسین اعوان,80721-8390027-8,,,2000000,"H-02667, Gulberg, Lahore",Gulberg,Lahore
PROP001202,Othman سید,76113-8581177-1,Mohammed سید,1988-09-02,5947926,"H-02672, Clifton, Karachi",Clifton,Karachi
PROP001203,Sana Butt,10090-6527375-9,Muhammed Butt,,2000000,"H-02673, Satellite Town, Rawalpindi",Satellite Town,Rawalpindi
PROP001204,Mohammed عمران Mughal,38400-7254661-2,Muhammed Imran Moghul,,8784393,"H-02676, Gulberg, Lahore",Gulberg,Lahore
PROP001205,عائشہ راجہ,89995-3476369-9,,2000-03-25,42259652,"H-02681, Gulshan-e-Iqbal, Karachi",Gulshan-e-Iqbal,Karachi
PROP001206,Ayisha راجہ,89995-3476369-9,Hasan Raja,2000-03-25,52014754,"H-02681, Gulshan-e-Iqbal, Karachi",Gulshan-e-Iqbal,Karachi
PROP001207,Aisha راجہ,89995-3476369-9,Hasan Raja,2000-03-25,55409965,"H-02681, Gulshan-e-Iqbal, Karachi",Gulshan-e-Iqbal,Karachi
PROP001208,Ahmad راجہ,94308-2064889-8,Mohammad احمد راجہ,1962-11-24,22508445,"H-02686, Saddar, Rawalpindi",Saddar,Rawalpindi
PROP001209,Faisal Moghul,17770-4055292-5,Usman مغل,1992-12-17,6695981,"H-02687, Gulberg, Lahore",Gulberg,Lahore
PROP001210,محمد Ch.,78008-3054355-6,Husain Choudhary,1961-12-18,44604945,"H-02690, Saddar, Rawalpindi",Saddar,Rawalpindi
PROP001211,Mohammed Chaudhry,,Hussein چوہدری,1961-12-18,78463500,"H-02690, Saddar, Rawalpindi",Saddar,Rawalpindi
PROP001212,محمد Ch.,,حسین Choudhary,1961-12-18,35942424,"H-02690, Saddar, Rawalpindi",Saddar,Rawalpindi
PROP001213,Ayesha Raja,75478-2714746-4,محمد Raja,1990-04-09,3258580,"H-02691, North Nazimabad, Karachi",North Nazimabad,Karachi
PROP001214,Ahmad Bhatti,96205-1269713-4,Muhammed Faysal Bhatti,1977-08-28,16280683,"H-02694, Cantt, Lahore",Cantt,Lahore
PROP001215,Fatema قریشی,47703-8619194-6,Mohammed Bilal Quraishi,,15111646,"H-02695, Cantt, Lahore",Cantt,Lahore
PROP001216,علی Sayed,68456-7510977-1,احمد Syed,2003-07-13,2000000,"H-02697, Cantt, Lahore",Cantt,Lahore
PROP001217,Othman خان,,,1967-02-07,7163990,"H-02702, F-8, Islamabad",F-8,Islamabad
PROP001218,Usman Sayyid,,Ali Sayed,1970-03-05,4626566,"H-02703, Gulshan-e-Iqbal, Karachi",Gulshan-e-Iqbal,Karachi
PROP001219,عمران ملک,99268-7423431-2,Muhammed حسین ملک,1965-07-12,8322015,"H-02707, DHA, Karachi",DHA,Karachi
PROP001220,Imran Malick,99268-7423431-2,حسین ملک,1965-07-12,7490238,"H-02707, DHA, Karachi",DHA,Karachi
PROP001221,Imran Raja,52067-9397901-7,Ahmad راجہ,2001-11-05,3859392,"H-02712, Chaklala, Rawalpindi",Chaklala,Rawalpindi
PROP001222,Faisal Mughal,56206-8740350-4,,1968-04-03,39532468,"H-02715, Chaklala, Rawalpindi",Chaklala,Rawalpindi
PROP001223,حمزہ Butt,37611-4596805-1,Ali بٹ,1965-03-08,8865424,"H-02720, Madina Town, Faisalabad",Madina Town,Faisalabad
PROP001224,Sana Shaykh,67719-3242498-6,Husain Shaikh,2000-04-20,16688113,"H-02724, Chaklala, Rawalpindi",Chaklala,Rawalpindi
PROP001225,Mohammed Quraishi,84398-8362374-2,Muhammed Husain قریشی,1978-10-16,8342599,"H-02738, Peoples Colony, Faisalabad",Peoples Colony,Faisalabad
PROP001226,Mohammed قریشی,84398-8362974-2,حسین قریشی,1978-10-16,12592033,"H-02738, Peoples Colony, Faisalabad",Peoples Colony,Faisalabad
PROP001227,محمد Qureshi,84398-8362374-2,,1978-10-16,16079577,"H-02738, Peoples Colony, Faisalabad",Peoples Colony,Faisalabad
PROP001228,Aysha Khan,98283-8957144-3,Osman خان,1987-07-16,6805987,"H-02741, Peoples Colony, Faisalabad",Peoples Colony,Faisalabad
PROP001229,Zaynab Moghul,53880-9694667-7,Bilal مغل,1979-10-09,4237008,"H-02743, Chaklala, Rawalpindi",Chaklala,Rawalpindi
PROP001230,زینب چوہدری,53616-1452742-3,Mohammed Hamzah Chaudhry,1977-05-18,13563754,"H-02746, Peoples Colony, Faisalabad",Peoples Colony,Faisalabad
PROP001231,Faisal Bhatti,21637-1354809-4,,1982-01-16,26681717,"H-02752, DHA, Karachi",DHA,Karachi
PROP001232,Maryam Khan,93428-3009073-2,Faysal خان,,17756764,"H-02756, Saddar, Rawalpindi",Saddar,Rawalpindi
PROP001233,مریم Khan,93428-3009073-2,فیصل Khan,1966-04-24,13238157,"H-02756, Saddar, Rawalpindi",Saddar,Rawalpindi
PROP001234,Hussein خان,91289-3169230-7,علی خان,1987-01-20,6361960,"H-02761, G-10, Islamabad",G-10,Islamabad
PROP001235,ثناء Raja,43597-5122237-1,بلال Raja,1986-12-17,2000000,"H-02762, Johar Town, Lahore",Johar Town,Lahore
PROP001236,Bilal Khan,65686-1907396-1,عثمان Khan,1965-04-27,140756709,"H-02764, F-8, Islamabad",F-8,Islamabad
PROP001237,Bilal Khan,,Usman Khan,1965-04-27,132536074,"H-02764, F-8, Islamabad",F-8,Islamabad
PROP001238,Bilal Khan,65486-1907396-1,Othman خان,1965-04-27,105766680,"H-02764, F-8, Islamabad",F-8,Islamabad
PROP001239,محمد Sayyid,,Mohammed Ahmed Sayed,,16685168,"H-02768, Madina Town, Faisalabad",Madina Town,Faisalabad
PROP001240,ثناء Raja,54361-1688179-3,Mohammad Raja,1987-02-19,21996404,"H-02772, Gulshan-e-Iqbal, Karachi",Gulshan-e-Iqbal,Karachi
PROP001241,Marium بٹ,65885-3224186-3,Faysal بٹ,1976-07-22,4651394,"H-02779, Malir, Karachi",Malir,Karachi
PROP001242,Marium Butt,65885-3224186-3,Faisal Bhatti,1976-07-22,5648061,"H-02779, Malir, Karachi",Malir,Karachi
PROP001243,Maryam Butt,65885-3224186-3,,1976-07-22,5567999,"H-02779, Malir, Karachi",Malir,Karachi
PROP001244,Bilal Butt,30059-9204577-2,Hamza Bhatti,1980-06-07,16193585,"H-02781, Clifton, Karachi",Clifton,Karachi
PROP001245,Ahmad Ch.,75068-1829219-0,Othman Chaudhary,1973-06-11,6593653,"H-02782, F-7, Islamabad",F-7,Islamabad
PROP001246,عثمان قریشی,57648-8300462-2,احمد قریشی,1982-09-22,7352752,"H-02783, Peoples Colony, Faisalabad",Peoples Colony,Faisalabad
PROP001247,Usman Quraishi,57648-8300462-2,Ahmed قریشی,1982-09-22,9507615,"H-02783, Peoples Colony, Faisalabad",Peoples Colony,Faisalabad
PROP001248,Hira Sayyid,83464-6974725-0,Mohammad Hussain Sayyid,2002-10-03,2000000,"H-02784, Saddar, Rawalpindi",Saddar,Rawalpindi
PROP001249,Sana چوہدری,,,1998-04-28,2000000,"H-02786, Johar Town, Lahore",Johar Town,Lahore
PROP001250,Mohammad Imran Mughal,,,1957-06-12,10441027,"H-02787, Jaranwala Road, Faisalabad",Jaranwala Road,Faisalabad
PROP001251,Mohammed Imran ملک,68147-6072636-4,Muhammad Faysal Malik,1991-03-10,11538589,"H-02794, Peoples Colony, Faisalabad",Peoples Colony,Faisalabad
PROP001252,Mariam Sayyid,25956-4054488-2,,1964-04-22,31091548,"H-02797, Madina Town, Faisalabad",Madina Town,Faisalabad
PROP001253,مریم Syed,25956-4054488-2,Faysal سید,1964-04-22,28671597,"H-02797, Madina Town, Faisalabad",Madina Town,Faisalabad
PROP001254,Mariam Sayed,,فیصل سید,1964-04-22,26979924,"H-02797, Madina Town, Faisalabad",Madina Town,Faisalabad
PROP001255,Sana سید,10279-1907844-5,Muhammed Osman Sayed,1959-12-05,21170570,"H-02801, Jaranwala Road, Faisalabad",Jaranwala Road,Faisalabad
PROP001256,Mohammed Bilal Qureshi,43186-3979157-0,محمد Qureshi,1973-03-03,8788367,"H-02803, Model Town, Lahore",Model Town,Lahore
PROP001257,Muhammed Bilal Qureshi,43186-3979157-0,محمد Qureshi,,11481105,"H-02803, Model Town, Lahore",Model Town,Lahore
PROP001258,حسن Shaykh,,Bilal Shaykh,2000-04-06,188865279,"H-02806, Cantt, Lahore",Cantt,Lahore
PROP001259,Hassan Shaikh,75628-8982486-6,بلال Shaikh,2000-04-06,136004132,"H-02806, Cantt, Lahore",Cantt,Lahore
PROP001260,Hassan Shaykh,75628-8982486-6,Mohammad Bilal Sheikh,2000-04-06,126209990,"H-02806, Cantt, Lahore",Cantt,Lahore
PROP001261,Zainab Quraishi,,حمزہ قریشی,1975-06-11,27984057,"H-02814, Madina Town, Faisalabad",Madina Town,Faisalabad
PROP001262,Zaynab Qureshi,64856-3441853-4,Hamza Quraishi,1975-06-11,23630321,"H-02814, Madina Town, Faisalabad",Madina Town,Faisalabad
PROP001263,Muhammad Chaudhary,17529-3415472-7,عثمان چوہدری,1962-01-01,20368622,"H-02815, Satellite Town, Rawalpindi",Satellite Town,Rawalpindi
PROP001264,Sana اعوان,85896-1045975-5,,1959-02-06,52831795,"H-02816, Malir, Karachi",Malir,Karachi
PROP001265,مریم Moghul,41578-7123271-3,,1969-12-08,4070183,"H-02817, Gulberg, Lahore",Gulberg,Lahore
PROP001266,Imran Bhatti,51900-2374064-6,,1985-01-15,2000000,"H-02818, Jaranwala Road, Faisalabad",Jaranwala Road,Faisalabad
PROP001267,Ali Malick,14203-3481445-4,Muhammad Ali ملک,1980-11-09,11048353,"H-02819, Madina Town, Faisalabad",Madina Town,Faisalabad
PROP001268,عثمان ملک,28701-1579170-4,احمد Malick,1996-02-11,6546176,"H-02820, Madina Town, Faisalabad",Madina Town,Faisalabad
PROP001269,Mohammad Ahmad سید,,Muhammad Ali Sayyid,1961-08-01,11956697,"H-02823, F-8, Islamabad",F-8,Islamabad
PROP001270,Ahmad Sayed,69092-8532522-0,,1961-08-01,23403620,"H-02823, F-8, Islamabad",F-8,Islamabad
PROP001271,Hira ملک,,,1956-10-26,22236082,"H-02831, North Nazimabad, Karachi",North Nazimabad,Karachi
PROP001272,حرا Malick,67161-9598872-0,,1956-10-26,17225250,"H-02831, North Nazimabad, Karachi",North Nazimabad,Karachi
PROP001273,عمران Awan,69130-5005695-5,Mohammed Faisal اعوان,1994-11-22,15117448,"H-02839, E-11, Islamabad",E-11,Islamabad
PROP001274,Hasan Quraishi,36903-2280131-3,عمران Qureshi,1985-09-07,10651527,"H-02842, DHA, Lahore",DHA,Lahore
PROP001275,Mohammed عمران اعوان,76083-3078530-1,Ali Awan,1990-03-13,16148337,"H-02844, E-11, Islamabad",E-11,Islamabad
PROP001276,Imran اعوان,76083-3078530-1,,1990-03-13,17189019,"H-02844, E-11, Islamabad",E-11,Islamabad
PROP001277,Hira Awan,70120-6044163-3,احمد Awan,1963-11-10,7294740,"H-02847, Saddar, Rawalpindi",Saddar,Rawalpindi
PROP001278,Fatimah Mughal,36144-2684767-6,Mohammed عمران Moghul,1979-08-01,87012894,"H-02850, F-8, Islamabad",F-8,Islamabad
PROP001279,فاطمہ Moghul,36144-2684767-6,Imran Mughal,1979-08-01,98948901,"H-02850, F-8, Islamabad",F-8,Islamabad
PROP001280,فاطمہ مغل,36144-7684767-6,Mohammad Imran Mughal,1979-08-01,91454788,"H-02850, F-8, Islamabad",F-8,Islamabad
PROP001281,Muhammad سید,39862-5573235-4,احمد Sayyid,1958-12-03,2000000,"H-02851, Peoples Colony, Faisalabad",Peoples Colony,Faisalabad
PROP001282,حرا Moghul,91557-4237187-5,Hussain Moghul,1992-03-04,8518484,"H-02852, Chaklala, Rawalpindi",Chaklala,Rawalpindi
PROP001283,Bilal بٹ,54010-5526704-1,Muhammad Hasan Bhatti,1968-11-07,19084809,"H-02861, North Nazimabad, Karachi",North Nazimabad,Karachi
PROP001284,Mohammed Othman Awan,84163-1998990-7,Ali اعوان,2002-05-19,92011800,"H-02863, Madina Town, Faisalabad",Madina Town,Faisalabad
PROP001285,Othman Awan,84163-1998910-5,Mohammed Ali اعوان,,64252090,"H-02863, Madina Town, Faisalabad",Madina Town,Faisalabad
PROP001286,عثمان اعوان,84163-1998990-5,Ali Awan,2002-05-19,57210560,"H-02863, Madina Town, Faisalabad",Madina Town,Faisalabad
PROP001287,بلال مغل,86085-3029994-4,علی Mughal,1981-06-05,20896128,"H-02865, Madina Town, Faisalabad",Madina Town,Faisalabad
PROP001288,Muhammad علی Choudhary,67804-1660259-7,Hamzah Choudhary,1979-01-10,14110039,"H-02872, Peoples Colony, Faisalabad",Peoples Colony,Faisalabad
PROP001289,Muhammed Awan,48287-1868372-0,,1968-12-02,7142370,"H-02874, F-8, Islamabad",F-8,Islamabad
PROP001290,Hira راجہ,,بلال راجہ,2003-12-25,3408697,"H-02876, Jaranwala Road, Faisalabad",Jaranwala Road,Faisalabad
PROP001291,Faisal راجہ,38774-2734751-8,,1987-10-07,20837473,"H-02877, F-8, Islamabad",F-8,Islamabad
PROP001292,Muhammed فیصل راجہ,38774-2734731-8,,1987-10-07,30914389,"H-02877, F-8, Islamabad",F-8,Islamabad
PROP001293,Zainab Khan,48998-5740446-9,Mohammed Faysal Khan,1994-07-07,80064078,"H-02881, Jaranwala Road, Faisalabad",Jaranwala Road,Faisalabad
PROP001294,Zaynab خان,48998-5740446-9,,1994-07-07,100805429,"H-02881, Jaranwala Road, Faisalabad",Jaranwala Road,Faisalabad
PROP001295,Zainab Khan,48998-5740446-9,Muhammad Faysal Khan,1994-07-07,51122980,"H-02881, Jaranwala Road, Faisalabad",Jaranwala Road,Faisalabad
PROP001296,Hira Sayyid,,Mohammad Faisal Sayed,1977-02-20,32892453,"H-02882, DHA, Lahore",DHA,Lahore
PROP001297,بلال Quraishi,98254-1442028-0,Hasan قریشی,1989-02-17,9184203,"H-02890, Peoples Colony, Faisalabad",Peoples Colony,Faisalabad
PROP001298,ثناء Bhatti,71912-3461908-2,Hasan Bhatti,1993-06-14,3409299,"H-02896, DHA, Lahore",DHA,Lahore
PROP001299,Othman Qureshi,76821-2417579-7,Hassan Qureshi,1972-02-18,3106640,"H-02900, Peoples Colony, Faisalabad",Peoples Colony,Faisalabad
PROP001300,عائشہ Sheikh,93215-2253315-5,Muhammad Hassan Sheikh,1984-09-22,7072557,"H-02904, Malir, Karachi",Malir,Karachi
PROP001301,Aisha شیخ,93215-2253315-5,Muhammad Hasan Shaikh,1984-09-22,11085746,"H-02904, Malir, Karachi",Malir,Karachi
PROP001302,Hamza Raja,22422-1385635-4,عمران Raja,1982-07-16,5346918,"H-02908, Gulshan-e-Iqbal, Karachi",Gulshan-e-Iqbal,Karachi
PROP001303,Ali قریشی,48799-1475372-5,حسن قریشی,1979-03-11,10492455,"H-02916, Satellite Town, Rawalpindi",Satellite Town,Rawalpindi
PROP001304,عائشہ Ch.,16915-1554463-5,Muhammad علی Ch.,1966-02-22,27824146,"H-02918, Bahria Town, Rawalpindi",Bahria Town,Rawalpindi
PROP001305,Aysha چوہدری,16915-1554463-5,Muhammed علی Choudhary,1966-02-22,23455272,"H-02918, Bahria Town, Rawalpindi",Bahria Town,Rawalpindi
PROP001306,Ayesha Chaudhry,16915-1554463-5,Ali Chaudhry,1966-02-22,28441325,"H-02918, Bahria Town, Rawalpindi",Bahria Town,Rawalpindi
PROP001307,Faysal اعوان,43980-5944083-2,Usman اعوان,1966-05-23,6438455,"H-02924, Model Town, Lahore",Model Town,Lahore
PROP001308,Muhammad Ahmed Sayed,27261-7236644-0,حسن سید,2002-11-23,11551753,"H-02930, Clifton, Karachi",Clifton,Karachi
PROP001309,Bilal Shaikh,23416-8745532-6,حسین Shaykh,2000-01-25,3767579,"H-02934, Satellite Town, Rawalpindi",Satellite Town,Rawalpindi
PROP001310,Mohammed Ahmad خان,59722-1023742-7,Hamza خان,2003-03-03,14703090,"H-02939, Clifton, Karachi",Clifton,Karachi
PROP001311,Ahmed Bhatti,16772-3682828-7,,,32605962,"H-02943, Peoples Colony, Faisalabad",Peoples Colony,Faisalabad
PROP001312,Ahmed بٹ,,عثمان بٹ,1993-11-27,56585212,"H-02943, Peoples Colony, Faisalabad",Peoples Colony,Faisalabad
PROP001313,Ahmed Bhatti,36772-3682828-7,Usman Bhatti,1993-11-27,48738528,"H-02943, Peoples Colony, Faisalabad",Peoples Colony,Faisalabad
PROP001314,Aysha Sheikh,86591-5685484-5,Ali Sheikh,1970-10-21,37539127,"H-02945, North Nazimabad, Karachi",North Nazimabad,Karachi
PROP001315,Ayesha شیخ,86591-5685484-5,,1970-10-21,28993656,"H-02945, North Nazimabad, Karachi",North Nazimabad,Karachi
PROP001316,Aysha Shaikh,86591-5685484-5,Ali شیخ,1970-10-21,40043977,"H-02945, North Nazimabad, Karachi",North Nazimabad,Karachi
PROP001317,Hamza مغل,31934-4298605-0,Imran Mughal,1988-09-02,48948392,"H-02947, Clifton, Karachi",Clifton,Karachi
PROP001318,Mohammad Hamza مغل,31934-4298605-0,عمران Moghul,1988-09-02,38548471,"H-02947, Clifton, Karachi",Clifton,Karachi
PROP001319,Hira Qureshi,73516-6444909-5,Imran قریشی,1976-01-19,10689754,"H-02949, Jaranwala Road, Faisalabad",Jaranwala Road,Faisalabad
PROP001320,بلال راجہ,99083-8445869-7,محمد راجہ,2002-08-26,2170864,"H-02963, Bahria Town, Islamabad",Bahria Town,Islamabad
PROP001321,Muhammad Usman اعوان,10814-6453173-4,عثمان اعوان,1987-07-14,2000000,"H-02966, Chaklala, Rawalpindi",Chaklala,Rawalpindi
PROP001322,Fatimah Syed,99921-3886103-1,علی Sayyid,1963-04-23,8169413,"H-02968, Model Town, Lahore",Model Town,Lahore
PROP001323,Muhammed عثمان Syed,19315-7096480-4,,2001-08-21,15081948,"H-02970, Satellite Town, Rawalpindi",Satellite Town,Rawalpindi
PROP001324,عائشہ Bhatti,81834-4870054-9,Mohammed Ahmed Bhatti,1961-07-22,13870822,"H-02971, E-11, Islamabad",E-11,Islamabad
PROP001325,عمران Qureshi,75553-6738192-2,Faysal Qureshi,1982-05-11,40771897,"H-02973, DHA, Lahore",DHA,Lahore
PROP001326,Imran Quraishi,75553-6738192-2,,1982-05-11,37819124,"H-02973, DHA, Lahore",DHA,Lahore
PROP001327,Zainab Qureshi,51599-2222353-7,Faysal Qureshi,1989-04-21,7180784,"H-02980, Bahria Town, Rawalpindi",Bahria Town,Rawalpindi
PROP001328,Hassan Quraishi,65602-8248196-3,Hasan Qureshi,1989-12-26,2000000,"H-02981, E-11, Islamabad",E-11,Islamabad
PROP001329,حسن قریشی,65602-8248196-3,,1989-12-26,2000000,"H-02981, E-11, Islamabad",E-11,Islamabad
PROP001330,علی Sayyid,25325-9141083-9,,1967-07-16,4925746,"H-02984, Peoples Colony, Faisalabad",Peoples Colony,Faisalabad
PROP001331,احمد Khan,20102-1975229-9,Usman Khan,2001-12-22,13424269,"H-02985, Johar Town, Lahore",Johar Town,Lahore
PROP001332,Mohammad Faysal Chaudhry,78409-3611522-4,Hasan Chaudhary,2001-03-13,11404916,"H-02988, F-7, Islamabad",F-7,Islamabad
PROP001333,Muhammed فیصل Chaudhary,78409-3611522-4,Hasan Ch.,2001-03-13,9656687,"H-02988, F-7, Islamabad",F-7,Islamabad
PROP001334,Muhammed Sheikh,48997-4181403-5,Muhammed Sheikh,1986-05-12,73315124,"H-02990, Bahria Town, Islamabad",Bahria Town,Islamabad
PROP001335,Mohammed Sheikh,48997-4181403-5,Muhammed شیخ,1986-05-12,98622214,"H-02990, Bahria Town, Islamabad",Bahria Town,Islamabad
PROP001336,Mohammed Sheikh,48997-4181403-5,,1986-05-12,106251735,"H-02990, Bahria Town, Islamabad",Bahria Town,Islamabad
PROP001337,محمد Moghul,73467-2613844-8,علی Moghul,1970-11-11,19003817,"H-02992, Malir, Karachi",Malir,Karachi
PROP001338,Ali اعوان,74162-8317637-5,,1971-08-13,40881137,"H-02993, Bahria Town, Rawalpindi",Bahria Town,Rawalpindi
PROP001339,Muhammad Ahmad Chaudhary,,Muhammad Chaudhry,1982-03-16,19397899,"H-02996, F-8, Islamabad",F-8,Islamabad
PROP001340,عمران شیخ,72017-4169951-3,Faisal Shaykh,1959-03-20,15185546,"H-02997, E-11, Islamabad",E-11,Islamabad
PROP001341,Mohammad Faysal ملک,46189-5278276-3,Mohammed Bilal Malik,1971-04-13,10513958,"H-03000, DHA, Karachi",DHA,Karachi
PROP001342,Bilal Quraishi,18527-6606690-4,Mohammad Bilal Qureshi,2002-04-11,12068213,"H-03006, Chaklala, Rawalpindi",Chaklala,Rawalpindi
PROP001343,بلال قریشی,18527-6606690-4,Bilal Quraishi,2002-04-11,12481273,"H-03006, Chaklala, Rawalpindi",Chaklala,Rawalpindi
PROP001344,Faisal Sayyid,11658-1700868-3,Hassan Sayyid,1983-12-11,10590972,"H-03008, E-11, Islamabad",E-11,Islamabad
PROP001345,فیصل Sayyid,11652-1700868-3,Hasan Syed,1983-12-11,14934799,"H-03008, E-11, Islamabad",E-11,Islamabad
PROP001346,Muhammad فیصل Sayyid,11652-1700168-3,Hasan سید,1983-12-11,12303016,"H-03008, E-11, Islamabad",E-11,Islamabad
PROP001347,Hussain اعوان,91749-1403445-0,,1987-03-10,20131017,"H-03015, Satellite Town, Rawalpindi",Satellite Town,Rawalpindi
PROP001348,Mohammad راجہ,85927-4032775-5,Mohammed بلال راجہ,1965-10-16,104886298,"H-03017, G-10, Islamabad",G-10,Islamabad
PROP001349,Muhammad راجہ,85927-4032775-5,Bilal Raja,1965-10-16,75406235,"H-03017, G-10, Islamabad",G-10,Islamabad
PROP001350,محمد Raja,85927-4032775-5,Bilal راجہ,1965-10-16,73791307,"H-03017, G-10, Islamabad",G-10,Islamabad
PROP001351,Hussain خان,33256-2334618-2,Mohammad Hamzah Khan,1957-03-08,12709582,"H-03027, Jaranwala Road, Faisalabad",Jaranwala Road,Faisalabad
PROP001352,Husain خان,33256-2334618-2,Mohammed Hamzah Khan,1957-03-08,12140454,"H-03027, Jaranwala Road, Faisalabad",Jaranwala Road,Faisalabad
PROP001353,Marium Sheikh,33977-6833165-9,Muhammad Shaykh,1970-02-22,54889026,"H-03028, DHA, Karachi",DHA,Karachi
PROP001354,Mariam Sheikh,33977-6833165-9,Mohammed شیخ,1970-02-22,107089511,"H-03028, DHA, Karachi",DHA,Karachi
PROP001355,علی Choudhary,59864-1211709-0,Osman چوہدری,,9713213,"H-03033, DHA, Lahore",DHA,Lahore
PROP001356,علی Qureshi,60381-3687329-5,علی Quraishi,,66643017,"H-03034, Johar Town, Lahore",Johar Town,Lahore
PROP001357,Bilal اعوان,24803-8264641-7,Mohammed عمران اعوان,1981-12-05,5666897,"H-03036, Madina Town, Faisalabad",Madina Town,Faisalabad
PROP001358,Hamza Shaikh,69580-8427120-3,علی Sheikh,1990-03-19,2170100,"H-03042, Bahria Town, Rawalpindi",Bahria Town,Rawalpindi
PROP001359,Fatimah ملک,17341-8513357-9,محمد Malick,1974-11-10,43308689,"H-03046, Model Town, Lahore",Model Town,Lahore
PROP001360,Fatima Malik,17341-8513357-9,,1974-11-10,52445118,"H-03046, Model Town, Lahore",Model Town,Lahore
PROP001361,Hasan راجہ,85700-2047582-1,,2003-05-27,9964958,"H-03047, Madina Town, Faisalabad",Madina Town,Faisalabad
PROP001362,علی Shaykh,,حسن Shaykh,1974-08-17,8397275,"H-03050, Cantt, Lahore",Cantt,Lahore
PROP001363,Fatema قریشی,32891-8693689-2,Faisal قریشی,1993-04-07,42219552,"H-03052, Peoples Colony, Faisalabad",Peoples Colony,Faisalabad
PROP001364,Fatima قریشی,32891-8693689-2,Muhammed فیصل Quraishi,1993-04-07,29486815,"H-03052, Peoples Colony, Faisalabad",Peoples Colony,Faisalabad
PROP001365,Hamzah Khan,13933-5071469-9,Imran Khan,1980-11-14,113352358,"H-03053, Model Town, Lahore",Model Town,Lahore
PROP001366,Hamza خان,13933-5071469-9,عمران خان,1980-11-14,61560238,"H-03053, Model Town, Lahore",Model Town,Lahore
PROP001367,Hamzah خان,13933-5071469-9,Mohammed Imran Khan,1980-11-14,86176885,"H-03053, Model Town, Lahore",Model Town,Lahore
PROP001368,Bilal Butt,44939-3270211-7,Hasan Butt,1992-09-08,44095864,"H-03054, Peoples Colony, Faisalabad",Peoples Colony,Faisalabad
PROP001369,Muhammad بلال بٹ,44939-3270211-7,Mohammed Hasan بٹ,1992-09-08,33902813,"H-03054, Peoples Colony, Faisalabad",Peoples Colony,Faisalabad
PROP001370,بلال Bhatti,44939-3270211-7,Hassan Bhatti,1992-09-08,43228658,"H-03054, Peoples Colony, Faisalabad",Peoples Colony,Faisalabad
PROP001371,Ali Choudhary,82492-7984488-7,بلال چوہدری,1965-03-16,8732209,"H-03055, Madina Town, Faisalabad",Madina Town,Faisalabad
PROP001372,Hassan Bhatti,92676-3651430-0,,1981-07-07,11632472,"H-03056, Malir, Karachi",Malir,Karachi
PROP001373,Hussein Shaikh,62213-4292447-4,Usman Shaykh,1966-07-07,10836931,"H-03057, Gulshan-e-Iqbal, Karachi",Gulshan-e-Iqbal,Karachi
PROP001374,Fatima Choudhary,,Hussein Chaudhry,,12040477,"H-03058, Model Town, Lahore",Model Town,Lahore
PROP001375,Fatema Chaudhary,,Hussein Chaudhry,1972-06-12,12352157,"H-03058, Model Town, Lahore",Model Town,Lahore
PROP001376,Muhammad عمران Chaudhry,,محمد Choudhary,1976-08-27,15110977,"H-03064, E-11, Islamabad",E-11,Islamabad
PROP001377,Muhammad Ahmad Shaykh,,,1957-01-09,41069465,"H-03069, F-7, Islamabad",F-7,Islamabad
PROP001378,Husain Mughal,,Mohammad حمزہ Moghul,1994-07-25,2000000,"H-03071, Peoples Colony, Faisalabad",Peoples Colony,Faisalabad
PROP001379,حسین Mughal,28482-7239877-0,Muhammad Hamzah مغل,1994-07-25,2000000,"H-03071, Peoples Colony, Faisalabad",Peoples Colony,Faisalabad
PROP001380,Faisal Mughal,52423-8894317-6,حسن Moghul,2003-08-23,20025303,"H-03074, E-11, Islamabad",E-11,Islamabad
PROP001381,Mohammad قریشی,89330-5573373-8,Mohammad Ahmed Quraishi,1975-01-25,5597713,"H-03076, Madina Town, Faisalabad",Madina Town,Faisalabad
PROP001382,Usman Shaikh,71686-8602709-9,,1957-08-24,30622786,"H-03081, F-8, Islamabad",F-8,Islamabad
PROP001383,Othman Shaikh,71686-8602709-9,Othman Sheikh,1957-08-24,33794238,"H-03081, F-8, Islamabad",F-8,Islamabad
PROP001384,Faysal بٹ,66112-6498821-2,حسن بٹ,1994-07-16,4567480,"H-03084, Jaranwala Road, Faisalabad",Jaranwala Road,Faisalabad
PROP001385,علی Butt,83955-6366676-7,Mohammed Othman بٹ,1969-12-18,12770832,"H-03086, Johar Town, Lahore",Johar Town,Lahore
PROP001386,Ali Butt,83955-6366676-7,Osman Butt,1969-12-18,14728155,"H-03086, Johar Town, Lahore",Johar Town,Lahore
PROP001387,Sana اعوان,,,1977-10-27,3057236,"H-03089, Johar Town, Lahore",Johar Town,Lahore
PROP001388,Mohammad Mughal,73638-7932270-7,Hamza Mughal,1984-08-08,13777004,"H-03093, Johar Town, Lahore",Johar Town,Lahore
PROP001389,Mohammad مغل,73638-7932277-7,,1984-08-08,18392271,"H-03093, Johar Town, Lahore",Johar Town,Lahore
PROP001390,Imran Moghul,42701-4164053-1,Muhammad حسن Mughal,1978-11-24,12125089,"H-03096, Gulberg, Lahore",Gulberg,Lahore
PROP001391,Muhammed Hamzah Awan,59052-4032258-8,Hussein Awan,1988-09-20,10222977,"H-03101, Clifton, Karachi",Clifton,Karachi
PROP001392,Bilal اعوان,15827-3150416-8,,1958-12-10,11703950,"H-03106, Model Town, Lahore",Model Town,Lahore
PROP001393,Sana مغل,60507-5499558-5,Hamzah Moghul,1975-03-16,2000000,"H-03108, DHA, Lahore",DHA,Lahore
PROP001394,علی Raja,75814-6678253-1,Osman راجہ,1998-01-14,13702333,"H-03109, Satellite Town, Rawalpindi",Satellite Town,Rawalpindi
PROP001395,عثمان قریشی,52611-7120423-6,Bilal Quraishi,1960-07-14,40776945,"H-03110, Saddar, Rawalpindi",Saddar,Rawalpindi
PROP001396,Muhammad عثمان Qureshi,52611-7120423-6,Bilal قریشی,1960-07-14,36578945,"H-03110, Saddar, Rawalpindi",Saddar,Rawalpindi
PROP001397,عثمان Qureshi,52611-7120423-6,بلال قریشی,1960-07-14,52381663,"H-03110, Saddar, Rawalpindi",Saddar,Rawalpindi
PROP001398,Mohammed Othman Malik,19404-4675611-3,,1976-07-07,4689895,"H-03112, Saddar, Rawalpindi",Saddar,Rawalpindi
PROP001399,Ahmed راجہ,61763-7779519-1,Mohammad فیصل Raja,1963-02-05,13303047,"H-03113, Model Town, Lahore",Model Town,Lahore
PROP001400,ثناء Shaikh,83845-2318372-6,Hussein Shaykh,,57153322,"H-03116, Model Town, Lahore",Model Town,Lahore
PROP001401,ثناء Shaykh,,Husain شیخ,1963-04-01,100932928,"H-03116, Model Town, Lahore",Model Town,Lahore
PROP001402,Sana Sheikh,,حسین Shaykh,1963-04-01,55844098,"H-03116, Model Town, Lahore",Model Town,Lahore
PROP001403,حسین Raja,49925-7391063-3,Usman راجہ,1963-11-24,12777898,"H-03121, Johar Town, Lahore",Johar Town,Lahore
PROP001404,Hamzah Shaikh,95202-5131612-2,بلال Shaykh,1975-10-17,14816513,"H-03125, Madina Town, Faisalabad",Madina Town,Faisalabad
PROP001405,حمزہ Sheikh,95202-5111612-2,Bilal Shaykh,1975-10-17,10742646,"H-03125, Madina Town, Faisalabad",Madina Town,Faisalabad
PROP001406,Muhammed Hamza Moghul,97535-5665397-0,Mohammed Hassan Moghul,1986-06-07,22565424,"H-03126, Clifton, Karachi",Clifton,Karachi
PROP001407,Hamza Mughal,97535-5665397-0,حسن مغل,1986-06-07,23681007,"H-03126, Clifton, Karachi",Clifton,Karachi
PROP001408,Hassan خان,75709-8629855-8,Mohammed خان,1984-02-05,37556159,"H-03128, E-11, Islamabad",E-11,Islamabad
PROP001409,حسن Khan,,Mohammad Khan,1984-02-05,48514942,"H-03128, E-11, Islamabad",E-11,Islamabad
PROP001410,حسن Khan,75708-8629855-8,Muhammad Khan,1984-02-05,46987366,"H-03128, E-11, Islamabad",E-11,Islamabad
PROP001411,حسین Moghul,83757-6115729-8,Hussain Mughal,1992-05-07,25797193,"H-03132, Clifton, Karachi",Clifton,Karachi
PROP001412,Muhammed Husain Mughal,83757-6115729-8,,1992-05-07,23429249,"H-03132, Clifton, Karachi",Clifton,Karachi
PROP001413,Husain مغل,83757-6115729-8,,1992-05-07,15805723,"H-03132, Clifton, Karachi",Clifton,Karachi
PROP001414,Mohammed مغل,87901-6816305-6,حمزہ Mughal,,21282840,"H-03134, Gulshan-e-Iqbal, Karachi",Gulshan-e-Iqbal,Karachi
PROP001415,Hasan Sayed,94582-9974267-0,Muhammad Hamza سید,1963-01-22,2000000,"H-03136, North Nazimabad, Karachi",North Nazimabad,Karachi
PROP001416,Hasan Syed,74582-9974267-0,Hamza Sayed,1963-01-22,2000000,"H-03136, North Nazimabad, Karachi",North Nazimabad,Karachi
PROP001417,Mariam خان,85930-1042116-5,بلال Khan,1997-06-16,44171971,"H-03139, Saddar, Rawalpindi",Saddar,Rawalpindi
PROP001418,Faysal Sayyid,,بلال Sayyid,1983-04-20,12726884,"H-03140, Satellite Town, Rawalpindi",Satellite Town,Rawalpindi
PROP001419,بلال Malick,71190-1218038-0,,1959-10-22,9199575,"H-03144, Bahria Town, Islamabad",Bahria Town,Islamabad
PROP001420,بلال Malick,71190-1218038-0,,1959-10-22,7408557,"H-03144, Bahria Town, Islamabad",Bahria Town,Islamabad
PROP001421,Muhammad Ali Choudhary,68675-8025252-7,بلال Choudhary,,2000000,"H-03150, Jaranwala Road, Faisalabad",Jaranwala Road,Faisalabad
PROP001422,Muhammad Hussain Choudhary,23096-9564329-3,,1970-03-23,6135252,"H-03152, North Nazimabad, Karachi",North Nazimabad,Karachi
PROP001423,حرا خان,,Muhammed Ali خان,1955-08-04,2000000,"H-03153, Johar Town, Lahore",Johar Town,Lahore
PROP001424,Mariam Awan,27903-3261128-0,Hasan Awan,1958-03-17,7969383,"H-03155, North Nazimabad, Karachi",North Nazimabad,Karachi
PROP001425,Hamza Butt,75992-4125522-3,Mohammad Butt,1968-07-01,30731717,"H-03156, Gulshan-e-Iqbal, Karachi",Gulshan-e-Iqbal,Karachi
PROP001426,Mohammad حمزہ بٹ,75992-4115522-3,Muhammed Bhatti,1968-07-01,36053651,"H-03156, Gulshan-e-Iqbal, Karachi",Gulshan-e-Iqbal,Karachi
PROP001427,Hamza Butt,75992-4115582-3,Muhammed Butt,1968-07-01,38233831,"H-03156, Gulshan-e-Iqbal, Karachi",Gulshan-e-Iqbal,Karachi
PROP001428,Aysha Mughal,88262-8921344-2,Mohammed بلال Moghul,1975-06-25,9382998,"H-03157, Model Town, Lahore",Model Town,Lahore
PROP001429,Hira Bhatti,79709-3453101-5,,2001-07-21,9697053,"H-03159, Bahria Town, Islamabad",Bahria Town,Islamabad
PROP001430,Muhammed Othman اعوان,65110-9295411-0,عثمان اعوان,1958-11-14,13114339,"H-03161, Chaklala, Rawalpindi",Chaklala,Rawalpindi
PROP001431,Hassan Butt,28141-5679105-5,Mohammad Hamza Bhatti,1958-06-03,9290565,"H-03164, Peoples Colony, Faisalabad",Peoples Colony,Faisalabad
PROP001432,ثناء اعوان,79023-2610323-9,Hasan اعوان,1962-10-05,14016600,"H-03168, Johar Town, Lahore",Johar Town,Lahore
PROP001433,عثمان بٹ,,عمران Bhatti,1979-06-15,2163351,"H-03172, Madina Town, Faisalabad",Madina Town,Faisalabad
PROP001434,Muhammad Bilal بٹ,67442-7486094-0,Imran بٹ,1989-03-07,5525656,"H-03174, Model Town, Lahore",Model Town,Lahore
PROP001435,Muhammad راجہ,15489-2730197-7,Ali راجہ,2002-07-05,3100507,"H-03176, E-11, Islamabad",E-11,Islamabad
PROP001436,Husain Chaudhary,22454-2024468-1,Mohammad بلال چوہدری,1981-04-25,9490795,"H-03178, Clifton, Karachi",Clifton,Karachi
PROP001437,Fatimah Shaykh,,Imran Sheikh,1974-09-14,30153471,"H-03180, Peoples Colony, Faisalabad",Peoples Colony,Faisalabad
PROP001438,فاطمہ Shaikh,19955-2746373-0,Imran Shaikh,1974-09-14,64119273,"H-03180, Peoples Colony, Faisalabad",Peoples Colony,Faisalabad
PROP001439,Muhammad Ali Ch.,93714-1510553-6,بلال Choudhary,1983-02-09,14120969,"H-03185, Gulshan-e-Iqbal, Karachi",Gulshan-e-Iqbal,Karachi
PROP001440,Osman شیخ,86759-5731833-0,Hussain Shaykh,1968-10-08,212506955,"H-03200, Jaranwala Road, Faisalabad",Jaranwala Road,Faisalabad
PROP001441,Mohammad عثمان Sheikh,86759-5731833-0,Hussein شیخ,1968-10-08,233585471,"H-03200, Jaranwala Road, Faisalabad",Jaranwala Road,Faisalabad
PROP001442,عثمان Sheikh,86759-5731833-0,Mohammed حسین Shaikh,1968-10-08,287584456,"H-03200, Jaranwala Road, Faisalabad",Jaranwala Road,Faisalabad
PROP001443,Hasan Shaikh,71340-4971834-4,Mohammad Shaikh,1960-02-09,28054838,"H-03205, Jaranwala Road, Faisalabad",Jaranwala Road,Faisalabad
PROP001444,حرا Bhatti,15695-9211510-3,Muhammad Hamzah Butt,1984-01-09,17643230,"H-03206, Chaklala, Rawalpindi",Chaklala,Rawalpindi
PROP001445,Faisal Syed,89056-6201442-5,Muhammad بلال Sayyid,1976-10-16,19438652,"H-03207, Saddar, Rawalpindi",Saddar,Rawalpindi
PROP001446,Mohammad Raja,24353-9336813-5,بلال Raja,1994-11-09,5782409,"H-03209, Gulshan-e-Iqbal, Karachi",Gulshan-e-Iqbal,Karachi
PROP001447,Muhammed احمد Raja,96737-8615569-1,Muhammed بلال Raja,1991-10-04,15527893,"H-03210, Peoples Colony, Faisalabad",Peoples Colony,Faisalabad
PROP001448,Hasan Sayyid,,Husain Sayed,1989-06-15,27550855,"H-03211, Model Town, Lahore",Model Town,Lahore
PROP001449,Hasan Sayed,19193-2991702-0,Hussein Sayed,1989-06-15,19571792,"H-03211, Model Town, Lahore",Model Town,Lahore
PROP001450,مریم Malik,52951-9003755-2,Muhammed Imran ملک,1959-09-05,33324472,"H-03212, Johar Town, Lahore",Johar Town,Lahore
PROP001451,مریم Malik,52951-9003755-2,عمران ملک,1959-09-05,24860167,"H-03212, Johar Town, Lahore",Johar Town,Lahore
PROP001452,Marium ملک,52951-9003755-2,Imran Malik,1959-09-05,31401592,"H-03212, Johar Town, Lahore",Johar Town,Lahore
PROP001453,Faysal Sayed,48299-2676389-5,Mohammad عمران سید,1976-06-07,22820024,"H-03214, North Nazimabad, Karachi",North Nazimabad,Karachi
PROP001454,فیصل Syed,48299-2676389-5,عمران Syed,,40943250,"H-03214, North Nazimabad, Karachi",North Nazimabad,Karachi
PROP001455,فیصل Sayed,48299-2676389-5,Muhammad عمران Sayed,,23432852,"H-03214, North Nazimabad, Karachi",North Nazimabad,Karachi
PROP001456,حمزہ قریشی,29529-5000388-1,محمد Quraishi,2001-07-10,11034189,"H-03217, Saddar, Rawalpindi",Saddar,Rawalpindi
PROP001457,Hamza Quraishi,29529-5000388-1,Mohammad Quraishi,2001-07-10,11071074,"H-03217, Saddar, Rawalpindi",Saddar,Rawalpindi
PROP001458,فاطمہ Mughal,33129-9444015-5,Hussein مغل,1964-08-07,39780359,"H-03218, Bahria Town, Rawalpindi",Bahria Town,Rawalpindi
PROP001459,Fatema Mughal,33129-9444015-5,,1964-08-07,24811774,"H-03218, Bahria Town, Rawalpindi",Bahria Town,Rawalpindi
PROP001460,Fatimah Moghul,33129-9444015-5,,1964-08-07,16830505,"H-03218, Bahria Town, Rawalpindi",Bahria Town,Rawalpindi
PROP001461,فیصل اعوان,88539-3503192-5,,1996-10-16,5677088,"H-03219, Jaranwala Road, Faisalabad",Jaranwala Road,Faisalabad
PROP001462,محمد Quraishi,28726-6949305-9,Mohammad Qureshi,1982-12-26,33390873,"H-03221, Cantt, Lahore",Cantt,Lahore
PROP001463,محمد Qureshi,,محمد قریشی,,20237882,"H-03221, Cantt, Lahore",Cantt,Lahore
PROP001464,ثناء Sheikh,65126-1359745-6,,1975-12-26,29442186,"H-03228, Clifton, Karachi",Clifton,Karachi
PROP001465,Ali Malik,39000-6619361-3,علی ملک,,15861919,"H-03231, Chaklala, Rawalpindi",Chaklala,Rawalpindi
PROP001466,ثناء Raja,56779-6574204-5,Muhammad Ali Raja,1981-02-11,18751253,"H-03233, Chaklala, Rawalpindi",Chaklala,Rawalpindi
PROP001467,Sana راجہ,56774-6574204-5,Ali راجہ,1981-02-11,25868468,"H-03233, Chaklala, Rawalpindi",Chaklala,Rawalpindi
PROP001468,Muhammed Usman اعوان,30504-7265980-0,Muhammad Imran Awan,1980-09-16,14721443,"H-03234, Gulshan-e-Iqbal, Karachi",Gulshan-e-Iqbal,Karachi
PROP001469,Mohammed بلال خان,94955-4138787-5,Othman خان,1959-06-03,5311227,"H-03236, Malir, Karachi",Malir,Karachi
PROP001470,Bilal Khan,94955-4138787-5,Osman Khan,1959-06-03,6558887,"H-03236, Malir, Karachi",Malir,Karachi
PROP001471,عمران Raja,11562-6531455-8,Mohammed Raja,1989-02-09,6772738,"H-03243, Jaranwala Road, Faisalabad",Jaranwala Road,Faisalabad
PROP001472,Faysal قریشی,32565-7522861-0,Faisal قریشی,1964-01-08,8849915,"H-03248, Madina Town, Faisalabad",Madina Town,Faisalabad
PROP001473,Mohammed فیصل قریشی,32565-7522861-0,Faysal Qureshi,1964-01-08,12011215,"H-03248, Madina Town, Faisalabad",Madina Town,Faisalabad
PROP001474,Faysal Quraishi,32565-7522861-0,فیصل Qureshi,1964-01-08,14956585,"H-03248, Madina Town, Faisalabad",Madina Town,Faisalabad
PROP001475,Muhammad بلال قریشی,74937-3012984-6,بلال قریشی,1977-08-28,9634667,"H-03249, Chaklala, Rawalpindi",Chaklala,Rawalpindi
PROP001476,حسن خان,,Husain خان,1970-09-19,2000000,"H-03250, Bahria Town, Islamabad",Bahria Town,Islamabad
PROP001477,Usman Awan,14288-3701118-2,Imran اعوان,1956-02-28,6337366,"H-03258, Jaranwala Road, Faisalabad",Jaranwala Road,Faisalabad
PROP001478,Hasan بٹ,42936-2228485-0,Muhammed حسن Bhatti,1966-04-24,11361107,"H-03260, Gulshan-e-Iqbal, Karachi",Gulshan-e-Iqbal,Karachi
PROP001479,Hassan Butt,,,1966-04-24,9378536,"H-03260, Gulshan-e-Iqbal, Karachi",Gulshan-e-Iqbal,Karachi
PROP001480,Hassan Butt,42336-2228485-0,حسن بٹ,1966-04-24,11427347,"H-03260, Gulshan-e-Iqbal, Karachi",Gulshan-e-Iqbal,Karachi
PROP001481,حرا Sayyid,65646-8080467-7,حسین Sayyid,1985-08-21,2000000,"H-03261, Saddar, Rawalpindi",Saddar,Rawalpindi
PROP001482,Imran Mughal,38213-7950212-1,,1991-06-20,3291191,"H-03270, Peoples Colony, Faisalabad",Peoples Colony,Faisalabad
PROP001483,Muhammed Faisal بٹ,15881-6793696-1,,1962-10-15,15027051,"H-03278, Madina Town, Faisalabad",Madina Town,Faisalabad
PROP001484,Mariam Chaudhary,60856-6617119-8,Muhammed حمزہ Chaudhary,,7713762,"H-03280, F-8, Islamabad",F-8,Islamabad
PROP001485,Mohammad Hussein مغل,43654-1016936-7,,1959-11-22,64067543,"H-03281, Saddar, Rawalpindi",Saddar,Rawalpindi
PROP001486,Mohammad Hussein Moghul,43654-1016936-7,Hamzah Moghul,1959-11-22,67527108,"H-03281, Saddar, Rawalpindi",Saddar,Rawalpindi
PROP001487,Bilal Malik,14617-9076036-4,Bilal Malick,1980-12-14,2000000,"H-03282, Jaranwala Road, Faisalabad",Jaranwala Road,Faisalabad
PROP001488,Hira Butt,21809-8708517-1,Muhammad علی Butt,,2000000,"H-03283, Bahria Town, Rawalpindi",Bahria Town,Rawalpindi
PROP001489,Mohammed Chaudhry,,Osman Chaudhry,2000-03-12,11511136,"H-03284, Model Town, Lahore",Model Town,Lahore
PROP001490,Marium Butt,,Hussain Butt,1994-12-21,52402277,"H-03286, Saddar, Rawalpindi",Saddar,Rawalpindi
PROP001491,Mariam Butt,34040-7356509-1,Hussein Butt,1994-12-21,17855108,"H-03286, Saddar, Rawalpindi",Saddar,Rawalpindi
PROP001492,مریم Bhatti,34040-7356509-1,Hussein بٹ,1994-12-21,20903615,"H-03286, Saddar, Rawalpindi",Saddar,Rawalpindi
PROP001493,Hira Chaudhary,61755-3953707-7,,1980-12-10,5196651,"H-03287, North Nazimabad, Karachi",North Nazimabad,Karachi
PROP001494,عثمان Shaikh,,بلال شیخ,1967-01-26,7323116,"H-03297, Peoples Colony, Faisalabad",Peoples Colony,Faisalabad
PROP001495,Osman Shaykh,,بلال Shaykh,1967-01-26,5541220,"H-03297, Peoples Colony, Faisalabad",Peoples Colony,Faisalabad
PROP001496,Muhammed راجہ,80758-9056135-5,Bilal راجہ,2002-05-27,22063233,"H-03301, Madina Town, Faisalabad",Madina Town,Faisalabad
PROP001497,Usman راجہ,51950-9888234-0,Ahmad Raja,1955-09-21,8355344,"H-03302, DHA, Karachi",DHA,Karachi
PROP001498,Marium Mughal,43244-9381029-6,Ahmed مغل,1992-04-15,18785685,"H-03303, Chaklala, Rawalpindi",Chaklala,Rawalpindi
PROP001499,Mariam Ch.,,Hassan Chaudhary,1969-05-27,3483648,"H-03304, Chaklala, Rawalpindi",Chaklala,Rawalpindi
PROP001500,زینب چوہدری,75370-5108300-4,Mohammed Osman Choudhary,1958-06-06,19274767,"H-03306, Jaranwala Road, Faisalabad",Jaranwala Road,Faisalabad
PROP001501,Imran اعوان,88066-6810876-5,,1962-04-04,57826856,"H-03310, Bahria Town, Islamabad",Bahria Town,Islamabad
PROP001502,عمران Awan,88066-6810876-5,Muhammed حمزہ اعوان,1962-04-04,28298109,"H-03310, Bahria Town, Islamabad",Bahria Town,Islamabad
PROP001503,Zainab چوہدری,20401-3375707-3,عمران چوہدری,1972-09-15,2000000,"H-03312, Bahria Town, Rawalpindi",Bahria Town,Rawalpindi
PROP001504,Muhammad Hamzah Raja,72402-4193467-7,,1970-01-19,95081173,"H-03319, Madina Town, Faisalabad",Madina Town,Faisalabad
PROP001505,Hamzah Raja,72402-4193467-7,بلال Raja,1970-01-19,75657076,"H-03319, Madina Town, Faisalabad",Madina Town,Faisalabad
PROP001506,Mohammad Hamzah Raja,72402-4193467-7,,1970-01-19,73751616,"H-03319, Madina Town, Faisalabad",Madina Town,Faisalabad
PROP001507,Muhammad Bilal Sayed,84608-9380527-9,Hamza سید,1987-06-11,8064478,"H-03320, Saddar, Rawalpindi",Saddar,Rawalpindi
PROP001508,Husain Bhatti,78155-3357135-9,,1965-10-24,4534634,"H-03321, F-7, Islamabad",F-7,Islamabad
PROP001509,Faysal Choudhary,59673-1231144-8,,1982-11-27,6830898,"H-03335, Malir, Karachi",Malir,Karachi
PROP001510,Faysal Ch.,59673-1231144-8,Ahmed Choudhary,1982-11-27,11534998,"H-03335, Malir, Karachi",Malir,Karachi
PROP001511,Muhammed Husain Butt,63342-7733998-3,,1957-01-24,15042926,"H-03341, Jaranwala Road, Faisalabad",Jaranwala Road,Faisalabad
PROP001512,Aysha Awan,85962-9421527-7,Muhammad Hassan Awan,1959-08-27,7787904,"H-03343, North Nazimabad, Karachi",North Nazimabad,Karachi
PROP001513,Mohammad بلال Sayed,23454-4739277-0,حسن Sayed,1995-09-10,3202602,"H-03344, Jaranwala Road, Faisalabad",Jaranwala Road,Faisalabad
PROP001514,Fatima اعوان,61287-4156588-3,Muhammed حسین Awan,1957-12-22,31608337,"H-03357, Clifton, Karachi",Clifton,Karachi
PROP001515,ثناء Malik,63308-0882980-2,Hamza Malik,1970-04-05,6204161,"H-03358, Gulberg, Lahore",Gulberg,Lahore
PROP001516,Hira Syed,66939-6632834-8,Imran Syed,1962-10-21,111014006,"H-03359, Chaklala, Rawalpindi",Chaklala,Rawalpindi
PROP001517,حرا سید,66939-6632834-8,Imran Sayed,1962-10-21,88283882,"H-03359, Chaklala, Rawalpindi",Chaklala,Rawalpindi
PROP001518,حرا Sayyid,66939-6632834-8,,1962-10-21,125953084,"H-03359, Chaklala, Rawalpindi",Chaklala,Rawalpindi
PROP001519,ثناء Shaykh,15501-8424332-3,,1967-01-17,2000000,"H-03372, Gulshan-e-Iqbal, Karachi",Gulshan-e-Iqbal,Karachi
PROP001520,Ayisha بٹ,12344-4271740-9,Mohammed بٹ,1993-03-01,15164800,"H-03373, Cantt, Lahore",Cantt,Lahore
PROP001521,Aisha Butt,,Muhammad Bhatti,1993-03-01,12368574,"H-03373, Cantt, Lahore",Cantt,Lahore
PROP001522,Ahmed Ch.,39938-9941407-1,Usman Ch.,1966-03-20,7143727,"H-03375, Johar Town, Lahore",Johar Town,Lahore
PROP001523,Muhammad Hamza Quraishi,,Mohammad Osman قریشی,1989-04-18,13585531,"H-03379, G-10, Islamabad",G-10,Islamabad
PROP001524,Mohammed حسن Quraishi,75578-1039673-4,Mohammed Hasan Quraishi,1968-04-04,11798362,"H-03381, Jaranwala Road, Faisalabad",Jaranwala Road,Faisalabad
PROP001525,ثناء Sayyid,25142-1818072-1,Hussain سید,1980-01-03,31983645,"H-03382, F-7, Islamabad",F-7,Islamabad
PROP001526,محمد Raja,11522-1095288-5,Bilal راجہ,1983-04-21,5142739,"H-03386, North Nazimabad, Karachi",North Nazimabad,Karachi
PROP001527,Usman Moghul,71845-8251085-3,Osman Mughal,1966-05-04,15258871,"H-03387, F-7, Islamabad",F-7,Islamabad
PROP001528,Mohammed Osman Moghul,,,1966-05-04,12670699,"H-03387, F-7, Islamabad",F-7,Islamabad
PROP001529,Muhammad Ali Raja,22820-1911379-6,Bilal راجہ,1975-12-14,3203482,"H-03388, Satellite Town, Rawalpindi",Satellite Town,Rawalpindi
PROP001530,حسن Quraishi,68169-5824263-1,Husain Qureshi,1992-01-12,8850327,"H-03389, Satellite Town, Rawalpindi",Satellite Town,Rawalpindi
PROP001531,علی شیخ,98826-6836386-2,Bilal Shaykh,1962-06-17,6768143,"H-03390, Satellite Town, Rawalpindi",Satellite Town,Rawalpindi
PROP001532,Hussein Raja,50023-7987186-7,Hasan Raja,1959-11-07,18889023,"H-03392, G-10, Islamabad",G-10,Islamabad
PROP001533,Hussain ملک,72000-6320116-4,Muhammad Bilal Malik,1982-03-09,6725328,"H-03398, Gulshan-e-Iqbal, Karachi",Gulshan-e-Iqbal,Karachi
PROP001534,Ahmad قریشی,41203-5682146-6,Muhammed Bilal قریشی,1975-03-03,13593525,"H-03400, Madina Town, Faisalabad",Madina Town,Faisalabad
PROP001535,Ahmed قریشی,41203-5682146-6,بلال Qureshi,,11569058,"H-03400, Madina Town, Faisalabad",Madina Town,Faisalabad
PROP001536,زینب Qureshi,22917-8267136-4,Faisal Qureshi,1975-01-14,9047299,"H-03401, Gulberg, Lahore",Gulberg,Lahore
PROP001537,Zaynab Quraishi,22917-8267136-4,Faysal Quraishi,1975-01-14,15787376,"H-03401, Gulberg, Lahore",Gulberg,Lahore
PROP001538,Fatima سید,,Mohammad Imran Sayed,1978-03-27,20892104,"H-03406, Peoples Colony, Faisalabad",Peoples Colony,Faisalabad
PROP001539,Ahmed Sheikh,73706-9361247-2,Usman Shaikh,1955-12-23,14217227,"H-03413, E-11, Islamabad",E-11,Islamabad
PROP001540,Ahmad شیخ,73706-9361247-2,Usman شیخ,1955-12-23,13473017,"H-03413, E-11, Islamabad",E-11,Islamabad
PROP001541,Mohammad احمد شیخ,73706-9361247-2,,1955-12-23,25321638,"H-03413, E-11, Islamabad",E-11,Islamabad
PROP001542,Muhammad عمران Khan,93617-5669203-7,حسن خان,1989-02-04,10886559,"H-03426, Johar Town, Lahore",Johar Town,Lahore
PROP001543,Husain Mughal,32157-6137166-5,Usman Mughal,1974-01-15,16813765,"H-03427, E-11, Islamabad",E-11,Islamabad
PROP001544,Mohammed Hussein Moghul,,عثمان Mughal,1974-01-15,16230141,"H-03427, E-11, Islamabad",E-11,Islamabad
PROP001545,بلال اعوان,25682-3170730-0,Hamzah Awan,1965-12-24,2814308,"H-03437, Jaranwala Road, Faisalabad",Jaranwala Road,Faisalabad
PROP001546,Muhammad قریشی,60803-9032177-0,Faysal Qureshi,1959-05-26,5991584,"H-03442, Madina Town, Faisalabad",Madina Town,Faisalabad
PROP001547,Usman Khan,25401-7176289-9,,,2770806,"H-03447, Jaranwala Road, Faisalabad",Jaranwala Road,Faisalabad
PROP001548,Muhammed خان,50571-7450655-5,Mohammed Imran Khan,1971-07-08,12299087,"H-03453, Jaranwala Road, Faisalabad",Jaranwala Road,Faisalabad
PROP001549,Mohammad خان,50571-7450655-5,Mohammed عمران خان,1971-07-08,13022480,"H-03453, Jaranwala Road, Faisalabad",Jaranwala Road,Faisalabad
PROP001550,محمد Khan,50571-7450655-5,Mohammed عمران خان,,12239644,"H-03453, Jaranwala Road, Faisalabad",Jaranwala Road,Faisalabad
PROP001551,Othman Butt,46985-1600307-9,فیصل Butt,1989-06-15,24096732,"H-03461, Bahria Town, Islamabad",Bahria Town,Islamabad
PROP001552,Mohammed Othman Bhatti,46985-1200307-9,,1989-06-15,21826600,"H-03461, Bahria Town, Islamabad",Bahria Town,Islamabad
PROP001553,حرا Choudhary,45011-5514526-5,Mohammed عثمان Choudhary,2001-06-23,2206054,"H-03462, Chaklala, Rawalpindi",Chaklala,Rawalpindi
PROP001554,Muhammad Awan,71623-3193470-8,Ali اعوان,1985-07-19,2000000,"H-03464, Johar Town, Lahore",Johar Town,Lahore
PROP001555,Husain بٹ,,,2000-08-25,44847862,"H-03479, Madina Town, Faisalabad",Madina Town,Faisalabad
PROP001556,Hussain بٹ,71060-3408922-6,,2000-08-25,24791067,"H-03479, Madina Town, Faisalabad",Madina Town,Faisalabad
PROP001557,Hussain Butt,71060-3408922-6,Imran بٹ,2000-08-25,32031080,"H-03479, Madina Town, Faisalabad",Madina Town,Faisalabad
PROP001558,ثناء Syed,16816-5941964-0,Muhammad حمزہ Sayyid,1979-12-28,25728773,"H-03481, Madina Town, Faisalabad",Madina Town,Faisalabad
PROP001559,Hamza خان,57764-8345111-8,Muhammed Ahmad Khan,1973-10-13,11610754,"H-03484, Johar Town, Lahore",Johar Town,Lahore
PROP001560,Muhammed Ahmed Khan,84144-3882405-6,علی خان,1959-09-20,6980720,"H-03488, Gulshan-e-Iqbal, Karachi",Gulshan-e-Iqbal,Karachi
PROP001561,مریم خان,21142-5544032-3,Osman Khan,1989-12-02,18865354,"H-03490, Model Town, Lahore",Model Town,Lahore
PROP001562,Mohammed فیصل سید,73166-7815484-9,Hasan Sayyid,1999-05-26,11414883,"H-03492, Clifton, Karachi",Clifton,Karachi
PROP001563,علی Shaykh,44201-1954563-6,Muhammad Faisal Shaikh,1971-11-24,2125419,"H-03494, E-11, Islamabad",E-11,Islamabad
PROP001564,احمد Chaudhary,33170-7890520-8,Hussein Choudhary,1994-08-02,25471096,"H-03499, Satellite Town, Rawalpindi",Satellite Town,Rawalpindi
PROP001565,Ahmed Ch.,33170-7890520-8,Hussein Ch.,1994-08-02,27770283,"H-03499, Satellite Town, Rawalpindi",Satellite Town,Rawalpindi
PROP001566,Ahmad Choudhary,,حسین چوہدری,1994-08-02,17199017,"H-03499, Satellite Town, Rawalpindi",Satellite Town,Rawalpindi
PROP001567,Ahmed اعوان,,Muhammed Hamza Awan,1985-09-09,8798646,"H-03503, F-7, Islamabad",F-7,Islamabad
PROP001568,علی Raja,82833-2968307-4,Muhammed حسن Raja,1955-11-19,5194236,"H-03505, Model Town, Lahore",Model Town,Lahore
PROP001569,علی قریشی,19157-7768461-2,Muhammed Qureshi,2002-11-13,5092857,"H-03509, Saddar, Rawalpindi",Saddar,Rawalpindi
PROP001570,Aysha Ch.,91140-6901257-9,,1975-02-13,4292248,"H-03510, G-10, Islamabad",G-10,Islamabad
PROP001571,Bilal Sayed,63198-6825384-8,Bilal Syed,2002-04-13,14638665,"H-03511, Cantt, Lahore",Cantt,Lahore
PROP001572,Muhammad Hasan Sayyid,34642-3420841-0,Mohammed فیصل Sayed,1964-03-11,8568103,"H-03512, Peoples Colony, Faisalabad",Peoples Colony,Faisalabad
PROP001573,فیصل Chaudhary,46261-8224190-0,Hasan Ch.,,11696694,"H-03515, DHA, Karachi",DHA,Karachi
PROP001574,Aysha راجہ,92407-9329871-0,بلال راجہ,1972-10-28,12411832,"H-03516, Jaranwala Road, Faisalabad",Jaranwala Road,Faisalabad
PROP001575,Ayisha راجہ,92407-9329871-0,بلال راجہ,1972-10-28,12175368,"H-03516, Jaranwala Road, Faisalabad",Jaranwala Road,Faisalabad
PROP001576,Ali Awan,,محمد اعوان,1998-01-11,72274731,"H-03518, Chaklala, Rawalpindi",Chaklala,Rawalpindi
PROP001577,Ali اعوان,58277-2905593-3,,,101099204,"H-03518, Chaklala, Rawalpindi",Chaklala,Rawalpindi
PROP001578,Ali اعوان,58277-2905593-3,Mohammad Awan,1998-01-11,81161903,"H-03518, Chaklala, Rawalpindi",Chaklala,Rawalpindi
PROP001579,Muhammed Osman Shaikh,19563-6362046-5,Muhammed Shaykh,1962-04-11,2103946,"H-03521, Peoples Colony, Faisalabad",Peoples Colony,Faisalabad
PROP001580,عمران Butt,13212-7020608-1,,1961-03-01,22882581,"H-03523, North Nazimabad, Karachi",North Nazimabad,Karachi
PROP001581,Hamza Butt,58979-2136580-5,Mohammed Bilal Butt,1992-10-27,14382649,"H-03524, Gulshan-e-Iqbal, Karachi",Gulshan-e-Iqbal,Karachi
PROP001582,Hussein Qureshi,58867-8058391-8,,1978-01-25,3784274,"H-03529, Peoples Colony, Faisalabad",Peoples Colony,Faisalabad
PROP001583,Aisha Shaikh,72473-9433289-9,,1982-04-14,23196171,"H-03534, Chaklala, Rawalpindi",Chaklala,Rawalpindi
PROP001584,Fatema Raja,78925-3470175-3,حسن Raja,,18343180,"H-03535, North Nazimabad, Karachi",North Nazimabad,Karachi
PROP001585,Fatema Raja,78925-3470175-3,Mohammad Hasan راجہ,1957-10-15,21430923,"H-03535, North Nazimabad, Karachi",North Nazimabad,Karachi
PROP001586,Fatimah Raja,,,1957-10-15,14095226,"H-03535, North Nazimabad, Karachi",North Nazimabad,Karachi
PROP001587,Sana راجہ,73746-1787685-4,,1978-03-18,6966059,"H-03538, Clifton, Karachi",Clifton,Karachi
PROP001588,Sana Awan,,Muhammad Awan,,37682143,"H-03540, Clifton, Karachi",Clifton,Karachi
PROP001589,Sana Awan,26162-1692691-8,Mohammed Awan,1988-04-09,44872322,"H-03540, Clifton, Karachi",Clifton,Karachi
PROP001590,ثناء اعوان,26162-1692691-8,Mohammad اعوان,1988-04-09,27361334,"H-03540, Clifton, Karachi",Clifton,Karachi
PROP001591,Ayesha Butt,51947-9163981-8,احمد Bhatti,,6152239,"H-03545, Gulshan-e-Iqbal, Karachi",Gulshan-e-Iqbal,Karachi
PROP001592,Muhammad علی Malick,60816-3307293-4,Hamzah ملک,1993-10-09,42125693,"H-03546, Chaklala, Rawalpindi",Chaklala,Rawalpindi
PROP001593,علی Malick,60816-3307293-4,Mohammad Hamzah Malik,,45575248,"H-03546, Chaklala, Rawalpindi",Chaklala,Rawalpindi
PROP001594,Mohammed علی Malick,60816-3307293-4,,1993-10-09,64282046,"H-03546, Chaklala, Rawalpindi",Chaklala,Rawalpindi
PROP001595,Muhammad احمد Awan,68927-4792184-0,Osman Awan,1996-10-16,19916230,"H-03547, Madina Town, Faisalabad",Madina Town,Faisalabad
PROP001596,Ahmad اعوان,68927-4792184-0,Osman اعوان,1996-10-16,15487883,"H-03547, Madina Town, Faisalabad",Madina Town,Faisalabad
PROP001597,Hassan Raja,40590-7830920-8,Muhammed عمران Raja,1968-04-20,4244048,"H-03552, Johar Town, Lahore",Johar Town,Lahore
PROP001598,Bilal شیخ,92168-7134295-0,بلال Shaikh,1957-01-24,7612251,"H-03555, Bahria Town, Rawalpindi",Bahria Town,Rawalpindi
PROP001599,زینب Sayed,66877-2266160-4,Muhammed Faisal Sayyid,1957-10-28,11534390,"H-03556, North Nazimabad, Karachi",North Nazimabad,Karachi
PROP001600,Hira Choudhary,35990-3648214-1,,1980-06-27,12400934,"H-03559, Malir, Karachi",Malir,Karachi
PROP001601,حرا چوہدری,35990-3648214-1,بلال Chaudhry,1980-06-27,20271391,"H-03559, Malir, Karachi",Malir,Karachi
PROP001602,Mohammed Sheikh,12942-7830771-4,Ali شیخ,1964-08-14,16418363,"H-03561, F-7, Islamabad",F-7,Islamabad
PROP001603,Mohammed Shaikh,12942-7830771-4,Ali Shaikh,1964-08-14,20135238,"H-03561, F-7, Islamabad",F-7,Islamabad
PROP001604,Mohammed Shaikh,12942-7830771-4,,1964-08-14,18399614,"H-03561, F-7, Islamabad",F-7,Islamabad
PROP001605,Muhammad Faisal Butt,28369-8231916-5,محمد بٹ,1975-04-10,2000000,"H-03562, Chaklala, Rawalpindi",Chaklala,Rawalpindi
PROP001606,Ali Mughal,46601-5947807-4,Hasan مغل,1969-12-05,14452215,"H-03566, Satellite Town, Rawalpindi",Satellite Town,Rawalpindi
PROP001607,Othman اعوان,75390-5737371-0,Husain Awan,1985-08-05,14905078,"H-03567, Peoples Colony, Faisalabad",Peoples Colony,Faisalabad
PROP001608,Usman اعوان,75390-5737371-0,Hussain اعوان,1985-08-05,15181893,"H-03567, Peoples Colony, Faisalabad",Peoples Colony,Faisalabad
PROP001609,Othman Awan,,حسین اعوان,1985-08-05,16798857,"H-03567, Peoples Colony, Faisalabad",Peoples Colony,Faisalabad
PROP001610,Hussein Bhatti,13516-9625375-0,Bilal Bhatti,1996-04-03,12798263,"H-03573, Malir, Karachi",Malir,Karachi
PROP001611,Faysal Bhatti,,Muhammed Faisal Butt,1956-12-16,22073478,"H-03574, Model Town, Lahore",Model Town,Lahore
PROP001612,Faisal بٹ,68956-5521161-5,فیصل بٹ,,34098428,"H-03574, Model Town, Lahore",Model Town,Lahore
PROP001613,Mohammed Faisal بٹ,,Mohammad فیصل Butt,1956-12-16,19491901,"H-03574, Model Town, Lahore",Model Town,Lahore
PROP001614,ثناء Mughal,89202-9675717-7,حمزہ Moghul,1997-06-06,6145690,"H-03579, Johar Town, Lahore",Johar Town,Lahore
PROP001615,Ahmad Qureshi,,Hamzah قریشی,1973-08-28,15423386,"H-03582, Jaranwala Road, Faisalabad",Jaranwala Road,Faisalabad
PROP001616,Mohammed Ahmed قریشی,85666-6262297-2,Hamza Quraishi,,25500264,"H-03582, Jaranwala Road, Faisalabad",Jaranwala Road,Faisalabad
PROP001617,Hamza Raja,29520-4395587-0,Faisal راجہ,1996-07-04,23248712,"H-03599, Malir, Karachi",Malir,Karachi
PROP001618,عثمان ملک,19772-5048491-6,Faisal Malick,1956-01-09,56078073,"H-03609, Jaranwala Road, Faisalabad",Jaranwala Road,Faisalabad
PROP001619,Othman Malick,19772-5048491-6,Faysal Malik,,78578380,"H-03609, Jaranwala Road, Faisalabad",Jaranwala Road,Faisalabad
PROP001620,Usman ملک,19772-5048491-6,Faisal Malik,1956-01-09,45516545,"H-03609, Jaranwala Road, Faisalabad",Jaranwala Road,Faisalabad
PROP001621,Muhammad Bilal Butt,44304-2006351-5,عمران Butt,1959-06-04,2000000,"H-03610, Bahria Town, Islamabad",Bahria Town,Islamabad
PROP001622,فیصل بٹ,83364-2562351-1,Faisal Bhatti,1998-03-14,29810667,"H-03611, Johar Town, Lahore",Johar Town,Lahore
PROP001623,Faysal Butt,83364-2562351-1,فیصل بٹ,1998-03-14,25705306,"H-03611, Johar Town, Lahore",Johar Town,Lahore
PROP001624,فیصل Bhatti,83364-2562351-1,فیصل Bhatti,1998-03-14,28812869,"H-03611, Johar Town, Lahore",Johar Town,Lahore
PROP001625,Muhammed مغل,98887-1838530-6,عمران مغل,1959-05-10,53766409,"H-03612, Peoples Colony, Faisalabad",Peoples Colony,Faisalabad
PROP001626,Muhammed مغل,98887-1838530-6,عمران Mughal,1959-05-10,26209276,"H-03612, Peoples Colony, Faisalabad",Peoples Colony,Faisalabad
PROP001627,حمزہ شیخ,14388-4866690-0,Hasan Shaikh,1960-06-03,2000000,"H-03615, F-7, Islamabad",F-7,Islamabad
PROP001628,Ayisha راجہ,50100-3775364-6,Imran Raja,,5430927,"H-03619, Bahria Town, Islamabad",Bahria Town,Islamabad
PROP001629,Aisha راجہ,50100-3775364-6,Muhammed Imran Raja,1966-04-20,6083891,"H-03619, Bahria Town, Islamabad",Bahria Town,Islamabad
PROP001630,حمزہ سید,23061-7218604-1,Hassan Sayed,1994-09-25,134107523,"H-03621, Peoples Colony, Faisalabad",Peoples Colony,Faisalabad
PROP001631,Hamza سید,23061-7218604-1,Hasan سید,1994-09-25,145122834,"H-03621, Peoples Colony, Faisalabad",Peoples Colony,Faisalabad
PROP001632,Hamza Syed,23061-7218604-1,Mohammad Hassan Sayyid,1994-09-25,96101501,"H-03621, Peoples Colony, Faisalabad",Peoples Colony,Faisalabad
PROP001633,Ali Ch.,11825-9459747-3,Faysal Ch.,1986-04-04,40324707,"H-03622, Chaklala, Rawalpindi",Chaklala,Rawalpindi
PROP001634,Ali Choudhary,11825-9459747-3,,1986-04-04,35415951,"H-03622, Chaklala, Rawalpindi",Chaklala,Rawalpindi
PROP001635,Mohammed Ali Choudhary,11825-9459747-3,,1986-04-04,39130207,"H-03622, Chaklala, Rawalpindi",Chaklala,Rawalpindi
PROP001636,Fatimah اعوان,67616-8927894-0,Imran Awan,,2000000,"H-03630, Clifton, Karachi",Clifton,Karachi
PROP001637,Muhammed Ali Shaikh,61163-6538074-7,Othman Sheikh,1967-11-16,97312180,"H-03631, Cantt, Lahore",Cantt,Lahore
PROP001638,علی Shaykh,61163-6538074-7,Usman Shaikh,1967-11-16,136706251,"H-03631, Cantt, Lahore",Cantt,Lahore
PROP001639,علی Sheikh,61163-6538074-7,Mohammad عثمان Shaykh,1967-11-16,101346588,"H-03631, Cantt, Lahore",Cantt,Lahore
PROP001640,زینب Bhatti,84157-7486810-1,حسن Butt,1988-01-15,24529714,"H-03633, Cantt, Lahore",Cantt,Lahore
PROP001641,Ayesha Syed,95484-4396012-9,,,13741956,"H-03634, Jaranwala Road, Faisalabad",Jaranwala Road,Faisalabad
PROP001642,Aysha سید,95484-4396012-9,فیصل Syed,1971-06-03,12444555,"H-03634, Jaranwala Road, Faisalabad",Jaranwala Road,Faisalabad
PROP001643,Imran راجہ,,Muhammad Ahmad راجہ,,6318827,"H-03638, Peoples Colony, Faisalabad",Peoples Colony,Faisalabad
PROP001644,Mohammed حسن اعوان,36005-3115644-6,Muhammad Hamzah اعوان,,28973740,"H-03640, DHA, Lahore",DHA,Lahore
PROP001645,محمد Sayyid,44303-2952004-6,Muhammed Othman Sayyid,,10040595,"H-03646, DHA, Lahore",DHA,Lahore
PROP001646,حسن Sayyid,35554-1302071-1,Hasan Syed,1997-08-02,2000000,"H-03648, Gulberg, Lahore",Gulberg,Lahore
PROP001647,Othman Chaudhary,57503-1456716-1,Bilal Chaudhary,2000-03-14,28716146,"H-03651, Gulberg, Lahore",Gulberg,Lahore
PROP001648,Osman Ch.,50503-1456716-1,Bilal Choudhary,2000-03-14,27415801,"H-03651, Gulberg, Lahore",Gulberg,Lahore
PROP001649,Muhammed Hussain Moghul,25665-9142814-3,Muhammad Mughal,1978-11-03,17987684,"H-03652, E-11, Islamabad",E-11,Islamabad
PROP001650,Hassan Ch.,,Hassan Ch.,1958-10-27,9573584,"H-03653, DHA, Lahore",DHA,Lahore
PROP001651,Mohammed Hasan Choudhary,87552-7640522-7,Hassan Chaudhary,1958-10-27,18925684,"H-03653, DHA, Lahore",DHA,Lahore
PROP001652,Ahmad Bhatti,10712-1298492-3,Faisal Bhatti,1971-11-12,11751797,"H-03657, Chaklala, Rawalpindi",Chaklala,Rawalpindi
PROP001653,Zaynab Malik,,Osman Malik,1956-05-13,12248513,"H-03660, Madina Town, Faisalabad",Madina Town,Faisalabad
PROP001654,Hussein اعوان,21585-5236606-4,علی اعوان,2001-12-28,3241563,"H-03663, Chaklala, Rawalpindi",Chaklala,Rawalpindi
PROP001655,Mohammed شیخ,,Hamzah Shaykh,1967-06-14,36289195,"H-03665, Madina Town, Faisalabad",Madina Town,Faisalabad
PROP001656,Muhammed شیخ,65906-6873567-4,Muhammad Hamza شیخ,1967-06-14,38604660,"H-03665, Madina Town, Faisalabad",Madina Town,Faisalabad
PROP001657,Mohammad Shaykh,65906-6873567-4,Hamzah Shaikh,1967-06-14,50113448,"H-03665, Madina Town, Faisalabad",Madina Town,Faisalabad
PROP001658,Hussain Qureshi,25260-5431138-6,Husain Quraishi,1983-01-05,70808072,"H-03667, North Nazimabad, Karachi",North Nazimabad,Karachi
PROP001659,Hussein قریشی,25260-5431138-6,Hussain Quraishi,,55845680,"H-03667, North Nazimabad, Karachi",North Nazimabad,Karachi
PROP001660,Husain قریشی,25260-5431138-6,Hussain Qureshi,1983-01-05,53212427,"H-03667, North Nazimabad, Karachi",North Nazimabad,Karachi
PROP001661,Bilal ملک,60170-5779689-6,Mohammed Husain ملک,2001-07-27,34075158,"H-03672, DHA, Lahore",DHA,Lahore
PROP001662,Bilal ملک,60170-5779689-6,Husain Malik,2001-07-27,30063497,"H-03672, DHA, Lahore",DHA,Lahore
PROP001663,Bilal Malick,60170-5779689-6,Mohammed Husain Malick,2001-07-27,56129289,"H-03672, DHA, Lahore",DHA,Lahore
PROP001664,Mohammad Sheikh,92397-6619474-1,Hussein Shaikh,1970-09-22,7392351,"H-03675, Peoples Colony, Faisalabad",Peoples Colony,Faisalabad
PROP001665,Mohammed چوہدری,47946-1311394-1,بلال چوہدری,1995-08-15,25886431,"H-03678, Jaranwala Road, Faisalabad",Jaranwala Road,Faisalabad
PROP001666,عثمان Bhatti,87476-2952145-4,Mohammad Hassan Butt,1987-08-26,4288999,"H-03680, Malir, Karachi",Malir,Karachi
PROP001667,Ayesha Quraishi,23536-8898566-0,,1998-05-06,35721588,"H-03685, North Nazimabad, Karachi",North Nazimabad,Karachi
PROP001668,Mohammad Awan,70458-9077875-3,Osman اعوان,1974-02-09,10756047,"H-03688, Model Town, Lahore",Model Town,Lahore
PROP001669,حرا Khan,,Hussain Khan,,2000000,"H-03690, North Nazimabad, Karachi",North Nazimabad,Karachi
PROP001670,Hamzah راجہ,58958-8274084-0,Muhammad Imran راجہ,,5026429,"H-03691, Malir, Karachi",Malir,Karachi
PROP001671,Aisha Shaikh,50602-1241109-7,Ali شیخ,1981-12-22,30160644,"H-03699, Peoples Colony, Faisalabad",Peoples Colony,Faisalabad
PROP001672,Mohammed اعوان,77066-7951201-1,Ahmed Awan,1976-07-26,66886096,"H-03703, Model Town, Lahore",Model Town,Lahore
PROP001673,محمد اعوان,77066-7951201-1,Ahmad اعوان,1976-07-26,80620271,"H-03703, Model Town, Lahore",Model Town,Lahore
PROP001674,Mohammad Awan,77066-7951201-1,احمد اعوان,,66832534,"H-03703, Model Town, Lahore",Model Town,Lahore
PROP001675,علی Raja,48647-8340452-1,علی Raja,1957-09-07,14956402,"H-03705, Gulshan-e-Iqbal, Karachi",Gulshan-e-Iqbal,Karachi
PROP001676,Bilal راجہ,16453-8157891-5,Mohammed حمزہ Raja,1973-02-23,7605854,"H-03708, Jaranwala Road, Faisalabad",Jaranwala Road,Faisalabad
PROP001677,بلال Sayyid,72341-7233232-6,Mohammed احمد Sayed,1987-05-12,11590993,"H-03709, Gulberg, Lahore",Gulberg,Lahore
PROP001678,Ali قریشی,93942-2044187-2,Ahmed Qureshi,1985-09-06,9886574,"H-03712, Satellite Town, Rawalpindi",Satellite Town,Rawalpindi
PROP001679,عثمان ملک,64159-2705794-9,Muhammed Faisal Malik,1984-01-28,28280023,"H-03715, North Nazimabad, Karachi",North Nazimabad,Karachi
PROP001680,Mohammad اعوان,61680-1995202-5,,,9447911,"H-03718, Gulshan-e-Iqbal, Karachi",Gulshan-e-Iqbal,Karachi
PROP001681,Mohammed Awan,61680-1995202-5,عثمان Awan,1985-04-17,9017188,"H-03718, Gulshan-e-Iqbal, Karachi",Gulshan-e-Iqbal,Karachi
PROP001682,احمد خان,10868-1481200-6,Mohammed Bilal Khan,1962-07-26,7636313,"H-03719, Peoples Colony, Faisalabad",Peoples Colony,Faisalabad
PROP001683,Othman Ch.,59606-7809452-0,Mohammad Ali چوہدری,1973-05-23,11814766,"H-03720, Malir, Karachi",Malir,Karachi
PROP001684,Ahmad بٹ,64923-4742275-4,عمران Bhatti,1983-05-11,3216928,"H-03724, Clifton, Karachi",Clifton,Karachi
PROP001685,Aisha Moghul,90277-1948301-2,علی Moghul,1996-12-20,2000000,"H-03725, Johar Town, Lahore",Johar Town,Lahore
PROP001686,محمد اعوان,62569-7498849-8,Muhammed Hamza Awan,1963-04-02,20951597,"H-03727, Model Town, Lahore",Model Town,Lahore
PROP001687,Muhammad Awan,62569-7498849-8,Mohammed حمزہ Awan,1963-04-02,17223009,"H-03727, Model Town, Lahore",Model Town,Lahore
PROP001688,Imran مغل,,Muhammad بلال Mughal,1992-08-13,2000000,"H-03731, G-10, Islamabad",G-10,Islamabad
PROP001689,عمران Awan,40401-2320700-4,Mohammad Ahmad اعوان,1989-12-08,2464791,"H-03733, Peoples Colony, Faisalabad",Peoples Colony,Faisalabad
PROP001690,Faisal Khan,44132-8825980-4,,1984-01-15,2000000,"H-03734, G-10, Islamabad",G-10,Islamabad
PROP001691,Mohammed Imran Awan,,Muhammed اعوان,1961-04-19,45508306,"H-03738, Satellite Town, Rawalpindi",Satellite Town,Rawalpindi
PROP001692,فیصل Sheikh,69224-9021919-4,Bilal Sheikh,1970-02-25,496464191,"H-03739, E-11, Islamabad",E-11,Islamabad
PROP001693,Faisal Shaykh,69224-9021919-4,بلال شیخ,,210560584,"H-03739, E-11, Islamabad",E-11,Islamabad
PROP001694,Faisal Shaikh,69226-9021919-4,,1970-02-25,184776236,"H-03739, E-11, Islamabad",E-11,Islamabad
PROP001695,Mohammad Moghul,61970-7144947-4,Faysal Mughal,,15884538,"H-03742, E-11, Islamabad",E-11,Islamabad
PROP001696,محمد Moghul,61970-7144947-4,Faysal مغل,1986-08-01,13608181,"H-03742, E-11, Islamabad",E-11,Islamabad
PROP001697,Muhammad Othman Chaudhary,,Bilal Ch.,1988-07-20,2000000,"H-03745, Chaklala, Rawalpindi",Chaklala,Rawalpindi
PROP001698,فیصل Shaikh,21727-6303898-2,,1955-05-04,4537247,"H-03746, Gulberg, Lahore",Gulberg,Lahore
PROP001699,Muhammad Husain Syed,96388-2032722-3,,1972-12-14,2000000,"H-03751, Clifton, Karachi",Clifton,Karachi
PROP001700,عثمان Butt,92521-8210450-2,Imran بٹ,1997-07-26,2610370,"H-03753, Model Town, Lahore",Model Town,Lahore
PROP001701,حمزہ Raja,76425-5760123-7,عثمان راجہ,1959-04-24,30683988,"H-03754, Clifton, Karachi",Clifton,Karachi
PROP001702,Hamza Raja,76425-5760123-7,Othman Raja,1959-04-24,36886985,"H-03754, Clifton, Karachi",Clifton,Karachi
PROP001703,Hamzah Raja,76425-5760123-7,Osman Raja,1959-04-24,56670770,"H-03754, Clifton, Karachi",Clifton,Karachi
PROP001704,Hira بٹ,75927-6323274-0,Othman Bhatti,1999-09-05,3632566,"H-03755, Madina Town, Faisalabad",Madina Town,Faisalabad
PROP001705,Osman Quraishi,56048-2309962-2,Muhammad Qureshi,1980-10-01,22411267,"H-03756, E-11, Islamabad",E-11,Islamabad
PROP001706,Muhammad Othman Qureshi,56048-2309962-2,Muhammed Quraishi,1980-10-01,18350343,"H-03756, E-11, Islamabad",E-11,Islamabad
PROP001707,عثمان Qureshi,56048-2309962-2,Muhammed Qureshi,1980-10-01,19665858,"H-03756, E-11, Islamabad",E-11,Islamabad
PROP001708,Zainab Raja,17006-3534594-2,Muhammed Raja,1986-06-22,24869639,"H-03766, Chaklala, Rawalpindi",Chaklala,Rawalpindi
PROP001709,Sana خان,37283-1350135-6,Husain خان,1989-05-16,3976769,"H-03767, Chaklala, Rawalpindi",Chaklala,Rawalpindi
PROP001710,ثناء Khan,37283-1350135-6,Husain خان,1989-05-16,3603089,"H-03767, Chaklala, Rawalpindi",Chaklala,Rawalpindi
PROP001711,Ali Sayed,64409-8051394-4,,1959-01-16,4188821,"H-03770, Malir, Karachi",Malir,Karachi
PROP001712,عثمان Sheikh,65089-7151685-2,Mohammed Shaikh,1989-04-04,11941459,"H-03771, Chaklala, Rawalpindi",Chaklala,Rawalpindi
PROP001713,حمزہ Moghul,86429-4648112-7,,1973-09-23,16287911,"H-03779, DHA, Karachi",DHA,Karachi
PROP001714,Hamzah Mughal,86429-4648112-7,Imran Mughal,1973-09-23,18345337,"H-03779, DHA, Karachi",DHA,Karachi
PROP001715,Muhammed Mughal,96442-8614778-6,Bilal Mughal,,4601902,"H-03786, Madina Town, Faisalabad",Madina Town,Faisalabad
PROP001716,Zainab Sayyid,48118-8929906-3,Usman Sayed,1993-05-14,18964128,"H-03788, F-7, Islamabad",F-7,Islamabad
PROP001717,Hasan اعوان,54930-3892299-5,Hamza اعوان,1983-07-18,23344259,"H-03789, F-8, Islamabad",F-8,Islamabad
PROP001718,حسن Awan,54930-3892299-5,Mohammad Hamza Awan,1983-07-18,17044907,"H-03789, F-8, Islamabad",F-8,Islamabad
PROP001719,Hasan اعوان,54930-3892299-5,Muhammad Hamza اعوان,1983-07-18,18981619,"H-03789, F-8, Islamabad",F-8,Islamabad
PROP001720,Usman Malick,59804-4732932-2,,1958-11-10,4474025,"H-03792, Jaranwala Road, Faisalabad",Jaranwala Road,Faisalabad
PROP001721,Muhammad بلال Shaykh,76696-2461117-5,Mohammad Bilal Shaykh,1980-01-22,48490349,"H-03794, Jaranwala Road, Faisalabad",Jaranwala Road,Faisalabad
PROP001722,بلال Shaikh,76696-2461117-5,,1980-01-22,62596472,"H-03794, Jaranwala Road, Faisalabad",Jaranwala Road,Faisalabad
PROP001723,بلال Shaikh,76696-2461117-5,,1980-01-22,66896191,"H-03794, Jaranwala Road, Faisalabad",Jaranwala Road,Faisalabad
PROP001724,Bilal مغل,72477-7219425-1,Hamza Mughal,1961-04-12,7138689,"H-03803, DHA, Lahore",DHA,Lahore
PROP001725,Mohammed حسین Qureshi,83920-2991403-6,Muhammad Qureshi,1997-04-12,2044882,"H-03807, Model Town, Lahore",Model Town,Lahore
PROP001726,Mohammad Husain راجہ,27651-8695466-7,,1963-08-16,14383350,"H-03810, DHA, Karachi",DHA,Karachi
PROP001727,Aysha مغل,,Hassan Moghul,1956-12-21,2000000,"H-03822, Gulshan-e-Iqbal, Karachi",Gulshan-e-Iqbal,Karachi
PROP001728,عثمان اعوان,96192-3161704-5,Osman Awan,1999-06-28,2000000,"H-03828, F-8, Islamabad",F-8,Islamabad
PROP001729,بلال راجہ,65862-7451094-4,Imran راجہ,1985-09-06,14114309,"H-03836, F-7, Islamabad",F-7,Islamabad
PROP001730,Mohammed Hasan Butt,,Mohammad حسین بٹ,,2000000,"H-03838, Chaklala, Rawalpindi",Chaklala,Rawalpindi
PROP001731,عمران ملک,94978-3023768-3,Imran ملک,1996-08-28,2102448,"H-03840, Peoples Colony, Faisalabad",Peoples Colony,Faisalabad
PROP001732,حسین Raja,87742-9720251-5,Muhammad فیصل Raja,1964-08-04,11136343,"H-03843, Madina Town, Faisalabad",Madina Town,Faisalabad
PROP001733,عمران بٹ,,Muhammed علی Bhatti,2001-02-23,8817807,"H-03846, DHA, Lahore",DHA,Lahore
PROP001734,Imran Butt,,,2001-02-23,10671727,"H-03846, DHA, Lahore",DHA,Lahore
PROP001735,Usman Moghul,32419-4958478-4,Othman Moghul,1992-12-06,2000000,"H-03850, F-7, Islamabad",F-7,Islamabad
PROP001736,Ali سید,42219-6600268-4,Hamza Syed,1964-03-09,9327584,"H-03857, Clifton, Karachi",Clifton,Karachi
PROP001737,حسن Khan,25194-4786393-9,Mohammed Khan,1955-05-12,2652422,"H-03858, Saddar, Rawalpindi",Saddar,Rawalpindi
PROP001738,زینب Qureshi,90208-1652838-6,Othman قریشی,1989-07-28,3761382,"H-03864, Jaranwala Road, Faisalabad",Jaranwala Road,Faisalabad
PROP001739,محمد Sayed,23202-5131374-6,Mohammad Hasan Syed,1976-10-03,5480915,"H-03866, Peoples Colony, Faisalabad",Peoples Colony,Faisalabad
PROP001740,مریم مغل,59278-2159553-4,Mohammed مغل,1990-04-01,3566073,"H-03872, F-8, Islamabad",F-8,Islamabad
PROP001741,Mohammed Faysal Khan,73615-1459804-9,Husain Khan,1957-12-22,22834234,"H-03877, Bahria Town, Rawalpindi",Bahria Town,Rawalpindi
PROP001742,Muhammad Ali بٹ,34317-3597886-4,عثمان Bhatti,1979-08-22,25188461,"H-03878, F-8, Islamabad",F-8,Islamabad
PROP001743,علی Bhatti,34317-3597886-4,,1979-08-22,21844438,"H-03878, F-8, Islamabad",F-8,Islamabad
PROP001744,Zainab Malick,54827-4930731-3,Imran Malick,1983-09-21,18804482,"H-03880, F-8, Islamabad",F-8,Islamabad
PROP001745,زینب Malik,54827-4930731-3,عمران Malick,1983-09-21,18671265,"H-03880, F-8, Islamabad",F-8,Islamabad
PROP001746,Hussein Raja,,Mohammad راجہ,1990-11-25,4380078,"H-03884, Model Town, Lahore",Model Town,Lahore
PROP001747,حمزہ Khan,27063-7190502-4,Ahmad Khan,1962-12-22,3961388,"H-03885, Model Town, Lahore",Model Town,Lahore
PROP001748,Muhammad Othman Syed,,,1983-07-21,7407761,"H-03886, Model Town, Lahore",Model Town,Lahore
PROP001749,زینب Mughal,67413-8776950-0,بلال Moghul,1983-11-21,11848037,"H-03891, Chaklala, Rawalpindi",Chaklala,Rawalpindi
PROP001750,Ahmed Malick,50290-1331305-0,,1971-10-03,40644914,"H-03894, Peoples Colony, Faisalabad",Peoples Colony,Faisalabad
PROP001751,احمد Malick,50290-1331305-0,Husain Malick,1971-10-03,27938863,"H-03894, Peoples Colony, Faisalabad",Peoples Colony,Faisalabad
PROP001752,Mohammed Hamzah شیخ,48461-3902261-0,Husain شیخ,1991-10-07,22135374,"H-03895, DHA, Lahore",DHA,Lahore
PROP001753,محمد بٹ,,محمد Bhatti,1997-05-22,63851613,"H-03896, Clifton, Karachi",Clifton,Karachi
PROP001754,Muhammad Bhatti,19618-1989793-7,Muhammad Butt,1997-05-22,83081882,"H-03896, Clifton, Karachi",Clifton,Karachi
PROP001755,محمد Butt,19218-1989793-7,Muhammed Bhatti,1997-05-22,63726928,"H-03896, Clifton, Karachi",Clifton,Karachi
PROP001756,Husain Sheikh,16783-3618614-1,Othman Sheikh,1969-09-13,19049402,"H-03899, Satellite Town, Rawalpindi",Satellite Town,Rawalpindi
PROP001757,Ahmad Malick,71719-2614218-4,,2003-06-20,2000000,"H-03900, Bahria Town, Rawalpindi",Bahria Town,Rawalpindi
PROP001758,Aisha Syed,92811-5274081-7,علی Sayyid,,32201754,"H-03901, F-7, Islamabad",F-7,Islamabad
PROP001759,Aysha Syed,92811-5274081-7,علی Sayed,1975-06-07,40218313,"H-03901, F-7, Islamabad",F-7,Islamabad
PROP001760,Ayesha Sayed,92811-5274081-7,Mohammed Ali Sayed,1975-06-07,23582066,"H-03901, F-7, Islamabad",F-7,Islamabad
PROP001761,عثمان Shaykh,81931-9683223-6,Mohammad Sheikh,2002-10-14,2000000,"H-03903, F-7, Islamabad",F-7,Islamabad
PROP001762,Osman Ch.,15108-2663200-0,Faisal Ch.,2002-11-20,2000000,"H-03904, Johar Town, Lahore",Johar Town,Lahore
PROP001763,Hussain قریشی,,Ali قریشی,1985-04-18,206360018,"H-03907, Clifton, Karachi",Clifton,Karachi
PROP001764,Hussain قریشی,63107-8153348-4,Muhammad علی Qureshi,1985-04-18,141244913,"H-03907, Clifton, Karachi",Clifton,Karachi
PROP001765,حسین قریشی,63107-8153348-4,علی قریشی,1985-04-18,124117878,"H-03907, Clifton, Karachi",Clifton,Karachi
PROP001766,فاطمہ Butt,65845-9266286-7,Hamzah Butt,1994-09-08,13927486,"H-03909, DHA, Lahore",DHA,Lahore
PROP001767,Hamza Sayed,64000-1346255-8,بلال Sayyid,1969-04-07,11385211,"H-03914, Bahria Town, Rawalpindi",Bahria Town,Rawalpindi
PROP001768,Othman Khan,81879-4659331-0,Mohammad بلال Khan,1995-10-06,12045269,"H-03916, Madina Town, Faisalabad",Madina Town,Faisalabad
PROP001769,Usman خان,81879-4659331-0,Bilal خان,1995-10-06,25671793,"H-03916, Madina Town, Faisalabad",Madina Town,Faisalabad
PROP001770,Faysal Malik,50997-4531509-6,Hamza ملک,1988-05-20,11384640,"H-03919, Madina Town, Faisalabad",Madina Town,Faisalabad
PROP001771,مریم قریشی,58132-4402123-5,Muhammed Ahmad قریشی,1975-04-09,8035454,"H-03923, Satellite Town, Rawalpindi",Satellite Town,Rawalpindi
PROP001772,Zainab Ch.,75073-1017432-8,Mohammad احمد Choudhary,1965-01-15,16879804,"H-03924, Madina Town, Faisalabad",Madina Town,Faisalabad
PROP001773,Muhammed Quraishi,,Ali Quraishi,1988-11-10,148677683,"H-03929, F-7, Islamabad",F-7,Islamabad
PROP001774,محمد Quraishi,32200-7401597-0,Ali قریشی,1988-11-10,129024834,"H-03929, F-7, Islamabad",F-7,Islamabad
PROP001775,Mohammed Qureshi,32200-7401597-0,Ali Quraishi,1988-11-10,104154763,"H-03929, F-7, Islamabad",F-7,Islamabad
PROP001776,فیصل Shaikh,87037-6319447-6,عمران Shaikh,1987-07-09,2932974,"H-03930, North Nazimabad, Karachi",North Nazimabad,Karachi
PROP001777,Faysal Sheikh,87037-6319447-6,Mohammed عمران Shaykh,1987-07-09,3315193,"H-03930, North Nazimabad, Karachi",North Nazimabad,Karachi
PROP001778,Muhammad Imran Mughal,21616-1331042-6,بلال Mughal,1975-09-20,2000000,"H-03936, Saddar, Rawalpindi",Saddar,Rawalpindi
PROP001779,فیصل Khan,75036-9663516-6,Muhammed Khan,,24500347,"H-03941, Bahria Town, Islamabad",Bahria Town,Islamabad
PROP001780,عمران Shaykh,87965-6995072-0,Muhammad Shaykh,1983-09-14,8407955,"H-03944, Clifton, Karachi",Clifton,Karachi
PROP001781,Aisha بٹ,71834-5711727-1,Usman Bhatti,2003-02-27,70649284,"H-03946, Model Town, Lahore",Model Town,Lahore
PROP001782,Ayisha بٹ,71834-5711727-1,Usman Bhatti,2003-02-27,71327105,"H-03946, Model Town, Lahore",Model Town,Lahore
PROP001783,Aisha Butt,,Mohammad Othman Bhatti,2003-02-27,79402355,"H-03946, Model Town, Lahore",Model Town,Lahore
PROP001784,Muhammad Bilal سید,76624-3621681-4,Hassan سید,1981-05-18,2078914,"H-03947, Gulshan-e-Iqbal, Karachi",Gulshan-e-Iqbal,Karachi
PROP001785,فیصل Sayyid,78194-5184341-8,,1985-08-13,2000000,"H-03950, Johar Town, Lahore",Johar Town,Lahore
PROP001786,Muhammed Hussein خان,86565-9559183-9,Hasan Khan,1993-08-12,12118109,"H-03953, Model Town, Lahore",Model Town,Lahore
PROP001787,Mohammed Hussein Khan,,حسن خان,1993-08-12,14602916,"H-03953, Model Town, Lahore",Model Town,Lahore
PROP001788,Mohammad Husain خان,86565-9559183-9,Hasan Khan,1993-08-12,14370775,"H-03953, Model Town, Lahore",Model Town,Lahore
PROP001789,زینب راجہ,96713-1187425-1,عمران راجہ,,8007553,"H-03955, Cantt, Lahore",Cantt,Lahore
PROP001790,Muhammed Hussain Bhatti,27229-8820672-3,Mohammed Imran Butt,1975-05-09,70494622,"H-03957, DHA, Lahore",DHA,Lahore
PROP001791,حسین بٹ,,Imran بٹ,1975-05-09,48815566,"H-03957, DHA, Lahore",DHA,Lahore
PROP001792,Muhammad Husain بٹ,27229-8820672-3,Imran Butt,1975-05-09,63166034,"H-03957, DHA, Lahore",DHA,Lahore
PROP001793,Hussain Mughal,89338-7009017-9,حمزہ مغل,1985-01-08,15973309,"H-03971, Jaranwala Road, Faisalabad",Jaranwala Road,Faisalabad
PROP001794,Hussein مغل,89338-7009017-9,,1985-01-08,8101181,"H-03971, Jaranwala Road, Faisalabad",Jaranwala Road,Faisalabad
PROP001795,Mohammed Hussein Mughal,89338-7009017-9,Mohammed حمزہ Mughal,1985-01-08,7368598,"H-03971, Jaranwala Road, Faisalabad",Jaranwala Road,Faisalabad
PROP001796,Muhammad عثمان Sayyid,26508-7202383-8,Hasan Sayyid,1966-01-03,11297489,"H-03972, Jaranwala Road, Faisalabad",Jaranwala Road,Faisalabad
PROP001797,Osman Syed,26508-7202383-8,Mohammad Hassan Syed,1966-01-03,16797248,"H-03972, Jaranwala Road, Faisalabad",Jaranwala Road,Faisalabad
PROP001798,عثمان Syed,,Muhammad حسن Syed,1966-01-03,15075239,"H-03972, Jaranwala Road, Faisalabad",Jaranwala Road,Faisalabad
PROP001799,Muhammed Osman Butt,35293-7644631-7,Muhammad Faisal بٹ,1987-09-22,42947128,"H-03973, E-11, Islamabad",E-11,Islamabad
PROP001800,Mohammad علی Syed,83995-3342380-0,Bilal Syed,2000-01-09,3036221,"H-03975, Bahria Town, Rawalpindi",Bahria Town,Rawalpindi
PROP001801,محمد سید,,Faysal Sayyid,1992-12-07,10365696,"H-03977, Jaranwala Road, Faisalabad",Jaranwala Road,Faisalabad
PROP001802,Ahmed Quraishi,,Hamza قریشی,1982-02-14,17171846,"H-03979, Gulshan-e-Iqbal, Karachi",Gulshan-e-Iqbal,Karachi
PROP001803,فیصل Sayyid,16185-2115016-3,,,2000000,"H-03983, Jaranwala Road, Faisalabad",Jaranwala Road,Faisalabad
PROP001804,Hasan Bhatti,37207-3115585-0,Muhammed بٹ,1992-07-02,61801762,"H-03986, Peoples Colony, Faisalabad",Peoples Colony,Faisalabad
PROP001805,حسن Bhatti,37207-3115585-0,محمد Bhatti,1992-07-02,59988602,"H-03986, Peoples Colony, Faisalabad",Peoples Colony,Faisalabad
PROP001806,حسن Butt,37207-3115585-0,محمد Butt,1992-07-02,53751512,"H-03986, Peoples Colony, Faisalabad",Peoples Colony,Faisalabad
PROP001807,حسن Khan,33470-4769483-6,Ali خان,1974-11-18,4498241,"H-03987, F-8, Islamabad",F-8,Islamabad
PROP001808,Hussein مغل,44698-7908877-4,عمران Moghul,1999-06-11,2000000,"H-03988, Saddar, Rawalpindi",Saddar,Rawalpindi
PROP001809,Mohammad Hassan مغل,40729-9608271-9,Ahmad Moghul,1999-07-27,12284380,"H-03990, DHA, Karachi",DHA,Karachi
PROP001810,Muhammed قریشی,63675-6131578-8,عثمان Quraishi,1968-12-02,2624174,"H-03994, Jaranwala Road, Faisalabad",Jaranwala Road,Faisalabad
PROP001811,Aisha Awan,14876-5633024-8,Muhammad عثمان Awan,,9590761,"H-03996, DHA, Karachi",DHA,Karachi
PROP001812,Muhammed Ahmed ملک,40694-3643252-4,محمد Malick,1993-07-24,8832510,"H-04000, Bahria Town, Islamabad",Bahria Town,Islamabad
PROP001813,Hasan Qureshi,22586-9118728-3,Mohammed Ali Quraishi,1990-05-05,4080707,"H-04008, Gulberg, Lahore",Gulberg,Lahore
PROP001814,Othman قریشی,27450-9026600-7,,1997-03-14,5613166,"H-04013, Madina Town, Faisalabad",Madina Town,Faisalabad
PROP001815,Ahmed Malick,74761-8311033-2,Hasan Malick,1992-01-07,17885076,"H-04020, Gulshan-e-Iqbal, Karachi",Gulshan-e-Iqbal,Karachi
PROP001816,Muhammad Imran Sayyid,62735-6057066-2,,1980-03-24,25099717,"H-04021, Clifton, Karachi",Clifton,Karachi
PROP001817,بلال Moghul,13068-5716975-7,عمران Moghul,1986-06-28,11697733,"H-04022, Johar Town, Lahore",Johar Town,Lahore
PROP001818,Ahmed Sheikh,56064-3942887-1,علی شیخ,1991-11-18,3888787,"H-04030, Bahria Town, Rawalpindi",Bahria Town,Rawalpindi
PROP001819,Hussain خان,,Mohammed Ahmed Khan,1986-08-10,2000000,"H-04031, G-10, Islamabad",G-10,Islamabad
PROP001820,Mohammad Ali Khan,77311-8739805-6,محمد Khan,,131499726,"H-04034, Gulshan-e-Iqbal, Karachi",Gulshan-e-Iqbal,Karachi
PROP001821,Ali خان,77311-8739805-6,Mohammad Khan,1994-07-15,150103905,"H-04034, Gulshan-e-Iqbal, Karachi",Gulshan-e-Iqbal,Karachi
PROP001822,علی Khan,77311-8739805-6,Mohammad خان,,102925998,"H-04034, Gulshan-e-Iqbal, Karachi",Gulshan-e-Iqbal,Karachi
PROP001823,محمد Qureshi,55531-1699213-6,Faysal قریشی,1979-11-04,21985922,"H-04036, Malir, Karachi",Malir,Karachi
PROP001824,Mohammed Qureshi,55531-1699213-6,Faisal قریشی,1979-11-04,29180810,"H-04036, Malir, Karachi",Malir,Karachi
PROP001825,عمران راجہ,97745-6892788-2,,1980-05-19,7135683,"H-04037, G-10, Islamabad",G-10,Islamabad
PROP001826,فیصل Syed,,Muhammad Hasan Sayyid,1960-05-22,34286105,"H-04040, Gulshan-e-Iqbal, Karachi",Gulshan-e-Iqbal,Karachi
PROP001827,Ahmad Awan,97514-9888385-7,Hasan Awan,1987-09-02,2000000,"H-04043, Satellite Town, Rawalpindi",Satellite Town,Rawalpindi
PROP001828,Muhammad قریشی,29712-4487613-8,,1978-03-05,7029664,"H-04044, Cantt, Lahore",Cantt,Lahore
PROP001829,ثناء Chaudhry,84816-8865639-0,Mohammad Ali Chaudhary,1962-05-22,4236876,"H-04047, Cantt, Lahore",Cantt,Lahore
PROP001830,Hussain Awan,16613-3496717-9,بلال اعوان,1997-11-21,16934690,"H-04048, Saddar, Rawalpindi",Saddar,Rawalpindi
PROP001831,Hamza شیخ,63139-5885012-2,علی Shaikh,1963-10-05,11672467,"H-04053, Madina Town, Faisalabad",Madina Town,Faisalabad
PROP001832,حمزہ Sheikh,23357-6291094-5,Hassan Shaikh,1964-06-02,33887146,"H-04065, Gulberg, Lahore",Gulberg,Lahore
PROP001833,Ali مغل,,,1976-12-25,10872558,"H-04066, Chaklala, Rawalpindi",Chaklala,Rawalpindi
PROP001834,Mohammed اعوان,85150-2991122-9,Ahmad اعوان,1989-05-13,17423828,"H-04069, Gulberg, Lahore",Gulberg,Lahore
PROP001835,Faysal Sayed,63211-2030826-2,علی Syed,1967-07-09,7062294,"H-04071, Satellite Town, Rawalpindi",Satellite Town,Rawalpindi
PROP001836,Faysal Sayyid,63211-2030826-2,Mohammed علی Sayyid,1967-07-09,9030662,"H-04071, Satellite Town, Rawalpindi",Satellite Town,Rawalpindi
PROP001837,Hussein شیخ,72858-4217853-8,Muhammad Ahmad Shaykh,1997-12-28,129033635,"H-04074, North Nazimabad, Karachi",North Nazimabad,Karachi
PROP001838,Muhammad حسین Sheikh,72858-4217813-8,Ahmad Shaykh,1997-12-28,217183679,"H-04074, North Nazimabad, Karachi",North Nazimabad,Karachi
PROP001839,Muhammed Hussain Shaykh,72858-4217853-8,Ahmed Shaikh,1997-12-28,257816872,"H-04074, North Nazimabad, Karachi",North Nazimabad,Karachi
PROP001840,Mohammed راجہ,32058-8951648-1,محمد راجہ,1974-06-07,11170349,"H-04076, Gulberg, Lahore",Gulberg,Lahore
PROP001841,Muhammed Raja,32058-8951648-1,Mohammed Raja,1974-06-07,11176542,"H-04076, Gulberg, Lahore",Gulberg,Lahore
PROP001842,Bilal چوہدری,44234-8486056-1,Usman چوہدری,1971-04-08,9757906,"H-04078, Model Town, Lahore",Model Town,Lahore
PROP001843,Mohammad Bilal چوہدری,44234-8486656-1,Osman Choudhary,1971-04-08,7107593,"H-04078, Model Town, Lahore",Model Town,Lahore
PROP001844,فیصل راجہ,33068-7193263-4,Muhammed Faysal راجہ,1993-04-04,14514666,"H-04081, Malir, Karachi",Malir,Karachi
PROP001845,Muhammad Faisal راجہ,33068-7193263-4,Muhammed فیصل Raja,1993-04-04,12254407,"H-04081, Malir, Karachi",Malir,Karachi
PROP001846,بلال اعوان,75294-5356398-7,Muhammed اعوان,1981-10-25,53836230,"H-04084, Clifton, Karachi",Clifton,Karachi
PROP001847,محمد Butt,66365-3847148-9,Mohammad Hasan Bhatti,1959-10-25,22545751,"H-04086, North Nazimabad, Karachi",North Nazimabad,Karachi
PROP001848,Sana اعوان,,Hussein Awan,1955-02-20,107585463,"H-04087, Bahria Town, Islamabad",Bahria Town,Islamabad
PROP001849,Sana Awan,60479-5325951-7,Hussein Awan,1955-02-20,119234821,"H-04087, Bahria Town, Islamabad",Bahria Town,Islamabad
PROP001850,ثناء Awan,60479-5325951-7,Husain Awan,1955-02-20,78719533,"H-04087, Bahria Town, Islamabad",Bahria Town,Islamabad
PROP001851,Mariam Raja,36564-7021888-8,Othman راجہ,1994-10-04,39689537,"H-04092, Model Town, Lahore",Model Town,Lahore
PROP001852,Mariam راجہ,36564-7021888-8,Othman Raja,1994-10-04,39195530,"H-04092, Model Town, Lahore",Model Town,Lahore
PROP001853,Othman Bhatti,,Hussein بٹ,1969-02-10,4417037,"H-04097, Malir, Karachi",Malir,Karachi
PROP001854,Ali ملک,50635-6556583-9,Mohammed Bilal Malick,1984-07-05,9958703,"H-04098, G-10, Islamabad",G-10,Islamabad
PROP001855,Ali ملک,,Bilal Malik,,5005043,"H-04098, G-10, Islamabad",G-10,Islamabad
PROP001856,عثمان Butt,59854-4883331-0,حمزہ بٹ,1997-08-19,15444968,"H-04100, Satellite Town, Rawalpindi",Satellite Town,Rawalpindi
PROP001857,Mohammad Hussain Sayed,15472-5562498-1,Ahmed Sayed,1986-01-17,2000000,"H-04102, Gulshan-e-Iqbal, Karachi",Gulshan-e-Iqbal,Karachi
PROP001858,Mohammad Hussein Sayed,,,1986-01-17,2554413,"H-04102, Gulshan-e-Iqbal, Karachi",Gulshan-e-Iqbal,Karachi
PROP001859,Mohammad Faysal Shaikh,37604-1476136-0,Ali Sheikh,1992-12-12,3351384,"H-04103, F-7, Islamabad",F-7,Islamabad
PROP001860,Muhammed راجہ,21691-4497271-0,Ahmad Raja,1982-01-13,16383643,"H-04107, Model Town, Lahore",Model Town,Lahore
PROP001861,حسین Moghul,67990-5078309-4,Ahmed Mughal,1986-11-16,13176426,"H-04108, Clifton, Karachi",Clifton,Karachi
PROP001862,علی Qureshi,41427-7001339-6,Hussain Quraishi,1972-11-03,33261787,"H-04112, Chaklala, Rawalpindi",Chaklala,Rawalpindi
PROP001863,حسن راجہ,55231-6556614-2,Mohammed راجہ,1959-01-22,123827541,"H-04118, Bahria Town, Islamabad",Bahria Town,Islamabad
PROP001864,Mohammad Hassan راجہ,55231-6556614-2,Muhammad Raja,1959-01-22,172901653,"H-04118, Bahria Town, Islamabad",Bahria Town,Islamabad
PROP001865,حسن Raja,55231-6556614-2,Mohammad Raja,1959-01-22,136541284,"H-04118, Bahria Town, Islamabad",Bahria Town,Islamabad
PROP001866,Ali Qureshi,60741-8204418-6,,,7956444,"H-04124, Malir, Karachi",Malir,Karachi
PROP001867,Ali قریشی,60741-8204418-6,Mohammed Imran Qureshi,1994-10-06,9626169,"H-04124, Malir, Karachi",Malir,Karachi
PROP001868,Ahmad Bhatti,37268-8365068-6,Hassan Bhatti,2003-08-25,5286976,"H-04127, Chaklala, Rawalpindi",Chaklala,Rawalpindi
PROP001869,Othman سید,56385-8187539-5,Hamzah Sayyid,1982-07-19,44433624,"H-04128, Bahria Town, Islamabad",Bahria Town,Islamabad
PROP001870,Othman Sayyid,56385-8187539-4,,1982-07-19,39658433,"H-04128, Bahria Town, Islamabad",Bahria Town,Islamabad
PROP001871,عثمان سید,56385-8187539-4,حمزہ Sayed,1982-07-19,68893647,"H-04128, Bahria Town, Islamabad",Bahria Town,Islamabad
PROP001872,Bilal Bhatti,90914-6991311-0,Mohammad Imran بٹ,1958-05-23,10917695,"H-04131, Satellite Town, Rawalpindi",Satellite Town,Rawalpindi
PROP001873,حرا Butt,42693-2061499-1,,1973-10-14,2000000,"H-04138, Peoples Colony, Faisalabad",Peoples Colony,Faisalabad
PROP001874,Faysal راجہ,,Muhammed راجہ,1973-11-25,21047040,"H-04139, Jaranwala Road, Faisalabad",Jaranwala Road,Faisalabad
PROP001875,عمران Sayyid,84746-1604657-7,Muhammed عمران Sayed,1983-03-11,109920879,"H-04142, G-10, Islamabad",G-10,Islamabad
PROP001876,Imran Sayyid,,Muhammad عمران Sayed,1983-03-11,138642030,"H-04142, G-10, Islamabad",G-10,Islamabad
PROP001877,Muhammad Imran Syed,84746-1604657-7,,1983-03-11,136320223,"H-04142, G-10, Islamabad",G-10,Islamabad
PROP001878,علی Sayed,24472-7284551-6,فیصل Syed,1998-11-09,71085355,"H-04146, Jaranwala Road, Faisalabad",Jaranwala Road,Faisalabad
PROP001879,Sana خان,18990-4220922-2,علی Khan,2002-01-27,10526058,"H-04153, Jaranwala Road, Faisalabad",Jaranwala Road,Faisalabad
PROP001880,حسین Butt,96351-5013470-5,Mohammad Ahmed Butt,1993-08-17,15800600,"H-04154, Peoples Colony, Faisalabad",Peoples Colony,Faisalabad
PROP001881,Hussain Butt,96351-5013490-5,Ahmed Butt,1993-08-17,13714965,"H-04154, Peoples Colony, Faisalabad",Peoples Colony,Faisalabad
PROP001882,بلال Bhatti,72365-2869137-0,Husain بٹ,,9689568,"H-04155, Peoples Colony, Faisalabad",Peoples Colony,Faisalabad
PROP001883,Mohammad شیخ,31504-3233234-4,Ahmed Shaykh,1986-01-23,2504604,"H-04156, Peoples Colony, Faisalabad",Peoples Colony,Faisalabad
PROP001884,محمد Malick,90373-9162253-9,بلال ملک,1990-06-10,8541891,"H-04159, F-8, Islamabad",F-8,Islamabad
PROP001885,Mohammed ملک,90373-9162253-9,Bilal ملک,1990-06-10,7555472,"H-04159, F-8, Islamabad",F-8,Islamabad
PROP001886,Maryam Khan,31512-1730759-8,Ali خان,,13977601,"H-04160, Malir, Karachi",Malir,Karachi
PROP001887,Mohammed Imran Mughal,,Hussein Moghul,,9653583,"H-04163, Peoples Colony, Faisalabad",Peoples Colony,Faisalabad
PROP001888,Hussain قریشی,27646-9583530-8,Mohammed عمران Quraishi,,9355267,"H-04166, Model Town, Lahore",Model Town,Lahore
PROP001889,Mohammad Butt,,Muhammed Ahmad بٹ,1970-10-04,50085288,"H-04167, DHA, Lahore",DHA,Lahore
PROP001890,Muhammad Butt,,Ahmed Butt,1970-10-04,56032115,"H-04167, DHA, Lahore",DHA,Lahore
PROP001891,Muhammad Butt,72345-5928239-2,Ahmad Butt,1970-10-04,61212281,"H-04167, DHA, Lahore",DHA,Lahore
PROP001892,زینب Bhatti,,Hamza بٹ,1985-03-24,167124030,"H-04168, Madina Town, Faisalabad",Madina Town,Faisalabad
PROP001893,Zaynab Bhatti,90641-4601321-7,Muhammad Hamza بٹ,,94720444,"H-04168, Madina Town, Faisalabad",Madina Town,Faisalabad
PROP001894,زینب Bhatti,90641-4601321-7,Hamzah Bhatti,,149727360,"H-04168, Madina Town, Faisalabad",Madina Town,Faisalabad
PROP001895,زینب چوہدری,98446-1871707-6,Hasan Choudhary,1965-04-20,68895430,"H-04171, Saddar, Rawalpindi",Saddar,Rawalpindi
PROP001896,Zaynab Chaudhry,98446-1871707-6,Hassan چوہدری,1965-04-20,165224956,"H-04171, Saddar, Rawalpindi",Saddar,Rawalpindi
PROP001897,Zainab Chaudhry,98846-1871707-6,Hassan چوہدری,1965-04-20,61260241,"H-04171, Saddar, Rawalpindi",Saddar,Rawalpindi
PROP001898,Marium Choudhary,30879-2626896-0,Muhammad عمران Chaudhary,1976-09-07,48190399,"H-04172, Model Town, Lahore",Model Town,Lahore
PROP001899,Marium Chaudhry,30879-2626896-0,Muhammad Imran Ch.,1976-09-07,32842129,"H-04172, Model Town, Lahore",Model Town,Lahore
PROP001900,مریم Chaudhary,30879-2626896-0,Imran Chaudhary,1976-09-07,56612792,"H-04172, Model Town, Lahore",Model Town,Lahore
PROP001901,Muhammed Bhatti,,Hussein بٹ,1964-05-25,2000000,"H-04177, North Nazimabad, Karachi",North Nazimabad,Karachi
PROP001902,Muhammad Imran Awan,43356-9055100-8,Hassan Awan,,49187287,"H-04179, Model Town, Lahore",Model Town,Lahore
PROP001903,Muhammed Imran اعوان,43356-9055100-8,,1991-12-01,32973706,"H-04179, Model Town, Lahore",Model Town,Lahore
PROP001904,Imran اعوان,43356-9055100-8,حسن Awan,1991-12-01,40993345,"H-04179, Model Town, Lahore",Model Town,Lahore
PROP001905,Ahmad شیخ,91189-8242292-9,,1958-03-10,11380129,"H-04180, E-11, Islamabad",E-11,Islamabad
PROP001906,Mohammed Ahmed Sheikh,91189-8242292-9,Ahmed Shaykh,1958-03-10,8361178,"H-04180, E-11, Islamabad",E-11,Islamabad
PROP001907,محمد Malik,16899-7248414-4,Hussein Malik,1956-03-15,21255332,"H-04183, Madina Town, Faisalabad",Madina Town,Faisalabad
PROP001908,محمد ملک,16899-7248414-4,,1956-03-15,25077514,"H-04183, Madina Town, Faisalabad",Madina Town,Faisalabad
PROP001909,Mohammad ملک,16899-7248414-4,Hussein ملک,1956-03-15,24696973,"H-04183, Madina Town, Faisalabad",Madina Town,Faisalabad
PROP001910,Mariam ملک,94412-8385587-9,Mohammad ملک,,58518577,"H-04192, Chaklala, Rawalpindi",Chaklala,Rawalpindi
PROP001911,مریم Malick,,Muhammed Malik,1972-06-25,59084109,"H-04192, Chaklala, Rawalpindi",Chaklala,Rawalpindi
PROP001912,مریم ملک,94412-8385587-9,Muhammad Malik,1972-06-25,67651342,"H-04192, Chaklala, Rawalpindi",Chaklala,Rawalpindi
PROP001913,Hassan Awan,95852-7680009-0,Mohammed Hasan اعوان,1973-09-20,3034012,"H-04194, North Nazimabad, Karachi",North Nazimabad,Karachi
PROP001914,Mohammad بلال Butt,93053-8521381-5,فیصل بٹ,1983-10-19,140500524,"H-04198, G-10, Islamabad",G-10,Islamabad
PROP001915,بلال Butt,93053-8521781-5,,1983-10-19,120344927,"H-04198, G-10, Islamabad",G-10,Islamabad
PROP001916,Bilal بٹ,93053-8521781-5,Muhammed فیصل Bhatti,1983-10-19,77943124,"H-04198, G-10, Islamabad",G-10,Islamabad
PROP001917,Ali قریشی,92843-1970164-4,Hassan Qureshi,1979-09-06,30921986,"H-04199, F-8, Islamabad",F-8,Islamabad
PROP001918,Faysal اعوان,18091-8602159-8,Bilal اعوان,1985-03-25,10033558,"H-04200, Peoples Colony, Faisalabad",Peoples Colony,Faisalabad
PROP001919,Faysal اعوان,18091-8602159-8,Bilal Awan,,10502329,"H-04200, Peoples Colony, Faisalabad",Peoples Colony,Faisalabad
PROP001920,Ali بٹ,19309-3588769-7,,1965-04-15,41012024,"H-04202, Satellite Town, Rawalpindi",Satellite Town,Rawalpindi
PROP001921,Mariam Syed,32889-7347525-0,علی Syed,2000-10-28,7538677,"H-04222, Satellite Town, Rawalpindi",Satellite Town,Rawalpindi
PROP001922,مریم Syed,32889-7347525-0,Ali Sayyid,2000-10-28,7068799,"H-04222, Satellite Town, Rawalpindi",Satellite Town,Rawalpindi
PROP001923,Bilal Qureshi,25471-5112387-7,,1977-04-09,34058977,"H-04224, Satellite Town, Rawalpindi",Satellite Town,Rawalpindi
PROP001924,Muhammad Bilal قریشی,25451-5112387-7,Mohammad Ahmed قریشی,1977-04-09,46356264,"H-04224, Satellite Town, Rawalpindi",Satellite Town,Rawalpindi
PROP001925,علی اعوان,47963-8186447-4,Mohammad Osman اعوان,1995-05-21,33590050,"H-04226, Bahria Town, Islamabad",Bahria Town,Islamabad
PROP001926,حسن Sheikh,53633-5105321-3,Muhammed عثمان Sheikh,1979-07-17,32474479,"H-04228, Model Town, Lahore",Model Town,Lahore
PROP001927,Muhammad Ali اعوان,,Ali اعوان,1979-04-06,85141271,"H-04235, Bahria Town, Rawalpindi",Bahria Town,Rawalpindi
PROP001928,Mohammad Ali Awan,82562-1142955-8,,1979-04-06,78256830,"H-04235, Bahria Town, Rawalpindi",Bahria Town,Rawalpindi
PROP001929,Ali Awan,82562-1142955-8,,1979-04-06,99551046,"H-04235, Bahria Town, Rawalpindi",Bahria Town,Rawalpindi
PROP001930,Ayesha بٹ,34372-8245643-4,علی Bhatti,1992-04-01,11490533,"H-04237, Gulshan-e-Iqbal, Karachi",Gulshan-e-Iqbal,Karachi
PROP001931,عائشہ Bhatti,34372-8245643-4,Muhammad علی بٹ,1992-04-01,17113545,"H-04237, Gulshan-e-Iqbal, Karachi",Gulshan-e-Iqbal,Karachi
PROP001932,Muhammad علی Butt,48679-1442590-4,Ali Butt,1962-01-01,14741155,"H-04241, G-10, Islamabad",G-10,Islamabad
PROP001933,Aisha Malick,79041-6397618-4,Othman Malick,1968-10-24,111576091,"H-04242, Satellite Town, Rawalpindi",Satellite Town,Rawalpindi
PROP001934,Ayisha Malik,79041-6397618-4,Mohammed عثمان ملک,,123589218,"H-04242, Satellite Town, Rawalpindi",Satellite Town,Rawalpindi
PROP001935,Ayesha Malik,79041-6397618-4,Othman ملک,1968-10-24,71999473,"H-04242, Satellite Town, Rawalpindi",Satellite Town,Rawalpindi
PROP001936,Muhammad Quraishi,32820-6549843-6,علی قریشی,2001-08-07,8060632,"H-04249, Bahria Town, Islamabad",Bahria Town,Islamabad
PROP001937,ثناء Bhatti,73099-6545110-1,,1969-07-22,30142383,"H-04251, Johar Town, Lahore",Johar Town,Lahore
PROP001938,حرا Quraishi,59217-2742172-2,عمران Qureshi,1975-12-13,4644730,"H-04252, Malir, Karachi",Malir,Karachi
PROP001939,حسن Sayed,40263-7196258-1,Imran Sayed,1975-03-05,19559845,"H-04255, Gulberg, Lahore",Gulberg,Lahore
PROP001940,Osman Butt,13886-1066012-7,Muhammad Hussein بٹ,1976-11-25,33131211,"H-04257, F-8, Islamabad",F-8,Islamabad
PROP001941,عثمان Bhatti,13886-1066712-7,Hussein Bhatti,1976-11-25,50447000,"H-04257, F-8, Islamabad",F-8,Islamabad
PROP001942,Mohammed Osman Bhatti,13886-1066712-7,Hussein Butt,1976-11-25,51794128,"H-04257, F-8, Islamabad",F-8,Islamabad
PROP001943,حسن Chaudhary,15211-6578730-7,,1984-12-17,13581235,"H-04259, Bahria Town, Rawalpindi",Bahria Town,Rawalpindi
PROP001944,Mohammad راجہ,65907-2373687-0,Mohammad بلال راجہ,,3297903,"H-04261, F-8, Islamabad",F-8,Islamabad
PROP001945,علی Sayed,45539-2800115-4,Muhammed Ahmed Syed,1966-11-09,21662912,"H-04262, E-11, Islamabad",E-11,Islamabad
PROP001946,Ali سید,45539-2800115-4,احمد Sayed,1966-11-09,28771240,"H-04262, E-11, Islamabad",E-11,Islamabad
PROP001947,Hasan Mughal,77475-4529089-5,Muhammad Faisal Mughal,1979-01-01,7703020,"H-04263, Chaklala, Rawalpindi",Chaklala,Rawalpindi
PROP001948,حمزہ Malick,76316-4697461-8,احمد Malick,1994-09-16,6910947,"H-04265, Madina Town, Faisalabad",Madina Town,Faisalabad
PROP001949,Muhammad حمزہ Malik,76316-4697461-8,Muhammad احمد Malick,1994-09-16,7915455,"H-04265, Madina Town, Faisalabad",Madina Town,Faisalabad
PROP001950,Hamzah Malick,76316-4697461-8,Ahmed Malik,1994-09-16,10330390,"H-04265, Madina Town, Faisalabad",Madina Town,Faisalabad
PROP001951,Zainab خان,19700-8807387-5,,1981-12-01,27385640,"H-04266, North Nazimabad, Karachi",North Nazimabad,Karachi
PROP001952,زینب Khan,19700-8807387-5,Muhammad حمزہ خان,1981-12-01,25802670,"H-04266, North Nazimabad, Karachi",North Nazimabad,Karachi
PROP001953,Zaynab خان,,Muhammad Hamzah خان,1981-12-01,32661562,"H-04266, North Nazimabad, Karachi",North Nazimabad,Karachi
PROP001954,Ali Raja,67210-6653851-1,,1986-04-03,15474920,"H-04268, Malir, Karachi",Malir,Karachi
PROP001955,زینب Mughal,41364-6271990-2,حمزہ مغل,1998-07-26,34354876,"H-04269, DHA, Lahore",DHA,Lahore
PROP001956,Zainab Moghul,41364-6471990-2,,1998-07-26,21374744,"H-04269, DHA, Lahore",DHA,Lahore
PROP001957,Zaynab مغل,41364-6471990-2,حمزہ Moghul,1998-07-26,30206908,"H-04269, DHA, Lahore",DHA,Lahore
PROP001958,احمد Sayed,24380-8646405-4,Muhammad Hamza Syed,,61893703,"H-04271, Cantt, Lahore",Cantt,Lahore
PROP001959,Mariam بٹ,17613-4656408-1,Osman بٹ,1959-04-10,31504887,"H-04275, Gulshan-e-Iqbal, Karachi",Gulshan-e-Iqbal,Karachi
PROP001960,مریم Butt,17613-4656408-1,عثمان بٹ,1959-04-10,36743608,"H-04275, Gulshan-e-Iqbal, Karachi",Gulshan-e-Iqbal,Karachi
PROP001961,Aisha Malick,21351-8685711-9,Mohammad Hussain ملک,1981-02-21,6396615,"H-04284, Bahria Town, Islamabad",Bahria Town,Islamabad
PROP001962,مریم Awan,24881-4291026-5,Mohammed Hussein اعوان,1995-06-13,2000000,"H-04291, Bahria Town, Rawalpindi",Bahria Town,Rawalpindi
PROP001963,Maryam Awan,24881-4291026-5,Husain اعوان,1995-06-13,2000000,"H-04291, Bahria Town, Rawalpindi",Bahria Town,Rawalpindi
PROP001964,Hassan Malik,14179-9720856-5,,,174782318,"H-04293, DHA, Lahore",DHA,Lahore
PROP001965,Muhammed Hassan ملک,14179-9720856-5,,1957-05-02,110532011,"H-04293, DHA, Lahore",DHA,Lahore
PROP001966,حسن ملک,14179-9320856-5,فیصل Malik,1957-05-02,138644340,"H-04293, DHA, Lahore",DHA,Lahore
PROP001967,حمزہ Awan,48578-3367427-9,Muhammad Ali اعوان,1961-01-27,5668756,"H-04296, Jaranwala Road, Faisalabad",Jaranwala Road,Faisalabad
PROP001968,Mohammed Ahmed مغل,32505-9076945-1,Hussein مغل,1977-08-02,133409935,"H-04299, Satellite Town, Rawalpindi",Satellite Town,Rawalpindi
PROP001969,Ahmad مغل,32505-9076945-1,Hussein Mughal,1977-08-02,137635153,"H-04299, Satellite Town, Rawalpindi",Satellite Town,Rawalpindi
PROP001970,Mohammed Ahmed مغل,32505-9076945-1,حسین Mughal,1977-08-02,129655711,"H-04299, Satellite Town, Rawalpindi",Satellite Town,Rawalpindi
PROP001971,Sana Sayed,67894-9581868-5,حمزہ Sayed,1984-02-22,6551703,"H-04300, Gulberg, Lahore",Gulberg,Lahore
PROP001972,فیصل Malik,81145-6100742-9,,1986-12-09,26497612,"H-04304, Peoples Colony, Faisalabad",Peoples Colony,Faisalabad
PROP001973,بلال Bhatti,76226-2872750-3,Ali Bhatti,,11218249,"H-04307, DHA, Lahore",DHA,Lahore
PROP001974,Muhammad بلال Butt,76226-2872750-3,علی Bhatti,,7741035,"H-04307, DHA, Lahore",DHA,Lahore
PROP001975,Mariam سید,82801-3553842-8,Muhammed سید,1985-02-02,2000000,"H-04310, Clifton, Karachi",Clifton,Karachi
PROP001976,Muhammad Bilal Quraishi,42699-6580456-0,Hamzah Quraishi,1995-10-27,3658679,"H-04314, Gulberg, Lahore",Gulberg,Lahore
PROP001977,Sana سید,88873-9089143-1,Mohammad عمران Sayed,1959-10-02,15763193,"H-04318, Bahria Town, Rawalpindi",Bahria Town,Rawalpindi
PROP001978,Sana سید,,عمران Syed,1959-10-02,17172331,"H-04318, Bahria Town, Rawalpindi",Bahria Town,Rawalpindi
PROP001979,بلال Chaudhary,,Bilal Choudhary,1968-10-18,18694791,"H-04322, E-11, Islamabad",E-11,Islamabad
PROP001980,Bilal چوہدری,33918-5436071-7,بلال Chaudhary,1968-10-18,21618244,"H-04322, E-11, Islamabad",E-11,Islamabad
PROP001981,Muhammad Othman Khan,45033-1481563-4,عمران خان,2003-08-24,2000000,"H-04325, F-7, Islamabad",F-7,Islamabad
PROP001982,Bilal مغل,,Mohammed عمران Mughal,1977-10-08,49466626,"H-04331, Jaranwala Road, Faisalabad",Jaranwala Road,Faisalabad
PROP001983,Bilal Mughal,20600-6838149-5,عمران مغل,1977-10-08,80338454,"H-04331, Jaranwala Road, Faisalabad",Jaranwala Road,Faisalabad
PROP001984,Mohammed Ali Butt,56651-8317039-5,علی Butt,1968-03-05,4895677,"H-04332, G-10, Islamabad",G-10,Islamabad
PROP001985,Mohammed Raja,69425-4200220-0,Bilal Raja,1991-10-08,10731433,"H-04336, DHA, Karachi",DHA,Karachi
PROP001986,محمد Quraishi,75858-7025935-0,Osman Quraishi,1979-01-18,8055413,"H-04338, DHA, Lahore",DHA,Lahore
PROP001987,Mohammed Qureshi,86600-6179678-4,بلال Quraishi,1961-06-01,93931249,"H-04342, Saddar, Rawalpindi",Saddar,Rawalpindi
PROP001988,محمد قریشی,86200-6179678-4,بلال Quraishi,,85923706,"H-04342, Saddar, Rawalpindi",Saddar,Rawalpindi
PROP001989,Zaynab چوہدری,,,1964-02-23,5656783,"H-04345, Bahria Town, Rawalpindi",Bahria Town,Rawalpindi
PROP001990,عائشہ Mughal,28099-8443180-6,Hussein مغل,1986-02-25,16714255,"H-04346, DHA, Karachi",DHA,Karachi
PROP001991,Usman Sayyid,82412-7588178-6,عمران Sayed,,13906696,"H-04350, E-11, Islamabad",E-11,Islamabad
PROP001992,Muhammad خان,85467-6866549-3,Imran Khan,1962-06-16,21248472,"H-04351, Bahria Town, Islamabad",Bahria Town,Islamabad
PROP001993,فیصل Malick,78107-2920303-5,Ahmad ملک,1973-05-14,14386708,"H-04353, Bahria Town, Islamabad",Bahria Town,Islamabad
PROP001994,Fatima Shaykh,45307-9562624-4,Faysal شیخ,1996-02-17,13895828,"H-04357, Satellite Town, Rawalpindi",Satellite Town,Rawalpindi
PROP001995,Hussein Syed,,حسن Sayed,2000-06-18,15089473,"H-04358, Cantt, Lahore",Cantt,Lahore
PROP001996,Muhammad حسن Malick,92568-4349758-1,حسن Malick,1977-07-04,24464580,"H-04359, F-7, Islamabad",F-7,Islamabad
PROP001997,Muhammed Hasan ملک,99322-9314428-4,Muhammad ملک,,8013170,"H-04362, Model Town, Lahore",Model Town,Lahore
PROP001998,Hassan Malik,,Muhammed Malik,1988-08-10,8328662,"H-04362, Model Town, Lahore",Model Town,Lahore
PROP001999,Fatimah Moghul,85327-8044262-1,Hamza Mughal,,4435876,"H-04363, Bahria Town, Rawalpindi",Bahria Town,Rawalpindi
PROP002000,احمد Sayyid,16285-7385983-4,Faisal Sayed,1962-05-10,8692043,"H-04366, Malir, Karachi",Malir,Karachi
PROP002001,Hira Qureshi,22631-7029946-6,,1961-05-14,27153024,"H-04367, DHA, Lahore",DHA,Lahore
PROP002002,حرا Qureshi,22631-7029966-6,Faysal قریشی,1961-05-14,23896705,"H-04367, DHA, Lahore",DHA,Lahore
PROP002003,حسین Malik,12044-1096746-7,Ahmed Malick,,2000000,"H-04369, Saddar, Rawalpindi",Saddar,Rawalpindi
PROP002004,Usman Malik,,Muhammed فیصل Malik,1999-11-12,14467537,"H-04370, Bahria Town, Islamabad",Bahria Town,Islamabad
PROP002005,Hassan Raja,60150-6216605-8,Ali راجہ,1984-12-06,42998230,"H-04372, Madina Town, Faisalabad",Madina Town,Faisalabad
PROP002006,Hira Khan,26302-1798227-8,,,4130668,"H-04374, G-10, Islamabad",G-10,Islamabad
PROP002007,Hussain Ch.,15877-6569203-9,Mohammed Choudhary,1971-08-08,5789232,"H-04376, Johar Town, Lahore",Johar Town,Lahore
PROP002008,علی سید,,عثمان Syed,1968-10-15,27758840,"H-04377, G-10, Islamabad",G-10,Islamabad
PROP002009,Ali Sayyid,87293-4456625-0,Osman Sayyid,1968-10-15,11655692,"H-04377, G-10, Islamabad",G-10,Islamabad
PROP002010,احمد چوہدری,86992-8287075-4,Ali Chaudhry,1981-01-21,2502952,"H-04378, Bahria Town, Islamabad",Bahria Town,Islamabad
PROP002011,Osman Butt,15337-1705131-6,Ali Bhatti,1989-11-19,7208840,"H-04381, Johar Town, Lahore",Johar Town,Lahore
PROP002012,Mohammad Ali Malik,94411-9694286-7,Osman ملک,1968-11-25,2572594,"H-04386, Gulberg, Lahore",Gulberg,Lahore
PROP002013,Ali Malick,77020-4598411-5,Husain Malick,1998-06-25,6897135,"H-04387, G-10, Islamabad",G-10,Islamabad
PROP002014,Faysal Sayed,83652-3133971-5,Ali Sayed,1978-05-07,6273447,"H-04388, Madina Town, Faisalabad",Madina Town,Faisalabad
PROP002015,Bilal Raja,84065-3544001-4,حمزہ Raja,1961-06-16,2000000,"H-04390, Jaranwala Road, Faisalabad",Jaranwala Road,Faisalabad
PROP002016,Ahmad قریشی,37270-3996601-6,Imran قریشی,1974-03-07,39380063,"H-04395, Madina Town, Faisalabad",Madina Town,Faisalabad
PROP002017,Ahmad Quraishi,37270-3996601-6,,1974-03-07,32596675,"H-04395, Madina Town, Faisalabad",Madina Town,Faisalabad
PROP002018,احمد قریشی,37270-6996601-6,Mohammad عمران Quraishi,1974-03-07,36686161,"H-04395, Madina Town, Faisalabad",Madina Town,Faisalabad
PROP002019,Mohammad Moghul,80002-8274447-8,فیصل مغل,1960-10-24,7740591,"H-04399, Jaranwala Road, Faisalabad",Jaranwala Road,Faisalabad
PROP002020,Zainab راجہ,69386-4535671-5,Muhammed Hasan راجہ,1967-03-16,3400496,"H-04402, Bahria Town, Rawalpindi",Bahria Town,Rawalpindi
PROP002021,مریم Sayed,79866-7190401-8,Husain Sayyid,1968-02-03,3418654,"H-04403, Peoples Colony, Faisalabad",Peoples Colony,Faisalabad
PROP002022,Bilal Quraishi,10707-5245618-7,Hasan Qureshi,1994-07-24,18660059,"H-04404, Gulshan-e-Iqbal, Karachi",Gulshan-e-Iqbal,Karachi
PROP002023,Muhammed بلال قریشی,90707-5245618-7,حسن قریشی,1994-07-24,21894230,"H-04404, Gulshan-e-Iqbal, Karachi",Gulshan-e-Iqbal,Karachi
PROP002024,Ahmed خان,67533-9309249-1,Mohammad خان,1968-11-02,7696210,"H-04405, G-10, Islamabad",G-10,Islamabad
PROP002025,Mohammed Ahmad Khan,67533-9309249-1,Mohammed Khan,1968-11-02,11986996,"H-04405, G-10, Islamabad",G-10,Islamabad
PROP002026,Ahmad Khan,,Mohammad Khan,1968-11-02,10643117,"H-04405, G-10, Islamabad",G-10,Islamabad
PROP002027,Othman Malick,,Mohammed ملک,1990-06-01,24254348,"H-04409, F-7, Islamabad",F-7,Islamabad
PROP002028,Husain اعوان,88827-7736712-3,Mohammed بلال اعوان,1971-02-06,22129510,"H-04410, F-8, Islamabad",F-8,Islamabad
PROP002029,Muhammad Hamzah Qureshi,25374-8379657-0,علی قریشی,1997-06-07,8993891,"H-04416, Gulberg, Lahore",Gulberg,Lahore
PROP002030,Osman Syed,45600-8466521-4,Muhammad احمد سید,1967-04-03,7613138,"H-04419, Peoples Colony, Faisalabad",Peoples Colony,Faisalabad
PROP002031,فیصل اعوان,37751-5289247-9,,1977-08-15,11143031,"H-04424, Jaranwala Road, Faisalabad",Jaranwala Road,Faisalabad
PROP002032,Muhammed عثمان Shaykh,75037-1002068-6,Hussain شیخ,1955-07-10,15178823,"H-04425, North Nazimabad, Karachi",North Nazimabad,Karachi
PROP002033,ثناء Syed,49005-3804005-7,Ali Sayyid,,10679439,"H-04428, Johar Town, Lahore",Johar Town,Lahore
PROP002034,عمران Bhatti,29691-7682029-0,Bilal Bhatti,1987-03-27,5659329,"H-04433, Peoples Colony, Faisalabad",Peoples Colony,Faisalabad
PROP002035,بلال Malick,,احمد Malik,1998-06-20,7567882,"H-04434, F-7, Islamabad",F-7,Islamabad
PROP002036,Muhammed Hussein Awan,34118-1826549-2,Hamzah Awan,1968-01-27,12499817,"H-04436, DHA, Karachi",DHA,Karachi
PROP002037,Imran Butt,63655-2450718-6,Faysal بٹ,1968-11-14,5835342,"H-04446, F-7, Islamabad",F-7,Islamabad
PROP002038,Bilal Butt,63810-9395855-4,Hamzah Bhatti,1961-04-06,12735351,"H-04450, E-11, Islamabad",E-11,Islamabad
PROP002039,Imran Malick,22288-5785479-6,Mohammad Malik,1963-04-25,39713478,"H-04452, DHA, Karachi",DHA,Karachi
PROP002040,ثناء راجہ,71411-9599735-7,Ahmad Raja,1989-02-28,14703561,"H-04455, Peoples Colony, Faisalabad",Peoples Colony,Faisalabad
PROP002041,Fatima Bhatti,12790-2534061-9,Hamza بٹ,1981-09-24,2000000,"H-04459, Madina Town, Faisalabad",Madina Town,Faisalabad
PROP002042,ثناء Butt,80578-3273066-0,Faysal Bhatti,1988-08-05,14930515,"H-04462, Chaklala, Rawalpindi",Chaklala,Rawalpindi
PROP002043,ثناء Bhatti,80578-3273066-0,,1988-08-05,10927204,"H-04462, Chaklala, Rawalpindi",Chaklala,Rawalpindi
PROP002044,عمران Malik,85247-7596732-9,Ali ملک,1969-05-09,13060208,"H-04463, Peoples Colony, Faisalabad",Peoples Colony,Faisalabad
PROP002045,Muhammad Moghul,10997-5571883-9,Hussain Moghul,1962-08-24,8000946,"H-04465, Malir, Karachi",Malir,Karachi
PROP002046,احمد مغل,67524-1937735-6,Muhammed بلال Moghul,1988-07-08,7135737,"H-04466, DHA, Karachi",DHA,Karachi
PROP002047,Imran مغل,77318-5197505-0,Husain Moghul,1985-01-25,11815960,"H-04467, Model Town, Lahore",Model Town,Lahore
PROP002048,Ayisha قریشی,20897-2994417-2,محمد قریشی,1986-01-04,2377736,"H-04469, Saddar, Rawalpindi",Saddar,Rawalpindi
PROP002049,Ahmed Chaudhry,81320-4644223-0,Muhammed Faysal Choudhary,1955-05-01,2207723,"H-04474, Cantt, Lahore",Cantt,Lahore
PROP002050,حرا Mughal,45551-7558388-3,Bilal مغل,,4022050,"H-04477, Madina Town, Faisalabad",Madina Town,Faisalabad
PROP002051,Mohammad Imran Ch.,44959-9902508-8,Hasan چوہدری,1979-03-14,30434553,"H-04478, Peoples Colony, Faisalabad",Peoples Colony,Faisalabad
PROP002052,عمران Ch.,44959-9902508-8,Hasan Ch.,1979-03-14,29200530,"H-04478, Peoples Colony, Faisalabad",Peoples Colony,Faisalabad
PROP002053,عمران Choudhary,,Muhammad Hasan Chaudhary,,25541983,"H-04478, Peoples Colony, Faisalabad",Peoples Colony,Faisalabad
PROP002054,Ali Syed,56860-5564466-8,Faysal Syed,1984-09-18,30650823,"H-04480, Madina Town, Faisalabad",Madina Town,Faisalabad
PROP002055,Muhammad Ali راجہ,69458-6761812-5,Mohammad Raja,,38359541,"H-04491, Gulshan-e-Iqbal, Karachi",Gulshan-e-Iqbal,Karachi
PROP002056,Ali Raja,69458-6761812-5,محمد Raja,1956-01-25,41285376,"H-04491, Gulshan-e-Iqbal, Karachi",Gulshan-e-Iqbal,Karachi
PROP002057,Bilal Sayyid,59069-8530043-2,Hamza Sayed,1978-07-05,68432773,"H-04492, DHA, Lahore",DHA,Lahore
PROP002058,بلال Sayyid,59069-8530043-2,Hamza Syed,1978-07-05,46296861,"H-04492, DHA, Lahore",DHA,Lahore
PROP002059,Mohammad Sheikh,51853-4000996-8,Muhammed Hassan Sheikh,1991-12-01,30258636,"H-04493, Malir, Karachi",Malir,Karachi
PROP002060,Muhammed علی Butt,76237-5746584-2,بلال بٹ,1996-09-20,3489487,"H-04496, Gulshan-e-Iqbal, Karachi",Gulshan-e-Iqbal,Karachi
PROP002061,حمزہ Awan,93043-5794514-6,Usman اعوان,1988-06-22,5519319,"H-04497, E-11, Islamabad",E-11,Islamabad
PROP002062,Faysal Raja,62233-6802768-2,علی Raja,1997-09-16,3657232,"H-04499, F-7, Islamabad",F-7,Islamabad
PROP002063,Muhammed Faisal Raja,62233-6802768-2,علی راجہ,1997-09-16,2950970,"H-04499, F-7, Islamabad",F-7,Islamabad
PROP002064,Ali خان,97120-6442637-7,Muhammad Imran خان,1973-07-06,11294896,"H-04503, F-7, Islamabad",F-7,Islamabad
PROP002065,Zaynab Malick,63721-1890293-1,Hamzah ملک,1955-12-12,14034667,"H-04506, E-11, Islamabad",E-11,Islamabad
PROP002066,Muhammed راجہ,99885-6285570-5,عثمان Raja,1983-11-16,31339309,"H-04510, E-11, Islamabad",E-11,Islamabad
PROP002067,Mohammed Raja,99885-6285570-5,Muhammed Osman Raja,1983-11-16,21222749,"H-04510, E-11, Islamabad",E-11,Islamabad
PROP002068,Muhammad راجہ,99885-6285570-5,Muhammed عثمان راجہ,1983-11-16,24128373,"H-04510, E-11, Islamabad",E-11,Islamabad
PROP002069,فاطمہ Shaikh,51371-9564350-4,Mohammed Osman شیخ,1982-03-16,21328074,"H-04513, Peoples Colony, Faisalabad",Peoples Colony,Faisalabad
PROP002070,Fatema Shaikh,51371-9564350-4,,,18725990,"H-04513, Peoples Colony, Faisalabad",Peoples Colony,Faisalabad
PROP002071,Bilal Sayyid,48917-8841184-8,Hassan Syed,1958-07-05,11290108,"H-04515, North Nazimabad, Karachi",North Nazimabad,Karachi
PROP002072,Muhammed بلال Syed,,Mohammad Hasan سید,1958-07-05,9719221,"H-04515, North Nazimabad, Karachi",North Nazimabad,Karachi
PROP002073,Muhammed Bilal Syed,48917-8841184-8,Hasan Sayed,1958-07-05,8019696,"H-04515, North Nazimabad, Karachi",North Nazimabad,Karachi
PROP002074,Ali راجہ,15620-3898378-7,Hussain Raja,,23490442,"H-04517, F-8, Islamabad",F-8,Islamabad
PROP002075,Muhammed Imran Quraishi,60237-9550140-4,Mohammed Quraishi,1975-05-27,25742471,"H-04519, Clifton, Karachi",Clifton,Karachi
PROP002076,Imran Quraishi,60237-9550140-4,Mohammad قریشی,1975-05-27,19861405,"H-04519, Clifton, Karachi",Clifton,Karachi
PROP002077,Mohammad Hussain Chaudhry,73059-4961440-0,Osman Chaudhary,,3988926,"H-04523, Satellite Town, Rawalpindi",Satellite Town,Rawalpindi
PROP002078,Muhammed Shaykh,89421-3593993-6,Muhammed Hussein Shaikh,1966-02-24,3793335,"H-04531, Saddar, Rawalpindi",Saddar,Rawalpindi
PROP002079,Muhammed بلال Moghul,91329-1044315-1,Faisal Moghul,1980-11-21,5592756,"H-04533, Bahria Town, Islamabad",Bahria Town,Islamabad
PROP002080,Faisal قریشی,79355-9864053-0,,1982-07-03,42469037,"H-04536, Saddar, Rawalpindi",Saddar,Rawalpindi
PROP002081,احمد بٹ,44545-8814591-5,فیصل Butt,,21269158,"H-04537, Bahria Town, Rawalpindi",Bahria Town,Rawalpindi
PROP002082,Faysal خان,52492-1977914-6,Mohammad Imran Khan,1988-11-24,2000000,"H-04538, Satellite Town, Rawalpindi",Satellite Town,Rawalpindi
PROP002083,Ayisha Shaykh,25875-8125573-0,Mohammad Hasan Shaikh,,5452303,"H-04539, Bahria Town, Rawalpindi",Bahria Town,Rawalpindi
PROP002084,Mohammed Syed,70688-2020050-5,Ali Syed,1972-02-22,65398542,"H-04540, Gulberg, Lahore",Gulberg,Lahore
PROP002085,Muhammad Sayed,70688-2010050-5,علی سید,1972-02-22,47079000,"H-04540, Gulberg, Lahore",Gulberg,Lahore
PROP002086,Mohammad Syed,70688-2020050-5,Ali سید,1972-02-22,66592067,"H-04540, Gulberg, Lahore",Gulberg,Lahore
PROP002087,ثناء چوہدری,91985-4158014-4,,,12403147,"H-04547, Madina Town, Faisalabad",Madina Town,Faisalabad
PROP002088,Fatimah Chaudhary,,Othman Ch.,1967-07-02,3841017,"H-04552, Saddar, Rawalpindi",Saddar,Rawalpindi
PROP002089,فیصل Quraishi,23150-2425117-8,Ali Quraishi,1990-10-05,24234285,"H-04555, Satellite Town, Rawalpindi",Satellite Town,Rawalpindi
PROP002090,Zainab راجہ,38753-7057339-8,Mohammed Hassan Raja,,23879019,"H-04556, Chaklala, Rawalpindi",Chaklala,Rawalpindi
PROP002091,زینب Raja,38753-7057339-8,حسن راجہ,1956-10-16,24810088,"H-04556, Chaklala, Rawalpindi",Chaklala,Rawalpindi
PROP002092,Muhammad علی Khan,54345-6756708-8,Hassan خان,,51784528,"H-04559, Bahria Town, Rawalpindi",Bahria Town,Rawalpindi
PROP002093,علی Khan,54345-6756708-8,Hasan خان,1958-01-07,66861534,"H-04559, Bahria Town, Rawalpindi",Bahria Town,Rawalpindi
PROP002094,علی خان,54345-6756708-8,حسن خان,1958-01-07,59691011,"H-04559, Bahria Town, Rawalpindi",Bahria Town,Rawalpindi
PROP002095,عمران Awan,92102-5120700-4,Hussein اعوان,,78544123,"H-04560, E-11, Islamabad",E-11,Islamabad
PROP002096,Muhammad Imran Awan,92102-5120700-4,,1994-02-24,93481150,"H-04560, E-11, Islamabad",E-11,Islamabad
PROP002097,Imran اعوان,92102-5120700-4,Hussein Awan,1994-02-24,95430623,"H-04560, E-11, Islamabad",E-11,Islamabad
PROP002098,Hasan Bhatti,41456-2433491-9,علی بٹ,1983-12-06,68535132,"H-04561, Jaranwala Road, Faisalabad",Jaranwala Road,Faisalabad
PROP002099,Mohammad Hasan Butt,41456-2433491-9,Ali بٹ,,42188595,"H-04561, Jaranwala Road, Faisalabad",Jaranwala Road,Faisalabad
PROP002100,Sana Chaudhary,75103-4152633-2,Imran چوہدری,1960-09-03,3585302,"H-04562, F-7, Islamabad",F-7,Islamabad
PROP002101,مریم Malik,39610-5772954-0,Ali Malick,1958-08-28,17399458,"H-04563, DHA, Karachi",DHA,Karachi
PROP002102,Usman اعوان,,,1995-09-01,13745576,"H-04564, F-7, Islamabad",F-7,Islamabad
PROP002103,Mohammed Othman Awan,,Muhammad Husain اعوان,1995-09-01,13353898,"H-04564, F-7, Islamabad",F-7,Islamabad
PROP002104,Faysal Shaykh,76965-4761948-3,Imran Sheikh,1963-12-13,10978657,"H-04569, Madina Town, Faisalabad",Madina Town,Faisalabad
PROP002105,Hamza چوہدری,44277-7755161-0,Osman چوہدری,1964-02-15,9910899,"H-04575, Peoples Colony, Faisalabad",Peoples Colony,Faisalabad
PROP002106,Mohammed احمد چوہدری,93648-6574564-8,حمزہ Chaudhry,1998-09-19,3357916,"H-04576, DHA, Lahore",DHA,Lahore
PROP002107,Muhammad Ahmed Choudhary,93648-6574564-8,Hamza Choudhary,1998-09-19,5728638,"H-04576, DHA, Lahore",DHA,Lahore
PROP002108,Hussein Chaudhary,91874-2320971-9,Hamzah Chaudhary,1974-08-01,19011058,"H-04579, G-10, Islamabad",G-10,Islamabad
PROP002109,Mohammed حسین Chaudhary,91874-2320971-9,Hamzah Chaudhry,1974-08-01,17485268,"H-04579, G-10, Islamabad",G-10,Islamabad
PROP002110,Fatema Butt,89541-7365892-2,,1997-08-02,23053006,"H-04582, North Nazimabad, Karachi",North Nazimabad,Karachi
PROP002111,فاطمہ بٹ,89541-7365892-2,عمران Bhatti,1997-08-02,24476286,"H-04582, North Nazimabad, Karachi",North Nazimabad,Karachi
PROP002112,Mohammad Hasan Choudhary,,,2002-10-03,10461159,"H-04587, G-10, Islamabad",G-10,Islamabad
PROP002113,حسن Chaudhary,86940-2258195-6,Husain Choudhary,2002-10-03,8833802,"H-04587, G-10, Islamabad",G-10,Islamabad
PROP002114,Bilal Syed,91961-9051117-7,Imran Sayyid,1995-02-27,63068725,"H-04590, Peoples Colony, Faisalabad",Peoples Colony,Faisalabad
PROP002115,Muhammad Bilal Sayyid,91961-9051117-7,Imran Sayyid,1995-02-27,56791977,"H-04590, Peoples Colony, Faisalabad",Peoples Colony,Faisalabad
PROP002116,بلال Syed,91961-9051117-7,Mohammed Imran Syed,,95588950,"H-04590, Peoples Colony, Faisalabad",Peoples Colony,Faisalabad
PROP002117,Muhammad حسین Moghul,,Mohammad Mughal,1982-03-28,3072175,"H-04597, Clifton, Karachi",Clifton,Karachi
PROP002118,Faisal شیخ,25196-7953088-7,فیصل Shaykh,1960-08-15,12375599,"H-04598, G-10, Islamabad",G-10,Islamabad
PROP002119,Faisal Shaykh,25196-7953088-7,,,10941990,"H-04598, G-10, Islamabad",G-10,Islamabad
PROP002120,Hassan Chaudhary,20789-7263627-3,عثمان Ch.,1982-03-23,30210010,"H-04600, F-8, Islamabad",F-8,Islamabad
PROP002121,Hassan Chaudhry,20789-7263627-6,عثمان چوہدری,1982-03-23,25290324,"H-04600, F-8, Islamabad",F-8,Islamabad
PROP002122,Hassan Chaudhary,20789-7263627-3,,,39690062,"H-04600, F-8, Islamabad",F-8,Islamabad
PROP002123,Imran Mughal,,Hussain مغل,1973-07-18,9816590,"H-04602, Madina Town, Faisalabad",Madina Town,Faisalabad
PROP002124,Imran Moghul,,Muhammad Husain مغل,1973-07-18,10852596,"H-04602, Madina Town, Faisalabad",Madina Town,Faisalabad
PROP002125,Fatimah Sayed,73990-2065574-3,Imran Syed,1982-11-10,16806293,"H-04603, Cantt, Lahore",Cantt,Lahore
PROP002126,Bilal Raja,54617-5217352-1,,1976-03-17,39385998,"H-04605, Clifton, Karachi",Clifton,Karachi
PROP002127,Ahmad Khan,86837-6025568-0,Bilal خان,1999-06-06,38275068,"H-04607, E-11, Islamabad",E-11,Islamabad
PROP002128,احمد Khan,86837-6025568-0,Bilal خان,1999-06-06,45522576,"H-04607, E-11, Islamabad",E-11,Islamabad
PROP002129,علی Bhatti,,Othman Bhatti,1962-10-19,24671936,"H-04608, G-10, Islamabad",G-10,Islamabad
PROP002130,Maryam قریشی,27863-3028143-5,Hamzah قریشی,1956-07-14,2371187,"H-04609, E-11, Islamabad",E-11,Islamabad
PROP002131,Mohammed Ahmed Sayed,13444-6045824-3,,,20999721,"H-04610, Gulberg, Lahore",Gulberg,Lahore
PROP002132,Muhammed Raja,56942-2413704-2,Ali راجہ,1996-09-14,26435475,"H-04619, F-7, Islamabad",F-7,Islamabad
PROP002133,Mohammed Raja,56942-2413704-2,علی Raja,,10330197,"H-04619, F-7, Islamabad",F-7,Islamabad
PROP002134,Muhammad Faisal Mughal,69862-5861273-9,حسین Mughal,1962-02-25,2911326,"H-04620, Jaranwala Road, Faisalabad",Jaranwala Road,Faisalabad
PROP002135,Hasan Sayyid,74008-5162496-7,Ali Syed,,7462548,"H-04621, Bahria Town, Islamabad",Bahria Town,Islamabad
PROP002136,فیصل Awan,65587-9224835-1,,1974-11-28,42165111,"H-04623, Jaranwala Road, Faisalabad",Jaranwala Road,Faisalabad
PROP002137,Faysal Awan,65887-9224835-1,Usman Awan,1974-11-28,61948754,"H-04623, Jaranwala Road, Faisalabad",Jaranwala Road,Faisalabad
PROP002138,Faysal Awan,65887-9224835-1,Usman اعوان,,71906927,"H-04623, Jaranwala Road, Faisalabad",Jaranwala Road,Faisalabad
PROP002139,محمد Chaudhry,38697-7737944-3,,1994-03-04,12012870,"H-04625, F-8, Islamabad",F-8,Islamabad
PROP002140,Ahmad راجہ,54302-5308216-9,Mohammad Ahmed Raja,1994-03-24,15859343,"H-04628, Jaranwala Road, Faisalabad",Jaranwala Road,Faisalabad
PROP002141,Muhammed Raja,19105-1561353-0,بلال Raja,1992-06-13,13317999,"H-04634, North Nazimabad, Karachi",North Nazimabad,Karachi
PROP002142,Mohammad Raja,19105-1561353-0,Muhammad Bilal Raja,1992-06-13,10745946,"H-04634, North Nazimabad, Karachi",North Nazimabad,Karachi
PROP002143,Muhammed Faisal راجہ,34991-2438808-6,حمزہ راجہ,1992-03-13,32159744,"H-04635, Gulberg, Lahore",Gulberg,Lahore
PROP002144,Muhammed Faysal Malick,58434-2643344-0,,1993-03-27,36968779,"H-04637, Satellite Town, Rawalpindi",Satellite Town,Rawalpindi
PROP002145,حمزہ Raja,65551-3157207-3,علی Raja,1975-06-17,41956318,"H-04641, Malir, Karachi",Malir,Karachi
PROP002146,Hamza Raja,,علی راجہ,1975-06-17,43610807,"H-04641, Malir, Karachi",Malir,Karachi
PROP002147,Hamza Raja,65551-3157207-3,Ali راجہ,1975-06-17,35524410,"H-04641, Malir, Karachi",Malir,Karachi
PROP002148,Mariam قریشی,34068-6680916-4,Hussein قریشی,,16678306,"H-04644, Saddar, Rawalpindi",Saddar,Rawalpindi
PROP002149,Ahmed مغل,43327-1299269-1,Mohammad حسین Moghul,1956-12-19,9317815,"H-04645, Saddar, Rawalpindi",Saddar,Rawalpindi
PROP002150,Muhammed Ahmad Moghul,43327-1299269-1,Hussain Mughal,1956-12-19,9636531,"H-04645, Saddar, Rawalpindi",Saddar,Rawalpindi
PROP002151,Ali Sayyid,53970-5361378-2,,1955-02-22,70890672,"H-04652, Clifton, Karachi",Clifton,Karachi
PROP002152,علی Syed,53970-5361278-2,Hamzah Sayyid,1955-02-22,75944364,"H-04652, Clifton, Karachi",Clifton,Karachi
PROP002153,علی Syed,53970-5361378-2,Hamza Syed,1955-02-22,66333901,"H-04652, Clifton, Karachi",Clifton,Karachi
PROP002154,Bilal Sayyid,37425-1790971-3,Muhammed Ali سید,1965-02-14,9445186,"H-04657, Cantt, Lahore",Cantt,Lahore
PROP002155,حمزہ خان,30439-2403922-5,,1986-05-26,4427454,"H-04658, North Nazimabad, Karachi",North Nazimabad,Karachi
PROP002156,حمزہ ملک,39904-6118228-5,Hamza Malick,,6368858,"H-04661, DHA, Lahore",DHA,Lahore
PROP002157,Zainab Sayyid,32638-4492856-0,Mohammed سید,1963-03-10,87853513,"H-04662, Bahria Town, Islamabad",Bahria Town,Islamabad
PROP002158,Zaynab Sayed,32638-4492856-0,Mohammad Syed,1963-03-10,138504409,"H-04662, Bahria Town, Islamabad",Bahria Town,Islamabad
PROP002159,Zaynab سید,,محمد Sayed,1963-03-10,86025149,"H-04662, Bahria Town, Islamabad",Bahria Town,Islamabad
PROP002160,Zaynab Butt,56203-3754738-8,Muhammed Faysal بٹ,1961-05-14,2000000,"H-04670, Cantt, Lahore",Cantt,Lahore
PROP002161,Zainab بٹ,56203-3054738-8,Faysal Bhatti,1961-05-14,2000000,"H-04670, Cantt, Lahore",Cantt,Lahore
PROP002162,Muhammad عمران Bhatti,97143-7628349-9,Husain Bhatti,1974-06-03,7399245,"H-04673, Peoples Colony, Faisalabad",Peoples Colony,Faisalabad
PROP002163,Imran Bhatti,,Hussein Butt,1974-06-03,6973416,"H-04673, Peoples Colony, Faisalabad",Peoples Colony,Faisalabad
PROP002164,Muhammad فیصل ملک,96415-4192759-8,علی Malick,1988-11-19,10264827,"H-04678, Madina Town, Faisalabad",Madina Town,Faisalabad
PROP002165,Othman Malik,64330-3233254-7,,1976-07-25,13882200,"H-04680, Gulshan-e-Iqbal, Karachi",Gulshan-e-Iqbal,Karachi
PROP002166,عثمان ملک,,Mohammad عمران Malik,1976-07-25,17405866,"H-04680, Gulshan-e-Iqbal, Karachi",Gulshan-e-Iqbal,Karachi
PROP002167,محمد Moghul,29862-1664080-2,Hussein Moghul,,40078568,"H-04685, Gulberg, Lahore",Gulberg,Lahore
PROP002168,Mohammed Ch.,77504-3944164-2,احمد Chaudhry,1959-10-24,2000000,"H-04690, Gulshan-e-Iqbal, Karachi",Gulshan-e-Iqbal,Karachi
PROP002169,Fatimah Shaykh,46952-4343740-9,علی Shaykh,2001-09-21,3782365,"H-04693, Jaranwala Road, Faisalabad",Jaranwala Road,Faisalabad
PROP002170,Marium مغل,,فیصل مغل,1965-03-19,12054109,"H-04700, F-7, Islamabad",F-7,Islamabad
PROP002171,Ahmad Awan,43843-2564372-5,Mohammad Hamza اعوان,1991-07-04,18070261,"H-04708, E-11, Islamabad",E-11,Islamabad
PROP002172,Ahmed اعوان,43843-2564372-5,Hamzah اعوان,1991-07-04,11550739,"H-04708, E-11, Islamabad",E-11,Islamabad
PROP002173,Muhammad Ahmad اعوان,43843-2564372-5,Hamza اعوان,1991-07-04,15355407,"H-04708, E-11, Islamabad",E-11,Islamabad
PROP002174,Muhammed علی Ch.,34392-2136461-2,Mohammad حسین Chaudhary,1975-12-18,23634028,"H-04709, Madina Town, Faisalabad",Madina Town,Faisalabad
PROP002175,حرا خان,75280-1724774-9,Ali Khan,,42008990,"H-04710, Madina Town, Faisalabad",Madina Town,Faisalabad
PROP002176,Hira Khan,75280-1724774-9,علی Khan,1984-09-21,38174097,"H-04710, Madina Town, Faisalabad",Madina Town,Faisalabad
PROP002177,بلال بٹ,45980-3994127-4,Hamza بٹ,1958-03-13,5254347,"H-04711, Model Town, Lahore",Model Town,Lahore
PROP002178,Othman بٹ,67196-3207793-0,حمزہ Butt,1999-03-19,4069864,"H-04712, Satellite Town, Rawalpindi",Satellite Town,Rawalpindi
PROP002179,Faysal Awan,65213-9081959-8,Ali اعوان,1995-05-14,2525512,"H-04718, Madina Town, Faisalabad",Madina Town,Faisalabad
PROP002180,Ali Chaudhary,33128-9424042-4,بلال چوہدری,2003-07-04,23639208,"H-04722, Gulberg, Lahore",Gulberg,Lahore
PROP002181,Ali Ch.,33128-9424046-4,,,17938183,"H-04722, Gulberg, Lahore",Gulberg,Lahore
PROP002182,Fatema Khan,43169-9642115-5,Mohammed خان,1988-04-26,11365863,"H-04726, Johar Town, Lahore",Johar Town,Lahore
PROP002183,Fatema خان,,Muhammad Khan,1988-04-26,7543410,"H-04726, Johar Town, Lahore",Johar Town,Lahore
PROP002184,Maryam Qureshi,86226-9704181-7,Muhammed Hamza Quraishi,1960-12-24,6439650,"H-04728, Peoples Colony, Faisalabad",Peoples Colony,Faisalabad
PROP002185,Mohammed Syed,48940-5369153-9,فیصل Sayyid,1987-10-02,9691884,"H-04734, Chaklala, Rawalpindi",Chaklala,Rawalpindi
PROP002186,احمد قریشی,67717-3940815-5,,1984-04-01,8732775,"H-04743, F-8, Islamabad",F-8,Islamabad
PROP002187,Fatima Awan,,Mohammad بلال Awan,,8861579,"H-04747, Satellite Town, Rawalpindi",Satellite Town,Rawalpindi
PROP002188,Bilal قریشی,17985-7391873-8,حسن Quraishi,1971-12-21,10162580,"H-04748, Chaklala, Rawalpindi",Chaklala,Rawalpindi
PROP002189,Mariam Ch.,,Mohammad Chaudhry,1989-02-03,49564236,"H-04750, Saddar, Rawalpindi",Saddar,Rawalpindi
PROP002190,Marium Chaudhary,52681-5050576-9,Muhammad چوہدری,1989-02-03,71138967,"H-04750, Saddar, Rawalpindi",Saddar,Rawalpindi
PROP002191,Mariam چوہدری,,Muhammed Ch.,1989-02-03,37105699,"H-04750, Saddar, Rawalpindi",Saddar,Rawalpindi
PROP002192,Hussain بٹ,19938-8683755-4,Mohammed بٹ,1981-07-18,5830360,"H-04754, Satellite Town, Rawalpindi",Satellite Town,Rawalpindi
PROP002193,Husain Butt,19938-8643755-4,Muhammad بٹ,1981-07-18,2979388,"H-04754, Satellite Town, Rawalpindi",Satellite Town,Rawalpindi
PROP002194,Muhammed Husain Chaudhry,80924-4080253-8,Husain Ch.,1956-12-04,7985230,"H-04759, Bahria Town, Rawalpindi",Bahria Town,Rawalpindi
PROP002195,Husain چوہدری,80924-4080253-8,Muhammad Hussein Ch.,1956-12-04,11301565,"H-04759, Bahria Town, Rawalpindi",Bahria Town,Rawalpindi
PROP002196,Muhammed خان,34405-1781279-9,Muhammad Ahmad Khan,1989-03-17,6729461,"H-04760, F-8, Islamabad",F-8,Islamabad
PROP002197,Mohammed خان,34405-1781279-9,Mohammed Ahmed خان,1989-03-17,6210487,"H-04760, F-8, Islamabad",F-8,Islamabad
PROP002198,Mohammad خان,34405-1781279-9,احمد Khan,1989-03-17,5980044,"H-04760, F-8, Islamabad",F-8,Islamabad
PROP002199,محمد Moghul,72334-0877311-1,Hassan مغل,1986-07-22,7370081,"H-04762, Madina Town, Faisalabad",Madina Town,Faisalabad
PROP002200,Hamza شیخ,24596-9380781-6,Hussein شیخ,1989-01-07,34821406,"H-04771, Cantt, Lahore",Cantt,Lahore
PROP002201,حمزہ Shaikh,,Hussain Shaikh,1989-01-07,24515259,"H-04771, Cantt, Lahore",Cantt,Lahore
PROP002202,حمزہ Shaikh,24596-9380781-6,Mohammed Hussain شیخ,1989-01-07,25857653,"H-04771, Cantt, Lahore",Cantt,Lahore
PROP002203,Mohammed عمران بٹ,,Ali Butt,1963-09-08,61148592,"H-04773, Peoples Colony, Faisalabad",Peoples Colony,Faisalabad
PROP002204,Muhammad عمران بٹ,19298-5551462-9,Muhammad Ali بٹ,1963-09-08,98396898,"H-04773, Peoples Colony, Faisalabad",Peoples Colony,Faisalabad
PROP002205,عمران بٹ,19298-5551462-9,,1963-09-08,72907658,"H-04773, Peoples Colony, Faisalabad",Peoples Colony,Faisalabad
PROP002206,Mohammad علی شیخ,56728-2074424-1,Mohammed Hamzah Shaikh,1974-09-21,5669909,"H-04774, Madina Town, Faisalabad",Madina Town,Faisalabad
PROP002207,Hira Sayed,,Mohammed Ahmad سید,1961-10-18,10267440,"H-04779, Jaranwala Road, Faisalabad",Jaranwala Road,Faisalabad
PROP002208,Zaynab Butt,33683-2406837-7,Muhammad حمزہ Butt,1987-06-10,12598462,"H-04780, Bahria Town, Rawalpindi",Bahria Town,Rawalpindi
PROP002209,Imran Khan,69060-3507771-0,Muhammed Khan,1990-06-09,26431566,"H-04784, F-8, Islamabad",F-8,Islamabad
PROP002210,Imran خان,69060-3507771-0,محمد Khan,1990-06-09,15364514,"H-04784, F-8, Islamabad",F-8,Islamabad
PROP002211,Hira بٹ,,Faisal Bhatti,1967-03-08,17615784,"H-04785, Saddar, Rawalpindi",Saddar,Rawalpindi
PROP002212,Hira Butt,62392-7741622-4,فیصل Bhatti,1967-03-08,9599459,"H-04785, Saddar, Rawalpindi",Saddar,Rawalpindi
PROP002213,محمد مغل,29877-2382855-0,محمد Moghul,1956-04-06,9884267,"H-04788, DHA, Karachi",DHA,Karachi
PROP002214,بلال Shaykh,64262-6799652-0,Mohammad علی شیخ,2001-10-25,5845918,"H-04790, Satellite Town, Rawalpindi",Satellite Town,Rawalpindi
PROP002215,محمد Malik,85221-2953385-5,Hasan ملک,1978-04-15,12750507,"H-04791, Gulberg, Lahore",Gulberg,Lahore
PROP002216,Hira Sayyid,,Faisal سید,2000-08-22,32993878,"H-04797, Jaranwala Road, Faisalabad",Jaranwala Road,Faisalabad
PROP002217,Hira Sayyid,85719-4137519-3,,2000-08-22,25942116,"H-04797, Jaranwala Road, Faisalabad",Jaranwala Road,Faisalabad
PROP002218,Hira Syed,85719-4137519-3,Faysal Syed,,18881358,"H-04797, Jaranwala Road, Faisalabad",Jaranwala Road,Faisalabad
PROP002219,Ahmed Shaykh,97922-2358013-4,Faisal Shaikh,,16466722,"H-04799, North Nazimabad, Karachi",North Nazimabad,Karachi
PROP002220,Ahmad Shaykh,97922-2358013-4,,2000-10-12,24311143,"H-04799, North Nazimabad, Karachi",North Nazimabad,Karachi
PROP002221,Muhammad Hassan راجہ,52824-5951639-1,,1975-12-06,4327027,"H-04811, North Nazimabad, Karachi",North Nazimabad,Karachi
PROP002222,Mohammed علی Chaudhary,45993-8551041-1,Husain Ch.,1966-12-01,22893883,"H-04817, Madina Town, Faisalabad",Madina Town,Faisalabad
PROP002223,علی Ch.,45993-8551041-1,Mohammed Hussein چوہدری,1966-12-01,17575490,"H-04817, Madina Town, Faisalabad",Madina Town,Faisalabad
PROP002224,Ali چوہدری,45993-8551041-1,,1966-12-01,10976435,"H-04817, Madina Town, Faisalabad",Madina Town,Faisalabad
PROP002225,Hamza Awan,18178-8288489-5,Imran Awan,1977-09-05,36088170,"H-04820, Bahria Town, Rawalpindi",Bahria Town,Rawalpindi
PROP002226,Muhammed حمزہ اعوان,18178-8288489-5,,1977-09-05,32834137,"H-04820, Bahria Town, Rawalpindi",Bahria Town,Rawalpindi
PROP002227,Mohammed Hamza اعوان,28178-8288489-5,Imran اعوان,1977-09-05,57241865,"H-04820, Bahria Town, Rawalpindi",Bahria Town,Rawalpindi
PROP002228,Mohammad Faisal خان,13091-6315761-6,احمد خان,1961-12-12,7727234,"H-04823, Chaklala, Rawalpindi",Chaklala,Rawalpindi
PROP002229,Faysal خان,13091-6315761-6,Ahmed Khan,1961-12-12,12610634,"H-04823, Chaklala, Rawalpindi",Chaklala,Rawalpindi
PROP002230,Muhammed اعوان,91997-3057272-8,,1980-10-28,7635164,"H-04824, Bahria Town, Islamabad",Bahria Town,Islamabad
PROP002231,محمد اعوان,91997-3057272-8,Imran اعوان,1980-10-28,11314890,"H-04824, Bahria Town, Islamabad",Bahria Town,Islamabad
PROP002232,Hira ملک,,,1978-10-27,44624327,"H-04829, Malir, Karachi",Malir,Karachi
PROP002233,Hira Malik,42298-3114044-5,Hamza Malik,1978-10-27,37932587,"H-04829, Malir, Karachi",Malir,Karachi
PROP002234,حرا Malik,42298-3111044-5,حمزہ Malick,1978-10-27,45174383,"H-04829, Malir, Karachi",Malir,Karachi
PROP002235,حمزہ Sheikh,94676-5694902-6,حسن Shaikh,1959-02-17,5133543,"H-04831, DHA, Karachi",DHA,Karachi
PROP002236,Ali Qureshi,45333-4108792-3,Mohammed Hamzah Quraishi,1970-06-07,4532959,"H-04841, Chaklala, Rawalpindi",Chaklala,Rawalpindi
PROP002237,Hasan اعوان,,عثمان Awan,1963-03-06,9045848,"H-04844, Gulshan-e-Iqbal, Karachi",Gulshan-e-Iqbal,Karachi
PROP002238,حسن Shaikh,75273-9343712-3,Hamza Shaykh,1975-10-10,19987536,"H-04849, Peoples Colony, Faisalabad",Peoples Colony,Faisalabad
PROP002239,Mohammed Hussein Moghul,98418-5373061-0,Bilal Moghul,1978-11-09,16199939,"H-04852, DHA, Karachi",DHA,Karachi
PROP002240,Mohammad علی Sayyid,88270-1294616-7,عثمان سید,1969-06-04,2392193,"H-04853, Chaklala, Rawalpindi",Chaklala,Rawalpindi
PROP002241,Mohammed Bilal شیخ,,Usman شیخ,1982-06-04,20920840,"H-04854, Madina Town, Faisalabad",Madina Town,Faisalabad
PROP002242,Ahmed قریشی,82889-8756150-4,Mohammed Quraishi,,7149125,"H-04861, Cantt, Lahore",Cantt,Lahore
PROP002243,محمد Khan,33518-5281844-6,,2003-02-28,71054425,"H-04865, Bahria Town, Islamabad",Bahria Town,Islamabad
PROP002244,Mohammad Khan,33518-5281844-6,,2003-02-28,73227050,"H-04865, Bahria Town, Islamabad",Bahria Town,Islamabad
PROP002245,Mohammad Khan,33518-5281844-6,Mohammed Khan,2003-02-28,90535149,"H-04865, Bahria Town, Islamabad",Bahria Town,Islamabad
PROP002246,Mohammed حسین Mughal,93848-8676530-2,Bilal مغل,1969-02-21,12256247,"H-04866, Jaranwala Road, Faisalabad",Jaranwala Road,Faisalabad
PROP002247,Hussein مغل,13848-8676730-2,Mohammed بلال Moghul,1969-02-21,18701534,"H-04866, Jaranwala Road, Faisalabad",Jaranwala Road,Faisalabad
PROP002248,Imran Syed,16918-5505598-2,فیصل Sayed,,37470078,"H-04867, Satellite Town, Rawalpindi",Satellite Town,Rawalpindi
PROP002249,Muhammad Imran Syed,,Faisal Sayyid,1977-11-15,48712740,"H-04867, Satellite Town, Rawalpindi",Satellite Town,Rawalpindi
PROP002250,عمران Syed,16918-5505598-2,فیصل سید,1977-11-15,44616036,"H-04867, Satellite Town, Rawalpindi",Satellite Town,Rawalpindi
PROP002251,عثمان Bhatti,75502-3511735-8,Ali Butt,1969-06-19,38270441,"H-04868, Malir, Karachi",Malir,Karachi
PROP002252,Mohammad بلال ملک,85149-5689965-8,Hassan Malick,1987-11-12,7388481,"H-04873, E-11, Islamabad",E-11,Islamabad
PROP002253,Maryam راجہ,64219-8625580-7,عمران Raja,1993-06-08,27955637,"H-04874, Bahria Town, Islamabad",Bahria Town,Islamabad
PROP002254,Maryam راجہ,64219-8655580-7,Imran راجہ,1993-06-08,22308337,"H-04874, Bahria Town, Islamabad",Bahria Town,Islamabad
PROP002255,Marium Raja,64219-8625580-7,عمران Raja,1993-06-08,28531404,"H-04874, Bahria Town, Islamabad",Bahria Town,Islamabad
PROP002256,Muhammed Hamza خان,40375-4370276-5,,1999-10-26,13217264,"H-04881, Clifton, Karachi",Clifton,Karachi
PROP002257,Hira Awan,10896-2355718-2,Faisal اعوان,1963-10-27,22131577,"H-04882, Bahria Town, Islamabad",Bahria Town,Islamabad
PROP002258,Hira اعوان,10896-2355718-2,Faysal Awan,1963-10-27,25379176,"H-04882, Bahria Town, Islamabad",Bahria Town,Islamabad
PROP002259,Muhammed Imran Butt,15679-3608436-3,Faysal Butt,1963-09-22,2943377,"H-04893, Satellite Town, Rawalpindi",Satellite Town,Rawalpindi
PROP002260,Zaynab Shaikh,31110-3775009-8,Hussain Shaikh,1973-02-08,45612715,"H-04903, Bahria Town, Rawalpindi",Bahria Town,Rawalpindi
PROP002261,Muhammad Othman Khan,71400-6204442-1,Othman Khan,1985-01-17,26950396,"H-04905, Bahria Town, Rawalpindi",Bahria Town,Rawalpindi
PROP002262,Faysal ملک,29822-6157228-5,عثمان ملک,,2164650,"H-04907, Jaranwala Road, Faisalabad",Jaranwala Road,Faisalabad
PROP002263,عمران Sayyid,96620-3660245-4,محمد Syed,1996-11-02,69157583,"H-04917, Clifton, Karachi",Clifton,Karachi
PROP002264,عمران Sayed,96620-3660245-4,,,64375358,"H-04917, Clifton, Karachi",Clifton,Karachi
PROP002265,Imran Sayed,96620-3660245-4,Muhammed Sayed,1996-11-02,60631398,"H-04917, Clifton, Karachi",Clifton,Karachi
PROP002266,حمزہ قریشی,79866-4826678-5,Muhammad Qureshi,1995-01-06,8524050,"H-04918, Madina Town, Faisalabad",Madina Town,Faisalabad
PROP002267,Muhammad علی Sayed,24489-6059624-9,Ali Sayyid,1989-12-17,11012392,"H-04920, F-8, Islamabad",F-8,Islamabad
PROP002268,Ali Sayed,,Muhammad Ali Syed,1989-12-17,10480699,"H-04920, F-8, Islamabad",F-8,Islamabad
PROP002269,Imran Raja,61661-2345254-3,Mohammad حمزہ Raja,1996-02-19,14497106,"H-04928, Madina Town, Faisalabad",Madina Town,Faisalabad
PROP002270,علی ملک,41977-1889811-7,Muhammad ملک,1996-01-20,12854722,"H-04941, E-11, Islamabad",E-11,Islamabad
PROP002271,احمد اعوان,87294-5646615-1,Hussain اعوان,1971-08-16,51928344,"H-04948, Chaklala, Rawalpindi",Chaklala,Rawalpindi
PROP002272,Ahmed Awan,87294-5646615-1,Muhammed Hussein اعوان,1971-08-16,32827882,"H-04948, Chaklala, Rawalpindi",Chaklala,Rawalpindi
PROP002273,احمد اعوان,17294-5646615-1,Muhammad Hussein Awan,1971-08-16,33998253,"H-04948, Chaklala, Rawalpindi",Chaklala,Rawalpindi
PROP002274,حمزہ Qureshi,94629-3198758-0,Hamza Quraishi,1993-01-16,30293811,"H-04958, Cantt, Lahore",Cantt,Lahore
PROP002275,Muhammed Hamzah Quraishi,,حمزہ قریشی,1993-01-16,19494753,"H-04958, Cantt, Lahore",Cantt,Lahore
PROP002276,بلال Sayyid,74240-4897397-1,Mohammed Sayyid,1956-02-15,4625450,"H-04966, Madina Town, Faisalabad",Madina Town,Faisalabad
PROP002277,علی Butt,34371-2822168-2,Muhammed بٹ,1965-06-09,30360198,"H-04969, E-11, Islamabad",E-11,Islamabad
PROP002278,عمران Khan,21848-5298152-3,علی Khan,1996-12-14,4038698,"H-04979, Gulshan-e-Iqbal, Karachi",Gulshan-e-Iqbal,Karachi
PROP002279,Hussein Malick,27472-4443410-2,,1957-12-28,38694351,"H-04980, Gulshan-e-Iqbal, Karachi",Gulshan-e-Iqbal,Karachi
PROP002280,Mohammad حسین Malick,,Mohammad ملک,1957-12-28,26634399,"H-04980, Gulshan-e-Iqbal, Karachi",Gulshan-e-Iqbal,Karachi
PROP002281,Muhammed حسین ملک,27472-4443410-2,Mohammad Malick,1957-12-28,44295800,"H-04980, Gulshan-e-Iqbal, Karachi",Gulshan-e-Iqbal,Karachi
PROP002282,Zainab راجہ,34900-4744654-4,Mohammed Imran راجہ,1986-09-03,7956514,"H-04981, Bahria Town, Rawalpindi",Bahria Town,Rawalpindi
PROP002283,Ali ملک,67404-5742221-6,Hamzah Malik,1975-08-08,23786706,"H-04982, Gulshan-e-Iqbal, Karachi",Gulshan-e-Iqbal,Karachi
PROP002284,علی Malik,,Hamzah ملک,1975-08-08,23116518,"H-04982, Gulshan-e-Iqbal, Karachi",Gulshan-e-Iqbal,Karachi
PROP002285,Ahmad Quraishi,69820-4185715-1,علی Qureshi,1972-04-05,11480211,"H-04983, Saddar, Rawalpindi",Saddar,Rawalpindi
PROP002286,Muhammed Ahmed قریشی,,علی Quraishi,1972-04-05,6093990,"H-04983, Saddar, Rawalpindi",Saddar,Rawalpindi
PROP002287,بلال Raja,68844-3618063-7,Muhammad حسن راجہ,1972-01-13,5948002,"H-04985, F-7, Islamabad",F-7,Islamabad
PROP002288,Ayisha بٹ,38387-9627892-6,Mohammed Butt,1986-03-20,2000000,"H-04988, F-7, Islamabad",F-7,Islamabad
PROP002289,Mohammad فیصل Shaykh,78113-2125855-0,Husain Shaikh,1965-04-18,11172288,"H-04994, Jaranwala Road, Faisalabad",Jaranwala Road,Faisalabad
PROP002290,Muhammad فیصل راجہ,10144-7637180-0,علی Raja,1979-10-25,57173663,"H-04997, G-10, Islamabad",G-10,Islamabad
PROP002291,Faysal راجہ,80144-7637180-0,علی راجہ,1979-10-25,31066278,"H-04997, G-10, Islamabad",G-10,Islamabad
PROP002292,Muhammed فیصل راجہ,10144-7637180-0,Ali Raja,1979-10-25,33861011,"H-04997, G-10, Islamabad",G-10,Islamabad
PROP002293,Muhammad Faisal Bhatti,99072-3227186-1,Faysal بٹ,1988-10-20,28109662,"H-04998, Gulshan-e-Iqbal, Karachi",Gulshan-e-Iqbal,Karachi
PROP002294,Faysal Butt,99072-3227586-1,Faisal بٹ,1988-10-20,28307495,"H-04998, Gulshan-e-Iqbal, Karachi",Gulshan-e-Iqbal,Karachi
PROP002295,Ahmad Quraishi,50637-9658054-5,,1964-11-10,18401787,"H-05003, G-10, Islamabad",G-10,Islamabad
PROP002296,Mohammed Bhatti,,Muhammed Butt,1973-05-01,18478294,"H-05006, Clifton, Karachi",Clifton,Karachi
PROP002297,Hamza Choudhary,44935-7541975-7,عمران Choudhary,1969-02-10,36091392,"H-05011, Madina Town, Faisalabad",Madina Town,Faisalabad
PROP002298,Muhammed حمزہ Chaudhary,44935-7541975-7,عمران Ch.,1969-02-10,38293769,"H-05011, Madina Town, Faisalabad",Madina Town,Faisalabad
PROP002299,Mohammed Hamzah Choudhary,44935-7541975-7,عمران چوہدری,1969-02-10,33133519,"H-05011, Madina Town, Faisalabad",Madina Town,Faisalabad
PROP002300,بلال Khan,87194-3508613-7,حسین خان,1978-01-12,18304254,"H-05015, E-11, Islamabad",E-11,Islamabad
PROP002301,Muhammed بلال Khan,87134-3509613-7,,1978-01-12,21311509,"H-05015, E-11, Islamabad",E-11,Islamabad
PROP002302,علی راجہ,23891-3241880-8,,,2000000,"H-05022, Satellite Town, Rawalpindi",Satellite Town,Rawalpindi
PROP002303,Ali اعوان,21830-1179312-4,Mohammed اعوان,1990-07-16,40698051,"H-05024, E-11, Islamabad",E-11,Islamabad
PROP002304,Ali اعوان,21830-1179812-4,Mohammad Awan,1990-07-16,38374322,"H-05024, E-11, Islamabad",E-11,Islamabad
PROP002305,Ali Awan,21830-1179312-4,Mohammed Awan,,50468299,"H-05024, E-11, Islamabad",E-11,Islamabad
PROP002306,Hamza Raja,70892-9111150-0,,1981-10-13,44606144,"H-05027, Chaklala, Rawalpindi",Chaklala,Rawalpindi
PROP002307,Hassan Moghul,54155-9833288-8,Hassan مغل,1965-03-12,49503610,"H-05032, Madina Town, Faisalabad",Madina Town,Faisalabad
PROP002308,Husain Mughal,61623-6869740-6,,1997-02-27,2000000,"H-05034, Jaranwala Road, Faisalabad",Jaranwala Road,Faisalabad
PROP002309,Husain Mughal,61623-6869740-6,Faysal Mughal,1997-02-27,2000000,"H-05034, Jaranwala Road, Faisalabad",Jaranwala Road,Faisalabad
PROP002310,Hamzah Raja,59920-2609428-4,Muhammad حمزہ Raja,1969-01-15,8688352,"H-05039, Cantt, Lahore",Cantt,Lahore
PROP002311,Muhammad Hamzah Raja,59920-2609428-4,Hamza Raja,1969-01-15,8867857,"H-05039, Cantt, Lahore",Cantt,Lahore
PROP002312,Bilal قریشی,72287-5901551-5,Muhammed Bilal Qureshi,1975-09-19,57968013,"H-05041, DHA, Lahore",DHA,Lahore
PROP002313,Bilal قریشی,72287-5901551-5,بلال قریشی,,91948438,"H-05041, DHA, Lahore",DHA,Lahore
PROP002314,حرا Shaikh,,,1996-01-05,8079943,"H-05044, Madina Town, Faisalabad",Madina Town,Faisalabad
PROP002315,حرا Shaikh,55058-8120070-1,Hassan Sheikh,,7929385,"H-05044, Madina Town, Faisalabad",Madina Town,Faisalabad
PROP002316,حمزہ سید,21833-7615119-9,Mohammed حسین سید,1993-08-07,5380311,"H-05045, Cantt, Lahore",Cantt,Lahore
PROP002317,Hamza Sayyid,21833-7625119-9,حسین Sayed,,9888357,"H-05045, Cantt, Lahore",Cantt,Lahore
PROP002318,Zaynab Chaudhary,86145-8252205-1,,1995-10-15,8918835,"H-05047, F-7, Islamabad",F-7,Islamabad
PROP002319,فاطمہ Sayed,91348-8041260-7,Muhammad Ali Sayyid,1984-09-23,39306743,"H-05049, Peoples Colony, Faisalabad",Peoples Colony,Faisalabad
PROP002320,Fatima Sayyid,91348-8041260-7,Muhammad Ali Syed,1984-09-23,42981013,"H-05049, Peoples Colony, Faisalabad",Peoples Colony,Faisalabad
PROP002321,Fatima Sayed,91348-8041260-7,علی Syed,1984-09-23,42203667,"H-05049, Peoples Colony, Faisalabad",Peoples Colony,Faisalabad
PROP002322,علی خان,71961-8528697-2,Bilal خان,1984-02-12,27989345,"H-05051, Malir, Karachi",Malir,Karachi
PROP002323,Hassan خان,,Mohammed عمران خان,1980-09-28,9035184,"H-05054, Gulshan-e-Iqbal, Karachi",Gulshan-e-Iqbal,Karachi
PROP002324,Fatima Malik,46776-8198364-6,عمران ملک,1985-11-26,6261804,"H-05057, Saddar, Rawalpindi",Saddar,Rawalpindi
PROP002325,حرا Khan,25006-4764411-8,عمران خان,1968-11-02,4151621,"H-05066, F-7, Islamabad",F-7,Islamabad
PROP002326,Othman راجہ,97215-8887210-2,فیصل Raja,1960-10-08,23199630,"H-05067, Malir, Karachi",Malir,Karachi
PROP002327,Zainab Sayed,34348-5607228-1,Ali سید,1987-07-11,2000000,"H-05069, Bahria Town, Rawalpindi",Bahria Town,Rawalpindi
PROP002328,Hussein Chaudhary,,,1976-04-03,27003771,"H-05081, North Nazimabad, Karachi",North Nazimabad,Karachi
PROP002329,Hussein Chaudhary,41165-9991149-4,,1976-04-03,21878899,"H-05081, North Nazimabad, Karachi",North Nazimabad,Karachi
PROP002330,Maryam ملک,49668-3360627-3,,1985-11-13,7072167,"H-05083, DHA, Lahore",DHA,Lahore
PROP002331,حرا Bhatti,98162-6622406-1,Muhammad Faisal بٹ,1977-05-09,16461016,"H-05086, Bahria Town, Islamabad",Bahria Town,Islamabad
PROP002332,Mohammad Hamzah خان,54720-2946018-9,,,2000000,"H-05093, G-10, Islamabad",G-10,Islamabad
PROP002333,Marium Malick,,Hamzah Malik,1967-12-19,10476314,"H-05095, Madina Town, Faisalabad",Madina Town,Faisalabad
PROP002334,Mohammad Ahmad Choudhary,19067-7853022-9,Usman Ch.,1972-04-05,53882735,"H-05097, Gulberg, Lahore",Gulberg,Lahore
PROP002335,Hira مغل,,,2001-04-26,2997123,"H-05100, Chaklala, Rawalpindi",Chaklala,Rawalpindi
PROP002336,Fatima Shaikh,50993-6949692-6,Muhammad Hassan Shaykh,1969-07-14,21914650,"H-05108, Cantt, Lahore",Cantt,Lahore
PROP002337,Fatimah شیخ,50893-6949692-6,Muhammad حسن Shaykh,1969-07-14,18217387,"H-05108, Cantt, Lahore",Cantt,Lahore
PROP002338,فاطمہ شیخ,50993-6949692-6,,,20152449,"H-05108, Cantt, Lahore",Cantt,Lahore
PROP002339,فاطمہ اعوان,38784-1165427-0,Muhammed حسن اعوان,2001-01-09,43204734,"H-05113, Gulberg, Lahore",Gulberg,Lahore
PROP002340,Fatimah Choudhary,57968-5151546-0,,1963-11-17,25796200,"H-05114, F-8, Islamabad",F-8,Islamabad
PROP002341,Muhammad Khan,27833-6770624-2,Mohammad خان,,17419100,"H-05115, DHA, Karachi",DHA,Karachi
PROP002342,Muhammed خان,27833-6770624-2,محمد Khan,1986-11-24,16578741,"H-05115, DHA, Karachi",DHA,Karachi
PROP002343,فیصل Khan,94729-3585930-6,Muhammed Ahmed خان,1993-04-12,43758522,"H-05119, Madina Town, Faisalabad",Madina Town,Faisalabad
PROP002344,فیصل خان,,Ahmed خان,1993-04-12,47277371,"H-05119, Madina Town, Faisalabad",Madina Town,Faisalabad
PROP002345,عمران Butt,45499-5565672-9,Osman بٹ,1979-12-23,11086667,"H-05121, Chaklala, Rawalpindi",Chaklala,Rawalpindi
PROP002346,عمران Butt,45499-5565672-9,Mohammed Othman Bhatti,1979-12-23,13977607,"H-05121, Chaklala, Rawalpindi",Chaklala,Rawalpindi
PROP002347,عمران Bhatti,45499-5565672-9,Mohammed Osman بٹ,1979-12-23,14795372,"H-05121, Chaklala, Rawalpindi",Chaklala,Rawalpindi
PROP002348,فیصل Raja,81877-4949586-5,Muhammad راجہ,1977-02-27,7585402,"H-05133, E-11, Islamabad",E-11,Islamabad
PROP002349,Hussein خان,57500-7086557-4,Hamza خان,1998-01-04,72264108,"H-05134, Johar Town, Lahore",Johar Town,Lahore
PROP002350,Husain خان,57700-7086557-4,Hamza Khan,1998-01-04,93449339,"H-05134, Johar Town, Lahore",Johar Town,Lahore
PROP002351,Muhammad Hussain خان,57500-7086557-4,حمزہ Khan,1998-01-04,99887959,"H-05134, Johar Town, Lahore",Johar Town,Lahore
PROP002352,Muhammad احمد Syed,,عمران Sayyid,1959-11-06,12833416,"H-05142, F-7, Islamabad",F-7,Islamabad
PROP002353,Ahmad Sayyid,88303-4587039-3,,1959-11-06,10040844,"H-05142, F-7, Islamabad",F-7,Islamabad
PROP002354,حرا چوہدری,42524-6310982-3,,1966-06-24,22673994,"H-05144, Peoples Colony, Faisalabad",Peoples Colony,Faisalabad
PROP002355,حرا چوہدری,42524-6310982-3,حمزہ چوہدری,1966-06-24,18484465,"H-05144, Peoples Colony, Faisalabad",Peoples Colony,Faisalabad
PROP002356,Hira Chaudhary,42524-6310982-3,Hamzah Chaudhary,1966-06-24,15854565,"H-05144, Peoples Colony, Faisalabad",Peoples Colony,Faisalabad
PROP002357,عثمان Shaikh,38153-2513737-7,Hamzah شیخ,2003-10-03,4031176,"H-05150, Chaklala, Rawalpindi",Chaklala,Rawalpindi
PROP002358,Imran Bhatti,73447-3942979-7,Mohammed حسین بٹ,1995-03-03,37953358,"H-05154, DHA, Lahore",DHA,Lahore
PROP002359,Imran بٹ,73447-3942979-7,حسین Bhatti,1995-03-03,42897095,"H-05154, DHA, Lahore",DHA,Lahore
PROP002360,عمران Bhatti,73447-3942979-7,Husain Bhatti,1995-03-03,33966910,"H-05154, DHA, Lahore",DHA,Lahore
PROP002361,Faysal راجہ,39070-9622940-2,,1965-10-18,9717272,"H-05158, Saddar, Rawalpindi",Saddar,Rawalpindi
PROP002362,Muhammed Husain Mughal,46397-6135403-4,Bilal Mughal,1968-11-10,7199489,"H-05159, Bahria Town, Rawalpindi",Bahria Town,Rawalpindi
PROP002363,Mohammed عثمان مغل,79801-2212391-2,Hasan مغل,1982-12-18,12822639,"H-05161, Bahria Town, Islamabad",Bahria Town,Islamabad
PROP002364,علی شیخ,85415-5801139-5,حمزہ Shaikh,1956-04-03,2564010,"H-05163, G-10, Islamabad",G-10,Islamabad
PROP002365,حسن Awan,46136-6760065-4,عثمان اعوان,1996-02-15,32916539,"H-05165, E-11, Islamabad",E-11,Islamabad
PROP002366,Mohammad Hassan اعوان,46136-6760065-4,Muhammed Usman Awan,1996-02-15,16425508,"H-05165, E-11, Islamabad",E-11,Islamabad
PROP002367,Hassan Awan,46136-6760065-4,Usman Awan,1996-02-15,19316687,"H-05165, E-11, Islamabad",E-11,Islamabad
PROP002368,بلال Syed,93360-2559614-7,علی Sayyid,1990-07-09,8973208,"H-05167, G-10, Islamabad",G-10,Islamabad
PROP002369,Ayesha Malick,49847-9115305-2,علی Malick,1998-03-20,15050015,"H-05168, Saddar, Rawalpindi",Saddar,Rawalpindi
PROP002370,Muhammad بلال Raja,54555-2500598-1,,1990-11-03,5302838,"H-05176, Jaranwala Road, Faisalabad",Jaranwala Road,Faisalabad
PROP002371,Muhammad Chaudhary,97312-5055889-7,Muhammed حسین Ch.,1978-12-02,26182418,"H-05185, Chaklala, Rawalpindi",Chaklala,Rawalpindi
PROP002372,Muhammed Ch.,97312-5055889-7,Muhammed حسین Chaudhary,1978-12-02,26524590,"H-05185, Chaklala, Rawalpindi",Chaklala,Rawalpindi
PROP002373,محمد Chaudhary,,Hussein Chaudhry,1978-12-02,43498754,"H-05185, Chaklala, Rawalpindi",Chaklala,Rawalpindi
PROP002374,Imran خان,34651-1492172-7,Muhammad Ahmad خان,1974-09-26,11955238,"H-05192, Model Town, Lahore",Model Town,Lahore
PROP002375,Mohammed Quraishi,13265-3214918-7,,,17262729,"H-05193, G-10, Islamabad",G-10,Islamabad
PROP002376,Mohammad قریشی,,Othman قریشی,1998-10-18,20367226,"H-05193, G-10, Islamabad",G-10,Islamabad
PROP002377,Imran ملک,46718-9493648-8,,1981-11-15,40237194,"H-05194, Peoples Colony, Faisalabad",Peoples Colony,Faisalabad
PROP002378,Ali اعوان,,,1958-07-22,5646495,"H-05205, Clifton, Karachi",Clifton,Karachi
PROP002379,علی Bhatti,39110-5711754-5,Bilal Butt,1974-07-13,55887044,"H-05207, Gulshan-e-Iqbal, Karachi",Gulshan-e-Iqbal,Karachi
PROP002380,Mohammed Ali Shaikh,,Muhammad حسن Shaykh,1961-03-26,22269634,"H-05217, North Nazimabad, Karachi",North Nazimabad,Karachi
PROP002381,Mohammed Hasan شیخ,97894-5175359-2,Osman Shaikh,1967-09-07,70037715,"H-05220, Madina Town, Faisalabad",Madina Town,Faisalabad
PROP002382,Hasan Shaykh,97894-5175359-2,عثمان Shaykh,1967-09-07,51153118,"H-05220, Madina Town, Faisalabad",Madina Town,Faisalabad
PROP002383,Bilal راجہ,59722-2937862-1,حمزہ راجہ,1970-08-01,3319192,"H-05222, Bahria Town, Rawalpindi",Bahria Town,Rawalpindi
PROP002384,Ali Butt,97342-7395282-6,بلال Butt,1963-10-04,27994170,"H-05224, Model Town, Lahore",Model Town,Lahore
PROP002385,Ali Bhatti,97342-1395282-6,Bilal بٹ,1963-10-04,19607485,"H-05224, Model Town, Lahore",Model Town,Lahore
PROP002386,Fatima ملک,87656-5630235-4,Muhammad Malik,2003-07-01,38404581,"H-05225, F-8, Islamabad",F-8,Islamabad
PROP002387,Aysha Khan,77596-2829092-3,Hasan خان,1978-04-07,4854955,"H-05227, Chaklala, Rawalpindi",Chaklala,Rawalpindi
PROP002388,Ayesha Shaikh,78312-9161848-9,,1976-01-16,13482454,"H-05230, Model Town, Lahore",Model Town,Lahore
PROP002389,Faisal Sayed,69973-5144669-3,Imran Sayyid,1991-08-11,2547944,"H-05232, Cantt, Lahore",Cantt,Lahore
PROP002390,Faisal مغل,47220-3892634-3,Mohammed Osman Moghul,1957-07-18,111490672,"H-05236, Model Town, Lahore",Model Town,Lahore
PROP002391,Faysal مغل,47220-3192634-3,Mohammad Usman Mughal,,78258539,"H-05236, Model Town, Lahore",Model Town,Lahore
PROP002392,Faisal Moghul,47220-3194634-3,Osman Moghul,1957-07-18,94740583,"H-05236, Model Town, Lahore",Model Town,Lahore
PROP002393,Hassan Malik,76111-7468242-5,Mohammed Faisal ملک,1966-08-20,21084644,"H-05239, Peoples Colony, Faisalabad",Peoples Colony,Faisalabad
PROP002394,Hasan ملک,76111-7468242-5,Muhammed Faisal Malik,1966-08-20,26357153,"H-05239, Peoples Colony, Faisalabad",Peoples Colony,Faisalabad
PROP002395,Faysal ملک,86985-5417336-1,Mohammed Hassan ملک,1980-05-10,8164184,"H-05241, North Nazimabad, Karachi",North Nazimabad,Karachi
PROP002396,Imran Shaikh,99632-7325135-1,حمزہ Shaikh,,2560696,"H-05243, DHA, Lahore",DHA,Lahore
PROP002397,Ahmed Shaykh,50082-6172607-7,,1982-12-24,14043018,"H-05245, Malir, Karachi",Malir,Karachi
PROP002398,Mohammed Ahmad Shaykh,50082-6172677-7,Osman Shaikh,1982-12-24,14952626,"H-05245, Malir, Karachi",Malir,Karachi
PROP002399,حمزہ Khan,15534-3752086-3,Hamzah Khan,,4226753,"H-05246, E-11, Islamabad",E-11,Islamabad
PROP002400,Muhammad Sayyid,24544-3303521-0,Mohammed Hasan Sayyid,1978-09-04,12140807,"H-05247, Madina Town, Faisalabad",Madina Town,Faisalabad
PROP002401,Muhammad سید,24544-3303521-0,حسن Sayyid,1978-09-04,9344241,"H-05247, Madina Town, Faisalabad",Madina Town,Faisalabad
PROP002402,Ayisha Choudhary,64240-7596350-3,,1982-11-23,14355778,"H-05255, Clifton, Karachi",Clifton,Karachi
PROP002403,Aisha Awan,43796-1333185-5,,2003-02-18,23502081,"H-05256, Bahria Town, Islamabad",Bahria Town,Islamabad
PROP002404,Ahmed Quraishi,33905-5365783-0,علی Qureshi,1983-09-26,17867527,"H-05261, G-10, Islamabad",G-10,Islamabad
PROP002405,Ayisha Awan,73994-7432692-6,,1955-11-28,14947355,"H-05264, Clifton, Karachi",Clifton,Karachi
PROP002406,بلال Khan,55020-2005180-6,,1956-06-04,7833291,"H-05265, Saddar, Rawalpindi",Saddar,Rawalpindi
PROP002407,Muhammad Bilal Khan,55020-2005180-6,Hussein Khan,1956-06-04,7980071,"H-05265, Saddar, Rawalpindi",Saddar,Rawalpindi
PROP002408,عثمان Chaudhary,34963-3456824-4,,1961-06-22,30324534,"H-05267, Malir, Karachi",Malir,Karachi
PROP002409,Imran Choudhary,71829-5024264-8,,2001-11-20,7482440,"H-05269, F-8, Islamabad",F-8,Islamabad
PROP002410,Hasan Awan,24750-2859107-0,,1984-01-17,2261164,"H-05275, Madina Town, Faisalabad",Madina Town,Faisalabad
PROP002411,Hussain Butt,40186-3250560-5,Bilal بٹ,1985-03-03,22720628,"H-05276, G-10, Islamabad",G-10,Islamabad
PROP002412,Fatima Shaykh,19455-1684129-3,Hamza Shaykh,1985-08-08,48119759,"H-05281, Satellite Town, Rawalpindi",Satellite Town,Rawalpindi
PROP002413,Fatima Sheikh,19455-1684109-3,Hamza شیخ,1985-08-08,54920706,"H-05281, Satellite Town, Rawalpindi",Satellite Town,Rawalpindi
PROP002414,Fatima Sheikh,89455-1684129-3,حمزہ Sheikh,1985-08-08,37172102,"H-05281, Satellite Town, Rawalpindi",Satellite Town,Rawalpindi
PROP002415,Fatimah Awan,82068-1477394-5,حمزہ اعوان,,2053411,"H-05287, Gulberg, Lahore",Gulberg,Lahore
PROP002416,Fatimah Mughal,78479-4041965-7,,1971-03-17,5497201,"H-05288, Satellite Town, Rawalpindi",Satellite Town,Rawalpindi
PROP002417,Muhammad بٹ,22445-9025672-9,عثمان Bhatti,1968-05-23,8506779,"H-05291, F-8, Islamabad",F-8,Islamabad
PROP002418,بلال Bhatti,47111-6237719-6,علی Butt,1971-01-28,46644935,"H-05292, F-7, Islamabad",F-7,Islamabad
PROP002419,Bilal Butt,47121-6237719-6,Ali Butt,,27767396,"H-05292, F-7, Islamabad",F-7,Islamabad
PROP002420,Bilal Butt,47121-6237719-6,Mohammad علی بٹ,1971-01-28,34149391,"H-05292, F-7, Islamabad",F-7,Islamabad
PROP002421,Bilal Sheikh,84332-2930624-5,Hassan شیخ,2002-11-24,19883970,"H-05302, E-11, Islamabad",E-11,Islamabad
PROP002422,Mohammad Bilal شیخ,84332-2930624-5,Hasan Shaykh,2002-11-24,12363307,"H-05302, E-11, Islamabad",E-11,Islamabad
PROP002423,Bilal Sheikh,,Hasan Sheikh,2002-11-24,17154031,"H-05302, E-11, Islamabad",E-11,Islamabad
PROP002424,Muhammed قریشی,80650-9382466-6,Ali Quraishi,1973-01-09,5662586,"H-05303, Madina Town, Faisalabad",Madina Town,Faisalabad
PROP002425,Ahmed Khan,85063-6831022-8,Ahmad خان,1979-02-17,51660445,"H-05304, Saddar, Rawalpindi",Saddar,Rawalpindi
PROP002426,Ahmad Khan,85063-6831052-8,,1979-02-17,53811279,"H-05304, Saddar, Rawalpindi",Saddar,Rawalpindi
PROP002427,Ahmed خان,85063-6831052-8,احمد Khan,,35422784,"H-05304, Saddar, Rawalpindi",Saddar,Rawalpindi
PROP002428,Mohammed Imran Moghul,70433-4811482-7,Hamza Moghul,1978-07-24,27066439,"H-05309, Chaklala, Rawalpindi",Chaklala,Rawalpindi
PROP002429,Fatema چوہدری,91325-1907969-8,,2002-02-07,72530042,"H-05315, Satellite Town, Rawalpindi",Satellite Town,Rawalpindi
PROP002430,Fatimah چوہدری,91325-1907969-8,علی Chaudhry,2002-02-07,87445817,"H-05315, Satellite Town, Rawalpindi",Satellite Town,Rawalpindi
PROP002431,Fatema Chaudhry,91325-1907969-8,,2002-02-07,51506053,"H-05315, Satellite Town, Rawalpindi",Satellite Town,Rawalpindi
PROP002432,Sana Mughal,37080-1783644-9,,1967-09-26,2000000,"H-05317, Gulberg, Lahore",Gulberg,Lahore
PROP002433,عمران Malick,36729-6331765-8,Bilal Malik,1966-09-08,8364526,"H-05319, F-8, Islamabad",F-8,Islamabad
PROP002434,حسین خان,80618-5230329-5,Muhammed Husain Khan,1975-04-14,16024298,"H-05325, Model Town, Lahore",Model Town,Lahore
PROP002435,Mohammed حسن Syed,14596-8804005-7,Hussein سید,1982-08-26,26578290,"H-05333, Bahria Town, Islamabad",Bahria Town,Islamabad
PROP002436,حسن بٹ,61278-3084036-0,Ahmed بٹ,1976-12-17,17559922,"H-05336, Clifton, Karachi",Clifton,Karachi
PROP002437,Bilal Shaykh,48060-3255739-0,Ahmad شیخ,1960-09-14,13108249,"H-05338, Gulshan-e-Iqbal, Karachi",Gulshan-e-Iqbal,Karachi
PROP002438,Ahmed راجہ,26559-8770695-1,,2002-02-25,14329724,"H-05340, North Nazimabad, Karachi",North Nazimabad,Karachi
PROP002439,عمران شیخ,28376-8833048-6,Hasan شیخ,1972-04-26,4949465,"H-05341, Jaranwala Road, Faisalabad",Jaranwala Road,Faisalabad
PROP002440,Othman Quraishi,38760-8364105-3,Faisal قریشی,1998-10-15,27495059,"H-05345, F-8, Islamabad",F-8,Islamabad
PROP002441,Hussain Malick,80846-9948353-6,احمد Malik,1968-07-09,3565565,"H-05346, G-10, Islamabad",G-10,Islamabad
PROP002442,Hira Syed,85013-4433180-9,فیصل Syed,,43215584,"H-05349, Satellite Town, Rawalpindi",Satellite Town,Rawalpindi
PROP002443,Muhammed Faysal Qureshi,44177-7631317-7,حسین Qureshi,,14889706,"H-05352, Johar Town, Lahore",Johar Town,Lahore
PROP002444,Muhammed Awan,51636-1800071-5,Muhammad بلال Awan,1955-03-06,2000000,"H-05358, DHA, Lahore",DHA,Lahore
PROP002445,Hassan شیخ,35002-8783877-8,Mohammad شیخ,1958-07-18,39904341,"H-05359, Clifton, Karachi",Clifton,Karachi
PROP002446,Hassan Sheikh,35002-8783877-8,Mohammad Sheikh,1958-07-18,71228203,"H-05359, Clifton, Karachi",Clifton,Karachi
PROP002447,حسن Shaikh,35002-8783877-8,Mohammad Sheikh,1958-07-18,70046254,"H-05359, Clifton, Karachi",Clifton,Karachi
PROP002448,Ayesha Khan,51648-9151794-0,Hussain خان,1962-10-07,4242774,"H-05362, Peoples Colony, Faisalabad",Peoples Colony,Faisalabad
PROP002449,Mohammad Hussain چوہدری,95535-6111457-1,,1991-08-20,30052136,"H-05368, F-7, Islamabad",F-7,Islamabad
PROP002450,Othman سید,90525-9784464-0,Muhammed Hasan سید,1971-05-02,2698411,"H-05382, G-10, Islamabad",G-10,Islamabad
PROP002451,Mohammad Bilal Sayyid,89612-1937396-6,Mohammad Sayyid,1986-03-16,3647770,"H-05402, Bahria Town, Rawalpindi",Bahria Town,Rawalpindi
PROP002452,Hamza سید,34099-8091495-1,Muhammed Hussein Syed,1988-11-03,30782444,"H-05406, Bahria Town, Islamabad",Bahria Town,Islamabad
PROP002453,Muhammad Hamza سید,34099-8091495-1,,1988-11-03,18410936,"H-05406, Bahria Town, Islamabad",Bahria Town,Islamabad
PROP002454,Hamza Sayyid,34099-8091495-1,,1988-11-03,24769085,"H-05406, Bahria Town, Islamabad",Bahria Town,Islamabad
PROP002455,Ahmed Mughal,81183-7467172-0,,1991-07-23,32751925,"H-05409, Madina Town, Faisalabad",Madina Town,Faisalabad
PROP002456,Mohammed Ahmad Mughal,81183-7467172-0,Muhammad Bilal Mughal,1991-07-23,30346635,"H-05409, Madina Town, Faisalabad",Madina Town,Faisalabad
PROP002457,حسین Khan,22801-7520960-1,,1980-11-21,53530045,"H-05411, G-10, Islamabad",G-10,Islamabad
PROP002458,حسین Khan,22801-7520960-1,بلال خان,1980-11-21,44800840,"H-05411, G-10, Islamabad",G-10,Islamabad
PROP002459,Muhammed Hussain Khan,22801-7520960-1,,1980-11-21,77011994,"H-05411, G-10, Islamabad",G-10,Islamabad
PROP002460,Bilal چوہدری,78966-6862751-3,,1981-02-21,200118607,"H-05412, G-10, Islamabad",G-10,Islamabad
PROP002461,بلال Choudhary,78966-6862751-3,,1981-02-21,174435718,"H-05412, G-10, Islamabad",G-10,Islamabad
PROP002462,Mohammad بلال Chaudhary,78766-6862751-3,Faysal Ch.,1981-02-21,143584913,"H-05412, G-10, Islamabad",G-10,Islamabad
PROP002463,Husain راجہ,83650-1402177-5,,1971-11-19,20055413,"H-05413, North Nazimabad, Karachi",North Nazimabad,Karachi
PROP002464,Hamza Moghul,97741-5719054-4,,1976-09-24,28474639,"H-05415, Model Town, Lahore",Model Town,Lahore
PROP002465,Hamza Moghul,17741-5719054-4,Mohammed حسین Moghul,1976-09-24,28220435,"H-05415, Model Town, Lahore",Model Town,Lahore
PROP002466,عائشہ Sheikh,62609-6195212-5,حسن Shaykh,1962-11-27,5493973,"H-05423, G-10, Islamabad",G-10,Islamabad
PROP002467,فاطمہ Chaudhary,63451-2360672-0,,1970-11-06,2855756,"H-05426, Saddar, Rawalpindi",Saddar,Rawalpindi
PROP002468,Mohammed Hussain شیخ,53266-2672667-1,Mohammad Bilal Sheikh,1988-12-18,5239532,"H-05429, Bahria Town, Islamabad",Bahria Town,Islamabad
PROP002469,Hamza Khan,29372-9289884-4,Mohammed Bilal Khan,1972-04-17,5268379,"H-05432, Cantt, Lahore",Cantt,Lahore
PROP002470,Mohammad Hamzah خان,69372-9989884-4,بلال Khan,1972-04-17,4188777,"H-05432, Cantt, Lahore",Cantt,Lahore
PROP002471,عمران Raja,98129-8565826-0,حسین راجہ,,28269189,"H-05433, Model Town, Lahore",Model Town,Lahore
PROP002472,Hussain Mughal,81614-1111673-8,Mohammad Hamza Mughal,1971-06-19,18887675,"H-05440, Gulshan-e-Iqbal, Karachi",Gulshan-e-Iqbal,Karachi
PROP002473,Hussein Mughal,81614-1111673-8,Hamza مغل,1971-06-19,27503781,"H-05440, Gulshan-e-Iqbal, Karachi",Gulshan-e-Iqbal,Karachi
PROP002474,Ahmed خان,72980-7523754-8,Bilal خان,,8325327,"H-05441, Bahria Town, Islamabad",Bahria Town,Islamabad
PROP002475,Ahmed Khan,72980-7523754-8,بلال Khan,1993-12-09,7491496,"H-05441, Bahria Town, Islamabad",Bahria Town,Islamabad
PROP002476,احمد Khan,72980-7523754-8,,1993-12-09,7400593,"H-05441, Bahria Town, Islamabad",Bahria Town,Islamabad
PROP002477,حمزہ راجہ,40502-6623999-7,Mohammed Imran راجہ,1979-07-13,9103140,"H-05444, Chaklala, Rawalpindi",Chaklala,Rawalpindi
PROP002478,علی Ch.,76793-1340880-4,Muhammed Hamzah Ch.,2000-04-05,18063440,"H-05448, Cantt, Lahore",Cantt,Lahore
PROP002479,علی چوہدری,76793-1340884-4,Hamzah Chaudhary,2000-04-05,16295125,"H-05448, Cantt, Lahore",Cantt,Lahore
PROP002480,Mohammad Imran Butt,49261-7080042-4,Faysal Butt,,10540365,"H-05454, DHA, Lahore",DHA,Lahore
PROP002481,بلال اعوان,78253-7867409-6,عمران اعوان,1988-02-10,6041897,"H-05455, F-8, Islamabad",F-8,Islamabad
PROP002482,Muhammed عمران Malik,49219-6203289-4,عمران ملک,1991-01-25,14151949,"H-05457, Jaranwala Road, Faisalabad",Jaranwala Road,Faisalabad
PROP002483,علی اعوان,89978-2831217-9,,1960-06-16,19756646,"H-05458, Model Town, Lahore",Model Town,Lahore
PROP002484,Muhammad Ali Awan,89978-2831217-9,علی اعوان,1960-06-16,14326388,"H-05458, Model Town, Lahore",Model Town,Lahore
PROP002485,Hussain راجہ,66782-2330275-2,Muhammed راجہ,,6484064,"H-05459, Cantt, Lahore",Cantt,Lahore
PROP002486,Ali Qureshi,,حمزہ Quraishi,1981-03-27,8818943,"H-05461, Bahria Town, Rawalpindi",Bahria Town,Rawalpindi
PROP002487,ثناء بٹ,22190-2525109-7,Ahmed بٹ,1998-12-18,2000000,"H-05464, Johar Town, Lahore",Johar Town,Lahore
PROP002488,Ali Ch.,68474-8116025-2,Mohammad Hasan Chaudhary,1962-12-28,21825842,"H-05470, Bahria Town, Rawalpindi",Bahria Town,Rawalpindi
PROP002489,Muhammed ملک,28542-2702700-4,عمران Malik,1986-07-08,25373729,"H-05472, Model Town, Lahore",Model Town,Lahore
PROP002490,ثناء ملک,84457-3020727-7,Ali Malik,1967-03-18,4463986,"H-05476, Gulberg, Lahore",Gulberg,Lahore
PROP002491,Muhammed حمزہ خان,86529-2967808-4,Ahmed Khan,1955-12-16,18732056,"H-05479, Model Town, Lahore",Model Town,Lahore
PROP002492,ثناء مغل,56696-4417878-6,Muhammad Moghul,1955-05-27,26746477,"H-05480, Satellite Town, Rawalpindi",Satellite Town,Rawalpindi
PROP002493,Hassan Bhatti,88848-9128011-0,,1991-06-08,6546133,"H-05484, Clifton, Karachi",Clifton,Karachi
PROP002494,Muhammad Hassan Butt,88840-9128011-0,Imran بٹ,1991-06-08,5456856,"H-05484, Clifton, Karachi",Clifton,Karachi
PROP002495,Ayesha Syed,20041-4444726-7,حسین سید,1990-10-13,13406814,"H-05485, F-7, Islamabad",F-7,Islamabad
PROP002496,Ayisha سید,,Mohammed حسین Sayed,1990-10-13,17184544,"H-05485, F-7, Islamabad",F-7,Islamabad
PROP002497,Mohammed احمد راجہ,27453-6035119-7,Mohammad Faisal Raja,1973-01-11,2000000,"H-05487, Gulshan-e-Iqbal, Karachi",Gulshan-e-Iqbal,Karachi
PROP002498,Muhammed مغل,23768-7964467-8,,1990-11-23,34701713,"H-05493, Chaklala, Rawalpindi",Chaklala,Rawalpindi
PROP002499,Muhammad Moghul,23768-7964467-8,Mohammed Ali Moghul,1990-11-23,32455441,"H-05493, Chaklala, Rawalpindi",Chaklala,Rawalpindi
PROP002500,Imran Khan,55414-2800208-2,,,6811621,"H-05499, DHA, Lahore",DHA,Lahore
PROP002501,Ahmad ملک,13047-6079832-1,علی Malik,1965-12-28,7265186,"H-05505, Gulshan-e-Iqbal, Karachi",Gulshan-e-Iqbal,Karachi
PROP002502,علی راجہ,17860-9745891-2,Muhammad بلال Raja,1984-01-07,7740338,"H-05506, Chaklala, Rawalpindi",Chaklala,Rawalpindi
PROP002503,Ali راجہ,17860-9745891-2,بلال Raja,1984-01-07,10494088,"H-05506, Chaklala, Rawalpindi",Chaklala,Rawalpindi
PROP002504,علی Raja,17860-9745897-2,Muhammed بلال Raja,1984-01-07,10338807,"H-05506, Chaklala, Rawalpindi",Chaklala,Rawalpindi
PROP002505,حسین Quraishi,26025-5291958-6,عمران قریشی,1987-02-26,4019661,"H-05508, Gulshan-e-Iqbal, Karachi",Gulshan-e-Iqbal,Karachi
PROP002506,Muhammad Moghul,39802-5963481-8,Mohammed Hasan مغل,1976-10-03,12229146,"H-05509, Bahria Town, Islamabad",Bahria Town,Islamabad
PROP002507,Mohammed Bilal Shaikh,,Mohammad علی Shaykh,2003-04-22,11877602,"H-05510, E-11, Islamabad",E-11,Islamabad
PROP002508,حمزہ Awan,65866-8271396-2,Hamza اعوان,1959-01-28,10317755,"H-05513, E-11, Islamabad",E-11,Islamabad
PROP002509,Mohammad Othman مغل,,بلال Moghul,1962-07-20,4074256,"H-05515, Saddar, Rawalpindi",Saddar,Rawalpindi
PROP002510,Mohammad Hasan بٹ,51245-2019553-7,Hussein بٹ,1988-02-09,5919708,"H-05516, Chaklala, Rawalpindi",Chaklala,Rawalpindi
PROP002511,عائشہ قریشی,,Osman Quraishi,2002-06-24,11669492,"H-05523, Malir, Karachi",Malir,Karachi
PROP002512,Bilal ملک,27915-4201778-7,Mohammad Faysal ملک,1995-08-25,4810836,"H-05525, Satellite Town, Rawalpindi",Satellite Town,Rawalpindi
PROP002513,Bilal Malik,27915-4201778-7,Faisal ملک,1995-08-25,5799152,"H-05525, Satellite Town, Rawalpindi",Satellite Town,Rawalpindi
PROP002514,Bilal Malik,27915-4201778-7,Mohammad Faisal Malick,1995-08-25,5753600,"H-05525, Satellite Town, Rawalpindi",Satellite Town,Rawalpindi
PROP002515,Usman خان,20797-0168251-7,Muhammed Hussain خان,,26851300,"H-05527, Gulberg, Lahore",Gulberg,Lahore
PROP002516,Muhammad عثمان Khan,,حسین Khan,2000-05-27,26866920,"H-05527, Gulberg, Lahore",Gulberg,Lahore
PROP002517,Marium Malik,57251-9507707-8,احمد Malik,1988-09-26,16771888,"H-05534, Satellite Town, Rawalpindi",Satellite Town,Rawalpindi
PROP002518,Maryam Malick,,احمد Malick,1988-09-26,14983890,"H-05534, Satellite Town, Rawalpindi",Satellite Town,Rawalpindi
PROP002519,Ali راجہ,50997-2424447-0,,1984-08-04,22186347,"H-05537, Peoples Colony, Faisalabad",Peoples Colony,Faisalabad
PROP002520,Hira Chaudhry,86261-1012769-3,عمران Chaudhry,1959-09-14,10821877,"H-05538, E-11, Islamabad",E-11,Islamabad
PROP002521,Hussain Shaykh,94480-2042987-3,حمزہ Shaikh,1972-10-15,2221696,"H-05544, Madina Town, Faisalabad",Madina Town,Faisalabad
PROP002522,ثناء Chaudhary,16271-3832340-8,Ali Ch.,1991-08-14,9558225,"H-05547, Jaranwala Road, Faisalabad",Jaranwala Road,Faisalabad
PROP002523,Sana چوہدری,16271-3832340-8,Mohammed علی Choudhary,1991-08-14,9273365,"H-05547, Jaranwala Road, Faisalabad",Jaranwala Road,Faisalabad
PROP002524,Hussain Malick,22159-9022132-7,Mohammad Ahmad ملک,1986-02-13,57817006,"H-05551, Cantt, Lahore",Cantt,Lahore
PROP002525,Husain بٹ,34662-7300490-3,Mohammad علی بٹ,1972-08-02,30408042,"H-05552, Cantt, Lahore",Cantt,Lahore
PROP002526,بلال Raja,28483-5114431-9,Faisal Raja,1985-11-15,4445455,"H-05554, Model Town, Lahore",Model Town,Lahore
PROP002527,Hassan Shaykh,84253-9999365-3,Faysal Shaikh,1961-09-16,2356719,"H-05555, Jaranwala Road, Faisalabad",Jaranwala Road,Faisalabad
PROP002528,Husain سید,18747-9875004-8,Muhammad Syed,1969-12-09,2000000,"H-05557, F-7, Islamabad",F-7,Islamabad
PROP002529,عائشہ Awan,83671-7242816-0,عمران اعوان,1963-03-13,2000000,"H-05559, DHA, Lahore",DHA,Lahore
PROP002530,Mohammad عثمان Butt,90176-9511901-5,Faisal Bhatti,1956-02-16,16328607,"H-05560, Chaklala, Rawalpindi",Chaklala,Rawalpindi
PROP002531,Usman Bhatti,,Muhammad Faysal بٹ,1956-02-16,17743812,"H-05560, Chaklala, Rawalpindi",Chaklala,Rawalpindi
PROP002532,Mohammed Othman Bhatti,,Faysal Bhatti,1956-02-16,28674263,"H-05560, Chaklala, Rawalpindi",Chaklala,Rawalpindi
PROP002533,Mohammad خان,57985-7076192-0,Husain Khan,1992-11-08,5398503,"H-05561, Malir, Karachi",Malir,Karachi
PROP002534,Imran اعوان,17255-9317175-4,,2003-03-13,2115990,"H-05564, F-7, Islamabad",F-7,Islamabad
PROP002535,Mohammad علی بٹ,28141-3638012-6,Hussain Butt,1985-03-17,4208155,"H-05566, Bahria Town, Rawalpindi",Bahria Town,Rawalpindi
PROP002536,Mohammed Hussein Chaudhry,,Mohammad Ali Choudhary,1964-11-15,22289523,"H-05567, Johar Town, Lahore",Johar Town,Lahore
PROP002537,Muhammed عمران Choudhary,98009-2201511-7,حسن Chaudhary,,16403051,"H-05568, G-10, Islamabad",G-10,Islamabad
PROP002538,Imran Choudhary,98009-2201511-7,Muhammed حسن Ch.,1956-10-27,20905159,"H-05568, G-10, Islamabad",G-10,Islamabad
PROP002539,عمران ملک,28790-5848282-2,Husain Malik,1962-03-20,18202530,"H-05569, Jaranwala Road, Faisalabad",Jaranwala Road,Faisalabad
PROP002540,زینب Sheikh,76621-4822723-2,,2003-10-08,2000000,"H-05570, Cantt, Lahore",Cantt,Lahore
PROP002541,فیصل Raja,89447-3996222-9,Hassan راجہ,1981-08-15,23484944,"H-05571, DHA, Karachi",DHA,Karachi
PROP002542,Muhammed Hasan Ch.,31875-7239860-5,Muhammed چوہدری,1962-04-11,15728722,"H-05577, E-11, Islamabad",E-11,Islamabad
PROP002543,ثناء ملک,,Ahmad Malick,1959-06-03,77992267,"H-05585, North Nazimabad, Karachi",North Nazimabad,Karachi
PROP002544,Sana ملک,59448-7378077-4,احمد Malik,1959-06-03,81782737,"H-05585, North Nazimabad, Karachi",North Nazimabad,Karachi
PROP002545,Sana Malik,59448-7378077-4,,1959-06-03,76694582,"H-05585, North Nazimabad, Karachi",North Nazimabad,Karachi
PROP002546,Bilal قریشی,35149-7968462-5,فیصل Quraishi,1985-09-05,13970568,"H-05586, Madina Town, Faisalabad",Madina Town,Faisalabad
PROP002547,محمد Bhatti,,Bilal Butt,1957-12-01,31469854,"H-05587, Saddar, Rawalpindi",Saddar,Rawalpindi
PROP002548,Hassan Moghul,45047-8709401-3,Ahmad مغل,,7693782,"H-05588, Clifton, Karachi",Clifton,Karachi
PROP002549,Hira Syed,23432-1556273-0,,1974-06-07,2000000,"H-05593, Bahria Town, Rawalpindi",Bahria Town,Rawalpindi
PROP002550,Husain Raja,74955-5806394-9,,1981-01-26,15000672,"H-05596, DHA, Lahore",DHA,Lahore
PROP002551,حرا راجہ,39293-1519253-7,Hassan راجہ,,3448285,"H-05597, Satellite Town, Rawalpindi",Satellite Town,Rawalpindi
PROP002552,Aisha شیخ,73697-5329915-3,Mohammed Hussain Shaikh,1966-02-01,2000000,"H-05602, F-7, Islamabad",F-7,Islamabad
PROP002553,علی Syed,48268-6797424-1,Ahmad Sayed,,47379799,"H-05604, Peoples Colony, Faisalabad",Peoples Colony,Faisalabad
PROP002554,Ali Sayed,48268-6797424-1,احمد Syed,1983-07-22,48991609,"H-05604, Peoples Colony, Faisalabad",Peoples Colony,Faisalabad
PROP002555,Hamza خان,27629-7341428-7,Hamzah Khan,1991-09-07,10124826,"H-05610, E-11, Islamabad",E-11,Islamabad
PROP002556,علی Khan,45188-4202296-3,محمد خان,1986-08-19,16686161,"H-05611, DHA, Lahore",DHA,Lahore
PROP002557,Ali Khan,,Mohammed خان,1986-08-19,15064117,"H-05611, DHA, Lahore",DHA,Lahore
PROP002558,Bilal قریشی,,Muhammad Bilal Qureshi,1975-05-16,24342682,"H-05615, Malir, Karachi",Malir,Karachi
PROP002559,Mohammad بلال Qureshi,55621-2432486-2,بلال Quraishi,1975-05-16,32039842,"H-05615, Malir, Karachi",Malir,Karachi
PROP002560,Bilal Quraishi,55621-2432486-2,Bilal Qureshi,1975-05-16,19168065,"H-05615, Malir, Karachi",Malir,Karachi
PROP002561,حمزہ Choudhary,,,1970-02-14,26848090,"H-05620, Bahria Town, Rawalpindi",Bahria Town,Rawalpindi
PROP002562,زینب Bhatti,76938-2599276-6,Mohammad Hussein Bhatti,1992-05-14,150710026,"H-05627, G-10, Islamabad",G-10,Islamabad
PROP002563,Zaynab Bhatti,76938-2599276-6,Hussein Bhatti,1992-05-14,210808676,"H-05627, G-10, Islamabad",G-10,Islamabad
PROP002564,زینب Butt,,,1992-05-14,147394304,"H-05627, G-10, Islamabad",G-10,Islamabad
PROP002565,Muhammad Imran Syed,52972-2833944-5,بلال سید,1984-05-21,7208377,"H-05628, Madina Town, Faisalabad",Madina Town,Faisalabad
PROP002566,Ahmed Shaikh,55435-9758429-8,عمران Shaykh,1973-02-19,10687750,"H-05637, Madina Town, Faisalabad",Madina Town,Faisalabad
PROP002567,Hussein Mughal,96820-9558686-3,Ahmed مغل,2000-03-01,20818112,"H-05641, Jaranwala Road, Faisalabad",Jaranwala Road,Faisalabad
PROP002568,Mohammed Hussein مغل,96820-9558686-3,Ahmad Moghul,2000-03-01,14067620,"H-05641, Jaranwala Road, Faisalabad",Jaranwala Road,Faisalabad
PROP002569,Faysal قریشی,31879-9629603-4,,1996-02-05,45124273,"H-05642, F-8, Islamabad",F-8,Islamabad
PROP002570,فیصل Qureshi,31879-9629603-4,Osman Quraishi,1996-02-05,34650143,"H-05642, F-8, Islamabad",F-8,Islamabad
PROP002571,Muhammed عمران اعوان,,محمد اعوان,1983-05-19,13321788,"H-05643, Jaranwala Road, Faisalabad",Jaranwala Road,Faisalabad
PROP002572,Maryam Butt,38429-1075887-0,,1965-01-27,14314709,"H-05644, Johar Town, Lahore",Johar Town,Lahore
PROP002573,Aysha Malick,87398-9676860-1,Muhammed Husain Malick,,34950038,"H-05650, Peoples Colony, Faisalabad",Peoples Colony,Faisalabad
PROP002574,Muhammed اعوان,82294-8326064-6,Mohammad Osman اعوان,1977-11-26,41772372,"H-05653, Johar Town, Lahore",Johar Town,Lahore
PROP002575,Mohammad اعوان,,عثمان اعوان,1977-11-26,29870801,"H-05653, Johar Town, Lahore",Johar Town,Lahore
PROP002576,محمد Awan,82294-8326064-6,,1977-11-26,48541416,"H-05653, Johar Town, Lahore",Johar Town,Lahore
PROP002577,Maryam اعوان,29481-9137831-2,Othman اعوان,1992-12-01,6308822,"H-05655, Johar Town, Lahore",Johar Town,Lahore
PROP002578,Fatema Raja,42750-6464782-4,بلال Raja,1989-02-20,5356601,"H-05659, G-10, Islamabad",G-10,Islamabad
PROP002579,Mohammad خان,40549-7559079-3,Mohammed Hamzah Khan,,19483152,"H-05660, Johar Town, Lahore",Johar Town,Lahore
PROP002580,Husain Bhatti,56578-7113524-7,Mohammad عثمان Butt,1969-02-02,4740912,"H-05662, Chaklala, Rawalpindi",Chaklala,Rawalpindi
PROP002581,علی Qureshi,91234-2639236-6,Usman قریشی,1967-10-27,15155554,"H-05664, F-8, Islamabad",F-8,Islamabad
PROP002582,زینب خان,82269-7926410-6,Mohammad Imran Khan,1973-10-27,2145339,"H-05665, Gulshan-e-Iqbal, Karachi",Gulshan-e-Iqbal,Karachi
PROP002583,Ahmad راجہ,23415-9189559-9,Muhammad Raja,1989-05-18,6331683,"H-05678, Satellite Town, Rawalpindi",Satellite Town,Rawalpindi
PROP002584,Mohammad Bilal Malick,14654-5096500-0,Bilal ملک,1970-03-27,8026444,"H-05680, Gulberg, Lahore",Gulberg,Lahore
PROP002585,Faysal اعوان,,Muhammed Hassan Awan,1956-08-08,25760689,"H-05681, Jaranwala Road, Faisalabad",Jaranwala Road,Faisalabad
PROP002586,فیصل Awan,20429-2751849-1,حسن Awan,1956-08-08,27176222,"H-05681, Jaranwala Road, Faisalabad",Jaranwala Road,Faisalabad
PROP002587,Faysal Awan,20429-2751849-1,Hasan اعوان,1956-08-08,20205022,"H-05681, Jaranwala Road, Faisalabad",Jaranwala Road,Faisalabad
PROP002588,Fatimah اعوان,66204-8966733-3,Mohammed Hussein اعوان,1991-10-05,12168858,"H-05685, DHA, Lahore",DHA,Lahore
PROP002589,Ali سید,22092-8507936-8,Hussain سید,1955-06-10,5618453,"H-05686, Satellite Town, Rawalpindi",Satellite Town,Rawalpindi
PROP002590,علی Khan,26600-3334196-8,,1970-08-01,9642066,"H-05687, Saddar, Rawalpindi",Saddar,Rawalpindi
PROP002591,Ali Khan,26600-7334196-8,Muhammad حمزہ خان,1970-08-01,8364765,"H-05687, Saddar, Rawalpindi",Saddar,Rawalpindi
PROP002592,حسن مغل,87442-9245931-9,Hasan Moghul,1981-09-14,25490466,"H-05689, Madina Town, Faisalabad",Madina Town,Faisalabad
PROP002593,Hasan مغل,87442-9245931-9,,1981-09-14,20142660,"H-05689, Madina Town, Faisalabad",Madina Town,Faisalabad
PROP002594,مریم قریشی,35049-4570823-7,بلال Qureshi,2000-11-21,51494977,"H-05691, Chaklala, Rawalpindi",Chaklala,Rawalpindi
PROP002595,Marium Quraishi,35049-4570823-7,Bilal Qureshi,2000-11-21,48594054,"H-05691, Chaklala, Rawalpindi",Chaklala,Rawalpindi
PROP002596,حسن Malick,62668-7599452-0,Ali Malik,1994-12-28,2956372,"H-05695, Malir, Karachi",Malir,Karachi
PROP002597,Ahmad Chaudhry,10839-1874178-1,حسین چوہدری,1988-01-13,24075042,"H-05696, E-11, Islamabad",E-11,Islamabad
PROP002598,Bilal شیخ,59222-9668353-3,Hamza Shaykh,1976-10-24,42371997,"H-05699, F-7, Islamabad",F-7,Islamabad
PROP002599,بلال Sheikh,59222-9668353-3,Hamza Sheikh,1976-10-24,74238433,"H-05699, F-7, Islamabad",F-7,Islamabad
PROP002600,Mariam Butt,78780-7458435-7,,1975-11-05,5634155,"H-05701, Gulshan-e-Iqbal, Karachi",Gulshan-e-Iqbal,Karachi
PROP002601,Marium بٹ,,فیصل Bhatti,1975-11-05,5040452,"H-05701, Gulshan-e-Iqbal, Karachi",Gulshan-e-Iqbal,Karachi
PROP002602,Hassan سید,52378-2329416-9,Ahmad Sayed,2000-07-02,15459330,"H-05704, G-10, Islamabad",G-10,Islamabad
PROP002603,Ali سید,74614-3631975-6,بلال Sayyid,1963-05-08,11142533,"H-05705, E-11, Islamabad",E-11,Islamabad
PROP002604,علی Syed,74614-3631575-6,Bilal Syed,1963-05-08,4784467,"H-05705, E-11, Islamabad",E-11,Islamabad
PROP002605,Faysal Khan,51984-3621025-6,محمد Khan,1976-12-04,32297722,"H-05716, Bahria Town, Islamabad",Bahria Town,Islamabad
PROP002606,فیصل خان,51984-3621025-6,Muhammed Khan,1976-12-04,26798150,"H-05716, Bahria Town, Islamabad",Bahria Town,Islamabad
PROP002607,Faysal خان,51984-3621025-6,Mohammad خان,1976-12-04,34755622,"H-05716, Bahria Town, Islamabad",Bahria Town,Islamabad
PROP002608,Hasan Awan,99917-3488425-1,علی Awan,1955-10-14,9123183,"H-05722, Bahria Town, Islamabad",Bahria Town,Islamabad
PROP002609,Muhammad حسن Shaykh,27565-6705773-1,Mohammad Shaykh,,39547517,"H-05726, Satellite Town, Rawalpindi",Satellite Town,Rawalpindi
PROP002610,Mohammad حسن Quraishi,,Hassan Quraishi,1996-05-27,4379388,"H-05731, Saddar, Rawalpindi",Saddar,Rawalpindi
PROP002611,عمران Sayyid,86328-4899961-4,Ahmed Sayyid,,2361995,"H-05733, Johar Town, Lahore",Johar Town,Lahore
PROP002612,Mohammad Bilal Moghul,10937-9309586-0,حمزہ Mughal,1967-10-20,12217223,"H-05738, Johar Town, Lahore",Johar Town,Lahore
PROP002613,Bilal چوہدری,08902-8292796-0,Hassan Chaudhary,,16237358,"H-05741, Peoples Colony, Faisalabad",Peoples Colony,Faisalabad
PROP002614,Ahmed راجہ,47097-5345113-0,Muhammad Raja,1958-06-09,38937453,"H-05747, E-11, Islamabad",E-11,Islamabad
PROP002615,Muhammed Ahmad Raja,47097-5345413-0,Muhammed Raja,1958-06-09,41819416,"H-05747, E-11, Islamabad",E-11,Islamabad
PROP002616,احمد Shaykh,64718-6018782-9,,1969-03-15,4543360,"H-05748, Gulberg, Lahore",Gulberg,Lahore
PROP002617,Muhammed Hassan Butt,99659-5228681-4,Muhammed فیصل Bhatti,,12469639,"H-05753, Satellite Town, Rawalpindi",Satellite Town,Rawalpindi
PROP002618,Hasan Butt,99659-5228681-4,Muhammad Faisal بٹ,1991-06-26,19277448,"H-05753, Satellite Town, Rawalpindi",Satellite Town,Rawalpindi
PROP002619,Faisal ملک,39243-1917070-8,حسن Malick,,5244072,"H-05754, DHA, Karachi",DHA,Karachi
PROP002620,بلال Malick,,,1984-04-27,20982413,"H-05755, Satellite Town, Rawalpindi",Satellite Town,Rawalpindi
PROP002621,Mohammad Awan,81630-9039184-1,Muhammad Awan,1977-05-17,12893336,"H-05757, Bahria Town, Islamabad",Bahria Town,Islamabad
PROP002622,Fatimah Butt,40520-7642708-7,Muhammed بلال Bhatti,1983-08-01,76813376,"H-05765, Gulshan-e-Iqbal, Karachi",Gulshan-e-Iqbal,Karachi
PROP002623,Fatimah Bhatti,40520-7642708-7,Bilal Bhatti,,70335685,"H-05765, Gulshan-e-Iqbal, Karachi",Gulshan-e-Iqbal,Karachi
PROP002624,فاطمہ Butt,40520-7642708-7,Bilal Butt,1983-08-01,102030654,"H-05765, Gulshan-e-Iqbal, Karachi",Gulshan-e-Iqbal,Karachi
PROP002625,Ayisha Raja,16386-8293324-2,بلال راجہ,1964-10-12,6229718,"H-05768, Model Town, Lahore",Model Town,Lahore
PROP002626,Ahmad راجہ,,عمران Raja,1992-09-17,9293926,"H-05770, Madina Town, Faisalabad",Madina Town,Faisalabad
PROP002627,Muhammed Ali Khan,47372-5905299-8,احمد خان,1985-06-27,2000000,"H-05771, Satellite Town, Rawalpindi",Satellite Town,Rawalpindi
PROP002628,Hassan مغل,56046-6394484-2,عثمان Mughal,1956-01-25,11244524,"H-05772, Clifton, Karachi",Clifton,Karachi
PROP002629,Ahmed Choudhary,25960-5622245-2,Mohammad فیصل Chaudhary,1981-08-07,17633659,"H-05777, North Nazimabad, Karachi",North Nazimabad,Karachi
PROP002630,علی اعوان,,بلال اعوان,1975-06-17,15989637,"H-05779, Chaklala, Rawalpindi",Chaklala,Rawalpindi
PROP002631,علی Awan,91225-3053680-7,Muhammed Bilal اعوان,1975-06-17,21968921,"H-05779, Chaklala, Rawalpindi",Chaklala,Rawalpindi
PROP002632,حسن Moghul,29003-9096291-0,Mohammad Husain Moghul,1994-02-10,4230444,"H-05780, Malir, Karachi",Malir,Karachi
PROP002633,محمد Awan,92123-9337922-1,Mohammed بلال اعوان,,11262251,"H-05785, Madina Town, Faisalabad",Madina Town,Faisalabad
PROP002634,Muhammad اعوان,92123-9337922-1,Mohammad Bilal Awan,1971-03-24,12189321,"H-05785, Madina Town, Faisalabad",Madina Town,Faisalabad
PROP002635,Ayisha Shaykh,89952-9923016-1,Ali Sheikh,1967-04-26,8373961,"H-05786, E-11, Islamabad",E-11,Islamabad
PROP002636,Hasan Khan,90233-4103627-5,Muhammad Bilal خان,1970-11-03,47655103,"H-05787, Jaranwala Road, Faisalabad",Jaranwala Road,Faisalabad
PROP002637,Hassan خان,90233-4103627-5,,1970-11-03,37803402,"H-05787, Jaranwala Road, Faisalabad",Jaranwala Road,Faisalabad
PROP002638,Mohammad حسن Khan,90233-4103627-5,Mohammed Bilal خان,1970-11-03,43778914,"H-05787, Jaranwala Road, Faisalabad",Jaranwala Road,Faisalabad
PROP002639,Mohammad Ali Malick,16537-9537378-0,Hussein ملک,1958-03-15,64573820,"H-05788, F-8, Islamabad",F-8,Islamabad
PROP002640,Ali Malik,16537-9537378-0,,1958-03-15,93110150,"H-05788, F-8, Islamabad",F-8,Islamabad
PROP002641,علی ملک,,,,37611640,"H-05788, F-8, Islamabad",F-8,Islamabad
PROP002642,Usman راجہ,13252-5273430-1,Mohammed علی راجہ,1972-05-12,4066110,"H-05793, DHA, Lahore",DHA,Lahore
PROP002643,Muhammad علی Bhatti,91121-5189435-0,عمران Butt,1985-02-07,20599480,"H-05797, Jaranwala Road, Faisalabad",Jaranwala Road,Faisalabad
PROP002644,Imran بٹ,41693-5850623-3,Ahmed Bhatti,1991-01-26,93299579,"H-05808, Malir, Karachi",Malir,Karachi
PROP002645,Muhammed عمران Butt,41693-5850623-3,Ahmad Butt,1991-01-26,140707085,"H-05808, Malir, Karachi",Malir,Karachi
PROP002646,Imran Bhatti,41693-5850623-3,Ahmed Butt,1991-01-26,137676274,"H-05808, Malir, Karachi",Malir,Karachi
PROP002647,Hamza Choudhary,91091-9651607-6,حمزہ Chaudhary,1976-11-18,14293183,"H-05809, E-11, Islamabad",E-11,Islamabad
PROP002648,محمد Khan,64396-9804372-9,,1990-10-14,2695916,"H-05811, F-8, Islamabad",F-8,Islamabad
PROP002649,Mohammed Hassan Mughal,70114-3648583-7,Muhammad مغل,1985-11-12,9681671,"H-05818, Cantt, Lahore",Cantt,Lahore
PROP002650,Aysha بٹ,22140-4330509-1,Mohammad Imran Bhatti,1996-08-08,3878669,"H-05823, Jaranwala Road, Faisalabad",Jaranwala Road,Faisalabad
PROP002651,Hamzah چوہدری,64405-5020880-6,حسین چوہدری,1984-01-09,12079618,"H-05828, DHA, Karachi",DHA,Karachi
PROP002652,Ali راجہ,97563-2824608-9,علی راجہ,1994-05-21,2000000,"H-05829, Gulshan-e-Iqbal, Karachi",Gulshan-e-Iqbal,Karachi
PROP002653,Muhammed حمزہ اعوان,41397-9561592-0,حسین Awan,1983-01-04,47997283,"H-05830, Jaranwala Road, Faisalabad",Jaranwala Road,Faisalabad
PROP002654,Hamzah اعوان,21397-9561592-0,Muhammad حسین اعوان,1983-01-04,54134853,"H-05830, Jaranwala Road, Faisalabad",Jaranwala Road,Faisalabad
PROP002655,Mohammad حمزہ Awan,41397-9561592-0,,1983-01-04,68008436,"H-05830, Jaranwala Road, Faisalabad",Jaranwala Road,Faisalabad
PROP002656,Marium خان,24216-2645723-7,Mohammad Faysal خان,1991-08-01,10094894,"H-05831, Bahria Town, Islamabad",Bahria Town,Islamabad
PROP002657,Mariam Khan,24216-2645723-7,Faisal خان,1991-08-01,11772383,"H-05831, Bahria Town, Islamabad",Bahria Town,Islamabad
PROP002658,ثناء Malik,66803-1507082-7,Muhammad ملک,1994-05-03,11238681,"H-05834, Peoples Colony, Faisalabad",Peoples Colony,Faisalabad
PROP002659,Muhammad راجہ,71750-4897763-4,Muhammed Othman راجہ,1980-06-03,14155411,"H-05837, DHA, Karachi",DHA,Karachi
PROP002660,Mohammad Hamza راجہ,50720-3985388-1,Ahmed راجہ,2000-04-21,50843282,"H-05842, Model Town, Lahore",Model Town,Lahore
PROP002661,حمزہ راجہ,50720-3985388-1,احمد Raja,2000-04-21,47132100,"H-05842, Model Town, Lahore",Model Town,Lahore
PROP002662,حمزہ راجہ,50720-3985388-5,Ahmad راجہ,2000-04-21,47270417,"H-05842, Model Town, Lahore",Model Town,Lahore
PROP002663,Muhammad عمران Butt,16367-2263590-3,بلال Butt,1985-03-10,7229896,"H-05847, Peoples Colony, Faisalabad",Peoples Colony,Faisalabad
PROP002664,بلال بٹ,12571-3112631-9,Ahmed بٹ,,2000000,"H-05849, DHA, Lahore",DHA,Lahore
PROP002665,حرا خان,63204-6682316-9,,1973-05-02,2000000,"H-05855, E-11, Islamabad",E-11,Islamabad
PROP002666,Muhammad چوہدری,18846-4438669-0,Muhammed Hussein Choudhary,1960-09-26,17402499,"H-05856, Bahria Town, Rawalpindi",Bahria Town,Rawalpindi
PROP002667,Hamza Shaykh,97138-1323957-4,حسن Sheikh,1980-10-03,23278052,"H-05866, Cantt, Lahore",Cantt,Lahore
PROP002668,Hassan Raja,67122-2490345-9,,,12117774,"H-05867, North Nazimabad, Karachi",North Nazimabad,Karachi
PROP002669,زینب Qureshi,68912-6369560-3,Muhammed Hamzah Quraishi,1955-01-09,21540553,"H-05868, F-8, Islamabad",F-8,Islamabad
PROP002670,Zainab قریشی,68912-6369560-3,Hamzah Quraishi,1955-01-09,20397047,"H-05868, F-8, Islamabad",F-8,Islamabad
PROP002671,Zaynab قریشی,68912-6369560-3,Hamza Qureshi,1955-01-09,19161982,"H-05868, F-8, Islamabad",F-8,Islamabad
PROP002672,Imran Syed,39059-7008264-6,Muhammed حسن Sayyid,1992-05-22,6375549,"H-05876, Model Town, Lahore",Model Town,Lahore
PROP002673,علی شیخ,48283-1962432-9,حسن Sheikh,1971-03-13,61571998,"H-05877, F-8, Islamabad",F-8,Islamabad
PROP002674,حرا راجہ,35513-6124120-5,,1962-01-15,2536741,"H-05880, Malir, Karachi",Malir,Karachi
PROP002675,Zainab Qureshi,66020-6089466-7,علی قریشی,1963-04-03,13105440,"H-05881, Clifton, Karachi",Clifton,Karachi
PROP002676,Muhammed علی Khan,68457-7619171-5,حمزہ خان,,21302083,"H-05882, DHA, Lahore",DHA,Lahore
PROP002677,حسن Bhatti,45521-8776963-7,Bilal بٹ,2002-03-08,10660313,"H-05883, Model Town, Lahore",Model Town,Lahore
PROP002678,Mariam Chaudhary,25688-4049919-0,Hussain Chaudhary,1977-10-16,2000000,"H-05884, Satellite Town, Rawalpindi",Satellite Town,Rawalpindi
PROP002679,Mohammad حسین راجہ,66814-9075273-7,Faysal Raja,1969-04-18,2000000,"H-05887, Gulshan-e-Iqbal, Karachi",Gulshan-e-Iqbal,Karachi
PROP002680,Ali Bhatti,65458-7918573-7,Muhammed عمران Butt,1979-12-26,13963486,"H-05892, Malir, Karachi",Malir,Karachi
PROP002681,زینب Qureshi,77750-4345860-7,,1968-02-02,8831669,"H-05893, Gulberg, Lahore",Gulberg,Lahore
PROP002682,حمزہ Syed,21302-1671083-7,Hamzah سید,1984-04-21,5513452,"H-05894, Clifton, Karachi",Clifton,Karachi
PROP002683,زینب Malik,21861-3763779-7,Othman ملک,1985-10-18,9450528,"H-05895, G-10, Islamabad",G-10,Islamabad
PROP002684,Ahmad Shaikh,83635-8698015-0,Hassan شیخ,1972-02-04,4220701,"H-05898, Madina Town, Faisalabad",Madina Town,Faisalabad
PROP002685,Muhammed Hamzah راجہ,79848-4747375-5,علی Raja,1979-03-24,16653787,"H-05909, Madina Town, Faisalabad",Madina Town,Faisalabad
PROP002686,علی Chaudhry,66524-9225282-3,,1999-06-22,38526568,"H-05912, Gulberg, Lahore",Gulberg,Lahore
PROP002687,Ahmed Moghul,25689-2169887-1,Ali مغل,1956-12-05,3014582,"H-05913, Bahria Town, Rawalpindi",Bahria Town,Rawalpindi
PROP002688,بلال Ch.,48714-2603001-9,Faysal Ch.,1969-09-19,26021479,"H-05914, Malir, Karachi",Malir,Karachi
PROP002689,Bilal Chaudhry,,فیصل چوہدری,1969-09-19,29882326,"H-05914, Malir, Karachi",Malir,Karachi
PROP002690,Bilal Ch.,,Faisal چوہدری,1969-09-19,30417641,"H-05914, Malir, Karachi",Malir,Karachi
PROP002691,Muhammad Hussain Khan,53973-7627455-3,عثمان Khan,1973-07-19,55907231,"H-05915, Jaranwala Road, Faisalabad",Jaranwala Road,Faisalabad
PROP002692,Hussain خان,53973-7627455-3,Othman خان,1973-07-19,43769988,"H-05915, Jaranwala Road, Faisalabad",Jaranwala Road,Faisalabad
PROP002693,مریم شیخ,86215-8124975-6,,1992-01-28,3675953,"H-05916, F-8, Islamabad",F-8,Islamabad
PROP002694,Marium Malick,27431-4693507-7,,1992-01-08,7139904,"H-05921, Gulberg, Lahore",Gulberg,Lahore
PROP002695,Hamzah Shaykh,33575-4553518-4,Mohammad Shaikh,1982-09-18,5238831,"H-05926, Satellite Town, Rawalpindi",Satellite Town,Rawalpindi
PROP002696,Hamza Quraishi,64746-7534276-8,Faisal قریشی,1999-08-23,6220943,"H-05927, Cantt, Lahore",Cantt,Lahore
PROP002697,علی ملک,76897-4426595-1,Bilal Malick,1993-09-05,13650608,"H-05928, Madina Town, Faisalabad",Madina Town,Faisalabad
PROP002698,Ali Malik,76897-4426595-1,Muhammed Bilal ملک,1993-09-05,17064945,"H-05928, Madina Town, Faisalabad",Madina Town,Faisalabad
PROP002699,Ali Malik,76897-4426595-1,Bilal Malik,1993-09-05,17598437,"H-05928, Madina Town, Faisalabad",Madina Town,Faisalabad
PROP002700,حمزہ Mughal,88721-5100200-4,,1998-11-01,83885358,"H-05929, Jaranwala Road, Faisalabad",Jaranwala Road,Faisalabad
PROP002701,Mohammed Hamzah Mughal,58721-5100200-4,Ali Moghul,1998-11-01,99389715,"H-05929, Jaranwala Road, Faisalabad",Jaranwala Road,Faisalabad
PROP002702,Hamzah Ch.,67904-8557386-5,بلال Choudhary,1977-03-20,18062700,"H-05930, F-8, Islamabad",F-8,Islamabad
PROP002703,Hamza Choudhary,61904-8557386-5,Bilal چوہدری,1977-03-20,9698910,"H-05930, F-8, Islamabad",F-8,Islamabad
PROP002704,Usman چوہدری,62069-2987450-0,Muhammad Chaudhry,1972-11-14,15767427,"H-05931, Clifton, Karachi",Clifton,Karachi
PROP002705,Husain ملک,30643-4942146-9,حمزہ Malik,,11366383,"H-05934, E-11, Islamabad",E-11,Islamabad
PROP002706,Muhammed Bilal قریشی,24434-7642494-0,Hassan Qureshi,1966-11-18,12285232,"H-05936, Bahria Town, Rawalpindi",Bahria Town,Rawalpindi
PROP002707,Imran Raja,11364-9880273-2,Hasan Raja,1961-05-07,18448611,"H-05938, Cantt, Lahore",Cantt,Lahore
PROP002708,بلال Shaykh,62767-9522915-7,,2003-03-06,25784095,"H-05942, Satellite Town, Rawalpindi",Satellite Town,Rawalpindi
PROP002709,فاطمہ سید,59903-9598291-5,,1981-05-24,29285928,"H-05947, Malir, Karachi",Malir,Karachi
PROP002710,حسین Qureshi,61091-9923399-7,Usman Quraishi,1959-02-20,2000000,"H-05956, E-11, Islamabad",E-11,Islamabad
PROP002711,Mohammad عثمان Awan,76858-8227025-4,Osman Awan,1998-04-05,48184399,"H-05961, DHA, Lahore",DHA,Lahore
PROP002712,Othman اعوان,76958-8227025-4,عثمان Awan,1998-04-05,28390419,"H-05961, DHA, Lahore",DHA,Lahore
PROP002713,Muhammed عثمان Awan,76858-8227025-4,Usman Awan,1998-04-05,36636305,"H-05961, DHA, Lahore",DHA,Lahore
PROP002714,Imran خان,74607-9244043-0,Mohammad خان,2000-07-27,12521344,"H-05963, G-10, Islamabad",G-10,Islamabad
PROP002715,Bilal راجہ,46554-4622458-2,,1960-03-15,2000000,"H-05967, DHA, Lahore",DHA,Lahore
PROP002716,Hasan ملک,67828-1796229-5,Muhammed فیصل Malik,1995-05-18,34423624,"H-05970, Chaklala, Rawalpindi",Chaklala,Rawalpindi
PROP002717,Zainab Chaudhry,73300-4628747-2,عمران چوہدری,1995-05-12,9307764,"H-05971, F-7, Islamabad",F-7,Islamabad
PROP002718,فیصل Butt,36593-5309422-9,حمزہ بٹ,1984-06-21,3602928,"H-05973, Clifton, Karachi",Clifton,Karachi
PROP002719,Faisal Bhatti,94484-7967741-5,,1962-09-11,2480536,"H-05981, Madina Town, Faisalabad",Madina Town,Faisalabad
PROP002720,Ali خان,,Mohammed Ahmad خان,1997-12-24,7349866,"H-05982, Gulberg, Lahore",Gulberg,Lahore
PROP002721,Faisal اعوان,91317-9736407-0,بلال Awan,1975-08-05,27977343,"H-05984, DHA, Lahore",DHA,Lahore
PROP002722,Ahmad سید,50195-7063373-6,,1966-11-09,13698748,"H-05985, Bahria Town, Islamabad",Bahria Town,Islamabad
PROP002723,Othman Ch.,62397-6489518-6,Imran Ch.,1961-06-09,2810509,"H-05986, Saddar, Rawalpindi",Saddar,Rawalpindi
PROP002724,Bilal اعوان,49432-5566139-6,احمد اعوان,1997-08-07,2000000,"H-05988, North Nazimabad, Karachi",North Nazimabad,Karachi
PROP002725,حمزہ Syed,05689-5229604-0,محمد Sayed,1961-11-17,3310485,"H-05989, Satellite Town, Rawalpindi",Satellite Town,Rawalpindi
PROP002726,Sana بٹ,41641-4554194-6,Ahmed Bhatti,1990-10-04,26696257,"H-05996, Johar Town, Lahore",Johar Town,Lahore
PROP002727,فیصل Awan,10597-2226189-3,حسین اعوان,1986-03-24,5508986,"H-06001, Jaranwala Road, Faisalabad",Jaranwala Road,Faisalabad
PROP002728,Marium Chaudhry,65308-7498271-7,عثمان چوہدری,1959-10-14,46165454,"H-06002, Jaranwala Road, Faisalabad",Jaranwala Road,Faisalabad
PROP002729,Marium Chaudhry,65308-7498271-7,Osman Chaudhry,1959-10-14,57932179,"H-06002, Jaranwala Road, Faisalabad",Jaranwala Road,Faisalabad
PROP002730,Mariam Khan,32686-9069378-4,Mohammed Faysal خان,,8223381,"H-06003, Cantt, Lahore",Cantt,Lahore
PROP002731,Hamza خان,32246-5977174-8,,1959-04-13,2653273,"H-06006, Gulberg, Lahore",Gulberg,Lahore
PROP002732,Zainab قریشی,94523-7628219-6,Mohammed حسن Quraishi,1991-05-01,16661832,"H-06007, E-11, Islamabad",E-11,Islamabad
PROP002733,Hamza Quraishi,78287-3635636-7,Hamza Qureshi,1978-10-10,110607714,"H-06008, Peoples Colony, Faisalabad",Peoples Colony,Faisalabad
PROP002734,حمزہ قریشی,78287-3635636-7,Mohammed حمزہ قریشی,1978-10-10,90475411,"H-06008, Peoples Colony, Faisalabad",Peoples Colony,Faisalabad
PROP002735,Muhammed علی Awan,87451-3530580-4,Mohammad بلال Awan,1984-06-20,23741459,"H-06009, DHA, Karachi",DHA,Karachi
PROP002736,بلال Mughal,41499-5343585-5,عثمان مغل,1974-03-21,10891225,"H-06012, G-10, Islamabad",G-10,Islamabad
PROP002737,Bilal مغل,41499-5343585-5,Mohammed Othman Mughal,1974-03-21,16667841,"H-06012, G-10, Islamabad",G-10,Islamabad
PROP002738,Fatimah Bhatti,55324-4402161-9,Imran بٹ,1983-11-21,2729744,"H-06013, E-11, Islamabad",E-11,Islamabad
PROP002739,Othman Quraishi,,Faisal Qureshi,,9217408,"H-06024, F-8, Islamabad",F-8,Islamabad
PROP002740,Muhammed Moghul,25861-1514490-7,Mohammed عمران Moghul,1955-12-27,18494162,"H-06027, Madina Town, Faisalabad",Madina Town,Faisalabad
PROP002741,Ahmed Malik,96543-9029278-8,,1977-11-15,19498473,"H-06031, Bahria Town, Rawalpindi",Bahria Town,Rawalpindi
PROP002742,Ahmed Malick,96543-9029278-8,Hussein Malik,1977-11-15,14771239,"H-06031, Bahria Town, Rawalpindi",Bahria Town,Rawalpindi
PROP002743,Faisal Raja,,Muhammed Hassan راجہ,1965-10-05,11492824,"H-06036, Malir, Karachi",Malir,Karachi
PROP002744,محمد Bhatti,53365-7297852-0,حسن بٹ,1956-03-20,12026377,"H-06038, Cantt, Lahore",Cantt,Lahore
PROP002745,عمران Awan,32255-1401224-7,Othman Awan,1964-01-01,49933807,"H-06039, DHA, Lahore",DHA,Lahore
PROP002746,عمران اعوان,,Usman Awan,1964-01-01,38922168,"H-06039, DHA, Lahore",DHA,Lahore
PROP002747,Bilal مغل,77035-8252662-0,بلال Moghul,2000-03-08,28188934,"H-06040, DHA, Lahore",DHA,Lahore
PROP002748,Bilal مغل,77035-8252662-0,Mohammad Bilal Mughal,2000-03-08,26065939,"H-06040, DHA, Lahore",DHA,Lahore
PROP002749,عمران Bhatti,92281-9943189-8,Mohammed Othman بٹ,1981-11-08,5833945,"H-06046, North Nazimabad, Karachi",North Nazimabad,Karachi
PROP002750,علی ملک,16402-5812415-1,بلال Malick,1972-09-28,22780147,"H-06047, DHA, Lahore",DHA,Lahore
PROP002751,Osman Qureshi,,Hasan Quraishi,1963-02-17,9798431,"H-06048, Peoples Colony, Faisalabad",Peoples Colony,Faisalabad
PROP002752,Osman Quraishi,,حسن Qureshi,1963-02-17,10533496,"H-06048, Peoples Colony, Faisalabad",Peoples Colony,Faisalabad
PROP002753,فاطمہ Choudhary,21011-9049251-2,Hamzah Choudhary,,23458166,"H-06052, G-10, Islamabad",G-10,Islamabad
PROP002754,Mohammed علی Chaudhry,98240-9528533-6,Faisal Ch.,1994-11-17,25629975,"H-06056, Model Town, Lahore",Model Town,Lahore
PROP002755,Mohammad علی Chaudhary,98240-9528533-6,,1994-11-17,18689497,"H-06056, Model Town, Lahore",Model Town,Lahore
PROP002756,علی Chaudhary,98240-9528533-6,,1994-11-17,21473207,"H-06056, Model Town, Lahore",Model Town,Lahore
PROP002757,Ali Mughal,65639-2381452-3,Imran مغل,1966-12-04,37247939,"H-06058, Saddar, Rawalpindi",Saddar,Rawalpindi
PROP002758,Mohammed Osman مغل,20559-9752754-9,Muhammad حمزہ Moghul,,20638277,"H-06061, Saddar, Rawalpindi",Saddar,Rawalpindi
PROP002759,Imran اعوان,36085-4651609-7,عمران اعوان,,8630455,"H-06062, Malir, Karachi",Malir,Karachi
PROP002760,علی Chaudhry,96554-2408453-4,علی Chaudhry,1960-06-17,3351290,"H-06066, Gulshan-e-Iqbal, Karachi",Gulshan-e-Iqbal,Karachi
PROP002761,Osman Malick,50101-4653913-8,علی Malick,1977-01-02,24300837,"H-06067, F-8, Islamabad",F-8,Islamabad
PROP002762,Mohammed Osman Malik,,Ali Malik,,33667346,"H-06067, F-8, Islamabad",F-8,Islamabad
PROP002763,Muhammad حمزہ خان,50957-3906103-2,Hassan خان,1973-02-15,13594685,"H-06071, Gulberg, Lahore",Gulberg,Lahore
PROP002764,Muhammad حمزہ خان,50957-3906103-2,Hasan خان,1973-02-15,17126293,"H-06071, Gulberg, Lahore",Gulberg,Lahore
PROP002765,Muhammad Ahmed ملک,14721-7125964-2,حسین ملک,,2720746,"H-06072, Saddar, Rawalpindi",Saddar,Rawalpindi
PROP002766,Muhammed Hamzah Malick,14982-5838485-0,Mohammad Ali ملک,1983-01-21,43803230,"H-06073, Bahria Town, Rawalpindi",Bahria Town,Rawalpindi
PROP002767,Hamza ملک,,Ali ملک,1983-01-21,46386296,"H-06073, Bahria Town, Rawalpindi",Bahria Town,Rawalpindi
PROP002768,Hamzah Malick,14982-5838485-0,Ali Malik,1983-01-21,44794493,"H-06073, Bahria Town, Rawalpindi",Bahria Town,Rawalpindi
PROP002769,حسین Moghul,12372-5010711-0,,1969-08-19,16655827,"H-06080, Saddar, Rawalpindi",Saddar,Rawalpindi
PROP002770,عائشہ راجہ,31079-8764895-6,حمزہ راجہ,,2000000,"H-06081, F-7, Islamabad",F-7,Islamabad
PROP002771,ثناء مغل,14872-5738481-3,Imran Moghul,1999-02-02,10758347,"H-06086, Jaranwala Road, Faisalabad",Jaranwala Road,Faisalabad
PROP002772,Osman Mughal,13687-2084573-8,,1983-03-02,2000000,"H-06093, Model Town, Lahore",Model Town,Lahore
PROP002773,Mohammed عثمان Choudhary,10829-1174560-5,Imran Choudhary,1968-06-22,3373385,"H-06098, Gulshan-e-Iqbal, Karachi",Gulshan-e-Iqbal,Karachi
PROP002774,مریم Khan,35983-4135949-5,حمزہ Khan,1998-10-17,4194666,"H-06100, North Nazimabad, Karachi",North Nazimabad,Karachi
PROP002775,عثمان Moghul,43834-1121070-1,Muhammed Faisal مغل,1970-10-26,5781649,"H-06102, Madina Town, Faisalabad",Madina Town,Faisalabad
PROP002776,Muhammed فیصل Qureshi,30445-7760001-9,Muhammed Othman Qureshi,1964-10-25,8404366,"H-06104, Clifton, Karachi",Clifton,Karachi
PROP002777,Ahmed Khan,80594-7405974-8,Osman خان,1963-02-22,7728852,"H-06105, Bahria Town, Rawalpindi",Bahria Town,Rawalpindi
PROP002778,Osman Moghul,36513-4076363-5,حمزہ مغل,1956-11-25,2000000,"H-06106, DHA, Karachi",DHA,Karachi
PROP002779,Mohammad Sheikh,59114-2836354-4,,1975-04-26,26225010,"H-06109, Bahria Town, Rawalpindi",Bahria Town,Rawalpindi
PROP002780,Hussein Khan,18000-3817808-5,عثمان خان,1988-08-17,6131717,"H-06113, Madina Town, Faisalabad",Madina Town,Faisalabad
PROP002781,Mohammad Ahmed چوہدری,,,,23199503,"H-06114, Clifton, Karachi",Clifton,Karachi
PROP002782,احمد Bhatti,44100-2768925-9,Hasan Butt,1966-03-28,47410720,"H-06117, Chaklala, Rawalpindi",Chaklala,Rawalpindi
PROP002783,Ahmed بٹ,44100-2768925-9,Mohammad Hassan Bhatti,1966-03-28,54763324,"H-06117, Chaklala, Rawalpindi",Chaklala,Rawalpindi
PROP002784,Muhammad Ahmad Butt,44100-2768925-9,Muhammed Hassan بٹ,,42272596,"H-06117, Chaklala, Rawalpindi",Chaklala,Rawalpindi
PROP002785,Ali Malik,88352-9990878-7,Mohammed Malick,1962-07-05,7808128,"H-06123, Jaranwala Road, Faisalabad",Jaranwala Road,Faisalabad
PROP002786,Fatema خان,51446-3199905-7,Mohammed فیصل خان,1976-09-21,69836526,"H-06127, Jaranwala Road, Faisalabad",Jaranwala Road,Faisalabad
PROP002787,Fatimah خان,51446-3199905-7,Muhammed Faysal Khan,1976-09-21,61468032,"H-06127, Jaranwala Road, Faisalabad",Jaranwala Road,Faisalabad
PROP002788,Fatimah Khan,51446-3199905-7,Faisal خان,1976-09-21,65812824,"H-06127, Jaranwala Road, Faisalabad",Jaranwala Road,Faisalabad
PROP002789,Mohammad Quraishi,47036-6650405-2,عمران Qureshi,1962-04-09,147522462,"H-06129, Cantt, Lahore",Cantt,Lahore
PROP002790,Mohammad Qureshi,47036-6650405-2,عمران Quraishi,1962-04-09,103473620,"H-06129, Cantt, Lahore",Cantt,Lahore
PROP002791,Muhammed Qureshi,47036-6650405-2,,1962-04-09,95406914,"H-06129, Cantt, Lahore",Cantt,Lahore
PROP002792,Fatimah Khan,98076-3150905-5,Othman Khan,1959-04-02,12965862,"H-06131, F-7, Islamabad",F-7,Islamabad
PROP002793,Fatima خان,,عثمان خان,1959-04-02,9368621,"H-06131, F-7, Islamabad",F-7,Islamabad
PROP002794,بلال قریشی,78959-3457774-9,Ali Quraishi,1974-01-21,10757442,"H-06135, E-11, Islamabad",E-11,Islamabad
PROP002795,Marium Sayed,,,1983-05-20,13747011,"H-06136, DHA, Karachi",DHA,Karachi
PROP002796,Maryam سید,79216-8450065-0,Mohammad Sayed,1983-05-20,14764024,"H-06136, DHA, Karachi",DHA,Karachi
PROP002797,Hussain Shaikh,23183-9178649-9,,2000-10-11,2000000,"H-06142, Gulshan-e-Iqbal, Karachi",Gulshan-e-Iqbal,Karachi
PROP002798,Hamzah ملک,63802-8231663-0,Mohammed Faisal ملک,1956-04-23,2000000,"H-06143, Peoples Colony, Faisalabad",Peoples Colony,Faisalabad
PROP002799,Mohammad حمزہ اعوان,85416-9825267-2,Hamza Awan,1984-11-26,3422754,"H-06149, DHA, Karachi",DHA,Karachi
PROP002800,Husain بٹ,59492-7039043-7,Hussain Bhatti,1968-08-11,23200830,"H-06151, Gulshan-e-Iqbal, Karachi",Gulshan-e-Iqbal,Karachi
PROP002801,Mohammed Hussain Butt,59492-7039043-7,حسین Bhatti,1968-08-11,27133741,"H-06151, Gulshan-e-Iqbal, Karachi",Gulshan-e-Iqbal,Karachi
PROP002802,Bilal Bhatti,37663-2127609-2,,1958-04-17,85272073,"H-06155, G-10, Islamabad",G-10,Islamabad
PROP002803,Mohammad بلال Butt,37663-2127609-2,Faisal Butt,1958-04-17,87793622,"H-06155, G-10, Islamabad",G-10,Islamabad
PROP002804,عمران چوہدری,32455-9096279-5,Muhammad Hamza Chaudhary,,19954637,"H-06159, Clifton, Karachi",Clifton,Karachi
PROP002805,Muhammed عمران Ch.,32455-9096279-5,Hamza Chaudhry,1956-04-10,19061313,"H-06159, Clifton, Karachi",Clifton,Karachi
PROP002806,Ayesha راجہ,80099-7198276-4,Hasan راجہ,1980-03-21,8622472,"H-06160, Gulshan-e-Iqbal, Karachi",Gulshan-e-Iqbal,Karachi
PROP002807,Ayisha راجہ,80099-7198276-4,Muhammed Hassan Raja,1980-03-21,9711584,"H-06160, Gulshan-e-Iqbal, Karachi",Gulshan-e-Iqbal,Karachi
PROP002808,Ahmed Malik,14399-6033654-0,Muhammad Hussein ملک,2000-08-18,29086332,"H-06164, Malir, Karachi",Malir,Karachi
PROP002809,Fatima اعوان,16460-7268542-2,Mohammed احمد Awan,2001-11-15,4825299,"H-06165, Bahria Town, Islamabad",Bahria Town,Islamabad
PROP002810,Mohammed اعوان,,بلال اعوان,1986-12-09,2434164,"H-06167, Saddar, Rawalpindi",Saddar,Rawalpindi
PROP002811,Muhammad Imran اعوان,64116-2906961-5,حسین اعوان,1984-02-26,5947821,"H-06176, F-8, Islamabad",F-8,Islamabad
PROP002812,Mohammed بلال Butt,75172-2680074-7,حسن Bhatti,1982-02-17,80882245,"H-06185, North Nazimabad, Karachi",North Nazimabad,Karachi
PROP002813,Muhammed Bilal بٹ,,Mohammad Hasan بٹ,1982-02-17,59904829,"H-06185, North Nazimabad, Karachi",North Nazimabad,Karachi
PROP002814,بلال بٹ,75172-2680074-7,حسن Butt,1982-02-17,35950823,"H-06185, North Nazimabad, Karachi",North Nazimabad,Karachi
PROP002815,Hira قریشی,,Muhammad Hussein Qureshi,1982-03-19,10347730,"H-06191, Gulshan-e-Iqbal, Karachi",Gulshan-e-Iqbal,Karachi
PROP002816,Othman Butt,19782-1675700-9,Ali Butt,1980-08-04,3122733,"H-06192, F-8, Islamabad",F-8,Islamabad
PROP002817,Muhammed حمزہ Moghul,17785-8905306-6,Imran Mughal,1977-07-09,2000000,"H-06194, Chaklala, Rawalpindi",Chaklala,Rawalpindi
PROP002818,Muhammad عثمان Qureshi,42356-5250957-8,عمران قریشی,1979-10-11,4822570,"H-06195, Madina Town, Faisalabad",Madina Town,Faisalabad
PROP002819,Muhammad Ali Sheikh,68099-8078739-4,Bilal Shaikh,,5431695,"H-06196, North Nazimabad, Karachi",North Nazimabad,Karachi
PROP002820,Sana قریشی,39898-2087771-6,Faysal Quraishi,1961-04-20,2018060,"H-06199, Chaklala, Rawalpindi",Chaklala,Rawalpindi
PROP002821,Husain Syed,,عمران Sayed,1955-09-11,2003149,"H-06202, Malir, Karachi",Malir,Karachi
PROP002822,Aysha Moghul,,Mohammed Moghul,2000-08-18,4114742,"H-06203, Jaranwala Road, Faisalabad",Jaranwala Road,Faisalabad
PROP002823,Husain چوہدری,44066-7846972-7,حسین Choudhary,1955-12-01,3329040,"H-06207, Clifton, Karachi",Clifton,Karachi
PROP002824,Hassan Sheikh,06551-3859854-3,Hassan شیخ,1962-07-16,2000000,"H-06210, Saddar, Rawalpindi",Saddar,Rawalpindi
PROP002825,Zainab سید,84408-3224724-7,احمد Syed,1990-06-12,2000000,"H-06213, Peoples Colony, Faisalabad",Peoples Colony,Faisalabad
PROP002826,احمد Awan,71773-4755594-9,Muhammed حسن اعوان,1982-10-08,5246821,"H-06215, Peoples Colony, Faisalabad",Peoples Colony,Faisalabad
PROP002827,حسین Moghul,52406-3253971-4,Mohammad Faysal Moghul,1967-08-24,43280923,"H-06218, Gulberg, Lahore",Gulberg,Lahore
PROP002828,Husain مغل,52406-3253971-4,Faysal Moghul,1967-08-24,50555687,"H-06218, Gulberg, Lahore",Gulberg,Lahore
PROP002829,Hussein Moghul,52406-3253931-4,Faisal مغل,1967-08-24,57717106,"H-06218, Gulberg, Lahore",Gulberg,Lahore
PROP002830,Muhammad Ahmed Awan,82859-6578207-1,محمد Awan,1970-11-01,12261627,"H-06219, Bahria Town, Rawalpindi",Bahria Town,Rawalpindi
PROP002831,Bilal مغل,42063-9452006-9,احمد Mughal,1961-05-21,11258821,"H-06221, Gulshan-e-Iqbal, Karachi",Gulshan-e-Iqbal,Karachi
PROP002832,Muhammed عمران اعوان,11330-4921792-6,Mohammad Husain Awan,1988-01-01,12454506,"H-06227, Model Town, Lahore",Model Town,Lahore
PROP002833,Bilal سید,82009-1890394-4,Mohammad Faysal Sayed,1972-01-13,6506621,"H-06232, Peoples Colony, Faisalabad",Peoples Colony,Faisalabad
PROP002834,Husain Sayyid,53440-8769142-1,Mohammed Hamzah سید,1997-10-05,30478269,"H-06233, F-7, Islamabad",F-7,Islamabad
PROP002835,حسین Sayed,53440-8769142-1,,1997-10-05,41266761,"H-06233, F-7, Islamabad",F-7,Islamabad
PROP002836,زینب Moghul,49514-3253922-2,Mohammad Ahmad مغل,1980-10-14,3056103,"H-06237, Chaklala, Rawalpindi",Chaklala,Rawalpindi
PROP002837,زینب Mughal,49514-3253928-2,Mohammad احمد Mughal,1980-10-14,3209921,"H-06237, Chaklala, Rawalpindi",Chaklala,Rawalpindi
PROP002838,حرا ملک,29649-3233079-5,Muhammad ملک,1993-12-04,74201833,"H-06243, Bahria Town, Rawalpindi",Bahria Town,Rawalpindi
PROP002839,حرا ملک,29649-3233079-5,محمد Malick,1993-12-04,82207999,"H-06243, Bahria Town, Rawalpindi",Bahria Town,Rawalpindi
PROP002840,حرا Malick,29649-3233079-5,Mohammed Malik,1993-12-04,77884727,"H-06243, Bahria Town, Rawalpindi",Bahria Town,Rawalpindi
PROP002841,حمزہ Chaudhry,59068-4091139-3,علی Choudhary,1980-01-03,6198216,"H-06244, Gulberg, Lahore",Gulberg,Lahore
PROP002842,بلال Mughal,,Muhammed فیصل Moghul,1991-11-03,18365961,"H-06245, Jaranwala Road, Faisalabad",Jaranwala Road,Faisalabad
PROP002843,فیصل شیخ,67993-1665820-1,Imran شیخ,1968-03-16,14368122,"H-06249, Clifton, Karachi",Clifton,Karachi
PROP002844,Muhammed Ahmed مغل,57834-2416726-7,بلال مغل,2003-04-17,5530809,"H-06252, F-7, Islamabad",F-7,Islamabad
PROP002845,Muhammed علی Khan,,Hamzah Khan,1970-10-27,4777557,"H-06255, Madina Town, Faisalabad",Madina Town,Faisalabad
PROP002846,محمد Malick,99472-9932997-0,Mohammed Malik,2001-07-09,12110024,"H-06263, F-8, Islamabad",F-8,Islamabad
PROP002847,Mohammed عمران Mughal,79224-7906075-8,Muhammed Moghul,1961-03-23,5900164,"H-06265, Bahria Town, Rawalpindi",Bahria Town,Rawalpindi
PROP002848,Imran Malick,30261-6658647-5,Ahmed Malick,1965-07-13,17923659,"H-06267, Madina Town, Faisalabad",Madina Town,Faisalabad
PROP002849,حمزہ Raja,30607-8693651-2,Ahmad Raja,1970-07-20,2000000,"H-06268, Johar Town, Lahore",Johar Town,Lahore
PROP002850,Mariam خان,86825-7749707-3,Ahmad Khan,1981-06-28,31898390,"H-06269, Gulberg, Lahore",Gulberg,Lahore
PROP002851,Hassan اعوان,91714-4633289-8,Bilal Awan,1974-01-09,4234056,"H-06271, Satellite Town, Rawalpindi",Satellite Town,Rawalpindi
PROP002852,Mohammed حسن Khan,26967-7503446-9,,1962-06-08,2000000,"H-06273, Clifton, Karachi",Clifton,Karachi
PROP002853,Mohammed Hasan Khan,,Husain Khan,1962-06-08,2000000,"H-06273, Clifton, Karachi",Clifton,Karachi
PROP002854,Osman Moghul,33700-5609494-0,عمران Mughal,1973-11-01,11515311,"H-06275, Gulberg, Lahore",Gulberg,Lahore
PROP002855,محمد Sheikh,35778-4535591-2,علی Sheikh,,6154738,"H-06277, Madina Town, Faisalabad",Madina Town,Faisalabad
PROP002856,Sana Mughal,75571-6984499-5,Ahmad Mughal,,6598142,"H-06285, Johar Town, Lahore",Johar Town,Lahore
PROP002857,Mohammed عمران Chaudhary,61828-4797998-7,Mohammad Ch.,1999-11-24,2000000,"H-06286, Saddar, Rawalpindi",Saddar,Rawalpindi
PROP002858,عثمان Malick,28769-7691407-3,حسین Malick,2000-05-12,2992242,"H-06291, Peoples Colony, Faisalabad",Peoples Colony,Faisalabad
PROP002859,Ahmad Sayed,28345-8178695-8,Hussain Syed,1998-10-14,3173888,"H-06293, DHA, Karachi",DHA,Karachi
PROP002860,Osman شیخ,39769-7673860-2,Mohammed Faisal Shaikh,1996-02-18,2000000,"H-06296, Cantt, Lahore",Cantt,Lahore
PROP002861,Zainab مغل,93196-3199725-7,Muhammad Osman Moghul,1961-04-03,20682476,"H-06297, Johar Town, Lahore",Johar Town,Lahore
PROP002862,Zainab Moghul,93196-3199725-7,Usman Moghul,1961-04-03,18532636,"H-06297, Johar Town, Lahore",Johar Town,Lahore
PROP002863,حرا شیخ,41096-7067236-7,بلال Shaykh,1988-06-14,19671263,"H-06303, Peoples Colony, Faisalabad",Peoples Colony,Faisalabad
PROP002864,Mohammad Ahmad خان,97710-8904921-0,Mohammad حمزہ Khan,1995-07-01,2000000,"H-06307, Malir, Karachi",Malir,Karachi
PROP002865,Usman Chaudhry,,Mohammed Husain Choudhary,1960-06-05,9375502,"H-06308, DHA, Karachi",DHA,Karachi
PROP002866,احمد شیخ,42211-4369061-0,فیصل Shaikh,1973-04-26,32300703,"H-06309, Madina Town, Faisalabad",Madina Town,Faisalabad
PROP002867,Hira Awan,99607-9605904-6,,1988-10-21,6030675,"H-06311, G-10, Islamabad",G-10,Islamabad
PROP002868,Fatema چوہدری,96067-5844341-4,Ahmad چوہدری,1989-06-22,53516158,"H-06315, Madina Town, Faisalabad",Madina Town,Faisalabad
PROP002869,Hasan راجہ,18750-5366127-6,Hasan راجہ,1978-05-15,19869412,"H-06316, Model Town, Lahore",Model Town,Lahore
PROP002870,Hasan راجہ,18750-5366127-6,Hassan Raja,1978-05-15,14357667,"H-06316, Model Town, Lahore",Model Town,Lahore
PROP002871,فیصل Malick,17347-3862842-6,Hassan Malick,1992-11-02,22437900,"H-06320, DHA, Karachi",DHA,Karachi
PROP002872,Faysal Malick,17347-3862842-6,Hassan Malick,1992-11-02,22881674,"H-06320, DHA, Karachi",DHA,Karachi
PROP002873,Faysal ملک,17347-3862842-6,Hassan Malik,1992-11-02,30860052,"H-06320, DHA, Karachi",DHA,Karachi
PROP002874,Ahmed Butt,06607-3688092-3,,1965-02-07,2803210,"H-06325, F-8, Islamabad",F-8,Islamabad
PROP002875,فیصل Bhatti,22867-5745041-7,عثمان Butt,1979-03-19,2655019,"H-06327, Johar Town, Lahore",Johar Town,Lahore
PROP002876,Muhammad Othman Qureshi,79711-5313169-4,Mohammed Husain قریشی,2000-07-20,4049708,"H-06328, DHA, Lahore",DHA,Lahore
PROP002877,عثمان سید,74050-2656786-6,Imran Syed,1996-09-02,6684910,"H-06329, Model Town, Lahore",Model Town,Lahore
PROP002878,Othman Sayed,74050-2656786-6,Imran Sayyid,1996-09-02,7411706,"H-06329, Model Town, Lahore",Model Town,Lahore
PROP002879,Aisha خان,66621-7583688-5,Hussain Khan,1957-07-12,58251849,"H-06330, Jaranwala Road, Faisalabad",Jaranwala Road,Faisalabad
PROP002880,عائشہ Khan,66621-7583688-5,Hussain Khan,1957-07-12,91062094,"H-06330, Jaranwala Road, Faisalabad",Jaranwala Road,Faisalabad
PROP002881,Ayisha Khan,66621-7583688-5,Husain Khan,1957-07-12,46642056,"H-06330, Jaranwala Road, Faisalabad",Jaranwala Road,Faisalabad
PROP002882,مریم خان,96042-8798447-0,Mohammed خان,1987-03-13,24033279,"H-06338, Model Town, Lahore",Model Town,Lahore
PROP002883,بلال Butt,27794-6828685-0,حمزہ Butt,1971-08-14,2000000,"H-06339, Bahria Town, Rawalpindi",Bahria Town,Rawalpindi
PROP002884,Usman Awan,23547-8681241-1,حسین Awan,1973-12-01,46718730,"H-06341, F-7, Islamabad",F-7,Islamabad
PROP002885,فیصل اعوان,18878-2549817-5,Imran اعوان,1965-06-02,4341286,"H-06348, Clifton, Karachi",Clifton,Karachi
PROP002886,حسین Shaykh,30983-2589444-8,Muhammed Ali Shaikh,1989-09-24,13641843,"H-06349, DHA, Karachi",DHA,Karachi
PROP002887,Husain شیخ,30983-2589444-8,,1989-09-24,13441504,"H-06349, DHA, Karachi",DHA,Karachi
PROP002888,Mohammad Husain Shaikh,30983-2589444-8,Ali Shaykh,1989-09-24,21065620,"H-06349, DHA, Karachi",DHA,Karachi
PROP002889,حسن Ch.,58785-2675274-4,Muhammad Hamzah Chaudhry,1968-09-12,9098127,"H-06353, Bahria Town, Rawalpindi",Bahria Town,Rawalpindi
PROP002890,Hussain Ch.,72567-5789298-1,عثمان Choudhary,1973-11-01,22892465,"H-06354, E-11, Islamabad",E-11,Islamabad
PROP002891,حمزہ بٹ,63727-4278043-7,عمران Butt,2003-01-04,9005756,"H-06355, G-10, Islamabad",G-10,Islamabad
PROP002892,Bilal شیخ,24436-2866569-5,حمزہ Sheikh,1992-08-15,5441325,"H-06357, Johar Town, Lahore",Johar Town,Lahore
PROP002893,Mohammad Faysal Raja,16461-7507767-6,عثمان راجہ,1993-12-27,2226361,"H-06362, Peoples Colony, Faisalabad",Peoples Colony,Faisalabad
PROP002894,Mohammad Husain Malick,78912-6574033-3,Muhammed Malick,1972-05-11,6297235,"H-06367, Satellite Town, Rawalpindi",Satellite Town,Rawalpindi
PROP002895,Fatema Sayed,58240-3911182-0,Muhammad Usman Sayed,1982-11-14,3455135,"H-06370, Jaranwala Road, Faisalabad",Jaranwala Road,Faisalabad
PROP002896,Ali ملک,45694-7734359-5,بلال Malick,1968-11-17,8519716,"H-06371, Peoples Colony, Faisalabad",Peoples Colony,Faisalabad
PROP002897,Ali ملک,45694-7734359-5,Mohammed Bilal ملک,,11803772,"H-06371, Peoples Colony, Faisalabad",Peoples Colony,Faisalabad
PROP002898,Mohammed علی Raja,22031-8365170-6,عمران راجہ,1960-04-17,4361375,"H-06372, Satellite Town, Rawalpindi",Satellite Town,Rawalpindi
PROP002899,Ahmed مغل,,,1988-09-16,8354458,"H-06380, Satellite Town, Rawalpindi",Satellite Town,Rawalpindi
PROP002900,Zaynab Butt,40296-9442066-8,Muhammad بٹ,1982-08-04,5553925,"H-06385, Madina Town, Faisalabad",Madina Town,Faisalabad
PROP002901,Zainab شیخ,77289-8149950-9,حمزہ Shaikh,2002-06-22,39031683,"H-06386, F-7, Islamabad",F-7,Islamabad
PROP002902,Zaynab Shaykh,77289-8149950-9,حمزہ Sheikh,2002-06-22,45209691,"H-06386, F-7, Islamabad",F-7,Islamabad
PROP002903,Zaynab Shaikh,77289-8149950-9,Mohammed Hamzah Sheikh,2002-06-22,46008139,"H-06386, F-7, Islamabad",F-7,Islamabad
PROP002904,ثناء Shaykh,91153-8399551-6,Mohammed Husain Shaykh,1996-07-16,33320369,"H-06393, Malir, Karachi",Malir,Karachi
PROP002905,ثناء شیخ,91153-8399551-6,Hussein Shaikh,1996-07-16,55186281,"H-06393, Malir, Karachi",Malir,Karachi
PROP002906,Sana شیخ,91153-8339551-6,Hussain Shaikh,1996-07-16,46414295,"H-06393, Malir, Karachi",Malir,Karachi
PROP002907,Ali قریشی,26485-1257451-2,,1969-10-21,9144326,"H-06398, Madina Town, Faisalabad",Madina Town,Faisalabad
PROP002908,Muhammad حمزہ خان,69519-9059998-4,Husain Khan,1960-11-14,44350058,"H-06400, Gulshan-e-Iqbal, Karachi",Gulshan-e-Iqbal,Karachi
PROP002909,Hamza خان,69519-9059998-4,Mohammed Husain خان,1960-11-14,56148994,"H-06400, Gulshan-e-Iqbal, Karachi",Gulshan-e-Iqbal,Karachi
PROP002910,Bilal Malik,59228-3864074-6,عمران Malik,1959-05-22,7590352,"H-06402, Chaklala, Rawalpindi",Chaklala,Rawalpindi
PROP002911,بلال Malik,59228-3864074-6,عمران ملک,1959-05-22,9787925,"H-06402, Chaklala, Rawalpindi",Chaklala,Rawalpindi
PROP002912,Muhammed Hassan Raja,,Imran Raja,1965-08-12,13051729,"H-06413, Johar Town, Lahore",Johar Town,Lahore
PROP002913,عثمان ملک,,,1988-12-15,18220833,"H-06418, Gulshan-e-Iqbal, Karachi",Gulshan-e-Iqbal,Karachi
PROP002914,Mohammed عمران Choudhary,66837-7374368-6,Imran Chaudhary,,21394502,"H-06423, Saddar, Rawalpindi",Saddar,Rawalpindi
PROP002915,Imran Chaudhry,66837-7374368-6,,1987-05-25,19052597,"H-06423, Saddar, Rawalpindi",Saddar,Rawalpindi
PROP002916,Muhammad Hamzah Shaikh,38428-6635054-8,Muhammed Othman شیخ,1979-10-07,9892763,"H-06425, Chaklala, Rawalpindi",Chaklala,Rawalpindi
PROP002917,Hira Butt,27937-1876074-5,Muhammed Butt,1965-05-02,6213898,"H-06426, Model Town, Lahore",Model Town,Lahore
PROP002918,Muhammad علی اعوان,,Bilal اعوان,1955-08-23,2000000,"H-06431, Saddar, Rawalpindi",Saddar,Rawalpindi
PROP002919,Mohammad علی مغل,,Hamza Moghul,1993-07-23,15949285,"H-06439, Chaklala, Rawalpindi",Chaklala,Rawalpindi
PROP002920,Muhammad Faisal Awan,15078-3743597-8,Bilal Awan,1982-12-27,24638905,"H-06441, Bahria Town, Rawalpindi",Bahria Town,Rawalpindi
PROP002921,عمران Butt,53482-2782349-0,,1974-06-06,11066332,"H-06448, Saddar, Rawalpindi",Saddar,Rawalpindi
PROP002922,Muhammad Syed,39581-6718280-5,Mohammad Faisal Syed,1994-08-04,71228138,"H-06450, Malir, Karachi",Malir,Karachi
PROP002923,Mohammad Syed,39581-6718280-5,فیصل سید,1994-08-04,78772892,"H-06450, Malir, Karachi",Malir,Karachi
PROP002924,Muhammed Syed,39581-6718280-5,,1994-08-04,65187160,"H-06450, Malir, Karachi",Malir,Karachi
PROP002925,Muhammed احمد Sayed,17743-2324256-6,,1975-10-11,7497562,"H-06451, Chaklala, Rawalpindi",Chaklala,Rawalpindi
PROP002926,Mohammed شیخ,99414-5008922-6,,2000-07-12,22057449,"H-06454, Saddar, Rawalpindi",Saddar,Rawalpindi
PROP002927,محمد Shaikh,99414-5008922-6,Hussain Shaikh,2000-07-12,21818458,"H-06454, Saddar, Rawalpindi",Saddar,Rawalpindi
PROP002928,Mohammad Ahmad Qureshi,,حسین Quraishi,1989-07-19,6079294,"H-06456, Johar Town, Lahore",Johar Town,Lahore
PROP002929,Ahmad شیخ,94243-2890632-4,Ali Shaykh,1986-05-05,18854036,"H-06459, Bahria Town, Islamabad",Bahria Town,Islamabad
PROP002930,Usman Moghul,49295-6548991-8,علی مغل,1985-04-15,2000000,"H-06460, Chaklala, Rawalpindi",Chaklala,Rawalpindi
PROP002931,Muhammed Syed,,حمزہ Sayyid,1980-03-09,4324651,"H-06462, Malir, Karachi",Malir,Karachi
PROP002932,Hasan سید,86850-6636435-7,Mohammed Ahmad سید,1985-09-07,2000000,"H-06467, Madina Town, Faisalabad",Madina Town,Faisalabad
PROP002933,علی Malik,41406-3592488-0,عمران ملک,1968-12-14,19809910,"H-06470, E-11, Islamabad",E-11,Islamabad
PROP002934,حرا Shaikh,71489-5848501-7,حسن Sheikh,1960-02-28,68433778,"H-06471, Cantt, Lahore",Cantt,Lahore
PROP002935,حرا شیخ,71489-5848501-5,Hasan Shaikh,1960-02-28,78126651,"H-06471, Cantt, Lahore",Cantt,Lahore
PROP002936,حرا شیخ,71489-5848501-7,Hasan شیخ,1960-02-28,78144683,"H-06471, Cantt, Lahore",Cantt,Lahore
PROP002937,Muhammed Bhatti,,Hassan بٹ,,2000000,"H-06472, Madina Town, Faisalabad",Madina Town,Faisalabad
PROP002938,Mohammad حمزہ Khan,81257-7838021-7,Ahmad Khan,1991-07-12,18328959,"H-06473, Gulshan-e-Iqbal, Karachi",Gulshan-e-Iqbal,Karachi
PROP002939,Mohammed Hamzah Bhatti,76142-7873761-2,,1956-07-18,10469877,"H-06481, Jaranwala Road, Faisalabad",Jaranwala Road,Faisalabad
PROP002940,Zaynab Chaudhary,44840-2070265-5,Muhammad Ali Chaudhry,1970-06-19,15791383,"H-06482, Jaranwala Road, Faisalabad",Jaranwala Road,Faisalabad
PROP002941,زینب چوہدری,44840-2070265-5,Mohammad Ali Ch.,,17664969,"H-06482, Jaranwala Road, Faisalabad",Jaranwala Road,Faisalabad
PROP002942,عثمان Sheikh,55786-1632394-9,بلال Shaykh,1957-04-02,20246119,"H-06486, Satellite Town, Rawalpindi",Satellite Town,Rawalpindi
PROP002943,Osman شیخ,55786-1632394-9,بلال Shaikh,1957-04-02,17969456,"H-06486, Satellite Town, Rawalpindi",Satellite Town,Rawalpindi
PROP002944,Usman Shaikh,55786-1632394-9,Bilal Shaikh,1957-04-02,12512243,"H-06486, Satellite Town, Rawalpindi",Satellite Town,Rawalpindi
PROP002945,Hamza سید,,فیصل Sayed,,36689208,"H-06488, Model Town, Lahore",Model Town,Lahore
PROP002946,Mohammed بلال Malick,68310-8835192-0,,1962-10-17,15027532,"H-06489, Madina Town, Faisalabad",Madina Town,Faisalabad
PROP002947,Aisha شیخ,40906-5397137-4,Muhammad Ahmed Shaikh,1962-01-06,23298706,"H-06495, F-8, Islamabad",F-8,Islamabad
PROP002948,Aisha شیخ,,Mohammad Ahmed Sheikh,1962-01-06,27317303,"H-06495, F-8, Islamabad",F-8,Islamabad
PROP002949,Zaynab Qureshi,44937-1878258-1,,1979-09-09,33447920,"H-06502, Johar Town, Lahore",Johar Town,Lahore
PROP002950,Zaynab Qureshi,44937-1878248-1,علی Qureshi,1979-09-09,44568500,"H-06502, Johar Town, Lahore",Johar Town,Lahore
PROP002951,Imran Shaikh,61168-6307288-4,Othman Shaikh,1983-04-09,2768400,"H-06504, Saddar, Rawalpindi",Saddar,Rawalpindi
PROP002952,Mohammad خان,,,1990-09-26,2000000,"H-06509, Gulberg, Lahore",Gulberg,Lahore
PROP002953,Osman Qureshi,82375-9103075-6,Mohammad Imran Quraishi,1974-11-27,15792041,"H-06522, Bahria Town, Rawalpindi",Bahria Town,Rawalpindi
PROP002954,ثناء راجہ,83772-7465456-2,Imran Raja,1981-08-10,76281001,"H-06527, Jaranwala Road, Faisalabad",Jaranwala Road,Faisalabad
PROP002955,Sana راجہ,83772-7465456-2,,1981-08-10,49224904,"H-06527, Jaranwala Road, Faisalabad",Jaranwala Road,Faisalabad
PROP002956,Imran خان,52907-4705001-9,Othman خان,1968-02-24,2000000,"H-06529, DHA, Lahore",DHA,Lahore
PROP002957,Ahmed Butt,96754-9114478-5,Ahmed بٹ,1983-05-08,67390259,"H-06530, Peoples Colony, Faisalabad",Peoples Colony,Faisalabad
PROP002958,Ahmed Bhatti,96754-9114478-5,احمد Bhatti,1983-05-08,100050025,"H-06530, Peoples Colony, Faisalabad",Peoples Colony,Faisalabad
PROP002959,Ahmad بٹ,96754-9114478-5,Ahmed بٹ,1983-05-08,119494860,"H-06530, Peoples Colony, Faisalabad",Peoples Colony,Faisalabad
PROP002960,Bilal Shaykh,68670-5130055-1,حسین Shaykh,1978-08-06,11244865,"H-06531, North Nazimabad, Karachi",North Nazimabad,Karachi
PROP002961,Mohammed اعوان,30912-6948084-4,عمران Awan,1980-02-21,39347656,"H-06533, G-10, Islamabad",G-10,Islamabad
PROP002962,Mohammad Awan,30912-6948084-4,عمران اعوان,1980-02-21,34326202,"H-06533, G-10, Islamabad",G-10,Islamabad
PROP002963,حمزہ ملک,70676-8805641-0,Hasan Malik,1995-08-04,21859227,"H-06535, Gulshan-e-Iqbal, Karachi",Gulshan-e-Iqbal,Karachi
PROP002964,حمزہ Malick,70676-8805641-0,حسن Malick,1995-08-04,22799076,"H-06535, Gulshan-e-Iqbal, Karachi",Gulshan-e-Iqbal,Karachi
PROP002965,Ahmed Sayyid,35843-7563983-4,Hussain Syed,1969-02-13,40514580,"H-06539, Gulshan-e-Iqbal, Karachi",Gulshan-e-Iqbal,Karachi
PROP002966,Faysal Raja,28691-2930559-0,Muhammad Usman Raja,1992-08-28,7337046,"H-06545, DHA, Karachi",DHA,Karachi
PROP002967,Mohammad Husain بٹ,61988-1121295-2,Muhammed Usman Bhatti,1981-08-08,10951914,"H-06546, Gulberg, Lahore",Gulberg,Lahore
PROP002968,Zaynab Qureshi,60391-2346563-3,Hussein قریشی,1966-09-05,25088208,"H-06550, Satellite Town, Rawalpindi",Satellite Town,Rawalpindi
PROP002969,Hassan خان,21812-6166445-2,Hamzah خان,1963-12-26,3539149,"H-06551, E-11, Islamabad",E-11,Islamabad
PROP002970,Zaynab Moghul,32810-1792603-9,حمزہ Mughal,1996-07-17,49965615,"H-06556, Jaranwala Road, Faisalabad",Jaranwala Road,Faisalabad
PROP002971,Mohammad Hussein شیخ,32725-1369082-3,Mohammad Shaikh,1982-12-11,36976008,"H-06558, Gulshan-e-Iqbal, Karachi",Gulshan-e-Iqbal,Karachi
PROP002972,حسین Shaikh,32725-1369082-9,Muhammad شیخ,1982-12-11,91033834,"H-06558, Gulshan-e-Iqbal, Karachi",Gulshan-e-Iqbal,Karachi
PROP002973,Hussain Shaikh,32725-1369082-3,,1982-12-11,58849472,"H-06558, Gulshan-e-Iqbal, Karachi",Gulshan-e-Iqbal,Karachi
PROP002974,Hamzah ملک,82953-1510696-4,Muhammad Othman Malick,1984-07-19,5604999,"H-06561, Jaranwala Road, Faisalabad",Jaranwala Road,Faisalabad
PROP002975,فیصل اعوان,25040-1412977-9,,,11102340,"H-06565, Model Town, Lahore",Model Town,Lahore
PROP002976,Faisal Awan,25040-0412977-9,Mohammad اعوان,1992-04-22,15525127,"H-06565, Model Town, Lahore",Model Town,Lahore
PROP002977,حرا Raja,78627-6417791-9,Ahmad Raja,1971-12-13,14071596,"H-06566, Cantt, Lahore",Cantt,Lahore
PROP002978,مریم Sayed,18781-1837950-0,فیصل Sayyid,1962-09-23,10910199,"H-06567, Cantt, Lahore",Cantt,Lahore
PROP002979,Ahmed راجہ,56550-3079817-4,,1994-08-23,75712664,"H-06568, Jaranwala Road, Faisalabad",Jaranwala Road,Faisalabad
PROP002980,Ahmad Raja,56550-3079817-4,احمد راجہ,1994-08-23,83198156,"H-06568, Jaranwala Road, Faisalabad",Jaranwala Road,Faisalabad
PROP002981,عمران مغل,88108-5474146-8,Mohammed Ahmed Mughal,1969-11-08,3514582,"H-06573, Johar Town, Lahore",Johar Town,Lahore
PROP002982,Mohammed عمران Mughal,88108-5474146-8,احمد Mughal,1969-11-08,4744809,"H-06573, Johar Town, Lahore",Johar Town,Lahore
PROP002983,Mohammed Khan,54156-9526945-9,Husain خان,1985-03-19,18897206,"H-06577, Cantt, Lahore",Cantt,Lahore
PROP002984,محمد Awan,99046-5929391-9,Faisal اعوان,1972-11-02,26481252,"H-06580, Johar Town, Lahore",Johar Town,Lahore
PROP002985,Ahmed Awan,72925-9755463-7,Bilal Awan,1985-10-20,6710903,"H-06583, Saddar, Rawalpindi",Saddar,Rawalpindi
PROP002986,Faisal قریشی,86805-9883402-4,Muhammed Bilal Quraishi,1999-04-10,5496763,"H-06584, DHA, Lahore",DHA,Lahore
PROP002987,Muhammad Ali مغل,36342-5336694-2,محمد مغل,,9041738,"H-06586, Gulshan-e-Iqbal, Karachi",Gulshan-e-Iqbal,Karachi
PROP002988,Fatimah Khan,51212-3291421-2,Hamzah Khan,1960-10-05,12281657,"H-06587, E-11, Islamabad",E-11,Islamabad
PROP002989,Fatima خان,51212-3291421-2,Hamza خان,1960-10-05,22058718,"H-06587, E-11, Islamabad",E-11,Islamabad
PROP002990,Ahmad سید,77223-9467918-3,Ali سید,1987-10-20,29238846,"H-06592, Cantt, Lahore",Cantt,Lahore
PROP002991,بلال Sayed,,علی Syed,1987-02-10,31932304,"H-06594, North Nazimabad, Karachi",North Nazimabad,Karachi
PROP002992,Sana خان,15137-6508527-5,Hassan خان,1956-10-14,39600199,"H-06596, Malir, Karachi",Malir,Karachi
PROP002993,ثناء خان,15137-6508527-5,Mohammad حسن خان,1956-10-14,56900802,"H-06596, Malir, Karachi",Malir,Karachi
PROP002994,ثناء Khan,15137-6508527-5,Hassan خان,1956-10-14,52204298,"H-06596, Malir, Karachi",Malir,Karachi
PROP002995,Sana Shaykh,62783-3423069-8,Muhammad Shaykh,1974-02-15,51167726,"H-06599, Saddar, Rawalpindi",Saddar,Rawalpindi
PROP002996,ثناء Sheikh,62783-3423069-8,Muhammad Shaykh,1974-02-15,48503259,"H-06599, Saddar, Rawalpindi",Saddar,Rawalpindi
PROP002997,Sana Shaikh,62783-3423069-7,,1974-02-15,41589142,"H-06599, Saddar, Rawalpindi",Saddar,Rawalpindi
PROP002998,Muhammed عمران ملک,47870-9401868-1,Ahmad ملک,1956-06-01,19726114,"H-06604, Bahria Town, Rawalpindi",Bahria Town,Rawalpindi
PROP002999,Othman اعوان,66821-2399486-9,Osman Awan,1989-12-10,4059753,"H-06605, Bahria Town, Rawalpindi",Bahria Town,Rawalpindi
PROP003000,Ali راجہ,,Muhammad Ali Raja,1997-04-13,24939936,"H-06607, North Nazimabad, Karachi",North Nazimabad,Karachi
PROP003001,علی Raja,53499-8514572-6,علی Raja,1997-04-13,20498134,"H-06607, North Nazimabad, Karachi",North Nazimabad,Karachi
PROP003002,Muhammed Ali Raja,53499-8514572-6,,1997-04-13,13420746,"H-06607, North Nazimabad, Karachi",North Nazimabad,Karachi
PROP003003,علی Shaikh,56562-6166118-7,علی Sheikh,1970-09-15,11430234,"H-06613, Clifton, Karachi",Clifton,Karachi
PROP003004,علی Shaikh,56562-6166128-7,Muhammed علی Shaikh,1970-09-15,12009093,"H-06613, Clifton, Karachi",Clifton,Karachi
PROP003005,Muhammed Faisal مغل,26052-2021715-4,بلال Moghul,1955-06-20,3602066,"H-06616, F-8, Islamabad",F-8,Islamabad
PROP003006,فاطمہ Mughal,80596-3649366-8,Bilal مغل,,12429066,"H-06624, Satellite Town, Rawalpindi",Satellite Town,Rawalpindi
PROP003007,Faysal Khan,64905-3143477-0,Muhammad Faysal Khan,,12349691,"H-06625, F-7, Islamabad",F-7,Islamabad
PROP003008,Ali Chaudhary,96904-4288344-0,احمد Ch.,1959-04-05,7284637,"H-06626, DHA, Karachi",DHA,Karachi
PROP003009,علی چوہدری,96904-4288344-0,,1959-04-05,10088074,"H-06626, DHA, Karachi",DHA,Karachi
PROP003010,ثناء بٹ,94980-2109299-1,Muhammad بٹ,,63445217,"H-06630, F-8, Islamabad",F-8,Islamabad
PROP003011,Sana Butt,94980-2109299-1,Muhammad Butt,1981-08-01,71369463,"H-06630, F-8, Islamabad",F-8,Islamabad
PROP003012,Sana Butt,94980-2109299-1,Mohammed Butt,1981-08-01,80279858,"H-06630, F-8, Islamabad",F-8,Islamabad
PROP003013,Muhammed حسین Bhatti,84893-1766807-5,حمزہ Bhatti,1996-04-11,4908391,"H-06633, Peoples Colony, Faisalabad",Peoples Colony,Faisalabad
PROP003014,Imran ملک,36424-4931061-0,Mohammad Hassan Malick,1992-04-16,3308520,"H-06636, Saddar, Rawalpindi",Saddar,Rawalpindi
PROP003015,Hasan خان,21757-8707247-0,Mohammad Faysal Khan,1992-12-10,12304367,"H-06637, Clifton, Karachi",Clifton,Karachi
PROP003016,Imran Quraishi,20050-1957370-6,Hamza قریشی,1956-08-13,15291438,"H-06639, Johar Town, Lahore",Johar Town,Lahore
PROP003017,علی Quraishi,26104-3169320-3,Mohammed Ahmed Quraishi,1985-08-08,13175655,"H-06640, Jaranwala Road, Faisalabad",Jaranwala Road,Faisalabad
PROP003018,Ali Qureshi,26104-3169320-7,,1985-08-08,8522074,"H-06640, Jaranwala Road, Faisalabad",Jaranwala Road,Faisalabad
PROP003019,حمزہ Raja,55134-3159987-8,,,25724203,"H-06641, DHA, Karachi",DHA,Karachi
PROP003020,فیصل Khan,,,1998-12-20,46829163,"H-06648, Madina Town, Faisalabad",Madina Town,Faisalabad
PROP003021,Mohammad Faisal Khan,,,1998-12-20,40244347,"H-06648, Madina Town, Faisalabad",Madina Town,Faisalabad
PROP003022,Muhammad Malik,29798-3153909-3,Faysal Malick,1995-04-21,10388392,"H-06649, DHA, Lahore",DHA,Lahore
PROP003023,Muhammed ملک,29798-3153909-3,فیصل Malick,1995-04-21,17091348,"H-06649, DHA, Lahore",DHA,Lahore
PROP003024,Ahmed مغل,93948-9057618-3,Mohammed Osman Mughal,,29160221,"H-06651, Chaklala, Rawalpindi",Chaklala,Rawalpindi
PROP003025,حرا راجہ,79063-6485818-4,Mohammed Faisal راجہ,1984-06-04,12761737,"H-06653, Model Town, Lahore",Model Town,Lahore
PROP003026,بلال چوہدری,67544-9720604-2,Muhammed احمد Ch.,2002-01-20,12017194,"H-06655, DHA, Karachi",DHA,Karachi
PROP003027,Hasan Shaykh,91843-7297154-8,Hasan Sheikh,1971-06-04,5055001,"H-06656, Peoples Colony, Faisalabad",Peoples Colony,Faisalabad
PROP003028,Mohammad عمران راجہ,25068-7376195-7,,,31635759,"H-06659, Model Town, Lahore",Model Town,Lahore
PROP003029,Muhammed Osman راجہ,14954-6009856-8,حمزہ Raja,1959-09-17,2124348,"H-06660, Chaklala, Rawalpindi",Chaklala,Rawalpindi
PROP003030,Bilal راجہ,23245-3881475-2,Imran Raja,1993-09-11,55577430,"H-06664, F-8, Islamabad",F-8,Islamabad
PROP003031,بلال Raja,23245-3881475-2,Imran راجہ,1993-09-11,37075807,"H-06664, F-8, Islamabad",F-8,Islamabad
PROP003032,Bilal Raja,23245-3881475-2,عمران Raja,1993-09-11,62696765,"H-06664, F-8, Islamabad",F-8,Islamabad
PROP003033,Mohammad Hamza Malick,24628-3546710-7,علی Malik,1974-02-20,62606001,"H-06669, Johar Town, Lahore",Johar Town,Lahore
PROP003034,حمزہ Malick,24628-3546710-7,Ali Malick,1974-02-20,74979872,"H-06669, Johar Town, Lahore",Johar Town,Lahore
PROP003035,Muhammed حمزہ ملک,,Mohammed Ali ملک,1974-02-20,65702220,"H-06669, Johar Town, Lahore",Johar Town,Lahore
PROP003036,Muhammad مغل,75470-3946054-7,Muhammed عثمان Mughal,,5866148,"H-06675, Gulshan-e-Iqbal, Karachi",Gulshan-e-Iqbal,Karachi
PROP003037,Husain Syed,45091-4143463-4,Usman Syed,2001-08-21,89271883,"H-06678, DHA, Lahore",DHA,Lahore
PROP003038,Hussain سید,45091-4143463-4,,2001-08-21,96531056,"H-06678, DHA, Lahore",DHA,Lahore
PROP003039,Hussain Syed,45091-4143463-4,Usman سید,2001-08-21,60737872,"H-06678, DHA, Lahore",DHA,Lahore
PROP003040,Faisal چوہدری,70006-5613286-3,عمران Chaudhry,1976-11-15,16959559,"H-06680, Madina Town, Faisalabad",Madina Town,Faisalabad
PROP003041,Faisal Awan,48114-8040580-2,Othman Awan,1997-08-25,5573967,"H-06683, Gulberg, Lahore",Gulberg,Lahore
PROP003042,Osman مغل,66836-5198868-1,Hasan مغل,1956-01-17,6752318,"H-06692, Peoples Colony, Faisalabad",Peoples Colony,Faisalabad
PROP003043,Husain Sayed,52234-7698540-6,عثمان سید,1980-12-14,3670694,"H-06694, Bahria Town, Islamabad",Bahria Town,Islamabad
PROP003044,Bilal قریشی,93509-6363317-3,Hamza Quraishi,,13904399,"H-06697, Bahria Town, Islamabad",Bahria Town,Islamabad
PROP003045,بلال Qureshi,93509-6363317-3,حمزہ Qureshi,1957-06-16,18053204,"H-06697, Bahria Town, Islamabad",Bahria Town,Islamabad
PROP003046,Hira راجہ,43418-1261354-9,حسن راجہ,1974-03-25,2000000,"H-06702, Gulberg, Lahore",Gulberg,Lahore
PROP003047,Muhammad Faysal Moghul,28307-6295406-2,Muhammed مغل,,5838174,"H-06704, Johar Town, Lahore",Johar Town,Lahore
PROP003048,عمران Qureshi,13953-7224224-0,Osman Qureshi,1985-06-20,25462637,"H-06706, Satellite Town, Rawalpindi",Satellite Town,Rawalpindi
PROP003049,Imran Quraishi,13953-7224224-0,Osman قریشی,1985-06-20,22309140,"H-06706, Satellite Town, Rawalpindi",Satellite Town,Rawalpindi
PROP003050,Hussein راجہ,56916-3894688-9,,1999-09-19,7666484,"H-06708, E-11, Islamabad",E-11,Islamabad
PROP003051,Hussein راجہ,56916-3897688-9,Ahmed Raja,1999-09-19,3581041,"H-06708, E-11, Islamabad",E-11,Islamabad
PROP003052,Hamzah Khan,25637-3168634-5,فیصل خان,,14618755,"H-06716, Johar Town, Lahore",Johar Town,Lahore
PROP003053,Muhammed علی Qureshi,11130-4544066-5,Muhammed Ahmad قریشی,1997-12-18,15209383,"H-06718, F-7, Islamabad",F-7,Islamabad
PROP003054,Fatima Qureshi,,,1966-05-01,10121707,"H-06723, Chaklala, Rawalpindi",Chaklala,Rawalpindi
PROP003055,Ali بٹ,10780-6569263-8,,1995-03-01,6285185,"H-06726, Gulberg, Lahore",Gulberg,Lahore
PROP003056,Mohammed Ali Butt,10780-6569263-8,Muhammed Faisal Butt,1995-03-01,6047347,"H-06726, Gulberg, Lahore",Gulberg,Lahore
PROP003057,ثناء Khan,60444-8318904-1,Hasan خان,1979-11-15,5814131,"H-06727, F-8, Islamabad",F-8,Islamabad
PROP003058,علی Raja,89790-6276778-8,Muhammed Raja,1968-12-22,2000000,"H-06728, F-8, Islamabad",F-8,Islamabad
PROP003059,مریم Raja,31939-9397424-1,Mohammad راجہ,1975-10-07,20891290,"H-06730, DHA, Karachi",DHA,Karachi
PROP003060,Marium راجہ,31939-9397424-1,,1975-10-07,17357955,"H-06730, DHA, Karachi",DHA,Karachi
PROP003061,Marium Raja,31939-9397424-1,Mohammad Raja,,18805077,"H-06730, DHA, Karachi",DHA,Karachi
PROP003062,Mohammad Sayed,,علی Syed,2002-02-10,4005584,"H-06731, F-7, Islamabad",F-7,Islamabad
PROP003063,عثمان Butt,19883-8691594-8,,,34171209,"H-06736, Jaranwala Road, Faisalabad",Jaranwala Road,Faisalabad
PROP003064,Muhammed عثمان بٹ,19883-8691584-8,Mohammed بٹ,1989-09-11,42095536,"H-06736, Jaranwala Road, Faisalabad",Jaranwala Road,Faisalabad
PROP003065,Usman بٹ,19883-8691594-8,,1989-09-11,41557684,"H-06736, Jaranwala Road, Faisalabad",Jaranwala Road,Faisalabad
PROP003066,Muhammad بلال Qureshi,92049-4431612-1,Ali Qureshi,1968-06-28,3800208,"H-06741, DHA, Karachi",DHA,Karachi
PROP003067,Muhammed Shaikh,54120-6847391-2,,1968-10-28,16914926,"H-06743, Gulshan-e-Iqbal, Karachi",Gulshan-e-Iqbal,Karachi
PROP003068,Mohammed شیخ,54120-6847391-2,Ali شیخ,1968-10-28,16427313,"H-06743, Gulshan-e-Iqbal, Karachi",Gulshan-e-Iqbal,Karachi
PROP003069,Bilal Mughal,93713-2896254-0,علی Moghul,1968-02-19,22465314,"H-06749, Saddar, Rawalpindi",Saddar,Rawalpindi
PROP003070,Bilal Moghul,93713-2896254-0,Ali Mughal,1968-02-19,19188252,"H-06749, Saddar, Rawalpindi",Saddar,Rawalpindi
PROP003071,Hussein Bhatti,,احمد بٹ,1993-05-19,3570452,"H-06750, Saddar, Rawalpindi",Saddar,Rawalpindi
PROP003072,Mohammad شیخ,97484-1911884-4,Faisal Shaikh,2003-10-16,7814695,"H-06751, Bahria Town, Rawalpindi",Bahria Town,Rawalpindi
PROP003073,محمد شیخ,97484-1911884-4,,2003-10-16,6891644,"H-06751, Bahria Town, Rawalpindi",Bahria Town,Rawalpindi
PROP003074,Muhammed Shaykh,97484-1911884-4,Mohammed Faysal Sheikh,2003-10-16,12331678,"H-06751, Bahria Town, Rawalpindi",Bahria Town,Rawalpindi
PROP003075,عمران Sheikh,,Ahmad Shaikh,1972-09-11,20291824,"H-06755, Chaklala, Rawalpindi",Chaklala,Rawalpindi
PROP003076,زینب Ch.,51234-9166641-0,Mohammed Othman Chaudhry,1977-08-24,11981360,"H-06759, DHA, Karachi",DHA,Karachi
PROP003077,Muhammed Ali بٹ,15404-6548749-4,Muhammed Ahmed Butt,1957-09-26,36687568,"H-06761, DHA, Lahore",DHA,Lahore
PROP003078,ثناء Syed,,,,10563901,"H-06762, Satellite Town, Rawalpindi",Satellite Town,Rawalpindi
PROP003079,عمران ملک,,علی Malik,1962-12-18,83476828,"H-06768, Satellite Town, Rawalpindi",Satellite Town,Rawalpindi
PROP003080,Muhammad Imran ملک,43099-4788136-1,علی ملک,1962-12-18,71550972,"H-06768, Satellite Town, Rawalpindi",Satellite Town,Rawalpindi
PROP003081,Ahmad Quraishi,25737-5378607-2,Mohammed Imran Quraishi,,3958044,"H-06771, Satellite Town, Rawalpindi",Satellite Town,Rawalpindi
PROP003082,فیصل اعوان,65400-3098963-2,Hassan اعوان,1998-06-28,5292496,"H-06772, Jaranwala Road, Faisalabad",Jaranwala Road,Faisalabad
PROP003083,فیصل راجہ,16776-5076248-9,حسین راجہ,1986-06-18,26353923,"H-06774, Peoples Colony, Faisalabad",Peoples Colony,Faisalabad
PROP003084,Mohammad فیصل Raja,16776-5076248-9,Hussain راجہ,1986-06-18,20596032,"H-06774, Peoples Colony, Faisalabad",Peoples Colony,Faisalabad
PROP003085,Faysal Raja,16776-5076248-9,Hussein راجہ,1986-06-18,16235945,"H-06774, Peoples Colony, Faisalabad",Peoples Colony,Faisalabad
PROP003086,Hussein Butt,77557-1732939-1,فیصل Butt,1971-11-01,11235044,"H-06775, Gulberg, Lahore",Gulberg,Lahore
PROP003087,Hira Moghul,67843-1077537-0,حسین مغل,1980-07-14,12723824,"H-06780, DHA, Lahore",DHA,Lahore
PROP003088,Bilal راجہ,,Mohammed حسن راجہ,1974-12-19,2000000,"H-06788, Bahria Town, Islamabad",Bahria Town,Islamabad
PROP003089,Ahmed Bhatti,20304-1114338-8,Muhammed Faysal Butt,,12256500,"H-06790, DHA, Karachi",DHA,Karachi
PROP003090,Mohammed احمد Butt,20304-1114338-8,Mohammad Faysal Bhatti,2001-09-15,19254216,"H-06790, DHA, Karachi",DHA,Karachi
PROP003091,Hamza قریشی,44551-4134742-2,حسن Qureshi,1968-07-01,2000000,"H-06800, G-10, Islamabad",G-10,Islamabad
PROP003092,Hamza Malik,25841-9545637-2,علی Malik,1959-04-04,12609699,"H-06809, Saddar, Rawalpindi",Saddar,Rawalpindi
PROP003093,حرا Bhatti,17887-3938691-2,,1993-06-14,10015128,"H-06812, Gulshan-e-Iqbal, Karachi",Gulshan-e-Iqbal,Karachi
PROP003094,فیصل Butt,93990-7582746-1,عمران بٹ,1958-03-17,21089263,"H-06813, Peoples Colony, Faisalabad",Peoples Colony,Faisalabad
PROP003095,Muhammad حسن Awan,23611-2234890-8,Mohammed حسن اعوان,1995-11-03,6578313,"H-06814, Bahria Town, Rawalpindi",Bahria Town,Rawalpindi
PROP003096,Muhammad Ahmed Awan,14369-9033520-2,Muhammed اعوان,,26987750,"H-06815, F-8, Islamabad",F-8,Islamabad
PROP003097,Ahmad اعوان,14369-9033520-2,Muhammad Awan,1971-09-23,41751154,"H-06815, F-8, Islamabad",F-8,Islamabad
PROP003098,Imran Sheikh,19287-3097154-9,Ali Shaikh,1976-01-14,68866591,"H-06816, Gulshan-e-Iqbal, Karachi",Gulshan-e-Iqbal,Karachi
PROP003099,Muhammad عمران Shaykh,,,1976-01-14,72039463,"H-06816, Gulshan-e-Iqbal, Karachi",Gulshan-e-Iqbal,Karachi
PROP003100,Mohammad Imran Shaikh,19287-3097154-9,Muhammad Ali Shaykh,1976-01-14,89539563,"H-06816, Gulshan-e-Iqbal, Karachi",Gulshan-e-Iqbal,Karachi
PROP003101,Aysha بٹ,57631-3027832-6,,,2000000,"H-06818, DHA, Karachi",DHA,Karachi
PROP003102,Imran Malick,47719-7594318-4,Muhammad Imran Malick,1997-09-02,2000000,"H-06819, Clifton, Karachi",Clifton,Karachi
PROP003103,Hamzah خان,40772-1367326-9,عمران خان,1970-10-06,15326391,"H-06820, Satellite Town, Rawalpindi",Satellite Town,Rawalpindi
PROP003104,Ahmed مغل,39516-3188750-0,Hasan مغل,1980-01-16,33536687,"H-06823, Satellite Town, Rawalpindi",Satellite Town,Rawalpindi
PROP003105,Faisal راجہ,36656-8590457-8,,1972-06-16,8890428,"H-06824, Saddar, Rawalpindi",Saddar,Rawalpindi
PROP003106,Mohammed خان,66087-8341311-1,Usman خان,1979-11-13,7223451,"H-06827, F-7, Islamabad",F-7,Islamabad
PROP003107,Bilal Raja,18067-2059402-0,,1995-10-28,11889345,"H-06828, Jaranwala Road, Faisalabad",Jaranwala Road,Faisalabad
PROP003108,Bilal راجہ,18067-2059408-0,فیصل راجہ,1995-10-28,11652678,"H-06828, Jaranwala Road, Faisalabad",Jaranwala Road,Faisalabad
PROP003109,Fatimah خان,29926-6983282-9,حمزہ خان,,25949481,"H-06830, E-11, Islamabad",E-11,Islamabad
PROP003110,Fatimah خان,29926-6983282-9,Muhammed Hamza خان,1964-03-28,47558794,"H-06830, E-11, Islamabad",E-11,Islamabad
PROP003111,Fatimah Khan,,Hamzah Khan,1964-03-28,38063403,"H-06830, E-11, Islamabad",E-11,Islamabad
PROP003112,حرا Khan,34594-4425367-0,Hamza خان,1984-03-13,14372440,"H-06832, Madina Town, Faisalabad",Madina Town,Faisalabad
PROP003113,Mohammed Imran خان,70200-7785551-9,Faisal خان,1999-09-12,9633655,"H-06834, Model Town, Lahore",Model Town,Lahore
PROP003114,Ali ملک,,,2001-06-12,9206343,"H-06837, E-11, Islamabad",E-11,Islamabad
PROP003115,حرا مغل,,,1970-03-10,11201292,"H-06838, F-8, Islamabad",F-8,Islamabad
PROP003116,عمران مغل,37834-7305914-5,Ahmad Moghul,1994-06-14,5825167,"H-06839, Jaranwala Road, Faisalabad",Jaranwala Road,Faisalabad
PROP003117,Mohammed عمران Moghul,37834-7305914-5,احمد Mughal,1994-06-14,5040933,"H-06839, Jaranwala Road, Faisalabad",Jaranwala Road,Faisalabad
PROP003118,احمد Awan,,Muhammad حمزہ Awan,1993-05-19,22166425,"H-06841, Chaklala, Rawalpindi",Chaklala,Rawalpindi
PROP003119,احمد اعوان,71268-1066075-7,Hamza Awan,1993-05-19,26566813,"H-06841, Chaklala, Rawalpindi",Chaklala,Rawalpindi
PROP003120,عائشہ Chaudhary,92967-9093248-1,Usman Chaudhry,1960-04-28,260644849,"H-06844, Clifton, Karachi",Clifton,Karachi
PROP003121,عائشہ Choudhary,92967-9093248-1,Othman Chaudhary,1960-04-28,204969260,"H-06844, Clifton, Karachi",Clifton,Karachi
PROP003122,Aysha Choudhary,92967-9093248-1,Muhammad عثمان Ch.,1960-04-28,163825214,"H-06844, Clifton, Karachi",Clifton,Karachi
PROP003123,ثناء خان,74097-4196915-6,Hassan Khan,,23986088,"H-06845, North Nazimabad, Karachi",North Nazimabad,Karachi
PROP003124,ثناء خان,74097-4196915-6,Hasan Khan,1986-07-27,32000509,"H-06845, North Nazimabad, Karachi",North Nazimabad,Karachi
PROP003125,بلال Bhatti,56479-7158812-3,بلال Butt,1975-11-23,11882101,"H-06851, Bahria Town, Rawalpindi",Bahria Town,Rawalpindi
PROP003126,Muhammad Bilal بٹ,56479-7158812-3,بلال Bhatti,1975-11-23,22647451,"H-06851, Bahria Town, Rawalpindi",Bahria Town,Rawalpindi
PROP003127,Bilal بٹ,56479-7158812-3,Mohammad Bilal Butt,1975-11-23,17846171,"H-06851, Bahria Town, Rawalpindi",Bahria Town,Rawalpindi
PROP003128,حسن خان,,علی Khan,1988-06-02,4800342,"H-06853, Bahria Town, Rawalpindi",Bahria Town,Rawalpindi
PROP003129,Mohammad Ahmed Malick,33416-8728746-9,Imran Malick,2000-05-02,15457356,"H-06856, North Nazimabad, Karachi",North Nazimabad,Karachi
PROP003130,Ahmed ملک,33413-8728746-9,Mohammad عمران Malick,2000-05-02,10964627,"H-06856, North Nazimabad, Karachi",North Nazimabad,Karachi
PROP003131,Hamzah Chaudhary,87854-6428861-7,عثمان چوہدری,,105402770,"H-06859, Model Town, Lahore",Model Town,Lahore
PROP003132,Hamzah چوہدری,87854-6428861-7,Usman Ch.,1959-03-28,139163825,"H-06859, Model Town, Lahore",Model Town,Lahore
PROP003133,Hamzah Chaudhry,87854-6428861-7,Mohammed Usman Chaudhary,1959-03-28,133286994,"H-06859, Model Town, Lahore",Model Town,Lahore
PROP003134,Osman Moghul,,Mohammad فیصل مغل,,34412749,"H-06865, Cantt, Lahore",Cantt,Lahore
PROP003135,Usman Mughal,31292-4039165-4,Muhammed فیصل مغل,1982-04-17,27179594,"H-06865, Cantt, Lahore",Cantt,Lahore
PROP003136,Osman مغل,31292-4039165-4,Faysal Mughal,1982-04-17,35156600,"H-06865, Cantt, Lahore",Cantt,Lahore
PROP003137,Hasan شیخ,37031-3810557-8,Mohammad Ali Shaikh,1968-04-05,33130455,"H-06882, Gulshan-e-Iqbal, Karachi",Gulshan-e-Iqbal,Karachi
PROP003138,حرا Malik,61867-5808875-5,Mohammed Bilal Malik,1958-10-17,11185633,"H-06883, Bahria Town, Rawalpindi",Bahria Town,Rawalpindi
PROP003139,Ahmad Malik,49668-9158444-0,Husain Malik,1958-03-27,13828195,"H-06884, Cantt, Lahore",Cantt,Lahore
PROP003140,Muhammad احمد Malik,49668-9158444-0,Hussein ملک,1958-03-27,13189351,"H-06884, Cantt, Lahore",Cantt,Lahore
PROP003141,Hassan Chaudhary,13529-8095419-1,Osman Choudhary,1991-10-21,10995356,"H-06887, Johar Town, Lahore",Johar Town,Lahore
PROP003142,Hasan Choudhary,13529-8095419-3,,1991-10-21,7250197,"H-06887, Johar Town, Lahore",Johar Town,Lahore
PROP003143,Hassan Chaudhry,13529-8095419-3,Usman Chaudhary,1991-10-21,7110288,"H-06887, Johar Town, Lahore",Johar Town,Lahore
PROP003144,Mohammad Bilal اعوان,,عثمان اعوان,1957-09-04,7667527,"H-06888, Clifton, Karachi",Clifton,Karachi
PROP003145,Mohammed احمد سید,85556-7843963-5,Ali Syed,1965-02-26,4987045,"H-06889, Gulberg, Lahore",Gulberg,Lahore
PROP003146,Hamzah Chaudhary,,Hasan Ch.,1959-12-12,17988705,"H-06896, Johar Town, Lahore",Johar Town,Lahore
PROP003147,Hamzah Chaudhry,69704-8555147-9,Hasan Ch.,1959-12-12,12205226,"H-06896, Johar Town, Lahore",Johar Town,Lahore
PROP003148,بلال قریشی,94139-9674788-5,عمران قریشی,1980-09-11,10027528,"H-06897, Chaklala, Rawalpindi",Chaklala,Rawalpindi
PROP003149,Fatema Mughal,26279-4968374-0,Hasan مغل,1993-10-10,119638597,"H-06906, Model Town, Lahore",Model Town,Lahore
PROP003150,Fatimah Moghul,26279-4968374-0,حسن Mughal,1993-10-10,90891874,"H-06906, Model Town, Lahore",Model Town,Lahore
PROP003151,Fatima مغل,26279-4968374-0,,1993-10-10,131001212,"H-06906, Model Town, Lahore",Model Town,Lahore
PROP003152,Hamzah مغل,13370-5730534-3,Mohammed Hassan Moghul,1984-03-09,10765908,"H-06912, Chaklala, Rawalpindi",Chaklala,Rawalpindi
PROP003153,Ahmad Syed,90394-9060044-0,Mohammad Bilal Sayyid,2002-07-28,43687020,"H-06917, Johar Town, Lahore",Johar Town,Lahore
PROP003154,احمد Sayyid,90393-9060044-0,Bilal Sayed,2002-07-28,31547272,"H-06917, Johar Town, Lahore",Johar Town,Lahore
PROP003155,احمد سید,90393-8060044-0,Muhammad Bilal Syed,2002-07-28,31130088,"H-06917, Johar Town, Lahore",Johar Town,Lahore
PROP003156,Ahmad Awan,86285-7173230-8,,1991-11-17,21217571,"H-06920, G-10, Islamabad",G-10,Islamabad
PROP003157,عثمان Butt,63949-6029582-4,,1969-08-10,16216192,"H-06922, F-8, Islamabad",F-8,Islamabad
PROP003158,Muhammad Bilal Chaudhry,54115-6729748-6,حسین Ch.,1966-03-13,13166269,"H-06931, Peoples Colony, Faisalabad",Peoples Colony,Faisalabad
PROP003159,حمزہ Qureshi,10486-2965627-1,Faysal قریشی,1955-09-02,13072729,"H-06932, Peoples Colony, Faisalabad",Peoples Colony,Faisalabad
PROP003160,حمزہ Qureshi,10486-2965627-1,Mohammed Faysal Qureshi,1955-09-02,19321406,"H-06932, Peoples Colony, Faisalabad",Peoples Colony,Faisalabad
PROP003161,Aysha اعوان,74398-3638060-0,Mohammad Othman Awan,,3041270,"H-06938, Peoples Colony, Faisalabad",Peoples Colony,Faisalabad
PROP003162,Zaynab خان,40157-3415834-7,Hamzah Khan,2000-07-19,20525486,"H-06939, Peoples Colony, Faisalabad",Peoples Colony,Faisalabad
PROP003163,Zainab Khan,40157-3415834-7,,2000-07-19,19641726,"H-06939, Peoples Colony, Faisalabad",Peoples Colony,Faisalabad
PROP003164,Mohammad حسن Malik,,عمران Malik,2002-07-26,11985895,"H-06940, Clifton, Karachi",Clifton,Karachi
PROP003165,Hassan ملک,47621-1774054-9,,,9837525,"H-06940, Clifton, Karachi",Clifton,Karachi
PROP003166,عمران Ch.,,Bilal Ch.,,61700981,"H-06945, Chaklala, Rawalpindi",Chaklala,Rawalpindi
PROP003167,محمد Chaudhry,86963-6880923-7,Muhammed Hassan Ch.,1957-01-20,25028915,"H-06946, F-7, Islamabad",F-7,Islamabad
PROP003168,Ali Bhatti,49222-4222684-1,,,32142199,"H-06947, Madina Town, Faisalabad",Madina Town,Faisalabad
PROP003169,علی Bhatti,49222-4222684-1,,1974-06-01,39909751,"H-06947, Madina Town, Faisalabad",Madina Town,Faisalabad
PROP003170,علی Butt,49222-4222684-1,Ahmed Butt,1974-06-01,44681756,"H-06947, Madina Town, Faisalabad",Madina Town,Faisalabad
PROP003171,Ahmad Malick,78440-4165716-0,Usman ملک,1978-12-13,16260631,"H-06953, Bahria Town, Rawalpindi",Bahria Town,Rawalpindi
PROP003172,Hassan مغل,90493-9028367-0,Hussein Mughal,1994-03-06,13363889,"H-06954, Saddar, Rawalpindi",Saddar,Rawalpindi
PROP003173,Muhammed Hamza خان,74345-8146984-0,Ali Khan,1998-05-01,16177137,"H-06960, Madina Town, Faisalabad",Madina Town,Faisalabad
PROP003174,حمزہ خان,46911-8265694-2,Mohammed Osman Khan,1994-10-19,2000000,"H-06966, Bahria Town, Rawalpindi",Bahria Town,Rawalpindi
PROP003175,Sana Syed,,بلال Syed,1985-03-17,14919926,"H-06967, DHA, Lahore",DHA,Lahore
PROP003176,Othman Sheikh,87772-2373862-9,فیصل Shaikh,1988-07-05,55261970,"H-06968, Gulberg, Lahore",Gulberg,Lahore
PROP003177,Osman Shaikh,87772-2373862-9,فیصل شیخ,1988-07-05,37116568,"H-06968, Gulberg, Lahore",Gulberg,Lahore
PROP003178,Usman Shaikh,87772-2373862-9,Faisal Shaikh,1988-07-05,64911218,"H-06968, Gulberg, Lahore",Gulberg,Lahore
PROP003179,حرا Awan,,Imran اعوان,1992-12-06,2000000,"H-06969, Clifton, Karachi",Clifton,Karachi
PROP003180,Mohammed Hassan Malik,98478-8697356-9,Muhammad فیصل ملک,1999-02-05,6101074,"H-06970, DHA, Lahore",DHA,Lahore
PROP003181,Mohammad Osman Chaudhary,23791-8525560-4,Faysal چوہدری,1979-12-10,14334420,"H-06971, Model Town, Lahore",Model Town,Lahore
PROP003182,Muhammad حسن Choudhary,22955-5757712-3,Mohammed حسین Chaudhry,1996-06-14,12088907,"H-06974, Johar Town, Lahore",Johar Town,Lahore
PROP003183,Mohammad حسن Ch.,,Hussain Choudhary,1996-06-14,15443335,"H-06974, Johar Town, Lahore",Johar Town,Lahore
PROP003184,Hassan چوہدری,22955-5757712-3,Hussein Choudhary,1996-06-14,14636587,"H-06974, Johar Town, Lahore",Johar Town,Lahore
PROP003185,Maryam Malick,34587-7251863-7,Hasan Malik,1999-01-07,28841498,"H-06975, Gulshan-e-Iqbal, Karachi",Gulshan-e-Iqbal,Karachi
PROP003186,حرا راجہ,20588-1464823-9,محمد راجہ,1999-09-18,148482024,"H-06986, Jaranwala Road, Faisalabad",Jaranwala Road,Faisalabad
PROP003187,حرا Raja,,Mohammed راجہ,,98077375,"H-06986, Jaranwala Road, Faisalabad",Jaranwala Road,Faisalabad
PROP003188,Hira Raja,20588-5464823-9,,1999-09-18,174014200,"H-06986, Jaranwala Road, Faisalabad",Jaranwala Road,Faisalabad
PROP003189,Mohammad Faisal خان,18581-6333403-4,علی خان,,45520004,"H-06993, North Nazimabad, Karachi",North Nazimabad,Karachi
PROP003190,Muhammed فیصل Khan,18581-6333403-4,,1965-02-18,44552140,"H-06993, North Nazimabad, Karachi",North Nazimabad,Karachi
PROP003191,Hussain ملک,58219-4870881-3,بلال Malik,,30079357,"H-07002, F-8, Islamabad",F-8,Islamabad
PROP003192,Muhammad Usman Awan,71362-7425576-6,Imran Awan,1958-01-26,28966374,"H-07007, Peoples Colony, Faisalabad",Peoples Colony,Faisalabad
PROP003193,Muhammad Usman اعوان,71362-7425576-6,Mohammad عمران Awan,1958-01-26,55870252,"H-07007, Peoples Colony, Faisalabad",Peoples Colony,Faisalabad
PROP003194,علی Awan,41342-8803535-2,Bilal اعوان,2003-06-03,9250165,"H-07008, DHA, Lahore",DHA,Lahore
PROP003195,علی Awan,41342-8803535-2,Bilal Awan,2003-06-03,8822836,"H-07008, DHA, Lahore",DHA,Lahore
PROP003196,Mohammed بلال بٹ,91882-8369561-7,Faysal Butt,,3757370,"H-07010, Johar Town, Lahore",Johar Town,Lahore
PROP003197,Hamza Moghul,17220-3141739-8,حسن مغل,1992-03-15,4577036,"H-07013, Cantt, Lahore",Cantt,Lahore
PROP003198,ثناء مغل,71866-9625471-6,Faisal Moghul,1955-11-07,2381663,"H-07014, F-8, Islamabad",F-8,Islamabad
PROP003199,Ahmad Shaikh,90730-2711056-6,Mohammad Hamza Shaikh,1960-07-03,14273315,"H-07015, Peoples Colony, Faisalabad",Peoples Colony,Faisalabad
PROP003200,علی اعوان,58536-4669516-8,Imran Awan,1968-05-25,2841455,"H-07017, DHA, Karachi",DHA,Karachi
PROP003201,Hira ملک,23763-6468670-1,Mohammed Bilal Malick,1968-10-23,2000000,"H-07025, Cantt, Lahore",Cantt,Lahore
PROP003202,Muhammed حسین Choudhary,50605-4551713-6,Muhammad Hamza چوہدری,1976-03-07,21431182,"H-07030, Bahria Town, Rawalpindi",Bahria Town,Rawalpindi
PROP003203,Mohammad Husain Sayyid,83948-9228111-8,,1983-01-03,2000000,"H-07035, Madina Town, Faisalabad",Madina Town,Faisalabad
PROP003204,ثناء اعوان,54505-3900554-7,Bilal Awan,,44047483,"H-07037, G-10, Islamabad",G-10,Islamabad
PROP003205,Imran Sheikh,,Muhammad علی Shaykh,,8183534,"H-07042, Peoples Colony, Faisalabad",Peoples Colony,Faisalabad
PROP003206,عمران Shaykh,96150-5843943-0,,1968-09-04,16613061,"H-07044, Clifton, Karachi",Clifton,Karachi
PROP003207,Muhammed عمران Shaykh,96150-5843943-0,Ali Shaikh,1968-09-04,7964569,"H-07044, Clifton, Karachi",Clifton,Karachi
PROP003208,عثمان Quraishi,20499-8743566-2,Hamzah Qureshi,1987-06-07,29810979,"H-07047, Saddar, Rawalpindi",Saddar,Rawalpindi
PROP003209,Mohammad Awan,95584-5089942-6,Muhammad Bilal اعوان,1993-01-05,12744628,"H-07050, Peoples Colony, Faisalabad",Peoples Colony,Faisalabad
PROP003210,Othman Awan,72618-7498746-3,Muhammed اعوان,1965-04-27,7639586,"H-07053, Peoples Colony, Faisalabad",Peoples Colony,Faisalabad
PROP003211,Ahmad Shaikh,,Ahmad Sheikh,1971-12-27,3301370,"H-07061, Johar Town, Lahore",Johar Town,Lahore
PROP003212,Muhammed Butt,43945-4135588-8,Imran Bhatti,1970-04-27,26881637,"H-07063, Cantt, Lahore",Cantt,Lahore
PROP003213,Ahmed Mughal,14330-2132708-1,Hamza مغل,1964-11-08,9506762,"H-07066, E-11, Islamabad",E-11,Islamabad
PROP003214,حسن خان,75251-6146659-3,محمد Khan,1964-02-25,9813357,"H-07068, Malir, Karachi",Malir,Karachi
PROP003215,محمد Malik,80238-1086147-4,Faisal Malick,1978-07-22,4630990,"H-07075, Chaklala, Rawalpindi",Chaklala,Rawalpindi
PROP003216,Muhammad Faisal Awan,12708-2398002-7,,1966-11-06,4297830,"H-07083, Madina Town, Faisalabad",Madina Town,Faisalabad
PROP003217,فیصل راجہ,18162-9591395-5,Othman راجہ,1969-03-16,2000000,"H-07084, Jaranwala Road, Faisalabad",Jaranwala Road,Faisalabad
PROP003218,Mariam سید,11020-6678109-3,حسین سید,2003-10-21,2300704,"H-07086, Bahria Town, Islamabad",Bahria Town,Islamabad
PROP003219,Fatima Choudhary,69692-2645280-4,Mohammad Choudhary,1961-09-21,4057816,"H-07088, DHA, Lahore",DHA,Lahore
PROP003220,Muhammad حسین راجہ,43460-2675211-7,Othman راجہ,1986-03-07,3711073,"H-07091, Cantt, Lahore",Cantt,Lahore
PROP003221,Hussain Raja,43460-2675216-7,Othman Raja,1986-03-07,2667785,"H-07091, Cantt, Lahore",Cantt,Lahore
PROP003222,علی Ch.,36509-3593085-5,Muhammad بلال Chaudhary,1976-09-09,4217716,"H-07093, Madina Town, Faisalabad",Madina Town,Faisalabad
PROP003223,Othman Moghul,18349-6869033-8,Muhammed Moghul,1987-05-19,40028173,"H-07095, North Nazimabad, Karachi",North Nazimabad,Karachi
PROP003224,Usman مغل,18849-6869033-8,Muhammed Mughal,1987-05-19,25084201,"H-07095, North Nazimabad, Karachi",North Nazimabad,Karachi
PROP003225,بلال Malick,32505-7576333-9,فیصل Malik,1978-04-16,2165590,"H-07098, F-8, Islamabad",F-8,Islamabad
PROP003226,Muhammed عمران Mughal,21652-8628624-4,Muhammad حسین Mughal,1994-05-12,13832365,"H-07101, Madina Town, Faisalabad",Madina Town,Faisalabad
PROP003227,Imran مغل,21652-8628624-4,Husain مغل,1994-05-12,30994793,"H-07101, Madina Town, Faisalabad",Madina Town,Faisalabad
PROP003228,Mohammed خان,,Muhammed Ahmad خان,1989-03-05,32086591,"H-07103, DHA, Karachi",DHA,Karachi
PROP003229,بلال ملک,,Muhammed Faysal Malick,1982-10-23,5085969,"H-07111, Madina Town, Faisalabad",Madina Town,Faisalabad
PROP003230,Muhammed عمران Khan,94625-1733421-8,Hussein خان,1982-02-15,27461292,"H-07115, DHA, Lahore",DHA,Lahore
PROP003231,Bilal چوہدری,33597-3765581-9,Imran Ch.,1960-02-17,20700155,"H-07119, Cantt, Lahore",Cantt,Lahore
PROP003232,بلال Chaudhary,33597-3765581-9,Imran Choudhary,1960-02-17,15992846,"H-07119, Cantt, Lahore",Cantt,Lahore
PROP003233,Imran Khan,76275-1849198-3,عمران Khan,1997-07-11,9648251,"H-07120, DHA, Karachi",DHA,Karachi
PROP003234,Muhammad عمران خان,76275-1849198-3,عمران خان,1997-07-11,10055820,"H-07120, DHA, Karachi",DHA,Karachi
PROP003235,Mohammad عمران خان,76275-1849198-3,Imran خان,,11363478,"H-07120, DHA, Karachi",DHA,Karachi
PROP003236,حسن Raja,80828-1385301-0,,1980-07-08,122226896,"H-07122, Gulshan-e-Iqbal, Karachi",Gulshan-e-Iqbal,Karachi
PROP003237,Hassan راجہ,90828-1385301-0,Bilal Raja,1980-07-08,98087204,"H-07122, Gulshan-e-Iqbal, Karachi",Gulshan-e-Iqbal,Karachi
PROP003238,Mohammed حسن Raja,90828-1385301-0,Bilal Raja,1980-07-08,172835329,"H-07122, Gulshan-e-Iqbal, Karachi",Gulshan-e-Iqbal,Karachi
PROP003239,Muhammed عثمان خان,87306-6928830-2,Muhammed Ali Khan,,9644053,"H-07124, G-10, Islamabad",G-10,Islamabad
PROP003240,Muhammed Ahmad Chaudhry,97075-5046065-7,Hasan چوہدری,1964-10-16,8782136,"H-07126, North Nazimabad, Karachi",North Nazimabad,Karachi
PROP003241,Osman Syed,92713-6468796-7,عمران Syed,1968-03-24,9928185,"H-07130, Bahria Town, Rawalpindi",Bahria Town,Rawalpindi
PROP003242,ثناء Butt,61429-6466842-5,,1958-02-07,5493465,"H-07131, G-10, Islamabad",G-10,Islamabad
PROP003243,Maryam Malick,17556-2647307-6,Muhammed حسین Malick,1996-07-02,10746499,"H-07133, Madina Town, Faisalabad",Madina Town,Faisalabad
PROP003244,حمزہ Syed,37029-1670984-2,Ali Syed,1991-04-27,9597838,"H-07135, Bahria Town, Rawalpindi",Bahria Town,Rawalpindi
PROP003245,Muhammed علی Khan,78524-2188728-8,Mohammad Hassan خان,1966-06-06,4101557,"H-07137, Johar Town, Lahore",Johar Town,Lahore
PROP003246,Husain Butt,59454-2107257-8,Faysal Bhatti,1956-08-23,15910095,"H-07140, Cantt, Lahore",Cantt,Lahore
PROP003247,Osman Sheikh,83948-4284689-7,Ali Sheikh,1981-10-20,8039632,"H-07141, Model Town, Lahore",Model Town,Lahore
PROP003248,Mohammad حسن شیخ,78596-6438840-3,حمزہ Sheikh,1971-09-12,5938391,"H-07142, Gulshan-e-Iqbal, Karachi",Gulshan-e-Iqbal,Karachi
PROP003249,Aisha قریشی,48607-4255298-5,Hassan قریشی,1978-07-11,22599143,"H-07146, F-8, Islamabad",F-8,Islamabad
PROP003250,Ayesha Qureshi,,,1978-07-11,21115537,"H-07146, F-8, Islamabad",F-8,Islamabad
PROP003251,Aisha Qureshi,48607-4255298-5,,1978-07-11,30925970,"H-07146, F-8, Islamabad",F-8,Islamabad
PROP003252,Ayesha Quraishi,51187-6627846-7,Husain Qureshi,,7741875,"H-07147, Model Town, Lahore",Model Town,Lahore
PROP003253,Mohammad Malik,41735-1586592-5,Mohammed Hassan ملک,1966-02-12,2000000,"H-07150, Model Town, Lahore",Model Town,Lahore
PROP003254,Mohammed Choudhary,61968-8591839-7,Imran Chaudhry,2000-02-16,12134715,"H-07155, Model Town, Lahore",Model Town,Lahore
PROP003255,Maryam اعوان,29845-7378008-5,Mohammed Faysal Awan,1984-10-17,20716132,"H-07157, Peoples Colony, Faisalabad",Peoples Colony,Faisalabad
PROP003256,Mariam Awan,,فیصل اعوان,1984-10-17,16989284,"H-07157, Peoples Colony, Faisalabad",Peoples Colony,Faisalabad
PROP003257,Imran Choudhary,59799-2011596-3,Muhammad Hussein Ch.,,3881402,"H-07159, Bahria Town, Rawalpindi",Bahria Town,Rawalpindi
PROP003258,Sana Moghul,42479-7778538-7,Hassan Moghul,,5667279,"H-07160, Clifton, Karachi",Clifton,Karachi
PROP003259,ثناء Mughal,42479-7778538-7,Hasan Moghul,1995-10-27,3726575,"H-07160, Clifton, Karachi",Clifton,Karachi
PROP003260,Sana Quraishi,42268-7667005-6,Othman Quraishi,,16330861,"H-07165, Bahria Town, Islamabad",Bahria Town,Islamabad
PROP003261,Ali Awan,89202-9996504-0,Ali اعوان,1971-03-16,2000000,"H-07168, Saddar, Rawalpindi",Saddar,Rawalpindi
PROP003262,Ali اعوان,89202-9996504-0,,1971-03-16,2000000,"H-07168, Saddar, Rawalpindi",Saddar,Rawalpindi
PROP003263,Ahmad Raja,32199-5691605-9,,1972-08-08,8975079,"H-07170, Bahria Town, Islamabad",Bahria Town,Islamabad
PROP003264,حمزہ اعوان,67338-4903029-8,Mohammad Usman اعوان,,5857712,"H-07171, DHA, Lahore",DHA,Lahore
PROP003265,Mohammad Hamza Awan,67338-4903029-8,عثمان اعوان,1978-11-23,4272094,"H-07171, DHA, Lahore",DHA,Lahore
PROP003266,Imran شیخ,57504-4811313-7,علی Shaikh,1972-03-02,22963025,"H-07174, G-10, Islamabad",G-10,Islamabad
PROP003267,عثمان Raja,31563-3478540-7,Mohammad Faisal راجہ,1999-04-12,2725903,"H-07176, Bahria Town, Islamabad",Bahria Town,Islamabad
PROP003268,Imran Mughal,29813-7291767-1,Faysal مغل,,10781262,"H-07183, Satellite Town, Rawalpindi",Satellite Town,Rawalpindi
PROP003269,Mohammad Bilal راجہ,55077-5445370-1,Ahmad Raja,1988-05-24,5674035,"H-07184, Satellite Town, Rawalpindi",Satellite Town,Rawalpindi
PROP003270,بلال Raja,55077-5445370-1,Mohammed احمد راجہ,1988-05-24,6724276,"H-07184, Satellite Town, Rawalpindi",Satellite Town,Rawalpindi
PROP003271,عمران مغل,76549-3714390-5,Ahmed Mughal,1985-12-10,20678120,"H-07194, Chaklala, Rawalpindi",Chaklala,Rawalpindi
PROP003272,Othman Qureshi,56856-4208438-4,Muhammad Bilal Quraishi,1955-06-18,24275653,"H-07195, Madina Town, Faisalabad",Madina Town,Faisalabad
PROP003273,Mohammed Usman Quraishi,56806-4208438-4,بلال قریشی,1955-06-18,36551914,"H-07195, Madina Town, Faisalabad",Madina Town,Faisalabad
PROP003274,Osman قریشی,,Bilal قریشی,1955-06-18,34409468,"H-07195, Madina Town, Faisalabad",Madina Town,Faisalabad
PROP003275,Faisal ملک,42723-7367501-8,Usman Malik,1990-07-22,34831673,"H-07197, Model Town, Lahore",Model Town,Lahore
PROP003276,Marium اعوان,87902-8565802-6,حسین Awan,1973-04-08,15895567,"H-07205, Jaranwala Road, Faisalabad",Jaranwala Road,Faisalabad
PROP003277,Maryam اعوان,87902-8565802-6,حسین اعوان,1973-04-08,20371586,"H-07205, Jaranwala Road, Faisalabad",Jaranwala Road,Faisalabad
PROP003278,Mariam اعوان,87902-8565802-6,Hussain Awan,1973-04-08,22339568,"H-07205, Jaranwala Road, Faisalabad",Jaranwala Road,Faisalabad
PROP003279,حرا ملک,72900-2033129-3,Mohammad Ahmad Malick,1963-09-14,30088440,"H-07215, E-11, Islamabad",E-11,Islamabad
PROP003280,Hira ملک,72900-2033129-3,Muhammad Ahmed Malick,1963-09-14,38440652,"H-07215, E-11, Islamabad",E-11,Islamabad
PROP003281,Mohammad Osman چوہدری,25065-9893110-1,Hamza Chaudhry,1970-02-09,4704294,"H-07226, Peoples Colony, Faisalabad",Peoples Colony,Faisalabad
PROP003282,علی Khan,82547-4629675-6,Muhammed فیصل خان,1962-03-09,7405568,"H-07227, Saddar, Rawalpindi",Saddar,Rawalpindi
PROP003283,Muhammed Hassan اعوان,81226-9212319-2,Muhammad Hussain Awan,1995-01-25,13817905,"H-07228, Cantt, Lahore",Cantt,Lahore
PROP003284,Fatimah Shaikh,84281-4147258-4,عمران Sheikh,,3808662,"H-07233, Chaklala, Rawalpindi",Chaklala,Rawalpindi
PROP003285,Muhammed بلال مغل,85353-3113386-8,,1970-12-02,23855337,"H-07241, Satellite Town, Rawalpindi",Satellite Town,Rawalpindi
PROP003286,Mohammad حسین خان,28738-3788743-2,Hussein Khan,1958-11-26,26559101,"H-07243, Bahria Town, Islamabad",Bahria Town,Islamabad
PROP003287,Husain خان,28738-3788703-2,Hussain Khan,1958-11-26,34170665,"H-07243, Bahria Town, Islamabad",Bahria Town,Islamabad
PROP003288,حسین Khan,28738-3788703-2,Mohammed Hussein Khan,1958-11-26,35110233,"H-07243, Bahria Town, Islamabad",Bahria Town,Islamabad
PROP003289,Osman Bhatti,96491-4098023-5,Mohammad Usman Bhatti,,26161965,"H-07249, Malir, Karachi",Malir,Karachi
PROP003290,Hamza راجہ,72531-3503974-8,Mohammed Imran راجہ,1984-04-14,2000000,"H-07250, Satellite Town, Rawalpindi",Satellite Town,Rawalpindi
PROP003291,Fatema Malick,14154-9917855-6,,,9862143,"H-07252, Madina Town, Faisalabad",Madina Town,Faisalabad
PROP003292,عمران اعوان,26348-4025139-4,Husain Awan,1962-09-20,6770360,"H-07254, DHA, Lahore",DHA,Lahore
PROP003293,علی Shaikh,20989-6847131-5,Ahmad Sheikh,1975-02-11,51651030,"H-07255, E-11, Islamabad",E-11,Islamabad
PROP003294,علی Sheikh,20989-6847131-5,Mohammad Ahmed Shaikh,,39561887,"H-07255, E-11, Islamabad",E-11,Islamabad
PROP003295,Bilal Chaudhary,,Bilal Chaudhry,1968-05-11,56757789,"H-07265, Johar Town, Lahore",Johar Town,Lahore
PROP003296,Maryam سید,84221-7832393-8,,1977-12-24,16670100,"H-07267, Saddar, Rawalpindi",Saddar,Rawalpindi
PROP003297,عمران خان,78103-3659063-0,Mohammad بلال خان,1973-07-01,17781443,"H-07271, DHA, Lahore",DHA,Lahore
PROP003298,Mohammad بلال Raja,80009-7887875-0,Ahmad راجہ,1977-09-01,7209341,"H-07272, E-11, Islamabad",E-11,Islamabad
PROP003299,Mohammed Bilal راجہ,80509-7887875-0,,,4254364,"H-07272, E-11, Islamabad",E-11,Islamabad
PROP003300,Muhammed Awan,16146-8833930-8,Mohammed Awan,2003-03-18,31173717,"H-07274, Bahria Town, Rawalpindi",Bahria Town,Rawalpindi
PROP003301,Mohammad Faysal Raja,90228-9977495-8,Faisal راجہ,,26867067,"H-07275, North Nazimabad, Karachi",North Nazimabad,Karachi
PROP003302,Ayesha خان,28298-7036162-1,Mohammed Imran خان,1987-07-21,11773044,"H-07277, G-10, Islamabad",G-10,Islamabad
PROP003303,Fatimah Malick,,,1980-06-03,26882123,"H-07282, Cantt, Lahore",Cantt,Lahore
PROP003304,Hasan Sheikh,30898-3562618-8,Hussain Sheikh,1955-07-10,2000000,"H-07283, Peoples Colony, Faisalabad",Peoples Colony,Faisalabad
PROP003305,Hasan Sheikh,30898-3562618-8,Hussain Shaykh,1955-07-10,2000000,"H-07283, Peoples Colony, Faisalabad",Peoples Colony,Faisalabad
PROP003306,Osman شیخ,89612-5394135-1,فیصل شیخ,1984-04-11,18630611,"H-07284, E-11, Islamabad",E-11,Islamabad
PROP003307,Mohammed Imran Qureshi,28201-4390864-1,Faysal Quraishi,1977-02-06,12543863,"H-07285, Gulberg, Lahore",Gulberg,Lahore
PROP003308,عمران اعوان,89558-9157978-0,Imran Awan,1983-05-25,58625283,"H-07286, Jaranwala Road, Faisalabad",Jaranwala Road,Faisalabad
PROP003309,Imran Awan,89558-9157978-0,عمران اعوان,1983-05-25,70546592,"H-07286, Jaranwala Road, Faisalabad",Jaranwala Road,Faisalabad
PROP003310,عمران اعوان,89558-9157978-0,عمران اعوان,1983-05-25,86186462,"H-07286, Jaranwala Road, Faisalabad",Jaranwala Road,Faisalabad
PROP003311,Hasan اعوان,45475-9347139-1,Hassan Awan,1959-05-27,7842745,"H-07293, Malir, Karachi",Malir,Karachi
PROP003312,Hasan اعوان,45475-9347139-1,Mohammad Hassan Awan,1959-05-27,8606372,"H-07293, Malir, Karachi",Malir,Karachi
PROP003313,ثناء Shaykh,84376-3143301-8,علی Shaykh,1998-11-15,4131602,"H-07294, Saddar, Rawalpindi",Saddar,Rawalpindi
PROP003314,فیصل اعوان,20933-1362526-8,Mohammad فیصل Awan,1999-12-16,7208807,"H-07299, Bahria Town, Rawalpindi",Bahria Town,Rawalpindi
PROP003315,Husain شیخ,49056-2998850-3,,1999-11-25,6937479,"H-07300, North Nazimabad, Karachi",North Nazimabad,Karachi
PROP003316,Hussein Shaykh,49056-2998850-3,فیصل شیخ,1999-11-25,11481731,"H-07300, North Nazimabad, Karachi",North Nazimabad,Karachi
PROP003317,حسین Sheikh,49056-2998850-3,فیصل شیخ,1999-11-25,9669903,"H-07300, North Nazimabad, Karachi",North Nazimabad,Karachi
PROP003318,Mohammad Faysal Sheikh,34855-9481033-2,Mohammed فیصل Shaykh,1982-04-27,51906446,"H-07308, North Nazimabad, Karachi",North Nazimabad,Karachi
PROP003319,فیصل Shaikh,34855-9481033-2,Faysal Sheikh,1982-04-27,39282287,"H-07308, North Nazimabad, Karachi",North Nazimabad,Karachi
PROP003320,Faisal Shaykh,,Faysal Sheikh,1982-04-27,33463032,"H-07308, North Nazimabad, Karachi",North Nazimabad,Karachi
PROP003321,Muhammed علی قریشی,81799-9762997-7,محمد قریشی,2002-03-05,5794615,"H-07309, Peoples Colony, Faisalabad",Peoples Colony,Faisalabad
PROP003322,محمد Awan,38239-2973108-4,Othman اعوان,1971-12-25,17917653,"H-07311, F-7, Islamabad",F-7,Islamabad
PROP003323,Zaynab Chaudhary,62517-3588410-9,بلال Choudhary,,20005870,"H-07312, E-11, Islamabad",E-11,Islamabad
PROP003324,Zainab Chaudhary,,,1961-02-25,15977459,"H-07312, E-11, Islamabad",E-11,Islamabad
PROP003325,حرا Choudhary,10339-9446140-4,Hassan Chaudhary,1987-05-18,10828562,"H-07317, Saddar, Rawalpindi",Saddar,Rawalpindi
PROP003326,Hasan Shaykh,,بلال شیخ,1980-04-23,42506369,"H-07322, Satellite Town, Rawalpindi",Satellite Town,Rawalpindi
PROP003327,Hasan شیخ,80303-1650801-8,Bilal Shaikh,1980-04-23,43255671,"H-07322, Satellite Town, Rawalpindi",Satellite Town,Rawalpindi
PROP003328,Ayisha Awan,69519-5832683-6,Bilal اعوان,1965-12-25,19354854,"H-07323, Satellite Town, Rawalpindi",Satellite Town,Rawalpindi
PROP003329,Ali Syed,72000-2777050-4,Ahmad Sayed,2001-02-22,5217511,"H-07328, Model Town, Lahore",Model Town,Lahore
PROP003330,حمزہ Khan,18128-2156280-4,,1955-07-28,5362955,"H-07330, Peoples Colony, Faisalabad",Peoples Colony,Faisalabad
PROP003331,Hussain Sayyid,72025-6516881-5,عثمان Sayyid,1966-07-23,39404182,"H-07331, Peoples Colony, Faisalabad",Peoples Colony,Faisalabad
PROP003332,Hussain Sayyid,72025-6516881-5,عثمان سید,1966-07-23,29989854,"H-07331, Peoples Colony, Faisalabad",Peoples Colony,Faisalabad
PROP003333,Husain Sayed,72025-6516881-5,Othman سید,1966-07-23,39028796,"H-07331, Peoples Colony, Faisalabad",Peoples Colony,Faisalabad
PROP003334,Mohammad Hamzah Bhatti,82413-2277785-8,,1971-12-02,73597604,"H-07333, Cantt, Lahore",Cantt,Lahore
PROP003335,Hamza Bhatti,82413-2277785-8,Mohammed Bhatti,1971-12-02,85619337,"H-07333, Cantt, Lahore",Cantt,Lahore
PROP003336,حمزہ بٹ,,Muhammed Butt,1971-12-02,69305825,"H-07333, Cantt, Lahore",Cantt,Lahore
PROP003337,حمزہ راجہ,79238-7737206-5,Muhammad Osman Raja,1964-01-18,7065181,"H-07338, Malir, Karachi",Malir,Karachi
PROP003338,Maryam Moghul,19505-8479934-0,محمد Mughal,1997-01-04,30595555,"H-07339, F-8, Islamabad",F-8,Islamabad
PROP003339,Bilal راجہ,64811-3944755-0,Mohammad Husain Raja,1968-11-15,29971248,"H-07343, Jaranwala Road, Faisalabad",Jaranwala Road,Faisalabad
PROP003340,فیصل Butt,47513-4283455-1,عثمان Butt,1966-01-27,12863850,"H-07347, Bahria Town, Rawalpindi",Bahria Town,Rawalpindi
PROP003341,عثمان Raja,87358-3358392-5,احمد Raja,1981-12-28,7498486,"H-07348, Clifton, Karachi",Clifton,Karachi
PROP003342,Hussain خان,90210-9197540-7,بلال Khan,,4167879,"H-07352, Chaklala, Rawalpindi",Chaklala,Rawalpindi
PROP003343,فاطمہ سید,71087-9459872-8,,1993-04-22,123623241,"H-07357, DHA, Lahore",DHA,Lahore
PROP003344,Fatema Syed,71087-9459872-8,Ali Sayed,,90059488,"H-07357, DHA, Lahore",DHA,Lahore
PROP003345,Fatima Sayyid,71087-9459872-8,,1993-04-22,46284656,"H-07357, DHA, Lahore",DHA,Lahore
PROP003346,Husain مغل,27744-6898937-2,علی Mughal,1988-01-08,9290226,"H-07359, North Nazimabad, Karachi",North Nazimabad,Karachi
PROP003347,حرا Malick,49555-9108386-7,عمران Malik,1986-11-26,127477750,"H-07361, Model Town, Lahore",Model Town,Lahore
PROP003348,حرا ملک,49555-9108386-7,عمران Malik,1986-11-26,166240548,"H-07361, Model Town, Lahore",Model Town,Lahore
PROP003349,Hira Malik,49555-9108386-7,Imran Malick,1986-11-26,113108812,"H-07361, Model Town, Lahore",Model Town,Lahore
PROP003350,Mohammad Bilal Qureshi,57052-3240610-8,Mohammad حسین قریشی,1970-01-10,19307310,"H-07362, F-7, Islamabad",F-7,Islamabad
PROP003351,Muhammed Hassan چوہدری,59063-5937992-3,حمزہ Ch.,1989-03-27,5098260,"H-07364, North Nazimabad, Karachi",North Nazimabad,Karachi
PROP003352,Usman Mughal,79770-4178634-8,Usman Moghul,1966-02-10,2000000,"H-07365, G-10, Islamabad",G-10,Islamabad
PROP003353,Hasan Moghul,24275-7718930-7,حسن Mughal,1983-05-22,7918144,"H-07373, F-7, Islamabad",F-7,Islamabad
PROP003354,Mohammad Faisal مغل,,Hussain Mughal,,221656248,"H-07378, Peoples Colony, Faisalabad",Peoples Colony,Faisalabad
PROP003355,Muhammed فیصل Mughal,45692-2507685-2,Husain Moghul,1992-06-13,305186837,"H-07378, Peoples Colony, Faisalabad",Peoples Colony,Faisalabad
PROP003356,Muhammed Faysal Mughal,45692-2507685-2,Husain Moghul,1992-06-13,163584446,"H-07378, Peoples Colony, Faisalabad",Peoples Colony,Faisalabad
PROP003357,Ahmad Malik,37242-5259665-6,بلال ملک,1956-04-17,13037364,"H-07380, Bahria Town, Rawalpindi",Bahria Town,Rawalpindi
PROP003358,احمد ملک,37242-5259665-6,بلال ملک,1956-04-17,15153985,"H-07380, Bahria Town, Rawalpindi",Bahria Town,Rawalpindi
PROP003359,Muhammad Sayed,31090-9605284-8,Muhammed Faisal Sayyid,1997-02-14,12225577,"H-07385, DHA, Lahore",DHA,Lahore
PROP003360,Mohammad فیصل سید,53615-1388608-8,Imran سید,1965-10-01,4424619,"H-07386, Johar Town, Lahore",Johar Town,Lahore
PROP003361,Faisal سید,53615-1388608-6,,1965-10-01,3914262,"H-07386, Johar Town, Lahore",Johar Town,Lahore
PROP003362,علی Moghul,62064-6293901-8,,1961-04-16,69295167,"H-07389, Peoples Colony, Faisalabad",Peoples Colony,Faisalabad
PROP003363,Mohammad علی Moghul,,Osman Mughal,,127729057,"H-07389, Peoples Colony, Faisalabad",Peoples Colony,Faisalabad
PROP003364,Muhammed علی مغل,62064-6293901-8,Othman مغل,1961-04-16,83437023,"H-07389, Peoples Colony, Faisalabad",Peoples Colony,Faisalabad
PROP003365,Mohammad Ali Shaikh,53850-9004828-5,Muhammad Hassan Shaikh,,13745015,"H-07397, F-7, Islamabad",F-7,Islamabad
PROP003366,فیصل اعوان,50955-6429944-1,Mohammed Imran اعوان,,3374347,"H-07407, F-7, Islamabad",F-7,Islamabad
PROP003367,Ahmed قریشی,91704-9396749-7,Muhammed Qureshi,1972-07-05,5364262,"H-07414, Jaranwala Road, Faisalabad",Jaranwala Road,Faisalabad
PROP003368,حسن Sayed,38704-1763563-1,Ahmad Sayyid,2001-12-14,2000000,"H-07415, Jaranwala Road, Faisalabad",Jaranwala Road,Faisalabad
PROP003369,Zaynab Quraishi,20901-9772782-7,,1982-04-17,8456811,"H-07418, Model Town, Lahore",Model Town,Lahore
PROP003370,علی Choudhary,27059-5514220-0,علی Chaudhary,1971-11-04,23969664,"H-07422, Saddar, Rawalpindi",Saddar,Rawalpindi
PROP003371,عمران بٹ,92453-4098236-6,Hussain Butt,1956-06-27,21478238,"H-07425, Model Town, Lahore",Model Town,Lahore
PROP003372,Mohammed مغل,24192-7465763-9,علی Mughal,1959-08-16,25218337,"H-07430, F-8, Islamabad",F-8,Islamabad
PROP003373,Maryam Malick,88961-4972020-0,,1979-02-21,8499118,"H-07431, Chaklala, Rawalpindi",Chaklala,Rawalpindi
PROP003374,Maryam ملک,88961-4972020-0,Muhammed ملک,1979-02-21,10938906,"H-07431, Chaklala, Rawalpindi",Chaklala,Rawalpindi
PROP003375,Hussein Bhatti,96909-9079737-0,حسن Bhatti,1958-04-13,17032486,"H-07432, F-7, Islamabad",F-7,Islamabad
PROP003376,Hussein راجہ,33654-3191402-7,Muhammed Hussain راجہ,1992-10-27,9059479,"H-07434, Chaklala, Rawalpindi",Chaklala,Rawalpindi
PROP003377,Husain راجہ,,حسین Raja,1992-10-27,9599276,"H-07434, Chaklala, Rawalpindi",Chaklala,Rawalpindi
PROP003378,Hamza قریشی,21437-9591896-6,Usman Qureshi,1979-02-09,2048827,"H-07439, Peoples Colony, Faisalabad",Peoples Colony,Faisalabad
PROP003379,Hussain Bhatti,13590-1345362-5,Hasan Bhatti,1966-06-18,14985384,"H-07440, Malir, Karachi",Malir,Karachi
PROP003380,عمران Ch.,72521-4556785-0,Hamza Chaudhry,1961-02-02,34590188,"H-07443, G-10, Islamabad",G-10,Islamabad
PROP003381,Imran Ch.,72521-4556785-0,,1961-02-02,26624691,"H-07443, G-10, Islamabad",G-10,Islamabad
PROP003382,Imran Chaudhry,,Hamzah Chaudhry,1961-02-02,34813601,"H-07443, G-10, Islamabad",G-10,Islamabad
PROP003383,Fatima اعوان,18350-3274683-4,Mohammed Awan,,6169731,"H-07446, Clifton, Karachi",Clifton,Karachi
PROP003384,فاطمہ اعوان,18350-3274683-4,Mohammad Awan,1961-04-27,5327583,"H-07446, Clifton, Karachi",Clifton,Karachi
PROP003385,Osman Malik,39058-9880008-4,Hasan Malick,2000-07-13,12931930,"H-07451, DHA, Lahore",DHA,Lahore
PROP003386,علی Malick,38243-1800031-8,حسن Malik,1969-10-07,2000000,"H-07459, Cantt, Lahore",Cantt,Lahore
PROP003387,علی سید,43155-1179331-0,Ahmed سید,1985-05-26,2561721,"H-07460, F-8, Islamabad",F-8,Islamabad
PROP003388,Mohammad حمزہ اعوان,14846-3406710-7,Usman اعوان,,3447094,"H-07463, DHA, Karachi",DHA,Karachi
PROP003389,Sana Awan,25802-8277912-4,,1958-03-10,5020566,"H-07464, Saddar, Rawalpindi",Saddar,Rawalpindi
PROP003390,Fatema اعوان,93214-4633872-1,عمران اعوان,1966-11-24,4332237,"H-07466, E-11, Islamabad",E-11,Islamabad
PROP003391,علی Shaikh,45364-6054866-6,حسن Shaikh,1994-07-28,114375676,"H-07468, Model Town, Lahore",Model Town,Lahore
PROP003392,عثمان Moghul,45410-8256906-7,Faisal مغل,1971-09-22,30105498,"H-07470, Peoples Colony, Faisalabad",Peoples Colony,Faisalabad
PROP003393,Muhammad Othman مغل,,فیصل Moghul,1971-09-22,30551028,"H-07470, Peoples Colony, Faisalabad",Peoples Colony,Faisalabad
PROP003394,Usman Moghul,45410-8256906-7,,1971-09-22,26086957,"H-07470, Peoples Colony, Faisalabad",Peoples Colony,Faisalabad
PROP003395,Bilal Awan,85010-5812899-8,Muhammad Othman اعوان,1995-07-10,17708193,"H-07471, E-11, Islamabad",E-11,Islamabad
PROP003396,Muhammad مغل,88642-1908985-8,,1975-06-02,14410039,"H-07472, Jaranwala Road, Faisalabad",Jaranwala Road,Faisalabad
PROP003397,Osman ملک,58033-8633148-2,علی Malik,1990-02-13,53786641,"H-07474, Bahria Town, Islamabad",Bahria Town,Islamabad
PROP003398,عثمان ملک,58033-8633148-2,,1990-02-13,71969547,"H-07474, Bahria Town, Islamabad",Bahria Town,Islamabad
PROP003399,عثمان Malick,58033-8633148-2,Mohammad علی Malik,1990-02-13,57420213,"H-07474, Bahria Town, Islamabad",Bahria Town,Islamabad
PROP003400,Faysal اعوان,99283-4687292-1,Husain Awan,1990-02-05,46499619,"H-07476, Satellite Town, Rawalpindi",Satellite Town,Rawalpindi
PROP003401,Muhammad فیصل اعوان,,Husain اعوان,,46274739,"H-07476, Satellite Town, Rawalpindi",Satellite Town,Rawalpindi
PROP003402,فیصل Awan,99283-3687292-1,حسین Awan,1990-02-05,53205849,"H-07476, Satellite Town, Rawalpindi",Satellite Town,Rawalpindi
PROP003403,Faisal Butt,52899-1625617-4,Husain Butt,1989-04-19,2000000,"H-07484, DHA, Lahore",DHA,Lahore
PROP003404,Muhammad Hamzah بٹ,85494-5442887-3,علی بٹ,,6013514,"H-07486, Cantt, Lahore",Cantt,Lahore
PROP003405,فیصل شیخ,16709-9103244-3,,,42393727,"H-07487, Bahria Town, Rawalpindi",Bahria Town,Rawalpindi
PROP003406,Bilal Awan,50304-1060258-0,,1985-05-19,32143331,"H-07488, Bahria Town, Islamabad",Bahria Town,Islamabad
PROP003407,Bilal Awan,50304-1060258-0,Mohammed Faisal اعوان,1985-05-19,32278218,"H-07488, Bahria Town, Islamabad",Bahria Town,Islamabad
PROP003408,Zainab Awan,,Usman اعوان,1978-04-24,2991693,"H-07489, Madina Town, Faisalabad",Madina Town,Faisalabad
PROP003409,Muhammad Butt,45445-5877494-6,Bilal Bhatti,,4952979,"H-07490, Model Town, Lahore",Model Town,Lahore
PROP003410,حسن Shaykh,74715-3464422-5,Mohammed Hamza شیخ,1976-03-06,7788648,"H-07492, Clifton, Karachi",Clifton,Karachi
PROP003411,Hussein Raja,51494-3905350-2,Mohammed فیصل راجہ,1968-01-28,72812031,"H-07493, DHA, Lahore",DHA,Lahore
PROP003412,Hussain راجہ,51494-3905350-2,,1968-01-28,93711830,"H-07493, DHA, Lahore",DHA,Lahore
PROP003413,Husain راجہ,51494-3905350-2,Faysal Raja,1968-01-28,142100499,"H-07493, DHA, Lahore",DHA,Lahore
PROP003414,Husain Chaudhary,30738-1242033-4,Muhammed حسین Choudhary,1980-04-11,19806329,"H-07496, Jaranwala Road, Faisalabad",Jaranwala Road,Faisalabad
PROP003415,Muhammad احمد ملک,74783-3819192-0,Mohammad Hamzah Malick,1985-01-12,10440533,"H-07497, DHA, Karachi",DHA,Karachi
PROP003416,Faisal Awan,38745-4606929-5,Bilal Awan,,14925263,"H-07498, F-8, Islamabad",F-8,Islamabad
PROP003417,Hamzah Mughal,73606-5048577-3,حسن Mughal,1989-11-03,86684326,"H-07501, North Nazimabad, Karachi",North Nazimabad,Karachi
PROP003418,Hamza مغل,73606-5048577-3,Mohammad Hasan مغل,1989-11-03,64827945,"H-07501, North Nazimabad, Karachi",North Nazimabad,Karachi
PROP003419,Hamza مغل,73606-5048577-3,Hassan Mughal,1989-11-03,82861573,"H-07501, North Nazimabad, Karachi",North Nazimabad,Karachi
PROP003420,حرا Quraishi,83524-4840113-8,عمران قریشی,,45895537,"H-07502, Malir, Karachi",Malir,Karachi
PROP003421,حرا Qureshi,83524-4840113-8,عمران Qureshi,,32915826,"H-07502, Malir, Karachi",Malir,Karachi
PROP003422,Mohammed Hasan Quraishi,62886-6668329-2,Ali قریشی,1988-10-15,40254867,"H-07503, E-11, Islamabad",E-11,Islamabad
PROP003423,Mohammed Hasan Qureshi,62886-6768329-2,Ali Quraishi,1988-10-15,64301832,"H-07503, E-11, Islamabad",E-11,Islamabad
PROP003424,Hasan قریشی,62886-6768329-2,Ali Quraishi,1988-10-15,44768741,"H-07503, E-11, Islamabad",E-11,Islamabad
PROP003425,Faisal سید,65606-2034020-1,Muhammad Sayyid,1965-06-13,5721838,"H-07504, Jaranwala Road, Faisalabad",Jaranwala Road,Faisalabad
PROP003426,Mohammed فیصل مغل,84898-8444841-1,Hussain مغل,1982-09-19,5530812,"H-07505, Satellite Town, Rawalpindi",Satellite Town,Rawalpindi
PROP003427,Hira Ch.,70930-6656516-4,Muhammad Ch.,1976-06-12,66488424,"H-07506, Johar Town, Lahore",Johar Town,Lahore
PROP003428,Hira Choudhary,,Mohammad Ch.,1976-06-12,59928423,"H-07506, Johar Town, Lahore",Johar Town,Lahore
PROP003429,حرا Chaudhary,70630-6656516-4,محمد Ch.,1976-06-12,58242265,"H-07506, Johar Town, Lahore",Johar Town,Lahore
PROP003430,Mohammed فیصل مغل,69186-5275662-6,Muhammed علی Moghul,1966-07-26,3885976,"H-07513, G-10, Islamabad",G-10,Islamabad
PROP003431,Othman Bhatti,64512-1587270-7,Imran Bhatti,1958-06-10,5725198,"H-07515, Saddar, Rawalpindi",Saddar,Rawalpindi
PROP003432,Osman بٹ,64512-1587270-7,Mohammed عمران بٹ,1958-06-10,5831434,"H-07515, Saddar, Rawalpindi",Saddar,Rawalpindi
PROP003433,Fatima Malik,98138-1677046-3,Hassan Malik,1961-06-05,20395728,"H-07517, G-10, Islamabad",G-10,Islamabad
PROP003434,Fatimah ملک,98138-1677046-3,Hasan Malick,1961-06-05,14892578,"H-07517, G-10, Islamabad",G-10,Islamabad
PROP003435,Muhammed Hasan بٹ,75366-9166744-9,Muhammad عثمان بٹ,,17336714,"H-07520, E-11, Islamabad",E-11,Islamabad
PROP003436,Mohammed Hasan Bhatti,75366-9166744-9,Othman بٹ,1965-07-18,23661964,"H-07520, E-11, Islamabad",E-11,Islamabad
PROP003437,Imran Shaykh,51638-5412435-2,Hasan Shaykh,1989-03-19,11526011,"H-07521, Saddar, Rawalpindi",Saddar,Rawalpindi
PROP003438,Muhammad Husain Mughal,81890-2124013-7,,1996-01-04,19016380,"H-07522, North Nazimabad, Karachi",North Nazimabad,Karachi
PROP003439,Mohammad Quraishi,90144-9179234-5,Imran Quraishi,,8637516,"H-07529, Malir, Karachi",Malir,Karachi
PROP003440,Sana Syed,90457-1414383-1,بلال سید,1973-05-22,2000000,"H-07531, E-11, Islamabad",E-11,Islamabad
PROP003441,Zaynab اعوان,20880-3561594-3,عثمان اعوان,1996-11-17,22631873,"H-07533, Peoples Colony, Faisalabad",Peoples Colony,Faisalabad
PROP003442,Fatema Sayyid,86631-2530310-1,فیصل Sayed,1982-04-25,2743249,"H-07534, Madina Town, Faisalabad",Madina Town,Faisalabad
PROP003443,Hussain Malick,41766-9095139-3,Muhammed Malik,1968-02-26,2987974,"H-07539, DHA, Karachi",DHA,Karachi
PROP003444,Faysal قریشی,41500-5985965-1,محمد قریشی,1966-05-01,11373143,"H-07542, Gulshan-e-Iqbal, Karachi",Gulshan-e-Iqbal,Karachi
PROP003445,علی خان,40623-1139430-0,Mohammed بلال Khan,,38109164,"H-07545, F-8, Islamabad",F-8,Islamabad
PROP003446,Mohammed Faysal Mughal,,Mohammad Bilal مغل,1980-01-14,2235843,"H-07548, Malir, Karachi",Malir,Karachi
PROP003447,Imran سید,76917-5260926-0,Ahmad Sayyid,1990-06-03,11366774,"H-07550, Gulshan-e-Iqbal, Karachi",Gulshan-e-Iqbal,Karachi
PROP003448,عمران سید,76917-5260926-0,Ahmed Sayyid,1990-06-03,15782007,"H-07550, Gulshan-e-Iqbal, Karachi",Gulshan-e-Iqbal,Karachi
PROP003449,فاطمہ Choudhary,87512-9173105-5,حمزہ چوہدری,1985-09-20,22005965,"H-07558, Peoples Colony, Faisalabad",Peoples Colony,Faisalabad
PROP003450,حرا Sayed,67367-8034368-5,Ahmed Sayed,1971-12-20,9771761,"H-07559, Clifton, Karachi",Clifton,Karachi
PROP003451,Ahmad Raja,42138-5426274-7,,1969-02-02,8188243,"H-07562, Jaranwala Road, Faisalabad",Jaranwala Road,Faisalabad
PROP003452,Marium Qureshi,80899-1434919-1,Hamzah Quraishi,1995-12-24,31763873,"H-07565, North Nazimabad, Karachi",North Nazimabad,Karachi
PROP003453,Mariam قریشی,80899-1434919-1,Hamzah Quraishi,1995-12-24,34160334,"H-07565, North Nazimabad, Karachi",North Nazimabad,Karachi
PROP003454,مریم Quraishi,80899-1434919-1,Hamza قریشی,1995-12-24,29146005,"H-07565, North Nazimabad, Karachi",North Nazimabad,Karachi
PROP003455,بلال Mughal,14856-5714261-5,Mohammad Hamzah Moghul,1989-09-09,7270556,"H-07566, Bahria Town, Islamabad",Bahria Town,Islamabad
PROP003456,حسن سید,76419-7206693-8,بلال Sayed,1994-08-27,29610730,"H-07568, E-11, Islamabad",E-11,Islamabad
PROP003457,حسن سید,76419-7206693-8,بلال سید,1994-08-27,26824358,"H-07568, E-11, Islamabad",E-11,Islamabad
PROP003458,ثناء Malick,,Mohammad حسن Malik,1994-06-27,8187057,"H-07572, Jaranwala Road, Faisalabad",Jaranwala Road,Faisalabad
PROP003459,Mohammed علی چوہدری,15215-6254402-1,Hamzah چوہدری,2000-02-26,3856169,"H-07575, Chaklala, Rawalpindi",Chaklala,Rawalpindi
PROP003460,Ali Bhatti,39070-8432182-6,Mohammad Hamzah Butt,1971-12-11,7539317,"H-07578, Cantt, Lahore",Cantt,Lahore
PROP003461,Ali بٹ,39070-3432182-6,Muhammad Hamzah Butt,1971-12-11,11321370,"H-07578, Cantt, Lahore",Cantt,Lahore
PROP003462,عمران Sheikh,73471-6838394-9,Mohammad عمران شیخ,2002-02-15,4076107,"H-07579, Saddar, Rawalpindi",Saddar,Rawalpindi
PROP003463,Muhammad Othman Awan,46305-8916991-5,عثمان Awan,1995-03-17,37496515,"H-07581, Bahria Town, Islamabad",Bahria Town,Islamabad
PROP003464,Mohammad حمزہ ملک,26571-3539428-3,Ahmad Malik,1966-09-21,14515067,"H-07588, Gulshan-e-Iqbal, Karachi",Gulshan-e-Iqbal,Karachi
PROP003465,Hamzah ملک,,Ahmad Malick,1966-09-21,14781927,"H-07588, Gulshan-e-Iqbal, Karachi",Gulshan-e-Iqbal,Karachi
PROP003466,Osman قریشی,85932-8522797-5,Othman Qureshi,1992-04-07,12701044,"H-07595, Bahria Town, Rawalpindi",Bahria Town,Rawalpindi
PROP003467,عمران Raja,85062-8573265-5,حسن راجہ,1988-05-15,37415772,"H-07597, E-11, Islamabad",E-11,Islamabad
PROP003468,عمران Raja,85062-8573265-5,,1988-05-15,32758656,"H-07597, E-11, Islamabad",E-11,Islamabad
PROP003469,Osman Chaudhary,55611-4726947-4,بلال Chaudhary,1976-01-25,41231811,"H-07602, Madina Town, Faisalabad",Madina Town,Faisalabad
PROP003470,Muhammed Usman چوہدری,55611-4726917-4,Mohammed بلال چوہدری,1976-01-25,37643208,"H-07602, Madina Town, Faisalabad",Madina Town,Faisalabad
PROP003471,Usman چوہدری,55611-4726947-4,بلال Ch.,1976-01-25,23666625,"H-07602, Madina Town, Faisalabad",Madina Town,Faisalabad
PROP003472,Husain Raja,38182-8907485-6,Muhammad Hassan راجہ,1987-10-11,49610428,"H-07604, Jaranwala Road, Faisalabad",Jaranwala Road,Faisalabad
PROP003473,Mohammed Husain راجہ,38182-8907485-6,حسن راجہ,1987-10-11,42184368,"H-07604, Jaranwala Road, Faisalabad",Jaranwala Road,Faisalabad
PROP003474,حسین راجہ,38182-8907485-6,Muhammed Hasan Raja,1987-10-11,51339669,"H-07604, Jaranwala Road, Faisalabad",Jaranwala Road,Faisalabad
PROP003475,عمران مغل,96684-7665237-5,Husain Mughal,1986-08-09,8201719,"H-07605, Bahria Town, Rawalpindi",Bahria Town,Rawalpindi
PROP003476,Hussain Sayyid,28361-6286879-3,Mohammed Sayyid,1955-10-25,25639843,"H-07607, DHA, Karachi",DHA,Karachi
PROP003477,Hussain Syed,28361-6286879-3,Mohammed Sayed,1955-10-25,24811257,"H-07607, DHA, Karachi",DHA,Karachi
PROP003478,بلال Syed,35770-1505570-6,Hamzah Sayed,1967-09-16,18425050,"H-07612, Chaklala, Rawalpindi",Chaklala,Rawalpindi
PROP003479,علی Raja,17202-8768469-8,Ali Raja,1981-11-21,24856366,"H-07618, F-7, Islamabad",F-7,Islamabad
PROP003480,Ali راجہ,17202-8768469-8,علی راجہ,1981-11-21,21286596,"H-07618, F-7, Islamabad",F-7,Islamabad
PROP003481,حسن Shaykh,,Mohammad Shaykh,1998-03-05,41148995,"H-07619, F-7, Islamabad",F-7,Islamabad
PROP003482,Muhammed Hussein بٹ,,محمد Butt,2000-05-07,6057107,"H-07622, North Nazimabad, Karachi",North Nazimabad,Karachi
PROP003483,Zaynab Khan,37111-2528296-3,Husain Khan,1961-10-04,89370685,"H-07624, Bahria Town, Rawalpindi",Bahria Town,Rawalpindi
PROP003484,Zaynab خان,37111-2528296-3,Hussein خان,1961-10-04,65811306,"H-07624, Bahria Town, Rawalpindi",Bahria Town,Rawalpindi
PROP003485,زینب Khan,37111-2528296-3,Hussein خان,1961-10-04,95455984,"H-07624, Bahria Town, Rawalpindi",Bahria Town,Rawalpindi
PROP003486,عائشہ Mughal,,Hamzah Mughal,1994-01-13,27278505,"H-07627, DHA, Lahore",DHA,Lahore
PROP003487,Ayisha Mughal,11174-3211629-0,Hamzah Mughal,1994-01-13,36340252,"H-07627, DHA, Lahore",DHA,Lahore
PROP003488,Ayesha مغل,11174-3211629-0,Hamzah Mughal,1994-01-13,27010309,"H-07627, DHA, Lahore",DHA,Lahore
PROP003489,Fatimah Choudhary,88151-5949494-6,Bilal Chaudhary,1982-03-20,8396430,"H-07629, North Nazimabad, Karachi",North Nazimabad,Karachi
PROP003490,فاطمہ Chaudhry,88151-5949494-6,بلال Chaudhry,1982-03-20,6610185,"H-07629, North Nazimabad, Karachi",North Nazimabad,Karachi
PROP003491,Faysal قریشی,11871-4286198-5,علی قریشی,1973-12-22,17242679,"H-07634, Saddar, Rawalpindi",Saddar,Rawalpindi
PROP003492,زینب Mughal,91150-7549566-1,عمران Mughal,1974-12-02,37816962,"H-07640, Malir, Karachi",Malir,Karachi
PROP003493,Zaynab Moghul,,,1974-12-02,40137442,"H-07640, Malir, Karachi",Malir,Karachi
PROP003494,Zaynab مغل,91150-7549566-1,Mohammad عمران مغل,,71010530,"H-07640, Malir, Karachi",Malir,Karachi
PROP003495,بلال Chaudhry,96750-1985967-1,Bilal Ch.,1980-04-07,18721099,"H-07641, Model Town, Lahore",Model Town,Lahore
PROP003496,Hassan Awan,19956-9310192-9,عمران Awan,,12119960,"H-07642, Johar Town, Lahore",Johar Town,Lahore
PROP003497,Hira قریشی,99374-8011388-4,عمران قریشی,1995-11-20,3351357,"H-07644, Madina Town, Faisalabad",Madina Town,Faisalabad
PROP003498,Muhammad Husain Syed,17056-2931628-4,,1960-04-08,7062754,"H-07645, F-7, Islamabad",F-7,Islamabad
PROP003499,حمزہ Shaykh,24425-7501892-3,Ahmad Shaykh,1976-08-15,11416929,"H-07646, Bahria Town, Rawalpindi",Bahria Town,Rawalpindi
PROP003500,Zainab Ch.,94144-2812129-3,Muhammed بلال Ch.,1971-10-08,2000000,"H-07647, G-10, Islamabad",G-10,Islamabad
PROP003501,Bilal Moghul,28389-8212837-7,,1974-11-08,4619814,"H-07648, G-10, Islamabad",G-10,Islamabad
PROP003502,Muhammad Ahmad Bhatti,68968-2663202-0,Ali بٹ,2002-07-20,17917038,"H-07649, Madina Town, Faisalabad",Madina Town,Faisalabad
PROP003503,Ahmed بٹ,68968-2663202-0,Ali Bhatti,2002-07-20,15833073,"H-07649, Madina Town, Faisalabad",Madina Town,Faisalabad
PROP003504,Muhammad Bhatti,71264-8210155-9,,1984-11-27,16255390,"H-07651, Bahria Town, Islamabad",Bahria Town,Islamabad
PROP003505,Muhammed بٹ,71264-8210155-9,,1984-11-27,38060206,"H-07651, Bahria Town, Islamabad",Bahria Town,Islamabad
PROP003506,Mohammad Butt,71264-8910155-9,Hamzah Butt,1984-11-27,21953906,"H-07651, Bahria Town, Islamabad",Bahria Town,Islamabad
PROP003507,Ahmad Raja,11993-9493098-2,Othman Raja,1999-04-07,11229158,"H-07653, DHA, Karachi",DHA,Karachi
PROP003508,احمد راجہ,11993-9493098-2,Osman Raja,1999-04-07,19503851,"H-07653, DHA, Karachi",DHA,Karachi
PROP003509,Mohammad حمزہ Khan,26157-7817792-2,,1979-06-27,17526728,"H-07654, Cantt, Lahore",Cantt,Lahore
PROP003510,Muhammed بلال اعوان,72701-2061468-4,Bilal اعوان,1987-12-12,2000000,"H-07655, Jaranwala Road, Faisalabad",Jaranwala Road,Faisalabad
PROP003511,Mohammad Osman Sheikh,93816-3661180-5,,1989-04-28,6543814,"H-07656, Jaranwala Road, Faisalabad",Jaranwala Road,Faisalabad
PROP003512,Marium راجہ,30319-3773243-7,حسن راجہ,1978-06-18,18182511,"H-07657, North Nazimabad, Karachi",North Nazimabad,Karachi
PROP003513,Imran Quraishi,84484-5017468-1,Muhammad حسن قریشی,1974-01-08,5094524,"H-07660, Madina Town, Faisalabad",Madina Town,Faisalabad
PROP003514,حرا Malik,55907-1479118-3,Imran Malik,1978-05-07,34926196,"H-07667, Cantt, Lahore",Cantt,Lahore
PROP003515,Hira Malik,55907-1479118-3,عمران ملک,1978-05-07,31687345,"H-07667, Cantt, Lahore",Cantt,Lahore
PROP003516,Hira ملک,55907-1479118-3,,1978-05-07,25759644,"H-07667, Cantt, Lahore",Cantt,Lahore
PROP003517,Zaynab Sayyid,,عمران سید,1995-03-06,9052392,"H-07672, Jaranwala Road, Faisalabad",Jaranwala Road,Faisalabad
PROP003518,Zainab Mughal,77767-2134980-6,Muhammad Husain مغل,1998-09-10,5967529,"H-07675, Jaranwala Road, Faisalabad",Jaranwala Road,Faisalabad
PROP003519,حرا Khan,88185-3521233-1,Faisal خان,1964-10-02,2000000,"H-07689, Malir, Karachi",Malir,Karachi
PROP003520,حرا خان,88185-3521238-1,Faysal Khan,,2000000,"H-07689, Malir, Karachi",Malir,Karachi
PROP003521,Mohammed Awan,48232-9917466-6,Hussein Awan,1971-10-25,3159714,"H-07690, Bahria Town, Rawalpindi",Bahria Town,Rawalpindi
PROP003522,Mohammad Ahmed Qureshi,37489-8066468-7,Hussein Qureshi,1961-11-15,30166114,"H-07693, DHA, Lahore",DHA,Lahore
PROP003523,Ahmed قریشی,37489-8066468-7,Hussein Qureshi,1961-11-15,30748077,"H-07693, DHA, Lahore",DHA,Lahore
PROP003524,عمران Raja,,علی Raja,1972-01-04,11095363,"H-07700, F-7, Islamabad",F-7,Islamabad
PROP003525,Mohammed Imran Raja,78210-6467488-4,علی راجہ,1972-01-04,5964408,"H-07700, F-7, Islamabad",F-7,Islamabad
PROP003526,حسین سید,31370-4997494-4,Mohammad Sayyid,1986-01-06,2000000,"H-07706, Madina Town, Faisalabad",Madina Town,Faisalabad
PROP003527,حرا Khan,49766-7371473-5,Hussain خان,1978-10-02,14671799,"H-07710, Peoples Colony, Faisalabad",Peoples Colony,Faisalabad
PROP003528,Muhammad Hamzah چوہدری,,Hussein چوہدری,1988-05-05,22792204,"H-07711, F-7, Islamabad",F-7,Islamabad
PROP003529,Ali مغل,77498-1635832-1,Mohammad Hassan Moghul,1970-03-16,2000000,"H-07713, Clifton, Karachi",Clifton,Karachi
PROP003530,Ali Mughal,77498-1635832-1,Hassan Moghul,1970-03-16,2000000,"H-07713, Clifton, Karachi",Clifton,Karachi
PROP003531,Mohammad Hussein Sayyid,19906-3456225-2,Osman سید,1990-01-09,88429319,"H-07720, Gulshan-e-Iqbal, Karachi",Gulshan-e-Iqbal,Karachi
PROP003532,Hussain Syed,19906-3456225-2,Osman سید,1990-01-09,47310551,"H-07720, Gulshan-e-Iqbal, Karachi",Gulshan-e-Iqbal,Karachi
PROP003533,Husain Sayyid,19906-3452225-2,,1990-01-09,90938535,"H-07720, Gulshan-e-Iqbal, Karachi",Gulshan-e-Iqbal,Karachi
PROP003534,Faisal قریشی,,فیصل Quraishi,1980-08-24,9090869,"H-07721, DHA, Karachi",DHA,Karachi
PROP003535,Fatima Ch.,65118-6935079-7,Ali Chaudhary,2003-05-28,25804026,"H-07723, Madina Town, Faisalabad",Madina Town,Faisalabad
PROP003536,Husain Sheikh,82917-9109972-9,,1970-06-16,7215275,"H-07727, Bahria Town, Islamabad",Bahria Town,Islamabad
PROP003537,Hasan اعوان,89857-7120386-6,Mohammad علی Awan,1977-01-28,15883231,"H-07729, DHA, Lahore",DHA,Lahore
PROP003538,Hasan اعوان,89857-7420386-6,Ali Awan,1977-01-28,11927613,"H-07729, DHA, Lahore",DHA,Lahore
PROP003539,Muhammad ملک,52806-7521230-1,Muhammed Hussain Malick,1993-12-21,20269663,"H-07734, Clifton, Karachi",Clifton,Karachi
PROP003540,Faysal راجہ,34523-9813062-3,حمزہ راجہ,2001-08-28,20502290,"H-07739, Jaranwala Road, Faisalabad",Jaranwala Road,Faisalabad
PROP003541,Faisal Raja,34523-9813032-3,Hamza راجہ,,21244378,"H-07739, Jaranwala Road, Faisalabad",Jaranwala Road,Faisalabad
PROP003542,Mohammad Ahmed خان,56681-9624207-5,Imran خان,2003-09-25,4970662,"H-07741, Satellite Town, Rawalpindi",Satellite Town,Rawalpindi
PROP003543,Bilal Mughal,79769-3709677-2,محمد Moghul,1978-01-06,7045328,"H-07746, Gulberg, Lahore",Gulberg,Lahore
PROP003544,علی راجہ,66121-4266890-0,Muhammed عثمان راجہ,1969-08-27,8981767,"H-07747, Peoples Colony, Faisalabad",Peoples Colony,Faisalabad
PROP003545,حمزہ Ch.,34479-7225466-4,احمد چوہدری,1993-03-06,7646823,"H-07751, Madina Town, Faisalabad",Madina Town,Faisalabad
PROP003546,حرا Awan,,,2001-08-04,16296012,"H-07752, Clifton, Karachi",Clifton,Karachi
PROP003547,Mohammad قریشی,69939-9275694-5,Hasan Qureshi,1959-03-17,18766321,"H-07753, Gulberg, Lahore",Gulberg,Lahore
PROP003548,Mohammed قریشی,69939-9275694-5,Hasan قریشی,1959-03-17,20841448,"H-07753, Gulberg, Lahore",Gulberg,Lahore
PROP003549,محمد قریشی,,Hassan Quraishi,1959-03-17,19429291,"H-07753, Gulberg, Lahore",Gulberg,Lahore
PROP003550,Muhammed Awan,19889-9004637-8,Hamza Awan,1988-12-08,2431650,"H-07755, F-8, Islamabad",F-8,Islamabad
PROP003551,Muhammad اعوان,19889-9004637-8,Mohammad Hamza اعوان,1988-12-08,2000000,"H-07755, F-8, Islamabad",F-8,Islamabad
PROP003552,Mariam راجہ,66759-4841479-0,Muhammad راجہ,1985-11-06,23219714,"H-07757, DHA, Karachi",DHA,Karachi
PROP003553,Hira Quraishi,39833-3705590-1,عمران Qureshi,,69682169,"H-07758, Model Town, Lahore",Model Town,Lahore
PROP003554,حرا قریشی,39833-3705590-1,Imran قریشی,1961-01-18,61284339,"H-07758, Model Town, Lahore",Model Town,Lahore
PROP003555,Maryam شیخ,,Muhammed Shaykh,1986-08-05,13552599,"H-07762, Madina Town, Faisalabad",Madina Town,Faisalabad
PROP003556,فیصل Sayed,24076-8133602-2,,1970-02-12,15195696,"H-07763, Chaklala, Rawalpindi",Chaklala,Rawalpindi
PROP003557,حسن Quraishi,,Muhammed قریشی,1973-11-25,2000000,"H-07765, North Nazimabad, Karachi",North Nazimabad,Karachi
PROP003558,Muhammed Faysal اعوان,83935-7686414-1,علی اعوان,,133359455,"H-07767, Gulberg, Lahore",Gulberg,Lahore
PROP003559,فیصل اعوان,83935-7686414-1,Ali اعوان,1973-03-22,106634736,"H-07767, Gulberg, Lahore",Gulberg,Lahore
PROP003560,Faisal Awan,83935-7686414-1,علی Awan,1973-03-22,108920992,"H-07767, Gulberg, Lahore",Gulberg,Lahore
PROP003561,حسین Quraishi,,Mohammad Hussain Quraishi,2001-02-08,16296961,"H-07769, Model Town, Lahore",Model Town,Lahore
PROP003562,حسن قریشی,40169-6009357-5,Othman قریشی,1993-03-18,7425152,"H-07770, Chaklala, Rawalpindi",Chaklala,Rawalpindi
PROP003563,Hassan شیخ,92340-6615224-6,Muhammad Sheikh,1958-02-02,26588454,"H-07773, Model Town, Lahore",Model Town,Lahore
PROP003564,Muhammed Faisal راجہ,83117-9444522-9,احمد راجہ,1987-12-13,37243510,"H-07775, Saddar, Rawalpindi",Saddar,Rawalpindi
PROP003565,Fatimah Chaudhry,98817-2043447-2,,1987-04-19,2000000,"H-07779, DHA, Lahore",DHA,Lahore
PROP003566,حرا Bhatti,48147-1540397-3,Bilal Butt,1961-11-17,36264842,"H-07782, Bahria Town, Rawalpindi",Bahria Town,Rawalpindi
PROP003567,Fatema Raja,32170-5826243-4,Ali Raja,1968-04-22,4529769,"H-07789, Model Town, Lahore",Model Town,Lahore
PROP003568,عثمان Moghul,33304-8241819-7,بلال Moghul,1997-09-16,16987743,"H-07794, E-11, Islamabad",E-11,Islamabad
PROP003569,مریم Khan,21907-3268394-7,Mohammed Faysal Khan,1986-03-17,2000000,"H-07795, Bahria Town, Islamabad",Bahria Town,Islamabad
PROP003570,علی قریشی,98291-7040878-8,Mohammed Qureshi,1971-11-05,6139457,"H-07806, North Nazimabad, Karachi",North Nazimabad,Karachi
PROP003571,Hussein Syed,45956-1986417-3,,,39866361,"H-07808, Bahria Town, Islamabad",Bahria Town,Islamabad
PROP003572,Muhammad Hussein Syed,,Osman Sayyid,1964-07-05,41848060,"H-07808, Bahria Town, Islamabad",Bahria Town,Islamabad
PROP003573,Hussain خان,11579-9242810-9,حسین Khan,1993-09-01,30469303,"H-07815, North Nazimabad, Karachi",North Nazimabad,Karachi
PROP003574,Hussein خان,11579-9242810-9,Hussein Khan,,38562277,"H-07815, North Nazimabad, Karachi",North Nazimabad,Karachi
PROP003575,Hussein Khan,11579-9242810-9,Hussein خان,1993-09-01,24337876,"H-07815, North Nazimabad, Karachi",North Nazimabad,Karachi
PROP003576,Muhammad علی Butt,69591-2951025-2,Ali Bhatti,,16939344,"H-07818, Bahria Town, Rawalpindi",Bahria Town,Rawalpindi
PROP003577,Hira Syed,,Mohammad Ali سید,,35151740,"H-07821, Satellite Town, Rawalpindi",Satellite Town,Rawalpindi
PROP003578,Hasan ملک,10387-1532064-2,,1985-07-16,3347579,"H-07828, F-7, Islamabad",F-7,Islamabad
PROP003579,حرا Mughal,20596-3104590-4,Bilal مغل,1959-12-06,9728116,"H-07830, Peoples Colony, Faisalabad",Peoples Colony,Faisalabad
PROP003580,Hira Moghul,20596-3804590-4,Muhammad بلال Moghul,1959-12-06,7329680,"H-07830, Peoples Colony, Faisalabad",Peoples Colony,Faisalabad
PROP003581,علی Qureshi,35119-7036149-1,عمران Qureshi,1968-08-26,21329181,"H-07832, Saddar, Rawalpindi",Saddar,Rawalpindi
PROP003582,علی قریشی,,Muhammad عمران Quraishi,1968-08-26,11962619,"H-07832, Saddar, Rawalpindi",Saddar,Rawalpindi
PROP003583,عمران بٹ,12846-8239174-1,Othman Bhatti,1996-01-09,7989883,"H-07833, Peoples Colony, Faisalabad",Peoples Colony,Faisalabad
PROP003584,Mohammad Mughal,62824-7317559-4,علی مغل,1974-10-10,7280823,"H-07835, Chaklala, Rawalpindi",Chaklala,Rawalpindi
PROP003585,Husain خان,31629-2563362-1,Hamza Khan,,19756576,"H-07842, E-11, Islamabad",E-11,Islamabad
PROP003586,Osman Raja,23721-7178732-9,Muhammed Raja,1970-06-16,14294944,"H-07849, Bahria Town, Rawalpindi",Bahria Town,Rawalpindi
PROP003587,Muhammad Othman Raja,23721-7178732-9,Mohammad Raja,,21579360,"H-07849, Bahria Town, Rawalpindi",Bahria Town,Rawalpindi
PROP003588,Fatema Shaikh,20211-4997496-9,,1992-11-09,34340916,"H-07850, Bahria Town, Islamabad",Bahria Town,Islamabad
PROP003589,Muhammad حمزہ Malik,98953-5136138-4,,1957-12-13,6267721,"H-07853, Gulshan-e-Iqbal, Karachi",Gulshan-e-Iqbal,Karachi
PROP003590,Hassan خان,50393-1771953-1,Hussein خان,2000-04-13,4485613,"H-07859, Chaklala, Rawalpindi",Chaklala,Rawalpindi
PROP003591,Hassan Qureshi,78806-9868317-0,,1996-02-20,10151921,"H-07862, Model Town, Lahore",Model Town,Lahore
PROP003592,Usman راجہ,74630-3943759-7,,,26660252,"H-07869, Bahria Town, Islamabad",Bahria Town,Islamabad
PROP003593,Mohammad Othman Raja,74630-3943759-7,حمزہ Raja,1991-02-07,17784327,"H-07869, Bahria Town, Islamabad",Bahria Town,Islamabad
PROP003594,Mohammad Othman راجہ,76630-3943759-7,Hamzah Raja,1991-02-07,19956126,"H-07869, Bahria Town, Islamabad",Bahria Town,Islamabad
PROP003595,Usman Malik,85636-3228956-0,عثمان Malik,1959-11-16,113058156,"H-07884, Bahria Town, Rawalpindi",Bahria Town,Rawalpindi
PROP003596,Osman Malick,85636-3228956-0,Othman Malik,1959-11-16,115165412,"H-07884, Bahria Town, Rawalpindi",Bahria Town,Rawalpindi
PROP003597,Othman Malik,,Usman Malick,1959-11-16,101901258,"H-07884, Bahria Town, Rawalpindi",Bahria Town,Rawalpindi
PROP003598,Fatimah ملک,98109-8416607-5,Mohammad Bilal ملک,2002-09-08,4250269,"H-07886, Madina Town, Faisalabad",Madina Town,Faisalabad
PROP003599,زینب Bhatti,59429-9602376-0,Othman Butt,1965-05-11,10314486,"H-07898, Bahria Town, Rawalpindi",Bahria Town,Rawalpindi
PROP003600,مریم Sheikh,,Usman Shaykh,1955-06-26,45543419,"H-07901, Clifton, Karachi",Clifton,Karachi
PROP003601,مریم Sheikh,61561-7965199-3,عثمان Shaykh,1955-06-26,42366091,"H-07901, Clifton, Karachi",Clifton,Karachi
PROP003602,Mariam Shaykh,61561-7965199-3,Mohammad عثمان شیخ,1955-06-26,69077873,"H-07901, Clifton, Karachi",Clifton,Karachi
PROP003603,Bilal Raja,29174-1410616-6,Muhammad بلال Raja,1983-02-06,8353527,"H-07913, G-10, Islamabad",G-10,Islamabad
PROP003604,Hussein Raja,29286-1459190-9,عمران Raja,1995-11-14,19753572,"H-07914, G-10, Islamabad",G-10,Islamabad
PROP003605,Hassan مغل,39687-1033247-4,Mohammed Mughal,1984-05-04,2000000,"H-07918, Satellite Town, Rawalpindi",Satellite Town,Rawalpindi
PROP003606,حسن Malick,93761-3754559-2,بلال ملک,1981-08-12,19502581,"H-07925, Madina Town, Faisalabad",Madina Town,Faisalabad
PROP003607,Muhammed Hasan Malik,,Bilal Malick,,21511875,"H-07925, Madina Town, Faisalabad",Madina Town,Faisalabad
PROP003608,Faysal Malik,28068-2908546-4,حمزہ Malick,1991-06-20,28149781,"H-07927, Peoples Colony, Faisalabad",Peoples Colony,Faisalabad
PROP003609,Faisal Malick,,حمزہ Malik,1991-06-20,43009863,"H-07927, Peoples Colony, Faisalabad",Peoples Colony,Faisalabad
PROP003610,Faysal Malick,28062-2908546-4,Hamzah Malick,1991-06-20,43155358,"H-07927, Peoples Colony, Faisalabad",Peoples Colony,Faisalabad
PROP003611,حسین Khan,84412-5505083-8,,1968-02-17,32794516,"H-07931, Bahria Town, Rawalpindi",Bahria Town,Rawalpindi
PROP003612,Ayesha Bhatti,94463-7620320-1,Faisal بٹ,1988-05-08,62707096,"H-07933, North Nazimabad, Karachi",North Nazimabad,Karachi
PROP003613,Ayesha بٹ,94463-7620320-1,Faysal بٹ,1988-05-08,50418339,"H-07933, North Nazimabad, Karachi",North Nazimabad,Karachi
PROP003614,عائشہ Butt,94463-7620320-1,Faysal بٹ,1988-05-08,79589008,"H-07933, North Nazimabad, Karachi",North Nazimabad,Karachi
PROP003615,Mohammad علی Khan,57799-5980818-4,Muhammad خان,1989-02-08,15436139,"H-07934, Gulberg, Lahore",Gulberg,Lahore
PROP003616,Hira اعوان,23010-2610108-5,Ahmed Awan,1970-07-26,2366297,"H-07935, Bahria Town, Rawalpindi",Bahria Town,Rawalpindi
PROP003617,حمزہ راجہ,99870-5943601-0,حسین Raja,1986-11-28,13365854,"H-07938, Peoples Colony, Faisalabad",Peoples Colony,Faisalabad
PROP003618,Ali خان,,,1995-09-19,11949180,"H-07939, Madina Town, Faisalabad",Madina Town,Faisalabad
PROP003619,عمران Bhatti,36901-7772253-8,,1971-11-07,13979066,"H-07940, Saddar, Rawalpindi",Saddar,Rawalpindi
PROP003620,احمد اعوان,10347-6335784-2,Ahmad اعوان,1976-07-06,49780898,"H-07941, DHA, Lahore",DHA,Lahore
PROP003621,Muhammed Ahmed Awan,10347-6335784-2,,1976-07-06,32053543,"H-07941, DHA, Lahore",DHA,Lahore
PROP003622,Ahmad اعوان,10347-6335784-2,Ahmed اعوان,,48377237,"H-07941, DHA, Lahore",DHA,Lahore
PROP003623,Zainab Sayyid,,Faysal Sayyid,1958-06-23,40374538,"H-07946, Bahria Town, Rawalpindi",Bahria Town,Rawalpindi
PROP003624,زینب Sayyid,,Mohammad Faysal Sayed,1958-06-23,41486058,"H-07946, Bahria Town, Rawalpindi",Bahria Town,Rawalpindi
PROP003625,احمد Sayyid,,,2002-03-16,12509979,"H-07955, Madina Town, Faisalabad",Madina Town,Faisalabad
PROP003626,Hussain Raja,64655-4052166-5,محمد Raja,1973-02-04,8998209,"H-07958, F-8, Islamabad",F-8,Islamabad
PROP003627,Bilal Malick,81844-4128216-6,Imran Malick,,100599115,"H-07961, Bahria Town, Islamabad",Bahria Town,Islamabad
PROP003628,بلال Malick,81844-4128216-6,Imran Malik,1961-12-02,59025128,"H-07961, Bahria Town, Islamabad",Bahria Town,Islamabad
PROP003629,فاطمہ Quraishi,59287-1690496-3,Bilal Quraishi,1958-03-14,11272570,"H-07962, Malir, Karachi",Malir,Karachi
PROP003630,Sana مغل,94369-5494947-8,Mohammed Faysal Moghul,1958-05-09,11293746,"H-07969, DHA, Lahore",DHA,Lahore
PROP003631,ثناء Moghul,,Faysal Mughal,1958-05-09,13996466,"H-07969, DHA, Lahore",DHA,Lahore
PROP003632,Ali Sayed,46241-7155560-7,Muhammad سید,1997-03-23,9999746,"H-07970, Satellite Town, Rawalpindi",Satellite Town,Rawalpindi
PROP003633,علی Syed,46241-7155560-7,Mohammad Sayyid,,12813013,"H-07970, Satellite Town, Rawalpindi",Satellite Town,Rawalpindi
PROP003634,Sana Butt,32128-8268145-7,Hassan Butt,1981-06-02,3483095,"H-07977, Saddar, Rawalpindi",Saddar,Rawalpindi
PROP003635,Ahmad Butt,43678-1132709-0,Bilal Bhatti,1987-04-22,6557083,"H-07978, Malir, Karachi",Malir,Karachi
PROP003636,محمد Sayyid,97935-4973844-3,Usman Sayyid,1967-07-17,48943618,"H-07980, E-11, Islamabad",E-11,Islamabad
PROP003637,Mohammad Syed,97935-4973844-3,عثمان Sayyid,1967-07-17,55833649,"H-07980, E-11, Islamabad",E-11,Islamabad
PROP003638,Imran Khan,50609-2607906-2,Bilal خان,2002-01-07,18284968,"H-07988, Clifton, Karachi",Clifton,Karachi
PROP003639,Imran Qureshi,85181-3384947-2,بلال Qureshi,,11711913,"H-07996, DHA, Lahore",DHA,Lahore
PROP003640,Marium Chaudhry,26042-3435159-6,,1985-11-15,2771141,"H-08002, Peoples Colony, Faisalabad",Peoples Colony,Faisalabad
PROP003641,Muhammad Husain Khan,13736-9324676-0,عمران Khan,1976-02-15,11705901,"H-08003, Peoples Colony, Faisalabad",Peoples Colony,Faisalabad
PROP003642,Muhammad Imran Bhatti,71647-1854986-1,حمزہ بٹ,2000-05-27,360492773,"H-08007, Cantt, Lahore",Cantt,Lahore
PROP003643,عمران Bhatti,71647-1854586-1,حمزہ بٹ,2000-05-27,331708180,"H-08007, Cantt, Lahore",Cantt,Lahore
PROP003644,عمران بٹ,71647-1854586-1,Muhammad حمزہ Butt,2000-05-27,215849236,"H-08007, Cantt, Lahore",Cantt,Lahore
PROP003645,Fatimah Sheikh,32674-2533366-5,حسین شیخ,1968-09-02,5877373,"H-08008, Model Town, Lahore",Model Town,Lahore
PROP003646,Fatima شیخ,32674-2533566-5,Muhammed Hussain Sheikh,1968-09-02,5340481,"H-08008, Model Town, Lahore",Model Town,Lahore
PROP003647,علی Syed,32828-2828544-7,علی سید,1978-12-09,2000000,"H-08010, Gulshan-e-Iqbal, Karachi",Gulshan-e-Iqbal,Karachi
PROP003648,Muhammad Awan,86927-2215260-1,Othman اعوان,1977-04-20,5693297,"H-08015, Bahria Town, Islamabad",Bahria Town,Islamabad
PROP003649,علی Bhatti,98426-7567016-8,Imran Bhatti,1957-11-24,19153755,"H-08021, Gulshan-e-Iqbal, Karachi",Gulshan-e-Iqbal,Karachi
PROP003650,علی بٹ,98426-7567016-8,Muhammad Imran Bhatti,1957-11-24,25544990,"H-08021, Gulshan-e-Iqbal, Karachi",Gulshan-e-Iqbal,Karachi
PROP003651,Osman راجہ,79077-3466832-5,Mohammad Imran راجہ,,22617823,"H-08024, Gulberg, Lahore",Gulberg,Lahore
PROP003652,عثمان راجہ,79077-3466832-5,Imran Raja,1977-08-23,12082775,"H-08024, Gulberg, Lahore",Gulberg,Lahore
PROP003653,Mohammad Moghul,46049-7192532-9,عثمان Mughal,1975-03-04,7918653,"H-08027, Bahria Town, Rawalpindi",Bahria Town,Rawalpindi
PROP003654,Ahmad قریشی,99378-4219216-1,Husain Quraishi,1997-05-22,2727059,"H-08028, E-11, Islamabad",E-11,Islamabad
PROP003655,Sana Bhatti,,Bilal Butt,1994-02-10,6169329,"H-08029, Satellite Town, Rawalpindi",Satellite Town,Rawalpindi
PROP003656,ثناء Butt,52631-8332715-2,Muhammad بلال Butt,1994-02-10,6029203,"H-08029, Satellite Town, Rawalpindi",Satellite Town,Rawalpindi
PROP003657,Othman ملک,,,1963-06-03,2000000,"H-08036, Peoples Colony, Faisalabad",Peoples Colony,Faisalabad
PROP003658,علی سید,,Usman Sayed,1956-10-08,4488276,"H-08039, Bahria Town, Islamabad",Bahria Town,Islamabad
PROP003659,علی راجہ,40092-4362266-0,Hamzah Raja,1983-04-15,18397746,"H-08047, Bahria Town, Rawalpindi",Bahria Town,Rawalpindi
PROP003660,علی راجہ,40092-4362266-0,,1983-04-15,13171159,"H-08047, Bahria Town, Rawalpindi",Bahria Town,Rawalpindi
PROP003661,Mohammad Ali Raja,40092-4362266-0,,1983-04-15,15078584,"H-08047, Bahria Town, Rawalpindi",Bahria Town,Rawalpindi
PROP003662,Mohammad علی Malik,,عثمان Malick,2003-11-20,2307979,"H-08049, Model Town, Lahore",Model Town,Lahore
PROP003663,Ali Choudhary,85149-2765841-0,Mohammed Choudhary,1995-04-07,5065075,"H-08051, E-11, Islamabad",E-11,Islamabad
PROP003664,Faisal Khan,14432-9240602-0,,2002-09-13,23085966,"H-08052, Bahria Town, Rawalpindi",Bahria Town,Rawalpindi
PROP003665,حرا Awan,46078-3042469-6,Muhammad اعوان,1997-08-03,29974841,"H-08054, G-10, Islamabad",G-10,Islamabad
PROP003666,حرا اعوان,46038-3042469-6,Mohammed اعوان,1997-08-03,51349552,"H-08054, G-10, Islamabad",G-10,Islamabad
PROP003667,Hira Awan,,Muhammad Awan,1997-08-03,38057067,"H-08054, G-10, Islamabad",G-10,Islamabad
PROP003668,Ahmad بٹ,71145-5719104-7,Usman بٹ,1957-03-13,13784208,"H-08064, E-11, Islamabad",E-11,Islamabad
PROP003669,Ahmad Butt,71145-5719104-7,,1957-03-13,15969379,"H-08064, E-11, Islamabad",E-11,Islamabad
PROP003670,ثناء Raja,,Hussain Raja,1992-06-20,3263814,"H-08066, Jaranwala Road, Faisalabad",Jaranwala Road,Faisalabad
PROP003671,Hira شیخ,87603-3025122-1,,,23934433,"H-08067, Chaklala, Rawalpindi",Chaklala,Rawalpindi
PROP003672,حرا شیخ,87603-3025122-1,Hamza Sheikh,1993-10-13,21947703,"H-08067, Chaklala, Rawalpindi",Chaklala,Rawalpindi
PROP003673,Hira Sheikh,87603-3025122-1,حمزہ Shaykh,1993-10-13,27428829,"H-08067, Chaklala, Rawalpindi",Chaklala,Rawalpindi
PROP003674,ثناء Sheikh,75661-9529824-3,Husain شیخ,1956-11-06,22427639,"H-08068, Cantt, Lahore",Cantt,Lahore
PROP003675,Imran سید,37694-9914166-5,عمران Syed,,5478331,"H-08069, Johar Town, Lahore",Johar Town,Lahore
PROP003676,زینب راجہ,75904-5272230-0,بلال راجہ,1963-08-19,22499320,"H-08071, Malir, Karachi",Malir,Karachi
PROP003677,Zainab Raja,75904-5272230-9,بلال Raja,1963-08-19,21460484,"H-08071, Malir, Karachi",Malir,Karachi
PROP003678,Zainab راجہ,75904-5272230-0,Bilal راجہ,1963-08-19,26236840,"H-08071, Malir, Karachi",Malir,Karachi
PROP003679,Sana Syed,81986-8526255-3,,1973-12-13,3371612,"H-08072, F-8, Islamabad",F-8,Islamabad
PROP003680,Hussein Khan,18502-3732121-9,Husain Khan,1988-07-20,14205078,"H-08074, Gulshan-e-Iqbal, Karachi",Gulshan-e-Iqbal,Karachi
PROP003681,فیصل Qureshi,95054-5793034-0,Hasan Qureshi,2003-06-06,34500386,"H-08075, Johar Town, Lahore",Johar Town,Lahore
PROP003682,Faisal Qureshi,95054-5793034-0,Mohammad Hasan Quraishi,2003-06-06,54756339,"H-08075, Johar Town, Lahore",Johar Town,Lahore
PROP003683,Ali Butt,,Mohammad عمران Bhatti,1993-06-09,9053760,"H-08077, Madina Town, Faisalabad",Madina Town,Faisalabad
PROP003684,Ahmad Malick,,Ali Malick,1964-04-17,10620051,"H-08080, Saddar, Rawalpindi",Saddar,Rawalpindi
PROP003685,Maryam Raja,,محمد Raja,1999-11-13,3366382,"H-08081, E-11, Islamabad",E-11,Islamabad
PROP003686,Hussain Khan,,Mohammed Ali خان,1994-03-13,18880415,"H-08086, Chaklala, Rawalpindi",Chaklala,Rawalpindi
PROP003687,حرا قریشی,,Muhammad عمران Quraishi,1955-02-23,4407979,"H-08088, F-8, Islamabad",F-8,Islamabad
PROP003688,Imran Sayyid,45207-2668267-5,Faisal Sayyid,1969-09-11,5719420,"H-08091, Gulshan-e-Iqbal, Karachi",Gulshan-e-Iqbal,Karachi
PROP003689,Hassan Qureshi,27682-2977758-3,Mohammed Ahmed Quraishi,1989-11-09,12274640,"H-08096, Peoples Colony, Faisalabad",Peoples Colony,Faisalabad
PROP003690,Muhammed حسن Quraishi,27682-2977758-3,Mohammad Ahmed Quraishi,1989-11-09,11717728,"H-08096, Peoples Colony, Faisalabad",Peoples Colony,Faisalabad
PROP003691,Muhammed Hasan Quraishi,27682-2977758-3,Ahmed Qureshi,,14136436,"H-08096, Peoples Colony, Faisalabad",Peoples Colony,Faisalabad
PROP003692,Hamza Malick,83924-9975298-6,Osman Malik,1991-09-12,15920637,"H-08097, Saddar, Rawalpindi",Saddar,Rawalpindi
PROP003693,حمزہ Malick,83924-9975298-6,Mohammed Osman Malik,1991-09-12,10083505,"H-08097, Saddar, Rawalpindi",Saddar,Rawalpindi
PROP003694,Imran Quraishi,99935-3166646-4,حسین قریشی,1986-09-18,10302589,"H-08101, F-7, Islamabad",F-7,Islamabad
PROP003695,Imran قریشی,99935-3166646-4,Muhammad Husain Quraishi,1986-09-18,12433104,"H-08101, F-7, Islamabad",F-7,Islamabad
PROP003696,Osman خان,,Hassan Khan,,28046418,"H-08102, Bahria Town, Rawalpindi",Bahria Town,Rawalpindi
PROP003697,حسن بٹ,19764-6272035-4,Muhammed بٹ,1955-02-06,5354499,"H-08115, Satellite Town, Rawalpindi",Satellite Town,Rawalpindi
PROP003698,Muhammed Hussain چوہدری,80059-3908387-4,Usman Chaudhry,1967-09-17,11013479,"H-08116, F-7, Islamabad",F-7,Islamabad
PROP003699,Ahmad Khan,,Imran Khan,1969-04-16,2816430,"H-08118, Clifton, Karachi",Clifton,Karachi
PROP003700,Husain Malik,77379-2489581-4,Hamzah Malick,1998-12-18,58919805,"H-08120, Madina Town, Faisalabad",Madina Town,Faisalabad
PROP003701,Zainab Quraishi,73626-9744135-5,,1978-11-04,87311501,"H-08127, Malir, Karachi",Malir,Karachi
PROP003702,Zainab Quraishi,73626-9744135-5,محمد Qureshi,1978-11-04,98107897,"H-08127, Malir, Karachi",Malir,Karachi
PROP003703,Ayisha Malik,58714-1485174-8,Mohammed Malick,1982-03-24,47089700,"H-08128, DHA, Lahore",DHA,Lahore
PROP003704,Ayisha Malick,58714-1485174-8,Mohammed Malik,1982-03-24,56587400,"H-08128, DHA, Lahore",DHA,Lahore
PROP003705,Aysha Malick,,Muhammed Malik,1982-03-24,81662725,"H-08128, DHA, Lahore",DHA,Lahore
PROP003706,Mohammed Moghul,21953-4058337-6,,2003-03-25,17927487,"H-08130, Saddar, Rawalpindi",Saddar,Rawalpindi
PROP003707,Muhammad مغل,21953-4058337-6,Muhammad عمران Mughal,2003-03-25,19410834,"H-08130, Saddar, Rawalpindi",Saddar,Rawalpindi
PROP003708,بلال شیخ,72213-6765645-2,Mohammad علی شیخ,1983-08-11,35400191,"H-08133, Madina Town, Faisalabad",Madina Town,Faisalabad
PROP003709,بلال شیخ,72213-6765645-2,Ali Sheikh,1983-08-11,42001312,"H-08133, Madina Town, Faisalabad",Madina Town,Faisalabad
PROP003710,Bilal Shaikh,72213-6765645-2,Mohammad Ali Shaykh,1983-08-11,37830298,"H-08133, Madina Town, Faisalabad",Madina Town,Faisalabad
PROP003711,Mohammed Hamza Quraishi,,Bilal Qureshi,,43827949,"H-08137, Saddar, Rawalpindi",Saddar,Rawalpindi
PROP003712,Hamza Qureshi,92861-3597705-6,بلال Quraishi,1998-02-16,31589641,"H-08137, Saddar, Rawalpindi",Saddar,Rawalpindi
PROP003713,Hamzah Quraishi,92861-3597705-6,بلال Qureshi,1998-02-16,54978070,"H-08137, Saddar, Rawalpindi",Saddar,Rawalpindi
PROP003714,Fatema قریشی,10238-5327047-6,Usman قریشی,1998-03-06,3498331,"H-08138, DHA, Lahore",DHA,Lahore
PROP003715,Hassan Chaudhry,72245-5677565-5,Osman Chaudhry,1969-01-19,13276695,"H-08142, Chaklala, Rawalpindi",Chaklala,Rawalpindi
PROP003716,Muhammad Hasan Chaudhry,72245-5677565-5,Othman Chaudhary,1969-01-19,10600504,"H-08142, Chaklala, Rawalpindi",Chaklala,Rawalpindi
PROP003717,Ahmed Bhatti,,Husain Butt,1985-03-15,2986738,"H-08149, North Nazimabad, Karachi",North Nazimabad,Karachi
PROP003718,Faisal Qureshi,82908-5072755-5,Hassan قریشی,1969-07-05,10505871,"H-08150, Bahria Town, Islamabad",Bahria Town,Islamabad
PROP003719,Zaynab خان,72818-4629148-2,Mohammed Osman خان,1978-05-19,10207096,"H-08151, Bahria Town, Rawalpindi",Bahria Town,Rawalpindi
PROP003720,Zainab Khan,72818-4629148-2,Osman خان,1978-05-19,9959864,"H-08151, Bahria Town, Rawalpindi",Bahria Town,Rawalpindi
PROP003721,Fatema قریشی,11964-2127368-3,,1973-12-24,26795465,"H-08154, Cantt, Lahore",Cantt,Lahore
PROP003722,فاطمہ Qureshi,11964-2127368-3,Hassan Quraishi,1973-12-24,15813422,"H-08154, Cantt, Lahore",Cantt,Lahore
PROP003723,حسین مغل,41298-5951792-0,Muhammad علی مغل,1959-07-09,19141221,"H-08165, Bahria Town, Rawalpindi",Bahria Town,Rawalpindi
PROP003724,حرا اعوان,42717-5634438-2,فیصل Awan,1989-07-05,8144986,"H-08166, North Nazimabad, Karachi",North Nazimabad,Karachi
PROP003725,Ali مغل,,احمد Mughal,1959-06-05,2000000,"H-08167, F-8, Islamabad",F-8,Islamabad
PROP003726,عثمان راجہ,66748-7891796-3,Mohammad Raja,1991-06-24,38836752,"H-08172, North Nazimabad, Karachi",North Nazimabad,Karachi
PROP003727,Mohammed Ch.,96468-6080929-7,عمران Chaudhry,1992-02-08,5331427,"H-08173, Satellite Town, Rawalpindi",Satellite Town,Rawalpindi
PROP003728,عثمان راجہ,60414-7640230-3,Muhammad احمد Raja,1982-02-22,11104692,"H-08175, Satellite Town, Rawalpindi",Satellite Town,Rawalpindi
PROP003729,Ahmad Bhatti,80905-6343123-1,حسین Bhatti,1976-08-23,2345272,"H-08178, Jaranwala Road, Faisalabad",Jaranwala Road,Faisalabad
PROP003730,Hussein Sheikh,26044-4023435-5,Mohammed Hasan شیخ,1965-03-01,17688245,"H-08180, Gulshan-e-Iqbal, Karachi",Gulshan-e-Iqbal,Karachi
PROP003731,Ahmed Awan,23682-5806095-4,,1962-05-27,79994972,"H-08181, Johar Town, Lahore",Johar Town,Lahore
PROP003732,احمد Awan,,,1962-05-27,113827065,"H-08181, Johar Town, Lahore",Johar Town,Lahore
PROP003733,Muhammad Ahmed اعوان,23682-5806095-4,علی Awan,1962-05-27,94358685,"H-08181, Johar Town, Lahore",Johar Town,Lahore
PROP003734,Usman Awan,44071-4159162-7,Mohammed Ali Awan,1993-12-11,28614431,"H-08183, Chaklala, Rawalpindi",Chaklala,Rawalpindi
PROP003735,Usman Awan,,,1993-12-11,28890798,"H-08183, Chaklala, Rawalpindi",Chaklala,Rawalpindi
PROP003736,Mohammad راجہ,46497-4308396-4,,1976-03-14,98299248,"H-08185, DHA, Karachi",DHA,Karachi
PROP003737,Mohammad راجہ,46497-4308396-8,بلال راجہ,1976-03-14,95911335,"H-08185, DHA, Karachi",DHA,Karachi
PROP003738,Mohammed راجہ,46497-4308396-8,Mohammad Bilal راجہ,1976-03-14,77564758,"H-08185, DHA, Karachi",DHA,Karachi
PROP003739,علی Qureshi,71403-4486763-1,Bilal قریشی,1983-07-20,20074815,"H-08188, F-8, Islamabad",F-8,Islamabad
PROP003740,Hussein سید,13011-7624565-2,Osman Sayed,2000-11-03,2000000,"H-08189, E-11, Islamabad",E-11,Islamabad
PROP003741,Mohammad حسن Butt,55432-3374026-2,,1986-07-23,13855830,"H-08202, Peoples Colony, Faisalabad",Peoples Colony,Faisalabad
PROP003742,ثناء Raja,81916-9653284-7,Mohammad Ahmad راجہ,1955-07-19,15208837,"H-08206, Gulshan-e-Iqbal, Karachi",Gulshan-e-Iqbal,Karachi
PROP003743,ثناء Ch.,38209-2846511-9,بلال Ch.,1982-11-02,16828926,"H-08209, F-8, Islamabad",F-8,Islamabad
PROP003744,ثناء Chaudhary,38209-2846511-9,Bilal چوہدری,1982-11-02,18081580,"H-08209, F-8, Islamabad",F-8,Islamabad
PROP003745,Muhammad عمران Awan,26548-9905936-7,Faisal Awan,1989-08-18,4568872,"H-08212, Bahria Town, Rawalpindi",Bahria Town,Rawalpindi
PROP003746,علی اعوان,56198-4115516-1,Mohammad Awan,1982-03-14,8500633,"H-08213, Jaranwala Road, Faisalabad",Jaranwala Road,Faisalabad
PROP003747,Fatimah Butt,97978-3838122-6,Mohammad بٹ,1964-11-13,26623692,"H-08214, North Nazimabad, Karachi",North Nazimabad,Karachi
PROP003748,Imran Qureshi,70174-9224370-0,Hassan قریشی,1975-05-28,9890006,"H-08217, Clifton, Karachi",Clifton,Karachi
PROP003749,Othman Awan,14800-8796237-1,احمد Awan,1982-12-19,69033796,"H-08221, DHA, Karachi",DHA,Karachi
PROP003750,Othman اعوان,14800-8796237-1,Mohammed احمد Awan,,53382371,"H-08221, DHA, Karachi",DHA,Karachi
PROP003751,Mohammad Usman اعوان,14800-8796237-1,احمد Awan,1982-12-19,59217545,"H-08221, DHA, Karachi",DHA,Karachi
PROP003752,عائشہ Malick,68212-7117880-7,عثمان ملک,1967-02-26,24608605,"H-08223, Gulshan-e-Iqbal, Karachi",Gulshan-e-Iqbal,Karachi
PROP003753,Zaynab Bhatti,67120-1113366-9,حسن Bhatti,1996-07-22,12884198,"H-08227, Peoples Colony, Faisalabad",Peoples Colony,Faisalabad
PROP003754,Ahmed اعوان,52566-8104125-6,عثمان Awan,1984-03-02,3730653,"H-08230, Peoples Colony, Faisalabad",Peoples Colony,Faisalabad
PROP003755,Ahmad چوہدری,80261-7138864-3,بلال Ch.,1988-02-19,135953407,"H-08232, Model Town, Lahore",Model Town,Lahore
PROP003756,Ahmad چوہدری,80261-7138864-3,بلال چوہدری,,195549551,"H-08232, Model Town, Lahore",Model Town,Lahore
PROP003757,Ahmed Chaudhary,80261-7138864-3,Bilal Chaudhary,1988-02-19,104507063,"H-08232, Model Town, Lahore",Model Town,Lahore
PROP003758,Hamzah Malick,86997-2332415-8,فیصل Malik,1998-02-14,2000000,"H-08237, Bahria Town, Islamabad",Bahria Town,Islamabad
PROP003759,بلال قریشی,97105-7426125-7,Bilal Quraishi,1978-06-02,6115143,"H-08240, Gulshan-e-Iqbal, Karachi",Gulshan-e-Iqbal,Karachi
PROP003760,Ali Shaykh,,Imran Shaykh,1962-10-25,18841716,"H-08243, Bahria Town, Islamabad",Bahria Town,Islamabad
PROP003761,Ali Shaykh,82189-6205912-5,عمران شیخ,1962-10-25,23024621,"H-08243, Bahria Town, Islamabad",Bahria Town,Islamabad
PROP003762,علی Sheikh,82189-6205912-5,,1962-10-25,22003963,"H-08243, Bahria Town, Islamabad",Bahria Town,Islamabad
PROP003763,Hasan Qureshi,38825-6967449-3,Ali Qureshi,1984-06-19,19188074,"H-08245, F-7, Islamabad",F-7,Islamabad
PROP003764,Muhammed Imran Khan,74274-3221586-7,عمران خان,1962-10-14,8803138,"H-08250, Cantt, Lahore",Cantt,Lahore
PROP003765,عمران Khan,74274-3221546-7,Imran خان,1962-10-14,8358096,"H-08250, Cantt, Lahore",Cantt,Lahore
PROP003766,علی Awan,,Ali Awan,1977-04-24,2929649,"H-08253, Bahria Town, Islamabad",Bahria Town,Islamabad
PROP003767,Sana Raja,42296-1606273-8,Mohammed Ahmed Raja,1982-10-11,19335124,"H-08254, Gulshan-e-Iqbal, Karachi",Gulshan-e-Iqbal,Karachi
PROP003768,Fatimah Ch.,47746-6221987-5,,1987-04-02,17765693,"H-08255, Malir, Karachi",Malir,Karachi
PROP003769,حرا Bhatti,,,1976-04-14,2000000,"H-08259, Jaranwala Road, Faisalabad",Jaranwala Road,Faisalabad
PROP003770,Mohammad حسن راجہ,82191-8558551-1,Bilal Raja,1971-05-12,15401383,"H-08260, Chaklala, Rawalpindi",Chaklala,Rawalpindi
PROP003771,علی خان,37234-5102165-1,بلال خان,1973-01-23,2000000,"H-08261, Gulshan-e-Iqbal, Karachi",Gulshan-e-Iqbal,Karachi
PROP003772,Zaynab راجہ,48139-8514626-6,Osman راجہ,1998-02-19,9504239,"H-08262, Madina Town, Faisalabad",Madina Town,Faisalabad
PROP003773,فیصل قریشی,95563-3070361-0,حمزہ Qureshi,1973-05-08,34831241,"H-08265, Model Town, Lahore",Model Town,Lahore
PROP003774,Ali Syed,30684-8015338-7,علی Sayyid,1972-04-16,4573553,"H-08269, Model Town, Lahore",Model Town,Lahore
PROP003775,بلال Bhatti,23060-9350446-3,Ahmad Butt,,2878390,"H-08272, Chaklala, Rawalpindi",Chaklala,Rawalpindi
PROP003776,حمزہ بٹ,64048-5402805-6,Mohammed Hasan Butt,1977-12-27,49829787,"H-08274, Madina Town, Faisalabad",Madina Town,Faisalabad
PROP003777,Muhammad حمزہ بٹ,64048-5402808-6,Hassan Butt,1977-12-27,54279271,"H-08274, Madina Town, Faisalabad",Madina Town,Faisalabad
PROP003778,Muhammad Malik,,,1968-10-08,29410134,"H-08275, Madina Town, Faisalabad",Madina Town,Faisalabad
PROP003779,Mohammed Malik,,عثمان Malick,1968-10-08,20611928,"H-08275, Madina Town, Faisalabad",Madina Town,Faisalabad
PROP003780,Mohammed ملک,78169-6095833-8,Osman ملک,1968-10-08,29993382,"H-08275, Madina Town, Faisalabad",Madina Town,Faisalabad
PROP003781,Fatima Malick,17842-9511298-8,Hamza Malick,1989-04-10,2000000,"H-08283, F-7, Islamabad",F-7,Islamabad
PROP003782,عمران Chaudhary,85955-8881617-0,Muhammed Chaudhry,1972-12-01,44526905,"H-08285, Peoples Colony, Faisalabad",Peoples Colony,Faisalabad
PROP003783,بلال Khan,,Mohammed حسن Khan,1961-11-10,26513420,"H-08287, Satellite Town, Rawalpindi",Satellite Town,Rawalpindi
PROP003784,Ali اعوان,68728-1608311-1,Bilal Awan,1996-04-20,38446573,"H-08290, Gulshan-e-Iqbal, Karachi",Gulshan-e-Iqbal,Karachi
PROP003785,Mohammad Ali Awan,68628-1608311-1,Bilal اعوان,1996-04-20,46247157,"H-08290, Gulshan-e-Iqbal, Karachi",Gulshan-e-Iqbal,Karachi
PROP003786,Mariam Quraishi,26619-3108304-7,,1983-04-03,2774540,"H-08291, DHA, Karachi",DHA,Karachi
PROP003787,احمد Mughal,31895-2457673-0,Hasan Mughal,1962-06-11,6234967,"H-08296, F-7, Islamabad",F-7,Islamabad
PROP003788,Hassan Awan,16167-4672452-5,,1987-01-16,10607454,"H-08299, Malir, Karachi",Malir,Karachi
PROP003789,Bilal قریشی,57857-9181064-2,Mohammad فیصل Qureshi,1968-11-03,24935738,"H-08304, Bahria Town, Rawalpindi",Bahria Town,Rawalpindi
PROP003790,حسین Mughal,67347-5700382-6,Faysal Moghul,2002-03-08,19239588,"H-08306, Bahria Town, Islamabad",Bahria Town,Islamabad
PROP003791,Faysal Khan,,محمد خان,1980-12-21,12076081,"H-08310, Bahria Town, Rawalpindi",Bahria Town,Rawalpindi
PROP003792,Faisal خان,86157-7547393-9,,,10951696,"H-08310, Bahria Town, Rawalpindi",Bahria Town,Rawalpindi
PROP003793,Bilal راجہ,36897-4406588-3,Ahmed راجہ,,6288268,"H-08313, Johar Town, Lahore",Johar Town,Lahore
PROP003794,Hussein Syed,89754-4229706-7,Hasan Sayyid,1963-09-06,25685886,"H-08314, Saddar, Rawalpindi",Saddar,Rawalpindi
PROP003795,Muhammad حسن Shaikh,50333-7734396-5,Muhammad Hussein Sheikh,1973-10-20,8344903,"H-08316, Gulshan-e-Iqbal, Karachi",Gulshan-e-Iqbal,Karachi
PROP003796,Hassan Shaikh,,,1973-10-20,8690314,"H-08316, Gulshan-e-Iqbal, Karachi",Gulshan-e-Iqbal,Karachi
PROP003797,Hussein Malik,46376-7102947-5,Muhammad Bilal Malik,1981-05-09,9682581,"H-08318, DHA, Lahore",DHA,Lahore
PROP003798,حسین شیخ,33894-4576956-1,Muhammad Usman Shaikh,1989-10-20,18429277,"H-08320, Peoples Colony, Faisalabad",Peoples Colony,Faisalabad
PROP003799,Ali بٹ,43840-8393177-3,Imran Butt,1979-07-13,2000000,"H-08321, Cantt, Lahore",Cantt,Lahore
PROP003800,Osman Awan,56927-7802292-1,Muhammed Faysal اعوان,1975-08-06,4834815,"H-08323, Jaranwala Road, Faisalabad",Jaranwala Road,Faisalabad
PROP003801,ثناء Moghul,,حمزہ Mughal,1998-07-11,21297767,"H-08324, F-7, Islamabad",F-7,Islamabad
PROP003802,Sana Mughal,30406-7301009-6,,1998-07-11,15226308,"H-08324, F-7, Islamabad",F-7,Islamabad
PROP003803,Hassan Raja,36336-4398815-4,Hassan راجہ,,35787611,"H-08325, Gulshan-e-Iqbal, Karachi",Gulshan-e-Iqbal,Karachi
PROP003804,Muhammad حسن راجہ,36336-4398815-4,حسن Raja,1964-07-11,57592425,"H-08325, Gulshan-e-Iqbal, Karachi",Gulshan-e-Iqbal,Karachi
PROP003805,Mohammed Hassan Raja,36336-4398815-4,Hassan راجہ,1964-07-11,31441156,"H-08325, Gulshan-e-Iqbal, Karachi",Gulshan-e-Iqbal,Karachi
PROP003806,Maryam Bhatti,14623-6696043-8,عمران Bhatti,1982-10-04,21714837,"H-08328, Cantt, Lahore",Cantt,Lahore
PROP003807,بلال Quraishi,40207-4105148-5,,1989-04-28,4654228,"H-08337, DHA, Karachi",DHA,Karachi
PROP003808,Ayisha Malik,95584-2819109-3,فیصل Malick,,31270665,"H-08338, Model Town, Lahore",Model Town,Lahore
PROP003809,Ayisha Malick,95584-2819109-3,Faysal Malick,1977-12-20,40929597,"H-08338, Model Town, Lahore",Model Town,Lahore
PROP003810,Ayesha Malick,95584-2819109-3,Faisal Malik,1977-12-20,28489007,"H-08338, Model Town, Lahore",Model Town,Lahore
PROP003811,عائشہ Quraishi,45120-1358611-6,فیصل قریشی,1965-05-27,8632121,"H-08340, Saddar, Rawalpindi",Saddar,Rawalpindi
PROP003812,عائشہ Quraishi,45120-1358611-6,فیصل قریشی,1965-05-27,10366432,"H-08340, Saddar, Rawalpindi",Saddar,Rawalpindi
PROP003813,Osman Chaudhry,34203-2092880-4,Bilal Ch.,1994-07-17,29295321,"H-08347, Jaranwala Road, Faisalabad",Jaranwala Road,Faisalabad
PROP003814,Mohammed عثمان Chaudhry,,,,35188784,"H-08347, Jaranwala Road, Faisalabad",Jaranwala Road,Faisalabad
PROP003815,Usman Chaudhary,31203-2092880-4,,1994-07-17,34067538,"H-08347, Jaranwala Road, Faisalabad",Jaranwala Road,Faisalabad
PROP003816,Mohammed حمزہ بٹ,57750-6498783-2,,1972-12-02,5182355,"H-08349, Clifton, Karachi",Clifton,Karachi
PROP003817,حسن Quraishi,,Hamza Qureshi,,17815248,"H-08350, Gulberg, Lahore",Gulberg,Lahore
PROP003818,Mohammed Hamzah راجہ,81364-7477195-7,Muhammad Ahmed راجہ,1993-12-15,25112670,"H-08352, Peoples Colony, Faisalabad",Peoples Colony,Faisalabad
PROP003819,Fatema Choudhary,,Usman Ch.,1998-12-14,13668126,"H-08354, Gulberg, Lahore",Gulberg,Lahore
PROP003820,Fatema Chaudhary,31949-1110366-7,عثمان Chaudhry,1998-12-14,14306457,"H-08354, Gulberg, Lahore",Gulberg,Lahore
PROP003821,Ahmad Sayed,19981-1410605-9,Imran Syed,1970-12-02,38104189,"H-08356, Madina Town, Faisalabad",Madina Town,Faisalabad
PROP003822,Mohammed احمد سید,19981-1410605-9,Imran Sayyid,1970-12-02,35554741,"H-08356, Madina Town, Faisalabad",Madina Town,Faisalabad
PROP003823,Othman ملک,10921-8955704-2,عمران Malik,1991-11-18,25570499,"H-08360, Satellite Town, Rawalpindi",Satellite Town,Rawalpindi
PROP003824,Othman ملک,10923-8955704-2,Imran Malik,1991-11-18,18706841,"H-08360, Satellite Town, Rawalpindi",Satellite Town,Rawalpindi
PROP003825,Zaynab Sayyid,80458-6889223-7,,1959-08-03,20697719,"H-08362, Bahria Town, Rawalpindi",Bahria Town,Rawalpindi
PROP003826,محمد خان,44135-2769210-8,Ahmed Khan,1984-07-19,41897791,"H-08364, G-10, Islamabad",G-10,Islamabad
PROP003827,محمد Khan,44136-2769210-8,احمد خان,,40209045,"H-08364, G-10, Islamabad",G-10,Islamabad
PROP003828,Hamza Khan,81106-9602954-6,Mohammad Imran Khan,1998-11-27,16441971,"H-08365, Malir, Karachi",Malir,Karachi
PROP003829,Hamzah Khan,51106-9602954-6,Imran Khan,1998-11-27,13358141,"H-08365, Malir, Karachi",Malir,Karachi
PROP003830,Hussein Shaikh,55293-3581561-8,Othman Shaykh,,20949346,"H-08370, G-10, Islamabad",G-10,Islamabad
PROP003831,Marium Qureshi,82837-3389699-4,Muhammed قریشی,1990-04-09,2952478,"H-08371, Chaklala, Rawalpindi",Chaklala,Rawalpindi
PROP003832,Maryam Qureshi,82837-3389699-4,محمد Quraishi,1990-04-09,8509708,"H-08371, Chaklala, Rawalpindi",Chaklala,Rawalpindi
PROP003833,Hassan Malik,50861-3201327-0,,1965-05-20,8725836,"H-08380, F-8, Islamabad",F-8,Islamabad
PROP003834,Osman ملک,60014-6564373-3,Muhammad Malick,1960-10-07,5520870,"H-08383, Chaklala, Rawalpindi",Chaklala,Rawalpindi
PROP003835,Maryam اعوان,42233-1917926-1,Imran اعوان,1968-12-26,25745217,"H-08386, Jaranwala Road, Faisalabad",Jaranwala Road,Faisalabad
PROP003836,Ali Qureshi,95417-5888134-4,Husain قریشی,1976-11-14,2000000,"H-08391, E-11, Islamabad",E-11,Islamabad
PROP003837,Zainab بٹ,51487-9145907-0,علی Bhatti,1964-05-11,2242268,"H-08398, Malir, Karachi",Malir,Karachi
PROP003838,Hamza Awan,11755-6883878-9,Mohammed Hamzah اعوان,1982-02-27,9359266,"H-08399, Clifton, Karachi",Clifton,Karachi
PROP003839,Muhammad Choudhary,93977-9140889-7,Hussain Chaudhary,2001-08-28,4384516,"H-08401, Johar Town, Lahore",Johar Town,Lahore
PROP003840,Hamzah اعوان,,Hussein Awan,1963-05-27,6749487,"H-08403, Clifton, Karachi",Clifton,Karachi
PROP003841,حسن Choudhary,29055-5485134-8,Faisal Chaudhary,1958-01-01,18277026,"H-08406, Johar Town, Lahore",Johar Town,Lahore
PROP003842,عثمان Qureshi,24018-5416952-5,Hasan Quraishi,1958-11-26,2035228,"H-08409, F-7, Islamabad",F-7,Islamabad
PROP003843,Zaynab Qureshi,47767-6132903-6,Muhammed Ali Qureshi,1966-01-25,101355068,"H-08411, F-7, Islamabad",F-7,Islamabad
PROP003844,زینب Qureshi,47767-6132903-6,علی Quraishi,1966-01-25,142805934,"H-08411, F-7, Islamabad",F-7,Islamabad
PROP003845,زینب Quraishi,47767-6132903-6,علی Quraishi,1966-01-25,126065568,"H-08411, F-7, Islamabad",F-7,Islamabad
PROP003846,Sana مغل,72119-6816897-3,,1957-11-06,27072680,"H-08412, Peoples Colony, Faisalabad",Peoples Colony,Faisalabad
PROP003847,علی خان,16771-3699576-1,Hassan خان,1966-11-13,13258390,"H-08413, Cantt, Lahore",Cantt,Lahore
PROP003848,علی خان,16271-3699576-1,Hasan خان,1966-11-13,14885381,"H-08413, Cantt, Lahore",Cantt,Lahore
PROP003849,Sana Khan,11667-9520299-5,علی خان,,20498563,"H-08417, Jaranwala Road, Faisalabad",Jaranwala Road,Faisalabad
PROP003850,Sana Khan,,Ali خان,1976-10-10,24360478,"H-08417, Jaranwala Road, Faisalabad",Jaranwala Road,Faisalabad
PROP003851,Mohammed Ahmad ملک,22114-3442458-1,Mohammad Othman ملک,1978-01-02,11393787,"H-08424, DHA, Lahore",DHA,Lahore
PROP003852,Muhammad بلال Butt,,Mohammad Bhatti,1997-11-13,62914455,"H-08426, Malir, Karachi",Malir,Karachi
PROP003853,بلال بٹ,78058-6501263-8,Muhammed Bhatti,1997-11-13,52561547,"H-08426, Malir, Karachi",Malir,Karachi
PROP003854,Bilal بٹ,78058-6501263-8,,1997-11-13,45763875,"H-08426, Malir, Karachi",Malir,Karachi
PROP003855,حسن Bhatti,88962-9110102-9,Mohammed Osman Bhatti,1988-03-22,13601375,"H-08427, Peoples Colony, Faisalabad",Peoples Colony,Faisalabad
PROP003856,علی راجہ,46171-3051115-3,,1999-01-19,2665838,"H-08430, Malir, Karachi",Malir,Karachi
PROP003857,Ahmed خان,10398-7120141-3,حمزہ خان,1958-11-24,3420492,"H-08436, Madina Town, Faisalabad",Madina Town,Faisalabad
PROP003858,حرا Malick,88993-4002733-8,Imran Malik,1968-03-05,32207814,"H-08437, Bahria Town, Rawalpindi",Bahria Town,Rawalpindi
PROP003859,حرا Malik,88993-4002733-8,,1968-03-05,29270901,"H-08437, Bahria Town, Rawalpindi",Bahria Town,Rawalpindi
PROP003860,Imran Moghul,91720-2669267-0,عمران مغل,1998-06-14,7348617,"H-08441, Gulshan-e-Iqbal, Karachi",Gulshan-e-Iqbal,Karachi
PROP003861,Aisha Qureshi,35334-6301758-1,Muhammed حسن قریشی,1975-11-24,4612461,"H-08442, G-10, Islamabad",G-10,Islamabad
PROP003862,فیصل اعوان,48248-9139707-9,فیصل Awan,1955-10-16,2000000,"H-08450, Malir, Karachi",Malir,Karachi
PROP003863,Faisal شیخ,48952-8188436-7,Hasan شیخ,1968-02-02,44525331,"H-08452, Madina Town, Faisalabad",Madina Town,Faisalabad
PROP003864,فاطمہ Malik,95719-5552041-2,محمد Malick,1975-09-14,44843087,"H-08453, Bahria Town, Islamabad",Bahria Town,Islamabad
PROP003865,Fatema ملک,95719-5552041-8,Mohammed ملک,1975-09-14,50064633,"H-08453, Bahria Town, Islamabad",Bahria Town,Islamabad
PROP003866,Faisal Chaudhry,23301-6401170-9,,1984-03-14,15198887,"H-08458, Johar Town, Lahore",Johar Town,Lahore
PROP003867,فیصل Malik,32202-7550507-5,Mohammad Ali Malick,1997-11-24,65677327,"H-08462, E-11, Islamabad",E-11,Islamabad
PROP003868,فیصل Malick,32202-7550557-5,Muhammad علی ملک,1997-11-24,52169345,"H-08462, E-11, Islamabad",E-11,Islamabad
PROP003869,Muhammed فیصل Malick,32202-7550557-5,,1997-11-24,69856126,"H-08462, E-11, Islamabad",E-11,Islamabad
PROP003870,Muhammad Shaikh,49877-5105534-2,احمد Sheikh,1958-06-14,2000000,"H-08467, Malir, Karachi",Malir,Karachi
PROP003871,احمد Awan,94280-5662185-1,Hamzah اعوان,1978-01-22,8518580,"H-08469, Cantt, Lahore",Cantt,Lahore
PROP003872,Sana Chaudhry,60986-6727249-2,Hassan Ch.,,2000000,"H-08470, DHA, Karachi",DHA,Karachi
PROP003873,Faysal Shaikh,86107-1940400-3,علی Shaikh,1972-01-24,7074620,"H-08471, DHA, Lahore",DHA,Lahore
PROP003874,حسن Butt,31523-8678754-1,Hasan بٹ,1969-10-15,10160040,"H-08475, North Nazimabad, Karachi",North Nazimabad,Karachi
PROP003875,Mohammed Hasan بٹ,31523-8678754-1,Hassan Butt,1969-10-15,10840587,"H-08475, North Nazimabad, Karachi",North Nazimabad,Karachi
PROP003876,Muhammed Osman Qureshi,92654-9848074-7,Hussain Quraishi,1983-07-11,291877634,"H-08481, Saddar, Rawalpindi",Saddar,Rawalpindi
PROP003877,Usman Qureshi,92654-9848074-7,Hussein قریشی,1983-07-11,271504092,"H-08481, Saddar, Rawalpindi",Saddar,Rawalpindi
PROP003878,Osman قریشی,92654-9848074-7,Hussain Quraishi,1983-07-11,212987421,"H-08481, Saddar, Rawalpindi",Saddar,Rawalpindi
PROP003879,Hira Qureshi,18438-8352716-0,,1962-02-16,17921515,"H-08485, Gulberg, Lahore",Gulberg,Lahore
PROP003880,Faisal Shaikh,,Usman شیخ,1983-01-26,8726009,"H-08487, Gulshan-e-Iqbal, Karachi",Gulshan-e-Iqbal,Karachi
PROP003881,Mohammed عثمان Sheikh,63994-2969867-2,Faysal Shaykh,,7188367,"H-08489, F-7, Islamabad",F-7,Islamabad
PROP003882,عثمان Shaykh,63994-2969867-2,Muhammad فیصل Shaykh,1975-05-01,6170111,"H-08489, F-7, Islamabad",F-7,Islamabad
PROP003883,Osman Mughal,89419-5016809-4,Mohammed حسن Moghul,1985-01-06,22554449,"H-08490, Jaranwala Road, Faisalabad",Jaranwala Road,Faisalabad
PROP003884,علی راجہ,90362-7940200-3,,1958-01-26,2441809,"H-08491, Model Town, Lahore",Model Town,Lahore
PROP003885,Hasan Raja,32815-8374644-3,Muhammed Ahmad راجہ,1956-07-24,3390656,"H-08496, F-7, Islamabad",F-7,Islamabad
PROP003886,علی Malick,,Mohammad Malick,1992-10-27,8029664,"H-08498, DHA, Karachi",DHA,Karachi
PROP003887,بلال اعوان,34325-2413903-5,حسین اعوان,1971-07-27,8965940,"H-08503, Malir, Karachi",Malir,Karachi
PROP003888,Muhammed بلال Awan,34325-2413903-5,Mohammad حسین اعوان,1971-07-27,8556590,"H-08503, Malir, Karachi",Malir,Karachi
PROP003889,Hamzah Moghul,23871-6319381-7,حسین Moghul,1970-09-14,3577292,"H-08504, Satellite Town, Rawalpindi",Satellite Town,Rawalpindi
PROP003890,Ali Raja,21396-2386519-8,,1970-09-03,7050126,"H-08505, G-10, Islamabad",G-10,Islamabad
PROP003891,فیصل Raja,97124-9821369-4,حمزہ راجہ,1995-12-22,11812622,"H-08511, Peoples Colony, Faisalabad",Peoples Colony,Faisalabad
PROP003892,Muhammad Hussain Ch.,20160-2557085-0,Ali Choudhary,2002-04-10,2905095,"H-08515, E-11, Islamabad",E-11,Islamabad
PROP003893,Hamza Sheikh,81342-2942979-8,,1980-04-06,17769182,"H-08517, Jaranwala Road, Faisalabad",Jaranwala Road,Faisalabad
PROP003894,Hamza شیخ,81342-2942979-8,,1980-04-06,23491766,"H-08517, Jaranwala Road, Faisalabad",Jaranwala Road,Faisalabad
PROP003895,حمزہ Shaykh,81342-2942979-8,Hamza Sheikh,1980-04-06,17710489,"H-08517, Jaranwala Road, Faisalabad",Jaranwala Road,Faisalabad
PROP003896,Mohammad راجہ,44393-1752597-9,Hasan راجہ,1956-07-26,32171368,"H-08518, Gulshan-e-Iqbal, Karachi",Gulshan-e-Iqbal,Karachi
PROP003897,Mohammad راجہ,44397-1752597-9,Mohammed Hassan راجہ,1956-07-26,31033479,"H-08518, Gulshan-e-Iqbal, Karachi",Gulshan-e-Iqbal,Karachi
PROP003898,Muhammed Raja,44393-1752597-9,Mohammad Hasan راجہ,1956-07-26,25567455,"H-08518, Gulshan-e-Iqbal, Karachi",Gulshan-e-Iqbal,Karachi
PROP003899,Ayesha بٹ,49589-7483962-3,Muhammed Hasan Bhatti,1958-08-05,10148396,"H-08520, Model Town, Lahore",Model Town,Lahore
PROP003900,Fatima Shaikh,,Husain Shaikh,1988-09-21,5678293,"H-08525, Peoples Colony, Faisalabad",Peoples Colony,Faisalabad
PROP003901,Fatimah شیخ,25137-9337162-6,,1988-09-21,6243405,"H-08525, Peoples Colony, Faisalabad",Peoples Colony,Faisalabad
PROP003902,حسن اعوان,14078-4043215-5,Muhammed Hasan Awan,1976-04-20,50885669,"H-08526, Gulberg, Lahore",Gulberg,Lahore
PROP003903,حسن اعوان,14078-4045215-5,Muhammed Hassan Awan,1976-04-20,33822434,"H-08526, Gulberg, Lahore",Gulberg,Lahore
PROP003904,Mohammad حسن اعوان,,حسن اعوان,1976-04-20,42874209,"H-08526, Gulberg, Lahore",Gulberg,Lahore
PROP003905,Muhammad احمد Choudhary,83838-9688126-4,Muhammad Ahmad Ch.,1994-09-26,18645464,"H-08528, E-11, Islamabad",E-11,Islamabad
PROP003906,Ahmed چوہدری,83838-9688126-4,Muhammad Ahmad Chaudhry,1994-09-26,25870259,"H-08528, E-11, Islamabad",E-11,Islamabad
PROP003907,Ahmed Ch.,83838-9688126-4,Mohammed Ahmed چوہدری,1994-09-26,18624528,"H-08528, E-11, Islamabad",E-11,Islamabad
PROP003908,Faisal Butt,51761-9020530-5,Mohammad علی بٹ,2000-07-24,2509608,"H-08532, Chaklala, Rawalpindi",Chaklala,Rawalpindi
PROP003909,Muhammed Hassan Chaudhary,73186-7777008-0,Muhammad علی Ch.,1955-05-04,44105784,"H-08533, Jaranwala Road, Faisalabad",Jaranwala Road,Faisalabad
PROP003910,علی راجہ,45249-9769440-8,Ahmad راجہ,1997-12-24,18506319,"H-08542, Saddar, Rawalpindi",Saddar,Rawalpindi
PROP003911,عثمان Awan,90300-3346008-9,احمد اعوان,1966-07-18,3107101,"H-08543, Madina Town, Faisalabad",Madina Town,Faisalabad
PROP003912,حرا Awan,14999-1680687-7,Muhammad فیصل اعوان,,13302332,"H-08544, DHA, Karachi",DHA,Karachi
PROP003913,Muhammed Imran خان,86053-8312031-9,علی Khan,1995-08-26,8401893,"H-08545, F-8, Islamabad",F-8,Islamabad
PROP003914,Bilal Chaudhary,79118-8591916-3,Faysal Chaudhary,1966-11-08,11583669,"H-08552, Peoples Colony, Faisalabad",Peoples Colony,Faisalabad
PROP003915,Mohammed Malick,84567-2169835-0,بلال Malik,1975-02-24,3283638,"H-08554, Saddar, Rawalpindi",Saddar,Rawalpindi
PROP003916,حرا Malick,31082-5802585-1,احمد ملک,1960-12-25,4948495,"H-08565, Madina Town, Faisalabad",Madina Town,Faisalabad
PROP003917,مریم Moghul,89352-1437496-9,Hussein Mughal,1993-06-26,4190490,"H-08566, Jaranwala Road, Faisalabad",Jaranwala Road,Faisalabad
PROP003918,Mohammed Usman Ch.,45989-9271542-0,حسن Choudhary,1962-12-19,9753170,"H-08568, DHA, Karachi",DHA,Karachi
PROP003919,Ahmad Khan,93920-5858855-8,Muhammed عثمان خان,1970-02-17,3794498,"H-08571, E-11, Islamabad",E-11,Islamabad
PROP003920,Muhammed Ali Sayyid,55507-1724880-7,Muhammad Faysal سید,1976-07-16,14727043,"H-08573, F-7, Islamabad",F-7,Islamabad
PROP003921,Mohammad بلال Moghul,87763-6405301-2,عثمان Mughal,1971-06-17,10194753,"H-08575, Saddar, Rawalpindi",Saddar,Rawalpindi
PROP003922,Aysha Chaudhry,,Hasan Choudhary,1980-11-22,9421161,"H-08580, Madina Town, Faisalabad",Madina Town,Faisalabad
PROP003923,Aisha Choudhary,77853-1013228-0,Muhammed Hassan Chaudhary,1980-11-22,12850544,"H-08580, Madina Town, Faisalabad",Madina Town,Faisalabad
PROP003924,عائشہ Choudhary,77853-1013228-7,Mohammad حسن چوہدری,1980-11-22,17773645,"H-08580, Madina Town, Faisalabad",Madina Town,Faisalabad
PROP003925,Imran Raja,67747-1587529-1,Mohammed Husain راجہ,1970-08-08,13168898,"H-08582, North Nazimabad, Karachi",North Nazimabad,Karachi
PROP003926,عمران Qureshi,75642-8349104-5,Faisal قریشی,1995-05-13,7097939,"H-08585, Saddar, Rawalpindi",Saddar,Rawalpindi
PROP003927,Ali Malik,79642-1234671-8,Muhammed احمد Malik,1979-03-04,13338448,"H-08586, Bahria Town, Rawalpindi",Bahria Town,Rawalpindi
PROP003928,Marium مغل,12327-8810063-2,Hasan Mughal,1968-12-19,9586253,"H-08589, F-7, Islamabad",F-7,Islamabad
PROP003929,فیصل راجہ,22717-6291081-6,Osman Raja,1962-01-25,29701254,"H-08592, Satellite Town, Rawalpindi",Satellite Town,Rawalpindi
PROP003930,فیصل Raja,22717-6291081-6,,1962-01-25,29411975,"H-08592, Satellite Town, Rawalpindi",Satellite Town,Rawalpindi
PROP003931,مریم Sheikh,11876-5502169-1,علی Shaykh,1975-07-05,23405524,"H-08595, Satellite Town, Rawalpindi",Satellite Town,Rawalpindi
PROP003932,عمران Shaikh,30739-4274316-8,Ahmed Shaykh,2002-10-13,20976358,"H-08597, F-7, Islamabad",F-7,Islamabad
PROP003933,Hasan Sayed,98797-9731195-4,Hamza Sayed,1984-08-08,2521920,"H-08598, F-8, Islamabad",F-8,Islamabad
PROP003934,Mohammed Imran مغل,81000-7081978-5,,1978-10-06,8840603,"H-08601, Jaranwala Road, Faisalabad",Jaranwala Road,Faisalabad
PROP003935,Muhammad Hamzah سید,40984-3178576-9,Mohammad Sayed,1985-07-11,4159986,"H-08611, G-10, Islamabad",G-10,Islamabad
PROP003936,Husain راجہ,97970-3043964-0,Muhammed Bilal Raja,1960-06-22,39903646,"H-08614, Bahria Town, Islamabad",Bahria Town,Islamabad
PROP003937,Hussain Raja,97970-3043964-0,Bilal راجہ,,27002669,"H-08614, Bahria Town, Islamabad",Bahria Town,Islamabad
PROP003938,Usman خان,34738-4154919-3,,2003-06-20,31521797,"H-08620, Saddar, Rawalpindi",Saddar,Rawalpindi
PROP003939,Othman Khan,54738-4154919-3,,2003-06-20,34069138,"H-08620, Saddar, Rawalpindi",Saddar,Rawalpindi
PROP003940,عثمان Khan,34738-4154919-3,فیصل خان,2003-06-20,32967176,"H-08620, Saddar, Rawalpindi",Saddar,Rawalpindi
PROP003941,Hussein شیخ,,علی Shaykh,1975-07-05,2675909,"H-08623, DHA, Karachi",DHA,Karachi
PROP003942,حرا Ch.,37014-8111849-0,Usman Choudhary,1985-05-16,11096606,"H-08624, Peoples Colony, Faisalabad",Peoples Colony,Faisalabad
PROP003943,Hira Ch.,37014-8111809-0,Usman Chaudhry,1985-05-16,15075923,"H-08624, Peoples Colony, Faisalabad",Peoples Colony,Faisalabad
PROP003944,مریم Awan,21253-1659559-0,,1962-02-03,9471431,"H-08625, Clifton, Karachi",Clifton,Karachi
PROP003945,Bilal Choudhary,10618-7907562-7,,1983-04-18,35883918,"H-08628, F-8, Islamabad",F-8,Islamabad
PROP003946,Bilal Chaudhry,10618-7907562-7,عمران چوہدری,1983-04-18,42213518,"H-08628, F-8, Islamabad",F-8,Islamabad
PROP003947,عثمان Awan,,Ahmad Awan,1994-01-11,23038940,"H-08633, Chaklala, Rawalpindi",Chaklala,Rawalpindi
PROP003948,Osman Sayed,43196-9104596-6,علی Syed,1982-07-03,15748733,"H-08637, Johar Town, Lahore",Johar Town,Lahore
PROP003949,Osman سید,43196-9104596-6,علی سید,1982-07-03,11045812,"H-08637, Johar Town, Lahore",Johar Town,Lahore
PROP003950,حمزہ Sheikh,77281-8488746-0,,1994-12-26,19995613,"H-08642, Gulberg, Lahore",Gulberg,Lahore
PROP003951,Faysal Raja,93120-6171074-9,Mohammad راجہ,1996-01-26,30077526,"H-08643, DHA, Karachi",DHA,Karachi
PROP003952,Mohammed فیصل راجہ,93120-6171074-9,,1996-01-26,25684846,"H-08643, DHA, Karachi",DHA,Karachi
PROP003953,Muhammad عمران Chaudhry,36994-2649828-9,,1993-12-18,3228123,"H-08645, DHA, Karachi",DHA,Karachi
PROP003954,Bilal چوہدری,54426-5356130-0,,1964-04-14,2000000,"H-08651, Clifton, Karachi",Clifton,Karachi
PROP003955,حرا Quraishi,27994-4433510-4,احمد Quraishi,1976-08-16,23648513,"H-08653, DHA, Lahore",DHA,Lahore
PROP003956,Hira قریشی,27994-4433510-4,Ahmed Quraishi,1976-08-16,35738890,"H-08653, DHA, Lahore",DHA,Lahore
PROP003957,حمزہ Shaykh,72064-1714834-1,,1978-10-02,11537269,"H-08656, Johar Town, Lahore",Johar Town,Lahore
PROP003958,Mohammad Hamza Raja,54058-4142624-6,,1994-03-21,4697086,"H-08662, Jaranwala Road, Faisalabad",Jaranwala Road,Faisalabad
PROP003959,Hussain Quraishi,27455-5263770-1,Muhammed بلال قریشی,1959-07-25,19369953,"H-08663, Model Town, Lahore",Model Town,Lahore
PROP003960,عمران ملک,98275-8261783-7,Hasan ملک,1968-05-10,115112622,"H-08665, Gulberg, Lahore",Gulberg,Lahore
PROP003961,عمران Malick,98275-8263783-7,Mohammed Hassan ملک,1968-05-10,92183427,"H-08665, Gulberg, Lahore",Gulberg,Lahore
PROP003962,Hamza راجہ,61717-7060352-4,Muhammed Faysal راجہ,,13828273,"H-08666, Madina Town, Faisalabad",Madina Town,Faisalabad
PROP003963,Ayesha مغل,50517-4902217-1,,1993-02-23,2000000,"H-08668, Clifton, Karachi",Clifton,Karachi
PROP003964,Ali قریشی,23185-2266968-8,Usman Quraishi,1964-09-15,16509401,"H-08669, F-7, Islamabad",F-7,Islamabad
PROP003965,Ali Qureshi,23185-2266968-8,Othman قریشی,1964-09-15,12543229,"H-08669, F-7, Islamabad",F-7,Islamabad
PROP003966,عمران Sheikh,14531-8886136-7,بلال Shaykh,1955-02-08,9794905,"H-08670, F-8, Islamabad",F-8,Islamabad
PROP003967,علی Shaikh,,Husain Sheikh,1996-07-01,3487626,"H-08676, Gulberg, Lahore",Gulberg,Lahore
PROP003968,Muhammad حمزہ Mughal,27269-9821159-9,عمران Moghul,1961-09-12,61040553,"H-08678, Model Town, Lahore",Model Town,Lahore
PROP003969,Hamza Moghul,27269-9821159-9,Mohammad Imran Mughal,,55150595,"H-08678, Model Town, Lahore",Model Town,Lahore
PROP003970,Hamza Mughal,27269-9821159-9,Imran Moghul,1961-09-12,29771963,"H-08678, Model Town, Lahore",Model Town,Lahore
PROP003971,Faysal Malick,45085-5382674-2,Mohammed Malick,1980-10-05,5275818,"H-08679, Jaranwala Road, Faisalabad",Jaranwala Road,Faisalabad
PROP003972,Usman Qureshi,90843-7066706-0,Hussain قریشی,1960-09-03,2000000,"H-08686, G-10, Islamabad",G-10,Islamabad
PROP003973,Zainab بٹ,,Mohammad Faysal Butt,1987-11-07,11031320,"H-08687, Cantt, Lahore",Cantt,Lahore
PROP003974,علی Moghul,94755-3255382-8,بلال مغل,1976-06-20,3891183,"H-08693, E-11, Islamabad",E-11,Islamabad
PROP003975,Marium Malik,78164-2038272-8,Hussain ملک,1999-09-20,22407091,"H-08694, Chaklala, Rawalpindi",Chaklala,Rawalpindi
PROP003976,Zaynab قریشی,76607-9652183-1,Hussain Quraishi,1998-04-23,2000000,"H-08695, F-7, Islamabad",F-7,Islamabad
PROP003977,فاطمہ بٹ,33074-9231032-2,Ali Butt,1963-01-27,6514587,"H-08699, Gulberg, Lahore",Gulberg,Lahore
PROP003978,Maryam Awan,46995-6182165-9,احمد اعوان,1983-10-06,19701286,"H-08700, Model Town, Lahore",Model Town,Lahore
PROP003979,محمد Awan,21444-1187690-4,Mohammad Hasan Awan,,6073382,"H-08703, Model Town, Lahore",Model Town,Lahore
PROP003980,بلال Raja,96085-1025585-4,Ali راجہ,1983-05-20,9532736,"H-08704, Saddar, Rawalpindi",Saddar,Rawalpindi
PROP003981,بلال Raja,96085-1025585-4,Mohammed Ali Raja,1983-05-20,10601208,"H-08704, Saddar, Rawalpindi",Saddar,Rawalpindi
PROP003982,Ayesha چوہدری,13543-9634131-8,Mohammad Choudhary,1971-11-28,18962365,"H-08705, Johar Town, Lahore",Johar Town,Lahore
PROP003983,عائشہ Chaudhary,13543-9134131-8,محمد Chaudhry,1971-11-28,28898457,"H-08705, Johar Town, Lahore",Johar Town,Lahore
PROP003984,Ayesha Chaudhry,13543-9634131-8,محمد Chaudhry,1971-11-28,29735020,"H-08705, Johar Town, Lahore",Johar Town,Lahore
PROP003985,Mohammad Sayed,64228-4286074-2,Hussain Syed,,19639986,"H-08706, Bahria Town, Rawalpindi",Bahria Town,Rawalpindi
PROP003986,Muhammad Sayyid,64028-4286074-2,حسین Syed,2000-03-01,23174303,"H-08706, Bahria Town, Rawalpindi",Bahria Town,Rawalpindi
PROP003987,محمد سید,64228-4286074-2,Husain Sayyid,2000-03-01,15248320,"H-08706, Bahria Town, Rawalpindi",Bahria Town,Rawalpindi
PROP003988,حرا اعوان,,Hussain Awan,1962-07-10,12008268,"H-08708, Bahria Town, Rawalpindi",Bahria Town,Rawalpindi
PROP003989,Hussain Moghul,10651-3472589-2,,1995-01-15,10057524,"H-08711, Madina Town, Faisalabad",Madina Town,Faisalabad
PROP003990,Hussain Mughal,10651-3472589-2,Usman Moghul,1995-01-15,18138436,"H-08711, Madina Town, Faisalabad",Madina Town,Faisalabad
PROP003991,Muhammed Bilal Quraishi,58794-2297200-6,Bilal Qureshi,1998-04-26,19327639,"H-08712, North Nazimabad, Karachi",North Nazimabad,Karachi
PROP003992,Hussein Syed,18774-3399140-4,Hassan سید,1997-12-05,15398176,"H-08714, Madina Town, Faisalabad",Madina Town,Faisalabad
PROP003993,Hussein سید,18774-3399140-4,حسن Sayyid,1997-12-05,29199487,"H-08714, Madina Town, Faisalabad",Madina Town,Faisalabad
PROP003994,Muhammad Hassan Khan,99819-2597640-9,Mohammed Ahmad Khan,,8494466,"H-08716, Clifton, Karachi",Clifton,Karachi
PROP003995,Muhammad علی Malick,74964-8187463-1,بلال Malick,1996-05-16,25251883,"H-08717, E-11, Islamabad",E-11,Islamabad
PROP003996,Muhammed علی ملک,74964-8187463-1,Bilal Malick,1996-05-16,33211124,"H-08717, E-11, Islamabad",E-11,Islamabad
PROP003997,علی Malik,74964-8087463-1,,1996-05-16,39441542,"H-08717, E-11, Islamabad",E-11,Islamabad
PROP003998,فیصل Chaudhry,43536-3907817-6,Hussein Ch.,1958-01-17,13338863,"H-08718, Jaranwala Road, Faisalabad",Jaranwala Road,Faisalabad
PROP003999,Muhammad Ahmad Chaudhary,55897-3627974-7,,1981-05-06,6402791,"H-08722, Bahria Town, Rawalpindi",Bahria Town,Rawalpindi
PROP004000,Faisal Khan,39448-3172702-9,,1976-12-08,37963688,"H-08723, Saddar, Rawalpindi",Saddar,Rawalpindi
PROP004001,فیصل Khan,39448-3172702-9,Hamza خان,1976-12-08,32214275,"H-08723, Saddar, Rawalpindi",Saddar,Rawalpindi
PROP004002,بلال Sayyid,73018-3906607-4,Hassan Sayyid,1989-01-24,14370246,"H-08728, Bahria Town, Rawalpindi",Bahria Town,Rawalpindi
PROP004003,Imran Ch.,38384-1013078-3,Muhammad Hamza Choudhary,1961-03-11,10517528,"H-08730, Bahria Town, Islamabad",Bahria Town,Islamabad
PROP004004,Imran Chaudhary,38384-1013078-3,Hamza Chaudhary,1961-03-11,8247780,"H-08730, Bahria Town, Islamabad",Bahria Town,Islamabad
PROP004005,Osman Bhatti,38495-9191680-4,,1958-03-22,11021320,"H-08731, DHA, Lahore",DHA,Lahore
PROP004006,ثناء Qureshi,30424-2562480-7,Mohammad Ali قریشی,1981-12-21,13048212,"H-08735, Peoples Colony, Faisalabad",Peoples Colony,Faisalabad
PROP004007,بلال Malik,80613-3732855-3,Mohammad Ali Malick,1986-04-18,67232337,"H-08737, Saddar, Rawalpindi",Saddar,Rawalpindi
PROP004008,بلال Malick,80613-3732855-3,Ali Malik,1986-04-18,33477649,"H-08737, Saddar, Rawalpindi",Saddar,Rawalpindi
PROP004009,بلال Malick,80613-3732855-3,علی Malik,1986-04-18,35570479,"H-08737, Saddar, Rawalpindi",Saddar,Rawalpindi
PROP004010,Usman خان,97355-4655960-7,عمران Khan,1970-09-12,6433825,"H-08744, Madina Town, Faisalabad",Madina Town,Faisalabad
PROP004011,Othman بٹ,,Muhammad Faisal Bhatti,1960-10-16,33411370,"H-08752, G-10, Islamabad",G-10,Islamabad
PROP004012,Muhammed Osman Bhatti,12448-8000983-9,Muhammad فیصل Bhatti,1960-10-16,28670823,"H-08752, G-10, Islamabad",G-10,Islamabad
PROP004013,Muhammed علی اعوان,,Bilal اعوان,1996-12-24,19575499,"H-08756, Satellite Town, Rawalpindi",Satellite Town,Rawalpindi
PROP004014,Muhammad Sheikh,27117-4803960-4,عمران Shaikh,1999-10-24,6571189,"H-08757, Satellite Town, Rawalpindi",Satellite Town,Rawalpindi
PROP004015,Maryam ملک,,Mohammad Hussain ملک,1985-03-28,15362692,"H-08760, Saddar, Rawalpindi",Saddar,Rawalpindi
PROP004016,Ahmad Choudhary,53525-1474139-9,Mohammad Ch.,1965-04-25,3685807,"H-08761, Gulshan-e-Iqbal, Karachi",Gulshan-e-Iqbal,Karachi
PROP004017,Mohammad بٹ,64091-5864003-2,Bilal بٹ,1958-05-01,20738426,"H-08762, Madina Town, Faisalabad",Madina Town,Faisalabad
PROP004018,Mohammad Bhatti,64091-5864003-2,Bilal بٹ,1958-05-01,19452945,"H-08762, Madina Town, Faisalabad",Madina Town,Faisalabad
PROP004019,Imran Choudhary,92351-7487910-8,,1999-03-23,6635294,"H-08768, Malir, Karachi",Malir,Karachi
PROP004020,Mohammad حسن اعوان,21646-7792308-7,Mohammed Hussein Awan,1986-11-28,17308756,"H-08771, Cantt, Lahore",Cantt,Lahore
PROP004021,Hasan Awan,21646-7792308-7,,1986-11-28,18643952,"H-08771, Cantt, Lahore",Cantt,Lahore
PROP004022,Hasan Chaudhry,44093-1488220-8,Hamzah Chaudhry,1983-01-23,2000000,"H-08774, Peoples Colony, Faisalabad",Peoples Colony,Faisalabad
PROP004023,زینب خان,29261-3716297-3,Husain خان,1994-03-14,22714765,"H-08777, Madina Town, Faisalabad",Madina Town,Faisalabad
PROP004024,Hassan Sayed,31320-5458780-9,Hussein Sayyid,1983-12-05,26068623,"H-08785, Madina Town, Faisalabad",Madina Town,Faisalabad
PROP004025,Ahmad Bhatti,58830-2989058-2,,1971-12-24,17291438,"H-08791, Jaranwala Road, Faisalabad",Jaranwala Road,Faisalabad
PROP004026,بلال Syed,95117-2863807-9,Imran سید,1980-03-28,8368521,"H-08792, Jaranwala Road, Faisalabad",Jaranwala Road,Faisalabad
PROP004027,Bilal Sayed,95117-2863807-9,,1980-03-28,6337635,"H-08792, Jaranwala Road, Faisalabad",Jaranwala Road,Faisalabad
PROP004028,Zainab Bhatti,33020-2147008-6,Mohammad Ahmad بٹ,1955-07-01,3474699,"H-08795, DHA, Karachi",DHA,Karachi
PROP004029,زینب بٹ,33020-2147008-6,Mohammed Ahmad Bhatti,1955-07-01,2032719,"H-08795, DHA, Karachi",DHA,Karachi
PROP004030,Othman Raja,78757-9580380-4,Muhammed راجہ,2002-07-19,34480723,"H-08796, Jaranwala Road, Faisalabad",Jaranwala Road,Faisalabad
PROP004031,عثمان راجہ,78757-9580380-4,Muhammad راجہ,2002-07-19,30407364,"H-08796, Jaranwala Road, Faisalabad",Jaranwala Road,Faisalabad
PROP004032,Othman راجہ,78757-9580390-4,Muhammed راجہ,,76354771,"H-08796, Jaranwala Road, Faisalabad",Jaranwala Road,Faisalabad
PROP004033,Aysha Syed,61453-2240389-2,Faisal سید,1971-06-04,13045695,"H-08802, F-7, Islamabad",F-7,Islamabad
PROP004034,Ayesha Sayyid,61453-2240389-2,فیصل Sayyid,1971-06-04,19387165,"H-08802, F-7, Islamabad",F-7,Islamabad
PROP004035,Aysha Sayed,61453-2240389-2,فیصل سید,1971-06-04,23917645,"H-08802, F-7, Islamabad",F-7,Islamabad
PROP004036,Muhammad Hamzah اعوان,53665-3390503-5,Ahmed Awan,1976-07-12,9475082,"H-08803, E-11, Islamabad",E-11,Islamabad
PROP004037,Muhammad Hamza اعوان,53665-3390503-5,,1976-07-12,12933066,"H-08803, E-11, Islamabad",E-11,Islamabad
PROP004038,Maryam Quraishi,66021-9304141-5,Hassan Qureshi,1995-10-12,17150223,"H-08808, Gulshan-e-Iqbal, Karachi",Gulshan-e-Iqbal,Karachi
PROP004039,مریم قریشی,66021-9304141-5,Hasan Qureshi,1995-10-12,25092525,"H-08808, Gulshan-e-Iqbal, Karachi",Gulshan-e-Iqbal,Karachi
PROP004040,Mariam Quraishi,66021-9304141-5,,,27821633,"H-08808, Gulshan-e-Iqbal, Karachi",Gulshan-e-Iqbal,Karachi
PROP004041,Mohammed Chaudhry,54748-4286800-2,حسین چوہدری,1967-09-09,17498653,"H-08809, Bahria Town, Rawalpindi",Bahria Town,Rawalpindi
PROP004042,فاطمہ Awan,85281-6837771-4,عمران اعوان,1967-03-21,31726921,"H-08810, Clifton, Karachi",Clifton,Karachi
PROP004043,فاطمہ اعوان,85281-6837771-4,Muhammad عمران Awan,1967-03-21,39176961,"H-08810, Clifton, Karachi",Clifton,Karachi
PROP004044,Imran خان,,فیصل خان,1990-01-21,5944333,"H-08817, Bahria Town, Rawalpindi",Bahria Town,Rawalpindi
PROP004045,Husain سید,59263-1225614-9,Hamza Syed,1991-06-05,6511017,"H-08820, Cantt, Lahore",Cantt,Lahore
PROP004046,Muhammad مغل,76874-5305101-1,Hamza Mughal,1969-07-05,17151806,"H-08822, Bahria Town, Rawalpindi",Bahria Town,Rawalpindi
PROP004047,Muhammed مغل,,,1969-07-05,28476489,"H-08822, Bahria Town, Rawalpindi",Bahria Town,Rawalpindi
PROP004048,Hasan Shaikh,,Hussain شیخ,1980-11-01,4396950,"H-08823, F-8, Islamabad",F-8,Islamabad
PROP004049,حسن شیخ,75248-7756376-5,Imran شیخ,1960-08-19,35335112,"H-08825, E-11, Islamabad",E-11,Islamabad
PROP004050,Mohammed Hasan Shaykh,,Mohammad عمران Shaikh,1960-08-19,29546890,"H-08825, E-11, Islamabad",E-11,Islamabad
PROP004051,Hussein ملک,55145-3016214-8,Hussein Malick,1958-07-07,25407355,"H-08828, DHA, Karachi",DHA,Karachi
PROP004052,حسین ملک,55145-3016214-8,,1958-07-07,29113781,"H-08828, DHA, Karachi",DHA,Karachi
PROP004053,حسین ملک,55145-3016214-8,Mohammad Hussain ملک,1958-07-07,28265578,"H-08828, DHA, Karachi",DHA,Karachi
PROP004054,بلال راجہ,50106-1428528-3,بلال راجہ,1998-12-26,128442005,"H-08831, Cantt, Lahore",Cantt,Lahore
PROP004055,Muhammed بلال راجہ,,,1998-12-26,103436533,"H-08831, Cantt, Lahore",Cantt,Lahore
PROP004056,بلال راجہ,50106-1428528-3,Mohammad Bilal راجہ,1998-12-26,112989241,"H-08831, Cantt, Lahore",Cantt,Lahore
PROP004057,Muhammad Hamzah خان,44449-5118204-3,بلال Khan,1999-06-08,2155973,"H-08835, Bahria Town, Rawalpindi",Bahria Town,Rawalpindi
PROP004058,حسن بٹ,63730-5319454-5,علی Butt,,5169900,"H-08838, Madina Town, Faisalabad",Madina Town,Faisalabad
PROP004059,فیصل Awan,46755-8505131-7,Mohammad بلال Awan,1995-07-17,44423380,"H-08843, DHA, Karachi",DHA,Karachi
PROP004060,حمزہ قریشی,33261-6962840-4,,1995-02-27,10298677,"H-08845, Malir, Karachi",Malir,Karachi
PROP004061,Mohammad Hamza قریشی,,,1995-02-27,8955941,"H-08845, Malir, Karachi",Malir,Karachi
PROP004062,علی Raja,87792-2666067-4,Faysal راجہ,1977-12-06,13691329,"H-08846, Jaranwala Road, Faisalabad",Jaranwala Road,Faisalabad
PROP004063,Mohammed فیصل Quraishi,95441-2447099-4,Hassan Quraishi,1957-09-24,15039732,"H-08853, Madina Town, Faisalabad",Madina Town,Faisalabad
PROP004064,احمد اعوان,70720-9227261-9,Mohammed علی اعوان,1977-02-20,12973980,"H-08854, F-8, Islamabad",F-8,Islamabad
PROP004065,Mohammed Ali Mughal,20503-6673418-3,Faisal Mughal,1986-03-17,4586262,"H-08860, Chaklala, Rawalpindi",Chaklala,Rawalpindi
PROP004066,Mohammed فیصل Malick,64311-2915948-2,,,22928560,"H-08861, Satellite Town, Rawalpindi",Satellite Town,Rawalpindi
PROP004067,Usman ملک,73902-5452062-6,Hasan Malick,2003-05-19,62272821,"H-08863, Bahria Town, Islamabad",Bahria Town,Islamabad
PROP004068,Osman ملک,73902-5452062-6,Mohammed Hasan ملک,2003-05-19,61250092,"H-08863, Bahria Town, Islamabad",Bahria Town,Islamabad
PROP004069,Othman Malik,73902-5452062-6,Hassan Malik,,114745045,"H-08863, Bahria Town, Islamabad",Bahria Town,Islamabad
PROP004070,عائشہ خان,88255-5998474-5,Mohammad Usman Khan,2003-02-14,15132368,"H-08868, Bahria Town, Islamabad",Bahria Town,Islamabad
PROP004071,Ayesha خان,88255-5998474-5,Muhammad عثمان Khan,2003-02-14,14172877,"H-08868, Bahria Town, Islamabad",Bahria Town,Islamabad
PROP004072,حرا Mughal,37397-9785373-2,Hasan Moghul,,104605735,"H-08869, Bahria Town, Islamabad",Bahria Town,Islamabad
PROP004073,Hira Moghul,37397-9735373-2,حسن Moghul,1965-12-18,103949380,"H-08869, Bahria Town, Islamabad",Bahria Town,Islamabad
PROP004074,حرا Moghul,37397-9785373-2,Muhammad Hassan Moghul,1965-12-18,51819128,"H-08869, Bahria Town, Islamabad",Bahria Town,Islamabad
PROP004075,Faysal Qureshi,73268-2890624-7,Osman قریشی,1989-05-22,7200732,"H-08870, G-10, Islamabad",G-10,Islamabad
PROP004076,حسین خان,,,1965-07-04,9374953,"H-08879, Gulberg, Lahore",Gulberg,Lahore
PROP004077,Ahmed Choudhary,,عمران Chaudhry,1963-08-26,46787437,"H-08884, Bahria Town, Islamabad",Bahria Town,Islamabad
PROP004078,احمد Choudhary,83459-6745164-9,,1963-08-26,36451571,"H-08884, Bahria Town, Islamabad",Bahria Town,Islamabad
PROP004079,Osman سید,82224-4652154-7,Mohammed فیصل Sayed,2001-06-06,36846355,"H-08888, Model Town, Lahore",Model Town,Lahore
PROP004080,Usman سید,82224-4652154-7,Mohammed فیصل سید,2001-06-06,31754894,"H-08888, Model Town, Lahore",Model Town,Lahore
PROP004081,Mohammad بلال Sayed,,علی سید,1966-01-11,17614688,"H-08890, Madina Town, Faisalabad",Madina Town,Faisalabad
PROP004082,بلال Syed,61387-5728252-6,Muhammed Ali Sayed,1966-01-11,16914967,"H-08890, Madina Town, Faisalabad",Madina Town,Faisalabad
PROP004083,Hasan مغل,22344-1423722-2,بلال Moghul,1999-05-07,26170037,"H-08892, DHA, Lahore",DHA,Lahore
PROP004084,Hasan مغل,22344-1423722-2,Bilal مغل,1999-05-07,23212846,"H-08892, DHA, Lahore",DHA,Lahore
PROP004085,Hassan مغل,22344-1423722-2,Bilal Mughal,1999-05-07,21471965,"H-08892, DHA, Lahore",DHA,Lahore
PROP004086,Imran Shaikh,33558-3691068-9,Mohammed Faysal Shaykh,1959-12-28,7413446,"H-08893, F-8, Islamabad",F-8,Islamabad
PROP004087,Imran Sayed,26809-7001010-6,Hassan سید,1983-12-19,55152104,"H-08895, Peoples Colony, Faisalabad",Peoples Colony,Faisalabad
PROP004088,عمران Sayed,,Hassan Syed,1983-12-19,37796352,"H-08895, Peoples Colony, Faisalabad",Peoples Colony,Faisalabad
PROP004089,Imran Syed,26809-7001010-6,حسن Sayed,1983-12-19,47145285,"H-08895, Peoples Colony, Faisalabad",Peoples Colony,Faisalabad
PROP004090,عمران Mughal,,Ali مغل,1969-03-08,5199461,"H-08897, Clifton, Karachi",Clifton,Karachi
PROP004091,Ahmed Qureshi,28892-2578113-9,Bilal قریشی,1994-04-18,40529933,"H-08901, Bahria Town, Rawalpindi",Bahria Town,Rawalpindi
PROP004092,Ahmed قریشی,28892-2578113-9,,1994-04-18,29813298,"H-08901, Bahria Town, Rawalpindi",Bahria Town,Rawalpindi
PROP004093,حسن Malick,75972-1611485-3,علی Malick,1987-03-04,38981635,"H-08910, Peoples Colony, Faisalabad",Peoples Colony,Faisalabad
PROP004094,Mohammad Hassan Malick,75972-1611485-3,Ali Malik,1987-03-04,28650970,"H-08910, Peoples Colony, Faisalabad",Peoples Colony,Faisalabad
PROP004095,Hasan Malick,75972-1611485-3,علی Malik,1987-03-04,20567685,"H-08910, Peoples Colony, Faisalabad",Peoples Colony,Faisalabad
PROP004096,ثناء Choudhary,81805-5977975-2,عثمان Ch.,1979-11-09,23426802,"H-08912, DHA, Karachi",DHA,Karachi
PROP004097,Hasan Sheikh,42935-6429340-4,Mohammad احمد Sheikh,2000-10-03,20909206,"H-08913, G-10, Islamabad",G-10,Islamabad
PROP004098,Zaynab Sayed,15043-2918023-7,Muhammad حسین Syed,1955-10-13,135893121,"H-08918, Satellite Town, Rawalpindi",Satellite Town,Rawalpindi
PROP004099,زینب Sayyid,,,1955-10-13,71193294,"H-08918, Satellite Town, Rawalpindi",Satellite Town,Rawalpindi
PROP004100,زینب Sayed,15043-2918023-7,Muhammad Hussein Sayyid,1955-10-13,129019444,"H-08918, Satellite Town, Rawalpindi",Satellite Town,Rawalpindi
PROP004101,Sana Syed,,,1974-05-03,24780931,"H-08921, DHA, Karachi",DHA,Karachi
PROP004102,Hamza Ch.,87022-7084861-1,,1983-07-05,2000000,"H-08928, Malir, Karachi",Malir,Karachi
PROP004103,Maryam قریشی,22491-7913054-2,,,13452741,"H-08929, Malir, Karachi",Malir,Karachi
PROP004104,عمران Moghul,99576-9156231-5,Mohammed حمزہ Mughal,,42644508,"H-08931, Johar Town, Lahore",Johar Town,Lahore
PROP004105,زینب Bhatti,23033-4405346-9,Mohammed Husain Butt,1980-07-19,2000000,"H-08934, Gulshan-e-Iqbal, Karachi",Gulshan-e-Iqbal,Karachi
PROP004106,Imran Raja,50497-5261802-3,,2003-06-25,86631039,"H-08939, F-8, Islamabad",F-8,Islamabad
PROP004107,Muhammed عمران Raja,50497-5261802-4,Muhammad عمران راجہ,2003-06-25,116483034,"H-08939, F-8, Islamabad",F-8,Islamabad
PROP004108,Mohammad Imran راجہ,50897-5261802-4,Muhammed عمران Raja,2003-06-25,84492313,"H-08939, F-8, Islamabad",F-8,Islamabad
PROP004109,عمران Sayyid,82422-4072162-2,Hassan Sayyid,1976-02-14,65320191,"H-08948, North Nazimabad, Karachi",North Nazimabad,Karachi
PROP004110,عمران سید,82422-4072162-2,حسن Sayed,1976-02-14,39802217,"H-08948, North Nazimabad, Karachi",North Nazimabad,Karachi
PROP004111,Imran Syed,82422-4072162-2,,1976-02-14,57420045,"H-08948, North Nazimabad, Karachi",North Nazimabad,Karachi
PROP004112,احمد سید,75709-2441462-1,حمزہ Syed,1980-10-09,8519712,"H-08953, Gulshan-e-Iqbal, Karachi",Gulshan-e-Iqbal,Karachi
PROP004113,Mohammed حمزہ مغل,,Hussein مغل,1956-07-03,83357681,"H-08955, Bahria Town, Rawalpindi",Bahria Town,Rawalpindi
PROP004114,حمزہ Mughal,26771-5584538-1,,1956-07-03,81906414,"H-08955, Bahria Town, Rawalpindi",Bahria Town,Rawalpindi
PROP004115,Hamzah Moghul,26771-5584538-1,حسین مغل,1956-07-03,142966484,"H-08955, Bahria Town, Rawalpindi",Bahria Town,Rawalpindi
PROP004116,Muhammad Bilal قریشی,69293-6517383-4,,1981-12-08,10187793,"H-08957, DHA, Karachi",DHA,Karachi
PROP004117,Mohammad بلال قریشی,69293-6517383-4,Muhammad قریشی,1981-12-08,7969988,"H-08957, DHA, Karachi",DHA,Karachi
PROP004118,Bilal شیخ,66374-2580681-3,Imran شیخ,1980-08-21,92557526,"H-08960, Clifton, Karachi",Clifton,Karachi
PROP004119,Muhammad Bilal Shaykh,66374-2580681-3,Imran Shaykh,,108766149,"H-08960, Clifton, Karachi",Clifton,Karachi
PROP004120,Bilal Shaykh,66374-2580681-3,Imran Shaykh,1980-08-21,104866061,"H-08960, Clifton, Karachi",Clifton,Karachi
PROP004121,Mohammed Choudhary,59569-4670771-3,حسین چوہدری,1984-06-23,17994756,"H-08962, E-11, Islamabad",E-11,Islamabad
PROP004122,Muhammad Chaudhry,59569-4670771-3,,1984-06-23,19025440,"H-08962, E-11, Islamabad",E-11,Islamabad
PROP004123,فیصل Chaudhary,08791-8299141-9,Mohammad Bilal Ch.,1978-01-25,5651330,"H-08963, Gulberg, Lahore",Gulberg,Lahore
PROP004124,Hussain خان,92348-7828564-5,,1959-12-20,4395494,"H-08970, Madina Town, Faisalabad",Madina Town,Faisalabad
PROP004125,Mohammed Hasan Malick,94022-1492365-3,Muhammed حسن ملک,1992-12-01,7488397,"H-08971, E-11, Islamabad",E-11,Islamabad
PROP004126,Hussain ملک,45400-7233464-7,حسین Malick,1996-07-14,5836696,"H-08977, Satellite Town, Rawalpindi",Satellite Town,Rawalpindi
PROP004127,Muhammad Hussein ملک,,,1996-07-14,6294983,"H-08977, Satellite Town, Rawalpindi",Satellite Town,Rawalpindi
PROP004128,Muhammed Hussein Malik,45400-7273464-7,Hussein Malik,1996-07-14,7995803,"H-08977, Satellite Town, Rawalpindi",Satellite Town,Rawalpindi
PROP004129,Usman Quraishi,72528-3251791-8,Faisal Quraishi,1966-05-22,12032292,"H-08978, Bahria Town, Islamabad",Bahria Town,Islamabad
PROP004130,Bilal Quraishi,16692-4499663-1,Ahmed Quraishi,1990-12-08,11339152,"H-08980, Saddar, Rawalpindi",Saddar,Rawalpindi
PROP004131,Muhammad Bilal قریشی,16692-4499663-1,Muhammad Ahmad Quraishi,1990-12-08,10628718,"H-08980, Saddar, Rawalpindi",Saddar,Rawalpindi
PROP004132,Ahmed Awan,94265-2888973-6,Husain اعوان,1990-03-16,2000000,"H-08981, G-10, Islamabad",G-10,Islamabad
PROP004133,حرا Sayyid,86718-6010148-1,Hamza سید,1955-08-27,2000000,"H-08982, Jaranwala Road, Faisalabad",Jaranwala Road,Faisalabad
PROP004134,Muhammed فیصل اعوان,11146-9204399-8,علی اعوان,1998-10-19,7729086,"H-08983, Chaklala, Rawalpindi",Chaklala,Rawalpindi
PROP004135,Faisal Awan,11146-9204399-8,Ali اعوان,1998-10-19,11686280,"H-08983, Chaklala, Rawalpindi",Chaklala,Rawalpindi
PROP004136,Fatima چوہدری,59956-8173971-8,Bilal Choudhary,1959-06-20,5521227,"H-08985, Jaranwala Road, Faisalabad",Jaranwala Road,Faisalabad
PROP004137,Mohammad Bilal Bhatti,30949-2977189-8,,1990-02-21,15626306,"H-08986, Gulberg, Lahore",Gulberg,Lahore
PROP004138,Mariam Raja,66867-6205775-8,بلال Raja,1955-12-08,125903596,"H-08987, North Nazimabad, Karachi",North Nazimabad,Karachi
PROP004139,Mariam راجہ,66867-6205775-8,Muhammed بلال راجہ,1955-12-08,176371206,"H-08987, North Nazimabad, Karachi",North Nazimabad,Karachi
PROP004140,Maryam راجہ,66867-6205775-8,,1955-12-08,170040830,"H-08987, North Nazimabad, Karachi",North Nazimabad,Karachi
PROP004141,Mohammed Ali خان,72000-4437470-8,Faisal Khan,1993-03-03,17824371,"H-08996, DHA, Karachi",DHA,Karachi
PROP004142,Bilal Sheikh,48152-7073858-9,Hassan Shaikh,2002-01-20,8139138,"H-09003, F-7, Islamabad",F-7,Islamabad
PROP004143,بلال ملک,60940-4330366-3,Bilal ملک,1972-06-21,20002539,"H-09005, Peoples Colony, Faisalabad",Peoples Colony,Faisalabad
PROP004144,Mohammed بلال Awan,54779-4327392-7,بلال Awan,1989-04-25,4329538,"H-09011, Jaranwala Road, Faisalabad",Jaranwala Road,Faisalabad
PROP004145,Ali Malick,66879-1625052-0,عثمان Malick,,97933846,"H-09015, Clifton, Karachi",Clifton,Karachi
PROP004146,زینب Raja,35011-3465704-9,Hussain Raja,1964-12-27,98157970,"H-09021, Satellite Town, Rawalpindi",Satellite Town,Rawalpindi
PROP004147,Zaynab راجہ,35011-3465704-9,Hussein Raja,,91988846,"H-09021, Satellite Town, Rawalpindi",Satellite Town,Rawalpindi
PROP004148,زینب راجہ,35011-3465704-9,Mohammad Hussein Raja,1964-12-27,136527197,"H-09021, Satellite Town, Rawalpindi",Satellite Town,Rawalpindi
PROP004149,Mohammad Imran راجہ,85570-8188439-3,Ahmad Raja,,3134039,"H-09022, Johar Town, Lahore",Johar Town,Lahore
PROP004150,Husain شیخ,55920-6799303-9,Mohammad علی شیخ,1980-12-21,14424873,"H-09023, Bahria Town, Islamabad",Bahria Town,Islamabad
PROP004151,Muhammad بلال Sayyid,97393-4946198-1,Ahmad Sayed,1983-11-09,6555931,"H-09029, North Nazimabad, Karachi",North Nazimabad,Karachi
PROP004152,Mohammad Hasan Chaudhary,63509-1457392-8,Muhammed بلال Chaudhary,1966-03-14,2720245,"H-09030, Madina Town, Faisalabad",Madina Town,Faisalabad
PROP004153,عائشہ مغل,14889-2370842-6,,1982-01-28,38423988,"H-09031, DHA, Karachi",DHA,Karachi
PROP004154,Ayisha Mughal,14889-2370842-6,Hassan Mughal,1982-01-28,35654914,"H-09031, DHA, Karachi",DHA,Karachi
PROP004155,عائشہ مغل,14889-2370842-6,Hassan Moghul,1982-01-28,34756085,"H-09031, DHA, Karachi",DHA,Karachi
PROP004156,Faisal Ch.,57147-1799877-9,Muhammed Choudhary,1968-09-06,29856872,"H-09032, Madina Town, Faisalabad",Madina Town,Faisalabad
PROP004157,Ali Ch.,15417-4487050-9,Muhammed Choudhary,1993-06-02,6306621,"H-09035, Johar Town, Lahore",Johar Town,Lahore
PROP004158,حمزہ Malik,56456-6556080-5,فیصل Malick,1961-10-18,55952617,"H-09036, DHA, Karachi",DHA,Karachi
PROP004159,Mohammad Hamza Malik,56456-6556080-5,Faysal Malick,1961-10-18,43381123,"H-09036, DHA, Karachi",DHA,Karachi
PROP004160,Muhammad Hamza Malick,56456-6556080-5,فیصل Malick,1961-10-18,95904019,"H-09036, DHA, Karachi",DHA,Karachi
PROP004161,علی اعوان,,Hamzah اعوان,1959-10-27,4301080,"H-09039, Saddar, Rawalpindi",Saddar,Rawalpindi
PROP004162,Ahmed Ch.,39082-1525233-6,Hasan Chaudhry,1968-07-25,31125446,"H-09040, F-7, Islamabad",F-7,Islamabad
PROP004163,احمد Awan,,Imran Awan,1995-01-26,2000000,"H-09045, Chaklala, Rawalpindi",Chaklala,Rawalpindi
PROP004164,Mariam Choudhary,99533-5249434-1,Hasan Chaudhary,1996-02-06,8420034,"H-09047, Madina Town, Faisalabad",Madina Town,Faisalabad
PROP004165,Hamza Butt,72378-2535939-6,Muhammed Butt,1968-12-11,20177784,"H-09048, Satellite Town, Rawalpindi",Satellite Town,Rawalpindi
PROP004166,Muhammed عثمان Butt,31624-9663301-8,Othman Bhatti,1999-02-10,11439395,"H-09049, Bahria Town, Rawalpindi",Bahria Town,Rawalpindi
PROP004167,ثناء Choudhary,,احمد Chaudhry,1956-06-03,9140743,"H-09054, G-10, Islamabad",G-10,Islamabad
PROP004168,علی Quraishi,89908-9636285-3,احمد قریشی,1998-06-01,73482941,"H-09066, F-8, Islamabad",F-8,Islamabad
PROP004169,Ali قریشی,89908-9636285-3,Ahmed قریشی,,74209649,"H-09066, F-8, Islamabad",F-8,Islamabad
PROP004170,Mohammad علی Quraishi,89908-9636285-3,احمد Quraishi,1998-06-01,54213882,"H-09066, F-8, Islamabad",F-8,Islamabad
PROP004171,حرا Sayyid,31287-1441061-4,Muhammed Ali Sayyid,1979-03-27,25037248,"H-09067, DHA, Lahore",DHA,Lahore
PROP004172,Hira Syed,31287-1441061-4,Ali سید,1979-03-27,26710393,"H-09067, DHA, Lahore",DHA,Lahore
PROP004173,Fatema اعوان,,Mohammad Faysal اعوان,1980-03-12,10510484,"H-09068, E-11, Islamabad",E-11,Islamabad
PROP004174,Fatimah اعوان,77096-5529577-6,Faysal Awan,1980-03-12,11764582,"H-09068, E-11, Islamabad",E-11,Islamabad
PROP004175,Muhammad حسن Moghul,39294-4157715-5,Bilal Mughal,1968-01-20,4756601,"H-09089, Clifton, Karachi",Clifton,Karachi
PROP004176,Faysal اعوان,61483-4509466-8,Mohammad اعوان,2001-07-24,18531033,"H-09090, Madina Town, Faisalabad",Madina Town,Faisalabad
PROP004177,Ahmed مغل,35633-4774166-2,Hussein Moghul,2001-11-28,14196532,"H-09091, Jaranwala Road, Faisalabad",Jaranwala Road,Faisalabad
PROP004178,Ahmad مغل,35633-4774166-2,Hussain Mughal,2001-11-28,8268030,"H-09091, Jaranwala Road, Faisalabad",Jaranwala Road,Faisalabad
PROP004179,Hassan Syed,,عمران سید,1987-03-22,13906665,"H-09092, Jaranwala Road, Faisalabad",Jaranwala Road,Faisalabad
PROP004180,Hussein Raja,32942-4576692-4,Ali Raja,1964-12-07,9219413,"H-09095, G-10, Islamabad",G-10,Islamabad
PROP004181,Hussain Raja,32942-4576692-4,Ali راجہ,1964-12-07,8910972,"H-09095, G-10, Islamabad",G-10,Islamabad
PROP004182,Hamzah Shaikh,63489-9414544-4,Husain Shaikh,1984-11-08,2389950,"H-09097, F-7, Islamabad",F-7,Islamabad
PROP004183,Faysal Sheikh,32161-3729557-7,Ahmed Shaykh,,2000000,"H-09100, North Nazimabad, Karachi",North Nazimabad,Karachi
PROP004184,Mohammed Hasan Quraishi,68684-2110903-6,Muhammad Qureshi,,11891928,"H-09101, Madina Town, Faisalabad",Madina Town,Faisalabad
PROP004185,Ali Malik,,Hamzah ملک,1970-11-20,13362717,"H-09106, E-11, Islamabad",E-11,Islamabad
PROP004186,Sana Chaudhary,,علی Choudhary,1977-02-13,64496522,"H-09109, North Nazimabad, Karachi",North Nazimabad,Karachi
PROP004187,Sana Chaudhry,87459-9316260-1,Ali چوہدری,,63335849,"H-09109, North Nazimabad, Karachi",North Nazimabad,Karachi
PROP004188,Sana Choudhary,87459-9318260-1,Ali Chaudhary,1977-02-13,68833899,"H-09109, North Nazimabad, Karachi",North Nazimabad,Karachi
PROP004189,Aysha راجہ,93192-4617900-0,,1983-02-10,2000000,"H-09111, Jaranwala Road, Faisalabad",Jaranwala Road,Faisalabad
PROP004190,زینب اعوان,44861-3898632-6,حمزہ اعوان,1962-11-08,3692848,"H-09115, E-11, Islamabad",E-11,Islamabad
PROP004191,Zaynab Khan,26894-1756903-8,Usman خان,1996-03-12,2000000,"H-09128, Madina Town, Faisalabad",Madina Town,Faisalabad
PROP004192,Ahmad Butt,72519-9323686-4,Muhammad Imran Butt,1997-08-04,7843647,"H-09131, Johar Town, Lahore",Johar Town,Lahore
PROP004193,Ahmed بٹ,72519-9323686-4,,1997-08-04,8006796,"H-09131, Johar Town, Lahore",Johar Town,Lahore
PROP004194,احمد Ch.,54189-8986126-9,,1994-11-06,18727324,"H-09135, Saddar, Rawalpindi",Saddar,Rawalpindi
PROP004195,Ahmed چوہدری,54189-8986126-9,Hamza چوہدری,1994-11-06,26270920,"H-09135, Saddar, Rawalpindi",Saddar,Rawalpindi
PROP004196,حرا شیخ,,,1964-12-01,35454697,"H-09136, Peoples Colony, Faisalabad",Peoples Colony,Faisalabad
PROP004197,Sana Shaykh,55107-9512881-4,Faysal Sheikh,1990-07-01,9861607,"H-09138, Bahria Town, Rawalpindi",Bahria Town,Rawalpindi
PROP004198,ثناء Shaykh,55107-9512881-4,Faysal Sheikh,1990-07-01,11435654,"H-09138, Bahria Town, Rawalpindi",Bahria Town,Rawalpindi
PROP004199,بلال Khan,71091-8236852-4,فیصل خان,1956-04-23,24397506,"H-09144, Saddar, Rawalpindi",Saddar,Rawalpindi
PROP004200,Bilal خان,71091-8236852-4,,1956-04-23,24822440,"H-09144, Saddar, Rawalpindi",Saddar,Rawalpindi
PROP004201,عمران Mughal,78650-9309435-0,Hamzah مغل,1956-05-25,3362295,"H-09145, G-10, Islamabad",G-10,Islamabad
PROP004202,Muhammad Imran Sheikh,52758-5746213-9,حمزہ شیخ,2000-06-19,13509745,"H-09146, Clifton, Karachi",Clifton,Karachi
PROP004203,Hamzah خان,46237-8307035-0,,1973-06-13,6211306,"H-09155, Jaranwala Road, Faisalabad",Jaranwala Road,Faisalabad
PROP004204,عمران چوہدری,34439-4365746-9,Osman Ch.,1991-01-15,2000000,"H-09156, DHA, Karachi",DHA,Karachi
PROP004205,Mohammed Imran Chaudhry,36439-4365746-9,عثمان Ch.,1991-01-15,2325452,"H-09156, DHA, Karachi",DHA,Karachi
PROP004206,Hira ملک,40507-9604353-7,احمد ملک,1991-02-17,10330549,"H-09161, Bahria Town, Rawalpindi",Bahria Town,Rawalpindi
PROP004207,حرا Malick,40507-9604353-7,Ahmad Malik,1991-02-17,18835403,"H-09161, Bahria Town, Rawalpindi",Bahria Town,Rawalpindi
PROP004208,علی Khan,64167-9089146-1,Faysal خان,1961-12-19,43712077,"H-09168, Jaranwala Road, Faisalabad",Jaranwala Road,Faisalabad
PROP004209,علی خان,64167-9089146-1,Faisal Khan,1961-12-19,28602388,"H-09168, Jaranwala Road, Faisalabad",Jaranwala Road,Faisalabad
PROP004210,Mohammad Faysal Chaudhry,50055-8484991-0,Mohammad فیصل چوہدری,1985-12-06,31296637,"H-09175, Clifton, Karachi",Clifton,Karachi
PROP004211,Mariam راجہ,26891-7301709-9,,1970-06-19,16348917,"H-09179, Model Town, Lahore",Model Town,Lahore
PROP004212,Marium Raja,26891-7371709-9,محمد Raja,1970-06-19,26474311,"H-09179, Model Town, Lahore",Model Town,Lahore
PROP004213,Hamzah Chaudhry,,Mohammad Othman چوہدری,1971-09-04,13623249,"H-09188, Bahria Town, Islamabad",Bahria Town,Islamabad
PROP004214,عمران راجہ,57251-7116835-8,احمد راجہ,1956-11-22,6263756,"H-09190, Clifton, Karachi",Clifton,Karachi
PROP004215,علی Bhatti,,,1958-02-28,3241174,"H-09194, F-7, Islamabad",F-7,Islamabad
PROP004216,Ali Raja,79200-6042226-7,Muhammad Ahmad Raja,1978-03-16,149742476,"H-09195, F-7, Islamabad",F-7,Islamabad
PROP004217,علی Raja,29200-6042226-7,Ahmad Raja,1978-03-16,210399183,"H-09195, F-7, Islamabad",F-7,Islamabad
PROP004218,علی Raja,29200-6042224-7,,1978-03-16,153124116,"H-09195, F-7, Islamabad",F-7,Islamabad
PROP004219,Aysha Butt,,,1963-11-19,15341994,"H-09201, Saddar, Rawalpindi",Saddar,Rawalpindi
PROP004220,عائشہ بٹ,,,1963-11-19,22537755,"H-09201, Saddar, Rawalpindi",Saddar,Rawalpindi
PROP004221,Ahmad ملک,47390-9223314-5,Muhammed بلال Malik,1969-12-28,9709329,"H-09206, Jaranwala Road, Faisalabad",Jaranwala Road,Faisalabad
PROP004222,Hira راجہ,52241-8050796-5,Imran راجہ,1966-04-23,4610058,"H-09210, Bahria Town, Rawalpindi",Bahria Town,Rawalpindi
PROP004223,Mohammad Bilal Syed,77681-3179068-3,Faysal Sayyid,1966-05-12,24874623,"H-09217, Madina Town, Faisalabad",Madina Town,Faisalabad
PROP004224,Bilal Syed,77681-3179068-3,فیصل سید,1966-05-12,18534761,"H-09217, Madina Town, Faisalabad",Madina Town,Faisalabad
PROP004225,بلال Syed,77681-3179068-3,Faysal سید,,23822356,"H-09217, Madina Town, Faisalabad",Madina Town,Faisalabad
PROP004226,Muhammad Quraishi,82446-8174328-5,,1976-02-28,4050032,"H-09219, Cantt, Lahore",Cantt,Lahore
PROP004227,حرا شیخ,34561-1527881-5,بلال شیخ,1992-01-24,7835336,"H-09222, Saddar, Rawalpindi",Saddar,Rawalpindi
PROP004228,Imran Chaudhary,35734-3460181-1,Muhammed Hussain Chaudhary,1964-11-07,40228479,"H-09224, DHA, Karachi",DHA,Karachi
PROP004229,Imran Ch.,35734-3460181-1,Muhammed حسین Choudhary,1964-11-07,29417854,"H-09224, DHA, Karachi",DHA,Karachi
PROP004230,Imran چوہدری,35734-3460181-1,Hussain Chaudhary,1964-11-07,59428669,"H-09224, DHA, Karachi",DHA,Karachi
PROP004231,Muhammad Hamza Quraishi,23303-1013714-3,علی قریشی,,8982241,"H-09225, Clifton, Karachi",Clifton,Karachi
PROP004232,Sana Bhatti,40581-8414867-5,,1960-07-28,24416222,"H-09229, Satellite Town, Rawalpindi",Satellite Town,Rawalpindi
PROP004233,Muhammed حسین Ch.,43142-8779900-4,Mohammed چوہدری,1962-12-10,39457271,"H-09230, Chaklala, Rawalpindi",Chaklala,Rawalpindi
PROP004234,حسین چوہدری,43142-8779900-4,Mohammad Chaudhry,1962-12-10,43544837,"H-09230, Chaklala, Rawalpindi",Chaklala,Rawalpindi
PROP004235,حسن راجہ,69729-6802494-0,Hamzah راجہ,1996-01-18,56274873,"H-09233, Gulberg, Lahore",Gulberg,Lahore
PROP004236,Hasan راجہ,69729-6802494-0,Mohammad Hamza Raja,1996-01-18,65915525,"H-09233, Gulberg, Lahore",Gulberg,Lahore
PROP004237,Hussain Chaudhry,28815-6592421-7,Mohammed Hamza Choudhary,1996-06-27,22812169,"H-09238, Peoples Colony, Faisalabad",Peoples Colony,Faisalabad
PROP004238,زینب Awan,11483-2530365-7,,1957-10-10,4423562,"H-09240, G-10, Islamabad",G-10,Islamabad
PROP004239,Hasan Shaikh,,Imran Shaykh,1989-09-12,2000000,"H-09247, Gulberg, Lahore",Gulberg,Lahore
PROP004240,محمد خان,62570-8989590-4,Hussain خان,1982-03-12,21461093,"H-09249, Jaranwala Road, Faisalabad",Jaranwala Road,Faisalabad
PROP004241,Mohammed Malik,12997-7973522-9,Muhammed Othman Malik,2002-05-16,21136026,"H-09253, Madina Town, Faisalabad",Madina Town,Faisalabad
PROP004242,Mohammad ملک,12997-7973522-9,Usman Malick,2002-05-16,21409560,"H-09253, Madina Town, Faisalabad",Madina Town,Faisalabad
PROP004243,Mohammed Malik,12997-7973522-9,Othman ملک,2002-05-16,35017683,"H-09253, Madina Town, Faisalabad",Madina Town,Faisalabad
PROP004244,Hamza چوہدری,85932-7493901-2,,1999-01-09,5164683,"H-09257, Gulshan-e-Iqbal, Karachi",Gulshan-e-Iqbal,Karachi
PROP004245,Bilal اعوان,27791-9677475-3,Muhammed Ali اعوان,1982-05-23,9179004,"H-09268, Gulshan-e-Iqbal, Karachi",Gulshan-e-Iqbal,Karachi
PROP004246,مریم Quraishi,90510-7657403-6,حمزہ Quraishi,1961-05-24,9797020,"H-09271, Madina Town, Faisalabad",Madina Town,Faisalabad
PROP004247,Fatema Mughal,77203-6149756-5,Mohammed Hamza مغل,1973-10-09,19678066,"H-09272, Satellite Town, Rawalpindi",Satellite Town,Rawalpindi
PROP004248,Fatimah چوہدری,,Ali Chaudhary,2003-07-24,10497773,"H-09274, North Nazimabad, Karachi",North Nazimabad,Karachi
PROP004249,Fatema قریشی,78911-8596843-2,احمد قریشی,,17788757,"H-09276, F-8, Islamabad",F-8,Islamabad
PROP004250,زینب Awan,,Ali Awan,1964-08-27,8129668,"H-09278, E-11, Islamabad",E-11,Islamabad
PROP004251,Mohammed حسین Khan,21269-9827643-6,Bilal Khan,1988-10-28,21727685,"H-09286, E-11, Islamabad",E-11,Islamabad
PROP004252,Husain خان,21269-9827653-6,Muhammed Bilal Khan,1988-10-28,19331867,"H-09286, E-11, Islamabad",E-11,Islamabad
PROP004253,علی Chaudhry,22250-8913145-1,Ali چوہدری,,14459685,"H-09289, Bahria Town, Rawalpindi",Bahria Town,Rawalpindi
PROP004254,Ali Ch.,39347-3666196-8,Muhammad Ali Chaudhry,,35766498,"H-09290, F-8, Islamabad",F-8,Islamabad
PROP004255,Ali Ch.,39347-3666196-8,علی Chaudhry,1988-11-18,51195225,"H-09290, F-8, Islamabad",F-8,Islamabad
PROP004256,علی Choudhary,39347-3666196-8,علی Choudhary,1988-11-18,39971747,"H-09290, F-8, Islamabad",F-8,Islamabad
PROP004257,Fatimah Khan,73697-4839848-3,,1984-09-23,20761846,"H-09294, Gulberg, Lahore",Gulberg,Lahore
PROP004258,زینب قریشی,69376-7927459-7,,,23924380,"H-09296, Jaranwala Road, Faisalabad",Jaranwala Road,Faisalabad
PROP004259,Zainab قریشی,69376-7927459-7,Faisal Quraishi,1962-01-13,26059538,"H-09296, Jaranwala Road, Faisalabad",Jaranwala Road,Faisalabad
PROP004260,Mohammad Hasan Sayed,14297-1617759-9,Imran سید,1984-08-15,12718150,"H-09297, E-11, Islamabad",E-11,Islamabad
PROP004261,Muhammed حسن Mughal,67115-5517219-5,Hussain Moghul,1980-07-01,38430959,"H-09299, Saddar, Rawalpindi",Saddar,Rawalpindi
PROP004262,Mohammad Hasan مغل,67195-5510219-5,حسین Moghul,1980-07-01,59993733,"H-09299, Saddar, Rawalpindi",Saddar,Rawalpindi
PROP004263,Hassan مغل,67115-5510219-5,Husain مغل,1980-07-01,77520140,"H-09299, Saddar, Rawalpindi",Saddar,Rawalpindi
PROP004264,Faisal Awan,92652-4268037-7,حسن اعوان,1989-10-07,5541497,"H-09301, Chaklala, Rawalpindi",Chaklala,Rawalpindi
PROP004265,Muhammed Faisal اعوان,,Hasan اعوان,1989-10-07,4628678,"H-09301, Chaklala, Rawalpindi",Chaklala,Rawalpindi
PROP004266,Hussain Malick,39736-4934347-7,بلال Malik,,9036800,"H-09304, Gulshan-e-Iqbal, Karachi",Gulshan-e-Iqbal,Karachi
PROP004267,علی مغل,44538-7704952-6,Hussein مغل,1990-12-23,53163441,"H-09312, Johar Town, Lahore",Johar Town,Lahore
PROP004268,Mohammed Osman Mughal,23964-4187649-1,Ali مغل,1988-01-04,7389759,"H-09314, Chaklala, Rawalpindi",Chaklala,Rawalpindi
PROP004269,Osman Moghul,23964-4187649-1,Ali Mughal,1988-01-04,11416794,"H-09314, Chaklala, Rawalpindi",Chaklala,Rawalpindi
PROP004270,Muhammad Ahmad Shaikh,92896-9882053-5,Muhammed Hamza Shaikh,,22402645,"H-09330, Madina Town, Faisalabad",Madina Town,Faisalabad
PROP004271,Aisha قریشی,43818-1563757-7,Muhammad بلال قریشی,1981-10-15,2000000,"H-09333, North Nazimabad, Karachi",North Nazimabad,Karachi
PROP004272,Mohammad Hamzah Raja,50172-7635934-4,Hasan راجہ,1987-12-24,72732720,"H-09334, Johar Town, Lahore",Johar Town,Lahore
PROP004273,Hamza راجہ,50172-7635934-4,حسن راجہ,1987-12-24,77401726,"H-09334, Johar Town, Lahore",Johar Town,Lahore
PROP004274,حمزہ Raja,50172-7635934-4,Mohammed Hassan Raja,1987-12-24,40434149,"H-09334, Johar Town, Lahore",Johar Town,Lahore
PROP004275,Hussein Khan,56293-8239852-8,احمد Khan,1965-12-26,9319155,"H-09340, G-10, Islamabad",G-10,Islamabad
PROP004276,فیصل اعوان,64180-2373290-1,Imran Awan,1976-08-27,8004206,"H-09342, Gulberg, Lahore",Gulberg,Lahore
PROP004277,ثناء Qureshi,97002-5954942-1,Mohammad حمزہ Qureshi,1998-10-22,12241269,"H-09343, Clifton, Karachi",Clifton,Karachi
PROP004278,Mohammed Sayyid,33977-5022017-4,Mohammad Ahmed Sayyid,1981-09-15,13362579,"H-09345, G-10, Islamabad",G-10,Islamabad
PROP004279,احمد Sayyid,92564-1603899-2,Ali Syed,1955-10-23,20383689,"H-09346, Chaklala, Rawalpindi",Chaklala,Rawalpindi
PROP004280,Ahmad Syed,92564-1603899-2,,1955-10-23,18170207,"H-09346, Chaklala, Rawalpindi",Chaklala,Rawalpindi
PROP004281,Bilal خان,23319-8097007-1,Bilal خان,1961-09-11,54113034,"H-09350, Cantt, Lahore",Cantt,Lahore
PROP004282,Hassan Malick,30706-8364773-7,Muhammed Hasan Malick,1962-07-10,170430424,"H-09352, North Nazimabad, Karachi",North Nazimabad,Karachi
PROP004283,حسن Malik,,Hassan Malick,1962-07-10,172718579,"H-09352, North Nazimabad, Karachi",North Nazimabad,Karachi
PROP004284,Hassan ملک,30706-8364773-7,Hassan Malik,,114764977,"H-09352, North Nazimabad, Karachi",North Nazimabad,Karachi
PROP004285,حسن Chaudhary,66690-9768522-2,Hasan Choudhary,1983-02-03,3669197,"H-09355, Peoples Colony, Faisalabad",Peoples Colony,Faisalabad
PROP004286,عائشہ Mughal,11367-3939290-9,فیصل Moghul,2003-06-16,7363755,"H-09359, DHA, Lahore",DHA,Lahore
PROP004287,عثمان Chaudhry,98363-1236510-5,حسن چوہدری,1980-11-28,123376467,"H-09360, Johar Town, Lahore",Johar Town,Lahore
PROP004288,Osman Ch.,98363-1236510-5,Mohammad Hasan Choudhary,1980-11-28,100213669,"H-09360, Johar Town, Lahore",Johar Town,Lahore
PROP004289,Usman چوہدری,,Mohammad حسن چوہدری,1980-11-28,140856588,"H-09360, Johar Town, Lahore",Johar Town,Lahore
PROP004290,Muhammad حسین اعوان,98297-3198039-1,,1955-11-25,19692908,"H-09362, Madina Town, Faisalabad",Madina Town,Faisalabad
PROP004291,Hussein Awan,98297-3198039-1,,1955-11-25,9635873,"H-09362, Madina Town, Faisalabad",Madina Town,Faisalabad
PROP004292,Hassan اعوان,,,1972-04-10,5993212,"H-09365, G-10, Islamabad",G-10,Islamabad
PROP004293,Mohammed Shaykh,89832-1663326-9,,1956-06-25,17429594,"H-09366, F-8, Islamabad",F-8,Islamabad
PROP004294,Muhammad Hussein بٹ,69700-2428703-0,Mohammad Hasan بٹ,1986-10-21,6446791,"H-09369, Clifton, Karachi",Clifton,Karachi
PROP004295,Hussain Bhatti,69700-2428703-0,,1986-10-21,4836270,"H-09369, Clifton, Karachi",Clifton,Karachi
PROP004296,Husain Butt,69700-2428703-0,حسن بٹ,1986-10-21,6632939,"H-09369, Clifton, Karachi",Clifton,Karachi
PROP004297,Ahmad سید,69532-3900727-7,,1989-02-01,10606570,"H-09371, Chaklala, Rawalpindi",Chaklala,Rawalpindi
PROP004298,Muhammad احمد راجہ,75382-8343891-5,Ahmed راجہ,2003-12-28,16465245,"H-09376, G-10, Islamabad",G-10,Islamabad
PROP004299,محمد Malik,23823-5300742-0,Hussain Malik,1969-01-09,2141561,"H-09382, Saddar, Rawalpindi",Saddar,Rawalpindi
PROP004300,Mohammed عمران Khan,58503-2027051-2,Osman Khan,1972-09-06,10861295,"H-09384, Peoples Colony, Faisalabad",Peoples Colony,Faisalabad
PROP004301,Muhammed Hassan Qureshi,29703-3373218-7,,1978-10-12,2000000,"H-09386, Jaranwala Road, Faisalabad",Jaranwala Road,Faisalabad
PROP004302,Muhammed Hassan Qureshi,29703-3373218-7,Ahmad Quraishi,1978-10-12,2000000,"H-09386, Jaranwala Road, Faisalabad",Jaranwala Road,Faisalabad
PROP004303,عائشہ شیخ,47531-4914570-3,عمران Shaikh,1963-09-11,13214773,"H-09391, G-10, Islamabad",G-10,Islamabad
PROP004304,Fatima Awan,,,1962-02-17,2000000,"H-09392, Gulshan-e-Iqbal, Karachi",Gulshan-e-Iqbal,Karachi
PROP004305,Muhammad Ahmad Sheikh,23766-6039368-4,Othman Shaikh,1971-03-06,14559086,"H-09394, Bahria Town, Islamabad",Bahria Town,Islamabad
PROP004306,Hassan Bhatti,,Mohammad Butt,1998-01-09,2000000,"H-09408, Peoples Colony, Faisalabad",Peoples Colony,Faisalabad
PROP004307,Bilal Awan,,Hasan Awan,1993-01-16,38053319,"H-09411, Chaklala, Rawalpindi",Chaklala,Rawalpindi
PROP004308,بلال Awan,59406-9404640-0,Muhammad Hassan Awan,1993-01-16,31463716,"H-09411, Chaklala, Rawalpindi",Chaklala,Rawalpindi
PROP004309,Muhammad Bilal Malick,87143-1986806-0,Hamza Malick,1995-12-03,2244748,"H-09418, Satellite Town, Rawalpindi",Satellite Town,Rawalpindi
PROP004310,Maryam Qureshi,30947-2754725-8,Imran قریشی,1967-05-06,12063564,"H-09419, Madina Town, Faisalabad",Madina Town,Faisalabad
PROP004311,مریم Qureshi,30947-2754725-8,Imran Qureshi,1967-05-06,17271158,"H-09419, Madina Town, Faisalabad",Madina Town,Faisalabad
PROP004312,Sana Chaudhary,14396-4800680-1,Muhammed Chaudhry,1956-03-13,2588852,"H-09421, DHA, Karachi",DHA,Karachi
PROP004313,Mohammad Hamza خان,,فیصل خان,1985-07-03,18679021,"H-09422, Malir, Karachi",Malir,Karachi
PROP004314,حمزہ خان,,,1985-07-03,15652244,"H-09422, Malir, Karachi",Malir,Karachi
PROP004315,Hussein Quraishi,51689-7348786-2,عثمان Quraishi,1972-11-10,4138395,"H-09424, DHA, Karachi",DHA,Karachi
PROP004316,Sana خان,75845-9557904-4,عمران Khan,1956-02-09,2000000,"H-09425, Gulshan-e-Iqbal, Karachi",Gulshan-e-Iqbal,Karachi
PROP004317,Muhammad Ali قریشی,71035-6573321-4,Othman قریشی,1958-06-18,7474126,"H-09426, Clifton, Karachi",Clifton,Karachi
PROP004318,Hamzah Awan,,Hamzah Awan,1964-03-16,9517857,"H-09428, Chaklala, Rawalpindi",Chaklala,Rawalpindi
PROP004319,Hamza Awan,62928-4708033-7,حمزہ Awan,1964-03-16,12603162,"H-09428, Chaklala, Rawalpindi",Chaklala,Rawalpindi
PROP004320,حمزہ اعوان,15188-5795382-9,,,5955216,"H-09429, Bahria Town, Rawalpindi",Bahria Town,Rawalpindi
PROP004321,زینب Shaykh,21781-8532550-9,,2002-09-26,8593937,"H-09433, F-7, Islamabad",F-7,Islamabad
PROP004322,Ahmed خان,87386-6945599-8,عثمان Khan,1955-10-03,3890549,"H-09435, North Nazimabad, Karachi",North Nazimabad,Karachi
PROP004323,حسن Shaikh,60477-3705528-3,Husain Sheikh,1990-05-15,17765939,"H-09436, Johar Town, Lahore",Johar Town,Lahore
PROP004324,Zainab Malik,,,1985-06-16,20317828,"H-09441, Peoples Colony, Faisalabad",Peoples Colony,Faisalabad
PROP004325,فیصل Chaudhary,72800-6907565-9,Mohammad Faisal Ch.,2002-03-28,2696139,"H-09443, Saddar, Rawalpindi",Saddar,Rawalpindi
PROP004326,Faysal Bhatti,66638-5839509-4,Mohammad عثمان بٹ,1967-11-15,2000000,"H-09446, E-11, Islamabad",E-11,Islamabad
PROP004327,Fatima Awan,,,1991-02-16,17000887,"H-09448, Saddar, Rawalpindi",Saddar,Rawalpindi
PROP004328,Fatimah Awan,44118-9760367-1,علی اعوان,1991-02-16,24055688,"H-09448, Saddar, Rawalpindi",Saddar,Rawalpindi
PROP004329,عمران Raja,17281-8037740-7,Bilal Raja,1983-03-16,20988703,"H-09449, Cantt, Lahore",Cantt,Lahore
PROP004330,عمران راجہ,17281-8037740-7,بلال راجہ,1983-03-16,16361838,"H-09449, Cantt, Lahore",Cantt,Lahore
PROP004331,عمران Butt,35956-2810759-7,حسین بٹ,1985-01-22,16660538,"H-09452, Gulshan-e-Iqbal, Karachi",Gulshan-e-Iqbal,Karachi
PROP004332,Mohammad Imran Bhatti,35956-2810729-7,Husain Butt,1985-01-22,13110340,"H-09452, Gulshan-e-Iqbal, Karachi",Gulshan-e-Iqbal,Karachi
PROP004333,فاطمہ Sayed,92699-8053396-1,Muhammad علی Sayed,2001-07-26,14369617,"H-09460, Clifton, Karachi",Clifton,Karachi
PROP004334,Othman Khan,38942-7491169-7,Hamzah خان,1984-07-07,27070647,"H-09461, Bahria Town, Islamabad",Bahria Town,Islamabad
PROP004335,Mohammad Hassan بٹ,21525-7851868-2,Faisal بٹ,1999-12-19,2000000,"H-09463, DHA, Karachi",DHA,Karachi
PROP004336,حسن Butt,21525-7851868-2,Faysal بٹ,1999-12-19,2000000,"H-09463, DHA, Karachi",DHA,Karachi
PROP004337,عثمان شیخ,78057-1851129-2,Mohammed Ali Shaikh,1976-11-03,2702605,"H-09471, Clifton, Karachi",Clifton,Karachi
PROP004338,Hamza خان,82968-9185592-4,Hassan Khan,1969-04-12,4492724,"H-09475, Bahria Town, Islamabad",Bahria Town,Islamabad
PROP004339,احمد Qureshi,28865-9164429-7,Hassan قریشی,1988-03-01,2700089,"H-09478, Johar Town, Lahore",Johar Town,Lahore
PROP004340,Muhammad Awan,55084-1602999-3,Muhammed Faysal اعوان,1988-06-23,24198072,"H-09479, Chaklala, Rawalpindi",Chaklala,Rawalpindi
PROP004341,Muhammad اعوان,55084-1602999-3,Faisal اعوان,1988-06-23,29862022,"H-09479, Chaklala, Rawalpindi",Chaklala,Rawalpindi
PROP004342,Mohammed خان,34414-4417554-4,Muhammed Ahmed Khan,,60870942,"H-09480, DHA, Karachi",DHA,Karachi
PROP004343,Muhammad خان,34414-4417554-4,Ahmed خان,1973-04-05,53660708,"H-09480, DHA, Karachi",DHA,Karachi
PROP004344,Othman Awan,24189-5879872-2,Muhammad اعوان,1969-04-18,14398971,"H-09481, G-10, Islamabad",G-10,Islamabad
PROP004345,Usman Shaikh,14667-7531402-3,Hasan Shaykh,1970-09-22,39268467,"H-09488, DHA, Karachi",DHA,Karachi
PROP004346,عثمان Shaykh,14668-7531402-3,Mohammad Hassan Shaikh,1970-09-22,33022704,"H-09488, DHA, Karachi",DHA,Karachi
PROP004347,Usman Shaikh,14668-7431402-3,Mohammed Hasan Sheikh,1970-09-22,43813850,"H-09488, DHA, Karachi",DHA,Karachi
PROP004348,Muhammed خان,20978-4550947-1,فیصل خان,,4821329,"H-09489, Saddar, Rawalpindi",Saddar,Rawalpindi
PROP004349,Ahmed مغل,75473-6162388-6,Mohammad عمران Mughal,1971-08-08,2926022,"H-09491, G-10, Islamabad",G-10,Islamabad
PROP004350,بلال خان,42597-1374789-8,Husain Khan,1971-11-15,53379063,"H-09495, North Nazimabad, Karachi",North Nazimabad,Karachi
PROP004351,Ali Bhatti,53509-3814480-9,علی Bhatti,1985-09-13,31447856,"H-09498, Model Town, Lahore",Model Town,Lahore
PROP004352,Ali Bhatti,53509-3814480-9,علی Butt,1985-09-13,44054549,"H-09498, Model Town, Lahore",Model Town,Lahore
PROP004353,Muhammed Awan,16428-3715890-6,Faisal Awan,1988-10-09,9426095,"H-09502, DHA, Lahore",DHA,Lahore
PROP004354,Husain Bhatti,74212-2912877-1,,1964-05-22,2000000,"H-09507, Chaklala, Rawalpindi",Chaklala,Rawalpindi
PROP004355,حمزہ خان,15730-9888464-5,Ali خان,1964-04-05,2000000,"H-09509, Satellite Town, Rawalpindi",Satellite Town,Rawalpindi
PROP004356,بلال Malick,73619-8473689-8,Muhammed Hamza Malick,,8396026,"H-09515, Gulberg, Lahore",Gulberg,Lahore
PROP004357,Muhammad Hassan Sayed,74454-6450532-4,حسن Sayyid,1955-01-11,2000000,"H-09517, E-11, Islamabad",E-11,Islamabad
PROP004358,حسین Khan,33527-7658581-3,Hamza خان,1956-12-06,38266563,"H-09523, Malir, Karachi",Malir,Karachi
PROP004359,ثناء Sheikh,,Mohammad Ali شیخ,1963-12-17,2083655,"H-09536, Bahria Town, Rawalpindi",Bahria Town,Rawalpindi
PROP004360,Zaynab راجہ,17793-7646718-9,Mohammed علی Raja,,62515452,"H-09538, F-7, Islamabad",F-7,Islamabad
PROP004361,عائشہ Butt,12587-6615945-0,Hussein Butt,1972-06-25,12398243,"H-09542, Madina Town, Faisalabad",Madina Town,Faisalabad
PROP004362,Ayesha بٹ,12587-6615945-0,Husain Bhatti,1972-06-25,12666850,"H-09542, Madina Town, Faisalabad",Madina Town,Faisalabad
PROP004363,Ayisha Bhatti,12587-6615945-0,Hussain Bhatti,1972-06-25,13042314,"H-09542, Madina Town, Faisalabad",Madina Town,Faisalabad
PROP004364,Fatimah Mughal,89942-9079018-7,محمد مغل,1969-02-05,6791948,"H-09543, F-7, Islamabad",F-7,Islamabad
PROP004365,Mohammad Hasan Raja,57942-6948909-7,بلال Raja,1983-03-04,5249645,"H-09546, DHA, Karachi",DHA,Karachi
PROP004366,Zainab Mughal,74597-4481958-1,Bilal Moghul,1970-01-14,6105608,"H-09549, Malir, Karachi",Malir,Karachi
PROP004367,Bilal Qureshi,13270-1629570-4,فیصل Quraishi,,39044426,"H-09555, DHA, Lahore",DHA,Lahore
PROP004368,Bilal Quraishi,13270-1629570-4,فیصل Qureshi,1958-08-21,22794326,"H-09555, DHA, Lahore",DHA,Lahore
PROP004369,عائشہ Bhatti,45868-9003100-0,,1982-09-01,14294474,"H-09556, Johar Town, Lahore",Johar Town,Lahore
PROP004370,حرا شیخ,86296-6151211-5,Hasan شیخ,1978-11-05,3279549,"H-09559, Peoples Colony, Faisalabad",Peoples Colony,Faisalabad
PROP004371,Zaynab Khan,,Mohammad Ali خان,1992-09-11,43311875,"H-09561, Peoples Colony, Faisalabad",Peoples Colony,Faisalabad
PROP004372,Bilal بٹ,70561-9253797-3,Mohammad Ahmed Bhatti,1976-10-14,2422027,"H-09563, Peoples Colony, Faisalabad",Peoples Colony,Faisalabad
PROP004373,Mohammed Malik,72836-7937057-0,Ali Malick,1968-05-25,3667565,"H-09566, Johar Town, Lahore",Johar Town,Lahore
PROP004374,Muhammed اعوان,,,1963-12-24,38921620,"H-09571, Gulberg, Lahore",Gulberg,Lahore
PROP004375,احمد Shaikh,43309-2463501-2,Mohammad Hamzah شیخ,1976-12-09,44154786,"H-09572, E-11, Islamabad",E-11,Islamabad
PROP004376,Mohammad Butt,10240-3382709-1,Muhammad عثمان Bhatti,1987-06-25,29534462,"H-09575, Gulberg, Lahore",Gulberg,Lahore
PROP004377,Hassan Bhatti,,Hamzah بٹ,1962-02-25,5191068,"H-09577, Malir, Karachi",Malir,Karachi
PROP004378,بلال مغل,83527-1426909-6,Ahmad Mughal,1994-01-04,9926261,"H-09582, Bahria Town, Rawalpindi",Bahria Town,Rawalpindi
PROP004379,Maryam سید,17658-7227571-0,Hasan Sayyid,1958-06-27,38550642,"H-09585, Gulberg, Lahore",Gulberg,Lahore
PROP004380,Maryam Syed,,حسن Syed,1958-06-27,30591609,"H-09585, Gulberg, Lahore",Gulberg,Lahore
PROP004381,Mariam سید,17658-7227571-7,Hasan Sayyid,1958-06-27,30258413,"H-09585, Gulberg, Lahore",Gulberg,Lahore
PROP004382,Imran Sayyid,73568-5330065-7,Muhammed فیصل سید,1999-02-09,5139045,"H-09591, Madina Town, Faisalabad",Madina Town,Faisalabad
PROP004383,Osman Shaikh,22971-4825492-4,Ahmad شیخ,1970-06-27,23833910,"H-09592, Clifton, Karachi",Clifton,Karachi
PROP004384,Mohammad Othman Shaykh,22971-4825492-4,احمد Shaikh,1970-06-27,31667225,"H-09592, Clifton, Karachi",Clifton,Karachi
PROP004385,حمزہ Butt,,Ali Bhatti,1995-03-08,22479775,"H-09595, Model Town, Lahore",Model Town,Lahore
PROP004386,حمزہ Bhatti,,علی بٹ,1995-03-08,20928036,"H-09595, Model Town, Lahore",Model Town,Lahore
PROP004387,Sana Khan,10649-1945170-8,عثمان خان,1957-10-01,13849204,"H-09596, Satellite Town, Rawalpindi",Satellite Town,Rawalpindi
PROP004388,Imran Sayyid,31144-9858129-4,Ahmed Syed,1989-06-27,15474019,"H-09597, DHA, Lahore",DHA,Lahore
PROP004389,Hira ملک,24342-2419761-8,,1975-07-12,3813023,"H-09600, G-10, Islamabad",G-10,Islamabad
PROP004390,Mohammad Qureshi,41308-9793971-4,Mohammed Hussein Quraishi,1970-09-20,34824884,"H-09601, Gulberg, Lahore",Gulberg,Lahore
PROP004391,محمد قریشی,41308-9793971-4,حسین Quraishi,1970-09-20,48850543,"H-09601, Gulberg, Lahore",Gulberg,Lahore
PROP004392,Mohammed قریشی,41308-9793971-4,Husain قریشی,1970-09-20,63432312,"H-09601, Gulberg, Lahore",Gulberg,Lahore
PROP004393,Husain Raja,21517-7814652-7,,1973-06-02,17292588,"H-09602, Gulshan-e-Iqbal, Karachi",Gulshan-e-Iqbal,Karachi
PROP004394,مریم شیخ,,عمران Shaikh,1968-02-27,173891261,"H-09613, Jaranwala Road, Faisalabad",Jaranwala Road,Faisalabad
PROP004395,Mariam شیخ,86779-9094747-8,Mohammad عمران Shaikh,1968-02-27,189765407,"H-09613, Jaranwala Road, Faisalabad",Jaranwala Road,Faisalabad
PROP004396,Mariam Sheikh,86779-9094747-8,,1968-02-27,191190070,"H-09613, Jaranwala Road, Faisalabad",Jaranwala Road,Faisalabad
PROP004397,Ali Bhatti,63354-1084541-4,Mohammed عمران Butt,1988-06-24,29241013,"H-09614, Bahria Town, Islamabad",Bahria Town,Islamabad
PROP004398,علی Butt,63354-1084541-4,Mohammad عمران Butt,1988-06-24,32270015,"H-09614, Bahria Town, Islamabad",Bahria Town,Islamabad
PROP004399,علی Butt,63354-1084541-4,,1988-06-24,45150120,"H-09614, Bahria Town, Islamabad",Bahria Town,Islamabad
PROP004400,Faisal Qureshi,91764-7073177-6,Hamzah قریشی,2001-10-27,8336870,"H-09616, Jaranwala Road, Faisalabad",Jaranwala Road,Faisalabad
PROP004401,Mariam Sheikh,95554-2589004-1,Ali Shaikh,1989-07-19,3871167,"H-09618, Satellite Town, Rawalpindi",Satellite Town,Rawalpindi
PROP004402,مریم اعوان,68683-5761344-0,Muhammad Bilal Awan,1988-02-16,4708318,"H-09620, Saddar, Rawalpindi",Saddar,Rawalpindi
PROP004403,Fatema Raja,27603-6159326-5,,1974-02-09,44686593,"H-09621, G-10, Islamabad",G-10,Islamabad
PROP004404,Ahmed Raja,22540-5981514-5,Muhammed Ahmad Raja,2002-07-25,2000000,"H-09623, Saddar, Rawalpindi",Saddar,Rawalpindi
PROP004405,Hussain بٹ,38566-9655945-1,عثمان Butt,1997-08-20,10741604,"H-09626, Chaklala, Rawalpindi",Chaklala,Rawalpindi
PROP004406,Fatimah راجہ,48528-7331266-6,عمران راجہ,1968-02-24,29507213,"H-09630, Model Town, Lahore",Model Town,Lahore
PROP004407,Hasan Butt,36607-4024237-9,Mohammed Faisal بٹ,1984-03-14,30994542,"H-09632, DHA, Lahore",DHA,Lahore
PROP004408,حسن Butt,36707-4024237-9,Faysal بٹ,1984-03-14,18659833,"H-09632, DHA, Lahore",DHA,Lahore
PROP004409,Hussain سید,46761-6715057-9,Mohammed حسن Sayyid,1961-01-01,22772599,"H-09633, Madina Town, Faisalabad",Madina Town,Faisalabad
PROP004410,Faysal Sayyid,54822-3040641-8,Ahmed Sayed,1970-04-17,27419413,"H-09634, Malir, Karachi",Malir,Karachi
PROP004411,فیصل سید,54822-5040641-8,Ahmed Sayed,1970-04-17,45424236,"H-09634, Malir, Karachi",Malir,Karachi
PROP004412,عمران اعوان,52996-3465579-2,Imran Awan,1984-04-28,19551793,"H-09638, Jaranwala Road, Faisalabad",Jaranwala Road,Faisalabad
PROP004413,Imran اعوان,52996-3465579-2,,1984-04-28,12766757,"H-09638, Jaranwala Road, Faisalabad",Jaranwala Road,Faisalabad
PROP004414,احمد Choudhary,52640-1342543-2,Ahmad Choudhary,1968-06-04,42806566,"H-09641, Gulberg, Lahore",Gulberg,Lahore
PROP004415,Ahmed Choudhary,52640-1342543-2,Mohammad Ahmed Chaudhary,1968-06-04,36755551,"H-09641, Gulberg, Lahore",Gulberg,Lahore
PROP004416,Ahmed چوہدری,52640-1342543-2,,1968-06-04,60474916,"H-09641, Gulberg, Lahore",Gulberg,Lahore
PROP004417,حسن ملک,42528-4244607-3,Muhammad احمد Malik,,14746397,"H-09644, Chaklala, Rawalpindi",Chaklala,Rawalpindi
PROP004418,Fatima اعوان,10006-1847495-6,,1959-04-21,11252685,"H-09647, F-8, Islamabad",F-8,Islamabad
PROP004419,Muhammad Moghul,,Hasan Mughal,1961-08-22,24735059,"H-09650, Model Town, Lahore",Model Town,Lahore
PROP004420,Muhammed Moghul,66475-8323210-6,Mohammed Hasan مغل,,31408176,"H-09650, Model Town, Lahore",Model Town,Lahore
PROP004421,Imran سید,37004-1701146-3,Muhammad احمد Sayyid,1982-04-19,15497569,"H-09651, Malir, Karachi",Malir,Karachi
PROP004422,عمران سید,37007-1701146-3,Ahmad Syed,1982-04-19,17206787,"H-09651, Malir, Karachi",Malir,Karachi
PROP004423,عمران مغل,,عمران مغل,1967-04-06,7524403,"H-09652, Peoples Colony, Faisalabad",Peoples Colony,Faisalabad
PROP004424,Hussain Chaudhary,91562-9551323-8,,1965-05-02,7499108,"H-09654, Madina Town, Faisalabad",Madina Town,Faisalabad
PROP004425,حسین Choudhary,91562-9551323-8,فیصل Choudhary,,8137614,"H-09654, Madina Town, Faisalabad",Madina Town,Faisalabad
PROP004426,Zaynab چوہدری,93425-9309455-7,Bilal چوہدری,,13997123,"H-09656, Gulshan-e-Iqbal, Karachi",Gulshan-e-Iqbal,Karachi
PROP004427,Zainab Chaudhry,93425-9309455-7,Muhammed بلال چوہدری,1993-09-12,12506470,"H-09656, Gulshan-e-Iqbal, Karachi",Gulshan-e-Iqbal,Karachi
PROP004428,Ayisha اعوان,,حسین اعوان,1979-06-06,2475057,"H-09659, North Nazimabad, Karachi",North Nazimabad,Karachi
PROP004429,Husain Butt,71536-7928039-0,,1985-06-11,79814956,"H-09662, F-8, Islamabad",F-8,Islamabad
PROP004430,Muhammed Hussain بٹ,71536-7928039-0,,1985-06-11,88200791,"H-09662, F-8, Islamabad",F-8,Islamabad
PROP004431,Mohammed Husain بٹ,,Hamzah Butt,1985-06-11,82581391,"H-09662, F-8, Islamabad",F-8,Islamabad
PROP004432,Faysal Shaikh,58093-3873906-7,حمزہ Shaykh,1994-08-25,30701879,"H-09663, Johar Town, Lahore",Johar Town,Lahore
PROP004433,فیصل Shaykh,58093-3873906-7,Hamza Shaikh,1994-08-25,23725390,"H-09663, Johar Town, Lahore",Johar Town,Lahore
PROP004434,Mohammed فیصل Shaykh,58093-3873906-7,Hamzah شیخ,1994-08-25,20848040,"H-09663, Johar Town, Lahore",Johar Town,Lahore
PROP004435,Othman Raja,,Ahmad راجہ,,8828077,"H-09665, Satellite Town, Rawalpindi",Satellite Town,Rawalpindi
PROP004436,Faisal راجہ,84582-9403169-3,Faisal راجہ,1982-03-28,23022208,"H-09666, DHA, Lahore",DHA,Lahore
PROP004437,Muhammed خان,11604-3938983-5,Ali خان,1956-05-12,2053083,"H-09670, G-10, Islamabad",G-10,Islamabad
PROP004438,Imran ملک,61909-2601897-7,Mohammad علی Malick,,6237806,"H-09671, Bahria Town, Rawalpindi",Bahria Town,Rawalpindi
PROP004439,عمران ملک,61909-2601897-7,Muhammed Ali Malick,1992-07-27,5602732,"H-09671, Bahria Town, Rawalpindi",Bahria Town,Rawalpindi
PROP004440,Ali Sayyid,06765-3566138-9,Hussain Syed,1963-10-17,13832355,"H-09674, Bahria Town, Rawalpindi",Bahria Town,Rawalpindi
PROP004441,Mohammad Hassan مغل,98874-4119160-7,Mohammed علی Mughal,1990-07-01,10006771,"H-09678, DHA, Lahore",DHA,Lahore
PROP004442,Fatema خان,,Mohammad Faysal Khan,1993-09-20,80424555,"H-09679, G-10, Islamabad",G-10,Islamabad
PROP004443,حمزہ قریشی,13794-3920792-6,,1977-11-07,8320433,"H-09682, Peoples Colony, Faisalabad",Peoples Colony,Faisalabad
PROP004444,Zainab Khan,65509-4665038-6,احمد Khan,1995-05-01,39463009,"H-09684, Bahria Town, Rawalpindi",Bahria Town,Rawalpindi
PROP004445,عمران اعوان,36877-3682542-0,Mohammad Faysal اعوان,1958-01-15,9931619,"H-09688, Chaklala, Rawalpindi",Chaklala,Rawalpindi
PROP004446,Mohammad عمران Awan,36877-3682542-0,فیصل اعوان,1958-01-15,10437994,"H-09688, Chaklala, Rawalpindi",Chaklala,Rawalpindi
PROP004447,حرا Khan,21937-9226636-7,Bilal خان,1963-12-06,6371917,"H-09693, Madina Town, Faisalabad",Madina Town,Faisalabad
PROP004448,Hira Khan,21937-9226636-7,Bilal خان,1963-12-06,8525953,"H-09693, Madina Town, Faisalabad",Madina Town,Faisalabad
PROP004449,Muhammed Othman Raja,95071-2684088-2,حمزہ Raja,1986-02-01,20047001,"H-09694, DHA, Karachi",DHA,Karachi
PROP004450,Hira Malick,27048-1074451-8,عثمان Malik,1956-02-02,14525615,"H-09696, Jaranwala Road, Faisalabad",Jaranwala Road,Faisalabad
PROP004451,Mohammad حسین مغل,78562-3538274-7,Hamza Mughal,1980-06-09,15264150,"H-09699, E-11, Islamabad",E-11,Islamabad
PROP004452,Hussein مغل,78062-3538274-7,Hamza مغل,,11813153,"H-09699, E-11, Islamabad",E-11,Islamabad
PROP004453,Hussein Moghul,78062-3538274-7,Hamzah Moghul,1980-06-09,18382006,"H-09699, E-11, Islamabad",E-11,Islamabad
PROP004454,حسن Butt,46512-8647550-0,حسن Butt,,95326694,"H-09704, G-10, Islamabad",G-10,Islamabad
PROP004455,بلال راجہ,95476-4232934-2,عمران راجہ,1963-01-15,14126192,"H-09706, Johar Town, Lahore",Johar Town,Lahore
PROP004456,Ahmed بٹ,60787-5403423-9,,1970-12-10,15124949,"H-09711, DHA, Lahore",DHA,Lahore
PROP004457,Muhammad Syed,94945-1638243-9,Mohammed Sayyid,1959-02-20,3741082,"H-09716, Bahria Town, Rawalpindi",Bahria Town,Rawalpindi
PROP004458,حسن اعوان,86323-3686922-4,عمران Awan,,13084692,"H-09717, F-8, Islamabad",F-8,Islamabad
PROP004459,Muhammad Raja,10254-5766725-4,عمران Raja,1995-06-12,13915083,"H-09718, Satellite Town, Rawalpindi",Satellite Town,Rawalpindi
PROP004460,Mohammad Imran چوہدری,,Hamzah Choudhary,,7752312,"H-09721, DHA, Karachi",DHA,Karachi
PROP004461,عمران Ch.,51247-3961810-4,Hamzah Ch.,1957-02-11,11418754,"H-09721, DHA, Karachi",DHA,Karachi
PROP004462,Muhammad عمران ملک,33168-7422283-9,علی ملک,1973-04-20,8390377,"H-09726, Bahria Town, Islamabad",Bahria Town,Islamabad
PROP004463,Mohammad Raja,64830-5559263-1,علی Raja,1986-08-17,14337928,"H-09730, Johar Town, Lahore",Johar Town,Lahore
PROP004464,عثمان Awan,33291-2045412-9,Muhammad Imran Awan,,18275609,"H-09731, Bahria Town, Islamabad",Bahria Town,Islamabad
PROP004465,Mohammed Othman Awan,33298-2045412-9,Imran Awan,1976-11-06,13311652,"H-09731, Bahria Town, Islamabad",Bahria Town,Islamabad
PROP004466,Osman خان,66585-6313528-7,,1999-05-21,19295411,"H-09735, Malir, Karachi",Malir,Karachi
PROP004467,Sana Ch.,31977-9538165-7,Imran Chaudhary,1995-09-27,135699768,"H-09736, Satellite Town, Rawalpindi",Satellite Town,Rawalpindi
PROP004468,Sana Ch.,31977-9538165-7,,1995-09-27,111190342,"H-09736, Satellite Town, Rawalpindi",Satellite Town,Rawalpindi
PROP004469,Sana Chaudhary,31977-9538165-7,Imran Chaudhry,1995-09-27,147722023,"H-09736, Satellite Town, Rawalpindi",Satellite Town,Rawalpindi
PROP004470,احمد Choudhary,20808-7065092-9,احمد Ch.,1956-07-14,5834252,"H-09743, Cantt, Lahore",Cantt,Lahore
PROP004471,Muhammad علی خان,27310-8020466-4,Mohammad حسن خان,1967-06-16,5799670,"H-09746, Saddar, Rawalpindi",Saddar,Rawalpindi
PROP004472,حسن Ch.,33661-4354258-7,Imran Chaudhary,1982-04-01,4388777,"H-09749, DHA, Lahore",DHA,Lahore
PROP004473,احمد خان,11400-3205827-0,,1987-07-02,9338818,"H-09752, Chaklala, Rawalpindi",Chaklala,Rawalpindi
PROP004474,احمد خان,11400-3205827-0,بلال خان,1987-07-02,10709079,"H-09752, Chaklala, Rawalpindi",Chaklala,Rawalpindi
PROP004475,Muhammad احمد خان,11400-3205827-0,بلال خان,1987-07-02,7313269,"H-09752, Chaklala, Rawalpindi",Chaklala,Rawalpindi
PROP004476,حرا سید,17603-1549289-0,Hasan سید,1979-07-18,2000000,"H-09753, DHA, Lahore",DHA,Lahore
PROP004477,Muhammed علی Quraishi,46763-4423518-7,عمران قریشی,,5393697,"H-09760, F-7, Islamabad",F-7,Islamabad
PROP004478,علی قریشی,,Muhammed Imran قریشی,1999-10-25,5141218,"H-09760, F-7, Islamabad",F-7,Islamabad
PROP004479,عائشہ سید,98152-3272583-5,Muhammed Imran Syed,1964-08-08,21703894,"H-09764, Peoples Colony, Faisalabad",Peoples Colony,Faisalabad
PROP004480,Imran Awan,31100-8787445-9,Husain اعوان,1958-10-23,7819659,"H-09769, Model Town, Lahore",Model Town,Lahore
PROP004481,Othman خان,,Faysal خان,1958-09-19,3694879,"H-09773, Saddar, Rawalpindi",Saddar,Rawalpindi
PROP004482,Mohammad Ahmad راجہ,52052-5826280-8,Ali Raja,1996-04-24,24320091,"H-09778, Clifton, Karachi",Clifton,Karachi
PROP004483,احمد Raja,,Ali راجہ,,18610778,"H-09778, Clifton, Karachi",Clifton,Karachi
PROP004484,Maryam Quraishi,33049-6680340-4,Muhammad قریشی,1982-09-05,36014069,"H-09780, Bahria Town, Rawalpindi",Bahria Town,Rawalpindi
PROP004485,Faysal Mughal,12614-7796423-4,محمد مغل,1966-12-25,64941628,"H-09783, Johar Town, Lahore",Johar Town,Lahore
PROP004486,فیصل Mughal,12614-7796423-4,Mohammad Mughal,,90016405,"H-09783, Johar Town, Lahore",Johar Town,Lahore
PROP004487,Faysal مغل,12614-7796423-4,Mohammed مغل,1966-12-25,68012268,"H-09783, Johar Town, Lahore",Johar Town,Lahore
PROP004488,عائشہ سید,74671-6433672-9,Imran Sayed,1999-06-22,9048454,"H-09784, F-7, Islamabad",F-7,Islamabad
PROP004489,Bilal Ch.,99643-2093605-2,Bilal Choudhary,1976-08-26,4208570,"H-09787, Cantt, Lahore",Cantt,Lahore
PROP004490,Muhammad Ahmad Sheikh,22443-2536368-1,حمزہ Shaikh,,17261594,"H-09788, F-7, Islamabad",F-7,Islamabad
PROP004491,Ahmad Shaykh,,Hamza Shaikh,1962-05-27,20648010,"H-09788, F-7, Islamabad",F-7,Islamabad
PROP004492,Ahmad Shaykh,22443-2536368-1,حمزہ Shaykh,1962-05-27,28721452,"H-09788, F-7, Islamabad",F-7,Islamabad
PROP004493,محمد بٹ,95438-6634964-5,,2003-04-03,9926986,"H-09792, Satellite Town, Rawalpindi",Satellite Town,Rawalpindi
PROP004494,مریم Butt,39791-2978950-1,Hamzah Butt,1960-03-11,2000000,"H-09794, Satellite Town, Rawalpindi",Satellite Town,Rawalpindi
PROP004495,علی Choudhary,63838-8904000-1,Husain Chaudhary,1964-06-10,18631343,"H-09798, Jaranwala Road, Faisalabad",Jaranwala Road,Faisalabad
PROP004496,Ali Ch.,63888-8904000-1,Husain Chaudhry,1964-06-10,13422799,"H-09798, Jaranwala Road, Faisalabad",Jaranwala Road,Faisalabad
PROP004497,Fatema Awan,62151-5525218-9,Ahmad اعوان,1965-05-11,4343507,"H-09800, Jaranwala Road, Faisalabad",Jaranwala Road,Faisalabad
PROP004498,Fatema Syed,86844-3951443-4,Mohammad Hussein Sayed,1976-03-14,5269366,"H-09805, Jaranwala Road, Faisalabad",Jaranwala Road,Faisalabad
PROP004499,Muhammed علی مغل,24477-5320015-8,,1967-08-05,27468387,"H-09809, Madina Town, Faisalabad",Madina Town,Faisalabad
PROP004500,Ali Mughal,24477-5320015-8,Ahmad Mughal,,15438529,"H-09809, Madina Town, Faisalabad",Madina Town,Faisalabad
PROP004501,Ahmad Chaudhry,96303-9408713-1,بلال Ch.,1986-04-09,21084516,"H-09811, Jaranwala Road, Faisalabad",Jaranwala Road,Faisalabad
PROP004502,Osman راجہ,34460-3196782-2,Bilal Raja,1998-09-17,2000000,"H-09813, North Nazimabad, Karachi",North Nazimabad,Karachi
PROP004503,Imran Butt,59722-1386189-6,Imran Butt,1979-05-25,2000000,"H-09814, Gulshan-e-Iqbal, Karachi",Gulshan-e-Iqbal,Karachi
PROP004504,حسن چوہدری,61677-7609560-6,Muhammad Husain Chaudhary,1971-04-04,2737692,"H-09815, Bahria Town, Islamabad",Bahria Town,Islamabad
PROP004505,Maryam Sheikh,84577-4674790-3,Hamzah Shaikh,1963-05-02,27934309,"H-09817, Bahria Town, Rawalpindi",Bahria Town,Rawalpindi
PROP004506,Husain Quraishi,88917-3622040-2,حسن قریشی,1957-11-13,17721166,"H-09820, F-7, Islamabad",F-7,Islamabad
PROP004507,Hussein قریشی,88917-3622040-2,حسن Qureshi,1957-11-13,18352855,"H-09820, F-7, Islamabad",F-7,Islamabad
PROP004508,زینب ملک,70760-6125653-1,احمد ملک,1989-02-25,2000000,"H-09824, E-11, Islamabad",E-11,Islamabad
PROP004509,Bilal راجہ,,Hussain راجہ,1996-12-04,2000000,"H-09825, Saddar, Rawalpindi",Saddar,Rawalpindi
PROP004510,Aysha Bhatti,84111-1349015-7,Hasan بٹ,1971-09-13,8334687,"H-09827, Malir, Karachi",Malir,Karachi
PROP004511,Ayisha Butt,18652-1266188-2,فیصل Butt,2001-09-06,16032596,"H-09828, Malir, Karachi",Malir,Karachi
PROP004512,Hamzah Malick,25630-1985311-7,عثمان Malick,1979-11-05,8036339,"H-09833, North Nazimabad, Karachi",North Nazimabad,Karachi
PROP004513,بلال Ch.,53864-9252424-8,Mohammad Othman Chaudhry,1971-02-08,4667057,"H-09836, North Nazimabad, Karachi",North Nazimabad,Karachi
PROP004514,Mohammed Quraishi,40325-3096031-2,Ahmed Qureshi,1955-05-19,8202826,"H-09837, Gulberg, Lahore",Gulberg,Lahore
PROP004515,محمد Qureshi,40325-3096031-2,Muhammad Ahmed Qureshi,1955-05-19,9067377,"H-09837, Gulberg, Lahore",Gulberg,Lahore
PROP004516,Husain راجہ,10449-1891989-5,Bilal Raja,2002-03-22,68309646,"H-09838, Jaranwala Road, Faisalabad",Jaranwala Road,Faisalabad
PROP004517,Hussain Raja,10449-1891989-5,Bilal راجہ,2002-03-22,76653506,"H-09838, Jaranwala Road, Faisalabad",Jaranwala Road,Faisalabad
PROP004518,Hussein راجہ,20449-1891989-5,Muhammed Bilal Raja,2002-03-22,73199489,"H-09838, Jaranwala Road, Faisalabad",Jaranwala Road,Faisalabad
PROP004519,Muhammed Moghul,35111-3929149-1,Hamzah Moghul,1972-01-14,27133301,"H-09839, Bahria Town, Rawalpindi",Bahria Town,Rawalpindi
PROP004520,Mohammad Moghul,35111-3929159-1,Hamzah Mughal,1972-01-14,29793095,"H-09839, Bahria Town, Rawalpindi",Bahria Town,Rawalpindi
PROP004521,Mohammed Mughal,35111-3929149-1,Muhammed Hamzah Moghul,1972-01-14,27735040,"H-09839, Bahria Town, Rawalpindi",Bahria Town,Rawalpindi
PROP004522,Hamzah راجہ,25000-2650499-1,Osman راجہ,1975-02-20,18232160,"H-09842, Jaranwala Road, Faisalabad",Jaranwala Road,Faisalabad
PROP004523,حمزہ راجہ,25000-2650499-1,Osman Raja,1975-02-20,21333383,"H-09842, Jaranwala Road, Faisalabad",Jaranwala Road,Faisalabad
PROP004524,حرا Chaudhary,16604-6363435-5,Muhammad Chaudhary,1968-12-23,6951802,"H-09844, DHA, Karachi",DHA,Karachi
PROP004525,Muhammad Hamzah Shaikh,47449-5705499-7,,1996-02-01,2836325,"H-09849, Saddar, Rawalpindi",Saddar,Rawalpindi
PROP004526,Fatima Butt,45999-6594211-0,Muhammed Hussain Butt,1962-01-08,2000000,"H-09855, Bahria Town, Rawalpindi",Bahria Town,Rawalpindi
PROP004527,Othman Chaudhary,16651-7351833-6,فیصل Chaudhry,2000-01-25,11975368,"H-09859, Cantt, Lahore",Cantt,Lahore
PROP004528,Sana Chaudhary,81346-5177238-0,,1956-10-28,3802997,"H-09864, G-10, Islamabad",G-10,Islamabad
PROP004529,Faisal Malik,24766-3590304-8,Mohammad ملک,1972-09-21,27128237,"H-09865, Model Town, Lahore",Model Town,Lahore
PROP004530,فیصل ملک,24766-3597304-8,Mohammad ملک,1972-09-21,30069438,"H-09865, Model Town, Lahore",Model Town,Lahore
PROP004531,Faysal Malick,24766-3590304-8,,1972-09-21,27154277,"H-09865, Model Town, Lahore",Model Town,Lahore
PROP004532,عمران خان,64281-3258118-9,Ali خان,1969-12-26,6003051,"H-09873, Model Town, Lahore",Model Town,Lahore
PROP004533,Hamza Sayed,85314-1214654-5,Hamza Sayed,1974-11-21,6462519,"H-09877, F-8, Islamabad",F-8,Islamabad
PROP004534,Ahmad Khan,22868-3960519-8,,1976-02-13,14573060,"H-09879, Saddar, Rawalpindi",Saddar,Rawalpindi
PROP004535,ثناء Malik,,Mohammad Malick,1989-02-15,4433614,"H-09880, Satellite Town, Rawalpindi",Satellite Town,Rawalpindi
PROP004536,ثناء ملک,46910-8827781-2,,1989-02-15,5929447,"H-09880, Satellite Town, Rawalpindi",Satellite Town,Rawalpindi
PROP004537,ثناء Malik,46910-8827781-2,,1989-02-15,5434604,"H-09880, Satellite Town, Rawalpindi",Satellite Town,Rawalpindi
PROP004538,Bilal قریشی,84409-7359331-6,Ali Quraishi,1962-10-01,12670043,"H-09886, Jaranwala Road, Faisalabad",Jaranwala Road,Faisalabad
PROP004539,علی اعوان,90518-8335294-3,Hamzah Awan,1980-12-01,2193876,"H-09887, E-11, Islamabad",E-11,Islamabad
PROP004540,محمد بٹ,94508-1682728-4,,1966-05-05,13227929,"H-09890, F-7, Islamabad",F-7,Islamabad
PROP004541,Fatima مغل,68144-7056275-4,علی Moghul,,19610356,"H-09892, Johar Town, Lahore",Johar Town,Lahore
PROP004542,Hamza Shaikh,13375-2145871-4,حمزہ Sheikh,1964-11-05,37647075,"H-09898, G-10, Islamabad",G-10,Islamabad
PROP004543,فیصل Chaudhry,51980-2654903-8,Ahmad Chaudhary,1978-01-25,4980955,"H-09899, Gulshan-e-Iqbal, Karachi",Gulshan-e-Iqbal,Karachi
PROP004544,Fatima Chaudhary,51155-8740115-9,Hussain چوہدری,1965-01-03,36323877,"H-09901, Jaranwala Road, Faisalabad",Jaranwala Road,Faisalabad
PROP004545,فاطمہ Chaudhry,51155-8780115-9,Husain Ch.,1965-01-03,32208713,"H-09901, Jaranwala Road, Faisalabad",Jaranwala Road,Faisalabad
PROP004546,Fatimah Chaudhary,51155-8740115-9,حسین Choudhary,,36474739,"H-09901, Jaranwala Road, Faisalabad",Jaranwala Road,Faisalabad
PROP004547,Imran Chaudhary,12389-2618659-4,Hasan چوہدری,1969-02-18,51827252,"H-09906, Cantt, Lahore",Cantt,Lahore
PROP004548,عمران Chaudhary,12389-2618659-4,,1969-02-18,51587993,"H-09906, Cantt, Lahore",Cantt,Lahore
PROP004549,Mohammad سید,26910-5337006-2,Ahmad Sayyid,2003-05-13,57078933,"H-09911, Gulshan-e-Iqbal, Karachi",Gulshan-e-Iqbal,Karachi
PROP004550,Muhammad سید,26910-5337006-2,Mohammad احمد سید,,51416904,"H-09911, Gulshan-e-Iqbal, Karachi",Gulshan-e-Iqbal,Karachi
PROP004551,محمد سید,,Ahmad Sayed,2003-05-13,63581005,"H-09911, Gulshan-e-Iqbal, Karachi",Gulshan-e-Iqbal,Karachi
PROP004552,Muhammed Ahmed خان,34453-8207805-5,Imran Khan,1959-11-28,2391719,"H-09915, Chaklala, Rawalpindi",Chaklala,Rawalpindi
PROP004553,Ahmad Syed,73085-3885922-0,Osman Syed,1995-10-07,5021561,"H-09921, Satellite Town, Rawalpindi",Satellite Town,Rawalpindi
PROP004554,Hussein Raja,46306-9352109-0,Ahmed راجہ,,45750461,"H-09923, Cantt, Lahore",Cantt,Lahore
PROP004555,Hussein Raja,46306-9352109-0,Ahmed Raja,1961-11-25,54206826,"H-09923, Cantt, Lahore",Cantt,Lahore
PROP004556,عمران مغل,93522-2700150-5,عثمان مغل,1983-09-02,173926401,"H-09924, North Nazimabad, Karachi",North Nazimabad,Karachi
PROP004557,عمران Moghul,93522-2700150-5,,1983-09-02,151394947,"H-09924, North Nazimabad, Karachi",North Nazimabad,Karachi
PROP004558,عمران Mughal,93522-2700150-5,Usman Moghul,1983-09-02,152601961,"H-09924, North Nazimabad, Karachi",North Nazimabad,Karachi
PROP004559,Aisha Malick,91677-8584951-1,Faisal ملک,1956-08-04,15616598,"H-09928, North Nazimabad, Karachi",North Nazimabad,Karachi
PROP004560,Hussain خان,42481-7536878-4,Othman خان,,6338056,"H-09929, Peoples Colony, Faisalabad",Peoples Colony,Faisalabad
PROP004561,Faysal Raja,68747-5954790-1,Hamza راجہ,1968-02-05,2671852,"H-09930, North Nazimabad, Karachi",North Nazimabad,Karachi
PROP004562,Mohammed عمران بٹ,,Muhammad علی بٹ,1958-01-19,12111587,"H-09934, Cantt, Lahore",Cantt,Lahore
PROP004563,Hussain Raja,57911-6860093-0,علی Raja,1978-12-24,4219596,"H-09936, G-10, Islamabad",G-10,Islamabad
PROP004564,حرا Khan,59384-3455817-1,Husain خان,1973-06-13,2000000,"H-09937, Gulshan-e-Iqbal, Karachi",Gulshan-e-Iqbal,Karachi
PROP004565,ثناء Malick,20435-5803828-0,Husain ملک,1992-12-06,17313643,"H-09938, Bahria Town, Islamabad",Bahria Town,Islamabad
PROP004566,Sana Khan,97489-8338331-6,Hassan Khan,1965-01-13,13366799,"H-09944, Satellite Town, Rawalpindi",Satellite Town,Rawalpindi
PROP004567,Zainab اعوان,97801-4708938-0,حسین Awan,1971-04-20,24955423,"H-09948, G-10, Islamabad",G-10,Islamabad
PROP004568,Muhammad Osman ملک,53176-7554746-2,Ahmad Malick,1992-01-20,58793642,"H-09949, F-8, Islamabad",F-8,Islamabad
PROP004569,Muhammed Ahmad اعوان,93457-1114538-8,Muhammed Awan,1955-11-13,4838056,"H-09951, F-7, Islamabad",F-7,Islamabad
PROP004570,Ali Sayyid,36830-5121203-1,Muhammad Hassan سید,1966-03-27,17546856,"H-09952, Peoples Colony, Faisalabad",Peoples Colony,Faisalabad
PROP004571,عائشہ Sayed,83803-5939223-0,Faisal Sayyid,1974-11-17,5353455,"H-09953, F-7, Islamabad",F-7,Islamabad
PROP004572,Imran شیخ,96707-3590202-4,,1956-12-18,28734633,"H-09956, Cantt, Lahore",Cantt,Lahore
PROP004573,عمران Shaikh,96707-3590202-4,,1956-12-18,26103799,"H-09956, Cantt, Lahore",Cantt,Lahore
PROP004574,Hussain بٹ,94523-6771065-6,فیصل Bhatti,1998-05-10,30321875,"H-09962, Gulberg, Lahore",Gulberg,Lahore
PROP004575,Imran راجہ,,Muhammad راجہ,1961-05-10,62728221,"H-09963, Chaklala, Rawalpindi",Chaklala,Rawalpindi
PROP004576,عمران راجہ,95149-9597262-0,محمد Raja,1961-05-10,36505620,"H-09963, Chaklala, Rawalpindi",Chaklala,Rawalpindi
PROP004577,عمران راجہ,95149-9597262-0,محمد راجہ,1961-05-10,46706548,"H-09963, Chaklala, Rawalpindi",Chaklala,Rawalpindi
PROP004578,Ahmed Mughal,80870-0027511-4,Faisal Moghul,1957-10-21,2619050,"H-09965, Peoples Colony, Faisalabad",Peoples Colony,Faisalabad
PROP004579,Mohammad Othman Sayyid,,Imran Sayyid,1955-06-13,64098457,"H-09968, Clifton, Karachi",Clifton,Karachi
PROP004580,Usman Sayed,11035-3128631-0,عمران Sayed,1955-06-13,100277153,"H-09968, Clifton, Karachi",Clifton,Karachi
PROP004581,Mohammed عثمان Sayyid,11035-3628631-0,,1955-06-13,68517393,"H-09968, Clifton, Karachi",Clifton,Karachi
PROP004582,عمران قریشی,16360-7903259-1,Imran Quraishi,,5569070,"H-09970, Gulshan-e-Iqbal, Karachi",Gulshan-e-Iqbal,Karachi
PROP004583,Sana ملک,69818-5247856-9,Faysal ملک,,32172302,"H-09976, Satellite Town, Rawalpindi",Satellite Town,Rawalpindi
PROP004584,Ahmed مغل,18566-7114301-1,,1963-01-03,67249655,"H-09981, G-10, Islamabad",G-10,Islamabad
PROP004585,Ahmad Moghul,18566-7914301-1,Hamza Mughal,1963-01-03,56555401,"H-09981, G-10, Islamabad",G-10,Islamabad
PROP004586,فاطمہ خان,11394-3283160-8,علی Khan,1977-01-04,4681221,"H-09983, Clifton, Karachi",Clifton,Karachi
PROP004587,Usman Qureshi,,Mohammad حسن Qureshi,1992-07-26,10093597,"H-09987, G-10, Islamabad",G-10,Islamabad
PROP004588,Othman Quraishi,42531-7260217-5,Hasan قریشی,1992-07-26,8821750,"H-09987, G-10, Islamabad",G-10,Islamabad
PROP004589,Faisal Sayed,91181-6408888-3,عمران Sayed,1983-08-06,4824949,"H-09990, North Nazimabad, Karachi",North Nazimabad,Karachi
PROP004590,Imran Butt,45889-4578797-0,Faisal Butt,,25138925,"H-09994, F-7, Islamabad",F-7,Islamabad
PROP004591,Imran بٹ,,Faisal Butt,,35559714,"H-09994, F-7, Islamabad",F-7,Islamabad
PROP004592,علی خان,94520-7922274-5,Husain خان,2003-09-17,51354000,"H-09999, Clifton, Karachi",Clifton,Karachi
PROP004593,حسن Khan,57859-8629412-5,,1963-08-11,13056220,"H-00110, Bahria Town, Islamabad",Bahria Town,Islamabad
PROP004594,حرا ملک,38584-7054338-4,Faysal Malick,,9164312,"H-00298, Gulshan-e-Iqbal, Karachi",Gulshan-e-Iqbal,Karachi
PROP004595,Aysha Mughal,68635-6132441-5,,1955-05-14,25402351,"H-00324, Madina Town, Faisalabad",Madina Town,Faisalabad
PROP004596,Zaynab Chaudhry,79350-5472359-5,عمران Chaudhry,1975-08-08,30662179,"H-00339, F-8, Islamabad",F-8,Islamabad
PROP004597,Zainab Choudhary,79350-5472359-5,Muhammad Imran Chaudhry,1975-08-08,22834344,"H-00339, F-8, Islamabad",F-8,Islamabad
PROP004598,علی Shaykh,44705-2132577-7,Hussein شیخ,1964-03-15,16527015,"H-00342, Jaranwala Road, Faisalabad",Jaranwala Road,Faisalabad
PROP004599,Mohammed Sheikh,,Imran شیخ,1959-10-23,13666699,"H-00342, Jaranwala Road, Faisalabad",Jaranwala Road,Faisalabad
PROP004600,Mohammed Shaykh,31354-1383362-5,Imran Shaykh,1959-10-23,14852008,"H-00342, Jaranwala Road, Faisalabad",Jaranwala Road,Faisalabad
PROP004601,Mohammad شیخ,31354-1383362-5,عمران Sheikh,1959-10-23,20694784,"H-00342, Jaranwala Road, Faisalabad",Jaranwala Road,Faisalabad
PROP004602,Muhammed Mughal,91305-9961859-7,Ahmed Moghul,1996-04-10,23266337,"H-00387, Satellite Town, Rawalpindi",Satellite Town,Rawalpindi
PROP004603,Mohammad Mughal,91305-9961859-7,Muhammad احمد Mughal,1996-04-10,25409492,"H-00387, Satellite Town, Rawalpindi",Satellite Town,Rawalpindi
PROP004604,حسین Sayyid,,Ahmed Syed,1970-11-18,11800591,"H-00452, North Nazimabad, Karachi",North Nazimabad,Karachi
PROP004605,حرا Moghul,87379-6197780-9,Ahmad Moghul,1956-06-02,117351415,"H-00462, DHA, Lahore",DHA,Lahore
PROP004606,Hira مغل,87379-6197780-9,احمد Moghul,,90066951,"H-00462, DHA, Lahore",DHA,Lahore
PROP004607,حرا مغل,87379-6197730-9,Ahmed مغل,1956-06-02,105183089,"H-00462, DHA, Lahore",DHA,Lahore
PROP004608,Muhammed Usman Moghul,87259-3824543-9,Hussein Mughal,2000-01-05,84720648,"H-00462, DHA, Lahore",DHA,Lahore
PROP004609,Muhammad Usman Moghul,87259-3824543-9,Hussain Moghul,2000-01-05,105658650,"H-00462, DHA, Lahore",DHA,Lahore
PROP004610,Osman مغل,,Hussein Moghul,2000-01-05,93392949,"H-00462, DHA, Lahore",DHA,Lahore
PROP004611,Sana خان,50493-4507767-6,Hamza Khan,1978-03-27,23347225,"H-00479, Bahria Town, Islamabad",Bahria Town,Islamabad
PROP004612,حسن شیخ,78675-8421701-8,محمد شیخ,1997-10-19,16501567,"H-00544, Gulberg, Lahore",Gulberg,Lahore
PROP004613,Fatema قریشی,65879-3645192-5,,2001-03-02,17896837,"H-00576, Chaklala, Rawalpindi",Chaklala,Rawalpindi
PROP004614,علی قریشی,81973-4088366-2,Imran Quraishi,2003-01-04,24694405,"H-00576, Chaklala, Rawalpindi",Chaklala,Rawalpindi
PROP004615,Hamza Awan,50382-3241876-7,فیصل Awan,1988-04-15,51799809,"H-00650, F-8, Islamabad",F-8,Islamabad
PROP004616,حمزہ اعوان,50382-3241876-7,,1988-04-15,51243609,"H-00650, F-8, Islamabad",F-8,Islamabad
PROP004617,محمد مغل,85789-8125937-6,Hassan Mughal,1968-05-20,18258218,"H-00654, Bahria Town, Islamabad",Bahria Town,Islamabad
PROP004618,ثناء Moghul,,,1978-07-13,13629939,"H-00654, Bahria Town, Islamabad",Bahria Town,Islamabad
PROP004619,Ayesha Chaudhry,89173-3591070-7,Muhammed حسین Chaudhary,,40094358,"H-00667, Clifton, Karachi",Clifton,Karachi
PROP004620,Aysha چوہدری,89173-3591020-7,Hussein Chaudhary,,41259594,"H-00667, Clifton, Karachi",Clifton,Karachi
PROP004621,عائشہ Choudhary,89173-3591020-7,حسین Chaudhary,1975-10-23,36378821,"H-00667, Clifton, Karachi",Clifton,Karachi
PROP004622,Mohammed بلال خان,44682-9885587-7,Mohammad خان,1965-11-10,35929124,"H-00669, Gulberg, Lahore",Gulberg,Lahore
PROP004623,Mohammad Ahmed Mughal,45426-8639422-6,احمد مغل,1963-04-17,32340911,"H-00741, Jaranwala Road, Faisalabad",Jaranwala Road,Faisalabad
PROP004624,Muhammed Ahmad مغل,45426-8639922-6,Ahmed مغل,1963-04-17,41018018,"H-00741, Jaranwala Road, Faisalabad",Jaranwala Road,Faisalabad
PROP004625,Fatimah ملک,52947-3917841-3,Ali Malick,1971-04-28,12273272,"H-00789, DHA, Karachi",DHA,Karachi
PROP004626,Mariam Khan,84385-8254837-4,Hamza Khan,1980-01-16,12787756,"H-00839, F-8, Islamabad",F-8,Islamabad
PROP004627,Hasan Khan,88548-2614485-3,Hasan خان,,10509547,"H-00839, F-8, Islamabad",F-8,Islamabad
PROP004628,حسن Khan,88548-2614485-3,Muhammed Hassan خان,1974-10-06,12493651,"H-00839, F-8, Islamabad",F-8,Islamabad
PROP004629,Ali Chaudhary,95551-6744201-5,Bilal Choudhary,1987-07-26,19791484,"H-00870, North Nazimabad, Karachi",North Nazimabad,Karachi
PROP004630,Ali Chaudhary,95551-6741201-5,,1987-07-26,32539901,"H-00870, North Nazimabad, Karachi",North Nazimabad,Karachi
PROP004631,عائشہ Chaudhary,,Mohammed حمزہ چوہدری,1973-12-03,15002781,"H-00870, North Nazimabad, Karachi",North Nazimabad,Karachi
PROP004632,Marium Mughal,48611-9859141-8,Mohammed Ali مغل,1973-08-12,26617759,"H-00878, F-8, Islamabad",F-8,Islamabad
PROP004633,Ahmed Khan,67646-9930589-8,Mohammed Hamza خان,1964-07-23,36688849,"H-00952, Satellite Town, Rawalpindi",Satellite Town,Rawalpindi
PROP004634,Ahmed Khan,67646-9930589-8,Mohammad Hamzah Khan,1964-07-23,27904093,"H-00952, Satellite Town, Rawalpindi",Satellite Town,Rawalpindi
PROP004635,Ahmed خان,67646-9930589-8,Mohammad Hamza خان,1964-07-23,25989346,"H-00952, Satellite Town, Rawalpindi",Satellite Town,Rawalpindi
PROP004636,Mohammed حمزہ Moghul,78271-6888839-7,Mohammad حسین مغل,1995-08-14,13273499,"H-00963, DHA, Lahore",DHA,Lahore
PROP004637,مریم مغل,,احمد Moghul,1968-09-08,24860071,"H-01016, Bahria Town, Rawalpindi",Bahria Town,Rawalpindi
PROP004638,مریم Moghul,37402-5112908-9,Ahmed Moghul,1968-09-08,28087970,"H-01016, Bahria Town, Rawalpindi",Bahria Town,Rawalpindi
PROP004639,Osman خان,48660-1510703-9,Hamza خان,1990-12-28,13736694,"H-01059, F-7, Islamabad",F-7,Islamabad
PROP004640,بلال Qureshi,84364-2954899-9,,1971-01-18,17108205,"H-01156, Chaklala, Rawalpindi",Chaklala,Rawalpindi
PROP004641,Zaynab Choudhary,50152-9812979-2,Mohammed Hamza Ch.,1995-05-21,18146618,"H-01159, Gulshan-e-Iqbal, Karachi",Gulshan-e-Iqbal,Karachi
PROP004642,Zainab Khan,44414-5688999-2,Othman Khan,1959-10-17,11485691,"H-01222, Satellite Town, Rawalpindi",Satellite Town,Rawalpindi
PROP004643,Bilal مغل,60050-3908623-3,بلال مغل,1970-07-22,30486254,"H-01252, DHA, Karachi",DHA,Karachi
PROP004644,Bilal مغل,,Bilal Mughal,,28440463,"H-01252, DHA, Karachi",DHA,Karachi
PROP004645,حسین Moghul,73611-5035562-7,محمد مغل,1964-02-18,24363042,"H-01252, DHA, Karachi",DHA,Karachi
PROP004646,Hussain Mughal,73611-5035562-7,Mohammad Moghul,1964-02-18,27882955,"H-01252, DHA, Karachi",DHA,Karachi
PROP004647,ثناء Shaikh,55685-4482632-3,,1960-08-10,23951764,"H-01286, Madina Town, Faisalabad",Madina Town,Faisalabad
PROP004648,ثناء Sheikh,55685-4482632-3,Ali Shaikh,,35023234,"H-01286, Madina Town, Faisalabad",Madina Town,Faisalabad
PROP004649,Osman Shaikh,,حسن Sheikh,1966-12-26,30292347,"H-01286, Madina Town, Faisalabad",Madina Town,Faisalabad
PROP004650,Muhammed عثمان Shaikh,21614-6999378-8,Hasan Sheikh,1966-12-26,32678004,"H-01286, Madina Town, Faisalabad",Madina Town,Faisalabad
PROP004651,Othman Sheikh,,Muhammad حسن Shaikh,1966-12-26,27865993,"H-01286, Madina Town, Faisalabad",Madina Town,Faisalabad
PROP004652,Ali بٹ,75847-6202176-2,فیصل Butt,,128150108,"H-01294, F-8, Islamabad",F-8,Islamabad
PROP004653,علی Bhatti,75847-6202176-2,Muhammad Faysal بٹ,1979-10-16,115423554,"H-01294, F-8, Islamabad",F-8,Islamabad
PROP004654,علی Bhatti,75847-6202176-2,Mohammad فیصل بٹ,1979-10-16,76965060,"H-01294, F-8, Islamabad",F-8,Islamabad
PROP004655,عمران قریشی,91494-8847711-1,Hassan Qureshi,1977-01-05,10988949,"H-01346, Madina Town, Faisalabad",Madina Town,Faisalabad
PROP004656,بلال اعوان,,علی Awan,1981-12-07,72389334,"H-01427, E-11, Islamabad",E-11,Islamabad
PROP004657,Bilal اعوان,57763-7486043-0,,1981-12-07,54093350,"H-01427, E-11, Islamabad",E-11,Islamabad
PROP004658,Mohammed بلال اعوان,,Ali Awan,1981-12-07,59161238,"H-01427, E-11, Islamabad",E-11,Islamabad
PROP004659,حمزہ بٹ,48398-3498408-2,,1998-09-16,326894554,"H-01467, Jaranwala Road, Faisalabad",Jaranwala Road,Faisalabad
PROP004660,Hamza Bhatti,48398-3498408-2,Mohammad عمران بٹ,1998-09-16,268771584,"H-01467, Jaranwala Road, Faisalabad",Jaranwala Road,Faisalabad
PROP004661,Hamza Butt,48398-3498408-2,Imran Butt,1998-09-16,145500000,"H-01467, Jaranwala Road, Faisalabad",Jaranwala Road,Faisalabad
PROP004662,Ali بٹ,61332-8187122-9,,1969-05-17,142690521,"H-01467, Jaranwala Road, Faisalabad",Jaranwala Road,Faisalabad
PROP004663,Mohammed علی Bhatti,61332-8087122-9,Othman Butt,1969-05-17,153079458,"H-01467, Jaranwala Road, Faisalabad",Jaranwala Road,Faisalabad
PROP004664,Ali Butt,61332-8087122-9,Osman بٹ,1969-05-17,154782690,"H-01467, Jaranwala Road, Faisalabad",Jaranwala Road,Faisalabad
PROP004665,مریم Khan,56408-2575190-3,Hamzah Khan,1984-10-22,48957587,"H-01513, Saddar, Rawalpindi",Saddar,Rawalpindi
PROP004666,Maryam Khan,56408-2575190-3,Mohammed حمزہ Khan,1984-10-22,44659734,"H-01513, Saddar, Rawalpindi",Saddar,Rawalpindi
PROP004667,حرا قریشی,31419-2510251-2,عثمان قریشی,1967-04-23,15479093,"H-01515, Cantt, Lahore",Cantt,Lahore
PROP004668,حرا Qureshi,31419-2510251-2,Osman Qureshi,1967-04-23,28242098,"H-01515, Cantt, Lahore",Cantt,Lahore
PROP004669,Imran Shaykh,19255-2135475-6,Usman Shaikh,,51960186,"H-01517, Malir, Karachi",Malir,Karachi
PROP004670,Imran شیخ,19255-2135475-6,,,52600796,"H-01517, Malir, Karachi",Malir,Karachi
PROP004671,Mohammad عمران Sheikh,19255-2135475-6,,1963-06-12,50730897,"H-01517, Malir, Karachi",Malir,Karachi
PROP004672,Muhammed Hamzah Raja,61934-9414029-5,حسن راجہ,1970-03-08,8969831,"H-01519, Madina Town, Faisalabad",Madina Town,Faisalabad
PROP004673,Hamzah Raja,61934-9414029-5,حسن Raja,,9736133,"H-01519, Madina Town, Faisalabad",Madina Town,Faisalabad
PROP004674,حرا بٹ,72498-2218303-0,Hasan بٹ,1969-05-05,13081789,"H-01622, F-8, Islamabad",F-8,Islamabad
PROP004675,حرا Chaudhry,30994-5201285-3,,1986-06-10,26159119,"H-01641, Clifton, Karachi",Clifton,Karachi
PROP004676,Mohammad احمد Raja,43212-4674991-9,Osman راجہ,2000-01-06,23170393,"H-01645, Bahria Town, Rawalpindi",Bahria Town,Rawalpindi
PROP004677,Mohammed Ahmed راجہ,,Othman راجہ,2000-01-06,28998136,"H-01645, Bahria Town, Rawalpindi",Bahria Town,Rawalpindi
PROP004678,زینب Mughal,34209-1682172-9,Muhammad مغل,1985-05-24,18385719,"H-01646, Bahria Town, Rawalpindi",Bahria Town,Rawalpindi
PROP004679,Mohammad Bilal Syed,95885-5938257-7,Faysal سید,1979-04-01,19307362,"H-01677, F-8, Islamabad",F-8,Islamabad
PROP004680,Bilal Sayyid,,Muhammad Faisal Sayed,1979-04-01,14407703,"H-01677, F-8, Islamabad",F-8,Islamabad
PROP004681,حرا ملک,23734-9897424-8,Osman Malick,2000-12-02,12543053,"H-01758, Madina Town, Faisalabad",Madina Town,Faisalabad
PROP004682,حسن مغل,56341-5745004-6,بلال Mughal,1975-03-23,20639786,"H-01810, Chaklala, Rawalpindi",Chaklala,Rawalpindi
PROP004683,علی مغل,28239-2336782-5,Mohammed بلال Mughal,1995-11-23,12717265,"H-01881, Bahria Town, Rawalpindi",Bahria Town,Rawalpindi
PROP004684,عمران Mughal,25922-9467051-8,Mohammad Osman Mughal,1969-01-10,15738926,"H-01881, Bahria Town, Rawalpindi",Bahria Town,Rawalpindi
PROP004685,عمران Mughal,25922-9467051-8,Muhammad عثمان Moghul,1969-01-10,15678335,"H-01881, Bahria Town, Rawalpindi",Bahria Town,Rawalpindi
PROP004686,Hassan راجہ,20134-6822490-3,Hasan راجہ,1992-12-06,46185505,"H-01884, Cantt, Lahore",Cantt,Lahore
PROP004687,Muhammad حمزہ Chaudhry,40692-3109996-6,Othman چوہدری,,12405151,"H-01942, Johar Town, Lahore",Johar Town,Lahore
PROP004688,حرا Butt,89350-5095062-9,Muhammad Ali Butt,1983-07-01,32794031,"H-01965, Madina Town, Faisalabad",Madina Town,Faisalabad
PROP004689,Hassan Bhatti,26625-1669827-5,حسین Bhatti,1992-09-11,24044200,"H-01965, Madina Town, Faisalabad",Madina Town,Faisalabad
PROP004690,Muhammed Hasan Butt,26625-1669827-5,,1992-09-11,31219675,"H-01965, Madina Town, Faisalabad",Madina Town,Faisalabad
PROP004691,Muhammad عمران Butt,69485-6138322-9,عمران Bhatti,1961-09-09,16745213,"H-01992, Clifton, Karachi",Clifton,Karachi
PROP004692,فیصل Moghul,15993-8365030-1,Hamzah Moghul,1983-07-12,24292239,"H-02188, F-7, Islamabad",F-7,Islamabad
PROP004693,Hasan راجہ,41433-1729814-3,حمزہ راجہ,1986-04-09,25234918,"H-02230, Jaranwala Road, Faisalabad",Jaranwala Road,Faisalabad
PROP004694,Mohammad حسن Raja,,Hamza Raja,1986-04-09,26293877,"H-02230, Jaranwala Road, Faisalabad",Jaranwala Road,Faisalabad
PROP004695,حسن راجہ,41433-1729814-3,Hamzah راجہ,1986-04-09,22384793,"H-02230, Jaranwala Road, Faisalabad",Jaranwala Road,Faisalabad
PROP004696,حمزہ Quraishi,07276-5735365-3,,2000-12-25,17654050,"H-02253, Gulberg, Lahore",Gulberg,Lahore
PROP004697,Hamzah Quraishi,57276-5735365-3,Othman Quraishi,2000-12-25,17787497,"H-02253, Gulberg, Lahore",Gulberg,Lahore
PROP004698,Mariam Raja,64446-5808831-5,,1955-06-23,31406050,"H-02337, Johar Town, Lahore",Johar Town,Lahore
PROP004699,Mariam راجہ,64446-5808831-5,,1955-06-23,37234230,"H-02337, Johar Town, Lahore",Johar Town,Lahore
PROP004700,مریم راجہ,64446-5808831-5,Hamza راجہ,1955-06-23,33483646,"H-02337, Johar Town, Lahore",Johar Town,Lahore
PROP004701,علی Raja,64001-2721563-3,عمران راجہ,1960-03-19,6333907,"H-02507, Bahria Town, Islamabad",Bahria Town,Islamabad
PROP004702,Mohammad Khan,,Mohammed Khan,1980-04-27,139149406,"H-02525, F-8, Islamabad",F-8,Islamabad
PROP004703,Muhammed Khan,39538-7114663-5,Mohammed Khan,1980-04-27,188040611,"H-02525, F-8, Islamabad",F-8,Islamabad
PROP004704,محمد خان,39538-7114663-5,محمد خان,1980-04-27,149558321,"H-02525, F-8, Islamabad",F-8,Islamabad
PROP004705,Mohammed Khan,46989-2977956-2,Mohammad Hassan Khan,1990-10-10,240652326,"H-02525, F-8, Islamabad",F-8,Islamabad
PROP004706,محمد خان,46989-2977956-2,حسن Khan,1990-10-10,171491177,"H-02525, F-8, Islamabad",F-8,Islamabad
PROP004707,Mohammed خان,46989-2977956-2,Muhammed Hassan خان,1990-10-10,135382684,"H-02525, F-8, Islamabad",F-8,Islamabad
PROP004708,حرا قریشی,52334-3524845-2,Mohammad عمران Quraishi,1978-08-26,10501008,"H-02552, Peoples Colony, Faisalabad",Peoples Colony,Faisalabad
PROP004709,Hira Quraishi,52334-3524845-2,Imran Qureshi,1978-08-26,11873938,"H-02552, Peoples Colony, Faisalabad",Peoples Colony,Faisalabad
PROP004710,Bilal بٹ,78969-1493337-7,Muhammad Faysal Bhatti,1999-03-25,21156526,"H-02752, DHA, Karachi",DHA,Karachi
PROP004711,زینب Ch.,15522-7276252-3,Imran چوہدری,1993-05-10,14251988,"H-02758, Johar Town, Lahore",Johar Town,Lahore
PROP004712,بلال قریشی,39515-8591450-4,حمزہ Qureshi,1970-10-12,15382715,"H-02803, Model Town, Lahore",Model Town,Lahore
PROP004713,Mariam Qureshi,18735-4254404-3,Husain قریشی,1971-02-25,29568860,"H-02803, Model Town, Lahore",Model Town,Lahore
PROP004714,مریم Quraishi,18735-4254404-3,حسین Quraishi,1971-02-25,20848208,"H-02803, Model Town, Lahore",Model Town,Lahore
PROP004715,Mariam Butt,70243-5821522-8,Faysal Bhatti,1962-06-22,14431466,"H-02932, Jaranwala Road, Faisalabad",Jaranwala Road,Faisalabad
PROP004716,Fatimah سید,97819-3542481-5,,1990-01-12,30787610,"H-03002, Madina Town, Faisalabad",Madina Town,Faisalabad
PROP004717,Fatema سید,97819-3542481-5,علی سید,1990-01-12,26766099,"H-03002, Madina Town, Faisalabad",Madina Town,Faisalabad
PROP004718,Fatema Syed,97819-3542481-5,علی سید,,38872938,"H-03002, Madina Town, Faisalabad",Madina Town,Faisalabad
PROP004719,Muhammad فیصل شیخ,70581-2868842-2,بلال Shaykh,,30233366,"H-03018, E-11, Islamabad",E-11,Islamabad
PROP004720,Faisal Shaikh,70581-2868842-2,Mohammad بلال شیخ,1963-09-16,17770344,"H-03018, E-11, Islamabad",E-11,Islamabad
PROP004721,مریم Awan,,عمران اعوان,1986-08-13,18120735,"H-03114, Bahria Town, Islamabad",Bahria Town,Islamabad
PROP004722,Osman بٹ,16135-8047447-1,Imran Bhatti,1971-11-22,9326912,"H-03159, Bahria Town, Islamabad",Bahria Town,Islamabad
PROP004723,Usman Bhatti,16135-8047447-1,Mohammad عمران بٹ,,12663721,"H-03159, Bahria Town, Islamabad",Bahria Town,Islamabad
PROP004724,Aysha Sayyid,29984-5025950-8,Muhammad Sayyid,1971-05-26,45305552,"H-03211, Model Town, Lahore",Model Town,Lahore
PROP004725,Aysha Syed,29984-5025950-8,Mohammed Sayyid,1971-05-26,35376312,"H-03211, Model Town, Lahore",Model Town,Lahore
PROP004726,Hamzah Malik,36433-5404553-4,عثمان ملک,1995-10-02,128105550,"H-03212, Johar Town, Lahore",Johar Town,Lahore
PROP004727,Hamza Malik,36433-5404553-4,Mohammad Osman Malick,1995-10-02,72936357,"H-03212, Johar Town, Lahore",Johar Town,Lahore
PROP004728,Mohammed حمزہ Malik,,عثمان Malick,1995-10-02,71326184,"H-03212, Johar Town, Lahore",Johar Town,Lahore
PROP004729,Muhammed Hamzah Malik,49572-9974970-9,علی Malik,1959-11-06,67037860,"H-03212, Johar Town, Lahore",Johar Town,Lahore
PROP004730,Muhammad Hamzah Malick,49572-9974970-9,Ali Malik,1959-11-06,67888954,"H-03212, Johar Town, Lahore",Johar Town,Lahore
PROP004731,Hamzah Malik,49572-9904970-9,علی Malik,1959-11-06,42358936,"H-03212, Johar Town, Lahore",Johar Town,Lahore
PROP004732,Muhammed Hassan اعوان,12319-5072117-7,Muhammed Ahmed Awan,1993-12-18,141030193,"H-03310, Bahria Town, Islamabad",Bahria Town,Islamabad
PROP004733,Hasan Awan,,احمد اعوان,1993-12-18,124896040,"H-03310, Bahria Town, Islamabad",Bahria Town,Islamabad
PROP004734,Hasan Awan,,Muhammad احمد اعوان,1993-12-18,115818216,"H-03310, Bahria Town, Islamabad",Bahria Town,Islamabad
PROP004735,فاطمہ Syed,17062-3396443-4,بلال Sayed,1962-11-18,23908136,"H-03384, Bahria Town, Rawalpindi",Bahria Town,Rawalpindi
PROP004736,فیصل سید,33975-4781855-2,,1955-04-16,30271353,"H-03384, Bahria Town, Rawalpindi",Bahria Town,Rawalpindi
PROP004737,ثناء Malick,,Usman ملک,1978-03-21,37253002,"H-03398, Gulshan-e-Iqbal, Karachi",Gulshan-e-Iqbal,Karachi
PROP004738,ثناء Malik,,Usman Malick,1978-03-21,19363732,"H-03398, Gulshan-e-Iqbal, Karachi",Gulshan-e-Iqbal,Karachi
PROP004739,Sana ملک,64246-7051878-2,Muhammed عثمان Malick,1978-03-21,40407408,"H-03398, Gulshan-e-Iqbal, Karachi",Gulshan-e-Iqbal,Karachi
PROP004740,Ali بٹ,,Ali Butt,1992-03-06,9065642,"H-03409, Bahria Town, Rawalpindi",Bahria Town,Rawalpindi
PROP004741,Mariam Moghul,,عمران مغل,1970-09-12,20033822,"H-03417, F-8, Islamabad",F-8,Islamabad
PROP004742,مریم Moghul,51303-6786219-0,عمران Mughal,1970-09-12,16991580,"H-03417, F-8, Islamabad",F-8,Islamabad
PROP004743,Marium مغل,51303-6086219-0,Mohammad عمران Mughal,1970-09-12,11832145,"H-03417, F-8, Islamabad",F-8,Islamabad
PROP004744,حمزہ Moghul,90898-5819264-1,Bilal مغل,1983-10-13,15678336,"H-03417, F-8, Islamabad",F-8,Islamabad
PROP004745,حمزہ Mughal,90898-5819264-1,بلال Mughal,1983-10-13,20611163,"H-03417, F-8, Islamabad",F-8,Islamabad
PROP004746,عائشہ Sheikh,31025-1154477-7,حسن شیخ,1988-01-06,19987921,"H-03422, Gulberg, Lahore",Gulberg,Lahore
PROP004747,محمد Mughal,52387-2438642-4,,1977-04-22,44127908,"H-03427, E-11, Islamabad",E-11,Islamabad
PROP004748,Mohammad Moghul,52387-2438642-4,محمد مغل,1977-04-22,46844614,"H-03427, E-11, Islamabad",E-11,Islamabad
PROP004749,فیصل قریشی,28094-1901533-7,احمد قریشی,1964-12-23,53529989,"H-03438, F-7, Islamabad",F-7,Islamabad
PROP004750,فیصل Qureshi,28094-1501533-7,Ahmad Quraishi,,55558005,"H-03438, F-7, Islamabad",F-7,Islamabad
PROP004751,Mohammed Faysal قریشی,28094-1501533-7,احمد Qureshi,1964-12-23,56816156,"H-03438, F-7, Islamabad",F-7,Islamabad
PROP004752,Ali Bhatti,,Othman بٹ,1997-08-13,39652126,"H-03523, North Nazimabad, Karachi",North Nazimabad,Karachi
PROP004753,علی Bhatti,87318-5001450-2,Mohammad عثمان بٹ,1997-08-13,36452207,"H-03523, North Nazimabad, Karachi",North Nazimabad,Karachi
PROP004754,علی Butt,87318-5001450-2,Mohammad Usman Butt,1997-08-13,51836688,"H-03523, North Nazimabad, Karachi",North Nazimabad,Karachi
PROP004755,عائشہ بٹ,33974-4131091-4,حمزہ بٹ,1972-01-27,26037655,"H-03523, North Nazimabad, Karachi",North Nazimabad,Karachi
PROP004756,Aysha Bhatti,,,1972-01-27,33484101,"H-03523, North Nazimabad, Karachi",North Nazimabad,Karachi
PROP004757,Aisha Butt,33974-4131091-4,Hamzah بٹ,1972-01-27,48957711,"H-03523, North Nazimabad, Karachi",North Nazimabad,Karachi
PROP004758,Husain Sheikh,49554-7840202-8,Muhammad بلال Shaikh,1991-08-23,27315055,"H-03561, F-7, Islamabad",F-7,Islamabad
PROP004759,Maryam بٹ,86300-3309197-6,Muhammed بٹ,1955-03-12,26369408,"H-03611, Johar Town, Lahore",Johar Town,Lahore
PROP004760,مریم بٹ,86300-3309197-6,Mohammed Bhatti,1955-03-12,35048748,"H-03611, Johar Town, Lahore",Johar Town,Lahore
PROP004761,Marium بٹ,86300-3309197-6,Muhammed بٹ,1955-03-12,36997154,"H-03611, Johar Town, Lahore",Johar Town,Lahore
PROP004762,Mariam بٹ,40118-6630603-4,Mohammad حسن Butt,1959-04-21,41231177,"H-03611, Johar Town, Lahore",Johar Town,Lahore
PROP004763,Marium Butt,40118-6610603-4,حسن Bhatti,1959-04-21,33633512,"H-03611, Johar Town, Lahore",Johar Town,Lahore
PROP004764,مریم Bhatti,40118-6610603-4,Hassan Butt,1959-04-21,40402097,"H-03611, Johar Town, Lahore",Johar Town,Lahore
PROP004765,Ahmed Shaikh,19285-5907430-5,فیصل شیخ,1968-07-18,30944226,"H-03650, Bahria Town, Rawalpindi",Bahria Town,Rawalpindi
PROP004766,Marium Shaykh,,Mohammad Ahmed Shaykh,1995-03-06,6189097,"H-03675, Peoples Colony, Faisalabad",Peoples Colony,Faisalabad
PROP004767,Muhammad چوہدری,94525-2807209-2,,2000-08-13,61444001,"H-03678, Jaranwala Road, Faisalabad",Jaranwala Road,Faisalabad
PROP004768,Muhammed Choudhary,94525-2807209-2,فیصل چوہدری,2000-08-13,53437211,"H-03678, Jaranwala Road, Faisalabad",Jaranwala Road,Faisalabad
PROP004769,Muhammed Choudhary,94525-2807209-2,Faysal چوہدری,2000-08-13,28151893,"H-03678, Jaranwala Road, Faisalabad",Jaranwala Road,Faisalabad
PROP004770,Zaynab چوہدری,24417-6293227-7,Hassan Ch.,1986-04-05,52344963,"H-03678, Jaranwala Road, Faisalabad",Jaranwala Road,Faisalabad
PROP004771,Ali راجہ,71767-3870957-7,Mohammed Faysal راجہ,1980-12-03,26640713,"H-03701, Bahria Town, Islamabad",Bahria Town,Islamabad
PROP004772,Fatema Sayed,19691-3129417-2,محمد Sayed,1973-04-03,25595959,"H-03740, Johar Town, Lahore",Johar Town,Lahore
PROP004773,Fatimah Raja,92258-1651651-6,بلال راجہ,2002-12-18,43019096,"H-03843, Madina Town, Faisalabad",Madina Town,Faisalabad
PROP004774,Fatima Raja,92258-1651651-6,,2002-12-18,42124183,"H-03843, Madina Town, Faisalabad",Madina Town,Faisalabad
PROP004775,Fatema راجہ,92258-1651651-6,Mohammed Bilal Raja,2002-12-18,35611338,"H-03843, Madina Town, Faisalabad",Madina Town,Faisalabad
PROP004776,Zainab قریشی,18454-7950231-0,محمد Quraishi,1985-06-28,12391163,"H-03864, Jaranwala Road, Faisalabad",Jaranwala Road,Faisalabad
PROP004777,Zainab Quraishi,,محمد قریشی,1985-06-28,7577692,"H-03864, Jaranwala Road, Faisalabad",Jaranwala Road,Faisalabad
PROP004778,Zainab Qureshi,18354-7950231-0,Mohammed قریشی,1985-06-28,9755381,"H-03864, Jaranwala Road, Faisalabad",Jaranwala Road,Faisalabad
PROP004779,بلال Qureshi,,علی قریشی,1975-04-26,10715443,"H-03864, Jaranwala Road, Faisalabad",Jaranwala Road,Faisalabad
PROP004780,Muhammad Bilal Qureshi,33364-9492933-3,Mohammad علی Qureshi,1975-04-26,13373015,"H-03864, Jaranwala Road, Faisalabad",Jaranwala Road,Faisalabad
PROP004781,عمران Malik,63806-8835769-2,Usman Malick,1992-10-03,17728261,"H-03905, F-7, Islamabad",F-7,Islamabad
PROP004782,Muhammed عمران Malik,63806-8835769-2,Othman Malick,1992-10-03,25747981,"H-03905, F-7, Islamabad",F-7,Islamabad
PROP004783,حرا اعوان,62693-4876701-4,Mohammad Awan,1972-12-06,13242967,"H-04048, Saddar, Rawalpindi",Saddar,Rawalpindi
PROP004784,ثناء Bhatti,63066-1762495-8,حسن بٹ,1998-03-02,22076400,"H-04237, Gulshan-e-Iqbal, Karachi",Gulshan-e-Iqbal,Karachi
PROP004785,Sana بٹ,,Hassan بٹ,1998-03-02,43010798,"H-04237, Gulshan-e-Iqbal, Karachi",Gulshan-e-Iqbal,Karachi
PROP004786,Ayesha Chaudhry,24727-5728344-6,Ahmed Choudhary,1991-09-22,15275876,"H-04259, Bahria Town, Rawalpindi",Bahria Town,Rawalpindi
PROP004787,Aysha Chaudhary,24727-5728344-6,,1991-09-22,16489399,"H-04259, Bahria Town, Rawalpindi",Bahria Town,Rawalpindi
PROP004788,Ahmed Chaudhary,28574-3773482-5,,1961-02-25,32447625,"H-04279, Johar Town, Lahore",Johar Town,Lahore
PROP004789,Muhammad عمران Moghul,86881-7229859-3,,1986-09-18,47943023,"H-04346, DHA, Karachi",DHA,Karachi
PROP004790,Imran Mughal,86881-7229859-3,احمد Moghul,1986-09-18,49221621,"H-04346, DHA, Karachi",DHA,Karachi
PROP004791,Imran مغل,86881-7229859-3,Ahmed Mughal,1986-09-18,42943498,"H-04346, DHA, Karachi",DHA,Karachi
PROP004792,بلال Raja,58854-1559706-7,Muhammed Usman راجہ,,31031763,"H-04372, Madina Town, Faisalabad",Madina Town,Faisalabad
PROP004793,بلال راجہ,,Mohammad Osman Raja,1976-09-20,15808975,"H-04372, Madina Town, Faisalabad",Madina Town,Faisalabad
PROP004794,بلال Raja,,حسن Raja,1970-09-24,24053892,"H-04372, Madina Town, Faisalabad",Madina Town,Faisalabad
PROP004795,Hasan Khan,31199-6701741-4,عثمان Khan,1982-06-14,9746382,"H-04405, G-10, Islamabad",G-10,Islamabad
PROP004796,حمزہ مغل,96436-6483612-2,Muhammad Moghul,1980-03-15,25728392,"H-04466, DHA, Karachi",DHA,Karachi
PROP004797,Mohammad Ahmad راجہ,95420-5751656-4,Faysal Raja,1994-07-06,74817511,"H-04605, Clifton, Karachi",Clifton,Karachi
PROP004798,احمد Raja,95420-5751656-4,فیصل راجہ,1994-07-06,62469730,"H-04605, Clifton, Karachi",Clifton,Karachi
PROP004799,عمران Qureshi,61047-4275914-0,Mohammad Faisal Quraishi,1959-11-07,29991417,"H-04732, Saddar, Rawalpindi",Saddar,Rawalpindi
PROP004800,Fatima مغل,75088-9420245-9,,2003-12-20,33261538,"H-04852, DHA, Karachi",DHA,Karachi
PROP004801,Fatema Mughal,75088-9420245-9,Husain مغل,2003-12-20,58791865,"H-04852, DHA, Karachi",DHA,Karachi
PROP004802,Fatimah Moghul,75088-9424245-9,,2003-12-20,55129165,"H-04852, DHA, Karachi",DHA,Karachi
PROP004803,Ahmad اعوان,96046-4476333-6,عمران Awan,2003-01-06,13024964,"H-04875, F-8, Islamabad",F-8,Islamabad
PROP004804,Ahmad اعوان,96046-4476333-6,Imran اعوان,2003-01-06,19239987,"H-04875, F-8, Islamabad",F-8,Islamabad
PROP004805,Ahmed اعوان,96046-4476333-6,عمران Awan,2003-01-06,20689166,"H-04875, F-8, Islamabad",F-8,Islamabad
PROP004806,Bilal Butt,98685-4933209-5,Hassan بٹ,2003-12-07,21236319,"H-04923, Model Town, Lahore",Model Town,Lahore
PROP004807,Bilal Butt,,Muhammad Hasan Butt,2003-12-07,22947297,"H-04923, Model Town, Lahore",Model Town,Lahore
PROP004808,Muhammad Bilal بٹ,98685-4933209-5,حسن Butt,2003-12-07,22488123,"H-04923, Model Town, Lahore",Model Town,Lahore
PROP004809,بلال Bhatti,,Faisal بٹ,,61483584,"H-04969, E-11, Islamabad",E-11,Islamabad
PROP004810,Mohammed بلال Butt,50127-2226596-0,فیصل بٹ,1962-08-22,68646959,"H-04969, E-11, Islamabad",E-11,Islamabad
PROP004811,Bilal Butt,50127-2226596-0,Faisal Bhatti,1962-08-22,49689002,"H-04969, E-11, Islamabad",E-11,Islamabad
PROP004812,Zaynab قریشی,73212-1435537-4,,1963-09-11,44162360,"H-05016, Madina Town, Faisalabad",Madina Town,Faisalabad
PROP004813,Mohammad عمران Raja,17039-7271058-3,حسین Raja,1978-01-13,52531353,"H-05027, Chaklala, Rawalpindi",Chaklala,Rawalpindi
PROP004814,Muhammed Imran راجہ,17039-7271058-3,Muhammed Husain Raja,1978-01-13,41373951,"H-05027, Chaklala, Rawalpindi",Chaklala,Rawalpindi
PROP004815,Mohammad Raja,,,2003-01-04,49445548,"H-05027, Chaklala, Rawalpindi",Chaklala,Rawalpindi
PROP004816,Mohammad Raja,50808-6410637-2,Hassan راجہ,2003-01-04,58989451,"H-05027, Chaklala, Rawalpindi",Chaklala,Rawalpindi
PROP004817,Mohammed راجہ,50808-6410937-2,Hasan راجہ,2003-01-04,70868811,"H-05027, Chaklala, Rawalpindi",Chaklala,Rawalpindi
PROP004818,بلال Butt,14664-7061464-9,Bilal بٹ,1981-01-26,14144467,"H-05063, G-10, Islamabad",G-10,Islamabad
PROP004819,Bilal بٹ,14668-7061464-9,بلال بٹ,1981-01-26,7256567,"H-05063, G-10, Islamabad",G-10,Islamabad
PROP004820,Ali خان,68446-2165958-4,Muhammad Hussain Khan,1993-08-24,105503294,"H-05134, Johar Town, Lahore",Johar Town,Lahore
PROP004821,علی Khan,68446-2165958-4,حسین خان,1993-08-24,102782215,"H-05134, Johar Town, Lahore",Johar Town,Lahore
PROP004822,Ali خان,68446-2165958-4,Hussain Khan,1993-08-24,98957852,"H-05134, Johar Town, Lahore",Johar Town,Lahore
PROP004823,Ayesha Mughal,98040-9835984-9,Hussain مغل,,7571003,"H-05137, Satellite Town, Rawalpindi",Satellite Town,Rawalpindi
PROP004824,Ayisha Moghul,,Hussain مغل,1988-12-12,9572562,"H-05137, Satellite Town, Rawalpindi",Satellite Town,Rawalpindi
PROP004825,عمران Malick,,Ali Malik,1982-08-04,18643902,"H-05221, Bahria Town, Rawalpindi",Bahria Town,Rawalpindi
PROP004826,عثمان Malick,19390-5848141-4,Osman ملک,1997-09-24,18632854,"H-05233, F-8, Islamabad",F-8,Islamabad
PROP004827,عثمان Malik,19390-5848141-4,Mohammad Othman Malik,1997-09-24,15365662,"H-05233, F-8, Islamabad",F-8,Islamabad
PROP004828,Zainab Malick,79218-3889052-6,Muhammad علی ملک,1971-03-18,20565007,"H-05233, F-8, Islamabad",F-8,Islamabad
PROP004829,Zainab Malick,79218-3889052-6,علی Malik,1971-03-18,16833689,"H-05233, F-8, Islamabad",F-8,Islamabad
PROP004830,Zainab Malick,79218-3889052-6,علی Malik,1971-03-18,19237264,"H-05233, F-8, Islamabad",F-8,Islamabad
PROP004831,Fatimah Sayed,55281-6096761-0,Husain Syed,1960-05-12,22936613,"H-05247, Madina Town, Faisalabad",Madina Town,Faisalabad
PROP004832,Fatimah Sayyid,55281-6096761-0,Muhammed Hussein Sayed,1960-05-12,21386473,"H-05247, Madina Town, Faisalabad",Madina Town,Faisalabad
PROP004833,زینب ملک,,عمران Malik,1996-03-12,10518868,"H-05319, F-8, Islamabad",F-8,Islamabad
PROP004834,Zainab ملک,12126-3092404-2,عمران ملک,1996-03-12,8658900,"H-05319, F-8, Islamabad",F-8,Islamabad
PROP004835,حسین بٹ,11237-8625973-0,Muhammed Imran بٹ,1960-08-05,21418766,"H-05435, Chaklala, Rawalpindi",Chaklala,Rawalpindi
PROP004836,Ali چوہدری,,Mohammed Chaudhary,2002-03-18,20052738,"H-05438, Jaranwala Road, Faisalabad",Jaranwala Road,Faisalabad
PROP004837,Marium Moghul,88379-3219621-8,Mohammad عمران Mughal,1993-11-13,36886827,"H-05480, Satellite Town, Rawalpindi",Satellite Town,Rawalpindi
PROP004838,Marium Moghul,,Imran Mughal,1993-11-13,36813461,"H-05480, Satellite Town, Rawalpindi",Satellite Town,Rawalpindi
PROP004839,Muhammed Imran Malick,54310-1417740-3,Mohammed Hamza ملک,1987-07-23,121657592,"H-05551, Cantt, Lahore",Cantt,Lahore
PROP004840,عمران ملک,,Hamza Malick,1987-07-23,81122883,"H-05551, Cantt, Lahore",Cantt,Lahore
PROP004841,عمران Malick,54310-1417740-3,Hamza Malick,1987-07-23,85812198,"H-05551, Cantt, Lahore",Cantt,Lahore
PROP004842,Husain Malik,64290-8660592-2,حسین ملک,2000-10-21,72786083,"H-05551, Cantt, Lahore",Cantt,Lahore
PROP004843,Hussain ملک,64290-8660592-2,حسین Malick,2000-10-21,118921997,"H-05551, Cantt, Lahore",Cantt,Lahore
PROP004844,حسین Malik,64290-8660592-2,Mohammad حسین Malik,,66699283,"H-05551, Cantt, Lahore",Cantt,Lahore
PROP004845,Muhammad Othman Chaudhry,,Usman Ch.,,50550428,"H-05577, E-11, Islamabad",E-11,Islamabad
PROP004846,عثمان Ch.,58408-3635060-4,Usman Choudhary,1971-06-18,50416731,"H-05577, E-11, Islamabad",E-11,Islamabad
PROP004847,Usman Ch.,58408-3635060-4,Othman چوہدری,,62538435,"H-05577, E-11, Islamabad",E-11,Islamabad
PROP004848,علی Raja,28038-5573132-9,Mohammed احمد راجہ,1969-07-05,27211114,"H-05596, DHA, Lahore",DHA,Lahore
PROP004849,Muhammad Ali راجہ,28038-5573112-9,احمد Raja,1969-07-05,33210323,"H-05596, DHA, Lahore",DHA,Lahore
PROP004850,Ayesha Raja,64254-4792844-3,Husain Raja,1959-05-08,21908924,"H-05596, DHA, Lahore",DHA,Lahore
PROP004851,ثناء خان,72629-1748676-4,,1999-05-28,44582872,"H-05725, Peoples Colony, Faisalabad",Peoples Colony,Faisalabad
PROP004852,ثناء خان,72629-1748676-4,حسین Khan,1999-05-28,41324270,"H-05725, Peoples Colony, Faisalabad",Peoples Colony,Faisalabad
PROP004853,Sana خان,72679-1748676-4,حسین خان,1999-05-28,47801565,"H-05725, Peoples Colony, Faisalabad",Peoples Colony,Faisalabad
PROP004854,Muhammad Ali Shaikh,23360-5758036-5,علی Sheikh,,73587434,"H-05726, Satellite Town, Rawalpindi",Satellite Town,Rawalpindi
PROP004855,Ali Shaykh,23360-5758036-5,Ali شیخ,1989-10-02,56302401,"H-05726, Satellite Town, Rawalpindi",Satellite Town,Rawalpindi
PROP004856,علی Shaikh,23360-5758036-5,علی Shaikh,1989-10-02,34750810,"H-05726, Satellite Town, Rawalpindi",Satellite Town,Rawalpindi
PROP004857,Ahmad اعوان,41937-1092284-3,Ali Awan,1995-01-17,7267237,"H-05730, Clifton, Karachi",Clifton,Karachi
PROP004858,Bilal راجہ,12029-6170899-1,Ali Raja,1994-02-21,38503607,"H-05770, Madina Town, Faisalabad",Madina Town,Faisalabad
PROP004859,علی قریشی,66370-3832702-6,Hamza Quraishi,1994-10-09,22850378,"H-05794, Johar Town, Lahore",Johar Town,Lahore
PROP004860,Fatema Ch.,,احمد Choudhary,1998-09-01,30433541,"H-05859, Madina Town, Faisalabad",Madina Town,Faisalabad
PROP004861,Imran Qureshi,12774-6674126-7,,1987-08-05,30064992,"H-05868, F-8, Islamabad",F-8,Islamabad
PROP004862,Mohammed Bilal راجہ,,محمد راجہ,1998-09-16,50339123,"H-05909, Madina Town, Faisalabad",Madina Town,Faisalabad
PROP004863,بلال Raja,69286-1682627-2,محمد Raja,1998-09-16,37953564,"H-05909, Madina Town, Faisalabad",Madina Town,Faisalabad
PROP004864,Muhammed بلال Raja,,Mohammad راجہ,1998-09-16,38805684,"H-05909, Madina Town, Faisalabad",Madina Town,Faisalabad
PROP004865,عائشہ Qureshi,58004-1648304-0,Hamzah قریشی,1959-08-04,69814210,"H-06008, Peoples Colony, Faisalabad",Peoples Colony,Faisalabad
PROP004866,Aysha Qureshi,58004-1648304-0,حمزہ قریشی,1959-08-04,65521810,"H-06008, Peoples Colony, Faisalabad",Peoples Colony,Faisalabad
PROP004867,Ayisha Quraishi,,Hamza Quraishi,1959-08-04,92267724,"H-06008, Peoples Colony, Faisalabad",Peoples Colony,Faisalabad
PROP004868,Aisha Quraishi,97576-3373851-8,Muhammad Osman Qureshi,,49197928,"H-06008, Peoples Colony, Faisalabad",Peoples Colony,Faisalabad
PROP004869,Aysha Quraishi,97576-3373851-8,Osman قریشی,1984-04-03,53645126,"H-06008, Peoples Colony, Faisalabad",Peoples Colony,Faisalabad
PROP004870,Aisha Qureshi,97506-3373851-8,,1984-04-03,78025995,"H-06008, Peoples Colony, Faisalabad",Peoples Colony,Faisalabad
PROP004871,Zainab راجہ,88301-9112774-4,حمزہ Raja,1960-03-04,19342615,"H-06019, Gulberg, Lahore",Gulberg,Lahore
PROP004872,Zaynab راجہ,88301-9112774-4,حمزہ راجہ,1960-03-04,7571969,"H-06019, Gulberg, Lahore",Gulberg,Lahore
PROP004873,Mohammad راجہ,52407-7937909-2,Ali Raja,1969-08-28,8565919,"H-06036, Malir, Karachi",Malir,Karachi
PROP004874,Hamzah مغل,33320-8620653-7,,,8413517,"H-06068, Madina Town, Faisalabad",Madina Town,Faisalabad
PROP004875,Hamza شیخ,82103-9681697-4,Ali Shaikh,1998-12-09,27635782,"H-06069, Madina Town, Faisalabad",Madina Town,Faisalabad
PROP004876,Muhammad Ali Raja,,Hassan Raja,1994-10-13,35330440,"H-06160, Gulshan-e-Iqbal, Karachi",Gulshan-e-Iqbal,Karachi
PROP004877,علی راجہ,72185-3234955-4,Mohammad حسن Raja,1994-10-13,22902595,"H-06160, Gulshan-e-Iqbal, Karachi",Gulshan-e-Iqbal,Karachi
PROP004878,Ayisha ملک,14500-8129509-2,Ahmad Malick,,13202609,"H-06188, Bahria Town, Islamabad",Bahria Town,Islamabad
PROP004879,Muhammad Hasan Sayyid,47996-3402173-2,Hassan Syed,1955-08-07,46277235,"H-06251, F-7, Islamabad",F-7,Islamabad
PROP004880,Mariam Khan,67796-3466923-5,Mohammed علی Khan,2000-02-03,26915829,"H-06338, Model Town, Lahore",Model Town,Lahore
PROP004881,Marium خان,67786-3466923-5,علی Khan,2000-02-03,24688649,"H-06338, Model Town, Lahore",Model Town,Lahore
PROP004882,Muhammad Imran Khan,58824-2108535-3,Ali Khan,1997-04-09,21409525,"H-06369, Jaranwala Road, Faisalabad",Jaranwala Road,Faisalabad
PROP004883,Mohammad Imran Mughal,95745-7261947-9,احمد مغل,1989-01-26,60547515,"H-06439, Chaklala, Rawalpindi",Chaklala,Rawalpindi
PROP004884,Imran مغل,95745-7261947-9,Ahmed Moghul,1989-01-26,74224280,"H-06439, Chaklala, Rawalpindi",Chaklala,Rawalpindi
PROP004885,عمران مغل,95745-7261947-9,احمد Mughal,1989-01-26,57997185,"H-06439, Chaklala, Rawalpindi",Chaklala,Rawalpindi
PROP004886,Mohammed حسن Malik,31453-8131681-1,عمران ملک,1983-11-11,42690547,"H-06470, E-11, Islamabad",E-11,Islamabad
PROP004887,Fatema Mughal,44007-5813713-6,Usman مغل,1966-10-13,15237610,"H-06618, F-8, Islamabad",F-8,Islamabad
PROP004888,Muhammad بلال Malik,21004-9343307-2,,1994-06-07,12556751,"H-06773, Gulberg, Lahore",Gulberg,Lahore
PROP004889,Hira ملک,39928-9912166-9,Muhammad احمد ملک,1972-07-11,14676720,"H-06773, Gulberg, Lahore",Gulberg,Lahore
PROP004890,حرا Malik,39928-9912166-9,Ahmad Malick,1972-07-11,15471177,"H-06773, Gulberg, Lahore",Gulberg,Lahore
PROP004891,Hira Malick,39928-9912166-9,Ahmed Malik,1972-07-11,16620439,"H-06773, Gulberg, Lahore",Gulberg,Lahore
PROP004892,Hira Shaikh,,Mohammed حسن Shaikh,1980-09-04,15667702,"H-06810, Madina Town, Faisalabad",Madina Town,Faisalabad
PROP004893,مریم Ch.,28368-8416460-6,Usman چوہدری,1992-08-12,129940309,"H-06844, Clifton, Karachi",Clifton,Karachi
PROP004894,Maryam Chaudhry,28368-8416460-6,Osman Chaudhry,1992-08-12,159342375,"H-06844, Clifton, Karachi",Clifton,Karachi
PROP004895,Mariam Ch.,28368-8416460-6,عثمان چوہدری,1992-08-12,161123734,"H-06844, Clifton, Karachi",Clifton,Karachi
PROP004896,زینب Chaudhry,81982-1383621-3,Muhammad عمران Chaudhry,1981-08-22,137717375,"H-06844, Clifton, Karachi",Clifton,Karachi
PROP004897,Zainab Chaudhary,81982-1383621-3,,1981-08-22,187138354,"H-06844, Clifton, Karachi",Clifton,Karachi
PROP004898,Zaynab Chaudhry,81982-1383621-3,عمران Chaudhary,1981-08-22,120732487,"H-06844, Clifton, Karachi",Clifton,Karachi
PROP004899,Mohammad حسن Mughal,21821-6434510-4,,,18707416,"H-06913, North Nazimabad, Karachi",North Nazimabad,Karachi
PROP004900,Mariam چوہدری,19270-4319780-4,,1962-02-14,25512892,"H-06927, North Nazimabad, Karachi",North Nazimabad,Karachi
PROP004901,Bilal Qureshi,33435-5614673-0,Muhammed قریشی,1965-03-04,32657992,"H-06932, Peoples Colony, Faisalabad",Peoples Colony,Faisalabad
PROP004902,Mohammed Bilal قریشی,33435-5614673-0,Mohammed قریشی,1965-03-04,29094584,"H-06932, Peoples Colony, Faisalabad",Peoples Colony,Faisalabad
PROP004903,حسن خان,58371-6658665-3,Imran خان,1973-10-20,51840706,"H-06939, Peoples Colony, Faisalabad",Peoples Colony,Faisalabad
PROP004904,Hassan خان,58371-6658665-3,Imran Khan,1973-10-20,47397074,"H-06939, Peoples Colony, Faisalabad",Peoples Colony,Faisalabad
PROP004905,Hassan Khan,,Imran خان,1973-10-20,33400287,"H-06939, Peoples Colony, Faisalabad",Peoples Colony,Faisalabad
PROP004906,Aisha Shaykh,80686-7461885-5,Hussain شیخ,1995-06-04,47549585,"H-06968, Gulberg, Lahore",Gulberg,Lahore
PROP004907,Ayesha Shaykh,80686-7461885-5,حسین Sheikh,1995-06-04,40578353,"H-06968, Gulberg, Lahore",Gulberg,Lahore
PROP004908,Husain Malik,38939-7724201-7,حمزہ ملک,1975-05-27,47445671,"H-07136, Malir, Karachi",Malir,Karachi
PROP004909,حسین Malik,38939-7724201-7,Mohammad حمزہ Malik,1975-05-27,44086861,"H-07136, Malir, Karachi",Malir,Karachi
PROP004910,Hussain Malick,38939-7724201-7,حمزہ ملک,,45158181,"H-07136, Malir, Karachi",Malir,Karachi
PROP004911,Hamzah Raja,11739-9811936-8,محمد راجہ,1980-01-20,21170313,"H-07184, Satellite Town, Rawalpindi",Satellite Town,Rawalpindi
PROP004912,احمد Butt,56992-4110413-4,Mohammad بٹ,1979-02-05,6958139,"H-07207, North Nazimabad, Karachi",North Nazimabad,Karachi
PROP004913,Muhammed احمد Bhatti,56992-4110413-4,Muhammed Butt,1979-02-05,7166263,"H-07207, North Nazimabad, Karachi",North Nazimabad,Karachi
PROP004914,Muhammed فیصل Sayed,98265-5985930-6,Imran سید,1978-02-06,13454431,"H-07302, Gulberg, Lahore",Gulberg,Lahore
PROP004915,Faysal Sayed,98265-5985930-6,Imran سید,1978-02-06,9162167,"H-07302, Gulberg, Lahore",Gulberg,Lahore
PROP004916,Muhammad Khan,,Imran Khan,1966-02-26,19890172,"H-07400, Madina Town, Faisalabad",Madina Town,Faisalabad
PROP004917,فاطمہ مغل,85650-5019932-9,Muhammad Mughal,1959-11-14,21636014,"H-07421, Saddar, Rawalpindi",Saddar,Rawalpindi
PROP004918,Imran راجہ,25564-8502712-9,,2003-08-02,6111232,"H-07429, G-10, Islamabad",G-10,Islamabad
PROP004919,Mohammad عمران Mughal,46215-7430865-3,Mohammad عمران Mughal,1967-10-13,50630928,"H-07430, F-8, Islamabad",F-8,Islamabad
PROP004920,Imran مغل,46215-7430865-3,Imran مغل,1967-10-13,52223119,"H-07430, F-8, Islamabad",F-8,Islamabad
PROP004921,Imran مغل,46215-7430865-3,,,42370891,"H-07430, F-8, Islamabad",F-8,Islamabad
PROP004922,Mohammad Husain Choudhary,38125-4821393-3,عمران Choudhary,1968-01-06,52847751,"H-07602, Madina Town, Faisalabad",Madina Town,Faisalabad
PROP004923,Muhammad Husain Choudhary,38125-4821393-3,,1968-01-06,45900537,"H-07602, Madina Town, Faisalabad",Madina Town,Faisalabad
PROP004924,Husain Bhatti,70845-5532299-8,Muhammad Othman Butt,1978-02-06,42771669,"H-07651, Bahria Town, Islamabad",Bahria Town,Islamabad
PROP004925,Hussein Bhatti,70845-5582299-8,Othman Bhatti,1978-02-06,45491850,"H-07651, Bahria Town, Islamabad",Bahria Town,Islamabad
PROP004926,Mohammad Husain Butt,70845-5582299-8,Usman بٹ,1978-02-06,36785739,"H-07651, Bahria Town, Islamabad",Bahria Town,Islamabad
PROP004927,Muhammad احمد قریشی,80763-5442189-8,Mohammad Hamzah Quraishi,1980-10-25,21120305,"H-07693, DHA, Lahore",DHA,Lahore
PROP004928,Ahmed Quraishi,80763-5442189-8,حمزہ Quraishi,1980-10-25,24685805,"H-07693, DHA, Lahore",DHA,Lahore
PROP004929,Muhammad Faisal Mughal,11271-6648722-0,Mohammed Mughal,1991-08-13,9154247,"H-07698, Madina Town, Faisalabad",Madina Town,Faisalabad
PROP004930,بلال Khan,37534-4725147-5,عمران خان,1987-12-22,23236309,"H-07801, Bahria Town, Islamabad",Bahria Town,Islamabad
PROP004931,Muhammad Osman مغل,69634-9879607-4,فیصل مغل,2001-12-23,8214148,"H-07835, Chaklala, Rawalpindi",Chaklala,Rawalpindi
PROP004932,Osman Moghul,69634-9879607-4,Muhammad Faysal مغل,2001-12-23,13784355,"H-07835, Chaklala, Rawalpindi",Chaklala,Rawalpindi
PROP004933,Zaynab Mughal,71987-4244085-8,Hassan مغل,1997-07-20,5864208,"H-07835, Chaklala, Rawalpindi",Chaklala,Rawalpindi
PROP004934,Hussein Syed,79744-7860349-8,Faisal سید,,13733069,"H-07993, DHA, Lahore",DHA,Lahore
PROP004935,Osman قریشی,,Bilal Qureshi,2003-07-23,20829015,"H-08038, Bahria Town, Rawalpindi",Bahria Town,Rawalpindi
PROP004936,Mohammad فیصل Quraishi,54854-1665875-1,بلال Qureshi,,22935356,"H-08038, Bahria Town, Rawalpindi",Bahria Town,Rawalpindi
PROP004937,بلال راجہ,55197-6727235-5,,1988-08-22,12171053,"H-08070, Bahria Town, Rawalpindi",Bahria Town,Rawalpindi
PROP004938,Hamza قریشی,15112-4548927-2,Husain Quraishi,1995-07-11,25139628,"H-08101, F-7, Islamabad",F-7,Islamabad
PROP004939,عائشہ Quraishi,37064-8677134-3,Imran قریشی,,12090343,"H-08101, F-7, Islamabad",F-7,Islamabad
PROP004940,عائشہ قریشی,37064-8677134-3,عمران قریشی,,18924776,"H-08101, F-7, Islamabad",F-7,Islamabad
PROP004941,Hasan Sayyid,90466-3542936-9,Usman سید,1965-08-23,10938274,"H-08125, Gulberg, Lahore",Gulberg,Lahore
PROP004942,Fatema قریشی,,,1985-09-10,24392151,"H-08156, DHA, Lahore",DHA,Lahore
PROP004943,Fatema قریشی,35827-3583418-2,,1985-09-10,15984866,"H-08156, DHA, Lahore",DHA,Lahore
PROP004944,Sana Quraishi,79282-8368431-0,Muhammad علی Qureshi,1996-10-08,13427078,"H-08193, Jaranwala Road, Faisalabad",Jaranwala Road,Faisalabad
PROP004945,Faisal Shaikh,11129-1246763-8,Faysal شیخ,1982-10-18,7457294,"H-08199, Chaklala, Rawalpindi",Chaklala,Rawalpindi
PROP004946,Mohammed Osman Sheikh,21071-4924494-4,Bilal Shaikh,1964-12-03,11138026,"H-08199, Chaklala, Rawalpindi",Chaklala,Rawalpindi
PROP004947,Muhammed Butt,48242-6077271-0,Faisal Butt,,33435468,"H-08202, Peoples Colony, Faisalabad",Peoples Colony,Faisalabad
PROP004948,Aisha Bhatti,15827-2765017-3,حسن Bhatti,1961-06-13,42753779,"H-08202, Peoples Colony, Faisalabad",Peoples Colony,Faisalabad
PROP004949,Muhammed Othman Awan,46692-4667308-5,Bilal Awan,1978-04-02,96550152,"H-08290, Gulshan-e-Iqbal, Karachi",Gulshan-e-Iqbal,Karachi
PROP004950,Mohammed Osman اعوان,46892-4667308-5,,1978-04-02,89206870,"H-08290, Gulshan-e-Iqbal, Karachi",Gulshan-e-Iqbal,Karachi
PROP004951,عثمان Awan,46692-4667308-5,Bilal اعوان,1978-04-02,100592490,"H-08290, Gulshan-e-Iqbal, Karachi",Gulshan-e-Iqbal,Karachi
PROP004952,حرا Malik,52301-3113946-3,Ahmed Malick,1991-01-10,5786857,"H-08318, DHA, Lahore",DHA,Lahore
PROP004953,Bilal ملک,89792-5366935-7,حمزہ ملک,1984-09-03,8009742,"H-08318, DHA, Lahore",DHA,Lahore
PROP004954,Fatimah قریشی,61602-2751689-1,,1996-12-03,38547455,"H-08350, Gulberg, Lahore",Gulberg,Lahore
PROP004955,عمران Syed,57777-6245549-5,Mohammad سید,2002-09-27,30930924,"H-08408, Gulberg, Lahore",Gulberg,Lahore
PROP004956,Bilal Quraishi,47632-8488161-7,,1995-03-19,247876921,"H-08481, Saddar, Rawalpindi",Saddar,Rawalpindi
PROP004957,Bilal قریشی,44632-8488161-7,حسن قریشی,1995-03-19,302265816,"H-08481, Saddar, Rawalpindi",Saddar,Rawalpindi
PROP004958,Bilal Qureshi,44632-8488161-7,حسن Quraishi,1995-03-19,388136705,"H-08481, Saddar, Rawalpindi",Saddar,Rawalpindi
PROP004959,Zainab Qureshi,83448-6034703-5,Mohammed عثمان Quraishi,1997-04-05,320581339,"H-08481, Saddar, Rawalpindi",Saddar,Rawalpindi
PROP004960,Zainab قریشی,83448-6034703-5,Muhammed Othman Qureshi,1997-04-05,294466317,"H-08481, Saddar, Rawalpindi",Saddar,Rawalpindi
PROP004961,زینب Qureshi,83448-6034703-5,Osman قریشی,1997-04-05,305425107,"H-08481, Saddar, Rawalpindi",Saddar,Rawalpindi
PROP004962,Hassan Shaykh,62081-9457421-3,Husain Shaikh,1958-09-26,14261798,"H-08487, Gulshan-e-Iqbal, Karachi",Gulshan-e-Iqbal,Karachi
PROP004963,Sana Shaykh,37033-6444247-0,حسن Sheikh,,18391022,"H-08487, Gulshan-e-Iqbal, Karachi",Gulshan-e-Iqbal,Karachi
PROP004964,Sana شیخ,37033-6444247-8,,1993-12-18,10863728,"H-08487, Gulshan-e-Iqbal, Karachi",Gulshan-e-Iqbal,Karachi
PROP004965,Marium Khan,25392-7233417-0,Muhammed Hussein Khan,1969-01-26,17927014,"H-08588, F-7, Islamabad",F-7,Islamabad
PROP004966,Ahmed سید,76688-9337094-3,,1978-10-26,25180413,"H-08615, Saddar, Rawalpindi",Saddar,Rawalpindi
PROP004967,Ali سید,93401-2782258-0,Bilal Sayed,1964-03-27,16787710,"H-08615, Saddar, Rawalpindi",Saddar,Rawalpindi
PROP004968,Imran Shaikh,56276-7396005-7,Mohammed Hamzah Sheikh,1973-08-27,8652531,"H-08617, E-11, Islamabad",E-11,Islamabad
PROP004969,Mohammed احمد سید,46160-7656260-6,Hussain Syed,1995-11-02,5931100,"H-08702, Peoples Colony, Faisalabad",Peoples Colony,Faisalabad
PROP004970,Hussain Chaudhary,38370-7840270-9,Faisal چوہدری,1982-02-02,14565747,"H-08730, Bahria Town, Islamabad",Bahria Town,Islamabad
PROP004971,حسین Chaudhry,38370-7840270-9,فیصل چوہدری,1982-02-02,13556749,"H-08730, Bahria Town, Islamabad",Bahria Town,Islamabad
PROP004972,حمزہ Chaudhary,64618-4325911-8,احمد Chaudhary,1970-05-08,12652236,"H-08761, Gulshan-e-Iqbal, Karachi",Gulshan-e-Iqbal,Karachi
PROP004973,Hamzah Ch.,64618-4325911-8,احمد Chaudhary,1970-05-08,8751877,"H-08761, Gulshan-e-Iqbal, Karachi",Gulshan-e-Iqbal,Karachi
PROP004974,Hassan Sayed,50395-6323097-8,Hamza Syed,1957-08-24,38908173,"H-08785, Madina Town, Faisalabad",Madina Town,Faisalabad
PROP004975,Muhammad حسن Syed,50395-6323097-8,Hamza Sayyid,1957-08-24,45823454,"H-08785, Madina Town, Faisalabad",Madina Town,Faisalabad
PROP004976,Mohammed Ali Choudhary,22898-6909159-7,,1988-09-21,26265450,"H-08815, Model Town, Lahore",Model Town,Lahore
PROP004977,حسن خان,96633-7994424-8,,,8143831,"H-08816, Saddar, Rawalpindi",Saddar,Rawalpindi
PROP004978,عمران مغل,52243-6580670-1,Hasan مغل,,46978893,"H-08931, Johar Town, Lahore",Johar Town,Lahore
PROP004979,Fatimah ملک,10619-5966048-0,Muhammed Malick,,14919673,"H-08941, Gulshan-e-Iqbal, Karachi",Gulshan-e-Iqbal,Karachi
PROP004980,Ahmad Mughal,80564-3253442-6,Hussain Mughal,1984-02-12,8427159,"H-08951, Malir, Karachi",Malir,Karachi
PROP004981,Mohammed Hussein Bhatti,76908-6430760-8,بلال Butt,,38631719,"H-09049, Bahria Town, Rawalpindi",Bahria Town,Rawalpindi
PROP004982,Hussain بٹ,76908-6430760-8,بلال بٹ,1969-10-18,26838460,"H-09049, Bahria Town, Rawalpindi",Bahria Town,Rawalpindi
PROP004983,Mohammad حسین Butt,76908-6430760-8,Muhammed Bilal Butt,1969-10-18,46332528,"H-09049, Bahria Town, Rawalpindi",Bahria Town,Rawalpindi
PROP004984,فاطمہ خان,75620-2093032-1,Muhammed خان,1976-06-17,27458363,"H-09144, Saddar, Rawalpindi",Saddar,Rawalpindi
PROP004985,بلال Khan,20540-2144406-6,Muhammad حسن خان,1980-06-04,25985563,"H-09144, Saddar, Rawalpindi",Saddar,Rawalpindi
PROP004986,Bilal Mughal,47114-8393189-0,Husain مغل,1958-07-06,33190528,"H-09174, Madina Town, Faisalabad",Madina Town,Faisalabad
PROP004987,Muhammed بلال مغل,47114-8393189-0,Hussain مغل,,41039203,"H-09174, Madina Town, Faisalabad",Madina Town,Faisalabad
PROP004988,محمد مغل,80240-4496208-6,Muhammed Husain Moghul,1963-03-12,15440481,"H-09205, North Nazimabad, Karachi",North Nazimabad,Karachi
PROP004989,Fatimah خان,36033-1204805-5,,1986-12-18,19419336,"H-09236, Satellite Town, Rawalpindi",Satellite Town,Rawalpindi
PROP004990,Fatimah خان,36033-1204805-5,احمد خان,1986-12-18,20771331,"H-09236, Satellite Town, Rawalpindi",Satellite Town,Rawalpindi
PROP004991,Ahmad Qureshi,,فیصل Quraishi,1981-06-23,15968834,"H-09276, F-8, Islamabad",F-8,Islamabad
PROP004992,احمد Qureshi,73881-4631262-3,Mohammed Faisal Qureshi,1981-06-23,22659931,"H-09276, F-8, Islamabad",F-8,Islamabad
PROP004993,Usman Sayed,65456-8925553-7,Ahmad سید,1990-06-15,21237595,"H-09402, F-8, Islamabad",F-8,Islamabad
PROP004994,Osman Sayed,65456-8925553-7,Ahmed سید,1990-06-15,26497417,"H-09402, F-8, Islamabad",F-8,Islamabad
PROP004995,Othman Sayed,,Muhammed Ahmad Sayyid,1990-06-15,26965640,"H-09402, F-8, Islamabad",F-8,Islamabad
PROP004996,Muhammad فیصل شیخ,30599-1211844-7,Mohammed Shaykh,1981-09-05,24817067,"H-09436, Johar Town, Lahore",Johar Town,Lahore
PROP004997,Faysal Shaykh,30599-1211844-7,Muhammad شیخ,,41640654,"H-09436, Johar Town, Lahore",Johar Town,Lahore
PROP004998,Fatimah مغل,55378-3646143-4,Husain Mughal,,27635818,"H-09476, Bahria Town, Islamabad",Bahria Town,Islamabad
PROP004999,Fatima Moghul,,,1976-04-09,17419714,"H-09476, Bahria Town, Islamabad",Bahria Town,Islamabad
PROP005000,Sana Moghul,52901-7472951-1,Mohammad Bilal Moghul,1968-01-11,32148725,"H-09476, Bahria Town, Islamabad",Bahria Town,Islamabad
PROP005001,ثناء Mughal,52601-7472951-1,Bilal مغل,1968-01-11,16164190,"H-09476, Bahria Town, Islamabad",Bahria Town,Islamabad
PROP005002,Muhammed بلال Khan,87040-1770766-5,Ahmed Khan,1995-06-26,11790677,"H-09489, Saddar, Rawalpindi",Saddar,Rawalpindi
PROP005003,حسین Bhatti,99321-1919494-6,,,87698594,"H-09498, Model Town, Lahore",Model Town,Lahore
PROP005004,Hussain Bhatti,99321-1919494-6,حسین Bhatti,1992-08-26,83498400,"H-09498, Model Town, Lahore",Model Town,Lahore
PROP005005,Fatima Mughal,58350-9661447-2,Faysal مغل,1955-10-01,38507302,"H-09537, Satellite Town, Rawalpindi",Satellite Town,Rawalpindi
PROP005006,Fatimah Mughal,58350-9691447-2,Faysal Moghul,1955-10-01,52241891,"H-09537, Satellite Town, Rawalpindi",Satellite Town,Rawalpindi
PROP005007,Mohammed علی ملک,54855-6878217-8,Mohammad عمران Malik,2000-07-14,23208229,"H-09584, Saddar, Rawalpindi",Saddar,Rawalpindi
PROP005008,Fatima Khan,43745-6634746-6,Mohammad Imran Khan,1969-12-01,26690914,"H-09596, Satellite Town, Rawalpindi",Satellite Town,Rawalpindi
PROP005009,فاطمہ Khan,43745-6634746-6,Mohammad Imran Khan,1969-12-01,31502647,"H-09596, Satellite Town, Rawalpindi",Satellite Town,Rawalpindi
PROP005010,Faysal راجہ,40141-3333792-0,,1989-06-26,24145185,"H-09630, Model Town, Lahore",Model Town,Lahore
PROP005011,مریم بٹ,87364-1060721-4,عثمان بٹ,1961-09-18,32525810,"H-09632, DHA, Lahore",DHA,Lahore
PROP005012,Aisha Shaikh,59046-9153217-3,Hamzah Shaykh,1994-12-01,22643570,"H-09640, F-8, Islamabad",F-8,Islamabad
PROP005013,Ayisha شیخ,59046-9153217-3,Mohammad حمزہ Shaykh,1994-12-01,17211393,"H-09640, F-8, Islamabad",F-8,Islamabad
PROP005014,Othman بٹ,,Osman Butt,1968-07-08,97077773,"H-09662, F-8, Islamabad",F-8,Islamabad
PROP005015,Usman Butt,93667-4555943-2,Muhammad Othman Butt,1968-07-08,147225802,"H-09662, F-8, Islamabad",F-8,Islamabad
PROP005016,Othman Butt,93667-4555943-2,عثمان Butt,,67922169,"H-09662, F-8, Islamabad",F-8,Islamabad
PROP005017,Maryam بٹ,66097-3706803-6,Ahmad Bhatti,1990-06-14,133823712,"H-09662, F-8, Islamabad",F-8,Islamabad
PROP005018,Marium Bhatti,66097-3706803-6,Ahmed بٹ,1990-06-14,125125291,"H-09662, F-8, Islamabad",F-8,Islamabad
PROP005019,مریم Butt,66097-3706803-6,,1990-06-14,138545848,"H-09662, F-8, Islamabad",F-8,Islamabad
PROP005020,Hasan Qureshi,99340-7942072-4,Muhammad Imran قریشی,1977-01-19,44502844,"H-09683, DHA, Karachi",DHA,Karachi
PROP005021,Hasan Quraishi,99340-7942072-4,عمران قریشی,1977-01-19,51342075,"H-09683, DHA, Karachi",DHA,Karachi
PROP005022,Fatimah Awan,73138-1943372-3,Muhammad Othman Awan,1975-12-22,7080156,"H-09769, Model Town, Lahore",Model Town,Lahore
PROP005023,Faisal بٹ,58291-8842221-7,Hamza Bhatti,,44186132,"H-09876, DHA, Lahore",DHA,Lahore
PROP005024,Hamza Qureshi,78806-7933447-0,Muhammed Husain Qureshi,,16721287,"H-09886, Jaranwala Road, Faisalabad",Jaranwala Road,Faisalabad
PROP005025,Hamzah Quraishi,78806-7933447-0,,1980-07-09,15836095,"H-09886, Jaranwala Road, Faisalabad",Jaranwala Road,Faisalabad
PROP005026,Muhammad قریشی,89664-4994271-6,Bilal Qureshi,1967-01-24,22127484,"H-09886, Jaranwala Road, Faisalabad",Jaranwala Road,Faisalabad
PROP005027,Mohammed قریشی,89664-4994271-6,Bilal Quraishi,1967-01-24,15334513,"H-09886, Jaranwala Road, Faisalabad",Jaranwala Road,Faisalabad
PROP005028,زینب Bhatti,35709-9480130-5,Osman بٹ,1975-01-08,16344624,"H-09934, Cantt, Lahore",Cantt,Lahore
PROP005029,فاطمہ شیخ,34103-5748775-6,Othman Shaikh,1983-04-26,22039390,"H-09988, Gulberg, Lahore",Gulberg,Lahore
PROP005030,فاطمہ شیخ,,Usman Shaykh,,23351101,"H-09988, Gulberg, Lahore",Gulberg,Lahore
