return_id,filer_name,filer_cnic,father_name,dob,declared_income,tax_paid
TAX000000,Muhammad Butt,28289-2719583-8,Ahmed Butt,1992-07-02,1944506,201675
TAX000001,Muhammad Imran Chaudhry,38893-8536477-9,Hussein چوہدری,1955-03-23,977480,56622
TAX000002,Muhammad عثمان Malik,22676-7022674-5,Faysal ملک,1971-01-24,807597,31139
TAX000003,Ayisha راجہ,,Mohammad راجہ,1997-04-25,921611,48241
TAX000004,احمد سید,,Osman Syed,1977-04-22,5385822,717873
TAX000005,Muhammed Faysal Shaykh,42087-3741438-7,Muhammad بلال Shaykh,1972-11-23,2125273,228790
TAX000006,Muhammad Choudhary,62581-5491946-1,Hasan Choudhary,1991-12-11,644426,6663
TAX000007,Fatimah بٹ,83579-5408072-9,Bilal Butt,1992-07-12,1865467,189820
TAX000008,Aisha Khan,92240-3684052-6,Faysal Khan,,932105,49815
TAX000009,ثناء Butt,99166-2921859-8,Hussain بٹ,1996-06-04,144156,0
TAX000010,حسین Raja,23947-6007072-8,فیصل Raja,1967-03-12,120106,0
TAX000011,Ayisha راجہ,96474-8973915-8,Muhammad Ali Raja,1971-09-28,848613,37291
TAX000012,Imran Chaudhry,98039-7264956-7,,1983-02-08,230881,0
TAX000013,Mohammad Faisal چوہدری,92719-1987737-3,,1957-06-03,308770,0
TAX000014,فاطمہ راجہ,85525-8930103-3,Hamza Raja,1981-04-04,1770524,175578
TAX000015,مریم اعوان,,احمد Awan,,441315,0
TAX000016,بلال Sheikh,42742-2264748-7,Imran شیخ,1961-01-21,170091,0
TAX000017,Hasan شیخ,33092-4586084-6,Muhammad Shaykh,,254072,0
TAX000018,Zainab Sayyid,73788-3597059-3,Hussain سید,,815289,32293
TAX000019,حسن Sayyid,42271-1666754-9,Muhammed Ahmed Syed,1981-11-19,121274,0
TAX000020,Muhammad احمد Raja,44760-3222252-5,احمد راجہ,1970-06-10,2669310,310396
TAX000021,Mohammad Faisal راجہ,49240-2737893-2,,1962-02-24,624182,3627
TAX000022,Hussain Moghul,36685-5428914-8,Hamzah Mughal,1971-01-03,477739,0
TAX000023,Muhammed Khan,93507-5394880-5,Muhammad حمزہ Khan,1990-12-14,406543,0
TAX000024,احمد Sheikh,58393-3484601-6,Mohammad Ali Shaikh,1957-05-12,800668,30100
TAX000025,Othman Ch.,56357-7817881-9,Ali Chaudhary,1970-03-26,1514826,137223
TAX000026,علی Qureshi,44970-3670896-1,Bilal قریشی,1957-08-08,2630275,304541
TAX000027,حسین Chaudhary,,,,488001,0
TAX000028,حرا Raja,25118-5382463-2,Faysal Raja,1971-01-04,580759,0
TAX000029,عثمان Syed,25157-7462506-9,Mohammad Hasan Syed,1971-01-23,651983,7797
TAX000030,Muhammad Osman سید,,,1987-05-22,889432,43414
TAX000031,عمران Shaykh,97153-7361002-2,Faisal Shaikh,1991-05-13,2146620,231993
TAX000032,Mohammed حسین Bhatti,86019-6406444-7,Muhammed Hamza Butt,1983-11-07,4600036,600005
TAX000033,Ahmed Bhatti,92960-6623525-1,,1998-05-08,967445,55116
TAX000034,Mohammed Hassan اعوان,69692-7953166-9,,2000-12-13,589875,0
TAX000035,Ahmed Syed,77889-8793853-0,Imran Sayyid,1970-02-15,37925332,5598799
TAX000036,حمزہ مغل,81810-8481188-2,Muhammad Hamza Moghul,1983-05-25,390642,0
TAX000037,Hira Choudhary,20155-5793722-3,Hussain چوہدری,1976-06-18,251133,0
TAX000038,Hira Shaykh,64377-7838382-5,Muhammed Imran Shaikh,1984-07-02,3543602,441540
TAX000039,Faisal Sayed,56105-6009888-6,بلال Syed,1989-12-24,490220,0
TAX000040,Hamza Choudhary,33654-1486955-6,عثمان چوہدری,1997-11-26,221296,0
TAX000041,Fatima Mughal,61645-1454696-1,Bilal Mughal,,841352,36202
TAX000042,Hamza قریشی,46471-8072684-4,احمد قریشی,1985-01-24,595647,0
TAX000043,Hasan Malik,42411-4344717-0,Muhammed Faysal Malick,,1996790,209518
TAX000044,Hamzah Butt,89415-2921542-2,Husain Butt,1961-10-01,4351563,562734
TAX000045,Mariam Chaudhry,92213-5074336-1,Husain چوہدری,1998-10-26,1293189,103978
TAX000046,Mohammed عثمان راجہ,19038-9488613-5,,1981-08-04,3273493,401023
TAX000047,حرا شیخ,78386-5531230-9,Imran Shaykh,1985-08-14,172832,0
TAX000048,Hassan Malick,41963-8796514-9,Faysal ملک,1997-07-11,829250,34387
TAX000049,مریم راجہ,94659-9234615-7,Mohammad راجہ,1960-05-08,1556806,143520
TAX000050,حمزہ راجہ,65771-6549757-5,Hamzah Raja,1972-05-09,941972,51295
TAX000051,Ahmad راجہ,38361-9123504-4,Faysal Raja,2003-09-20,1756236,173435
TAX000052,حسین چوہدری,49618-1237370-8,Ali Ch.,1972-01-02,1240120,96018
TAX000053,Muhammed Hamza Malick,47268-8875173-7,حمزہ Malick,1976-03-02,987356,58103
TAX000054,Mohammed Ahmad سید,85631-1899411-2,,1991-05-03,20286,0
TAX000055,ثناء مغل,78494-7381684-7,Hamza مغل,1974-10-14,1101089,75163
TAX000056,Hasan Chaudhry,30585-5024269-2,Mohammed Imran Choudhary,1959-03-01,536779,0
TAX000057,Zaynab خان,47056-8617381-1,Mohammed حسن Khan,1971-11-19,927297,49094
TAX000058,Bilal Malick,94886-3499627-4,علی ملک,1959-01-06,460988,0
TAX000059,حمزہ ملک,62757-5567533-8,عمران Malik,,413087,0
TAX000060,حرا Qureshi,,,1992-01-25,2128770,229315
TAX000061,Faysal Khan,78021-8419378-4,Muhammed علی خان,1992-07-21,1074644,71196
TAX000062,Zainab Sayyid,97835-2754894-2,Muhammed Othman Sayed,1981-12-16,4892865,643929
TAX000063,Hamzah Malick,52372-2944841-6,عمران Malick,1955-11-28,2498756,284813
TAX000064,Ayesha چوہدری,,Mohammad Chaudhary,1968-05-18,628922,4338
TAX000065,Aisha Khan,30758-6213522-8,Muhammad Khan,1990-07-03,2714102,317115
TAX000066,Muhammad Hamza Malick,48254-9537455-4,Bilal Malik,1985-08-08,6152317,832847
TAX000067,Faisal راجہ,46208-7961578-5,عمران Raja,1972-01-10,1893646,194046
TAX000068,Fatimah اعوان,55236-6577416-8,Imran Awan,1979-08-11,951906,52785
TAX000069,فیصل Sayyid,15720-6338112-7,Muhammad بلال Sayed,1979-11-26,206117,0
TAX000070,Ayisha Sheikh,53515-2683838-6,Ahmad Shaykh,1988-08-01,391755,0
TAX000071,حرا Sheikh,44737-6680114-9,Mohammed بلال Sheikh,,469232,0
TAX000072,Zaynab Awan,90931-2147909-3,Hussein Awan,1969-12-03,784709,27706
TAX000073,Muhammad Hamza Shaikh,16028-6442103-0,Muhammed Hussain شیخ,1977-06-14,2097231,224584
TAX000074,Mohammed Ali Shaikh,60140-5040453-7,فیصل شیخ,1964-04-15,2692376,313856
TAX000075,Zaynab خان,98815-3650391-1,Hamzah Khan,1977-10-10,8347934,1162190
TAX000076,Hira Butt,36111-7454081-7,احمد بٹ,,239244,0
TAX000077,Mohammad سید,84177-1822825-9,Muhammad Hamza Sayyid,1973-04-20,3227148,394072
TAX000078,Mohammad Faysal Bhatti,92242-1661401-4,Hamza بٹ,1957-10-12,1055523,68328
TAX000079,Hussein Quraishi,,Muhammed Othman Quraishi,1988-09-09,264242,0
TAX000080,Hamzah Qureshi,59941-7232293-1,حسن Qureshi,1985-01-20,438248,0
TAX000081,Mohammed Ahmed اعوان,25292-3345069-0,Mohammad Awan,,1378156,116723
TAX000082,Bilal اعوان,64935-3592464-6,Ahmed اعوان,1986-10-14,97770,0
TAX000083,Hasan اعوان,57537-2666893-5,عمران Awan,1996-06-02,388443,0
TAX000084,حمزہ Malik,12799-1848566-5,,1963-10-07,2643649,306547
TAX000085,Faysal Chaudhry,29340-1047572-4,,1963-09-09,2680747,312112
TAX000086,Ali Khan,87182-6431983-0,علی Khan,1971-01-05,895590,44338
TAX000087,Ahmad Awan,77271-2829622-7,Mohammed عمران Awan,1969-10-02,152800,0
TAX000088,Hamza Khan,62640-8151684-1,Hamza خان,,262548,0
TAX000089,Mohammed Ahmad شیخ,92978-6455706-6,Faisal Sheikh,1988-05-15,1558545,143781
TAX000090,عمران چوہدری,,Muhammad Hamzah Choudhary,1980-07-24,2652487,307873
TAX000091,Mohammed Usman شیخ,21957-2432176-1,بلال Shaikh,1961-12-24,800879,30131
TAX000092,Faisal Bhatti,85748-9512969-3,علی Bhatti,1997-08-08,642514,6377
TAX000093,Ahmad Bhatti,66244-1440466-9,Husain Butt,1956-03-09,816154,32423
TAX000094,Othman Quraishi,28776-7724045-1,Ali Quraishi,2002-11-01,810632,31594
TAX000095,Marium اعوان,58503-6228407-5,فیصل اعوان,1993-02-02,2517785,287667
TAX000096,Ahmad Butt,73656-8416270-6,حسین بٹ,1968-09-04,1965835,204875
TAX000097,Sana Butt,61807-1919088-0,Muhammad Hassan بٹ,1974-04-25,1089505,73425
TAX000098,Mohammed احمد خان,33028-3167376-6,Muhammad Imran Khan,2000-04-17,369674,0
TAX000099,Ahmed Syed,12456-8713396-1,Mohammed Usman Sayyid,1991-07-19,219984,0
TAX000100,Ahmed سید,32527-8719145-5,Ahmed Sayed,,1491325,133698
TAX000101,Bilal Butt,53655-3820798-1,Mohammed عمران Butt,1995-02-17,310304,0
TAX000102,Maryam Mughal,99277-6422534-5,Ali Moghul,1983-02-16,1230969,94645
TAX000103,فیصل Khan,19784-6207779-7,,1957-01-12,5902555,795383
TAX000104,فیصل مغل,70648-1688246-7,فیصل Moghul,1996-04-11,883225,42483
TAX000105,Muhammed اعوان,21053-9464927-2,,1970-12-15,211631,0
TAX000106,Mohammed عثمان Quraishi,63578-6676858-9,Muhammad قریشی,1995-11-11,440270,0
TAX000107,Zaynab Bhatti,53694-2367376-9,علی بٹ,1977-05-21,771409,25711
TAX000108,فاطمہ Mughal,83259-7319630-5,علی Moghul,1997-12-27,1884526,192678
TAX000109,Bilal Raja,57526-6181912-2,Hassan راجہ,1976-08-07,3220557,393083
TAX000110,Hussein ملک,19013-1633297-5,Faisal ملک,1963-10-13,2146560,231984
TAX000111,Muhammad Hamzah Khan,98652-4985095-7,فیصل خان,1973-12-26,500412,0
TAX000112,حمزہ Ch.,67749-8745704-4,Mohammad بلال Chaudhry,1987-09-14,242658,0
TAX000113,Husain خان,82684-2721170-8,,1973-02-25,172601,0
TAX000114,Bilal Malik,55820-1447451-6,Mohammad ملک,1980-09-12,1495571,134335
TAX000115,Muhammad Hassan خان,95191-6625238-2,Ali Khan,,437076,0
TAX000116,مریم مغل,12490-5293691-3,Ali مغل,1990-12-20,608797,1319
TAX000117,Hussein Ch.,16258-5000351-6,فیصل Choudhary,1984-02-04,233700,0
TAX000118,Mohammed عمران مغل,48177-8201433-0,Faisal مغل,1977-04-19,294400,0
TAX000119,Imran Quraishi,81313-9511546-8,,1956-07-28,10953692,1553053
TAX000120,Hussain Khan,55193-5045421-1,Faysal Khan,2002-06-05,2331416,259712
TAX000121,Mohammad Hamza Awan,18270-8678589-0,Mohammed Hussein اعوان,1967-01-26,139023,0
TAX000122,Imran سید,43202-1614394-3,Hussein Sayed,1977-01-28,796852,29527
TAX000123,Mohammed Ahmad Qureshi,67637-7486822-5,علی قریشی,1986-12-16,446769,0
TAX000124,Ahmad Sayyid,88964-4027557-8,حسین Sayed,1975-02-03,1060137,69020
TAX000125,Sana Sayed,56077-8501590-0,,1994-07-09,1212144,91821
TAX000126,Ahmad Sayed,99051-3684131-0,Ali Syed,,2614666,302199
TAX000127,Othman Quraishi,89310-3574265-7,Osman قریشی,1978-08-25,680986,12147
TAX000128,Muhammad Bilal Quraishi,24869-1434753-2,حمزہ Quraishi,1988-07-18,579691,0
TAX000129,فاطمہ Mughal,36237-3057514-2,,1983-03-23,317832,0
TAX000130,Usman ملک,48058-6032437-2,Ali Malick,1978-09-08,3028705,364305
TAX000131,Hassan Awan,82616-7189302-1,Muhammad Imran اعوان,1963-10-03,10192665,1438899
TAX000132,Sana Sayyid,26426-6318841-1,Muhammad Hamza Sayyid,1984-11-17,3154556,383183
TAX000133,علی Sayyid,26274-9692311-2,Husain Syed,1965-03-11,563882,0
TAX000134,احمد بٹ,45972-3100009-4,Faysal بٹ,1989-02-17,266624,0
TAX000135,علی مغل,83874-1691125-0,,1957-11-25,453871,0
TAX000136,Mohammad Faysal Sayed,13969-9355692-8,Mohammad Husain Syed,1996-05-16,7930954,1099643
TAX000137,Zaynab اعوان,30719-8375356-6,,1984-04-11,185825,0
TAX000138,Usman Quraishi,58567-9639932-8,Ahmad Quraishi,1975-04-15,979765,56964
TAX000139,Ahmed خان,90658-8015136-3,Mohammad علی Khan,1975-10-24,5207785,691167
TAX000140,Sana اعوان,75791-1388833-1,بلال اعوان,,4372838,565925
TAX000141,حسین اعوان,98148-8895137-4,عمران اعوان,1955-02-14,1251274,97691
TAX000142,Mohammed بلال قریشی,16705-4265774-5,عمران Quraishi,1973-02-13,13427881,1924182
TAX000143,فیصل Moghul,22672-7608607-5,Mohammad Othman Mughal,1990-06-25,911887,46783
TAX000144,ثناء Khan,,Muhammed عمران خان,1984-03-20,800846,30126
TAX000145,Ali Sayyid,49221-6643410-8,Imran Syed,1989-08-23,3881212,492181
TAX000146,Ayisha Quraishi,64596-6161977-0,Faysal Quraishi,1985-05-21,231014,0
TAX000147,Bilal Sheikh,63788-9419134-9,Muhammad Hamzah Shaykh,2002-12-02,556440,0
TAX000148,Imran Quraishi,51124-3905518-7,Imran Qureshi,1976-09-12,405288,0
TAX000149,Faysal اعوان,46569-6007984-3,Hussein Awan,1973-12-07,1115212,77281
TAX000150,Zaynab اعوان,45842-5828304-1,فیصل اعوان,1998-09-13,358714,0
TAX000151,Mohammed علی Bhatti,20358-6811015-7,,2002-08-07,812756,31913
TAX000152,Ali ملک,86917-5014486-3,Muhammad Malick,1997-09-08,1549316,142397
TAX000153,احمد Sayyid,23178-3306314-0,Muhammad عمران Sayed,,996740,59511
TAX000154,Hira چوہدری,,فیصل Chaudhary,1969-09-24,132835,0
TAX000155,علی Sayyid,62034-9311162-2,Husain Sayyid,1957-01-10,190046,0
TAX000156,Usman Bhatti,27589-9459284-7,Mohammed حسین بٹ,1967-02-11,5914924,797238
TAX000157,Mohammed Ali Khan,84420-4240708-2,Mohammad Faysal خان,1995-07-27,656070,8410
TAX000158,حرا ملک,72580-6429135-3,Mohammad Malik,1971-07-08,1186333,87949
TAX000159,Hussain Mughal,44282-7032283-3,Muhammad Mughal,,2870233,340534
TAX000160,احمد بٹ,38347-4676367-2,Hamza Bhatti,1964-08-24,384890,0
TAX000161,ثناء Choudhary,20730-9816538-7,عمران Choudhary,2000-06-03,640325,6048
TAX000162,Faisal راجہ,53007-9729882-7,احمد Raja,1998-04-23,5436437,725465
TAX000163,Imran اعوان,27294-9610869-6,Hamzah اعوان,1991-01-18,3290067,403510
TAX000164,Mohammad Bilal Bhatti,85800-2225232-0,,1977-12-03,3039974,365996
TAX000165,Ahmed اعوان,63591-4019585-2,Mohammed بلال اعوان,1978-07-15,248077,0
TAX000166,عائشہ Raja,25549-3994290-8,بلال راجہ,,353583,0
TAX000167,Hussain اعوان,79721-7363203-3,حسن Awan,1984-06-05,429508,0
TAX000168,Mohammed Syed,41544-4457475-1,Ahmed سید,1993-01-15,426807,0
TAX000169,Mohammad حسن خان,40715-4645172-0,Mohammed علی Khan,1987-05-08,1167526,85128
TAX000170,Faisal Mughal,49552-3403511-8,Hassan مغل,1981-05-09,437522,0
TAX000171,Bilal Raja,55143-7394713-8,Osman Raja,1999-07-14,1483597,132539
TAX000172,فاطمہ Chaudhary,70689-1966769-8,بلال Chaudhary,,632700,4905
TAX000173,عثمان Malik,22119-9986473-3,محمد Malik,1972-07-22,1220348,93052
TAX000174,Ahmad Chaudhry,,Hassan Chaudhary,1976-05-01,255513,0
TAX000175,حمزہ Ch.,36805-7654381-3,Imran Choudhary,1975-05-13,272180,0
TAX000176,Hussein Quraishi,61080-2654371-7,Osman قریشی,1968-06-11,546688,0
TAX000177,علی خان,86550-8005797-4,علی خان,,897479,44621
TAX000178,ثناء Qureshi,94108-9230828-9,Mohammad Ali Quraishi,2001-06-06,2564968,294745
TAX000179,Mohammad عمران Khan,,بلال خان,,939315,50897
TAX000180,Imran Bhatti,98346-8223809-2,احمد Bhatti,,770766,25614
TAX000181,Muhammad Othman Bhatti,58896-7812009-7,Faysal Bhatti,1970-12-08,1623373,153505
TAX000182,Muhammed Malik,,Mohammad Malik,1999-03-03,473011,0
TAX000183,فیصل Malik,40115-4546989-9,,1972-01-03,590051,0
TAX000184,Muhammed Imran مغل,51220-1262699-3,Faisal مغل,1964-12-27,1797469,179620
TAX000185,Mohammad Faysal Ch.,98740-6565503-6,علی Choudhary,1999-12-03,1310235,106535
TAX000186,احمد Sayyid,54642-7655572-5,Mohammad سید,,884611,42691
TAX000187,Mohammad Imran سید,99088-7376562-1,Muhammed Faisal Sayyid,,12519994,1787999
TAX000188,Hira Shaykh,57277-2787627-1,Mohammad Shaykh,1974-08-12,883832,42574
TAX000189,علی Syed,23538-1440601-1,Mohammed Othman Sayed,1990-02-20,1400256,120038
TAX000190,Mohammad Bilal خان,60829-2421022-8,Hasan خان,1991-09-06,799422,29913
TAX000191,Ali Bhatti,74634-3448380-1,علی Bhatti,1982-05-14,10687266,1513089
TAX000192,Hussain Chaudhary,70012-2794698-2,Hussain Chaudhary,1955-07-11,156974,0
TAX000193,Mohammad Hamzah قریشی,69378-6379868-9,Hasan Quraishi,1985-06-06,1680850,162127
TAX000194,Hamzah مغل,59290-5702656-6,Usman Moghul,,142938,0
TAX000195,Imran خان,67469-5887726-1,Muhammad Bilal خان,1998-08-05,961305,54195
TAX000196,Hussain Sheikh,19694-8534089-9,Muhammed Hamzah شیخ,1992-07-18,8382453,1167367
TAX000197,Sana خان,87833-2425760-1,Hassan خان,1997-11-12,461951,0
TAX000198,Zainab Sayed,22924-5340909-3,Imran Sayed,2002-09-18,1487417,133112
TAX000199,Hamza Quraishi,99070-9396422-2,Muhammad Usman قریشی,1956-08-04,297632,0
TAX000200,Mohammad Ahmed Shaykh,54966-4639213-3,Mohammed عمران Shaikh,1985-06-16,8062520,1119378
TAX000201,Zaynab Malick,,Ahmad Malick,1998-03-24,4141223,531183
TAX000202,Usman راجہ,40389-7795568-2,علی راجہ,1995-11-14,641167,6175
TAX000203,حمزہ مغل,10583-4603680-3,Mohammed Husain مغل,2003-12-26,168719,0
TAX000204,عثمان قریشی,24936-5401559-7,Muhammad Imran Qureshi,1995-06-20,4862272,639340
TAX000205,Osman Qureshi,98288-5990296-9,فیصل قریشی,1960-11-05,81611,0
TAX000206,Ali Quraishi,60916-8016887-9,علی قریشی,1991-07-14,400722,0
TAX000207,حسن Sayyid,95599-9304216-6,Muhammed Hamza Sayyid,1981-12-27,1651115,157667
TAX000208,Hassan Butt,36470-5843084-2,Hamzah Butt,1991-12-25,4973140,655971
TAX000209,Mohammad فیصل Malik,58085-1698108-7,عمران Malick,1968-07-04,895848,44377
TAX000210,Hussain Khan,55688-2459332-7,احمد Khan,1970-04-26,307290,0
TAX000211,Faisal Syed,28249-4466502-3,Muhammed سید,1991-06-18,974433,56164
TAX000212,Hussein Butt,77425-2597613-2,بلال Butt,1958-05-28,1691705,163755
TAX000213,Hassan Shaykh,98635-7688425-7,Ali شیخ,1991-11-09,212429,0
TAX000214,مریم Malick,77582-5667852-5,Hamza ملک,,1582088,147313
TAX000215,حمزہ Quraishi,62129-4654579-6,Muhammad Hassan Qureshi,1986-05-11,287865,0
TAX000216,فیصل Awan,16021-2670586-7,Muhammed اعوان,1962-03-15,1342902,111435
TAX000217,Fatimah Shaykh,45916-2565985-5,,1960-06-22,1905631,195844
TAX000218,Hira Bhatti,95915-2530068-1,محمد Butt,1968-08-03,2263089,249463
TAX000219,Aisha Khan,65353-3217531-7,Ahmad Khan,1969-07-03,2654653,308197
TAX000220,Ahmed قریشی,27973-7420993-2,علی Qureshi,1959-09-19,3320931,408139
TAX000221,Zaynab Ch.,90755-8421969-3,Ahmad Ch.,1961-03-25,173715,0
TAX000222,Muhammad Bilal Quraishi,46302-2413458-3,Mohammad Imran قریشی,1993-10-24,570873,0
TAX000223,Muhammad Hussein چوہدری,76784-4164963-6,Husain Chaudhry,1996-01-26,1126489,78973
TAX000224,مریم Malik,93634-2191383-8,Muhammed ملک,1978-06-05,3345156,411773
TAX000225,زینب راجہ,19567-1280001-9,,1955-05-07,1484131,132619
TAX000226,Sana Bhatti,65518-7749095-1,,1989-10-05,1052408,67861
TAX000227,علی راجہ,86865-2109227-4,بلال Raja,2001-04-02,2550029,292504
TAX000228,Hamzah مغل,50539-3946849-1,محمد Moghul,2000-03-23,1074501,71175
TAX000229,Mohammed عمران Raja,58741-3129542-4,احمد راجہ,1956-06-26,1735343,170301
TAX000230,Faysal ملک,76949-7041876-0,,1991-03-12,918882,47832
TAX000231,Hassan Raja,11610-5102892-0,حمزہ راجہ,1978-07-05,965843,54876
TAX000232,Imran سید,42540-7983626-5,Hussain Syed,1959-10-12,341253,0
TAX000233,Muhammad علی Choudhary,62550-2156393-7,Hussein Chaudhry,1974-06-03,1532954,139943
TAX000234,Osman Choudhary,49834-5069884-7,Usman Chaudhary,1992-08-25,1887217,193082
TAX000235,Ali Khan,40559-6812025-0,Osman خان,1955-11-13,127287,0
TAX000236,Hassan Raja,74491-2004872-2,Hussain راجہ,1960-01-08,70038,0
TAX000237,Hamza Malik,76247-3239990-6,Ahmed Malik,1992-10-02,614572,2185
TAX000238,Mohammed Husain Butt,52762-6336123-7,Muhammad Husain Butt,,622352,3352
TAX000239,Ali ملک,71086-6268604-6,Ahmed Malik,1989-06-25,326007,0
TAX000240,Mohammed Ahmed ملک,89076-1676621-3,Usman ملک,1964-02-23,565883,0
TAX000241,Muhammed حسین Bhatti,63004-8586676-8,,1970-02-15,1487695,133154
TAX000242,Hasan Awan,53456-3055673-0,,1958-03-19,836939,35540
TAX000243,Ayesha سید,56392-4602338-2,حسین Syed,1972-08-05,624609,3691
TAX000244,Mohammed Husain Awan,17992-2471723-4,,1963-07-07,220723,0
TAX000245,Imran خان,72873-9131572-5,Faisal Khan,1987-06-13,599310,0
TAX000246,Muhammad Bhatti,79393-6996728-9,Hasan Bhatti,1965-02-08,55708,0
TAX000247,Imran خان,60911-6952633-2,Ali خان,1970-10-11,1646046,156906
TAX000248,Usman مغل,83807-4158036-7,Imran Mughal,1974-03-16,396289,0
TAX000249,Mohammed Raja,53481-4380011-2,Othman Raja,,293005,0
TAX000250,Muhammad Ali Moghul,78982-7121835-1,عثمان Mughal,2000-11-13,239979,0
TAX000251,حسین قریشی,77261-9173859-5,علی Quraishi,2000-09-23,216415,0
TAX000252,Hassan Moghul,50215-5941179-2,Ali مغل,2001-01-23,198456,0
TAX000253,علی مغل,38953-2746679-7,علی Moghul,1976-12-03,1439494,125924
TAX000254,مریم Sayed,74629-7353742-5,,1979-02-27,447023,0
TAX000255,علی اعوان,48654-1336852-5,Mohammad Hussein اعوان,1961-02-11,1124177,78626
TAX000256,Imran Malick,,Bilal Malik,1996-03-20,159942,0
TAX000257,عثمان Chaudhary,82628-5450404-4,Mohammad Husain Ch.,,5727132,769069
TAX000258,فاطمہ Khan,66047-2470159-4,Faisal خان,1985-04-04,2873130,340969
TAX000259,احمد اعوان,62096-8901136-7,Husain اعوان,1960-11-18,8911585,1246737
TAX000260,Zaynab شیخ,44510-8377620-7,حسین شیخ,1969-05-19,239615,0
TAX000261,Mohammed Ahmad Qureshi,87296-4817030-8,Muhammad Qureshi,1979-09-14,436009,0
TAX000262,Sana Chaudhry,20348-7623718-0,Imran Choudhary,1991-09-26,442751,0
TAX000263,Ahmed Awan,,محمد Awan,1982-02-22,682484,12372
TAX000264,Faysal بٹ,21406-7511223-8,بلال بٹ,1990-06-28,86635,0
TAX000265,Muhammed Faisal مغل,24748-7953189-2,علی Mughal,1991-10-19,628055,4208
TAX000266,Faisal ملک,55071-7893590-4,Bilal Malick,1996-08-19,334594,0
TAX000267,Muhammad Ali بٹ,91034-7739741-0,بلال بٹ,1976-12-08,2526081,288912
TAX000268,عثمان Khan,50756-5703436-7,احمد Khan,1969-03-10,413753,0
TAX000269,حسین سید,21703-4153037-7,Hassan Sayed,1981-12-16,765138,24770
TAX000270,Muhammad عمران Sheikh,,Imran شیخ,1991-01-06,499743,0
TAX000271,حسن Khan,,,,96673,0
TAX000272,Mohammed Ch.,87862-8484373-2,حمزہ Chaudhry,1992-09-12,1411085,121662
TAX000273,Mohammed احمد بٹ,16507-3733132-9,حسن بٹ,1969-11-08,304052,0
TAX000274,بلال Raja,72140-3219862-2,Faisal راجہ,1955-04-09,714043,17106
TAX000275,Husain سید,70161-5227836-3,حمزہ Syed,1974-11-17,72232,0
TAX000276,محمد Raja,94848-5742531-4,Ahmad راجہ,,418644,0
TAX000277,حسین Bhatti,77802-5031599-0,فیصل بٹ,1980-11-11,1759311,173896
TAX000278,Muhammad Hamzah Bhatti,63031-7514172-0,Muhammad Faysal بٹ,,80983,0
TAX000279,Imran اعوان,49347-3851902-8,علی Awan,1973-02-16,515366,0
TAX000280,Othman ملک,39272-6152035-6,,1978-05-19,1759273,173890
TAX000281,Aysha مغل,19334-8922531-3,Mohammad Imran Mughal,,327478,0
TAX000282,Ayesha Sheikh,,Hamza شیخ,,857498,38624
TAX000283,Mohammed Hamzah قریشی,93165-1973306-0,Hamzah Qureshi,1972-04-25,273133,0
TAX000284,Hamzah Malik,66847-8204299-6,بلال Malik,1985-07-01,563380,0
TAX000285,Mohammed Qureshi,12348-1061186-3,Hassan قریشی,1999-06-10,1950901,202635
TAX000286,علی ملک,48119-8649174-8,Faisal Malik,1988-06-14,1883927,192589
TAX000287,Hamza Qureshi,62873-1320859-3,Mohammad Hassan قریشی,2001-03-07,2698756,314813
TAX000288,Muhammed Ahmed Qureshi,93928-5291430-8,,1958-10-02,2562752,294412
TAX000289,محمد ملک,59840-3073581-8,Hussain Malik,1985-12-05,710272,16540
TAX000290,Hussein Sayyid,,احمد Sayyid,1987-12-20,162279,0
TAX000291,Hamza Choudhary,44471-9776935-3,Othman Choudhary,2000-07-10,769419,25412
TAX000292,Hamzah قریشی,11671-2493219-1,فیصل Quraishi,1997-08-05,691561,13734
TAX000293,Ahmed بٹ,48800-5431282-7,,1961-03-28,942052,51307
TAX000294,بلال Malik,11267-3321873-2,Muhammad Othman Malick,1977-08-20,470653,0
TAX000295,Usman Shaikh,62461-8659448-4,Bilal Shaikh,,1534668,140200
TAX000296,Ahmad شیخ,23593-7979786-9,Mohammad Hamzah Sheikh,1991-11-15,465129,0
TAX000297,Faisal خان,73979-2894776-6,Hamzah خان,,526855,0
TAX000298,Muhammad Imran مغل,97797-6675742-8,عمران مغل,1999-12-20,3210682,391602
TAX000299,Mohammad Hamzah Quraishi,83183-1915467-0,Ali Qureshi,1987-08-28,1144013,81601
TAX000300,Sana اعوان,68598-6302632-1,Hamza Awan,2002-11-01,477088,0
TAX000301,احمد Moghul,49924-9528492-8,Hasan Mughal,1996-11-15,1066438,69965
TAX000302,Muhammed Hassan اعوان,91232-8937865-5,Mohammad حمزہ اعوان,1962-02-25,834328,35149
TAX000303,Osman Quraishi,78417-7272839-1,Mohammad Qureshi,1965-08-05,896450,44467
TAX000304,Aisha Bhatti,34581-3025778-6,Hasan بٹ,1984-04-23,722574,18386
TAX000305,Faisal Malik,96305-9459031-2,,1955-09-24,2859311,338896
TAX000306,Sana Shaikh,26827-2737347-6,Faysal Shaykh,1993-06-17,1429892,124483
TAX000307,Hussein Sayyid,69355-3237608-2,Mohammad بلال Syed,1993-12-24,390377,0
TAX000308,Imran چوہدری,91810-5875114-5,,2000-11-06,657967,8695
TAX000309,احمد قریشی,86389-8004117-8,حسین Quraishi,1982-01-17,468212,0
TAX000310,عائشہ Mughal,94819-7524435-3,عمران Mughal,1999-05-23,5900733,795109
TAX000311,Mariam Sayyid,17051-1217520-4,Hassan Syed,1994-08-27,1350944,112641
TAX000312,فیصل Raja,35362-5935483-7,علی راجہ,1998-02-06,1040018,66002
TAX000313,Bilal خان,82954-5433204-2,Mohammed Ali Khan,1992-05-01,2463632,279544
TAX000314,محمد شیخ,16665-6052539-7,Mohammed فیصل شیخ,1990-06-03,639918,5987
TAX000315,Ali Raja,30889-7978168-8,عمران Raja,,349033,0
TAX000316,Othman Quraishi,91039-9900294-7,,2003-11-01,424488,0
TAX000317,Faisal Moghul,99463-6384429-6,,1979-05-18,783629,27544
TAX000318,عمران Quraishi,68400-9167227-0,Hussain قریشی,1996-04-11,1196897,89534
TAX000319,عمران راجہ,37627-4576485-6,Mohammed Ahmad Raja,1968-09-27,2237068,245560
TAX000320,حرا Malick,70191-6565260-0,,1959-01-06,166695,0
TAX000321,Faisal خان,75907-2780658-4,Hussein Khan,1993-02-10,1294917,104237
TAX000322,Hira Khan,79922-4688734-2,,1989-05-21,94858,0
TAX000323,Mohammed راجہ,26152-1700837-0,Faisal راجہ,1993-07-18,446826,0
TAX000324,Hussein Chaudhry,64087-9599207-2,,1966-04-20,4173513,536026
TAX000325,فیصل Khan,94438-2227162-4,Ahmed Khan,1971-02-07,712507,16876
TAX000326,Zaynab Quraishi,23113-5783807-9,Mohammed Ahmed قریشی,1967-06-16,297165,0
TAX000327,Faisal Sheikh,97774-6307189-6,Ali Shaikh,1955-06-08,4264598,549689
TAX000328,Zainab قریشی,,Othman Quraishi,1974-08-18,164565,0
TAX000329,Husain Sheikh,44502-2282825-1,Muhammad Shaikh,1987-11-01,440425,0
TAX000330,محمد Raja,80736-8920589-2,,1980-04-25,235478,0
TAX000331,Ali اعوان,21869-7656950-5,,1955-11-08,177947,0
TAX000332,عمران Sheikh,33480-3452813-7,Othman Sheikh,1957-04-25,1385180,117777
TAX000333,Muhammed Hassan Khan,57349-7511121-7,حمزہ خان,1957-01-21,563299,0
TAX000334,حسین مغل,32786-7319298-6,,1992-11-27,623620,3543
TAX000335,Mohammed Imran Sayed,73813-9088465-9,Muhammad Syed,1987-03-15,549773,0
TAX000336,Hassan Shaikh,57477-2985251-3,Bilal Shaykh,1976-12-04,1234512,95176
TAX000337,Faysal Shaikh,41938-1723841-2,Faisal Sheikh,1992-03-05,43884,0
TAX000338,Faisal Shaykh,43850-4020528-8,Muhammad Bilal Sheikh,1993-10-21,3533310,439996
TAX000339,Ahmad Chaudhary,73133-3861635-3,Bilal Ch.,1993-03-26,630747,4612
TAX000340,Faysal Raja,99861-6749069-7,Faysal Raja,1992-02-08,807640,31146
TAX000341,Hasan Raja,65023-3509220-9,Ahmed Raja,1966-08-20,185287,0
TAX000342,Ahmed اعوان,,Mohammad عمران Awan,1981-06-28,484281,0
TAX000343,Mohammad حمزہ سید,85513-2639417-6,Muhammad Ali Sayed,1971-08-25,2743414,321512
TAX000344,Faisal Raja,34775-1091762-0,Faisal Raja,1988-02-17,4037102,515565
TAX000345,بلال Qureshi,65846-5255251-4,عمران Quraishi,,1172281,85842
TAX000346,Fatima سید,73238-3998417-5,عمران Sayed,1990-08-09,152830,0
TAX000347,حرا Sheikh,68536-3714471-1,حسن Sheikh,1987-07-26,1801545,180231
TAX000348,علی Sayed,29048-8213286-9,,1960-02-09,344192,0
TAX000349,Bilal Sayyid,78289-5806156-9,,,2765339,324800
TAX000350,Ahmed Bhatti,97773-7629401-6,فیصل بٹ,1967-09-01,3534703,440205
TAX000351,Muhammed Ahmad Raja,86406-6840069-5,Hussein Raja,,373426,0
TAX000352,Hussein Shaikh,83220-2214435-8,حسین شیخ,1976-02-26,204946,0
TAX000353,Hamzah سید,41886-6698561-7,Hamzah Sayyid,1992-01-16,7460671,1029100
TAX000354,Hasan Quraishi,77699-9986747-2,حسین Quraishi,,296191,0
TAX000355,Ahmad راجہ,51139-6931382-3,Faysal راجہ,,335107,0
TAX000356,Hamzah چوہدری,44787-4469169-3,Mohammad Hassan Choudhary,1970-10-12,2425161,273774
TAX000357,حمزہ مغل,15539-9091518-5,Faisal Mughal,1975-08-19,109252,0
TAX000358,Muhammed Bilal Ch.,17097-9820377-6,Muhammad حمزہ چوہدری,1989-01-17,1447669,127150
TAX000359,Hamzah Malik,51373-5141240-0,Hassan ملک,1979-10-04,946340,51951
TAX000360,علی راجہ,45311-8907862-9,عثمان Raja,,1137724,80658
TAX000361,Usman سید,33578-3200150-9,,,1785371,177805
TAX000362,Fatema Shaikh,11276-3962978-6,Hamzah Shaykh,1963-11-17,6245039,846755
TAX000363,Hamza Bhatti,84427-1800429-6,احمد بٹ,,2121525,228228
TAX000364,Mohammed حمزہ Qureshi,57226-5323737-5,Muhammed Quraishi,1981-02-12,36094,0
TAX000365,Mohammed Faysal Mughal,47304-6957741-5,Mohammad Imran مغل,,350623,0
TAX000366,Hamza Shaykh,65288-7790959-1,Ahmed Shaykh,1965-06-08,202747,0
TAX000367,فیصل سید,57600-9739850-7,,1965-03-28,2034485,215172
TAX000368,Muhammad Ahmad Ch.,23501-2603125-1,حمزہ چوہدری,1990-01-01,96304,0
TAX000369,Ahmad بٹ,21050-7540534-4,Mohammad حسن بٹ,1970-12-10,2059911,218986
TAX000370,Mohammed خان,72410-8838205-8,Husain خان,1990-08-05,879885,41982
TAX000371,Faysal مغل,78610-9955411-4,Mohammed عثمان Moghul,1985-09-08,2874285,341142
TAX000372,Bilal بٹ,11333-1001549-8,Ali Butt,1977-05-16,109932,0
TAX000373,Marium Bhatti,48393-4879150-0,عمران Butt,1978-04-14,46462,0
TAX000374,Ali Sayyid,44469-2328918-6,Mohammed حسن Sayed,1988-10-26,551690,0
TAX000375,Hussain راجہ,34641-2148634-2,Muhammad علی راجہ,1973-02-21,1313693,107053
TAX000376,فاطمہ Quraishi,16505-9975319-0,علی Qureshi,1961-05-09,219288,0
TAX000377,حسن Malick,74694-4643211-5,Muhammad بلال Malik,1974-08-12,498113,0
TAX000378,احمد شیخ,61435-2197636-8,حمزہ Shaykh,1966-04-27,2024458,213668
TAX000379,Ahmad Chaudhary,42396-1562209-3,Hamzah Choudhary,2002-02-17,130150,0
TAX000380,Hamza سید,30789-1707762-8,Muhammad عمران Syed,1962-05-16,698134,14720
TAX000381,Muhammed عثمان Khan,40928-8284023-5,Muhammed خان,1965-05-19,1240416,96062
TAX000382,Muhammed مغل,58679-2501223-3,Ali Moghul,1986-02-22,1065182,69777
TAX000383,Muhammed قریشی,24076-3111034-7,Hasan Qureshi,1975-09-26,152180,0
TAX000384,حمزہ Chaudhary,56945-3260430-4,Mohammed Ch.,1986-12-15,146856,0
TAX000385,Fatimah Mughal,55569-6430463-7,,1993-09-06,2936110,350416
TAX000386,Hussein Raja,10094-9488562-6,علی Raja,1956-10-28,1342635,111395
TAX000387,Ahmed راجہ,78690-9347489-8,Mohammad Ali راجہ,,806563,30984
TAX000388,Imran Malik,33414-1524686-3,Mohammad Ahmad Malick,1986-04-04,227895,0
TAX000389,حرا Awan,87371-5293936-0,Mohammed عثمان اعوان,1969-10-23,766086,24912
TAX000390,Hamzah ملک,57307-7978536-5,Mohammad ملک,1994-05-17,360193,0
TAX000391,Ahmad چوہدری,23267-4875838-8,Bilal Ch.,1967-04-17,1839309,185896
TAX000392,Imran Raja,,,1961-03-26,280266,0
TAX000393,Ali Raja,,Mohammed عثمان Raja,1978-07-25,716482,17472
TAX000394,Muhammed حسین Mughal,27705-6064062-0,Mohammad Hussain Mughal,1969-04-28,2250616,247592
TAX000395,Imran راجہ,84922-3595683-1,Mohammad راجہ,1984-06-05,986680,58002
TAX000396,Hasan Butt,84774-7707501-9,,2001-02-24,209848,0
TAX000397,حرا Moghul,94181-6039762-0,,1979-02-25,1656056,158408
TAX000398,Bilal Sayyid,95561-1191837-6,Mohammed Sayed,1974-09-02,1398720,119808
TAX000399,Muhammad عمران چوہدری,98294-7591477-7,Mohammed فیصل چوہدری,1991-09-03,382118,0
TAX000400,Fatema Shaikh,72371-1827302-8,بلال Shaikh,1971-02-13,3618101,452715
TAX000401,Muhammad علی Awan,73944-7632348-3,Hassan اعوان,1990-10-24,867238,40085
TAX000402,Ahmad Bhatti,99749-2503148-1,Muhammad Bilal Butt,1982-06-12,2402408,270361
TAX000403,حسین شیخ,67961-3446428-7,Muhammad شیخ,1969-04-22,2755718,323357
TAX000404,Ahmad Khan,29356-5826554-0,Othman خان,1999-02-10,657160,8574
TAX000405,Imran Chaudhary,,حمزہ Chaudhry,1994-12-05,363451,0
TAX000406,Bilal Moghul,43283-3857489-0,,1967-12-20,829636,34445
TAX000407,Hamza Mughal,34434-4336575-8,Mohammad Hamzah Moghul,1990-12-01,437610,0
TAX000408,Osman اعوان,12408-6818001-5,,1995-05-08,431884,0
TAX000409,Muhammed Bhatti,82737-5700872-3,Ali بٹ,1976-07-22,3390120,418518
TAX000410,Bilal Ch.,,Usman چوہدری,1983-09-05,1299144,104871
TAX000411,علی Bhatti,66369-3435253-9,Ali Bhatti,1975-02-18,2685722,312858
TAX000412,علی Qureshi,51771-7946441-6,حسین Quraishi,1983-12-27,341896,0
TAX000413,Ali Ch.,34215-1439533-9,فیصل چوہدری,,3992065,508809
TAX000414,Hasan خان,72469-3249600-8,فیصل Khan,1985-12-21,197586,0
TAX000415,Marium Sheikh,,Muhammad Shaykh,1972-07-08,101246,0
TAX000416,Muhammed حسن Malick,90879-9219877-5,حمزہ ملک,1970-07-13,222570,0
TAX000417,حرا قریشی,78242-2834023-7,Hamzah قریشی,1957-04-17,274695,0
TAX000418,Mohammad عمران Sayed,16461-4185160-4,,1980-05-25,557357,0
TAX000419,Zaynab مغل,28643-8777564-7,Muhammad Ahmed مغل,2001-09-04,1357559,113633
TAX000420,بلال سید,13265-4001084-7,Faysal Sayyid,2000-04-15,992212,58831
TAX000421,Ahmad Malick,93109-7089179-1,Mohammed عمران Malik,2000-07-24,273654,0
TAX000422,حسین اعوان,25408-3207395-3,Mohammed اعوان,1994-05-01,1781387,177208
TAX000423,Faisal Awan,87183-8981122-7,بلال اعوان,1983-02-20,2578027,296704
TAX000424,Imran Butt,83079-4483580-0,علی Butt,1964-01-21,5835934,785390
TAX000425,Faysal Mughal,21495-1822609-1,Bilal Moghul,1966-03-22,613197,1979
TAX000426,حمزہ Moghul,22206-6026328-5,Mohammad Usman Mughal,1979-02-25,620021,3003
TAX000427,Hamzah شیخ,53150-9842477-6,Imran Shaikh,1968-12-07,563814,0
TAX000428,Mohammad Faysal Raja,89269-5818203-6,Faysal راجہ,1975-05-17,765400,24810
TAX000429,علی مغل,78118-9350710-7,Ali Moghul,1994-04-23,783082,27462
TAX000430,محمد اعوان,90649-7956372-6,محمد Awan,1976-06-18,88805,0
TAX000431,حسین Butt,,Mohammed عثمان Butt,1955-02-22,595040,0
TAX000432,Ali Choudhary,98142-9038102-7,Muhammad Chaudhry,1996-03-16,2175121,236268
TAX000433,Hamza سید,49235-6293259-8,Muhammed عمران Sayyid,1956-04-19,1765718,174857
TAX000434,Ahmed Sheikh,54457-7295495-8,Muhammed علی Shaykh,1991-10-13,7780411,1077061
TAX000435,Othman Khan,21376-9339189-3,,1983-05-07,480956,0
TAX000436,Mohammed Ahmad قریشی,22137-8445293-8,,1985-09-05,795112,29266
TAX000437,Usman Shaykh,98698-3226624-3,,1984-07-23,821962,33294
TAX000438,Mohammad Moghul,71194-1784096-1,Imran مغل,1997-12-10,1474596,131189
TAX000439,Mohammed Usman Chaudhry,46261-9930106-5,حمزہ Chaudhry,1997-02-09,170472,0
TAX000440,فیصل Raja,,Muhammad عثمان Raja,1972-03-23,158117,0
TAX000441,Ahmed Bhatti,80854-8443172-0,Ali Bhatti,1956-08-22,682786,12417
TAX000442,Bilal Sayed,87693-8479891-9,Usman Sayed,1974-06-27,1405957,120893
TAX000443,Hamza Mughal,71377-2631802-7,,1998-11-23,18197632,2639644
TAX000444,علی Moghul,61390-4076154-5,Osman Mughal,1984-08-01,655455,8318
TAX000445,Maryam Sheikh,89225-3137316-8,Mohammad Ahmad Shaykh,1980-12-26,211137,0
TAX000446,Muhammed Hussein Raja,87402-7936404-3,Mohammed Faysal Raja,1970-09-06,1237364,95604
TAX000447,حسن Mughal,84345-6741177-8,,1966-11-22,2717071,317560
TAX000448,عائشہ Mughal,52647-2638360-7,,1974-07-03,1409496,121424
TAX000449,Zainab Awan,38522-3330636-9,Muhammed Awan,2003-03-22,4485464,582819
TAX000450,ثناء مغل,36356-6311628-4,Faisal Moghul,1998-05-14,1802122,180318
TAX000451,احمد Bhatti,66585-7614724-5,بلال Bhatti,1980-07-14,710239,16535
TAX000452,Mohammed Hamza Sheikh,60409-7044627-6,Ali Shaikh,1973-11-05,1727894,169184
TAX000453,Ali اعوان,21097-3302174-6,Mohammad Hamza اعوان,1999-10-14,828092,34213
TAX000454,ثناء سید,60425-6961066-3,علی سید,1982-10-01,2251780,247767
TAX000455,عمران بٹ,14385-1635269-9,,,168949,0
TAX000456,Mohammed Ali Raja,77757-2312558-8,Faisal راجہ,,1694860,164229
TAX000457,عمران Mughal,12917-6763748-8,Muhammed Moghul,1985-08-17,68185,0
TAX000458,Mohammed Bilal Qureshi,31955-1592675-9,,2001-10-09,1553912,143086
TAX000459,فیصل Khan,13578-5811968-7,احمد خان,1963-09-03,2459947,278992
TAX000460,Muhammed Faysal Bhatti,11861-2871488-9,Mohammed علی Bhatti,1992-12-05,685040,12756
TAX000461,Ali Bhatti,33699-9848116-0,Osman Bhatti,1960-03-20,851257,37688
TAX000462,Marium Sayed,93568-3806547-3,Faysal سید,2001-06-02,789658,28448
TAX000463,Muhammad Shaikh,72420-6056101-7,Imran شیخ,1969-07-22,384765,0
TAX000464,زینب Shaykh,11554-5845129-8,Mohammed بلال Sheikh,1998-06-17,478402,0
TAX000465,Mohammad Ahmed Raja,90017-5573311-5,Muhammed Husain راجہ,1972-02-09,819547,32932
TAX000466,Mariam Chaudhry,78151-6660743-2,Osman Choudhary,1990-01-22,5927595,799139
TAX000467,Aysha راجہ,56073-4681195-4,Hussain راجہ,,680236,12035
TAX000468,فیصل Chaudhary,,Faysal چوہدری,1963-07-22,115950,0
TAX000469,Ahmed Shaykh,71204-2270273-7,Mohammed Husain Shaykh,1982-12-22,35589,0
TAX000470,Ahmed Butt,60933-6581020-0,Hussain Bhatti,1971-03-15,1472948,130942
TAX000471,فیصل Sayed,24212-3413781-8,Mohammed Bilal Sayyid,1968-10-21,592611,0
TAX000472,Ahmed خان,86887-5204309-7,محمد Khan,1986-03-21,1420775,123116
TAX000473,بلال Butt,61292-1062138-8,حمزہ بٹ,,434802,0
TAX000474,عمران Chaudhry,73185-3033459-9,Imran چوہدری,1977-06-22,2730629,319594
TAX000475,عثمان Raja,70245-5864699-3,علی راجہ,,507859,0
TAX000476,بلال ملک,21123-8348147-3,Ali Malik,1957-04-01,752711,22906
TAX000477,Muhammed حمزہ Sayyid,94332-6162867-7,Imran Sayyid,,925946,48891
TAX000478,بلال Malik,70079-3499027-9,,,1794924,179238
TAX000479,ثناء خان,11882-3889858-0,Hussain Khan,1961-08-20,1143639,81545
TAX000480,Ahmad اعوان,38910-2058811-3,Bilal Awan,,2469543,280431
TAX000481,عثمان Chaudhry,32734-6628818-1,Ahmed Choudhary,1972-03-25,2476019,281402
TAX000482,Faysal بٹ,26632-4458794-2,Hussein Butt,1988-08-14,1668548,160282
TAX000483,Muhammed فیصل Shaikh,92207-6053293-5,Mohammad بلال شیخ,1955-09-08,4117264,527589
TAX000484,Faysal قریشی,38740-8788252-3,حسین Qureshi,1958-04-04,288919,0
TAX000485,مریم Sheikh,17081-7117145-4,,,307495,0
TAX000486,Aysha ملک,33053-3651565-0,Hamzah Malick,,1326561,108984
TAX000487,Bilal Chaudhry,24435-6471590-3,Ahmad Chaudhry,1970-12-14,86593,0
TAX000488,احمد Awan,17122-8312902-2,Hasan Awan,1994-08-06,1998058,209708
TAX000489,Muhammad Osman Bhatti,26673-1538457-9,Muhammed Butt,1972-03-04,242147,0
TAX000490,Osman Ch.,,,1969-02-14,68711,0
TAX000491,Faysal اعوان,11901-8782500-3,Hassan Awan,1975-07-19,386151,0
TAX000492,Mohammed Faysal خان,15250-8896240-8,Mohammed Khan,1982-09-13,1141553,81232
TAX000493,Muhammad Hamza اعوان,83202-1208423-6,Hasan Awan,1963-06-10,1129443,79416
TAX000494,Hamzah Bhatti,84760-1409590-7,Hamza Bhatti,1963-12-13,340462,0
TAX000495,حرا Khan,53634-9907365-0,حسین خان,1982-05-23,357670,0
TAX000496,احمد مغل,77467-7106747-0,Mohammad Ahmad Moghul,1979-06-15,594710,0
TAX000497,Osman Sheikh,18782-4434507-2,عثمان Shaikh,1970-09-04,432860,0
TAX000498,Mohammad Hassan قریشی,76003-8095573-4,Mohammed Qureshi,1959-06-12,999226,59883
TAX000499,Hamzah Raja,,Hassan راجہ,1984-02-03,1407718,121157
TAX000500,Ahmed Shaikh,29392-9327014-2,حسن Shaykh,1988-11-01,382264,0
TAX000501,Mohammad حمزہ قریشی,94500-1360413-4,Hasan Quraishi,1959-01-28,250363,0
TAX000502,بلال Moghul,73720-9894713-8,Hamzah Moghul,1984-05-19,720528,18079
TAX000503,Hussain Chaudhary,47767-1793880-2,Usman Choudhary,1973-08-06,893875,44081
TAX000504,عمران Bhatti,97340-3575047-2,Hassan Butt,1962-01-11,460223,0
TAX000505,زینب Qureshi,83726-1581986-5,Mohammed Othman Qureshi,1964-06-15,1751074,172661
TAX000506,Imran Butt,63026-9378825-2,Hamza بٹ,,514750,0
TAX000507,حسین Awan,97410-3467651-9,Hamza اعوان,1976-12-04,998299,59744
TAX000508,Mohammed علی Raja,13250-7738231-9,Hassan راجہ,1983-06-03,2993426,359013
TAX000509,فیصل راجہ,35652-1378303-1,,1983-11-22,383845,0
TAX000510,Fatima Awan,89308-9582482-0,,1980-03-23,2161369,234205
TAX000511,Muhammed Bhatti,50381-8475525-8,Ahmad بٹ,1968-12-15,295724,0
TAX000512,Maryam Bhatti,64289-3341557-9,فیصل Butt,1960-03-07,654539,8180
TAX000513,احمد Moghul,10867-7869609-4,Muhammad بلال Mughal,,18982745,2757411
TAX000514,حسن شیخ,82596-9230660-0,Hussein شیخ,1992-05-16,575840,0
TAX000515,Fatema Khan,44429-6036006-7,احمد خان,1996-11-10,350329,0
TAX000516,Muhammad Malick,18745-7069317-9,Hamza Malick,1991-07-28,1872215,190832
TAX000517,Othman Raja,44028-3732123-9,Muhammed راجہ,1964-06-15,2507522,286128
TAX000518,Mohammed بٹ,93394-6972425-0,,1973-09-21,335443,0
TAX000519,Ahmad مغل,52284-6305130-4,Mohammad Hussein Moghul,1998-12-23,223690,0
TAX000520,Ali Khan,46885-7258139-7,Bilal خان,1976-03-04,9081031,1272154
TAX000521,Mohammad Husain Qureshi,88335-9776715-5,Ali Quraishi,2000-05-01,507045,0
TAX000522,Hasan Shaikh,50295-3102926-3,علی Shaikh,1960-07-23,1946002,201900
TAX000523,Mohammed ملک,36922-4355853-2,Othman Malick,1956-02-05,461253,0
TAX000524,Mohammad عثمان Shaikh,90341-5057108-8,Muhammad Faisal شیخ,1959-02-27,668361,10254
TAX000525,Imran Chaudhry,32514-1072627-1,حسن چوہدری,,2444205,276630
TAX000526,حرا Malick,59756-8115080-3,عمران ملک,1969-07-04,14609,0
TAX000527,Aysha Raja,55349-5836389-8,Mohammed Raja,1960-06-16,1583299,147494
TAX000528,حمزہ Chaudhary,48088-8180005-3,Ahmed Choudhary,1985-11-12,1041269,66190
TAX000529,Hira Malick,78506-2426162-1,علی Malik,1980-07-23,1907942,196191
TAX000530,علی Malick,54385-4359863-9,بلال Malik,1962-04-27,569196,0
TAX000531,Bilal قریشی,73508-9580111-4,Muhammed Ali Quraishi,1984-02-04,202132,0
TAX000532,Mohammad Malik,75291-1448771-2,بلال ملک,,790944,28641
TAX000533,Ahmed Raja,36467-5925168-7,Mohammed حمزہ Raja,1987-05-18,129843,0
TAX000534,Muhammad Sayyid,68997-6277427-6,حمزہ Sayed,1984-01-02,1436400,125460
TAX000535,علی Awan,50954-7527687-7,Ahmad Awan,1991-11-16,1657688,158653
TAX000536,Maryam راجہ,17305-7566347-4,,1992-07-20,141782,0
TAX000537,Othman Khan,15913-3450806-5,Othman Khan,2002-10-01,1790246,178536
TAX000538,Aysha Sayed,63092-6893320-0,Hassan Sayed,1970-04-21,4214507,542176
TAX000539,Husain Malick,12583-6471332-0,Muhammad Hamza Malick,1997-07-19,3125046,378756
TAX000540,Hamzah Mughal,59510-7548160-5,Faisal Mughal,1961-08-04,755917,23387
TAX000541,عثمان Awan,54504-3795540-9,Mohammad Husain Awan,1978-07-07,1037059,65558
TAX000542,عمران Choudhary,16230-5988206-9,Muhammad Bilal Ch.,1969-10-24,236398,0
TAX000543,Faisal Qureshi,84242-9909769-7,Mohammed Bilal قریشی,1968-06-26,1037755,65663
TAX000544,Bilal Raja,64304-7749490-4,Mohammed Faysal راجہ,1987-08-22,148632,0
TAX000545,عمران Sheikh,37912-8839914-4,عمران Shaikh,1994-07-19,1917376,197606
TAX000546,Muhammad Imran Choudhary,25365-5032805-2,Hussain Chaudhry,1982-07-11,728402,19260
TAX000547,بلال بٹ,43612-4961601-6,حسن بٹ,1962-03-07,411707,0
TAX000548,Hamza اعوان,,Mohammed علی اعوان,,1646160,156924
TAX000549,Muhammad اعوان,21000-6266448-9,Hussein Awan,1959-07-12,307828,0
TAX000550,Bilal شیخ,84838-9392777-1,عمران شیخ,,3268260,400239
TAX000551,Muhammad حسن مغل,53160-7542586-3,بلال Mughal,1968-03-04,612354,1853
TAX000552,مریم بٹ,74272-9950140-5,Ahmed Bhatti,1975-09-14,7865503,1089825
TAX000553,Ali قریشی,50392-1353566-9,Muhammed Quraishi,2002-11-26,3123097,378464
TAX000554,Muhammad Hussein راجہ,93748-7087698-1,عمران Raja,1970-08-13,1871117,190667
TAX000555,حسین ملک,,Mohammad Osman ملک,1996-07-26,3092646,373896
TAX000556,Maryam Sayyid,23159-3690114-4,Imran سید,1959-06-14,765170,24775
TAX000557,Mohammad حمزہ خان,92595-8439100-2,Mohammad Khan,1980-04-21,1408033,121204
TAX000558,Ali چوہدری,95089-3182597-9,Bilal Chaudhry,1975-08-16,776196,26429
TAX000559,Faisal قریشی,21062-7954096-5,Ali Quraishi,1980-07-27,2399515,269927
TAX000560,عمران Moghul,70610-4326354-4,,1958-07-20,360861,0
TAX000561,Muhammad Usman Shaykh,11850-9822092-6,Hamza شیخ,1998-08-04,3342444,411366
TAX000562,Hussein Awan,66532-4466272-3,Hasan Awan,1973-12-22,862722,39408
TAX000563,Othman Sayyid,65481-5298752-1,Mohammad Ahmed Syed,1990-01-02,1570520,145578
TAX000564,Faysal Mughal,43247-9464810-9,,1974-07-22,3481444,432216
TAX000565,Muhammad Faysal Shaykh,76027-9268480-5,Hamzah Shaikh,1963-02-11,1595485,149322
TAX000566,فاطمہ Butt,15788-3145327-7,Hussain Butt,2002-06-14,4043887,516583
TAX000567,Imran قریشی,51358-9242923-2,عمران قریشی,1997-11-26,851502,37725
TAX000568,حسن Sheikh,44108-3743996-7,بلال شیخ,1962-08-02,299935,0
TAX000569,Maryam Awan,26207-6865386-1,Hassan اعوان,1973-03-27,194439,0
TAX000570,Faysal Moghul,10540-9825074-9,Muhammed Ali مغل,,55897,0
TAX000571,محمد Butt,58963-2779557-5,علی Bhatti,1956-02-15,283687,0
TAX000572,حرا Bhatti,10760-6526866-0,Faysal Butt,1983-06-24,1292433,103864
TAX000573,Hasan خان,17279-2186553-8,فیصل Khan,,5897057,794558
TAX000574,عائشہ خان,60921-7751088-4,Mohammad Ali Khan,1962-05-16,18249,0
TAX000575,فیصل Shaykh,58163-9600893-3,Hamzah شیخ,1983-07-16,12090242,1723536
TAX000576,Bilal قریشی,66899-8147380-1,Mohammad Qureshi,1987-06-15,3493075,433961
TAX000577,Hamzah Raja,48103-8855414-6,Ahmed راجہ,,110785,0
TAX000578,Hassan Raja,84513-1800747-8,,1957-09-04,2230638,244595
TAX000579,حرا Mughal,43405-2371665-8,,1962-12-22,2512477,286871
TAX000580,Aysha ملک,51149-8633602-7,Faysal Malick,1971-06-28,1439845,125976
TAX000581,Faisal Butt,80041-1300567-0,,1962-01-06,761125,24168
TAX000582,Hira Sayyid,73795-6080140-9,Faysal سید,1978-12-22,283279,0
TAX000583,Mohammed Ahmed شیخ,35008-2877580-0,Hassan Shaikh,1956-04-16,1160433,84064
TAX000584,بلال راجہ,49441-8774990-2,Muhammed Hamza راجہ,1982-01-04,413324,0
TAX000585,Marium Awan,86706-5070650-3,Husain Awan,1991-07-02,351372,0
TAX000586,مریم اعوان,82653-5878387-0,,1980-08-17,2209970,241495
TAX000587,Fatimah خان,65312-6299086-8,Ahmed خان,,70945,0
TAX000588,Muhammad Hamza Sayyid,47750-4224602-7,عثمان Sayyid,1983-04-17,994509,59176
TAX000589,Faysal Awan,61166-7993768-5,Hamzah Awan,1965-10-07,892528,43879
TAX000590,Fatimah Shaikh,89396-9257506-1,بلال Sheikh,1986-05-08,7239943,995991
TAX000591,Usman Butt,32500-9446974-0,Ahmad بٹ,1976-07-04,984998,57749
TAX000592,Mohammad Imran Chaudhry,54606-6959954-0,عمران Ch.,1972-03-28,3351841,412776
TAX000593,Mohammad Awan,23879-2709062-8,Mohammed اعوان,1987-02-06,517000,0
TAX000594,Mohammed عثمان شیخ,76308-9361613-1,علی شیخ,1996-06-11,1296594,104489
TAX000595,حمزہ Syed,72084-6726400-2,Mohammad Imran Syed,1965-02-09,1367718,115157
TAX000596,Muhammed حسن Sheikh,39908-3315160-6,Bilal Shaikh,1981-08-28,541871,0
TAX000597,Hamzah Shaykh,19120-2422342-5,Othman Sheikh,1980-03-14,546593,0
TAX000598,Imran Moghul,68482-4441570-8,Faysal مغل,1994-11-15,428704,0
TAX000599,Fatema Bhatti,80442-6611860-6,Ali Bhatti,1988-09-10,7023354,963503
TAX000600,عمران Quraishi,,Hussein Qureshi,2001-07-17,475595,0
TAX000601,Hussein Raja,16256-3092954-7,Hussein راجہ,1991-12-01,10859274,1538891
TAX000602,Usman Butt,98137-3348331-6,Imran Butt,2002-04-04,314903,0
TAX000603,Hamzah ملک,64008-2374845-1,Mohammad Malick,1982-03-16,716704,17505
TAX000604,ثناء Raja,44562-9368933-6,Muhammed Hamzah Raja,1999-08-24,620155,3023
TAX000605,Mohammad عمران Shaikh,26958-9609823-8,Mohammad Ahmed شیخ,1999-04-15,2927532,349129
TAX000606,Ahmed مغل,25842-7200623-9,Muhammed Hussein Mughal,1957-09-05,11130931,1579639
TAX000607,Hussain بٹ,28726-3384710-9,بلال Butt,1958-05-10,1094130,74119
TAX000608,Ayesha Malick,18855-1749647-6,حمزہ ملک,,15712517,2266877
TAX000609,Mariam Moghul,76160-8733225-7,Hamzah Moghul,1964-12-11,472819,0
TAX000610,Maryam Ch.,80909-1768727-7,,1996-02-28,6438389,875758
TAX000611,Muhammed Imran Malick,35221-1887084-9,Imran ملک,1967-08-17,318682,0
TAX000612,محمد Bhatti,85963-8452933-1,عمران Butt,1993-06-13,3190877,388631
TAX000613,Ayesha Quraishi,64386-1403608-8,Mohammad عثمان Qureshi,1979-05-03,341952,0
TAX000614,Hussein Sheikh,21747-3587505-4,Mohammed بلال Shaikh,1998-03-02,270281,0
TAX000615,علی Khan,61110-2656653-5,,1981-06-09,525762,0
TAX000616,Mohammed Choudhary,86812-4967662-7,Imran Chaudhry,2003-09-13,441653,0
TAX000617,Muhammad حمزہ Raja,73461-1484969-6,Muhammad حسن راجہ,1956-05-18,558047,0
TAX000618,عمران Sheikh,63313-8482340-1,عمران Shaykh,1968-03-12,1634776,155216
TAX000619,Hassan راجہ,15477-1016794-7,,1973-11-06,2394073,269110
TAX000620,Zaynab Moghul,,عمران Moghul,,5689820,763473
TAX000621,Husain Malik,28304-5688532-6,Hassan Malick,1994-09-26,1322294,108344
TAX000622,حسین Awan,96805-6396194-5,حسن Awan,1984-10-11,515564,0
TAX000623,Muhammed فیصل اعوان,98172-3911451-6,عمران Awan,1999-12-16,81465,0
TAX000624,Muhammad Imran خان,56267-7314548-9,Osman Khan,1979-03-27,1282043,102306
TAX000625,Ahmad Awan,68271-1157090-3,Muhammad اعوان,2003-05-22,3582589,447388
TAX000626,Faisal بٹ,74724-7090115-0,Husain Butt,1986-12-23,178769,0
TAX000627,Hassan سید,84593-9394071-7,Muhammed Ali Sayyid,1990-04-22,304563,0
TAX000628,احمد Moghul,26702-5355775-9,,1988-12-26,853210,37981
TAX000629,Mohammad Imran Mughal,69497-1032798-6,محمد مغل,,4868943,640341
TAX000630,مریم Qureshi,39431-1787936-4,Bilal Quraishi,1989-08-11,1204878,90731
TAX000631,Faisal Khan,19757-5194038-3,Ali خان,1976-05-03,510868,0
TAX000632,Mohammad اعوان,87664-6608665-4,Mohammed Hassan اعوان,,1165230,84784
TAX000633,Mohammad عمران Chaudhry,91207-8357303-1,حمزہ Chaudhry,1992-02-03,243953,0
TAX000634,زینب ملک,67923-1919200-4,فیصل ملک,1995-07-03,277321,0
TAX000635,حسین Sayed,90911-7897247-3,,1997-10-01,452678,0
TAX000636,Mohammad Faysal Chaudhary,93540-9537891-4,Osman Chaudhary,1981-08-24,1805656,180848
TAX000637,Mohammed Hasan Sheikh,26735-6228902-9,بلال Shaikh,1987-11-25,1241279,96191
TAX000638,Ali اعوان,54944-5883242-5,Mohammed اعوان,1988-10-22,622773,3415
TAX000639,Hassan Raja,65320-6768277-3,Hasan Raja,1995-04-26,1698030,164704
TAX000640,Hira Awan,53403-6631445-9,,1981-06-06,744904,21735
TAX000641,Hamza Ch.,40182-8827187-9,Hasan Choudhary,1970-08-24,6623997,903599
TAX000642,Fatima Sayyid,57555-1165961-1,عثمان Sayyid,1956-09-04,514096,0
TAX000643,Muhammad خان,47237-3921695-3,حسین Khan,2001-03-11,2595055,299258
TAX000644,Mohammed شیخ,12751-3302564-6,احمد Sheikh,1976-04-10,403499,0
TAX000645,Muhammed Ali Raja,18569-2987988-2,Ali راجہ,1967-04-18,4517021,587553
TAX000646,Hira Chaudhary,86981-4172607-8,Hussein Ch.,1964-06-08,929759,49463
TAX000647,Mohammed Imran Moghul,20670-8896486-9,احمد مغل,1965-09-13,813724,32058
TAX000648,حمزہ Raja,52182-7272644-8,Hamzah Raja,2000-08-16,4536138,590420
TAX000649,Hasan Choudhary,40721-7642099-3,Muhammed Hussain Chaudhary,1982-07-19,1998995,209849
TAX000650,عمران ملک,48672-8457561-8,Othman Malick,1969-10-02,355740,0
TAX000651,Marium اعوان,58170-9347387-5,Husain Awan,1979-01-06,750844,22626
TAX000652,Osman Malick,77212-2311290-4,Mohammad Hasan ملک,1961-02-03,1269765,100464
TAX000653,حسن Qureshi,99592-5604751-3,Muhammad Faysal Quraishi,1963-12-24,1261282,99192
TAX000654,Mohammad Butt,62928-7807497-9,Mohammed Butt,,235348,0
TAX000655,Fatima Chaudhry,40634-9654113-9,Mohammed Imran Chaudhary,,42939,0
TAX000656,عثمان چوہدری,37470-8359842-7,Imran Chaudhry,1956-06-05,3019308,362896
TAX000657,Mohammed Husain Khan,54541-4783105-6,Mohammad Bilal خان,,2138229,230734
TAX000658,فیصل خان,28236-3578511-5,فیصل خان,1995-10-20,465798,0
TAX000659,مریم Chaudhary,,Hamza چوہدری,,398686,0
TAX000660,Ahmed Sheikh,33283-1537863-9,,1956-03-07,602385,357
TAX000661,حسن Chaudhary,19172-8627990-0,Usman Chaudhary,1988-01-06,752247,22837
TAX000662,فاطمہ Malick,64842-9023722-1,Bilal ملک,1968-03-28,1383741,117561
TAX000663,فاطمہ مغل,87003-4405319-8,Hamzah مغل,1972-04-01,406044,0
TAX000664,ثناء Ch.,84609-9236918-7,Muhammad حمزہ Chaudhary,1991-01-24,1857019,188552
TAX000665,زینب بٹ,64701-5179788-2,فیصل Bhatti,,11563935,1644590
TAX000666,Mohammad بلال Khan,45884-5897094-1,Mohammed حسن خان,1986-07-25,544441,0
TAX000667,احمد Malik,63752-8565450-2,Husain Malick,1968-09-02,3076179,371426
TAX000668,Marium قریشی,61992-1633753-0,Hussain Qureshi,1962-12-05,4103791,525568
TAX000669,Mariam ملک,96117-5065012-7,Ali ملک,1985-05-27,832593,34888
TAX000670,علی Butt,61229-3826178-1,محمد Butt,1998-05-05,1074777,71216
TAX000671,Fatima Ch.,36212-2533209-0,بلال Chaudhry,1956-01-11,950842,52626
TAX000672,Muhammad حسن Malick,15768-7973953-8,Ahmed Malik,1975-06-18,273756,0
TAX000673,عمران Sayyid,40462-4586633-1,Usman Syed,1975-03-01,1025392,63808
TAX000674,Fatema Awan,96240-5671743-9,Mohammed Osman اعوان,1957-02-07,2059640,218946
TAX000675,Aysha Raja,43022-2589550-9,Mohammad عثمان راجہ,1995-12-13,2046024,216903
TAX000676,Osman Shaykh,18849-6622132-0,,1992-08-13,940036,51005
TAX000677,Hasan Khan,50481-4966072-6,حسن Khan,1994-02-02,725314,18797
TAX000678,حرا Butt,,Muhammed حسن Butt,1989-01-22,381459,0
TAX000679,Muhammed Faysal Syed,34057-8421584-0,احمد سید,1986-02-07,109435,0
TAX000680,Ali ملک,81938-4428815-3,Muhammed Imran Malik,1960-07-24,567823,0
TAX000681,Muhammed حسن Sayyid,42632-6085186-4,Faisal Syed,1983-11-07,3281360,402204
TAX000682,Osman سید,71697-8405061-6,Imran Sayyid,1994-12-14,1039204,65880
TAX000683,Aisha Sayed,49351-3563536-8,Mohammed Ali سید,1971-07-15,662294,9344
TAX000684,Ayesha Quraishi,35652-3595845-3,Muhammad Qureshi,1955-09-24,4036872,515530
TAX000685,Maryam Sayyid,60336-9213304-4,فیصل Sayyid,1959-07-02,2326982,259047
TAX000686,Muhammad Hassan سید,76795-9197714-5,Mohammed سید,1996-07-14,625035,3755
TAX000687,Hamza Khan,97251-3481086-4,,1984-11-05,523729,0
TAX000688,Muhammad ملک,62122-2348021-8,Hasan ملک,1982-03-27,8527995,1189199
TAX000689,Sana Bhatti,24322-6777952-2,Hussain Bhatti,2002-04-24,1197439,89615
TAX000690,Mohammad Hamzah Khan,64767-9807400-6,Husain Khan,2001-07-06,705308,15796
TAX000691,Hasan اعوان,24449-8560833-9,Hasan اعوان,1966-04-02,663166,9474
TAX000692,حسین Sayed,93418-3787134-1,Mohammed Hussein Sayed,1960-07-04,263783,0
TAX000693,Hamza اعوان,18002-5464094-0,فیصل اعوان,1957-02-07,312659,0
TAX000694,Bilal Moghul,73691-8939511-5,Faysal Mughal,1982-06-12,204687,0
TAX000695,Othman Chaudhry,59602-1960353-5,Mohammad عثمان Chaudhry,1961-01-15,753787,23068
TAX000696,محمد Moghul,46630-5169769-5,Hamzah مغل,1994-11-22,59514,0
TAX000697,Mohammad قریشی,15997-6461406-7,Hassan قریشی,1993-08-13,2388719,268307
TAX000698,Muhammed عثمان Syed,60444-5930202-9,حسن Sayed,2000-03-28,2288321,253248
TAX000699,Ali اعوان,98209-8831655-2,Hamzah اعوان,1962-08-22,317096,0
TAX000700,Mohammad Hasan Sheikh,67002-1490260-2,Osman Shaykh,1979-05-08,570119,0
TAX000701,بلال سید,40587-4750560-4,Mohammad احمد Syed,1973-02-04,648707,7306
TAX000702,Muhammed Ahmed Moghul,51074-7378615-9,Muhammad Moghul,1974-01-19,913642,47046
TAX000703,Mariam Quraishi,78124-4726916-1,بلال Quraishi,1955-09-28,5335420,710313
TAX000704,حسن Awan,88835-5754542-2,Muhammad Awan,1993-06-10,7729806,1069470
TAX000705,Faisal Awan,48206-7320122-0,Othman اعوان,1964-12-07,289122,0
TAX000706,Mohammad Sheikh,49203-3670819-0,عمران شیخ,1980-06-14,926969,49045
TAX000707,بلال Syed,47098-5737283-3,عمران Syed,1980-02-05,367734,0
TAX000708,Muhammad Hussain Awan,28030-8413578-7,,1964-04-07,113037,0
TAX000709,Othman Moghul,59355-8165734-2,Muhammed Mughal,1961-06-16,636496,5474
TAX000710,Mohammed Faysal Syed,42112-1570305-1,Hassan Syed,1980-08-10,645701,6855
TAX000711,بلال Malik,46073-8467845-5,محمد Malik,1962-02-03,286193,0
TAX000712,Mohammed Mughal,72848-5592340-1,Muhammad Faysal مغل,1966-07-16,2658466,308769
TAX000713,فیصل Shaikh,18322-4101936-6,Muhammed Shaikh,1980-09-27,720730,18109
TAX000714,Ayisha Raja,95419-3081873-3,Ahmad Raja,1966-10-23,1487084,133062
TAX000715,Muhammad احمد Khan,37030-3704659-1,Imran Khan,1971-01-03,1254840,98226
TAX000716,Imran Sheikh,42550-6043230-0,Mohammed عمران Sheikh,,2280564,252084
TAX000717,Imran Qureshi,76924-4520522-1,Mohammed Qureshi,1970-01-07,1678066,161709
TAX000718,Ali Moghul,87566-7024113-4,علی Moghul,2001-10-14,1063311,69496
TAX000719,Hira شیخ,20912-5264422-6,علی Sheikh,1989-04-03,766864,25029
TAX000720,Hasan قریشی,,Ali قریشی,1981-03-11,348585,0
TAX000721,Faisal Chaudhary,26334-9916589-1,,1981-02-11,3118110,377716
TAX000722,Osman بٹ,45867-1165479-1,Bilal Butt,1969-07-04,603567,535
TAX000723,Muhammad Faysal اعوان,55731-5731119-8,Hussain اعوان,1993-02-02,153030,0
TAX000724,Fatema Quraishi,87937-7755367-7,فیصل Quraishi,1963-05-01,902473,45370
TAX000725,Ali Shaykh,16929-7210098-3,Muhammad Faysal شیخ,1981-12-15,1637359,155603
TAX000726,Sana Bhatti,78235-4838024-4,Ahmed Bhatti,1974-07-25,2704905,315735
TAX000727,Mohammed Ahmed چوہدری,85407-1963205-1,Hussain چوہدری,,413099,0
TAX000728,Hira راجہ,75248-9640458-8,Muhammed احمد Raja,,1176631,86494
TAX000729,Bilal Raja,96661-9860239-9,Muhammad راجہ,,704927,15739
TAX000730,Mohammad Ali ملک,77329-6927248-0,Bilal Malik,1986-07-06,433570,0
TAX000731,عمران Malik,,Mohammad Hasan ملک,1955-12-21,4621943,603291
TAX000732,حسین راجہ,90969-9191751-0,عثمان Raja,1955-10-15,1598424,149763
TAX000733,Othman شیخ,11161-2700165-6,حمزہ Sheikh,1967-02-17,3942228,501334
TAX000734,Mohammed Hamzah Khan,39634-8897013-6,,1974-06-14,225858,0
TAX000735,احمد Awan,28333-9934735-6,محمد Awan,1977-12-07,228906,0
TAX000736,Mohammed Bilal Sayyid,31012-4338530-7,Hussain Sayyid,1962-07-16,209634,0
TAX000737,Mohammed Qureshi,66928-9056309-4,Hussein Qureshi,1986-02-25,131131,0
TAX000738,Hassan Bhatti,42421-8200092-3,Muhammed Hamzah Butt,2000-02-23,120095,0
TAX000739,حسن مغل,25789-3219555-6,Muhammad مغل,1972-04-05,5300560,705084
TAX000740,محمد Sayyid,93009-4882711-3,Usman Sayed,1982-08-02,3536450,440467
TAX000741,Ahmad بٹ,56009-8014121-3,Usman Butt,1958-03-02,618216,2732
TAX000742,Hassan Butt,89498-2690500-6,Ali بٹ,1971-08-12,10573114,1495967
TAX000743,Muhammed Imran شیخ,57367-9872833-9,Usman Shaikh,,825800,33870
TAX000744,علی Moghul,86881-4194945-3,,1961-02-18,5613662,752049
TAX000745,Muhammed حمزہ Choudhary,30146-1735028-2,Hassan Choudhary,1981-09-23,8295290,1154293
TAX000746,عثمان اعوان,18804-9100385-6,عمران Awan,1987-01-06,461021,0
TAX000747,Hussein خان,33928-7668839-7,,1987-02-06,2652460,307869
TAX000748,Marium Moghul,34125-1060407-2,Muhammed Faisal Mughal,,3711174,466676
TAX000749,ثناء راجہ,38879-5972157-4,,1962-03-08,588922,0
TAX000750,علی Bhatti,16752-5177662-3,Muhammad Imran Butt,1962-01-21,57007,0
TAX000751,Osman Malik,27512-7850856-9,Mohammed حسین Malik,,929002,49350
TAX000752,Hussain Shaykh,80436-2785812-6,,1995-11-20,727034,19055
TAX000753,Fatima Quraishi,86239-7637775-2,,1969-12-24,1016328,62449
TAX000754,Ayisha Awan,34251-3954644-3,Faysal Awan,1986-12-06,275982,0
TAX000755,Hussein Shaikh,89668-4151566-1,Ali Sheikh,1959-07-08,8154795,1133219
TAX000756,Ayesha راجہ,89074-2673190-6,Bilal Raja,1956-02-27,925296,48794
TAX000757,علی Ch.,28695-1226440-0,,1989-12-27,398559,0
TAX000758,Mohammed Ali Awan,31383-6157064-5,Mohammed Hamzah اعوان,1964-04-02,4476650,581497
TAX000759,عمران Malick,23476-5978445-1,Imran Malik,1981-03-01,6416537,872480
TAX000760,Maryam Shaykh,,Muhammad Hamzah Shaykh,1965-02-08,641010,6151
TAX000761,Mohammed Ahmad مغل,57250-2422780-0,فیصل Mughal,1964-03-14,1499166,134874
TAX000762,Bilal Shaikh,47618-6844941-1,Muhammed Hussein Sheikh,1986-11-12,3015375,362306
TAX000763,Mohammed شیخ,29369-7553173-7,Mohammed Hamzah Sheikh,1959-02-19,950988,52648
TAX000764,Ahmad Qureshi,60465-6915793-5,حمزہ Qureshi,1982-08-23,44785,0
TAX000765,علی Chaudhary,82002-9339992-8,عمران Ch.,1986-09-18,29121,0
TAX000766,ثناء مغل,40827-7068477-0,Muhammed Hassan Mughal,,6639290,905893
TAX000767,Ahmed Shaikh,65667-7235826-0,احمد Sheikh,1997-10-03,1727606,169140
TAX000768,Muhammed شیخ,20357-5111186-1,Mohammed Shaikh,,151594,0
TAX000769,Imran Shaykh,65524-8621830-8,Muhammed Husain شیخ,1991-09-10,744986,21747
TAX000770,Fatema Butt,59487-3099389-3,بلال Bhatti,1994-01-08,479715,0
TAX000771,Muhammed Hamzah Awan,59868-3765293-0,عثمان Awan,1996-07-07,418689,0
TAX000772,Muhammed Faysal قریشی,46989-3730666-8,احمد Quraishi,1959-04-20,594868,0
TAX000773,عمران Ch.,45280-2426723-9,Faisal Chaudhary,1957-10-26,1168400,85260
TAX000774,Hussain Khan,62184-9392233-3,,2003-07-24,1219856,92978
TAX000775,علی Awan,40352-4617959-2,علی Awan,,1003663,60549
TAX000776,Hamzah Sheikh,57227-8229326-0,بلال Shaikh,,968079,55211
TAX000777,Mohammad Faysal اعوان,28693-6193258-8,احمد Awan,1986-02-15,223711,0
TAX000778,Ahmad Bhatti,56316-2497018-1,علی Butt,2000-08-09,264807,0
TAX000779,حرا Shaikh,73997-1664254-5,حسین Sheikh,1980-07-28,242804,0
TAX000780,حمزہ Quraishi,51110-7269362-1,,1987-08-09,1481592,132238
TAX000781,Faysal Khan,11041-3593123-1,Mohammad حسین Khan,1979-03-19,191286,0
TAX000782,Maryam ملک,71405-9977752-7,Ahmad ملک,1960-03-24,3565440,444816
TAX000783,مریم Choudhary,,,1986-04-23,415794,0
TAX000784,Husain Awan,30413-8884747-2,,1975-10-02,234582,0
TAX000785,Usman Sayed,17088-4548261-0,Mohammed Bilal Sayyid,1972-05-21,843123,36468
TAX000786,Bilal Malick,65013-9804312-3,,1966-01-03,259323,0
TAX000787,Muhammad Ali Ch.,73127-8977556-8,علی Chaudhary,1999-07-12,198025,0
TAX000788,Muhammad Imran مغل,97551-3426274-5,Usman Moghul,1955-03-15,37038,0
TAX000789,Ahmad سید,10481-8559125-2,Muhammed Hamza Syed,1995-10-04,95334,0
TAX000790,Muhammad Bilal راجہ,59487-4626181-5,حسن Raja,,71751,0
TAX000791,Muhammed Butt,26350-9374022-7,بلال Butt,1981-06-12,810262,31539
TAX000792,Ahmad Shaykh,58905-3967808-8,Muhammed Faisal Shaykh,1965-09-14,1235863,95379
TAX000793,حرا Bhatti,21484-2741617-1,Mohammed بٹ,1994-07-04,533850,0
TAX000794,Hamzah Raja,97518-5863789-6,حسن راجہ,,467413,0
TAX000795,Ayesha قریشی,94523-7640565-0,Usman قریشی,1969-09-10,1204774,90716
TAX000796,Muhammad Bilal Ch.,,,1978-09-27,5014469,662170
TAX000797,عثمان شیخ,41697-7565971-3,Mohammed فیصل Shaykh,1996-07-27,883233,42484
TAX000798,Fatimah Sayed,51697-9678469-2,Bilal سید,1969-02-23,41100,0
TAX000799,حرا بٹ,55258-4418568-1,,1956-07-01,866515,39977
TAX000800,Mohammed Moghul,84946-7415683-0,علی Mughal,1984-11-21,240888,0
TAX000801,حسین Chaudhary,,Husain Chaudhary,1960-03-21,1601808,150271
TAX000802,احمد Awan,24034-3379602-4,Hussein Awan,1966-02-03,495378,0
TAX000803,بلال ملک,64230-2234399-7,Muhammed احمد ملک,1968-11-14,1209653,91447
TAX000804,فاطمہ Shaykh,33419-1527651-1,Osman شیخ,1977-08-20,193236,0
TAX000805,علی Raja,35276-1495854-8,Muhammad راجہ,1988-09-25,8336724,1160508
TAX000806,Muhammed حسن Khan,38804-2394937-2,Husain خان,1972-08-07,3791837,478775
TAX000807,Hamzah اعوان,35304-5195866-2,,1998-12-09,228551,0
TAX000808,Ali Choudhary,68478-8109132-9,Hussain Ch.,1975-10-04,763246,24486
TAX000809,Fatimah Mughal,92929-2078208-7,Mohammad علی Moghul,1957-09-09,435341,0
TAX000810,Faisal راجہ,13924-2923507-2,,1982-03-12,774629,26194
TAX000811,Usman Sheikh,11262-6345038-0,Othman Shaykh,,206215,0
TAX000812,بلال بٹ,79409-4648430-1,Imran بٹ,1972-12-20,823966,33594
TAX000813,Muhammad Faysal سید,51958-4324412-3,Mohammad Syed,1986-08-02,627792,4168
TAX000814,Hamzah Shaykh,87485-7423283-3,,1956-05-01,4208901,541335
TAX000815,Hamzah Bhatti,14850-9950091-8,Mohammed Bhatti,1976-11-01,3514883,437232
TAX000816,حرا بٹ,55327-7716663-1,Muhammad عمران Butt,1975-08-20,5315245,707286
TAX000817,Maryam ملک,23466-1491374-3,Mohammed Malik,1955-03-04,98676,0
TAX000818,Faysal Sayyid,28056-8729158-1,Ali Sayyid,1975-03-25,387379,0
TAX000819,حرا اعوان,79152-5035313-9,حمزہ Awan,1997-08-09,2188548,238282
TAX000820,Ahmad Bhatti,56269-5066398-3,Ahmed Butt,1959-08-02,7201073,990160
TAX000821,Maryam چوہدری,54623-4500758-9,Imran Choudhary,1987-06-25,1037866,65679
TAX000822,Muhammad عمران Malick,57663-7468887-7,فیصل Malik,1987-04-25,119749,0
TAX000823,Fatima Bhatti,23377-3471111-7,,,618892,2833
TAX000824,Muhammad اعوان,56131-5455671-1,عمران Awan,1960-06-14,402952,0
TAX000825,ثناء Qureshi,45728-7203890-1,Muhammed قریشی,1996-07-24,167218,0
TAX000826,Bilal Shaikh,79410-9281506-8,Mohammad بلال شیخ,1961-11-02,379819,0
TAX000827,حسن ملک,85396-5465729-3,Ahmad Malick,1989-02-09,716914,17537
TAX000828,Maryam Syed,45162-9307501-3,Mohammad علی Sayyid,1968-06-21,2528734,289310
TAX000829,Mohammed Ahmad Shaykh,91542-8998677-4,Hassan شیخ,1965-06-22,4064174,519626
TAX000830,Muhammed Hamza Mughal,42441-8928379-1,,,1630090,154513
TAX000831,علی Malick,53997-8593642-7,Othman Malick,1989-05-22,3627679,454151
TAX000832,Othman Butt,97023-9126125-1,Hussein Butt,,189392,0
TAX000833,بلال چوہدری,75251-1518494-3,Faysal Chaudhry,,769182,25377
TAX000834,Bilal Malick,68886-9840030-2,Muhammed Husain Malick,1998-06-11,1859963,188994
TAX000835,Mohammad Hussain Ch.,78167-6759189-9,Muhammed Ahmad Ch.,1982-08-19,4247947,547192
TAX000836,Ahmad Khan,71121-3520403-8,,1994-09-22,3070936,370640
TAX000837,Hussein خان,38485-5748242-9,Muhammed Ahmad Khan,1958-08-10,2023006,213450
TAX000838,محمد Butt,47128-9422048-8,,1960-12-09,1401201,120180
TAX000839,ثناء Malik,14212-8938605-5,حسن Malick,1998-11-13,2082017,222302
TAX000840,Mohammed حسین بٹ,32715-8311783-5,,1963-11-25,3802489,480373
TAX000841,Husain Bhatti,84273-8736886-8,علی Bhatti,1979-07-04,2111862,226779
TAX000842,Muhammad Imran Qureshi,66055-8827453-6,Mohammad Bilal Quraishi,1984-01-18,8107433,1126114
TAX000843,علی مغل,86064-9593403-5,علی Moghul,1994-09-19,4152293,532843
TAX000844,فاطمہ سید,77896-8721222-0,,1958-05-27,282130,0
TAX000845,حسین مغل,17977-3037470-9,Imran مغل,,485997,0
TAX000846,Mohammed عمران Awan,98562-3596701-4,حسین اعوان,2001-01-26,1080112,72016
TAX000847,احمد خان,,,,2264100,249615
TAX000848,Ayesha Malik,73402-4087744-3,Imran Malik,1971-10-22,751078,22661
TAX000849,Bilal شیخ,,عمران شیخ,2002-12-18,2227532,244129
TAX000850,Muhammad احمد مغل,97516-5616776-6,,1999-02-15,2281952,252292
TAX000851,حسین Awan,61043-1184878-9,حسین اعوان,,166342,0
TAX000852,Usman Shaykh,,Othman شیخ,1987-09-07,3689531,463429
TAX000853,Maryam Awan,33642-9505716-8,حسین اعوان,1963-12-11,326381,0
TAX000854,Faisal Mughal,15888-1495294-2,,1961-11-04,1054830,68224
TAX000855,Hasan چوہدری,,محمد چوہدری,,822023,33303
TAX000856,Zainab Moghul,52094-2806251-7,بلال Mughal,,282465,0
TAX000857,Hussein اعوان,39556-4375454-2,Mohammad بلال Awan,1988-04-03,182967,0
TAX000858,Hasan خان,57128-7845563-9,,1959-06-06,2486572,282985
TAX000859,Fatema Choudhary,75647-6907359-5,Faysal Ch.,1990-03-26,6361705,864255
TAX000860,Ayesha Moghul,77796-6003418-1,,1986-04-02,784667,27700
TAX000861,Muhammad Chaudhry,61173-7004651-1,علی Chaudhry,1973-02-18,465486,0
TAX000862,Bilal Mughal,24532-8901711-4,محمد Moghul,1957-06-14,1112593,76888
TAX000863,علی Chaudhary,53202-2045698-3,حمزہ Chaudhry,1959-10-20,3018261,362739
TAX000864,Othman ملک,82276-9032452-2,Husain Malik,2001-01-04,392459,0
TAX000865,بلال اعوان,,Mohammad Hasan اعوان,1989-10-28,1523680,138552
TAX000866,عمران Awan,59444-3101134-6,,1990-03-04,3287499,403124
TAX000867,Usman Chaudhary,17592-4995833-3,Mohammad Ahmed Chaudhary,,1904555,195683
TAX000868,محمد Chaudhry,17425-3125939-7,Ali Chaudhry,1973-01-11,63165,0
TAX000869,Muhammed Hussein شیخ,72744-3053134-1,,1971-09-07,2242596,246389
TAX000870,Hasan Awan,82273-5910412-3,عمران اعوان,1972-06-23,1568228,145234
TAX000871,Muhammad Qureshi,46971-2316106-3,Ali Quraishi,1988-04-10,3079005,371850
TAX000872,Muhammad Ahmed Quraishi,40815-8386629-7,Ahmed Quraishi,1956-08-27,6136045,830406
TAX000873,زینب Malick,89920-7441381-7,Muhammed ملک,,4570028,595504
TAX000874,Mohammed بلال Raja,14103-6835191-0,,2003-06-27,321372,0
TAX000875,Muhammed Qureshi,66039-1958290-1,Imran Qureshi,1979-12-22,206483,0
TAX000876,مریم Mughal,,Hamza Moghul,2002-04-05,2533244,289986
TAX000877,Ahmad Ch.,54241-7620309-0,,1972-06-09,876775,41516
TAX000878,احمد بٹ,52072-5437867-2,Hamza بٹ,1984-01-15,555494,0
TAX000879,حمزہ راجہ,17678-2334575-4,Faisal راجہ,1990-06-03,1334036,110105
TAX000880,Muhammed Hussein اعوان,92619-3927545-2,Faysal اعوان,1996-01-08,551024,0
TAX000881,ثناء Quraishi,39878-2020270-4,Mohammed حسین Qureshi,1956-11-28,669117,10367
TAX000882,Faisal Choudhary,20155-9505007-7,,,839278,35891
TAX000883,عائشہ Sayed,13236-6478441-9,Usman Syed,1976-07-21,129133,0
TAX000884,فیصل خان,15847-5880032-2,Faisal Khan,1956-02-20,436120,0
TAX000885,Hasan سید,96122-3517835-6,Mohammed Ahmed Syed,1959-04-19,506648,0
TAX000886,Sana ملک,89574-8924368-8,Imran ملک,1983-06-09,3514324,437148
TAX000887,Usman چوہدری,69745-6281742-1,,1983-12-14,607850,1177
TAX000888,Muhammad Usman اعوان,68847-8027140-3,Muhammad Faisal اعوان,1963-09-08,297791,0
TAX000889,Faysal بٹ,51136-2979107-1,Muhammed Bilal Bhatti,1981-09-05,662635,9395
TAX000890,Mohammad Ali Awan,25832-8023372-4,عمران Awan,2000-08-24,796700,29505
TAX000891,Aisha شیخ,77488-9880342-6,Bilal Shaykh,1977-03-13,394127,0
TAX000892,حسین ملک,87526-2808110-0,,2002-06-15,2526275,288941
TAX000893,Zaynab اعوان,87274-9545877-8,علی اعوان,1955-10-19,1005636,60845
TAX000894,Zainab اعوان,87080-5685869-1,Hasan اعوان,1974-08-11,258053,0
TAX000895,زینب قریشی,33385-3402439-0,Hasan قریشی,1982-09-09,131230,0
TAX000896,Mohammed Ahmed قریشی,25538-5829216-4,Hamzah Quraishi,1983-04-06,2424803,273720
TAX000897,Hasan بٹ,37111-9534539-2,Muhammed Bhatti,1993-01-18,4432707,574906
TAX000898,محمد Awan,36626-5728448-9,بلال اعوان,2001-08-17,1334355,110153
TAX000899,احمد Awan,44479-2457333-2,حسین اعوان,2001-11-04,157285,0
TAX000900,Ahmad Qureshi,53953-5632324-7,عمران Qureshi,1998-02-23,61824,0
TAX000901,Bilal ملک,34955-1597875-0,Hassan Malik,1963-10-13,301767,0
TAX000902,حسین اعوان,34524-9333686-4,علی اعوان,1967-11-03,1225591,93838
TAX000903,Muhammad Sayed,83103-4498837-2,Mohammad Sayyid,1981-12-09,581168,0
TAX000904,Usman Awan,33601-6034852-3,,1997-08-16,795705,29355
TAX000905,عمران اعوان,38695-2885212-4,بلال اعوان,,814983,32247
TAX000906,علی Awan,55557-7678830-2,Mohammad Hamza اعوان,1986-10-14,883579,42536
TAX000907,حسین Bhatti,63609-2020109-8,عثمان Bhatti,1971-11-11,2312145,256821
TAX000908,Marium Bhatti,73636-4673341-5,Mohammad بٹ,,1114062,77109
TAX000909,Muhammed Ahmed Mughal,26936-1334200-0,Mohammed بلال Mughal,1960-12-11,129469,0
TAX000910,Muhammed راجہ,80185-4329267-2,Imran Raja,1980-12-08,984132,57619
TAX000911,Usman Sayed,,Mohammad Syed,2003-09-04,142804,0
TAX000912,Mohammed Ali بٹ,40147-5149152-0,Husain بٹ,2002-02-27,696149,14422
TAX000913,فاطمہ Moghul,65725-9595901-0,,1972-08-07,580220,0
TAX000914,Marium Butt,39131-7817098-8,Muhammed حسین بٹ,1985-05-23,4238170,545725
TAX000915,بلال خان,58855-2817044-7,Hassan Khan,1991-01-13,1487625,133143
TAX000916,Sana Malik,28814-2403154-1,,1965-04-28,468843,0
TAX000917,علی Syed,78603-4899524-0,Hamza Sayyid,1971-07-10,586552,0
TAX000918,Mohammed Quraishi,63285-1093478-4,Hassan Quraishi,2003-09-26,2640895,306134
TAX000919,Othman Awan,23768-8142094-1,Bilal اعوان,1963-01-06,4521662,588249
TAX000920,Muhammed Hamzah Malick,74904-3864241-8,Hamza ملک,1963-12-28,145028,0
TAX000921,Aisha Butt,48564-5548431-8,Muhammed عثمان بٹ,1994-06-19,229762,0
TAX000922,Muhammed Hussein Raja,58660-9713746-9,Muhammed Husain راجہ,1985-08-07,368599,0
TAX000923,علی راجہ,51640-7984404-2,Muhammed Ali Raja,,373001,0
TAX000924,Imran Awan,18009-8863382-9,,1959-06-21,517533,0
TAX000925,عثمان خان,47249-8149873-9,Muhammed Hussain Khan,1978-10-25,234862,0
TAX000926,Ahmad مغل,38369-5697377-2,Husain Moghul,1991-02-05,2909306,346395
TAX000927,Zainab مغل,46338-8942448-3,Ali مغل,1955-04-07,2996424,359463
TAX000928,علی Sheikh,52380-2305056-0,Muhammed علی Shaikh,1987-08-14,3451801,427770
TAX000929,Mohammad حسین راجہ,83419-7597584-6,Bilal راجہ,2000-08-12,1115024,77253
TAX000930,Faisal Chaudhry,28728-8335724-8,Muhammad Hamza Chaudhary,,1405848,120877
TAX000931,حرا قریشی,57931-8819455-5,Bilal Quraishi,1968-10-18,509559,0
TAX000932,بلال قریشی,35668-8416881-5,Mohammed Imran قریشی,1967-01-19,1075082,71262
TAX000933,Hussain راجہ,45786-1562509-4,Muhammed Hamza راجہ,1980-01-23,173935,0
TAX000934,Mohammad مغل,89632-8624921-7,Ali Moghul,1985-12-28,587817,0
TAX000935,Muhammad قریشی,30079-3968018-2,Mohammad Ahmed Qureshi,1981-02-02,178248,0
TAX000936,Ahmad Raja,95865-1279750-5,Osman Raja,2000-03-19,406458,0
TAX000937,Imran Khan,,Hasan Khan,2003-09-05,829597,34439
TAX000938,علی اعوان,89761-4333354-8,Bilal اعوان,,1012837,61925
TAX000939,Hussain Raja,54754-8822415-9,Muhammad Ahmad راجہ,1991-08-03,975427,56314
TAX000940,علی قریشی,12635-3840983-0,حسن قریشی,1995-06-15,1733958,170093
TAX000941,Hussein چوہدری,16990-7363773-4,علی Chaudhary,1972-03-19,320324,0
TAX000942,Hussein Choudhary,43994-8375236-4,,1986-06-19,1301293,105193
TAX000943,Hira Shaykh,60551-3612283-8,Mohammed Faisal شیخ,1968-12-14,2152815,232922
TAX000944,Muhammad Hasan Qureshi,45251-2522658-8,Hassan قریشی,1971-04-15,1821819,183272
TAX000945,Hamza Sheikh,58795-7340280-9,Muhammed Shaykh,1975-12-04,247256,0
TAX000946,علی Sayyid,54128-2681206-2,Osman Sayed,1974-03-15,357089,0
TAX000947,Hamza Mughal,62341-8945220-3,Hussain Mughal,2001-06-20,141031,0
TAX000948,Muhammad Chaudhry,65179-8145319-4,,1980-10-01,2296861,254529
TAX000949,فیصل Raja,28290-3179206-5,Mohammed راجہ,1960-05-26,3841845,486276
TAX000950,Maryam شیخ,96325-3474488-3,Muhammed Ali Shaikh,,457587,0
TAX000951,عائشہ Chaudhary,59054-1082959-7,علی چوہدری,1977-02-16,1060835,69125
TAX000952,حرا Chaudhry,70749-5072535-1,Bilal Chaudhry,1963-06-25,837295,35594
TAX000953,Hussain سید,80007-2202201-5,Mohammad Hamza Syed,1997-12-19,679756,11963
TAX000954,Muhammed حسن Qureshi,75726-1026701-9,فیصل Quraishi,2003-07-03,688698,13304
TAX000955,Hamza Choudhary,49575-8304810-1,Osman چوہدری,1979-11-06,1459880,128982
TAX000956,حرا Awan,65277-4011811-2,Muhammad Bilal Awan,1998-09-27,1926818,199022
TAX000957,Muhammed Ahmad Sayyid,51815-3159890-9,عمران Sayyid,1979-11-15,1443704,126555
TAX000958,Maryam خان,43901-2945459-9,,1987-06-25,772521,25878
TAX000959,احمد شیخ,98436-2342330-2,Muhammad Sheikh,1976-12-19,2290364,253554
TAX000960,Marium خان,15222-3039294-7,Muhammad حمزہ خان,1978-01-20,409589,0
TAX000961,Muhammad بلال Quraishi,81139-5483468-2,,1977-07-01,1648373,157255
TAX000962,فیصل ملک,79634-7647377-3,علی ملک,1960-09-04,1142345,81351
TAX000963,Marium Bhatti,90903-5095330-8,Mohammad Faisal Butt,1984-01-03,166875,0
TAX000964,بلال Raja,93458-6066483-6,بلال راجہ,1956-03-24,3983747,507562
TAX000965,بلال Malik,44006-6086875-9,عمران Malick,1989-04-23,271290,0
TAX000966,Mohammad سید,45003-8758476-9,Muhammed عثمان Sayed,1961-04-08,4064065,519609
TAX000967,Othman قریشی,,عمران Quraishi,1999-03-22,956126,53418
TAX000968,حمزہ Raja,37204-9885075-5,حسین راجہ,1973-06-15,619389,2908
TAX000969,Ali Mughal,91823-6899311-9,Muhammed Bilal مغل,1981-01-25,1653763,158064
TAX000970,Fatima Syed,59603-3071885-1,بلال Sayyid,1968-04-04,25055,0
TAX000971,علی Syed,56140-4653282-6,فیصل Sayyid,,8997282,1259592
TAX000972,Imran راجہ,39504-7777424-7,Hamza راجہ,1973-08-06,223575,0
TAX000973,Muhammed Raja,96008-3890222-1,Bilal Raja,1992-11-14,156818,0
TAX000974,Muhammad Faysal Ch.,91254-9445000-1,فیصل Ch.,1991-12-14,151566,0
TAX000975,علی Moghul,58535-1381170-9,Mohammad بلال Mughal,1990-09-28,2925417,348812
TAX000976,زینب Chaudhry,36186-6414413-2,Hussein چوہدری,1959-01-07,937812,50671
TAX000977,Fatimah Mughal,33183-8741111-8,Mohammad احمد Moghul,1993-06-28,2353572,263035
TAX000978,Hira Malik,99394-7817366-8,حمزہ ملک,1979-02-26,1991304,208695
TAX000979,فیصل Raja,73020-2003047-4,Muhammad بلال Raja,2001-01-12,2412672,271900
TAX000980,Mariam Malick,44406-2875419-2,Othman ملک,1981-11-11,4066094,519914
TAX000981,Fatema Bhatti,94152-2242680-7,Muhammed Hamza Bhatti,2003-04-25,496145,0
TAX000982,Zainab اعوان,46083-1599695-2,Ali Awan,1988-05-01,1294324,104148
TAX000983,Husain Butt,93085-6112711-7,Muhammad Hamza بٹ,1998-05-05,101649,0
TAX000984,علی Moghul,,Hassan Mughal,,123915,0
TAX000985,Osman Raja,,Ali Raja,1992-09-11,1051608,67741
TAX000986,Mariam شیخ,32988-9120146-6,Muhammad Sheikh,1997-02-11,898656,44798
TAX000987,Mohammad Hussain Mughal,56727-9368311-7,Faysal مغل,1995-01-27,688754,13313
TAX000988,Hasan قریشی,92103-2658260-5,Imran Qureshi,1959-05-18,649895,7484
TAX000989,Muhammed Awan,42502-5105254-4,Ali Awan,1999-11-28,2060612,219091
TAX000990,Fatima خان,82348-5655284-1,,2001-02-05,1530482,139572
TAX000991,Aisha Awan,93221-8654679-0,,2003-07-20,1007664,61149
TAX000992,عمران اعوان,94578-6027079-4,Mohammad عمران اعوان,1970-06-09,1411905,121785
TAX000993,Hamzah Malick,10854-6335413-8,Hamzah Malick,1986-03-06,225648,0
TAX000994,احمد Awan,33941-4247993-1,Muhammed حسن اعوان,1968-05-17,1043092,66463
TAX000995,Ayisha Bhatti,84843-3593718-5,علی بٹ,,200819,0
TAX000996,Usman Raja,45308-4837345-9,,1974-06-05,3693959,464093
TAX000997,Hamzah Bhatti,64673-1095169-6,,1981-06-21,550946,0
TAX000998,Mohammed Chaudhary,48639-7265873-0,Othman Chaudhry,1982-07-11,2306950,256042
TAX000999,حسن Mughal,45908-2792386-1,Hasan Moghul,1965-06-24,1328327,109249
TAX001000,Ayesha Sayyid,46718-7291174-0,احمد Syed,1958-11-11,686888,13033
TAX001001,Ahmad Awan,52538-7942032-2,Mohammed Ali Awan,1992-05-19,1849992,187498
TAX001002,عثمان مغل,44172-9909162-4,Muhammed Mughal,1963-02-28,443480,0
TAX001003,عثمان اعوان,52109-8857213-3,حمزہ Awan,1978-06-07,345380,0
TAX001004,Husain مغل,25622-7881727-6,بلال مغل,,1682276,162341
TAX001005,Muhammed Mughal,76088-6487324-8,حمزہ Mughal,1973-10-11,802015,30302
TAX001006,Faisal Malick,79699-3654556-8,Ahmad Malik,,316631,0
TAX001007,Ahmad Syed,69151-3553581-5,Ahmad سید,1966-11-19,555468,0
TAX001008,Ayisha Syed,10832-7542233-0,,1969-06-14,1168462,85269
TAX001009,عمران اعوان,56484-3560283-3,Ali اعوان,1968-05-06,422494,0
TAX001010,علی Raja,52920-6290464-3,Muhammad Hassan راجہ,1967-05-06,3544757,441713
TAX001011,Muhammad Othman Khan,26136-7293367-0,Hamzah Khan,2002-12-07,2318479,257771
TAX001012,فاطمہ چوہدری,22170-3937636-8,فیصل Chaudhary,2001-09-04,697474,14621
TAX001013,حرا مغل,64411-4204131-8,Muhammed Ahmed Moghul,1987-06-16,1003320,60498
TAX001014,عائشہ خان,62469-2678829-5,عثمان Khan,,2038636,215795
TAX001015,احمد Syed,46007-6423586-0,علی Sayyid,1970-03-19,1468373,130255
TAX001016,Hamza خان,37502-5917143-5,Muhammed Faysal خان,1981-03-14,592292,0
TAX001017,Ali Quraishi,13929-9347594-3,حسین Quraishi,1980-11-12,754604,23190
TAX001018,Muhammad Khan,71669-1574162-2,بلال خان,1957-09-13,4712538,616880
TAX001019,علی Malick,39189-2545582-6,Muhammad احمد ملک,1962-08-15,213655,0
TAX001020,Fatimah Moghul,,علی مغل,1975-11-18,1431034,124655
TAX001021,Mohammad Hamzah Awan,26493-4679430-8,علی اعوان,1964-04-22,686298,12944
TAX001022,Zaynab مغل,39651-5205556-2,حسین Mughal,1976-12-15,1093114,73967
TAX001023,Ali Qureshi,96665-3436404-9,محمد Quraishi,2002-07-21,56444,0
TAX001024,Muhammed شیخ,31218-7656588-5,Muhammed شیخ,1991-08-16,328408,0
TAX001025,Maryam Choudhary,81549-8379676-1,حسین Ch.,1996-09-11,680760,12114
TAX001026,Usman Awan,96933-2619058-5,,1971-02-26,939626,50943
TAX001027,Ahmed Chaudhry,25765-5961248-2,Mohammed Usman Chaudhary,1974-08-14,888417,43262
TAX001028,Imran Shaikh,28574-4722134-0,,2001-12-12,1121238,78185
TAX001029,Faysal Raja,79881-7084360-8,Mohammed Hassan راجہ,1999-09-06,3159466,383919
TAX001030,Muhammed فیصل Choudhary,89910-8113803-3,Husain چوہدری,1958-07-10,1056966,68544
TAX001031,Marium اعوان,49320-1005932-1,Hussain اعوان,2000-09-22,204813,0
TAX001032,Mohammed Sayed,73036-3688598-3,بلال Sayed,1965-11-14,2690171,313525
TAX001033,احمد چوہدری,62617-3071506-9,علی چوہدری,1968-08-05,326059,0
TAX001034,محمد ملک,78713-2721547-9,حمزہ Malik,,3564709,444706
TAX001035,فاطمہ ملک,15370-7400536-4,احمد Malick,1995-08-14,355749,0
TAX001036,Zainab Chaudhary,21609-7082569-3,Hamzah Chaudhary,1999-07-14,2099621,224943
TAX001037,Hussain بٹ,65003-5215259-5,,1955-02-23,205628,0
TAX001038,فاطمہ Mughal,23626-9184965-8,Muhammad Faisal Moghul,1991-07-20,902289,45343
TAX001039,Aysha مغل,94237-2653843-9,احمد Moghul,1962-04-12,110728,0
TAX001040,Maryam خان,,Bilal خان,1995-12-25,317643,0
TAX001041,Faisal Shaykh,22950-5903591-6,Muhammad Shaykh,,390416,0
TAX001042,Osman Chaudhry,16265-6444414-7,Husain چوہدری,1965-04-18,10975,0
TAX001043,بلال قریشی,21648-6599618-5,Faisal Quraishi,1989-12-26,1130006,79500
TAX001044,Ahmad ملک,91540-9341509-2,Bilal Malick,1967-05-28,643645,6546
TAX001045,Othman Awan,35091-6415010-0,Muhammed Ahmad Awan,1967-10-10,1815926,182388
TAX001046,Imran راجہ,91064-2273983-3,Mohammed Ahmed راجہ,1960-12-20,254648,0
TAX001047,Ali Quraishi,62003-3231911-6,Ahmed Qureshi,2002-05-20,1199452,89917
TAX001048,Usman Ch.,42231-3600666-4,محمد Chaudhary,1986-04-27,1215510,92326
TAX001049,Muhammad Hasan Ch.,29054-1208345-4,Muhammed حسن چوہدری,1956-10-16,410695,0
TAX001050,بلال Sheikh,62378-7494523-4,,1971-07-12,5200114,690017
TAX001051,Mohammad Usman راجہ,27628-6396602-3,عمران راجہ,1992-03-04,2899155,344873
TAX001052,ثناء قریشی,,Hasan Quraishi,1984-05-19,120864,0
TAX001053,Marium Mughal,32458-1371031-8,Muhammad حمزہ Mughal,1990-11-02,853477,38021
TAX001054,Ahmed Quraishi,84678-5228060-0,Faisal قریشی,1986-07-23,349823,0
TAX001055,Fatema اعوان,98430-6111364-5,Mohammad حسن اعوان,1991-09-14,508470,0
TAX001056,Muhammed Mughal,86997-3007953-1,فیصل Mughal,1959-09-14,370614,0
TAX001057,Muhammed حسن Moghul,13864-9304303-1,Othman Moghul,1960-02-13,455168,0
TAX001058,مریم Sayed,54996-4070256-1,Husain Sayyid,,1141831,81274
TAX001059,Muhammad علی بٹ,39706-6892169-1,عثمان بٹ,1983-02-17,1820607,183091
TAX001060,عمران Khan,32087-1029006-8,Muhammed Khan,1955-06-13,1148795,82319
TAX001061,Ahmad Shaykh,75300-4049874-8,Hasan Shaykh,1977-02-28,299592,0
TAX001062,Faisal Quraishi,67763-3977821-8,Mohammed علی قریشی,1983-01-20,605613,841
TAX001063,Hussein Butt,99526-4026890-9,عمران Bhatti,1965-02-16,1584878,147731
TAX001064,حمزہ راجہ,25254-2098296-5,حسن Raja,1978-03-08,3298980,404847
TAX001065,عائشہ قریشی,26462-2657259-8,,1997-11-11,1710975,166646
TAX001066,Sana Chaudhary,27757-8514591-3,حسین Choudhary,1995-07-13,409093,0
TAX001067,حمزہ Malik,73452-7523126-4,,1973-11-23,897399,44609
TAX001068,Ahmad Bhatti,84878-3908477-5,Mohammed Butt,1989-01-02,33769,0
TAX001069,عمران Khan,76682-7221393-0,Hassan Khan,1961-08-06,248266,0
TAX001070,Osman Shaikh,58730-7743748-0,علی Shaykh,1964-10-08,4798839,629825
TAX001071,Muhammad بلال Mughal,95634-5573719-6,Muhammed مغل,1981-07-13,1079447,71917
TAX001072,زینب Moghul,,,1959-11-04,927411,49111
TAX001073,Ayisha Shaikh,31937-5303341-6,Husain Shaikh,1989-05-10,750492,22573
TAX001074,Bilal چوہدری,75269-4368666-2,عمران Chaudhary,1957-08-16,858502,38775
TAX001075,فاطمہ Malik,67140-7222701-7,Ali ملک,1983-10-25,282805,0
TAX001076,Hassan Quraishi,11862-3562057-5,Hussein Qureshi,1966-06-15,1705811,165871
TAX001077,Marium Sheikh,18342-4778826-2,حسن Shaikh,1976-11-24,1765113,174766
TAX001078,حسن Mughal,82987-3702775-2,Muhammad عمران Moghul,1975-01-04,684009,12601
TAX001079,ثناء Raja,32271-6396496-5,,,1560014,144002
TAX001080,بلال مغل,,Mohammad Imran مغل,1959-01-21,436471,0
TAX001081,زینب Moghul,41151-9230270-5,حسین مغل,1977-11-15,1245922,96888
TAX001082,ثناء Qureshi,47599-3925160-6,Husain Quraishi,1965-06-24,1812285,181842
TAX001083,Muhammad اعوان,62721-3097558-5,Hasan اعوان,,1072730,70909
TAX001084,Mariam قریشی,97211-7692147-2,عمران Qureshi,1968-04-07,4290894,553634
TAX001085,فیصل Quraishi,59127-6148910-3,Bilal Quraishi,1964-08-04,663541,9531
TAX001086,زینب Moghul,36137-4643644-5,Muhammed Imran Moghul,1965-11-13,268950,0
TAX001087,Ayisha Choudhary,45824-3694824-6,فیصل Chaudhary,1967-03-14,1826452,183967
TAX001088,حمزہ قریشی,79545-1592262-1,احمد قریشی,1960-01-01,912896,46934
TAX001089,Ahmed Qureshi,29739-4573745-4,Muhammed Ahmad Quraishi,1978-10-11,510411,0
TAX001090,Marium Quraishi,49746-2702878-8,Ali قریشی,1964-03-14,2913684,347052
TAX001091,Fatema Raja,71547-5718333-3,Muhammad Ahmed Raja,1997-03-15,646599,6989
TAX001092,Mariam Sayed,12615-7079798-7,فیصل سید,1991-03-15,387680,0
TAX001093,Osman Malick,30230-3263974-9,Mohammad حسین Malik,1998-07-05,973583,56037
TAX001094,Osman بٹ,89011-9300525-0,Faysal Bhatti,,536040,0
TAX001095,عمران خان,31873-1872600-3,Hussein خان,1971-08-14,231960,0
TAX001096,حرا Malik,14112-3191940-9,محمد Malik,2002-10-01,282412,0
TAX001097,Maryam Sayyid,59170-6631019-5,عمران سید,1982-07-23,220635,0
TAX001098,Imran Chaudhary,44953-2397644-7,Muhammed احمد Choudhary,1997-06-28,1207596,91139
TAX001099,Ahmed Chaudhary,58940-2089834-2,Mohammed Faysal Ch.,1970-02-28,2158085,233712
TAX001100,Muhammed فیصل ملک,92067-8730320-5,احمد ملک,1994-02-02,1060541,69081
TAX001101,احمد شیخ,10503-8264020-3,Hasan Shaykh,1958-12-03,217189,0
TAX001102,حمزہ چوہدری,71500-5832903-9,,1983-03-17,563586,0
TAX001103,Hussein شیخ,34817-3080547-1,Hassan Shaykh,1966-06-25,189725,0
TAX001104,فیصل Sayed,47408-4661765-6,Muhammed Husain Sayed,1977-12-08,613881,2082
TAX001105,Husain Shaykh,18229-9286653-5,Mohammad Sheikh,1994-07-03,1615775,152366
TAX001106,Aysha Malick,57379-2105263-9,,2001-06-15,8886157,1242923
TAX001107,Hamza بٹ,81554-4192453-3,Faysal بٹ,1965-01-23,224289,0
TAX001108,Zaynab سید,69267-3561626-2,Muhammed بلال Sayyid,,460590,0
TAX001109,بلال Quraishi,96739-3898766-2,فیصل Quraishi,1966-04-04,295111,0
TAX001110,Othman Ch.,61410-3656107-4,عمران Chaudhary,1972-04-07,953527,53029
TAX001111,Maryam شیخ,56316-2778578-1,Usman Shaikh,2000-08-20,2916592,347488
TAX001112,فاطمہ Syed,50371-3660906-5,,,172135,0
TAX001113,عمران بٹ,16794-7200314-9,حمزہ Butt,1959-01-15,1042474,66371
TAX001114,Hassan Quraishi,82744-6716959-9,عثمان قریشی,1999-04-05,3181777,387266
TAX001115,فیصل Moghul,74040-8881139-0,Usman Moghul,1987-02-13,351617,0
TAX001116,عمران Awan,18772-8541105-6,,1972-12-05,75872,0
TAX001117,فاطمہ Choudhary,56683-9095897-8,Ali Ch.,1972-06-16,1592515,148877
TAX001118,Hasan Moghul,48747-2016077-3,عمران Mughal,1987-05-08,3588229,448234
TAX001119,Husain بٹ,48880-1424190-0,Bilal Butt,1960-06-15,1502660,135399
TAX001120,Hira Syed,87836-8451420-5,Ahmed Sayyid,1972-08-09,563867,0
TAX001121,Ali Moghul,12222-3078947-0,,1990-08-12,181653,0
TAX001122,ثناء خان,61843-3686318-5,Faisal Khan,2003-01-21,2130410,229561
TAX001123,Mohammed Imran Khan,18572-2139083-2,Ali Khan,,29312,0
TAX001124,Usman قریشی,55032-2167300-7,Mohammed بلال قریشی,1989-01-17,339670,0
TAX001125,عمران Malick,30848-2933559-4,حسن Malick,1970-01-21,173255,0
TAX001126,Muhammad Ch.,15528-4674225-3,Ali Ch.,,2359256,263888
TAX001127,Aysha راجہ,13081-7961516-8,Mohammad احمد Raja,1957-04-19,351782,0
TAX001128,عائشہ Qureshi,58249-9542096-2,Muhammed Bilal Quraishi,1968-03-18,176522,0
TAX001129,Hussain Raja,60910-3682061-3,Faisal Raja,1971-06-07,564951,0
TAX001130,حسین Awan,89084-9586664-6,Hasan Awan,1966-02-02,668815,10322
TAX001131,Hassan مغل,87759-6089714-5,Mohammad Hamza Mughal,1958-11-21,1924825,198723
TAX001132,حسن Raja,11620-4630984-2,Othman Raja,1968-08-24,602742,411
TAX001133,ثناء Shaykh,83509-5787252-3,Ahmed شیخ,1994-02-01,1058535,68780
TAX001134,Hussein خان,59993-3655751-1,Mohammed Khan,1978-04-21,6982055,957308
TAX001135,Ahmed بٹ,48989-1587080-1,Mohammed Hussein Butt,1964-05-15,1030850,64627
TAX001136,Muhammed Ahmad Khan,11880-2888892-1,حسن خان,1984-10-23,1318511,107776
TAX001137,Mohammad Moghul,30092-4615080-1,Bilal مغل,1998-07-01,237515,0
TAX001138,حسن Chaudhary,95220-1740262-9,Bilal Ch.,1990-12-16,950572,52585
TAX001139,Muhammad Hussain قریشی,58142-8654730-7,Imran قریشی,1965-06-22,982452,57367
TAX001140,Mohammad Othman Quraishi,86249-7740736-5,Hamzah Qureshi,1977-05-05,4325350,558802
TAX001141,Hira Raja,66585-2450315-9,Husain راجہ,1963-06-12,1321062,108159
TAX001142,ثناء Shaikh,76368-3433543-9,Mohammad Usman Shaykh,1989-11-27,1371396,115709
TAX001143,حسن Sayed,24664-9411821-8,Mohammad Sayyid,1988-02-19,602475,371
TAX001144,Hassan Qureshi,52662-7263305-8,بلال قریشی,,377608,0
TAX001145,Hira Malick,30408-4159672-0,Mohammed Imran Malik,1961-08-05,1590915,148637
TAX001146,حسن Sayed,81036-2020464-3,,1956-01-10,2703115,315467
TAX001147,Mohammad Ahmad Butt,65301-6998094-6,Muhammad Butt,1999-10-10,85392,0
TAX001148,Bilal مغل,93259-1702543-7,محمد Mughal,1986-06-12,1076026,71403
TAX001149,Sana ملک,99764-9226010-0,بلال Malick,1957-08-25,224281,0
TAX001150,Mohammed Ahmad Chaudhary,59787-6660342-3,فیصل Ch.,1985-01-11,4667506,610125
TAX001151,Fatema Mughal,11349-3153928-9,Mohammed Mughal,1987-08-03,233504,0
TAX001152,ثناء خان,25423-9669396-7,علی خان,1983-05-28,803960,30594
TAX001153,Bilal Malik,36099-9089070-7,Hasan Malick,1955-07-25,952258,52838
TAX001154,Muhammad Bilal Khan,39284-6707434-9,Mohammad Hamza خان,1969-12-15,699866,14979
TAX001155,Ahmad Shaikh,89325-1397254-7,Muhammed Hamzah Shaykh,1978-12-14,908637,46295
TAX001156,عمران Malik,14395-5679202-6,Muhammed عمران ملک,1999-07-03,1488121,133218
TAX001157,حمزہ سید,28025-3030225-0,,1960-10-06,318031,0
TAX001158,حرا Raja,40472-9017491-1,علی راجہ,1992-07-04,452719,0
TAX001159,Hasan Shaikh,61211-1187797-5,Mohammed شیخ,1987-01-04,280957,0
TAX001160,Faysal راجہ,,حمزہ Raja,1968-04-22,395126,0
TAX001161,Ali سید,92186-2189815-2,Ali Sayyid,1987-03-28,309590,0
TAX001162,Muhammad Faysal Shaykh,92001-7068696-3,Mohammed Hussein Shaykh,1981-01-25,2637401,305610
TAX001163,Aisha Ch.,68959-4770193-2,,1994-09-14,524001,0
TAX001164,Muhammed Hasan Mughal,75160-2259220-6,,1956-07-03,769842,25476
TAX001165,Muhammad Qureshi,46809-8793135-5,Muhammed Hussain Qureshi,1989-10-11,145179,0
TAX001166,ثناء اعوان,71515-6655184-1,Muhammad حمزہ Awan,,205291,0
TAX001167,Husain بٹ,87913-9615400-3,Usman Bhatti,1975-04-19,566686,0
TAX001168,عثمان Raja,44591-8110991-3,,1963-12-10,915793,47368
TAX001169,Hassan Awan,32729-2966470-4,حسن Awan,1968-10-26,4572109,595816
TAX001170,علی اعوان,61331-9125932-4,,1984-09-11,517680,0
TAX001171,Muhammed Ahmad Sayyid,10428-2116463-3,حسین Syed,1986-08-18,1431860,124779
TAX001172,عمران مغل,44825-1855521-6,Hamzah Mughal,1993-02-16,973164,55974
TAX001173,Muhammad علی Malik,15378-2179102-4,,1990-09-09,316150,0
TAX001174,Fatima خان,11291-2869519-5,Faysal Khan,2001-05-10,2000568,210085
TAX001175,عمران Qureshi,13008-6313642-3,Mohammed Ali Quraishi,1979-04-18,482718,0
TAX001176,Muhammed احمد Moghul,73734-3089825-1,Hasan Moghul,,631918,4787
TAX001177,حسن بٹ,41296-6175674-6,فیصل Butt,1993-07-15,296814,0
TAX001178,Bilal اعوان,40393-7378070-0,,2003-05-07,335530,0
TAX001179,عثمان Khan,67958-4447207-5,,2000-02-20,2078460,221769
TAX001180,Mohammad بلال Chaudhry,56303-7796488-4,Hasan چوہدری,2000-05-08,3243967,396595
TAX001181,Faysal Chaudhary,12867-7524153-9,Mohammed عثمان Choudhary,1978-07-01,464791,0
TAX001182,Ayisha سید,39957-5515111-5,Muhammad Hussain Sayed,1985-03-06,533843,0
TAX001183,Muhammed سید,39960-2509488-2,Ahmad Sayyid,1994-12-18,3240176,396026
TAX001184,حمزہ Sheikh,67133-5672680-2,Hasan Shaikh,1981-05-06,206109,0
TAX001185,احمد Mughal,95802-3951849-4,Imran Mughal,1985-07-06,951737,52760
TAX001186,فیصل Malik,45264-3998601-8,Ahmed ملک,1984-09-25,1373605,116040
TAX001187,حسن Khan,45695-9610837-0,عمران Khan,1987-01-13,5163379,684506
TAX001188,علی Chaudhry,85217-5685491-7,Mohammad حسن Chaudhary,1984-03-23,3799153,479872
TAX001189,Ahmed سید,,Hamzah Sayed,1998-07-18,2783402,327510
TAX001190,ثناء Awan,89366-7798104-4,Imran اعوان,1981-03-17,861325,39198
TAX001191,حسن Malik,49117-2938375-9,بلال ملک,1979-07-10,3472976,430946
TAX001192,Muhammad Ch.,68974-3346211-4,Muhammad Bilal Chaudhary,,245823,0
TAX001193,حمزہ Sayyid,58702-4434168-7,Ali سید,1981-01-08,553307,0
TAX001194,Mohammad Hussain Qureshi,70960-7485347-6,Muhammad Ahmad Qureshi,1993-05-12,675225,11283
TAX001195,Hamza ملک,35359-6206670-8,علی Malik,1955-02-05,678174,11726
TAX001196,Muhammed خان,92663-9742456-5,Mohammed خان,1983-07-11,610207,1531
TAX001197,Husain قریشی,86758-3068593-7,Hamza Quraishi,1982-09-02,2020593,213088
TAX001198,علی Sayed,93257-5481292-2,Ali سید,2003-04-03,580363,0
TAX001199,Bilal چوہدری,49703-1203251-2,Muhammed Hasan Chaudhary,1981-10-07,1013545,62031
TAX001200,Mohammad بلال راجہ,37605-1009512-1,,1957-05-24,963623,54543
TAX001201,Fatima Awan,97741-8710963-5,Muhammad فیصل اعوان,2001-06-28,931059,49658
TAX001202,Osman راجہ,78163-5680249-9,Hassan Raja,1969-01-14,2620023,303003
TAX001203,Hamza Sayyid,49366-5322520-1,علی سید,1990-04-28,2267634,250145
TAX001204,Muhammed Hamza Shaikh,76301-7090010-6,Muhammed Bilal Sheikh,1981-10-11,4909524,646428
TAX001205,Hira ملک,67098-7810286-6,Ali ملک,1981-08-01,1494117,134117
TAX001206,Mohammad Hasan اعوان,87125-4590803-6,Muhammed بلال اعوان,1970-05-08,1172272,85840
TAX001207,Osman Shaykh,87784-7322454-1,Muhammed احمد شیخ,1960-02-26,309913,0
TAX001208,Imran Sayyid,94930-3548252-0,Mohammad Sayed,,414327,0
TAX001209,عثمان Moghul,31655-6197034-5,Ahmad Moghul,1957-10-03,5933750,800062
TAX001210,علی سید,45039-5889357-9,Imran Sayyid,1959-10-10,756045,23406
TAX001211,Muhammad Ali راجہ,89493-4754605-4,Mohammad راجہ,1980-06-22,2011768,211765
TAX001212,Zaynab راجہ,95654-7729241-6,Hasan راجہ,1974-11-11,1839109,185866
TAX001213,محمد ملک,25429-3477658-1,,1963-03-24,1918454,197768
TAX001214,Muhammad Faysal Choudhary,63723-3057197-8,Faysal Chaudhry,1974-12-07,168758,0
TAX001215,Mohammed Ali Sayyid,18658-1820610-0,Hussein Syed,1979-03-27,978476,56771
TAX001216,حرا Quraishi,52848-8085830-5,فیصل Quraishi,,297317,0
TAX001217,Bilal ملک,29420-1705070-2,Mohammed Hasan Malik,1987-10-16,357211,0
TAX001218,Bilal خان,54952-7258302-5,Mohammad Khan,1961-08-25,136320,0
TAX001219,علی Qureshi,79582-7554663-8,فیصل قریشی,1994-10-07,281891,0
TAX001220,Hamzah مغل,80620-8657731-0,حسین Moghul,1976-01-14,1492813,133921
TAX001221,Hamzah سید,51311-4739633-7,Husain Syed,1974-11-28,9650664,1357599
TAX001222,Bilal Bhatti,40044-1680217-3,,1970-07-01,462186,0
TAX001223,عمران راجہ,75765-6137252-9,Mohammed راجہ,1986-10-07,408829,0
TAX001224,Ahmad Ch.,33230-4359756-0,Mohammad Bilal Ch.,1960-06-21,2530451,289567
TAX001225,علی Bhatti,98055-5313296-6,Ali Bhatti,1982-04-24,1060238,69035
TAX001226,Hussain راجہ,18990-2278856-2,احمد Raja,1955-04-03,106992,0
TAX001227,علی Malik,25917-9396377-8,Hamza Malick,1987-02-16,929825,49473
TAX001228,احمد قریشی,,عمران قریشی,1971-12-01,255971,0
TAX001229,Ahmed Shaikh,31016-9759161-8,Hasan Sheikh,,772149,25822
TAX001230,Ayesha Raja,31957-4190081-9,Hamza Raja,,786988,28048
TAX001231,Mohammed حمزہ راجہ,52233-7188625-3,Mohammed Raja,1957-08-07,2680766,312114
TAX001232,عثمان Syed,70749-2429842-2,,1993-09-18,382085,0
TAX001233,Maryam راجہ,54656-3009122-9,Mohammad راجہ,1995-06-08,370438,0
TAX001234,محمد Malick,97139-3297127-4,Mohammed بلال ملک,1964-05-11,166881,0
TAX001235,Ahmed Awan,63329-1381383-0,,1975-03-23,283600,0
TAX001236,Muhammad عثمان ملک,,,1991-04-19,113704,0
TAX001237,Muhammad حسین Raja,81950-5986295-8,Hussein Raja,1961-07-25,246882,0
TAX001238,Aysha Qureshi,27942-2153392-1,Mohammad Faysal قریشی,1955-02-16,282020,0
TAX001239,ثناء Malik,87444-5153632-1,Mohammad Usman ملک,1965-03-21,417361,0
TAX001240,Mohammad Awan,32199-9551086-3,بلال Awan,1955-11-17,237823,0
TAX001241,Hamza راجہ,66324-4540118-9,Bilal راجہ,1967-09-10,3098655,374798
TAX001242,Sana Bhatti,90790-3091259-6,Mohammed حسین Butt,1996-10-16,1920978,198146
TAX001243,Husain Sheikh,93993-3012883-3,Ali Shaikh,2000-01-08,9662437,1359365
TAX001244,Bilal Sheikh,24760-1047272-3,,1999-01-14,321641,0
TAX001245,Ali Malick,63887-7353955-8,,1983-11-07,64767,0
TAX001246,Zainab Chaudhry,74082-5595236-6,Muhammad چوہدری,1971-01-14,2232961,244944
TAX001247,Faisal Awan,94443-4763393-7,,,2757779,323666
TAX001248,حمزہ Ch.,12247-4932931-7,Bilal Choudhary,1969-09-17,277947,0
TAX001249,Mohammad Ahmed بٹ,43398-2658109-4,عمران بٹ,1974-12-13,283379,0
TAX001250,Mohammed حسن Bhatti,97614-9890570-2,Mohammad Hamza Butt,1988-01-05,11758565,1673784
TAX001251,ثناء Quraishi,35351-4143578-1,Hussein Qureshi,2001-07-09,1111967,76795
TAX001252,Faisal Chaudhry,22594-7374025-7,Mohammed Faysal Chaudhry,1967-04-11,551350,0
TAX001253,Fatema Raja,39829-8228013-8,Mohammed راجہ,1999-02-04,384492,0
TAX001254,حسن Sayed,71221-7918250-8,Ahmad Sayed,1961-11-18,122239,0
TAX001255,Muhammad Hasan Qureshi,43614-1196256-9,Bilal Qureshi,1962-05-21,3389254,418388
TAX001256,فاطمہ Malick,90184-2992782-1,Mohammad Hussein ملک,1993-09-24,1918512,197776
TAX001257,Mohammed Awan,31893-1106646-7,Mohammad Hasan اعوان,1981-06-04,3368697,415304
TAX001258,Muhammed Sayed,69291-3756401-0,,1995-10-01,2343130,261469
TAX001259,علی Shaykh,33513-4285919-3,Hassan Sheikh,,868049,40207
TAX001260,Muhammad Malik,92199-6026347-6,Ali Malik,,361731,0
TAX001261,Ali Quraishi,32950-8052414-1,Ahmad Qureshi,2003-03-07,400171,0
TAX001262,Fatima Shaikh,82744-9906450-9,Faysal Sheikh,1976-08-06,253432,0
TAX001263,حمزہ Syed,68336-5683785-5,حسین سید,1993-04-24,786084,27912
TAX001264,بلال Bhatti,21930-2935210-2,محمد بٹ,1969-12-23,638675,5801
TAX001265,Mohammad Imran اعوان,16924-9689833-2,Imran Awan,1969-03-08,310736,0
TAX001266,Mohammed حسن Raja,54448-9809311-8,Ahmed Raja,1971-05-11,6993386,959007
TAX001267,Mohammad Sayyid,28312-4699507-1,عمران Syed,1964-10-15,2921496,348224
TAX001268,Mohammad عثمان Awan,54260-1502647-0,محمد Awan,1956-11-23,4323457,558518
TAX001269,Ahmad قریشی,20625-2386345-3,Mohammed حمزہ Quraishi,1961-08-26,722563,18384
TAX001270,Faysal خان,51005-7359320-1,Imran Khan,1996-05-25,3489962,433494
TAX001271,Muhammad Faysal Mughal,47641-9239948-8,Ahmed مغل,,297211,0
TAX001272,عثمان سید,76472-8292886-7,,1957-10-02,942339,51350
TAX001273,Mohammad Bilal قریشی,57378-9655209-4,عمران Quraishi,1964-07-13,2063005,219450
TAX001274,Bilal Shaykh,39864-6396230-5,محمد شیخ,1978-05-27,838442,35766
TAX001275,Imran Khan,63311-4488260-3,بلال خان,1993-10-18,3213687,392053
TAX001276,فیصل راجہ,18456-2018574-4,Mohammed Raja,,345716,0
TAX001277,Mohammad Husain Butt,72081-9362556-3,عمران Bhatti,1967-07-23,316186,0
TAX001278,Muhammad Bilal بٹ,98211-2099420-2,بلال بٹ,1994-11-10,222084,0
TAX001279,Muhammad Bilal Bhatti,41813-8043070-2,Othman Bhatti,2001-12-28,338671,0
TAX001280,Mohammad احمد بٹ,70550-1684155-6,Mohammad Husain Bhatti,1995-07-06,909010,46351
TAX001281,محمد Shaikh,98572-7191591-5,Imran Shaykh,1998-03-10,602614,392
TAX001282,احمد Qureshi,75663-9703128-2,,1976-12-05,3154456,383168
TAX001283,Othman Khan,48191-5006686-3,Hassan خان,,699244,14886
TAX001284,Ahmed سید,23392-2516916-1,فیصل سید,1984-09-15,766740,25011
TAX001285,Imran Khan,41600-2533751-3,حمزہ Khan,1968-03-13,3716560,467484
TAX001286,Muhammad Sayyid,20992-9470588-7,Usman Sayed,1979-02-15,992475,58871
TAX001287,Muhammad شیخ,13853-2790897-5,بلال شیخ,1962-09-05,1144038,81605
TAX001288,حسن Sayyid,93471-9344176-4,Muhammed Husain Syed,1993-02-24,88661,0
TAX001289,Muhammed بلال Qureshi,27553-1972156-1,Mohammed Hussain قریشی,,1619362,152904
TAX001290,Mohammad Ahmed Raja,40323-7660590-8,Hamza Raja,1976-01-19,1885079,192761
TAX001291,Muhammad Ali Sheikh,88900-9486798-2,Ahmad Shaikh,1970-08-09,7047508,967126
TAX001292,Hussein Khan,78115-9994349-6,Mohammed Khan,1978-11-01,1964455,204668
TAX001293,مریم Syed,78070-2610366-1,Muhammed علی Sayyid,1982-01-02,367287,0
TAX001294,عمران چوہدری,62144-2482766-0,Bilal Choudhary,1964-11-15,294954,0
TAX001295,Muhammad احمد Shaykh,54634-6960255-0,Bilal Sheikh,1987-09-06,337929,0
TAX001296,Maryam راجہ,37637-9799517-4,Hussain راجہ,2002-01-04,482038,0
TAX001297,عمران Awan,49117-4983341-7,عمران Awan,2002-09-05,1073575,71036
TAX001298,Mohammad فیصل Malik,97428-7217012-7,,1993-01-17,2672070,310810
TAX001299,Mohammad حسین بٹ,12067-8601889-4,فیصل Bhatti,1965-07-25,341997,0
TAX001300,ثناء Mughal,82443-8653803-1,Imran Mughal,1973-03-18,3965478,504821
TAX001301,Ali Qureshi,48588-1356907-8,,,2734241,320136
TAX001302,حسن Malick,48591-3370490-6,Muhammad Bilal Malik,1991-09-02,358769,0
TAX001303,Fatima سید,64749-1512046-7,علی Syed,2002-04-10,180877,0
TAX001304,عمران مغل,97837-7079025-3,عمران مغل,1963-11-18,139344,0
TAX001305,Muhammad Quraishi,28672-8283798-5,,1990-03-13,165147,0
TAX001306,Muhammad عمران Shaikh,22254-7416175-9,بلال شیخ,1977-07-21,2236934,245540
TAX001307,Mohammad Imran اعوان,98081-3444734-3,عمران اعوان,1975-10-11,2064884,219732
TAX001308,Muhammad Hassan Bhatti,41536-6213397-8,Hussein Bhatti,1995-01-28,2549263,292389
TAX001309,فاطمہ خان,66917-7554404-6,Ahmad خان,1958-02-27,75157,0
TAX001310,Mohammed احمد ملک,53888-1427572-0,,1979-09-02,70728,0
TAX001311,احمد Butt,52125-1911397-7,Bilal Butt,1966-11-17,791768,28765
TAX001312,حرا Sayyid,58281-4699556-4,Mohammad Hussein سید,1956-08-15,1724513,168676
TAX001313,Muhammad اعوان,63955-3181520-9,,1977-01-18,278856,0
TAX001314,حرا Awan,31098-2120619-4,,1980-09-22,2303487,255523
TAX001315,حسن Choudhary,40423-2496306-2,,1977-12-06,1517078,137561
TAX001316,Aisha اعوان,70850-1178532-3,Ali Awan,1998-02-03,1092541,73881
TAX001317,بلال ملک,41191-9611651-5,,,1997400,209610
TAX001318,Mohammed بلال Malick,68653-2247151-8,Husain Malick,1974-05-19,2286966,253044
TAX001319,محمد شیخ,,Bilal شیخ,1972-05-02,352891,0
TAX001320,Ahmad Syed,28582-8771291-7,Imran Syed,1965-03-03,841432,36214
TAX001321,Mohammad حمزہ مغل,23413-4244468-4,عمران مغل,1981-03-19,955310,53296
TAX001322,حرا مغل,65839-4886086-8,Mohammad Hassan مغل,1962-09-06,3670469,460570
TAX001323,بلال خان,85028-8543762-0,,1999-10-18,1656510,158476
TAX001324,مریم Malik,18007-7755502-7,Hassan ملک,1980-09-25,1941365,201204
TAX001325,Osman خان,21056-3867901-2,Hasan Khan,1995-06-11,2476693,281503
TAX001326,Mohammad بلال Qureshi,80657-8504152-1,Husain Quraishi,1980-10-05,7547794,1042169
TAX001327,Ahmed Moghul,,Faisal Mughal,1957-09-19,5327624,709143
TAX001328,حسن سید,81022-5845328-8,,,3533848,440077
TAX001329,عمران Syed,42869-9512108-4,Muhammad Ali Syed,1974-10-11,193112,0
TAX001330,Ahmad بٹ,92059-9515022-7,محمد بٹ,1999-11-15,5945558,801833
TAX001331,Imran سید,72600-4288145-8,Muhammed علی Syed,1956-10-15,899606,44940
TAX001332,Hamza Awan,74549-7450410-8,Ali اعوان,1994-10-14,1910076,196511
TAX001333,Ali Qureshi,35710-9286387-0,Muhammed عمران قریشی,1975-11-17,3725477,468821
TAX001334,Usman خان,96975-7045791-6,بلال Khan,2001-10-11,1407930,121189
TAX001335,Muhammad ملک,85010-3951233-5,عثمان Malik,1972-05-06,669925,10488
TAX001336,Fatimah شیخ,47556-4115342-3,Ali Shaykh,1998-09-24,351705,0
TAX001337,Bilal Ch.,85051-2729774-5,Bilal Chaudhary,1965-05-03,6552975,892946
TAX001338,Ali Raja,33317-6760468-6,,1991-03-13,391546,0
TAX001339,Usman Raja,58503-2714979-3,Imran راجہ,1961-09-23,1727732,169159
TAX001340,Sana Butt,12048-6376114-7,Muhammad Hussein Bhatti,1971-04-01,360616,0
TAX001341,Mohammed عمران Moghul,73074-9124351-2,Muhammed مغل,1967-09-27,541554,0
TAX001342,Hussein Khan,37549-7619127-4,Ahmed Khan,1975-05-15,7930676,1099601
TAX001343,Muhammed Ahmed Choudhary,91183-4598169-6,حمزہ Chaudhary,2001-09-04,1988980,208347
TAX001344,محمد Khan,29619-2830473-4,Mohammed Ahmad Khan,1957-06-06,4746102,621915
TAX001345,Muhammed Faisal Raja,89307-3208458-7,Muhammed راجہ,1972-06-05,391103,0
TAX001346,Bilal Shaikh,,Muhammed شیخ,1975-10-17,26148073,3832210
TAX001347,Zainab بٹ,74580-6668862-8,Osman بٹ,2002-11-09,163465,0
TAX001348,Faysal Syed,90432-5832385-2,عمران سید,1963-05-20,1074249,71137
TAX001349,Zaynab Khan,15164-1719322-2,Husain خان,1978-11-08,340029,0
TAX001350,Muhammed Ahmad Chaudhry,52726-6324701-1,Mohammad Hasan Ch.,1955-06-11,937666,50649
TAX001351,Sana Shaykh,49749-5770818-8,Muhammad Imran Sheikh,1994-07-13,1119232,77884
TAX001352,Fatima اعوان,68851-8399823-4,Bilal اعوان,,532898,0
TAX001353,Usman Bhatti,78321-4664792-2,عمران بٹ,1961-12-05,359363,0
TAX001354,Faisal Shaykh,91797-2553638-0,Muhammed Bilal Shaykh,2002-01-03,2273005,250950
TAX001355,Fatimah Choudhary,55220-1406434-8,Ali Chaudhary,1985-07-17,1281679,102251
TAX001356,Fatimah Shaykh,70851-6382950-4,Muhammad Othman Sheikh,1990-11-09,501529,0
TAX001357,عثمان شیخ,76968-8609696-6,Imran شیخ,1970-12-04,1562539,144380
TAX001358,Hamza ملک,18299-8669985-3,,1983-12-24,2617445,302616
TAX001359,محمد Quraishi,30341-4591976-6,Muhammed Ali Qureshi,1961-12-14,580522,0
TAX001360,Hussein Chaudhary,28857-4967051-2,Osman Chaudhary,1996-06-23,844164,36624
TAX001361,Othman Raja,64771-3049446-7,حمزہ Raja,2002-12-16,833831,35074
TAX001362,حسن Khan,44214-5259672-9,Mohammad Hamzah Khan,1994-12-24,484125,0
TAX001363,Aysha Shaykh,67690-2172533-2,Muhammad Shaikh,1976-04-22,155237,0
TAX001364,حرا ملک,52844-3339875-9,Muhammed Imran ملک,1988-04-05,207018,0
TAX001365,علی قریشی,85824-4161506-2,,1957-05-25,146847,0
TAX001366,Sana راجہ,67458-6860498-3,عثمان Raja,1997-09-12,664973,9745
TAX001367,Ayisha Khan,46455-6068456-3,Muhammed بلال خان,1996-02-27,205234,0
TAX001368,Ahmed اعوان,31365-4524077-9,Ahmed اعوان,1956-03-21,291889,0
TAX001369,Mariam Malik,,,1964-07-02,190541,0
TAX001370,Ahmad Chaudhary,70358-7880529-7,,,451250,0
TAX001371,Ahmad سید,26974-4031760-0,Ahmad Syed,1994-12-02,1488266,133239
TAX001372,Fatema چوہدری,38061-1621143-4,,1967-07-13,1041802,66270
TAX001373,Mohammad حمزہ Bhatti,29612-5731929-2,Ahmed بٹ,,310620,0
TAX001374,Usman خان,,فیصل خان,,1427122,124068
TAX001375,عثمان Qureshi,95872-1020737-3,فیصل Quraishi,1993-06-05,141606,0
TAX001376,احمد Chaudhary,28596-5621484-3,بلال Ch.,1977-09-11,520883,0
TAX001377,Zainab Shaikh,43994-2257435-2,,1964-08-02,171169,0
TAX001378,حمزہ Choudhary,46428-2011016-2,فیصل Chaudhary,1994-01-15,1477726,131658
TAX001379,بلال Syed,64046-4828581-2,Ali Syed,1973-09-21,252075,0
TAX001380,Hussein شیخ,47415-1543296-3,محمد Shaikh,1962-01-20,2018221,212733
TAX001381,ثناء اعوان,50404-2088545-5,Hamzah Awan,1992-11-25,6595246,899286
TAX001382,فاطمہ Chaudhry,23949-3296115-4,Hamzah Choudhary,1982-01-04,1774823,176223
TAX001383,عمران Malick,13492-7921821-8,Hassan Malick,1961-08-13,158635,0
TAX001384,فاطمہ Sayed,81352-1220268-8,Muhammad احمد Sayed,,788995,28349
TAX001385,Mohammed احمد Quraishi,21067-4279706-8,Mohammad Quraishi,1981-08-04,2697221,314583
TAX001386,Usman Malik,57332-9903570-4,Hamzah Malik,1974-04-26,1049981,67497
TAX001387,Mohammed Khan,33819-6854133-8,Mohammad Imran Khan,1998-06-15,7023316,963497
TAX001388,حمزہ خان,83565-1091715-5,Hasan Khan,1997-04-20,2975231,356284
TAX001389,Zaynab Sayed,,فیصل Sayyid,1959-09-08,280987,0
TAX001390,Ayisha Khan,62819-7959256-6,احمد Khan,1974-06-21,372325,0
TAX001391,احمد خان,97364-8840976-1,Hussein خان,1957-01-24,1352651,112897
TAX001392,محمد Bhatti,75776-1635819-9,Muhammed حسین Butt,1996-10-27,304789,0
TAX001393,Hira چوہدری,70718-8365488-1,بلال Chaudhary,1979-10-18,951817,52772
TAX001394,Bilal سید,38348-9136201-4,Mohammad Syed,1986-08-19,232220,0
TAX001395,Ali Syed,38094-8839484-0,Mohammad عمران Sayed,1984-09-28,335435,0
TAX001396,Ali خان,81532-2404057-3,Osman خان,1998-12-25,1052042,67806
TAX001397,Fatimah ملک,12937-9449836-9,Muhammad Husain Malik,1997-09-01,709136,16370
TAX001398,زینب Bhatti,31065-3017340-7,عثمان Bhatti,1988-09-24,203217,0
TAX001399,ثناء قریشی,80660-3895328-0,,1971-09-02,1372121,115818
TAX001400,Ali Chaudhry,,Ahmed چوہدری,1965-09-16,1013250,61987
TAX001401,Muhammad Ali مغل,,حمزہ Mughal,1997-11-02,480108,0
TAX001402,Ahmed Butt,65511-2887319-5,Bilal بٹ,1957-08-18,1094468,74170
TAX001403,Hamzah Bhatti,39377-6591962-6,,1961-08-19,216369,0
TAX001404,فاطمہ Butt,65264-5748622-9,Bilal Bhatti,1979-09-08,224467,0
TAX001405,Aysha Bhatti,29882-2086491-7,محمد Butt,1964-09-11,464815,0
TAX001406,Faisal Chaudhry,81122-3098120-0,Imran Choudhary,,1502609,135391
TAX001407,فیصل خان,43886-7630163-7,Ali خان,,2199401,239910
TAX001408,Mohammad بلال Khan,21689-6031481-1,Hassan Khan,1962-10-25,38292,0
TAX001409,Hasan سید,37963-8971029-6,Muhammad Syed,1976-03-08,643187,6478
TAX001410,Bilal Qureshi,57227-5671056-4,Hamzah قریشی,1964-05-04,463688,0
TAX001411,زینب خان,45861-1474039-9,,1980-02-16,218872,0
TAX001412,Imran Sheikh,80548-1701866-8,Mohammed عمران شیخ,2001-01-28,586990,0
TAX001413,احمد Butt,45503-7940725-8,احمد Bhatti,1969-06-20,1778340,176751
TAX001414,Zaynab Raja,86253-7640884-9,,1983-05-17,674166,11124
TAX001415,Usman قریشی,54098-1827125-1,Ahmed Qureshi,1994-03-24,2633741,305061
TAX001416,Muhammad Awan,60002-1746392-5,Ahmad اعوان,1959-08-03,1314354,107153
TAX001417,Muhammed Faisal Raja,37150-8067382-5,Hassan راجہ,1981-12-21,126678,0
TAX001418,Usman Quraishi,59674-9145474-0,Mohammad Quraishi,1956-10-21,958867,53830
TAX001419,علی Bhatti,42798-4001906-0,Hussein بٹ,1979-07-22,42996128,6359419
TAX001420,مریم اعوان,52844-8411577-4,Muhammed علی Awan,1955-05-11,3704511,465676
TAX001421,Zaynab Raja,69063-6176130-5,حسن Raja,1967-09-26,438512,0
TAX001422,Fatimah Choudhary,63090-7396488-2,Ali Chaudhary,1981-06-23,201876,0
TAX001423,Faysal Moghul,17038-1153613-6,Muhammad Ali Mughal,1966-02-06,840070,36010
TAX001424,مریم Awan,62590-3253793-5,Faisal Awan,1959-07-01,1393773,119065
TAX001425,احمد Qureshi,79914-9674986-6,Muhammad Quraishi,1955-09-01,412285,0
TAX001426,Mariam Awan,35674-2327617-2,فیصل اعوان,1993-06-15,2262817,249422
TAX001427,Muhammad Hamza Sheikh,31510-8130118-1,Mohammad Ali Shaykh,2001-02-06,626478,3971
TAX001428,حمزہ قریشی,55314-7473815-8,,1984-09-12,292440,0
TAX001429,Hussain Raja,26766-3070407-8,حسن راجہ,1987-06-09,2636948,305542
TAX001430,Muhammad Khan,50042-7164406-4,حمزہ Khan,1976-12-05,237503,0
TAX001431,احمد Shaykh,68648-5789324-8,Mohammed فیصل Shaykh,2003-12-24,600571,85
TAX001432,Hamza اعوان,41836-5923606-2,Hamzah Awan,1965-01-07,254252,0
TAX001433,حرا شیخ,56351-1211654-8,Mohammed Sheikh,1959-10-26,322535,0
TAX001434,حسین قریشی,60674-4851116-5,عمران قریشی,1987-03-09,706801,16020
TAX001435,Usman چوہدری,14687-2742095-8,احمد Choudhary,2000-07-15,1434063,125109
TAX001436,Bilal Quraishi,43305-5268011-5,حسین Qureshi,1971-07-02,2607287,301093
TAX001437,Ahmed اعوان,38500-8555391-8,Mohammed احمد اعوان,1955-11-22,528249,0
TAX001438,Hasan Mughal,80337-8658687-8,Imran Moghul,1997-05-28,344509,0
TAX001439,ثناء Mughal,86850-9853232-8,Ali Moghul,,365586,0
TAX001440,حمزہ Moghul,23717-5600997-7,Mohammad Ali Moghul,1971-07-08,3212501,391875
TAX001441,حرا Butt,27927-4418107-8,حسن Butt,1992-08-06,2849962,337494
TAX001442,Faisal Malik,94681-9388090-0,Bilal Malik,1965-10-07,100889,0
TAX001443,عمران Sayyid,59729-2922909-0,Muhammad Sayed,1987-11-20,2662095,309314
TAX001444,Hira Sayyid,81793-2402766-4,Hassan سید,1978-07-26,646877,7031
TAX001445,Imran بٹ,94037-2426942-9,,2003-01-26,2024500,213675
TAX001446,Fatimah خان,53178-7361742-7,Mohammed احمد Khan,1976-01-23,378901,0
TAX001447,مریم Butt,11709-7593234-5,حسین بٹ,1960-12-03,997506,59625
TAX001448,حسین Khan,23182-7691144-9,Faysal Khan,1972-10-16,195993,0
TAX001449,عمران چوہدری,81858-4394065-4,Imran Chaudhary,1964-07-18,828328,34249
TAX001450,Fatimah سید,12021-9857606-3,Muhammed عمران سید,,1864824,189723
TAX001451,حمزہ Raja,57721-1013967-5,Muhammad Faysal راجہ,1982-03-12,2792247,328837
TAX001452,Maryam خان,26581-1373745-1,علی خان,1982-12-25,192209,0
TAX001453,Muhammed Bilal Khan,82521-1098052-9,Usman Khan,1963-02-26,2209442,241416
TAX001454,Muhammed احمد اعوان,48114-2513511-2,,1973-07-20,404224,0
TAX001455,Hussein ملک,87623-7758979-2,بلال ملک,1972-03-06,7402052,1020307
TAX001456,Muhammad Imran مغل,16998-5434785-5,Hussein Moghul,1963-02-27,2159880,233982
TAX001457,Mohammad Osman اعوان,67031-9485875-2,Mohammad اعوان,1991-03-05,68265,0
TAX001458,Faysal خان,92853-7699116-3,Osman خان,1981-05-02,487187,0
TAX001459,Hussain Awan,31358-6504576-4,Mohammad اعوان,1958-02-16,81766,0
TAX001460,Muhammed قریشی,17733-2534558-1,Faisal Qureshi,1978-01-20,6500306,885045
TAX001461,Muhammed Ahmad قریشی,80599-1731815-5,,1983-01-27,145088,0
TAX001462,Mohammed Khan,66385-6266537-0,Mohammad خان,1985-05-23,5828077,784211
TAX001463,عمران قریشی,92654-3363058-9,,1984-07-19,635049,5257
TAX001464,بلال قریشی,43697-5681322-7,احمد قریشی,1981-12-03,1826090,183913
TAX001465,Hamzah Chaudhry,20832-4577194-1,Muhammed Choudhary,1971-06-02,1505153,135772
TAX001466,Fatima Shaikh,48898-4579179-5,Hamzah Sheikh,1971-09-25,5412015,721802
TAX001467,بلال راجہ,,Bilal Raja,1983-04-19,955180,53277
TAX001468,Hussein راجہ,81717-6094229-2,Othman Raja,1969-07-26,1433137,124970
TAX001469,بلال Sheikh,53364-6003464-0,Mohammed Hamzah Shaikh,1983-05-23,5052551,667882
TAX001470,Usman Malick,30900-4455938-9,Mohammad Ali Malick,2001-01-20,2147200,232080
TAX001471,Mohammad احمد Khan,13611-2706522-0,احمد Khan,1960-02-15,153069,0
TAX001472,Faisal خان,48657-8468968-6,Mohammed خان,1998-12-06,1166843,85026
TAX001473,Muhammed حسن قریشی,99468-3971689-0,احمد Quraishi,1997-03-06,1012292,61843
TAX001474,Mohammad خان,16655-2324391-5,Ahmed خان,1976-04-28,902654,45398
TAX001475,عثمان مغل,93062-6700632-0,Mohammad حمزہ Mughal,1973-01-27,1265741,99861
TAX001476,علی اعوان,16490-6936879-9,Mohammad Usman Awan,1996-01-08,463727,0
TAX001477,Muhammed خان,98806-4627767-4,Mohammad Khan,1968-12-19,254560,0
TAX001478,Muhammed Chaudhry,76385-5768275-1,,1989-05-21,1374670,116200
TAX001479,Hasan Quraishi,32840-7025949-5,حسن Quraishi,1978-11-19,1740007,171001
TAX001480,Ayesha خان,73818-1218912-0,,1991-07-27,1085788,72868
TAX001481,Imran Sayyid,44431-1739687-3,Mohammad حمزہ Syed,1987-05-23,2280874,252131
TAX001482,حسن Moghul,,Muhammad مغل,1955-07-16,614873,2230
TAX001483,Mohammed Othman Qureshi,31060-6837445-0,,,1032450,64867
TAX001484,Fatema Bhatti,80416-5274350-2,Faysal Butt,1958-11-06,366141,0
TAX001485,Hassan Chaudhry,22484-2170110-0,Mohammad Chaudhary,1991-01-21,507988,0
TAX001486,Usman Choudhary,82647-7945843-8,Husain Chaudhary,1970-01-05,111392,0
TAX001487,Marium Awan,90775-1108971-4,,1984-06-25,884588,42688
TAX001488,Zainab مغل,32412-8105112-4,علی Moghul,1980-01-08,497507,0
TAX001489,Muhammad Shaikh,56363-9735237-2,احمد شیخ,1971-08-15,243655,0
TAX001490,Mohammed اعوان,55121-3719631-3,عمران اعوان,1955-03-07,665009,9751
TAX001491,فیصل Sheikh,78738-3088644-8,,1986-12-01,895818,44372
TAX001492,Mohammed بلال ملک,67216-4547307-8,Usman ملک,1976-09-18,1653995,158099
TAX001493,Faisal اعوان,22346-7404194-8,,1957-12-02,322940,0
TAX001494,Hamzah Raja,18803-7298799-9,Ali راجہ,1987-10-16,190418,0
TAX001495,Osman بٹ,77359-3116968-2,Hamza Butt,1965-01-02,2318795,257819
TAX001496,Mohammed عمران Shaikh,96833-3608640-0,Hussain Sheikh,1960-05-09,136256,0
TAX001497,Muhammad Ali راجہ,65241-7038145-9,Faisal راجہ,2000-04-23,1703285,165492
TAX001498,Mohammed Ali خان,46306-3504296-3,علی خان,1963-12-15,3755245,473286
TAX001499,Ahmed Chaudhary,15430-3191824-8,Muhammad Ahmad چوہدری,1981-06-02,810075,31511
TAX001500,Mohammad Qureshi,,Othman قریشی,1980-10-04,362567,0
TAX001501,Mohammad Faisal راجہ,13823-5423659-3,عمران راجہ,1972-02-20,1301967,105295
TAX001502,Mohammed Hassan Malick,11833-9406848-0,Osman Malik,1980-09-12,200913,0
TAX001503,Mariam خان,61642-3566438-1,,1987-07-12,782801,27420
TAX001504,Hussein Butt,56555-7568552-3,Hussein Butt,1993-04-23,7544864,1041729
TAX001505,Mohammad Hussain مغل,69456-4183858-2,,1979-03-14,624043,3606
TAX001506,Ali Bhatti,97223-3305951-5,عمران Butt,1999-06-09,2997233,359584
TAX001507,Muhammad عمران راجہ,74617-2645611-9,Mohammad بلال راجہ,1964-11-08,3848263,487239
TAX001508,Faysal Mughal,38914-4372441-8,Osman Mughal,1970-03-24,5122808,678421
TAX001509,Fatimah Qureshi,79681-4956910-3,Hasan Qureshi,1971-04-27,1692653,163897
TAX001510,احمد Quraishi,63171-1469584-5,Mohammad Hussain قریشی,1978-08-25,982678,57401
TAX001511,Hamza Quraishi,86916-5500507-5,Hasan قریشی,1978-04-14,904800,45720
TAX001512,بلال Syed,60109-2066731-6,Hassan Sayed,1972-03-03,150505,0
TAX001513,Imran خان,91045-6139691-8,,,330316,0
TAX001514,فیصل Sayed,68547-4048820-1,Hasan Sayed,1955-08-28,355630,0
TAX001515,فیصل Malik,60437-3055876-4,Muhammed Malick,1997-05-21,2813683,332052
TAX001516,حسن شیخ,49452-6313929-4,,2000-01-15,517341,0
TAX001517,Mohammed Hamzah چوہدری,13930-9961682-1,Hamzah Choudhary,,935389,50308
TAX001518,Imran اعوان,46811-6340785-2,Hasan Awan,1978-11-09,3344091,411613
TAX001519,Bilal راجہ,45003-9355981-0,,1986-04-21,395543,0
TAX001520,Imran Sayed,39171-8460988-7,Mohammad Hamzah Sayyid,1963-10-14,1015571,62335
TAX001521,حسن Awan,46524-2039271-0,Usman اعوان,1964-08-18,1967338,205100
TAX001522,عثمان Raja,,,2001-03-03,6478707,881806
TAX001523,احمد Sayyid,49468-4803548-9,Ahmad Syed,1968-07-17,1779319,176897
TAX001524,فاطمہ Khan,35967-7343187-9,Usman Khan,1977-12-05,1692473,163870
TAX001525,Faysal Sheikh,92728-9130904-3,Muhammad عثمان Shaikh,,137420,0
TAX001526,Hasan Sheikh,93877-8427171-3,Faysal Sheikh,1967-09-20,181035,0
TAX001527,Muhammad Hussein Qureshi,56404-4783293-2,Muhammed Hasan Quraishi,1982-07-03,815356,32303
TAX001528,Marium ملک,70177-1764398-8,Ali Malick,1979-10-16,442928,0
TAX001529,Mohammad Hassan Sayed,11855-9244193-1,,1980-02-12,759654,23948
TAX001530,Mohammad Imran راجہ,74617-8293757-4,عمران Raja,1971-07-16,324036,0
TAX001531,Ali Sheikh,30023-3376230-2,عمران Shaykh,1956-11-04,676523,11478
TAX001532,Muhammed Usman راجہ,97163-4089229-2,Mohammed Othman Raja,1980-01-13,1992053,208807
TAX001533,Hasan قریشی,01751-9032737-3,,1996-02-18,753880,23082
TAX001534,زینب Malik,73644-6289106-3,عمران Malick,1974-02-21,74512,0
TAX001535,Mohammad Malik,32874-7732573-0,Muhammad Imran Malik,1973-11-13,4500351,585052
TAX001536,حرا قریشی,51134-5644752-7,Muhammed Qureshi,,718264,17739
TAX001537,Mohammad فیصل Syed,87454-6386166-7,Imran Sayed,1986-06-26,1119398,77909
TAX001538,Muhammed علی Khan,66963-3655761-0,Ahmed خان,1994-11-16,1831397,184709
TAX001539,Ali بٹ,84917-5087783-6,,1980-08-18,1149001,82350
TAX001540,Mariam خان,72202-4617493-1,علی Khan,1982-08-16,846673,37000
TAX001541,علی اعوان,70343-6689470-9,Muhammed عمران Awan,1989-10-16,803424,30513
TAX001542,Zainab Chaudhry,50474-4406031-1,فیصل Choudhary,1960-11-25,619986,2997
TAX001543,Imran Mughal,40562-3091937-5,,1965-02-19,556380,0
TAX001544,حمزہ Sayed,83798-8652001-4,Mohammad حمزہ Sayyid,1955-12-02,563387,0
TAX001545,مریم بٹ,97212-8302424-7,Bilal بٹ,1974-10-15,608261,1239
TAX001546,Ahmad Sayyid,55555-8157670-0,,1976-01-01,459980,0
TAX001547,Mohammad حمزہ Chaudhary,60609-5570107-9,بلال Ch.,1994-03-15,51148,0
TAX001548,Ali مغل,52086-4454238-0,Osman مغل,1992-08-24,737655,20648
TAX001549,Muhammad Ali راجہ,64201-4462315-6,Husain Raja,1970-02-28,306922,0
TAX001550,Faysal سید,64256-8291789-3,حسین سید,1976-05-28,957413,53611
TAX001551,Husain بٹ,90214-3035282-6,فیصل Bhatti,1993-10-08,281486,0
TAX001552,Mohammad Hussain Moghul,39676-5523795-6,حسین Moghul,1956-09-25,596729,0
TAX001553,Ali Choudhary,53016-9397068-6,علی Choudhary,,369048,0
TAX001554,Faisal Raja,45338-2473677-3,Ali راجہ,1961-01-25,833603,35040
TAX001555,Mohammad Shaykh,15682-9035115-5,Hussein Shaikh,1988-06-07,421549,0
TAX001556,Zainab Qureshi,26470-1625661-3,محمد Quraishi,,1232076,94811
TAX001557,بلال Malick,39287-1916164-0,علی Malick,2002-06-04,382783,0
TAX001558,زینب Sayed,87945-7570063-3,Othman Syed,1992-06-21,291540,0
TAX001559,Aysha Raja,85191-4664158-1,Mohammad Husain راجہ,2000-06-18,3184478,387671
TAX001560,Bilal Sayed,19499-4738337-8,,1978-01-07,2012139,211820
TAX001561,Fatima شیخ,35546-6201396-7,Husain Shaykh,1966-05-14,362597,0
TAX001562,حسن Awan,76117-7647888-8,Mohammad اعوان,1957-09-26,396478,0
TAX001563,Mohammad Ali Mughal,86358-1840925-2,احمد مغل,1996-11-16,808836,31325
TAX001564,زینب Chaudhary,37241-6344163-0,Mohammad علی Chaudhary,1969-09-26,504451,0
TAX001565,Ali شیخ,26743-8082070-6,Othman شیخ,,3009584,361437
TAX001566,Hassan Chaudhary,30095-4922062-0,علی Chaudhary,1956-03-11,7336689,1010503
TAX001567,Muhammad حسن خان,38765-4309617-4,Bilal خان,1984-08-03,7839755,1085963
TAX001568,Bilal اعوان,67349-8161659-2,Mohammad Hamzah Awan,1994-10-12,191884,0
TAX001569,Muhammad Ali بٹ,,,2002-10-18,3513878,437081
TAX001570,Hasan Khan,27276-1782937-2,عمران Khan,1973-08-03,1050047,67507
TAX001571,Muhammed Ahmad اعوان,96758-3221349-4,Muhammed Awan,1978-01-15,2150603,232590
TAX001572,عمران Awan,94173-9107947-5,Husain اعوان,1981-02-20,689543,13431
TAX001573,Husain Khan,93862-4814971-8,حمزہ Khan,,1299854,104978
TAX001574,Mohammad عمران ملک,51504-1672820-9,Mohammed Usman Malick,,423276,0
TAX001575,Muhammad عمران Shaykh,42650-4147850-7,,1959-03-04,711047,16657
TAX001576,Ahmed راجہ,40894-6815916-8,,2002-10-02,2024607,213691
TAX001577,Hamza Khan,14725-4783854-9,علی خان,1977-02-19,2665294,309794
TAX001578,Muhammad Ali Moghul,74748-2711673-2,Ali Moghul,1964-08-13,1722166,168324
TAX001579,Hassan راجہ,31436-1360106-5,,1964-03-04,530028,0
TAX001580,Muhammed Hussein Moghul,35598-1025295-8,حسن Moghul,1967-05-10,2270216,250532
TAX001581,Hussein Raja,76659-6546440-0,Husain Raja,1984-01-26,4476779,581516
TAX001582,ثناء Qureshi,51054-4178720-7,Mohammed Hamza Quraishi,1971-10-23,341067,0
TAX001583,علی Moghul,40562-5496419-2,حمزہ Mughal,1986-08-11,1349162,112374
TAX001584,Faisal شیخ,20558-7700274-5,,1960-03-26,963805,54570
TAX001585,Othman Moghul,87663-5795558-1,Ahmed مغل,1975-07-07,2452771,277915
TAX001586,Faisal Sayyid,42029-8772420-2,,1966-10-24,1061752,69262
TAX001587,Muhammed سید,53938-5348804-9,عمران Sayed,1956-11-22,250748,0
TAX001588,Hassan Choudhary,95813-1678596-0,,1991-09-28,9201179,1290176
TAX001589,Ahmed Malik,22368-3900709-1,Muhammad Othman Malick,2002-05-17,707875,16181
TAX001590,Osman راجہ,81229-7998722-8,Hamza راجہ,1980-05-01,1282630,102394
TAX001591,Muhammad Husain Raja,61047-6189258-4,علی راجہ,1998-01-02,1126986,79047
TAX001592,Maryam Raja,51114-9737254-5,Bilal راجہ,1995-07-10,4813528,632029
TAX001593,احمد Mughal,38535-5969315-2,Ahmed مغل,1994-03-23,1995733,209359
TAX001594,Ahmad Ch.,,Husain Ch.,1965-10-09,654783,8217
TAX001595,حسین اعوان,24669-2510748-7,Muhammed Faysal Awan,1983-03-27,1157189,83578
TAX001596,Muhammed Faisal Raja,77330-4341392-1,عمران راجہ,1956-01-08,110070,0
TAX001597,Muhammed Ali خان,55591-4300220-2,,1976-04-18,1582267,147340
TAX001598,Muhammed عثمان Khan,45409-5098200-8,حسن خان,1990-12-01,250289,0
TAX001599,Muhammad بلال مغل,90445-2047699-0,حمزہ Mughal,1980-09-23,2255243,248286
TAX001600,Fatima Chaudhary,37106-9415479-9,بلال Choudhary,1998-04-07,54458,0
TAX001601,Muhammad عمران Qureshi,62755-3970123-6,Hamza Qureshi,1961-04-14,317603,0
TAX001602,Mohammed ملک,97008-9486611-2,Hasan ملک,1969-12-20,3846085,486912
TAX001603,عثمان Shaykh,,,1980-08-16,413233,0
TAX001604,حرا Qureshi,10892-9768556-1,Mohammed Husain Qureshi,1970-02-20,788190,28228
TAX001605,Aisha اعوان,24505-6911339-9,,1992-09-21,1327208,109081
TAX001606,Hamzah Shaykh,61221-7322835-5,بلال شیخ,,2158313,233746
TAX001607,Ali Qureshi,50376-9509906-9,,1965-06-11,2632926,304938
TAX001608,حرا Khan,27892-1377064-7,Husain Khan,1995-08-05,862582,39387
TAX001609,احمد اعوان,61951-9127407-0,عمران اعوان,,139957,0
TAX001610,Muhammed Hamzah Butt,99860-5768531-6,Hussein بٹ,1959-09-07,351316,0
TAX001611,Ahmad Syed,47876-8689594-8,عثمان Sayed,1968-07-24,823764,33564
TAX001612,Bilal Butt,13664-5449621-4,Othman Bhatti,1955-10-06,1032312,64846
TAX001613,عائشہ Quraishi,14115-3751906-6,Ali قریشی,1984-01-13,118097,0
TAX001614,Mohammed راجہ,80076-5238976-5,عمران راجہ,1961-04-01,1769019,175352
TAX001615,Muhammed قریشی,97393-4975509-9,Faisal قریشی,2002-08-09,136035,0
TAX001616,Imran Qureshi,11909-3506135-7,,1955-01-01,844053,36607
TAX001617,Hira Sayed,88176-6970859-3,Muhammad سید,1977-07-10,1081766,72264
TAX001618,Hamzah راجہ,68828-1868830-8,حمزہ Raja,2001-01-21,1574329,146149
TAX001619,حرا Khan,92779-4423305-6,Othman Khan,1999-02-02,597188,0
TAX001620,Mohammad Hussain شیخ,15670-7600067-7,Hussein Shaykh,1997-06-14,2062331,219349
TAX001621,Zainab شیخ,59522-3378394-2,Ahmed شیخ,1975-06-20,2390543,268581
TAX001622,فاطمہ Quraishi,34148-4033321-1,فیصل Quraishi,1955-06-08,3469991,430498
TAX001623,Hamza خان,50278-9059779-6,Hussein خان,1989-05-22,260819,0
TAX001624,Faisal Sayyid,22633-4888891-8,حسن Syed,1975-01-16,1677724,161658
TAX001625,Usman Qureshi,31787-1945506-0,Hassan Quraishi,1980-03-22,1153799,83069
TAX001626,Hamzah Chaudhry,74835-3634911-6,,1989-11-18,2500767,285115
TAX001627,عمران Qureshi,52562-3868387-2,,1997-05-06,494345,0
TAX001628,Ali Quraishi,,Hamza Quraishi,1978-10-03,189514,0
TAX001629,Imran Khan,,,1984-05-09,876471,41470
TAX001630,Muhammed Usman Sheikh,79327-5962643-1,حمزہ Shaykh,1962-06-19,809529,31429
TAX001631,Fatimah Bhatti,36630-1614835-5,حسن Bhatti,1986-09-18,16373031,2365954
TAX001632,Bilal ملک,41410-9743708-9,Ali Malik,1982-01-17,528736,0
TAX001633,عمران ملک,72903-8972832-3,Mohammed ملک,1973-09-14,3676298,461444
TAX001634,علی Malick,63555-6481363-3,عثمان Malik,,8871288,1240693
TAX001635,Ahmed راجہ,56693-8127897-7,Muhammad Hassan راجہ,1973-05-28,1143668,81550
TAX001636,مریم Sayed,62099-2095626-4,Hassan سید,,348691,0
TAX001637,بلال سید,16902-1486424-0,احمد Sayed,1958-09-20,2399175,269876
TAX001638,Fatema مغل,40664-6710639-2,Ahmed Mughal,2000-02-18,174036,0
TAX001639,حسین Sheikh,48298-9633551-8,Muhammed Hussein Shaykh,1994-11-20,3688053,463207
TAX001640,Hamzah Shaikh,74261-6512882-9,Othman شیخ,2003-09-05,980875,57131
TAX001641,Muhammad علی Shaykh,,Faisal Sheikh,1997-11-28,1453962,128094
TAX001642,Mohammad علی Bhatti,34580-8580838-1,Hamzah بٹ,1955-06-25,263357,0
TAX001643,Husain Quraishi,37015-8137934-7,,1988-07-17,783449,27517
TAX001644,Mohammed چوہدری,54789-8288314-8,Ahmad Ch.,1960-10-08,710606,16590
TAX001645,Sana Malik,85554-1190530-0,Mohammad Faysal Malick,1997-12-19,2558291,293743
TAX001646,احمد Awan,58549-6295273-2,,1982-07-19,337449,0
TAX001647,Mohammad احمد قریشی,12708-8796027-0,,1967-03-22,111424,0
TAX001648,Muhammed Ahmed Moghul,20468-1175074-3,,1963-10-16,309725,0
TAX001649,Usman ملک,15539-1991043-8,عثمان Malik,1989-02-28,1505016,135752
TAX001650,Othman خان,37810-8734943-3,بلال خان,1959-06-23,64832,0
TAX001651,بلال Sayed,20337-4641208-5,Mohammad عمران Sayed,2001-10-13,661732,9259
TAX001652,Osman Choudhary,10932-6601298-8,Usman Chaudhary,2003-07-03,122050,0
TAX001653,Hira Chaudhary,60572-7301078-3,فیصل Ch.,1986-10-06,310705,0
TAX001654,Muhammed Ahmad Sayyid,61496-1714496-2,عمران Sayyid,1970-08-16,200912,0
TAX001655,عمران Mughal,63721-1078617-5,حسن Moghul,1973-03-17,173515,0
TAX001656,Ahmed سید,23741-8748174-5,حسن Sayyid,1976-09-28,140967,0
TAX001657,Zainab Khan,14911-4169373-8,عمران Khan,1955-03-16,2162555,234383
TAX001658,Mohammed Hamzah Syed,27605-9541450-1,Hussain سید,1995-05-22,1895088,194263
TAX001659,فیصل قریشی,,Muhammed قریشی,1981-08-13,5022328,663349
TAX001660,Mohammed Faysal Sheikh,,عمران شیخ,1984-05-28,7224492,993673
TAX001661,Hassan قریشی,69464-3278090-7,Mohammad Ahmad قریشی,1984-05-07,783856,27578
TAX001662,احمد Syed,36620-6118172-3,Faysal Syed,1987-09-03,419398,0
TAX001663,مریم Qureshi,40675-4597858-6,Mohammed Husain قریشی,2003-08-15,11454679,1628201
TAX001664,Muhammed Moghul,24774-6857037-3,Imran Mughal,1995-07-01,3931457,499718
TAX001665,Muhammed Othman Bhatti,44336-2137832-2,,1960-10-02,2454656,278198
TAX001666,حمزہ اعوان,45196-5689206-1,Muhammad Awan,,573338,0
TAX001667,Ahmed مغل,45484-7228229-3,,1996-02-02,1749596,172439
TAX001668,Ahmed Sheikh,81301-8811741-0,Faisal Shaykh,2001-12-18,1244776,96716
TAX001669,Faisal Sayyid,33259-7261161-1,Hamza Sayyid,1974-03-06,1018056,62708
TAX001670,Ali Sayyid,79936-1866001-0,Mohammed Hassan Sayed,,1043391,66508
TAX001671,Muhammad اعوان,,Ali اعوان,1958-03-25,1992295,208844
TAX001672,بلال Sayed,84873-7046357-3,Bilal Sayyid,1989-10-01,4951006,652650
TAX001673,محمد Khan,41902-3291121-5,Faysal خان,1955-01-26,12723791,1818568
TAX001674,Mohammed Hassan Khan,31003-2569075-1,Muhammad حسن Khan,1989-07-19,760981,24147
TAX001675,Bilal اعوان,25722-1418620-4,Othman اعوان,2000-05-24,1282655,102398
TAX001676,Ayesha Mughal,18965-8951745-0,Hamzah Moghul,1971-05-08,1063744,69561
TAX001677,Hasan Bhatti,34073-7048956-2,Ahmed بٹ,1996-07-01,1781214,177182
TAX001678,Mohammad Ahmad شیخ,45598-6118576-7,,1966-07-20,83407,0
TAX001679,حرا قریشی,39445-3190265-7,,1960-11-15,698240,14736
TAX001680,عمران خان,55212-7024535-9,Imran Khan,1977-02-13,10239441,1445916
TAX001681,عثمان راجہ,32377-8211972-8,Bilal Raja,2003-12-10,357559,0
TAX001682,زینب Awan,,Hasan Awan,1984-07-02,308692,0
TAX001683,Mohammed Husain اعوان,77000-4870860-7,عمران اعوان,1960-10-04,1057530,68629
TAX001684,زینب Moghul,21239-8334717-4,,1958-07-19,378252,0
TAX001685,Bilal مغل,52734-4866497-4,,1972-09-14,757595,23639
TAX001686,Imran شیخ,85246-9854747-6,Usman Sheikh,1972-07-06,255458,0
TAX001687,Muhammed راجہ,42593-5893759-6,,1970-10-04,2754997,323249
TAX001688,Imran راجہ,21794-3035379-4,Ahmad راجہ,,1389136,118370
TAX001689,بلال Mughal,28201-9295865-3,Mohammad Hamzah Moghul,2002-10-22,2520862,288129
TAX001690,حرا Mughal,11167-6651210-4,Muhammad عمران Mughal,,1937767,200665
TAX001691,Muhammad خان,87265-9641109-4,حسن خان,1970-07-04,303744,0
TAX001692,Hamza Malick,21162-6340871-1,,1990-11-12,1970682,205602
TAX001693,Mohammad عمران Sheikh,29671-1304860-3,Muhammad Hussein شیخ,1997-01-03,7881493,1092223
TAX001694,Hussain سید,68520-6396419-6,Faisal سید,1993-10-09,4858527,638779
TAX001695,بلال Sayyid,17034-2602065-0,Imran Sayyid,1963-05-21,1139237,80885
TAX001696,Imran ملک,28058-4732799-8,Hamza ملک,1993-05-01,591506,0
TAX001697,محمد راجہ,19178-9336274-4,Usman راجہ,,271352,0
TAX001698,Bilal Butt,55146-8624134-0,Muhammad بٹ,,340775,0
TAX001699,Imran قریشی,25229-8024165-1,علی قریشی,1995-06-12,189694,0
TAX001700,بلال ملک,,Mohammed Malick,1971-07-14,50359,0
TAX001701,عمران Sheikh,13882-2505437-2,حسن شیخ,1963-10-24,2814766,332214
TAX001702,Othman ملک,95834-5437438-8,Osman Malik,,482099,0
TAX001703,Hussain Butt,50037-3981384-2,Hamzah Butt,1981-04-28,790536,28580
TAX001704,Ayisha Malik,53633-4969452-0,عثمان Malick,1986-12-24,3110475,376571
TAX001705,Hamzah Sheikh,55838-8077565-1,Hamzah Sheikh,1981-09-06,1241553,96232
TAX001706,Mohammad علی اعوان,69383-1063641-8,Bilal اعوان,1981-12-26,1368768,115315
TAX001707,فاطمہ Sheikh,91448-8414351-6,Imran شیخ,1983-09-28,131355,0
TAX001708,Muhammad Hamzah Awan,85783-2008134-3,,1955-01-14,111508,0
TAX001709,Muhammad عمران Mughal,29080-3106447-3,,1972-04-10,2474753,281212
TAX001710,Sana Shaikh,21387-6641815-6,Hussain Shaykh,1993-12-25,1126721,79008
TAX001711,Muhammad Syed,94255-2475412-1,Ahmed Sayyid,1997-12-20,356871,0
TAX001712,عمران Shaykh,10330-8198004-3,حسین Shaikh,1969-06-22,1601074,150161
TAX001713,Mohammad Imran راجہ,79236-9670753-4,,1981-09-01,42578,0
TAX001714,عثمان Malik,33821-2528539-2,Mohammad عثمان ملک,1974-04-22,232114,0
TAX001715,علی Ch.,62618-1854928-4,Faysal Chaudhry,2002-09-14,7038514,965777
TAX001716,فاطمہ Malick,16929-1980698-3,,1958-12-07,1295434,104315
TAX001717,احمد Malick,11730-4520809-4,حمزہ Malick,1962-04-04,632814,4922
TAX001718,فیصل Awan,15975-2760974-0,علی اعوان,2003-06-22,437351,0
TAX001719,Imran بٹ,94936-5779750-7,Imran Butt,1976-06-01,700792,15118
TAX001720,حسن اعوان,54262-9893755-2,Mohammad Ahmed Awan,1956-08-06,1268091,100213
TAX001721,ثناء Khan,71339-1933518-3,Mohammed Hamza خان,1962-07-04,9067514,1270127
TAX001722,Muhammad Faisal Awan,,,1986-02-18,895462,44319
TAX001723,Mohammad Awan,10914-4054479-4,Imran Awan,1955-11-24,598583,0
TAX001724,Osman Awan,11930-2847369-4,Hussain Awan,1967-03-07,361423,0
TAX001725,Ahmad Sayed,60390-7616055-8,عثمان Syed,1984-05-13,753020,22953
TAX001726,بلال Awan,67269-2986324-3,Faisal Awan,1978-12-24,284142,0
TAX001727,Muhammad عثمان Khan,49084-3435911-6,Muhammed Ahmad Khan,1955-08-01,3493666,434049
TAX001728,Ali بٹ,91265-4726746-9,Ali بٹ,1973-09-28,1860338,189050
TAX001729,محمد Butt,88733-2251483-0,عثمان Butt,1969-01-05,1701718,165257
TAX001730,Maryam قریشی,48113-7782690-3,Hasan Quraishi,1997-10-28,475898,0
TAX001731,Ahmed Khan,25530-5632814-7,Bilal خان,1971-03-16,1750655,172598
TAX001732,Aysha Qureshi,82326-6653251-5,Mohammed Ahmad قریشی,1963-09-25,2037758,215663
TAX001733,زینب ملک,87630-7243070-9,Muhammed Hamzah Malick,1987-02-11,76353,0
TAX001734,Faysal اعوان,60246-1316431-2,حسین اعوان,1973-07-25,216639,0
TAX001735,Hussain Sayed,28526-1615362-5,Mohammad Ahmed Sayed,1983-02-01,5813730,782059
TAX001736,Aisha قریشی,,Hasan Quraishi,1985-11-24,620474,3071
TAX001737,Hussain چوہدری,34341-8420570-4,,1974-09-28,323461,0
TAX001738,بلال Khan,32643-6575595-4,Muhammed بلال Khan,1998-09-13,87936,0
TAX001739,عمران Raja,68611-7989714-6,Mohammed حسین راجہ,1963-01-15,201978,0
TAX001740,Hira Chaudhry,,حسن Chaudhry,2001-09-13,16714284,2417142
TAX001741,Faisal شیخ,66523-9454872-7,Faisal شیخ,1958-07-22,151256,0
TAX001742,Mohammad عمران Raja,33116-1965266-7,Othman راجہ,1970-05-01,3981839,507275
TAX001743,Hamzah Ch.,20984-6492388-9,Mohammed Hamzah Choudhary,1982-05-25,555284,0
TAX001744,بلال اعوان,75561-8774115-7,Othman اعوان,,2223389,243508
TAX001745,حسن Raja,33714-9000330-3,بلال راجہ,2002-03-15,5505341,735801
TAX001746,Muhammad Shaikh,73195-2732865-1,Ahmad Shaikh,1984-06-21,185442,0
TAX001747,حمزہ ملک,17498-5941359-2,Mohammad Faisal Malik,1989-06-04,14252063,2047809
TAX001748,ثناء Raja,,Muhammed Bilal Raja,1992-01-07,953390,53008
TAX001749,علی Khan,84532-1233441-1,Muhammad Husain Khan,1966-11-13,14299792,2054968
TAX001750,بلال Raja,69058-8793907-0,Hasan Raja,1960-07-07,167258,0
TAX001751,Mohammed Khan,35989-4501045-2,Bilal Khan,1984-03-09,347868,0
TAX001752,Ahmad اعوان,46521-8442394-6,Hassan Awan,1990-01-18,445269,0
TAX001753,زینب بٹ,55848-6453433-1,فیصل Bhatti,,1051015,67652
TAX001754,Hamza Shaikh,30980-2977579-6,Muhammad Hasan Shaikh,1977-11-02,2175468,236320
TAX001755,Ayisha Shaykh,69318-7629229-5,علی Sheikh,1984-03-18,44676,0
TAX001756,Muhammad Hasan مغل,91714-7268550-0,Muhammed حمزہ Mughal,2001-01-17,4380527,567079
TAX001757,Bilal اعوان,12844-3846190-0,Imran اعوان,1955-11-23,785422,27813
TAX001758,Muhammed Faysal خان,20191-7231119-4,Hasan Khan,1994-01-09,1227447,94117
TAX001759,Faisal چوہدری,55678-4228414-3,Hassan Chaudhary,1966-01-06,2550497,292574
TAX001760,Othman Quraishi,24879-4795712-5,Husain Qureshi,1976-12-22,240372,0
TAX001761,Sana راجہ,47334-4492198-9,Hasan راجہ,2003-04-07,221887,0
TAX001762,بلال Shaikh,27335-1121508-8,Mohammed شیخ,1977-10-24,270004,0
TAX001763,Ahmad شیخ,21857-3712746-9,Mohammed Sheikh,1983-06-25,756869,23530
TAX001764,Faisal Moghul,17397-2978107-2,,1986-07-07,224731,0
TAX001765,Hussain شیخ,60322-4057686-9,حسین Shaykh,1996-02-19,1208114,91217
TAX001766,Faisal Sheikh,68502-2275295-3,احمد Sheikh,1985-06-08,3571196,445679
TAX001767,Bilal Bhatti,29810-9534501-6,حسین بٹ,1979-02-05,3232248,394837
TAX001768,عائشہ اعوان,10591-3656490-8,Husain اعوان,1975-03-09,1004234,60635
TAX001769,احمد Quraishi,56481-1166649-5,احمد Qureshi,1972-04-24,2037961,215694
TAX001770,حسین Chaudhry,67883-9138870-9,,1995-03-09,424960,0
TAX001771,Hussein Shaykh,75761-9963902-4,Mohammed Osman Sheikh,1999-09-26,2968655,355298
TAX001772,Muhammad حسین Raja,15432-8238061-7,Bilal Raja,1991-04-07,360282,0
TAX001773,زینب ملک,17492-3783829-5,Hamzah Malick,2000-09-22,824649,33697
TAX001774,Mohammed Imran قریشی,79113-9898716-3,,,1144182,81627
TAX001775,بلال شیخ,44881-7675630-7,Ali شیخ,1997-10-25,3565952,444892
TAX001776,Mohammed عثمان Qureshi,,Ali قریشی,1966-03-28,2477013,281551
TAX001777,Othman Sayyid,68618-3887414-8,Mohammad بلال Sayed,1967-10-25,2501876,285281
TAX001778,مریم Shaikh,27613-7877137-6,,,1029968,64495
TAX001779,Mohammed بلال Chaudhary,72549-5782183-0,محمد Choudhary,2000-04-20,406122,0
TAX001780,Faisal Choudhary,36318-3580247-2,علی Ch.,1974-08-03,856138,38420
TAX001781,Aisha Khan,79320-3408640-7,Mohammad حمزہ Khan,1997-01-11,263355,0
TAX001782,Ayesha Awan,61238-5720776-3,عمران Awan,2000-06-01,1559948,143992
TAX001783,فاطمہ Chaudhary,21813-8460708-6,Ali Chaudhry,1969-11-04,8483962,1182594
TAX001784,بلال Malik,43944-5749869-1,Bilal ملک,1974-03-07,236155,0
TAX001785,زینب بٹ,35772-8713605-2,Hamzah Butt,1985-11-13,123650,0
TAX001786,Maryam خان,42900-5904273-2,Faisal Khan,1957-05-14,498913,0
TAX001787,Ahmad Raja,12591-2451944-7,Muhammed Faisal راجہ,,4842454,636368
TAX001788,علی Bhatti,68365-6161551-4,Muhammed Hussein Bhatti,1959-08-06,567647,0
TAX001789,Hassan Raja,68803-1180862-2,Othman راجہ,1973-09-12,116461,0
TAX001790,Fatimah سید,15434-5712283-7,Ali Sayed,1967-09-14,221327,0
TAX001791,احمد خان,54420-4810718-8,,1995-06-16,496447,0
TAX001792,علی Malick,40730-6390302-9,Mohammad Faysal ملک,1956-01-19,593320,0
TAX001793,Muhammed حسین Sayyid,74058-7888141-1,Hussein Sayed,1969-08-17,3843977,486596
TAX001794,حسن اعوان,59175-2381677-8,Hamzah Awan,1996-06-14,666875,10031
TAX001795,Fatema Syed,82542-2126482-5,حسین Syed,1999-02-17,1622161,153324
TAX001796,Muhammed Shaikh,31880-2845435-0,عمران Shaykh,1974-06-02,790017,28502
TAX001797,Aisha Butt,63988-8187437-0,Othman Butt,1957-04-23,11472565,1630884
TAX001798,Sana Raja,13545-7649784-7,Hamzah راجہ,1997-04-01,268473,0
TAX001799,Sana راجہ,38577-9428560-5,فیصل راجہ,1957-07-16,725437,18815
TAX001800,Hussein Sheikh,90991-9550935-7,Bilal Shaykh,1956-12-28,4133300,529995
TAX001801,Mohammed Bhatti,28218-2978843-7,Mohammad Bhatti,1971-11-28,2120221,228033
TAX001802,Mohammad Imran Sayed,63363-7555766-3,علی سید,1958-02-13,1298024,104703
TAX001803,حمزہ Choudhary,33240-9539102-9,,1998-10-27,545520,0
TAX001804,Hamzah Malick,64877-6416661-3,,1984-02-15,273632,0
TAX001805,Imran Sayed,44395-3879233-6,Faysal Syed,1973-03-01,2490541,283581
TAX001806,Ahmed Chaudhary,93151-1323425-1,Hussein Ch.,1977-10-20,798556,29783
TAX001807,Sana Sheikh,,Mohammad شیخ,1978-05-20,600018,2
TAX001808,حسن Raja,46429-5116418-0,Mohammad Ali راجہ,1999-11-27,1102238,75335
TAX001809,حرا Raja,71797-9425127-0,,1995-07-21,743765,21564
TAX001810,عثمان راجہ,23414-7368860-4,فیصل راجہ,2001-11-05,571267,0
TAX001811,عثمان Khan,16079-2919945-7,Muhammad Khan,1993-03-14,5931700,799755
TAX001812,Hamzah خان,77263-1527567-8,,1984-03-13,1822897,183434
TAX001813,ثناء Sheikh,79019-6473549-0,Mohammad Shaikh,1984-03-17,2833358,335003
TAX001814,Faysal Shaikh,21641-2262686-6,عمران شیخ,1955-07-19,2493674,284051
TAX001815,Aysha Shaykh,61368-3221835-0,عمران شیخ,1957-09-05,2613666,302049
TAX001816,Hamzah Khan,35509-5438623-4,Hussain خان,1968-06-26,724966,18744
TAX001817,Mohammad Husain Qureshi,73511-1098476-1,علی Quraishi,1955-12-24,388958,0
TAX001818,فیصل Awan,42758-7320355-7,Mohammad اعوان,,1303785,105567
TAX001819,Mohammad قریشی,65694-5292319-8,Ahmed Quraishi,1999-09-27,3112403,376860
TAX001820,Mohammed Chaudhry,76849-3464073-1,Muhammed Osman چوہدری,2000-10-15,55033,0
TAX001821,حسین Sayyid,35397-3133610-3,Mohammed Bilal سید,1957-07-13,572227,0
TAX001822,Zaynab مغل,58867-6207848-8,Mohammed Hamzah Mughal,1997-03-05,715015,17252
TAX001823,Ali Moghul,34185-3781420-5,Faisal مغل,1994-03-01,67740,0
TAX001824,Sana Mughal,34791-6783989-6,Faisal Mughal,1992-10-22,3117930,377689
TAX001825,Hasan Quraishi,72581-7707820-8,Imran Qureshi,1984-12-16,943762,51564
TAX001826,Faisal راجہ,21093-3596406-2,بلال Raja,1955-01-01,2729470,319420
TAX001827,Hamzah Sayyid,,محمد سید,1973-12-19,762871,24430
TAX001828,Muhammad حسن راجہ,52126-3555266-8,حمزہ Raja,,184206,0
TAX001829,حرا Quraishi,30941-3272177-4,Muhammad Qureshi,1976-10-23,75366,0
TAX001830,Imran Shaikh,40425-1519762-9,,1982-07-20,110514,0
TAX001831,عمران Mughal,84449-1569674-5,,1989-03-01,1281833,102274
TAX001832,Mohammed Awan,63613-2686177-8,,1991-06-16,812067,31810
TAX001833,محمد Bhatti,74323-5322272-1,Ali Bhatti,1975-04-03,1202273,90340
TAX001834,Hira Mughal,22705-1215619-0,حمزہ Moghul,1986-08-07,123267,0
TAX001835,Hamza Quraishi,,علی Quraishi,1957-03-23,773051,25957
TAX001836,فیصل Ch.,35346-4572665-7,Muhammad Choudhary,1967-05-24,1740051,171007
TAX001837,Hussain Awan,89814-1001433-4,Hamzah Awan,1982-01-15,1208072,91210
TAX001838,Fatima Chaudhary,10673-8892606-6,عثمان چوہدری,,714448,17167
TAX001839,عمران Quraishi,55129-6810230-8,Ahmad Qureshi,2001-12-26,310628,0
TAX001840,زینب Bhatti,97697-7136189-3,Faysal Butt,1997-02-13,241053,0
TAX001841,Aisha خان,87048-5124342-0,Hussain خان,1975-05-04,785934,27890
TAX001842,Hasan Mughal,33358-2366250-8,محمد مغل,,672983,10947
TAX001843,حسن راجہ,,Muhammad Raja,1997-08-18,5579557,746933
TAX001844,Bilal Qureshi,54295-2519059-6,Hussain Qureshi,1999-07-23,478620,0
TAX001845,حسن Quraishi,36225-1931030-3,Faysal Quraishi,1984-05-09,546394,0
TAX001846,بلال Awan,89314-9102857-0,Faisal Awan,1965-01-22,4641425,606213
TAX001847,عمران Butt,22042-4350278-2,,1979-02-04,476670,0
TAX001848,Imran خان,62342-5042786-2,Ahmed خان,,2851237,337685
TAX001849,حرا شیخ,51096-4789810-9,Hamzah Shaykh,1998-01-16,367537,0
TAX001850,Hussein Awan,98984-3308320-3,Ahmad Awan,1983-02-10,4303530,555529
TAX001851,حسن Mughal,73690-7500935-6,Ali مغل,1981-03-08,2176532,236479
TAX001852,عائشہ Qureshi,28070-7448613-1,Muhammed Imran قریشی,1974-01-05,655544,8331
TAX001853,Ayesha Chaudhry,16346-6547287-0,Mohammad Bilal چوہدری,1970-01-13,455130,0
TAX001854,Osman Khan,94026-2471865-6,Hussein خان,1955-10-18,279199,0
TAX001855,حسن Moghul,,Hassan Mughal,1995-01-05,170917,0
TAX001856,Muhammad Osman Shaikh,58631-8843195-9,Osman Shaikh,,1148157,82223
TAX001857,Muhammad بلال Khan,79919-8220628-0,Ali خان,1984-06-27,65257,0
TAX001858,Muhammed حسین Bhatti,15746-6352313-4,Imran Butt,,943810,51571
TAX001859,Ahmed Raja,25830-7531196-5,Usman راجہ,1988-04-10,77299,0
TAX001860,Muhammed Bilal Sayyid,88265-7224257-2,احمد Syed,1986-10-16,382891,0
TAX001861,Aysha Choudhary,65050-3341088-4,,1982-01-15,1456107,128416
TAX001862,Bilal Syed,35787-6927716-1,Mohammad Usman سید,1987-06-01,408538,0
TAX001863,Ahmad اعوان,65464-9339122-1,Usman اعوان,1982-01-12,694120,14118
TAX001864,عثمان Shaikh,49612-2259185-3,حسن شیخ,1992-06-10,4693723,614058
TAX001865,Zaynab Quraishi,99130-6396594-7,Muhammad Faysal Quraishi,,1947993,202198
TAX001866,Muhammad عمران Moghul,66980-6038940-6,Muhammed Faysal Mughal,1968-07-11,762847,24427
TAX001867,Hasan Quraishi,,Imran Qureshi,,1170660,85599
TAX001868,Hamzah Awan,44781-5099691-0,Muhammed Ahmad اعوان,1991-03-06,846004,36900
TAX001869,Fatema Ch.,89128-9037259-3,علی Ch.,1968-10-28,903347,45502
TAX001870,Mohammad عمران Sheikh,31478-7623361-7,Mohammed Bilal Shaikh,,1342328,111349
TAX001871,Fatimah Moghul,80112-6673177-2,Muhammad Moghul,,260737,0
TAX001872,Mohammad Malik,39878-3939153-8,Hussain Malik,1973-03-07,88411,0
TAX001873,Faysal Moghul,89705-1152551-7,Muhammed Othman مغل,1975-02-11,419531,0
TAX001874,Muhammed بلال Khan,67202-2165010-3,عمران Khan,1969-02-01,450111,0
TAX001875,Hassan Choudhary,96688-3525773-2,Muhammad حمزہ چوہدری,1983-08-15,394780,0
TAX001876,حرا Raja,62665-6011987-7,Mohammad Raja,1983-01-07,898511,44776
TAX001877,حسن Sayed,90525-6254488-2,Faysal Sayed,1987-05-05,147896,0
TAX001878,Muhammed اعوان,27337-9322488-4,Muhammed اعوان,,163070,0
TAX001879,عمران شیخ,65082-3310559-5,فیصل Sheikh,1955-07-27,705484,15822
TAX001880,Muhammed Bilal Chaudhry,56770-7770277-4,Bilal چوہدری,2001-02-10,620217,3032
TAX001881,Usman مغل,23695-9769763-3,فیصل Mughal,1999-10-22,788029,28204
TAX001882,Mohammed Faysal Chaudhary,67215-5976103-3,علی Chaudhry,1963-12-08,3254606,398190
TAX001883,عائشہ Shaikh,81834-9953454-1,Mohammed Ahmad شیخ,1976-10-10,198693,0
TAX001884,Hasan Bhatti,19598-4061044-7,Bilal Bhatti,2002-12-06,3578936,446840
TAX001885,حمزہ Bhatti,54696-7672359-7,عمران Butt,1999-08-03,545322,0
TAX001886,Ali Ch.,17577-6533591-8,Hussein Choudhary,1959-07-17,240710,0
TAX001887,Muhammed Husain Moghul,50101-8843996-9,Faysal Moghul,1989-05-13,4518787,587818
TAX001888,Hira اعوان,84366-7489772-3,Mohammad Imran Awan,1970-01-28,374806,0
TAX001889,Zaynab قریشی,99703-9498791-6,Hussain قریشی,1976-08-22,282976,0
TAX001890,Osman قریشی,23090-3888162-4,حمزہ Quraishi,1982-05-01,391249,0
TAX001891,Zaynab راجہ,48164-1964519-5,Ahmed Raja,1981-07-12,3329284,409392
TAX001892,حسین بٹ,77147-8924037-4,Muhammad بٹ,1964-04-07,454258,0
TAX001893,Aisha Raja,71597-1702907-1,Mohammed Hamzah Raja,1956-04-14,600662,99
TAX001894,حسین Shaykh,94277-7898996-0,Ali Sheikh,,1533350,140002
TAX001895,Muhammad Mughal,37864-5514997-9,Mohammad Mughal,1992-07-21,4004025,510603
TAX001896,ثناء Awan,54123-3564507-8,Hussain اعوان,1962-04-12,358569,0
TAX001897,Husain Quraishi,36823-6938085-6,حمزہ Quraishi,,543559,0
TAX001898,حرا Choudhary,98713-1316057-5,Faisal Chaudhary,1995-09-02,909121,46368
TAX001899,علی Moghul,29285-1743148-3,Ahmad Mughal,1977-09-20,124676,0
TAX001900,فیصل خان,50917-3576390-0,Hassan خان,,845799,36869
TAX001901,Imran Sayed,89909-7128711-1,حسین سید,,220067,0
TAX001902,حسن خان,26926-6368709-8,,1999-09-26,341897,0
TAX001903,Fatimah Choudhary,66277-1522240-5,عمران چوہدری,1979-12-20,989667,58450
TAX001904,مریم Bhatti,22931-8439899-3,Muhammad بٹ,1979-07-06,3697872,464680
TAX001905,عثمان Malik,71438-9399559-2,Mohammad Hussein Malik,1964-07-27,366250,0
TAX001906,Bilal Moghul,13067-8053283-2,Hasan Mughal,1963-08-24,229758,0
TAX001907,Mohammad حمزہ مغل,13535-3541821-2,Hassan Mughal,1985-11-27,1524025,138603
TAX001908,بلال Quraishi,92272-8516545-0,عمران قریشی,1972-08-15,838120,35718
TAX001909,Ahmad اعوان,51151-6265940-3,فیصل اعوان,1988-02-27,190757,0
TAX001910,Hamzah Choudhary,56234-2087196-5,Mohammad حمزہ چوہدری,1993-01-18,585531,0
TAX001911,عمران Mughal,63082-4524857-8,Hussain Mughal,1990-09-15,1506531,135979
TAX001912,Mohammed Awan,29783-4989543-9,Bilal اعوان,1998-02-06,997946,59691
TAX001913,Othman Malick,23076-3595205-9,Imran Malik,1988-11-13,1518223,137733
TAX001914,Imran Sheikh,,Muhammed Faysal Sheikh,1957-02-02,896063,44409
TAX001915,Fatimah Mughal,60806-4874996-3,Hussain Mughal,2000-09-22,225500,0
TAX001916,Muhammed Faisal اعوان,51442-1742202-6,Hamzah اعوان,1975-08-17,118063,0
TAX001917,Muhammed حسن Quraishi,11739-9167792-7,Hasan Quraishi,2002-02-25,1366965,115044
TAX001918,احمد Qureshi,92853-1716522-5,حمزہ قریشی,1998-01-12,2127180,229077
TAX001919,Sana Mughal,45893-5700249-4,,1974-06-17,396844,0
TAX001920,احمد بٹ,73359-1862453-1,Ali Butt,1969-11-26,3451713,427756
TAX001921,Sana Awan,92285-7602571-8,فیصل اعوان,1959-12-02,478523,0
TAX001922,Mariam Moghul,,Hussein Moghul,1977-07-17,8331558,1159733
TAX001923,ثناء Bhatti,65477-8168450-4,Mohammad Butt,1959-07-07,195444,0
TAX001924,فاطمہ Awan,37303-2996911-5,,1986-06-15,1046651,66997
TAX001925,Faysal شیخ,23691-9540340-6,Mohammed عمران Shaikh,2002-04-23,3201591,390238
TAX001926,Muhammed Othman Raja,,Hassan Raja,1966-05-03,437008,0
TAX001927,Mohammed Ahmed راجہ,80456-5151336-9,,1979-01-15,705172,15775
TAX001928,مریم Bhatti,26034-6794463-9,Othman بٹ,1989-05-21,1986387,207958
TAX001929,Faysal Malik,67927-1049281-5,Mohammed Malik,1965-03-03,380357,0
TAX001930,حسین ملک,45842-9044888-6,Mohammed Malik,2000-10-09,2088992,223348
TAX001931,Mariam بٹ,87527-3103442-8,بلال Butt,1973-11-21,1891915,193787
TAX001932,علی Sayyid,85384-7450350-2,Ahmed سید,1990-04-14,1874721,191208
TAX001933,Maryam سید,10196-3341257-5,Bilal Sayyid,1970-05-06,5012311,661846
TAX001934,Ali Shaykh,90441-1664676-1,,2001-08-14,1562313,144346
TAX001935,Maryam قریشی,12116-2573490-7,Hamzah Quraishi,1994-02-11,3841858,486278
TAX001936,Aysha Bhatti,90842-3754895-3,Hasan بٹ,1977-02-15,292165,0
TAX001937,بلال بٹ,,بلال Butt,1970-08-25,810220,31533
TAX001938,Muhammad بلال Mughal,86368-3649973-2,حمزہ Moghul,1998-08-13,206924,0
TAX001939,Mohammad Husain Moghul,38355-6425355-0,Mohammad علی Mughal,2002-06-11,3680515,462077
TAX001940,Husain بٹ,62341-9071705-2,Muhammad Ali Bhatti,,827793,34168
TAX001941,Mohammad Hamza Chaudhry,43120-7059883-4,Bilal Ch.,2001-12-23,1301054,105158
TAX001942,Faisal Chaudhry,22162-2920264-4,فیصل چوہدری,,906694,46004
TAX001943,احمد Sheikh,,,1983-08-21,323322,0
TAX001944,Muhammed Raja,16763-2002850-1,Imran راجہ,1985-04-03,859060,38859
TAX001945,عمران Awan,90627-7801301-8,Othman Awan,1982-05-05,1866062,189909
TAX001946,Bilal راجہ,66074-4320590-3,,1978-05-06,2655216,308282
TAX001947,محمد Sayed,34207-4275544-0,علی Sayyid,1987-07-28,1338746,110811
TAX001948,Mohammad قریشی,47788-2603506-1,Muhammad Hussein قریشی,1964-01-13,1125717,78857
TAX001949,Ahmad Bhatti,84237-3376786-0,Ahmad Bhatti,1980-07-08,2312968,256945
TAX001950,Muhammed Ali Shaykh,,حسن شیخ,1992-03-06,353035,0
TAX001951,Othman Sayyid,,Ahmed Sayyid,2003-04-09,1120503,78075
TAX001952,Hasan Moghul,39861-3924425-5,علی Mughal,1988-07-04,2612032,301804
TAX001953,Usman Syed,26546-4633581-4,,1987-07-10,3544881,441732
TAX001954,Mariam خان,86500-9589914-6,,1967-05-06,1252257,97838
TAX001955,حسن Sayyid,91933-5068524-4,فیصل Sayyid,1990-11-21,1380503,117075
TAX001956,عثمان Sayyid,33273-7431550-6,,1976-10-28,2060289,219043
TAX001957,Fatimah قریشی,17940-7988644-6,حسین Qureshi,1961-05-16,179499,0
TAX001958,بلال مغل,47819-8407668-4,Bilal مغل,,87543,0
TAX001959,Hasan Raja,63440-3135434-9,,1976-12-08,1537668,140650
TAX001960,مریم مغل,23534-6684361-7,Ahmad مغل,1965-11-15,182307,0
TAX001961,Fatimah راجہ,45579-4565200-4,Bilal Raja,1990-06-17,1393262,118989
TAX001962,Faisal Khan,61550-3468179-4,Faysal Khan,,190572,0
TAX001963,Mohammad Bilal Malik,98317-9390169-1,Ahmad Malik,1980-09-21,661383,9207
TAX001964,Muhammed حسن Khan,72126-3194438-6,Mohammad Khan,1985-12-06,24634,0
TAX001965,حسین راجہ,73173-1320427-8,Mohammed Ali راجہ,1979-12-09,763483,24522
TAX001966,علی Malik,35750-5997097-4,بلال ملک,1966-06-21,1917058,197558
TAX001967,Bilal بٹ,,احمد بٹ,1984-03-24,552351,0
TAX001968,محمد Chaudhry,76273-2340899-1,علی Chaudhry,1996-07-23,286760,0
TAX001969,Aisha مغل,98111-1429074-6,Imran Moghul,1969-04-11,1096487,74473
TAX001970,Bilal ملک,84870-1462042-1,,2000-04-19,649880,7482
TAX001971,Ahmad چوہدری,45674-5561672-3,حمزہ Ch.,1997-07-27,193918,0
TAX001972,Imran ملک,83839-5451032-1,Muhammed Malick,1959-07-16,355730,0
TAX001973,احمد بٹ,23596-7718548-0,Hussain بٹ,1992-11-23,455794,0
TAX001974,Mohammad خان,15066-3525342-8,Muhammad Imran خان,1981-07-04,1181650,87247
TAX001975,Muhammed احمد مغل,42302-5898579-2,احمد Moghul,1967-05-17,61323,0
TAX001976,Imran Bhatti,37463-6356151-3,Mohammed احمد بٹ,1982-01-23,1080895,72134
TAX001977,حمزہ Moghul,81243-7411540-0,Ahmed Mughal,1975-08-04,201550,0
TAX001978,Aysha Ch.,86410-6191492-0,علی Chaudhary,1974-08-22,554554,0
TAX001979,حسین Malik,79942-8707059-4,Othman Malik,1963-08-23,606116,917
TAX001980,Muhammed بلال Awan,74337-7384811-4,Bilal Awan,1967-10-03,533720,0
TAX001981,Muhammad Awan,24575-7357739-1,Faisal Awan,,417433,0
TAX001982,Othman Butt,,Hassan Bhatti,1976-01-14,3542362,441354
TAX001983,Hira Sheikh,63283-5249180-5,Mohammed عثمان Shaikh,1965-06-06,1218515,92777
TAX001984,Ahmed خان,47092-9163102-1,Mohammed حمزہ Khan,1992-09-20,3619221,452883
TAX001985,Imran Raja,61174-5736653-8,Faisal راجہ,1993-04-02,958719,53807
TAX001986,Bilal اعوان,37290-7134091-5,Imran اعوان,1973-03-28,1468134,130220
TAX001987,Mohammed حمزہ Sheikh,27467-7067065-6,Mohammad عثمان شیخ,1956-05-13,311161,0
TAX001988,Ahmed بٹ,39161-1085457-6,عمران Butt,1996-07-28,1364931,114739
TAX001989,Aisha Khan,63631-1989763-4,Ahmed خان,1986-03-18,3460414,429062
TAX001990,Hassan Raja,56029-3706798-2,Hasan راجہ,1964-09-05,4368788,565318
TAX001991,Muhammed Raja,52826-3609606-8,Hassan Raja,1977-10-19,149208,0
TAX001992,Mohammed بٹ,82645-5495901-7,,1962-04-12,459032,0
TAX001993,Hassan Qureshi,35459-6346637-7,Muhammed علی Qureshi,1965-11-17,1819908,182986
TAX001994,Bilal بٹ,74143-1686773-9,,1988-04-01,3128142,379221
TAX001995,محمد بٹ,47709-6526890-3,Mohammed حسین Bhatti,1959-10-11,606378,956
TAX001996,Hussein Bhatti,69524-5829104-2,عمران بٹ,1957-03-03,413051,0
TAX001997,Muhammad سید,75237-1418381-3,حمزہ Syed,1990-10-25,529846,0
TAX001998,Faisal Awan,62756-1230532-5,,1990-06-12,539727,0
TAX001999,Muhammed راجہ,85486-1011118-6,Faysal راجہ,1982-10-21,3784886,477732
TAX002000,عمران Moghul,11936-7329409-1,Muhammed Mughal,1979-06-14,225553,0
TAX002001,Mohammed Usman Awan,62307-6344983-2,Hamza اعوان,1981-02-08,884187,42628
TAX002002,Faysal Raja,56886-4690182-0,عمران راجہ,1972-04-16,412151,0
TAX002003,فیصل سید,49491-8714700-7,Ali Syed,1975-01-18,145782,0
TAX002004,Husain شیخ,77146-1079984-0,حسین Shaikh,1960-08-23,704332,15649
TAX002005,Osman Ch.,52942-9968716-5,Osman Ch.,1984-05-28,399027,0
TAX002006,Fatimah اعوان,11959-3720451-4,Muhammad علی اعوان,1978-08-02,701973,15295
TAX002007,Ali Moghul,48157-7020274-2,Hasan Moghul,1960-06-21,767845,25176
TAX002008,عمران سید,46639-1337835-2,Mohammed Faisal Sayyid,1982-07-06,396751,0
TAX002009,Hamza Shaikh,48730-3633591-9,Ali Shaikh,1963-01-10,1271258,100688
TAX002010,Ali Qureshi,25874-4869297-9,علی Quraishi,1987-01-10,570914,0
TAX002011,محمد Sheikh,64786-2597520-9,Mohammad شیخ,1961-10-08,827205,34080
TAX002012,عثمان مغل,89193-9174087-1,Muhammad فیصل مغل,1958-01-02,1450912,127636
TAX002013,Mohammad Faisal Qureshi,59385-3453246-2,Mohammad عثمان Quraishi,1979-12-23,321149,0
TAX002014,Ayesha Raja,88604-6185910-0,Mohammed Hamza Raja,1992-10-26,271333,0
TAX002015,Othman Chaudhary,20858-7460415-7,Hamzah Chaudhary,1989-02-10,2159220,233883
TAX002016,حسن اعوان,90601-5961162-5,Hasan اعوان,1998-10-23,153350,0
TAX002017,مریم Sayyid,54562-1980012-5,Ali Syed,,298136,0
TAX002018,محمد Moghul,21343-6388039-7,Muhammad Imran Moghul,1958-07-22,366924,0
TAX002019,حرا Sayed,42253-3273032-2,Hasan Sayed,1998-08-04,1170994,85649
TAX002020,Mohammed Ahmad شیخ,94819-9600483-5,Bilal Shaikh,1969-08-03,569600,0
TAX002021,Hassan Khan,42091-8609404-5,حسن Khan,1991-09-19,170026,0
TAX002022,Muhammad Ahmad Ch.,67324-6781086-9,,1979-07-20,5886125,792918
TAX002023,احمد Awan,99523-9337140-6,Othman اعوان,1991-02-11,164024,0
TAX002024,Muhammad Malick,97464-1508917-6,عثمان Malick,1965-12-14,285849,0
TAX002025,Fatimah Qureshi,73943-4074550-4,عثمان Quraishi,1977-04-26,163758,0
TAX002026,Bilal Qureshi,,Hamzah Qureshi,1987-05-19,2869327,340399
TAX002027,Mohammed Osman Malick,63319-3316762-5,Mohammad ملک,1981-10-05,834366,35154
TAX002028,Sana Qureshi,98102-1908939-6,Ali قریشی,2003-08-14,4244001,546600
TAX002029,Hussein Sayyid,34385-3472026-3,حسین Sayed,1986-08-18,824295,33644
TAX002030,حسین قریشی,27949-7267637-1,Mohammed عمران Quraishi,1973-12-21,4557737,593660
TAX002031,Muhammed Faysal راجہ,,Ali راجہ,1970-04-15,991105,58665
TAX002032,Mohammad مغل,18392-7622093-7,بلال Mughal,2001-08-01,66687,0
TAX002033,Imran بٹ,43177-4414938-3,Hassan Butt,1982-08-22,1091577,73736
TAX002034,Muhammad Imran Shaykh,63145-9367893-1,Hasan Sheikh,1979-01-28,1725980,168897
TAX002035,بلال مغل,83700-7215482-6,Muhammad Hussein Mughal,1991-12-27,938929,50839
TAX002036,Hussain مغل,83914-4609600-5,محمد Mughal,1996-01-03,971034,55655
TAX002037,Aisha اعوان,94185-2006874-8,محمد Awan,1968-09-24,3664629,459694
TAX002038,Muhammad Hussein بٹ,46942-2030722-4,Muhammad حسن Bhatti,1959-06-13,2995201,359280
TAX002039,حسن Qureshi,93139-2728520-4,Imran Qureshi,1996-04-16,932512,49876
TAX002040,Mohammed Hasan خان,14575-2729886-6,,1975-07-10,605282,792
TAX002041,Sana Butt,89717-1624142-2,Hamzah Butt,,398158,0
TAX002042,Hamzah ملک,23985-7137334-8,Mohammad بلال Malik,1982-09-14,3588974,448346
TAX002043,Marium اعوان,78329-4388404-3,علی اعوان,1981-02-16,170267,0
TAX002044,Mohammed Othman Raja,34850-5287978-5,Imran راجہ,1959-10-12,3119309,377896
TAX002045,عمران Quraishi,41380-5151775-9,,2003-09-06,503464,0
TAX002046,Mohammad Ahmad اعوان,83342-1726694-1,Mohammed Usman اعوان,1989-05-14,716809,17521
TAX002047,Mohammad Choudhary,77559-6720567-3,Ali Chaudhry,1984-03-16,271446,0
TAX002048,Hussein Quraishi,18625-3761639-5,Muhammad علی Quraishi,1988-06-10,292989,0
TAX002049,عمران اعوان,80145-8917191-2,Mohammad Awan,1995-08-25,596063,0
TAX002050,Muhammad Hamza اعوان,25198-3027871-8,Mohammad Hussain اعوان,,883769,42565
TAX002051,Hira راجہ,10143-2031438-0,Mohammed Hamza راجہ,1960-03-03,618352,2752
TAX002052,علی Chaudhry,74075-4634051-0,Muhammed عثمان چوہدری,2002-11-16,343663,0
TAX002053,مریم Malick,65993-3018458-9,Muhammed فیصل ملک,1995-08-04,1603664,150549
TAX002054,Zainab Syed,63309-5965982-0,Faysal سید,,945883,51882
TAX002055,Hussain Butt,90608-7151290-2,علی Butt,1973-03-22,2962750,354412
TAX002056,حمزہ مغل,26670-2480480-9,,2003-05-08,1306844,106026
TAX002057,Ayisha Qureshi,98049-5081001-6,Mohammed Quraishi,2003-02-11,866584,39987
TAX002058,Mohammad Ahmed قریشی,15748-2161701-6,Mohammad علی قریشی,1981-01-01,45592,0
TAX002059,عمران Mughal,71436-6641575-9,Muhammed Hamzah Moghul,1990-04-08,2177200,236580
TAX002060,Mohammed عثمان اعوان,34496-2808532-4,Muhammad فیصل Awan,,1386065,117909
TAX002061,عمران Sayed,98968-5027624-2,Mohammed سید,1968-02-16,209644,0
TAX002062,مریم Qureshi,28610-6207277-6,عمران Quraishi,1976-05-28,202086,0
TAX002063,حرا Shaykh,15163-1576844-2,محمد Sheikh,1989-07-22,570665,0
TAX002064,عائشہ Quraishi,13157-6669364-4,,,180180,0
TAX002065,Hasan Chaudhary,95911-4641837-6,Faisal Ch.,2000-04-26,1121683,78252
TAX002066,Mohammad Mughal,,عمران Mughal,1983-09-04,660821,9123
TAX002067,Muhammad عمران Khan,94370-4869513-5,حسین خان,,1634151,155122
TAX002068,Muhammed فیصل Khan,40161-1828273-4,Hassan خان,1995-08-14,1074912,71236
TAX002069,مریم Shaykh,13241-9587333-1,علی Shaikh,1963-11-21,1920691,198103
TAX002070,Muhammed Hamzah Butt,55545-4695819-1,Ahmed Butt,1957-06-22,5969645,805446
TAX002071,حسین Shaykh,72176-7848323-5,Muhammed Sheikh,2003-12-04,8836223,1235433
TAX002072,Hira Malik,72746-7679487-2,Imran Malick,,6898033,944704
TAX002073,Mohammed Malick,,Mohammad Faysal Malick,1965-03-14,1124449,78667
TAX002074,Muhammad Faisal چوہدری,21223-7629911-5,علی Ch.,1966-09-21,2195004,239250
TAX002075,Hamzah Butt,41698-6335005-9,عمران بٹ,1961-03-11,7934681,1100202
TAX002076,Fatimah Sayed,,محمد Sayed,1990-04-18,1865860,189879
TAX002077,عثمان Khan,26357-8395677-1,بلال خان,1976-08-18,166445,0
TAX002078,Ali Moghul,55995-2557136-8,عمران Mughal,1983-02-21,4370862,565629
TAX002079,Ayisha خان,10571-4080895-4,Muhammad Husain خان,1993-12-21,213146,0
TAX002080,Zainab Awan,94221-1279513-2,Mohammad Faysal Awan,,337151,0
TAX002081,Mohammad Malick,91993-1606142-7,,1965-10-25,7395358,1019303
TAX002082,علی Shaykh,,Hassan شیخ,1962-11-18,1076193,71428
TAX002083,Muhammad Awan,47839-5390248-2,Mohammed Bilal Awan,1996-12-14,501464,0
TAX002084,Zaynab چوہدری,13261-6479968-7,,1996-05-10,501441,0
TAX002085,Bilal Awan,59863-9270275-3,Mohammad Othman اعوان,1996-05-09,35942,0
TAX002086,احمد Bhatti,81954-8026853-5,Muhammed Imran Butt,1967-11-24,605824,873
TAX002087,Imran Chaudhry,66244-3684708-6,Mohammed حمزہ Ch.,1968-07-13,3277921,401688
TAX002088,Ali Khan,57830-9800067-7,محمد خان,1987-10-10,1342179,111326
TAX002089,ثناء Raja,49222-5091208-6,Faisal Raja,1999-06-28,642290,6343
TAX002090,Mohammad Bhatti,,Muhammed Ali بٹ,,464028,0
TAX002091,Muhammad Awan,32572-4290868-9,Mohammad اعوان,1999-08-15,2656371,308455
TAX002092,Faysal Qureshi,97419-1080315-3,,1956-02-14,811368,31705
TAX002093,Mohammad Othman Ch.,70816-5442996-3,Hasan Chaudhry,2003-08-20,28018,0
TAX002094,Ahmed Malik,41326-6915526-9,Muhammad ملک,1972-03-13,945290,51793
TAX002095,Muhammad Ali راجہ,34009-6770456-1,Mohammad Raja,1988-06-16,622667,3400
TAX002096,Osman بٹ,44018-8237504-0,,1995-02-19,126495,0
TAX002097,حرا Bhatti,50981-4689637-7,,2003-07-05,969281,55392
TAX002098,Bilal اعوان,67968-5197320-6,,1963-02-22,1026333,63949
TAX002099,حرا شیخ,,,1987-05-17,1650426,157563
TAX002100,مریم Shaikh,91452-1993391-6,Faisal Shaikh,1969-02-20,799650,29947
TAX002101,Faisal مغل,67124-9289149-0,,1976-01-23,3178988,386848
TAX002102,Muhammed علی Sayed,98696-2677020-2,حسن Syed,1972-04-27,420317,0
TAX002103,Hussain Raja,96189-5894791-2,محمد Raja,1964-06-20,112472,0
TAX002104,محمد Sheikh,41135-2796285-3,,1963-08-12,169414,0
TAX002105,Fatema Moghul,24444-6557208-4,Faisal Moghul,1956-12-10,3340287,411043
TAX002106,Mohammed Ahmed Raja,42601-8312530-9,عثمان راجہ,1969-02-02,2735197,320279
TAX002107,Mohammed Faisal Awan,98893-2798568-5,Muhammed اعوان,1981-03-22,119516,0
TAX002108,ثناء Shaikh,18418-8581866-3,علی Shaikh,1987-02-27,377220,0
TAX002109,Mohammed Raja,91074-3610866-2,Ahmad راجہ,1992-09-08,477049,0
TAX002110,Hamzah Chaudhary,73444-2911064-0,Muhammad Usman چوہدری,1963-10-17,250090,0
TAX002111,Mohammad Sheikh,83460-9294106-8,فیصل شیخ,1957-04-24,130697,0
TAX002112,Mohammed Husain Sayed,49006-2154396-8,Mohammed Ali Sayyid,1970-07-18,5886072,792910
TAX002113,Imran Shaikh,19394-1813161-5,Ahmed Shaikh,1970-04-09,1215660,92349
TAX002114,Mohammed Ali شیخ,40804-9989809-8,Ali Sheikh,1978-04-06,4664885,609732
TAX002115,Ahmad Syed,93515-7896688-3,بلال Syed,1955-04-18,189151,0
TAX002116,Mohammad Hamza Choudhary,,Hussain Chaudhary,1996-08-14,188279,0
TAX002117,Usman Shaikh,23070-1844801-7,Mohammed Sheikh,1984-02-14,443458,0
TAX002118,Muhammed عمران Moghul,33632-4635481-7,Muhammad مغل,1988-06-03,2010524,211578
TAX002119,فیصل Butt,44018-7096313-6,,1985-03-20,621348,3202
TAX002120,Faysal شیخ,75341-2312772-3,Mohammed حمزہ Shaikh,,1774381,176157
TAX002121,Fatima Syed,56448-7724174-1,Ali سید,2002-07-25,150118,0
TAX002122,Sana Choudhary,57638-9294972-3,Hamza Chaudhary,1961-04-18,67028,0
TAX002123,Muhammad Sheikh,,احمد Shaykh,1974-05-26,1911183,196677
TAX002124,Maryam چوہدری,48909-2853043-1,Hamzah Chaudhary,1981-02-22,1358492,113773
TAX002125,Muhammad Othman Shaikh,39722-2890702-9,Bilal شیخ,1989-12-14,3042421,366363
TAX002126,حمزہ Khan,51850-7326816-8,Mohammed Faisal Khan,,48979,0
TAX002127,Bilal Raja,10391-1474909-4,Mohammed Imran راجہ,1969-08-22,620631,3094
TAX002128,بلال Ch.,85583-4038772-2,Faisal Chaudhary,1962-11-21,805488,30823
TAX002129,Zaynab Moghul,18442-1732845-4,محمد Mughal,1979-12-22,205369,0
TAX002130,Fatimah Shaikh,46800-9049945-1,Muhammed عمران Sheikh,1967-01-03,895638,44345
TAX002131,حرا مغل,72974-6614760-7,Mohammad Imran مغل,1994-12-26,3159362,383904
TAX002132,Faysal Awan,90517-8529542-9,Faisal اعوان,1958-06-06,536713,0
TAX002133,Ayisha Malik,63637-6632977-6,,1988-12-04,1057165,68574
TAX002134,Muhammed Sayed,37690-6257695-6,Hasan Sayyid,1961-07-07,98617,0
TAX002135,زینب Qureshi,64318-2734021-6,Mohammad فیصل قریشی,1974-10-14,10294900,1454235
TAX002136,Muhammed Ahmad مغل,17329-1898452-6,Imran Mughal,1965-12-02,942799,51419
TAX002137,Hamzah Malick,55620-4162926-2,Ahmad ملک,1979-04-26,111208,0
TAX002138,Hasan Malik,45095-1614565-0,Husain ملک,1999-10-27,2987867,358180
TAX002139,Faisal Quraishi,77618-6585274-8,Hasan قریشی,1976-12-14,354631,0
TAX002140,Mohammad Faisal Mughal,30073-9083750-4,,1993-11-05,1201921,90288
TAX002141,Mohammad احمد Awan,88669-4091304-5,عمران Awan,1959-11-24,1293624,104043
TAX002142,Hamza Sayyid,33880-4151929-6,Muhammad سید,1962-12-18,1338765,110814
TAX002143,Osman Butt,82726-5222642-5,,1961-06-13,1246285,96942
TAX002144,Mohammed اعوان,78329-6665244-9,Muhammed Awan,1996-10-14,343812,0
TAX002145,Mohammed عثمان Moghul,27774-5656769-0,عمران مغل,2002-10-20,488747,0
TAX002146,مریم Chaudhary,64858-7718605-8,Ahmed Ch.,1959-04-07,888868,43330
TAX002147,Mariam خان,25862-9033296-3,Hussain Khan,1955-12-06,1702902,165435
TAX002148,Mohammed Husain Malick,40085-2028961-6,,1966-12-08,2617047,302557
TAX002149,Muhammad Ahmed Raja,48035-5503935-2,Muhammad Hussein راجہ,2003-09-28,113616,0
TAX002150,Ali بٹ,10959-6161516-7,Bilal Bhatti,1977-12-03,1437967,125695
TAX002151,حرا Malik,45909-1135297-9,,1973-02-10,965737,54860
TAX002152,Mohammad Hasan اعوان,50769-3252091-4,Usman Awan,,2120392,228058
TAX002153,Mohammed بلال Malick,94279-4349302-5,Bilal Malick,1975-10-09,2049746,217461
TAX002154,Mohammed Shaykh,60099-7402264-6,فیصل شیخ,1997-07-20,4226053,543907
TAX002155,Hasan Chaudhry,22225-5195115-1,Ahmed Chaudhary,1995-09-26,3784916,477737
TAX002156,Faysal چوہدری,46758-3496387-4,Muhammed Ch.,1979-07-22,902634,45395
TAX002157,Bilal Ch.,98414-9680402-8,Faysal Chaudhry,1969-04-09,2646321,306948
TAX002158,Maryam مغل,,Mohammed حسین Mughal,1966-05-08,1296164,104424
TAX002159,علی Raja,58918-5563057-7,Muhammed راجہ,1970-10-14,2162208,234331
TAX002160,زینب Qureshi,88766-2612728-7,Muhammed بلال Qureshi,1976-01-09,1053043,67956
TAX002161,Mohammad خان,54593-5596432-2,,1987-08-07,391340,0
TAX002162,حرا سید,66321-8549308-9,Imran سید,1994-10-09,111162,0
TAX002163,Hamza خان,21141-5376542-9,,1960-02-01,74089,0
TAX002164,Mohammed Hamzah Malik,72971-7014574-6,Bilal ملک,2001-06-01,2148166,232224
TAX002165,Imran Raja,99944-2609302-6,,1997-05-09,1010310,61546
TAX002166,Hassan بٹ,90045-8297037-9,Imran Butt,1975-01-09,712489,16873
TAX002167,بلال Sayyid,73500-6757197-4,Mohammed سید,1963-12-24,65304,0
TAX002168,Aisha اعوان,31996-6555491-7,Muhammad احمد Awan,1974-01-28,112514,0
TAX002169,عمران Qureshi,32600-7314811-4,عمران Qureshi,1959-11-14,597538,0
TAX002170,فیصل Choudhary,97972-7465311-3,Usman Ch.,1987-06-08,217705,0
TAX002171,Ahmad Sheikh,88185-6594589-1,,1996-04-01,133067,0
TAX002172,Ali Awan,78701-7309035-7,Mohammed اعوان,1968-07-11,1479209,131881
TAX002173,Muhammad Bilal Choudhary,99129-5718741-3,Muhammed Faisal Chaudhry,1971-07-17,380194,0
TAX002174,Mohammed Hasan ملک,98377-3525628-3,,1978-08-22,3581777,447266
TAX002175,Mohammed Hamza Chaudhry,49512-5696621-5,حمزہ چوہدری,1984-07-06,1026626,63993
TAX002176,بلال Choudhary,80540-6253981-0,عمران Chaudhry,1994-09-20,5084487,672673
TAX002177,Zainab Mughal,95205-5016918-4,عمران Mughal,2000-06-05,1834286,185142
TAX002178,Mohammed حمزہ اعوان,41460-8989280-6,,1981-09-16,1407742,121161
TAX002179,Mohammad اعوان,56490-2350852-4,Faisal Awan,1983-06-07,4092121,523818
TAX002180,Fatimah Chaudhary,87117-1976246-0,Mohammed Chaudhary,1991-05-24,1469619,130442
TAX002181,Zaynab Raja,48077-5418977-5,Hasan Raja,,108325,0
TAX002182,Muhammed Hasan Qureshi,98713-3183280-6,Bilal Quraishi,1957-11-22,1676862,161529
TAX002183,Mohammed Bhatti,,Mohammed Bhatti,2002-04-27,5869639,790445
TAX002184,بلال ملک,88361-9419884-9,,2002-07-27,1829526,184428
TAX002185,عثمان راجہ,46265-7740968-6,احمد Raja,1974-12-10,419754,0
TAX002186,Imran Sayed,97677-1001005-4,Mohammed Hamzah Syed,,798186,29727
TAX002187,ثناء شیخ,58872-3234175-5,Bilal Shaikh,1976-10-19,312460,0
TAX002188,Mohammad حسین Sheikh,10473-4027962-9,Ali Shaikh,1986-07-10,1140112,81016
TAX002189,Hira Ch.,65355-3931569-2,,1971-01-12,4475844,581376
TAX002190,مریم Khan,50308-8567652-3,Mohammad Hassan خان,1990-10-27,2076692,221503
TAX002191,حسن Raja,56838-2377186-8,Bilal Raja,1981-05-28,1574843,146226
TAX002192,حسن Malik,20007-9480589-3,Mohammed ملک,1964-06-17,1143139,81470
TAX002193,Zaynab راجہ,,Osman راجہ,1995-03-23,708874,16331
TAX002194,Othman مغل,85672-9766338-4,Ahmed مغل,1965-09-13,634490,5173
TAX002195,بلال Awan,33306-4609319-8,حسن Awan,1961-10-08,597536,0
TAX002196,Imran Khan,79844-2091033-4,Mohammed Bilal Khan,1967-05-05,530487,0
TAX002197,Muhammad حسین Sheikh,58493-8773056-3,Muhammed Shaykh,,751659,22748
TAX002198,Hamzah Chaudhry,21423-5961407-6,Mohammad احمد Chaudhary,1967-04-03,286766,0
TAX002199,Mohammed Hasan خان,39288-1654167-3,Mohammed خان,,2328269,259240
TAX002200,Muhammad مغل,90466-6084824-5,Usman مغل,1984-07-24,1877397,191609
TAX002201,Usman Butt,34086-2648873-2,,1994-10-09,1929623,199443
TAX002202,Ahmad Moghul,64965-2755593-6,Bilal Mughal,1999-10-03,410751,0
TAX002203,علی بٹ,63028-9984991-2,بلال Bhatti,1987-03-05,156459,0
TAX002204,Zainab Syed,91039-7399812-2,Muhammad Sayyid,1988-04-21,945508,51826
TAX002205,Muhammad Khan,40198-3334588-5,Hamzah خان,1963-03-18,870893,40633
TAX002206,حسن Shaikh,16111-8772927-9,عمران Sheikh,1976-10-16,1264025,99603
TAX002207,Hasan Raja,28972-6866122-1,Hussein Raja,1976-03-23,1309075,106361
TAX002208,Ali راجہ,59820-1736818-4,Muhammad عمران Raja,1956-03-26,286743,0
TAX002209,بلال Quraishi,44536-8569127-6,Faysal Quraishi,1976-01-23,997381,59607
TAX002210,احمد راجہ,53316-8309020-6,Muhammed Hussain راجہ,1968-01-04,260467,0
TAX002211,بلال شیخ,83251-9256688-8,Imran شیخ,1987-08-24,167132,0
TAX002212,احمد Ch.,64616-3147096-1,Faisal Chaudhry,1956-02-04,358568,0
TAX002213,Ayisha Bhatti,97216-8503048-1,Faysal بٹ,1994-01-07,3535645,440346
TAX002214,حسین Raja,42229-3826766-9,حسین Raja,1974-02-19,1934170,200125
TAX002215,حسین Awan,16262-7068105-3,Husain Awan,1983-03-18,4803072,630460
TAX002216,Bilal اعوان,83976-6559653-3,Muhammed Ali Awan,1997-12-13,3123591,378538
TAX002217,Mohammad عمران Raja,53490-7375305-2,,1965-06-25,793840,29076
TAX002218,Muhammed Ali Raja,10211-2858631-8,Hasan Raja,1964-04-12,3767785,475167
TAX002219,Bilal راجہ,73564-7870340-7,عمران Raja,1956-10-13,4229977,544496
TAX002220,Mohammad Hamzah بٹ,52657-8968236-5,علی بٹ,1960-04-12,279052,0
TAX002221,Hamza Qureshi,,فیصل Quraishi,1986-05-18,1349803,112470
TAX002222,احمد ملک,60563-3625471-6,Mohammed Hamza Malik,1975-02-27,802574,30386
TAX002223,Bilal Butt,62861-8392036-8,Mohammad Faysal بٹ,1982-04-24,171361,0
TAX002224,Osman راجہ,24451-7643820-3,محمد راجہ,1960-12-11,499311,0
TAX002225,علی Butt,78724-5710444-8,حسن Bhatti,1974-11-20,1575141,146271
TAX002226,فیصل Raja,95839-1827363-1,Mohammad عمران راجہ,1957-05-01,424952,0
TAX002227,Muhammed Imran خان,38727-8354050-3,Othman Khan,1988-07-13,503903,0
TAX002228,Muhammad Othman Butt,12067-6788983-3,Faysal Butt,,1798896,179834
TAX002229,Mariam Bhatti,74986-3282255-0,Usman Bhatti,2002-04-13,261641,0
TAX002230,Mohammed فیصل Moghul,88551-3569548-8,,1981-08-24,647432,7114
TAX002231,Imran قریشی,21205-6996458-5,Hassan قریشی,1990-04-28,2282399,252359
TAX002232,عثمان راجہ,30803-7480658-2,بلال راجہ,1971-04-20,314897,0
TAX002233,Husain Syed,83554-1375404-7,Muhammad Othman Sayed,1960-11-26,828492,34273
TAX002234,Faisal Raja,73343-7285488-5,Ahmed راجہ,1964-10-22,994255,59138
TAX002235,Ahmad Bhatti,54440-4456251-1,Bilal Butt,,2928192,349228
TAX002236,عمران قریشی,45666-8381552-7,,1977-07-25,326651,0
TAX002237,عائشہ Quraishi,,Husain Quraishi,1969-07-18,4808412,631261
TAX002238,Muhammad Bilal Mughal,10350-5456556-9,Mohammad Mughal,1986-07-23,1216474,92471
TAX002239,حسن Quraishi,71160-3096973-0,Muhammed قریشی,1962-02-11,350454,0
TAX002240,مریم Chaudhry,44449-5033107-1,Mohammed Hussein Chaudhry,1999-09-16,854152,38122
TAX002241,Muhammad Hamzah راجہ,43965-2742521-3,Osman راجہ,1972-11-24,311972,0
TAX002242,احمد سید,95026-7276231-7,حسن Sayed,1994-11-11,950354,52553
TAX002243,Mariam خان,44405-2972292-3,Muhammad Bilal خان,1965-04-07,5997221,809583
TAX002244,Muhammed Hamzah خان,70950-2707282-4,بلال Khan,1992-08-21,395922,0
TAX002245,حمزہ Mughal,48121-3088521-8,Muhammad Othman Moghul,2000-06-19,871308,40696
TAX002246,زینب Mughal,,بلال Mughal,1984-10-26,1034238,65135
TAX002247,Mohammad Hamzah راجہ,79337-6244575-5,Ahmed Raja,1980-12-05,7450870,1027630
TAX002248,Mohammed Imran Moghul,62665-5194080-5,Hasan Moghul,1982-08-08,649465,7419
TAX002249,عمران Moghul,74104-1969604-7,,1963-09-18,4334712,560206
TAX002250,Hasan Quraishi,90228-1122496-1,Hussain Qureshi,1967-01-20,255656,0
TAX002251,حمزہ Bhatti,66651-7797936-3,Usman بٹ,1985-12-25,860807,39121
TAX002252,Marium Malick,12929-4288623-0,محمد Malick,1984-11-24,1181789,87268
TAX002253,زینب راجہ,13301-9617888-2,عثمان راجہ,1966-11-14,4784614,627692
TAX002254,Muhammad احمد Shaykh,61162-8200180-9,Muhammad احمد Shaikh,1960-03-22,849147,37372
TAX002255,احمد Butt,30849-7335257-1,Ahmed Bhatti,1992-08-26,4958718,653807
TAX002256,Muhammed Othman Moghul,51742-8574995-4,حسین Mughal,1979-06-23,232742,0
TAX002257,Muhammad Husain بٹ,78258-2636713-8,Muhammed Usman Butt,1960-04-13,208714,0
TAX002258,Muhammed عثمان Sheikh,82432-2682205-9,Hasan Shaykh,1983-12-14,551129,0
TAX002259,Hamzah ملک,97917-3257862-2,محمد Malick,1959-05-22,2734907,320236
TAX002260,عمران اعوان,71435-9101794-0,Mohammed فیصل اعوان,1955-07-22,221961,0
TAX002261,Aisha Raja,59442-3422314-9,Osman Raja,1955-08-14,4382125,567318
TAX002262,بلال شیخ,29304-1701231-4,Muhammed عمران Shaikh,1988-09-13,4134474,530171
TAX002263,Ahmed Raja,15861-4794808-2,Bilal راجہ,1974-11-11,203878,0
TAX002264,Maryam Butt,90330-2397786-6,Muhammad بٹ,1975-12-22,364920,0
TAX002265,بلال بٹ,,Hassan Butt,1974-03-11,3057875,368681
TAX002266,Hira Khan,19063-7270714-8,Faysal خان,,158813,0
TAX002267,Marium خان,32957-2977458-5,Mohammed حسن Khan,1959-10-08,414249,0
TAX002268,Hira Sheikh,62629-1057835-2,Ali Shaikh,1962-07-19,176190,0
TAX002269,Mohammad Imran Raja,46221-9630184-0,علی راجہ,1993-04-07,717674,17651
TAX002270,Imran Butt,,,1978-08-08,101235,0
TAX002271,Mohammad حمزہ بٹ,59464-4651932-5,Ahmed Bhatti,1956-03-24,59619,0
TAX002272,Ali راجہ,21374-6543511-5,عمران راجہ,1995-10-23,7073956,971093
TAX002273,Othman Mughal,74589-9270231-1,Muhammad Hamza مغل,1999-01-07,737139,20570
TAX002274,Ayisha Mughal,26982-5255527-6,محمد Moghul,1976-02-13,900586,45087
TAX002275,حسن Chaudhary,83218-5343078-1,Imran چوہدری,1984-07-15,280423,0
TAX002276,Muhammed سید,50653-6445840-9,Muhammad حمزہ سید,1998-11-22,905569,45835
TAX002277,Fatimah Khan,33205-5432484-9,Bilal Khan,2002-12-24,973546,56031
TAX002278,Zainab قریشی,49609-5712823-8,Muhammed Qureshi,1992-05-23,295348,0
TAX002279,Ahmed Raja,60727-1327721-5,حسین راجہ,1965-08-02,410574,0
TAX002280,فیصل بٹ,25383-2764731-1,,1985-10-16,508975,0
TAX002281,حسین قریشی,70468-3514200-8,Faisal Quraishi,1984-03-06,2255033,248254
TAX002282,Imran قریشی,36636-1174760-9,,1971-11-13,882984,42447
TAX002283,بلال Khan,87349-4053391-6,Ahmed Khan,1968-09-05,332712,0
TAX002284,Aysha Mughal,69797-8365749-9,,,1164887,84733
TAX002285,فاطمہ سید,71398-4082605-7,احمد Sayed,,68420,0
TAX002286,Ahmad شیخ,64977-3892245-2,Muhammed Sheikh,1981-09-21,218975,0
TAX002287,حسن Chaudhary,28756-4618428-6,Faysal چوہدری,,2465619,279842
TAX002288,Bilal Mughal,99135-1038690-6,Faisal Mughal,1977-11-05,2560644,294096
TAX002289,Zainab بٹ,54083-5819564-8,,1976-04-04,2721366,318204
TAX002290,Muhammad حسین Shaykh,50765-3402037-8,Muhammed Shaikh,1975-04-15,3490385,433557
TAX002291,عثمان Qureshi,83024-8118181-8,عمران Quraishi,1995-08-18,536690,0
TAX002292,Hassan Moghul,26035-5179312-1,Muhammed Hamza Moghul,1957-02-20,90585,0
TAX002293,Marium Choudhary,96747-3209870-8,Hamzah Choudhary,1991-09-25,993164,58974
TAX002294,فاطمہ Malik,50594-7078269-6,علی Malick,1991-02-16,508797,0
TAX002295,Mohammed Shaykh,50923-6678674-1,Ali Shaykh,1956-03-22,1547861,142179
TAX002296,Muhammed احمد Awan,58047-5556540-1,Mohammed Bilal اعوان,1972-09-16,483199,0
TAX002297,Mohammed بٹ,27250-8826026-5,Mohammed Bhatti,1961-06-06,1227397,94109
TAX002298,Zaynab Butt,40121-7681408-0,Mohammed Hamzah Butt,1989-06-10,3403017,420452
TAX002299,Hasan Khan,76543-9278067-2,حسن Khan,1999-09-07,567439,0
TAX002300,بلال خان,83984-8473146-9,Ali Khan,1969-03-13,1020672,63100
TAX002301,Imran Malik,70332-1116892-1,,1957-12-04,1381367,117205
TAX002302,ثناء اعوان,60927-3166384-5,Mohammad Ahmed اعوان,1991-03-02,1770736,175610
TAX002303,علی Chaudhry,84069-8549131-0,حسین چوہدری,1991-11-28,2074790,221218
TAX002304,Mohammed Imran Sheikh,55045-9984639-5,,1962-02-14,158633,0
TAX002305,Ayesha بٹ,12542-8829012-5,Hamza بٹ,1974-12-28,2353231,262984
TAX002306,Muhammad علی Butt,41224-7912974-2,بلال Bhatti,1963-06-20,13979383,2006907
TAX002307,Ahmad Shaikh,71581-8541891-3,Mohammad Bilal شیخ,2000-08-16,3555267,443290
TAX002308,Hassan Butt,49885-8758452-8,Hamza Bhatti,1965-10-28,2440129,276019
TAX002309,بلال Bhatti,98650-1721598-2,فیصل Bhatti,1991-01-25,232563,0
TAX002310,Husain Shaykh,86176-8025655-0,Mohammad Shaikh,2001-01-19,131560,0
TAX002311,Hira Qureshi,72636-7965894-2,Mohammed Hussain Qureshi,1965-07-13,5251922,697788
TAX002312,علی قریشی,30157-1554536-3,Mohammed بلال قریشی,,895421,44313
TAX002313,Husain Khan,29439-8830949-3,Muhammad احمد خان,2000-02-25,9032530,1264879
TAX002314,زینب Malick,53025-8064955-9,,1955-11-03,940697,51104
TAX002315,فیصل Chaudhry,90061-9849783-4,Hamza Ch.,1974-03-06,330854,0
TAX002316,Othman مغل,73084-8997133-1,Osman مغل,1970-10-01,226285,0
TAX002317,حسین اعوان,52525-1172801-0,Mohammad Hassan Awan,1964-10-19,1507363,136104
TAX002318,Muhammed Bilal Butt,,Mohammed علی Butt,1983-09-16,278407,0
TAX002319,Usman Butt,33073-5170552-1,Muhammad بلال بٹ,1994-08-20,2443306,276495
TAX002320,Mohammed Bilal Awan,84829-4768730-9,Hasan اعوان,1974-04-22,733915,20087
TAX002321,Muhammad Husain Qureshi,34015-6817661-2,عمران قریشی,1985-09-23,1790189,178528
TAX002322,Imran Malik,12581-9076583-3,Hussain Malick,1976-04-21,262672,0
TAX002323,Mohammad علی Ch.,23219-3998312-2,Muhammad حسین Chaudhary,2003-08-09,350886,0
TAX002324,Hasan Awan,41683-4861301-5,Mohammed Awan,1975-02-13,1931662,199749
TAX002325,Othman Malick,21766-7137379-5,Othman ملک,1989-08-02,180333,0
TAX002326,Mohammed Bhatti,94886-6018967-5,Bilal بٹ,1974-02-03,181287,0
TAX002327,Osman Quraishi,52040-4901880-8,Mohammed Quraishi,1986-09-03,2454621,278193
TAX002328,Usman Khan,50640-5260211-1,,2000-08-04,303337,0
TAX002329,Othman Awan,66654-4869062-2,عمران Awan,,638057,5708
TAX002330,Ayisha قریشی,30164-1918300-5,Mohammed فیصل قریشی,1990-11-13,3078133,371719
TAX002331,ثناء Awan,50117-4185111-3,,1956-09-02,1726232,168934
TAX002332,Ahmed Khan,64735-2611400-0,Muhammed Hassan Khan,1993-03-16,2393280,268992
TAX002333,عمران مغل,46837-7555515-1,بلال Moghul,1970-09-17,1222629,93394
TAX002334,Hira Raja,79132-6926067-6,Faisal راجہ,1957-06-21,2427076,274061
TAX002335,بلال راجہ,59832-9030128-2,Imran Raja,1957-01-16,1507255,136088
TAX002336,Muhammad راجہ,68645-3589358-3,حمزہ Raja,1968-06-14,787282,28092
TAX002337,Mohammad Raja,62473-8439765-8,فیصل Raja,1992-11-19,1467847,130177
TAX002338,Husain مغل,63956-8741856-1,Hussein Moghul,1979-08-09,925544,48831
TAX002339,Maryam راجہ,64769-8540358-5,Ahmed راجہ,1990-06-25,19223783,2793567
TAX002340,Zaynab Quraishi,56018-7131115-6,,1974-04-25,845526,36828
TAX002341,Fatima مغل,14243-3259936-5,عمران مغل,1977-07-11,25201,0
TAX002342,حرا Awan,12415-4356498-1,Bilal اعوان,1986-12-18,998083,59712
TAX002343,بلال Malik,81762-9061226-2,Muhammed Malik,,290395,0
TAX002344,Usman بٹ,13116-1969781-5,Husain بٹ,1992-01-17,89269,0
TAX002345,Faisal اعوان,41051-9731339-8,Mohammed حمزہ Awan,1963-05-13,1868942,190341
TAX002346,Husain چوہدری,97982-1997220-0,Muhammad Choudhary,1992-02-10,140317,0
TAX002347,فیصل Choudhary,46435-2784367-7,Faisal Ch.,1991-11-14,1856716,188507
TAX002348,Fatema راجہ,35513-7026817-1,Muhammed Imran Raja,1993-07-06,1006287,60943
TAX002349,Mohammad Bilal Khan,26697-5191144-0,,1969-05-02,879736,41960
TAX002350,Aysha Shaikh,96415-7190164-8,Faysal شیخ,2002-01-27,198292,0
TAX002351,عمران Khan,64108-7753616-9,Mohammed Khan,2000-09-26,4848644,637296
TAX002352,Hamza راجہ,46098-9152287-9,محمد Raja,1992-09-13,202970,0
TAX002353,علی Awan,82306-5738628-4,Mohammad Hussein اعوان,1964-01-05,812688,31903
TAX002354,Husain راجہ,35086-2182736-3,,1970-08-03,1678480,161772
TAX002355,Ahmed راجہ,59841-7386221-9,Mohammad Ahmad Raja,1971-02-20,120069,0
TAX002356,Aisha Sayyid,44562-8620212-1,Imran سید,1991-12-04,1277083,101562
TAX002357,عثمان Sayed,49816-9157115-6,Imran Syed,1990-11-25,2288729,253309
TAX002358,Hasan Bhatti,22220-4721958-1,Muhammed عمران Butt,,434411,0
TAX002359,Hussain Khan,40337-3626848-5,,1983-10-22,2568496,295274
TAX002360,Muhammad عمران Qureshi,85041-5611896-0,بلال Qureshi,1984-02-10,169488,0
TAX002361,ثناء Chaudhry,35943-2754334-4,Usman Chaudhry,2003-07-09,2065459,219818
TAX002362,Hamza Quraishi,17163-8633531-4,Mohammed Qureshi,1969-04-28,426222,0
TAX002363,Mohammad فیصل Mughal,68953-1062242-9,حسن مغل,1970-10-04,357776,0
TAX002364,حرا Mughal,34356-7786727-4,Muhammad احمد مغل,1955-07-01,244468,0
TAX002365,حمزہ Butt,70801-6038426-8,Bilal Butt,1995-11-19,388578,0
TAX002366,Hamzah اعوان,51051-6199969-9,حسن Awan,1967-01-15,10940079,1551011
TAX002367,احمد اعوان,65459-1873603-0,Muhammed Husain اعوان,,444369,0
TAX002368,Mohammad Ahmed Qureshi,65426-8511812-4,,1969-04-22,1493100,133965
TAX002369,Muhammad Faysal Sayed,,Ahmad Sayed,1985-11-01,903978,45596
TAX002370,Hassan Khan,90896-4021783-6,بلال Khan,1977-04-24,363033,0
TAX002371,Hira Awan,69563-4631527-9,,2003-07-23,169993,0
TAX002372,Hira Sheikh,55743-9825690-6,Muhammad Usman شیخ,1997-04-27,690060,13509
TAX002373,حرا Sayed,97003-2551704-4,احمد Syed,1970-05-19,1008642,61296
TAX002374,Sana Sayed,66416-1098344-5,Usman سید,,1204213,90631
TAX002375,Muhammad حمزہ Mughal,25916-7519310-2,Othman مغل,1956-07-23,375777,0
TAX002376,Mohammed Usman Butt,62513-4500162-9,Imran Butt,1999-10-15,16049768,2317465
TAX002377,Othman Awan,88551-4981854-4,,,964469,54670
TAX002378,Mariam Moghul,52225-3116331-9,Mohammad Moghul,1976-01-20,144778,0
TAX002379,محمد خان,97454-1929168-1,Othman خان,,1615541,152331
TAX002380,عمران بٹ,92155-9628019-1,علی Butt,1960-04-01,1986609,207991
TAX002381,Muhammad حسن Raja,85099-1859563-8,,1985-03-07,1139771,80965
TAX002382,Ahmad خان,79366-3094953-7,Hamza Khan,1995-04-21,1252181,97827
TAX002383,Othman Sayyid,28153-3121398-1,Imran Sayed,1990-03-05,514891,0
TAX002384,Muhammed Imran Syed,73005-7449270-1,,1956-03-07,435626,0
TAX002385,Sana Choudhary,51532-2109269-6,حمزہ Chaudhry,1982-05-01,631742,4761
TAX002386,Faysal Chaudhry,28338-9953334-2,Muhammad بلال چوہدری,1984-02-06,1352103,112815
TAX002387,Sana بٹ,,Ali بٹ,1975-03-20,762291,24343
TAX002388,عمران Bhatti,81057-8298194-8,,1962-02-10,219599,0
TAX002389,Bilal Butt,78124-1411407-5,Imran بٹ,1986-08-03,501972,0
TAX002390,Mohammed Faisal Khan,73108-9902773-7,Faisal Khan,,589908,0
TAX002391,Mohammed Bhatti,71336-3823586-1,Bilal بٹ,1966-12-13,548841,0
TAX002392,Mohammed حسن Qureshi,,علی Quraishi,,3128884,379332
TAX002393,Marium Choudhary,88858-7023070-7,,1975-06-03,302443,0
TAX002394,Hussein Awan,19632-2080295-7,Hasan اعوان,1980-08-01,247312,0
TAX002395,Mohammed عثمان سید,23641-2734933-2,عثمان Sayed,1990-05-24,175306,0
TAX002396,Muhammad راجہ,62156-5181632-0,Muhammed عمران راجہ,1999-03-19,247506,0
TAX002397,Muhammed Imran اعوان,24500-1659602-7,Imran Awan,1988-04-03,310987,0
TAX002398,زینب بٹ,29575-4085195-0,Hamzah بٹ,1963-01-03,3745165,471774
TAX002399,Imran Butt,71598-5251083-1,بلال Butt,1998-12-06,159003,0
TAX002400,Bilal Qureshi,91881-6490139-5,عثمان Qureshi,,754370,23155
TAX002401,Mohammad Raja,49790-5293840-2,,1982-03-07,247723,0
TAX002402,Muhammed Hasan Syed,27647-3164293-3,عثمان Sayed,1957-03-24,2337068,260560
TAX002403,Muhammed Chaudhary,93852-5607997-3,حمزہ چوہدری,1976-04-19,1744713,171706
TAX002404,عمران خان,64466-7650409-3,احمد خان,1982-07-20,1280944,102141
TAX002405,Mohammad Choudhary,43323-7271597-4,Muhammad Husain Chaudhry,1959-01-13,450852,0
TAX002406,Ayesha Khan,48030-6558087-8,محمد Khan,1961-06-24,265426,0
TAX002407,Maryam Butt,64116-3851395-8,Muhammad Bhatti,1992-03-10,1689281,163392
TAX002408,محمد Moghul,22938-4273939-1,Osman مغل,1965-12-11,973820,56073
TAX002409,Ali راجہ,75957-4239790-7,حمزہ Raja,1995-05-08,440156,0
TAX002410,Husain اعوان,54546-4329896-9,Usman Awan,,1062867,69430
TAX002411,عثمان Qureshi,67069-4046355-7,Hamzah Quraishi,,618830,2824
TAX002412,Aisha Chaudhry,46223-9917496-9,Mohammed Ch.,1970-01-09,521244,0
TAX002413,فیصل اعوان,,Ali اعوان,1966-10-08,1928781,199317
TAX002414,عثمان Moghul,52727-6916056-9,Muhammed بلال مغل,1983-06-15,1203223,90483
TAX002415,Mohammad Ahmad Chaudhary,12401-6124603-5,Hamza Choudhary,,928099,49214
TAX002416,Mohammad Ahmed Sayyid,84709-6983510-8,فیصل Syed,1984-01-26,62384,0
TAX002417,Muhammad Ali Malik,59665-9752470-9,Bilal Malik,1958-01-17,4314825,557223
TAX002418,Ali راجہ,86901-4813147-0,Mohammad Hamza Raja,1972-07-04,4066935,520040
TAX002419,Faysal Moghul,71150-2763831-5,بلال Moghul,1958-04-07,2070267,220540
TAX002420,Hira راجہ,56237-3441652-8,Usman Raja,,460913,0
TAX002421,Imran Butt,71264-7641531-3,Mohammed Butt,2000-10-01,1360308,114046
TAX002422,Fatimah اعوان,90671-5986002-4,Usman Awan,1984-11-21,297984,0
TAX002423,حسین Malick,62820-3858105-6,Muhammad Ali ملک,1979-11-25,2403073,270460
TAX002424,Hussain Awan,24303-7559878-0,Muhammad Husain اعوان,,569608,0
TAX002425,فیصل Raja,,Faisal Raja,1982-06-17,2298949,254842
TAX002426,حمزہ Quraishi,59599-9001915-8,Hussein Qureshi,,2738253,320737
TAX002427,محمد Awan,71039-7508376-1,حسن اعوان,1975-11-01,456152,0
TAX002428,Mohammed حمزہ Raja,60843-3629362-2,,1967-12-23,1361287,114193
TAX002429,Muhammad Hassan Syed,89169-6705386-2,Imran Sayed,1976-11-25,755088,23263
TAX002430,علی Syed,30790-8694043-3,Osman Syed,1999-11-23,541892,0
TAX002431,فاطمہ Bhatti,17029-4160400-2,علی بٹ,1970-05-16,55930,0
TAX002432,محمد Moghul,51151-7176438-5,Hamzah Mughal,1957-03-02,123548,0
TAX002433,احمد چوہدری,44795-7047367-9,Hussein Chaudhry,1985-07-04,272298,0
TAX002434,فیصل ملک,98735-1239396-6,عثمان ملک,1956-08-24,1721028,168154
TAX002435,Ali راجہ,57799-7479416-4,Hussein راجہ,,104036,0
TAX002436,مریم راجہ,50843-4630379-3,علی راجہ,1986-07-28,555510,0
TAX002437,Muhammad Husain Sayyid,78098-3985391-3,بلال Sayyid,1991-07-24,825396,33809
TAX002438,Mohammad Bilal مغل,99869-4083007-2,Mohammed مغل,1991-08-12,297921,0
TAX002439,عائشہ اعوان,66579-8754886-0,Ahmad Awan,1976-11-04,980756,57113
TAX002440,Hussein Bhatti,69912-8321973-9,Hamzah بٹ,1965-02-13,1870750,190612
TAX002441,Hassan Ch.,93256-2217490-9,Mohammad Ali چوہدری,1991-07-26,1358195,113729
TAX002442,Ahmed خان,13262-9059505-1,Muhammad Ali خان,1966-07-02,25956340,3803451
TAX002443,علی راجہ,,Hamzah راجہ,1958-06-10,552151,0
TAX002444,حمزہ راجہ,31825-3437617-0,Bilal راجہ,1967-03-06,154734,0
TAX002445,Ahmad Shaykh,48159-5340035-6,Mohammed Bilal Sheikh,1978-09-19,4803518,630527
TAX002446,Muhammad Hamzah Sayed,64651-1326358-6,Muhammed Hussein Syed,1983-03-23,2787734,328160
TAX002447,Ali قریشی,69381-8814431-4,Mohammed Hamzah قریشی,1986-09-18,999643,59946
TAX002448,Bilal قریشی,70050-1886805-6,Ahmed قریشی,1964-10-17,801733,30259
TAX002449,عمران Bhatti,78478-2028388-9,,1987-03-13,435746,0
TAX002450,Bilal بٹ,13518-1021974-5,حسن بٹ,1986-02-21,1215910,92386
TAX002451,Bilal سید,,Bilal Sayed,1979-05-16,831296,34694
TAX002452,Muhammed احمد Shaikh,26149-3922597-4,Ali شیخ,1990-11-12,1921644,198246
TAX002453,Ahmed Syed,,عمران Sayed,1998-05-18,1002693,60403
TAX002454,حمزہ Khan,99804-7717365-7,,1978-03-02,511579,0
TAX002455,حمزہ Bhatti,39631-4773789-6,Muhammed Imran Butt,1992-06-24,11869455,1690418
TAX002456,Hussein Sayed,52929-2130342-1,Mohammad Sayyid,1991-01-02,166957,0
TAX002457,Ahmed اعوان,,Mohammad Awan,1978-01-05,4416098,572414
TAX002458,فاطمہ Ch.,14295-2374194-0,Ali چوہدری,1994-08-12,724181,18627
TAX002459,Zainab اعوان,88531-8084363-5,فیصل اعوان,2002-08-24,1426894,124034
TAX002460,عثمان Shaikh,97680-3781058-0,Hussein Sheikh,1960-07-10,2647042,307056
TAX002461,Hamzah بٹ,22178-4148315-3,Hamzah Bhatti,1994-04-28,866840,40026
TAX002462,Hira Mughal,59718-9951872-1,Bilal مغل,1955-09-11,206322,0
TAX002463,زینب مغل,78283-6004218-9,Bilal مغل,1988-09-03,449114,0
TAX002464,عمران خان,75170-7723767-2,حسین Khan,2002-01-22,2852568,337885
TAX002465,Mohammad Moghul,83117-8327108-3,Ali مغل,,5589117,748367
TAX002466,حرا مغل,25277-2518827-0,Imran Moghul,1978-12-28,695325,14298
TAX002467,حرا Syed,82601-6393992-9,,1965-02-08,1065106,69765
TAX002468,عمران Chaudhary,,,2003-01-05,166173,0
TAX002469,علی Qureshi,96861-3252436-0,Othman قریشی,1976-05-18,1180511,87076
TAX002470,Sana Malick,18419-5729761-7,,1993-12-18,2825062,333759
TAX002471,Hussein Shaikh,69725-2739690-7,,1971-11-16,230183,0
TAX002472,Husain Sayed,34007-9372443-5,,1958-05-12,81179,0
TAX002473,بلال اعوان,87290-9803619-7,Hamzah Awan,1976-05-09,768023,25203
TAX002474,Zaynab ملک,,,,1209323,91398
TAX002475,Othman Moghul,69464-6584654-1,,1968-05-13,993502,59025
TAX002476,احمد Shaykh,47531-5942667-7,Faysal Shaykh,1970-07-24,243655,0
TAX002477,احمد قریشی,27839-3219842-3,,1984-01-22,663793,9568
TAX002478,Usman Choudhary,14603-3203178-2,Mohammad Hamza Ch.,1995-05-08,216432,0
TAX002479,حرا شیخ,80371-7943357-2,Muhammad Hussein شیخ,1974-08-28,315641,0
TAX002480,احمد Sheikh,81251-1240522-7,Imran Sheikh,1966-09-16,2385331,267799
TAX002481,بلال Syed,49165-6816943-9,Imran Sayed,1976-09-13,1213434,92015
TAX002482,Muhammad Hussain Malick,31659-9761998-2,Muhammed Othman Malik,1963-02-06,1697356,164603
TAX002483,Marium Moghul,93406-5571940-6,Faisal Mughal,2000-10-17,68027,0
TAX002484,عمران Butt,53035-3585627-0,حسن Bhatti,1960-11-08,464732,0
TAX002485,Aisha Sheikh,12198-4489411-6,Muhammed بلال شیخ,1988-07-10,1859813,188971
TAX002486,Sana Syed,80985-6669426-2,Hamza Sayyid,1964-09-15,593004,0
TAX002487,Imran Choudhary,93588-6821001-5,Hamza چوہدری,1970-06-14,1308157,106223
TAX002488,Muhammad Hamzah Awan,43382-6546407-3,Othman اعوان,,129494,0
TAX002489,محمد Shaykh,93365-3123388-2,Imran Shaykh,1977-08-01,6493225,883983
TAX002490,Mohammad Shaykh,54269-5871327-6,Imran Sheikh,1993-12-26,2392403,268860
TAX002491,Hira بٹ,40519-9852387-6,عثمان Bhatti,1979-10-01,1099468,74920
TAX002492,Bilal اعوان,34564-3991642-9,احمد Awan,1999-03-10,461441,0
TAX002493,Othman Raja,13802-1177292-6,علی راجہ,1970-11-20,2457522,278628
TAX002494,Muhammed Ali سید,73988-7921950-0,Imran سید,1993-06-07,3976698,506504
TAX002495,Mohammed حسن Chaudhry,13752-2968441-3,عمران Choudhary,1986-02-28,385344,0
TAX002496,Muhammad Hassan Quraishi,52004-2269974-0,,1998-01-04,2435097,275264
TAX002497,بلال Qureshi,96514-7175540-7,Muhammad Faisal قریشی,1997-05-12,5527085,739062
TAX002498,Faisal مغل,13331-6747929-5,Hasan Moghul,1999-11-13,954373,53155
TAX002499,Muhammed حمزہ Malik,57782-5802058-1,Mohammed Imran ملک,1969-10-12,1168103,85215
TAX002500,Muhammad عثمان Shaykh,97652-9885104-8,علی شیخ,2003-02-13,292545,0
TAX002501,احمد Mughal,49248-7279055-7,Muhammad Husain Mughal,2000-05-11,210105,0
TAX002502,Muhammad علی Awan,70716-4397070-0,Muhammad عمران اعوان,2001-09-05,729861,19479
TAX002503,Muhammad Hassan شیخ,47291-5793768-0,,1992-04-25,397082,0
TAX002504,Muhammad فیصل Bhatti,21606-1650707-5,,1977-08-19,523703,0
TAX002505,Hussein اعوان,21605-3286658-3,,1975-05-14,2102798,225419
TAX002506,احمد Chaudhary,44339-9427858-5,Hamzah Chaudhry,1959-04-07,1718477,167771
TAX002507,حرا Sheikh,81678-7979502-1,Muhammad علی Shaykh,1986-04-10,1632847,154927
TAX002508,علی خان,21313-4419470-8,,1969-01-03,1682310,162346
TAX002509,Ali Moghul,16650-9863265-1,Muhammad Faysal مغل,1979-11-14,1713458,167018
TAX002510,Ahmad Moghul,87344-1605663-8,Ali Moghul,1959-11-07,1983935,207590
TAX002511,Ahmad اعوان,66497-7688948-7,Mohammad اعوان,1974-12-23,2139601,230940
TAX002512,Mohammed حسن Shaykh,45708-5420739-9,Usman Shaykh,1982-01-16,625245,3786
TAX002513,مریم Qureshi,69478-6817540-2,,2000-11-15,3323177,408476
TAX002514,Hira Choudhary,13420-4285754-7,عمران Choudhary,2001-02-03,600209,31
TAX002515,Bilal Moghul,99970-5119887-2,حسن Mughal,1968-12-15,947086,52062
TAX002516,عمران Khan,74943-2102286-4,Muhammad خان,1990-07-07,11522603,1638390
TAX002517,Muhammed سید,74345-5918284-4,عمران Sayyid,1999-09-18,477096,0
TAX002518,Hasan Awan,10682-9269280-2,,1988-06-18,214061,0
TAX002519,عمران Qureshi,,Mohammed فیصل Qureshi,1962-10-14,335667,0
TAX002520,Imran Sheikh,74960-4459323-8,حمزہ Sheikh,1967-07-19,230445,0
TAX002521,Muhammed عمران Khan,40858-7898699-4,حمزہ خان,1978-09-10,131284,0
TAX002522,Imran Sayyid,22879-7591681-3,Hamzah Sayyid,1960-03-02,408923,0
TAX002523,عثمان شیخ,73017-7704777-0,احمد Sheikh,1971-06-17,5060225,669033
TAX002524,Husain Butt,67594-3990750-8,Muhammad Ahmed بٹ,2000-05-23,397437,0
TAX002525,Ahmed سید,25500-2710898-4,Bilal Sayed,1956-04-13,587164,0
TAX002526,بلال خان,54536-5523361-6,Muhammad Othman Khan,1971-03-24,4726998,619049
TAX002527,ثناء Bhatti,69254-2501642-4,,1967-05-26,246557,0
TAX002528,Hira Sheikh,29639-4700156-8,Bilal شیخ,1992-08-09,112271,0
TAX002529,Muhammad حمزہ Choudhary,80133-7168151-0,Faysal Chaudhary,1975-11-21,1494834,134225
TAX002530,Hussein خان,21145-7818051-5,,1989-02-03,670317,10547
TAX002531,Fatimah Awan,96607-6626809-1,حسین اعوان,1966-10-12,148353,0
TAX002532,Maryam Mughal,28112-2418404-7,,1982-03-16,1431930,124789
TAX002533,احمد Sayyid,36829-5544983-4,حمزہ Syed,1992-11-26,576320,0
TAX002534,Hasan Quraishi,37899-4824416-2,Bilal Qureshi,1972-12-17,525881,0
TAX002535,Mohammed خان,11672-8803474-8,Ahmad خان,1963-11-23,3183875,387581
TAX002536,Mohammed Hamzah Sayed,15367-5539646-9,Muhammad Hussein Sayed,1990-05-03,1036176,65426
TAX002537,Mohammad Ali Choudhary,29678-4388883-3,حمزہ Ch.,1965-11-18,451528,0
TAX002538,حرا اعوان,26343-4491652-0,Ali اعوان,1981-06-13,1308487,106273
TAX002539,Aisha Malik,83048-3179270-1,,1984-01-22,998561,59784
TAX002540,Ahmad Khan,25203-7988077-1,احمد خان,1974-07-09,1165193,84778
TAX002541,Ahmed Mughal,17910-8675182-5,Hussein Moghul,1966-12-25,4491120,583668
TAX002542,عمران Raja,41611-9338975-7,Hussein راجہ,1990-11-27,2486556,282983
TAX002543,Muhammad اعوان,25859-3466780-5,حسن اعوان,1966-06-04,1236985,95547
TAX002544,عمران Shaykh,73317-2013391-9,بلال Sheikh,1997-07-14,848618,37292
TAX002545,عمران Sayed,81999-4607231-9,Usman Sayed,1984-02-14,639591,5938
TAX002546,Ahmad خان,99504-8925331-0,فیصل Khan,1956-08-02,2023748,213562
TAX002547,Imran راجہ,88027-4771454-2,Mohammed راجہ,1986-12-02,755946,23391
TAX002548,حسین راجہ,30257-8301344-7,Hussain Raja,1989-08-28,4214810,542221
TAX002549,Zainab خان,98237-5513430-5,,1975-08-05,1395265,119289
TAX002550,احمد مغل,75811-2727430-7,فیصل مغل,1972-08-16,1460052,129007
TAX002551,Mohammed Chaudhry,27350-3502581-0,Ali Choudhary,1982-03-13,4906308,645946
TAX002552,Muhammad Chaudhary,96940-5289751-5,Muhammed Ali چوہدری,1978-08-08,1697256,164588
TAX002553,Mohammed Hamzah Butt,39766-0620558-1,Bilal Butt,1987-06-05,325216,0
TAX002554,حمزہ Sayyid,26013-3099574-5,Imran سید,1967-08-25,1604089,150613
TAX002555,Muhammed قریشی,63502-4504190-3,علی Qureshi,1986-07-08,782008,27301
TAX002556,Imran Qureshi,78109-4873487-7,Ali Qureshi,1969-08-22,6132851,829927
TAX002557,احمد Khan,71805-1892659-0,Imran خان,1999-10-10,802927,30439
TAX002558,حسن اعوان,,Muhammad Hasan اعوان,1998-02-21,520889,0
TAX002559,Mohammed عمران Butt,93180-2383944-2,Osman Butt,1996-08-18,1571072,145660
TAX002560,Hussain اعوان,23241-9787315-5,احمد اعوان,1985-07-19,1249813,97471
TAX002561,Muhammad بلال Butt,50260-6079298-2,Ahmad Bhatti,1978-08-22,1158245,83736
TAX002562,Muhammed حمزہ Mughal,47927-1505286-5,,2000-03-21,160420,0
TAX002563,Sana Mughal,98830-4543799-1,Othman مغل,1956-04-06,456868,0
TAX002564,Zaynab Qureshi,26746-6563690-0,بلال قریشی,1982-07-24,513374,0
TAX002565,Hira خان,39249-5993978-7,Bilal Khan,1985-02-28,145484,0
TAX002566,Fatima Shaikh,56972-2493623-0,Muhammad حسن شیخ,1988-06-06,538943,0
TAX002567,Fatima Shaykh,56198-7718285-3,,1973-04-19,382688,0
TAX002568,Fatima مغل,90620-6650849-9,Hussein مغل,1955-04-18,2065943,219891
TAX002569,Hussain سید,96838-7174035-3,Mohammed Ahmed Syed,1985-01-17,797953,29692
TAX002570,Ahmed خان,36741-7378184-6,,1998-12-06,428403,0
TAX002571,فاطمہ Shaykh,47366-9472362-7,Hussain شیخ,1991-04-20,647423,7113
TAX002572,Ayesha Malick,,Imran Malick,1988-07-13,2109224,226383
TAX002573,Hamza Chaudhry,50572-6103743-7,Muhammad عمران چوہدری,1991-11-23,334282,0
TAX002574,Faysal Quraishi,73483-8226710-0,فیصل قریشی,1997-01-20,2245644,246846
TAX002575,Zaynab Qureshi,11897-5790971-5,,1970-12-09,239199,0
TAX002576,Husain اعوان,80721-8390027-8,Muhammed Awan,2002-12-11,274945,0
TAX002577,Othman سید,21518-4210865-7,Mohammed Imran سید,1974-12-15,583738,0
TAX002578,Hamzah Butt,56499-1728065-9,Bilal بٹ,1987-06-20,2331551,259732
TAX002579,عثمان Khan,15908-9581612-9,فیصل Khan,1998-07-09,6247391,847108
TAX002580,Mohammed حسین Choudhary,56966-5213351-8,,1993-06-06,997769,59665
TAX002581,Othman Sayyid,76113-8581177-1,Muhammed سید,1988-09-02,2167983,235197
TAX002582,ثناء Bhatti,10090-6027375-9,محمد بٹ,1968-08-13,178270,0
TAX002583,Hira مغل,65840-2360024-2,علی Moghul,,673334,11000
TAX002584,حرا Qureshi,,Faysal Quraishi,1995-01-02,90481,0
TAX002585,عمران مغل,38400-7254661-2,,1981-12-23,1981394,207209
TAX002586,Ahmed Ch.,51373-1005430-0,,,204139,0
TAX002587,Ahmad خان,48574-6936127-7,Ahmad Khan,1989-02-12,557414,0
TAX002588,حرا Malick,89637-2945079-3,Bilal ملک,1995-12-12,439480,0
TAX002589,Faisal ملک,,Hamzah ملک,,177010,0
TAX002590,Ayisha Raja,89995-3476369-9,حسن Raja,2000-03-25,701245,15186
TAX002591,Mohammad اعوان,65386-2404745-2,Faisal اعوان,1969-04-27,243878,0
TAX002592,Faysal Quraishi,15516-5449090-0,Mohammad Qureshi,,544369,0
TAX002593,Marium Quraishi,55712-7465215-2,حمزہ Quraishi,1971-09-01,1507518,136127
TAX002594,Bilal Sheikh,17804-7515091-9,Othman Shaykh,1959-07-11,290641,0
TAX002595,Muhammad Ahmad راجہ,94308-2064889-8,احمد Raja,1962-11-24,3459822,428973
TAX002596,Faisal Moghul,17770-4055292-5,عثمان Moghul,1992-12-17,1825934,183890
TAX002597,Mohammed سید,25076-5772932-5,Faysal Sayed,1982-09-22,143186,0
TAX002598,Muhammad Mughal,84805-7780413-8,,1973-06-01,517940,0
TAX002599,Muhammad Chaudhry,78008-3054355-6,حسین Chaudhary,1961-12-18,3284607,402691
TAX002600,Ayisha راجہ,75478-2914746-4,,1990-04-09,885831,42874
TAX002601,Muhammad فیصل Qureshi,11514-6577035-8,Muhammad Qureshi,1981-03-23,117728,0
TAX002602,مریم Mughal,99686-6844967-9,Muhammed Moghul,1986-05-05,518653,0
TAX002603,Mohammed احمد Butt,96237-1269713-4,Faisal Bhatti,1977-08-28,323049,0
TAX002604,فاطمہ Quraishi,47703-8619194-6,بلال Qureshi,1993-02-20,562878,0
TAX002605,Bilal Bhatti,78738-7725217-1,Hamzah بٹ,1973-11-23,824357,33653
TAX002606,Muhammad Ali Sayyid,68456-7510977-1,Ahmed Sayyid,2003-07-13,326304,0
TAX002607,Mariam Khan,88219-9759273-2,حسین Khan,1980-09-20,351127,0
TAX002608,Maryam خان,58441-7349822-2,Hamzah خان,2002-08-27,724860,18729
TAX002609,Ali ملک,27319-4460833-1,Ali Malik,1975-03-09,141450,0
TAX002610,Mohammad Usman Syed,78288-6385974-8,Faisal Sayed,1974-10-13,1090467,73570
TAX002611,Usman Khan,11081-7039471-3,Osman خان,1967-02-07,1186197,87929
TAX002612,Osman Sayyid,90297-4857678-4,علی Sayed,1970-03-05,1290321,103548
TAX002613,Muhammad مغل,85845-5544401-4,Hasan Moghul,2001-02-26,174533,0
TAX002614,Hussain Khan,77108-4732016-4,Muhammed حسن خان,1998-11-15,128975,0
TAX002615,Husain Khan,25041-8165282-8,Muhammad Ali خان,,577502,0
TAX002616,عمران Malik,99268-7423431-2,Hussein Malick,1965-07-12,113517,0
TAX002617,Fatimah Quraishi,72058-8577572-4,Usman Qureshi,1963-07-07,558534,0
TAX002618,حسن Awan,50739-5956453-2,Muhammad Ali Awan,1995-06-07,239862,0
TAX002619,ثناء راجہ,13308-6555250-0,حسن راجہ,1971-06-12,156547,0
TAX002620,Imran Awan,,حمزہ Awan,1982-07-13,368534,0
TAX002621,عمران Raja,52067-9397901-7,احمد راجہ,2001-11-05,930288,49543
TAX002622,Ahmad Chaudhry,89190-4180661-1,Muhammad Othman Chaudhary,2003-12-05,4838456,635768
TAX002623,Hamzah Bhatti,,Ahmad Butt,1955-07-03,946419,51962
TAX002624,Faisal Moghul,56206-8740350-4,حسین Moghul,1968-04-03,6662785,909417
TAX002625,Aisha Malick,39764-5777516-4,Faisal Malick,1983-03-20,611637,1745
TAX002626,احمد Khan,92992-6075855-3,Mohammed Husain Khan,1974-10-20,2014641,212196
TAX002627,عمران Sayyid,78615-9499141-1,Hamza سید,1987-07-02,725934,18890
TAX002628,احمد Quraishi,30112-9374197-9,حسین قریشی,1968-08-14,893781,44067
TAX002629,Hamzah بٹ,37611-4596805-1,Ali بٹ,1965-03-08,192569,0
TAX002630,Hamzah Khan,37097-2973956-4,عمران Khan,1968-07-18,405770,0
TAX002631,زینب خان,38990-7756005-6,,2003-06-13,279491,0
TAX002632,Marium Shaikh,30270-3015718-2,,1963-02-19,21517,0
TAX002633,ثناء Shaikh,67719-3242498-6,,2000-04-20,3374001,416100
TAX002634,Muhammad Othman مغل,96803-1615455-6,,1997-07-02,168064,0
TAX002635,Ahmad Sheikh,95646-5439652-3,عثمان Sheikh,1988-12-09,96830,0
TAX002636,Ahmed Raja,56069-2645475-2,Husain Raja,1966-02-01,588436,0
TAX002637,Sana Malick,50229-4783677-6,,1995-09-04,1041509,66226
TAX002638,فیصل Quraishi,91975-7245694-9,حسین قریشی,1965-02-20,2112564,226884
TAX002639,Ahmad Chaudhary,61626-6644759-9,حمزہ Chaudhry,,2858027,338704
TAX002640,Mariam Qureshi,57301-7132755-1,Hasan Quraishi,1974-02-16,688710,13306
TAX002641,Hasan راجہ,95505-5995921-2,Bilal Raja,1986-03-07,1981613,207241
TAX002642,مریم Malick,14346-2576670-1,Ahmed ملک,,571675,0
TAX002643,Husain بٹ,64093-5212998-4,Faysal بٹ,1965-02-09,410079,0
TAX002644,Muhammad Raja,60393-5195801-7,Faysal Raja,1956-05-27,311187,0
TAX002645,عثمان اعوان,,Hamzah اعوان,1994-10-13,576468,0
TAX002646,Fatimah خان,61695-2982988-0,علی خان,2003-04-15,323060,0
TAX002647,Mohammad قریشی,84398-8362374-2,Hussein Quraishi,1978-10-16,3146242,381936
TAX002648,Othman Awan,30572-9202257-7,Mohammed اعوان,1962-02-22,991870,58780
TAX002649,حمزہ Awan,64225-1077214-9,بلال اعوان,1987-06-14,3212885,391932
TAX002650,عائشہ خان,98283-8957144-3,Muhammad عثمان خان,1987-07-16,230922,0
TAX002651,حسن Ch.,45591-9324589-0,Ali Ch.,1979-04-05,229252,0
TAX002652,Zainab Mughal,53880-9694667-7,,1979-10-09,252075,0
TAX002653,حرا Malick,92360-5003268-4,Hamzah ملک,1971-06-21,2421266,273189
TAX002654,Mohammad Quraishi,74900-3846306-9,Mohammed Quraishi,1990-12-09,391146,0
TAX002655,Sana خان,79744-4622405-3,عمران Khan,1978-07-19,1009197,61379
TAX002656,Muhammed Hasan سید,49707-9805717-0,Hussain Sayed,1956-08-08,767275,25091
TAX002657,احمد قریشی,38629-3964163-4,Mohammad Qureshi,1975-02-02,148877,0
TAX002658,زینب راجہ,69238-8245765-3,Hassan Raja,1973-07-15,1585748,147862
TAX002659,Marium خان,27890-9148566-3,Muhammad Faisal خان,,234954,0
TAX002660,Mohammed Faysal Bhatti,,Hamza Bhatti,1982-01-16,7323602,1008540
TAX002661,Muhammad Ahmad Sayyid,44389-8742414-7,Faysal سید,1995-08-07,337389,0
TAX002662,بلال ملک,38175-6392735-7,Othman Malick,1972-12-16,506277,0
TAX002663,Usman Khan,63725-1531910-2,Hamzah Khan,1956-12-13,267102,0
TAX002664,Marium Khan,93428-3009073-2,فیصل خان,1966-04-24,3493443,434016
TAX002665,فیصل ملک,74485-8746388-4,Osman Malick,1993-11-19,306208,0
TAX002666,Muhammed Ahmad Ch.,63900-9397813-7,Muhammad Ch.,1976-12-17,1557470,143620
TAX002667,Muhammed سید,13927-8169169-4,Muhammed Sayed,1986-01-15,1012925,61938
TAX002668,حمزہ Raja,35726-1178342-3,Hussain راجہ,1988-06-15,608201,1230
TAX002669,Husain Khan,91289-3169230-7,,1987-01-20,1770839,175625
TAX002670,ثناء راجہ,43597-5122237-1,Bilal راجہ,1986-12-17,65423,0
TAX002671,Faisal Moghul,59951-4285543-3,Muhammad Moghul,1993-03-08,1794526,179178
TAX002672,Muhammad حسین Khan,67693-2968629-5,Husain خان,1958-03-22,1982829,207424
TAX002673,Ahmed Shaikh,38180-1567293-8,,1955-01-10,951735,52760
TAX002674,Muhammad Sayyid,17270-6049211-8,Muhammad Ahmad Sayed,1999-01-19,4851926,637788
TAX002675,Mohammed Hussain راجہ,38510-9660487-5,حمزہ Raja,2003-08-20,297439,0
TAX002676,Muhammed Husain قریشی,78978-2761238-5,Ahmed Quraishi,1989-03-16,568269,0
TAX002677,Muhammed بلال Bhatti,56535-2651995-8,,1966-06-12,898033,44704
TAX002678,Sana Raja,54361-1688179-3,Muhammed راجہ,,6163685,834552
TAX002679,Hussein Butt,60814-2733322-5,Muhammad Butt,2000-05-17,564900,0
TAX002680,Osman خان,27855-5283351-4,Bilal Khan,2000-05-02,2538389,290758
TAX002681,مریم مغل,56176-4528753-5,,1987-09-03,498420,0
TAX002682,Mohammed علی اعوان,49324-8499887-7,Hamzah اعوان,1986-05-12,201427,0
TAX002683,عثمان Butt,38419-9628763-7,Muhammad Ali Bhatti,1973-12-19,36840,0
TAX002684,ثناء Khan,18142-5781888-5,Osman Khan,1993-05-18,240805,0
TAX002685,Mariam Bhatti,65885-3224186-3,Faisal Bhatti,1976-07-22,291355,0
TAX002686,Osman Mughal,13915-3831255-7,Bilal مغل,1983-05-20,616088,2413
TAX002687,Bilal Bhatti,30059-9234577-2,Hamzah Butt,1980-06-07,375980,0
TAX002688,Ahmad Chaudhry,75068-1829219-0,,1973-06-11,1169938,85490
TAX002689,Muhammed Osman قریشی,57648-8300462-2,احمد Quraishi,1982-09-22,2104787,225718
TAX002690,Hira Syed,83464-6974725-0,Hussein Syed,2002-10-03,487719,0
TAX002691,Hussain Chaudhary,21638-7216911-5,حمزہ Choudhary,1990-06-25,582937,0
TAX002692,Sana Chaudhry,82874-7437678-0,Mohammad Faysal Choudhary,1998-04-28,452962,0
TAX002693,Mohammad عمران Moghul,81607-6876398-0,Muhammed Ahmad مغل,,219849,0
TAX002694,Ahmed Malik,,,1973-01-02,679589,11938
TAX002695,Hasan Chaudhary,41849-9384820-9,محمد Chaudhary,1966-01-22,392809,0
TAX002696,Imran Raja,95836-2053339-8,,1994-04-17,1803887,180583
TAX002697,ثناء Malik,66659-7781026-3,,1963-12-01,2187281,238092
TAX002698,عمران Malik,34424-7790705-6,Hussain Malik,,587371,0
TAX002699,Zainab بٹ,70699-4256866-2,Muhammed حمزہ Butt,1993-07-14,1294100,104115
TAX002700,Muhammed عمران ملک,68147-6072636-4,Faisal Malik,1991-03-10,2225985,243897
TAX002701,Mohammad حسین Butt,84584-6619786-3,Ahmed Butt,1975-06-26,199570,0
TAX002702,Hasan مغل,30001-7356126-9,,1990-10-26,645672,6850
TAX002703,Mariam Sayed,25956-4054488-2,Faysal Sayed,1964-04-22,1379487,116923
TAX002704,حسین سید,28005-4116180-0,حسن Sayed,1984-04-08,679349,11902
TAX002705,Mohammad Sayed,77460-7940293-7,,2000-09-11,4231944,544791
TAX002706,Osman Quraishi,99979-6460852-7,بلال Qureshi,1996-11-26,167493,0
TAX002707,ثناء سید,10279-1907844-5,Usman Sayyid,1959-12-05,754497,23174
TAX002708,حرا Syed,88860-5428642-3,Bilal Sayyid,1969-03-15,1288230,103234
TAX002709,Muhammed Bilal Qureshi,43186-3979157-0,Mohammed Quraishi,1973-03-03,3090511,373576
TAX002710,زینب اعوان,27994-1850754-3,Osman اعوان,1960-11-19,1329817,109472
TAX002711,Mohammed قریشی,92227-2699225-3,Hassan Qureshi,1975-09-11,897982,44697
TAX002712,حسن شیخ,75628-8982486-6,Bilal Shaykh,2000-04-06,2511378,286706
TAX002713,Hussein Shaikh,,بلال Shaikh,1957-12-26,1440270,126040
TAX002714,عائشہ خان,26634-2367704-8,,1977-08-27,604576,686
TAX002715,فیصل Sayyid,88459-1351140-5,علی Sayed,1985-01-23,602900,435
TAX002716,Ayisha Malick,51488-9452364-3,Mohammed Malik,1974-01-21,405507,0
TAX002717,Ahmad Chaudhry,20067-1181856-9,علی Chaudhary,1963-02-13,73318,0
TAX002718,زینب قریشی,24448-5739835-7,Hasan Qureshi,,273314,0
TAX002719,زینب Chaudhry,64233-8130066-6,Mohammed Usman Choudhary,1980-01-06,1156076,83411
TAX002720,Zaynab Quraishi,64856-3441853-4,Mohammed Hamza قریشی,1975-06-11,6081350,822202
TAX002721,Mohammed Choudhary,17529-3415472-7,Othman Chaudhry,,836510,35476
TAX002722,ثناء Awan,85496-1045975-5,Hamzah اعوان,1959-02-06,10207563,1441134
TAX002723,Mariam Moghul,41578-7123271-3,فیصل Mughal,,892082,43812
TAX002724,عمران Bhatti,,Mohammed Usman Bhatti,1985-01-15,116986,0
TAX002725,علی Malick,14203-3481445-4,علی Malik,,2810547,331582
TAX002726,Muhammad عثمان Malik,28701-1579170-4,Muhammad Ahmed ملک,1996-02-11,752685,22902
TAX002727,عثمان Malick,39013-4193730-4,Bilal Malick,1978-12-08,1840248,186037
TAX002728,Mohammed Qureshi,,Mohammad Quraishi,1955-10-27,1892203,193830
TAX002729,Muhammed Ahmad سید,69092-8532522-0,Ali سید,1961-08-01,872732,40909
TAX002730,عائشہ ملک,91579-3845700-8,Muhammed Hasan ملک,1968-11-27,733666,20049
TAX002731,عائشہ Awan,59896-9878269-1,Muhammed حمزہ Awan,1979-10-15,1674755,161213
TAX002732,Hamza چوہدری,14001-2160805-0,,2001-06-27,674533,11179
TAX002733,ثناء Raja,95257-2235408-7,Mohammed Faisal Raja,1968-07-10,2569658,295448
TAX002734,Mohammad Imran مغل,15657-7471091-8,Husain Mughal,1977-03-24,293699,0
TAX002735,حمزہ Khan,58322-1112516-9,حسین Khan,,796998,29549
TAX002736,Bilal Shaikh,24504-3686287-6,Mohammad Shaikh,2003-03-27,1845088,186763
TAX002737,حرا Malik,67161-9598872-0,,1956-10-26,6673817,911072
TAX002738,فیصل بٹ,82842-2128152-7,,1958-04-05,3262083,399312
TAX002739,Mohammed عمران خان,70533-8800384-7,Mohammed Hamza Khan,1958-02-09,820508,33076
TAX002740,Fatimah Sayyid,23180-2764648-9,Osman Sayyid,1982-11-21,595266,0
TAX002741,Zainab سید,68929-4393701-5,Muhammad فیصل سید,1978-07-23,284213,0
TAX002742,علی خان,36824-7180641-6,Hassan Khan,2001-10-24,278009,0
TAX002743,Muhammed عمران Moghul,15883-1817182-7,Mohammad Osman مغل,,1405442,120816
TAX002744,Hira Awan,80954-3024131-8,Ali اعوان,2001-02-16,1160836,84125
TAX002745,Imran اعوان,69130-5005695-5,Muhammed فیصل اعوان,,2986683,358002
TAX002746,Hasan Raja,60676-8879851-1,Ali راجہ,1977-03-25,1547469,142120
TAX002747,Mohammed Syed,93940-3065085-2,Bilal Sayed,1986-02-19,726805,19020
TAX002748,حسن Qureshi,37903-2280131-3,Imran Quraishi,1985-09-07,2889163,343374
TAX002749,عمران Awan,40857-6526818-5,Ali Awan,1982-12-06,2624240,303636
TAX002750,عمران اعوان,76083-3078530-1,,1990-03-13,2372141,265821
TAX002751,Husain Qureshi,,Ali قریشی,1992-04-03,2202947,240442
TAX002752,Zainab Khan,95330-5645661-7,Muhammad Othman Khan,2003-11-21,837009,35551
TAX002753,Hira اعوان,70120-6044163-3,Mohammed احمد اعوان,1963-11-10,1972915,205937
TAX002754,Usman Chaudhry,20025-2152756-5,Muhammad حمزہ Chaudhry,1977-01-28,103577,0
TAX002755,فاطمہ Khan,77576-1581153-3,Muhammad Bilal Khan,1992-12-28,760392,24058
TAX002756,Fatima مغل,36144-2684767-6,Imran Mughal,1979-08-01,4870732,640609
TAX002757,Muhammad Syed,39862-5573235-4,احمد Sayyid,1958-12-03,285990,0
TAX002758,Imran Raja,90123-2906299-3,علی Raja,2003-11-19,3627056,454058
TAX002759,Muhammed Hasan Raja,93120-2301306-1,احمد Raja,1975-12-16,867528,40129
TAX002760,زینب Syed,64006-5803188-2,بلال Sayed,1966-05-27,1929842,199476
TAX002761,Muhammed بلال Sheikh,26179-4867397-5,Husain Shaikh,1979-10-23,644470,6670
TAX002762,Hasan Moghul,74250-2338549-7,Hassan مغل,,232069,0
TAX002763,Faysal قریشی,99807-1831937-0,,,1320380,108057
TAX002764,Mohammad Awan,24202-7562960-3,Usman اعوان,1963-02-09,1972191,205828
TAX002765,Ali Khan,48150-2790029-7,Usman Khan,1980-02-13,180878,0
TAX002766,Mohammed بلال بٹ,54010-5526704-1,Hassan بٹ,1968-11-07,4590564,598584
TAX002767,Ali راجہ,18826-6515328-6,Osman Raja,1990-02-15,384456,0
TAX002768,Othman Awan,84163-1998990-5,Mohammed علی اعوان,2002-05-19,20453917,2978087
TAX002769,Ahmed Butt,86401-5535463-8,,1973-02-10,1262940,99441
TAX002770,بلال مغل,86085-3029994-4,,1981-06-05,4764478,624671
TAX002771,محمد Malick,15630-3552599-0,Faysal Malick,1987-11-10,279709,0
TAX002772,Sana Raja,61249-7765338-5,Mohammad Faysal Raja,1974-09-03,411078,0
TAX002773,Mohammed حمزہ Sheikh,42413-7469044-7,عثمان Sheikh,1993-02-14,603502,525
TAX002774,Othman Chaudhry,83367-1426752-1,,1967-01-17,242796,0
TAX002775,Osman Sayed,40909-5862368-2,Imran Sayyid,1971-12-01,172607,0
TAX002776,Hussein Syed,72470-2370247-3,Ali سید,1955-03-11,933637,50045
TAX002777,علی Ch.,67804-1660259-7,Hamzah Chaudhary,1979-01-10,980945,57141
TAX002778,فیصل Raja,61791-8881363-4,Muhammed Raja,1989-12-28,396764,0
TAX002779,Mohammed اعوان,48267-1868372-0,Hassan اعوان,1968-12-02,376678,0
TAX002780,محمد مغل,,Mohammed Usman Mughal,1972-03-14,806456,30968
TAX002781,Hira Raja,37180-3984361-7,Bilal Raja,2003-12-25,488205,0
TAX002782,Faysal Raja,38774-2739731-8,علی راجہ,1987-10-07,343273,0
TAX002783,Mohammed Hamzah Raja,72666-1666585-4,Ali Raja,1996-04-12,69077,0
TAX002784,Ahmad راجہ,,,2001-07-22,1613670,152050
TAX002785,Zainab خان,48998-5740446-9,Mohammed Faysal خان,1994-07-07,2756203,323430
TAX002786,Hira Syed,41153-1192682-5,فیصل Sayyid,1977-02-20,1325517,108827
TAX002787,Mohammad عثمان Butt,58599-6583640-5,Ahmed Bhatti,1967-04-23,1786403,177960
TAX002788,Usman Butt,64194-4492498-5,,,943091,51463
TAX002789,Osman Malick,40065-7742809-5,فیصل Malik,1955-06-24,1616895,152534
TAX002790,Ali چوہدری,28340-9656279-1,Muhammed Hamza Chaudhary,1959-09-27,786323,27948
TAX002791,Muhammad Othman Bhatti,28222-3013353-1,علی Bhatti,1983-12-11,79144,0
TAX002792,Fatima Malik,89472-4453497-3,Mohammad Ahmed Malick,1956-09-17,619347,2902
TAX002793,بلال قریشی,,حسن Quraishi,,242490,0
TAX002794,Zaynab راجہ,98802-1628047-0,علی Raja,1959-09-05,95726,0
TAX002795,Mohammad عمران Malik,27657-9687172-4,Muhammed Bilal Malick,,620318,3047
TAX002796,حرا Ch.,46903-9023657-0,حسن Chaudhry,1997-03-01,1234611,95191
TAX002797,زینب Chaudhry,50030-3176160-1,Muhammad Chaudhry,1981-06-03,382276,0
TAX002798,Muhammad Bilal Khan,92445-5903919-1,حسن خان,1962-04-11,837515,35627
TAX002799,Sana Butt,71912-3461908-2,Mohammed حسن Butt,1993-06-14,146359,0
TAX002800,فاطمہ Malick,20060-9770031-9,Imran Malik,,1143258,81488
TAX002801,مریم سید,58636-2066488-3,عمران Sayyid,1985-08-22,695905,14385
TAX002802,عمران Mughal,69830-3696717-0,Husain Mughal,1987-08-08,1374034,116105
TAX002803,Osman قریشی,76821-2417579-7,Hasan Qureshi,1972-02-18,662209,9331
TAX002804,Hamza Moghul,98779-1671929-3,احمد Moghul,1977-08-26,311649,0
TAX002805,Faysal Malik,52636-5000124-6,علی ملک,1957-06-09,525602,0
TAX002806,Faysal Shaikh,98378-6304957-4,محمد شیخ,1981-04-17,344632,0
TAX002807,Ayisha Shaikh,93215-2253315-5,حسن Shaikh,1984-09-22,2835831,335374
TAX002808,عثمان Quraishi,98312-6362174-4,Hussein Quraishi,2003-01-15,351966,0
TAX002809,Mariam اعوان,80522-3763919-2,Ahmed Awan,2003-01-24,369069,0
TAX002810,Hussain Khan,74813-2141705-1,,,219066,0
TAX002811,حمزہ Raja,22422-1385635-4,Muhammed Imran راجہ,1982-07-16,1233390,95008
TAX002812,Ali Sayyid,49402-9347757-0,Husain سید,1991-09-14,853857,38078
TAX002813,Ahmed Raja,11806-4874370-3,علی راجہ,1975-08-25,1375740,116361
TAX002814,Hasan خان,27642-6166673-6,بلال خان,1988-10-20,42926,0
TAX002815,Muhammed Faysal Khan,44181-4818153-8,احمد Khan,1984-08-20,465865,0
TAX002816,Hussein Sayyid,47175-8836906-0,Mohammed Hussein Syed,1988-02-04,222925,0
TAX002817,Ahmed Raja,42120-3280013-3,احمد راجہ,1971-06-23,1916404,197460
TAX002818,علی Awan,20574-8962962-0,Mohammad Awan,1970-05-08,282097,0
TAX002819,Ali Qureshi,48799-1475372-5,Hassan Qureshi,1979-03-11,2727988,319198
TAX002820,حسن Malik,43794-2832419-1,Ahmad Malik,1992-01-21,312802,0
TAX002821,Aysha چوہدری,16915-1554463-5,Ali Ch.,1966-02-22,5948522,802278
TAX002822,Maryam Choudhary,83470-5454588-2,,1982-02-04,141798,0
TAX002823,Faysal Mughal,45407-3376812-6,Ahmed مغل,1989-05-28,172033,0
TAX002824,زینب راجہ,79463-3134941-9,Osman راجہ,1958-09-04,77814,0
TAX002825,Muhammed Shaikh,35539-6827355-8,Muhammed Usman Sheikh,1992-04-27,1114791,77218
TAX002826,Mohammad Usman Sheikh,13966-6638205-0,حمزہ Shaikh,1975-01-28,564290,0
TAX002827,Muhammed Faysal Awan,43980-5944083-2,عثمان اعوان,1966-05-23,1089888,73483
TAX002828,Marium Awan,45844-7551810-4,Faysal Awan,1970-01-10,2323879,258581
TAX002829,Bilal خان,,بلال Khan,,1014757,62213
TAX002830,Hamza اعوان,83724-6899477-4,بلال Awan,1956-10-04,3883579,492536
TAX002831,علی Bhatti,67718-3404576-6,علی Butt,,1604652,150697
TAX002832,احمد Sayed,27261-7236644-0,Hassan Sayed,,188746,0
TAX002833,Mohammad حسین Shaikh,30354-5073469-6,احمد شیخ,1986-10-09,315294,0
TAX002834,Osman بٹ,56444-6939791-7,,1962-03-15,2492329,283849
TAX002835,Hamzah Butt,23955-9876550-3,Mohammad Ali بٹ,1964-11-09,44117,0
TAX002836,Muhammed بلال Sheikh,23416-8745532-6,حسین شیخ,2000-01-25,860453,39067
TAX002837,Mohammed Hussain Sayyid,23015-2355077-2,,1979-04-17,1433089,124963
TAX002838,Othman خان,79716-3716822-4,حمزہ خان,1996-05-22,435323,0
TAX002839,Muhammed علی راجہ,,Mohammed Hussain Raja,1966-04-20,176953,0
TAX002840,Hassan Awan,67732-9724649-3,Faysal Awan,1981-12-19,1269368,100405
TAX002841,Ahmed خان,59722-1023742-7,Mohammed حمزہ Khan,,4318996,557849
TAX002842,Imran Syed,60155-6759052-3,حمزہ Sayyid,1959-06-12,324697,0
TAX002843,Muhammad عثمان شیخ,84421-4263939-1,Imran Shaikh,1984-04-01,1968929,205339
TAX002844,Mohammad اعوان,40531-8836178-7,حسن Awan,1961-03-20,147232,0
TAX002845,Mohammad بلال راجہ,89625-1986368-7,علی راجہ,1966-01-18,157987,0
TAX002846,Ayesha Shaikh,86591-5685484-5,Mohammed علی Shaykh,1970-10-21,4597426,599613
TAX002847,Aisha Sheikh,19881-6500452-9,Faysal Shaykh,1988-12-15,359971,0
TAX002848,Hamzah مغل,31934-4298605-0,Imran Mughal,1988-09-02,647259,7088
TAX002849,Ahmad اعوان,32190-5692181-1,Hassan اعوان,1956-01-15,450224,0
TAX002850,حرا Qureshi,73516-6444809-5,Mohammed عمران قریشی,1976-01-19,2111889,226783
TAX002851,Usman خان,67375-3952379-3,بلال خان,1981-10-10,270224,0
TAX002852,Hamza Sheikh,54448-2751272-8,,1973-12-05,78433,0
TAX002853,عمران Butt,99388-5349498-6,علی Bhatti,1961-08-13,3559174,443876
TAX002854,Faisal Chaudhary,23974-8142813-6,Muhammad حمزہ Ch.,1971-01-15,176513,0
TAX002855,ثناء Raja,,فیصل راجہ,1959-02-02,250183,0
TAX002856,Mariam Shaikh,22012-9455779-7,فیصل Sheikh,1970-11-19,850524,37578
TAX002857,حسن اعوان,19500-3686160-4,Faysal Awan,1968-02-14,539206,0
TAX002858,فیصل راجہ,42354-8357476-8,Muhammad راجہ,1972-08-01,1347959,112193
TAX002859,Muhammad Bilal Qureshi,68596-7262429-6,Faisal Quraishi,1966-07-23,239937,0
TAX002860,Mohammad Hasan Shaykh,54864-9326807-1,علی Sheikh,1978-07-16,171472,0
TAX002861,Hasan خان,,Faysal خان,1977-10-04,1783647,177547
TAX002862,Ali Qureshi,12584-1115883-9,عمران Quraishi,2001-01-28,7290482,1003572
TAX002863,Mohammad Bilal مغل,14040-4392095-4,Muhammed Ahmed Moghul,,1218318,92747
TAX002864,Bilal Raja,99083-8475869-7,Mohammed راجہ,2002-08-26,368524,0
TAX002865,زینب سید,41406-5152705-7,,,2695210,314281
TAX002866,زینب Bhatti,83376-8343100-1,Mohammad Bilal Bhatti,1970-09-23,1510605,136590
TAX002867,Othman اعوان,10814-6453173-4,عثمان اعوان,1987-07-14,248057,0
TAX002868,Zainab ملک,74098-9487669-5,حسن Malick,1995-02-09,668133,10219
TAX002869,Fatimah Syed,99921-3886103-1,Ali Syed,1963-04-23,2301981,255297
TAX002870,Mohammed Ahmad قریشی,11874-8734732-1,,,856946,38541
TAX002871,عثمان سید,19315-7096480-4,,2001-08-21,2588939,298340
TAX002872,Aysha بٹ,81834-4870054-9,Ahmed Butt,1961-07-22,285458,0
TAX002873,حرا سید,62363-7248552-7,,1979-07-28,1138042,80706
TAX002874,عمران Quraishi,75553-6738192-2,,1982-05-11,1965250,204787
TAX002875,Muhammed Hamza قریشی,85133-9714211-7,عمران قریشی,1963-10-18,129609,0
TAX002876,Zainab Bhatti,31838-1082995-6,,1998-12-18,542287,0
TAX002877,فیصل راجہ,94587-9827945-6,Mohammed Hussein Raja,1957-01-13,34858,0
TAX002878,Mariam Chaudhary,,Hussein Ch.,1970-01-07,1078900,71835
TAX002879,Hassan خان,24685-9828030-4,Muhammed Khan,1980-06-09,3902373,495355
TAX002880,زینب قریشی,56593-3571962-9,Bilal قریشی,1961-06-03,1675466,161319
TAX002881,زینب Quraishi,,Faisal Quraishi,1989-04-21,2721490,318223
TAX002882,Hasan Qureshi,65602-8248196-3,,1989-12-26,80300,0
TAX002883,Hira Bhatti,95632-9957097-2,Usman Butt,1998-07-02,1516490,137473
TAX002884,Bilal Sheikh,89004-6142532-7,Bilal Sheikh,2000-03-19,369763,0
TAX002885,علی Sayyid,25325-9141083-9,حمزہ Syed,1967-07-16,1407823,121173
TAX002886,احمد خان,20102-1975229-9,Osman خان,2001-12-22,550976,0
TAX002887,Mohammed عمران Awan,26856-3083730-5,Ahmad اعوان,1991-01-21,1527449,139117
TAX002888,فاطمہ Bhatti,33969-3525044-0,احمد بٹ,1980-06-14,418518,0
TAX002889,فیصل Ch.,78409-3611522-4,,2001-03-13,2260152,249022
TAX002890,Mohammad Husain Khan,94306-9296601-5,,,534224,0
TAX002891,Mohammad Shaikh,48997-4181403-5,Mohammad Shaikh,1986-05-12,24027959,3514193
TAX002892,Mohammad Hassan Shaykh,86579-8811985-0,Muhammad علی شیخ,1971-05-01,1454968,128245
TAX002893,Mohammed Mughal,73467-2613844-8,Mohammad Ali Mughal,,3209567,391435
TAX002894,Muhammad علی Awan,74162-8317637-5,Usman Awan,1971-08-13,7465613,1029841
TAX002895,حمزہ Choudhary,50630-2790788-4,Hamza چوہدری,1961-03-13,722857,18428
TAX002896,Faysal Chaudhary,26716-5467033-2,Muhammad حمزہ Ch.,2000-01-27,859065,38859
TAX002897,Mohammed Ahmed چوہدری,93438-5186937-9,Muhammad چوہدری,1982-03-16,3074772,371215
TAX002898,عمران Shaikh,72017-4169951-3,فیصل Shaykh,,493291,0
TAX002899,Hamza Malik,29403-8408891-5,Faysal Malik,1970-10-23,26436,0
TAX002900,Hussain Shaykh,65236-4136887-2,,2000-07-28,164417,0
TAX002901,Faisal Malick,,بلال Malik,,2404356,270653
TAX002902,فیصل Syed,43145-3472192-2,Mohammad Sayyid,1995-01-15,539680,0
TAX002903,حمزہ Sayyid,51830-3637555-7,عمران سید,1958-11-17,5935147,800272
TAX002904,Muhammed حمزہ ملک,38612-4160072-8,عثمان Malick,1968-01-01,396261,0
TAX002905,Bilal Chaudhary,77433-8115696-7,Hamza Choudhary,1976-05-13,1159263,83889
TAX002906,Fatimah Raja,95750-1466573-3,Husain راجہ,1972-07-21,275652,0
TAX002907,بلال Qureshi,18527-6606690-4,بلال قریشی,,2548392,292258
TAX002908,Osman ملک,24185-9383533-6,Faysal Malick,,3052691,367903
TAX002909,فیصل Syed,11652-1700868-3,Mohammed حسن Sayyid,1983-12-11,3309828,406474
TAX002910,حرا Bhatti,93548-3343303-1,,1991-03-06,483007,0
TAX002911,Mohammad حسین قریشی,87053-7128480-3,Hamza Quraishi,1996-03-08,999242,59886
TAX002912,Ahmed Bhatti,50224-4590387-0,,1994-08-02,405683,0
TAX002913,Hamza Sheikh,83343-3394839-1,Muhammad Shaikh,1994-04-12,1145069,81760
TAX002914,Hussein Ch.,31783-7195501-0,احمد Choudhary,2000-11-22,244060,0
TAX002915,Fatimah Raja,70406-8256446-9,Osman Raja,1967-10-02,52040,0
TAX002916,حسین Awan,91749-1403445-0,,1987-03-10,6150511,832576
TAX002917,مریم Moghul,39095-8238187-0,Faysal Mughal,1995-05-07,482439,0
TAX002918,Muhammad راجہ,85927-4032775-5,Mohammed بلال Raja,1965-10-16,1348788,112318
TAX002919,حسن شیخ,30819-9184624-2,Hussain Shaykh,,1671558,160733
TAX002920,Hamzah خان,33178-4228556-3,Hussein Khan,1995-05-14,689918,13487
TAX002921,احمد بٹ,60637-2458512-8,Muhammad Bhatti,1979-09-13,2824506,333675
TAX002922,Hira Raja,90750-3842237-4,,1993-05-01,232896,0
TAX002923,Mohammad Ahmad Raja,64668-2454208-3,Husain راجہ,1972-01-28,2080625,222093
TAX002924,Muhammad Hassan Malick,81362-1464046-1,,1992-12-07,316095,0
TAX002925,Mohammad علی Chaudhry,88966-5155754-9,Imran Chaudhry,1955-02-25,208920,0
TAX002926,علی خان,38188-2607260-8,Muhammed Osman Khan,1966-01-01,317824,0
TAX002927,فیصل Malick,30344-2228027-3,,1980-11-25,514647,0
TAX002928,حسین Khan,33256-2334618-2,Hamzah Khan,1957-03-08,2656843,308526
TAX002929,Maryam Shaykh,33977-6833165-9,,1970-02-22,2095084,224262
TAX002930,Bilal Moghul,10747-2764943-9,Ahmad Mughal,1984-07-28,488938,0
TAX002931,علی Bhatti,41255-5314741-3,عمران بٹ,,172353,0
TAX002932,زینب Sayyid,24885-8804695-0,Mohammad عمران Syed,1983-01-05,1445180,126777
TAX002933,Muhammad Butt,91689-4983170-8,Mohammad Bhatti,1989-12-07,1014959,62243
TAX002934,علی Choudhary,59864-1211709-0,عثمان Ch.,1993-12-07,3185133,387769
TAX002935,علی قریشی,60381-3687329-5,Mohammad Ali قریشی,1996-01-06,14800031,2130004
TAX002936,Mariam مغل,31708-9877364-3,علی Mughal,1979-08-22,898659,44798
TAX002937,Ahmed قریشی,62032-5304858-2,بلال قریشی,,1166806,85020
TAX002938,Ahmad Awan,93979-1388492-4,محمد اعوان,1978-04-03,650771,7615
TAX002939,احمد Khan,62636-6408167-5,Mohammed Khan,1988-05-17,712507,16876
TAX002940,Mohammed Awan,96491-5934437-0,Muhammad Osman اعوان,1987-04-11,651146,7671
TAX002941,حمزہ شیخ,69580-8427120-3,Muhammad علی شیخ,,591290,0
TAX002942,Mohammad علی Khan,21795-3644930-1,Hassan خان,1971-01-14,59560,0
TAX002943,احمد Mughal,57694-1494428-2,Hussein Moghul,1957-07-11,2724406,318660
TAX002944,Hamzah ملک,16425-7591382-4,عمران Malik,1977-08-19,2696075,314411
TAX002945,Fatema Malick,17341-8513357-9,,1974-11-10,5626551,753982
TAX002946,Hassan راجہ,85600-2047582-1,احمد Raja,2003-05-27,529338,0
TAX002947,Hira سید,64538-2194985-9,Othman سید,1963-05-19,101965,0
TAX002948,Ayesha Moghul,68962-8482763-4,عثمان Moghul,1959-08-28,718694,17804
TAX002949,علی شیخ,,,,454635,0
TAX002950,Othman Choudhary,90906-6627613-9,علی Chaudhry,1989-05-17,2238595,245789
TAX002951,فاطمہ Quraishi,32891-8693687-2,Faisal قریشی,1993-04-07,5010449,661567
TAX002952,Mohammed حمزہ Khan,13933-5071469-9,Imran Khan,1980-11-14,21574541,3146181
TAX002953,Muhammed بلال Butt,44936-3270211-7,Hasan Bhatti,1992-09-08,12688903,1813335
TAX002954,علی Choudhary,82492-7984488-7,بلال Chaudhary,1965-03-16,1958179,203726
TAX002955,Hasan Butt,92676-3651430-0,احمد Bhatti,,2399531,269929
TAX002956,حسین Sheikh,62213-4292447-4,Osman Shaykh,1966-07-07,2564734,294710
TAX002957,فاطمہ Chaudhry,70210-1599463-4,Muhammed Hussein Chaudhry,1972-06-12,610142,1521
TAX002958,Hasan بٹ,21016-2300169-1,حمزہ بٹ,1976-05-19,2006264,210939
TAX002959,حمزہ Bhatti,92808-9916731-4,علی Bhatti,1995-05-13,6511684,886752
TAX002960,Ahmed Shaykh,26124-7842930-4,حمزہ Sheikh,1996-10-06,316319,0
TAX002961,علی مغل,67954-3911340-4,Hamzah Moghul,2001-04-11,2359727,263959
TAX002962,زینب Moghul,41439-1035233-0,Hamzah مغل,1975-02-09,3954908,503236
TAX002963,عمران Choudhary,84558-3976649-3,محمد Chaudhry,1976-08-27,680317,12047
TAX002964,Mohammed حسن Malik,22031-3354078-4,Bilal Malik,1974-04-24,711841,16776
TAX002965,Fatima Butt,93321-2191374-4,بلال Butt,1955-07-14,580039,0
TAX002966,ثناء Khan,11173-8125965-1,Mohammed حسین خان,1983-02-12,829187,34378
TAX002967,احمد Shaikh,28191-4204629-1,Muhammad Bilal شیخ,1957-01-09,1901101,195165
TAX002968,فاطمہ راجہ,64476-9580496-3,Ali راجہ,1962-03-02,787464,28119
TAX002969,حسین مغل,28482-7239877-0,Hamzah مغل,1994-07-25,448712,0
TAX002970,فاطمہ اعوان,79895-8099077-1,Muhammad عثمان Awan,,1280748,102112
TAX002971,فیصل Mughal,52422-8894317-6,,2003-08-23,510649,0
TAX002972,Muhammad قریشی,72634-8872354-5,Imran Quraishi,1968-07-15,537411,0
TAX002973,Mohammad Qureshi,89330-5573373-8,احمد Quraishi,1975-01-25,1270741,100611
TAX002974,Hassan Quraishi,27480-9901322-5,Imran Quraishi,1995-07-20,394830,0
TAX002975,Marium Khan,37718-6993263-4,Mohammad Hamzah Khan,1980-01-16,787027,28054
TAX002976,احمد خان,48135-3173163-6,علی خان,1997-03-13,147516,0
TAX002977,Imran خان,55250-5922343-0,Muhammed عمران خان,1977-10-21,458511,0
TAX002978,Osman Shaykh,71686-8602709-9,,1957-08-24,1442525,126378
TAX002979,Osman Awan,43031-6915978-2,Othman Awan,1959-03-06,442608,0
TAX002980,بلال Awan,16734-2380613-7,عثمان اعوان,1965-03-28,362257,0
TAX002981,فیصل بٹ,66112-6498821-2,,,1686587,162988
TAX002982,Ali خان,54488-5516509-0,Hamza Khan,1955-01-18,299566,0
TAX002983,علی Butt,83955-6366676-7,Usman Butt,1969-12-18,3078117,371717
TAX002984,فیصل Awan,53739-3701550-9,Mohammed Hussein Awan,,4078494,521774
TAX002985,Sana Awan,28864-9745617-8,بلال Awan,1977-10-27,881843,42276
TAX002986,Hussain Malik,73040-2425547-6,Mohammad ملک,1970-04-27,293682,0
TAX002987,Muhammad راجہ,,Mohammad Husain راجہ,,75471,0
TAX002988,محمد مغل,39165-8905856-8,Imran Moghul,1958-12-06,782331,27349
TAX002989,محمد Mughal,73638-7932270-7,Hamzah Moghul,1984-08-08,175899,0
TAX002990,Mariam Bhatti,49163-6550308-9,,,1065202,69780
TAX002991,Hassan Quraishi,16622-3343945-6,فیصل Quraishi,1968-10-11,2436464,275469
TAX002992,Imran Moghul,42701-4164053-1,Hasan Moghul,1978-11-24,344606,0
TAX002993,Zainab ملک,48922-6128956-8,Hamzah Malik,1982-03-04,69525,0
TAX002994,Zainab راجہ,96625-3278509-7,,,481031,0
TAX002995,ثناء قریشی,55203-3814022-0,Ali قریشی,1969-12-26,217623,0
TAX002996,حمزہ Awan,59052-4032358-8,حسین Awan,1988-09-20,298799,0
TAX002997,Muhammed Faysal Qureshi,98958-6600461-9,Mohammad فیصل Quraishi,1959-12-23,159908,0
TAX002998,Othman Sayed,66696-5218148-5,,1970-10-01,719643,17946
TAX002999,Ali Butt,59241-9313362-8,Usman Butt,1976-05-16,52892,0
TAX003000,Mariam Mughal,26375-6054323-6,Hamzah Mughal,1957-12-20,2157500,233625
TAX003001,Bilal اعوان,15827-3150416-8,Muhammed اعوان,1958-12-10,3093579,374036
TAX003002,مریم خان,45369-8102763-0,,1961-07-04,921149,48172
TAX003003,ثناء Mughal,60507-5499558-5,,1975-03-16,418339,0
TAX003004,علی راجہ,75814-6678253-1,Mohammed عثمان راجہ,1998-01-14,323339,0
TAX003005,عثمان قریشی,52611-7120423-6,Muhammad Bilal قریشی,,8730399,1219559
TAX003006,محمد مغل,41324-7509721-4,,1995-01-11,262071,0
TAX003007,Mohammed Usman Malik,19404-4675611-3,Mohammed Faisal Malick,,1351645,112746
TAX003008,Ahmad راجہ,61763-7779519-1,Faisal راجہ,1963-02-05,1720489,168073
TAX003009,Sana Awan,60834-9155137-8,Husain اعوان,1988-08-19,3471877,430781
TAX003010,Hira Ch.,65686-4765929-0,عثمان Ch.,1965-08-21,954539,53180
TAX003011,Sana Shaykh,83845-2318372-6,Mohammad Husain شیخ,1963-04-01,1389857,118478
TAX003012,Bilal Moghul,73944-7550716-3,Ahmed Mughal,2003-10-03,242161,0
TAX003013,فاطمہ Awan,57555-6803214-3,Bilal Awan,1955-07-26,161410,0
TAX003014,Fatimah Quraishi,37011-6918759-7,Mohammed حمزہ قریشی,1978-07-20,113531,0
TAX003015,حسین راجہ,49925-7391063-3,Othman Raja,1963-11-24,3093252,373987
TAX003016,عائشہ ملک,29824-1215867-3,عمران Malick,1955-11-27,271580,0
TAX003017,Imran Sayyid,83686-6617696-3,,2000-02-04,212103,0
TAX003018,Imran ملک,89022-1503652-3,Muhammed Bilal Malik,1982-07-13,1229024,94353
TAX003019,حمزہ مغل,97535-5665397-0,Hassan Mughal,1986-06-07,5412229,721834
TAX003020,Muhammad حسن Shaikh,26533-8519778-5,,1983-02-19,157946,0
TAX003021,Hasan خان,75709-8629855-8,محمد خان,1984-02-05,8835229,1235284
TAX003022,زینب Sheikh,48287-2212136-8,Usman Shaykh,1965-12-20,72448,0
TAX003023,محمد Malik,46246-8831688-7,حمزہ Malik,,654396,8159
TAX003024,Bilal Qureshi,55400-3309653-8,,1963-12-26,61524,0
TAX003025,Husain مغل,83757-6115729-8,Muhammad حسین مغل,1992-05-07,3234450,395167
TAX003026,Osman Awan,61784-2288896-3,Imran اعوان,1989-07-11,761003,24150
TAX003027,Mohammed Moghul,87901-6816305-6,,1987-04-05,547129,0
TAX003028,Muhammed Faisal Chaudhary,27338-5777764-1,,1995-08-01,2709039,316355
TAX003029,Hasan Sayyid,74582-9974267-0,Hamzah Sayyid,1963-01-22,239560,0
TAX003030,حسن راجہ,18741-3749849-0,,1994-07-13,2392270,268840
TAX003031,Hamzah Shaikh,94786-8445699-3,,1971-09-08,477561,0
TAX003032,مریم خان,85930-1042116-5,بلال خان,1997-06-16,1921014,198152
TAX003033,فیصل Sayed,,,1983-04-20,2397392,269608
TAX003034,Faisal Qureshi,82057-9936887-7,Mohammad Hasan Qureshi,2000-11-02,96723,0
TAX003035,Sana ملک,53321-4562561-1,,1992-03-14,647536,7130
TAX003036,Hussein Awan,99970-1548033-9,,,3160997,384149
TAX003037,بلال Malik,71190-1218038-0,Mohammed Malik,1959-10-22,2353027,262954
TAX003038,Hamzah Chaudhary,,Hamzah Chaudhry,2003-12-08,542194,0
TAX003039,Zaynab Chaudhry,85200-1544132-8,Faisal Ch.,1972-02-07,1754237,173135
TAX003040,Marium ملک,28802-2132248-3,Muhammad Malik,1977-05-05,276507,0
TAX003041,Ali قریشی,21349-1702119-3,عثمان قریشی,,415510,0
TAX003042,Ali Chaudhary,68675-8025252-7,بلال Chaudhry,1982-01-21,109581,0
TAX003043,Muhammed Ahmed Choudhary,94890-4564390-9,Muhammad Faisal Chaudhary,1985-09-07,603315,497
TAX003044,حسین Choudhary,23096-9565329-3,Muhammad Bilal Ch.,1970-03-23,287239,0
TAX003045,Hira خان,60013-5066056-8,Muhammed علی خان,1955-08-04,364459,0
TAX003046,Imran Quraishi,39263-2768980-1,Muhammed Hamzah Qureshi,1987-07-02,1011327,61699
TAX003047,Mariam اعوان,27903-3261128-0,Hasan Awan,1958-03-17,532894,0
TAX003048,Hamzah بٹ,75992-4115522-3,Mohammad بٹ,1968-07-01,9930993,1399648
TAX003049,Zaynab Mughal,43916-7098322-1,Hussain مغل,1975-04-15,714631,17194
TAX003050,حرا بٹ,79709-3453107-5,علی Butt,2001-07-21,3055249,368287
TAX003051,Mohammed احمد Raja,23503-2882691-5,بلال راجہ,,1090862,73629
TAX003052,Muhammad Usman Awan,65110-9295417-0,Othman اعوان,1958-11-14,513504,0
TAX003053,Faysal Raja,37462-2136000-9,,1971-07-11,261020,0
TAX003054,Hamzah Qureshi,16766-5171220-4,,,1229995,94499
TAX003055,حسن بٹ,28141-5679105-5,Hamzah Bhatti,1958-06-03,2780356,327053
TAX003056,Hamza راجہ,35215-9982764-8,Mohammad Raja,1995-04-26,3090707,373606
TAX003057,Hamza ملک,97175-9813654-6,Muhammad Ali ملک,2000-12-17,225830,0
TAX003058,Hira Bhatti,33575-4617166-7,Muhammed Bhatti,1968-11-18,2423716,273557
TAX003059,ثناء اعوان,79023-2610323-9,Hasan Awan,1962-10-05,5269133,700369
TAX003060,Ahmad Shaikh,76902-1016380-6,علی شیخ,1977-04-22,642344,6351
TAX003061,Imran قریشی,58241-5667501-1,Muhammad Imran Qureshi,1994-03-11,305267,0
TAX003062,Ahmad بٹ,40440-6824317-6,Hasan بٹ,1956-04-06,402971,0
TAX003063,Usman Bhatti,50416-8495677-9,عمران Butt,1979-06-15,442717,0
TAX003064,حرا Shaykh,29367-7151970-0,,1981-03-28,452324,0
TAX003065,Muhammed Bilal بٹ,67442-7486094-0,,1989-03-07,1581667,147250
TAX003066,Muhammad Imran Awan,,حمزہ اعوان,1997-04-13,583025,0
TAX003067,Mohammed بلال Butt,77576-5764423-7,Mohammad Hussain Butt,1991-02-21,2622617,303392
TAX003068,Hussein Ch.,22454-2024468-1,بلال Chaudhry,1981-04-25,2542627,291394
TAX003069,Imran Butt,50111-2214176-4,Muhammed Bhatti,1989-11-11,377687,0
TAX003070,Fatimah Shaykh,19955-2746373-0,عمران Shaikh,1974-09-14,9372100,1315815
TAX003071,حرا خان,61048-1102798-4,Muhammed بلال Khan,1992-01-21,501184,0
TAX003072,حسن Raja,59772-3249784-4,Husain Raja,1959-01-14,966323,54948
TAX003073,عثمان اعوان,19981-8223824-5,محمد اعوان,1966-11-09,5598173,749725
TAX003074,Usman بٹ,70413-2279507-1,محمد Bhatti,,1167582,85137
TAX003075,Mohammed علی Choudhary,93714-1510553-6,بلال چوہدری,1983-02-09,2447152,277072
TAX003076,Hasan Chaudhary,20561-5273567-7,فیصل Chaudhary,2003-06-12,245063,0
TAX003077,Mohammad راجہ,56427-3326860-1,,1980-09-01,4683854,612578
TAX003078,Sana Syed,15962-6426379-0,حمزہ سید,2002-04-23,1278916,101837
TAX003079,Hassan Mughal,17101-5145060-2,عثمان مغل,1957-12-25,731787,19768
TAX003080,Fatimah Chaudhry,76299-5726384-4,Mohammad Chaudhary,2003-11-27,768189,25228
TAX003081,حسین چوہدری,87577-5463027-2,Imran Ch.,2003-06-24,1419128,122869
TAX003082,Mohammed Hassan Khan,93960-5272488-1,حسین Khan,1990-07-21,750805,22620
TAX003083,Imran Qureshi,17500-5569811-8,Hamza Quraishi,1997-02-11,317348,0
TAX003084,احمد Raja,71161-9191083-2,احمد Raja,1958-10-02,912203,46830
TAX003085,ثناء Chaudhary,19400-8913234-1,Hamza Chaudhary,1971-12-01,1028055,64208
TAX003086,Bilal راجہ,46312-9891207-6,Usman Raja,1998-08-25,964676,54701
TAX003087,Muhammad Faysal Syed,10643-8423638-2,Mohammed Hasan Sayed,1980-07-24,687781,13167
TAX003088,زینب Malick,83181-2772073-8,Mohammed ملک,1967-07-17,2434785,275217
TAX003089,Othman Shaykh,,Muhammad Husain Shaikh,,6879285,941892
TAX003090,Ali Sayed,53071-9105931-7,,,401265,0
TAX003091,حسن Malick,62478-8883284-8,,1984-06-05,1067303,70095
TAX003092,Muhammed حسن Quraishi,60524-5490118-2,Mohammed Faisal Qureshi,1987-04-25,509533,0
TAX003093,Hassan Mughal,88566-7152120-2,Bilal Moghul,,116032,0
TAX003094,Muhammad حسن Shaykh,71340-4971834-4,Mohammed Sheikh,1960-02-09,6253666,848049
TAX003095,Hira Bhatti,49695-9211510-3,,1984-01-09,1226187,93928
TAX003096,Mohammed فیصل سید,89056-6201442-5,,1976-10-16,755216,23282
TAX003097,Aisha Khan,12783-6756649-7,Hassan Khan,1980-09-28,75198,0
TAX003098,Mohammed احمد راجہ,96777-8615569-1,بلال Raja,1991-10-04,3864731,489709
TAX003099,حسن Sayyid,19193-2991702-0,Hussein Sayed,1989-06-15,7016992,962548
TAX003100,Marium Malik,52951-9003755-2,,1959-09-05,7875454,1091318
TAX003101,علی اعوان,94061-9959503-8,Usman اعوان,1996-03-09,215318,0
TAX003102,Mohammed Faisal Sayed,48290-2676389-5,Muhammad عمران سید,1976-06-07,10147611,1432141
TAX003103,حسن اعوان,26250-9885419-5,Osman Awan,,265112,0
TAX003104,ثناء Butt,20514-5546346-4,محمد Butt,1955-01-24,511407,0
TAX003105,Fatema Mughal,33129-9444095-5,Husain Mughal,1964-08-07,5166189,684928
TAX003106,Faysal اعوان,88539-3503492-5,احمد اعوان,1996-10-16,723352,18502
TAX003107,Mariam قریشی,58001-9535058-7,Imran Qureshi,1999-11-24,387273,0
TAX003108,محمد قریشی,28726-6949305-9,Muhammed Qureshi,1982-12-26,7079820,971973
TAX003109,Hasan Sayyid,72320-5856597-3,,1971-01-06,554145,0
TAX003110,Muhammad Butt,23055-7862028-6,Hamzah بٹ,1984-06-05,619294,2894
TAX003111,Ayesha Shaykh,23446-8366515-6,Hasan Shaikh,2002-06-01,453141,0
TAX003112,علی Awan,89624-1394507-4,Hasan اعوان,1987-09-21,1465408,129811
TAX003113,مریم Sayyid,67462-1581256-2,Othman Syed,1974-04-03,2455887,278383
TAX003114,Faisal Malick,50498-8063338-4,Hamza ملک,1963-06-14,570605,0
TAX003115,ثناء شیخ,67126-1359745-6,Ahmad Sheikh,1975-12-26,2692932,313939
TAX003116,Ali سید,43733-1495124-9,,1969-02-28,369892,0
TAX003117,بلال سید,13208-6418564-4,Muhammad Syed,1975-04-24,694258,14138
TAX003118,علی Malick,39000-6619361-3,علی Malick,1987-12-14,807091,31063
TAX003119,Muhammed عثمان راجہ,78064-1537243-5,,1969-03-04,309901,0
TAX003120,ثناء Raja,,,1981-02-11,4833419,635012
TAX003121,Usman Awan,30504-7265980-0,Imran Awan,,482206,0
TAX003122,Ali Ch.,86354-8281628-2,Muhammad عثمان Chaudhry,1990-07-20,879437,41915
TAX003123,Bilal Khan,94955-4138787-5,,1959-06-03,1991127,208669
TAX003124,حرا Qureshi,36313-8962835-8,Mohammad Husain Quraishi,1992-06-07,443507,0
TAX003125,Fatima بٹ,79462-1333764-1,Faysal Bhatti,,883842,42576
TAX003126,Bilal Malik,99554-7320094-1,Othman Malick,1964-12-26,128166,0
TAX003127,علی Shaikh,68936-1656427-8,Ahmad شیخ,1955-02-09,835322,35298
TAX003128,علی Mughal,90664-9979905-4,Mohammad Moghul,1990-10-22,750679,22601
TAX003129,Imran Malik,77544-2844917-7,Faisal Malik,1970-01-24,1886876,193031
TAX003130,Mohammed عمران Raja,11562-6531455-8,Mohammad Raja,1989-02-09,1872978,190946
TAX003131,عثمان خان,24720-1809075-5,بلال Khan,2000-04-11,124984,0
TAX003132,Sana Mughal,23849-4957974-1,Muhammad Ahmed Mughal,1981-12-14,1438613,125791
TAX003133,Ayisha شیخ,48091-8216962-7,بلال Shaykh,1971-03-17,750645,22596
TAX003134,Faysal Raja,30800-1865277-7,Hussain Raja,1994-09-27,406780,0
TAX003135,Mohammed Faysal قریشی,32565-7522861-0,فیصل قریشی,1964-01-08,2821154,333173
TAX003136,بلال Qureshi,74937-3012984-6,بلال Qureshi,1977-08-28,187189,0
TAX003137,Hasan خان,91739-6794239-0,حسین خان,1970-09-19,169874,0
TAX003138,Zaynab Malick,,Muhammad Bilal Malick,1964-12-23,164212,0
TAX003139,Ali Shaikh,71835-5478813-4,عمران Sheikh,1986-07-09,2173814,236072
TAX003140,Muhammed Hassan Mughal,74226-5216037-5,Muhammad عمران Mughal,1980-02-17,709040,16356
TAX003141,عمران Chaudhary,50932-1606274-8,,1978-05-21,135577,0
TAX003142,Hamza Raja,84003-9555476-1,Faisal Raja,1966-01-14,411765,0
TAX003143,بلال Mughal,58556-7958968-2,حمزہ مغل,1982-12-06,1789576,178436
TAX003144,Ahmed Shaykh,40237-5266728-1,عمران شیخ,1968-10-24,386640,0
TAX003145,Othman اعوان,14288-3701118-4,عمران اعوان,1956-02-28,1287241,103086
TAX003146,Bilal Shaikh,57560-1297462-2,Muhammad بلال Sheikh,1997-10-10,88568,0
TAX003147,Hassan Bhatti,42336-2228485-0,حسن Butt,1966-04-24,2697761,314664
TAX003148,حرا Syed,65646-8080467-7,,1985-08-21,239200,0
TAX003149,Ahmed Malick,10201-4866496-8,Husain Malick,1970-12-15,452216,0
TAX003150,Ahmad راجہ,72348-6801434-3,Hasan Raja,2002-05-05,134237,0
TAX003151,Faisal Sheikh,26796-7041197-7,Muhammed حمزہ Sheikh,1983-03-15,245049,0
TAX003152,Mohammad Shaykh,78883-6775975-2,Ahmad Shaikh,1961-05-17,1324390,108658
TAX003153,Bilal Choudhary,86341-7647738-8,Hamza Choudhary,1989-09-28,457932,0
TAX003154,Sana Chaudhry,78974-6709840-3,علی Choudhary,1996-11-02,391667,0
TAX003155,Husain Sayed,,Mohammed Hussain Sayed,1981-12-15,1233267,94990
TAX003156,عمران Mughal,38213-7950212-1,Mohammad Hasan Mughal,1991-06-20,635399,5309
TAX003157,Mohammad حمزہ Chaudhry,84835-8088706-2,Mohammad Bilal Ch.,1998-04-17,1639651,155947
TAX003158,Hussein مغل,,Ahmed Mughal,2000-08-18,1145967,81895
TAX003159,Mohammad Ali خان,94515-3069052-0,,1961-12-09,3267726,400158
TAX003160,ثناء خان,51908-2439596-5,Mohammad Hamzah خان,1975-10-11,914564,47184
TAX003161,Faisal Sayyid,92898-1235219-8,Mohammed Sayed,1955-12-09,2186821,238023
TAX003162,Muhammad عمران اعوان,30529-3927548-7,Hussain اعوان,2001-12-19,874346,41151
TAX003163,فیصل Bhatti,15881-6793696-1,Hamza Bhatti,1962-10-15,4519921,587988
TAX003164,Hasan Butt,52932-4892544-6,Hamzah Bhatti,1978-11-15,130505,0
TAX003165,مریم Choudhary,60856-6617119-8,حمزہ Chaudhary,1975-01-07,1585945,147891
TAX003166,Hussain Mughal,43654-1016936-7,Hamzah Moghul,1959-11-22,10884432,1542664
TAX003167,Bilal Malick,14617-9076036-4,بلال Malik,1980-12-14,78551,0
TAX003168,حرا Butt,21809-8708517-1,,1973-04-12,245443,0
TAX003169,محمد Choudhary,35850-7490389-9,,2000-03-12,3009035,361355
TAX003170,Mariam Chaudhary,72200-2570626-0,Hamzah چوہدری,1966-09-23,177209,0
TAX003171,مریم بٹ,34040-7356509-1,حسین بٹ,1994-12-21,400929,0
TAX003172,Hira Ch.,61755-3953707-7,Mohammed Usman Choudhary,1980-12-10,1068751,70312
TAX003173,Mohammad فیصل Qureshi,54157-7597618-6,حسن قریشی,1956-01-21,2081958,222293
TAX003174,Mohammad Quraishi,43944-1947684-7,Muhammed عمران Qureshi,1984-12-26,1316930,107539
TAX003175,Husain Raja,36801-7105995-3,حمزہ راجہ,2002-11-22,408627,0
TAX003176,Zaynab Sheikh,88079-6316747-9,Mohammed عمران Sheikh,1980-08-15,2510541,286581
TAX003177,Muhammed Husain راجہ,14840-8955811-1,علی راجہ,1999-10-20,638120,5718
TAX003178,Othman بٹ,72686-1158805-0,علی Butt,1991-04-07,169033,0
TAX003179,Ali Sayyid,35563-8901482-4,Muhammed بلال Sayyid,1956-03-03,210504,0
TAX003180,احمد قریشی,20956-3261762-9,,1988-05-06,4693619,614042
TAX003181,Ahmad مغل,21137-8934301-6,Usman مغل,1976-09-20,2123270,228490
TAX003182,Muhammed عثمان Sheikh,82924-9224966-0,Bilal شیخ,1967-01-26,931787,49768
TAX003183,عمران Shaykh,40872-6986353-2,Muhammad عمران Shaykh,1983-09-20,393813,0
TAX003184,Othman Mughal,73494-3628128-6,Muhammad عمران مغل,1997-05-28,1129908,79486
TAX003185,Bilal Butt,14433-8631174-2,عمران Bhatti,1970-02-25,1023326,63498
TAX003186,Mohammed Raja,80758-9056135-5,بلال Raja,2002-05-27,702786,15417
TAX003187,Usman راجہ,51950-9888234-0,احمد Raja,1955-09-21,1805445,180816
TAX003188,مریم مغل,43244-9381029-6,احمد Mughal,,3150806,382620
TAX003189,مریم Choudhary,60942-6544773-3,Hasan چوہدری,1969-05-27,972997,55949
TAX003190,Fatimah Chaudhary,30475-8220984-2,عمران Ch.,1962-10-03,5204272,690640
TAX003191,زینب Ch.,75370-5108300-4,,1958-06-06,5508153,736222
TAX003192,Muhammad Bhatti,64618-1443264-9,Muhammed Hamza بٹ,1996-10-14,915968,47395
TAX003193,Mohammad Faisal اعوان,63698-7335901-0,Muhammad Faysal Awan,1989-12-11,824998,33749
TAX003194,Hamzah Bhatti,60969-8312133-5,Muhammad Hassan Butt,1994-08-21,214390,0
TAX003195,عمران Awan,88066-6810876-5,Hamzah Awan,1962-04-04,11744989,1671748
TAX003196,Hussein بٹ,18456-8300449-3,Mohammed Faisal بٹ,1975-03-11,718100,17715
TAX003197,Zaynab Chaudhry,20401-3375707-3,Imran Choudhary,1972-09-15,253078,0
TAX003198,فیصل ملک,78046-8869771-5,عثمان ملک,1986-10-28,832089,34813
TAX003199,Ali Sheikh,93787-1477619-0,Othman شیخ,1992-01-11,529966,0
TAX003200,فاطمہ Sayed,57752-5771146-0,Othman Syed,2001-10-03,925855,48878
TAX003201,حسین شیخ,20473-8874357-1,,1967-10-08,752387,22858
TAX003202,بلال Qureshi,58740-4267347-5,Faysal Qureshi,1985-06-27,447366,0
TAX003203,Faysal Sayed,34366-3013907-9,بلال Sayyid,1955-09-16,631786,4767
TAX003204,Mohammed Hamza Raja,72402-4193467-7,بلال راجہ,1970-01-19,1303487,105523
TAX003205,بلال Sayed,84608-9380527-9,حمزہ سید,1987-06-11,498724,0
TAX003206,حسین بٹ,68155-3357135-9,بلال Butt,1965-10-24,132422,0
TAX003207,Mohammed Ahmad Khan,33850-3475732-6,عثمان Khan,1964-08-17,663109,9466
TAX003208,Mohammad Quraishi,97911-2315491-5,Bilal قریشی,,580317,0
TAX003209,Fatema Butt,21869-8723444-0,Imran بٹ,1997-09-10,294831,0
TAX003210,Hasan راجہ,35663-7574193-5,Muhammad Faisal Raja,1995-08-05,1250438,97565
TAX003211,Mohammad اعوان,20757-4185689-0,Mohammad بلال اعوان,1993-07-15,1125441,78816
TAX003212,Osman Sayed,82455-8548108-0,Muhammad Ali Syed,1985-09-11,181294,0
TAX003213,Mohammed احمد بٹ,50655-2417190-3,Mohammad Hamzah Butt,1961-08-08,483532,0
TAX003214,Faisal Khan,79559-4619698-0,بلال خان,1990-05-22,692791,13918
TAX003215,Sana ملک,31218-4337850-8,بلال Malik,1982-06-22,3013261,361989
TAX003216,مریم Quraishi,56625-8531332-3,,1973-02-26,2321919,258287
TAX003217,Mariam Shaikh,48491-1655976-2,,1999-12-18,3080050,372007
TAX003218,Mohammed راجہ,79284-8508711-2,,1976-08-17,942781,51417
TAX003219,Hira Sheikh,12789-3565504-4,Ahmed شیخ,1956-05-03,1291387,103708
TAX003220,فیصل Ch.,59673-1231144-8,,1982-11-27,2315328,257299
TAX003221,Mohammad بلال Sayed,94922-5773667-0,Hussain سید,1983-11-21,1162939,84440
TAX003222,Usman راجہ,93980-3311547-2,Hamza Raja,1956-07-28,147938,0
TAX003223,بلال Bhatti,91764-5060021-5,Bilal Butt,,300449,0
TAX003224,Hasan Sayyid,,Hamzah Sayed,1963-03-10,119841,0
TAX003225,حمزہ Khan,38957-4954599-5,Ahmed Khan,2003-05-28,1275029,101254
TAX003226,Hussain Butt,63342-7733998-3,Faysal Butt,1957-01-24,4836926,635538
TAX003227,حسین Raja,64672-9318398-2,Mohammad عثمان راجہ,1961-05-01,122790,0
TAX003228,Ayesha Awan,85962-9421521-7,حسن Awan,1959-08-27,1655455,158318
TAX003229,Bilal Sayed,23454-4739277-0,Muhammad Hassan Sayed,1995-09-10,690275,13541
TAX003230,عمران Malick,23257-7392491-4,عثمان Malik,1971-07-13,230403,0
TAX003231,Ahmad شیخ,65273-2812023-2,حمزہ Sheikh,1980-10-17,844372,36655
TAX003232,Mohammed فیصل Qureshi,74000-5699263-5,Mohammed قریشی,1990-01-21,397946,0
TAX003233,Ayisha اعوان,21737-6651430-7,Ahmed اعوان,,737664,20649
TAX003234,Hussein Butt,64708-6586283-0,حسین بٹ,1971-02-12,213044,0
TAX003235,عمران Shaykh,88127-5795036-5,Husain Shaikh,,90907,0
TAX003236,Hassan Awan,43330-9488960-7,Bilal اعوان,1963-01-20,589773,0
TAX003237,Muhammed حمزہ Chaudhry,52632-3764568-4,Ali Ch.,1985-11-14,2008876,211331
TAX003238,Muhammad احمد بٹ,45423-1057075-2,,1999-02-07,440273,0
TAX003239,Muhammed Usman Qureshi,83005-4512779-2,بلال قریشی,2001-03-27,1498393,134758
TAX003240,Usman قریشی,85450-6898403-4,Mohammad Ali Quraishi,1995-06-25,726412,18961
TAX003241,Othman Sayyid,93704-2036142-8,Hussein Sayed,1996-09-06,529745,0
TAX003242,Fatima اعوان,,Hussein Awan,1957-12-22,7058602,968790
TAX003243,Sana Malick,63388-8882980-2,Muhammad Hamzah Malik,1970-04-05,138467,0
TAX003244,حرا Sayyid,66939-6632834-8,Imran Syed,1962-10-21,5377026,716553
TAX003245,Hira اعوان,,حسین اعوان,1972-10-20,2882464,342369
TAX003246,Marium قریشی,62857-7859692-8,حسین قریشی,2000-10-01,193691,0
TAX003247,Hira Sayyid,34474-1532652-3,Ahmad Sayed,1980-02-23,76544,0
TAX003248,Ahmed اعوان,54766-5082328-4,محمد Awan,,769248,25387
TAX003249,حسن Malik,77120-1263807-1,Bilal ملک,1980-05-18,359971,0
TAX003250,فاطمہ راجہ,88248-4725910-8,Imran راجہ,,136363,0
TAX003251,حسن Malick,46179-5042799-9,,1989-02-12,1468234,130235
TAX003252,Osman مغل,98309-7334741-6,Muhammad مغل,1987-07-28,593880,0
TAX003253,محمد Butt,28500-7885335-2,Ali بٹ,1974-08-18,1548949,142342
TAX003254,Ali قریشی,29191-8151482-1,حسن Quraishi,1976-01-14,2520756,288113
TAX003255,Hira Qureshi,79595-7638078-6,Muhammed Osman Quraishi,,621358,3203
TAX003256,Sana شیخ,15501-8424332-3,Hamza Sheikh,1967-01-17,181405,0
TAX003257,Ayisha بٹ,12344-4271740-9,,1993-03-01,439508,0
TAX003258,Fatima Sayed,10953-3974119-4,Hamzah Sayed,1973-09-27,1680087,162013
TAX003259,Ahmed Chaudhry,39938-9941407-1,عثمان Chaudhry,,411101,0
TAX003260,Mohammad فیصل Awan,43544-1623653-1,Mohammed حسین اعوان,1992-11-28,326550,0
TAX003261,Hamzah Qureshi,94001-2431391-8,عمران Quraishi,1980-05-12,453762,0
TAX003262,Sana Khan,92467-3914196-4,بلال خان,1968-07-14,207389,0
TAX003263,Mohammad Hamza Quraishi,94977-1286754-4,Usman قریشی,1989-04-18,4033441,515016
TAX003264,Hira Awan,86160-1909520-3,Ahmed اعوان,1983-03-04,2555044,293256
TAX003265,Hasan Quraishi,75578-1039673-4,,1968-04-04,215234,0
TAX003266,Sana Sayed,25142-1818072-1,Husain Sayyid,1980-01-03,1063857,69578
TAX003267,عثمان شیخ,31807-3921742-6,Mohammed Sheikh,1998-10-07,94317,0
TAX003268,Muhammed Ali Sayed,40291-2962454-6,Ahmed Sayyid,1973-01-18,2912269,346840
TAX003269,احمد Awan,25869-5951010-5,Hamza Awan,2002-05-02,5032589,664888
TAX003270,Mohammad Raja,11522-1095288-5,بلال راجہ,1983-04-21,1347197,112079
TAX003271,Muhammed عثمان Mughal,71845-8251085-3,Muhammed عثمان Mughal,,4847038,637055
TAX003272,Ali Raja,22820-1911379-6,Muhammad بلال راجہ,1975-12-14,1090626,73593
TAX003273,Mohammed حسن Qureshi,68169-5824263-1,Hussain قریشی,1992-01-12,3226291,393943
TAX003274,Ali شیخ,98826-6836386-2,Muhammed بلال Shaikh,1962-06-17,3379828,416974
TAX003275,Bilal راجہ,72567-2776536-5,احمد راجہ,1960-02-09,2037038,215555
TAX003276,Hussain راجہ,,حسن راجہ,1959-11-07,4801007,630151
TAX003277,Hira Bhatti,50071-7876428-6,Muhammad Faisal بٹ,1975-05-11,753145,22971
TAX003278,Hamza خان,10975-3050947-1,حمزہ خان,1980-02-15,1432445,124866
TAX003279,Muhammad Chaudhry,86956-7386761-5,Muhammad بلال Choudhary,,1355755,113363
TAX003280,Mohammad Hussein Sheikh,67368-3492296-4,احمد Sheikh,1962-07-28,573421,0
TAX003281,Hussein Malick,72000-6320116-4,,1982-03-09,1919820,197973
TAX003282,Mohammad حسن خان,26553-2229551-1,Bilal خان,1987-05-13,1683349,162502
TAX003283,Ahmad قریشی,41203-5682146-4,بلال قریشی,1975-03-03,315712,0
TAX003284,Zaynab Qureshi,22917-8267136-4,,1975-01-14,2868806,340320
TAX003285,Ahmad Malick,95624-2448618-3,,1996-07-24,91753,0
TAX003286,Mohammed Awan,99645-1763581-7,Imran Awan,1982-10-27,313803,0
TAX003287,حمزہ Sayed,83063-9839713-3,محمد Syed,1972-02-23,339940,0
TAX003288,Muhammed حسین Awan,41515-4994955-4,Muhammad Hasan Awan,1978-11-27,223096,0
TAX003289,Fatima Syed,14512-2573354-6,Imran Sayed,1978-03-27,584713,0
TAX003290,Hamza Qureshi,10537-4594798-7,Mohammed Quraishi,1960-12-04,1497484,134622
TAX003291,Zaynab خان,32171-1356450-5,Othman Khan,1957-10-12,1603309,150496
TAX003292,Imran Bhatti,61192-7681030-8,,1980-04-24,2151192,232678
TAX003293,Hussein Malick,21846-6810441-4,,1999-12-24,887147,43072
TAX003294,Fatema Awan,90139-1435029-8,Muhammad عمران اعوان,2002-12-21,1106524,75978
TAX003295,احمد ملک,70338-6574014-9,Ali ملک,1990-03-25,67425,0
TAX003296,Muhammed Ahmad Shaikh,73706-9361247-2,Muhammad عثمان Sheikh,,953180,52977
TAX003297,Muhammed بلال ملک,70357-2948290-4,احمد Malick,1967-05-26,1067148,70072
TAX003298,فاطمہ شیخ,95269-9252675-3,Mohammed Hamza Shaykh,1971-03-26,1135077,80261
TAX003299,Mohammed Mughal,14546-8370013-9,Muhammad حسن Mughal,1985-05-04,359622,0
TAX003300,فیصل Moghul,54876-1845811-5,,,1845186,186777
TAX003301,فیصل Qureshi,74447-9294156-9,فیصل Quraishi,1969-07-10,724132,18619
TAX003302,Muhammad Hamza Chaudhry,69481-3499169-3,Mohammed Imran Choudhary,2001-11-04,811677,31751
TAX003303,Muhammad علی مغل,41372-6379123-1,احمد مغل,1997-11-03,1188459,88268
TAX003304,محمد اعوان,58884-1744091-2,Hussein Awan,1980-10-09,90258,0
TAX003305,احمد Sheikh,26528-4042713-3,Muhammed علی Shaikh,1957-09-16,1451936,127790
TAX003306,حمزہ Khan,37158-2758701-3,Mohammed Hamzah خان,1955-09-12,530105,0
TAX003307,ثناء Ch.,26239-4778080-1,,2002-09-06,212962,0
TAX003308,Faysal مغل,18861-7247439-1,Muhammad فیصل Mughal,1969-02-15,282725,0
TAX003309,عمران Khan,93617-5669203-7,حسن Khan,1989-02-04,5896274,794441
TAX003310,Husain Moghul,32157-6137166-5,Othman Moghul,1974-01-15,5457982,728697
TAX003311,محمد Quraishi,52193-9517889-8,,,961991,54298
TAX003312,عمران Khan,84009-4878050-8,Osman Khan,1958-03-24,35127,0
TAX003313,ثناء Raja,77560-9159224-5,Muhammad حسن راجہ,1984-02-12,406690,0
TAX003314,Hassan چوہدری,12115-7397582-6,,1998-08-02,1483375,132506
TAX003315,فاطمہ Chaudhry,85113-2159104-6,Ahmad Choudhary,1961-10-11,1731883,169782
TAX003316,Muhammad حمزہ Mughal,64285-2636158-8,Faisal Moghul,1963-01-01,721664,18249
TAX003317,Mohammed Awan,61269-4062040-4,حمزہ اعوان,,720010,18001
TAX003318,Fatima Sheikh,17945-8123598-5,Ali Shaikh,1991-11-20,681594,12239
TAX003319,Bilal Awan,,Mohammad حمزہ اعوان,1965-12-24,1022867,63430
TAX003320,حسن Qureshi,80400-2656180-9,فیصل Qureshi,2003-07-18,3458901,428835
TAX003321,Hussein Qureshi,68549-2332825-7,Muhammad Hussein Qureshi,1973-03-02,1726750,169012
TAX003322,Ahmad قریشی,73484-5707823-0,,1966-01-04,626519,3977
TAX003323,Zaynab مغل,41815-1594501-0,Ahmad Mughal,1969-05-28,173574,0
TAX003324,محمد قریشی,60803-9032177-0,Faisal قریشی,1959-05-26,249376,0
TAX003325,Mohammed Husain Raja,16425-1227355-0,Muhammed Hussein راجہ,1957-01-10,385896,0
TAX003326,عثمان Bhatti,60468-9865462-3,Hussein Bhatti,2001-09-26,1624168,153625
TAX003327,عائشہ Butt,89300-3381846-4,بلال Butt,1982-03-11,327856,0
TAX003328,عمران Khan,20370-2496140-8,Ahmad Khan,1965-11-04,123779,0
TAX003329,Usman خان,25401-7176289-9,,1993-01-10,838515,35777
TAX003330,حمزہ Malik,19326-8261810-4,حمزہ ملک,1985-12-22,276212,0
TAX003331,Mohammad Ch.,25943-8693470-6,,,2685697,312854
TAX003332,ثناء Bhatti,,Osman Bhatti,2003-11-17,1257270,98590
TAX003333,Hussain Butt,39875-4107481-8,,1960-04-28,1231482,94722
TAX003334,Hamzah Mughal,,Ahmad مغل,2000-05-27,2550280,292542
TAX003335,Muhammad خان,50571-7450655-5,,1971-07-08,319091,0
TAX003336,Mohammed Hussein Raja,83419-1306759-7,Hassan Raja,1985-07-22,883678,42551
TAX003337,Mariam Bhatti,36971-8596125-8,Muhammad بٹ,1975-04-09,33405,0
TAX003338,Imran Awan,26619-8488794-4,,,2623455,303518
TAX003339,فیصل Malik,88825-4183083-5,Muhammad Ali ملک,1979-05-05,2192653,238897
TAX003340,Ahmad اعوان,12031-9907817-5,بلال اعوان,2003-08-11,2429868,274480
TAX003341,Osman سید,95474-7973780-7,Muhammad سید,1997-05-28,925549,48832
TAX003342,Ayesha Butt,69019-8852917-0,علی Butt,1978-12-01,1568228,145234
TAX003343,Usman Butt,46985-1600307-9,فیصل Bhatti,,849986,37497
TAX003344,Hira Chaudhary,45011-5514526-5,Othman Ch.,,520962,0
TAX003345,Mariam Sayyid,54336-5554797-2,Muhammad Syed,2000-06-01,128835,0
TAX003346,Muhammad Awan,71623-3193470-8,علی اعوان,1985-07-19,569831,0
TAX003347,Ayisha Raja,30655-8153452-6,,,145506,0
TAX003348,حمزہ Sayyid,80904-3893723-9,Hussain Sayyid,1967-12-12,796107,29416
TAX003349,Aysha سید,72678-9316976-7,عمران سید,1971-03-09,217212,0
TAX003350,فیصل Malik,61064-4238752-6,Faysal Malik,,182098,0
TAX003351,Othman مغل,14728-2662764-6,Faisal Moghul,1959-06-14,650621,7593
TAX003352,Hamzah Mughal,37283-1897091-7,Mohammad مغل,1956-09-03,192178,0
TAX003353,Faisal Khan,72957-6027321-3,Ali خان,,102311,0
TAX003354,Faysal Butt,10495-2514763-6,Faisal Butt,1995-06-20,167298,0
TAX003355,Ali Mughal,44451-1661465-3,احمد مغل,1961-09-05,603311,496
TAX003356,Hussein Sayed,55728-2608737-1,Ali Sayed,1956-04-27,1347551,112132
TAX003357,Osman مغل,99125-8259724-9,Muhammed حسین مغل,1964-04-19,93327,0
TAX003358,Mohammed عمران Chaudhry,94596-5814928-2,,1987-05-13,497638,0
TAX003359,Hussein راجہ,41934-1163219-2,Hamzah راجہ,1985-03-22,51852,0
TAX003360,احمد Sayyid,16105-6536591-5,,1965-07-15,1228472,94270
TAX003361,Mohammad Hussein Butt,71060-3408922-6,عمران Bhatti,2000-08-25,5210498,691574
TAX003362,Imran Raja,87924-2329731-2,Muhammed عمران Raja,1982-08-06,1905793,195868
TAX003363,Sana Sayed,16816-5941964-0,Hamza Syed,1979-12-28,475824,0
TAX003364,Sana Sayed,46922-2683290-5,Mohammed Hamza Sayed,,455214,0
TAX003365,Mohammed بٹ,70318-2716049-9,Ahmad بٹ,1963-10-25,301084,0
TAX003366,Hamzah Khan,57764-8345111-8,Muhammad Ahmed Khan,1973-10-13,2339842,260976
TAX003367,Ahmad Moghul,37397-2058645-1,Muhammad Moghul,1962-12-11,490075,0
TAX003368,فاطمہ ملک,17541-1777145-1,,1972-10-07,725990,18898
TAX003369,بلال Khan,10892-4101860-1,Muhammed Hamzah Khan,1968-08-07,2621930,303289
TAX003370,احمد Khan,84144-3882405-6,Ali خان,1959-09-20,152780,0
TAX003371,حسین Khan,20137-4501674-8,,1976-05-28,24467,0
TAX003372,Mariam Khan,21142-5544032-3,,1989-12-02,659745,8961
TAX003373,احمد Raja,49692-6686835-0,احمد راجہ,,174077,0
TAX003374,Muhammad فیصل Sayed,73166-7815484-9,حسن سید,1999-05-26,378850,0
TAX003375,Ali Sheikh,44201-1954560-6,,1971-11-24,639485,5922
TAX003376,Aisha اعوان,23879-9694335-2,حمزہ اعوان,1986-02-26,3445624,426843
TAX003377,Muhammad بلال Awan,52742-1782461-4,Hussein Awan,2001-05-03,389608,0
TAX003378,علی مغل,63006-9282662-0,Imran Mughal,1989-01-23,2214114,242117
TAX003379,احمد Ch.,33170-7890520-8,حسین Chaudhary,1994-08-02,6344519,861677
TAX003380,Hira Moghul,48641-3514361-0,,1979-11-18,614584,2187
TAX003381,Mohammed بلال راجہ,38831-8146016-5,,1985-03-22,114646,0
TAX003382,Mariam Syed,51010-5220734-1,حمزہ Sayed,1960-06-02,774478,26171
TAX003383,Ahmad اعوان,80370-1100103-0,Muhammad حمزہ اعوان,1985-09-09,2261588,249238
TAX003384,Osman اعوان,79399-8178873-7,,1957-07-14,232823,0
TAX003385,Ali راجہ,86833-2968307-4,,,306123,0
TAX003386,علی Khan,86545-5489668-4,حمزہ Khan,1995-07-19,802070,30310
TAX003387,Ahmed Shaikh,63084-3165141-0,Imran شیخ,,2076966,221544
TAX003388,Ali قریشی,19157-7768461-2,Mohammed Qureshi,2002-11-13,1161141,84171
TAX003389,Ayisha Chaudhry,91140-6901257-9,Ahmad Chaudhry,,1351780,112767
TAX003390,Hassan Sayyid,34642-3420841-0,Faisal Sayed,1964-03-11,343027,0
TAX003391,بلال Moghul,90285-8368441-8,حمزہ مغل,1968-11-28,574954,0
TAX003392,Imran Chaudhary,17330-1853853-0,,1979-06-18,8290120,1153518
TAX003393,Faisal Choudhary,46261-8224190-0,Muhammed Hasan Ch.,1999-06-27,3004791,360718
TAX003394,Aisha راجہ,92407-9329871-0,Bilal Raja,1972-10-28,565271,0
TAX003395,Muhammad Faysal خان,71273-1854612-5,عمران خان,1970-01-09,3143979,381596
TAX003396,Muhammed Ali اعوان,58274-2905593-3,,1998-01-11,5432318,724847
TAX003397,Faisal راجہ,53044-6012734-7,Mohammed Hasan راجہ,1989-09-25,2561652,294247
TAX003398,Zainab Khan,76915-3761697-8,Osman خان,1955-08-06,814711,32206
TAX003399,Mohammad Othman شیخ,19563-6362046-5,Mohammed Shaikh,1962-04-11,524025,0
TAX003400,حمزہ Raja,98144-6796972-0,Muhammed Usman Raja,1962-04-28,127419,0
TAX003401,Imran Bhatti,13212-7020608-1,حسین بٹ,1961-03-01,5629141,754371
TAX003402,Muhammed Hamzah Bhatti,58979-2136580-5,بلال Butt,1992-10-27,3695388,464308
TAX003403,Mohammad حمزہ Syed,60157-5449793-7,,1987-08-27,1801672,180250
TAX003404,Muhammed Faysal Shaikh,36693-1812638-6,محمد Sheikh,1978-07-07,870379,40556
TAX003405,Ali Bhatti,72545-4442402-9,Hussain Bhatti,1994-02-05,564885,0
TAX003406,Faisal Chaudhary,85818-5817822-3,Bilal Chaudhary,1974-04-14,781190,27178
TAX003407,Hussain Qureshi,58867-8058391-8,Ahmed Quraishi,1978-01-25,674253,11137
TAX003408,Mohammed Ahmed Butt,95601-2808399-8,Hamzah Butt,1994-09-19,541798,0
TAX003409,Hassan Khan,11025-5717603-2,حسن Khan,1970-04-23,1258973,98845
TAX003410,محمد Bhatti,67084-7367529-6,عمران Bhatti,1974-08-02,700765,15114
TAX003411,Aysha Shaykh,72473-9493289-9,بلال شیخ,1982-04-14,4614037,602105
TAX003412,Fatima راجہ,78925-3470175-3,Hasan راجہ,1957-10-15,5464668,729700
TAX003413,Fatimah Sayyid,76255-2141205-6,عمران Syed,1991-07-01,2288744,253311
TAX003414,ثناء Raja,73746-1783685-4,علی راجہ,1978-03-18,730146,19521
TAX003415,Zaynab Raja,81556-2359609-7,فیصل Raja,1963-03-21,478023,0
TAX003416,Sana اعوان,26162-1692691-8,Mohammed Awan,,6557933,893689
TAX003417,Faysal راجہ,43739-9903794-7,عمران Raja,1991-01-27,68928,0
TAX003418,Hassan بٹ,80672-7327471-7,علی بٹ,1979-01-06,796937,29540
TAX003419,Bilal Syed,17354-6371669-9,Mohammed فیصل Sayed,1985-11-22,1577065,146559
TAX003420,Hira Raja,68344-9791898-2,Osman Raja,2000-04-15,1002507,60376
TAX003421,Ayesha Butt,51944-9163981-8,,1970-11-24,1373573,116035
TAX003422,علی Malick,60816-3307293-4,Hamzah Malik,1993-10-09,727029,19054
TAX003423,Ahmad Awan,68927-4792184-0,Usman Awan,1996-10-16,6364354,864653
TAX003424,Mohammed اعوان,62556-5245753-0,Ahmad Awan,1976-08-15,212336,0
TAX003425,Mohammad Ahmad Moghul,73672-9573123-5,بلال مغل,1976-11-05,410471,0
TAX003426,Ali Bhatti,65300-7742773-7,Ali بٹ,1994-03-19,1945635,201845
TAX003427,Fatimah Shaikh,90726-5551796-0,Bilal Shaikh,1997-01-04,770640,25596
TAX003428,Hassan Raja,40590-7830920-8,عمران راجہ,1968-04-20,1738668,170800
TAX003429,Muhammed بلال Quraishi,94072-1869156-8,Mohammad Hussain Quraishi,1967-08-21,70979,0
TAX003430,بلال Shaikh,92168-7134195-0,Bilal Shaykh,1957-01-24,2637954,305693
TAX003431,Zaynab سید,66877-2266160-4,Faisal Sayed,1957-10-28,3222503,393375
TAX003432,بلال Sayed,52346-6182576-5,حسین Sayyid,2001-04-02,1569217,145382
TAX003433,بلال Shaykh,95303-3601790-0,Mohammad Osman Sheikh,1966-12-05,845196,36779
TAX003434,حرا چوہدری,35990-3648214-1,بلال Choudhary,1980-06-27,625678,3851
TAX003435,Muhammed اعوان,98965-7778269-1,احمد اعوان,1986-02-07,947998,52199
TAX003436,Mohammad شیخ,12942-7830771-4,علی Shaikh,1964-08-14,5806337,780950
TAX003437,Faisal Bhatti,28369-8231916-5,Mohammad Butt,1975-04-10,734504,20175
TAX003438,Ahmed Malick,,Mohammed Faisal Malick,1977-04-23,325351,0
TAX003439,Zaynab Qureshi,83523-9280290-5,Faysal Qureshi,2002-03-02,2713116,316967
TAX003440,Usman Sheikh,31586-4832149-0,Ahmed Shaykh,,4740541,621081
TAX003441,علی Mughal,46601-5947807-4,Hasan Mughal,1969-12-05,3001785,360267
TAX003442,Osman اعوان,75390-5797371-0,Hussain اعوان,1985-08-05,4437731,575659
TAX003443,حرا Butt,29705-9555281-3,,1961-10-26,447080,0
TAX003444,Mohammed خان,67972-5891820-4,علی Khan,1994-09-06,4192491,538873
TAX003445,Ahmad Syed,25873-3158836-8,Ali سید,1982-06-17,216517,0
TAX003446,Mohammed Ali Butt,19363-1029610-5,Othman Bhatti,,1200299,90044
TAX003447,Imran Bhatti,98938-6884501-6,Usman Bhatti,1962-11-05,38523,0
TAX003448,Hussain بٹ,14516-9625375-0,بلال Butt,1996-04-03,253324,0
TAX003449,Faysal بٹ,68956-5521161-5,فیصل Bhatti,1956-12-16,7056205,968430
TAX003450,Muhammad علی Raja,,Ali Raja,1980-05-21,1400568,120085
TAX003451,Muhammad عثمان Bhatti,82564-9476188-9,Mohammed حسن Bhatti,1984-11-15,293507,0
TAX003452,حمزہ خان,94582-1334878-3,,1979-11-07,378272,0
TAX003453,حسن شیخ,69376-3565615-0,,1993-09-02,190043,0
TAX003454,Sana مغل,89202-9675717-7,حمزہ مغل,1997-06-06,1104995,75749
TAX003455,فیصل Moghul,35580-7523032-9,,1988-05-12,314778,0
TAX003456,Mohammed Imran قریشی,79115-3777945-6,Ali قریشی,2002-10-01,2793196,328979
TAX003457,احمد قریشی,85666-6262297-2,Hamzah Quraishi,1973-08-28,604731,709
TAX003458,Aysha Quraishi,35305-4435616-1,Hamza قریشی,1991-04-03,79392,0
TAX003459,حمزہ Quraishi,90774-8097119-1,حمزہ قریشی,1979-06-21,161484,0
TAX003460,Mohammad خان,79251-8116066-4,Faysal خان,1991-06-27,253778,0
TAX003461,Ayisha Khan,90427-3101119-5,Mohammad حسن Khan,1987-11-02,3306302,405945
TAX003462,احمد Mughal,38280-9320520-6,Faysal مغل,1968-03-24,579879,0
TAX003463,حمزہ بٹ,33460-7630728-8,Faysal Bhatti,1985-06-07,662399,9359
TAX003464,Ali بٹ,74487-3248108-0,Mohammad حمزہ Bhatti,1975-08-20,805853,30877
TAX003465,Hussein Moghul,87319-7301661-4,عثمان مغل,1998-10-25,203460,0
TAX003466,Hasan Raja,85326-3367380-7,Hamzah راجہ,1997-02-28,198492,0
TAX003467,بلال راجہ,94811-8460803-0,Mohammed عثمان راجہ,1998-02-18,1198673,89800
TAX003468,محمد Chaudhary,66958-8598922-2,,,2160393,234058
TAX003469,Muhammed Bilal Sayed,63501-7751549-7,Muhammad بلال Syed,1955-02-24,1041479,66221
TAX003470,Husain خان,34296-7580214-5,Usman Khan,1984-07-23,983411,57511
TAX003471,Zaynab اعوان,87063-8996142-7,Muhammad Husain Awan,1960-01-11,704793,15718
TAX003472,علی Ch.,90210-5982233-6,Muhammed Ali Ch.,1962-05-23,1819947,182992
TAX003473,Aisha Sayyid,70667-4686423-0,Osman Syed,1968-05-06,432809,0
TAX003474,Hamzah Raja,,Faysal Raja,1996-07-04,4578858,596828
TAX003475,Muhammed سید,62075-1915734-3,Mohammed Bilal سید,1984-01-11,574308,0
TAX003476,Ahmed ملک,68073-8226646-3,,1993-10-10,179075,0
TAX003477,Hira Khan,45539-8049636-1,علی خان,1964-10-28,677355,11603
TAX003478,Sana Raja,69286-9530217-8,Ali راجہ,1971-04-15,1794562,179184
TAX003479,Sana Sayed,43244-9525877-2,Hassan Sayed,1955-01-19,2057373,218605
TAX003480,Osman Bhatti,87386-6954783-0,Ahmed بٹ,1967-04-13,2407542,271131
TAX003481,Ahmed قریشی,78404-2109557-4,Muhammed Quraishi,1989-03-18,587104,0
TAX003482,Zaynab Mughal,68901-2337630-6,Muhammed Othman Mughal,1958-10-09,214033,0
TAX003483,حسن Malick,63518-4956232-7,Mohammed عمران Malik,1960-04-04,139431,0
TAX003484,Usman Malik,19772-5048491-6,,1956-01-09,1461562,129234
TAX003485,بلال بٹ,44304-2006351-5,Mohammed Imran Bhatti,1959-06-04,163947,0
TAX003486,Faysal بٹ,,Faisal Butt,1998-03-14,8349554,1162433
TAX003487,Mohammed Moghul,,عمران Moghul,1959-05-10,568099,0
TAX003488,Hira Sayyid,72509-8828184-2,Mohammed Faisal Sayed,1972-03-01,1240372,96055
TAX003489,عمران خان,55172-3576595-4,Muhammed خان,,4049433,517414
TAX003490,Mohammad Hamzah Sheikh,14388-4866690-0,Hassan Shaikh,1960-06-03,93007,0
TAX003491,Aysha اعوان,83188-8361508-2,علی اعوان,1998-05-20,515730,0
TAX003492,Zaynab Malik,87305-6808878-8,Mohammad Hasan Malick,1966-06-03,930527,49579
TAX003493,Mohammed Ahmed خان,40461-4560994-4,,1963-03-15,527513,0
TAX003494,Aisha راجہ,50100-3775364-6,عمران Raja,1966-04-20,1489473,133420
TAX003495,Usman Butt,43563-4050694-1,حسن Butt,1988-11-01,123603,0
TAX003496,Mohammed حمزہ Sayyid,23061-7218604-1,,1994-09-25,5284714,702707
TAX003497,علی Choudhary,11825-9459747-3,Mohammad Faysal Ch.,1986-04-04,10598978,1499846
TAX003498,علی Choudhary,40766-5213016-2,Ahmed Chaudhry,2002-04-19,698635,14795
TAX003499,زینب Sayyid,10050-9234787-3,Mohammed Hasan Sayyid,,1028467,64270
TAX003500,عثمان Raja,77963-3863720-9,Muhammad Husain Raja,1957-08-28,1411887,121783
TAX003501,عمران Syed,55521-9750446-7,Mohammed Ali سید,1991-04-28,759028,23854
TAX003502,Aysha Syed,76406-8768407-3,بلال Sayed,,6736964,920544
TAX003503,بلال Shaykh,63578-8720628-5,Muhammed Sheikh,1959-02-12,8640563,1206084
TAX003504,Hira خان,22511-5791535-7,Mohammed Hamzah Khan,1976-07-28,1459987,128998
TAX003505,Fatema اعوان,67616-8927894-0,Mohammad Imran Awan,1956-12-28,249056,0
TAX003506,Muhammad علی Shaikh,61163-6538074-7,Mohammad Osman Shaikh,1967-11-16,4169099,535364
TAX003507,عثمان Malick,60259-3595219-2,Mohammad Ali Malick,1955-09-22,583793,0
TAX003508,Zainab بٹ,84157-7486810-1,,1988-01-15,5608692,751303
TAX003509,Ayesha Syed,95424-4396012-9,فیصل سید,1971-06-03,3580843,447126
TAX003510,Imran Sheikh,19254-7394364-2,Mohammed Faysal Shaykh,1988-12-13,102051,0
TAX003511,ثناء Quraishi,,,1995-01-12,1039490,65923
TAX003512,فاطمہ Quraishi,60242-6034549-1,,1968-06-06,183189,0
TAX003513,Muhammed Imran Raja,14070-9812817-1,Ahmad راجہ,1955-08-04,1350865,112629
TAX003514,Muhammad بلال خان,77022-1492334-8,,,2194272,239140
TAX003515,حسن اعوان,36005-3915644-6,Hamza Awan,,648946,7341
TAX003516,Ahmed Mughal,17185-6107482-3,,1974-12-08,2564098,294614
TAX003517,Zainab اعوان,21992-4831878-1,Ahmed اعوان,1965-07-12,895172,44275
TAX003518,زینب سید,17505-3200252-3,Ahmed Syed,1963-02-16,1142357,81353
TAX003519,Aysha Butt,28422-9286770-5,Imran Bhatti,1989-09-03,147639,0
TAX003520,Mohammed Moghul,22646-1713404-0,احمد Moghul,1984-10-22,136982,0
TAX003521,Mohammed حسن Sayed,35554-1302071-1,حسن Sayed,1997-08-02,428725,0
TAX003522,Maryam Shaykh,14761-5736848-5,Mohammad Shaykh,1999-12-19,2071482,220722
TAX003523,Osman Choudhary,57503-1456716-1,,2000-03-14,7638962,1055844
TAX003524,حسین Moghul,25665-9142814-3,Mohammad Mughal,1978-11-03,757309,23596
TAX003525,Hasan Choudhary,,حسن Ch.,1958-10-27,781480,27222
TAX003526,Mohammad اعوان,93587-4381218-5,Faysal اعوان,1995-11-14,2860709,339106
TAX003527,Hassan Syed,57435-9061507-4,حسن سید,1969-10-04,678755,11813
TAX003528,Muhammed Khan,23365-7574123-2,Bilal Khan,1986-06-02,769001,25350
TAX003529,Mohammed Ahmed Butt,10718-1298492-3,Mohammed Faisal بٹ,,764377,24656
TAX003530,Bilal Bhatti,22803-9422238-1,Faisal بٹ,1956-03-07,1355089,113263
TAX003531,Mohammed Ahmed Mughal,89167-1116866-6,,1993-02-28,445714,0
TAX003532,Zainab Malick,61102-8742296-7,,1956-05-13,2822829,333424
TAX003533,علی Raja,89180-8235722-5,Bilal راجہ,,671608,10741
TAX003534,Fatema Khan,43697-9156609-1,Muhammed خان,1969-07-26,307854,0
TAX003535,Husain Awan,21585-5236606-4,علی اعوان,2001-12-28,682394,12359
TAX003536,Faysal Awan,38558-2080897-4,Othman Awan,1992-06-12,454565,0
TAX003537,Mohammed Sheikh,65906-6873567-4,Muhammad Hamza Sheikh,1967-06-14,1472613,130891
TAX003538,حرا شیخ,36624-7926159-1,Mohammed Sheikh,1994-01-19,266268,0
TAX003539,Hussain Quraishi,25260-5431138-6,Husain Quraishi,1983-01-05,2790085,328512
TAX003540,زینب Malick,66084-1213978-2,علی Malik,1978-03-11,2749402,322410
TAX003541,حسن Bhatti,65215-4128534-2,,1956-10-12,1085552,72832
TAX003542,Muhammad Hussain Khan,42417-8535168-9,Muhammad خان,1977-09-09,289722,0
TAX003543,Hamzah Chaudhry,37693-7813283-9,Ahmed Choudhary,1956-09-06,130752,0
TAX003544,Bilal ملک,60170-5779689-6,Mohammad Husain Malick,2001-07-27,834275,35141
TAX003545,حمزہ Raja,32226-6551477-0,Mohammed Imran Raja,1971-06-02,280401,0
TAX003546,حسین Chaudhry,84027-3604540-5,Hamzah Choudhary,1955-10-19,306272,0
TAX003547,محمد Shaikh,92397-6619474-1,حسین Shaikh,1970-09-22,2107049,226057
TAX003548,Ali خان,,فیصل Khan,1962-09-25,86916,0
TAX003549,محمد چوہدری,47946-1311394-1,,1995-08-15,5928307,799246
TAX003550,Faisal ملک,11664-9214245-1,Mohammad فیصل ملک,1984-01-20,1451299,127694
TAX003551,Usman Bhatti,87476-2952145-4,حسن Bhatti,1987-08-26,1490709,133606
TAX003552,Hassan Malick,64152-9310409-6,Muhammed فیصل ملک,1975-10-15,85989,0
TAX003553,Fatimah Syed,72372-4664816-2,Hussein Syed,1969-08-25,2245469,246820
TAX003554,Muhammad فیصل خان,63149-6387914-1,Hussain خان,1959-11-08,917458,47618
TAX003555,Mariam Raja,85667-9506299-7,,1999-09-03,1314068,107110
TAX003556,Ayisha Quraishi,23536-8898566-0,علی قریشی,1998-05-06,1154521,83178
TAX003557,Hamza Bhatti,42687-9960925-0,,1968-02-17,594965,0
TAX003558,Hassan قریشی,67336-3397979-6,Ahmed قریشی,1959-02-24,174000,0
TAX003559,محمد اعوان,70458-9077825-3,,1974-02-09,563300,0
TAX003560,Muhammed Bilal بٹ,18416-2639351-6,Mohammed Imran Bhatti,1989-06-19,684012,12601
TAX003561,Hira خان,94819-9769167-9,Muhammed Hussain خان,1969-09-07,568888,0
TAX003562,Hamza Raja,58958-8274084-0,عمران Raja,1988-01-22,1964844,204726
TAX003563,Imran مغل,,علی Moghul,,278778,0
TAX003564,Hussein Sayyid,69966-4649548-6,حسن Sayed,1960-05-19,486995,0
TAX003565,حسن Awan,87263-4379310-8,Muhammad Awan,1974-06-01,1442928,126439
TAX003566,Imran Choudhary,24672-2357404-6,Hussein Choudhary,1986-07-09,100864,0
TAX003567,Fatema Raja,36668-4923620-7,علی راجہ,1999-03-21,5285762,702864
TAX003568,Mariam Malik,95514-5001732-3,Mohammad عمران Malick,1974-02-24,301849,0
TAX003569,عائشہ Shaykh,50602-1241100-7,علی Shaikh,1981-12-22,9175182,1286277
TAX003570,Mohammed Othman خان,21544-8403629-7,عمران خان,1959-03-17,487825,0
TAX003571,Faisal راجہ,39267-1970784-8,علی Raja,,2973383,356007
TAX003572,ثناء قریشی,51511-5111867-6,Faisal قریشی,1988-12-05,808415,31262
TAX003573,Muhammed Awan,77066-7951201-1,احمد اعوان,1976-07-26,1377036,116555
TAX003574,Hasan Khan,,Faisal Khan,1972-07-16,1342628,111394
TAX003575,Ali Raja,48647-8370422-1,Ali راجہ,1957-09-07,650132,7519
TAX003576,Zaynab Raja,34355-4591445-7,Mohammad Imran Raja,1996-09-14,3054572,368185
TAX003577,فاطمہ شیخ,63376-1425031-6,Hassan Shaykh,1994-11-22,1203384,90507
TAX003578,Bilal راجہ,16453-8157891-5,Hamzah راجہ,,1743439,171515
TAX003579,Muhammed Bilal سید,72341-7233232-6,احمد سید,1987-05-12,2685524,312828
TAX003580,حرا Awan,83774-3396868-9,Mohammed Hussein Awan,,2573024,295953
TAX003581,Hamzah Bhatti,84130-3788316-3,Faysal بٹ,1979-01-10,723561,18534
TAX003582,Muhammad Ali قریشی,93943-2044187-2,Muhammad Ahmed Quraishi,1985-09-06,1065402,69810
TAX003583,بلال ملک,,علی ملک,1992-05-01,1899953,194992
TAX003584,Mohammed Hussein چوہدری,21800-3630064-6,Faysal Chaudhary,1990-01-17,1112179,76826
TAX003585,Muhammed Osman Malick,64159-2705764-9,Faisal ملک,1984-01-28,8664762,1209714
TAX003586,فیصل Ch.,26764-6100113-0,Mohammed Ali Chaudhary,1998-08-26,580855,0
TAX003587,Muhammad Malik,68760-7114310-5,Othman ملک,1985-05-17,443178,0
TAX003588,Muhammad اعوان,61630-1995202-5,Othman اعوان,1985-04-17,1426085,123912
TAX003589,Mohammed Ahmed خان,10868-1481200-6,بلال خان,1962-07-26,1625008,153751
TAX003590,Osman چوہدری,59606-7809452-0,علی Choudhary,1973-05-23,2582526,297378
TAX003591,عمران Malick,40165-7493894-9,Hamzah ملک,,155291,0
TAX003592,Aysha Sayed,45169-4030944-6,Muhammed Sayyid,1978-04-08,110836,0
TAX003593,فیصل Mughal,59435-1841864-8,احمد Mughal,1987-08-25,4097034,524555
TAX003594,احمد بٹ,64923-4742275-4,عمران Butt,1983-05-11,839251,35887
TAX003595,عائشہ Moghul,90277-1948301-2,,1996-12-20,199089,0
TAX003596,حسین چوہدری,21110-5310102-4,,1976-08-20,242426,0
TAX003597,Muhammed Awan,62569-7498849-8,,1963-04-02,4616932,602539
TAX003598,زینب اعوان,67941-2236499-5,Mohammad احمد اعوان,,400295,0
TAX003599,Maryam Awan,86023-4384417-2,علی اعوان,1972-10-13,47531,0
TAX003600,Marium Qureshi,86365-2984241-2,Muhammad Quraishi,1993-05-11,1846014,186902
TAX003601,عمران Mughal,36657-9863771-2,بلال Moghul,,95681,0
TAX003602,Mohammed Hassan سید,45326-9739359-6,عمران Sayyid,1993-10-13,171803,0
TAX003603,عمران اعوان,40401-2320700-4,Mohammed Ahmad اعوان,1989-12-08,630049,4507
TAX003604,Mohammed Faysal خان,44132-8825980-4,علی خان,1984-01-15,314646,0
TAX003605,Muhammad علی Awan,12355-2021940-9,Usman Awan,,886123,42918
TAX003606,زینب خان,21844-5121962-9,,1971-07-26,949902,52485
TAX003607,عمران Khan,64251-9777845-9,Faisal Khan,1999-02-22,130383,0
TAX003608,عمران اعوان,10055-8880122-5,محمد اعوان,1961-04-19,5934901,800235
TAX003609,فیصل Shaikh,69224-9021919-4,Bilal Sheikh,1970-02-25,11029654,1564448
TAX003610,عمران Sayyid,63265-8375955-8,بلال Sayyid,1959-07-08,1647550,157132
TAX003611,فاطمہ Raja,11356-4319926-2,,1963-05-22,511374,0
TAX003612,Mohammad Mughal,61170-7144947-4,,1986-08-01,752707,22906
TAX003613,Husain Chaudhry,95175-6645275-4,Muhammad Ahmad Chaudhary,1963-02-21,1649357,157403
TAX003614,Ahmed شیخ,42706-5272525-8,Ali شیخ,1989-01-01,123143,0
TAX003615,Osman Choudhary,13392-5845853-5,Mohammed بلال چوہدری,1988-07-20,339450,0
TAX003616,فیصل Shaikh,21727-6303898-2,Mohammed Husain Shaykh,1955-05-04,95014,0
TAX003617,عمران Bhatti,65463-9678343-6,Muhammad Ahmed Butt,,1917943,197691
TAX003618,حسن چوہدری,67132-6212898-2,Mohammad چوہدری,1960-09-09,633878,5081
TAX003619,مریم ملک,85403-7106894-0,Mohammad Bilal Malick,1973-02-01,1113291,76993
TAX003620,Mohammad حمزہ چوہدری,58313-3358096-3,,1995-07-12,211237,0
TAX003621,Hussein Syed,96388-2032722-3,Imran Sayyid,1972-12-14,338757,0
TAX003622,Muhammed Hussein Khan,77241-3900531-8,فیصل خان,1962-05-22,838605,35790
TAX003623,Usman Butt,92521-8210450-2,Muhammed عمران بٹ,1997-07-26,441370,0
TAX003624,حمزہ راجہ,76425-5760123-7,Muhammad Osman راجہ,1959-04-24,1208408,91261
TAX003625,Hira Butt,75227-6323274-0,Usman بٹ,,601187,178
TAX003626,Othman Qureshi,,Mohammad Quraishi,1980-10-01,3955470,503320
TAX003627,Ayisha Malick,15715-8622446-3,حمزہ Malick,1964-06-08,995765,59364
TAX003628,عمران Bhatti,39871-5198676-4,Mohammad Ali Bhatti,1990-01-23,104662,0
TAX003629,فیصل Shaikh,85365-6954580-0,Mohammad Hamzah Sheikh,1990-08-08,1407803,121170
TAX003630,Muhammad Faysal Khan,45594-4509270-2,,1965-07-05,937418,50612
TAX003631,Othman Qureshi,76190-6058890-9,Hamza قریشی,,1594663,149199
TAX003632,Hassan Moghul,86080-5853401-3,Ahmed مغل,1956-10-22,579754,0
TAX003633,Mohammad Hamza راجہ,79382-1253768-9,Usman Raja,1985-03-24,355925,0
TAX003634,Sana Choudhary,83512-8250521-5,,1998-09-10,1054681,68202
TAX003635,Hamzah بٹ,30626-6358337-6,Hamza Butt,,99282,0
TAX003636,ثناء خان,37283-1380135-6,,1989-05-16,253709,0
TAX003637,محمد شیخ,45247-1218618-7,Mohammed Hasan Shaikh,1995-02-19,1265782,99867
TAX003638,احمد Malick,95671-7670013-7,Muhammad Ali Malik,1994-11-21,234008,0
TAX003639,علی سید,64409-8051394-4,Hamzah Sayyid,1959-01-16,606395,959
TAX003640,Usman Sheikh,65089-7171685-2,محمد Shaykh,1989-04-04,790982,28647
TAX003641,Mohammed Khan,20492-9806217-3,Mohammad Ali خان,,236932,0
TAX003642,Muhammed Hamzah بٹ,59486-5492806-3,Muhammed Bhatti,1990-07-01,258361,0
TAX003643,Mohammed Ahmed Sayyid,37821-3192840-4,Mohammed Bilal Sayyid,,321574,0
TAX003644,Bilal Khan,94396-4974479-7,Muhammad حمزہ خان,1988-09-20,1884382,192657
TAX003645,Mohammed خان,19701-1426554-8,Mohammed Hussain خان,1985-10-26,41597,0
TAX003646,Ahmed Malick,55199-7554961-4,Muhammad حمزہ Malick,1995-11-14,1892496,193874
TAX003647,Muhammed حمزہ Quraishi,39527-4773511-6,حمزہ Qureshi,2001-06-21,414763,0
TAX003648,Hamzah Mughal,86429-4648112-7,,1973-09-23,365119,0
TAX003649,Mohammad راجہ,51394-4590440-3,Hussein Raja,1968-01-09,2084308,222646
TAX003650,Muhammad اعوان,13074-3582261-6,حمزہ اعوان,1977-06-09,721330,18199
TAX003651,Zaynab ملک,79337-3340450-5,Ahmad Malick,1961-08-28,2533992,290098
TAX003652,محمد Chaudhry,31477-2505442-7,علی Ch.,1979-04-22,2017561,212634
TAX003653,Muhammed Hussain راجہ,77570-8201424-1,,1965-06-17,286998,0
TAX003654,محمد Sayed,,Ahmed Sayyid,1963-08-04,173651,0
TAX003655,Muhammed Moghul,96442-8614778-6,بلال Mughal,1969-06-05,1153722,83058
TAX003656,مریم Choudhary,19527-1209631-7,Mohammed Ch.,1980-09-14,342632,0
TAX003657,Zaynab Sayed,48118-8929906-3,Osman Sayed,1993-05-14,3828074,484211
TAX003658,Hasan اعوان,54930-3892299-5,Hamza Awan,,2333912,260086
TAX003659,حرا اعوان,59011-2483731-6,Bilal اعوان,1957-04-24,8548834,1192325
TAX003660,Muhammad حمزہ Khan,98650-1284681-9,Usman Khan,2000-11-02,936344,50451
TAX003661,Othman Malick,59804-4732932-2,Hasan ملک,1958-11-10,1392126,118818
TAX003662,فیصل Syed,57369-6780919-3,Hasan سید,1987-05-03,667632,10144
TAX003663,Muhammed Bilal Shaikh,76696-2461117-5,بلال شیخ,1980-01-22,2208715,241307
TAX003664,فیصل Raja,20990-9757292-3,,1967-05-27,179006,0
TAX003665,Fatema Quraishi,78459-9368046-7,Faisal Qureshi,1995-04-10,415361,0
TAX003666,Ahmad Syed,28906-2582733-8,Hamza سید,2002-05-08,824248,33637
TAX003667,Zaynab Shaykh,36350-3749800-6,Muhammad Imran Shaykh,1970-12-10,168692,0
TAX003668,Faysal Shaikh,23663-8056912-2,Imran شیخ,2000-10-02,261051,0
TAX003669,حسین Raja,28331-8349730-7,Mohammed Hasan Raja,1969-02-28,266518,0
TAX003670,علی راجہ,62746-4740329-4,Muhammed راجہ,1971-02-20,195712,0
TAX003671,Husain اعوان,33868-3165222-4,بلال Awan,1994-07-17,220189,0
TAX003672,بلال مغل,72477-7219425-1,Hamza Mughal,1961-04-12,1460093,129013
TAX003673,Imran Bhatti,94200-8621520-0,Othman بٹ,,369545,0
TAX003674,عثمان راجہ,64524-8038158-4,,1984-09-10,1128570,79285
TAX003675,Ahmad Shaykh,16089-9311462-8,,,514074,0
TAX003676,Husain Quraishi,80920-2991403-6,Muhammad Quraishi,1997-04-12,66070,0
TAX003677,مریم قریشی,23976-5396430-1,Muhammad Ahmad قریشی,1996-10-21,886468,42970
TAX003678,Hamza Chaudhary,96567-2333769-2,Faysal چوہدری,1987-11-08,132081,0
TAX003679,Mohammad Hussein راجہ,27651-8695467-7,Ahmad راجہ,,3080448,372067
TAX003680,Mohammed بلال Raja,88849-1075409-9,احمد راجہ,1998-08-10,2239118,245867
TAX003681,محمد Raja,13774-3683920-2,فیصل راجہ,1995-01-28,2302656,255398
TAX003682,Zaynab Raja,30257-5112181-7,Bilal راجہ,1971-06-05,268624,0
TAX003683,Fatema راجہ,41195-7456436-5,Bilal راجہ,1966-07-02,1383297,117494
TAX003684,فیصل Raja,78902-9580834-0,Mohammed راجہ,1999-04-01,2467462,280119
TAX003685,ثناء Sheikh,78667-9037332-2,,1958-04-01,494207,0
TAX003686,Mohammed بلال مغل,36878-8841285-6,Bilal مغل,1965-02-12,1038599,65789
TAX003687,فیصل راجہ,,علی راجہ,1994-11-06,158456,0
TAX003688,علی راجہ,53533-4988130-4,Mohammed Faisal Raja,1965-12-13,341352,0
TAX003689,حرا Bhatti,56025-2483887-0,Muhammed Faisal Bhatti,1964-12-08,84951,0
TAX003690,Mohammad Hamzah Shaikh,38975-5404767-6,حسن Shaykh,1996-09-27,560472,0
TAX003691,Ayisha Moghul,52097-9191471-5,Muhammed Hasan Mughal,1956-12-21,464104,0
TAX003692,Faysal Moghul,,Hamza Moghul,1991-06-21,281092,0
TAX003693,Muhammad علی اعوان,90627-2608578-4,عثمان Awan,1971-09-03,338746,0
TAX003694,Hamza Sheikh,54195-9658470-4,Muhammed Imran شیخ,2002-08-09,642749,6412
TAX003695,Muhammad Moghul,34097-9669796-6,Othman Mughal,,816520,32478
TAX003696,Mohammad خان,96770-1377555-5,,1956-02-19,236695,0
TAX003697,Othman اعوان,96192-3161704-5,عثمان Awan,1999-06-28,166804,0
TAX003698,عمران Butt,10188-2743849-5,عمران بٹ,1962-03-25,1590127,148519
TAX003699,Mohammad Ali بٹ,99596-5788942-7,Muhammed Butt,1955-03-12,480182,0
TAX003700,Hira اعوان,45299-8129809-0,فیصل Awan,1978-08-23,521103,0
TAX003701,عمران اعوان,70041-7481689-3,Mohammed Awan,1998-09-07,3571816,445772
TAX003702,Faisal ملک,64731-5191718-4,Hamza Malick,1974-11-25,1087095,73064
TAX003703,Mohammed Hussain Shaykh,30563-4267469-0,,1991-08-12,3180051,387007
TAX003704,ثناء Sheikh,59564-6775091-7,,2001-06-12,433385,0
TAX003705,Mohammad بلال راجہ,65862-7451094-4,عمران راجہ,1985-09-06,2019275,212891
TAX003706,عمران Awan,15893-1860199-0,,1976-06-09,2405351,270802
TAX003707,Hassan Butt,27856-5454439-8,Mohammed حسین بٹ,1973-08-01,345550,0
TAX003708,Othman Khan,37788-4285479-7,Mohammad خان,1982-10-11,537184,0
TAX003709,Mohammed عمران ملک,94978-3023768-3,,1996-08-28,19867,0
TAX003710,Osman Moghul,33352-9799498-1,حسن مغل,1970-11-05,1184835,87725
TAX003711,Marium ملک,10761-2811009-6,حمزہ ملک,,432368,0
TAX003712,Husain Raja,87742-9720251-5,Faysal Raja,1964-08-04,2895759,344363
TAX003713,ثناء Butt,89227-4447616-4,Muhammad Hamzah Butt,1979-12-17,103969,0
TAX003714,Imran Sayed,92818-2521381-8,,1984-07-10,148782,0
TAX003715,Imran Bhatti,91043-7950122-5,Ali بٹ,2001-02-23,2483027,282454
TAX003716,Mohammad Quraishi,27585-8045105-0,Mohammad Usman Quraishi,1975-12-28,483803,0
TAX003717,Othman Mughal,67910-8104465-9,Othman Mughal,1978-10-28,413664,0
TAX003718,ثناء ملک,75011-9697797-3,Hamzah ملک,,1377606,116640
TAX003719,Usman Moghul,,Usman Mughal,1992-12-06,130296,0
TAX003720,علی Bhatti,75528-2301253-1,Muhammed Bilal Bhatti,1966-12-15,515916,0
TAX003721,حسین Moghul,63956-4374934-2,,1999-01-05,682810,12421
TAX003722,علی راجہ,59851-1048293-7,,1969-05-09,2139698,230954
TAX003723,عائشہ Sheikh,42196-7151203-6,Husain Shaikh,1959-12-13,135733,0
TAX003724,Aisha Shaykh,22404-7039573-1,Hussain Shaikh,1998-11-24,1046162,66924
TAX003725,Mohammed Hamza شیخ,76497-7138042-0,,2001-12-26,1970920,205638
TAX003726,Muhammad Ali Syed,42219-6600260-4,Hamzah Sayed,,2553947,293092
TAX003727,حسن خان,25194-4786393-9,Muhammed Khan,1955-05-12,483470,0
TAX003728,Hamza قریشی,45121-1864088-8,Hamza قریشی,1957-06-14,1375628,116344
TAX003729,Mohammed Hasan قریشی,62670-5024205-8,Othman قریشی,1992-09-03,329690,0
TAX003730,عمران Butt,83902-8361170-4,Imran Butt,1979-10-18,601477,221
TAX003731,Hamzah Chaudhary,,علی چوہدری,1980-11-13,940994,51149
TAX003732,Muhammed Hussain بٹ,13437-2721172-7,Mohammed Usman Butt,1955-06-14,4850390,637558
TAX003733,زینب Qureshi,90208-1652838-6,,1989-07-28,1232950,94942
TAX003734,Ali Choudhary,33813-1706838-4,حسن چوہدری,1956-01-13,2782054,327308
TAX003735,Muhammad Sayyid,23202-5131374-6,حسن Sayyid,1976-10-03,249072,0
TAX003736,Hussain Sheikh,81773-7675580-1,,1964-04-06,1701873,165280
TAX003737,Muhammad Husain خان,53238-5998713-2,Muhammad علی Khan,1971-12-20,499253,0
TAX003738,Ali Choudhary,11976-1456832-1,,1963-08-17,275044,0
TAX003739,Husain Ch.,93977-9192440-9,Muhammed Ahmed Ch.,2000-04-11,464000,0
TAX003740,Mohammad Bilal ملک,34090-5708991-8,Hussain Malik,1981-12-16,183651,0
TAX003741,Mariam Moghul,59278-2159553-4,,1990-04-01,623236,3485
TAX003742,Mohammed Faisal Khan,41127-7320275-0,Ali Khan,,1222309,93346
TAX003743,Bilal Awan,19025-9218875-3,بلال Awan,1966-10-05,497940,0
TAX003744,Hira اعوان,81288-4058567-4,Mohammad حسن Awan,1987-03-03,3784965,477744
TAX003745,علی Sheikh,39240-4301643-8,Mohammed Ahmed شیخ,1967-09-11,934215,50132
TAX003746,Mohammed Faisal خان,73615-1459804-9,Muhammed Hussain Khan,1957-12-22,5440336,726050
TAX003747,علی Bhatti,34317-3597886-4,Othman بٹ,1979-08-22,6070892,820633
TAX003748,Faisal Chaudhary,46640-7962262-2,Mohammad فیصل Choudhary,1999-04-07,157181,0
TAX003749,Zaynab Malick,54827-4930731-3,Imran Malik,1983-09-21,1064248,69637
TAX003750,Faysal Khan,14229-5495743-5,عمران Khan,1985-06-19,1236652,95497
TAX003751,Muhammad عثمان Awan,33842-4205930-0,Muhammad Awan,1985-01-18,1037668,65650
TAX003752,Sana Bhatti,61618-8656799-4,Hamza Bhatti,2001-11-25,225396,0
TAX003753,Muhammed Hussein راجہ,94714-7989161-5,Muhammad Raja,1990-11-25,745056,21758
TAX003754,Hamza Khan,27063-7190502-4,Muhammed Ahmed خان,1962-12-22,1129510,79426
TAX003755,Muhammed Othman Syed,19398-3396368-6,Mohammad بلال Sayyid,1983-07-21,2512310,286846
TAX003756,Mohammad Quraishi,49612-9118038-0,Mohammed Hassan قریشی,1967-07-27,1256805,98520
TAX003757,Hasan شیخ,51965-5540825-3,علی شیخ,1981-11-03,795110,29266
TAX003758,Hassan اعوان,29576-5470985-3,Mohammed احمد Awan,1957-10-03,835656,35348
TAX003759,Sana Choudhary,55861-5039453-1,Ali چوہدری,1965-06-06,1644353,156652
TAX003760,Zaynab مغل,67413-8776950-0,Muhammad Bilal مغل,1983-11-21,2276833,251524
TAX003761,Mohammad حسین Sheikh,92215-4905004-0,Muhammed Hamza Shaykh,1997-12-01,409299,0
TAX003762,Ahmed Khan,48577-5865284-8,,1978-07-20,709054,16358
TAX003763,Ahmad Malick,50290-1331305-0,حسین ملک,1971-10-03,923907,48586
TAX003764,حمزہ Shaykh,48461-3902261-0,,1991-10-07,6033294,814994
TAX003765,Marium Qureshi,25206-5443931-8,حسن Quraishi,,984968,57745
TAX003766,Husain شیخ,16783-3618614-1,عثمان Sheikh,,5371849,715777
TAX003767,Muhammed Ahmed Malick,71719-2614218-4,حسن Malik,2003-06-20,424254,0
TAX003768,عائشہ Sayyid,92811-5274081-7,,,6524551,888682
TAX003769,Fatimah Awan,,Ali Awan,1975-12-02,2089689,223453
TAX003770,Mohammed Othman شیخ,81931-9683223-6,Muhammad شیخ,2002-10-14,346657,0
TAX003771,Mohammed Othman Choudhary,15108-2663200-0,Faisal Choudhary,2002-11-20,365041,0
TAX003772,فیصل Malik,13373-9473649-1,,2001-10-15,1532657,139898
TAX003773,علی راجہ,50095-2289732-5,Faisal راجہ,1971-10-05,1047468,67120
TAX003774,Hussain Quraishi,63107-8153348-4,علی Quraishi,,5694294,764144
TAX003775,Marium بٹ,20880-1629575-5,احمد Bhatti,,540391,0
TAX003776,Fatimah Bhatti,65845-9266286-7,Mohammad حمزہ Bhatti,1994-09-08,2539592,290938
TAX003777,مریم راجہ,74640-1051081-8,علی راجہ,1971-01-17,340166,0
TAX003778,Osman ملک,,Muhammed Faysal ملک,1966-01-18,695804,14370
TAX003779,Marium ملک,12117-2381525-7,Ali Malik,1992-06-24,290401,0
TAX003780,عائشہ Raja,24464-2462925-0,عمران راجہ,1972-01-22,753141,22971
TAX003781,حمزہ Sayed,,بلال Syed,1969-04-07,289331,0
TAX003782,Mohammed Syed,94248-9274967-6,Muhammed Syed,2000-06-12,164817,0
TAX003783,Othman Khan,81879-4659331-0,Bilal Khan,1995-10-06,4986703,658005
TAX003784,Mohammad Usman Qureshi,50846-2305807-9,فیصل قریشی,2002-05-25,463240,0
TAX003785,Bilal ملک,58732-1215612-2,Faisal Malick,1995-10-20,32801,0
TAX003786,فیصل Malik,50697-4531509-6,Hamzah ملک,1988-05-20,3147615,382142
TAX003787,Hamzah اعوان,22265-2994808-7,بلال اعوان,1983-06-12,1194109,89116
TAX003788,Hussein Choudhary,94107-4339940-1,Usman Chaudhry,1983-06-21,653056,7958
TAX003789,فیصل Qureshi,42478-7604560-0,Hassan قریشی,1992-01-07,2899963,344994
TAX003790,مریم Qureshi,,Muhammed احمد Qureshi,1975-04-09,2241104,246165
TAX003791,Zainab Choudhary,75073-1017332-8,Ahmed Chaudhry,1965-01-15,1491902,133785
TAX003792,Hassan Awan,10279-2940725-0,Hassan اعوان,1995-03-26,452140,0
TAX003793,Hussein Malik,,Mohammed Hamzah Malick,1977-08-23,1133371,80005
TAX003794,Faisal Bhatti,66907-3370791-2,,1984-12-27,113510,0
TAX003795,Mohammed Quraishi,32200-7401597-0,Ali Qureshi,1988-11-10,1379827,116974
TAX003796,فیصل Shaykh,87037-6319447-6,,1987-07-09,127972,0
TAX003797,Hassan Mughal,56173-4190908-9,,1989-01-06,670339,10550
TAX003798,Mariam Malick,43425-4755707-3,Hamza ملک,1969-07-25,285673,0
TAX003799,Faysal Khan,67456-6695036-3,,1993-05-15,1293827,104074
TAX003800,Muhammad Hussain Sheikh,11707-3658314-4,Faisal Sheikh,1965-11-16,373792,0
TAX003801,علی Ch.,96308-2315697-5,Muhammad Ahmed Ch.,1965-02-25,622154,3323
TAX003802,عمران Moghul,21616-1331042-6,Bilal مغل,1975-09-20,283274,0
TAX003803,Muhammed علی Quraishi,82399-3194389-9,Hassan قریشی,1990-06-09,1880278,192041
TAX003804,حسین Bhatti,40482-7700848-3,عمران Bhatti,1967-12-09,1207401,91110
TAX003805,Sana خان,43749-5936082-9,Imran Khan,,119515,0
TAX003806,Zainab Chaudhary,39220-2287289-5,,1956-08-01,362233,0
TAX003807,فیصل خان,,محمد Khan,1959-06-02,5500133,735019
TAX003808,حسن بٹ,,Faysal بٹ,1996-12-09,4413469,572020
TAX003809,Muhammed Hassan Awan,24162-6105632-7,Hussain Awan,1964-06-01,496946,0
TAX003810,Muhammed Imran Sheikh,87965-6965072-0,Mohammad Sheikh,1983-09-14,1859640,188946
TAX003811,محمد خان,,Mohammad Khan,1996-04-13,117716,0
TAX003812,Aisha Bhatti,71834-5711727-1,,2003-02-27,22338452,3260767
TAX003813,Bilal سید,76624-3621681-4,Hasan Sayed,1981-05-18,718360,17754
TAX003814,حمزہ Quraishi,36603-2009538-6,Ahmed Qureshi,1971-07-01,561297,0
TAX003815,فیصل Syed,17889-2030156-9,,1975-07-22,1821921,183288
TAX003816,حسین اعوان,55160-2920648-3,حمزہ اعوان,1972-11-01,805255,30788
TAX003817,بلال Qureshi,33702-4737153-6,Mohammed حمزہ Quraishi,1978-07-06,255786,0
TAX003818,Muhammad Hussain خان,86565-9559183-9,Mohammed Hasan خان,1993-08-12,2636121,305418
TAX003819,حسن سید,33750-1823670-9,,1983-01-11,147099,0
TAX003820,Zaynab راجہ,96713-1187425-1,,,1991663,208749
TAX003821,Hamzah خان,77035-6555966-2,عمران خان,1983-02-28,339485,0
TAX003822,Husain Bhatti,27229-8820672-3,Imran بٹ,1975-05-09,1216659,92498
TAX003823,Mohammad Shaykh,80204-1124292-4,Muhammed بلال Shaykh,1987-09-13,550712,0
TAX003824,Imran Awan,43415-3920895-7,Mohammad علی Awan,1974-08-26,1993093,208963
TAX003825,ثناء اعوان,80387-2427359-5,Mohammed بلال Awan,1962-07-06,396191,0
TAX003826,Marium Malick,74912-4313305-1,Hussain ملک,1956-12-21,437323,0
TAX003827,Bilal Sayed,65600-3845685-4,Mohammed بلال سید,,943394,51509
TAX003828,Mariam سید,75825-3325593-2,Hussein Syed,1984-10-21,642667,6400
TAX003829,Hussain اعوان,67666-1011609-7,Mohammad Ahmed Awan,1980-08-03,1324534,108680
TAX003830,Hamzah مغل,69782-7217678-2,Hasan Mughal,1975-03-20,1958237,203735
TAX003831,Faisal چوہدری,39190-8406748-3,Mohammad Hussain Chaudhry,1976-05-05,141606,0
TAX003832,احمد قریشی,34338-4032184-1,عمران Quraishi,1962-10-11,1042839,66425
TAX003833,حمزہ Khan,71886-8171221-9,,1962-04-04,231081,0
TAX003834,Osman Ch.,35318-7715041-4,,,233768,0
TAX003835,Hassan Sheikh,23137-3692680-5,Husain Shaykh,1999-07-15,1568095,145214
TAX003836,Muhammad Hussein Mughal,89338-7009017-9,Hamzah مغل,1985-01-08,2290756,253613
TAX003837,Mohammed Othman سید,26508-7202383-8,حسن Sayyid,1966-01-03,946517,51977
TAX003838,Othman Butt,35293-7644631-7,Mohammed Faysal Butt,,1011021,61653
TAX003839,Sana سید,92930-6038196-4,,1992-09-04,750039,22505
TAX003840,Ali Sayed,83995-3342380-0,بلال سید,2000-01-09,684900,12735
TAX003841,Ali مغل,20009-2502901-9,Ali Mughal,1972-08-09,104559,0
TAX003842,Mohammad Sayyid,73349-3843472-0,فیصل سید,1992-12-07,2240236,246035
TAX003843,Ahmad Sheikh,77056-3533764-9,Faisal شیخ,1987-04-19,485143,0
TAX003844,Ahmed قریشی,91484-6861565-4,حمزہ Qureshi,1982-02-14,3178880,386832
TAX003845,بلال راجہ,14996-6206949-0,,1975-11-23,68282,0
TAX003846,احمد Chaudhry,37685-5030711-6,Mohammed Ch.,1977-08-09,324087,0
TAX003847,احمد Qureshi,53564-3181923-9,Ahmed قریشی,2003-11-16,170703,0
TAX003848,Faysal سید,,Bilal Syed,1973-02-16,320992,0
TAX003849,فیصل Sheikh,85228-6077272-8,Muhammed Hassan Shaykh,1980-01-19,399308,0
TAX003850,بلال راجہ,20765-6709750-3,Bilal Raja,1956-10-13,743829,21574
TAX003851,Hasan Butt,37207-3115585-0,Muhammad Butt,1992-07-02,2695385,314307
TAX003852,Hassan Khan,33470-6769483-6,Muhammed Ali خان,1974-11-18,816257,32438
TAX003853,حسین Moghul,44698-7908877-4,Muhammad Imran Mughal,1999-06-11,446431,0
TAX003854,ثناء Chaudhary,14140-6586883-7,Mohammed حسین چوہدری,1961-02-21,284472,0
TAX003855,Hasan Moghul,40729-9608271-9,احمد Mughal,1999-07-27,686633,12994
TAX003856,Faysal Qureshi,76500-6574549-8,Bilal Quraishi,1988-12-02,1562725,144408
TAX003857,علی مغل,77472-9910192-9,Ali Moghul,1975-09-27,927408,49111
TAX003858,ثناء Choudhary,21346-1756410-3,Mohammad Hamzah Chaudhary,1956-04-15,735987,20398
TAX003859,Mohammed Qureshi,63675-6131578-8,Mohammed Usman Qureshi,1968-12-02,468193,0
TAX003860,Hassan Bhatti,,Muhammad بٹ,1975-01-24,2275251,251287
TAX003861,Aysha Awan,14876-5633024-8,Mohammed عثمان اعوان,1974-12-22,3455957,428393
TAX003862,Hasan Butt,11100-5771821-5,Ali Butt,1975-06-08,471223,0
TAX003863,Fatima Quraishi,20265-5556130-4,Muhammed احمد قریشی,1964-11-23,1176980,86547
TAX003864,عائشہ ملک,35002-3767660-1,Osman Malik,1964-10-09,2356599,263489
TAX003865,Mohammad احمد ملک,40694-3643252-4,Mohammad Malick,1993-07-24,1313260,106989
TAX003866,Aisha Shaikh,64123-6009187-8,احمد Shaykh,1999-11-02,1204379,90656
TAX003867,حسن خان,69605-7401253-5,,1995-07-21,518555,0
TAX003868,عمران Chaudhary,23033-4922958-3,Mohammad حسین Ch.,1973-07-06,443971,0
TAX003869,Zainab مغل,36176-9597295-9,Mohammed Mughal,1976-12-20,594083,0
TAX003870,Ali Raja,81224-4882801-6,Ali Raja,1976-08-16,532376,0
TAX003871,فاطمہ Awan,16607-7252556-9,Mohammad Ahmed اعوان,1977-12-15,65447,0
TAX003872,Usman Qureshi,82326-6234954-9,,2000-06-06,784268,27640
TAX003873,Hasan قریشی,22586-9118725-3,علی Quraishi,1990-05-05,1293363,104004
TAX003874,Faisal راجہ,12943-3599059-9,احمد راجہ,1996-08-06,737378,20606
TAX003875,Hussein Sheikh,91935-6630516-7,عمران شیخ,2003-02-08,1456099,128414
TAX003876,Fatema Qureshi,38662-2014393-2,Husain Qureshi,1959-04-01,2153055,232958
TAX003877,Hussain Sayed,34237-2403406-4,,1984-11-16,4024595,513689
TAX003878,Osman Quraishi,27450-9021600-7,Mohammed Quraishi,1997-03-14,1116375,77456
TAX003879,Maryam مغل,34095-6897810-6,Faysal Moghul,1982-11-25,489729,0
TAX003880,محمد Awan,91019-7380578-7,Ali Awan,1999-08-23,10431910,1474786
TAX003881,Sana خان,24835-2777708-9,,1986-06-02,1099385,74907
TAX003882,Muhammad علی Sheikh,18657-3416481-7,Muhammad شیخ,2001-05-05,466860,0
TAX003883,Hasan Shaykh,21234-6109248-3,Muhammed Hasan Shaykh,1962-07-03,1148483,82272
TAX003884,Zainab Bhatti,15199-9182885-1,احمد Butt,1993-09-26,417527,0
TAX003885,Muhammad احمد ملک,74761-8611033-2,,1992-01-07,4451721,577758
TAX003886,عمران Syed,62735-6057066-2,Hassan Sayed,1980-03-24,1403827,120574
TAX003887,بلال Mughal,19068-5716975-7,Imran Mughal,1986-06-28,2717159,317573
TAX003888,Mohammad حمزہ Malick,79286-5131361-4,Hussain Malick,1958-01-05,507404,0
TAX003889,Mohammad عمران Mughal,46199-6147917-3,Muhammed حمزہ Mughal,1993-04-13,234239,0
TAX003890,Husain Raja,25299-3005362-8,Imran Raja,1959-07-03,579160,0
TAX003891,Hira اعوان,68379-8778767-4,,1981-08-17,985453,57817
TAX003892,Ali اعوان,94176-2717063-8,عمران اعوان,1961-06-14,4051061,517659
TAX003893,Hassan قریشی,55025-8351538-9,Hamzah Qureshi,1995-01-24,2309198,256379
TAX003894,حمزہ اعوان,92694-7262608-5,Hassan اعوان,1956-01-03,892653,43897
TAX003895,Ahmad شیخ,56064-3942887-1,Ali Shaikh,1991-11-18,1075334,71300
TAX003896,Hussain Khan,54817-3727688-5,Mohammed Ahmed Khan,1986-08-10,78499,0
TAX003897,بلال Quraishi,50374-3612188-4,حسن Quraishi,,1113713,77056
TAX003898,محمد Shaykh,46071-2222123-0,بلال Shaykh,1973-10-13,317522,0
TAX003899,علی Khan,77311-8739805-6,محمد خان,1994-07-15,5628993,754348
TAX003900,Mohammed خان,31075-2966544-9,Muhammed Othman خان,1979-12-27,131714,0
TAX003901,Mohammed قریشی,55531-1699213-6,Faysal Qureshi,1979-11-04,3561737,444260
TAX003902,Mohammed Shaykh,84675-7296444-7,بلال Shaykh,2002-01-10,918510,47776
TAX003903,Mohammed حسن Shaikh,25704-8822343-5,Ahmed Shaikh,1993-07-16,551048,0
TAX003904,فیصل Syed,78552-8221073-5,,,672958,10943
TAX003905,Ali خان,47591-4640461-1,Mohammed خان,,2556144,293421
TAX003906,Muhammed فیصل مغل,84240-4229252-6,Hamzah Mughal,1973-03-18,387208,0
TAX003907,احمد Awan,97514-9888385-7,حسن Awan,1987-09-02,410439,0
TAX003908,محمد قریشی,29712-4487613-8,حسن قریشی,1978-03-05,2004098,210614
TAX003909,Husain Bhatti,62105-5062673-2,Husain Bhatti,1972-09-22,286431,0
TAX003910,Mohammad Bilal Khan,32192-8014902-1,Muhammed بلال Khan,2001-12-12,1370378,115556
TAX003911,Sana Choudhary,84816-8865639-0,Muhammad علی چوہدری,1962-05-22,1112839,76925
TAX003912,حسین Awan,16613-3496717-9,بلال Awan,1997-11-21,4374384,566157
TAX003913,Faisal Khan,74131-8800038-0,علی خان,1994-11-14,1262855,99428
TAX003914,Muhammad Ch.,32069-4987333-7,Ali Chaudhary,2003-05-13,327745,0
TAX003915,Muhammad Bilal Khan,56829-2449914-1,Faisal خان,1992-01-13,1267701,100155
TAX003916,علی شیخ,89325-2195924-1,Ahmad Sheikh,,1191915,88787
TAX003917,Mohammed Hamzah Shaikh,63139-5885012-2,Mohammad Ali Shaikh,1963-10-05,244677,0
TAX003918,Muhammed احمد راجہ,72705-7547513-1,حمزہ راجہ,1980-06-22,1190060,88509
TAX003919,Usman Raja,67147-8262674-0,,1992-09-07,193881,0
TAX003920,Mohammad Imran Choudhary,77709-4659799-6,Mohammed احمد Chaudhry,1977-11-19,5008647,661297
TAX003921,Marium راجہ,12900-9075369-9,عثمان راجہ,1981-06-08,1019394,62909
TAX003922,Hamza Quraishi,36438-7864658-0,Hussein Qureshi,1985-01-20,2980576,357086
TAX003923,حمزہ Malick,99419-2870007-3,Hamzah Malick,1973-08-27,668690,10303
TAX003924,Faysal Sheikh,75968-5669460-9,Mohammad Othman Shaykh,1971-03-16,258915,0
TAX003925,Mohammad Faysal Ch.,85249-9569129-3,Ali Ch.,2003-05-01,199496,0
TAX003926,عمران ملک,90179-9427898-1,Bilal Malik,1959-11-17,1905002,195750
TAX003927,Mohammad فیصل Raja,18178-5408606-0,فیصل Raja,1968-04-13,318009,0
TAX003928,Fatima Bhatti,26649-4115166-7,Usman Bhatti,1993-05-05,341684,0
TAX003929,Mohammad Hamzah شیخ,23357-6291094-5,Muhammed Hassan Shaikh,1964-06-02,1831881,184782
TAX003930,علی Moghul,57301-2620723-1,بلال Mughal,1976-12-25,797500,29625
TAX003931,Fatema Butt,23925-4770478-3,Faysal Bhatti,1982-07-27,479963,0
TAX003932,Hamza Qureshi,63228-7628941-4,Hamzah قریشی,1959-11-03,3837247,485587
TAX003933,Mohammad Awan,85150-2991122-9,احمد اعوان,1989-05-13,4041049,516157
TAX003934,بلال Chaudhary,18303-7345439-7,Bilal چوہدری,1996-06-12,54269,0
TAX003935,فیصل Sayed,,,1967-07-09,201307,0
TAX003936,Mohammed Ahmed بٹ,97376-1076007-4,حسن بٹ,1998-05-05,1510301,136545
TAX003937,Fatema Sayyid,75201-8850361-7,Hussein Sayed,2000-05-05,1127311,79096
TAX003938,Hussein Shaikh,72858-4217853-8,Ahmad Shaykh,1997-12-28,5894362,794154
TAX003939,Hussain اعوان,69467-6480497-1,Mohammad Awan,1997-03-19,284920,0
TAX003940,محمد راجہ,32058-8951648-1,Mohammed راجہ,1974-06-07,1787088,178063
TAX003941,Ahmad چوہدری,36444-5945240-3,Ahmed Chaudhary,1999-08-03,478146,0
TAX003942,بلال چوہدری,44234-8486656-1,Mohammad Usman Chaudhary,1971-04-08,341372,0
TAX003943,Osman بٹ,63761-3361259-2,Mohammad بٹ,1980-09-05,224904,0
TAX003944,Mohammed Usman راجہ,77137-6054232-5,,,845733,36859
TAX003945,فیصل Raja,33068-7193263-4,Faysal راجہ,1993-04-04,570882,0
TAX003946,Zainab ملک,77802-8274910-1,حسن ملک,1981-08-23,751923,22788
TAX003947,Ayesha Sayyid,45743-5043436-3,Hamzah Sayed,1998-01-16,840976,36146
TAX003948,Bilal اعوان,75294-5356398-7,Mohammad اعوان,1981-10-25,1065246,69786
TAX003949,احمد Sheikh,79290-6076400-0,Muhammad بلال Shaikh,,181949,0
TAX003950,Muhammed بٹ,66365-3847148-9,,1959-10-25,414104,0
TAX003951,Sana اعوان,60479-5325951-7,,1955-02-20,2305111,255766
TAX003952,Mohammed Hasan ملک,52756-1020311-4,Mohammad بلال ملک,1961-07-04,218664,0
TAX003953,Muhammed چوہدری,26475-7352469-7,Usman Chaudhary,1973-06-15,1477924,131688
TAX003954,Faysal Butt,26977-6969068-0,Faysal بٹ,1977-07-07,566060,0
TAX003955,Imran قریشی,76465-9771972-2,حسن Quraishi,1962-04-05,295669,0
TAX003956,Mariam راجہ,36561-7021888-8,Osman Raja,1994-10-04,2049848,217477
TAX003957,Marium Ch.,77084-7503456-9,Mohammed علی Choudhary,1964-06-23,563531,0
TAX003958,Muhammed Hassan اعوان,65172-7798900-2,عمران Awan,1986-02-03,462068,0
TAX003959,Zainab Ch.,53625-6823313-3,Faysal چوہدری,1972-06-26,1826625,183993
TAX003960,عمران Shaykh,80532-7929084-3,Mohammad Shaykh,1993-10-24,175681,0
TAX003961,عثمان Bhatti,86072-4428851-9,حسین Butt,1969-02-10,137523,0
TAX003962,علی Malik,,بلال Malik,1984-07-05,1873660,191049
TAX003963,Muhammed حمزہ بٹ,12960-7208506-2,Mohammed Hamzah بٹ,1995-12-15,213237,0
TAX003964,Mohammed Othman Butt,59854-4883031-0,Mohammad حمزہ بٹ,1997-08-19,580970,0
TAX003965,Muhammad Moghul,95929-6933026-1,فیصل مغل,1973-01-16,2622699,303404
TAX003966,Hussein سید,15472-5562498-1,Mohammad احمد سید,1986-01-17,527834,0
TAX003967,Faysal شیخ,37604-1476136-0,علی Shaykh,1992-12-12,967636,55145
TAX003968,Muhammed حسین اعوان,33132-1919627-5,,1975-03-08,1555775,143366
TAX003969,حسین Mughal,72926-5915025-5,,1989-05-10,518994,0
TAX003970,حسن Choudhary,50309-7952109-5,Ahmed Ch.,1991-01-07,484568,0
TAX003971,Mohammad Raja,21691-4497271-0,احمد Raja,1982-01-13,2584587,297688
TAX003972,Husain Moghul,57990-5078309-4,Ahmed Moghul,1986-11-16,1667250,160087
TAX003973,حسن بٹ,69490-2862784-8,Mohammad Ali بٹ,1961-11-28,565136,0
TAX003974,بلال Khan,84576-3767605-3,Mohammad Ahmed خان,1988-07-15,388577,0
TAX003975,Ahmad Khan,30218-4951666-8,عمران خان,1970-07-19,1023735,63560
TAX003976,علی قریشی,41427-7001339-6,Hussein Qureshi,1972-11-03,795766,29364
TAX003977,Osman بٹ,78599-7554786-3,فیصل Bhatti,1991-12-13,2341233,261184
TAX003978,حسن Raja,28860-1966040-3,احمد راجہ,1985-11-12,553355,0
TAX003979,Usman Khan,88840-1395428-3,Faisal خان,1998-06-25,1318513,107776
TAX003980,ثناء Choudhary,40874-2503757-0,Bilal Chaudhry,2000-08-08,1275165,101274
TAX003981,حمزہ سید,48730-1880248-2,حسین سید,1991-07-13,2198335,239750
TAX003982,حسن Raja,55231-6556614-2,محمد راجہ,1959-01-22,5105619,675842
TAX003983,حسین Bhatti,50637-9222433-9,Ali Bhatti,1955-08-09,1145072,81760
TAX003984,Aisha Choudhary,23458-8584378-7,Usman Chaudhary,1994-10-02,474696,0
TAX003985,Faisal Malik,33061-1104637-4,,2001-01-08,565459,0
TAX003986,Imran Malick,88308-8614882-2,Mohammad Faysal Malick,1976-08-11,381170,0
TAX003987,Muhammed علی Sayyid,17318-1935797-7,Faysal Sayyid,1982-11-24,497534,0
TAX003988,Muhammed علی Qureshi,60741-8204418-6,Mohammed Imran Qureshi,1994-10-06,2048460,217269
TAX003989,Bilal Shaykh,38060-6081732-5,Muhammed Faisal شیخ,2000-06-18,2107021,226053
TAX003990,Bilal Qureshi,18379-3870540-9,Muhammed Othman قریشی,1993-01-19,302684,0
TAX003991,Muhammed Ahmed Butt,37268-8365068-6,حسن Bhatti,2003-08-25,797654,29648
TAX003992,Othman Sayyid,56385-8187539-4,,1982-07-19,10524901,1488735
TAX003993,Marium خان,83496-7825534-5,,,271011,0
TAX003994,بلال Butt,90914-6991311-0,عمران Bhatti,1958-05-23,2720330,318049
TAX003995,Muhammed Mughal,53860-3932343-1,Muhammed علی Mughal,1969-09-01,1476879,131531
TAX003996,Mohammed Husain Sayyid,59549-5084932-5,Muhammed Ahmad Syed,1973-09-15,2784157,327623
TAX003997,Usman ملک,53097-5627131-5,,1993-04-24,398709,0
TAX003998,Mohammad Usman Raja,89836-2116368-6,Faysal Raja,1977-04-12,92738,0
TAX003999,Mohammed علی Sheikh,72060-6397117-1,Ali Sheikh,1955-10-23,640348,6052
TAX004000,Hira بٹ,42693-2061499-1,احمد بٹ,1973-10-14,519633,0
TAX004001,Mohammed Faysal Raja,22622-1904591-5,Mohammed راجہ,1973-11-25,5562159,744323
TAX004002,Faysal اعوان,83669-7075837-9,حمزہ Awan,1978-09-07,195501,0
TAX004003,Muhammed Othman Mughal,21666-1276464-4,Ali Mughal,1956-11-17,249695,0
TAX004004,عمران Syed,84746-1604657-7,عمران Syed,1983-03-11,41547551,6142132
TAX004005,Ahmad Qureshi,16311-4440364-7,Osman قریشی,1983-08-01,723522,18528
TAX004006,حرا Khan,97873-8109602-9,حسین خان,1962-04-25,343916,0
TAX004007,Imran Ch.,57189-7115138-8,,1986-08-24,160283,0
TAX004008,Ali سید,24472-7284551-6,فیصل Sayyid,1998-11-09,13863296,1989494
TAX004009,عائشہ راجہ,65668-3087391-0,Muhammad راجہ,1965-12-08,2905393,345808
TAX004010,Mohammed مغل,86854-7438095-9,,1976-08-07,1107202,76080
TAX004011,Muhammad Hasan Raja,36271-4481234-7,عثمان Raja,1991-09-23,320788,0
TAX004012,Hassan Raja,10356-2895794-8,عمران Raja,1960-11-26,677593,11638
TAX004013,احمد Chaudhary,89967-6466017-2,Muhammad حسن چوہدری,1967-02-09,540744,0
TAX004014,Ayisha اعوان,74182-9442696-7,Faisal Awan,1981-04-08,1911299,196694
TAX004015,ثناء Khan,18990-4220922-2,Ali خان,2002-01-27,2262034,249305
TAX004016,حسین Butt,96351-5013470-5,احمد Butt,1993-08-17,340666,0
TAX004017,Mohammad بلال Butt,72365-2869137-0,حسین Butt,1964-11-28,1896502,194475
TAX004018,Mohammad Shaykh,31504-3233234-4,Ahmed Shaykh,1986-01-23,647784,7167
TAX004019,Ahmad Ch.,98600-5626659-3,Mohammed حسین Chaudhry,1957-04-02,261169,0
TAX004020,ثناء Shaykh,75275-4745196-3,,1977-09-04,181963,0
TAX004021,Mohammed ملک,90373-9162253-9,بلال ملک,,2228672,244300
TAX004022,مریم خان,31512-1730759-8,علی خان,1961-03-09,3234240,395136
TAX004023,Mariam Bhatti,60970-3556272-9,Ali Butt,1962-12-08,257025,0
TAX004024,Ahmad Chaudhry,89395-7324612-8,Faysal Ch.,1975-01-19,363825,0
TAX004025,عمران Mughal,56657-5556286-9,Hussain مغل,2002-10-15,3025819,363872
TAX004026,Mohammad Butt,50191-3106371-1,حمزہ Bhatti,1978-07-08,418238,0
TAX004027,Hussain Sayed,,Muhammad Hussein Sayed,1981-12-26,150172,0
TAX004028,حسین Quraishi,27646-9583530-8,Imran قریشی,1997-07-10,2690849,313627
TAX004029,Muhammed Bhatti,72345-5928239-2,Ahmad Butt,1970-10-04,11465189,1629778
TAX004030,Zaynab بٹ,90641-4601321-7,Hamza Butt,1985-03-24,4710639,616595
TAX004031,عثمان Bhatti,43736-2939204-2,Osman Butt,2003-01-23,1629718,154457
TAX004032,Husain ملک,72203-3305936-2,Hassan Malik,1984-03-02,1675155,161273
TAX004033,Zainab Chaudhary,98446-1871707-6,حسن Choudhary,,1081974,72296
TAX004034,مریم چوہدری,30879-2626896-0,Imran Ch.,1976-09-07,627749,4162
TAX004035,Imran Sheikh,30855-2469840-8,فیصل Shaykh,1972-06-04,1831804,184770
TAX004036,عمران Moghul,97557-2565806-8,Ahmad Moghul,1961-10-20,150567,0
TAX004037,Hira راجہ,27682-1034726-6,حسین Raja,1967-04-22,227133,0
TAX004038,عثمان Ch.,34587-5761242-9,Muhammed Hamzah Ch.,2000-02-25,1098288,74743
TAX004039,محمد بٹ,98470-4619017-2,,1964-05-25,474940,0
TAX004040,Muhammad مغل,39487-2872198-6,حسن Moghul,1969-03-10,773746,26061
TAX004041,عمران Awan,43356-9055100-8,Hassan اعوان,1991-12-01,1130113,79516
TAX004042,احمد شیخ,91189-8242292-9,احمد Shaikh,1958-03-10,409630,0
TAX004043,Hamza Sheikh,95387-7039002-2,Muhammad Shaikh,1983-07-19,225846,0
TAX004044,Othman شیخ,21175-2510354-9,Mohammed Hamzah Sheikh,1986-09-19,1115584,77337
TAX004045,Mohammed Malik,16899-7248414-4,Hussein Malik,1956-03-15,6746892,922033
TAX004046,حسن Malik,54499-8907945-5,Ahmed ملک,1956-01-01,871167,40675
TAX004047,Hamza Bhatti,72231-4972428-8,Hussain Butt,1983-11-27,676570,11485
TAX004048,Othman راجہ,39736-1796213-2,احمد راجہ,,2471356,280703
TAX004049,Fatima Awan,24838-2566508-2,Faisal اعوان,1997-09-02,714757,17213
TAX004050,Ahmed Khan,30038-4900285-7,Mohammed Khan,1978-01-13,427069,0
TAX004051,Osman Shaikh,30935-6469512-4,Mohammad Bilal Shaykh,1976-12-22,2775768,326365
TAX004052,Muhammad بلال مغل,58573-6937465-9,Muhammed مغل,1968-07-11,1281484,102222
TAX004053,Ali Ch.,43506-8331453-6,Hamzah چوہدری,,1003295,60494
TAX004054,Maryam ملک,94412-8385587-9,Muhammed Malik,1972-06-25,16845726,2436858
TAX004055,Hussein Shaikh,88298-8160068-4,Muhammed علی Shaikh,1978-05-20,267257,0
TAX004056,Hasan اعوان,95852-7680009-0,,1973-09-20,782851,27427
TAX004057,Ahmed سید,55610-7376612-5,Muhammad Hasan Sayyid,1991-10-12,1581860,147279
TAX004058,حسین Shaikh,22240-6826583-0,Hussein Sheikh,1968-11-15,185524,0
TAX004059,Imran Sayyid,79628-9585325-3,,1988-12-24,640133,6019
TAX004060,بلال Bhatti,93053-8521781-5,Mohammed Faysal Butt,1983-10-19,3358739,413810
TAX004061,علی قریشی,92843-1970164-4,Hasan Quraishi,1979-09-06,631656,4748
TAX004062,Muhammad فیصل اعوان,18091-8602159-8,Mohammad Bilal Awan,1985-03-25,2178841,236826
TAX004063,Usman Raja,62960-8366538-8,Muhammed Faisal راجہ,1971-06-04,1387944,118191
TAX004064,Ali Mughal,93968-7470157-3,عثمان مغل,1959-09-28,1618798,152819
TAX004065,Mohammed حسن Sheikh,42202-7312770-1,Hasan شیخ,1998-11-01,584322,0
TAX004066,Zaynab Malik,30671-5848175-1,محمد ملک,1968-07-16,1684659,162698
TAX004067,ثناء Choudhary,87518-5465564-0,Muhammad احمد Ch.,1960-08-03,734020,20103
TAX004068,Muhammad Hamzah خان,23283-9875599-4,Bilal Khan,1984-10-02,627300,4095
TAX004069,حرا Chaudhry,93489-2771307-6,,1964-08-12,190917,0
TAX004070,Aysha ملک,27336-7214173-6,Bilal Malik,2002-02-18,1305768,105865
TAX004071,حسن Awan,75487-2046228-0,Ahmad اعوان,1955-03-25,1540753,141112
TAX004072,بلال راجہ,15483-6345741-1,محمد Raja,1962-02-25,805321,30798
TAX004073,Mohammad Bilal مغل,87073-2877401-0,,1984-07-20,229676,0
TAX004074,Mohammad ملک,49965-2331384-1,,1969-03-18,270273,0
TAX004075,Faisal Sayed,87342-6525685-8,,1962-07-15,261196,0
TAX004076,Ayisha Sheikh,49508-7551085-5,عثمان Shaikh,,2508446,286266
TAX004077,عمران Shaikh,93429-9805934-0,عثمان شیخ,1999-08-12,1859647,188947
TAX004078,محمد Shaikh,43008-3320597-6,Hasan Sheikh,1970-06-06,1118787,77818
TAX004079,Muhammad Husain Raja,26377-4259728-2,Mohammad Raja,1964-01-13,2933609,350041
TAX004080,Mohammed Choudhary,64436-8543246-6,Muhammed Hamzah چوہدری,1972-05-17,1495806,134370
TAX004081,Sana Khan,90601-2036514-0,Hussein خان,1994-07-08,1361911,114286
TAX004082,Maryam Sayed,32889-7347525-0,,2000-10-28,2121330,228199
TAX004083,Muhammed بٹ,64398-5996342-9,Osman Bhatti,1971-06-21,937128,50569
TAX004084,بلال Quraishi,25471-5112387-7,Ahmed Quraishi,1977-04-09,9548752,1342312
TAX004085,Muhammad Ali Raja,29139-3911243-7,بلال Raja,1982-06-09,84500,0
TAX004086,علی اعوان,47963-8186447-4,Usman اعوان,1995-05-21,9693336,1364000
TAX004087,Muhammad Sheikh,40628-7454975-6,Mohammed Othman Shaykh,2003-10-10,254465,0
TAX004088,حسن Shaykh,53633-5105321-3,Osman Shaikh,1979-07-17,1297986,104697
TAX004089,Zainab Awan,89271-3495761-0,,1999-10-18,364635,0
TAX004090,حرا سید,20222-7130822-7,Hamzah Syed,1955-02-10,245798,0
TAX004091,Usman Raja,30154-4554486-1,,1970-10-09,690734,13610
TAX004092,Imran اعوان,15118-2077186-6,Hassan اعوان,1993-08-21,304044,0
TAX004093,حرا Mughal,58580-2079683-0,Faisal مغل,1990-02-02,1758683,173802
TAX004094,Mohammed Hussain Chaudhary,28237-8707958-7,Hassan چوہدری,1963-01-22,682129,12319
TAX004095,علی Awan,82562-1142955-8,,1979-04-06,1140168,81025
TAX004096,حرا Chaudhary,50553-5135315-1,Muhammed Choudhary,1984-06-08,122904,0
TAX004097,Ayesha Bhatti,34372-8245643-4,,1992-04-01,5016899,662534
TAX004098,Mohammed Bilal Malick,76350-4385275-8,احمد Malick,1981-08-10,1119297,77894
TAX004099,عمران Mughal,16699-6968729-8,Muhammed Hussein Mughal,1997-08-09,1360210,114031
TAX004100,Hamza Quraishi,87258-9125581-2,Muhammad Husain قریشی,1976-10-15,153703,0
TAX004101,علی بٹ,48679-1442590-4,,,4573092,595963
TAX004102,Mohammad Hamza مغل,60375-3148368-6,فیصل مغل,1966-04-08,2188866,238329
TAX004103,Mohammad Khan,56038-4277114-9,Usman خان,1997-03-28,148309,0
TAX004104,Hira Choudhary,97581-4660723-1,Muhammad Ali Ch.,1977-03-10,1867776,190166
TAX004105,Ayesha Malick,25331-2048754-7,Othman Malik,1962-08-08,215374,0
TAX004106,عمران Chaudhry,48533-3958801-1,Usman Chaudhry,1960-06-14,333730,0
TAX004107,Hasan Raja,19164-8677416-1,حسن راجہ,1975-11-20,350511,0
TAX004108,Muhammad Quraishi,32820-6549843-6,علی Quraishi,,1973443,206016
TAX004109,Muhammed Hassan Chaudhary,20806-3587171-0,Mohammad Faisal Choudhary,1994-03-18,439544,0
TAX004110,Sana بٹ,73099-6545110-1,,1969-07-22,5861018,789152
TAX004111,حرا قریشی,59217-2742172-2,,1975-12-13,1760435,174065
TAX004112,Hussein Malik,84954-4969039-3,Muhammad احمد ملک,1960-02-11,368646,0
TAX004113,Muhammad Husain خان,26407-2667301-8,Muhammed خان,1980-12-23,1309036,106355
TAX004114,Mohammad حسن سید,40263-7196258-1,,1975-03-05,2742311,321346
TAX004115,بلال قریشی,36118-2037381-7,Hassan Quraishi,1994-09-15,981583,57237
TAX004116,Othman Butt,13886-1066712-7,Muhammad Hussein بٹ,1976-11-25,1049015,67352
TAX004117,Marium Bhatti,65064-6810442-1,Imran Butt,1968-02-13,532664,0
TAX004118,Muhammad حسن Ch.,15211-6578730-7,Othman Choudhary,1984-12-17,3035459,365318
TAX004119,Hamza Khan,13044-8658524-6,بلال خان,1982-01-13,514058,0
TAX004120,Mohammed راجہ,65907-2373687-0,بلال Raja,1987-10-14,1093624,74043
TAX004121,Ali Sayyid,45539-2800115-4,Muhammed Ahmad Sayyid,1966-11-09,8429071,1174360
TAX004122,حسن مغل,77475-4529089-5,Faisal Mughal,1979-01-01,2521990,288298
TAX004123,Muhammad راجہ,60787-4636142-8,عمران Raja,1962-10-07,1245767,96865
TAX004124,Hamza Malik,76316-4697461-8,احمد Malick,1994-09-16,103245,0
TAX004125,زینب خان,19700-8807387-5,Hamzah Khan,1981-12-01,5893775,794066
TAX004126,حرا Awan,26533-7903772-2,حسین اعوان,1993-02-11,539910,0
TAX004127,علی Raja,67210-6653851-1,Muhammad Hamzah راجہ,1986-04-03,3813719,482057
TAX004128,Zaynab Mughal,41364-6471990-2,Mohammad Hamzah مغل,1998-07-26,7241087,996163
TAX004129,Muhammed Faysal Choudhary,96407-7205796-1,Ahmed Choudhary,1988-03-11,557461,0
TAX004130,احمد سید,24380-8646405-2,,1961-06-09,9308401,1306260
TAX004131,Bilal Sheikh,35588-5820513-1,Hassan Sheikh,1976-01-07,541395,0
TAX004132,Zaynab مغل,42698-8480154-4,Hussain Mughal,1982-12-11,554976,0
TAX004133,Ahmad راجہ,90581-3967778-1,Muhammed Ali Raja,1976-06-17,1419592,122938
TAX004134,Maryam بٹ,,Mohammad Othman بٹ,1959-04-10,1378449,116767
TAX004135,Muhammad Imran Sayed,91219-8194576-3,,1986-05-10,1479470,131920
TAX004136,Hussain Malick,41241-9701233-3,حسین Malik,1960-01-14,1716819,167522
TAX004137,فیصل Moghul,60127-7151944-6,Mohammad علی مغل,2000-01-14,181975,0
TAX004138,Mohammad Faysal Chaudhry,67750-9170386-7,Hussein Chaudhry,1974-02-02,5503118,735467
TAX004139,Hassan مغل,24676-9720327-2,Mohammad Moghul,1955-04-22,222049,0
TAX004140,Muhammad Usman Raja,99676-2901755-7,Mohammed Hasan راجہ,1998-12-05,92939,0
TAX004141,Mohammad Ahmed Khan,61716-5721741-6,Mohammad Usman Khan,1961-09-09,2987950,358192
TAX004142,حرا Mughal,55830-9398177-7,Muhammad Faisal مغل,2001-06-15,587283,0
TAX004143,Sana Shaikh,56445-2617893-0,Imran Shaykh,1996-12-25,178597,0
TAX004144,Muhammad Ali اعوان,61443-9727917-6,Imran Awan,1997-10-19,541943,0
TAX004145,Muhammad خان,60497-6552571-0,حسن خان,1958-06-05,1608223,151233
TAX004146,Muhammad اعوان,22476-4740567-3,Othman اعوان,1966-10-10,2244069,246610
TAX004147,Marium Khan,64733-2185397-0,Imran خان,1972-11-22,761604,24240
TAX004148,عائشہ Butt,78355-8116204-8,Muhammad Hamzah Butt,1980-02-05,440300,0
TAX004149,Marium اعوان,24881-4291026-5,Hussain اعوان,1995-06-13,17811,0
TAX004150,احمد قریشی,92173-4207283-4,Mohammad عمران Quraishi,1996-10-28,588338,0
TAX004151,Mohammed حسین Malik,38170-7785598-4,علی Malick,1970-08-24,204309,0
TAX004152,Mohammad علی Butt,92087-8379085-1,Mohammed Imran Bhatti,,347997,0
TAX004153,Muhammad حمزہ اعوان,48578-3367427-9,,1961-01-27,1958032,203704
TAX004154,Mohammed عمران Shaikh,21389-9055474-5,Muhammed Sheikh,2001-08-22,923053,48457
TAX004155,Ahmad Chaudhry,17912-5604366-9,Bilal چوہدری,1960-10-14,622225,3333
TAX004156,Ahmed مغل,32505-9076945-1,,,7161680,984252
TAX004157,ثناء Sayed,67894-9581868-5,حمزہ Sayed,1984-02-22,347973,0
TAX004158,احمد Mughal,35555-2449367-7,Muhammed Bilal Mughal,2001-12-16,782959,27443
TAX004159,حرا Khan,32449-8357716-9,بلال خان,1965-12-09,95802,0
TAX004160,Hassan خان,89486-9337918-8,Muhammad Khan,1981-05-14,442020,0
TAX004161,Faisal Malik,,,1986-12-09,3819833,482974
TAX004162,علی خان,28509-3799531-6,عمران Khan,1980-09-16,1936570,200485
TAX004163,Zainab قریشی,47610-6497547-7,Muhammad بلال قریشی,1975-04-01,1216283,92442
TAX004164,Mohammad بلال Bhatti,76226-2872750-3,Ali بٹ,1964-03-12,410248,0
TAX004165,احمد Sheikh,61542-6132300-3,Muhammed Usman Sheikh,2001-01-19,96805,0
TAX004166,Mohammad حمزہ Chaudhry,84725-3528191-6,Muhammad Bilal Chaudhary,1966-03-26,1262660,99399
TAX004167,Maryam Sayed,82801-3553842-8,Muhammed سید,1985-02-02,216709,0
TAX004168,زینب Malik,88357-7528706-9,Hamzah Malick,1993-04-22,1751854,172778
TAX004169,Faisal Ch.,35649-4286973-8,,1982-09-17,449376,0
TAX004170,Sana مغل,55285-9602108-1,حمزہ Mughal,1968-09-28,777460,26619
TAX004171,Muhammad بلال Quraishi,42699-6580456-0,Hamzah قریشی,1995-10-27,646694,7004
TAX004172,Mohammad Hamzah راجہ,92811-7038273-2,Ahmed Raja,1992-10-17,520159,0
TAX004173,فیصل Syed,37343-5853906-2,Faysal سید,1994-12-12,769316,25397
TAX004174,Mohammed Ali Sayyid,80071-2479358-0,,1980-08-15,1025098,63764
TAX004175,Sana Sayed,98873-9089143-1,Muhammad Imran Syed,1959-10-02,3994780,509217
TAX004176,بلال راجہ,39861-4644147-0,عثمان Raja,1968-12-16,197027,0
TAX004177,Hussein Shaikh,17252-4949097-3,علی Shaykh,1972-09-23,702944,15441
TAX004178,Ahmad راجہ,89384-2862793-9,Imran Raja,1981-07-03,804186,30627
TAX004179,Bilal چوہدری,33918-5436041-7,بلال Chaudhary,1968-10-18,4720550,618082
TAX004180,Hira Raja,11473-8802657-2,,1998-12-10,746708,22006
TAX004181,عمران Khan,91515-9572486-6,بلال خان,1998-12-19,84258,0
TAX004182,عثمان خان,45033-1481563-4,Mohammed عمران Khan,2003-08-24,474522,0
TAX004183,Zainab Bhatti,52151-4940134-6,Muhammad Hussein Butt,1994-10-13,1481083,132162
TAX004184,حرا Mughal,88278-8659211-2,,1965-03-23,869588,40438
TAX004185,Hira ملک,41056-1572791-0,علی Malik,1986-01-05,1117940,77691
TAX004186,Mohammad Hamzah سید,67264-5080844-8,محمد Sayed,1975-02-09,383820,0
TAX004187,Bilal مغل,20600-6838149-5,Muhammad Imran Mughal,1977-10-08,2292775,253916
TAX004188,Ali بٹ,56651-8317039-5,Ali بٹ,1968-03-05,1948178,202226
TAX004189,Husain Malik,84948-7268303-1,Hamza Malick,1980-10-20,690708,13606
TAX004190,Imran ملک,86519-6488627-9,Muhammad Malik,1985-01-12,238415,0
TAX004191,ثناء Quraishi,66542-4500871-6,احمد Qureshi,1996-02-26,622262,3339
TAX004192,Mohammad Raja,69425-4200220-0,Bilal راجہ,1991-10-08,444184,0
TAX004193,Muhammed Othman Shaikh,78084-7652566-2,عمران Shaykh,1991-04-01,278026,0
TAX004194,Mohammed قریشی,75858-7025935-0,Othman Qureshi,1979-01-18,273368,0
TAX004195,Ali سید,81604-6937212-8,,1981-06-09,1141744,81261
TAX004196,Imran Bhatti,87887-5056936-8,Bilal Butt,1977-05-15,1813754,182063
TAX004197,حرا Khan,76892-8673204-4,عمران خان,1985-01-11,542950,0
TAX004198,Mohammad قریشی,86600-6179678-4,Bilal Qureshi,1961-06-01,4313245,556986
TAX004199,Usman Khan,92362-7291032-6,Muhammed Bilal Khan,1958-06-01,200442,0
TAX004200,Usman Awan,73530-4569527-7,Faysal Awan,1999-04-19,117070,0
TAX004201,Zainab چوہدری,84311-1699056-3,,1964-02-23,154137,0
TAX004202,عائشہ Moghul,28099-8643180-6,Husain مغل,1986-02-25,6057490,818623
TAX004203,Hasan شیخ,19734-1825138-2,,1996-07-25,2413715,272057
TAX004204,Hamzah Awan,24295-4677693-3,Muhammed Awan,1994-09-08,2622017,303302
TAX004205,Hassan Awan,37069-6178936-6,Mohammed Hasan اعوان,1967-12-06,321476,0
TAX004206,Mohammad عثمان سید,82412-7588178-6,Imran Sayed,1957-12-22,578932,0
TAX004207,Muhammad Khan,85467-6866549-3,Imran Khan,1962-06-16,751150,22672
TAX004208,احمد Quraishi,99731-6587167-7,Imran Qureshi,1961-09-21,765243,24786
TAX004209,فیصل ملک,78107-2920303-5,Muhammed احمد Malick,1973-05-14,2615943,302391
TAX004210,Mohammed Husain ملک,14657-1062560-6,Usman Malik,1981-03-13,1709912,166486
TAX004211,Muhammad حسین Quraishi,93072-7694861-3,حمزہ Quraishi,1986-07-14,2620704,303105
TAX004212,Faisal مغل,96862-4835828-4,,1963-04-26,845490,36823
TAX004213,Fatimah Shaikh,45307-9562624-4,Muhammed فیصل Sheikh,1996-02-17,2424916,273737
TAX004214,Muhammad Hussain Sayyid,77728-4920784-6,Muhammed Hasan Syed,2000-06-18,559361,0
TAX004215,Hasan Malick,92568-4349758-1,Mohammed Hassan ملک,1977-07-04,414818,0
TAX004216,Ali Awan,72235-4148406-4,حسین اعوان,1984-10-26,175437,0
TAX004217,Hassan Moghul,59841-2277467-9,Bilal مغل,1990-03-06,2856308,338446
TAX004218,Hasan Malick,99322-9314428-4,Muhammed ملک,1988-08-10,2857112,338566
TAX004219,Fatema Moghul,85327-8044262-1,Muhammad Hamzah Moghul,1977-07-11,1532027,139804
TAX004220,Muhammed Bilal Malik,47901-5404727-2,Osman Malick,1962-02-17,10151085,1432662
TAX004221,Othman ملک,26520-5855206-1,Mohammad عثمان Malik,1963-09-14,1246318,96947
TAX004222,Ahmad Sayed,16285-7385983-4,Mohammad فیصل Sayyid,,1869912,190486
TAX004223,Hira قریشی,22631-7029946-6,,1961-05-14,1084576,72686
TAX004224,Mohammad احمد قریشی,34613-8972035-6,,1972-01-24,36232,0
TAX004225,Hussain Malik,12244-1096746-7,Ahmad Malick,1991-06-16,181740,0
TAX004226,عثمان ملک,56980-2654870-4,فیصل Malick,1999-11-12,3895989,494398
TAX004227,Fatimah سید,71210-3933318-9,Muhammad Bilal سید,1982-12-03,115202,0
TAX004228,Hasan راجہ,60150-6216605-8,Ali Raja,1984-12-06,9266319,1299947
TAX004229,Mohammed Faisal Mughal,12291-6229967-6,Hussein مغل,1971-06-01,610697,1604
TAX004230,Hira خان,26302-1798227-8,Ahmed خان,1987-08-08,1504479,135671
TAX004231,Hira Sayyid,69897-4075998-2,Hasan Sayed,1986-04-27,969602,55440
TAX004232,Mohammad Hussein Ch.,15877-6569203-9,Mohammed Chaudhry,,1890378,193556
TAX004233,Muhammad Ali Syed,87293-4456625-0,Mohammad Osman سید,1968-10-15,743433,21514
TAX004234,Muhammad Ahmed Chaudhary,86992-8287075-4,علی Ch.,1981-01-21,974122,56118
TAX004235,Muhammad فیصل Raja,70082-3622869-7,Muhammad Husain Raja,1955-12-11,654203,8130
TAX004236,Ahmad Sayyid,19025-2493479-3,Bilal Sayyid,1978-07-10,3062644,369396
TAX004237,Mohammed Othman Butt,15337-1707131-6,,1989-11-19,1245396,96809
TAX004238,حسن راجہ,57185-8759448-9,Faysal راجہ,1967-09-21,1202804,90420
TAX004239,Usman راجہ,30396-6470072-1,Hamzah راجہ,1972-08-11,1343143,111471
TAX004240,Mariam Quraishi,51246-2713528-2,Imran Quraishi,1987-11-20,652944,7941
TAX004241,Muhammed Ali Malik,94411-9654286-7,Usman Malik,1968-11-25,653392,8008
TAX004242,Mohammad علی ملک,77020-4598011-5,حسین ملک,1998-06-25,237652,0
TAX004243,Muhammad Faisal سید,83652-3133971-5,علی Sayed,1978-05-07,806981,31047
TAX004244,Hasan Quraishi,56133-2059839-7,,1998-05-26,2310104,256515
TAX004245,بلال Raja,84065-3544001-4,,1961-06-16,16080,0
TAX004246,Muhammed راجہ,15098-4579217-0,Mohammed علی راجہ,1966-02-23,2774702,326205
TAX004247,Ahmed شیخ,88159-9590345-3,Ali Shaikh,1967-03-18,5437749,725662
TAX004248,علی شیخ,92301-3232359-6,,1962-05-09,230466,0
TAX004249,Mohammed عثمان Khan,26336-4589508-7,عمران Khan,1983-08-18,1266334,99950
TAX004250,Ahmad قریشی,,عمران Qureshi,1974-03-07,2329429,259414
TAX004251,فاطمہ Qureshi,64332-1681539-3,Hassan Quraishi,2000-07-27,461961,0
TAX004252,Mohammed احمد خان,20861-8633502-3,Muhammed علی خان,1967-12-18,134215,0
TAX004253,علی Awan,71511-8332314-2,Bilal Awan,1955-03-07,2131414,229712
TAX004254,محمد Moghul,80002-8274447-8,Faisal Moghul,1960-10-24,2406858,271028
TAX004255,Marium Mughal,97540-9801494-1,فیصل Mughal,1996-02-21,985142,57771
TAX004256,Zaynab سید,40734-2400418-9,Mohammad Sayed,1957-03-10,1891298,193694
TAX004257,Zainab راجہ,69386-4535671-5,Hasan راجہ,1967-03-16,1329077,109361
TAX004258,مریم سید,79866-7190401-8,Hussain Sayyid,1968-02-03,848661,37299
TAX004259,بلال قریشی,90707-5245618-7,Hasan Qureshi,1994-07-24,3943564,501534
TAX004260,احمد Khan,67533-9309249-1,Mohammed خان,1968-11-02,3495077,434261
TAX004261,Zainab Mughal,83036-6547750-8,Bilal Moghul,,3455865,428379
TAX004262,حسن Butt,23084-5391339-9,Hussein Butt,1976-03-24,1360729,114109
TAX004263,Aisha Sayed,91863-9592928-1,عمران Sayyid,,780198,27029
TAX004264,Othman ملک,48248-1035771-5,Muhammed Malick,1990-06-01,3256765,398514
TAX004265,حسین اعوان,88827-7736712-3,Bilal Awan,1971-02-06,4621384,603207
TAX004266,Fatima قریشی,85352-3991472-4,Osman Quraishi,,271391,0
TAX004267,Mohammed Hussein خان,69447-5750894-4,Mohammad علی خان,1978-11-08,505556,0
TAX004268,ثناء Qureshi,66689-9440853-2,Mohammad قریشی,1991-02-18,2878748,341812
TAX004269,Muhammed Faisal Awan,12006-8303487-3,Mohammad عثمان اعوان,1961-11-11,175098,0
TAX004270,Hamza Qureshi,25374-1379657-0,Mohammad علی Qureshi,1997-06-07,2219795,242969
TAX004271,عمران Sayyid,94825-4953879-7,Hamza Syed,1977-09-15,876657,41498
TAX004272,Ayesha Awan,99738-2927070-5,,1970-04-01,2093402,224010
TAX004273,Usman Sayyid,45600-8466521-4,Ahmad سید,1967-04-03,261122,0
TAX004274,Sana Chaudhry,80698-6052219-2,Ali Ch.,1981-11-14,3031800,364770
TAX004275,Muhammed Mughal,37046-6220761-9,Ahmad مغل,,248019,0
TAX004276,بلال سید,37152-7726645-4,Bilal Sayyid,2000-04-11,347302,0
TAX004277,Muhammad علی Shaikh,27782-4565885-2,Osman Shaykh,1998-04-27,160217,0
TAX004278,Faysal Awan,37751-5289247-9,,1977-08-15,3992913,508936
TAX004279,عثمان Shaykh,75037-1002068-6,Hussain Shaykh,1955-07-10,3761420,474213
TAX004280,Fatimah Sheikh,34847-5518821-9,Muhammed Ahmad Sheikh,1971-02-28,2013051,211957
TAX004281,ثناء Sayed,49001-3804005-7,Muhammed Ali Sayyid,2001-02-06,473986,0
TAX004282,Mohammad Usman Bhatti,73759-8015877-8,Muhammad حمزہ Bhatti,1994-07-16,180761,0
TAX004283,Marium Sheikh,35491-1079967-1,,1968-04-05,1386768,118015
TAX004284,Ahmad Awan,94014-7996666-7,Ahmed Awan,1993-10-13,1588280,148242
TAX004285,فیصل ملک,25679-6170657-7,Usman Malick,1982-02-14,1127021,79053
TAX004286,Mohammad عمران بٹ,,,1987-03-27,1101214,75182
TAX004287,بلال Malik,11412-7381427-6,,1998-06-20,1938991,200848
TAX004288,Usman اعوان,16025-9467138-5,محمد اعوان,1982-10-01,1493138,133970
TAX004289,حسین Awan,34118-1826549-2,Hamza Awan,1968-01-27,667890,10183
TAX004290,Imran قریشی,22761-3336991-9,علی قریشی,,572571,0
TAX004291,حسن قریشی,39475-4763279-9,Imran Qureshi,1994-11-12,744154,21623
TAX004292,Mohammad Faisal Moghul,41935-8679467-9,Ali Moghul,1983-09-15,635193,5278
TAX004293,حسن Sayed,48410-4059294-2,Faysal Sayyid,1979-07-11,2334036,260105
TAX004294,عمران Sayyid,45488-4321112-0,Bilal Sayed,,435518,0
TAX004295,Imran Butt,92082-3069658-9,Imran Butt,1999-08-05,5652068,757810
TAX004296,Mohammad احمد چوہدری,77858-5558113-3,Mohammed حسن Chaudhry,1992-02-10,202576,0
TAX004297,احمد اعوان,42660-4271879-0,Usman اعوان,1955-08-25,128799,0
TAX004298,Muhammed Bhatti,32388-8399048-1,Faysal Butt,1965-10-18,1148426,82263
TAX004299,Mohammed عمران Bhatti,63655-2450718-6,Faysal Bhatti,1968-11-14,290743,0
TAX004300,Muhammed Hamza Butt,41837-8983125-6,Ali Bhatti,1966-07-28,320923,0
TAX004301,احمد Quraishi,80000-4528832-8,,1960-07-08,7234182,995127
TAX004302,Bilal Butt,63810-9395855-4,حمزہ Bhatti,1961-04-06,4096928,524539
TAX004303,Ahmad Khan,95050-2694511-5,Imran خان,1998-06-22,630754,4613
TAX004304,عمران Malik,22288-5785479-6,Mohammed ملک,1963-04-25,5659792,758968
TAX004305,Othman Mughal,76879-1247396-1,,1958-09-04,194198,0
TAX004306,بلال Choudhary,74904-7418070-6,Muhammad Chaudhry,1964-08-04,1709599,166439
TAX004307,Sana Raja,71411-9599735-7,احمد راجہ,,3062000,369300
TAX004308,Hussain Awan,55624-2488469-0,Hussein اعوان,1985-04-01,827906,34185
TAX004309,حسن خان,50518-7405376-9,حمزہ خان,1989-11-19,1712868,166930
TAX004310,فاطمہ Butt,12790-2534061-9,Hamzah بٹ,1981-09-24,507827,0
TAX004311,Mohammad Hassan Butt,18019-5333889-1,Mohammad Faysal Butt,1978-02-22,2008185,211227
TAX004312,Mohammad Awan,19245-8997838-0,بلال Awan,1999-02-13,348734,0
TAX004313,ثناء Butt,80578-3273066-0,Faisal Bhatti,1988-08-05,2169208,235381
TAX004314,Muhammad Hamza Shaikh,70451-3871078-1,Hasan شیخ,1991-07-28,881873,42280
TAX004315,محمد Mughal,10997-5571883-9,Husain Moghul,1962-08-24,1121935,78290
TAX004316,احمد مغل,67524-1937735-6,Bilal مغل,1988-07-08,1523095,138464
TAX004317,عمران مغل,77318-5197505-0,Hussain مغل,1985-01-25,380076,0
TAX004318,Ayesha شیخ,60891-6812640-6,Hussain Sheikh,1961-11-14,6886153,942922
TAX004319,Ayesha Qureshi,20897-2994417-2,Muhammad Qureshi,1986-01-04,511011,0
TAX004320,عثمان راجہ,58132-8092773-7,Mohammad Faisal Raja,1966-07-06,506542,0
TAX004321,Mohammed Othman اعوان,55801-1474412-3,Hassan Awan,1977-10-26,480212,0
TAX004322,Imran خان,,عمران خان,2002-04-25,368714,0
TAX004323,علی Shaikh,97220-9321239-8,Osman Sheikh,1968-03-27,308252,0
TAX004324,احمد Ch.,81320-4644223-0,,,475076,0
TAX004325,Muhammed Hamza Raja,98155-1779183-9,Osman Raja,1994-01-05,743665,21549
TAX004326,حرا Moghul,45551-7558388-3,بلال مغل,1993-02-25,921429,48214
TAX004327,عمران Chaudhary,44959-9902508-8,Hasan Chaudhary,,5020563,663084
TAX004328,Ayesha سید,68336-8969409-1,Mohammad حمزہ سید,2000-08-11,633470,5020
TAX004329,Muhammad علی Sayyid,56860-5564466-8,,1984-09-18,3273497,401024
TAX004330,Ahmad شیخ,31476-8460078-7,Muhammad Shaykh,1978-01-26,824533,33679
TAX004331,Zainab Qureshi,66355-3735306-4,,1989-02-18,261948,0
TAX004332,Maryam Raja,58234-1419124-1,Hasan Raja,1991-02-19,931426,49713
TAX004333,Zaynab ملک,12877-2698398-3,Hussain ملک,1994-11-26,186825,0
TAX004334,Hassan راجہ,96999-2260988-4,Mohammed Raja,1973-07-06,761175,24176
TAX004335,Othman اعوان,63811-3727274-7,Muhammad Hassan اعوان,1969-01-17,399355,0
TAX004336,Hassan Butt,50617-7656661-8,Muhammed Husain بٹ,,1341202,111180
TAX004337,Faysal Qureshi,60729-8022814-1,Hamza Quraishi,1984-12-22,2303434,255515
TAX004338,ثناء خان,19959-9404704-4,Bilal Khan,1983-07-03,1104804,75720
TAX004339,Muhammad Ahmad ملک,56018-7777457-2,Muhammad Osman Malick,1985-12-13,384802,0
TAX004340,علی Raja,69458-6761812-5,Mohammad Raja,1956-01-25,12547153,1792072
TAX004341,Bilal Sayed,59069-8530043-2,,1978-07-05,663656,9548
TAX004342,محمد Shaikh,51853-4000996-8,حسن شیخ,1991-12-01,8249397,1147409
TAX004343,Mohammad Hassan Awan,97168-8657036-2,Muhammad اعوان,1997-04-05,287611,0
TAX004344,Mohammad علی Ch.,57927-8053877-7,حمزہ Chaudhary,1994-05-13,146461,0
TAX004345,Mohammed علی Bhatti,76237-5746584-2,,1996-09-20,959169,53875
TAX004346,Hamza اعوان,,عثمان اعوان,1988-06-22,1030039,64505
TAX004347,Bilal Butt,86253-4011272-4,Mohammad علی Butt,1983-10-08,1384310,117646
TAX004348,Faysal Raja,62233-6802768-2,علی راجہ,1997-09-16,160567,0
TAX004349,Ahmed راجہ,79506-7598577-3,Hussein راجہ,1995-02-09,189106,0
TAX004350,مریم Butt,35799-8478826-1,,1967-02-17,137252,0
TAX004351,Hamzah Awan,17178-7875474-8,Imran اعوان,1988-11-13,840933,36139
TAX004352,Ali خان,,عمران Khan,1973-07-06,3089145,373371
TAX004353,Mohammad Hussain Sayed,79634-7789606-5,احمد Syed,1977-04-03,884266,42639
TAX004354,Hasan Raja,75772-9124929-9,Muhammad Raja,1989-12-27,515347,0
TAX004355,Zaynab Malik,63721-1890293-1,Mohammad حمزہ Malick,1955-12-12,2322701,258405
TAX004356,Marium خان,58443-3767557-2,Bilal خان,1974-02-24,1623072,153460
TAX004357,علی Awan,38090-2354397-8,,1958-03-03,1100688,75103
TAX004358,Mohammad Raja,99885-6285570-5,Usman Raja,1983-11-16,5387497,718124
TAX004359,Ali راجہ,89485-2145745-3,علی Raja,1997-12-03,414688,0
TAX004360,Bilal Syed,44484-9682722-3,عثمان سید,1992-09-21,664152,9622
TAX004361,Fatima Shaykh,51371-9564350-4,عثمان Sheikh,1982-03-16,5850760,787614
TAX004362,Ayisha شیخ,61429-9811747-1,Muhammad عثمان Shaikh,1991-09-20,1567562,145134
TAX004363,Bilal سید,48917-8841184-8,Hassan Sayyid,1958-07-05,319997,0
TAX004364,حرا Qureshi,84212-9383571-2,حسین Qureshi,1972-05-13,185078,0
TAX004365,علی Raja,15620-3898378-7,,1992-04-22,4144685,531702
TAX004366,فیصل Raja,28774-3321767-0,Mohammad Ali Raja,2003-02-11,1537428,140614
TAX004367,Mohammed Imran Qureshi,60237-9550140-4,Mohammed Qureshi,1975-05-27,4790076,628511
TAX004368,Ali Chaudhry,,Hamza Choudhary,1978-02-20,618644,2796
TAX004369,علی Syed,41708-5814038-7,,,1170016,85502
TAX004370,Imran Bhatti,93338-4678198-1,Muhammad Butt,1968-03-07,400609,0
TAX004371,Hussain Chaudhary,73059-4961440-0,عثمان چوہدری,1990-06-18,1103617,75542
TAX004372,Osman Moghul,81503-3491736-2,Mohammad Husain Mughal,1968-02-05,420190,0
TAX004373,علی قریشی,75774-9719101-3,Faisal Qureshi,,2658594,308789
TAX004374,Ahmed Shaikh,12718-7921658-7,محمد Shaikh,1984-08-27,1018218,62732
TAX004375,Muhammed Hussein بٹ,71459-6467356-9,,1959-02-08,97292,0
TAX004376,ثناء اعوان,98313-1696128-4,,1965-07-26,3856031,488404
TAX004377,Fatima Mughal,79248-5810257-5,عمران Mughal,1968-12-04,324230,0
TAX004378,Hassan قریشی,55214-9446067-7,Mohammed علی Qureshi,1979-04-22,73975,0
TAX004379,Muhammed شیخ,89421-3593993-6,,1966-02-24,1282971,102445
TAX004380,Fatimah راجہ,74043-5184535-6,Bilal Raja,,199408,0
TAX004381,Mohammed Bilal Mughal,91329-1044315-1,فیصل Mughal,,288301,0
TAX004382,Osman Syed,86172-6592018-0,Ali Syed,1959-02-28,7548076,1042211
TAX004383,Ayisha Khan,80461-3348884-2,علی Khan,1958-06-08,1592659,148898
TAX004384,Faysal Qureshi,79355-9864053-0,Hussain Quraishi,1982-07-03,772428,25864
TAX004385,Ahmad Butt,44545-8814591-5,فیصل بٹ,1994-12-04,207057,0
TAX004386,Faisal Khan,52492-1977914-6,عمران خان,1988-11-24,264706,0
TAX004387,Ayisha شیخ,25875-8125573-0,Muhammad Hasan Shaykh,1977-01-05,848056,37208
TAX004388,محمد Sayed,70688-2020050-5,Ali سید,1972-02-22,2053986,218097
TAX004389,Osman سید,80367-7974007-6,حمزہ Syed,1980-11-22,797593,29638
TAX004390,Bilal Moghul,31734-9472953-4,Mohammed مغل,1956-01-27,1350471,112570
TAX004391,Mohammad حمزہ بٹ,76922-5550331-7,Ahmad Butt,1956-08-08,1528442,139266
TAX004392,Ali قریشی,59231-4744731-7,بلال Qureshi,1965-11-24,808449,31267
TAX004393,Hussain قریشی,54867-5629556-1,Hamza Quraishi,,246659,0
TAX004394,Ayisha خان,12490-6897132-9,Ahmed Khan,1962-09-13,837011,35551
TAX004395,ثناء Ch.,91985-4458014-4,عمران Choudhary,1997-10-03,3019752,362962
TAX004396,فاطمہ Malik,93015-6888511-8,Muhammed Malik,1996-01-17,1599688,149953
TAX004397,Hamzah قریشی,24371-9539040-3,Muhammed عمران Qureshi,1963-04-16,334550,0
TAX004398,Hussain Bhatti,12166-2768361-3,Muhammad Imran Bhatti,,189833,0
TAX004399,Ahmed Raja,90758-4787797-2,Muhammed Bilal راجہ,2002-05-11,571155,0
TAX004400,Fatema Ch.,18752-1792275-6,Usman چوہدری,1967-07-02,936335,50450
TAX004401,Ayesha Shaikh,20356-1638631-8,,1979-03-21,605125,768
TAX004402,Zaynab Syed,90497-1004433-6,Muhammed Syed,1974-02-17,939912,50986
TAX004403,Faisal Qureshi,23150-2425117-8,علی Quraishi,1990-10-05,363639,0
TAX004404,زینب راجہ,38753-7057339-8,حسن Raja,1956-10-16,6635201,905280
TAX004405,Fatima ملک,27617-9415379-9,Bilal Malick,1992-02-17,435144,0
TAX004406,Muhammad Hamzah Qureshi,38566-5199995-5,Husain قریشی,,335580,0
TAX004407,Ali خان,54345-6756708-8,Hasan Khan,,1524409,138661
TAX004408,حسن Bhatti,41456-2433491-9,Ali Butt,1983-12-06,1948293,202243
TAX004409,Sana Chaudhry,75103-4152633-2,Imran چوہدری,1960-09-03,1064760,69714
TAX004410,مریم Malik,39610-5772954-0,,1958-08-28,5803489,780523
TAX004411,Osman Awan,72092-2113213-8,Mohammed Hussain Awan,1995-09-01,4750930,622639
TAX004412,حسن Mughal,56560-2308844-9,Ali مغل,1984-08-05,933302,49995
TAX004413,حرا Sayed,59468-2266679-8,,1982-09-19,281731,0
TAX004414,Hassan سید,68081-6193707-7,محمد Sayed,1995-10-04,1550097,142514
TAX004415,Faysal Sheikh,76965-4761948-3,Imran شیخ,1963-12-13,2446025,276903
TAX004416,Sana مغل,27775-7324951-6,Muhammed Bilal Moghul,1998-10-19,670094,10514
TAX004417,Hamza Awan,93108-8119054-6,عثمان اعوان,1984-05-18,202405,0
TAX004418,فیصل اعوان,88703-8784269-7,Mohammad Bilal اعوان,1985-04-23,2150146,232521
TAX004419,Mohammad اعوان,63933-9799282-2,Muhammed Hassan Awan,1996-12-08,965776,54866
TAX004420,Muhammed Faysal Chaudhary,47031-2565912-2,,1986-09-17,406470,0
TAX004421,Hamza چوہدری,44277-7755161-0,عثمان Chaudhry,,567078,0
TAX004422,Ahmed Chaudhary,93648-6574564-8,Hamza Choudhary,1998-09-19,1313148,106972
TAX004423,علی شیخ,25418-6598026-7,Mohammed بلال Shaikh,1994-04-02,484716,0
TAX004424,حرا Khan,98120-1170355-6,,1967-11-22,1024714,63707
TAX004425,Hussein Chaudhry,91874-2320971-9,Mohammed Hamza چوہدری,1974-08-01,3392708,418906
TAX004426,Mohammed Imran سید,24654-8379384-2,Hussein Sayyid,1994-09-21,880071,42010
TAX004427,Hussain Chaudhry,16162-5204563-1,Bilal Choudhary,1964-11-23,244557,0
TAX004428,Fatima Bhatti,89541-7365892-2,Mohammed عمران Bhatti,1997-08-02,6377080,866562
TAX004429,Ahmed قریشی,68827-2037931-1,فیصل Qureshi,,2245405,246810
TAX004430,Othman مغل,30800-1756182-7,Ahmed Moghul,1988-10-18,400728,0
TAX004431,Ali ملک,82778-7670460-0,عثمان Malick,1957-04-10,4731406,619710
TAX004432,Mohammed حمزہ Ch.,73238-5307766-1,حسین Ch.,1981-06-12,1287421,103113
TAX004433,Hassan Chaudhary,86940-2258195-6,Husain چوہدری,,2111889,226783
TAX004434,Muhammed Chaudhary,40499-9598844-6,Hussein Chaudhry,1987-07-11,2745888,321883
TAX004435,Husain Chaudhary,51559-1024156-1,,1960-07-12,2120774,228116
TAX004436,Muhammed Bilal Sayyid,91961-9051117-7,Imran Sayed,1995-02-27,955728,53359
TAX004437,Usman Shaykh,81769-8267899-4,Faysal Shaikh,,1445115,126767
TAX004438,Faysal خان,56027-2273329-8,Muhammed Hussein Khan,1957-07-07,183297,0
TAX004439,Mohammad بلال قریشی,28976-8646419-1,Mohammad Quraishi,1957-05-20,413828,0
TAX004440,Ali سید,77691-5450679-7,Mohammad Sayyid,2001-10-18,538543,0
TAX004441,Othman خان,60225-4544542-3,Faysal خان,1998-12-05,1729957,169493
TAX004442,Fatema Qureshi,27576-8188969-5,Muhammad Hamza قریشی,2002-02-04,503575,0
TAX004443,Hussein Moghul,76959-4555281-0,Muhammad Moghul,1982-03-28,688320,13248
TAX004444,Faisal Sheikh,25196-7953088-7,Faysal شیخ,,2815283,332292
TAX004445,Ayisha Awan,22437-8924691-2,Faysal اعوان,1964-04-08,422524,0
TAX004446,حسن Ch.,20789-7263627-3,Mohammed Osman چوہدری,1982-03-23,661642,9246
TAX004447,Husain Qureshi,13675-5256142-1,Muhammed حسین Quraishi,1983-11-16,2166004,234900
TAX004448,Mohammed عمران Mughal,20160-9995320-2,Muhammad Husain Moghul,1973-07-18,2905976,345896
TAX004449,Fatema Sayed,73990-1065574-3,Imran Sayed,1982-11-10,3019054,362858
TAX004450,Fatema شیخ,28226-3318105-4,Ali Shaikh,1982-04-15,373474,0
TAX004451,بلال Raja,54617-5217352-1,حسین Raja,1976-03-17,8190774,1138616
TAX004452,حمزہ Quraishi,,Muhammad Hussein Quraishi,1999-02-15,1128668,79300
TAX004453,احمد Khan,76837-6025568-0,بلال خان,1999-06-06,2188552,238282
TAX004454,Ali Butt,96868-4891268-4,Osman بٹ,1962-10-19,3808371,481255
TAX004455,مریم Qureshi,27863-3028143-5,Muhammed Hamzah Quraishi,1956-07-14,785444,27816
TAX004456,Ahmad Syed,13444-6045824-3,حمزہ Syed,1983-02-09,2580857,297128
TAX004457,Imran Awan,77894-5199705-9,Ali Awan,1982-02-12,601041,156
TAX004458,محمد Quraishi,16728-1789668-8,Ali قریشی,1956-12-16,833878,35081
TAX004459,Faisal راجہ,32419-1604099-9,Ali Raja,1977-03-21,708486,16272
TAX004460,علی Choudhary,74371-2375726-3,Mohammad Chaudhry,2001-03-16,281057,0
TAX004461,علی Quraishi,,حمزہ Quraishi,,1046521,66978
TAX004462,Sana مغل,42457-6586112-9,,1968-03-14,119226,0
TAX004463,Mohammad Husain Khan,95039-8848119-7,Muhammad Khan,1955-04-16,403875,0
TAX004464,Mohammed Othman Khan,29453-5927237-6,محمد Khan,,80326,0
TAX004465,محمد راجہ,56942-2413704-2,علی راجہ,1996-09-14,706426,15963
TAX004466,Faisal Mughal,69862-5861273-9,Muhammed حسین Mughal,1962-02-25,761342,24201
TAX004467,حسن Syed,74008-5162496-7,علی Syed,1999-06-20,1722044,168306
TAX004468,احمد Shaykh,85472-8148323-8,حسین Sheikh,1988-12-07,762003,24300
TAX004469,Mohammad Faysal Awan,65887-9224835-1,Muhammed Othman اعوان,1974-11-28,13853151,1987972
TAX004470,Faysal Moghul,20711-6067049-7,Hamzah مغل,1958-01-15,310000,0
TAX004471,محمد Ch.,38697-7737944-3,Othman Chaudhary,1994-03-04,2223677,243551
TAX004472,Fatima Chaudhary,54355-2453863-5,عثمان Chaudhry,1989-12-18,168945,0
TAX004473,Maryam Chaudhary,97386-4711913-8,Hamza Chaudhary,1958-07-04,195206,0
TAX004474,احمد Raja,54302-5308216-9,احمد Raja,1994-03-24,1728216,169232
TAX004475,Muhammed فیصل قریشی,36907-4905340-6,,1982-05-18,152179,0
TAX004476,Mohammad Hamzah بٹ,22169-1974641-1,Ahmed بٹ,,1220170,93025
TAX004477,Hussein Bhatti,60389-6827267-4,,,2439291,275893
TAX004478,Faisal اعوان,97021-6542159-5,Ahmad اعوان,1983-10-04,256462,0
TAX004479,Sana راجہ,45352-7160349-9,Muhammed Hussain راجہ,,455572,0
TAX004480,محمد Raja,19105-1561353-0,Bilal راجہ,1992-06-13,3110633,376594
TAX004481,Mohammad Faysal Raja,,Hamzah Raja,1992-03-13,871425,40713
TAX004482,Mohammed اعوان,54141-1454318-6,حسین Awan,1956-09-04,1751017,172652
TAX004483,Faysal ملک,58434-2643344-0,Mohammed Othman Malick,1993-03-27,581138,0
TAX004484,Hassan اعوان,45590-6936897-5,Imran اعوان,1967-10-07,1389809,118471
TAX004485,Marium Quraishi,42212-5290988-7,Mohammad عمران Quraishi,1961-03-25,240764,0
TAX004486,Mohammad اعوان,92205-4997939-2,Mohammed اعوان,1960-10-15,2135740,230361
TAX004487,Hamza Raja,65551-3157207-3,Ali Raja,1975-06-17,6700607,915091
TAX004488,Faysal ملک,70734-8023347-1,Othman Malick,1961-09-01,1088589,73288
TAX004489,Muhammad Hussein Sheikh,71380-8293658-0,محمد Sheikh,1971-11-05,120682,0
TAX004490,Marium قریشی,34068-6680916-4,Hussein قریشی,1977-09-10,575112,0
TAX004491,Ahmad مغل,,,1956-12-19,403071,0
TAX004492,Hussein Moghul,95987-7277116-2,Ahmad Moghul,1981-06-08,305438,0
TAX004493,Hira Chaudhary,16311-8675365-6,بلال چوہدری,2002-07-16,332943,0
TAX004494,Mohammed Hussein شیخ,23607-6381550-7,فیصل Shaikh,1992-08-01,1026785,64017
TAX004495,احمد Shaikh,17653-8932242-7,عمران Shaykh,1969-07-08,339290,0
TAX004496,Hira راجہ,84556-3932929-2,,1962-07-14,1785168,177775
TAX004497,عثمان شیخ,21123-8736181-7,Ali Shaikh,1981-06-11,424584,0
TAX004498,علی Syed,53970-5361378-2,,1955-02-22,1230098,94514
TAX004499,حسن Choudhary,16754-3786215-5,Hasan Chaudhary,1957-05-27,87577,0
TAX004500,Hira بٹ,22306-7244451-3,حسن Butt,1962-02-11,655990,8398
TAX004501,Osman Sayed,,احمد Sayed,1987-05-18,96641,0
TAX004502,Muhammed بلال Bhatti,24517-6781799-2,Muhammed Faysal Butt,1981-05-12,299285,0
TAX004503,Bilal Sayyid,37475-1790971-3,علی سید,1965-02-14,401227,0
TAX004504,Mohammed Usman Malick,81399-4194969-3,Hussein Malick,1955-11-03,703518,15527
TAX004505,Muhammed Hussein Quraishi,67275-7513279-9,,1964-06-07,404508,0
TAX004506,Hamzah Malick,39904-6118228-5,Hamza Malik,1999-05-04,1503300,135495
TAX004507,زینب سید,32638-4492856-0,Muhammad Sayed,1963-03-10,4360113,564016
TAX004508,Ayisha Syed,39883-4644104-3,Usman Sayyid,1960-10-20,533663,0
TAX004509,Ahmad Malick,,Muhammed ملک,1994-11-19,380558,0
TAX004510,Mohammed مغل,99263-5402509-6,Mohammed Mughal,,348017,0
TAX004511,Hussein Moghul,64735-9973177-6,Usman مغل,1960-01-07,848942,37341
TAX004512,Muhammed Hassan Awan,70211-9880148-3,Faysal Awan,1966-12-20,688009,13201
TAX004513,علی Bhatti,81276-1372804-7,Muhammad بلال Bhatti,1993-12-23,852619,37892
TAX004514,Zaynab بٹ,56203-3754738-8,Faysal Butt,1961-05-14,451401,0
TAX004515,Osman Choudhary,44293-2104043-1,بلال Chaudhry,1957-12-17,2327836,259175
TAX004516,Imran Sheikh,37981-5472271-4,,1973-05-15,3031714,364757
TAX004517,Mohammad Imran Butt,97143-7628349-9,Muhammad Hussein Bhatti,1974-06-03,1257567,98635
TAX004518,Muhammad Ahmed Quraishi,91348-2561132-4,Ali Quraishi,1979-12-02,1265219,99782
TAX004519,Mohammed Husain Ch.,67760-7764913-4,Muhammad Bilal Chaudhary,1962-03-07,262573,0
TAX004520,Mohammed Usman بٹ,53716-2875461-3,حمزہ Butt,1966-01-27,251662,0
TAX004521,Muhammad مغل,41614-4587926-4,Bilal Moghul,1990-07-06,2229992,244498
TAX004522,Faisal Malick,96415-4192759-8,Muhammed Ali Malik,1988-11-19,496624,0
TAX004523,Usman خان,91580-9394690-4,,1995-06-11,691269,13690
TAX004524,Osman ملک,64330-3233254-7,Mohammed Imran ملک,1976-07-25,925908,48886
TAX004525,Hamzah سید,33219-6196934-3,Imran Syed,,152283,0
TAX004526,Ahmed بٹ,69295-6753806-3,,1959-05-09,3248203,397230
TAX004527,Muhammed Osman Quraishi,10432-2497512-2,Mohammad Ali قریشی,1963-02-20,2642795,306419
TAX004528,Imran Malick,26795-1900397-5,Muhammad Faysal Malick,1970-01-18,142465,0
TAX004529,Muhammed Moghul,29862-1664080-2,Hussein مغل,1959-08-14,8284004,1152600
TAX004530,Ayisha Sayyid,81760-3665972-8,Muhammed علی سید,1979-12-14,1033937,65090
TAX004531,Muhammed Mughal,39017-6498604-4,فیصل Mughal,1997-07-06,261012,0
TAX004532,Muhammad فیصل خان,21895-4647641-5,Osman Khan,1967-01-04,342937,0
TAX004533,Bilal Butt,86216-4735496-7,Muhammad Butt,1982-08-21,979725,56958
TAX004534,Muhammed چوہدری,77504-3944164-2,,1959-10-24,290313,0
TAX004535,فاطمہ Khan,51978-4810082-2,,1980-12-24,207714,0
TAX004536,Osman Quraishi,60791-5783878-5,Mohammed Qureshi,1977-09-27,1474258,131138
TAX004537,فاطمہ شیخ,46952-4343740-9,Mohammed Ali Sheikh,2001-09-21,80062,0
TAX004538,مریم Raja,11905-2643448-0,بلال راجہ,1995-11-11,259302,0
TAX004539,Mohammed عمران قریشی,35646-1536685-5,علی Qureshi,1997-04-24,214771,0
TAX004540,محمد Shaikh,10610-8424718-9,Faisal Shaykh,1969-10-15,3402155,420323
TAX004541,Mohammed Bhatti,86768-2682736-5,Faisal Butt,1956-12-12,605117,767
TAX004542,عمران Awan,92966-1738958-4,احمد اعوان,1974-08-04,2061207,219181
TAX004543,Marium Mughal,52371-7720648-9,Muhammad فیصل Moghul,,5006166,660924
TAX004544,Hira مغل,62162-9782849-4,Muhammad مغل,1974-12-16,562536,0
TAX004545,Muhammad مغل,71727-2678718-4,Muhammed Ahmed مغل,1975-11-26,1064320,69648
TAX004546,Ali اعوان,69863-5666807-1,Bilal اعوان,1976-04-25,416042,0
TAX004547,Mariam Raja,36997-8436951-1,Mohammad بلال راجہ,1973-04-13,3031927,364789
TAX004548,Ahmad سید,,حسین سید,1959-08-04,1518906,137835
TAX004549,Sana شیخ,93636-5161086-4,Mohammed حسن شیخ,,657367,8605
TAX004550,Ali راجہ,25364-5495195-9,,,2962443,354366
TAX004551,Ahmed اعوان,43843-2564372-5,حمزہ اعوان,1991-07-04,560061,0
TAX004552,Mohammad علی چوہدری,34392-2136461-2,Hussain Chaudhry,1975-12-18,5506830,736024
TAX004553,حرا خان,75280-1724774-9,Mohammed علی خان,1984-09-21,438989,0
TAX004554,بلال بٹ,45980-3994177-4,Muhammad حمزہ Butt,1958-03-13,1932969,199945
TAX004555,Othman بٹ,67196-3207793-0,Hamza بٹ,1999-03-19,1191542,88731
TAX004556,Ahmed راجہ,76685-7882752-3,حسن راجہ,,1004222,60633
TAX004557,Muhammed راجہ,95741-1341603-3,Imran Raja,2001-06-13,141861,0
TAX004558,Muhammed Ali Raja,10252-3577576-7,Mohammed Imran راجہ,1967-07-23,408924,0
TAX004559,Faisal Bhatti,70004-1926615-4,Mohammed حسین Bhatti,1984-06-03,8736071,1220410
TAX004560,Muhammed Bilal خان,80761-3167069-3,,1964-01-22,373594,0
TAX004561,Faysal Awan,65213-9081959-8,Mohammad علی اعوان,1995-05-14,564330,0
TAX004562,Faysal شیخ,32287-3029088-2,Imran شیخ,1990-02-13,506695,0
TAX004563,Muhammed Othman راجہ,29592-4819252-2,Mohammad حمزہ راجہ,1964-04-10,790725,28608
TAX004564,Aisha Raja,78818-2376980-4,Imran Raja,1992-11-20,703742,15561
TAX004565,Ali Choudhary,33128-9424046-4,Bilal Ch.,2003-07-04,3168342,385251
TAX004566,Ayesha Khan,22295-9740056-6,Hassan خان,1964-02-08,216615,0
TAX004567,حرا Quraishi,44073-6783772-5,حسین قریشی,1971-08-05,116464,0
TAX004568,Hussein Raja,93494-9261459-4,Hussain راجہ,1965-03-22,1023244,63486
TAX004569,Fatimah Khan,43169-9642115-5,محمد خان,1988-04-26,198935,0
TAX004570,Ali Khan,96342-1074344-8,Hasan Khan,1955-11-15,2357959,263693
TAX004571,Mariam Qureshi,86226-9704181-7,Hamza Qureshi,1960-12-24,344872,0
TAX004572,Muhammad Hasan Chaudhry,75737-4554619-7,فیصل چوہدری,1957-03-08,5440877,726131
TAX004573,Muhammed Qureshi,99003-8692313-6,احمد Quraishi,1994-03-15,31505,0
TAX004574,Ali Khan,30282-5695334-8,Muhammed Khan,1991-10-12,471558,0
TAX004575,حمزہ Quraishi,68965-5117938-7,علی Qureshi,,2221479,243221
TAX004576,Ahmad ملک,93631-6538320-5,Mohammad بلال Malik,1984-08-28,631480,4722
TAX004577,Muhammad Sayed,48940-5369153-9,Faisal Sayyid,1987-10-02,497535,0
TAX004578,Bilal اعوان,40807-1304464-2,,2003-10-28,737813,20671
TAX004579,Mohammed Raja,49668-3724320-8,Hamza Raja,1962-06-23,331201,0
TAX004580,Muhammed Faisal Chaudhry,76788-1163850-3,Muhammad Usman Choudhary,1972-04-04,132735,0
TAX004581,Mohammad احمد Shaikh,13779-5539325-8,عمران Sheikh,1995-12-18,409244,0
TAX004582,Hira Qureshi,70616-4829815-2,,1996-10-05,587145,0
TAX004583,Faisal Mughal,40839-7645541-3,فیصل Mughal,1961-11-02,310014,0
TAX004584,Marium راجہ,15283-4734264-8,Ahmad راجہ,1979-10-03,392088,0
TAX004585,مریم خان,90258-7827605-4,Husain خان,1972-10-03,2969244,355386
TAX004586,احمد Quraishi,67717-3940815-5,عثمان Qureshi,1984-04-01,1422088,123313
TAX004587,Imran اعوان,75950-6057065-2,Hasan Awan,1956-03-06,940534,51080
TAX004588,Fatima Awan,25023-6768711-2,حمزہ اعوان,2001-11-05,2295011,254251
TAX004589,حسن Bhatti,60293-4923486-8,علی Butt,1981-08-15,255017,0
TAX004590,فاطمہ اعوان,24365-9538403-4,Bilal اعوان,1956-06-07,1782080,177312
TAX004591,Mohammed بلال قریشی,17985-7391873-8,Hasan Quraishi,1971-12-21,1437853,125677
TAX004592,Hira مغل,22300-8165540-4,Bilal Mughal,1965-10-05,282843,0
TAX004593,Hira اعوان,25324-9697555-2,Bilal Awan,1968-08-21,248357,0
TAX004594,حرا خان,,Imran Khan,1960-10-07,1001208,60181
TAX004595,Mohammed Hamzah Butt,44745-6872283-4,حسین Butt,,2537882,290682
TAX004596,Hussain بٹ,19938-8643755-4,محمد Butt,1981-07-18,1052012,67801
TAX004597,Ali Khan,38665-8925295-6,فیصل خان,,936588,50488
TAX004598,Othman مغل,81382-9260109-8,,1991-01-20,199405,0
TAX004599,Muhammad Ali Malik,33476-6302740-8,احمد ملک,1978-07-16,2253943,248091
TAX004600,Fatima شیخ,89670-4351713-3,,1981-03-26,788693,28303
TAX004601,حسین چوہدری,80924-4080253-8,,1956-12-04,185767,0
TAX004602,Mohammad خان,34405-1781279-9,,1989-03-17,1891111,193666
TAX004603,Hamzah مغل,66497-8826393-8,,1956-04-04,5922525,798378
TAX004604,Muhammad مغل,72334-6877311-1,,1986-07-22,1410472,121570
TAX004605,عمران ملک,88048-7388675-7,فیصل Malik,1994-02-18,1036441,65466
TAX004606,Muhammed Raja,65908-6876634-3,Imran راجہ,1976-02-19,1819139,182870
TAX004607,Sana بٹ,38063-5230909-0,احمد بٹ,1958-08-12,94630,0
TAX004608,Fatema Shaykh,96312-6383506-0,Ali شیخ,1966-06-20,951093,52663
TAX004609,علی Shaikh,58866-5514383-4,,1978-06-21,568517,0
TAX004610,Sana قریشی,53291-5217210-6,Hamzah قریشی,1983-03-08,535615,0
TAX004611,Hira اعوان,83863-1183462-7,Osman اعوان,,1331183,109677
TAX004612,Hamza Shaykh,24596-9380781-6,Hussein Shaykh,1989-01-07,9725134,1368770
TAX004613,حسین Bhatti,88000-2339459-9,,1979-06-01,1210736,91610
TAX004614,Imran Bhatti,19298-5551462-9,Mohammed علی Butt,1963-09-08,1779180,176877
TAX004615,علی Shaikh,56728-2074424-1,Muhammed Hamza شیخ,1974-09-21,1290354,103553
TAX004616,عمران Khan,43185-7571030-0,Hamzah خان,1955-11-26,1497255,134588
TAX004617,Hamzah Quraishi,20536-8340613-2,بلال Quraishi,1959-01-18,714415,17162
TAX004618,Muhammed Osman Sayyid,42892-8497012-9,بلال سید,1961-03-14,3645981,456897
TAX004619,Zainab Quraishi,35495-8931340-9,Faisal قریشی,1997-08-18,414438,0
TAX004620,Hira Sayed,15655-7789095-5,احمد Sayed,1961-10-18,307105,0
TAX004621,Zainab Bhatti,,حمزہ Bhatti,,4268074,550211
TAX004622,Hira اعوان,,Usman Awan,1990-12-17,1621783,153267
TAX004623,عمران Qureshi,40361-3795624-7,,1974-02-03,447901,0
TAX004624,Bilal قریشی,69499-1860109-1,Usman قریشی,1979-03-13,4507587,586138
TAX004625,عمران Khan,69060-3507771-0,Mohammed Khan,1990-06-09,8285122,1152768
TAX004626,Hira Bhatti,62392-7741622-4,Muhammad Faisal بٹ,1967-03-08,3111442,376716
TAX004627,Imran Raja,39718-2491457-4,Faysal راجہ,,723792,18568
TAX004628,Faisal شیخ,32787-1133955-6,بلال شیخ,1982-06-07,2620244,303036
TAX004629,Muhammed Moghul,29877-2382855-0,Muhammad Mughal,1956-04-06,1736021,170403
TAX004630,Maryam ملک,,Muhammed حسین ملک,,138165,0
TAX004631,Muhammed بلال شیخ,64262-6799652-0,Ali Shaikh,2001-10-25,1822503,183375
TAX004632,Muhammad ملک,85221-2953385-5,Hasan Malik,1978-04-15,4841953,636292
TAX004633,Hamzah ملک,61790-7616537-1,Mohammed بلال Malik,,1941505,201225
TAX004634,Hassan Raja,97688-1812880-7,Muhammed راجہ,1962-08-15,130038,0
TAX004635,بلال Khan,48799-7295779-4,Mohammad فیصل Khan,1962-08-24,397485,0
TAX004636,Muhammed احمد Sheikh,,Muhammad حسین شیخ,1993-08-13,497198,0
TAX004637,Mohammed احمد Khan,55670-2754691-4,Ahmad خان,1979-05-18,176703,0
TAX004638,حرا Sayed,85719-4137519-3,فیصل سید,2000-08-22,1389292,118393
TAX004639,حمزہ راجہ,30887-9820687-4,Muhammad Faisal Raja,1981-04-12,371457,0
TAX004640,Mohammed Ahmed Shaikh,97922-2358013-4,Muhammad فیصل Shaykh,2000-10-12,7324749,1008712
TAX004641,Faisal Qureshi,21007-7503458-5,,1991-12-16,598026,0
TAX004642,Muhammed حسین قریشی,23137-5358556-5,Mohammad Ali Qureshi,1959-01-05,3191743,388761
TAX004643,محمد Bhatti,89790-8910919-5,علی Butt,1960-01-02,138346,0
TAX004644,Zaynab بٹ,98828-6555770-6,,1979-03-06,2735034,320255
TAX004645,Husain Butt,21600-1296735-5,Bilal بٹ,1986-04-20,315545,0
TAX004646,بلال مغل,11207-7373498-4,Imran Mughal,1996-08-05,3832501,484875
TAX004647,Mohammad Imran Chaudhary,85468-6599952-1,Mohammed Hamzah چوہدری,1978-11-05,1015917,62387
TAX004648,Mohammed Butt,10955-8493732-6,,,584437,0
TAX004649,Muhammad حمزہ Butt,40700-3617014-6,Ali بٹ,1963-06-02,138680,0
TAX004650,عمران چوہدری,99148-3297725-3,Mohammad Choudhary,1959-05-14,1919426,197913
TAX004651,حسن Raja,52824-5951639-1,عمران راجہ,1975-12-06,946481,51972
TAX004652,Mohammed Malik,41442-4630245-3,Mohammad ملک,1978-01-19,508699,0
TAX004653,Hussein خان,12586-1920120-8,حمزہ Khan,1980-09-10,5403919,720587
TAX004654,Zainab Qureshi,49738-3608728-2,,1966-08-15,570390,0
TAX004655,Usman Sayyid,28552-3942835-7,حمزہ Sayed,,483238,0
TAX004656,Mohammed Othman Shaykh,50912-5686200-2,Ali Shaykh,2003-03-03,1895907,194386
TAX004657,Muhammed Ali Choudhary,,Husain Chaudhary,,3875563,491334
TAX004658,Mohammed Osman Awan,91634-4697893-1,علی Awan,1971-01-10,1348553,112282
TAX004659,حرا Ch.,40020-2140636-7,Osman Ch.,1995-06-07,1174646,86196
TAX004660,Hamzah Awan,18178-8288489-5,,,9885936,1392890
TAX004661,Hussain سید,18890-6793172-8,,,687199,13079
TAX004662,Sana قریشی,45171-6233885-2,Faysal Quraishi,1988-12-07,741007,21151
TAX004663,Faysal Khan,13091-6315761-6,Muhammad Ahmed Khan,1961-12-12,139253,0
TAX004664,Muhammad اعوان,91997-3057272-8,Imran اعوان,1980-10-28,2863431,339514
TAX004665,علی سید,94113-2960855-5,,1965-11-28,865678,39851
TAX004666,Othman ملک,91918-9077553-6,فیصل ملک,1955-06-09,513571,0
TAX004667,ثناء Shaikh,48976-8507869-1,فیصل شیخ,2001-01-23,2432912,274936
TAX004668,Hira Malik,42298-3114044-5,Hamza Malick,1978-10-27,10230442,1444566
TAX004669,Muhammed Chaudhary,90368-2030686-5,Muhammad Bilal Choudhary,2000-05-26,3332012,409801
TAX004670,Hamzah شیخ,94676-5694902-6,Hassan شیخ,1959-02-17,1081021,72153
TAX004671,Aysha Malik,74872-9968056-3,,1956-11-11,281232,0
TAX004672,احمد Raja,22467-3493523-7,,1983-01-19,128981,0
TAX004673,حسین Malik,95365-1358521-5,,1999-01-15,453786,0
TAX004674,عائشہ Raja,92567-5530167-3,بلال Raja,1990-12-04,1112978,76946
TAX004675,حسن Moghul,95204-1139792-7,علی Moghul,1956-08-25,1405428,120814
TAX004676,Mohammad Osman Raja,80214-6055305-0,,,508850,0
TAX004677,حرا خان,82614-1912297-6,Bilal Khan,1986-03-11,1403021,120453
TAX004678,حسین Bhatti,87168-1641541-6,Muhammed Hamzah Bhatti,1986-05-21,760520,24078
TAX004679,عمران Chaudhry,37341-5642024-4,Hasan Chaudhary,2001-08-04,59578,0
TAX004680,علی Quraishi,45333-4108792-3,حمزہ Quraishi,1970-06-07,1008807,61321
TAX004681,Fatima بٹ,78183-9551288-3,علی بٹ,1965-06-28,462132,0
TAX004682,Mohammad شیخ,68450-5388209-6,Mohammed فیصل Shaykh,1955-04-08,2276005,251400
TAX004683,حسن اعوان,79187-9289747-7,Osman Awan,,254095,0
TAX004684,Muhammed خان,93085-3521691-3,Hussain خان,1963-01-07,492414,0
TAX004685,Hira Choudhary,58881-4526520-5,,1958-03-04,1513663,137049
TAX004686,عمران Choudhary,64460-5694644-3,Bilal Chaudhary,1976-09-13,319928,0
TAX004687,Muhammad فیصل ملک,72866-6386968-1,حسن ملک,2000-11-10,1314538,107180
TAX004688,حسن Shaykh,75273-9343712-3,Hamzah Shaykh,1975-10-10,1196155,89423
TAX004689,Mohammad Ahmed راجہ,96159-7608466-1,بلال Raja,1981-07-08,1574518,146177
TAX004690,فیصل Malik,44025-2885894-6,Mohammed عمران Malik,1966-05-20,519087,0
TAX004691,حسین مغل,98418-5373061-0,Bilal Mughal,1978-11-09,6409520,871428
TAX004692,علی Sayyid,88270-1294616-7,Usman سید,1969-06-04,935186,50277
TAX004693,Bilal شیخ,38970-6066353-9,Usman Shaykh,1982-06-04,5342896,711434
TAX004694,Hasan خان,73824-7729577-0,Othman Khan,1991-07-15,998104,59715
TAX004695,بلال ملک,83998-4665598-3,Hussein Malik,1971-02-10,1188979,88346
TAX004696,ثناء Ch.,29625-7234856-2,Faysal Chaudhary,1961-05-21,336297,0
TAX004697,Fatimah قریشی,16251-9711523-3,Muhammad Ahmad Qureshi,2003-12-03,821101,33165
TAX004698,Mariam Butt,78704-8328806-8,Hamza Butt,1967-03-01,247144,0
TAX004699,Muhammad بلال Mughal,25076-3400511-6,,,880577,42086
TAX004700,احمد Quraishi,82889-8756950-4,,1977-05-03,1229321,94398
TAX004701,Mohammad فیصل Raja,26011-9070454-4,Ali راجہ,,1010279,61541
TAX004702,Muhammad Butt,31997-3792369-8,عثمان بٹ,1987-10-21,630972,4645
TAX004703,Aisha راجہ,40919-6799250-7,Muhammad Hussain Raja,1969-02-18,1073666,71049
TAX004704,Muhammad Khan,33518-5281844-6,Mohammad Khan,2003-02-28,1996927,209539
TAX004705,Hussain Mughal,93848-8676730-2,بلال Mughal,1969-02-21,4830578,634586
TAX004706,عمران Sayed,16918-5505598-2,فیصل سید,1977-11-15,12655592,1808338
TAX004707,Mohammed Usman Bhatti,45502-3511735-8,Ali بٹ,1969-06-19,2233796,245069
TAX004708,Maryam Moghul,64876-5740881-8,حسین مغل,1959-03-03,650927,7639
TAX004709,Ayesha Qureshi,36770-9384504-0,بلال Quraishi,1964-08-05,1005056,60758
TAX004710,Hasan Sayyid,42215-9695148-8,حمزہ Sayyid,1958-12-11,698432,14764
TAX004711,Fatimah Moghul,75207-7270144-4,Mohammed عمران مغل,1986-01-24,456107,0
TAX004712,Muhammad بلال Malick,85149-5689965-8,Hassan Malick,1987-11-12,1737906,170685
TAX004713,Mariam راجہ,64219-8625580-7,عمران Raja,1993-06-08,3989612,508441
TAX004714,فیصل اعوان,90367-4510091-0,Hasan اعوان,1996-07-03,4227675,544151
TAX004715,علی Sayyid,81008-7661851-1,Othman Syed,,384296,0
TAX004716,Muhammad Hasan Sayyid,68906-9799363-0,,1983-02-15,271093,0
TAX004717,Hamzah Butt,29213-1659515-4,Mohammed بلال Bhatti,1976-05-11,627642,4146
TAX004718,بلال Chaudhry,82336-2901813-3,Faysal Ch.,1964-11-26,862306,39345
TAX004719,حسین Sheikh,40265-9255836-9,Faisal Shaykh,1990-03-01,1314471,107170
TAX004720,Hamzah Khan,40375-4370276-5,Hamza خان,1999-10-26,616799,2519
TAX004721,Hira اعوان,10896-2355718-2,Mohammad فیصل اعوان,1963-10-27,5471134,730670
TAX004722,Faysal Sheikh,40719-4508612-7,Mohammad Shaykh,2002-05-11,587804,0
TAX004723,Muhammed عمران قریشی,48889-2313298-1,Hasan قریشی,1993-03-18,179813,0
TAX004724,Sana Syed,41397-3479259-6,Imran سید,1969-02-08,2669615,310442
TAX004725,حسن Chaudhry,40824-8276465-7,Hasan چوہدری,1999-07-03,1246850,97027
TAX004726,حمزہ Sayyid,47820-7120375-6,Ahmed سید,1997-12-11,94544,0
TAX004727,Ahmad خان,96699-3535496-9,Ali خان,1965-04-03,1865907,189886
TAX004728,حرا راجہ,54950-9768170-9,Muhammad Hassan راجہ,1996-11-05,5169735,685460
TAX004729,عمران Moghul,19835-1120461-7,Muhammad علی Mughal,1969-03-24,1157286,83592
TAX004730,Zainab اعوان,14537-2520879-9,حسین Awan,1972-02-01,317996,0
TAX004731,Husain Butt,42526-9149669-4,Muhammed Ali بٹ,1972-10-25,1688552,163282
TAX004732,Muhammad عمران بٹ,15679-3605436-3,,1963-09-22,735487,20323
TAX004733,Mohammad Mughal,67563-2149517-9,Mohammed Ahmad Mughal,1955-05-21,2172990,235948
TAX004734,Hasan Bhatti,97753-3559036-4,Mohammad Ali Bhatti,1977-01-11,309149,0
TAX004735,Fatema Malik,,Husain Malick,1973-02-18,1316430,107464
TAX004736,Hira راجہ,21456-8863992-6,,1983-12-06,967866,55179
TAX004737,Fatima خان,86901-9261250-5,Mohammed عمران Khan,1995-02-02,175760,0
TAX004738,Muhammad Ahmed Khan,29666-6772800-9,Ali Khan,1968-01-13,850829,37624
TAX004739,ثناء Shaikh,51940-3549937-8,Muhammed عمران Shaykh,1956-01-10,1058952,68842
TAX004740,Aisha قریشی,83912-1403640-5,Mohammad Qureshi,1987-05-21,257361,0
TAX004741,احمد Awan,26484-1833770-4,حمزہ Awan,1968-01-17,212186,0
TAX004742,زینب Shaikh,31110-3775009-8,,1973-02-08,10151570,1432735
TAX004743,Muhammed علی Malik,,محمد Malick,1964-04-27,2814522,332178
TAX004744,عثمان خان,71400-6204442-1,Muhammad Othman خان,,709502,16425
TAX004745,Ali Raja,44585-2606160-6,Ahmad راجہ,1974-04-11,1282969,102445
TAX004746,Muhammad Faisal Malick,29722-6157228-5,عثمان Malik,1983-12-10,412913,0
TAX004747,Hassan Chaudhry,45681-1269637-3,Mohammed Chaudhary,1997-11-27,103239,0
TAX004748,عمران Malick,45850-4962809-5,محمد ملک,1982-03-20,3796067,479410
TAX004749,Muhammed فیصل مغل,18258-5218981-3,Muhammed حمزہ Moghul,1967-04-07,1460700,129105
TAX004750,عمران Sayyid,62819-6721313-0,علی Syed,1963-01-21,483298,0
TAX004751,Mohammed حسن راجہ,98366-3566569-7,Mohammad Faisal Raja,1978-02-07,118570,0
TAX004752,Muhammad Bilal Quraishi,34755-7202735-9,Ahmad Quraishi,1971-07-04,217343,0
TAX004753,Mohammad Ahmed بٹ,,Hussein Bhatti,,942883,51432
TAX004754,Hira خان,83611-4697933-1,,1970-05-27,490178,0
TAX004755,فاطمہ شیخ,57107-4717034-3,Faysal Sheikh,1984-06-07,1143823,81573
TAX004756,Imran Sayed,96620-3660245-4,Mohammad سید,1996-11-02,20089618,2923442
TAX004757,حمزہ قریشی,79866-4824678-5,Muhammad Qureshi,1995-01-06,2193131,238969
TAX004758,محمد راجہ,58755-9191757-8,Husain Raja,1963-04-12,542101,0
TAX004759,علی Sayed,24489-6059624-9,علی Syed,1989-12-17,2955753,353362
TAX004760,Hussain بٹ,95192-4135831-7,Faysal بٹ,1981-10-26,263800,0
TAX004761,Mohammad Faysal Shaikh,58326-2350862-5,Muhammed Hamza Shaykh,1955-05-27,699124,14868
TAX004762,Muhammad Butt,91723-5570169-8,Mohammad Ahmad بٹ,1978-10-18,2136492,230473
TAX004763,ثناء Awan,38900-5010515-7,,,1008654,61298
TAX004764,Hassan خان,23928-1124490-3,فیصل خان,1960-02-04,271443,0
TAX004765,Hamza قریشی,71367-8330694-2,احمد Qureshi,,2516451,287467
TAX004766,Hasan خان,49472-5374891-7,,1977-01-26,1702964,165444
TAX004767,Imran راجہ,61661-2345254-3,Hamzah Raja,1996-02-19,608856,1328
TAX004768,حمزہ چوہدری,25996-6160219-6,حسن Chaudhary,1977-06-10,439212,0
TAX004769,فاطمہ راجہ,16890-4511132-2,Hassan راجہ,1988-04-25,331649,0
TAX004770,Husain Moghul,28429-9001301-4,Muhammed Mughal,1965-07-12,913143,46971
TAX004771,Muhammed Hussain Quraishi,31692-4953202-3,احمد قریشی,1956-09-04,958658,53798
TAX004772,Mohammad Othman Malik,96428-9660477-8,Muhammed Ali Malik,1985-04-16,2446927,277039
TAX004773,Faisal Khan,43975-5698885-7,احمد Khan,1989-11-25,126353,0
TAX004774,علی Butt,29632-2202799-4,Mohammed Bilal Bhatti,1961-04-07,1645432,156814
TAX004775,Muhammad حمزہ خان,52215-6823746-6,Hasan خان,1973-11-18,649032,7354
TAX004776,Hamza اعوان,17407-8551310-4,,1963-03-25,382714,0
TAX004777,Faysal Syed,27907-9933036-5,Mohammed Ahmed سید,1995-05-04,514829,0
TAX004778,حمزہ بٹ,46064-7260226-6,Othman بٹ,1992-11-25,674668,11200
TAX004779,محمد اعوان,39742-8970034-3,Bilal Awan,1973-04-12,484031,0
TAX004780,Mohammed علی ملک,41977-1889811-7,Muhammad ملک,1996-01-20,912775,46916
TAX004781,حسین Shaykh,38436-3503254-3,Muhammad Ahmed Shaykh,1958-03-13,455800,0
TAX004782,عمران Ch.,31887-9515614-9,حمزہ Ch.,,480760,0
TAX004783,Muhammad Hussein Moghul,72318-4294621-5,Hasan Mughal,1994-12-26,549435,0
TAX004784,Ahmad Qureshi,64624-3240311-6,Hamza قریشی,1960-09-18,217108,0
TAX004785,Bilal Awan,37331-8233184-1,فیصل اعوان,1960-07-13,445030,0
TAX004786,احمد اعوان,87294-5646615-1,Husain اعوان,1971-08-16,8143425,1131513
TAX004787,حسین Quraishi,67989-7497988-9,Hamza قریشی,1993-02-23,3464902,429735
TAX004788,Husain Chaudhary,96312-1838933-6,,1957-01-15,290118,0
TAX004789,Muhammed Hasan Chaudhary,19991-8950534-8,حمزہ Chaudhry,2003-04-22,190696,0
TAX004790,فاطمہ مغل,24214-9449202-7,Imran مغل,2003-02-24,603093,463
TAX004791,Marium Chaudhary,16274-6926806-9,حمزہ Ch.,1968-05-10,135968,0
TAX004792,Muhammed خان,68766-5379569-7,,1965-10-08,295476,0
TAX004793,Bilal Syed,15318-8464077-9,,1991-07-18,572204,0
TAX004794,Zainab Quraishi,11186-5625498-1,حسن Qureshi,1987-04-25,1968756,205313
TAX004795,Hamza قریشی,94629-3198758-0,حمزہ Quraishi,1993-01-16,6014169,812125
TAX004796,Ayisha راجہ,64296-2151309-6,بلال راجہ,1971-01-06,1141177,81176
TAX004797,Ali راجہ,32396-4012120-4,Hussein راجہ,1979-07-03,242241,0
TAX004798,Hamza Quraishi,62165-7865845-2,Bilal Qureshi,1977-08-27,5767224,775083
TAX004799,Hassan Mughal,98283-9758437-4,,,1609325,151398
TAX004800,Hamza Syed,83113-7129512-7,Hamza Sayed,,865786,39867
TAX004801,محمد اعوان,49317-8859663-2,Muhammad Awan,2003-10-05,1239196,95879
TAX004802,حرا Quraishi,64113-8705972-9,,1985-02-17,199252,0
TAX004803,Bilal Syed,74240-4897397-1,,1956-02-15,1006528,60979
TAX004804,Maryam Sayed,33450-3686912-0,Mohammad سید,,778150,26722
TAX004805,علی Choudhary,27890-5164731-5,Muhammad Usman Chaudhry,1966-03-01,170939,0
TAX004806,Muhammed Ali بٹ,34371-2822168-2,,1965-06-09,8657453,1208617
TAX004807,فیصل Bhatti,34798-7756586-5,Hussein Butt,1977-03-11,476155,0
TAX004808,Hamza سید,99405-4695886-6,Husain Syed,1993-06-01,143650,0
TAX004809,Bilal Shaykh,73186-7219958-7,Mohammad علی Shaikh,1958-12-22,1072486,70872
TAX004810,Hussein Choudhary,23259-6023094-3,Ali Ch.,1987-09-12,121352,0
TAX004811,Muhammed حمزہ خان,86412-1357984-6,Faysal خان,1991-12-24,1222853,93427
TAX004812,حسن Awan,43797-6088542-9,Muhammed Awan,1986-02-22,958070,53710
TAX004813,Bilal Raja,60462-9934326-8,Hamzah Raja,,876448,41467
TAX004814,علی Awan,54085-4206123-8,حمزہ اعوان,1976-02-24,371622,0
TAX004815,Hassan Butt,69182-1903147-3,فیصل بٹ,2002-08-24,161356,0
TAX004816,Imran Khan,21848-5298152-3,Mohammed علی Khan,1996-12-14,765170,24775
TAX004817,Husain ملک,27472-4443410-2,Mohammad ملک,1957-12-28,6359338,863900
TAX004818,Zainab Raja,34900-4744654-4,عمران Raja,,1293455,104018
TAX004819,علی Malik,67404-5742281-6,,,4657467,608620
TAX004820,Ahmed Quraishi,,Ali قریشی,1972-04-05,1803918,180587
TAX004821,Hussain اعوان,70614-5594899-6,,1975-11-23,912172,46825
TAX004822,Mohammad بلال Raja,68844-3618063-7,,1972-01-13,1988480,208272
TAX004823,Zainab Bhatti,33862-7440528-3,Muhammad Butt,1997-02-26,679682,11952
TAX004824,عمران Moghul,90390-9462187-3,Muhammad Moghul,1992-03-05,589294,0
TAX004825,Ayisha Bhatti,38387-9627892-6,محمد Butt,1986-03-20,169184,0
TAX004826,Mohammed Imran Awan,53966-3071854-2,فیصل اعوان,1978-02-20,3362081,414312
TAX004827,Muhammed عمران Quraishi,60284-9375570-9,Hassan Qureshi,1962-07-28,485894,0
TAX004828,ثناء Syed,80096-8401253-6,Usman سید,2001-07-24,928079,49211
TAX004829,بلال مغل,30700-3096650-1,Mohammed مغل,1999-10-25,2186136,237920
TAX004830,Usman Sayyid,82557-6661239-9,Hamza Syed,2003-02-07,1901342,195201
TAX004831,Faisal Shaykh,78113-2125855-0,,,1873933,191089
TAX004832,Mohammad Ali Bhatti,51881-7001099-4,Usman Butt,1957-09-11,539357,0
TAX004833,Faysal راجہ,85200-1843910-4,Muhammed Hassan Raja,1992-09-16,1515595,137339
TAX004834,Faysal Raja,10144-7637180-0,علی راجہ,1979-10-25,486039,0
TAX004835,فیصل Bhatti,99072-3227186-1,Faysal Bhatti,1988-10-20,7028418,964262
TAX004836,Marium اعوان,79880-9438333-1,Othman اعوان,1969-01-06,46811,0
TAX004837,Bilal Awan,55306-3367096-9,,1992-03-12,99962,0
TAX004838,Hamza Mughal,28801-7270697-3,حسن Moghul,1963-12-12,383666,0
TAX004839,Mohammad بٹ,32649-9157450-4,Ali Butt,1963-02-05,2252941,247941
TAX004840,Mohammed Ahmad Qureshi,50637-9628054-5,محمد Quraishi,1964-11-10,571735,0
TAX004841,Muhammad Ahmed Syed,10462-9300648-1,Hassan Sayed,1985-08-22,1336237,110435
TAX004842,Fatima خان,92671-6617954-1,Muhammed حسین خان,1995-07-01,793455,29018
TAX004843,Muhammad بٹ,93207-3986682-4,Muhammad Bhatti,1973-05-01,4997518,659627
TAX004844,احمد Shaykh,80273-8127697-6,Muhammed حمزہ Shaikh,1983-06-13,548490,0
TAX004845,Mohammad بلال چوہدری,14558-5735019-8,Ahmad Chaudhry,1981-09-27,383658,0
TAX004846,Imran اعوان,49887-7382139-1,Mohammed عمران Awan,1985-01-26,994492,59173
TAX004847,Hamza Chaudhary,44935-7541975-7,Imran Chaudhry,,411976,0
TAX004848,Muhammad علی قریشی,77797-3948632-3,علی Qureshi,,901781,45267
TAX004849,Hira Bhatti,37914-3491649-3,Mohammad حمزہ بٹ,1965-05-28,241447,0
TAX004850,Faysal شیخ,40213-3319251-4,Mohammad Shaykh,1980-02-17,792045,28806
TAX004851,بلال خان,87134-3508713-7,حسین Khan,1978-01-12,2705072,315760
TAX004852,Sana Quraishi,60116-2400333-6,Faisal Quraishi,1961-04-09,4403050,570457
TAX004853,علی Qureshi,34301-6369440-6,علی Qureshi,1960-10-15,2413800,272070
TAX004854,Muhammad Hussein خان,44910-2821264-4,علی Khan,1999-11-14,718437,17765
TAX004855,بلال خان,48914-5131826-0,محمد Khan,1983-03-10,699814,14972
TAX004856,Hira خان,19407-4653750-9,Hamza خان,2003-09-07,306798,0
TAX004857,Hira مغل,,Mohammad Husain Moghul,2002-03-09,731140,19671
TAX004858,علی راجہ,23891-3241880-8,علی راجہ,1982-02-06,412338,0
TAX004859,Mariam Moghul,47561-9472672-1,,1974-12-28,455664,0
TAX004860,علی اعوان,21830-1179312-4,Muhammad اعوان,1990-07-16,2146130,231919
TAX004861,Imran Syed,78240-2203321-0,Bilal Sayyid,1965-05-15,1397342,119601
TAX004862,Bilal Moghul,64966-6317241-1,Ali مغل,1956-06-09,522359,0
TAX004863,Hamza Raja,70892-9111150-0,Ahmed Raja,1981-10-13,12764119,1824617
TAX004864,Hasan Ch.,74432-1508517-6,,1970-11-18,507704,0
TAX004865,بلال Sheikh,48616-4789288-5,Ahmad Shaikh,,754045,23106
TAX004866,Fatema Raja,57695-3314369-4,Mohammed Raja,1976-01-02,578381,0
TAX004867,Mohammad Sayyid,11662-7264587-8,Mohammed Imran Syed,1957-10-11,963699,54554
TAX004868,Mohammed احمد Sayed,61181-7750765-0,Ali Sayyid,1989-10-22,353194,0
TAX004869,حسین مغل,61623-6869740-6,فیصل Moghul,1997-02-27,191042,0
TAX004870,Usman Butt,34646-7441211-1,Mohammad Ahmed بٹ,1975-04-18,728608,19291
TAX004871,Hira بٹ,35784-5743599-7,حسین بٹ,1969-01-08,370966,0
TAX004872,ثناء Butt,,Muhammad Usman Bhatti,1977-07-18,1166606,84990
TAX004873,Ayesha مغل,98049-1965291-5,Hamza Mughal,1987-08-28,5646480,756972
TAX004874,Hamzah راجہ,59920-2609428-4,Mohammad حمزہ Raja,1969-01-15,2204482,240672
TAX004875,Ali اعوان,27543-9325224-3,Mohammad اعوان,1962-10-20,2344196,261629
TAX004876,Mohammed Bilal قریشی,72287-5901551-5,Mohammed بلال Qureshi,1975-09-19,4838554,635783
TAX004877,Hasan راجہ,49757-4797346-8,Muhammed Raja,1997-07-17,1028613,64291
TAX004878,Hamza Moghul,69170-4305201-8,Mohammed Ahmad مغل,1976-11-14,262157,0
TAX004879,حرا شیخ,55058-8120070-1,Hasan Sheikh,1996-01-05,175292,0
TAX004880,Hamzah Sayed,21133-7615119-9,Husain Syed,1993-08-07,1726542,168981
TAX004881,Marium Raja,58035-7853980-4,Hamzah راجہ,1961-09-26,175276,0
TAX004882,زینب Choudhary,86145-8252205-1,Faisal Chaudhry,1995-10-15,154453,0
TAX004883,Mohammad Ahmad اعوان,38593-5750432-4,Muhammed Awan,1981-01-05,2567545,295131
TAX004884,Fatema Syed,91348-8041260-7,علی Sayed,1984-09-23,644164,6624
TAX004885,علی Sheikh,74504-4346220-1,فیصل Shaykh,1981-09-06,1876020,191403
TAX004886,علی خان,71961-8528697-2,Mohammad Bilal Khan,1984-02-12,869839,40475
TAX004887,Hamza خان,91088-4546586-9,حسین Khan,,372781,0
TAX004888,Muhammad بلال Khan,56031-1707544-0,Muhammad بلال Khan,1995-12-22,546253,0
TAX004889,Hassan Khan,52963-7282947-7,عمران Khan,1980-09-28,177330,0
TAX004890,Ali Shaikh,60445-6812672-9,Hamzah شیخ,1996-08-10,365977,0
TAX004891,Muhammad حسین شیخ,76532-1042072-3,حسین شیخ,1964-01-23,1323091,108463
TAX004892,فاطمہ Malick,46776-8198364-6,Muhammed عمران ملک,1985-11-26,1448136,127220
TAX004893,Hamza Moghul,26302-2351744-6,Hamza Moghul,1961-03-08,282426,0
TAX004894,Mohammad عمران Choudhary,89150-1037905-1,Bilal Chaudhary,1997-07-12,611165,1674
TAX004895,Muhammed Hasan Syed,31900-3568892-0,عمران Sayed,1979-02-22,1321732,108259
TAX004896,عثمان خان,40962-5366057-7,عمران Khan,1967-05-17,481847,0
TAX004897,بلال Khan,44087-8447759-4,Muhammad خان,2002-08-19,1970239,205535
TAX004898,Hasan Bhatti,24798-8836510-5,بلال بٹ,1982-07-03,2479594,281939
TAX004899,Ahmed Ch.,86506-4020545-9,Muhammad Othman Ch.,1955-02-22,193988,0
TAX004900,عائشہ خان,23415-7577854-5,عمران خان,2000-01-18,710211,16531
TAX004901,حرا خان,25006-4764411-8,Imran Khan,,1073434,71015
TAX004902,Muhammad Osman راجہ,97215-8887210-2,Faisal Raja,1960-10-08,6171408,835711
TAX004903,احمد Raja,18050-6868707-2,Mohammed حمزہ راجہ,1969-02-03,247631,0
TAX004904,زینب Sayed,34348-5607228-1,علی Syed,1987-07-11,144446,0
TAX004905,عمران Butt,,فیصل Bhatti,1995-12-06,592845,0
TAX004906,Muhammad حسین Butt,62424-8249824-1,,1991-11-06,57437,0
TAX004907,Mohammed Moghul,98508-5654766-8,بلال مغل,1959-09-07,782382,27357
TAX004908,عثمان Quraishi,48617-4680527-2,Ahmad Quraishi,1962-12-16,1242563,96384
TAX004909,عثمان Malick,17268-9844462-0,عمران ملک,1981-02-26,1329201,109380
TAX004910,Muhammad Imran Awan,54582-4757427-8,Muhammad Hussein اعوان,1983-04-05,118573,0
TAX004911,Mohammad Osman Awan,66466-7103897-9,,,248641,0
TAX004912,Hamzah Mughal,10240-5391977-6,,2002-10-18,380421,0
TAX004913,Ahmad Awan,95121-4823625-7,محمد Awan,1966-12-14,1603486,150522
TAX004914,مریم Malick,33709-9347397-0,,1964-12-10,990677,58601
TAX004915,Fatimah Malik,37063-1222519-8,Hasan Malik,1966-01-25,99185,0
TAX004916,حسین Ch.,41165-9993149-4,Ahmed چوہدری,1976-04-03,5907201,796080
TAX004917,Hasan خان,20442-4864826-9,Hamzah خان,,617815,2672
TAX004918,مریم Malik,,عمران ملک,1985-11-13,2213253,241987
TAX004919,Mohammad Awan,46925-0638700-7,Hamza Awan,,73931,0
TAX004920,علی Quraishi,90967-2101239-3,,1975-05-03,2203052,240457
TAX004921,Hira بٹ,98162-6622406-1,Muhammed Faisal Butt,1977-05-09,650947,7642
TAX004922,Hussein Butt,58890-9493741-5,Osman بٹ,,34528,0
TAX004923,Ahmed اعوان,78586-8602063-4,Muhammed Imran اعوان,,2084905,222735
TAX004924,Zaynab سید,68794-1260398-5,Hussein Syed,1986-08-16,1380959,117143
TAX004925,Hamzah Syed,58309-4185591-2,Hussain سید,1985-09-03,265350,0
TAX004926,Mohammed احمد Sayyid,,Hamzah Sayyid,1971-05-14,478412,0
TAX004927,احمد سید,21647-6787435-1,Muhammed بلال Sayyid,1973-10-04,190716,0
TAX004928,Hamzah Khan,54720-2946018-9,Bilal Khan,1973-10-28,166423,0
TAX004929,حرا Sayyid,,حسین Sayed,1988-05-06,219440,0
TAX004930,Mariam Malick,18137-7421043-4,Hamzah Malick,1967-12-19,2593172,298975
TAX004931,Hasan Quraishi,83937-4416885-2,حسین قریشی,,136344,0
TAX004932,احمد Chaudhary,19067-7853022-9,Osman Choudhary,1972-04-05,11808884,1681332
TAX004933,Othman Qureshi,90888-9326217-8,Imran Quraishi,1967-11-16,333958,0
TAX004934,محمد Bhatti,75235-3025718-8,Imran بٹ,1990-11-09,1019530,62929
TAX004935,حرا مغل,64559-5728812-5,Usman Moghul,2001-04-26,563335,0
TAX004936,Imran Bhatti,44909-9169540-6,Mohammad Faysal Butt,,254703,0
TAX004937,Muhammad Sayed,29594-6705375-3,Muhammad علی Sayyid,1987-04-13,277463,0
TAX004938,Mohammed Imran خان,94888-9209972-2,احمد خان,1996-04-19,418151,0
TAX004939,Muhammad شیخ,56382-8181520-5,حمزہ Sheikh,1965-11-07,142163,0
TAX004940,Muhammed Bilal خان,66311-2172164-9,Ahmed Khan,1970-12-28,592146,0
TAX004941,Hira Butt,87677-6580558-8,Mohammad بٹ,,2033648,215047
TAX004942,Hamza اعوان,14694-4951960-1,,,81170,0
TAX004943,Fatema Sheikh,50993-6949692-6,Mohammad Hasan شیخ,1969-07-14,1044698,66704
TAX004944,Ali Choudhary,22156-9352022-9,علی Chaudhary,,249263,0
TAX004945,حسن خان,12657-3600985-7,Ahmad خان,,312375,0
TAX004946,حمزہ مغل,53624-7324779-2,Muhammad حسن Moghul,1968-01-19,919173,47875
TAX004947,Marium Raja,44854-4313117-4,Bilal Raja,1972-06-17,1897942,194691
TAX004948,فاطمہ Awan,38784-1165427-0,Hassan Awan,2001-01-09,9321387,1308208
TAX004949,Fatema Choudhary,57968-5151546-0,Mohammad Ahmed Choudhary,1963-11-17,301254,0
TAX004950,محمد خان,27833-6770624-2,Mohammad خان,1986-11-24,4371273,565690
TAX004951,احمد Bhatti,64539-8706239-3,حمزہ Bhatti,1957-08-02,246578,0
TAX004952,Muhammed Hamza چوہدری,29626-5282089-3,Muhammad Usman Choudhary,1970-06-12,279305,0
TAX004953,حرا شیخ,99265-9982950-4,,2003-07-13,1344945,111741
TAX004954,فیصل خان,,Muhammed Ahmad خان,1993-04-12,8797954,1229693
TAX004955,احمد بٹ,58606-5987321-0,Muhammad بٹ,1974-09-20,318998,0
TAX004956,Muhammad Imran Butt,45499-5565672-9,Usman Bhatti,1979-12-23,161069,0
TAX004957,Zaynab Quraishi,31029-5125801-4,Mohammed Qureshi,1957-02-25,392393,0
TAX004958,علی مغل,13323-2551727-5,Mohammed Moghul,1985-07-06,1626366,153954
TAX004959,Muhammed علی Khan,24316-8700956-2,علی Khan,1957-10-10,1498808,134821
TAX004960,عمران شیخ,98239-7030663-7,Hamzah شیخ,,3448771,427315
TAX004961,حمزہ Shaikh,69894-4789896-5,Hamza Shaykh,1961-11-07,1524040,138606
TAX004962,Maryam Bhatti,77372-7036897-3,,1965-06-18,1498465,134769
TAX004963,Othman Moghul,25718-6283539-4,احمد مغل,1973-04-14,536482,0
TAX004964,Fatimah بٹ,80853-9601069-4,Muhammed عمران Butt,2003-07-24,3626459,453968
TAX004965,Hussain Bhatti,16528-7403910-9,Hasan Butt,1970-08-11,1987429,208114
TAX004966,Ahmad قریشی,79360-1016764-6,,1991-06-17,1121318,78197
TAX004967,Mohammad عثمان Shaykh,55086-5008621-7,,1971-08-14,616997,2549
TAX004968,Mohammed Faysal راجہ,,Mohammed Raja,,1471836,130775
TAX004969,Mohammad Hussain Khan,57500-7086557-4,,1998-01-04,21422032,3123304
TAX004970,محمد چوہدری,,عمران Chaudhry,1969-05-02,1663068,159460
TAX004971,Mohammad Hussain Quraishi,78098-1690978-4,بلال Quraishi,1956-07-12,130987,0
TAX004972,Mohammad مغل,67281-4310929-4,فیصل مغل,1962-07-13,1869730,190459
TAX004973,حمزہ اعوان,15232-5377947-5,Osman Awan,1995-05-07,400789,0
TAX004974,حسن Malik,37736-2238516-2,Mohammed Ahmed Malik,2000-01-18,364041,0
TAX004975,حسن Raja,35056-1437804-0,Hamza Raja,2002-08-26,191053,0
TAX004976,Faysal Sayyid,11423-7984575-6,Muhammed Bilal Syed,1987-11-17,2702849,315427
TAX004977,Ahmad Sayyid,88303-2587039-3,Imran Syed,1959-11-06,3837102,485565
TAX004978,Ahmad Bhatti,49961-4342702-9,Hassan Bhatti,1972-07-20,885282,42792
TAX004979,Hira Ch.,42524-6310982-3,,1966-06-24,7031903,964785
TAX004980,احمد مغل,96035-9991355-6,Mohammad Moghul,1962-08-08,741673,21250
TAX004981,Osman Quraishi,22472-2543109-7,Bilal قریشی,1960-05-06,235525,0
TAX004982,حسین Choudhary,72583-1052016-4,Ahmad Ch.,1960-01-17,1214553,92182
TAX004983,Mohammed Bilal Bhatti,36594-6395843-9,Mohammad حمزہ Butt,1971-09-19,216594,0
TAX004984,Osman شیخ,38153-2513737-7,حمزہ Sheikh,2003-10-03,736706,20505
TAX004985,Fatima Qureshi,60449-4757969-3,حمزہ قریشی,1967-05-07,583789,0
TAX004986,Faisal Khan,13210-3826904-4,علی Khan,1956-02-26,1094003,74100
TAX004987,Bilal Sayed,97792-7215175-7,Imran Sayed,1985-05-10,287440,0
TAX004988,عمران Bhatti,73447-3942979-7,Hussein بٹ,,443072,0
TAX004989,Hussein اعوان,83835-2446973-3,,1985-02-14,839751,35962
TAX004990,Faysal راجہ,94326-2264107-2,Mohammed Bilal راجہ,1970-12-17,252906,0
TAX004991,Hamzah Moghul,50170-6878784-5,Mohammad Moghul,1992-08-08,772215,25832
TAX004992,Faysal Raja,,حسین Raja,1965-10-18,2426587,273988
TAX004993,Muhammad Hussain Mughal,46397-6135403-4,بلال Moghul,1968-11-10,1568848,145327
TAX004994,زینب Moghul,22923-2393735-0,Ahmed Moghul,1978-03-27,876442,41466
TAX004995,Othman مغل,79801-2212391-2,Muhammed حسن مغل,1982-12-18,1412972,121945
TAX004996,Ayesha راجہ,40434-3485442-3,عثمان Raja,1961-02-08,530018,0
TAX004997,Ali Sheikh,85415-5801139-5,Hamzah Shaikh,1956-04-03,754741,23211
TAX004998,Mohammed Malick,46463-8882339-0,حمزہ Malick,1967-01-17,537778,0
TAX004999,Hasan Awan,46136-6760065-4,Muhammad Usman اعوان,,1516208,137431
TAX005000,Mohammed Malik,44390-9519020-7,,1978-08-17,102946,0
TAX005001,بلال سید,93360-2559614-7,,1990-07-09,3550209,442531
TAX005002,Aisha ملک,,,1998-03-20,201117,0
TAX005003,Osman چوہدری,63142-6324723-1,Bilal Chaudhry,1973-05-27,8084043,1122606
TAX005004,Hussain خان,52618-4770530-8,,1997-11-20,581791,0
TAX005005,Sana Sayyid,87489-1625726-9,Hamza Syed,1992-09-26,314792,0
TAX005006,Faysal ملک,23801-9381455-0,Mohammed Imran Malik,1984-09-24,408900,0
TAX005007,فیصل Malick,18826-8106935-5,,1985-01-22,686916,13037
TAX005008,Mariam اعوان,53235-2983864-6,Mohammad Imran اعوان,1966-01-07,68698,0
TAX005009,Muhammed Ali راجہ,90219-6014924-0,Ahmad Raja,1976-05-23,5743385,771507
TAX005010,بلال Raja,54555-2500598-1,,1990-11-03,1847999,187199
TAX005011,ثناء Awan,77020-1933135-8,عثمان Awan,1962-12-09,829779,34466
TAX005012,Maryam اعوان,96357-5679897-6,فیصل اعوان,1975-05-01,364070,0
TAX005013,Hussein Shaikh,90351-7419416-9,فیصل شیخ,1977-08-04,1378136,116720
TAX005014,Muhammed حمزہ Khan,65368-5908607-5,Ahmed خان,1995-03-06,817435,32615
TAX005015,Ali Chaudhary,80259-4172570-0,Hasan Chaudhry,1989-02-10,1661074,159161
TAX005016,عائشہ Bhatti,61921-4086501-6,Ali Butt,1991-03-05,1189166,88374
TAX005017,Hasan اعوان,25568-1093002-9,Muhammad Imran Awan,1978-04-06,320586,0
TAX005018,Mohammad Hamza Shaykh,62022-8767880-5,Hussain Shaikh,1992-11-01,642970,6445
TAX005019,Mohammed Chaudhry,97312-5055889-7,Hussein Ch.,1978-12-02,574779,0
TAX005020,Mohammed Sayyid,83881-5368033-8,Ahmad Syed,1983-01-09,590719,0
TAX005021,Fatema Moghul,,Muhammad Ahmed Moghul,1982-04-15,974794,56219
TAX005022,Mohammed Bhatti,10201-3795098-8,Imran بٹ,1990-12-06,920560,48084
TAX005023,Aisha راجہ,15114-2159171-5,Muhammed Ali Raja,2002-05-22,1978742,206811
TAX005024,Mohammed Ahmed Khan,85172-4642834-2,احمد Khan,1956-04-13,2193237,238985
TAX005025,Muhammed Moghul,97363-5421053-2,Hamza Mughal,1956-10-17,1247731,97159
TAX005026,Mohammad عمران Khan,,احمد Khan,,2650717,307607
TAX005027,Mohammed Quraishi,13265-3214918-7,Mohammed Othman قریشی,1998-10-18,363960,0
TAX005028,عمران ملک,46718-9493648-8,,1981-11-15,7780051,1077007
TAX005029,Zainab Shaikh,81333-6006915-0,Bilal Shaykh,1982-02-05,289551,0
TAX005030,Bilal Khan,93468-5537994-1,عمران Khan,1961-02-23,688712,13306
TAX005031,Muhammed Ahmad خان,90008-3734492-6,علی خان,1960-07-18,939186,50877
TAX005032,Ali Khan,19100-6234578-1,,1992-03-09,691378,13706
TAX005033,Hussein خان,79512-7552696-4,Ali Khan,1991-07-24,424519,0
TAX005034,Hussein اعوان,98466-4500687-1,,1990-10-16,589803,0
TAX005035,Hussain Sayed,37626-8430851-4,,2001-06-16,299462,0
TAX005036,حرا Awan,29420-2242043-4,Ali اعوان,1960-02-09,6215263,842289
TAX005037,Hasan سید,18319-3212485-9,,,653825,8073
TAX005038,علی اعوان,44733-3398723-4,حمزہ اعوان,1958-07-22,169020,0
TAX005039,Ali Sheikh,22748-8065933-4,Muhammed شیخ,1956-05-28,2242895,246434
TAX005040,علی بٹ,39110-5711754-5,,1974-07-13,16689461,2413419
TAX005041,Ahmad Shaykh,37177-5043401-5,حمزہ شیخ,1977-11-19,389480,0
TAX005042,Sana بٹ,51346-7790764-7,Osman بٹ,1981-05-13,879600,41940
TAX005043,Marium سید,85368-2556516-3,Husain Syed,1999-09-04,1486652,132997
TAX005044,Muhammed Chaudhary,28587-3707956-1,بلال Ch.,1999-05-24,287208,0
TAX005045,Hussain شیخ,62311-2595262-0,Muhammed Shaykh,1973-10-17,389969,0
TAX005046,Mohammed Qureshi,91022-4219578-6,Usman قریشی,1959-05-13,1257403,98610
TAX005047,Sana Ch.,12231-1829446-7,Usman Chaudhry,1957-10-11,942947,51442
TAX005048,Osman بٹ,37457-8210971-4,Muhammad Bhatti,1963-12-23,4221877,543281
TAX005049,Ali شیخ,53595-6390789-0,حسن Shaykh,1961-03-26,347609,0
TAX005050,Muhammed Osman مغل,90506-7180332-9,Ali Moghul,,773363,26004
TAX005051,Mohammad Bilal Sayyid,38405-7359882-0,Ahmed سید,1989-02-04,514564,0
TAX005052,Muhammad حسن Sheikh,97694-5175359-2,,1967-09-07,13198715,1889807
TAX005053,فیصل Malik,19253-8019922-5,Ahmed Malik,1974-09-04,1941643,201246
TAX005054,Bilal Raja,59727-2937862-1,Muhammed حمزہ راجہ,,921863,48279
TAX005055,Othman Khan,52698-7665124-7,Hassan خان,1960-04-22,625773,3865
TAX005056,Muhammad علی Butt,97342-7395282-6,Muhammed بلال Butt,,568838,0
TAX005057,Fatema Malik,87656-5630235-4,Mohammad ملک,2003-07-01,8740576,1221086
TAX005058,Hira ملک,54985-5617487-9,Imran ملک,1973-05-15,2460982,279147
TAX005059,Ayisha خان,,حسن Khan,1978-04-07,139034,0
TAX005060,Sana بٹ,55893-2863204-8,Muhammad بٹ,1998-01-15,217784,0
TAX005061,زینب Raja,52980-5377344-8,Hassan Raja,1987-07-18,549230,0
TAX005062,Mohammed حمزہ Shaykh,99488-9872495-5,بلال Shaikh,1970-07-14,282812,0
TAX005063,Mohammed Faysal Sayyid,61973-5444669-3,عمران سید,1991-08-11,665015,9752
TAX005064,Mohammed Ali ملک,57000-4201221-9,حسن ملک,1991-05-06,2084958,222743
TAX005065,Muhammad Imran Raja,64614-7173192-9,بلال راجہ,1955-05-02,109134,0
TAX005066,حسین Awan,60410-5707367-8,Ahmad Awan,1968-04-11,1153049,82957
TAX005067,فیصل Moghul,48220-3192634-3,Mohammed عثمان مغل,1957-07-18,25047241,3667086
TAX005068,Faisal Choudhary,13474-7577057-2,Muhammad بلال Choudhary,1967-09-23,1840540,186081
TAX005069,Faisal Bhatti,46518-6953815-4,Muhammad Osman Butt,,1125166,78774
TAX005070,Mohammed Hassan Malick,76111-7468242-5,Mohammed Faysal Malik,1966-08-20,1164383,84657
TAX005071,Mohammad Ali Mughal,52224-5778075-8,Ali Mughal,1984-08-04,227977,0
TAX005072,Muhammad فیصل ملک,86985-5414336-1,Hassan Malick,1980-05-10,1585537,147830
TAX005073,Fatimah مغل,81090-9430103-4,Muhammed Hussein مغل,1957-12-25,1034170,65125
TAX005074,Imran Shaikh,99632-7325135-1,Mohammad Hamzah Shaykh,,674255,11138
TAX005075,Hussein Shaykh,93771-9506522-0,Hussain Sheikh,1978-06-20,513051,0
TAX005076,Mohammed Ahmad Sheikh,50082-6172677-7,عثمان Shaykh,1982-12-24,3423436,423515
TAX005077,Hamza Khan,15534-3152086-3,Muhammad Hamza Khan,2003-02-21,550845,0
TAX005078,Muhammad Sayyid,24544-3303521-0,Hassan سید,1978-09-04,3140058,381008
TAX005079,ثناء Quraishi,99405-8256992-2,Hussain Qureshi,1978-03-09,737824,20673
TAX005080,فاطمہ Ch.,18309-9603843-8,عثمان Chaudhry,1977-03-28,623002,3450
TAX005081,مریم Khan,92666-5755881-5,عمران خان,1975-06-27,1775371,176305
TAX005082,Othman Bhatti,69267-3982812-9,احمد Butt,1966-10-17,1024920,63738
TAX005083,Marium Chaudhry,98625-4954429-7,,1995-07-24,733773,20065
TAX005084,Ahmad اعوان,56379-6973743-7,Bilal اعوان,1967-03-20,607972,1195
TAX005085,Bilal Syed,55604-8099285-7,Hussein Syed,1990-12-13,306050,0
TAX005086,Aisha Choudhary,64240-7596350-3,عمران چوہدری,1982-11-23,4190344,538551
TAX005087,Aysha Awan,43796-1333185-5,حسن Awan,2003-02-18,4618034,602705
TAX005088,Zainab Raja,34430-9503319-8,Muhammed Hamza Raja,1979-12-04,949479,52421
TAX005089,Aysha Khan,21780-1000896-5,عمران Khan,1990-03-26,240217,0
TAX005090,Hassan قریشی,21326-5517084-9,حمزہ Quraishi,1971-06-01,134700,0
TAX005091,Aysha Sayed,16600-8931314-1,Mohammed علی Sayed,1998-06-08,315660,0
TAX005092,احمد Quraishi,33905-5365733-0,,1983-09-26,2652074,307811
TAX005093,Mohammad ملک,18367-2921352-3,محمد ملک,1987-11-08,563409,0
TAX005094,Ahmad ملک,93301-3070087-5,Muhammed Ali ملک,1964-04-09,1290575,103586
TAX005095,Ayesha اعوان,73994-7432692-6,Mohammed Hamzah اعوان,1955-11-28,3498990,434848
TAX005096,بلال خان,55020-2005180-6,Husain Khan,1956-06-04,2456703,278505
TAX005097,Mohammad Malick,15335-8622505-9,Muhammed ملک,1972-04-17,419221,0
TAX005098,عثمان Ch.,34923-3456824-4,,1961-06-22,6418978,872846
TAX005099,احمد Chaudhry,48474-2744561-2,Muhammad بلال Ch.,2001-09-19,275616,0
TAX005100,Mohammed عمران Choudhary,,Hassan Chaudhary,2001-11-20,2272276,250841
TAX005101,بلال خان,52604-7805871-8,,1983-01-20,209123,0
TAX005102,حمزہ Mughal,53306-2740587-2,,1993-12-09,666395,9959
TAX005103,Mohammed Faysal Chaudhary,95481-6183124-5,Mohammed Hamzah Choudhary,1987-05-09,303124,0
TAX005104,علی Chaudhry,,بلال Ch.,1976-11-02,413052,0
TAX005105,عمران سید,19935-9517056-3,حمزہ Sayyid,1981-10-03,531637,0
TAX005106,Hasan اعوان,24750-5859107-0,Hussein Awan,1984-01-17,479954,0
TAX005107,حسین Bhatti,40186-3250570-5,بلال بٹ,1985-03-03,6145169,831775
TAX005108,Faysal قریشی,10992-5572351-5,Ali Quraishi,1980-06-25,886449,42967
TAX005109,احمد Sayyid,21600-6033887-6,Ali سید,,144373,0
TAX005110,Hira Sayyid,50409-5025884-7,Muhammed Hamzah Syed,1965-03-06,1206447,90967
TAX005111,Sana Chaudhary,83884-4886342-5,Hussain Chaudhry,,585601,0
TAX005112,عثمان Choudhary,86091-4678992-3,Osman Choudhary,1989-06-04,2239846,245976
TAX005113,احمد Bhatti,15154-1335601-7,Hussein Butt,,1083372,72505
TAX005114,احمد Raja,22616-1788039-7,بلال راجہ,2003-11-02,2632375,304856
TAX005115,Mohammed Othman Raja,42997-3417547-5,Hassan Raja,1999-08-15,160584,0
TAX005116,Maryam Ch.,45549-7582395-6,Muhammed Chaudhry,1986-01-06,658991,8848
TAX005117,فاطمہ اعوان,82068-1477394-5,حمزہ Awan,,544764,0
TAX005118,Fatimah Moghul,78479-6041965-7,,1971-03-17,1007985,61197
TAX005119,Hussain Sheikh,99943-5886096-4,بلال Sheikh,1955-11-21,90564,0
TAX005120,ثناء راجہ,76370-5013424-2,Ahmad Raja,,717285,17592
TAX005121,Mohammed Butt,22445-9025672-9,عثمان Butt,1968-05-23,1088504,73275
TAX005122,بلال Butt,47121-6237719-6,Muhammed Ali Butt,1971-01-28,1540408,141061
TAX005123,Mohammad Ahmad Sayyid,65678-7485867-4,احمد Syed,1986-01-02,327082,0
TAX005124,حسین اعوان,25304-3226048-0,,1998-07-01,804800,30720
TAX005125,عمران Quraishi,27271-2623968-7,Muhammad Quraishi,1987-09-17,288078,0
TAX005126,علی خان,40799-1299058-8,,1984-03-05,2151378,232706
TAX005127,Maryam چوہدری,51301-9758841-6,Muhammed Choudhary,1960-12-11,363436,0
TAX005128,Imran Quraishi,45524-2130907-4,,1977-02-14,124167,0
TAX005129,Ahmed Sheikh,89013-6377980-2,Muhammed Bilal Shaykh,1960-08-04,437759,0
TAX005130,ثناء Choudhary,13551-2135789-6,,1989-11-11,3332647,409897
TAX005131,Mohammad Hassan Shaykh,22006-7845833-3,Hussein Sheikh,1990-02-08,238269,0
TAX005132,Muhammed Bilal Sheikh,84332-2930624-5,حسن Shaykh,2002-11-24,2215653,242347
TAX005133,Muhammed قریشی,80650-9382466-6,علی قریشی,1973-01-09,342889,0
TAX005134,Ahmad Khan,85063-6831052-8,Ahmad Khan,1979-02-17,10291057,1453658
TAX005135,Muhammed فیصل Raja,35293-8178250-6,Muhammad احمد Raja,1974-06-01,209024,0
TAX005136,Imran اعوان,17460-4811631-7,Hussain اعوان,2003-12-07,4015815,512372
TAX005137,احمد Butt,22780-9818014-9,Muhammad Ahmad Butt,1963-05-03,2094185,224127
TAX005138,علی ملک,37830-8627976-3,محمد ملک,,666461,9969
TAX005139,Muhammed Imran Moghul,70433-4811482-7,Muhammed Hamza Moghul,1978-07-24,3713223,466983
TAX005140,احمد خان,50373-7206564-2,Muhammad Khan,1985-03-25,319178,0
TAX005141,حسن اعوان,,,1970-01-19,1623960,153594
TAX005142,Mohammad Osman Quraishi,,Mohammad Faisal Quraishi,2000-05-26,874758,41213
TAX005143,Hussein Malick,36561-3481396-5,Muhammad Osman ملک,1988-07-28,714892,17233
TAX005144,Hasan خان,23046-4813104-1,Ahmad Khan,1962-11-21,178701,0
TAX005145,Fatima Ch.,91325-1907969-8,علی چوہدری,2002-02-07,10309320,1456398
TAX005146,Ali Shaikh,20039-2742182-8,,1956-10-18,641729,6259
TAX005147,Sana Mughal,37080-1783644-9,احمد Moghul,1967-09-26,66878,0
TAX005148,Muhammed Faisal Raja,,Ali Raja,1990-10-14,1472964,130944
TAX005149,Imran Malik,36729-6331765-8,Mohammad بلال Malik,1966-09-08,2278029,251704
TAX005150,Muhammad عثمان راجہ,73698-8308778-8,Muhammed Raja,,512385,0
TAX005151,حسین سید,30775-4349298-5,فیصل سید,1988-12-21,839957,35993
TAX005152,عمران بٹ,,Ali بٹ,,2067601,220140
TAX005153,علی Bhatti,82411-1620326-1,Hussein Bhatti,1984-07-18,555537,0
TAX005154,بلال Chaudhary,54022-7570691-5,,1979-07-22,470191,0
TAX005155,Husain خان,80618-5230329-5,Hussain Khan,1975-04-14,3494090,434113
TAX005156,علی Sayyid,44154-6781144-7,,1987-11-03,557405,0
TAX005157,Hamzah Malik,15669-7444917-1,Ahmad ملک,,1758879,173831
TAX005158,فیصل Sayyid,55974-9741277-5,Osman Sayyid,1966-03-25,774751,26212
TAX005159,Mohammad مغل,38111-8296545-0,حسین مغل,1989-09-26,499558,0
TAX005160,حرا Malick,74978-5768435-5,Hamza ملک,2002-06-15,3856080,488412
TAX005161,حرا Chaudhary,93273-1609047-8,Faysal Ch.,1997-08-08,399403,0
TAX005162,Mohammad Hasan Sayed,14592-8804005-7,Husain Sayed,1982-08-26,1113314,76997
TAX005163,Muhammad Mughal,52004-6670100-5,محمد Moghul,1962-12-22,450971,0
TAX005164,Muhammad حسن Malick,99690-9167558-4,,1982-12-08,1893995,194099
TAX005165,Muhammad Hasan Butt,61278-3084036-0,Ahmed بٹ,1976-12-17,156575,0
TAX005166,Bilal Chaudhary,20976-1771498-7,Imran Choudhary,2000-11-11,289911,0
TAX005167,بلال Sheikh,,احمد شیخ,,4466730,580009
TAX005168,Fatima Sayyid,16056-2335122-8,عمران Sayed,1960-05-19,532514,0
TAX005169,Ahmad Raja,26559-8770695-1,Othman Raja,2002-02-25,3812507,481876
TAX005170,Imran Sheikh,28376-8833048-6,,1972-04-26,812855,31928
TAX005171,Fatema Quraishi,,Muhammed Imran Quraishi,2003-04-11,438010,0
TAX005172,حمزہ Bhatti,24554-6221545-7,Ali Bhatti,1983-05-22,229300,0
TAX005173,Mohammad Ahmad Moghul,67959-2243274-2,حسن Mughal,1967-07-15,573917,0
TAX005174,Othman قریشی,38760-8364105-3,Faisal Quraishi,1998-10-15,7541178,1041176
TAX005175,Hussain Malick,,احمد ملک,1968-07-09,1370310,115546
TAX005176,Muhammad Bilal Choudhary,69985-8579243-5,Osman Chaudhary,1971-12-17,923982,48597
TAX005177,Hira سید,85013-4463180-9,Faysal Sayed,2002-03-16,778132,26719
TAX005178,بلال Khan,84319-9168817-8,فیصل خان,1995-03-27,765985,24897
TAX005179,Hasan راجہ,24172-4174891-6,علی راجہ,1972-01-17,121699,0
TAX005180,Faisal Quraishi,44177-7631317-7,Muhammad Hussein قریشی,1971-06-14,2867968,340195
TAX005181,Muhammed Ali Shaikh,57902-6119255-6,Hamzah شیخ,2002-09-28,322220,0
TAX005182,Mohammad Imran Raja,85775-6557247-4,حمزہ Raja,1973-03-01,4728216,619232
TAX005183,Muhammed Hassan Butt,22330-5969012-2,Hussein Bhatti,1967-11-17,1022828,63424
TAX005184,Mohammad Ahmad Choudhary,96507-5572561-9,علی Ch.,1989-09-28,2357046,263556
TAX005185,ثناء Syed,39214-9873546-5,Mohammad حسن Syed,1995-08-11,220672,0
TAX005186,Mohammad اعوان,51636-1800071-5,بلال Awan,1955-03-06,218432,0
TAX005187,Hassan Shaikh,,,1958-07-18,13691351,1963702
TAX005188,Zaynab Shaikh,83448-7074501-5,Usman شیخ,,341241,0
TAX005189,محمد Khan,96254-3146433-4,Husain Khan,,201329,0
TAX005190,زینب Malick,26236-9544023-2,Ali Malik,1965-05-04,3803907,480586
TAX005191,Faisal Qureshi,13343-3133180-3,علی قریشی,1967-12-06,862676,39401
TAX005192,Hasan Mughal,99369-3277420-8,,1987-02-10,92111,0
TAX005193,Mohammad Sheikh,45230-2423010-6,Ahmad شیخ,1958-12-25,210986,0
TAX005194,Mohammed حسن Shaikh,,Hussain Shaykh,1997-03-27,139182,0
TAX005195,Hussein چوہدری,95535-6111457-1,Faisal Ch.,1991-08-20,689296,13394
TAX005196,Marium چوہدری,87933-2720320-1,Othman Chaudhary,1972-04-24,1868095,190214
TAX005197,Ayesha Malik,10161-6060781-8,Muhammad عمران Malick,1963-01-14,2313535,257030
TAX005198,محمد خان,34696-3960067-7,Mohammed حسن Khan,1982-06-05,249799,0
TAX005199,Muhammad فیصل Awan,93635-3118499-0,Othman Awan,,1525700,138855
TAX005200,ثناء ملک,19402-3388133-7,Faysal ملک,1974-05-23,118945,0
TAX005201,Faysal Awan,,Mohammad Husain Awan,1995-10-15,337330,0
TAX005202,Muhammad Sayed,81839-9549183-7,,1982-02-19,3949910,502486
TAX005203,علی Sheikh,55171-5847169-0,Husain شیخ,1955-03-13,237537,0
TAX005204,ثناء Butt,23143-6356389-6,Ali Butt,1965-06-26,795842,29376
TAX005205,Faisal خان,48065-6575521-9,عمران خان,1966-12-15,141660,0
TAX005206,Muhammad حمزہ Khan,49467-8734936-1,Muhammed Hamza خان,1964-10-04,146603,0
TAX005207,عثمان چوہدری,57099-4780269-3,Imran Choudhary,1974-04-01,805716,30857
TAX005208,بلال Mughal,37441-2977718-0,علی Moghul,1958-09-11,1909562,196434
TAX005209,Mohammed Usman Sayyid,90525-9784464-0,Muhammed حسن Syed,1971-05-02,977228,56584
TAX005210,Zaynab Moghul,86536-8899927-4,حسن Moghul,1993-06-02,143239,0
TAX005211,Mohammed Faisal شیخ,58762-5697955-5,Osman Shaikh,1972-10-03,2103678,225551
TAX005212,Ahmad Awan,86502-5931161-4,Ali Awan,1966-09-08,487642,0
TAX005213,عمران اعوان,67449-7884260-3,Mohammed Awan,1972-10-28,752519,22877
TAX005214,Faisal بٹ,,Hassan Bhatti,,250148,0
TAX005215,Mohammad قریشی,55578-2716151-2,احمد Qureshi,,69876,0
TAX005216,Mohammad Bilal Shaykh,20947-8282419-6,عثمان شیخ,,48386,0
TAX005217,Usman Syed,22027-5439871-6,Hamzah Sayyid,1968-06-20,70057,0
TAX005218,Faisal Syed,72202-8670834-4,Muhammad Ahmad Sayyid,1997-07-04,166706,0
TAX005219,Mohammed بلال Sayyid,62690-6199910-0,Bilal Syed,1968-04-13,2539521,290928
TAX005220,Hamzah Malick,65368-7858419-7,Faisal Malick,1979-10-08,313730,0
TAX005221,Hussain مغل,39700-6221025-4,Hasan مغل,1982-10-06,766375,24956
TAX005222,Bilal Sheikh,75095-5771981-7,حمزہ Sheikh,1995-05-03,847287,37093
TAX005223,بلال خان,,Bilal خان,1998-01-12,382673,0
TAX005224,محمد Chaudhry,23083-8184075-5,Husain چوہدری,1994-12-18,122685,0
TAX005225,Bilal Malik,60079-6058599-8,Hamza ملک,1979-01-17,671713,10756
TAX005226,Hamzah Syed,13361-4417734-6,Hassan Sayed,,104890,0
TAX005227,Fatima Shaikh,91482-3377819-1,حمزہ Shaikh,1969-07-13,171289,0
TAX005228,Bilal Sayyid,89612-1937396-6,Muhammad Sayed,1986-03-16,516624,0
TAX005229,Hasan Syed,64019-2261305-4,حمزہ Sayyid,1999-07-14,1004542,60681
TAX005230,حرا Malick,13672-3624319-2,Bilal Malick,,2287042,253056
TAX005231,Muhammed حسن Bhatti,43446-6693407-7,Muhammed Ali بٹ,1972-12-09,1151462,82719
TAX005232,Hamzah Syed,54099-8091495-1,Mohammad Husain Sayyid,1988-11-03,5713478,767021
TAX005233,Mohammed حمزہ راجہ,42015-4416539-8,Mohammad راجہ,1986-01-08,1974463,206169
TAX005234,Osman Syed,11240-6707318-3,حسن Sayed,1996-11-02,1871061,190659
TAX005235,Muhammed احمد Moghul,81183-7467172-0,,1991-07-23,9312823,1306923
TAX005236,بلال مغل,,Imran Moghul,1992-08-28,2807549,331132
TAX005237,Bilal Chaudhry,78966-6862751-3,Faysal Choudhary,1981-02-21,4871853,640777
TAX005238,Hussein راجہ,83650-1102177-5,,1971-11-19,2958171,353725
TAX005239,Zainab Raja,32185-6034983-9,Hassan راجہ,1987-08-03,318624,0
TAX005240,حمزہ Mughal,97741-5719054-4,Husain مغل,,1764931,174739
TAX005241,Hamza Chaudhry,87522-6408498-2,Bilal Ch.,1959-05-23,190060,0
TAX005242,Muhammed Hussain Quraishi,39925-8290677-3,,1977-02-05,730171,19525
TAX005243,Muhammed حمزہ Moghul,39960-2497592-7,Hasan مغل,1967-04-28,724287,18643
TAX005244,Muhammad Bilal راجہ,84856-6593952-7,Muhammed Raja,2001-12-21,259782,0
TAX005245,Muhammed Chaudhary,25659-8187472-2,Faysal Choudhary,1966-04-24,952952,52942
TAX005246,Hussein Chaudhry,68566-2483706-2,Mohammed چوہدری,1975-08-10,2628218,304232
TAX005247,Muhammad حسن راجہ,59793-9459389-2,Imran راجہ,1994-08-25,1371554,115733
TAX005248,Ayesha Shaikh,62609-6195212-5,حسن شیخ,1962-11-27,1438142,125721
TAX005249,حمزہ Khan,,Faysal Khan,1982-08-10,1623586,153537
TAX005250,Mohammed Faisal چوہدری,95882-9267881-1,بلال Choudhary,1999-11-04,159533,0
TAX005251,فاطمہ Chaudhry,63451-2360672-0,Ahmed Chaudhary,1970-11-06,634035,5105
TAX005252,Hassan Sayed,66003-9451408-4,Hamza Sayyid,1969-01-18,1039550,65932
TAX005253,Hassan قریشی,,,1964-09-24,444402,0
TAX005254,Muhammed Hussain Shaykh,53266-2672667-1,Mohammed بلال Shaykh,1988-12-18,842054,36308
TAX005255,Muhammad Ahmed Malik,92986-7332874-7,,,736113,20416
TAX005256,Bilal Sayed,62327-9908160-2,Faysal Sayyid,1968-01-01,588947,0
TAX005257,Hamza Khan,69372-9289884-4,Bilal خان,1972-04-17,737728,20659
TAX005258,Imran راجہ,98129-8565826-0,Husain راجہ,1972-12-25,6245308,846796
TAX005259,Muhammad عمران Chaudhry,80692-9042675-4,Ali چوہدری,1961-01-19,229637,0
TAX005260,Othman بٹ,76965-9573957-3,Muhammad Butt,1962-09-25,1030090,64513
TAX005261,حمزہ قریشی,40059-7051337-6,,,1604105,150615
TAX005262,علی Awan,77472-5021005-9,Bilal Awan,2003-06-10,367437,0
TAX005263,Hasan Chaudhry,11086-7159872-3,Bilal Ch.,1969-05-15,1202330,90349
TAX005264,Maryam Raja,68203-2037197-5,Mohammed حسین Raja,1971-06-26,231213,0
TAX005265,Husain Moghul,81614-1111673-8,حمزہ Mughal,1971-06-19,5977274,806591
TAX005266,احمد Sayyid,18196-5363756-1,Hamza Syed,1990-11-15,178840,0
TAX005267,Mohammad Hamzah Raja,40502-6623999-7,عمران Raja,1979-07-13,2167645,235146
TAX005268,Hasan Shaikh,93673-3791618-4,,1990-07-03,3001631,360244
TAX005269,Muhammad Husain Malick,55623-2112766-9,Mohammad Faysal Malik,1981-09-07,623421,3513
TAX005270,Hira Sayed,87144-1977678-8,علی Sayed,1969-08-04,1545390,141808
TAX005271,Muhammad Ali چوہدری,76793-1340880-4,Hamza Ch.,2000-04-05,318824,0
TAX005272,Ali Butt,51370-2642065-1,Bilal Butt,1963-06-19,560842,0
TAX005273,Aysha Raja,25599-5503113-7,,1984-02-13,418167,0
TAX005274,عمران Khan,28655-8795152-8,Muhammad بلال Khan,1962-02-17,1361304,114195
TAX005275,فیصل Shaykh,99953-5705960-4,Mohammed Sheikh,1963-07-21,264828,0
TAX005276,Imran Chaudhary,81064-8794006-4,,1978-11-10,501791,0
TAX005277,Imran بٹ,49261-7080042-4,فیصل Bhatti,1966-09-16,2999748,359962
TAX005278,بلال اعوان,78253-7867409-6,عمران Awan,1988-02-10,92162,0
TAX005279,Faisal Sheikh,36201-4402156-7,Muhammad حسن شیخ,,463990,0
TAX005280,علی Awan,89978-2831217-9,Ali اعوان,1960-06-16,419792,0
TAX005281,Hussain Raja,66782-2330275-2,Mohammad راجہ,1975-03-22,333163,0
TAX005282,Ahmad Moghul,30687-5797780-6,Osman Mughal,1964-02-21,1878087,191713
TAX005283,Ali Qureshi,43085-5872584-3,Mohammad حمزہ Quraishi,1981-03-27,1775226,176283
TAX005284,Muhammed Sayyid,44130-7158634-6,بلال سید,,5168603,685290
TAX005285,احمد خان,57800-9113115-5,,1987-09-24,148218,0
TAX005286,Sana بٹ,22190-2725109-7,Muhammed Ahmad Butt,1998-12-18,262255,0
TAX005287,Sana Malick,81649-2356931-8,عمران Malik,1986-06-26,419177,0
TAX005288,Muhammed Imran سید,88908-4445790-7,,1972-01-17,514572,0
TAX005289,فیصل Quraishi,55179-7749348-2,,1955-01-27,1480153,132022
TAX005290,Mohammed Faysal بٹ,95938-6511594-6,عمران بٹ,1976-10-02,315819,0
TAX005291,Ayisha Raja,49660-8097114-3,Faysal Raja,1960-01-05,401507,0
TAX005292,علی Chaudhry,,Muhammad Hasan Chaudhary,1962-12-28,1039739,65960
TAX005293,Ali سید,63332-3632336-9,Ali Sayed,,1945593,201838
TAX005294,Mohammed ملک,28542-2706700-4,عمران Malick,1986-07-08,4675556,611333
TAX005295,Fatema Raja,82218-1299209-3,Ahmad Raja,1992-07-23,619683,2952
TAX005296,Muhammed Hasan قریشی,35147-6857726-8,علی قریشی,1998-07-08,391742,0
TAX005297,حمزہ راجہ,79368-3374056-4,Muhammad Usman Raja,1998-10-04,300241,0
TAX005298,ثناء Malick,84457-3020717-7,علی Malik,1967-03-18,1511480,136722
TAX005299,Faisal شیخ,50132-2554833-3,عمران شیخ,1985-01-12,114394,0
TAX005300,محمد Qureshi,,Ali Qureshi,1973-02-07,438630,0
TAX005301,حمزہ Khan,86529-2967808-4,Mohammed احمد Khan,,965091,54763
TAX005302,Sana Moghul,56696-4417878-6,Muhammad Mughal,1955-05-27,5293690,704053
TAX005303,Usman Awan,28309-9325485-5,,1984-04-15,190321,0
TAX005304,حسن Awan,50936-5596547-9,Muhammad Hamzah اعوان,2001-02-06,224439,0
TAX005305,احمد بٹ,88310-3721158-0,Mohammad Bhatti,1992-02-25,659072,8860
TAX005306,حسن بٹ,88840-9128011-0,Muhammad عمران Butt,,1776150,176422
TAX005307,Aisha سید,20041-4444726-7,Hussein Sayed,1990-10-13,733877,20081
TAX005308,Bilal Ch.,89770-3119933-4,,1959-01-11,683553,12532
TAX005309,Mohammed Ahmad راجہ,97453-4035119-7,Muhammed Faysal Raja,1973-01-11,335870,0
TAX005310,Mohammed Ahmad Quraishi,89306-1214114-6,Muhammad قریشی,1970-06-14,278637,0
TAX005311,حمزہ خان,12324-7073248-0,محمد Khan,1993-02-16,411288,0
TAX005312,Hasan Awan,22593-8738084-7,Hussein Awan,1955-09-20,754911,23236
TAX005313,Hamza Mughal,96086-4560325-1,Ahmad Mughal,,1122991,78448
TAX005314,بلال Bhatti,94016-9870460-2,,1989-04-13,373788,0
TAX005315,Muhammed مغل,23768-7964467-8,Muhammad Ali Moghul,1990-11-23,956338,53450
TAX005316,Hamza ملک,81027-8714743-2,Hasan Malik,1958-11-15,1638146,155721
TAX005317,Sana Syed,51503-5230663-1,Hasan Sayyid,1955-01-24,770016,25502
TAX005318,Mohammad Ali خان,62667-3984801-0,,,526280,0
TAX005319,بلال Malik,50007-2382057-0,Mohammed علی Malik,1987-12-22,7002689,960403
TAX005320,Faisal Syed,,Mohammad Husain Sayed,,1723076,168461
TAX005321,عمران خان,55414-2800208-2,علی Khan,,793258,28988
TAX005322,حمزہ Awan,94586-4095888-5,حمزہ اعوان,1988-04-14,119171,0
TAX005323,علی Chaudhry,38860-3491451-5,,1982-01-02,1510980,136647
TAX005324,Ali Choudhary,37846-9806745-8,عمران چوہدری,1997-01-27,50253,0
TAX005325,علی Butt,55897-3141452-1,Mohammed بٹ,1959-01-15,61586,0
TAX005326,Mohammad Quraishi,87212-2341816-1,فیصل قریشی,1995-12-15,1316180,107427
TAX005327,Muhammad Ahmad Malick,13047-6079832-1,علی Malik,1965-12-28,1963579,204536
TAX005328,Ali Raja,17860-9745891-2,Mohammad Bilal Raja,1984-01-07,2819863,332979
TAX005329,Fatima راجہ,90802-2588809-4,فیصل Raja,1970-08-04,1469036,130355
TAX005330,Hussein Qureshi,26025-5291958-6,Imran Quraishi,1987-02-26,1263676,99551
TAX005331,Mohammed Moghul,39802-5963481-8,Hassan مغل,1976-10-03,2903664,345549
TAX005332,Mohammed Bilal Shaykh,90492-1938894-5,Muhammad علی شیخ,,2498486,284772
TAX005333,Mohammad Hamzah Qureshi,19178-9120616-8,Hassan Qureshi,1977-12-14,632799,4919
TAX005334,Mohammed Quraishi,76321-2225735-1,,1978-06-15,101580,0
TAX005335,Muhammad Hamzah Awan,65866-8271396-2,Hamzah Awan,1959-01-28,668477,10271
TAX005336,Hussein Shaykh,12747-8931763-3,عثمان Shaikh,1969-09-13,1083589,72538
TAX005337,Othman Mughal,11227-8833923-8,بلال Mughal,1962-07-20,713826,17073
TAX005338,Hassan Butt,51245-2019553-7,Muhammed Husain بٹ,1988-02-09,1076988,71548
TAX005339,Husain Sayyid,62413-7691693-2,Mohammad Bilal Sayed,1968-10-12,3334844,410226
TAX005340,Mohammad حسن راجہ,46608-6104470-1,Usman Raja,1976-03-19,986210,57931
TAX005341,حمزہ اعوان,21667-4191237-5,عمران اعوان,1994-10-27,726256,18938
TAX005342,Bilal Khan,36873-2751644-1,Hassan خان,1998-11-16,1278686,101802
TAX005343,Hira مغل,84923-5051152-0,فیصل Mughal,1958-08-16,316065,0
TAX005344,محمد خان,10700-7956579-2,عثمان خان,1956-10-25,188088,0
TAX005345,Ayesha Quraishi,77751-1441328-2,Othman Qureshi,2002-06-24,3385686,417852
TAX005346,Fatima اعوان,13349-8414298-0,Muhammad Hussain Awan,1962-10-01,1113172,76975
TAX005347,Mohammad Bilal Malick,27915-4201778-7,Mohammad Faysal ملک,1995-08-25,1427081,124062
TAX005348,Othman Chaudhary,,Mohammad احمد چوہدری,1988-07-10,770932,25639
TAX005349,Osman خان,20797-5168251-7,Hussein Khan,2000-05-27,5091099,673664
TAX005350,Zaynab Khan,22987-6426952-0,محمد خان,1985-05-18,634715,5207
TAX005351,بلال Raja,20732-3400471-0,علی Raja,2000-02-11,484680,0
TAX005352,Muhammad Awan,85047-7122688-7,,1998-08-04,665084,9762
TAX005353,ثناء اعوان,12059-1455046-6,Faysal اعوان,1984-04-14,523954,0
TAX005354,حرا Moghul,,Othman مغل,1961-02-01,373460,0
TAX005355,حمزہ راجہ,39898-6535964-7,Ahmed Raja,1994-01-19,299385,0
TAX005356,Marium Malick,57251-9507707-8,احمد ملک,1988-09-26,935985,50397
TAX005357,عائشہ Sayyid,20141-3218861-5,Osman Syed,1999-01-15,1314634,107195
TAX005358,فیصل Malik,64920-5463397-0,عمران Malik,1967-05-22,1206807,91021
TAX005359,Mohammad علی Raja,54997-2424447-0,Imran Raja,1984-08-04,6000562,810084
TAX005360,Hira Ch.,86261-1016769-3,Muhammad عمران Ch.,1959-09-14,2566401,294960
TAX005361,محمد Awan,99772-7540409-5,Hussain اعوان,1969-08-01,1461855,129278
TAX005362,ثناء Mughal,89850-8701180-2,علی Mughal,1971-10-15,920438,48065
TAX005363,Husain Raja,94358-7401735-0,Muhammad احمد Raja,1969-02-01,538183,0
TAX005364,فاطمہ Butt,20398-3068495-5,Hamza Bhatti,,75253,0
TAX005365,حمزہ Malick,79483-5360284-6,,1982-06-28,773810,26071
TAX005366,Husain Shaykh,94480-2042987-3,Hamza Shaykh,1972-10-15,692243,13836
TAX005367,Maryam Malik,31207-6023047-9,Imran Malik,2001-08-14,219040,0
TAX005368,احمد قریشی,97710-3284663-1,Mohammed Hassan Quraishi,1959-12-20,1089273,73390
TAX005369,ثناء Chaudhary,16271-3832340-8,,1991-08-14,2853978,338096
TAX005370,Hamzah Malik,57965-1464940-3,,1981-07-17,805558,30833
TAX005371,Muhammad Faysal شیخ,65887-8979774-7,Muhammed Hussain Shaykh,1973-08-07,10676146,1511421
TAX005372,Aysha مغل,45558-8300889-8,Hussein مغل,,973103,55965
TAX005373,Hussein Malik,22159-9022132-7,احمد Malik,1986-02-13,14350461,2062569
TAX005374,Hussein Bhatti,34662-7350490-3,,,591820,0
TAX005375,عثمان Bhatti,31656-1832974-0,حمزہ Bhatti,1969-02-13,429314,0
TAX005376,Bilal Raja,28483-5114431-9,فیصل راجہ,1985-11-15,1482409,132361
TAX005377,Hassan Sheikh,84253-9999365-3,Faisal Shaykh,1961-09-16,482516,0
TAX005378,فیصل مغل,75810-9882365-4,احمد مغل,1992-11-25,1067407,70111
TAX005379,Mohammad Husain Sayed,18746-9875004-8,Muhammed Syed,1969-12-09,265938,0
TAX005380,Mohammad بلال ملک,80764-5451027-7,Hasan Malick,1987-02-01,804622,30693
TAX005381,Aisha اعوان,83671-7242816-0,عمران Awan,1963-03-13,422590,0
TAX005382,عثمان بٹ,90176-9511901-5,فیصل Butt,1956-02-16,5052535,667880
TAX005383,Mohammed خان,57985-7076192-0,حسین Khan,1992-11-08,1683212,162481
TAX005384,Ahmed Sheikh,13132-2270063-5,حسن شیخ,1967-09-16,171205,0
TAX005385,عمران چوہدری,,Muhammed حسن چوہدری,1987-11-04,653876,8081
TAX005386,عمران اعوان,17255-9317175-4,Hassan اعوان,2003-03-13,530893,0
TAX005387,Hassan Shaykh,60390-1695824-3,Othman Sheikh,1979-08-05,838626,35793
TAX005388,Muhammad علی Bhatti,28141-3638012-6,Hussein بٹ,1985-03-17,187790,0
TAX005389,حسین Chaudhary,15866-4638089-2,Muhammad علی Chaudhary,1964-11-15,5480113,732016
TAX005390,عمران چوہدری,98009-2201541-7,Hassan Chaudhry,1956-10-27,535643,0
TAX005391,عمران ملک,28790-5848282-2,Hussain Malik,,4261167,549175
TAX005392,زینب Shaykh,76621-4822723-2,Mohammad Shaykh,2003-10-08,38927,0
TAX005393,Faysal Raja,89447-3956222-9,,1981-08-15,4916141,647421
TAX005394,Hussein Quraishi,87867-6229136-4,Hussain Quraishi,2001-05-05,350985,0
TAX005395,Fatema Awan,83682-4156753-2,,1968-05-18,1330414,109562
TAX005396,عثمان اعوان,,Hasan اعوان,1993-04-03,700896,15134
TAX005397,زینب Chaudhry,,Bilal Chaudhary,1999-12-20,345241,0
TAX005398,Aisha قریشی,72760-2570469-5,Faysal Quraishi,1996-02-21,2132997,229949
TAX005399,Hasan Chaudhary,31875-7239860-5,Muhammad Choudhary,1962-04-11,6652254,907838
TAX005400,Hasan Butt,40541-8400662-6,Muhammad Ali Butt,1956-11-21,1644130,156619
TAX005401,Mohammad ملک,80787-3935142-2,,1957-07-18,599780,0
TAX005402,Mariam Chaudhary,,,,945041,51756
TAX005403,Mohammed Ali مغل,82264-4482787-8,Muhammad Hasan Moghul,1975-01-27,1306890,106033
TAX005404,حمزہ قریشی,90962-7518978-9,Mohammad حسین قریشی,1987-12-13,1160791,84118
TAX005405,Muhammed Malick,61947-6417729-3,حسن ملک,1965-04-20,1587362,148104
TAX005406,Sana ملک,59448-7378077-4,Mohammed Ahmad ملک,1959-06-03,5388072,718210
TAX005407,Muhammed Butt,36097-4142803-2,بلال بٹ,1957-12-01,1543700,141555
TAX005408,Mohammed حسن Mughal,45047-8709401-3,Mohammad Ahmed Moghul,1956-06-07,1145591,81838
TAX005409,Ahmad Shaykh,11068-6218205-4,علی Shaikh,1987-03-08,138505,0
TAX005410,بلال Khan,97006-9255025-2,Mohammad Imran خان,1994-11-07,212093,0
TAX005411,Muhammad احمد شیخ,22762-7071555-1,محمد Shaykh,1981-01-28,1007403,61110
TAX005412,ثناء Bhatti,98643-1438560-4,Mohammad Ali Butt,1999-01-19,314802,0
TAX005413,حرا Syed,23442-4556273-0,,1974-06-07,291940,0
TAX005414,علی Shaykh,52864-4999470-2,Hamza Sheikh,1960-05-28,1159826,83973
TAX005415,Muhammad Awan,35696-1828330-2,,1978-01-19,678346,11751
TAX005416,Hussein Raja,74955-5806394-9,حسن Raja,1981-01-26,3049866,367479
TAX005417,Hira راجہ,39293-1519253-7,حسن راجہ,1984-03-05,131684,0
TAX005418,Zainab Raja,41587-7758764-3,Faisal Raja,1962-08-27,223597,0
TAX005419,Muhammad Sheikh,67888-9717342-2,Muhammad Ali Shaykh,1998-04-08,107928,0
TAX005420,Imran Syed,45856-3375868-2,Hassan Sayed,1973-03-05,323906,0
TAX005421,Hussein Butt,10705-7091801-6,Muhammad بلال بٹ,1976-08-15,345092,0
TAX005422,Aisha شیخ,73697-5329915-3,حسین Sheikh,1966-02-01,111693,0
TAX005423,Faisal راجہ,36204-1447694-3,Mohammad Ahmad راجہ,1982-10-14,2774125,326118
TAX005424,Ali سید,,Ahmad سید,1983-07-22,2271881,250782
TAX005425,Aysha Sheikh,99671-7302602-8,Mohammad Othman Shaikh,,41530,0
TAX005426,ثناء Shaykh,88385-1673734-2,,1965-08-27,761596,24239
TAX005427,ثناء Bhatti,53522-5881341-5,Hamzah Butt,1979-04-10,973471,56020
TAX005428,Mohammed خان,74273-7482306-8,Hassan خان,1978-03-24,1535491,140323
TAX005429,Hassan Awan,32657-1775745-4,Bilal اعوان,2002-06-08,374384,0
TAX005430,Hamza Khan,27629-7341428-7,,1991-09-07,333470,0
TAX005431,Mohammad علی Khan,,Muhammed خان,1986-08-19,792283,28842
TAX005432,علی ملک,33657-5129336-8,عمران Malick,,531410,0
TAX005433,Mohammad Osman Qureshi,31146-9145860-1,,1962-01-13,344314,0
TAX005434,حسین بٹ,66608-7526203-7,,1972-12-14,3413752,422062
TAX005435,Bilal Quraishi,55621-2432486-2,Mohammed بلال Qureshi,1975-05-16,873925,41088
TAX005436,Ali ملک,57621-3423445-3,Imran Malik,1983-08-26,82207,0
TAX005437,Muhammad خان,54708-5548113-5,Mohammad Khan,1981-11-20,1268122,100218
TAX005438,Maryam چوہدری,95841-2965339-2,حسن Choudhary,1975-05-21,335965,0
TAX005439,Bilal Khan,10748-4465261-7,بلال خان,1958-03-21,1894216,194132
TAX005440,Hamzah Chaudhary,61852-8034234-8,Mohammed Chaudhary,1970-02-14,484835,0
TAX005441,Ayisha Awan,45200-7450485-6,Muhammed اعوان,1957-06-11,162686,0
TAX005442,Ahmed Moghul,85193-4156854-4,Mohammed Hussein مغل,1994-12-20,2557329,293599
TAX005443,Osman Moghul,83324-8359938-9,عمران Moghul,1964-07-21,2919971,347995
TAX005444,Osman Awan,91260-5376779-5,Muhammad Awan,1988-11-20,1562087,144313
TAX005445,Mohammed بلال Chaudhary,86296-2477750-6,احمد Chaudhary,1981-10-07,1783448,177517
TAX005446,Hassan Syed,52317-3895267-8,Muhammed Sayyid,1972-11-08,613506,2025
TAX005447,زینب Bhatti,76938-2599276-6,,1992-05-14,2111987,226798
TAX005448,Imran Syed,52972-2833944-5,Muhammed Bilal Sayyid,1984-05-21,1891388,193708
TAX005449,Faisal ملک,65520-1275412-8,,1963-06-15,120690,0
TAX005450,Muhammad Faysal Raja,44805-8346426-1,Hussein Raja,1985-01-14,1060339,69050
TAX005451,Mohammed خان,24822-8563582-9,,2003-12-14,209672,0
TAX005452,Hussain Raja,20756-7769798-5,,1959-03-10,2754975,323246
TAX005453,ثناء قریشی,58719-2115004-6,علی قریشی,1987-12-21,61250,0
TAX005454,Hussain Shaykh,96882-5905668-7,Hussain Shaykh,1979-10-16,411998,0
TAX005455,Hassan Sayyid,89563-5598733-8,Mohammed Sayed,1996-05-09,588073,0
TAX005456,Muhammed عثمان Raja,93608-3248873-7,Muhammed علی راجہ,1994-02-15,1455885,128382
TAX005457,احمد شیخ,55435-9758429-8,Imran Shaykh,1973-02-19,568565,0
TAX005458,Bilal Chaudhary,49507-5282148-6,Mohammed چوہدری,1984-09-03,665989,9898
TAX005459,Faisal Qureshi,87272-4961925-8,Othman قریشی,1965-03-06,150659,0
TAX005460,Muhammed Hussein Shaykh,20395-7081481-4,Hamzah Shaikh,1992-12-15,686015,12902
TAX005461,Hussain Mughal,,,2000-03-01,3434236,425135
TAX005462,Faysal Quraishi,31879-9629603-4,Mohammad Osman قریشی,,3889404,493410
TAX005463,Imran اعوان,45435-4386788-1,محمد Awan,1983-05-19,640645,6096
TAX005464,مریم Bhatti,38429-1075887-0,Faysal Bhatti,1965-01-27,4728723,619308
TAX005465,Ayesha Syed,92129-4306809-2,فیصل Sayed,1964-05-02,880282,42042
TAX005466,Ahmed Sayyid,70860-5058503-2,Imran سید,1961-10-15,261071,0
TAX005467,حمزہ Awan,76005-1310056-6,Mohammad بلال Awan,1977-11-02,90449,0
TAX005468,زینب Quraishi,13013-1841816-2,Muhammad Bilal Quraishi,1998-08-03,590695,0
TAX005469,Maryam Quraishi,84220-6554087-4,Mohammad Hasan Qureshi,1998-02-23,408987,0
TAX005470,Aisha Malik,87398-9676860-1,Hussein Malick,2000-03-21,1096842,74526
TAX005471,Faisal Choudhary,48674-5605559-9,علی Ch.,1965-10-09,4812878,631931
TAX005472,مریم Malik,26339-2954327-8,Muhammad Usman Malick,,616115,2417
TAX005473,Muhammad Awan,82294-8326064-6,Othman اعوان,,8116571,1127485
TAX005474,Othman اعوان,15613-4203033-4,Ahmed اعوان,1996-04-18,1584414,147662
TAX005475,Mariam Awan,29481-9131831-2,Muhammed عثمان اعوان,1992-12-01,1938390,200758
TAX005476,Ahmed Shaykh,19737-1780284-0,Muhammad Faysal Sheikh,1993-10-04,2161307,234196
TAX005477,Muhammed حسین راجہ,38574-2398174-1,,1967-06-17,2048137,217220
TAX005478,محمد Mughal,17584-5257395-5,Faysal Moghul,1969-09-16,348725,0
TAX005479,Fatima Raja,42750-6464782-4,,,1717849,167677
TAX005480,محمد خان,40549-7559079-3,Hamza Khan,1998-06-16,260327,0
TAX005481,Othman Malik,11610-8640227-7,عمران Malik,1969-04-25,260088,0
TAX005482,Hussein Bhatti,56570-7113524-7,Usman Butt,1969-02-02,174255,0
TAX005483,Mariam راجہ,68122-6197865-2,Muhammad حمزہ راجہ,1975-08-03,530069,0
TAX005484,علی Quraishi,91234-2639233-6,عثمان قریشی,1967-10-27,5408738,721310
TAX005485,زینب Khan,82262-7926410-6,Muhammed عمران Khan,,738441,20766
TAX005486,Hussein قریشی,34810-3499729-4,Mohammed Quraishi,1963-04-02,956353,53452
TAX005487,علی Shaikh,35501-8382225-1,Osman Sheikh,1957-02-02,960798,54119
TAX005488,Faysal بٹ,96889-3188240-9,Muhammad Butt,1958-10-10,167468,0
TAX005489,حرا Bhatti,22792-3934873-8,,1963-05-19,288556,0
TAX005490,Faysal Syed,99520-3971701-4,Faysal Sayyid,1959-02-25,785902,27885
TAX005491,Hussain اعوان,70722-7949371-2,Muhammed Faisal Awan,1985-05-24,477396,0
TAX005492,محمد اعوان,73654-3946077-1,Muhammed Faysal Awan,1999-11-05,134402,0
TAX005493,بلال راجہ,,حمزہ Raja,1970-05-12,365606,0
TAX005494,Fatima Quraishi,70160-4236109-1,Mohammed Ahmed قریشی,1960-04-12,282201,0
TAX005495,عمران Sayed,51906-7841207-4,,1969-02-07,752398,22859
TAX005496,Muhammad بلال Malik,75545-4114612-3,,1997-12-05,113302,0
TAX005497,Muhammed Hussein سید,48389-7478871-7,,1957-08-05,736784,20517
TAX005498,Ahmad راجہ,23415-9189559-9,Mohammad راجہ,1989-05-18,1483213,132481
TAX005499,Hamzah Awan,57047-3719991-7,Othman اعوان,1999-01-15,868312,40246
TAX005500,بلال Malick,14654-6096500-0,Muhammad بلال Malik,1970-03-27,2253696,248054
TAX005501,Faysal اعوان,20429-2751849-1,Hasan Awan,1956-08-08,1057771,68665
TAX005502,مریم ملک,87311-8240881-9,Hamzah Malick,1988-02-13,1728839,169325
TAX005503,Husain Malick,63345-7099897-9,Hamzah ملک,1957-01-15,2306002,255900
TAX005504,Ali اعوان,21166-6944461-1,Faysal Awan,1983-11-01,1084594,72689
TAX005505,Fatima Awan,66204-8966633-3,حسین اعوان,1991-10-05,1451510,127726
TAX005506,Ali Sayyid,22092-8507936-1,حسین سید,,767033,25054
TAX005507,Mohammad Ali Khan,26600-7334196-8,Muhammed Hamzah Khan,1970-08-01,2132715,229907
TAX005508,Maryam Malik,94947-3106134-7,,1961-12-05,1275760,101364
TAX005509,حسن Mughal,87442-9245931-9,,1981-09-14,658842,8826
TAX005510,Osman ملک,81227-2116565-0,Faysal Malik,2001-02-24,1205135,90770
TAX005511,Marium قریشی,35049-4570823-7,Bilal قریشی,2000-11-21,13516409,1937461
TAX005512,بلال Butt,96568-7964355-7,Hamzah Bhatti,1968-01-03,564288,0
TAX005513,عثمان شیخ,41372-5741814-0,,1959-12-24,160926,0
TAX005514,Maryam Sayyid,79273-6160402-8,Muhammad بلال Syed,1956-11-11,1313317,106997
TAX005515,Hassan ملک,,Muhammed علی ملک,1994-12-28,681715,12257
TAX005516,Ahmed Chaudhry,10839-1874178-1,Hussein Chaudhry,1988-01-13,3415282,422292
TAX005517,Bilal Quraishi,57770-1021291-3,Mohammed بلال Quraishi,1968-11-26,1384727,117709
TAX005518,حمزہ قریشی,92791-5931000-3,Ali Qureshi,1966-12-14,5904914,795737
TAX005519,Muhammed Bilal Shaikh,59222-9668353-3,Hamzah Shaykh,1976-10-24,3860155,489023
TAX005520,Hira Khan,12385-8903073-1,Muhammed Khan,2002-06-13,8438103,1175715
TAX005521,Marium بٹ,78780-7458435-7,Faisal Butt,1975-11-05,1739705,170955
TAX005522,Hira بٹ,95990-7203905-0,حمزہ Butt,1976-08-14,2280591,252088
TAX005523,فیصل شیخ,82735-3013591-9,,1974-03-28,3156931,383539
TAX005524,Mohammed Hassan Sayed,52378-2329416-9,Ahmad Syed,2000-07-02,4453340,578001
TAX005525,علی Syed,74614-3631575-6,Bilal Syed,1963-05-08,174482,0
TAX005526,Hamzah راجہ,78535-1712682-8,Mohammed Faisal Raja,2000-07-12,241450,0
TAX005527,Aysha Bhatti,96109-2954439-1,Faysal Bhatti,1969-11-13,104368,0
TAX005528,Hamza Butt,32765-9527812-7,بلال Bhatti,1986-01-22,2807119,331067
TAX005529,Aisha راجہ,96431-2567071-3,,1958-05-02,609132,1369
TAX005530,Fatima راجہ,52936-9080218-1,Muhammad Hussein راجہ,1966-08-02,852158,37823
TAX005531,Mohammed Faisal Malik,29740-6628153-9,Othman ملک,1969-06-07,182508,0
TAX005532,احمد شیخ,62841-3983430-0,Bilal Shaikh,1990-06-13,300746,0
TAX005533,Mohammed Faysal خان,81833-6557074-4,Ahmed Khan,1959-02-23,684635,12695
TAX005534,عثمان Khan,21789-6625078-5,Hussein Khan,2001-03-15,254001,0
TAX005535,حسین Malik,56903-3288328-8,عمران ملک,1985-07-10,1556020,143403
TAX005536,فیصل خان,51984-3621025-6,Muhammed خان,1976-12-04,618496,2774
TAX005537,Husain سید,36468-9158072-2,Imran Sayyid,1961-02-05,881101,42165
TAX005538,Imran Raja,64437-8100994-8,Muhammad Raja,1966-10-11,810395,31559
TAX005539,Muhammed فیصل Mughal,34145-7911431-5,حمزہ مغل,,3430114,424517
TAX005540,Husain Chaudhry,94084-1545750-8,,2000-02-14,819254,32888
TAX005541,Muhammed Hassan اعوان,,,1955-10-14,447482,0
TAX005542,Ayesha Khan,99686-6501405-7,,1978-06-26,52172,0
TAX005543,فیصل Butt,50459-7854187-9,Ahmad Butt,2002-05-27,516656,0
TAX005544,فیصل Khan,25741-1485612-9,Othman خان,1993-10-25,4340533,561079
TAX005545,Hasan Shaykh,27565-6705773-1,محمد Sheikh,1969-02-12,12194593,1739188
TAX005546,Aisha Ch.,31263-5636382-6,Hamzah Choudhary,,545697,0
TAX005547,Sana راجہ,65693-5927612-1,Mohammad Raja,1987-01-20,881221,42183
TAX005548,Muhammad Awan,90487-8279415-7,علی Awan,,424334,0
TAX005549,Usman اعوان,43846-4405964-4,Faysal Awan,1960-08-26,3293130,403969
TAX005550,Hassan Quraishi,53850-9957973-3,Hassan قریشی,1996-05-27,771506,25725
TAX005551,Hassan Awan,59135-1987970-6,Hasan اعوان,1980-09-11,331060,0
TAX005552,Muhammed عمران سید,86328-4899961-4,Ahmad Sayyid,1959-06-05,750764,22614
TAX005553,بلال قریشی,48909-4548366-3,,1977-05-02,916650,47497
TAX005554,Zaynab Malik,28458-7462311-8,,1984-03-11,2133412,230011
TAX005555,Faysal Ch.,86189-3481234-2,,1959-02-16,1062366,69354
TAX005556,بلال اعوان,73375-5882301-2,احمد اعوان,1961-06-05,233879,0
TAX005557,بلال مغل,10937-9309586-0,Hamza مغل,1967-10-20,3421588,423238
TAX005558,محمد Chaudhary,66150-9730468-6,Hassan Chaudhary,1976-10-10,689238,13385
TAX005559,Zaynab Sayyid,50985-5181553-7,حمزہ Sayyid,1957-10-13,5332257,709838
TAX005560,Bilal Choudhary,18902-8292796-0,Muhammad حسن Chaudhry,1962-03-03,328363,0
TAX005561,حسین Shaykh,20732-6228726-5,Muhammed Hussein Shaikh,1958-04-05,719272,17890
TAX005562,حسین Sayed,30345-7106225-5,Faisal سید,1963-03-16,2688977,313346
TAX005563,Hamzah بٹ,,Imran Butt,1979-03-20,205876,0
TAX005564,علی راجہ,35223-9737136-1,Ali راجہ,2003-10-24,454867,0
TAX005565,Aysha بٹ,85966-4777088-6,عمران بٹ,2001-08-02,4603176,600476
TAX005566,Ahmed راجہ,47097-5345113-0,Mohammad راجہ,1958-06-09,5399512,719926
TAX005567,احمد شیخ,64718-6018782-9,علی شیخ,1969-03-15,1696225,164433
TAX005568,محمد Chaudhry,37367-6110677-7,,1996-05-20,384110,0
TAX005569,عمران بٹ,25968-5809541-5,Muhammed حسین Butt,2001-11-13,67567,0
TAX005570,حسن راجہ,55849-9391443-5,Faisal Raja,1992-02-24,558486,0
TAX005571,حسن بٹ,99659-5228681-4,فیصل Butt,1991-06-26,286004,0
TAX005572,Muhammed Faisal Malick,39243-1917070-8,Hasan Malick,1964-12-27,380458,0
TAX005573,بلال Malik,28270-6980429-1,فیصل Malik,1984-04-27,3412804,421920
TAX005574,Ali Moghul,42572-4665631-1,Mohammad علی Mughal,1982-06-26,699666,14949
TAX005575,Mohammed Awan,81630-9039184-1,Muhammed اعوان,1977-05-17,3179043,386856
TAX005576,Imran خان,59877-7863494-6,Usman خان,1988-11-03,319318,0
TAX005577,بلال شیخ,41575-4537134-6,Hussein Sheikh,1982-10-12,1193164,88974
TAX005578,Zaynab Mughal,57542-6043129-8,Imran Mughal,1988-06-02,1044149,66622
TAX005579,حمزہ Mughal,34212-1955367-7,Hamza Mughal,1965-07-20,630713,4606
TAX005580,Muhammad خان,15995-8979049-5,عمران Khan,1987-03-05,317003,0
TAX005581,عمران Qureshi,39337-2062230-7,,1976-09-16,519101,0
TAX005582,Fatimah Bhatti,45520-7642708-7,بلال Butt,1983-08-01,18329680,2659452
TAX005583,Hira چوہدری,72329-3375327-8,Muhammed چوہدری,1967-07-15,396235,0
TAX005584,بلال Quraishi,34418-4240781-5,,1988-03-06,941421,51213
TAX005585,عائشہ راجہ,16386-8293324-2,بلال راجہ,1964-10-12,1410110,121516
TAX005586,Zaynab Butt,80620-8946989-7,Hamzah Butt,1995-05-11,3149576,382436
TAX005587,Ahmad Raja,59685-9646922-0,Imran Raja,1992-09-17,3343726,411558
TAX005588,علی خان,47372-5905299-8,Ahmed Khan,1985-06-27,773442,26016
TAX005589,Fatima اعوان,96788-3927175-7,Imran اعوان,1985-01-07,1312246,106836
TAX005590,Othman راجہ,37291-1666356-3,Faysal راجہ,,323367,0
TAX005591,Maryam Bhatti,12956-5898711-8,فیصل بٹ,1988-09-08,240885,0
TAX005592,Hamzah Quraishi,15208-5924694-7,,1989-09-17,120841,0
TAX005593,احمد Choudhary,25960-5622245-2,Faysal چوہدری,1981-08-07,332655,0
TAX005594,ثناء سید,59478-5974213-6,احمد Syed,1958-12-15,842700,36405
TAX005595,Ali اعوان,91225-3053680-7,,1975-06-17,1008632,61294
TAX005596,Muhammad Hassan مغل,29003-9096291-0,,1994-02-10,325731,0
TAX005597,Bilal Shaikh,27041-9923561-3,Muhammed Ahmad Shaykh,1980-08-06,344020,0
TAX005598,Hasan اعوان,94119-9243160-0,Faisal اعوان,1997-05-04,4412426,571863
TAX005599,Mohammad احمد چوہدری,48992-6489509-5,Ali چوہدری,1993-01-21,1379634,116945
TAX005600,Muhammed Quraishi,89551-4295267-9,Mohammed علی Qureshi,1997-03-14,602318,347
TAX005601,Mohammad اعوان,92123-9337922-1,Bilal Awan,1971-03-24,2567830,295174
TAX005602,Ayesha Sheikh,89952-9983016-1,Ali شیخ,1967-04-26,512369,0
TAX005603,Muhammed حسن خان,90233-4103627-5,Bilal Khan,1970-11-03,2273499,251024
TAX005604,Sana Malik,87251-5192458-3,علی Malik,1969-05-12,965433,54814
TAX005605,Ahmed Awan,60894-3981182-1,,1965-08-14,570980,0
TAX005606,عائشہ اعوان,18855-5269659-1,بلال اعوان,1968-06-02,1882028,192304
TAX005607,حسین Shaykh,59447-3017861-1,Mohammad Hussein Shaykh,1959-01-24,189073,0
TAX005608,عثمان Raja,13252-5273430-1,علی راجہ,1972-05-12,1246902,97035
TAX005609,بلال قریشی,10320-3553491-3,,1997-08-20,2386706,268005
TAX005610,Mohammed حسن Shaikh,67808-8372919-0,,1990-10-27,1048446,67266
TAX005611,Othman Malick,25960-4223744-5,عمران Malik,1989-02-22,689893,13483
TAX005612,Mohammad Ali بٹ,91121-5189435-0,Imran Butt,1985-02-07,4997982,659697
TAX005613,Mohammad عمران Raja,,Mohammed احمد راجہ,1997-03-13,1305192,105778
TAX005614,Muhammad Bilal Malik,84910-7541109-7,Muhammad Hussain Malick,1981-12-20,811691,31753
TAX005615,Muhammed حسین Mughal,67116-4906684-9,حسن مغل,1999-05-18,3341865,411279
TAX005616,فیصل Khan,67649-6029053-7,,1986-08-04,745073,21760
TAX005617,Zainab چوہدری,44313-7578907-9,Bilal Ch.,1969-02-26,214402,0
TAX005618,Othman Raja,65110-1032723-9,Faisal Raja,1967-12-21,1068707,70306
TAX005619,Ali Malick,80736-2850701-0,Mohammed احمد ملک,1997-09-27,571872,0
TAX005620,Fatima Ch.,72553-2652614-5,علی Choudhary,1976-09-28,802698,30404
TAX005621,Marium Chaudhry,34894-2730528-6,فیصل Chaudhry,1983-03-27,684699,12704
TAX005622,Mohammad Imran Bhatti,41693-5850623-3,Ahmad Bhatti,1991-01-26,18918940,2747841
TAX005623,حمزہ چوہدری,91091-9651607-6,Hamza چوہدری,1976-11-18,251289,0
TAX005624,Mohammad Othman Butt,96697-9273027-0,Faisal Butt,2001-06-12,603480,522
TAX005625,Mohammad خان,64396-9804372-9,Mohammad خان,1990-10-14,949573,52435
TAX005626,عمران Shaykh,80703-8867577-7,بلال شیخ,1983-12-03,372571,0
TAX005627,حسین ملک,38929-1035000-9,احمد Malick,1964-12-16,1021057,63158
TAX005628,Maryam بٹ,69442-2086857-6,Ali Bhatti,1969-10-05,90167,0
TAX005629,Hira Qureshi,92890-8450994-5,حمزہ Quraishi,1981-11-17,1621471,153220
TAX005630,محمد Qureshi,99966-6310498-5,حسن Qureshi,1958-12-22,929589,49438
TAX005631,Hassan مغل,70114-3648583-7,محمد Mughal,1985-11-12,2092550,223882
TAX005632,Hassan Quraishi,33082-5798530-2,حسن Qureshi,1990-05-09,986058,57908
TAX005633,حسن Shaikh,11649-2627036-7,احمد Shaikh,1957-07-07,1661477,159221
TAX005634,عمران Syed,41816-4539164-9,,1971-04-09,4441831,576274
TAX005635,Hira Malick,47332-1929622-3,عمران Malik,1971-01-28,2627557,304133
TAX005636,Aisha Butt,22140-4330509-1,عمران بٹ,1996-08-08,857897,38684
TAX005637,Mohammad احمد مغل,90660-7950788-2,حسن مغل,1970-05-09,400440,0
TAX005638,عمران Mughal,41058-4297958-3,حمزہ Moghul,1998-09-16,913768,47065
TAX005639,عمران Khan,31180-9907653-9,عثمان خان,1991-12-17,443395,0
TAX005640,Muhammad عثمان Moghul,55874-6741274-6,حمزہ Moghul,,1212715,91907
TAX005641,Hamza Ch.,64405-5020880-6,Hussein چوہدری,1984-01-09,546580,0
TAX005642,Ali راجہ,97563-2824608-9,Muhammed Ali راجہ,,263822,0
TAX005643,مریم خان,24216-2645727-7,Faysal خان,1991-08-01,521164,0
TAX005644,Fatimah ملک,16841-3907413-7,Ahmad Malik,1969-07-06,903702,45555
TAX005645,Mohammed Usman اعوان,19416-1155268-5,علی اعوان,1963-03-03,1013963,62094
TAX005646,ثناء Malick,66803-1507082-7,,1994-05-03,4357074,563561
TAX005647,Hamzah Shaykh,63874-6714239-8,Hussain Sheikh,1977-12-26,51272,0
TAX005648,Mohammed Qureshi,11224-7101152-3,Muhammed Husain Qureshi,1986-05-19,3947381,502107
TAX005649,Muhammed Raja,70750-4897763-4,,1980-06-03,978207,56731
TAX005650,حمزہ Shaikh,49384-6408143-3,Mohammed Hasan شیخ,,251937,0
TAX005651,Hamzah راجہ,73027-2651327-5,Mohammed علی Raja,1963-08-08,10523704,1488555
TAX005652,علی Syed,65335-2873137-7,Ahmed Sayed,,480653,0
TAX005653,Hamzah Raja,50720-3985388-1,,2000-04-21,2699908,314986
TAX005654,Ayisha بٹ,13030-2014430-5,حمزہ Butt,1992-10-16,2088614,223292
TAX005655,حسن Malick,31324-9141468-9,,,779987,26998
TAX005656,Muhammed Sayed,11271-4011480-0,Muhammad Syed,1982-09-24,322414,0
TAX005657,عمران Butt,16367-2263590-3,Mohammad بلال Bhatti,1985-03-10,1990575,208586
TAX005658,Ali Khan,51580-8427453-5,علی خان,1959-10-08,1004265,60639
TAX005659,Bilal Butt,12571-3112631-9,Mohammad Ahmed Butt,2002-03-01,109595,0
TAX005660,Hira قریشی,92619-7021864-7,Ahmad قریشی,1996-12-16,98163,0
TAX005661,Mohammad Raja,69908-9302080-9,Hasan Raja,1971-09-07,9349235,1312385
TAX005662,Hamzah Butt,75901-1147873-1,Hamzah Bhatti,1977-01-04,115095,0
TAX005663,زینب Khan,64813-9642403-1,Othman خان,1984-04-14,1444575,126686
TAX005664,ثناء خان,13400-1317265-3,Mohammed Faisal Khan,1956-09-21,170814,0
TAX005665,Hira Khan,63204-6682317-9,Muhammad Usman خان,1973-05-02,168937,0
TAX005666,Mohammad Choudhary,18846-4438669-0,Mohammed Hussein Chaudhry,1960-09-26,3821949,483292
TAX005667,فیصل Sayyid,66034-3630083-0,عمران Sayed,1986-04-28,1293621,104043
TAX005668,علی Shaikh,,Hassan شیخ,1993-12-16,834449,35167
TAX005669,Ali Chaudhary,54950-5725443-7,Hussein Chaudhry,1968-12-06,4554807,593221
TAX005670,Othman Awan,41176-9878978-3,عثمان Awan,1956-07-12,339146,0
TAX005671,Ahmed چوہدری,71793-5599364-4,Muhammad Hassan Choudhary,1963-10-16,1113735,77060
TAX005672,Mohammad Ali Sheikh,28939-4941723-7,محمد شیخ,,211410,0
TAX005673,Imran Raja,72116-1993223-2,,1956-01-21,587547,0
TAX005674,Muhammad راجہ,13168-7473225-9,,1985-11-21,655055,8258
TAX005675,حسن راجہ,97109-9126076-7,,1980-12-10,4067903,520185
TAX005676,Hamza Sheikh,97138-1323957-4,Muhammed حسن Sheikh,,3830674,484601
TAX005677,حسن راجہ,67122-2490345-9,Ahmed Raja,1988-01-19,244781,0
TAX005678,Zainab Quraishi,68912-6369560-3,Hamzah Quraishi,1955-01-09,4923057,648458
TAX005679,Mohammed Hasan Ch.,83596-7345372-4,,,1017296,62594
TAX005680,Mohammed Hassan Raja,98843-2191726-3,,1996-05-19,672854,10928
TAX005681,حمزہ Malick,29358-4716676-1,Mohammad Faisal Malik,,1078915,71837
TAX005682,Hussein خان,44003-5806238-8,,1956-04-18,429521,0
TAX005683,حمزہ بٹ,88777-1373848-7,Faysal بٹ,1966-04-05,4481265,582189
TAX005684,Hassan Awan,29190-4335278-0,Muhammad Usman اعوان,2003-08-13,748642,22296
TAX005685,Hamza Sheikh,89082-5069072-1,عمران Shaykh,2000-06-26,294931,0
TAX005686,عمران Sayyid,39059-7008264-6,Muhammed Hasan سید,1992-05-22,960058,54008
TAX005687,Ali Shaykh,48283-1962432-9,Hasan Shaikh,1971-03-13,3534587,440188
TAX005688,Bilal چوہدری,49257-4528187-0,حسین Ch.,1962-01-28,1603334,150500
TAX005689,Ayesha ملک,93480-8607998-7,علی Malick,1990-07-16,269774,0
TAX005690,حرا Raja,35513-6194120-5,حمزہ Raja,,880850,42127
TAX005691,Zaynab قریشی,66020-6089466-7,Ali Quraishi,1963-04-03,3269529,400429
TAX005692,علی Khan,68457-7619171-5,Hamza Khan,,276510,0
TAX005693,Mohammad Hasan بٹ,45521-8776963-7,Bilal Bhatti,2002-03-08,2041519,216227
TAX005694,Marium چوہدری,25688-4049119-0,Hussain Ch.,1977-10-16,282669,0
TAX005695,Mohammed Butt,13995-7641898-9,,1977-02-24,274093,0
TAX005696,Ahmad قریشی,55006-3977565-9,,1984-11-18,2338964,260844
TAX005697,Hussain راجہ,66814-9075273-7,Faisal Raja,1969-04-18,426818,0
TAX005698,Ali Awan,96706-3631549-6,,1998-02-09,130840,0
TAX005699,مریم Ch.,,Husain Chaudhry,,200678,0
TAX005700,Faysal اعوان,49771-1162999-0,,1962-02-27,5788617,778292
TAX005701,Mohammed Ali Bhatti,65458-7918573-7,Imran Butt,1979-12-26,4597649,599647
TAX005702,Zaynab Quraishi,77750-4345860-6,,1968-02-02,415221,0
TAX005703,Hamzah Sayyid,21302-1671083-7,Hamzah Sayed,1984-04-21,1197229,89584
TAX005704,Zainab Malik,,,1985-10-18,1541432,141214
TAX005705,Hamza Shaikh,89868-4309426-5,Mohammed Ali شیخ,1978-02-05,971114,55667
TAX005706,Zainab Qureshi,75351-1944652-0,,1985-06-22,1549236,142385
TAX005707,Ahmad Shaikh,83635-8698015-0,Hasan شیخ,1972-02-04,1132167,79825
TAX005708,Muhammed Malik,36221-1900063-1,Othman Malick,1967-06-25,58044,0
TAX005709,ثناء خان,,عمران Khan,1981-04-26,558978,0
TAX005710,Muhammed Ahmed Mughal,81364-6231341-1,Faisal Mughal,1971-05-15,3336676,410501
TAX005711,Hamzah مغل,32021-2057707-8,Muhammed Hassan Mughal,1991-06-16,778159,26723
TAX005712,Hassan Raja,34855-6489722-6,Ali Raja,1999-05-04,459996,0
TAX005713,Hamzah Raja,22998-4012414-7,عمران Raja,1979-10-25,108160,0
TAX005714,Mohammed بلال راجہ,69546-4394479-7,Faysal راجہ,2001-10-12,120240,0
TAX005715,عمران Qureshi,63485-8322790-5,علی Qureshi,1962-07-28,763606,24540
TAX005716,Imran Awan,,,1958-06-04,498062,0
TAX005717,Ali Syed,10629-3633416-2,Muhammad Sayed,1978-09-08,218378,0
TAX005718,حمزہ راجہ,79848-4747375-5,علی راجہ,1979-03-24,4338189,560728
TAX005719,Hamza Syed,69752-1604352-6,Ali سید,,898951,44842
TAX005720,بلال ملک,80609-2025859-9,,1982-12-02,152697,0
TAX005721,علی Choudhary,66524-9225282-3,,1999-06-22,7390727,1018609
TAX005722,Muhammad Ahmed مغل,25639-5169887-1,Ali مغل,1956-12-05,62976,0
TAX005723,Muhammed بلال Choudhary,48714-2603001-9,Faysal Ch.,1969-09-19,6122319,828347
TAX005724,Hussain خان,53973-7627455-3,Osman خان,1973-07-19,11620896,1653134
TAX005725,Maryam Shaikh,86215-8124975-6,Hassan Shaykh,1992-01-28,299571,0
TAX005726,مریم چوہدری,92303-2411490-2,Muhammad علی Chaudhary,1988-01-01,2733429,320014
TAX005727,Aysha سید,99836-4279801-1,Hussein Syed,1959-08-22,864679,39701
TAX005728,Ayesha Sheikh,38516-4386344-8,,1990-10-09,6021941,813291
TAX005729,Zainab Malick,41615-9892402-5,عمران ملک,1991-08-05,3033388,365008
TAX005730,Maryam Malik,27431-4693557-7,Muhammad Malick,1992-01-08,1752809,172921
TAX005731,Zaynab Butt,11308-2402111-5,Muhammed حسن Butt,1969-10-11,484863,0
TAX005732,علی Sayyid,90391-1219007-1,Muhammed علی Sayyid,1988-02-17,258080,0
TAX005733,Bilal Butt,18173-5141833-0,,1979-08-26,232273,0
TAX005734,Hassan Butt,60025-1461960-6,Othman Bhatti,1980-02-05,2742250,321337
TAX005735,Muhammed حمزہ Sheikh,33575-4553518-4,Muhammed Sheikh,1982-09-18,99768,0
TAX005736,Hamzah Quraishi,64746-7534276-8,Mohammed فیصل Qureshi,1999-08-23,1216090,92413
TAX005737,Ali ملک,76897-4426595-1,Bilal Malick,1993-09-05,188564,0
TAX005738,Muhammed Hamzah Mughal,58721-5100200-4,Muhammed Ali مغل,1998-11-01,20904114,3045617
TAX005739,Hamzah Ch.,61904-8557386-5,Mohammed Bilal چوہدری,1977-03-20,943990,51598
TAX005740,عثمان Chaudhry,62069-2987450-0,Muhammad Choudhary,,945688,51853
TAX005741,Ahmad Khan,83913-6730402-0,Mohammad Khan,1994-09-24,2007720,211158
TAX005742,Fatimah اعوان,69712-6888938-2,Muhammed Awan,1978-10-08,97021,0
TAX005743,حسین ملک,30643-4942146-9,Muhammad حمزہ Malick,1971-03-09,351758,0
TAX005744,بلال Qureshi,24434-7642494-0,حسن Qureshi,1966-11-18,4170060,535509
TAX005745,عمران Moghul,23776-9285320-6,Bilal Moghul,2003-04-23,142000,0
TAX005746,عمران Raja,11364-9880273-2,Hasan راجہ,1961-05-07,644591,6688
TAX005747,Ali قریشی,11518-3126448-9,,1994-01-10,2396153,269422
TAX005748,Mohammad Imran Awan,51410-4967698-4,بلال اعوان,1986-11-01,597221,0
TAX005749,حرا Raja,67079-2186286-6,Ahmed Raja,1970-02-21,3018877,362831
TAX005750,Mohammed بلال Sheikh,62767-9522915-7,Husain شیخ,2003-03-06,1028392,64258
TAX005751,عمران Butt,62396-2147791-1,حمزہ Butt,1991-12-25,117366,0
TAX005752,Hamza Malik,11370-5940708-9,Muhammed حسین Malik,1996-12-10,846209,36931
TAX005753,عثمان Ch.,43773-6618853-1,عمران Chaudhary,2003-04-03,25266,0
TAX005754,عمران ملک,15207-6062127-9,Mohammad احمد Malik,1978-07-27,1072841,70926
TAX005755,زینب خان,82249-5829757-4,,1961-12-26,705177,15776
TAX005756,Fatema Moghul,80164-2264739-1,بلال مغل,1982-05-26,32632,0
TAX005757,Imran Ch.,88781-6396305-7,حسین Chaudhary,1999-09-12,569090,0
TAX005758,Hassan Awan,85838-4326484-3,Hussein اعوان,1978-09-06,294246,0
TAX005759,Imran اعوان,87468-5240972-6,Muhammad Hamzah اعوان,1977-07-18,493108,0
TAX005760,فیصل Shaikh,63283-9709937-0,Hamza Shaikh,,608613,1291
TAX005761,زینب Malik,52434-5673462-6,Hassan Malik,1982-08-21,583002,0
TAX005762,Bilal خان,90344-5784042-9,Husain Khan,1972-08-21,435711,0
TAX005763,Mohammad Hussein قریشی,61091-9963396-7,Othman Quraishi,1959-02-20,409006,0
TAX005764,حسن چوہدری,90871-8241266-0,Ahmad Chaudhary,1974-05-16,776390,26458
TAX005765,Marium Malik,92485-5584349-5,فیصل Malik,1978-12-20,797777,29666
TAX005766,Marium Butt,46896-2729907-2,Bilal Butt,,371613,0
TAX005767,Ali Mughal,27679-8760430-6,Faisal Mughal,,357150,0
TAX005768,Mohammed عثمان اعوان,76858-8227025-4,Mohammad Usman اعوان,1998-04-05,7330613,1009591
TAX005769,بلال مغل,43774-4724851-9,,1977-11-06,148045,0
TAX005770,Imran خان,44607-9244043-0,Mohammed خان,,180906,0
TAX005771,Muhammad Sheikh,95569-3168031-0,,2002-07-21,511810,0
TAX005772,Muhammad Mughal,,احمد Moghul,1997-03-24,757817,23672
TAX005773,فاطمہ Malik,63206-8645920-2,Osman Malick,1974-01-15,6462002,879300
TAX005774,بلال راجہ,46554-4622458-2,عمران راجہ,1960-03-15,197223,0
TAX005775,مریم بٹ,80264-5443660-3,حمزہ بٹ,1989-11-18,1581630,147244
TAX005776,زینب Raja,13278-7414623-5,Muhammad Raja,2001-06-18,1381120,117168
TAX005777,Hasan ملک,,فیصل Malik,1995-05-18,437512,0
TAX005778,Zaynab Chaudhary,73300-4628747-2,Imran Ch.,1995-05-12,3153745,383061
TAX005779,علی Shaykh,93549-9049583-1,Mohammed شیخ,1990-03-05,350898,0
TAX005780,فیصل Butt,36593-5309422-9,,1984-06-21,671841,10776
TAX005781,حسن Sayyid,56811-9625582-8,Hussein Sayyid,1976-05-19,2659232,308884
TAX005782,حرا Raja,75992-3361592-3,Ahmad Raja,2000-12-04,219006,0
TAX005783,حرا Sayed,51342-9741118-3,Muhammed حسن Syed,1977-07-13,320975,0
TAX005784,Imran Shaykh,11154-7695465-9,حمزہ Shaikh,1986-08-16,486932,0
TAX005785,Ali Moghul,17920-8557715-7,Mohammad Mughal,1995-03-07,434573,0
TAX005786,Husain سید,97464-5100996-2,Muhammed سید,,435348,0
TAX005787,Hussain Mughal,93868-4052289-8,Bilal Moghul,1998-08-07,7160008,984001
TAX005788,فیصل Butt,94484-7967741-5,Ahmad بٹ,1962-09-11,403575,0
TAX005789,Ali خان,22078-6437761-2,احمد خان,1997-12-24,1289107,103366
TAX005790,Muhammad فیصل Sayyid,50694-3589502-0,Muhammad احمد Syed,,208492,0
TAX005791,Mohammed Faisal اعوان,91317-9736407-0,Mohammad بلال Awan,1975-08-05,8876250,1241437
TAX005792,Mohammed Ahmed سید,50195-7063873-6,,1966-11-09,380797,0
TAX005793,Usman Chaudhary,62397-6489518-6,Imran Choudhary,1961-06-09,375590,0
TAX005794,علی Malik,33844-8325844-2,Muhammed Ali Malick,1992-03-08,96705,0
TAX005795,Bilal Awan,49432-5566139-6,Ahmad اعوان,1997-08-07,142125,0
TAX005796,Muhammed حمزہ سید,95689-5229704-0,محمد سید,1961-11-17,524430,0
TAX005797,Muhammed حمزہ سید,35043-6777158-9,,1956-08-03,1687974,163196
TAX005798,Imran Bhatti,57011-3592921-0,Osman Butt,1979-03-06,154245,0
TAX005799,Ayisha راجہ,93528-9652607-8,Muhammad احمد راجہ,1995-05-21,955168,53275
TAX005800,حسین قریشی,,Mohammad بلال Qureshi,2002-01-01,519040,0
TAX005801,Muhammed Awan,54052-3431279-2,Ahmed اعوان,1984-09-01,315865,0
TAX005802,عمران ملک,36220-1189871-1,Bilal Malik,1967-12-22,57186,0
TAX005803,ثناء Butt,41641-4554197-6,Ahmad Bhatti,1990-10-04,286243,0
TAX005804,Zainab اعوان,28968-9261862-8,احمد اعوان,1997-12-17,269888,0
TAX005805,بلال ملک,70586-9118233-1,Muhammad Bilal ملک,2003-05-03,1098966,74844
TAX005806,Ayisha Bhatti,21409-3539425-9,Hassan Butt,1982-04-25,386984,0
TAX005807,Faysal اعوان,10597-2226189-3,Hussain Awan,,282850,0
TAX005808,Marium Chaudhary,65308-7498271-7,Mohammad Usman Chaudhary,1959-10-14,10473583,1481037
TAX005809,Maryam Khan,32686-9069378-4,Muhammad Faisal Khan,1993-02-10,2221466,243219
TAX005810,Hira Qureshi,38769-1233318-8,حسن Quraishi,1968-07-25,625707,3856
TAX005811,Husain Syed,55934-2270700-1,Imran Sayyid,1998-09-17,200433,0
TAX005812,Hamza خان,32246-5977174-8,Faisal Khan,1959-04-13,1276549,101482
TAX005813,Zaynab Quraishi,94523-7628219-6,حسن Quraishi,1991-05-01,1438994,125849
TAX005814,Mohammed Hamzah Qureshi,78287-3635636-7,Hamza قریشی,1978-10-10,25297048,3704557
TAX005815,Mohammed Ali اعوان,87451-3530580-4,Bilal Awan,1984-06-20,6433035,874955
TAX005816,فاطمہ Ch.,19355-4369607-5,Mohammad Ahmed Chaudhry,1984-01-18,3502393,435358
TAX005817,Muhammad Raja,12489-4419947-7,,1959-04-11,912067,46810
TAX005818,Bilal مغل,41499-5343585-5,Mohammed عثمان مغل,1974-03-21,2702323,315348
TAX005819,Fatimah Butt,55324-4402161-9,,1983-11-21,377762,0
TAX005820,Muhammad Malik,29419-3817213-3,حمزہ Malik,1994-03-12,1572061,145809
TAX005821,ثناء سید,59742-8004090-0,,1960-07-12,1293729,104059
TAX005822,Zaynab Malick,13817-4990451-5,Mohammed عثمان ملک,1978-09-04,49393,0
TAX005823,Muhammad Syed,56595-8103463-7,,1997-03-21,469440,0
TAX005824,Muhammed راجہ,,,1970-12-20,753002,22950
TAX005825,Hamzah Raja,65298-2913648-0,Faysal Raja,1998-10-24,2742870,321430
TAX005826,Fatima ملک,60253-4320830-0,Faysal ملک,1962-07-11,1834854,185228
TAX005827,Husain اعوان,52812-4340115-5,حمزہ اعوان,1997-01-01,508952,0
TAX005828,عمران اعوان,17686-4123589-0,Mohammed Awan,1997-12-12,165697,0
TAX005829,Mohammed Malik,79336-1198311-0,Osman ملک,1966-10-20,1018794,62819
TAX005830,Osman Qureshi,94706-4302313-4,فیصل Qureshi,1965-11-25,1919124,197868
TAX005831,علی بٹ,28487-6554077-8,حسن بٹ,1970-12-01,655566,8334
TAX005832,Ali Shaykh,85974-1246048-4,Hamza Shaikh,1996-05-10,1467365,130104
TAX005833,Mohammed مغل,25861-1514490-7,Imran Moghul,1955-12-27,2885029,342754
TAX005834,Mariam Awan,54504-4457553-3,,,311321,0
TAX005835,Muhammed Hamza Raja,,Ahmed راجہ,,583381,0
TAX005836,Ayesha Chaudhry,73020-6472316-0,Muhammad Bilal چوہدری,1956-06-02,213574,0
TAX005837,Ahmed ملک,96543-9029278-8,حسین Malik,1977-11-15,2638700,305805
TAX005838,Bilal شیخ,11681-5110640-4,علی Shaikh,1982-01-06,77751,0
TAX005839,Bilal مغل,69020-3264251-8,,1956-03-06,461186,0
TAX005840,Muhammed Moghul,20655-2170099-0,Mohammed علی Mughal,1991-04-20,4975860,656379
TAX005841,Muhammad Moghul,56133-8012738-7,,1991-06-21,97936,0
TAX005842,فیصل راجہ,08395-4538112-0,حسن Raja,1965-10-05,2638231,305734
TAX005843,علی Malik,48324-4420764-3,,,2174267,236140
TAX005844,Imran اعوان,32255-1401224-7,Usman Awan,1964-01-01,3091377,373706
TAX005845,Bilal Moghul,77035-8252662-0,بلال مغل,,1417317,122597
TAX005846,Hasan راجہ,49540-4875641-7,,1955-06-08,82111,0
TAX005847,Hamzah سید,14585-9223388-6,Hassan سید,1995-03-11,5238444,695766
TAX005848,Maryam Awan,,Muhammad فیصل Awan,,252366,0
TAX005849,Zaynab سید,18207-6189530-3,Ahmed سید,,1476748,131512
TAX005850,Hira Raja,90254-7172919-3,Hassan راجہ,2001-08-04,747077,22061
TAX005851,Imran بٹ,92281-9943189-8,Muhammad عثمان Bhatti,1981-11-08,1958968,203845
TAX005852,علی ملک,16402-5812415-1,Bilal Malick,1972-09-28,4057617,518642
TAX005853,Muhammad عثمان قریشی,44298-9003157-0,حسن قریشی,,1550184,142527
TAX005854,محمد Raja,,Hasan Raja,1997-06-20,217182,0
TAX005855,بلال مغل,15924-8139879-8,Muhammed Ahmad مغل,1969-06-21,1020819,63122
TAX005856,Fatimah شیخ,66719-4080856-6,Muhammad Osman Sheikh,1978-07-04,1890553,193582
TAX005857,Fatima Chaudhry,21011-9049251-2,Hamza Chaudhary,1972-12-18,6493793,884068
TAX005858,Hamzah خان,88482-5452921-4,بلال خان,,2513624,287043
TAX005859,Hira راجہ,75332-1045386-6,حمزہ Raja,1974-01-20,359170,0
TAX005860,Bilal خان,69665-1916123-0,Hamzah خان,2003-02-04,1028781,64317
TAX005861,حسین Raja,93322-6214914-6,Mohammad Osman راجہ,1971-02-23,1836575,185486
TAX005862,علی Moghul,65639-2381452-3,Muhammad Imran Moghul,1966-12-04,12227004,1744050
TAX005863,Mohammed علی Malick,66437-8438715-8,Ali Malik,1968-11-19,908003,46200
TAX005864,Maryam Quraishi,99766-7665160-3,حمزہ قریشی,1990-08-27,1611529,151729
TAX005865,Mohammed عثمان Moghul,20559-9752754-9,Hamzah مغل,1999-03-10,3140350,381052
TAX005866,Imran Awan,36085-4651609-7,عمران Awan,1984-05-15,2191594,238739
TAX005867,حرا Ch.,78012-2836339-3,بلال Ch.,1959-06-22,420828,0
TAX005868,Bilal Butt,61354-3237956-0,,1998-09-05,235984,0
TAX005869,Zaynab Mughal,63564-4046973-2,Ahmed Mughal,1996-04-25,1121583,78237
TAX005870,Muhammad علی Ch.,96554-2408453-4,Ali Ch.,1960-06-17,888486,43272
TAX005871,Othman ملک,50101-4653913-8,Mohammed Ali Malick,1977-01-02,6800538,930080
TAX005872,حرا Mughal,14673-6849348-1,,1967-05-23,2406776,271016
TAX005873,فیصل شیخ,,,1970-06-27,4006692,511003
TAX005874,Mohammed Hamzah خان,68467-9093098-1,Muhammad Husain خان,1993-08-13,1271476,100721
TAX005875,حمزہ خان,50957-3906103-2,,1973-02-15,650324,7548
TAX005876,احمد Malick,14721-7125964-2,Hussain Malick,1975-10-13,658636,8795
TAX005877,Hamzah Malik,14982-5838485-0,,1983-01-21,1480157,132023
TAX005878,Osman Shaikh,89678-9217863-1,Hamza Shaykh,1988-07-24,3830187,484528
TAX005879,حرا Malik,41556-8092579-8,عمران Malik,1980-05-22,661036,9155
TAX005880,Husain قریشی,10689-7957011-2,Imran قریشی,1977-04-13,124461,0
TAX005881,Zainab Mughal,92486-2126451-8,Hamzah مغل,1959-02-27,1375444,116316
TAX005882,Fatema Quraishi,25366-4899638-3,Ahmad Quraishi,1960-12-05,1602316,150347
TAX005883,حرا Khan,51945-6193742-7,عمران خان,1968-10-24,262506,0
TAX005884,Muhammed Hussein Mughal,12372-5010711-0,Hasan Moghul,1969-08-19,2433025,274953
TAX005885,Mohammad Qureshi,65794-2456153-4,Mohammed Quraishi,1979-10-24,3682362,462354
TAX005886,Hussein Sheikh,38164-6832575-7,Hussein Shaikh,1957-09-17,100468,0
TAX005887,زینب Bhatti,19792-5085290-8,Mohammed عمران Butt,1963-06-18,66645,0
TAX005888,Usman Quraishi,39893-8714524-3,حسن Qureshi,1989-01-28,869643,40446
TAX005889,Sana مغل,15872-5738481-3,عمران مغل,,2484120,282618
TAX005890,Mohammad Usman مغل,70498-7759305-1,Hussain Mughal,1955-11-09,414528,0
TAX005891,Mohammed Bilal Moghul,41644-8781067-8,Ali Mughal,1961-01-20,589478,0
TAX005892,Ahmad Butt,78895-3313369-1,Mohammad بلال Bhatti,1990-06-01,790960,28644
TAX005893,Mohammed حمزہ Moghul,78276-4686912-6,حسین Mughal,1980-10-01,1013763,62064
TAX005894,حرا Malick,66015-1595819-3,Mohammed حسن Malick,1988-12-05,584479,0
TAX005895,عمران شیخ,99021-4555051-7,Othman Shaikh,1975-11-16,542361,0
TAX005896,Othman Mughal,13687-2084573-8,,1983-03-02,298376,0
TAX005897,Mariam Syed,81666-9462475-7,,1967-01-17,95391,0
TAX005898,Faysal اعوان,15165-7573600-6,Mohammed Hasan اعوان,1963-10-11,768815,25322
TAX005899,Zaynab Awan,86817-5066680-6,حمزہ اعوان,1995-01-14,193905,0
TAX005900,Zaynab Khan,78679-2289440-4,محمد خان,,1125628,78844
TAX005901,Othman چوہدری,10829-1174560-5,عمران Chaudhary,1968-06-22,1055980,68397
TAX005902,Imran Bhatti,53039-7671361-1,Muhammad Hussein Butt,1959-12-15,92767,0
TAX005903,Mariam خان,35983-4135949-5,Muhammed Hamzah Khan,1998-10-17,138147,0
TAX005904,Sana Qureshi,29587-5379464-6,Faisal Qureshi,1967-11-14,1302401,105360
TAX005905,عثمان Mughal,43834-1121070-1,Faisal Moghul,1970-10-26,1905610,195841
TAX005906,Imran Bhatti,46625-6159183-5,حمزہ بٹ,2000-05-27,3504842,435726
TAX005907,Faisal قریشی,30445-7760001-9,Usman Qureshi,1964-10-25,1186180,87927
TAX005908,احمد Khan,80594-7405974-8,,,1978187,206728
TAX005909,Mohammad عثمان Moghul,36513-4076363-5,Hamzah Moghul,1956-11-25,557954,0
TAX005910,Muhammad Husain Raja,46599-4513671-0,علی راجہ,1976-10-11,1244877,96731
TAX005911,Hamza Ch.,89372-9192522-4,,1995-07-01,1334067,110110
TAX005912,Muhammed Shaykh,59114-2836354-4,Mohammad حسن Shaykh,1975-04-26,3603371,450505
TAX005913,Muhammed Faysal Quraishi,70937-3711704-0,حمزہ قریشی,1958-04-14,202136,0
TAX005914,Hamza Chaudhry,16293-2613312-5,Muhammed Ali Chaudhry,1985-08-07,1910910,196636
TAX005915,Muhammed Ahmed Raja,81600-9296136-8,فیصل راجہ,1956-06-05,2159166,233874
TAX005916,Hussain Khan,18000-3817808-5,Osman Khan,1988-08-17,1920517,198077
TAX005917,احمد Chaudhary,30516-1523237-3,Mohammad حمزہ چوہدری,2003-04-21,4347278,562091
TAX005918,Hassan Choudhary,22573-8005582-4,Hamzah Ch.,1989-12-12,198377,0
TAX005919,Muhammed Ahmed Bhatti,44100-2768925-9,Muhammed Hasan Butt,1966-03-28,591669,0
TAX005920,Ayisha قریشی,13897-2335311-9,,1983-08-20,772526,25878
TAX005921,Muhammad Butt,11499-7717366-2,علی Butt,1975-01-03,964933,54739
TAX005922,فیصل Malik,81619-1624955-9,Muhammed Ali Malik,1967-10-26,149404,0
TAX005923,Hussain Butt,70826-1319281-6,بلال بٹ,,4367046,565056
TAX005924,Mohammed علی اعوان,,Ahmad اعوان,1965-12-28,1597389,149608
TAX005925,علی ملک,88352-9990878-7,Muhammed ملک,1962-07-05,927735,49160
TAX005926,Muhammad حسین Qureshi,89730-7901843-1,Hasan Quraishi,1986-01-08,577702,0
TAX005927,Faysal Awan,39457-3044216-5,محمد اعوان,1963-11-15,52549,0
TAX005928,Faysal Chaudhry,,Mohammad Othman Chaudhry,1972-06-19,1185492,87823
TAX005929,عثمان Khan,34917-4683878-0,علی خان,1958-07-25,1486265,132939
TAX005930,محمد Quraishi,47036-6650405-2,عمران Qureshi,1962-04-09,18005358,2610803
TAX005931,Hamza Qureshi,28980-7328572-6,احمد Qureshi,1957-04-18,1727108,169066
TAX005932,Fatimah خان,98076-3150905-5,Osman Khan,,450408,0
TAX005933,Fatimah Mughal,97229-7834853-4,Muhammad Faysal Mughal,1986-08-01,214366,0
TAX005934,Bilal Shaykh,57096-6545092-2,حمزہ Shaykh,1971-03-28,6529307,889396
TAX005935,فیصل قریشی,84356-6108450-1,فیصل Quraishi,,2816533,332479
TAX005936,بلال Quraishi,78959-3457774-9,Ali Quraishi,,1987501,208125
TAX005937,Mariam Sayyid,79216-8450065-0,Mohammad Syed,1983-05-20,186212,0
TAX005938,Mohammad Sayyid,15169-3565038-0,حسن Sayyid,,4437054,575558
TAX005939,Ali Malick,58161-3639612-4,Hussein Malick,1974-06-01,3818556,482783
TAX005940,حمزہ راجہ,22772-6312434-5,Faisal Raja,1970-10-18,514804,0
TAX005941,Zaynab ملک,51827-9390745-0,,2002-05-05,239658,0
TAX005942,Hamzah Choudhary,11450-2781151-4,Othman Ch.,1966-04-06,1236786,95517
TAX005943,Hussein Shaikh,23183-9178649-9,Hassan Shaykh,2000-10-11,440151,0
TAX005944,Hamza Malick,63802-8231663-0,Mohammed Faisal Malick,1956-04-23,479957,0
TAX005945,Hasan Ch.,42390-4273753-6,Muhammed Ch.,1977-12-16,996451,59467
TAX005946,فاطمہ Malick,98124-7925771-7,Bilal Malik,,323066,0
TAX005947,بلال چوہدری,59362-2302024-8,Mohammad Ch.,1967-01-26,487598,0
TAX005948,Sana Butt,37679-5741601-0,Mohammed Osman Bhatti,1973-08-12,1492249,133837
TAX005949,Sana Raja,34562-2212176-8,Ahmed راجہ,1965-09-21,10100795,1425119
TAX005950,Mohammad Hamza Awan,85416-9825267-2,حمزہ اعوان,1984-11-26,706155,15923
TAX005951,مریم راجہ,67360-7656363-6,Ahmad Raja,1964-02-23,915000,47250
TAX005952,Mohammad Hussein بٹ,59492-7039043-7,,1968-08-11,460326,0
TAX005953,حسین Raja,29065-2953665-8,Muhammad راجہ,1961-03-20,267441,0
TAX005954,Muhammed عمران Bhatti,68646-4174410-5,Ali Bhatti,1979-05-02,61979,0
TAX005955,Mohammad Faisal Malick,15440-5440861-6,Mohammad Osman Malick,1964-08-10,3752840,472926
TAX005956,Mohammed بلال Butt,37663-2127609-2,Mohammed فیصل Butt,1958-04-17,1429991,124498
TAX005957,Ali Mughal,34314-3204414-6,Hasan Moghul,1967-08-02,412893,0
TAX005958,Faisal قریشی,38611-2394198-2,Ali Qureshi,1964-08-24,201714,0
TAX005959,Imran Bhatti,21060-2460873-8,حمزہ Butt,1999-05-06,1279280,101892
TAX005960,Ayesha Raja,,Hasan Raja,1980-03-21,2427668,274150
TAX005961,عمران ملک,34843-2945606-7,عمران Malick,,3355513,413326
TAX005962,Bilal Raja,87429-3568032-6,Ahmad راجہ,1986-12-22,264508,0
TAX005963,Sana Sheikh,31069-1838740-0,Mohammed Hassan Shaykh,1994-02-13,2847024,337053
TAX005964,Ahmed Malik,14399-6033654-0,,2000-08-18,6548869,892330
TAX005965,Fatimah Awan,16460-7268542-2,Mohammed Ahmad اعوان,2001-11-15,1122879,78431
TAX005966,Mohammed Awan,73312-1942461-1,Bilal اعوان,1998-04-04,3983018,507452
TAX005967,Muhammed Awan,86260-7636635-7,بلال Awan,1986-12-09,892028,43804
TAX005968,Mohammed بلال بٹ,82014-9783925-8,Hussein بٹ,1995-05-09,99761,0
TAX005969,Osman Khan,76464-9575479-6,Husain Khan,1977-04-17,764631,24694
TAX005970,Usman ملک,53240-3978128-7,بلال ملک,1981-08-08,246547,0
TAX005971,Usman Bhatti,,احمد Butt,1960-03-13,12645,0
TAX005972,Sana Quraishi,38127-6003282-5,Mohammad Imran Quraishi,1998-06-14,352763,0
TAX005973,Marium Malik,58138-7317699-8,عمران Malick,1966-07-23,1345681,111852
TAX005974,Ali Chaudhary,34223-9900502-8,Hamza Chaudhry,1955-01-11,99784,0
TAX005975,Bilal Shaikh,52925-9961811-6,احمد شیخ,1987-03-04,270258,0
TAX005976,Muhammed عمران Awan,64116-2906961-5,,1984-02-26,1767440,175116
TAX005977,Fatima Awan,92657-4214006-3,,1957-01-14,1720142,168021
TAX005978,Bilal راجہ,30376-8878461-4,,1955-03-28,394731,0
TAX005979,Othman شیخ,77710-5258444-5,Muhammad Faysal Shaikh,,1449920,127488
TAX005980,بلال خان,86442-2187352-6,Faysal Khan,1988-02-11,1326457,108968
TAX005981,Faysal Sayed,71927-6424723-1,Muhammad Sayyid,1973-03-09,317759,0
TAX005982,بلال قریشی,86173-4509428-3,Hasan Quraishi,1976-08-03,1061456,69218
TAX005983,Mohammad حسن راجہ,90705-5534769-0,Imran راجہ,2002-05-24,404122,0
TAX005984,Sana Awan,13183-3329644-7,حمزہ Awan,,1247049,97057
TAX005985,Mohammad Bilal Butt,75172-2680074-7,,1982-02-17,852661,37899
TAX005986,Hira قریشی,,Bilal Quraishi,,5330200,709530
TAX005987,Ahmed راجہ,32132-6469375-4,Imran Raja,,3234716,395207
TAX005988,Ali Malik,50785-8090592-3,Hassan ملک,1970-09-04,3753699,473054
TAX005989,Ali اعوان,23272-8834019-7,Mohammed اعوان,1979-10-21,199070,0
TAX005990,Hassan Awan,88567-4962996-6,Hassan Awan,1993-12-20,1988629,208294
TAX005991,حرا قریشی,93945-4633270-6,حسین قریشی,1982-03-19,2695111,314266
TAX005992,عثمان Butt,19782-1675700-9,علی Bhatti,,863683,39552
TAX005993,محمد Bhatti,17637-9511416-3,Mohammed بٹ,1983-04-11,304624,0
TAX005994,حمزہ Moghul,17785-8905306-6,Mohammad عمران مغل,1977-07-09,442274,0
TAX005995,Mohammed Othman Qureshi,42356-5250957-8,Muhammad Imran Qureshi,1979-10-11,1190826,88623
TAX005996,علی Sheikh,68099-8078739-4,بلال Sheikh,1978-04-03,1294877,104231
TAX005997,Hira قریشی,,Hamzah قریشی,1971-03-27,2502397,285359
TAX005998,علی Raja,41228-8895724-4,حسن راجہ,1984-06-06,535043,0
TAX005999,Sana Qureshi,39897-2087771-6,فیصل Qureshi,1961-04-20,703174,15476
TAX006000,Muhammad حسن Shaykh,62001-2479398-6,حسن شیخ,1994-09-09,507973,0
TAX006001,حمزہ شیخ,25392-3926897-5,Hamza Sheikh,1974-09-04,84622,0
TAX006002,Hussein Syed,39737-9618327-1,عمران Syed,1955-09-11,513761,0
TAX006003,عائشہ Moghul,42749-7624007-0,Mohammed Mughal,2000-08-18,643770,6565
TAX006004,Faysal Chaudhary,62595-2644246-7,Hamzah Ch.,1966-04-17,558599,0
TAX006005,Muhammad Ahmed چوہدری,66419-6695714-7,Mohammad Faisal Choudhary,,4242514,546377
TAX006006,Ali Shaykh,22984-9167023-3,علی Shaikh,1990-02-11,819274,32891
TAX006007,Muhammad حسین Chaudhary,44066-7846972-7,Husain Choudhary,1955-12-01,143123,0
TAX006008,Hasan Awan,47314-2115495-1,Faysal اعوان,1978-09-15,2058235,218735
TAX006009,بلال Khan,44650-1671058-5,Muhammad Ahmad Khan,1967-01-02,2249436,247415
TAX006010,Hasan Shaikh,76551-3859854-3,Mohammed حسن Shaikh,1962-07-16,98225,0
TAX006011,Hira Raja,53681-6163080-8,,1973-05-27,1291042,103656
TAX006012,Muhammed Osman شیخ,63151-1820021-2,Hasan Sheikh,1997-11-06,455039,0
TAX006013,Zaynab Sayed,84408-3224724-7,Ahmed سید,1990-06-12,118509,0
TAX006014,حمزہ Khan,86184-8579608-9,Hamza Khan,1989-12-01,952695,52904
TAX006015,احمد اعوان,71773-4755594-9,Mohammed Hasan اعوان,1982-10-08,1638648,155797
TAX006016,Hamza Sheikh,16731-4455054-5,علی Shaikh,1962-01-10,330003,0
TAX006017,Muhammed Ahmad Butt,41771-9957139-9,Mohammed Hasan Butt,1970-02-07,668157,10223
TAX006018,احمد Awan,82859-6518207-1,Mohammad Awan,1970-11-01,819494,32924
TAX006019,Mohammed Bilal Butt,13331-4821998-9,Muhammad Hamza بٹ,2003-11-13,289399,0
TAX006020,Mohammed بلال مغل,42463-9452006-9,,1961-05-21,2540628,291094
TAX006021,Mohammed Ali Khan,47261-5820738-1,Muhammed Imran Khan,1975-01-03,552346,0
TAX006022,مریم Bhatti,12399-7172927-7,,1979-09-27,546241,0
TAX006023,Mohammad حسن Malik,34105-4728015-1,Muhammad Hussain ملک,1992-04-20,883624,42543
TAX006024,Muhammad Ali Choudhary,62620-5063495-4,Hamzah Chaudhry,1965-07-06,600810,121
TAX006025,Aysha Moghul,22391-8056664-5,Ali Moghul,1983-11-15,37275,0
TAX006026,Imran اعوان,11330-4921792-6,Husain اعوان,,877511,41626
TAX006027,Husain خان,92414-7404907-7,بلال Khan,1978-02-16,1309695,106454
TAX006028,حسن Shaykh,27272-4408721-6,Usman Shaykh,2002-06-14,2436646,275496
TAX006029,محمد Khan,90859-1019395-3,عمران Khan,1966-05-01,1454886,128232
TAX006030,عمران Chaudhary,,Muhammad عثمان Chaudhary,1979-07-07,554149,0
TAX006031,بلال سید,82009-1890394-4,فیصل Sayed,1972-01-13,129107,0
TAX006032,حسین Sayyid,53440-8769142-1,Hamzah Sayyid,1997-10-05,5374890,716233
TAX006033,Mohammad شیخ,36562-5660838-9,Mohammad علی Shaykh,1989-05-26,268102,0
TAX006034,Mohammed Hamzah Butt,98887-9641409-2,,1956-04-23,857313,38596
TAX006035,Hussain خان,18494-1061604-5,بلال Khan,1988-10-16,653910,8086
TAX006036,زینب مغل,49514-3253928-2,Mohammed احمد Moghul,1980-10-14,48416,0
TAX006037,Mohammad عمران Sayed,86475-2613784-9,Hassan Sayed,1973-09-28,75950,0
TAX006038,عثمان Awan,97584-4348559-1,عثمان Awan,1963-11-13,1046226,66933
TAX006039,ثناء Bhatti,51024-8671065-5,عمران Bhatti,1962-01-02,665057,9758
TAX006040,Hamzah قریشی,44225-7228108-7,حسن قریشی,1985-11-19,589712,0
TAX006041,عمران Khan,10540-4736995-2,Imran Khan,1986-11-25,470676,0
TAX006042,حرا Malick,29649-3233079-5,Muhammed ملک,1993-12-04,4268684,550302
TAX006043,حمزہ چوہدری,29068-4091139-3,,1980-01-03,1499711,134956
TAX006044,Bilal Mughal,37008-3803321-0,Faysal مغل,1991-11-03,4545413,591811
TAX006045,عمران Choudhary,14930-8015891-1,عمران چوہدری,1972-06-13,1138335,80750
TAX006046,Fatimah Awan,72858-4303317-0,,2000-12-07,88395,0
TAX006047,Mohammed Imran بٹ,20420-5507363-6,Hamzah Bhatti,1969-04-21,278337,0
TAX006048,فیصل شیخ,67993-1665820-1,Imran Shaykh,1968-03-16,3171364,385704
TAX006049,Ahmed Syed,93713-9016756-4,حسن Syed,1971-02-18,1252511,97876
TAX006050,Muhammad Hamza Syed,58994-2020699-2,Ahmed Syed,1987-07-09,5154321,683148
TAX006051,Mohammed Ahmed مغل,57834-2416726-7,Mohammed بلال Mughal,2003-04-17,1440926,126138
TAX006052,Imran Quraishi,92671-4741359-0,حسن Qureshi,1964-06-08,2872270,340840
TAX006053,Hasan Mughal,11449-6444522-6,Muhammad مغل,1955-11-14,495360,0
TAX006054,علی Khan,28630-7079838-9,Muhammad Hamzah Khan,1970-10-27,1004230,60634
TAX006055,Aisha Khan,23071-2432970-3,,1969-03-06,624315,3647
TAX006056,Usman بٹ,74746-5352759-5,Muhammad حسن بٹ,1982-12-28,1643404,156510
TAX006057,Mohammad Bilal Awan,32569-2355451-6,Hassan اعوان,1987-03-09,435576,0
TAX006058,Ali Chaudhary,73935-3400970-4,Imran Chaudhry,1971-04-19,1709782,166467
TAX006059,Faysal Mughal,70113-4192025-9,Mohammed احمد Moghul,1955-06-04,2490936,283640
TAX006060,Ayesha Khan,64033-7213689-3,Muhammed Osman Khan,1991-12-22,340020,0
TAX006061,Usman Chaudhary,90877-3863007-8,حسن Chaudhry,1996-06-08,486153,0
TAX006062,Muhammad ملک,99472-9932997-0,Mohammed ملک,2001-07-09,355435,0
TAX006063,عثمان اعوان,98635-4103409-4,Bilal Awan,2000-10-21,514062,0
TAX006064,Muhammed عمران Mughal,79224-7906075-8,محمد Mughal,1961-03-23,1345303,111795
TAX006065,Muhammad خان,68466-7758294-4,,2002-05-20,745230,21784
TAX006066,Mohammed عمران ملک,30261-6658647-5,Ahmad Malick,1965-07-13,951936,52790
TAX006067,Hamza راجہ,30607-8693651-2,,1970-07-20,85348,0
TAX006068,مریم Khan,86825-7749707-3,Ahmed Khan,1981-06-28,8130016,1129502
TAX006069,Mohammed Butt,50907-2624331-7,Bilal Butt,1955-11-22,76453,0
TAX006070,حسن Awan,91714-4633289-8,بلال اعوان,,1195096,89264
TAX006071,Mohammad راجہ,48943-9281519-8,بلال Raja,1967-06-23,1347505,112125
TAX006072,Hassan Khan,26967-7503446-9,Mohammad Husain Khan,1962-06-08,262501,0
TAX006073,Hassan Malik,11677-6816392-0,فیصل Malick,1990-03-05,3867405,490110
TAX006074,Muhammad Osman Mughal,,Imran Mughal,1973-11-01,361595,0
TAX006075,عمران Chaudhry,63357-3349799-3,Mohammad علی Chaudhry,1975-11-25,2154526,233178
TAX006076,Muhammed شیخ,35778-4535591-2,Ali شیخ,1985-07-28,1455137,128270
TAX006077,احمد Mughal,52840-9397161-0,Bilal Moghul,1971-04-21,330039,0
TAX006078,Ali Moghul,65610-7770048-3,Mohammad احمد Mughal,1988-11-01,491749,0
TAX006079,Faisal Awan,96338-5969288-6,,1975-01-16,847611,37141
TAX006080,Imran Raja,40923-8849848-7,Usman راجہ,,454935,0
TAX006081,Mohammad Moghul,35329-3845138-4,,1967-12-11,463106,0
TAX006082,Hussain Chaudhry,91156-1336438-2,,1972-08-24,525379,0
TAX006083,Sana خان,42914-6188432-8,عثمان Khan,1996-07-26,225049,0
TAX006084,ثناء مغل,75571-6984499-5,Ahmad Moghul,1964-08-25,471120,0
TAX006085,عمران چوہدری,61828-4797998-7,محمد Chaudhary,1999-11-24,649259,7388
TAX006086,Hira Qureshi,45770-2497740-4,علی قریشی,1969-12-18,245677,0
TAX006087,Mohammad Mughal,39459-3854300-2,Usman Moghul,1987-02-09,685597,12839
TAX006088,Muhammad ملک,13258-6776511-0,,2001-05-24,1079846,71976
TAX006089,Zainab قریشی,14581-9854763-1,محمد Quraishi,1995-12-13,834720,35208
TAX006090,Usman ملک,28069-7691407-3,Mohammed Husain Malick,2000-05-12,803915,30587
TAX006091,Husain Awan,51452-9966293-4,,1992-08-05,702750,15412
TAX006092,Muhammad Ahmed سید,28345-8178695-8,Husain سید,1998-10-14,965027,54754
TAX006093,حرا Malick,16244-3225324-9,Hamzah Malik,1980-04-15,1927251,199087
TAX006094,Muhammad حمزہ Moghul,23591-4178256-6,,1983-02-03,742070,21310
TAX006095,عثمان شیخ,39766-7673860-2,Faysal Shaykh,1996-02-18,347518,0
TAX006096,Zaynab Mughal,93196-3199725-7,Othman Mughal,1961-04-03,443398,0
TAX006097,Fatima خان,36939-9796781-9,Hussein خان,1985-11-15,900172,45025
TAX006098,Mohammed اعوان,55302-5129123-9,حسن Awan,1972-02-04,8725850,1218877
TAX006099,Zaynab Sayed,52495-1822112-6,,1980-08-23,283537,0
TAX006100,Zainab Awan,54631-7216928-0,Mohammad Hasan Awan,1985-06-01,352233,0
TAX006101,Aysha Quraishi,15686-5657730-7,Imran Qureshi,1983-11-03,184302,0
TAX006102,حرا شیخ,41096-7067236-7,Muhammed Bilal شیخ,1988-06-14,6103779,825566
TAX006103,Hasan Moghul,87486-2030678-9,Usman مغل,1973-08-03,1546124,141918
TAX006104,Ahmad Syed,73959-5743444-4,Imran Sayed,1991-10-13,4882466,642369
TAX006105,Ahmad Syed,82947-1197292-4,حسین سید,1968-06-24,1531716,139757
TAX006106,Ahmad خان,97719-8904921-0,Hamza Khan,1995-07-01,118606,0
TAX006107,Othman Chaudhary,95834-8685350-3,حسین Choudhary,1960-06-05,1942749,201412
TAX006108,Mohammed عمران اعوان,69498-5987605-1,علی Awan,2001-07-01,2519405,287910
TAX006109,Hira اعوان,99607-9605904-6,احمد Awan,1988-10-21,1420290,123043
TAX006110,علی Khan,48589-9992901-8,حمزہ Khan,1987-03-22,586241,0
TAX006111,Muhammad Othman Chaudhry,51675-3504880-2,Mohammed Chaudhry,1975-04-26,636947,5542
TAX006112,Hassan خان,23422-6773230-7,Ahmed خان,1980-02-20,1625224,153783
TAX006113,Fatimah Chaudhary,96067-5844341-4,Mohammad احمد Ch.,1989-06-22,11890780,1693617
TAX006114,حسن Raja,18750-5366127-6,Hassan راجہ,1978-05-15,3688364,463254
TAX006115,Hussain اعوان,10247-8120896-9,,2000-11-10,194421,0
TAX006116,Fatima اعوان,24232-9010069-6,Ahmad اعوان,1985-05-07,1289550,103432
TAX006117,Hamzah Shaikh,57505-3012192-4,Usman Shaikh,,1710436,166565
TAX006118,Mohammed فیصل Malik,17347-3862842-6,Hassan Malick,1992-11-02,6720859,918128
TAX006119,Faysal مغل,40540-5566001-8,عمران Mughal,,3836412,485461
TAX006120,حرا Khan,18602-9944319-7,علی خان,1993-08-02,883237,42485
TAX006121,عمران Raja,32470-5197702-4,بلال راجہ,1997-10-10,154405,0
TAX006122,Faysal Awan,29508-6442146-7,حمزہ اعوان,,658474,8771
TAX006123,احمد Bhatti,76607-3688092-3,Hassan Bhatti,1965-02-07,619197,2879
TAX006124,Mohammad احمد مغل,60323-9621895-2,علی مغل,,1583072,147460
TAX006125,فیصل Butt,22867-5745081-7,Osman Bhatti,1979-03-19,1235734,95360
TAX006126,عثمان قریشی,79711-5313169-4,Muhammad Hussain Quraishi,2000-07-20,1134165,80124
TAX006127,Osman سید,74050-2656786-6,Imran سید,1996-09-02,1781718,177257
TAX006128,Mohammed Othman سید,49160-1565964-8,Hamzah Sayyid,1962-05-28,885294,42794
TAX006129,Osman بٹ,21251-4208469-7,Mohammad Ahmad Bhatti,1987-04-23,1961501,204225
TAX006130,Hira مغل,30112-2710501-0,Muhammad عمران Mughal,,432110,0
TAX006131,Muhammad عمران Quraishi,88511-2437078-9,Ali Quraishi,1987-10-22,668982,10347
TAX006132,Muhammad Hamza سید,,Hassan سید,,2321615,258242
TAX006133,Mohammed Mughal,80022-7811704-1,احمد Moghul,1999-05-01,436888,0
TAX006134,مریم Khan,96042-8798447-0,Muhammad خان,1987-03-13,5743213,771481
TAX006135,Bilal بٹ,27794-6828685-0,Hamza Bhatti,,267885,0
TAX006136,Imran Chaudhry,40083-1227066-1,بلال Ch.,,2503756,285563
TAX006137,عثمان اعوان,23547-8681241-1,Hussain Awan,1973-12-01,1729944,169491
TAX006138,Zainab Syed,,Muhammad Ahmad سید,1984-07-13,1785050,177757
TAX006139,Sana Malick,19913-6769204-4,Mohammed Malik,,2296101,254415
TAX006140,Mohammed Choudhary,49094-5045249-0,,1970-04-10,455833,0
TAX006141,فیصل Chaudhry,50621-3176496-2,Ahmad چوہدری,,986505,57975
TAX006142,ثناء Malick,98430-8444761-8,,1976-04-27,286206,0
TAX006143,Muhammed Imran Khan,91014-7411334-8,Ali Khan,1971-09-03,531460,0
TAX006144,Faisal Awan,18878-2549817-5,Mohammad عمران Awan,1965-06-02,706467,15970
TAX006145,Husain Shaykh,30973-2589444-8,Mohammad علی Sheikh,1989-09-24,866276,39941
TAX006146,Usman Butt,94553-6370333-4,Hasan بٹ,1968-03-03,949933,52489
TAX006147,Mohammed Hussein چوہدری,48272-4611427-9,علی چوہدری,1966-01-15,1189450,88417
TAX006148,Muhammed Quraishi,86505-5528846-0,Imran Qureshi,1999-12-03,201801,0
TAX006149,حسن Choudhary,58785-2675274-0,Muhammed حمزہ Chaudhry,1968-09-12,1746124,171918
TAX006150,حسین چوہدری,72567-5789298-1,Othman Ch.,1973-11-01,1602184,150327
TAX006151,Hamzah بٹ,63727-4278043-7,Imran بٹ,2003-01-04,1364824,114723
TAX006152,بلال Shaykh,24436-2866569-5,Hamza Shaikh,1992-08-15,1269154,100373
TAX006153,Hassan اعوان,75765-6307279-0,حمزہ Awan,1991-12-01,55865,0
TAX006154,Mohammed Hamza قریشی,35830-1159555-3,حسن Qureshi,1999-12-11,776905,26535
TAX006155,Muhammed Ahmed شیخ,84592-1094816-0,احمد Sheikh,2003-02-23,732041,19806
TAX006156,Hussein ملک,29804-3333028-1,علی Malick,1960-06-03,1174581,86187
TAX006157,Faisal راجہ,16461-7507767-6,Osman Raja,1993-12-27,540332,0
TAX006158,Hussein خان,22805-6054911-5,Ali Khan,1996-09-13,3735695,470354
TAX006159,Mohammad احمد Awan,74506-1274432-7,Husain اعوان,1993-11-24,252606,0
TAX006160,Faisal راجہ,62298-4844977-9,Ahmad Raja,,693628,14044
TAX006161,Bilal Quraishi,13472-2224278-5,علی Qureshi,,223310,0
TAX006162,Muhammad Hussein Malick,78912-6574033-3,Muhammad Malik,1972-05-11,1992704,208905
TAX006163,Faisal Raja,02325-7772602-3,علی Raja,1995-05-25,218667,0
TAX006164,Mohammad Usman Khan,56218-2506627-1,علی Khan,1984-05-17,3201832,390274
TAX006165,فاطمہ سید,58240-3911182-0,Othman سید,1982-11-14,896120,44418
TAX006166,علی ملک,,Bilal Malick,1968-11-17,2744111,321616
TAX006167,علی راجہ,22031-8365170-6,Imran Raja,1960-04-17,1091369,73705
TAX006168,Muhammad شیخ,75460-6226102-0,Ali Shaykh,1989-10-19,1136333,80449
TAX006169,محمد Chaudhary,12757-9925486-5,Hamza Ch.,1990-09-06,976389,56458
TAX006170,Ali خان,59427-6965635-2,محمد Khan,1984-08-10,199064,0
TAX006171,علی قریشی,72268-9529482-1,Muhammad Ahmad Qureshi,1999-11-21,929342,49401
TAX006172,Fatema اعوان,95991-9396000-5,Osman Awan,1986-08-19,386237,0
TAX006173,Muhammed Raja,33623-9791452-6,احمد راجہ,1993-09-05,424098,0
TAX006174,Mohammed بلال قریشی,76744-3671031-9,فیصل Quraishi,1982-08-05,790497,28574
TAX006175,Mohammad Ahmad مغل,76387-1725231-4,علی Moghul,1988-09-16,2818838,332825
TAX006176,Mohammed Faysal راجہ,30248-5974081-1,Mohammad Faisal راجہ,1977-05-04,562962,0
TAX006177,Aysha Awan,62991-7381902-7,Ali اعوان,,178077,0
TAX006178,Mohammed Usman Qureshi,66477-7056171-9,,1987-04-03,2005324,210798
TAX006179,Hasan Shaykh,85559-4976563-1,Muhammad Othman شیخ,1998-04-02,698276,14741
TAX006180,Zainab Bhatti,40296-9442066-8,Muhammed Butt,,514273,0
TAX006181,Zainab Shaykh,77229-8149950-9,Hamza Shaykh,2002-06-22,12326842,1759026
TAX006182,Ayesha اعوان,49350-1765867-9,Hamzah اعوان,1999-06-17,2931801,349770
TAX006183,Faysal Choudhary,44068-7107442-0,محمد Chaudhry,1974-05-28,3878974,491846
TAX006184,Muhammed Syed,,Imran Sayed,1974-04-25,893491,44023
TAX006185,Ayisha قریشی,81479-9568652-7,Mohammad Faysal Qureshi,1967-05-27,8182746,1137411
TAX006186,ثناء Chaudhary,44682-2198688-3,Hamza چوہدری,1956-08-17,494101,0
TAX006187,Muhammed Malick,24698-9495147-2,بلال ملک,1995-01-14,172891,0
TAX006188,ثناء Shaikh,91153-8399551-6,حسین Sheikh,1996-07-16,10491836,1483775
TAX006189,زینب شیخ,14327-2026916-8,Mohammed Shaykh,1955-01-03,96539,0
TAX006190,بلال خان,18153-2977946-1,فیصل خان,1993-01-26,753420,23013
TAX006191,عائشہ Mughal,,Hassan Mughal,,1525134,138770
TAX006192,Fatimah بٹ,50459-6684861-0,Mohammad Hussain Butt,1957-12-16,612883,1932
TAX006193,علی قریشی,26485-1257451-2,Mohammad Ahmed Qureshi,1969-10-21,430332,0
TAX006194,Muhammed Hamza Syed,55042-4627106-2,Mohammed عثمان Sayed,1981-02-21,1302347,105352
TAX006195,Hamzah خان,49519-9059998-4,,,2666221,309933
TAX006196,Muhammad Hussain قریشی,50092-9676997-4,Mohammad حمزہ Qureshi,1996-02-14,1211523,91728
TAX006197,Muhammad بلال ملک,59228-3864074-6,Imran Malik,1959-05-22,2219861,242979
TAX006198,Mohammed Ahmad Butt,11818-1201909-4,Muhammad بٹ,1961-08-07,2033479,215021
TAX006199,Zaynab Moghul,93460-3858453-8,Mohammad بلال Mughal,1999-02-08,975565,56334
TAX006200,Muhammad Faisal Qureshi,14697-2517422-6,Mohammad قریشی,1961-07-03,955252,53287
TAX006201,فیصل Butt,42719-6450992-2,Osman Bhatti,1970-08-01,36511,0
TAX006202,Mohammad Syed,86733-6436421-4,Husain Syed,1955-09-01,741803,21270
TAX006203,عمران مغل,28365-2934458-5,Muhammed Hussain Mughal,1992-11-23,1451486,127722
TAX006204,محمد Raja,72746-9021986-2,Muhammad Usman راجہ,1962-09-17,571169,0
TAX006205,Hasan Butt,14442-5992345-6,Hasan Bhatti,1993-09-24,733797,20069
TAX006206,حسین Butt,94760-9143593-0,,1976-06-10,3011766,361764
TAX006207,Ali Chaudhary,84100-3025731-7,محمد Choudhary,1987-12-19,412909,0
TAX006208,حسن Raja,75157-9871989-2,عمران راجہ,,2157543,233631
TAX006209,Maryam راجہ,85383-2149603-0,Usman راجہ,1962-12-08,6510872,886630
TAX006210,Faysal مغل,92176-9398677-6,Hassan Mughal,,789743,28461
TAX006211,Mohammad Bilal Sheikh,75880-5823504-9,Muhammed Imran Shaykh,1959-02-27,280059,0
TAX006212,Hamza قریشی,70178-4748293-8,بلال قریشی,1989-09-01,566354,0
TAX006213,Othman ملک,33332-5921164-7,Ahmed ملک,1988-12-15,4438666,575799
TAX006214,محمد Khan,16852-5117021-5,علی Khan,1997-08-11,88414,0
TAX006215,Imran Sayed,,Hamzah Sayyid,1999-09-08,433378,0
TAX006216,Muhammad Shaikh,49687-7190186-5,عمران Shaikh,1966-09-03,847287,37093
TAX006217,Muhammad حمزہ Shaykh,20942-2957896-3,,1990-08-25,598005,0
TAX006218,Imran Choudhary,66837-7374368-6,Muhammed عمران چوہدری,1987-05-25,6806932,931039
TAX006219,Muhammad Faisal Chaudhary,35358-4316921-2,,1956-07-28,2137612,230641
TAX006220,Hamza Shaikh,38428-6635054-8,Osman Sheikh,1979-10-07,354306,0
TAX006221,حرا Bhatti,27937-1826074-5,محمد Bhatti,1965-05-02,293333,0
TAX006222,Muhammad Raja,55597-1953715-3,Hamzah Raja,1969-06-01,159579,0
TAX006223,Sana شیخ,65821-2139571-7,Usman Shaykh,,597977,0
TAX006224,Mohammed Ali راجہ,17218-3395197-1,Mohammed Hasan راجہ,1982-11-03,1854108,188116
TAX006225,Hasan Shaykh,99267-9470365-7,Husain شیخ,1998-11-10,1740683,171102
TAX006226,Mohammad Ali اعوان,69084-9963000-6,Muhammed Bilal Awan,1955-08-23,366987,0
TAX006227,Muhammed Awan,,Usman Awan,1998-10-20,890502,43575
TAX006228,احمد شیخ,86474-9394631-5,Ahmed Sheikh,1960-09-24,4811184,631677
TAX006229,Muhammed Usman Butt,19858-2695772-2,Bilal Butt,1963-06-25,402679,0
TAX006230,Muhammed Bilal Sayyid,60640-6460048-5,Mohammad سید,,477957,0
TAX006231,حسن Butt,46282-9410115-2,Usman Butt,1997-01-18,439357,0
TAX006232,Mohammed Ahmed قریشی,44772-8555482-5,محمد Qureshi,1998-05-14,196754,0
TAX006233,حسین شیخ,95759-3562257-2,Mohammed Imran Shaikh,1990-01-21,410794,0
TAX006234,علی Mughal,83514-1408412-5,Hamza Mughal,1993-07-23,3003128,360469
TAX006235,Hira Chaudhary,,Muhammad Imran Ch.,1990-10-15,3747387,472108
TAX006236,Faysal Awan,,بلال Awan,1982-12-27,3818213,482731
TAX006237,Hassan قریشی,82102-6942880-7,Faysal Quraishi,1961-11-15,332788,0
TAX006238,Sana راجہ,82949-6994590-5,Ahmad Raja,1997-06-04,177172,0
TAX006239,Muhammed Hussein سید,40939-1819816-8,Mohammed Imran Sayed,1955-05-18,730033,19504
TAX006240,علی اعوان,46391-8223791-0,Muhammad اعوان,1960-02-03,265255,0
TAX006241,فاطمہ Malik,76807-5488555-8,Othman ملک,1976-08-23,1599202,149880
TAX006242,فیصل Chaudhry,29450-5194982-0,Ahmed Chaudhry,1973-08-13,257615,0
TAX006243,عمران بٹ,53482-2782349-0,Mohammed احمد Bhatti,1974-06-06,101085,0
TAX006244,حمزہ چوہدری,34593-2652086-1,حسن Ch.,1987-08-11,1561213,144181
TAX006245,محمد Sayyid,39581-6718280-5,Faisal سید,1994-08-04,3260218,399032
TAX006246,Ahmad Sayed,17743-2324256-6,علی Sayyid,1975-10-11,2590956,298643
TAX006247,Hamzah Mughal,80005-1520658-8,Muhammed فیصل Moghul,2003-04-16,294230,0
TAX006248,Ayesha Sayyid,83675-4372151-7,Othman Syed,1956-02-10,176106,0
TAX006249,Mohammad Shaikh,99414-5008922-6,,2000-07-12,1100119,75017
TAX006250,Muhammad Quraishi,32687-4180023-7,عثمان قریشی,1974-04-11,2636064,305409
TAX006251,Mohammed Ahmed Qureshi,96099-1183941-7,حسین Qureshi,1989-07-19,618668,2800
TAX006252,عثمان Raja,84769-9133946-8,حسین Raja,,336459,0
TAX006253,Marium Qureshi,20594-5053490-4,حسین Qureshi,1977-01-28,551128,0
TAX006254,Ahmad Shaykh,94243-2890632-4,علی شیخ,1986-05-05,671010,10651
TAX006255,Mohammed Usman Moghul,99295-6548991-8,Ali Moghul,,223089,0
TAX006256,Mohammed Sayyid,74515-1219177-8,Muhammed حمزہ Syed,1980-03-09,1090783,73617
TAX006257,Muhammed Hassan Khan,33947-8864781-3,Hasan Khan,1988-06-05,533147,0
TAX006258,Muhammed عثمان اعوان,62407-9325722-2,Muhammed احمد اعوان,1989-03-12,569021,0
TAX006259,Hamzah Awan,72943-6516062-3,Mohammad بلال Awan,1969-10-15,773811,26071
TAX006260,حرا مغل,61463-2953807-8,,1970-10-24,187826,0
TAX006261,حسن سید,86850-6636435-7,احمد Syed,1985-09-07,165134,0
TAX006262,Mohammad Osman سید,20685-6395772-8,Faysal Sayyid,1980-09-19,787471,28120
TAX006263,عمران شیخ,51590-9995637-3,Hasan Sheikh,2003-02-18,108733,0
TAX006264,Ali Malik,41406-3592688-0,Imran Malick,1968-12-14,5690336,763550
TAX006265,Hira شیخ,71489-5848501-7,Hasan Shaykh,1960-02-28,20365931,2964889
TAX006266,Mohammed Butt,63270-2600057-1,Mohammed Hasan Bhatti,1970-07-06,160119,0
TAX006267,Muhammad Hamza خان,81257-7838021-7,Muhammed Ahmad خان,1991-07-12,4201275,540191
TAX006268,Muhammed Shaykh,90539-9816195-0,حسن Shaikh,1963-11-22,2818446,332766
TAX006269,فیصل مغل,60372-3984753-9,Mohammed مغل,1991-02-07,220061,0
TAX006270,Ali خان,,Muhammad Ahmad Khan,,258939,0
TAX006271,Hamzah Butt,33151-5669348-1,Muhammed عمران بٹ,1968-11-27,4523033,588454
TAX006272,محمد Awan,12419-2834982-4,Hamzah اعوان,1969-12-09,1083367,72505
TAX006273,حمزہ Shaikh,77633-7183949-8,محمد شیخ,1994-01-22,522292,0
TAX006274,Hamza Butt,76142-7873761-2,Ali بٹ,1956-07-18,259932,0
TAX006275,زینب Chaudhry,44840-2070265-5,علی Chaudhary,1970-06-19,3455540,428331
TAX006276,Mohammed Sheikh,15480-2176043-6,Mohammad Bilal Shaikh,1978-02-12,3080256,372038
TAX006277,Fatimah Chaudhary,99673-8221280-6,Bilal چوہدری,1973-08-20,1246219,96932
TAX006278,بلال قریشی,41501-7208945-0,Husain Quraishi,1979-09-25,772558,25883
TAX006279,Osman شیخ,55786-1632394-9,Muhammad بلال Shaikh,1957-04-02,4193614,539042
TAX006280,Mohammed Bilal Moghul,94016-7952281-3,علی Moghul,1966-10-20,152281,0
TAX006281,Hamza Sayyid,38646-5156908-9,Faisal Sayyid,1986-02-06,8593146,1198971
TAX006282,Mohammed Bilal Malik,68310-8635192-0,Bilal Malick,1962-10-17,643016,6452
TAX006283,احمد راجہ,63932-7452434-9,Muhammad فیصل راجہ,1967-05-21,215323,0
TAX006284,Bilal اعوان,26785-8557941-4,Ali اعوان,1957-11-21,2540249,291037
TAX006285,Mohammed علی اعوان,97803-2063660-3,Hamzah اعوان,1976-07-26,454396,0
TAX006286,حرا Malick,64115-5638387-8,Faysal Malik,1969-07-03,247290,0
TAX006287,Imran راجہ,17807-3609650-5,Mohammad احمد Raja,1988-09-06,264199,0
TAX006288,Aysha Shaikh,,احمد شیخ,1962-01-06,5723249,768487
TAX006289,Ahmad Sayed,28300-3495944-8,,1967-08-01,959741,53961
TAX006290,Fatema سید,29466-4284770-3,Muhammad Sayed,1955-03-26,486202,0
TAX006291,علی Malick,11096-1684795-6,Ali Malik,,1564241,144636
TAX006292,Aysha خان,87599-9560553-8,Ali Khan,1971-08-23,1411603,121740
TAX006293,Mohammed Faysal Khan,62568-1364540-4,Osman خان,1957-11-18,807351,31102
TAX006294,بلال Mughal,82228-3770261-9,Hamzah Moghul,,1484101,132615
TAX006295,Bilal Butt,,,1994-04-04,2362662,264399
TAX006296,Muhammed Imran Shaykh,61168-6307288-4,Usman Shaikh,1983-04-09,588733,0
TAX006297,Husain Malik,40582-8315274-6,,1981-03-27,1518600,137790
TAX006298,فیصل اعوان,93372-5392793-9,Muhammed Husain اعوان,1976-03-25,1017137,62570
TAX006299,Husain Sheikh,31804-7938497-7,Hassan Shaykh,1988-11-25,517124,0
TAX006300,Maryam Malick,92881-8974320-6,Hassan ملک,1997-11-27,365836,0
TAX006301,Muhammad خان,11150-3661548-6,Mohammed Hamza Khan,1990-09-26,304128,0
TAX006302,Muhammad Hamza خان,13760-3681002-7,,1995-01-25,2096707,224506
TAX006303,Mohammed Imran شیخ,11110-1633266-3,Faysal Shaykh,1955-02-04,646128,6919
TAX006304,Muhammed Imran Sheikh,35860-9889099-7,عمران Shaykh,1961-06-04,186831,0
TAX006305,بلال Qureshi,20291-7609344-2,Hussein قریشی,1963-10-12,33560,0
TAX006306,Muhammad Hasan Raja,84774-9023577-9,Ahmed راجہ,1975-11-10,143341,0
TAX006307,Osman راجہ,78179-4804885-7,Muhammad Ahmad راجہ,1999-06-17,210676,0
TAX006308,Mohammad فیصل سید,44811-3525681-4,بلال Sayyid,,191551,0
TAX006309,Ali شیخ,13008-1244083-1,حسین Shaikh,1969-02-02,142281,0
TAX006310,Mohammed Faisal Awan,70182-1754679-4,,1955-03-09,799698,29954
TAX006311,Osman خان,,علی Khan,1968-04-25,522301,0
TAX006312,احمد Raja,42810-3967738-8,Muhammad Imran راجہ,1962-06-03,1655185,158277
TAX006313,Hira چوہدری,,Hassan Ch.,1984-10-21,3137455,380618
TAX006314,Osman قریشی,82375-9103075-6,Muhammad Imran Qureshi,1974-11-27,3939235,500885
TAX006315,Fatema راجہ,,علی راجہ,1971-04-21,169682,0
TAX006316,Hamzah Choudhary,84042-4842247-2,Muhammed Faisal Chaudhary,,6395798,869369
TAX006317,Othman Quraishi,40983-3351040-1,Mohammad Imran قریشی,1966-08-01,423980,0
TAX006318,Hira Shaikh,22419-1720280-8,Hussein Sheikh,,263779,0
TAX006319,Sana راجہ,83772-7465456-2,Muhammad Imran راجہ,1981-08-10,19713031,2866954
TAX006320,Muhammed علی Qureshi,17662-6147916-9,,1999-03-12,2004035,210605
TAX006321,Imran Khan,52907-4705001-9,Mohammad Othman خان,1968-02-24,614230,2134
TAX006322,احمد Butt,96754-9114478-5,Ahmad بٹ,1983-05-08,5318287,707743
TAX006323,Mohammad Bilal Shaykh,68670-5130055-1,Hussein Shaykh,1978-08-06,2554921,293238
TAX006324,Mohammed اعوان,30912-6948084-4,Imran Awan,1980-02-21,1717672,167650
TAX006325,Mohammed راجہ,24554-2549898-0,Imran Raja,,277078,0
TAX006326,Hamza Malick,70676-8805641-0,Muhammad Hassan ملک,1995-08-04,5815546,782331
TAX006327,Ali اعوان,18000-4318465-6,Bilal Awan,1982-01-14,1104734,75710
TAX006328,Sana Raja,56050-5578554-5,Muhammed Bilal Raja,2002-01-13,486532,0
TAX006329,Othman Moghul,53301-3980111-4,علی Moghul,1985-12-11,1231557,94733
TAX006330,Hassan Khan,,Mohammed Khan,,409401,0
TAX006331,ثناء Raja,81816-4862967-1,Ahmad راجہ,,1068990,70348
TAX006332,Maryam Raja,45957-2105745-2,Mohammad Ahmed راجہ,1993-02-16,501559,0
TAX006333,Ahmad اعوان,50363-3120244-6,Muhammad اعوان,1967-03-01,1812367,181855
TAX006334,Faysal خان,24858-6611004-4,علی Khan,1977-10-10,1716803,167520
TAX006335,فیصل Raja,28661-2930559-0,عثمان Raja,1992-08-28,2842371,336355
TAX006336,Mohammad Hussein Bhatti,61988-1121295-2,,1981-08-08,981106,57165
TAX006337,فیصل ملک,31511-5187077-2,,1993-12-11,831454,34718
TAX006338,Faisal Ch.,59399-9565993-8,Bilal Chaudhry,1991-02-09,585913,0
TAX006339,Muhammed Syed,61972-4338678-0,,2001-11-20,1561726,144258
TAX006340,زینب Quraishi,60391-2346563-3,Husain Qureshi,1966-09-05,8418088,1172713
TAX006341,Hasan Khan,21812-6168445-2,Hamza Khan,1963-12-26,1201505,90225
TAX006342,Faysal Quraishi,48105-2860076-6,Ahmed قریشی,1996-12-03,730075,19511
TAX006343,Mohammad عثمان سید,61748-3908154-3,علی Syed,1995-07-24,2033397,215009
TAX006344,Osman Malick,72506-3393963-7,بلال Malik,1997-10-01,286979,0
TAX006345,Imran بٹ,24096-1251324-3,Mohammed حسین Bhatti,1974-07-20,233858,0
TAX006346,Zaynab مغل,32810-1792603-9,Hamza مغل,1996-07-17,7958122,1103718
TAX006347,Ahmed Shaykh,91531-6924889-1,,1958-07-06,263778,0
TAX006348,Hussain Shaykh,32725-1369082-3,محمد Sheikh,1982-12-11,2476807,281521
TAX006349,علی Raja,37190-4669634-4,Imran Raja,1956-11-25,3360566,414084
TAX006350,Ahmed Chaudhary,50437-5943554-7,Hussain چوہدری,2000-03-04,1177406,86610
TAX006351,Hamza Malick,82953-1510699-4,Othman Malick,1984-07-19,1169056,85358
TAX006352,Othman Raja,93523-1311738-7,Muhammed Ali Raja,1962-08-28,1218532,92779
TAX006353,Muhammed Faysal خان,15993-5399402-4,Mohammad Hasan خان,1960-11-20,249806,0
TAX006354,Fatema مغل,16580-9046590-0,Muhammad Mughal,1994-08-10,150982,0
TAX006355,فیصل اعوان,25040-1412977-9,,1992-04-22,2552409,292861
TAX006356,Hira Raja,78627-6417791-9,Ahmed Raja,1971-12-13,2731540,319731
TAX006357,Maryam Sayed,18781-1837950-0,Faisal Syed,1962-09-23,1671778,160766
TAX006358,Ahmed Raja,56550-3079817-4,Ahmed راجہ,1994-08-23,18519170,2687875
TAX006359,Aisha Awan,,عثمان اعوان,1956-08-21,450466,0
TAX006360,Bilal راجہ,48638-9221314-7,Faysal راجہ,1958-12-02,184537,0
TAX006361,Imran راجہ,68269-8731100-1,Muhammad Faysal Raja,1960-04-20,1878704,191805
TAX006362,Aysha Quraishi,61017-7314960-9,,1961-05-22,415250,0
TAX006363,عمران Moghul,88108-5474146-8,Ahmad مغل,1969-11-08,738447,20767
TAX006364,فیصل Quraishi,92836-1492216-5,Hussain قریشی,1976-04-01,3442125,426318
TAX006365,Hasan Malik,55754-2919548-8,فیصل ملک,1992-10-09,639321,5898
TAX006366,Muhammed Shaykh,21817-8267826-8,,1990-11-07,1084872,72730
TAX006367,Mohammed Khan,54156-9526945-9,حسین Khan,1985-03-19,4297122,554568
TAX006368,Osman Shaikh,79357-4274290-6,,1968-12-01,511391,0
TAX006369,Fatema سید,46366-2488663-2,Hussain Sayyid,1963-01-10,1794450,179167
TAX006370,محمد Awan,99046-5929391-9,Muhammad فیصل اعوان,1972-11-02,1259002,98850
TAX006371,Muhammed بلال Sayed,39930-7396013-7,Hussein Sayyid,1958-09-21,965931,54889
TAX006372,Mohammed شیخ,54822-8233871-0,Hasan شیخ,,286476,0
TAX006373,احمد اعوان,72965-9755463-7,بلال اعوان,1985-10-20,2259985,248997
TAX006374,فیصل Quraishi,86805-9883402-4,Bilal Qureshi,1999-04-10,1469478,130421
TAX006375,Osman Butt,91991-4655747-4,Mohammed Hussain Bhatti,2000-02-20,1968472,205270
TAX006376,علی Mughal,36342-5336694-2,Mohammad مغل,1983-05-17,2169479,235421
TAX006377,Fatimah خان,51212-3291421-2,,1960-10-05,3521736,438260
TAX006378,Mohammad حمزہ قریشی,84798-7492241-7,Mohammed قریشی,1987-04-07,639583,5937
TAX006379,بلال Mughal,35984-9883812-2,Muhammed Imran Mughal,1985-09-22,764377,24656
TAX006380,Mohammad Hamza Sheikh,33851-2778288-5,Ahmad Shaikh,1967-07-20,183629,0
TAX006381,Aisha خان,37545-8904661-7,محمد Khan,,475766,0
TAX006382,Ahmad سید,77223-8467918-3,Mohammad علی Sayed,1987-10-20,7313416,1007012
TAX006383,Mohammed قریشی,44708-2302767-1,Ahmad قریشی,2003-09-01,807042,31056
TAX006384,Imran Butt,21824-6687858-4,,1998-04-07,334090,0
TAX006385,Sana Khan,,حسن خان,1956-10-14,2844849,336727
TAX006386,Ayisha راجہ,80229-4340816-0,Ahmad Raja,1983-08-14,2038697,215804
TAX006387,Faisal Sheikh,,Muhammed فیصل Shaykh,1978-11-13,542022,0
TAX006388,ثناء Shaikh,62783-3423069-8,,1974-02-15,8814494,1232174
TAX006389,Imran Raja,41088-4767829-5,Mohammad راجہ,,2936147,350422
TAX006390,Imran قریشی,37341-5700435-7,Ahmed Qureshi,1955-07-17,917928,47689
TAX006391,فاطمہ Malik,66523-8514553-2,حسن Malik,1999-02-02,158900,0
TAX006392,Faysal Butt,70918-6955430-1,Hassan بٹ,1956-02-06,481553,0
TAX006393,Muhammed عمران ملک,47870-9401868-1,Ahmad Malik,1956-06-01,5157523,683628
TAX006394,Muhammed Osman اعوان,66821-2399486-9,,,181758,0
TAX006395,Muhammed علی اعوان,83570-7008324-8,Mohammed Ali اعوان,1973-04-10,934849,50227
TAX006396,Mohammed علی Raja,53459-8514572-6,Mohammad علی Raja,1997-04-13,4782302,627345
TAX006397,Hira ملک,10258-3395383-4,Imran Malik,1997-12-26,2579388,296908
TAX006398,Ali Qureshi,92242-1865596-8,Muhammed عمران Qureshi,1957-07-23,167703,0
TAX006399,Fatima مغل,88359-3468392-0,عثمان Mughal,,4152651,532897
TAX006400,عمران Shaikh,33178-8357034-1,Bilal شیخ,1973-04-04,907468,46120
TAX006401,عمران خان,78474-5446263-1,Mohammed احمد Khan,1982-01-28,1277824,101673
TAX006402,Ali شیخ,56562-6166118-7,علی شیخ,1970-09-15,456479,0
TAX006403,Imran Mughal,84730-9488843-0,Ali Moghul,1965-06-02,491337,0
TAX006404,عثمان اعوان,38215-8884225-4,علی اعوان,,1949549,202432
TAX006405,Faisal Mughal,26052-2021715-4,,1955-06-20,729764,19464
TAX006406,Bilal ملک,98225-6002768-4,Hamzah Malik,,188269,0
TAX006407,Hussain مغل,48673-1219748-5,Muhammad Moghul,1960-04-27,4609414,601412
TAX006408,Faisal بٹ,,Mohammed Ali بٹ,1969-06-12,449683,0
TAX006409,Muhammed Faisal Quraishi,55935-7719712-2,Husain Qureshi,1959-02-01,1317178,107576
TAX006410,Osman Bhatti,83935-3844417-2,Faysal Bhatti,1998-11-07,267660,0
TAX006411,Fatema Qureshi,39335-6921631-4,,2000-10-19,214968,0
TAX006412,Husain Raja,96585-1132929-0,Ali راجہ,1970-11-26,1342832,111424
TAX006413,Fatima Mughal,80596-3649366-8,بلال Mughal,1979-02-19,4437905,575685
TAX006414,فیصل Khan,64905-3143477-0,Faysal Khan,1995-05-28,2705868,315880
TAX006415,Ali Chaudhry,,احمد Chaudhary,1959-04-05,2301851,255277
TAX006416,Sana Bhatti,65846-7990540-8,,1985-04-09,881166,42174
TAX006417,Usman Choudhary,33969-3824153-1,Faisal Choudhary,,168041,0
TAX006418,Ayisha Quraishi,45090-4986000-6,Hussain قریشی,1999-12-09,134058,0
TAX006419,Sana بٹ,94980-2109299-1,محمد بٹ,1981-08-01,10925776,1548866
TAX006420,Muhammad Usman Chaudhry,32423-7875860-1,Osman Ch.,1961-11-18,948848,52327
TAX006421,Mohammed Hussein Bhatti,62522-4839499-8,Faysal بٹ,1990-10-05,686101,12915
TAX006422,Hussein Bhatti,84893-1766807-5,Mohammad Hamzah Butt,1996-04-11,1272659,100898
TAX006423,Ahmad Sayyid,77020-3684068-7,Othman سید,1957-01-14,231812,0
TAX006424,احمد Qureshi,95785-1415896-0,Usman Qureshi,1956-12-14,90027,0
TAX006425,Muhammad Imran Malik,36424-4931061-0,Hassan Malik,1992-04-16,1266315,99947
TAX006426,Muhammed حسن خان,21757-8707247-0,فیصل خان,1992-12-10,3070519,370577
TAX006427,Aisha Raja,43386-2913696-0,Ali Raja,1993-01-14,1662179,159326
TAX006428,عمران قریشی,20050-1957370-6,Muhammed Hamzah Quraishi,1956-08-13,1009942,61491
TAX006429,علی قریشی,26104-3169320-7,احمد قریشی,1985-08-08,520465,0
TAX006430,Muhammed حمزہ Raja,55134-3159987-8,Mohammad Faisal راجہ,1973-02-14,654603,8190
TAX006431,Fatima Malik,58694-3126066-5,Muhammad بلال Malik,1984-07-23,882149,42322
TAX006432,Usman بٹ,65496-7386758-9,Ahmad بٹ,1960-06-07,1070857,70628
TAX006433,Mohammed Ali بٹ,88872-7904731-9,Muhammad بلال Bhatti,1991-08-14,4332524,559878
TAX006434,Mohammad Awan,75554-2998841-6,محمد اعوان,1971-02-25,1231226,94683
TAX006435,Zaynab خان,73065-1715436-3,Imran خان,1970-05-04,805416,30812
TAX006436,Ahmed Quraishi,,احمد Quraishi,,298961,0
TAX006437,Faysal Khan,42834-6811490-6,محمد Khan,1998-12-20,10323581,1458537
TAX006438,Muhammed Malik,29798-3153909-3,فیصل ملک,1995-04-21,3976578,506486
TAX006439,Mohammed Hamzah ملک,83405-5369279-4,Mohammad Hamzah Malik,1965-11-15,1012468,61870
TAX006440,احمد Moghul,93948-9057618-3,Muhammed عثمان مغل,1960-06-22,1508922,136338
TAX006441,Ayesha سید,68677-8291521-6,Hussein سید,1986-02-05,2019475,212921
TAX006442,حرا Raja,79063-6485818-4,Faysal Raja,1984-06-04,1771265,175689
TAX006443,Sana راجہ,51116-9547254-3,Mohammad Ali Raja,1982-11-19,1960682,204102
TAX006444,Bilal Ch.,67544-9720604-2,Muhammed احمد چوہدری,2002-01-20,3347731,412159
TAX006445,Mohammad حسن Shaikh,91843-7297154-8,حسن Shaykh,1971-06-04,1355780,113367
TAX006446,Mohammed Syed,51106-2574630-3,,1964-03-06,1291353,103702
TAX006447,بلال قریشی,40073-5604788-9,Faisal Quraishi,1979-01-11,622904,3435
TAX006448,عمران Raja,29068-7376195-7,Faysal Raja,1959-12-07,703001,15450
TAX006449,Othman Raja,14954-6009856-8,,1959-09-17,101726,0
TAX006450,Ayisha Raja,13571-2349981-3,بلال Raja,1975-02-05,2252680,247902
TAX006451,Othman اعوان,41420-7792672-4,,1966-11-26,370080,0
TAX006452,بلال Raja,23245-3881475-2,Muhammed Imran راجہ,1993-09-11,12033009,1714951
TAX006453,Muhammed Ahmad Bhatti,22408-5201893-2,بلال Bhatti,1984-04-13,1681486,162222
TAX006454,عثمان Choudhary,44461-4758278-0,Imran چوہدری,1956-05-11,509531,0
TAX006455,Mohammed علی Quraishi,48662-8527626-5,Mohammad حسین Qureshi,1999-08-14,371085,0
TAX006456,Aisha Chaudhary,52156-2132090-8,Mohammed حسین Chaudhary,1981-10-23,2026701,214005
TAX006457,Mohammad Hamzah Malick,24628-3546710-7,Muhammad Ali Malick,1974-02-20,3891726,493758
TAX006458,Hasan Choudhary,65499-7106887-5,Faisal Ch.,1983-07-03,197817,0
TAX006459,Mohammad Shaikh,91318-8284865-1,Hamzah Shaykh,1984-11-01,1709112,166366
TAX006460,عمران Qureshi,69352-4049849-9,Muhammed Hussein Quraishi,1989-09-23,692116,13817
TAX006461,Hasan Malick,,,1978-05-02,1162743,84411
TAX006462,Zaynab خان,92879-6730504-6,Hussein Khan,,619105,2865
TAX006463,محمد Mughal,75470-3996054-7,Othman مغل,1955-07-23,1471347,130702
TAX006464,Mohammed Ali Moghul,31188-6514615-0,,1970-09-13,674876,11231
TAX006465,Muhammad Hasan Quraishi,78020-5455193-2,,1991-05-03,1543063,141459
TAX006466,Mohammad Hussein Sayyid,45091-4143463-4,Othman سید,2001-08-21,2365237,264785
TAX006467,فاطمہ ملک,31298-2475872-1,عمران Malik,1957-09-28,167013,0
TAX006468,Mohammad Faisal Chaudhary,70006-5613286-3,Imran Chaudhry,1976-11-15,229400,0
TAX006469,Ali Malik,26036-6324650-5,,1995-08-08,892222,43833
TAX006470,مریم Malik,28071-8370929-7,عمران ملک,2000-12-16,120166,0
TAX006471,Mohammad علی Malik,27926-6552870-0,عثمان ملک,1987-11-25,1963446,204516
TAX006472,Osman Malick,93615-3486653-4,Usman Malick,1996-12-12,334925,0
TAX006473,Bilal اعوان,84397-4963850-4,Hussain Awan,1967-03-25,965858,54878
TAX006474,Mohammad حمزہ Shaikh,11047-4106754-7,Muhammad حسن Shaikh,1966-03-26,1026240,63936
TAX006475,Muhammad Khan,56568-4637023-4,Husain خان,1972-07-27,68647,0
TAX006476,Hira مغل,19345-9279628-2,Hamzah Mughal,,655735,8360
TAX006477,Fatima Khan,44527-5812191-3,حمزہ خان,1979-03-21,381959,0
TAX006478,عثمان Qureshi,50283-5636035-8,,2002-08-12,305015,0
TAX006479,Usman Mughal,66836-5198868-1,حسن مغل,1956-01-17,126841,0
TAX006480,Ayisha خان,38805-6633415-9,احمد خان,1980-10-07,98635,0
TAX006481,Husain Sayyid,52294-7698840-6,Usman Sayyid,1980-12-14,943694,51554
TAX006482,Marium Shaykh,20421-4988541-0,فیصل شیخ,,214140,0
TAX006483,Muhammad Hussain راجہ,88523-6188657-9,Hussain Raja,,169484,0
TAX006484,Bilal Qureshi,93509-6363317-3,Hamza Quraishi,1957-06-16,927394,49109
TAX006485,Ahmed Quraishi,50256-5554363-9,احمد Qureshi,1976-11-01,4922553,648382
TAX006486,Ahmed راجہ,88329-8358316-6,Imran Raja,1960-02-13,1474849,131227
TAX006487,Muhammad Raja,50640-2032301-8,,1982-10-19,1943068,201460
TAX006488,عمران خان,76118-8144337-9,Mohammed خان,1988-11-01,3318383,407757
TAX006489,Hira راجہ,43418-1261354-9,,1974-03-25,112642,0
TAX006490,ثناء Bhatti,32367-3755930-8,احمد Bhatti,1978-06-03,924813,48721
TAX006491,Faisal Mughal,28307-6295406-2,Muhammad Moghul,1972-04-02,1718096,167714
TAX006492,Bilal Ch.,91796-9048196-2,فیصل Choudhary,1987-05-13,316151,0
TAX006493,Muhammed عمران Qureshi,13953-7224224-0,Usman Quraishi,1985-06-20,668513,10276
TAX006494,Hasan Mughal,98452-2385726-8,Imran Mughal,1995-11-22,558211,0
TAX006495,Muhammad Hussein Raja,56916-3894688-9,Ahmad راجہ,1999-09-19,139895,0
TAX006496,Osman راجہ,68178-7466176-8,علی راجہ,1998-01-11,2447934,277190
TAX006497,Mohammed علی Bhatti,25811-2562114-7,Hasan Butt,,731273,19690
TAX006498,Hamzah Bhatti,83352-6175598-8,Usman بٹ,1957-08-01,461972,0
TAX006499,Ali Shaikh,51538-1393957-4,Husain شیخ,1999-12-01,230395,0
TAX006500,Muhammad Syed,76806-1551714-2,Muhammed سید,1962-11-04,254025,0
TAX006501,عثمان راجہ,15769-5897793-9,Mohammad Bilal راجہ,1955-03-21,1515570,137335
TAX006502,Muhammad Malick,81026-9421949-5,Osman Malick,1965-07-03,853739,38060
TAX006503,Hamza Khan,25637-3168634-5,فیصل Khan,1963-08-19,3201974,390296
TAX006504,Mohammed حسین Khan,,محمد خان,1962-01-02,968424,55263
TAX006505,علی Quraishi,11130-4544066-5,Ahmed Quraishi,1997-12-18,2239314,245897
TAX006506,Hussain قریشی,47198-6016270-7,,1997-10-15,776263,26439
TAX006507,حرا مغل,63117-2332215-6,Hussein Moghul,1979-07-13,963505,54525
TAX006508,علی Syed,97384-2350890-8,عمران Sayed,1963-10-15,4075740,521361
TAX006509,Mariam راجہ,58558-9718443-4,Imran Raja,1975-02-13,1539186,140877
TAX006510,Fatima Quraishi,48847-9558697-4,,1966-05-01,173856,0
TAX006511,Bilal Raja,25752-5350235-2,Ahmed Raja,1997-12-25,756272,23440
TAX006512,Mohammed Imran Khan,69040-1830339-5,Muhammed Osman Khan,1974-05-01,1049521,67428
TAX006513,Mohammad علی Butt,10780-6569263-8,Mohammad Faysal Butt,1995-03-01,1180309,87046
TAX006514,ثناء Khan,60444-8318904-1,Hassan Khan,1979-11-15,1655507,158326
TAX006515,Muhammad Ali راجہ,89790-6276778-8,Muhammad راجہ,1968-12-22,56072,0
TAX006516,Hassan شیخ,77197-6675569-5,فیصل Shaikh,1980-06-21,2821319,333197
TAX006517,Mariam راجہ,31939-9397424-1,Muhammed Raja,,2228208,244231
TAX006518,Muhammed سید,59357-9378765-0,Ali Sayyid,2002-02-10,562034,0
TAX006519,Muhammed Moghul,86519-4644266-0,Muhammed Bilal مغل,,1594852,149227
TAX006520,Faysal ملک,35059-5569635-1,Ahmad Malick,1987-08-05,2166274,234941
TAX006521,Hassan Malick,66674-2175920-3,Muhammed Bilal Malick,1967-02-04,431669,0
TAX006522,Usman بٹ,,Mohammad بٹ,1989-09-11,611319,1697
TAX006523,Husain Malick,58896-4737058-1,بلال Malick,1972-01-21,1304405,105660
TAX006524,Faysal چوہدری,58228-8759686-4,Ahmed Chaudhry,1998-03-20,336082,0
TAX006525,Hasan Awan,03954-5346332-2,Usman اعوان,1969-02-16,549474,0
TAX006526,Hamza Awan,22882-8680410-8,Muhammad Imran Awan,1996-08-24,704929,15739
TAX006527,Bilal Quraishi,92049-4431612-1,علی قریشی,1968-06-28,1415864,122379
TAX006528,بلال سید,39790-7307903-7,,1990-04-05,1130229,79534
TAX006529,Muhammad Shaikh,54120-6847391-2,Muhammed علی Shaykh,1968-10-28,3413623,422043
TAX006530,Ahmed Qureshi,96801-2333234-0,Othman Qureshi,1999-02-18,506474,0
TAX006531,محمد Awan,26384-3750349-8,احمد Awan,1958-12-18,2215951,242392
TAX006532,Ayesha Raja,53700-1814869-0,Mohammad راجہ,1969-09-18,2687809,313171
TAX006533,حسن Sheikh,62337-1367479-9,بلال Shaykh,1956-04-08,160884,0
TAX006534,Aysha Shaikh,69048-3219725-8,Muhammed شیخ,1985-10-08,1059347,68902
TAX006535,بلال Moghul,93713-2896254-0,Ali مغل,1968-02-19,313654,0
TAX006536,حسین Butt,10711-9285807-9,Ahmad Bhatti,1993-05-19,1359609,113941
TAX006537,Muhammad Shaykh,97484-1911884-4,Faisal Sheikh,2003-10-16,2199160,239874
TAX006538,Osman Qureshi,48967-5663743-3,,1961-02-03,1167342,85101
TAX006539,Mariam Khan,27999-2232884-0,Hamzah Khan,,178692,0
TAX006540,Ali Ch.,97743-4529819-7,Muhammed Usman چوہدری,1978-09-09,773145,25971
TAX006541,Imran شیخ,34055-6122400-9,Ahmed Sheikh,1972-09-11,1101422,75213
TAX006542,بلال قریشی,43333-8384828-3,Faisal قریشی,1990-10-08,286459,0
TAX006543,محمد Awan,79673-3127370-3,Ali اعوان,2003-02-16,1622537,153380
TAX006544,Zainab چوہدری,51234-9166648-0,Osman Ch.,1977-08-24,2984958,357743
TAX006545,Muhammad Shaykh,69297-3096963-8,Ali شیخ,1972-05-01,2835788,335368
TAX006546,Ali Bhatti,15404-6548747-4,Ahmad Butt,1957-09-26,2303211,255481
TAX006547,Sana Sayed,48823-3338282-6,Hasan Sayyid,,2335795,260369
TAX006548,Othman Syed,32710-8807954-4,Ahmed Sayed,2001-12-10,4895135,644270
TAX006549,بلال Sheikh,71232-3544031-9,Ahmad Shaikh,1980-02-22,75427,0
TAX006550,Muhammed Hussain مغل,70394-6177531-6,,1990-08-21,4436499,575474
TAX006551,Mohammad Awan,29585-1998986-7,Usman اعوان,1985-01-09,109330,0
TAX006552,زینب راجہ,20535-6335815-3,محمد راجہ,1967-08-14,544735,0
TAX006553,Mohammad عمران Malik,43099-4788136-1,Mohammed Ali Malick,1962-12-18,17680770,2562115
TAX006554,مریم Chaudhary,51584-4200418-1,Hamza Chaudhry,1990-05-23,211652,0
TAX006555,Hira بٹ,59315-1390227-9,Ahmed Bhatti,1976-08-24,1177159,86573
TAX006556,احمد Qureshi,25737-5378607-2,,1966-04-09,2291763,253764
TAX006557,Faysal Awan,65400-3098963-2,,1998-06-28,1253626,98043
TAX006558,علی Malick,83018-8029667-8,Hamza ملک,1999-10-22,1309407,106411
TAX006559,فیصل راجہ,16776-5076248-9,حسین راجہ,1986-06-18,7076742,971511
TAX006560,Hussain Bhatti,77557-1732939-1,Faisal Butt,1971-11-01,2932208,349831
TAX006561,Muhammed Ahmad اعوان,24228-9209106-1,Osman اعوان,2003-05-27,429643,0
TAX006562,محمد Quraishi,26547-5006667-6,,1983-07-18,2369647,265447
TAX006563,Zainab خان,84712-8331729-4,بلال Khan,1978-03-26,31850,0
TAX006564,Fatima بٹ,53438-7390345-6,Osman Bhatti,,1774348,176152
TAX006565,Hira Mughal,67843-1077537-0,Hussein Mughal,,3164042,384606
TAX006566,علی شیخ,27908-6036369-7,Ahmad Shaykh,1967-01-11,686533,12979
TAX006567,فیصل ملک,20393-8560110-0,Bilal ملک,1982-10-08,1780405,177060
TAX006568,Mohammed Sheikh,44758-1477720-9,Ahmed شیخ,1975-06-26,118397,0
TAX006569,Maryam Ch.,40406-8645312-0,,1994-09-07,1211814,91772
TAX006570,Ali Awan,38063-7806206-1,Faysal اعوان,1969-03-17,1212126,91818
TAX006571,Zaynab Sheikh,65987-8908267-5,علی Shaykh,1980-05-08,619197,2879
TAX006572,Hira مغل,28021-6643140-4,Ali Moghul,1961-08-03,32187,0
TAX006573,Bilal Raja,53637-3869365-6,Hasan راجہ,1974-12-19,180592,0
TAX006574,Othman Choudhary,94210-5539600-9,Faisal Choudhary,1958-05-20,425877,0
TAX006575,Muhammad احمد Bhatti,20304-1114338-8,Faysal Bhatti,2001-09-15,379893,0
TAX006576,Muhammad Othman Mughal,22732-4361838-7,Hassan Moghul,1992-03-28,1270454,100568
TAX006577,Sana Quraishi,19330-9891124-3,حمزہ Quraishi,2000-01-07,610599,1589
TAX006578,Hira Chaudhry,,Faisal Ch.,,245664,0
TAX006579,مریم اعوان,17517-3571355-8,Muhammed بلال Awan,1986-05-24,654912,8236
TAX006580,Fatima Malick,57161-1759708-4,Muhammed Hamza Malik,1989-09-05,244890,0
TAX006581,Ayisha شیخ,31802-5991359-0,Mohammad عمران Shaykh,1964-09-26,429283,0
TAX006582,حمزہ بٹ,50744-9372120-0,Muhammed Imran Bhatti,1988-08-02,356879,0
TAX006583,Bilal Khan,12278-3525308-7,Usman Khan,1996-09-16,870118,40517
TAX006584,Ali Khan,13977-1652778-9,حسین خان,1997-04-13,990330,58549
TAX006585,حمزہ قریشی,44551-4134742-2,Mohammed حسن قریشی,1968-07-01,150700,0
TAX006586,Hasan Butt,86657-8163046-9,,1965-02-28,295897,0
TAX006587,Faisal Sayyid,92085-1590190-8,عمران Syed,1977-05-18,37781,0
TAX006588,Imran Raja,44955-1241587-9,Hussein راجہ,1960-12-06,4835902,635385
TAX006589,Hasan خان,48896-5142098-6,,1981-12-10,1624348,153652
TAX006590,Hussein اعوان,84852-7696571-1,,2003-12-28,227059,0
TAX006591,Bilal Mughal,16681-8907350-1,Hasan مغل,1956-12-17,5787398,778109
TAX006592,ثناء Quraishi,,Muhammed Quraishi,1981-10-11,197628,0
TAX006593,Mohammad Hamzah Malick,25841-9545637-2,علی Malick,,4081473,522220
TAX006594,Hassan Sheikh,12785-1767771-1,Mohammad Faysal شیخ,1976-10-10,966876,55031
TAX006595,Zaynab مغل,38557-4413350-4,Muhammed بلال Mughal,1983-01-12,2429193,274378
TAX006596,حرا Bhatti,17887-3938691-2,بلال Bhatti,1993-06-14,441450,0
TAX006597,Faisal Bhatti,93990-7582746-1,,1958-03-17,5072029,670804
TAX006598,Hasan اعوان,23611-2234890-8,Hassan Awan,1995-11-03,2247612,247141
TAX006599,Mohammad Ahmad Awan,14369-9033520-2,Mohammad اعوان,1971-09-23,799944,29991
TAX006600,Imran Sheikh,19287-3097154-9,علی Shaikh,1976-01-14,1223032,93454
TAX006601,علی Malick,,Bilal Malick,,675746,11361
TAX006602,Ayisha Butt,,,1992-06-11,367768,0
TAX006603,Imran Malick,47719-7594318-4,Imran Malik,1997-09-02,531152,0
TAX006604,حمزہ Khan,40772-1367326-9,Mohammad Imran خان,1970-10-06,540723,0
TAX006605,Ahmed Khan,55920-3519884-3,Hussein Khan,1998-09-10,205710,0
TAX006606,Mohammed فیصل Choudhary,53402-8510228-1,,1983-10-03,2173656,236048
TAX006607,احمد Moghul,39516-3188750-0,حسن مغل,1980-01-16,1360884,114132
TAX006608,Faysal Raja,36616-8590457-8,,1972-06-16,1477101,131565
TAX006609,حرا Awan,25544-5738180-1,حسن اعوان,1998-02-23,518083,0
TAX006610,Muhammad Faysal Mughal,33266-4716808-9,Hussein مغل,2002-08-25,97572,0
TAX006611,Mohammad Khan,66087-8341311-1,Othman خان,1979-11-13,1959606,203940
TAX006612,Bilal Raja,18067-2059408-0,Faisal راجہ,1995-10-28,319989,0
TAX006613,حسین راجہ,16216-5649504-5,Mohammed راجہ,1978-08-07,3696354,464453
TAX006614,Fatima Khan,29926-6983282-9,Hamzah Khan,1964-03-28,1288261,103239
TAX006615,Hira Khan,34594-4425367-0,Muhammed حمزہ Khan,1984-03-13,2611651,301747
TAX006616,Imran Awan,48765-7005934-3,علی اعوان,1999-09-05,362455,0
TAX006617,عمران Khan,70200-7785551-9,Faysal خان,1999-09-12,2511297,286694
TAX006618,Fatimah Qureshi,80232-8063486-6,Hussein Qureshi,1960-08-06,271543,0
TAX006619,Muhammad Usman ملک,58153-6490203-3,Faisal Malik,1972-06-07,632520,4878
TAX006620,علی Malick,26299-2293396-1,Muhammed Malik,2001-06-12,1653254,157988
TAX006621,حرا مغل,32413-5133399-4,احمد Moghul,1970-03-10,3185305,387795
TAX006622,Mohammed عمران Mughal,37834-7305914-5,Mohammad احمد Mughal,,1513576,137036
TAX006623,Ayisha Choudhary,60074-3054499-9,Hamza Chaudhry,1967-10-24,501824,0
TAX006624,Ali Quraishi,,Hamza Quraishi,1956-03-03,2186991,238048
TAX006625,Ayesha مغل,67075-8004576-7,Ahmed Moghul,1985-04-18,210124,0
TAX006626,Aysha چوہدری,92967-9093248-1,Muhammad Usman چوہدری,,65135957,9680393
TAX006627,ثناء Khan,74097-4196915-6,حسن Khan,,10061288,1419193
TAX006628,Mohammad راجہ,14921-3994458-1,,1962-03-22,871514,40727
TAX006629,Hira بٹ,91073-7852820-8,Imran Butt,1965-05-18,1347033,112054
TAX006630,حسن ملک,80692-6057616-8,Hamza Malik,2001-05-04,767759,25163
TAX006631,احمد Bhatti,50491-9679404-8,,1979-02-16,1276716,101507
TAX006632,Mohammad Bilal Sayyid,73977-2891776-8,Mohammad حسن Syed,,147100,0
TAX006633,بلال Butt,56479-7154812-3,Bilal Bhatti,1975-11-23,813250,31987
TAX006634,Mohammad بلال خان,33272-4179156-3,عمران خان,1992-12-05,357294,0
TAX006635,حسن Khan,23478-4060146-9,Ali Khan,1988-06-02,1580095,147014
TAX006636,Muhammed Usman Moghul,10927-7560543-7,Ahmad Mughal,1977-02-11,435705,0
TAX006637,فاطمہ Malik,11946-9483623-7,Imran Malik,1959-04-24,588357,0
TAX006638,Ahmed ملک,33416-8728746-9,Imran ملک,2000-05-02,3034191,365128
TAX006639,Mohammed حمزہ Ch.,88938-9780213-6,عثمان Chaudhary,2000-10-18,1452568,127885
TAX006640,Mohammed Raja,33695-5498911-5,Othman راجہ,,530521,0
TAX006641,Muhammed Hamza Chaudhry,87854-6428861-7,,1959-03-28,2008835,211325
TAX006642,Mohammad حسن اعوان,78459-3397460-8,Ali Awan,1998-05-28,2418603,272790
TAX006643,Ali خان,,,,1579659,146948
TAX006644,Mohammad Hamzah Quraishi,94364-5662015-4,Faisal Quraishi,1968-11-06,522232,0
TAX006645,Bilal مغل,14858-7833272-3,Muhammed Hamza Mughal,1963-02-22,2827482,334122
TAX006646,Osman Mughal,31292-4039165-4,,1982-04-17,9371363,1315704
TAX006647,Aisha Sayyid,20303-8608139-5,عثمان Sayed,1997-05-27,2128718,229307
TAX006648,Mohammad عثمان ملک,14046-1643036-1,Muhammad ملک,2002-06-18,463511,0
TAX006649,احمد Butt,49222-3303427-4,,1997-05-03,70736,0
TAX006650,حسن Quraishi,59386-4305417-9,Muhammed Quraishi,1983-04-27,598807,0
TAX006651,Muhammad Bilal Malick,22210-3890628-9,Hussein ملک,1996-11-23,1603176,150476
TAX006652,محمد Malik,27990-6131212-1,Mohammed فیصل Malick,1986-06-01,598699,0
TAX006653,فاطمہ Ch.,68253-5394829-5,Hussain چوہدری,,2869414,340412
TAX006654,Zaynab Awan,97301-7783389-8,حسن اعوان,1965-02-21,1780684,177102
TAX006655,مریم Chaudhry,29449-7371543-5,Bilal Chaudhry,,4039145,515871
TAX006656,Husain قریشی,58384-6981031-9,احمد Qureshi,1975-02-16,343594,0
TAX006657,Muhammad حمزہ Chaudhary,16695-4145168-1,حسین Choudhary,1965-02-16,2645523,306828
TAX006658,Muhammed Hasan اعوان,43559-5217984-8,,1967-05-09,391493,0
TAX006659,Faysal Khan,32849-3433799-3,محمد Khan,1965-06-07,599113,0
TAX006660,Hamza Shaykh,47324-5592498-4,Mohammad Hussein شیخ,1972-01-11,4585288,597793
TAX006661,Zainab Raja,17394-7000734-5,Hussain راجہ,1988-01-02,405254,0
TAX006662,Muhammad Ali Mughal,90720-4855426-0,Muhammad Faisal Moghul,1999-10-17,1305188,105778
TAX006663,Hira Malick,61867-5808875-5,بلال ملک,1958-10-17,2372700,265905
TAX006664,Ahmad Malick,49668-9158444-0,حسین ملک,1958-03-27,299140,0
TAX006665,Mohammed خان,97087-3747397-9,Osman Khan,1978-04-13,215308,0
TAX006666,Usman اعوان,15675-4734770-8,Muhammad Imran اعوان,1976-08-15,1164798,84719
TAX006667,Hasan Ch.,13529-8095419-3,عثمان Chaudhary,1991-10-21,1826677,184001
TAX006668,Muhammed بلال Awan,38917-2699891-7,Mohammad عثمان Awan,1957-09-04,2149535,232430
TAX006669,Muhammed Ahmed Syed,85556-7843963-5,Ali سید,1965-02-26,1335629,110344
TAX006670,زینب بٹ,35345-4831689-4,Mohammad احمد بٹ,,515730,0
TAX006671,Sana Sayyid,33719-6455799-3,Bilal Sayyid,2001-02-28,1336186,110427
TAX006672,Imran Awan,75460-8888437-7,Muhammed Ahmad اعوان,1959-01-28,1428066,124209
TAX006673,Muhammad Faisal Chaudhry,,علی Ch.,1978-08-07,918911,47836
TAX006674,فاطمہ Raja,96551-2406559-6,Faisal Raja,1959-06-18,56237,0
TAX006675,Mohammad Faysal ملک,40860-8185222-6,حمزہ Malick,1975-09-02,431526,0
TAX006676,Hamza Choudhary,69704-8555147-9,Hasan Ch.,1959-12-12,962432,54364
TAX006677,Bilal Qureshi,94139-9674788-5,Imran Quraishi,1980-09-11,1313013,106951
TAX006678,Hira چوہدری,,Hassan Ch.,1969-09-26,717784,17667
TAX006679,Hussain Malick,87796-4619574-9,Mohammed فیصل ملک,1997-02-03,583574,0
TAX006680,Hira Raja,24784-2618378-3,Muhammad حمزہ Raja,1978-10-14,536143,0
TAX006681,Mohammed Sayyid,96461-3813684-3,عمران Sayed,1973-03-17,60633,0
TAX006682,Hira مغل,86144-1325701-0,,2002-01-08,616666,2499
TAX006683,Muhammed Ali ملک,43700-5863331-3,Mohammed Hassan Malik,1967-01-06,356755,0
TAX006684,Mohammed Faysal Mughal,85481-3580131-7,Husain مغل,1957-04-08,195056,0
TAX006685,Fatema Mughal,26279-4968374-0,,1993-10-10,1800230,180034
TAX006686,احمد Chaudhry,36823-6198637-2,Ali چوہدری,,549597,0
TAX006687,Hussain Ch.,,فیصل Choudhary,1973-12-18,4032190,514828
TAX006688,Mohammed عثمان Qureshi,38057-4269148-6,Mohammed عثمان قریشی,1972-06-08,591261,0
TAX006689,Hasan Butt,58567-8029258-4,Hassan بٹ,1964-08-07,192763,0
TAX006690,Mohammed Hamzah Mughal,13370-5730534-3,Hasan Mughal,1984-03-09,589551,0
TAX006691,Zainab مغل,67848-3729160-7,Bilal Moghul,1993-09-04,3123589,378538
TAX006692,Mohammed بلال Bhatti,95808-9148918-4,Muhammad حسن Bhatti,1984-06-22,713282,16992
TAX006693,Marium راجہ,57934-2973318-0,عمران راجہ,,129375,0
TAX006694,ثناء Awan,84873-7609895-7,Hussein Awan,1997-08-28,29014,0
TAX006695,Ahmad سید,90393-9060044-0,Mohammed بلال Sayed,2002-07-28,8215156,1142273
TAX006696,Othman Malick,17818-5151827-2,عمران ملک,1994-03-14,511345,0
TAX006697,بلال Syed,31335-6144589-6,Muhammad احمد سید,1999-05-26,393477,0
TAX006698,احمد Awan,86285-7174230-8,,1991-11-17,5884897,792734
TAX006699,Ayisha Moghul,50177-7408386-2,,1977-07-15,3130755,379613
TAX006700,عثمان بٹ,,فیصل Butt,1969-08-10,428826,0
TAX006701,Sana Khan,72110-8208642-8,Muhammad Imran Khan,1968-09-25,274581,0
TAX006702,Faysal Malick,25828-7136035-7,بلال ملک,2002-12-27,1837874,185681
TAX006703,Muhammad Imran خان,38332-6646802-1,عمران Khan,1981-03-23,1338677,110801
TAX006704,Sana راجہ,36891-8306884-7,Bilal راجہ,1981-02-15,1079826,71973
TAX006705,Ali Chaudhary,40922-1759488-2,Muhammad Choudhary,1956-02-26,3411619,421742
TAX006706,Ahmed Sayyid,48943-6172346-0,,1994-01-08,751803,22770
TAX006707,حمزہ Shaykh,49778-4765999-0,Usman Shaykh,1980-10-14,1427293,124093
TAX006708,عثمان Raja,28686-4384823-0,Mohammed راجہ,1980-08-19,832068,34810
TAX006709,Muhammad Bilal چوہدری,,,1966-03-13,3214857,392228
TAX006710,Hamza Qureshi,10486-2965627-1,Faysal Quraishi,1955-09-02,5404943,720741
TAX006711,ثناء Butt,15724-6955880-1,Muhammad Osman Butt,1988-05-17,505614,0
TAX006712,عمران ملک,95320-4130403-7,علی Malick,1975-09-04,649669,7450
TAX006713,Ahmad Syed,54560-1683332-6,عثمان Sayyid,1983-04-28,1925978,198896
TAX006714,Ahmed Quraishi,83958-8808441-4,Ali قریشی,,1284735,102710
TAX006715,علی Chaudhry,83463-3498655-8,حمزہ Choudhary,,1173109,85966
TAX006716,Aysha اعوان,74398-3638060-0,عثمان Awan,1963-10-03,874372,41155
TAX006717,Zainab Khan,40157-6415834-7,,2000-07-19,5483218,732482
TAX006718,Hasan Sayyid,74701-1326254-4,,1961-09-12,424366,0
TAX006719,Mohammad Hasan Malik,33172-3050759-9,بلال ملک,1970-05-13,294449,0
TAX006720,محمد Raja,99885-9742365-6,,1983-09-26,532466,0
TAX006721,Mohammad Ali Butt,72908-3570240-6,Mohammed Imran Butt,1963-12-25,1598558,149783
TAX006722,Imran Chaudhry,21455-7672250-0,Bilal چوہدری,,7849529,1087429
TAX006723,Mohammed Ch.,86963-4880923-7,Hassan Chaudhry,1957-01-20,6756820,923523
TAX006724,Ali بٹ,,Ahmed Butt,1974-06-01,2584521,297678
TAX006725,حسن Bhatti,52961-7838648-9,Ali بٹ,1972-01-04,417187,0
TAX006726,Faysal راجہ,60081-9854497-4,Mohammed Imran Raja,1955-12-17,1068499,70274
TAX006727,علی شیخ,49490-9625454-7,Muhammed Husain Shaikh,1995-04-05,1274605,101190
TAX006728,Mohammed Khan,72117-5776639-7,Muhammed احمد Khan,1991-10-03,197640,0
TAX006729,Mohammad Ahmed Malik,78440-4135716-0,,1978-12-13,3785775,477866
TAX006730,Muhammad Hassan مغل,90493-9028367-0,Husain مغل,1994-03-06,4573497,596024
TAX006731,بلال Malick,88207-9062585-5,Mohammad Ali Malik,1978-05-16,213468,0
TAX006732,ثناء راجہ,91485-5859667-4,Hamzah راجہ,1963-11-12,631240,4686
TAX006733,Ali خان,92270-7068854-5,Mohammad خان,1992-10-01,707944,16191
TAX006734,Hasan خان,49724-8468644-1,,1968-05-09,1058675,68801
TAX006735,Bilal Malick,14344-4394613-6,,1962-03-16,797217,29582
TAX006736,Mohammad Hamzah خان,74342-8146984-0,Ali خان,,3591901,448785
TAX006737,Bilal راجہ,87442-7275883-5,علی Raja,1991-10-04,289118,0
TAX006738,Faisal Malick,73006-1700301-8,Hasan Malik,1964-04-18,981770,57265
TAX006739,Mohammed Raja,14301-1792462-1,,1957-05-15,873721,41058
TAX006740,عمران Malik,59261-1438713-3,Mohammed علی Malick,1981-02-28,216164,0
TAX006741,Muhammad حمزہ Butt,65012-9493297-8,,1982-09-06,120594,0
TAX006742,Hamza خان,46911-8265694-6,Usman Khan,1994-10-19,566143,0
TAX006743,ثناء Syed,54158-6605104-0,Bilal سید,,4365842,564876
TAX006744,Osman شیخ,87772-2373862-1,Faysal Sheikh,1988-07-05,13039791,1865968
TAX006745,Hira اعوان,82871-9307178-4,Mohammed Imran اعوان,1992-12-06,71562,0
TAX006746,Hasan Malik,98478-8697356-9,,1999-02-05,2133705,230055
TAX006747,عثمان چوہدری,23791-8525560-4,Mohammed Faysal Chaudhry,1979-12-10,550828,0
TAX006748,مریم ملک,69677-2739277-4,Muhammad Hassan Malick,1997-11-20,2564393,294658
TAX006749,Ayesha اعوان,10581-6301431-3,Faysal اعوان,1971-08-15,9831266,1384689
TAX006750,Mohammad حسن Chaudhary,22955-5757712-3,حسین Choudhary,1996-06-14,575491,0
TAX006751,Mariam Malik,34587-7251863-7,Hassan Malick,1999-01-07,6463140,879471
TAX006752,Bilal خان,31901-1849424-7,Mohammad Khan,1993-06-28,736208,20431
TAX006753,Mohammad بلال Chaudhary,88682-4798728-8,Hussain Chaudhry,1999-06-15,1314517,107177
TAX006754,حرا Mughal,48221-3216322-5,Muhammad مغل,1971-07-03,88188,0
TAX006755,حسن شیخ,46350-9247344-1,Ahmed Shaykh,1989-06-13,466341,0
TAX006756,ثناء Khan,94413-2415634-3,Ahmed Khan,1966-02-26,4215949,542392
TAX006757,Zaynab Syed,52293-2714755-6,احمد Sayyid,1963-12-25,555586,0
TAX006758,Hira Malik,27863-7589582-3,حسن Malik,1993-04-02,170267,0
TAX006759,حرا Qureshi,28544-3547034-8,حسن Quraishi,1955-01-19,52344,0
TAX006760,Hira Raja,20588-5464823-9,,1999-09-18,23868346,3490251
TAX006761,Ahmad شیخ,92246-1210456-8,,1998-08-07,1620261,153039
TAX006762,Fatema Sayyid,71782-7274327-6,,1979-06-25,580697,0
TAX006763,عمران شیخ,95490-6330230-0,,1973-07-11,965340,54801
TAX006764,Ayesha Malick,97891-9444405-5,Muhammad Imran Malik,1974-10-22,1352430,112864
TAX006765,Imran Butt,46782-5868078-1,Bilal Butt,1988-07-01,521364,0
TAX006766,Fatema بٹ,76872-6675376-0,حسن بٹ,1957-09-07,2272058,250808
TAX006767,Mohammad فیصل خان,18581-6333903-4,علی Khan,1965-02-18,2522339,288350
TAX006768,حسن خان,75788-8770154-4,Osman Khan,1967-05-26,1009625,61443
TAX006769,احمد Khan,84623-1794555-2,Muhammed عثمان Khan,1986-04-23,722333,18349
TAX006770,حرا شیخ,49603-7615719-6,حمزہ Shaikh,1973-07-27,422331,0
TAX006771,عثمان ملک,87699-9577427-1,Husain ملک,1966-08-21,61958,0
TAX006772,حرا Shaikh,75167-6565603-8,Hamza شیخ,1991-09-02,269398,0
TAX006773,Usman Shaykh,83697-7048124-3,Mohammad Shaikh,1970-05-14,1195131,89269
TAX006774,Hira اعوان,43190-1889449-0,Muhammad اعوان,1994-06-07,783497,27524
TAX006775,Marium Chaudhary,89192-4062215-6,Imran Ch.,1986-07-03,2077772,221665
TAX006776,Hussein ملک,58219-4870881-3,بلال ملک,1956-03-18,719539,17930
TAX006777,Marium Quraishi,36090-7266942-9,Mohammed Hussein قریشی,1973-07-27,1665106,159765
TAX006778,Hasan Quraishi,65821-3619469-0,Bilal قریشی,1981-06-05,274698,0
TAX006779,Zainab Qureshi,84065-9548613-0,Muhammed Quraishi,1960-08-23,331155,0
TAX006780,مریم Sayed,52043-7869578-3,Muhammad Syed,1995-12-15,414294,0
TAX006781,Usman Awan,71362-7425576-6,Mohammad Imran Awan,1958-01-26,1841433,186214
TAX006782,Ali Awan,41342-8803535-2,بلال اعوان,2003-06-03,479948,0
TAX006783,بلال Bhatti,91882-8369561-7,فیصل Bhatti,1973-05-27,1043548,66532
TAX006784,Faysal Sheikh,15056-4590890-1,Muhammed عمران Shaikh,2003-03-16,148519,0
TAX006785,Mohammed Ahmad Moghul,72827-8767505-1,Muhammed Moghul,1988-07-13,47541,0
TAX006786,Hamza Moghul,17220-3141739-8,Hasan Moghul,,215964,0
TAX006787,Sana مغل,71866-9625471-6,Faysal Moghul,1955-11-07,664806,9720
TAX006788,Muhammed احمد شیخ,90730-2711056-6,,1960-07-03,3397534,419630
TAX006789,Ahmad راجہ,13029-8451865-3,عثمان راجہ,1977-03-27,583538,0
TAX006790,Mohammad علی Awan,58536-4669516-8,عمران Awan,1968-05-25,574115,0
TAX006791,حرا اعوان,89706-5555138-1,Muhammed عثمان Awan,2003-07-16,1371519,115727
TAX006792,Imran Syed,71026-7832185-2,Osman Syed,1999-12-19,98354,0
TAX006793,Fatima چوہدری,60627-2221768-7,عمران Chaudhry,1991-02-16,4031359,514703
TAX006794,Mohammad Choudhary,43867-2838195-1,Imran Chaudhary,1994-11-10,400405,0
TAX006795,Sana Moghul,79510-7758738-8,,1989-08-18,1841598,186239
TAX006796,Hussein Sayyid,68329-2517415-6,عمران Sayyid,1977-06-03,171434,0
TAX006797,Hamzah Awan,53250-3144880-8,,1977-10-01,593107,0
TAX006798,حرا Malik,23763-6468677-1,بلال Malick,1968-10-23,445920,0
TAX006799,عمران Qureshi,19734-4249819-0,عمران Quraishi,1993-09-28,4160480,534072
TAX006800,احمد Qureshi,76940-8496301-2,Hussein Qureshi,1988-12-07,783341,27501
TAX006801,Mohammad Bilal Awan,61797-9202165-1,علی Awan,1970-10-17,384257,0
TAX006802,Hassan Moghul,90239-7552182-8,عمران مغل,1985-09-20,455221,0
TAX006803,Hussain چوہدری,50605-4551713-6,Mohammed حمزہ Choudhary,1976-03-07,2233066,244959
TAX006804,Bilal چوہدری,12079-9579928-9,حمزہ چوہدری,1967-04-27,498143,0
TAX006805,Hassan خان,28446-5890043-7,Ahmad خان,1991-06-27,765765,24864
TAX006806,Hamzah Awan,,بلال اعوان,1997-04-10,1022792,63418
TAX006807,Sana Butt,84459-8910921-4,احمد بٹ,1968-06-08,1439713,125956
TAX006808,Husain سید,83948-9128111-8,حسن Sayed,1983-01-03,441678,0
TAX006809,Muhammad Malick,76811-5057193-3,Hasan ملک,1960-02-06,650752,7612
TAX006810,ثناء Awan,54505-3900554-7,Bilal اعوان,1997-10-14,2514222,287133
TAX006811,Ali راجہ,74008-8308399-6,حسن راجہ,1983-09-18,760456,24068
TAX006812,حسن Khan,73433-2721947-2,Hassan خان,1999-08-18,691784,13767
TAX006813,حسن Raja,44346-6975882-4,عمران Raja,1964-08-08,184896,0
TAX006814,Husain راجہ,62113-2577693-4,Faysal Raja,1988-08-27,533320,0
TAX006815,عمران شیخ,76202-3486853-9,Mohammad Ali شیخ,,1123123,78468
TAX006816,Hamza Sheikh,55077-7310219-3,Ali Sheikh,1999-06-05,710496,16574
TAX006817,عمران شیخ,96150-5843943-0,علی Shaikh,1968-09-04,2158045,233706
TAX006818,Muhammad فیصل خان,71007-4940255-1,,1967-02-22,122076,0
TAX006819,Mohammed Bilal راجہ,60406-5033350-4,Imran Raja,1993-04-14,253800,0
TAX006820,Muhammed Osman Qureshi,20499-8743566-2,Muhammad حمزہ Qureshi,,939078,50861
TAX006821,زینب Qureshi,66506-5474910-1,حسین قریشی,1993-03-18,1524540,138681
TAX006822,Muhammad Imran Malik,96202-3771871-9,Mohammed Malik,1958-03-24,320998,0
TAX006823,محمد Awan,95584-5089942-6,بلال Awan,1993-01-05,4498848,584827
TAX006824,Ali Raja,33195-6958042-2,Imran Raja,1977-06-06,163216,0
TAX006825,علی Mughal,38379-6624727-2,عمران مغل,,1081574,72236
TAX006826,عثمان Awan,72618-7498746-3,Muhammad Awan,1965-04-27,116114,0
TAX006827,عائشہ خان,12524-5698470-6,عمران Khan,1967-06-05,3674300,461145
TAX006828,Osman خان,57068-3663624-3,حسن Khan,1975-08-02,629348,4402
TAX006829,Mohammed بلال قریشی,27972-9733666-0,Mohammed بلال Quraishi,1999-06-04,888818,43322
TAX006830,Muhammed Ahmad Sheikh,10159-2918539-2,Faysal Sheikh,1982-11-25,190330,0
TAX006831,علی Bhatti,51531-6041072-7,Bilal Butt,1986-02-19,1992649,208897
TAX006832,حمزہ Raja,25545-4947726-2,Othman Raja,1989-09-25,2288343,253251
TAX006833,علی Mughal,10103-8207381-5,,1996-07-13,477695,0
TAX006834,Ahmed شیخ,88476-3560081-8,,1971-12-27,711930,16789
TAX006835,Muhammad علی Mughal,54041-9603356-7,Mohammed Hussein Mughal,1984-05-25,503662,0
TAX006836,Mohammed بٹ,43945-4135588-8,Mohammad Imran Bhatti,1970-04-27,6657854,908678
TAX006837,Ahmad قریشی,32414-8978136-0,Mohammed Ali Qureshi,1971-11-23,350986,0
TAX006838,Mohammed Ali Raja,32926-4688724-4,Hussain Raja,1981-04-23,102082,0
TAX006839,Muhammed Ahmed Moghul,,Hamza Mughal,,348889,0
TAX006840,Muhammed Faysal Khan,70045-8290874-2,Hassan Khan,1986-09-12,615948,2392
TAX006841,Muhammad Hasan خان,75251-6146659-3,Muhammed خان,,3112394,376859
TAX006842,Mariam چوہدری,69233-4920839-9,,1988-10-10,404373,0
TAX006843,Zainab Sayed,26418-7521763-6,Muhammad Hasan Sayyid,1956-06-19,1026429,63964
TAX006844,Mohammed عمران شیخ,,Muhammed حمزہ شیخ,1969-07-24,176217,0
TAX006845,Hasan Quraishi,82164-2456683-7,Osman Quraishi,1996-06-16,296708,0
TAX006846,حرا راجہ,,,2003-01-20,5946554,801983
TAX006847,Muhammad Awan,64945-4520224-8,Mohammed Bilal اعوان,2001-03-08,5647006,757050
TAX006848,Mohammad Malik,80238-1086147-4,Faisal Malik,1978-07-22,1260356,99053
TAX006849,Hira Shaykh,13272-3583415-5,Osman شیخ,1978-08-18,1637266,155589
TAX006850,Fatimah Shaykh,25340-5684200-6,Mohammad Hamzah Shaykh,1974-08-02,709281,16392
TAX006851,Muhammed حمزہ قریشی,91269-1681133-4,Ali Quraishi,1972-05-21,442558,0
TAX006852,Fatimah Bhatti,95291-9360963-4,فیصل Bhatti,1984-05-17,600175,26
TAX006853,Faysal Sayyid,76442-4390668-1,Imran Sayed,1963-02-27,1009787,61468
TAX006854,عمران Quraishi,23724-8351882-9,فیصل Qureshi,1982-04-09,303360,0
TAX006855,Muhammad Syed,,Muhammed Hamza سید,1997-10-26,937974,50696
TAX006856,Faisal Awan,12708-2398002-7,,1966-11-06,748543,22281
TAX006857,Muhammad فیصل راجہ,18162-9591365-5,,1969-03-16,271707,0
TAX006858,Usman قریشی,70945-2529326-8,Muhammad احمد قریشی,1998-11-20,975923,56388
TAX006859,Mariam سید,11020-6678109-3,Mohammad Hussain سید,2003-10-21,653403,8010
TAX006860,Hussain Quraishi,24114-6983593-9,Muhammad عمران Quraishi,1971-06-12,293587,0
TAX006861,Fatema Chaudhary,69692-2645280-4,Muhammad Chaudhary,1961-09-21,1258185,98727
TAX006862,Faysal Bhatti,99354-5837757-6,Faisal Butt,2002-08-06,3518654,437798
TAX006863,Hussein Raja,43460-2675216-7,Muhammed Usman راجہ,1986-03-07,803402,30510
TAX006864,Muhammad علی Syed,46048-7428282-5,Osman سید,1960-08-24,392738,0
TAX006865,Muhammed Ali Ch.,36509-3593080-5,Bilal Ch.,1976-09-09,1441122,126168
TAX006866,حمزہ Sayed,79124-8925293-4,Ali Sayyid,1995-06-20,745143,21771
TAX006867,Muhammed Usman Mughal,18349-6869033-8,Muhammad Moghul,1987-05-19,8146169,1131925
TAX006868,Hamzah سید,73351-4779772-8,,1963-05-18,205730,0
TAX006869,عثمان Mughal,24684-7854341-9,Muhammed Hasan Mughal,1969-08-12,3624420,453663
TAX006870,Bilal Malik,32505-7576333-9,Mohammed فیصل Malick,1978-04-16,98126,0
TAX006871,Hussein خان,99667-2489484-9,حسین Khan,1995-02-06,129670,0
TAX006872,Hamzah خان,92463-4223656-1,Faysal Khan,1966-07-23,1265460,99819
TAX006873,Imran Mughal,21652-8628624-4,Hussein Mughal,1994-05-12,3705132,465769
TAX006874,Marium Chaudhary,22724-2797610-2,,1991-07-03,939146,50871
TAX006875,Muhammad Khan,28017-4101157-7,Ahmed Khan,1989-03-05,460244,0
TAX006876,Faisal بٹ,74402-6773923-0,Hamza Butt,1978-01-28,464716,0
TAX006877,Ali Shaikh,24248-5701812-1,احمد Shaikh,1980-08-07,752321,22848
TAX006878,Hira Bhatti,61863-9374143-6,Muhammad احمد Butt,1974-07-25,141876,0
TAX006879,Hamza اعوان,86510-4535421-9,,1962-01-20,73084,0
TAX006880,فیصل اعوان,54193-3584820-7,حسن اعوان,2002-07-16,638372,5755
TAX006881,Othman Khan,43183-5615819-2,Husain خان,1967-09-08,369542,0
TAX006882,Faisal Khan,26076-4215188-6,Othman Khan,,179929,0
TAX006883,Muhammed Bilal Malick,53540-6809518-4,,1982-10-23,1387992,118198
TAX006884,Muhammad اعوان,96392-3624710-3,Osman اعوان,,336931,0
TAX006885,Hussein Qureshi,31873-9276201-8,Muhammad Faysal Qureshi,1966-12-22,542417,0
TAX006886,Mohammed Hussain Awan,30746-9688391-9,,1991-10-06,626787,4018
TAX006887,Imran خان,94625-1733421-8,حسین Khan,1982-02-15,7079505,971925
TAX006888,Zainab Moghul,77329-8515649-8,Muhammed عمران Moghul,2003-09-11,1163607,84541
TAX006889,عمران ملک,86951-7606171-5,Mohammed Hamza Malick,1964-08-04,741516,21227
TAX006890,عمران ملک,42668-6832474-8,Muhammed Malick,1990-01-12,1926015,198902
TAX006891,Bilal Ch.,33597-3765581-9,عمران Ch.,1960-02-17,5191956,688793
TAX006892,عمران Khan,76275-1849198-3,عمران Khan,1997-07-11,3001355,360203
TAX006893,حرا Sayyid,95607-6731429-7,Othman Sayed,1961-09-09,1267579,100136
TAX006894,Hasan راجہ,90828-1315301-0,بلال راجہ,1980-07-08,2982847,357427
TAX006895,Osman Raja,10623-3156223-2,Mohammed Hassan راجہ,1985-12-16,535967,0
TAX006896,Othman Khan,87306-6928830-2,علی خان,1963-05-21,538373,0
TAX006897,Mariam مغل,28542-1191804-5,عمران Mughal,1977-10-06,3413488,422023
TAX006898,Muhammed Ahmad Ch.,97075-5046065-7,,1964-10-16,294341,0
TAX006899,حسین خان,67244-9511303-0,Muhammed عمران خان,1962-05-26,2388590,268288
TAX006900,Osman Quraishi,95242-8198884-6,Usman Qureshi,1973-01-26,208539,0
TAX006901,Muhammad حمزہ Khan,92301-2848723-1,Hasan Khan,1965-08-21,799961,29994
TAX006902,Osman Syed,92713-6468796-7,Imran سید,,2274452,251167
TAX006903,Hira Chaudhary,85602-5696245-0,Ali Choudhary,2002-01-16,1857938,188690
TAX006904,Maryam Malick,17556-2647307-6,Hussein ملک,1996-07-02,1849610,187441
TAX006905,Muhammed Ahmad Moghul,28296-7566177-5,Hamza مغل,1976-06-06,294630,0
TAX006906,Hamza Syed,37029-1670985-2,Ali Sayyid,1991-04-27,2907622,346143
TAX006907,Ahmad Malik,13800-9656166-8,بلال Malik,1996-03-25,6736335,920450
TAX006908,Ali Khan,78524-2188728-8,حسن خان,1966-06-06,798886,29832
TAX006909,Muhammad حسن Malik,65945-3212574-1,Mohammed Osman Malik,1996-12-28,491666,0
TAX006910,Maryam Malick,11379-2271714-2,Husain Malik,1987-05-28,3403302,420495
TAX006911,Hussain بٹ,59454-2107257-8,Muhammad فیصل Bhatti,1956-08-23,1528570,139285
TAX006912,Osman Shaykh,83948-4284689-7,علی Sheikh,1981-10-20,1638289,155743
TAX006913,Mohammad Hasan Shaykh,78596-6438840-3,Hamza شیخ,1971-09-12,1904724,195708
TAX006914,حمزہ Sayed,35619-4208279-6,فیصل Sayyid,1968-10-01,726999,19049
TAX006915,Fatimah Khan,15641-2318409-2,Mohammad Othman Khan,1984-04-16,591181,0
TAX006916,Mohammed Ahmed خان,70218-4896702-3,,1957-07-13,2981511,357226
TAX006917,Ayisha قریشی,48607-4255288-5,Hassan Qureshi,1978-07-11,5158255,683738
TAX006918,Ayesha Quraishi,51187-6627846-7,Hussein Quraishi,1955-05-09,1406556,120983
TAX006919,Hamza Malik,96501-9599168-3,,1991-01-17,2542595,291389
TAX006920,حسین Malik,57775-8183483-7,Hassan ملک,1990-06-28,1590785,148617
TAX006921,محمد ملک,41735-1586562-5,حسن Malik,1966-02-12,107041,0
TAX006922,Fatima Syed,10054-3174667-4,,2000-02-27,5106071,675910
TAX006923,Faisal Butt,75802-4960525-1,,1969-04-17,556834,0
TAX006924,Ahmad خان,82038-3101625-2,حمزہ Khan,1997-06-07,143014,0
TAX006925,عمران Awan,71114-6182008-4,,1980-04-06,242222,0
TAX006926,Mohammad Choudhary,61968-8591839-7,Imran Ch.,2000-02-16,2671857,310778
TAX006927,علی شیخ,72465-2360495-1,Hussain Sheikh,1960-09-16,368080,0
TAX006928,مریم Awan,29845-7378008-5,,1984-10-17,682389,12358
TAX006929,Fatimah خان,22819-2890835-1,,1966-04-02,696447,14467
TAX006930,عمران چوہدری,59799-2011596-3,Hussain Chaudhry,1980-04-26,123849,0
TAX006931,ثناء Moghul,42479-7778538-7,Hassan Mughal,,155565,0
TAX006932,Sana Moghul,67818-8545004-0,Muhammad Mughal,1961-08-24,1400459,120068
TAX006933,Ali Shaikh,72089-6183469-0,Ali Sheikh,1987-03-08,415932,0
TAX006934,Muhammed Choudhary,17747-2387799-8,احمد Chaudhry,1987-02-01,1130914,79637
TAX006935,Usman خان,42513-2109624-2,محمد Khan,1974-05-14,487680,0
TAX006936,ثناء قریشی,42268-7667005-6,Usman قریشی,1971-06-11,689362,13404
TAX006937,Muhammad Imran Khan,51209-6692559-4,حسین خان,,1540636,141095
TAX006938,علی Moghul,61548-1430726-8,Ahmed Moghul,1958-10-19,1436244,125436
TAX006939,علی Awan,,Muhammad علی اعوان,1971-03-16,195513,0
TAX006940,علی بٹ,12516-5330944-8,Mohammed Ahmed Butt,,4455980,578397
TAX006941,Muhammad Ahmad راجہ,32199-5691605-9,Hassan Raja,1972-08-08,584220,0
TAX006942,Hamza اعوان,67338-4903069-8,,1978-11-23,1326620,108993
TAX006943,عمران Khan,92848-4143147-2,Osman Khan,1990-08-28,801484,30222
TAX006944,Fatimah Syed,94182-9219379-6,Muhammad Ali Syed,1963-10-16,74133,0
TAX006945,عمران Sheikh,57504-4811313-7,علی Shaikh,1972-03-02,463646,0
TAX006946,عثمان Raja,31563-3478540-7,,1999-04-12,986982,58047
TAX006947,فیصل ملک,50562-4212614-4,Faysal ملک,2001-07-15,300328,0
TAX006948,Fatima راجہ,92845-2597513-1,Muhammad علی Raja,1987-02-04,4369557,565433
TAX006949,Muhammad Ahmad Chaudhry,94982-1683429-5,Mohammad علی Choudhary,1955-07-07,2691261,313689
TAX006950,Hasan Bhatti,43157-1502502-2,Muhammed احمد بٹ,1983-08-06,650171,7525
TAX006951,Hamzah Shaikh,67021-5335191-3,,1959-02-16,436779,0
TAX006952,Zainab Malick,27653-9558933-7,محمد ملک,1971-09-11,1728677,169301
TAX006953,Imran Mughal,29813-7291767-1,فیصل مغل,1982-10-16,2828394,334259
TAX006954,Bilal راجہ,55077-5445370-1,احمد Raja,1988-05-24,2159242,233886
TAX006955,Hira Butt,91900-8516489-9,Ahmad بٹ,1980-12-04,3414368,422155
TAX006956,Mohammed Ali اعوان,11956-1843854-1,Mohammed Usman اعوان,1986-04-24,580366,0
TAX006957,احمد Mughal,43587-4522926-7,عثمان مغل,1985-05-14,140773,0
TAX006958,Hamzah Chaudhry,18248-6144263-4,علی Choudhary,1959-01-06,1062945,69441
TAX006959,Ahmed Sayed,50156-4517941-6,Mohammed Ahmad Sayed,1994-04-11,543123,0
TAX006960,Mohammad Husain Khan,82742-4496417-8,Ahmad Khan,1998-04-11,227949,0
TAX006961,Muhammad Bilal Shaykh,15349-4113084-1,Hamza شیخ,1983-01-05,900017,45002
TAX006962,Muhammed بلال Mughal,87660-2675280-0,Faisal مغل,1993-03-22,543353,0
TAX006963,Imran مغل,76549-3714390-5,,1985-12-10,4728671,619300
TAX006964,Othman قریشی,56806-4208438-4,بلال قریشی,,6975455,956318
TAX006965,احمد Moghul,39082-7912453-1,Mohammed حسن مغل,1986-08-11,643120,6468
TAX006966,Faisal ملک,42723-7367501-8,عثمان ملک,1990-07-22,8766218,1224932
TAX006967,Ahmad ملک,89182-4662083-9,علی Malick,2000-11-02,627133,4069
TAX006968,Mariam Khan,88716-7111249-4,Muhammed Khan,,846389,36958
TAX006969,Ahmad Bhatti,83122-4176926-0,,1989-07-02,298057,0
TAX006970,عثمان ملک,25360-3204008-1,عمران ملک,,2698420,314763
TAX006971,Muhammad Husain Mughal,81733-3967013-4,Hassan مغل,1967-07-27,6955718,953357
TAX006972,Hira Choudhary,57364-4994179-6,بلال Chaudhry,1990-03-22,2336015,260402
TAX006973,عمران Chaudhry,65563-2111696-1,Mohammad حمزہ Choudhary,1973-10-27,428383,0
TAX006974,Mariam Awan,,Mohammed حسین Awan,1973-04-08,5260077,699011
TAX006975,Muhammad Hamza Quraishi,82316-1388980-0,,1994-04-22,840683,36102
TAX006976,Muhammad Ahmad Butt,80648-2764258-0,علی Butt,1975-01-16,1675090,161263
TAX006977,Hamza Ch.,10628-4060130-0,Bilal Choudhary,1985-12-24,306107,0
TAX006978,Mohammad عمران Sheikh,43388-7978779-9,بلال Shaykh,1986-07-16,2372349,265852
TAX006979,عمران سید,81623-8930803-8,Mohammad عمران Syed,1998-11-16,238747,0
TAX006980,Imran Malik,44950-7301289-5,حمزہ ملک,,2784977,327746
TAX006981,حسین مغل,50401-7853612-9,Muhammed مغل,1965-06-20,244961,0
TAX006982,Bilal Syed,20281-9170414-4,Imran Sayed,1992-01-19,392153,0
TAX006983,حسن Khan,73461-9539806-3,Hassan Khan,1965-11-02,22762,0
TAX006984,حرا Malik,72908-2033129-3,احمد ملک,,1722865,168429
TAX006985,علی ملک,54831-3381625-5,علی Malik,1999-09-10,249204,0
TAX006986,Fatimah Shaikh,19302-9085031-0,عثمان شیخ,1958-08-11,408425,0
TAX006987,Hamza مغل,18448-3663468-6,Hussein Moghul,,905398,45809
TAX006988,Aisha Qureshi,65137-9622148-6,بلال Quraishi,,695135,14270
TAX006989,حرا ملک,45030-8852413-6,Mohammed Ali Malik,1963-03-03,3233300,394995
TAX006990,حرا Malick,56918-3167795-6,بلال Malick,1977-04-07,492403,0
TAX006991,Fatima Moghul,43660-8986398-5,Osman مغل,1982-09-22,710773,16615
TAX006992,Mohammad علی اعوان,83722-6605094-5,Ahmed Awan,1982-09-22,878211,41731
TAX006993,Mohammed Ahmad Raja,46786-7000176-6,Husain راجہ,1995-09-23,2148719,232307
TAX006994,Hira Sayyid,55321-7988274-4,Mohammed Sayyid,1975-09-16,3421556,423233
TAX006995,علی خان,82547-4629675-6,,1962-03-09,1797190,179578
TAX006996,Hasan Awan,81226-9212319-2,Hussain Awan,,1966583,204987
TAX006997,Ali بٹ,43691-1100701-5,محمد بٹ,1999-05-19,3876344,491451
TAX006998,Muhammad عمران Malik,40431-8530993-9,Hamzah Malik,1998-11-28,1114561,77184
TAX006999,Muhammad Hamza Bhatti,97051-7946496-5,Hussain بٹ,1990-09-11,448665,0
TAX007000,Mohammed علی ملک,97608-4406094-4,Mohammed Malick,,996151,59422
TAX007001,Fatima Sheikh,84281-4147258-4,عمران شیخ,1985-06-12,855540,38331
TAX007002,Usman مغل,92814-8311065-3,علی مغل,1970-09-27,581695,0
TAX007003,Faysal اعوان,30303-5708545-4,Ahmad اعوان,,113698,0
TAX007004,Maryam Awan,64099-3323249-1,محمد اعوان,1964-08-08,1292591,103888
TAX007005,Mohammed اعوان,29684-5921957-7,Osman Awan,1981-08-28,107220,0
TAX007006,حرا Awan,18939-5407322-7,Hussain Awan,2003-06-28,902086,45312
TAX007007,Hussain Raja,46048-8487780-9,Faysal راجہ,,3279880,401982
TAX007008,Zainab Bhatti,68745-1939805-6,حمزہ Bhatti,1990-04-13,906995,46049
TAX007009,بلال Mughal,,بلال مغل,1970-12-02,4421838,573275
TAX007010,Hassan Moghul,56014-5459629-3,احمد Moghul,1979-11-15,567267,0
TAX007011,Hussain Khan,28738-3788703-2,Husain Khan,1958-11-26,6728684,919302
TAX007012,حرا Sayyid,43124-1753489-6,Hussein سید,,260602,0
TAX007013,Mariam چوہدری,10583-4423279-3,احمد چوہدری,,1395481,119322
TAX007014,ثناء Khan,60766-8458555-7,Osman Khan,1989-04-04,509271,0
TAX007015,علی Mughal,54017-3555994-9,بلال Mughal,1971-09-22,1483876,132581
TAX007016,Faysal Raja,92035-7846790-1,Ahmad Raja,,301970,0
TAX007017,Muhammad Osman Butt,66491-4098023-5,Usman Bhatti,2000-09-02,1159763,83964
TAX007018,Hamza راجہ,72531-3503974-8,عمران راجہ,1984-04-14,100308,0
TAX007019,Mohammed Choudhary,56747-4949241-9,Faisal Chaudhry,1975-03-11,1110281,76542
TAX007020,Fatimah ملک,14154-9917855-6,حسن Malik,1967-12-03,358240,0
TAX007021,Faisal Choudhary,51601-1845897-1,محمد Ch.,1968-09-02,292344,0
TAX007022,Imran Awan,26348-4025139-4,Husain اعوان,1962-09-20,2054308,218146
TAX007023,Muhammad Ali شیخ,20989-6847131-5,احمد Shaikh,1975-02-11,1772331,175849
TAX007024,Mohammed Hussein Raja,90886-9768434-7,Ahmed راجہ,1960-10-14,351623,0
TAX007025,Muhammed Ali Malik,65456-7648830-1,,,444024,0
TAX007026,زینب Sheikh,28911-1132107-4,Mohammad Ali شیخ,1973-01-17,93616,0
TAX007027,Ayesha مغل,65576-6219148-4,,,1523028,138454
TAX007028,Faisal Khan,91107-2393474-3,Faisal Khan,1958-05-04,471057,0
TAX007029,بلال Choudhary,46795-8824629-6,حمزہ Choudhary,1967-01-02,455213,0
TAX007030,بلال Butt,92847-2252651-5,Muhammad Imran Bhatti,1999-06-07,548701,0
TAX007031,مریم Butt,20171-5891880-5,Ali بٹ,,1241548,96232
TAX007032,Ahmad مغل,63698-2252448-6,Mohammed Usman مغل,,3081158,372173
TAX007033,Bilal چوہدری,33832-4870538-7,بلال Chaudhary,1968-05-11,2860629,339094
TAX007034,بلال Ch.,53603-3101283-2,Muhammad Hamza Chaudhry,1999-08-09,963734,54560
TAX007035,Maryam Sayyid,84221-7832393-5,Mohammed Hussain Sayed,1977-12-24,1967578,205136
TAX007036,Othman Butt,54254-2163194-7,Mohammad بلال Butt,1974-03-10,59020,0
TAX007037,Fatimah راجہ,81436-8958248-6,Ahmad Raja,1955-01-22,823814,33572
TAX007038,Hamza خان,82523-8199517-1,,1960-12-20,547408,0
TAX007039,عمران خان,78103-3659063-0,Mohammed Bilal Khan,1973-07-01,647391,7108
TAX007040,Bilal Raja,80009-7887875-0,احمد راجہ,1977-09-01,1411449,121717
TAX007041,Imran سید,71569-6602520-0,Hussain Sayed,1974-07-09,263014,0
TAX007042,Mohammad Awan,16146-8833930-8,Muhammed Awan,2003-03-18,1105224,75783
TAX007043,Faisal Raja,90220-9977495-8,Faisal Raja,1976-04-16,4309341,556401
TAX007044,ثناء چوہدری,24493-2205953-0,عثمان Chaudhary,,712181,16827
TAX007045,Ayesha Khan,28298-7036162-1,عمران Khan,1987-07-21,3108668,376300
TAX007046,عمران Malick,79249-4591440-5,Muhammad Malik,1965-07-25,1346221,111933
TAX007047,ثناء خان,68776-4725898-0,,,291165,0
TAX007048,Hasan Khan,54631-5527909-1,Muhammad خان,1955-04-04,1230780,94617
TAX007049,فاطمہ Malik,33065-4301824-8,,1980-06-03,5360160,714024
TAX007050,Muhammad Hasan شیخ,30898-3562618-8,حسین Shaikh,1955-07-10,196624,0
TAX007051,عثمان Sheikh,89612-5394135-1,Faysal شیخ,1984-04-11,585253,0
TAX007052,Muhammad Imran Quraishi,28201-4390864-1,Faisal Qureshi,1977-02-06,2787718,328157
TAX007053,Imran اعوان,89558-9157978-0,Mohammad Imran Awan,1983-05-25,1195106,89265
TAX007054,Muhammad Mughal,,Muhammed Usman مغل,1979-11-21,918166,47724
TAX007055,Imran Shaikh,,Ahmad Sheikh,1976-01-17,657594,8639
TAX007056,Imran سید,,Hassan Sayyid,1977-06-26,101869,0
TAX007057,Hamzah Raja,21399-5731897-5,Hamza Raja,1973-08-08,319027,0
TAX007058,Sana قریشی,72819-2308806-6,Hassan Qureshi,1974-05-16,950312,52546
TAX007059,حسن Malik,67685-6792034-7,Othman ملک,1970-01-21,456578,0
TAX007060,Hasan اعوان,45475-9347139-1,حسن اعوان,1959-05-27,253370,0
TAX007061,Sana Shaikh,84376-3143301-8,Mohammad Ali Sheikh,1998-11-15,1038396,65759
TAX007062,Mohammed Awan,44255-8403972-5,حمزہ Awan,2001-01-25,436154,0
TAX007063,Zaynab Malik,74904-6166674-5,Mohammad ملک,1961-11-27,2673484,311022
TAX007064,Muhammad Usman مغل,42468-2205917-8,Mohammad Osman مغل,1985-12-03,356040,0
TAX007065,Zainab Malik,43071-8500839-8,Muhammed Usman Malick,1990-10-10,186716,0
TAX007066,Faysal Awan,20933-1362556-8,,1999-12-16,292737,0
TAX007067,Husain شیخ,49056-2998850-3,Faisal Shaykh,,1963746,204561
TAX007068,فیصل Khan,68312-3063855-8,Muhammed Bilal خان,1999-08-08,966714,55007
TAX007069,Fatimah Sayed,90763-4019092-4,Muhammed احمد Sayyid,1977-02-08,2242716,246407
TAX007070,Hamzah Butt,98538-8753677-1,حسن Butt,1995-12-14,257157,0
TAX007071,Mohammad احمد راجہ,12378-9766292-1,بلال راجہ,1972-09-16,1086507,72976
TAX007072,Fatima Mughal,51199-2710922-7,,,1882309,192346
TAX007073,Othman Sheikh,99895-8600503-0,,2003-07-11,634912,5236
TAX007074,Faisal شیخ,34855-9481033-2,Faysal Shaykh,,11332840,1609926
TAX007075,علی قریشی,81799-9762997-7,,2002-03-05,1349067,112360
TAX007076,Husain Syed,65645-2861306-6,بلال Sayed,1994-11-22,388283,0
TAX007077,محمد اعوان,38239-2973108-4,,1971-12-25,5163740,684561
TAX007078,زینب Choudhary,62517-3688410-9,Muhammad بلال Choudhary,1961-02-25,3018008,362701
TAX007079,Muhammed Hassan Moghul,82580-4257648-8,Mohammad Faysal Mughal,1963-02-14,2133260,229989
TAX007080,Muhammed Husain Malik,63153-8965333-3,Imran ملک,1997-11-14,641332,6199
TAX007081,Othman Syed,,حمزہ سید,1998-06-14,472891,0
TAX007082,Muhammed حسن Chaudhry,42295-2097976-2,Mohammed Hussein Choudhary,1981-12-16,319560,0
TAX007083,Hira چوہدری,10339-9446110-4,,1987-05-18,3504280,435642
TAX007084,Sana راجہ,27222-3798215-1,Mohammed علی راجہ,1973-10-12,598552,0
TAX007085,Faysal Moghul,30011-6603589-3,,,889880,43482
TAX007086,Usman Malik,87675-6544758-2,Hamzah Malick,1985-09-26,376152,0
TAX007087,Mohammad بٹ,56097-1945665-4,Bilal Butt,1996-12-08,1347838,112175
TAX007088,حسن Shaikh,80303-1650801-8,بلال شیخ,1980-04-23,8819359,1232903
TAX007089,Aisha اعوان,69519-5832683-6,Bilal Awan,1965-12-25,474502,0
TAX007090,Bilal سید,44596-5580985-6,فیصل Sayyid,1986-09-19,4025321,513798
TAX007091,Hussein Awan,29846-7857332-2,Othman Awan,1983-09-20,378747,0
TAX007092,Hira Raja,63183-2287782-9,علی Raja,,828431,34264
TAX007093,Hira Sayed,25159-6858319-6,Osman Sayed,,1634957,155243
TAX007094,علی Sayed,72000-2777050-4,Ahmed Sayyid,2001-02-22,1131185,79677
TAX007095,Mariam Syed,10644-2613369-8,,1978-08-26,1219475,92921
TAX007096,Muhammad حمزہ Khan,18128-2156280-4,,1955-07-28,471869,0
TAX007097,Mohammad Husain Sayed,72025-6516881-5,Usman Sayyid,1966-07-23,8159800,1133970
TAX007098,Mohammed Usman Qureshi,87901-2169667-9,Mohammed قریشی,1984-10-18,25198,0
TAX007099,Hamzah Butt,82413-2277785-8,Muhammad Butt,,3680073,462010
TAX007100,Fatema Mughal,53468-4720253-2,علی مغل,1960-08-27,1398636,119795
TAX007101,بلال بٹ,61938-4104997-1,Faysal بٹ,1986-07-09,423578,0
TAX007102,Ali Awan,93270-7277372-1,حسین اعوان,2001-12-05,808697,31304
TAX007103,Hamzah راجہ,79238-7737206-5,Osman راجہ,1964-01-18,2395421,269313
TAX007104,مریم Mughal,19505-8479934-0,محمد مغل,1997-01-04,1036425,65463
TAX007105,Muhammad حمزہ قریشی,31082-2057238-8,Muhammed قریشی,1988-02-27,944051,51607
TAX007106,Bilal خان,85171-7865965-2,عمران خان,1982-09-22,411900,0
TAX007107,Hussain بٹ,97204-9333417-5,حمزہ Butt,1958-07-04,178538,0
TAX007108,Bilal Raja,64811-3944755-0,Mohammad Hussain راجہ,1968-11-15,7864054,1089608
TAX007109,Mohammed عمران ملک,12513-4129137-6,,1964-12-12,584907,0
TAX007110,Sana خان,35990-5443257-4,عمران خان,1998-01-21,494892,0
TAX007111,Fatema بٹ,69723-2127764-7,Faisal Butt,2000-09-27,3099706,374955
TAX007112,Mohammad Faysal Bhatti,47613-4287455-1,عثمان بٹ,1966-01-27,2235765,245364
TAX007113,Osman راجہ,87358-3358392-5,Ahmad Raja,,392900,0
TAX007114,Mariam Shaikh,62284-5619753-1,,1958-02-05,611675,1751
TAX007115,Muhammed فیصل Shaikh,92424-4917014-1,,1987-04-23,423896,0
TAX007116,عثمان Chaudhry,91715-9951405-5,,1994-07-12,285484,0
TAX007117,Mohammad Hussein خان,90210-9197540-7,Bilal خان,1989-10-16,191893,0
TAX007118,حسن Shaykh,49154-2929269-9,Usman Sheikh,1955-01-01,3441544,426231
TAX007119,Sana Ch.,20880-9498705-9,Hassan چوہدری,1966-01-20,984228,57634
TAX007120,Bilal Qureshi,51392-3823938-3,Bilal Quraishi,1981-03-14,1400541,120081
TAX007121,Hamzah Awan,69757-9986534-9,,1969-08-23,235909,0
TAX007122,Hussein راجہ,71318-7550974-6,Hasan راجہ,1964-06-24,842862,36429
TAX007123,حسین مغل,27744-6898937-2,Muhammed Ali مغل,1988-01-08,1732617,169892
TAX007124,Mohammad فیصل راجہ,30370-6739126-3,Mohammed عثمان راجہ,1964-04-10,288022,0
TAX007125,Hira Malick,,Imran Malik,,2340922,261138
TAX007126,Bilal Quraishi,57052-3240610-8,Hussein قریشی,1970-01-10,890591,43588
TAX007127,Muhammad Ali بٹ,57164-3666396-2,Muhammed Butt,1969-10-10,1067715,70157
TAX007128,Muhammed Hasan Chaudhary,59063-5937992-3,حمزہ چوہدری,1989-03-27,1285827,102874
TAX007129,Osman Mughal,79770-4178634-8,Osman Mughal,,112259,0
TAX007130,Hira مغل,61523-9277293-6,Muhammed Moghul,1966-05-10,1741509,171226
TAX007131,Muhammed Hussain Chaudhry,51625-5548779-8,Muhammad Imran Ch.,1955-04-16,1717329,167599
TAX007132,Sana Raja,48946-2292369-5,Mohammad Raja,1978-07-18,72981,0
TAX007133,Mohammad عمران Sayyid,42948-9959149-5,Muhammad Ali Sayyid,,863671,39550
TAX007134,Ali Sheikh,84287-3861972-4,,2002-03-27,631722,4758
TAX007135,عمران Malik,74999-7152671-5,Ali ملک,1978-09-19,203578,0
TAX007136,Othman Moghul,40054-8499179-4,Ahmed Mughal,1999-02-22,332977,0
TAX007137,حسن Mughal,24275-7718230-7,,1983-05-22,358729,0
TAX007138,Ali Khan,53523-5509049-4,Muhammad Ali Khan,1970-09-20,2653289,307993
TAX007139,Hamza قریشی,36999-8812106-4,Mohammed Qureshi,1963-11-16,1196004,89400
TAX007140,Bilal Sheikh,28498-3755204-7,Othman Shaykh,1961-06-18,663002,9450
TAX007141,علی Ch.,56281-2832228-4,,1974-07-19,1971452,205717
TAX007142,Faisal مغل,45692-2507685-2,Hussein Moghul,,12489688,1783453
TAX007143,فیصل Malick,28413-2297913-9,حمزہ ملک,1972-03-14,2230224,244533
TAX007144,Ahmed Malick,37242-5259665-6,بلال ملک,1956-04-17,3598373,449755
TAX007145,Ahmed اعوان,72704-2508135-8,Muhammad اعوان,1969-07-26,954050,53107
TAX007146,حمزہ Moghul,85001-1721735-3,Ali Mughal,2002-09-22,3065781,369867
TAX007147,عائشہ راجہ,14362-7374461-7,احمد راجہ,1972-09-28,1632624,154893
TAX007148,Usman Chaudhry,23365-1494666-7,Hasan Choudhary,1998-06-12,462745,0
TAX007149,محمد سید,31090-9605284-8,Mohammed Faisal Sayed,,588510,0
TAX007150,Muhammad Faysal Sayyid,53613-1388608-8,Muhammed Imran سید,1965-10-01,975289,56293
TAX007151,Ayisha Mughal,95394-2884733-6,Mohammed بلال Moghul,1979-07-11,204411,0
TAX007152,بلال Shaykh,54050-6647854-3,عمران Shaykh,1960-11-02,877608,41641
TAX007153,علی مغل,62064-6293901-8,Mohammed Usman مغل,1961-04-16,5650528,757579
TAX007154,Fatimah Awan,56506-9799664-1,Hussein Awan,1969-01-05,330820,0
TAX007155,عثمان Mughal,30401-9140375-4,بلال Mughal,1997-12-14,451074,0
TAX007156,ثناء Qureshi,38504-8006376-0,Othman Qureshi,1987-08-18,135604,0
TAX007157,Fatimah Moghul,89180-7552808-4,Mohammad Moghul,1987-03-04,2824653,333697
TAX007158,Imran خان,53811-8177240-3,احمد Khan,1989-09-16,2873870,341080
TAX007159,ثناء Raja,33348-4200075-5,احمد Raja,1992-07-24,638422,5763
TAX007160,Aysha Quraishi,56446-9462383-1,Muhammed حسین Quraishi,,1681180,162177
TAX007161,Muhammad Ali Shaikh,53850-9004828-5,Hassan شیخ,1987-01-19,2965503,354825
TAX007162,Faisal خان,,Husain خان,1961-12-25,1396472,119470
TAX007163,Faysal اعوان,07328-3858493-9,Muhammed Hasan Awan,1998-07-06,660806,9120
TAX007164,Husain Khan,42571-8379028-3,Ali خان,1979-01-18,2360710,264106
TAX007165,عمران اعوان,89258-7186758-6,عثمان Awan,1980-07-12,1027596,64139
TAX007166,Muhammad Shaykh,59791-6639831-8,Mohammed Shaykh,1955-01-21,660011,9001
TAX007167,Mohammed Bilal راجہ,97875-6187757-1,Bilal Raja,1977-11-04,970551,55582
TAX007168,فیصل Moghul,83874-8782576-3,Mohammed Hassan Moghul,1958-11-23,1514740,137211
TAX007169,Sana Mughal,73289-9273344-7,Mohammed مغل,1974-03-12,1107106,76065
TAX007170,Muhammad Faysal Moghul,86562-1888271-3,Mohammed Moghul,1981-10-12,191389,0
TAX007171,Mohammad فیصل Awan,50955-6429944-1,Imran اعوان,1986-04-13,749626,22443
TAX007172,Husain Ch.,86531-3981311-0,Ali Choudhary,2000-02-08,129873,0
TAX007173,علی بٹ,35894-9398554-3,Ali Bhatti,1987-01-06,1002411,60361
TAX007174,Hira چوہدری,96002-5294883-1,احمد Chaudhry,1983-04-25,1768658,175298
TAX007175,عثمان راجہ,,,1975-08-09,560235,0
TAX007176,Bilal Bhatti,18857-1952031-5,Mohammed حسن Butt,2001-07-28,539891,0
TAX007177,Hassan چوہدری,80561-9959993-0,Faysal Chaudhry,1955-08-12,691273,13690
TAX007178,Muhammed حسن Syed,38704-1763563-1,Ahmad Sayyid,2001-12-14,212572,0
TAX007179,Zaynab ملک,76867-2365932-3,Othman ملک,2001-12-16,443179,0
TAX007180,Ahmed Malick,87213-3854679-1,Imran Malik,1970-02-23,237180,0
TAX007181,زینب Quraishi,20901-9772782-7,عمران Qureshi,1982-04-17,1923219,198482
TAX007182,Mariam شیخ,86124-6784521-0,Hassan Sheikh,1975-06-17,3104955,375743
TAX007183,Usman Chaudhry,51783-6597721-7,,1993-08-22,1610521,151578
TAX007184,Maryam مغل,50100-4079326-2,محمد مغل,1965-05-09,3948490,502273
TAX007185,علی چوہدری,27059-5514220-0,,,1734544,170181
TAX007186,ثناء قریشی,,Bilal Quraishi,,482464,0
TAX007187,Sana Syed,12004-2487572-5,Faisal سید,,941004,51150
TAX007188,عمران Bhatti,92453-4098236-6,Mohammad حسین Butt,1956-06-27,4142551,531382
TAX007189,Ahmad Mughal,58031-7009254-2,احمد مغل,1973-07-05,491580,0
TAX007190,Faisal ملک,63537-8047801-4,محمد ملک,1958-08-05,1669072,160360
TAX007191,Osman راجہ,30208-9924386-2,Imran راجہ,1975-11-20,1093808,74071
TAX007192,حمزہ Raja,16662-6118781-8,بلال Raja,1990-01-10,999985,59997
TAX007193,Mohammad Mughal,24192-7465763-9,علی Mughal,1959-08-16,7539190,1040878
TAX007194,مریم ملک,88961-4972020-0,Muhammed Malik,1979-02-21,2568215,295232
TAX007195,Hussain Butt,96909-9079737-0,,1958-04-13,2775519,326327
TAX007196,فاطمہ Chaudhary,24002-6578007-8,,1968-12-02,1153814,83072
TAX007197,Hussein Raja,33654-3191402-7,,1992-10-27,2598214,299732
TAX007198,Husain Choudhary,,Muhammed Choudhary,1974-11-18,356679,0
TAX007199,زینب بٹ,17225-2876224-9,علی Bhatti,1984-07-08,1688984,163347
TAX007200,Fatimah راجہ,13818-6002802-2,Hussain Raja,2001-11-03,1166924,85038
TAX007201,Muhammad حسین Chaudhary,45313-1518467-6,Mohammad Hassan Chaudhry,1988-12-18,431052,0
TAX007202,Muhammad Hamza Quraishi,21437-9591896-6,عثمان قریشی,1979-02-09,1027770,64165
TAX007203,Muhammed Hussein Bhatti,13590-1345362-5,Muhammed حسن بٹ,1966-06-18,338381,0
TAX007204,Zaynab راجہ,18989-3718108-1,Mohammad راجہ,1981-10-24,573806,0
TAX007205,Othman اعوان,87071-8353738-8,Mohammad Hassan Awan,1995-05-03,1553716,143057
TAX007206,Imran Chaudhry,72521-4556785-0,,,1739162,170874
TAX007207,Faysal Syed,97916-4672055-8,,1969-11-07,1703194,165479
TAX007208,Hira شیخ,15232-5273545-6,Usman Shaykh,1983-09-09,2660120,309018
TAX007209,Fatima Awan,18350-3274683-4,Mohammad Awan,1961-04-27,1038118,65717
TAX007210,Zainab Chaudhry,39640-8536696-8,عثمان Chaudhary,1958-04-15,2006203,210930
TAX007211,Othman Quraishi,89955-4095673-0,Mohammed Imran قریشی,1979-08-23,1355806,113370
TAX007212,Hasan Butt,,فیصل Butt,1962-06-08,3356920,413538
TAX007213,Faisal Quraishi,20159-5571273-2,Mohammad Hasan Qureshi,,1791727,178759
TAX007214,Usman Malik,39058-9880008-4,Hasan Malik,2000-07-13,4355654,563348
TAX007215,Mohammed Osman راجہ,45840-7008714-7,Hamza راجہ,1997-11-11,932598,49889
TAX007216,زینب Moghul,88961-1123770-0,Muhammad احمد Moghul,1962-02-18,360655,0
TAX007217,عثمان Sheikh,83263-4839423-0,Imran Sheikh,,519162,0
TAX007218,عمران Awan,83471-9387837-4,Osman Awan,1981-04-09,170897,0
TAX007219,Hamzah شیخ,17969-1615571-9,Muhammad Hassan شیخ,2003-01-14,484286,0
TAX007220,بلال Khan,29209-8561088-4,علی Khan,1999-02-16,1622644,153396
TAX007221,Hamza اعوان,56626-1437307-1,عمران اعوان,1969-03-12,478500,0
TAX007222,Muhammed علی Malick,38243-1800031-8,Hasan Malick,1969-10-07,433939,0
TAX007223,Ali Sayyid,43155-1179331-0,احمد سید,1985-05-26,664833,9724
TAX007224,حسین اعوان,36282-4730803-3,بلال Awan,1985-01-15,1568857,145328
TAX007225,Muhammed فیصل Moghul,12494-6730184-2,Hussain مغل,1995-05-01,320840,0
TAX007226,حمزہ اعوان,,Mohammad Othman اعوان,2002-08-18,551824,0
TAX007227,Sana اعوان,25802-8277910-4,Faisal اعوان,1958-03-10,178639,0
TAX007228,Maryam قریشی,95705-8923887-6,,1958-08-06,2262453,249367
TAX007229,Fatima Awan,93214-4633872-1,عمران اعوان,1966-11-24,632376,4856
TAX007230,احمد Chaudhary,59715-2001406-7,Mohammad فیصل چوہدری,,429536,0
TAX007231,Muhammed علی Shaykh,45364-6054866-6,Hassan Shaikh,1994-07-28,18057148,2618572
TAX007232,Bilal Syed,88755-9092585-6,فیصل Syed,1980-04-07,976506,56475
TAX007233,Othman Mughal,45410-8256906-7,Faysal Mughal,1971-09-22,984296,57644
TAX007234,بلال اعوان,85010-5812899-8,Osman اعوان,1995-07-10,4859895,638984
TAX007235,Muhammed Moghul,88642-1908985-8,,1975-06-02,1765441,174816
TAX007236,Mohammed Chaudhry,95262-7435137-2,Bilal چوہدری,,1006081,60912
TAX007237,Othman ملک,58033-8633148-2,Ali Malick,,2419070,272860
TAX007238,Faisal سید,28272-7446169-7,Ahmed Syed,1981-10-15,825445,33816
TAX007239,فیصل اعوان,99283-4687292-1,Hussein Awan,1990-02-05,15521940,2238291
TAX007240,Bilal خان,30261-1776718-6,Othman Khan,1959-06-15,176320,0
TAX007241,Mohammad Husain Malick,55957-4601719-6,علی Malik,1982-04-19,61059,0
TAX007242,بلال مغل,94495-4546283-6,علی Mughal,,1048120,67218
TAX007243,Faysal خان,72763-1825008-7,Imran خان,1963-11-04,98346,0
TAX007244,زینب Chaudhry,66863-1546769-6,Hamza Choudhary,1977-03-09,987344,58101
TAX007245,حمزہ ملک,68450-3802522-5,Imran Malick,2002-09-16,4339177,560876
TAX007246,عمران Awan,29744-9659974-9,Mohammed Awan,1956-06-13,447147,0
TAX007247,فیصل بٹ,52899-1625617-0,Husain بٹ,,291633,0
TAX007248,Mohammed Raja,98802-9109863-8,Hamza Raja,1991-08-26,7100297,975044
TAX007249,Hamza Butt,85494-5442887-3,Mohammed علی بٹ,1959-06-23,291542,0
TAX007250,Faysal Shaykh,16709-9103244-3,فیصل Sheikh,1970-08-02,498537,0
TAX007251,Bilal Awan,50304-1060258-0,Faysal Awan,1985-05-19,4295796,554369
TAX007252,Zainab Awan,74472-1960899-8,Muhammed Osman Awan,1978-04-24,610044,1506
TAX007253,Muhammad Bhatti,45445-5877494-6,Bilal Butt,2001-02-21,1084651,72697
TAX007254,Ayisha Syed,17304-4077619-4,Muhammad عمران Sayyid,1964-10-28,2073574,221036
TAX007255,Hasan شیخ,74715-3464422-5,Hamzah Shaykh,1976-03-06,2111425,226713
TAX007256,Sana Quraishi,55777-2008949-8,Osman Quraishi,1971-10-21,1482720,132408
TAX007257,Imran سید,,Bilal Sayyid,1970-02-09,2333086,259962
TAX007258,Mohammad حسین Chaudhary,30738-1242033-4,Muhammed Hussein Ch.,1980-04-11,2742585,321387
TAX007259,Ahmad Malick,74783-3819192-0,حمزہ ملک,,565209,0
TAX007260,فیصل اعوان,38745-4606929-5,بلال اعوان,1978-08-07,510132,0
TAX007261,Ayisha Malik,80140-5368086-5,علی Malick,2003-10-13,231949,0
TAX007262,Hassan راجہ,75356-4019544-6,فیصل راجہ,2002-08-02,247450,0
TAX007263,حمزہ Mughal,73606-5048577-3,Mohammed Hasan Moghul,,12522549,1788382
TAX007264,حرا قریشی,83524-4840113-8,Imran Qureshi,1981-12-12,2296778,254516
TAX007265,Hasan قریشی,62886-6768329-2,Ali Quraishi,1988-10-15,2169921,235488
TAX007266,فیصل Sayyid,65606-2034020-1,Mohammad Sayed,,741111,21166
TAX007267,فیصل Moghul,84898-8444841-1,Muhammad Hussein Mughal,1982-09-19,899412,44911
TAX007268,حرا Chaudhry,70650-6656516-4,محمد Chaudhry,1976-06-12,1193943,89091
TAX007269,Mohammad Hussain راجہ,37248-7644601-2,Imran راجہ,1993-10-11,4361954,564293
TAX007270,حمزہ مغل,88430-9078520-0,Faysal مغل,1965-12-13,432631,0
TAX007271,Muhammed Ali Malik,51561-9964240-5,Hassan Malick,1968-10-21,291610,0
TAX007272,فیصل Quraishi,55455-1299522-9,Osman Qureshi,1997-11-05,498279,0
TAX007273,Muhammad راجہ,14645-1617235-3,,1962-01-25,217146,0
TAX007274,علی Sayed,91065-2501830-0,حسن سید,1959-03-17,1239293,95893
TAX007275,فیصل Mughal,69186-5275662-6,علی Moghul,1966-07-26,700854,15128
TAX007276,Muhammed اعوان,81433-7535951-3,,1987-07-28,448493,0
TAX007277,Mohammed Othman بٹ,64512-1587270-7,Imran Bhatti,1958-06-10,1770735,175610
TAX007278,Faisal Raja,79812-1147178-1,Mohammad احمد راجہ,1986-12-14,448428,0
TAX007279,Fatimah Malick,98138-1677046-3,,1961-06-05,4681071,612160
TAX007280,Hasan Shaykh,82617-2533946-2,حمزہ شیخ,2002-05-20,375906,0
TAX007281,فیصل Khan,22177-3191648-8,Mohammed Hussain خان,2003-01-25,226670,0
TAX007282,Hasan Bhatti,75366-9166744-9,Usman بٹ,1965-07-18,652881,7932
TAX007283,Mohammad Imran Shaikh,51638-5412435-2,Mohammed Hasan Shaykh,1989-03-19,2927563,349134
TAX007284,Hussain مغل,81890-2124313-7,محمد Moghul,1996-01-04,190798,0
TAX007285,Faisal Awan,,,1995-11-09,196343,0
TAX007286,Mohammed Ahmed Awan,84172-2934094-9,,1978-01-12,863273,39490
TAX007287,محمد Shaikh,65250-6111004-2,Muhammed Imran Shaikh,2002-06-19,1075829,71374
TAX007288,علی مغل,27908-1868638-9,محمد Moghul,1973-03-22,1232391,94858
TAX007289,حسن شیخ,21804-4148370-7,Muhammad عمران شیخ,1957-08-16,1302163,105324
TAX007290,Hussein Syed,34028-8784630-8,Imran Syed,2000-12-26,388279,0
TAX007291,Mohammad قریشی,90144-9179274-5,عمران قریشی,2000-06-05,145011,0
TAX007292,حسین Mughal,84068-9456637-7,بلال Mughal,1971-01-25,230926,0
TAX007293,ثناء سید,90457-1414383-1,Bilal Syed,1973-05-22,264289,0
TAX007294,Ayesha ملک,54264-7132347-1,Muhammad Malick,2003-06-25,847342,37101
TAX007295,زینب اعوان,20880-3561594-3,Usman Awan,1996-11-17,329909,0
TAX007296,Fatima Syed,86631-2430310-1,,1982-04-25,1480835,132125
TAX007297,عثمان Chaudhary,37855-1618159-7,Mohammed Ch.,1962-11-21,2487196,283079
TAX007298,Muhammed Bilal Raja,68462-9845292-0,Hassan راجہ,1970-11-23,81066,0
TAX007299,Zainab Moghul,62630-5283523-9,Mohammad احمد Mughal,1986-01-11,576156,0
TAX007300,Muhammed Hassan Khan,48112-8012455-0,Ahmed خان,1957-10-20,384092,0
TAX007301,Muhammad Hussain Malick,,Mohammad Malik,1968-02-26,870696,40604
TAX007302,Sana Malik,86520-2911862-0,Mohammed Hamza Malik,2000-07-09,707589,16138
TAX007303,Bilal چوہدری,34351-5388395-3,Muhammed Imran Choudhary,1964-11-05,128861,0
TAX007304,Mohammad فیصل Qureshi,41500-5985965-1,,1966-05-01,3341131,411169
TAX007305,علی Sayyid,63857-7187197-4,,1962-02-08,926363,48954
TAX007306,Faisal Syed,62858-5940222-0,احمد سید,1993-05-06,681518,12227
TAX007307,حمزہ راجہ,74149-4289194-4,,1984-12-28,765068,24760
TAX007308,حرا قریشی,73017-6238997-9,فیصل Qureshi,1990-09-08,307517,0
TAX007309,فیصل Moghul,67966-5442573-7,Mohammad Bilal Moghul,1980-01-14,453978,0
TAX007310,Mariam Shaykh,,Ahmed Shaykh,,1532783,139917
TAX007311,Imran سید,76917-5260926-0,Mohammad Ahmed Sayyid,1990-06-03,593045,0
TAX007312,ثناء Awan,81170-5976063-5,Bilal Awan,1960-09-20,200678,0
TAX007313,Hasan Bhatti,35907-2550580-6,حمزہ بٹ,1978-06-23,947618,52142
TAX007314,Muhammad مغل,81415-9623372-2,,1978-07-07,1055100,68265
TAX007315,بلال اعوان,97491-9716692-8,Muhammad اعوان,1961-10-14,34565,0
TAX007316,Husain Shaikh,96788-3979456-5,حسن شیخ,1972-01-09,437394,0
TAX007317,Mohammed Awan,19565-3070422-2,Othman Awan,1992-07-26,477472,0
TAX007318,ثناء Qureshi,26238-4550152-9,Hassan Qureshi,2000-06-08,645353,6802
TAX007319,Fatimah چوہدری,87512-9173105-5,Hamza Chaudhry,1985-09-20,896840,44526
TAX007320,Hira Sayed,67367-8034368-5,Mohammed Ahmed Sayyid,,4146485,531972
TAX007321,Muhammed Khan,,حسین خان,1960-09-03,161083,0
TAX007322,Fatima Khan,65881-2461286-0,Ali Khan,2003-01-03,492394,0
TAX007323,Ahmad راجہ,42138-5426274-7,Hamza راجہ,1969-02-02,2808694,331304
TAX007324,Aisha خان,79619-6595082-9,حمزہ Khan,1969-08-02,209716,0
TAX007325,عثمان Quraishi,85943-7156023-1,Mohammad Hasan Qureshi,2002-03-06,1117093,77563
TAX007326,Maryam Quraishi,80899-1434919-1,Muhammad Hamza Quraishi,1995-12-24,7462050,1029307
TAX007327,Bilal مغل,14856-5714261-5,Hamza Mughal,1989-09-09,1999706,209955
TAX007328,Mohammed Othman Malick,16121-5673625-5,Ahmed Malick,1975-09-06,657806,8670
TAX007329,Hasan سید,76419-7206693-8,Muhammad Bilal سید,1994-08-27,3964745,504711
TAX007330,حسن خان,77177-2628318-1,Hamzah Khan,,835839,35375
TAX007331,Muhammed Ahmed Shaikh,44336-1628769-4,Imran Sheikh,1967-05-12,240703,0
TAX007332,Mariam راجہ,50117-2130694-3,علی راجہ,1959-05-22,349618,0
TAX007333,ثناء Malik,47335-4410101-9,حسن Malik,1994-06-27,1477490,131623
TAX007334,Hamza سید,54599-5993538-7,بلال سید,1986-05-26,301528,0
TAX007335,Hassan راجہ,78201-3115680-3,بلال Raja,,2507539,286130
TAX007336,Ali Choudhary,15215-6254402-1,,2000-02-26,809068,31360
TAX007337,Mohammad Ali Sheikh,66774-2844587-3,Muhammad عمران Shaykh,1962-05-06,1710810,166621
TAX007338,Imran Awan,10699-4393864-6,Ali Awan,1985-11-11,1461208,129181
TAX007339,Ali بٹ,39070-3432182-6,Muhammad Hamzah Bhatti,1971-12-11,120635,0
TAX007340,Imran Shaykh,73471-6838394-9,Muhammed Imran Shaikh,2002-02-15,188290,0
TAX007341,بلال خان,47742-1239997-3,Mohammad Bilal Khan,1958-04-14,674088,11113
TAX007342,Muhammad Othman Awan,46305-8976991-5,,1995-03-17,2506183,285927
TAX007343,Ahmed Mughal,39571-9594226-9,Muhammad بلال مغل,1969-06-12,2185985,237897
TAX007344,Osman Raja,62700-9507029-5,,1969-09-11,1121108,78166
TAX007345,Hussain Butt,95602-1820297-1,Mohammed بٹ,1960-07-22,4152237,532835
TAX007346,Muhammad Bhatti,90567-9995236-9,,1993-07-23,2160484,234072
TAX007347,Fatema Chaudhary,58216-8032912-6,Ahmed Chaudhary,1971-03-02,3133168,379975
TAX007348,Ali بٹ,96990-1690455-8,Faysal بٹ,1970-11-10,186245,0
TAX007349,حمزہ ملک,26571-3539428-3,Ahmed Malik,1966-09-21,211205,0
TAX007350,علی Awan,56766-7025807-2,,1978-04-25,136734,0
TAX007351,Ali Quraishi,56830-6425779-7,Bilal قریشی,1966-05-27,4589374,598406
TAX007352,Hira Malick,52980-3798914-8,,1998-03-17,781299,27194
TAX007353,فاطمہ Butt,56860-3152542-2,Mohammed Husain Butt,,1911685,196752
TAX007354,Imran Choudhary,77891-6019308-6,Ahmad Chaudhary,1997-01-17,1038993,65848
TAX007355,حرا قریشی,88565-5724123-0,Mohammed Bilal Quraishi,1982-10-27,287614,0
TAX007356,Osman Qureshi,85932-8522797-5,Mohammed عثمان قریشی,1992-04-07,1288577,103286
TAX007357,Muhammed Faisal Sayyid,89687-9570817-5,,1976-06-21,205426,0
TAX007358,Imran Raja,85062-8573265-5,Hasan راجہ,1988-05-15,1688646,163296
TAX007359,Faisal Shaikh,66480-2067951-1,,1961-12-16,460813,0
TAX007360,Mohammad عمران Sayyid,45704-9469851-7,محمد Sayed,1990-08-06,162705,0
TAX007361,Ahmad Khan,61379-5589628-5,Muhammad Hussain خان,1957-06-14,456873,0
TAX007362,احمد راجہ,,Osman Raja,1990-11-02,2798461,329769
TAX007363,Muhammed عثمان چوہدری,,بلال چوہدری,1976-01-25,7566754,1045013
TAX007364,Hasan خان,39626-1728178-8,Imran Khan,1998-06-21,1715368,167305
TAX007365,حسین Raja,38182-8907485-6,Hasan راجہ,1987-10-11,9703432,1365514
TAX007366,عمران Moghul,96684-7665237-5,Mohammed Hussein Moghul,1986-08-09,2334175,260126
TAX007367,Muhammad Raja,91914-1896484-1,Bilal راجہ,1995-11-08,1331608,109741
TAX007368,Hussain Sayyid,28361-6286879-3,Mohammed Sayyid,1955-10-25,602636,395
TAX007369,Muhammed Ch.,91188-2143833-9,Usman Chaudhary,2001-12-09,320098,0
TAX007370,زینب مغل,35099-6301098-4,Hussein Mughal,1994-12-05,1036329,65449
TAX007371,Mohammad عثمان راجہ,52596-7179907-1,,1997-07-26,736570,20485
TAX007372,Muhammed راجہ,36495-8478781-5,Usman Raja,1994-09-21,69289,0
TAX007373,Muhammad Bilal سید,35770-1505570-6,Hamzah Sayed,,3907627,496144
TAX007374,Hira Choudhary,26465-5961975-8,Mohammad احمد Chaudhary,1983-08-28,2492417,283862
TAX007375,Imran Moghul,64967-7356698-1,Hamza مغل,1970-11-09,305605,0
TAX007376,Zainab شیخ,86026-2179303-4,Hasan Shaikh,1961-06-28,19920,0
TAX007377,Aysha Awan,30155-1662431-2,Hassan اعوان,,226660,0
TAX007378,Ayisha راجہ,40250-9554172-6,علی راجہ,,180327,0
TAX007379,Muhammed علی راجہ,17202-8768469-8,Ali Raja,1981-11-21,3739161,470874
TAX007380,حسن Shaikh,,Mohammed Sheikh,,905159,45773
TAX007381,Muhammad بلال Chaudhary,54064-4539963-4,Mohammed علی Chaudhary,1995-02-01,1716252,167437
TAX007382,Ahmed Moghul,26036-1730204-3,Muhammad مغل,2002-11-12,2272132,250819
TAX007383,Othman Bhatti,92574-7072816-5,Muhammad عمران Butt,1979-05-09,1688250,163237
TAX007384,Zainab خان,37111-2528296-3,حسین خان,1961-10-04,11587256,1648088
TAX007385,عمران راجہ,80522-4692193-5,Mohammed Hamza Raja,2003-06-08,825719,33857
TAX007386,Muhammad Imran Khan,16640-3685095-6,علی خان,1969-11-08,2757254,323588
TAX007387,Ayesha مغل,11174-3211629-0,Hamza Mughal,1994-01-13,1472130,130819
TAX007388,عمران خان,99518-2657856-7,Hussain خان,1974-02-24,146517,0
TAX007389,Fatimah Chaudhry,,Muhammed بلال Choudhary,1982-03-20,2034799,215219
TAX007390,ثناء Raja,76842-5604418-3,Mohammed Hussain Raja,,3941192,501178
TAX007391,Mohammad بلال Khan,20516-4614474-0,Muhammed Usman Khan,1998-02-05,1536501,140475
TAX007392,Muhammed Moghul,44679-7831451-5,علی Mughal,1974-11-27,291840,0
TAX007393,Bilal Qureshi,46695-4584159-0,Husain Qureshi,1957-07-28,202590,0
TAX007394,Muhammad Faisal قریشی,11871-4286198-5,علی قریشی,1973-12-22,584996,0
TAX007395,Muhammed Imran Mughal,18951-7886277-3,Hussain مغل,1986-01-04,248422,0
TAX007396,حسین ملک,98134-9637203-4,Mohammed علی ملک,1994-11-22,753645,23046
TAX007397,Muhammad Ahmad اعوان,84452-8981363-3,,1962-05-21,1570713,145606
TAX007398,Muhammed Faysal Bhatti,85055-1110619-5,بلال Bhatti,1985-10-24,2924004,348600
TAX007399,Zainab Mughal,91150-7549466-1,Imran مغل,,12042192,1716328
TAX007400,Bilal چوہدری,96750-1985967-1,,1980-04-07,878853,41827
TAX007401,Muhammed Hasan اعوان,19956-9310194-9,عمران Awan,1973-05-21,2901184,345177
TAX007402,Usman Raja,95212-5507452-8,Osman Raja,1967-02-28,1880659,192098
TAX007403,Hira قریشی,99374-8011188-4,Mohammed Imran قریشی,1995-11-20,205892,0
TAX007404,Hussein Sayed,17056-2531628-4,,1960-04-08,2174048,236107
TAX007405,زینب چوہدری,94144-2812129-3,بلال Chaudhary,1971-10-08,397404,0
TAX007406,بلال Mughal,28389-8212837-7,علی مغل,,753510,23026
TAX007407,Mohammed Ahmed Bhatti,68968-2663202-0,,2002-07-20,1022882,63432
TAX007408,علی راجہ,61163-7665232-9,,1972-07-08,976145,56421
TAX007409,Muhammad Butt,71264-8210155-9,Hamzah Butt,1984-11-27,6210231,841534
TAX007410,حمزہ سید,73998-1103259-0,Ahmed Sayed,,479796,0
TAX007411,Ahmed راجہ,11996-9493098-2,Usman راجہ,1999-04-07,3464532,429679
TAX007412,حمزہ Khan,26157-7817792-2,حسن Khan,,3004531,360679
TAX007413,Bilal Awan,72701-2061468-4,بلال اعوان,1987-12-12,423673,0
TAX007414,Usman Sheikh,93816-3661180-5,محمد Shaikh,1989-04-28,1660955,159143
TAX007415,مریم Raja,30319-3773243-7,حسن راجہ,1978-06-18,5136480,680472
TAX007416,Faisal Raja,68173-3527122-5,Muhammad بلال Raja,1992-04-26,754184,23127
TAX007417,Zainab سید,59517-5116748-9,عمران Syed,1972-11-02,1162293,84343
TAX007418,Muhammed Imran قریشی,84484-5017468-1,,1974-01-08,1099965,74994
TAX007419,عائشہ Awan,70422-2327860-5,Mohammed اعوان,1979-02-08,33465,0
TAX007420,Bilal بٹ,16680-4066707-8,,1995-01-16,1256320,98448
TAX007421,Muhammad Husain خان,89565-6096216-1,بلال Khan,1962-03-08,1457568,128635
TAX007422,Faisal Chaudhry,74542-6351635-7,Mohammed Hussain Chaudhry,1973-06-27,1397650,119647
TAX007423,حمزہ بٹ,74972-8577480-2,Mohammad Bhatti,1971-04-19,2310822,256623
TAX007424,Mohammed Chaudhry,58467-2707324-9,Husain Chaudhary,1979-09-16,781224,27183
TAX007425,Hira Malick,55907-1479118-3,,1978-05-07,7552223,1042833
TAX007426,Muhammad Faisal Chaudhry,89218-7537227-6,Hamza Chaudhary,,487263,0
TAX007427,Sana Qureshi,37627-6810039-7,Mohammad عثمان قریشی,1990-06-01,1684888,162733
TAX007428,Imran Sayed,50972-8830366-2,Muhammed Bilal Syed,1996-12-11,21492,0
TAX007429,Mohammed بلال ملک,63855-6381491-4,Hassan ملک,1991-02-24,1240617,96092
TAX007430,Zainab Syed,59643-8370792-3,عمران Sayed,1995-03-06,2017049,212557
TAX007431,Hassan ملک,94808-5129002-1,,1966-04-25,65313,0
TAX007432,Ahmed Sayyid,28883-4499696-4,Muhammad حسن Syed,1959-10-09,2146798,232019
TAX007433,Zainab Moghul,77767-2134980-6,حسین Mughal,1998-09-10,285003,0
TAX007434,Husain Chaudhary,36159-6563323-6,Muhammed Chaudhry,1970-05-03,1084269,72640
TAX007435,Muhammed Usman مغل,23349-3495572-8,Muhammad مغل,,94470,0
TAX007436,عثمان Choudhary,95170-5503442-9,Husain Choudhary,1981-08-10,4323008,558451
TAX007437,Ahmed Malick,,Hasan Malick,1992-06-22,318829,0
TAX007438,بلال Khan,75828-1433165-8,حسن خان,1960-03-09,575231,0
TAX007439,Muhammed Hassan Khan,32899-7086692-5,Ali خان,1959-06-15,75881,0
TAX007440,Muhammad احمد Butt,86105-8432252-5,Mohammad Osman Butt,1978-10-14,1171571,85735
TAX007441,عمران Mughal,81691-8809454-5,,1992-12-20,1782059,177308
TAX007442,بلال Mughal,30132-9932003-3,Othman Mughal,1963-09-15,525378,0
TAX007443,بلال Sayyid,94952-2696827-5,Muhammad Imran Syed,2001-05-04,545670,0
TAX007444,ثناء Sayyid,20597-1131019-7,بلال Sayed,2000-06-04,249835,0
TAX007445,Muhammad حسن Quraishi,38918-7614299-8,بلال قریشی,1956-07-16,600480,72
TAX007446,Faisal سید,26077-4994450-5,عمران Syed,1995-11-26,88822,0
TAX007447,Hira خان,88185-3521238-1,,1964-10-02,317656,0
TAX007448,Mohammad اعوان,48232-9917466-6,,,467489,0
TAX007449,عثمان Moghul,93472-8671692-7,Hussein Mughal,1970-05-02,922345,48351
TAX007450,Ali Khan,,علی Khan,1969-05-28,2054168,218125
TAX007451,Ahmed Qureshi,37489-8066468-7,Hussein قریشی,1961-11-15,9451779,1327766
TAX007452,Faysal Khan,42015-5195461-5,بلال Khan,1988-05-12,111854,0
TAX007453,بلال Shaikh,,Imran Shaykh,1994-04-24,212890,0
TAX007454,Hussain Moghul,78465-6345187-8,Ahmad Mughal,1964-04-24,447969,0
TAX007455,Maryam Chaudhry,88563-7468110-0,Mohammed Chaudhry,1988-07-24,407258,0
TAX007456,Hussain مغل,38660-4495904-2,بلال Mughal,1967-02-06,1280373,102055
TAX007457,Mohammed Ahmad اعوان,88251-9908295-3,بلال Awan,1985-11-04,621520,3228
TAX007458,Muhammed عمران راجہ,78211-6467488-4,Ali راجہ,1972-01-04,171462,0
TAX007459,حمزہ چوہدری,,علی چوہدری,1977-09-18,417964,0
TAX007460,Aysha Sheikh,,فیصل شیخ,1988-02-10,430479,0
TAX007461,Hussain Raja,99912-1191314-0,Muhammad فیصل Raja,,182560,0
TAX007462,علی قریشی,61043-6257948-4,Mohammed Hussain قریشی,1988-01-14,423602,0
TAX007463,Hussain Sayed,31370-4997494-4,,1986-01-06,198092,0
TAX007464,Hira Shaykh,24190-9438413-8,Mohammed شیخ,1970-09-28,257611,0
TAX007465,Faisal Awan,,,2002-09-23,202554,0
TAX007466,Ahmad ملک,44320-7935205-4,Muhammed Faisal Malick,1972-11-18,1150508,82576
TAX007467,حرا Khan,49766-7371473-5,Hussein خان,1978-10-02,3960208,504031
TAX007468,Hamza Chaudhry,22079-6542184-3,,1988-05-05,1822898,183434
TAX007469,Husain راجہ,78841-4792882-9,Mohammed راجہ,,2387833,268174
TAX007470,Ali مغل,77498-1635832-1,حسن Mughal,,253416,0
TAX007471,Mohammed Ahmed Mughal,77043-4162219-7,Muhammad Hamza مغل,1968-06-28,121851,0
TAX007472,Aysha Mughal,95204-6694546-5,بلال Moghul,1990-03-03,245457,0
TAX007473,Bilal Mughal,81015-6011021-0,,1989-08-11,1741105,171165
TAX007474,Maryam Shaikh,50020-7467822-7,Faysal Shaykh,1977-04-25,704396,15659
TAX007475,Mariam مغل,,Mohammed مغل,2003-06-15,470312,0
TAX007476,حسین Sayed,19906-3456225-2,,1990-01-09,1463543,129531
TAX007477,Faysal Qureshi,18386-7072982-5,فیصل قریشی,1980-08-24,653654,8048
TAX007478,ثناء Bhatti,57467-7523362-7,عمران Butt,1987-07-24,290707,0
TAX007479,فاطمہ Chaudhry,65118-6935079-7,,2003-05-28,8061635,1119245
TAX007480,Mohammed Hamza اعوان,33702-2401680-4,Faisal اعوان,1976-01-10,823060,33459
TAX007481,Hamza سید,95162-2649637-5,,1999-08-20,743216,21482
TAX007482,Muhammad Hassan Sheikh,27020-6861743-2,Muhammed Imran Shaykh,1985-12-03,1137932,80689
TAX007483,Husain شیخ,82917-9108972-9,Bilal Sheikh,1970-06-16,2315272,257290
TAX007484,Hasan اعوان,,Ali Awan,1977-01-28,3761851,474277
TAX007485,Mohammed Ahmad Butt,43890-3293446-1,Muhammad بٹ,1982-11-26,661159,9173
TAX007486,فاطمہ Awan,71426-7537248-0,بلال Awan,1999-10-10,375504,0
TAX007487,Mohammed علی Quraishi,58326-3097784-3,Mohammad عمران Quraishi,1972-02-13,514130,0
TAX007488,ثناء راجہ,93154-5302885-0,,1990-01-16,1397308,119596
TAX007489,Mohammed Malick,52806-7521230-1,Husain Malick,1993-12-21,3032882,364932
TAX007490,فیصل شیخ,25412-3033157-6,حمزہ شیخ,1986-05-15,168746,0
TAX007491,Hassan Ch.,,علی Chaudhary,1984-03-19,240453,0
TAX007492,Othman قریشی,41790-3595477-8,Mohammad Bilal Qureshi,1990-08-03,553926,0
TAX007493,علی Butt,88635-2933774-2,Mohammed Butt,1980-11-03,642060,6309
TAX007494,Faisal راجہ,34523-9813062-3,,2001-08-28,6562601,894390
TAX007495,Hassan Qureshi,55502-2364987-5,Ahmed Qureshi,1991-03-16,4318215,557732
TAX007496,احمد خان,55681-9624207-5,,2003-09-25,1661886,159282
TAX007497,Mohammad علی قریشی,45099-3862436-5,Muhammed Qureshi,1972-11-08,142855,0
TAX007498,Muhammed Bhatti,47840-1650141-8,محمد Bhatti,1971-10-10,200777,0
TAX007499,Muhammed Hasan Bhatti,97064-7322571-6,بلال Butt,,2207769,241165
TAX007500,بلال Mughal,,Muhammed Moghul,1978-01-06,2480394,282059
TAX007501,علی Raja,66121-4266890-0,Usman راجہ,1969-08-27,493393,0
TAX007502,Faisal Raja,76165-2966035-9,عمران راجہ,1979-05-23,815944,32391
TAX007503,زینب Sayed,84510-4342500-5,علی سید,1970-09-12,885275,42791
TAX007504,Ahmad شیخ,10736-2973694-1,Faisal شیخ,1963-11-21,229441,0
TAX007505,Muhammad Hamza Chaudhary,34479-7225466-0,Ahmad Ch.,1993-03-06,2634449,305167
TAX007506,Mohammad قریشی,69939-9275694-5,Mohammed حسن Quraishi,1959-03-17,5279921,701988
TAX007507,Hasan Ch.,91937-3382675-1,بلال چوہدری,1982-05-22,456861,0
TAX007508,Mohammad اعوان,,Hamza Awan,1988-12-08,622369,3355
TAX007509,زینب شیخ,58196-9593053-3,Bilal Shaikh,1973-10-22,194410,0
TAX007510,Maryam راجہ,66759-4841479-0,Muhammed Raja,1985-11-06,7344635,1011695
TAX007511,Hira قریشی,39833-3705590-1,عمران Qureshi,1961-01-18,1032800,64920
TAX007512,Ali Mughal,32827-2326933-4,Hamzah مغل,1973-10-08,49956,0
TAX007513,Muhammed احمد Khan,58671-9660837-7,Hamza Khan,1997-12-23,1751830,172774
TAX007514,ثناء Syed,68574-1991236-9,Muhammad Faysal Sayed,1994-12-07,827978,34196
TAX007515,Mariam Sheikh,20926-8792239-7,محمد شیخ,1986-08-05,689236,13385
TAX007516,Mohammed Faysal Syed,24076-8133602-2,Mohammed سید,1970-02-12,310253,0
TAX007517,Hasan Qureshi,36627-9564187-6,,1973-11-25,154003,0
TAX007518,Ali شیخ,29024-1254335-0,بلال Sheikh,1975-06-13,679584,11937
TAX007519,Faisal اعوان,83935-7686414-1,Mohammad Ali اعوان,1973-03-22,4540909,591136
TAX007520,Bilal Malick,41589-5094250-6,Mohammad Bilal Malick,1957-06-07,4250871,547630
TAX007521,Muhammad حسین Quraishi,90485-1283353-5,حسین قریشی,2001-02-08,4095632,524344
TAX007522,Hasan قریشی,,Othman Quraishi,1993-03-18,1213151,91972
TAX007523,Mohammad Ahmed Qureshi,41502-7401165-5,حسن Qureshi,1960-10-08,870816,40622
TAX007524,Muhammed Chaudhry,63215-2471428-2,Imran چوہدری,1955-06-21,3034677,365201
TAX007525,Mohammed حسن Sheikh,92340-6615224-6,محمد Shaykh,1958-02-02,6455860,878379
TAX007526,Hamzah Raja,46008-4731903-7,Hussein راجہ,1987-03-22,1493900,134085
TAX007527,Faysal Raja,83111-9444522-9,Ahmed راجہ,1987-12-13,8632207,1204831
TAX007528,علی بٹ,46378-4224736-1,علی Butt,,485216,0
TAX007529,محمد Moghul,46984-3563055-1,Hussein Moghul,1960-08-04,2445129,276769
TAX007530,Mohammed Osman Butt,29998-5560774-8,Mohammad Butt,1981-05-06,1112576,76886
TAX007531,Fatema Choudhary,98816-2043447-2,Muhammed Bilal Choudhary,1987-04-19,415721,0
TAX007532,Mohammad Syed,56526-7379219-6,Mohammad احمد سید,1967-10-14,3260170,399025
TAX007533,حرا Bhatti,48147-1540397-3,,1961-11-17,5667306,760095
TAX007534,Imran Qureshi,14260-1847438-8,Ahmad قریشی,1959-09-10,566778,0
TAX007535,Ali خان,33496-7813041-1,Othman Khan,1982-09-09,248647,0
TAX007536,Ahmed Butt,78703-5700000-6,Hassan Butt,,2782532,327379
TAX007537,حرا Chaudhry,78719-5970170-4,Muhammed Usman Chaudhry,1999-11-01,92788,0
TAX007538,Mohammad علی Raja,24738-3549206-9,Mohammad Othman Raja,1972-04-04,771221,25683
TAX007539,Hassan قریشی,50712-8557876-2,حسن Qureshi,1991-01-01,27205,0
TAX007540,Hassan Shaykh,37531-5650385-2,Ahmad شیخ,1983-07-24,246064,0
TAX007541,Ayisha Moghul,82840-5478471-5,,1963-01-11,195861,0
TAX007542,ثناء راجہ,97828-7160189-5,Husain Raja,,118314,0
TAX007543,عثمان Raja,40518-1149853-8,Ahmed Raja,1995-09-26,1526213,138931
TAX007544,Osman Mughal,33304-8241819-7,Bilal Mughal,1997-09-16,362353,0
TAX007545,Marium خان,21947-3268394-7,Faisal Khan,1986-03-17,284180,0
TAX007546,Bilal Ch.,97149-6791406-9,Hassan Chaudhary,1964-02-02,723752,18562
TAX007547,Othman Syed,60912-1186808-1,,1989-03-27,6810398,931559
TAX007548,Bilal Raja,90756-9735162-5,Ahmad Raja,1977-06-21,131391,0
TAX007549,Hira Raja,94668-2869636-7,Ali راجہ,2003-04-04,318290,0
TAX007550,Mohammed عثمان Chaudhary,78054-2673904-3,Hamza Chaudhary,1957-03-14,1297596,104639
TAX007551,Mohammad Khan,31826-1845220-9,حسن خان,1977-08-10,1898968,194845
TAX007552,عمران ملک,87568-6751783-0,Muhammad Hamzah Malick,2002-02-23,3204051,390607
TAX007553,Muhammad Hussein Syed,27194-2299433-1,عمران Sayed,1983-03-17,813090,31963
TAX007554,Hasan قریشی,91174-1791916-3,,,1528322,139248
TAX007555,عائشہ اعوان,13752-4803491-1,Mohammad اعوان,1978-12-20,628573,4285
TAX007556,علی Qureshi,,,1971-11-05,1475148,131272
TAX007557,ثناء سید,49145-5622262-7,Hussein Sayyid,1979-10-06,1113041,76956
TAX007558,Hussein Syed,45956-1986417-3,,,10531364,1489704
TAX007559,Mohammed Awan,44952-5035406-7,Muhammad Ahmad اعوان,1958-01-28,1600929,150139
TAX007560,Hassan Mughal,,Imran Moghul,1957-07-07,136760,0
TAX007561,Muhammad Othman Raja,50089-7077401-1,Hassan Raja,1965-10-07,294020,0
TAX007562,Aysha راجہ,82321-4975467-0,Imran Raja,1979-12-08,587371,0
TAX007563,Mohammed Ali Sayyid,12413-8392203-9,Muhammed حسین Syed,1959-05-25,4627886,604182
TAX007564,Imran راجہ,50431-5600596-6,Imran Raja,1966-11-22,575758,0
TAX007565,Mohammed Hussein خان,11579-9242810-9,حسین خان,1993-09-01,4723252,618487
TAX007566,بلال Qureshi,39381-5242369-7,Faysal قریشی,1977-12-16,504622,0
TAX007567,فیصل Syed,38269-2581645-3,Ali Sayyid,1960-01-16,838758,35813
TAX007568,علی Bhatti,69591-2951025-2,علی Bhatti,1974-07-26,503478,0
TAX007569,Imran Bhatti,48506-9457147-6,فیصل Bhatti,1969-06-01,721252,18187
TAX007570,Muhammad Malik,78834-8659479-7,Hassan Malik,1977-04-22,1348527,112279
TAX007571,حرا سید,18336-8442132-0,Ali Syed,1985-08-25,1263736,99560
TAX007572,Ahmad خان,43647-9820031-3,Usman Khan,,1031130,64669
TAX007573,عائشہ ملک,99042-9278748-7,Osman Malick,1981-06-17,186926,0
TAX007574,Muhammad Faisal Butt,37416-6720540-2,Ali Bhatti,1961-10-15,794612,29191
TAX007575,Mohammad Imran خان,88667-2030991-6,,,2636575,305486
TAX007576,Bilal Shaikh,96910-7404214-6,عمران شیخ,,15151604,2182740
TAX007577,Mohammad Hamza شیخ,47889-9643420-7,Muhammad Hamzah Shaikh,2001-07-04,495400,0
TAX007578,Hasan Malik,10387-1552064-2,Hassan Malik,1985-07-16,1168926,85338
TAX007579,حمزہ ملک,47180-5642335-5,,,843208,36481
TAX007580,حرا Mughal,20596-3104590-4,Mohammad بلال مغل,1959-12-06,984386,57657
TAX007581,Usman Moghul,88132-4117034-3,Ahmad Moghul,1988-04-27,171960,0
TAX007582,Ali Qureshi,35119-7036149-1,Imran قریشی,1968-08-26,509632,0
TAX007583,Imran بٹ,12846-8239174-1,Othman بٹ,,1326421,108963
TAX007584,Muhammed عمران اعوان,87260-1663157-0,Mohammed علی اعوان,2002-01-17,624806,3720
TAX007585,Muhammed Mughal,62824-7317559-4,Muhammed Ali Moghul,1974-10-10,2177386,236607
TAX007586,Zainab Butt,71084-5864125-4,احمد Butt,,1094669,74200
TAX007587,Hamza Butt,62351-5443571-7,علی Bhatti,1968-07-13,1771854,175778
TAX007588,Aisha Butt,32009-8481629-9,حسین بٹ,1996-01-09,1100849,75127
TAX007589,Aisha ملک,,Imran Malick,1994-02-09,636987,5548
TAX007590,حسن Butt,91849-3886107-4,Muhammed بٹ,1955-02-24,81962,0
TAX007591,Mohammed Usman Butt,70337-3946940-6,Mohammed Hamzah بٹ,1999-04-03,1172261,85839
TAX007592,حسین Khan,31629-2563362-1,Hamzah خان,1971-06-21,947259,52088
TAX007593,Mohammad علی سید,,Ali Sayyid,,1019226,62883
TAX007594,احمد Awan,43226-8554532-1,Hussein اعوان,1970-10-14,425373,0
TAX007595,Muhammad مغل,69106-1004835-0,Mohammed Mughal,1959-04-07,197518,0
TAX007596,علی قریشی,21473-1994831-8,Ahmed Qureshi,1992-11-07,31535,0
TAX007597,Ahmed Quraishi,51541-7681458-2,Muhammed بلال Quraishi,,1141779,81266
TAX007598,Mohammad فیصل اعوان,89054-6853412-4,Hamza Awan,1981-10-21,833891,35083
TAX007599,Muhammed عثمان راجہ,23721-7178732-9,Mohammed راجہ,1970-06-16,913110,46966
TAX007600,Fatema Shaykh,20211-4997496-9,Ali شیخ,1992-11-09,1373928,116089
TAX007601,Fatima Awan,,,1965-01-26,125924,0
TAX007602,Ahmad Khan,31509-7337498-7,Hamza Khan,1980-08-14,253345,0
TAX007603,Mohammad حمزہ Malick,98953-5136138-4,Ahmed ملک,1957-12-13,94605,0
TAX007604,Hamzah Mughal,21232-9028464-6,Ahmad Moghul,2002-11-04,918340,47751
TAX007605,Hussain Bhatti,52841-8277241-4,,1980-05-27,107318,0
TAX007606,عثمان Mughal,24870-2235152-6,احمد Mughal,1970-02-27,2386912,268036
TAX007607,Hira ملک,53738-2874249-4,Bilal Malick,1966-04-01,2035678,215351
TAX007608,Muhammad Hasan اعوان,87978-4216010-2,Muhammed Hamza Awan,1980-07-12,982556,57383
TAX007609,Hasan خان,50393-1771953-1,,2000-04-13,1203938,90590
TAX007610,Mohammad بلال Mughal,45924-8192524-6,Bilal Moghul,2003-12-09,307488,0
TAX007611,علی Moghul,19911-9494213-9,Hasan Mughal,1970-02-20,1574399,146159
TAX007612,Hassan Quraishi,78806-9868317-0,حمزہ Qureshi,1996-02-20,2111630,226744
TAX007613,Fatimah Malik,84440-2059696-8,Othman Malik,,248655,0
TAX007614,Hussain Ch.,93136-9758106-1,Usman Choudhary,1993-11-15,440725,0
TAX007615,حسین Raja,89895-2405982-5,Mohammed فیصل Raja,1971-03-19,116371,0
TAX007616,Osman Awan,91389-9592362-7,علی اعوان,2002-07-01,168075,0
TAX007617,فیصل اعوان,82346-6442759-1,حسن Awan,1963-10-01,437379,0
TAX007618,Ayesha Ch.,82326-5697908-9,,1988-04-22,538251,0
TAX007619,Osman Raja,74630-3943759-7,Hamza راجہ,1991-02-07,5168316,685247
TAX007620,عمران Chaudhry,20007-7621686-7,Bilal Ch.,1971-06-14,274650,0
TAX007621,ثناء بٹ,67892-7527913-7,عمران Butt,,463473,0
TAX007622,Muhammad Quraishi,90246-1591144-9,Hamzah Qureshi,1958-12-28,311587,0
TAX007623,Mohammad علی Shaykh,99242-7034976-9,Hussein Shaykh,1986-02-10,204285,0
TAX007624,Mohammed Hassan Butt,16213-7612863-6,Husain Bhatti,1983-10-20,532325,0
TAX007625,Hira Chaudhry,68136-5558784-3,Husain Chaudhary,1987-08-12,463585,0
TAX007626,Muhammed Sheikh,16812-7907710-5,,1991-01-10,495683,0
TAX007627,Sana Qureshi,35826-6855395-7,Hamzah قریشی,1964-01-17,1997599,209639
TAX007628,عمران راجہ,,Usman راجہ,1997-07-20,2110333,226549
TAX007629,Ahmed سید,88434-6695372-8,Imran Sayyid,2003-03-09,391807,0
TAX007630,محمد راجہ,,Muhammad Usman راجہ,1970-08-28,1701683,165252
TAX007631,علی شیخ,87909-1770489-3,بلال شیخ,1965-07-26,1167710,85156
TAX007632,Hamzah Raja,56802-9121902-4,Faisal راجہ,1963-07-25,163881,0
TAX007633,Fatema Khan,66125-1755968-3,Ahmad Khan,1982-06-02,1510430,136564
TAX007634,Othman Malik,85636-3228956-0,Muhammed Othman ملک,1959-11-16,4278720,551808
TAX007635,Zainab Moghul,33192-4628881-1,عمران Mughal,,67098,0
TAX007636,Fatima ملک,98109-8416607-5,Bilal ملک,2002-09-08,1728462,169269
TAX007637,عائشہ Butt,87312-8533249-6,Hassan Butt,1973-09-27,1546158,141923
TAX007638,Ali چوہدری,13739-9743772-5,Faisal Ch.,1969-09-18,265141,0
TAX007639,Marium سید,30489-1317042-3,,1983-11-06,395330,0
TAX007640,Ali Shaikh,77159-2371571-0,عمران Sheikh,1990-09-26,1342583,111387
TAX007641,Muhammad Hussain Butt,92895-1661990-7,Hamza Butt,1967-09-23,767016,25052
TAX007642,بلال قریشی,87577-7792960-8,Usman قریشی,2000-07-22,378773,0
TAX007643,Othman Khan,62224-9534705-6,Mohammad Bilal Khan,1986-07-12,3871422,490713
TAX007644,Mohammed Mughal,42203-8849785-4,Mohammed Moghul,2002-01-21,1328513,109276
TAX007645,حرا Chaudhry,,Muhammad Hussain Chaudhry,1958-04-04,1752056,172808
TAX007646,Hamza Awan,82281-5491305-2,عمران اعوان,1975-02-15,525469,0
TAX007647,Mohammad بلال قریشی,80494-9675181-4,Bilal قریشی,1992-12-04,747289,22093
TAX007648,Zaynab Butt,59429-9602376-0,عثمان Bhatti,1965-05-11,3746473,471970
TAX007649,احمد اعوان,94142-5829136-9,Othman Awan,1964-11-16,965433,54814
TAX007650,Muhammad Hassan Shaykh,67229-5257651-2,,1999-06-03,329641,0
TAX007651,مریم Shaykh,61561-7965199-3,Usman Shaykh,1955-06-26,1972473,205870
TAX007652,Muhammad Faysal ملک,63554-7836215-3,حسین Malik,1966-09-26,819686,32952
TAX007653,Usman Sayyid,37683-8876436-1,,1991-02-27,1435760,125364
TAX007654,Mohammed Bilal Khan,49164-1498342-9,Bilal خان,1995-09-06,288748,0
TAX007655,Ahmad Malik,81269-3874185-6,عثمان Malick,,156512,0
TAX007656,Sana Chaudhary,19250-6676515-7,Mohammed Ahmed چوہدری,1974-12-13,4371970,565795
TAX007657,Mohammad Hassan Qureshi,92058-8607245-0,Faysal Qureshi,1980-06-01,318614,0
TAX007658,فاطمہ Chaudhary,36797-3841913-9,حمزہ Ch.,1996-07-28,257081,0
TAX007659,Ahmad Chaudhary,80632-5135857-3,Mohammad Bilal Chaudhry,1977-12-18,1229814,94472
TAX007660,Muhammed علی اعوان,83099-2314508-6,,1977-04-16,708984,16347
TAX007661,Mohammed عمران Khan,74154-6076678-2,Osman Khan,1989-08-03,502448,0
TAX007662,Hussain Shaikh,,محمد Shaikh,1992-06-27,150244,0
TAX007663,Muhammed Bilal راجہ,29174-1410616-6,بلال راجہ,1983-02-06,1926086,198912
TAX007664,Husain راجہ,29286-1459190-9,عمران راجہ,,4995922,659388
TAX007665,Sana Butt,78777-4277129-9,Ali Bhatti,1999-05-06,171966,0
TAX007666,احمد Shaykh,30737-4636591-8,علی Sheikh,1987-09-15,1290032,103504
TAX007667,Fatima Malik,11755-4867602-5,Hamza Malik,1971-04-08,374088,0
TAX007668,Mohammed حسن مغل,,Muhammed Mughal,1984-05-04,194783,0
TAX007669,Maryam Ch.,36761-7567940-7,Mohammad حسین Chaudhary,1981-11-07,1643855,156578
TAX007670,Mohammed Hassan Butt,,Ali بٹ,1997-08-13,1648037,157205
TAX007671,Mohammad Hasan Quraishi,45005-2290981-6,حمزہ قریشی,1966-01-20,675344,11301
TAX007672,Ali Malik,78792-1323251-3,,1982-04-03,2640789,306118
TAX007673,Mohammed عمران راجہ,99470-7849308-2,Muhammad Faisal Raja,1996-12-23,1683427,162514
TAX007674,Hasan ملک,93761-3754559-2,Bilal ملک,1981-08-12,5525989,738898
TAX007675,Muhammed Hamza چوہدری,88214-9518048-7,Mohammad حسن Chaudhary,1974-07-18,376534,0
TAX007676,Faisal Malik,28068-2908546-4,Hamza Malik,1991-06-20,6272147,850822
TAX007677,ثناء Chaudhary,98579-1600226-3,عمران Chaudhry,1978-12-27,188458,0
TAX007678,Faisal بٹ,26382-5536913-5,عمران بٹ,1977-07-04,378896,0
TAX007679,Hussain خان,84412-5505083-8,Imran Khan,1968-02-17,7620553,1053082
TAX007680,Hira Khan,42449-9311836-7,Hassan Khan,1967-10-25,590584,0
TAX007681,Ayisha بٹ,94463-7620320-1,فیصل Butt,1988-05-08,2982111,357316
TAX007682,علی خان,57799-5980818-4,محمد Khan,,6497464,884619
TAX007683,Hira اعوان,23010-2610108-5,احمد اعوان,1970-07-26,487549,0
TAX007684,Muhammed Syed,37357-4816236-8,Muhammad Hussain سید,,122843,0
TAX007685,Ahmed راجہ,60985-2857399-2,Hussein راجہ,1957-07-22,580250,0
TAX007686,Hamza راجہ,99870-5943601-0,,1986-11-28,3361398,414209
TAX007687,Ali خان,81177-6110474-1,Muhammad عمران Khan,1995-09-19,2707176,316076
TAX007688,Mohammed عمران Butt,36901-7772253-8,Bilal Butt,,3483763,432564
TAX007689,احمد اعوان,10347-6335784-2,Ahmed Awan,1976-07-06,8148807,1132321
TAX007690,Muhammad Ahmed Sheikh,,حسین Shaikh,1985-07-21,250957,0
TAX007691,Muhammed Choudhary,78951-6656977-0,Hamza Ch.,1995-08-07,364542,0
TAX007692,مریم Malick,94393-8264986-9,Ahmad ملک,1983-02-11,515010,0
TAX007693,Ali Khan,50178-5947403-4,بلال Khan,1963-08-09,10329481,1459422
TAX007694,زینب سید,49831-8272995-4,Faysal Sayed,1958-06-23,8308149,1156222
TAX007695,Fatima بٹ,64461-4353220-1,Muhammad Ahmad Bhatti,1970-05-07,1120644,78096
TAX007696,Muhammed Hassan Sheikh,66394-1381515-7,بلال Sheikh,1964-07-11,645597,6839
TAX007697,Hassan Syed,10000-7790649-9,Hamzah Sayed,1965-03-12,83873,0
TAX007698,Hassan Malik,12846-8559084-2,Mohammad بلال Malik,,1485520,132828
TAX007699,Faisal سید,74018-2412550-6,Usman Syed,1968-06-09,1232708,94906
TAX007700,Mohammed عمران Khan,18217-9631310-1,Muhammed عمران Khan,1986-09-03,66349,0
TAX007701,Mohammed Faysal اعوان,34426-3496144-3,Hamza Awan,1967-03-26,805191,30778
TAX007702,علی Choudhary,48641-5097699-2,Husain Ch.,1955-09-23,872483,40872
TAX007703,Ahmad Syed,98766-7421032-8,عمران Syed,2002-03-16,151383,0
TAX007704,حرا قریشی,18849-4679103-6,محمد Qureshi,1987-01-13,924606,48690
TAX007705,Muhammed Hamza بٹ,43959-5781397-8,Faisal Bhatti,1993-09-18,927895,49184
TAX007706,Hussein راجہ,64655-4052166-5,,1973-02-04,1789680,178452
TAX007707,Muhammad عثمان سید,66086-2696165-0,,1965-09-27,594300,0
TAX007708,فیصل خان,52752-5211329-5,بلال خان,2002-04-27,3483514,432527
TAX007709,Mohammed بلال ملک,81844-4128216-6,Imran ملک,1961-12-02,1692774,163916
TAX007710,Fatema Qureshi,59287-1690496-3,بلال Quraishi,1958-03-14,3047050,367057
TAX007711,حمزہ Syed,51433-3629471-6,,1956-09-25,87996,0
TAX007712,محمد Moghul,92232-6472966-2,Hassan Moghul,1969-07-07,2995886,359382
TAX007713,Mohammad Bilal Malik,33839-6813529-5,Osman ملک,1961-10-21,2986165,357924
TAX007714,Maryam Malik,75572-1996357-4,,1995-02-25,228517,0
TAX007715,Bilal Shaikh,32574-4532081-5,,1982-04-13,580453,0
TAX007716,ثناء Mughal,94369-5494947-8,Faisal Mughal,1958-05-09,2691940,313791
TAX007717,علی Sayyid,46241-7155560-7,Mohammad سید,1997-03-23,879711,41956
TAX007718,Husain راجہ,,Ahmad راجہ,1964-08-08,4353451,563017
TAX007719,Mohammad عثمان Sayed,,,1981-03-07,426928,0
TAX007720,Faysal سید,26068-4868235-5,Muhammad حمزہ Sayyid,1993-11-28,746487,21973
TAX007721,Hasan Qureshi,96199-2703225-3,,1974-08-11,337728,0
TAX007722,Husain Mughal,70255-8928592-3,Muhammad Hamzah Mughal,1959-11-12,631164,4674
TAX007723,Hasan خان,28168-9017584-7,,1995-08-03,199067,0
TAX007724,ثناء Butt,32128-8268145-3,حسن Bhatti,1981-06-02,1043227,66484
TAX007725,Ahmad بٹ,43678-1132709-0,بلال Bhatti,1987-04-22,1308160,106224
TAX007726,Ahmad Shaikh,86337-1208819-8,بلال Shaykh,1962-03-01,640824,6123
TAX007727,Mohammed سید,97935-4973844-3,Usman سید,1967-07-17,818001,32700
TAX007728,علی بٹ,66637-6293897-7,,1969-07-10,604128,619
TAX007729,Marium Quraishi,88517-2606557-9,Hamzah Quraishi,1976-06-11,637376,5606
TAX007730,حسین Awan,38686-1731538-5,,1977-03-19,553345,0
TAX007731,Fatema Quraishi,46423-4368733-4,,1956-08-12,761189,24178
TAX007732,Aysha Choudhary,12247-7826867-0,,,2355242,263286
TAX007733,Ali Shaykh,80494-4314160-0,Mohammed بلال شیخ,1991-11-05,39688,0
TAX007734,Usman بٹ,18274-3629938-8,عثمان بٹ,1999-09-06,978933,56839
TAX007735,عمران Khan,50609-2607906-2,بلال خان,2002-01-07,3135557,380333
TAX007736,Usman راجہ,51098-9581347-0,Ahmad راجہ,1967-03-13,708975,16346
TAX007737,Hamzah Khan,95828-5787408-8,,1995-12-12,5425148,723772
TAX007738,Imran Qureshi,68912-4338865-6,Bilal قریشی,1966-06-10,772905,25935
TAX007739,احمد خان,69844-5220639-8,,1956-05-03,1081774,72266
TAX007740,Sana Syed,69699-9388831-1,عمران سید,1956-07-11,1923035,198455
TAX007741,Hasan راجہ,96563-5008289-5,Faisal Raja,1983-04-23,1023783,63567
TAX007742,Mohammed Ahmad ملک,29393-5260281-1,Usman ملک,2001-08-15,381299,0
TAX007743,Imran Qureshi,85181-3384947-2,بلال Qureshi,1979-06-21,3217312,392596
TAX007744,عمران Malik,88090-4199613-2,Imran Malick,1993-06-11,626638,3995
TAX007745,Othman Chaudhry,83553-6279631-1,Mohammad Ali Chaudhary,1964-03-24,291891,0
TAX007746,Usman Syed,18020-1222173-5,بلال Syed,,330671,0
TAX007747,Muhammed حسین راجہ,76353-7703257-5,Hamzah Raja,1959-11-09,252298,0
TAX007748,Fatimah Raja,39251-1017938-8,احمد راجہ,1963-12-22,1177402,86610
TAX007749,Maryam چوہدری,26042-3435159-6,Hassan Chaudhry,1985-11-15,733168,19975
TAX007750,Hussein Khan,13736-9324676-0,Imran خان,1976-02-15,3922547,498382
TAX007751,Mohammed Bilal Malik,73502-8398378-9,عمران Malik,1987-06-08,642012,6301
TAX007752,Faysal Chaudhary,15710-9060975-8,Muhammad علی Chaudhary,1987-04-14,3238380,395757
TAX007753,علی خان,84591-9243221-0,فیصل Khan,1967-03-04,1594788,149218
TAX007754,Muhammed عمران Butt,71647-1854586-1,Hamzah Butt,2000-05-27,12030206,1714530
TAX007755,Fatema شیخ,32674-2533566-5,,1968-09-02,1384231,117634
TAX007756,Hasan Syed,88941-9827881-9,احمد Syed,1973-07-18,419536,0
TAX007757,علی Sayed,32828-2828544-7,علی سید,1978-12-09,331875,0
TAX007758,بلال Shaykh,67414-9357781-1,Hasan Shaykh,1975-04-17,314925,0
TAX007759,Mohammed Faisal Sayyid,85154-5887018-6,فیصل سید,1979-03-19,2725859,318878
TAX007760,عمران Khan,65333-6955402-6,Mohammad Ahmad خان,1960-09-21,466832,0
TAX007761,Muhammad اعوان,86927-2215260-1,Osman Awan,1977-04-20,876205,41430
TAX007762,فاطمہ Sayyid,52812-1468047-7,محمد Sayyid,2002-02-21,516272,0
TAX007763,Muhammed Quraishi,65216-7544018-1,Muhammad قریشی,1993-02-24,172941,0
TAX007764,Muhammed بٹ,85159-9822495-0,,1955-05-26,2721466,318219
TAX007765,احمد شیخ,94275-7487674-2,Mohammad Bilal شیخ,1976-04-07,1094741,74211
TAX007766,بلال مغل,10372-8501404-5,Mohammed Husain Moghul,,1686123,162918
TAX007767,علی بٹ,98426-7567016-8,عمران Bhatti,,6997680,959652
TAX007768,Aysha خان,81469-9919485-9,Usman خان,1956-11-21,685991,12898
TAX007769,Mohammed Osman ملک,25326-2340781-5,,1960-12-10,2396607,269491
TAX007770,Hamzah Malik,58255-8062548-0,Osman Malik,1963-09-27,2367387,265108
TAX007771,Fatimah Quraishi,20208-5065537-6,Bilal قریشی,1981-02-25,2533179,289976
TAX007772,Mohammed مغل,46049-7192532-9,Othman Mughal,1975-03-04,331296,0
TAX007773,Ahmad Quraishi,99378-4219216-1,Hussain Quraishi,1997-05-22,876525,41478
TAX007774,ثناء Bhatti,52631-8332715-2,بلال Bhatti,1994-02-10,1904018,195602
TAX007775,Hamzah Malik,87745-9087435-6,Hamzah Malik,1975-12-27,558521,0
TAX007776,Muhammad احمد خان,31736-4225818-4,Mohammed Imran خان,1993-04-27,1706010,165901
TAX007777,Mohammed Ahmad Malick,52667-9778554-1,Hamzah Malick,2002-07-01,73610,0
TAX007778,Hamzah Moghul,63833-2838296-3,Muhammad Moghul,1967-01-24,1084189,72628
TAX007779,Ali Malick,11770-7705708-4,Hamzah Malick,1963-11-01,433220,0
TAX007780,عمران اعوان,98771-2118576-2,Muhammad Ahmad اعوان,1970-12-08,765222,24783
TAX007781,Osman ملک,69994-4730815-3,Hamza Malik,1963-06-03,283638,0
TAX007782,فاطمہ Moghul,55634-5848509-6,Imran Mughal,1964-12-07,1988696,208304
TAX007783,Ali قریشی,39234-5558296-0,Othman Qureshi,1967-04-19,2080521,222078
TAX007784,علی Syed,29745-8295082-6,Othman Sayyid,1956-10-08,197200,0
TAX007785,Muhammed Malik,82392-2181351-7,Muhammad Hamzah Malik,1963-11-05,636175,5426
TAX007786,Hassan Shaykh,21237-2382640-1,,1967-10-28,193570,0
TAX007787,Mohammad Husain مغل,62968-2807006-6,Husain مغل,1999-09-07,4104546,525681
TAX007788,Sana ملک,76494-8953031-8,Ahmad Malick,1996-11-03,104134,0
TAX007789,عثمان Shaykh,65931-2653309-2,,1979-01-22,1393195,118979
TAX007790,Hussain Quraishi,45697-2375690-4,Osman Qureshi,2002-09-06,2413980,272097
TAX007791,Muhammad Ali Raja,40092-4362266-0,Muhammed Hamzah Raja,1983-04-15,847981,37197
TAX007792,زینب Awan,48958-1193324-2,Hasan Awan,1955-06-27,99994,0
TAX007793,Muhammad Ali Malick,29043-9729147-3,Usman Malik,2003-11-20,409062,0
TAX007794,Aisha خان,91969-2992401-4,,1970-04-13,942690,51403
TAX007795,Muhammed Ali Ch.,85149-2765841-0,Mohammad Chaudhry,1995-04-07,1045931,66889
TAX007796,Faysal Khan,14432-0240602-0,Muhammad Faisal Khan,2002-09-13,4616065,602409
TAX007797,Ahmed بٹ,62732-7265351-8,عثمان Bhatti,,343255,0
TAX007798,حرا اعوان,46078-3042469-6,Muhammad اعوان,1997-08-03,1968744,205311
TAX007799,Osman سید,87131-8178828-2,Hamzah Sayyid,1993-06-09,1013489,62023
TAX007800,Muhammed Butt,47487-8505308-1,Muhammad بٹ,1964-08-24,353090,0
TAX007801,حرا Bhatti,71761-8989102-4,Hussain Butt,1994-05-02,379505,0
TAX007802,Mohammed بلال Khan,,Mohammad Khan,1958-12-23,1211544,91731
TAX007803,Mohammed Hamzah خان,63473-3936162-0,,1999-09-27,1133694,80054
TAX007804,محمد Bhatti,86275-6809139-0,Muhammed Butt,,893459,44018
TAX007805,Imran اعوان,16112-6935334-0,Ahmad اعوان,1963-03-22,718442,17766
TAX007806,حسن Shaykh,18011-6193996-6,Mohammed بلال Shaykh,,252145,0
TAX007807,Ahmed Malik,85421-8966226-1,حمزہ Malik,1999-02-14,985721,57858
TAX007808,Ahmed Butt,71145-5719104-7,Usman Butt,1957-03-13,4750867,622630
TAX007809,عائشہ Raja,41249-6123723-7,,1986-07-21,2569390,295408
TAX007810,ثناء راجہ,64283-8796470-4,Hussein راجہ,1992-06-20,568191,0
TAX007811,Hira Shaikh,87603-3025122-1,حمزہ شیخ,,6944048,951607
TAX007812,ثناء Shaikh,75661-9529824-3,Hussain شیخ,1956-11-06,4267305,550095
TAX007813,Imran Sayed,37694-9914166-0,Imran Syed,1979-10-06,2056851,218527
TAX007814,Muhammad راجہ,72190-8563543-4,Ali راجہ,1996-05-10,1216767,92515
TAX007815,زینب راجہ,75904-5272230-0,Bilal راجہ,1963-08-19,5160395,684059
TAX007816,ثناء Syed,81986-8526255-3,حسن Syed,1973-12-13,780584,27087
TAX007817,Zaynab Bhatti,69627-3754811-2,Hassan Bhatti,1961-12-27,1851582,187737
TAX007818,حسین Khan,18501-3732121-9,,1988-07-20,3850807,487621
TAX007819,فیصل قریشی,95054-5793034-0,Hasan قریشی,2003-06-06,11526127,1638919
TAX007820,Mohammad چوہدری,39466-7393226-2,Muhammad بلال Chaudhry,1969-10-18,556651,0
TAX007821,Mohammed Ali Bhatti,26628-2009435-0,Imran بٹ,1993-06-09,506281,0
TAX007822,فیصل Awan,71385-5978177-1,Muhammad اعوان,1978-01-07,88865,0
TAX007823,Ahmed Malick,80212-9190754-8,Mohammad علی ملک,1964-04-17,2560010,294001
TAX007824,Mariam راجہ,59776-9067620-5,Muhammed Raja,1999-11-13,111139,0
TAX007825,Aysha مغل,49114-3993713-7,Muhammad حسین Mughal,1958-08-13,435541,0
TAX007826,محمد Sayed,31767-1777124-8,حسین Syed,2003-02-23,379127,0
TAX007827,Muhammed Imran Awan,37204-9968879-4,Muhammad Ali Awan,1992-12-03,544481,0
TAX007828,Ali Sheikh,24227-9447036-2,Muhammed حسین Shaikh,2002-06-22,1002654,60398
TAX007829,Muhammad Hussain Khan,40739-5962898-0,Mohammad علی Khan,1994-03-13,732944,19941
TAX007830,Mohammad احمد Syed,13671-6148859-3,حمزہ Syed,2003-05-10,1455143,128271
TAX007831,حرا Qureshi,39394-8611635-2,عمران Quraishi,1955-02-23,818215,32732
TAX007832,Aysha Quraishi,43393-6935072-3,احمد Quraishi,,215465,0
TAX007833,Hamzah Mughal,82371-2769703-3,Muhammed فیصل Mughal,1988-03-19,348412,0
TAX007834,عمران سید,45207-2668267-5,Mohammed Faysal Sayed,,1111122,76668
TAX007835,عمران ملک,59435-7963701-4,Othman ملک,1968-04-24,1860921,189138
TAX007836,Hira بٹ,34951-6001613-3,,1959-02-25,434746,0
TAX007837,Osman Malik,62355-5200613-0,,1965-10-09,243483,0
TAX007838,Mohammed شیخ,49658-9699199-7,علی Shaikh,1988-08-10,423724,0
TAX007839,حسن قریشی,27682-2977758-3,Ahmed Quraishi,1989-11-09,4619509,602926
TAX007840,Fatima Sheikh,94780-3650448-5,Ahmed Shaikh,1967-09-26,2708472,316270
TAX007841,عثمان Sayed,70347-4425389-9,Mohammad حسین Syed,1965-07-05,472205,0
TAX007842,Aisha Mughal,44525-9698504-5,Ali مغل,1956-06-17,358715,0
TAX007843,عمران Qureshi,99935-3166642-4,,1986-09-18,2803508,330526
TAX007844,Osman خان,52716-4223486-5,حسن Khan,1966-05-10,1143483,81522
TAX007845,Muhammed Hamzah Moghul,93507-2908341-2,Imran Mughal,2003-07-01,532927,0
TAX007846,Ali Quraishi,46054-7745307-7,حمزہ Qureshi,1975-02-13,1158958,83843
TAX007847,Fatima Khan,74951-3510018-1,احمد خان,1982-03-23,775997,26399
TAX007848,Ali Malik,18787-8430643-6,Mohammad Malik,,509156,0
TAX007849,Faysal چوہدری,99058-7824271-6,بلال Chaudhry,2003-03-13,607689,1153
TAX007850,Othman Raja,36087-8936394-1,Mohammed راجہ,1968-06-21,334599,0
TAX007851,Muhammad Hamza Awan,40926-5796030-1,حمزہ اعوان,1974-01-09,1819646,182946
TAX007852,فیصل Malick,42446-6813101-8,Imran ملک,1986-01-26,2051621,217743
TAX007853,Mohammad Imran Khan,,Faisal Khan,1987-09-21,218462,0
TAX007854,Fatima Ch.,86875-0408272-4,Muhammed Ch.,2002-12-16,201525,0
TAX007855,علی Bhatti,88310-4913997-8,Faysal بٹ,,510579,0
TAX007856,علی Mughal,46347-3640780-6,Ali مغل,1973-11-11,122298,0
TAX007857,Mohammad Hassan Butt,19764-6272035-4,محمد Bhatti,1955-02-06,1015123,62268
TAX007858,حسین Chaudhary,80059-3908387-4,Mohammad Othman چوہدری,1967-09-17,2096255,224438
TAX007859,Fatimah Shaikh,40542-1205625-6,Faysal Shaykh,1975-12-28,2140175,231026
TAX007860,احمد خان,51143-2065333-2,Imran Khan,1969-04-16,85295,0
TAX007861,Mohammad Chaudhary,33520-5664866-2,حمزہ Chaudhary,1991-12-07,1031158,64673
TAX007862,حسین Malik,77377-2489581-0,Mohammed حمزہ ملک,,1786380,177957
TAX007863,Muhammad Osman Shaikh,76416-3593134-8,Mohammad Shaykh,2000-12-27,175868,0
TAX007864,Ali Butt,71796-1921338-1,حمزہ Butt,1980-10-07,668606,10290
TAX007865,ثناء بٹ,20618-3459978-9,Hassan بٹ,1968-08-06,435982,0
TAX007866,عثمان Mughal,55371-1278503-6,Muhammed علی Mughal,2003-10-10,2111346,226701
TAX007867,Hamzah Sayed,,علی سید,1956-06-04,2557229,293584
TAX007868,Ali اعوان,68148-2199690-0,Ahmad اعوان,1963-08-25,443148,0
TAX007869,Zaynab قریشی,73626-9744135-5,,1978-11-04,14005958,2010893
TAX007870,Aysha ملک,58714-1485074-8,Muhammad ملک,1982-03-24,2599456,299918
TAX007871,زینب Malick,78780-3545973-2,Ali ملک,1967-05-06,105876,0
TAX007872,Muhammad Mughal,21953-4058337-6,,2003-03-25,5082514,672377
TAX007873,Fatimah مغل,84995-9085343-2,Husain Moghul,1963-03-15,211145,0
TAX007874,بلال Sheikh,72213-6765645-2,Ali Shaikh,1983-08-11,2150752,232612
TAX007875,Ayesha بٹ,54176-5187587-9,Muhammed حسن Butt,1971-08-20,2161640,234246
TAX007876,Mohammed Butt,57170-8262482-5,Faysal بٹ,1999-05-18,1002196,60329
TAX007877,Hira Awan,18137-5938694-5,Mohammed Bilal Awan,1961-12-05,816897,32534
TAX007878,Hamza Qureshi,92861-3597705-6,Bilal Qureshi,1998-02-16,10196642,1439496
TAX007879,فاطمہ Qureshi,10238-5327047-6,Osman Qureshi,1998-03-06,182456,0
TAX007880,عمران Khan,40270-6954603-9,,1987-03-16,354560,0
TAX007881,Sana Sheikh,39968-9949562-1,بلال Shaykh,1982-04-26,331118,0
TAX007882,Muhammad Hussein Malik,58571-9074348-0,Imran ملک,1961-08-16,233336,0
TAX007883,Hasan Choudhary,72245-5677565-5,Osman Choudhary,1969-01-19,3632654,454898
TAX007884,Ayesha Choudhary,18123-7264313-6,Hasan Chaudhry,,277319,0
TAX007885,عمران Shaikh,75603-3308249-5,Faisal شیخ,1993-08-18,761166,24174
TAX007886,Othman Khan,51259-9155982-9,Mohammad خان,1972-09-26,335199,0
TAX007887,Marium Mughal,44214-4812626-9,,1967-02-18,1231789,94768
TAX007888,Hussein Sayyid,48827-1744925-8,Faisal Syed,,1062391,69358
TAX007889,Mohammed حمزہ Butt,84207-9127394-8,Ali بٹ,1981-09-28,1478511,131776
TAX007890,احمد بٹ,25330-8418642-1,Muhammed Husain بٹ,1985-03-15,821967,33295
TAX007891,Faysal Quraishi,82908-5072755-5,حسن Qureshi,1969-07-05,2976728,356509
TAX007892,زینب Khan,72818-4629148-2,Mohammed Othman خان,1978-05-19,222463,0
TAX007893,Imran بٹ,62304-3682714-3,,,330559,0
TAX007894,Hussain ملک,67774-2198868-7,Muhammad Malick,1959-07-10,79523,0
TAX007895,Fatema قریشی,11964-2127368-3,Muhammed Hassan Qureshi,1973-12-24,5847364,787104
TAX007896,بلال Butt,47480-5314838-5,Muhammed بٹ,1955-05-01,2527622,289143
TAX007897,Marium Qureshi,10696-4919303-4,Faysal Quraishi,1993-12-09,2885992,342898
TAX007898,مریم شیخ,97511-4667645-0,Usman Sheikh,1999-11-21,1575808,146371
TAX007899,Sana Awan,66594-9391004-5,Ahmed Awan,,831738,34760
TAX007900,Fatima Sheikh,20210-2870885-2,Muhammad Faysal Shaykh,1990-03-21,517948,0
TAX007901,عمران خان,63318-4419227-7,Muhammad Bilal خان,2002-10-15,512398,0
TAX007902,فیصل قریشی,53205-5461043-9,Mohammad حسن Quraishi,1962-10-16,735159,20273
TAX007903,Bilal شیخ,43689-3030482-7,علی شیخ,1964-03-18,810996,31649
TAX007904,مریم Raja,75826-6619732-3,,1995-09-08,2144381,231657
TAX007905,Husain Mughal,41298-5951792-0,علی Moghul,1959-07-09,3385075,417761
TAX007906,Hira اعوان,42717-5634435-2,Faisal اعوان,,2372482,265872
TAX007907,Ali Moghul,27282-3722549-7,Muhammad احمد Moghul,1959-06-05,410000,0
TAX007908,ثناء Malick,24846-2026304-2,Mohammed Malick,1978-12-10,88158,0
TAX007909,حمزہ مغل,46794-1225650-4,احمد Moghul,2001-09-22,1021840,63276
TAX007910,Bilal Choudhary,48850-1519616-0,Husain چوہدری,1978-06-06,497752,0
TAX007911,Zainab Bhatti,62872-9215106-9,Ali بٹ,1981-09-18,402114,0
TAX007912,Usman راجہ,66748-7891796-3,محمد Raja,1991-06-24,11078484,1571772
TAX007913,Mohammad چوہدری,96468-6080929-7,Imran Ch.,1992-02-08,140003,0
TAX007914,حمزہ Butt,77821-7750411-9,Muhammad Ahmed Butt,1962-01-11,62039,0
TAX007915,Mohammed عثمان راجہ,60414-7640230-3,,1982-02-22,1460839,129125
TAX007916,علی Qureshi,62954-2033858-5,Hamza قریشی,1993-10-08,382351,0
TAX007917,احمد Bhatti,80905-6343123-1,حسین Butt,,435712,0
TAX007918,Muhammad Bilal Khan,14284-9045356-3,Hamzah خان,1983-02-25,80507,0
TAX007919,Mohammad حسین Sheikh,26044-4023435-5,,1965-03-01,4061709,519256
TAX007920,Ahmad Awan,23682-5806095-4,,1962-05-27,34813669,5132050
TAX007921,Ahmed خان,42287-5358997-8,Bilal خان,,117094,0
TAX007922,Muhammad Othman Shaykh,25613-7638371-9,,2000-04-28,191111,0
TAX007923,Mohammed راجہ,46497-4308396-8,بلال راجہ,1976-03-14,3948148,502222
TAX007924,Hira خان,90859-1668043-0,Faisal Khan,,512749,0
TAX007925,حسن Syed,64804-6318517-6,Othman سید,1981-07-13,2605907,300886
TAX007926,علی Quraishi,71403-4486763-1,Muhammad بلال Qureshi,1983-07-20,5746029,771904
TAX007927,حسین سید,13011-7624565-2,Osman Syed,2000-11-03,81933,0
TAX007928,Mohammad Imran Khan,47574-6832840-4,Bilal خان,1993-07-13,717424,17613
TAX007929,Fatema خان,37261-2067804-9,Mohammed فیصل Khan,1978-11-28,194447,0
TAX007930,ثناء قریشی,61135-1344644-6,,1991-07-21,656809,8521
TAX007931,Maryam Qureshi,62336-1446958-8,احمد قریشی,2001-03-12,2824653,333697
TAX007932,Hassan Choudhary,86870-9378454-7,علی چوہدری,2003-08-02,256966,0
TAX007933,Mohammad احمد Syed,18120-7676887-1,Usman Syed,1985-11-07,1712652,166897
TAX007934,Aysha Moghul,28775-4177667-6,Muhammed Mughal,1957-07-26,514557,0
TAX007935,Mohammed حسن ملک,40921-8828622-5,Faisal Malik,1964-07-04,3901426,495213
TAX007936,Zaynab خان,67585-3814542-0,Bilal Khan,1967-04-04,33404,0
TAX007937,Sana Sheikh,32185-1195941-7,,1966-02-04,1236855,95528
TAX007938,Aisha Shaikh,78454-4918228-9,Hamzah Shaikh,2001-02-23,372814,0
TAX007939,Hussain راجہ,46378-6169797-0,عمران راجہ,1967-10-15,564297,0
TAX007940,Mohammed Hasan بٹ,55432-3374026-2,Mohammed Othman Bhatti,,3562752,444412
TAX007941,Hamza Butt,22800-5787951-2,,1969-11-09,2097000,224550
TAX007942,Zaynab ملک,63406-2917830-9,فیصل ملک,1987-10-01,392340,0
TAX007943,Sana راجہ,81916-9653484-7,Ahmed راجہ,1955-07-19,3237976,395696
TAX007944,عثمان Malick,55567-9889792-9,علی Malick,1998-07-28,166749,0
TAX007945,احمد Awan,26009-9755718-1,Mohammad Hassan اعوان,1956-12-13,158428,0
TAX007946,Sana Chaudhry,38209-2846511-9,بلال Choudhary,1982-11-02,4174954,536243
TAX007947,Hira Butt,89024-6156187-5,حسن بٹ,1961-02-01,303630,0
TAX007948,حسن Sayed,10780-9063488-4,Ahmad سید,1994-12-22,3467112,430066
TAX007949,علی اعوان,56198-4115516-1,Mohammad Awan,1982-03-14,1649104,157365
TAX007950,فاطمہ بٹ,97978-0838122-6,محمد Bhatti,,6106607,825991
TAX007951,Muhammad Husain مغل,28387-6129245-9,Usman مغل,,608537,1280
TAX007952,Mohammad Hasan خان,93851-4622860-3,Ahmed خان,1998-06-10,2434738,275210
TAX007953,Mohammed عمران قریشی,70174-9294370-0,Hassan قریشی,1975-05-28,2349182,262377
TAX007954,عثمان Awan,44298-1221970-4,,1974-06-21,578641,0
TAX007955,Bilal اعوان,37963-1098541-6,Bilal اعوان,1978-06-14,944030,51604
TAX007956,Mohammed بلال Malik,20951-7633258-4,Mohammad Malik,1970-03-26,163502,0
TAX007957,Othman Awan,14800-8796237-1,Mohammad Ahmad اعوان,1982-12-19,1528852,139327
TAX007958,Ahmad راجہ,21996-5698391-8,Hamza Raja,2001-04-03,2854957,338243
TAX007959,Ayisha Malik,68212-7117880-7,Mohammed عثمان Malick,1967-02-26,6482342,882351
TAX007960,Ahmad Awan,15241-7580531-5,Imran Awan,1967-09-12,203536,0
TAX007961,Hira شیخ,77573-9192915-5,,1995-06-26,1305226,105783
TAX007962,Muhammed Husain بٹ,78544-9486286-7,Mohammed Bhatti,,903520,45528
TAX007963,زینب بٹ,67120-1113366-9,,,4119779,527966
TAX007964,Muhammad Quraishi,44952-3800354-7,Imran Quraishi,,419946,0
TAX007965,ثناء Malick,35978-2724586-6,عمران Malick,1989-11-18,763120,24468
TAX007966,Ahmad Awan,52566-8104125-6,Usman اعوان,1984-03-02,768788,25318
TAX007967,Mohammad راجہ,42267-3926611-4,Ahmad Raja,1964-06-10,128517,0
TAX007968,Maryam Syed,84376-7929507-7,Ahmed سید,1991-12-23,1362542,114381
TAX007969,علی Quraishi,41863-8922874-0,Muhammad Quraishi,1993-02-03,1331131,109669
TAX007970,Hamzah Awan,64939-3904950-0,Husain اعوان,1957-07-04,3383641,417546
TAX007971,Muhammad Imran Chaudhry,74298-8463141-5,Muhammed حمزہ Chaudhary,1966-10-18,220929,0
TAX007972,Hamza Malick,86997-2332415-8,فیصل Malik,1998-02-14,286230,0
TAX007973,Faysal Chaudhry,29478-4776807-1,Muhammed Hussain Chaudhry,,703217,15482
TAX007974,Aysha قریشی,28796-4128676-0,,1982-12-15,1182370,87355
TAX007975,Bilal قریشی,97105-7426125-7,Mohammad Bilal قریشی,1978-06-02,1278346,101751
TAX007976,Hamzah شیخ,93771-5753614-7,Muhammed Husain Shaikh,1990-04-01,133717,0
TAX007977,حمزہ Sayyid,49252-8339316-2,Hassan سید,1975-02-04,583515,0
TAX007978,Mohammed Ali شیخ,82189-6205912-5,Imran Shaikh,1962-10-25,630813,4621
TAX007979,حمزہ Awan,40792-2263010-5,Mohammed Ahmad اعوان,2001-08-14,54269,0
TAX007980,Muhammed Hassan قریشی,38825-6967449-3,علی قریشی,1984-06-19,4659366,608904
TAX007981,Mohammad Chaudhary,90045-8959539-8,Hamzah Choudhary,,467918,0
TAX007982,Hassan Raja,33470-9625469-3,عمران راجہ,1979-07-09,154824,0
TAX007983,Faisal Raja,67255-8740671-9,Mohammed Husain Raja,1968-04-19,1180365,87054
TAX007984,زینب Sheikh,19736-6059200-4,فیصل Sheikh,1957-09-03,3520975,438146
TAX007985,Mohammed Imran خان,74274-3221546-7,Muhammad عمران Khan,1962-10-14,283183,0
TAX007986,Zaynab Mughal,88663-2515025-7,Muhammad Usman Mughal,1985-09-09,451809,0
TAX007987,حسن سید,29622-1939503-6,حسن Sayed,1967-07-26,1548971,142345
TAX007988,Muhammad علی اعوان,46843-6790908-4,Ali اعوان,1977-04-24,913995,47099
TAX007989,ثناء راجہ,42296-1606273-8,Ahmad راجہ,1982-10-11,4445014,576752
TAX007990,فاطمہ چوہدری,47746-6221987-5,فیصل Chaudhary,1987-04-02,1800694,180104
TAX007991,Mohammed احمد Shaikh,,Hamza شیخ,1958-08-22,899715,44957
TAX007992,Faisal Shaikh,25507-7316674-9,Hamza Sheikh,1985-06-05,654944,8241
TAX007993,Hamzah بٹ,21201-7020752-7,Mohammad حسین Butt,,499560,0
TAX007994,Hira Bhatti,88937-7125602-9,Muhammed Hasan Bhatti,1976-04-14,447003,0
TAX007995,Muhammad Hasan راجہ,82191-8558551-1,بلال Raja,,333235,0
TAX007996,Ali Khan,37234-5102135-1,Bilal خان,1973-01-23,224337,0
TAX007997,Zaynab Raja,48139-8514626-6,Muhammed عثمان راجہ,1998-02-19,2565393,294808
TAX007998,Faysal Mughal,34616-8765028-9,Muhammad Hamzah Moghul,1987-06-16,1366018,114902
TAX007999,Hamza Khan,68978-1964001-0,حسین خان,1964-06-22,433684,0
TAX008000,Muhammad فیصل Quraishi,95563-3070361-0,Hamzah Qureshi,1973-05-08,8663483,1209522
TAX008001,Muhammed راجہ,14090-2423182-8,Mohammed Hussain Raja,1962-09-13,797492,29623
TAX008002,Muhammad علی شیخ,86988-8166944-0,Osman Sheikh,,515681,0
TAX008003,Hira شیخ,91731-9243918-5,Hussain شیخ,1987-03-20,252527,0
TAX008004,علی Syed,30684-8015338-7,Ali سید,1972-04-16,1590304,148545
TAX008005,Imran Sayyid,99324-2552698-8,,1965-10-01,538424,0
TAX008006,Muhammed Malik,23468-6556211-2,,,365936,0
TAX008007,Muhammed Bilal بٹ,23060-9350446-3,احمد Butt,1997-04-11,340683,0
TAX008008,Othman Sayed,59851-9868197-1,Ahmed Syed,1999-02-01,968675,55301
TAX008009,Muhammed Malik,78169-6095833-8,Usman Malik,1968-10-08,6913665,947049
TAX008010,Osman اعوان,95496-6111580-3,Bilal اعوان,1976-06-08,781388,27208
TAX008011,Muhammad Hasan اعوان,79566-1184704-2,عثمان Awan,1957-11-28,451294,0
TAX008012,Bilal Sayed,80758-3851516-6,Mohammed Hussain Syed,1989-02-08,2753222,322983
TAX008013,Mohammed Ali Bhatti,92639-5410214-9,Bilal Bhatti,1987-06-14,2984772,357715
TAX008014,Ahmad Choudhary,17483-9097554-1,,1989-05-05,464692,0
TAX008015,Imran بٹ,25167-6923030-9,محمد بٹ,1982-12-03,1646477,156971
TAX008016,علی Malick,62067-6154009-8,حسین Malick,1999-08-23,560226,0
TAX008017,Fatimah Malick,17842-9511298-8,Muhammed Hamza Malick,1989-04-10,433986,0
TAX008018,Muhammed عثمان Shaykh,47884-6290667-2,Hussein Shaykh,1969-07-17,1739890,170983
TAX008019,Imran Ch.,85955-8881617-0,Muhammed Chaudhary,1972-12-01,9231974,1294796
TAX008020,حسن Sheikh,56581-8760846-5,,1973-11-13,582458,0
TAX008021,Bilal خان,95465-9929411-2,Hasan خان,1961-11-10,487844,0
TAX008022,Ahmed Khan,56521-2421605-4,Muhammed حسین خان,1980-05-18,1203566,90534
TAX008023,Ali Sayed,94331-2050106-7,,1970-03-18,2224162,243624
TAX008024,علی Awan,68628-1608311-1,بلال Awan,1996-04-20,10908016,1546202
TAX008025,Maryam Quraishi,26619-3164304-7,,1983-04-03,599623,0
TAX008026,Zainab Khan,,حمزہ خان,1970-12-18,1556079,143411
TAX008027,بلال Mughal,58636-8538590-1,Mohammad Hamzah مغل,1978-03-13,870338,40550
TAX008028,Husain Shaikh,66193-4823993-4,Faysal Shaykh,1979-01-16,463614,0
TAX008029,Ahmad Mughal,31895-2457676-0,Hassan Mughal,1962-06-11,1796642,179496
TAX008030,عائشہ Qureshi,15329-9703774-3,Mohammed قریشی,1965-03-07,596460,0
TAX008031,ثناء Sayed,36547-2550755-2,محمد سید,2001-10-24,1001287,60193
TAX008032,Muhammed Hasan Awan,16167-4672452-5,Muhammed Hussain اعوان,1987-01-16,4269282,550392
TAX008033,Ahmad Moghul,17777-9036787-6,Muhammad مغل,1959-06-22,340639,0
TAX008034,عمران قریشی,,Ahmed قریشی,1968-03-23,574743,0
TAX008035,Ayesha Butt,23595-8353098-9,Imran Butt,1967-01-07,110580,0
TAX008036,Ahmad خان,76774-8907805-8,Imran Khan,1960-03-23,163425,0
TAX008037,Muhammed بلال قریشی,57857-9181064-2,Faysal Quraishi,1968-11-03,355929,0
TAX008038,بلال Raja,91595-9103309-5,Bilal Raja,1992-09-18,249180,0
TAX008039,Mohammad حسین مغل,67347-5700382-6,Mohammed Faisal Mughal,2002-03-08,1050817,67622
TAX008040,Ayesha ملک,41938-5413474-3,,1986-09-23,358831,0
TAX008041,حمزہ Shaykh,37393-2807800-2,Muhammad Ali شیخ,1987-07-18,591365,0
TAX008042,محمد بٹ,65274-5084876-4,,,425710,0
TAX008043,Muhammad Faysal Khan,86157-7547393-9,,1980-12-21,2902910,345436
TAX008044,Mohammad Imran اعوان,73052-7602269-2,عثمان Awan,1991-10-25,391795,0
TAX008045,Mohammad Faisal شیخ,47173-3751593-5,Ahmed Shaikh,,1554904,143235
TAX008046,Muhammed Bilal راجہ,36897-4406588-3,,1993-12-22,1654711,158206
TAX008047,Usman Quraishi,75380-6934704-2,Muhammed Quraishi,1962-12-26,200036,0
TAX008048,Hasan Shaikh,50333-7734396-5,,1973-10-20,556569,0
TAX008049,ثناء Khan,31760-3813552-7,Muhammed علی خان,,122095,0
TAX008050,Husain Malik,46376-7102947-5,Mohammed بلال Malik,1981-05-09,2461542,279231
TAX008051,فاطمہ Khan,12832-7267480-0,Imran Khan,1957-05-12,897111,44566
TAX008052,Muhammed Hussein شیخ,33894-4576956-1,Muhammad عثمان Shaykh,1989-10-20,4105446,525816
TAX008053,Ali Butt,43840-8393177-3,عمران Bhatti,1979-07-13,531019,0
TAX008054,محمد Awan,98717-6774992-0,,1996-09-27,235322,0
TAX008055,Muhammed Osman Awan,56927-7802292-1,Muhammed Faisal اعوان,1975-08-06,1365022,114753
TAX008056,Sana مغل,30406-7301009-6,Mohammad حمزہ Mughal,1998-07-11,5511081,736662
TAX008057,Hasan راجہ,36336-4398815-4,,1964-07-11,7504226,1035633
TAX008058,Hamza سید,26222-6889759-0,عمران سید,1987-06-02,286465,0
TAX008059,حمزہ Awan,80858-3333903-8,Muhammad اعوان,1996-08-24,2710295,316544
TAX008060,Mariam بٹ,14623-6696043-8,عمران Bhatti,1982-10-04,4750774,622616
TAX008061,Fatima Sayyid,,Mohammad Imran Syed,2003-10-10,65820,0
TAX008062,Hasan Awan,88182-9487256-4,Muhammed Faysal اعوان,1972-12-04,48206,0
TAX008063,Imran قریشی,72919-5619735-9,حسین قریشی,1958-07-23,517901,0
TAX008064,Maryam راجہ,15782-4807750-9,حسن راجہ,,584126,0
TAX008065,Mariam Malick,35388-8670123-3,,1963-03-02,648141,7221
TAX008066,Mohammed Quraishi,26596-8096614-6,,1985-10-02,2275198,251279
TAX008067,Hamza راجہ,97328-2339841-6,محمد راجہ,1974-12-19,1778059,176708
TAX008068,بلال قریشی,40207-2105148-5,بلال Quraishi,1989-04-28,824527,33679
TAX008069,Aysha Malik,95584-2819105-3,Muhammad Faysal Malick,1977-12-20,9696462,1364469
TAX008070,Bilal راجہ,29409-1074584-2,بلال Raja,,146694,0
TAX008071,عائشہ Quraishi,45120-1358611-6,Faisal Quraishi,1965-05-27,2562948,294442
TAX008072,Mohammed Othman Malick,54382-6526134-7,,1974-05-25,813466,32019
TAX008073,Mohammed Hamzah سید,36518-2309388-0,عمران Syed,1978-11-12,1097162,74574
TAX008074,حمزہ Sayyid,96531-6066183-1,Hamzah Sayyid,1985-08-12,400235,0
TAX008075,Mohammed احمد Sayyid,64936-5525669-7,Mohammed Sayed,1966-07-01,995113,59266
TAX008076,Muhammad Husain اعوان,33906-5832394-6,Imran Awan,1958-06-10,85040,0
TAX008077,Othman بٹ,42095-1761548-5,Hassan بٹ,1997-09-14,1404826,120723
TAX008078,Othman Ch.,31203-2092880-4,بلال Choudhary,1994-07-17,10012776,1411916
TAX008079,Marium Chaudhry,78940-8222847-9,Husain Ch.,1997-04-21,284128,0
TAX008080,Mohammad Hamzah Bhatti,57750-6498783-2,Imran بٹ,1972-12-02,751272,22690
TAX008081,حسن قریشی,44901-5774979-5,Hamzah Qureshi,1981-09-18,3298915,404837
TAX008082,حسن Quraishi,62016-1646144-7,Mohammed Hamza Quraishi,,767754,25163
TAX008083,Hamzah راجہ,81364-7477195-7,Muhammed احمد راجہ,1993-12-15,996999,59549
TAX008084,محمد Mughal,34309-7908280-7,Hamza مغل,1966-03-16,169685,0
TAX008085,فاطمہ چوہدری,31949-1110366-7,Othman چوہدری,,2020601,213090
TAX008086,فیصل قریشی,68408-5733311-4,Mohammed Hamzah Quraishi,1979-12-20,608798,1319
TAX008087,Ahmed Sayyid,,عمران Sayyid,,6712532,916879
TAX008088,Hussein Quraishi,50338-2747460-8,حمزہ قریشی,1996-12-02,265518,0
TAX008089,Bilal Malick,31329-3761121-7,Mohammed ملک,1957-12-06,1143778,81566
TAX008090,Muhammad حسن Bhatti,91564-6701430-0,Bilal Bhatti,1997-05-13,1445970,126895
TAX008091,Osman Malik,10921-8955704-2,Imran Malick,1991-11-18,876643,41496
TAX008092,Mohammad مغل,67154-8051842-4,احمد Moghul,,204760,0
TAX008093,زینب Sayed,80458-6889223-7,Osman Syed,1959-08-03,1125184,78777
TAX008094,Husain Malik,25175-1935298-9,Muhammad ملک,1995-06-28,1307265,106089
TAX008095,Mohammed خان,44136-2769210-8,احمد خان,1984-07-19,14727400,2119110
TAX008096,Hamza Khan,51106-9602954-6,Imran خان,1998-11-27,4028692,514303
TAX008097,Muhammed Hasan اعوان,12233-7801669-3,عمران اعوان,1956-08-26,1240899,96134
TAX008098,Fatimah Moghul,59160-5535296-3,عمران Mughal,1997-05-05,844299,36644
TAX008099,Fatimah Moghul,41224-9534266-8,Imran Moghul,1983-01-11,642686,6402
TAX008100,Hamza Ch.,77804-7532363-6,Faysal Chaudhry,1961-05-26,150219,0
TAX008101,Hussein شیخ,55293-3581561-8,Muhammad عثمان Shaykh,1998-04-07,492705,0
TAX008102,Maryam قریشی,82837-3389699-4,Muhammed قریشی,1990-04-09,1194153,89122
TAX008103,عمران Chaudhry,61194-7739546-0,Osman Chaudhary,1978-11-21,1199536,89930
TAX008104,فیصل Malik,56773-1276813-7,Mohammad Ahmed ملک,1982-03-15,883605,42540
TAX008105,Hamzah بٹ,15578-7238677-7,Imran بٹ,1992-06-21,1336678,110501
TAX008106,Mohammed علی مغل,47218-7929696-7,علی مغل,1979-10-13,827187,34078
TAX008107,حسن Raja,15991-9682495-3,حسن Raja,1975-01-10,449813,0
TAX008108,Mohammed حسن راجہ,54545-3033894-1,Faisal Raja,1958-12-07,136943,0
TAX008109,حمزہ Qureshi,77244-6829331-6,Muhammad Imran Quraishi,1977-04-22,892571,43885
TAX008110,Osman قریشی,32194-3259954-7,Hamza Quraishi,1989-03-07,1658998,158849
TAX008111,Hasan ملک,50861-3201127-0,Muhammad حسین ملک,1965-05-20,514201,0
TAX008112,Mariam راجہ,42904-1442969-0,,1979-11-02,1454756,128213
TAX008113,Ali Shaykh,86110-4508597-1,,,3353477,413021
TAX008114,Usman Malick,60014-6504373-3,Muhammad Malik,,836600,35490
TAX008115,Mohammed Husain خان,69215-6968125-1,Usman Khan,1965-12-11,430490,0
TAX008116,علی قریشی,33543-2507094-6,Hamza Qureshi,1967-09-28,577441,0
TAX008117,مریم اعوان,42233-1917926-1,Mohammad عمران Awan,1968-12-26,4422908,573436
TAX008118,Mohammad چوہدری,22606-1853164-3,Husain Chaudhry,1994-01-06,184801,0
TAX008119,Muhammad Faysal خان,78908-8934402-2,علی Khan,1968-11-21,451929,0
TAX008120,Mohammad Hasan Ch.,85969-5097355-2,عمران چوہدری,1998-10-04,1562490,144373
TAX008121,بلال راجہ,92181-9929328-2,Muhammad Hussain Raja,1991-12-24,3545147,441772
TAX008122,Ali Quraishi,95417-5888134-4,Mohammed Hussein قریشی,1976-11-14,346128,0
TAX008123,عمران Chaudhry,20190-2014492-3,علی چوہدری,2001-07-15,190776,0
TAX008124,Sana Syed,26320-4975667-0,Ahmed Syed,1971-05-10,980952,57142
TAX008125,عمران Syed,12694-8151744-3,,1980-07-03,338801,0
TAX008126,Mohammad Quraishi,66470-6083161-3,Faisal Quraishi,1960-12-17,450234,0
TAX008127,ثناء Syed,95377-5735503-7,Osman Syed,1988-07-24,384982,0
TAX008128,Zainab Butt,51487-9145907-0,,1964-05-11,371282,0
TAX008129,Mohammed حمزہ Awan,11755-6883878-9,Hamza اعوان,1982-02-27,2241843,246276
TAX008130,Ahmad Qureshi,37437-4188080-4,Ahmed Qureshi,,1866320,189948
TAX008131,محمد Chaudhary,93977-9140889-7,Hussain Chaudhry,2001-08-28,1053102,67965
TAX008132,Marium Chaudhary,64282-1345744-0,محمد Chaudhry,1967-03-02,751845,22776
TAX008133,حمزہ اعوان,29975-1834123-4,Hussein اعوان,1963-05-27,101221,0
TAX008134,حمزہ Sheikh,91393-9635091-9,Mohammed Othman Sheikh,1976-04-25,189277,0
TAX008135,ثناء Chaudhary,33595-3393028-7,Muhammed Hamzah چوہدری,1988-10-07,1404356,120653
TAX008136,Hassan Chaudhary,29055-5485134-8,Faisal Choudhary,1958-01-01,365778,0
TAX008137,Faisal Ch.,95160-7830603-1,Hussain Ch.,1984-04-07,168124,0
TAX008138,Muhammad Sayed,85034-7272824-3,Muhammed Hussain Syed,1961-01-08,4828554,634283
TAX008139,Mohammed Usman Qureshi,24018-5416952-5,Hassan Quraishi,1958-11-26,496849,0
TAX008140,Muhammad خان,87596-1058028-0,حمزہ خان,1983-04-16,541181,0
TAX008141,زینب قریشی,,علی Qureshi,1966-01-25,23652716,3457907
TAX008142,ثناء مغل,72119-6816897-3,عمران Mughal,1957-11-06,3476018,431402
TAX008143,Mohammed بلال Sayyid,91000-3527068-7,Faysal سید,1996-11-08,156212,0
TAX008144,Othman Quraishi,71391-8129406-1,Muhammad Hasan Qureshi,1998-01-17,1684770,162715
TAX008145,Mohammad خان,65826-3855691-0,,1994-12-02,2651862,307779
TAX008146,ثناء خان,11667-9520299-5,Ali Khan,1976-10-10,5446537,726980
TAX008147,Zainab سید,34149-5847176-3,حسین Syed,1962-04-09,884019,42602
TAX008148,Osman Qureshi,56496-7212280-2,Imran Quraishi,1994-03-03,1514994,137249
TAX008149,Mohammed حسن بٹ,81779-8689935-9,عثمان بٹ,1984-04-14,174245,0
TAX008150,Zaynab Mughal,38882-3241573-4,Mohammed بلال مغل,1979-09-19,89085,0
TAX008151,Hasan Sayyid,39702-7822664-9,Bilal Sayyid,1976-05-02,145750,0
TAX008152,احمد Malik,22114-3441458-1,Usman Malik,1978-01-02,1761156,174173
TAX008153,علی Qureshi,95439-5548657-1,Imran Qureshi,1985-05-05,1541779,141266
TAX008154,بلال Butt,78058-6501293-8,,1997-11-13,2415027,272254
TAX008155,حسن بٹ,88962-9110102-9,Osman بٹ,1988-03-22,870483,40572
TAX008156,Hamzah Malick,67228-3109414-7,Hamzah ملک,,450014,0
TAX008157,حرا Moghul,35823-6358549-5,حسن Moghul,1989-02-01,643434,6515
TAX008158,Ali راجہ,46171-3051115-3,,1999-01-19,452354,0
TAX008159,فاطمہ Qureshi,69798-3559704-1,Ali Quraishi,,517298,0
TAX008160,Faisal Mughal,97239-1458119-5,علی Mughal,1961-06-05,1630858,154628
TAX008161,Ahmad Moghul,85931-2370904-5,,1972-11-14,8620632,1203094
TAX008162,ثناء Awan,27351-8482499-3,عثمان اعوان,,2856544,338481
TAX008163,Mohammed Sheikh,36326-3037341-4,حسین Shaykh,2002-03-12,260966,0
TAX008164,Muhammad Ahmed Khan,10398-7120141-3,Hamza Khan,1958-11-24,830643,34596
TAX008165,حرا ملک,88993-4502733-8,Imran ملک,1968-03-05,7698234,1064735
TAX008166,Hamza بٹ,32541-3846657-0,,1958-08-07,269080,0
TAX008167,Hamza قریشی,33952-9635997-3,حمزہ Qureshi,1993-07-16,1306450,105967
TAX008168,Fatimah اعوان,69115-4352651-3,عثمان Awan,1971-08-05,139879,0
TAX008169,Muhammad عمران Moghul,91720-2669267-0,Mohammad عمران Moghul,,2070953,220642
TAX008170,Ayisha Quraishi,35334-6301758-1,Hasan Qureshi,1975-11-24,772452,25867
TAX008171,Hamzah سید,87842-9729075-8,Faysal Syed,1992-07-17,4075803,521370
TAX008172,Zaynab راجہ,61456-3139206-3,Hussain Raja,1972-10-13,264231,0
TAX008173,حمزہ راجہ,20759-9735860-7,محمد راجہ,1977-08-01,353123,0
TAX008174,Mohammad Mughal,49717-4340684-0,Muhammed علی Moghul,1992-07-14,1279558,101933
TAX008175,فیصل راجہ,88571-8400114-2,,1955-10-20,135885,0
TAX008176,Muhammad Malik,58421-5163370-0,Hussain Malik,1988-05-16,652737,7910
TAX008177,Mohammed فیصل اعوان,48248-9139707-9,,1955-10-16,317556,0
TAX008178,Hasan قریشی,84584-3013778-3,,1969-11-22,3415149,422272
TAX008179,فاطمہ Malick,95719-5552041-8,Muhammed Malick,1975-09-14,1720795,168119
TAX008180,فیصل قریشی,85119-4362549-8,Mohammed بلال Qureshi,1976-02-13,833627,35044
TAX008181,Sana ملک,,عمران Malik,1966-09-06,1343726,111558
TAX008182,Faysal Malik,35402-7796439-5,,1955-06-25,1688372,163255
TAX008183,عمران Sheikh,,Hamzah Shaykh,1990-04-11,772857,25928
TAX008184,فیصل Chaudhary,23301-6401170-9,Muhammed Choudhary,1984-03-14,1008604,61290
TAX008185,Aysha سید,60620-3570676-6,Muhammed بلال Sayyid,2002-06-16,395541,0
TAX008186,Zaynab اعوان,77178-1367998-2,Imran اعوان,1996-03-27,1533328,139999
TAX008187,Ahmed Khan,99083-3943749-3,,1958-03-14,288127,0
TAX008188,Faisal ملک,32202-7550557-5,Muhammed علی Malik,1997-11-24,2243184,246477
TAX008189,بلال Quraishi,37363-5994453-3,,1982-11-18,848818,37322
TAX008190,Mohammed Sayyid,59847-2283029-5,,1971-04-11,862615,39392
TAX008191,Husain Moghul,79399-3405113-4,Muhammad Hassan Mughal,1982-12-28,1040093,66013
TAX008192,Zaynab Raja,61031-7917252-2,علی Raja,1986-08-03,2927184,349077
TAX008193,Muhammad شیخ,49877-5105434-2,Ahmed Shaikh,1958-06-14,217157,0
TAX008194,Ahmad Awan,44948-7203702-5,Hussain اعوان,1962-02-23,4817808,632671
TAX008195,Ahmad Awan,94580-5662185-1,Muhammad Hamzah Awan,1978-01-22,1387341,118101
TAX008196,Sana Chaudhry,60986-6727249-2,Muhammad Hassan Chaudhary,1978-12-23,270972,0
TAX008197,Faisal Shaykh,86107-1940400-3,Ali Shaikh,1972-01-24,1555548,143332
TAX008198,علی ملک,82017-6397057-4,Muhammad علی Malick,1985-01-06,1482433,132364
TAX008199,Othman Quraishi,65664-4304779-9,Muhammed Faisal Qureshi,1956-05-25,266121,0
TAX008200,ثناء Sheikh,67740-9761452-5,علی Shaykh,1983-06-08,1036027,65404
TAX008201,Mohammad Hassan Butt,31523-8678754-1,Hassan بٹ,1969-10-15,2030905,214635
TAX008202,Muhammad Shaykh,57192-4969208-1,Ahmad Shaikh,1978-10-16,1643221,156483
TAX008203,Hira Sayyid,90186-2765955-3,Ali Sayyid,1980-02-10,181165,0
TAX008204,Osman بٹ,40340-6053736-5,احمد بٹ,1964-10-04,508707,0
TAX008205,عمران Awan,54551-3884476-6,Mohammad حسن Awan,1979-11-06,271307,0
TAX008206,Imran قریشی,64579-5047798-5,Mohammed قریشی,1964-10-19,319364,0
TAX008207,Muhammad Othman قریشی,92654-9848074-7,حسین قریشی,1983-07-11,68377844,10166676
TAX008208,عمران Butt,45902-9030962-6,,1959-05-08,847957,37193
TAX008209,Othman Khan,98460-5714753-4,Hussein خان,1982-09-22,2494782,284217
TAX008210,Faisal Khan,52614-6292254-2,فیصل خان,1989-01-15,1753790,173068
TAX008211,حرا Qureshi,18438-8352716-6,,,1145786,81867
TAX008212,حرا Butt,61698-6209964-6,Usman بٹ,1988-11-17,3012043,361806
TAX008213,Faisal شیخ,74863-7258634-8,Othman Sheikh,1983-01-26,1826200,183930
TAX008214,فیصل مغل,46104-4517081-6,Faysal Mughal,1996-01-05,175097,0
TAX008215,Osman Sheikh,63994-2969867-2,Muhammed Faysal Sheikh,1975-05-01,1729283,169392
TAX008216,Osman Moghul,89419-5016809-4,حسن مغل,1985-01-06,4666788,610018
TAX008217,Mohammed علی Raja,90362-7940200-3,Hasan Raja,1958-01-26,441924,0
TAX008218,Ahmed Awan,,Hamzah اعوان,1990-01-20,1460552,129082
TAX008219,Ahmad Qureshi,34360-9653300-7,,1973-08-19,431822,0
TAX008220,علی خان,46811-3606847-6,,1980-04-06,129443,0
TAX008221,حمزہ Sayyid,88057-5015326-7,Ahmad Syed,1999-12-22,1109803,76470
TAX008222,Hassan راجہ,32815-8374644-3,Ahmad Raja,1956-07-24,707937,16190
TAX008223,Usman ملک,46426-8233090-3,حمزہ Malick,,172915,0
TAX008224,Ali Malick,96575-6716809-8,Mohammed Malik,1992-10-27,1691649,163747
TAX008225,Bilal Shaikh,51071-7973484-8,محمد Sheikh,1973-03-18,1571984,145797
TAX008226,Mohammed Hasan سید,69769-7536449-5,حسن Syed,1972-08-08,1629294,154394
TAX008227,حسین Malick,14100-5344472-7,Muhammed احمد Malik,1987-09-08,531372,0
TAX008228,محمد ملک,70678-5374780-7,محمد Malik,1997-06-10,380238,0
TAX008229,Bilal Awan,34325-2413903-5,حسین اعوان,1971-07-27,1554632,143194
TAX008230,Hamzah مغل,23873-6319381-7,Hussain مغل,1970-09-14,776440,26466
TAX008231,علی Raja,,Mohammad Othman Raja,1970-09-03,1692070,163810
TAX008232,حسن Raja,23682-5536297-1,Muhammad راجہ,1957-10-23,2020362,213054
TAX008233,Muhammad احمد Mughal,63169-6340525-3,Muhammed مغل,,328587,0
TAX008234,Ahmed Qureshi,34895-8271071-8,محمد قریشی,,507039,0
TAX008235,Imran اعوان,60979-5323030-9,علی Awan,2001-03-02,349458,0
TAX008236,Bilal Shaykh,99530-3126576-9,Mohammad Husain شیخ,1991-05-27,695158,14273
TAX008237,Faisal راجہ,97124-9821369-4,حمزہ Raja,1995-12-22,162347,0
TAX008238,Ayesha Awan,97338-4065917-1,Usman اعوان,1980-12-01,477397,0
TAX008239,Hamzah Sayyid,76805-5672989-5,,,334675,0
TAX008240,عثمان Shaykh,80276-3018041-0,Muhammed Bilal Sheikh,,328194,0
TAX008241,Mohammed Hussein Chaudhary,20160-2557085-0,Muhammed Ali چوہدری,2002-04-10,827510,34126
TAX008242,حمزہ Sheikh,31390-4240343-8,Mohammed Imran Shaykh,1961-11-07,412833,0
TAX008243,Hamzah Shaikh,81342-2942979-8,Mohammed Hamza شیخ,1980-04-06,877627,41644
TAX008244,Muhammad Raja,44393-1752597-9,Hassan راجہ,1956-07-26,1875774,191366
TAX008245,عمران Sheikh,97230-2368783-4,Muhammed عمران Shaykh,1973-07-08,1131722,79758
TAX008246,عائشہ Bhatti,49589-7483962-3,Hasan بٹ,1958-08-05,2811236,331685
TAX008247,Ali قریشی,60505-2595424-4,بلال Quraishi,1993-06-13,2090330,223549
TAX008248,Marium Khan,34683-3851881-0,حسن Khan,1969-12-01,139705,0
TAX008249,Faisal Syed,73672-6211413-4,حسن Syed,2002-05-05,1557079,143561
TAX008250,احمد Raja,99526-4022455-9,عمران Raja,1999-12-21,172733,0
TAX008251,Fatema Sheikh,25137-2337162-6,حسین Sheikh,1988-09-21,399460,0
TAX008252,Hasan Awan,14078-4043215-5,حسن اعوان,1976-04-20,1475242,131286
TAX008253,Mohammad Sheikh,53154-7984410-0,Hamza Shaikh,,292173,0
TAX008254,Muhammad احمد Ch.,83838-9688126-4,Ahmed Chaudhry,1994-09-26,466159,0
TAX008255,Imran مغل,98359-9199914-5,Mohammed مغل,1995-01-28,260202,0
TAX008256,Bilal Malick,79873-1365747-1,فیصل Malick,1968-10-09,824283,33642
TAX008257,Ayisha Choudhary,41691-2951777-5,Faisal Ch.,1968-11-27,1454467,128170
TAX008258,Muhammed Faisal Butt,51761-9020530-5,Ali Bhatti,2000-07-24,564681,0
TAX008259,Hassan Chaudhry,73186-7777008-0,Muhammed علی Ch.,1955-05-04,13285885,1902882
TAX008260,Muhammed ملک,64143-5975577-6,Hassan ملک,1962-03-03,231642,0
TAX008261,Hasan ملک,16478-7631136-9,علی Malick,1992-06-04,1693628,164044
TAX008262,Faisal Sheikh,89341-1710985-0,Muhammad Shaykh,1992-02-08,638883,5832
TAX008263,احمد Malik,16406-5292100-7,علی Malick,1984-12-01,1012366,61854
TAX008264,عمران Quraishi,32461-7100049-0,Osman Quraishi,1970-01-08,605859,878
TAX008265,Muhammed Osman قریشی,47001-4911518-6,,1974-02-04,743907,21586
TAX008266,Mohammed راجہ,16364-5962979-5,احمد راجہ,1963-07-23,1580642,147096
TAX008267,ثناء Bhatti,73251-7440084-1,Mohammad بٹ,1992-03-12,963225,54483
TAX008268,علی راجہ,45249-9769440-8,Ahmed Raja,1997-12-24,4497317,584597
TAX008269,Muhammed عثمان Awan,90304-3346008-9,,1966-07-18,1043778,66566
TAX008270,Hira Awan,14999-1680687-7,Faisal Awan,1990-06-03,892268,43840
TAX008271,Imran Khan,86053-8312031-9,,1995-08-26,1510743,136611
TAX008272,Hussain Chaudhry,58272-3390956-3,محمد Ch.,1967-12-12,181453,0
TAX008273,حرا Khan,76013-8227269-9,بلال Khan,1981-04-22,243488,0
TAX008274,Muhammad بلال شیخ,98296-2449798-6,Muhammad عمران شیخ,1965-05-25,404071,0
TAX008275,حسن شیخ,14302-4712947-9,Muhammed حسین Shaykh,1964-04-12,669316,10397
TAX008276,بلال Quraishi,21771-3086714-6,علی قریشی,1968-01-20,353047,0
TAX008277,ثناء مغل,99580-1173621-8,Muhammad Hamzah Moghul,1965-10-25,1968819,205322
TAX008278,بلال چوہدری,74118-8591916-3,Faysal Chaudhary,1966-11-08,2240011,246001
TAX008279,Osman Malick,64382-9457246-3,Hassan ملک,1960-08-26,894098,44114
TAX008280,Mohammed Malik,89567-2169835-0,Muhammad Bilal ملک,1975-02-24,385797,0
TAX008281,Othman راجہ,89756-8894838-4,احمد Raja,1982-05-24,779432,26914
TAX008282,Fatema Khan,86580-4524427-1,Faysal خان,1973-03-14,853711,38056
TAX008283,علی مغل,95748-8804308-8,,1990-10-01,1853019,187952
TAX008284,Sana خان,89670-6685224-6,Ali Khan,1969-09-04,653100,7965
TAX008285,ثناء Bhatti,62210-9435225-9,Muhammad Hamza بٹ,1964-11-25,218054,0
TAX008286,Ayesha Choudhary,31025-7906958-2,عمران چوہدری,1983-04-10,444930,0
TAX008287,Fatimah Malick,78607-3215829-1,,1998-03-04,1341035,111155
TAX008288,Faisal خان,63027-1184135-2,Osman خان,1968-03-26,833208,34981
TAX008289,Mohammed Usman مغل,43456-9359837-0,,2003-03-24,1225717,93857
TAX008290,زینب راجہ,98356-9272496-9,Bilal راجہ,1961-12-08,655840,8376
TAX008291,حرا ملک,31082-5802585-1,Ahmad ملک,1960-12-25,86245,0
TAX008292,Muhammad Husain Khan,90374-3816113-2,Hamza خان,1983-03-18,2258191,248728
TAX008293,Usman Chaudhry,45989-2271542-0,,1962-12-19,2089050,223357
TAX008294,Zaynab بٹ,39816-6484384-8,حسین بٹ,1966-05-14,9065069,1269760
TAX008295,Osman خان,73996-4320889-7,Ahmed Khan,1997-03-11,1083040,72456
TAX008296,احمد Khan,93920-5858815-8,,,180276,0
TAX008297,Hira اعوان,69904-9440913-8,Ahmed Awan,1969-06-21,1768227,175234
TAX008298,علی Sayyid,55507-1724880-7,Faysal Syed,1976-07-16,3331732,409759
TAX008299,Muhammed حمزہ Sayyid,33477-1777494-1,حسن Syed,1976-09-07,297183,0
TAX008300,Bilal مغل,87763-6405301-2,Osman Moghul,1971-06-17,3256461,398469
TAX008301,بلال Shaikh,65571-8830220-9,علی Shaikh,1983-12-19,445955,0
TAX008302,Muhammed Ahmad Chaudhary,67598-5741255-6,علی Chaudhry,1970-09-08,204320,0
TAX008303,بلال Moghul,90171-9148057-3,Ahmad Moghul,1974-05-24,2980423,357063
TAX008304,Zainab سید,53204-4733940-4,بلال سید,1995-11-13,1230642,94596
TAX008305,Mohammad Hassan Sheikh,44706-8889707-5,محمد شیخ,1962-05-17,2505604,285840
TAX008306,Imran راجہ,67747-1587529-1,Hussain Raja,1970-08-08,630373,4555
TAX008307,زینب خان,27439-3618364-6,,1969-11-02,147721,0
TAX008308,Muhammed Faysal راجہ,91668-3396213-8,عمران راجہ,1999-03-02,540133,0
TAX008309,Imran Qureshi,75642-8349104-5,Faisal Quraishi,1995-05-13,2151956,232793
TAX008310,علی Malik,79642-1234671-8,,1979-03-04,3664846,459726
TAX008311,Ali اعوان,47591-8336647-2,Usman اعوان,1970-09-09,59790,0
TAX008312,علی خان,10687-3962194-6,Mohammed عمران خان,1956-04-08,923570,48535
TAX008313,Maryam مغل,12327-8810063-2,Hasan مغل,,453067,0
TAX008314,Ahmed Butt,32897-3537056-2,Muhammad Imran Butt,1987-02-20,852291,37843
TAX008315,زینب Sheikh,29543-8204267-2,,1972-11-25,978790,56818
TAX008316,Mohammad فیصل Raja,22717-6291081-6,Muhammad Othman راجہ,,834485,35172
TAX008317,عمران خان,,Mohammed Ahmad خان,1976-03-09,1049654,67448
TAX008318,Usman شیخ,63044-2361425-7,احمد Shaykh,1997-04-19,35263,0
TAX008319,مریم Sheikh,11876-5502169-1,Ali شیخ,1975-07-05,754019,23102
TAX008320,Sana Malick,36619-6977764-7,Ali ملک,1977-07-22,183468,0
TAX008321,عمران Shaikh,30739-4274316-8,Ahmed Shaikh,2002-10-13,628086,4212
TAX008322,Hassan Syed,,حمزہ Sayyid,1984-08-08,764230,24634
TAX008323,Hussain Sheikh,80503-8178096-6,محمد Shaykh,,472906,0
TAX008324,علی Qureshi,36843-3203636-4,,1983-10-23,494752,0
TAX008325,Mohammed عمران مغل,81004-7081978-5,Mohammed مغل,1978-10-06,1050706,67605
TAX008326,Bilal Chaudhry,17875-7492750-7,,1962-01-09,1666087,159913
TAX008327,Mohammad حمزہ Moghul,36303-3509878-1,بلال Mughal,1964-09-06,1941264,201189
TAX008328,Mohammed حسن Qureshi,82673-8500947-1,Hussein Qureshi,1965-02-20,986072,57910
TAX008329,زینب سید,17614-5749988-5,Imran Sayed,1993-05-11,1838581,185787
TAX008330,حسن Qureshi,69554-2888676-5,Hussein Quraishi,1962-06-20,1663144,159471
TAX008331,احمد Choudhary,39897-1653672-4,Muhammed Osman چوہدری,1996-04-08,569932,0
TAX008332,بلال Sayed,,,2003-07-06,114984,0
TAX008333,فیصل Sayyid,61472-1747685-8,Ahmad سید,1955-09-11,1049716,67457
TAX008334,Muhammad Butt,75821-9577948-9,,,569720,0
TAX008335,حمزہ سید,40984-3178576-9,Mohammad Syed,,926901,49035
TAX008336,Mohammad Hussein Raja,73674-8854515-4,فیصل Raja,1990-06-09,134797,0
TAX008337,Muhammed سید,43754-5921135-6,Hussein سید,1998-10-10,764747,24712
TAX008338,Husain Raja,97970-3043964-0,,1960-06-22,10005515,1410827
TAX008339,بلال Sayed,97931-3936989-8,,1960-01-22,6884733,942709
TAX008340,Mohammad راجہ,27701-6072212-1,Muhammed حمزہ راجہ,1991-05-13,284684,0
TAX008341,Ali شیخ,65070-3777248-9,Mohammed Othman Shaikh,1966-11-07,1887928,193189
TAX008342,Muhammed قریشی,33046-9294039-0,عمران Qureshi,1986-03-11,553321,0
TAX008343,Bilal Syed,,Imran سید,1979-02-11,1199778,89966
TAX008344,Mohammad Osman Khan,34738-4154919-3,Faysal Khan,,4509803,586470
TAX008345,علی Chaudhary,85972-7442212-5,Faisal Ch.,1968-02-10,148677,0
TAX008346,Ayesha Awan,94922-8851213-4,Mohammad Awan,,53235,0
TAX008347,حسین شیخ,21419-8342106-0,Ali Shaikh,1975-07-05,666914,10037
TAX008348,Hira چوہدری,37014-8111809-0,Usman Choudhary,1985-05-16,522605,0
TAX008349,Maryam اعوان,21053-1659559-0,Othman Awan,1962-02-03,377030,0
TAX008350,Maryam ملک,63198-8630931-2,Mohammad Faisal Malik,1969-11-18,375369,0
TAX008351,Usman راجہ,57257-2111926-2,عمران Raja,,891321,43698
TAX008352,Bilal Chaudhry,10618-7907562-7,,1983-04-18,10465714,1479857
TAX008353,Fatimah بٹ,45903-7348350-4,Ahmed Bhatti,2002-02-27,1465497,129824
TAX008354,فیصل Chaudhary,35185-1936873-8,Muhammad Usman Choudhary,1987-03-24,223104,0
TAX008355,Imran Malick,78251-2081416-6,,1998-09-06,323449,0
TAX008356,فیصل بٹ,46421-7471609-0,محمد Bhatti,1985-09-21,470148,0
TAX008357,Mohammed Usman Awan,14491-5547397-1,احمد Awan,1994-01-11,6308598,856289
TAX008358,علی Sayed,27927-4322938-9,بلال Sayed,1981-09-16,2625474,303821
TAX008359,Bilal چوہدری,77215-8336273-8,Mohammad Chaudhry,1990-11-17,428560,0
TAX008360,Osman Syed,43196-9104596-6,,,3559220,443883
TAX008361,Hira خان,74636-4254467-7,Ahmad Khan,1961-07-03,228962,0
TAX008362,Muhammed علی اعوان,79143-8980982-8,محمد اعوان,1968-03-10,2999912,359986
TAX008363,Aysha Sayyid,41382-5599692-7,Muhammad Osman Syed,1974-09-01,1745445,171816
TAX008364,Faisal Malick,75151-3765537-6,Mohammed ملک,1989-09-14,507538,0
TAX008365,حمزہ Sheikh,77281-8488746-0,Imran Shaykh,1994-12-26,3774746,476211
TAX008366,Mohammad فیصل Raja,93120-6171074-9,محمد Raja,1996-01-26,6435824,875373
TAX008367,Aysha Khan,33809-8024367-7,Bilal Khan,1959-09-04,1002918,60437
TAX008368,Muhammed Imran Choudhary,36994-2649828-9,حسن Ch.,1993-12-18,597161,0
TAX008369,Hassan خان,33986-9218350-2,Faisal Khan,1959-04-04,731177,19676
TAX008370,Ahmed Sayyid,92866-5758384-0,Imran Sayed,,280129,0
TAX008371,بلال Bhatti,82365-6711254-6,Faisal بٹ,1967-05-09,399800,0
TAX008372,عمران Syed,88702-5986151-1,Faisal Syed,1964-10-07,1260442,99066
TAX008373,Bilal Chaudhary,54426-5356530-0,Ahmed Choudhary,1964-04-14,345562,0
TAX008374,Hassan Chaudhry,69106-1239228-5,عمران Choudhary,1987-07-03,204925,0
TAX008375,Hira قریشی,27994-4433510-4,احمد Qureshi,1976-08-16,1285565,102834
TAX008376,Ahmed بٹ,63923-4710396-0,Hamzah بٹ,2003-08-23,1763659,174548
TAX008377,Ali Awan,85256-3336168-4,Hussein Awan,1987-08-21,1471455,130718
TAX008378,حمزہ Shaykh,72064-1714834-1,Muhammed Othman Shaikh,1978-10-02,659473,8920
TAX008379,Mohammed حمزہ Syed,14197-2741280-6,,1986-11-27,251919,0
TAX008380,Imran خان,45385-3743311-7,Ahmad Khan,1979-08-05,160876,0
TAX008381,Marium مغل,69372-4573642-3,Muhammad احمد Moghul,1979-08-28,1604232,150634
TAX008382,Mohammad Bilal Sayyid,41658-3264991-6,Ali Sayyid,1988-10-04,3587365,448104
TAX008383,Muhammed حمزہ راجہ,54058-4142624-6,Hussain راجہ,1994-03-21,830917,34637
TAX008384,Muhammad Husain Quraishi,27455-5263770-1,,1959-07-25,704575,15686
TAX008385,Imran اعوان,84626-7023760-1,Hamzah اعوان,1999-05-11,410370,0
TAX008386,Imran Malick,98975-8261783-7,حسن Malick,1968-05-10,3154903,383235
TAX008387,حمزہ Raja,61717-7060352-4,Muhammad Faysal راجہ,1978-03-16,196621,0
TAX008388,Ali Khan,39324-4907992-1,Muhammed خان,1970-04-15,796567,29485
TAX008389,Aisha مغل,50517-4902217-1,بلال مغل,1993-02-23,172434,0
TAX008390,Ali Quraishi,63185-2266968-8,Osman قریشی,1964-09-15,175362,0
TAX008391,Mohammed Imran Shaikh,14531-8886136-7,Bilal Shaykh,1955-02-08,3253413,398011
TAX008392,Hasan Malick,87996-1234027-6,Muhammed Malick,1972-07-15,478508,0
TAX008393,Hasan سید,58572-5160770-6,Ahmad Sayed,1999-01-11,2065384,219807
TAX008394,Mohammed Ahmed Chaudhry,18121-8690522-2,عمران چوہدری,1965-06-11,1438640,125796
TAX008395,بلال Moghul,22277-6607476-3,,2001-10-26,409406,0
TAX008396,Hasan Choudhary,33605-6586905-3,Hassan Chaudhry,,3594296,449144
TAX008397,علی Shaikh,34866-5661659-8,,1996-07-01,1242200,96330
TAX008398,Muhammed خان,39409-9609658-6,حسین خان,1992-11-20,1791106,178665
TAX008399,Hamza Mughal,27269-9821159-9,Imran Moghul,1961-09-12,2794624,329193
TAX008400,Faisal Malick,,محمد Malick,1980-10-05,962592,54388
TAX008401,بلال قریشی,23618-4395115-0,Mohammed عثمان Qureshi,1999-07-16,3237046,395556
TAX008402,Hussein اعوان,99935-9356885-8,Mohammad Faisal Awan,1958-05-09,3148820,382323
TAX008403,مریم Raja,77137-2584719-9,Muhammad Raja,1967-04-03,232207,0
TAX008404,Mohammed Hasan قریشی,,Bilal قریشی,1975-04-08,570370,0
TAX008405,Bilal خان,94943-4458309-1,Mohammed خان,1966-06-22,1105167,75775
TAX008406,Osman Choudhary,72576-2362474-2,Hussein Chaudhry,2003-10-26,2023850,213577
TAX008407,Usman Qureshi,90843-7066706-0,حسین Qureshi,1960-09-03,355222,0
TAX008408,زینب Butt,94819-8811280-0,Muhammed Faisal Bhatti,1987-11-07,4044025,516603
TAX008409,احمد مغل,52772-4796461-7,Hasan مغل,1987-11-28,1486002,132900
TAX008410,Hassan Chaudhry,40577-8978284-1,حسن Ch.,,1466372,129955
TAX008411,Ali Shaikh,92685-1761395-4,فیصل Sheikh,,555815,0
TAX008412,Mohammad Hussain قریشی,30550-4394563-0,Imran قریشی,1979-01-13,289252,0
TAX008413,Hamza Awan,85587-5666206-7,علی اعوان,1959-05-04,1907814,196172
TAX008414,علی مغل,94755-3255382-8,Mohammad بلال Mughal,1976-06-20,864419,39662
TAX008415,Marium Malik,78164-2038272-8,حسین ملک,1999-09-20,7230691,994603
TAX008416,زینب Qureshi,76607-9652183-1,Hussain قریشی,1998-04-23,599499,0
TAX008417,Faysal ملک,19220-2024822-7,,1958-06-11,98039,0
TAX008418,Ahmed Chaudhary,21258-9257310-1,,1982-05-06,383184,0
TAX008419,Zaynab Shaikh,76384-9999915-8,علی Shaykh,1963-08-24,2793665,329049
TAX008420,Fatimah Bhatti,33074-9231432-2,Mohammad Ali بٹ,1963-01-27,2679836,311975
TAX008421,Marium اعوان,46995-6182165-9,Ahmed اعوان,1983-10-06,5202577,690386
TAX008422,Ahmad Bhatti,61806-3104865-4,Hamzah بٹ,,983620,57543
TAX008423,Ayesha Sayed,34456-8342092-7,Usman Syed,1995-07-10,2834630,335194
TAX008424,Muhammed اعوان,21444-1187690-4,Hasan اعوان,,1248604,97290
TAX008425,Mohammad بلال راجہ,96085-1025585-4,Mohammad Ali Raja,1983-05-20,1058738,68810
TAX008426,Ayesha Choudhary,13543-9634131-8,Mohammad چوہدری,,6598257,899738
TAX008427,Muhammad سید,64228-4286074-2,Mohammad Husain Sayyid,2000-03-01,4671831,610774
TAX008428,حسین Raja,18965-8169480-5,Hamzah راجہ,1982-03-26,1643262,156489
TAX008429,Hira Awan,82704-2185173-3,Hussain Awan,1962-07-10,2905958,345893
TAX008430,Mohammad Hamza Malick,92913-3712110-8,Hussein Malick,1973-04-18,447501,0
TAX008431,Sana چوہدری,46234-3692608-7,بلال Ch.,1999-09-25,537923,0
TAX008432,حسین Moghul,10651-3472589-2,,1995-01-15,2021670,213250
TAX008433,Bilal قریشی,,بلال Qureshi,1998-04-26,5369120,715368
TAX008434,Husain چوہدری,47078-2206773-7,Mohammed Chaudhry,,1193772,89065
TAX008435,Hussain Sayyid,18774-3399140-4,Muhammad حسن سید,1997-12-05,7104977,975746
TAX008436,Hamzah چوہدری,82148-1400871-2,علی Ch.,1964-08-17,2931056,349658
TAX008437,حسن Khan,99819-2597640-9,احمد Khan,1955-03-14,384482,0
TAX008438,Ali Malik,74964-8187463-1,,1996-05-16,7744573,1071685
TAX008439,Faisal چوہدری,43536-3907817-6,Hussein چوہدری,1958-01-17,2005004,210750
TAX008440,Hira Mughal,49381-4111052-0,Hamzah Moghul,1978-03-27,4657647,608647
TAX008441,Bilal Chaudhary,11426-4240305-1,,1981-03-27,509362,0
TAX008442,Faisal Mughal,31472-3757884-9,Muhammed Moghul,,1671025,160653
TAX008443,Mohammed Ahmed Choudhary,55897-3627974-7,Hamza Choudhary,1981-05-06,408619,0
TAX008444,فیصل Khan,39448-3172702-9,Hamza خان,,675244,11286
TAX008445,Hamzah چوہدری,16201-7275577-0,عمران Choudhary,,1712164,166824
TAX008446,حسن قریشی,82982-7986147-8,Hassan قریشی,1997-09-12,627820,4173
TAX008447,Ahmad شیخ,,Muhammad Shaykh,1957-02-11,49036,0
TAX008448,عمران راجہ,17682-6765562-6,Ali راجہ,1977-10-17,534689,0
TAX008449,Mohammad بلال Sayed,73018-3906607-4,Hassan Sayed,1989-01-24,2963631,354544
TAX008450,حسن اعوان,58203-1454363-7,Imran Awan,1969-11-10,173844,0
TAX008451,Muhammed Imran چوہدری,38384-1013078-3,حمزہ Ch.,1961-03-11,2100851,225127
TAX008452,Usman بٹ,38495-9191680-4,Muhammad Ali Bhatti,1958-03-22,317459,0
TAX008453,عمران Malick,99771-6117336-3,Muhammed Imran Malick,1970-03-23,218828,0
TAX008454,Muhammad Hasan شیخ,95405-2557636-9,Ahmed Sheikh,1956-11-25,114181,0
TAX008455,Sana مغل,79336-5737030-7,,1998-02-23,514622,0
TAX008456,Sana قریشی,30424-2562480-7,,,2622781,303417
TAX008457,Othman مغل,84190-3722510-3,,1955-08-28,460796,0
TAX008458,Mohammad Bilal Malick,80613-3732855-3,Ali Malick,1986-04-18,6815373,932305
TAX008459,Hamzah مغل,20973-5121384-9,Hamza مغل,1969-02-21,34663,0
TAX008460,Ayesha Sayed,66268-2808065-4,Faisal Sayed,1998-01-10,969825,55473
TAX008461,Imran Bhatti,24882-8172740-2,Faisal Butt,1974-05-07,839504,35925
TAX008462,بلال Sheikh,46491-9956427-8,Ahmed شیخ,1993-01-26,2507858,286178
TAX008463,حمزہ Syed,95236-6955321-6,Osman سید,1958-02-13,861327,39199
TAX008464,حمزہ Choudhary,92326-7894409-8,Mohammad Hussain Ch.,,734709,20206
TAX008465,Mohammad Osman Khan,97355-4655960-7,عمران خان,1970-09-12,335480,0
TAX008466,Fatimah Qureshi,55170-8287168-5,Mohammed عمران Qureshi,1991-10-07,261246,0
TAX008467,Bilal مغل,54604-5602049-2,بلال مغل,1958-03-14,2620227,303034
TAX008468,Mohammad عثمان ملک,18437-5078991-3,Ahmed Malick,,870181,40527
TAX008469,Zainab Syed,21531-4602763-1,بلال Sayed,,2338381,260757
TAX008470,Aysha بٹ,,Mohammad Imran Bhatti,1993-09-11,575965,0
TAX008471,عثمان اعوان,87312-5484500-7,,1990-09-02,821932,33289
TAX008472,Osman Butt,12448-8000983-9,Faysal Butt,1960-10-16,996082,59412
TAX008473,Usman Qureshi,72219-5245031-2,Muhammed Quraishi,,490966,0
TAX008474,Faysal Butt,50049-2044149-5,Muhammad Bilal بٹ,1978-06-22,260874,0
TAX008475,Ayisha Awan,28000-4833558-1,Hasan اعوان,1997-01-02,352507,0
TAX008476,علی اعوان,16148-3834336-2,,1996-12-24,740132,21019
TAX008477,Mohammad Shaykh,27117-4803960-4,عمران Sheikh,1999-10-24,1327341,109101
TAX008478,Ahmad Raja,83157-3629588-4,Mohammad Raja,1996-08-16,198633,0
TAX008479,Muhammad Hassan راجہ,65006-6181872-5,عمران راجہ,1997-10-11,212490,0
TAX008480,Mariam Malik,79504-1344102-6,Husain ملک,1985-03-28,5291253,703687
TAX008481,Ahmed Chaudhry,53525-1474139-9,Muhammed Ch.,,1070532,70579
TAX008482,Mohammad Bhatti,,,1958-05-01,3811724,481758
TAX008483,Zaynab Chaudhry,55236-7763089-4,,1965-03-25,298113,0
TAX008484,Mohammad Ahmad Awan,59395-4677568-5,Husain اعوان,1984-01-10,401247,0
TAX008485,Faisal شیخ,41661-9920916-2,Mohammed بلال شیخ,1982-05-13,840523,36078
TAX008486,Muhammad Faysal Mughal,44454-6462514-0,Hamza مغل,,369979,0
TAX008487,علی Mughal,89551-2370361-7,,,253851,0
TAX008488,Imran Chaudhry,92351-7487910-8,Muhammed Bilal Ch.,1999-03-23,136524,0
TAX008489,Mohammad علی اعوان,60358-6186164-3,محمد Awan,1995-09-17,150050,0
TAX008490,Hussein Malick,89219-9499202-7,فیصل ملک,1956-11-09,241070,0
TAX008491,Mohammad Hasan اعوان,21646-7792308-7,Hussain اعوان,1986-11-28,4268629,550294
TAX008492,Usman Malick,22697-3582717-4,Husain Malick,1980-06-17,126133,0
TAX008493,احمد Sayyid,,حسین Syed,1964-06-20,876999,41549
TAX008494,حسن Chaudhary,44093-1488220-8,,1983-01-23,297143,0
TAX008495,Hasan Bhatti,74427-3974721-9,Bilal Butt,1989-08-15,149574,0
TAX008496,Imran راجہ,35272-8413769-6,بلال Raja,2003-03-15,342594,0
TAX008497,Zaynab Khan,29261-3716297-3,Muhammad Hussein خان,,639287,5893
TAX008498,علی Shaykh,24265-9542560-3,Ali Shaykh,1973-06-05,1221997,93299
TAX008499,Bilal شیخ,14133-9883586-8,Hamza شیخ,1982-11-10,316184,0
TAX008500,Zainab مغل,37526-2024071-0,بلال Moghul,1993-09-27,123372,0
TAX008501,Muhammad عمران Raja,37962-9752205-1,Ahmed Raja,1961-09-10,2585694,297854
TAX008502,حسن چوہدری,51733-1590045-8,احمد Ch.,1978-04-09,187024,0
TAX008503,بلال Awan,15976-8835698-3,Faisal Awan,1967-02-23,956114,53417
TAX008504,Bilal قریشی,65375-3451863-3,Imran قریشی,1986-01-23,113585,0
TAX008505,Muhammed Hasan Syed,31320-5458780-9,حسین Sayyid,1983-12-05,7300343,1005051
TAX008506,Zaynab خان,81257-6747559-0,Muhammad Osman خان,1970-06-09,2110835,226625
TAX008507,Hassan Sayed,83612-1481757-9,حسن سید,1984-06-03,1486770,133015
TAX008508,Imran Awan,45038-3903827-9,Muhammad اعوان,1984-05-08,3022319,363347
TAX008509,بلال Quraishi,35348-3008142-9,Hassan قریشی,1992-10-05,1733375,170006
TAX008510,Osman خان,27824-2525821-5,,1981-09-10,190174,0
TAX008511,Ahmed Butt,58838-2989058-2,Faisal Bhatti,1971-12-24,3429530,424429
TAX008512,عمران Sheikh,51025-1744653-9,حسن Shaikh,1972-09-28,68765,0
TAX008513,Ayisha Raja,92421-9298294-0,Mohammad Hamza راجہ,1997-03-15,368760,0
TAX008514,Zaynab Butt,33020-2147008-6,Ahmed Bhatti,1955-07-01,361579,0
TAX008515,Othman Raja,78757-9580380-4,Muhammed Raja,2002-07-19,2238249,245737
TAX008516,Ali Malick,39485-5263180-1,Mohammad Malik,1975-10-16,1424946,123741
TAX008517,حسن Syed,57282-3175116-7,Bilal Sayyid,1959-01-13,505939,0
TAX008518,عمران Awan,17476-1034314-8,Imran Awan,1999-04-19,1952152,202822
TAX008519,Hussein Awan,85590-3533354-3,Muhammed Hasan Awan,1976-04-13,1124576,78686
TAX008520,Ayesha خان,33656-6456498-6,Hussain خان,1988-12-07,442928,0
TAX008521,Ayisha Sayed,61433-2240389-2,فیصل Sayed,1971-06-04,5241073,696160
TAX008522,حمزہ Awan,53665-3390503-5,,1976-07-12,1461509,129226
TAX008523,عمران شیخ,98177-2701100-0,Mohammad حمزہ Shaikh,1969-04-14,601139,170
TAX008524,Muhammed Faisal Malik,32623-6074729-6,علی Malik,1985-02-25,3351886,412782
TAX008525,محمد خان,74884-2489862-7,Mohammad Khan,1985-10-12,815814,32372
TAX008526,بلال Raja,27371-9820389-8,فیصل راجہ,1986-08-16,1760671,174100
TAX008527,Mariam Qureshi,66021-9304141-5,حسن Qureshi,1995-10-12,1310864,106629
TAX008528,محمد چوہدری,54748-4286800-2,Muhammed Hussein Choudhary,1967-09-09,7458224,1028733
TAX008529,Fatima اعوان,85281-6837771-4,Imran اعوان,,11984311,1707646
TAX008530,Bilal اعوان,79641-6700778-1,Ahmad اعوان,1966-08-05,2310539,256580
TAX008531,Muhammad Ahmad Butt,68753-7822741-0,,1990-01-22,195132,0
TAX008532,Bilal Sayyid,18596-9283806-7,Mohammed عمران Syed,1959-08-01,2657517,308627
TAX008533,Hussain قریشی,93865-2470037-6,عمران Quraishi,1981-08-22,106642,0
TAX008534,Ayesha Ch.,62587-3795642-9,Mohammed علی Ch.,1999-09-19,5964242,804636
TAX008535,عائشہ Khan,38726-5867398-9,Ali Khan,1975-09-07,1961892,204283
TAX008536,Muhammed عمران خان,27517-1788994-9,فیصل خان,1990-01-21,1027619,64142
TAX008537,Muhammed Hussein Raja,50235-7945781-6,محمد Raja,1982-02-26,60510,0
TAX008538,Hussain Sayed,59263-1225614-9,Hamza سید,1991-06-05,170857,0
TAX008539,Ali Malick,69789-9524503-5,Ahmad Malik,1964-06-20,2317362,257604
TAX008540,Muhammad Moghul,76874-5305101-1,حمزہ مغل,1969-07-05,5405821,720873
TAX008541,Hassan Shaikh,76800-1693850-0,Hussein Shaykh,1980-11-01,1074119,71117
TAX008542,Faysal Syed,24413-8503351-6,Hamza سید,1957-05-08,320297,0
TAX008543,Muhammed Hassan شیخ,75248-7756376-5,عمران Shaykh,1960-08-19,4487220,583083
TAX008544,Hussein قریشی,69625-3543325-5,Hasan Qureshi,1960-05-03,920028,48004
TAX008545,Ali Bhatti,44840-7045269-8,Mohammed بلال Bhatti,1983-03-21,1164676,84701
TAX008546,Mohammed Hussein ملک,55145-3016214-8,Mohammad Hussein Malik,1958-07-07,8062368,1119355
TAX008547,Sana Syed,78064-8286445-8,,1977-04-21,465791,0
TAX008548,عائشہ Qureshi,35707-4287566-0,,1967-07-15,3371778,415766
TAX008549,بلال راجہ,50106-1428528-3,بلال Raja,,4028469,514270
TAX008550,حسین سید,63507-3327867-7,حسن Syed,1998-01-18,721361,18204
TAX008551,محمد Moghul,18375-5422938-5,,1983-04-05,1317863,107679
TAX008552,فیصل بٹ,28728-5120209-6,حسن Butt,1971-09-23,259079,0
TAX008553,Mohammad حمزہ Khan,44449-5118206-3,Bilal خان,,70079,0
TAX008554,Mohammad Ali Moghul,98554-2533675-4,Mohammad Bilal مغل,1966-02-08,142062,0
TAX008555,Fatema ملک,78607-7194193-5,Bilal Malick,1969-10-25,634468,5170
TAX008556,Hassan Bhatti,63780-5319454-5,Mohammed علی Butt,1972-01-26,1332440,109866
TAX008557,Othman اعوان,84570-6445815-2,Hamzah اعوان,1956-08-20,1676444,161466
TAX008558,حمزہ Khan,32188-5031236-8,Mohammed خان,1984-08-07,2996098,359414
TAX008559,Hira Awan,71423-7807300-0,Ahmed Awan,1988-09-14,145743,0
TAX008560,Sana Shaikh,19484-7261541-0,Muhammad Usman شیخ,1987-10-25,2512595,286889
TAX008561,فیصل Awan,46755-8505131-7,Mohammad بلال Awan,1995-07-17,799962,29994
TAX008562,Muhammed Ali اعوان,34480-2381177-4,Hussain اعوان,1974-11-07,629706,4455
TAX008563,حمزہ قریشی,33261-6962840-4,,1995-02-27,3426717,424007
TAX008564,Mohammad Ali Raja,87792-2666067-4,Muhammed Faysal Raja,,2872036,340805
TAX008565,Hamzah Malik,10606-5802367-1,Hamzah Malick,,1130707,79606
TAX008566,Ayisha Khan,90891-7525478-2,Mohammed بلال Khan,1987-06-12,96971,0
TAX008567,احمد خان,74834-3807354-2,Ali خان,1960-07-14,225666,0
TAX008568,حرا Butt,81038-2413409-5,Mohammed فیصل بٹ,1979-07-27,434028,0
TAX008569,حمزہ خان,32333-3651267-5,حسین خان,1984-01-15,363321,0
TAX008570,Faisal راجہ,26906-6370338-7,,,25537,0
TAX008571,Faisal Quraishi,95441-2447099-4,,,5076104,671415
TAX008572,Muhammed Ahmad Awan,70720-9226261-9,Ali اعوان,1977-02-20,1432747,124912
TAX008573,حرا Shaikh,33224-2544816-5,عمران Shaikh,1959-05-16,653943,8091
TAX008574,Ahmad Khan,24893-7999597-3,احمد خان,,1442887,126433
TAX008575,Marium اعوان,19555-4844027-3,علی اعوان,1958-05-05,330169,0
TAX008576,Muhammed Hassan Mughal,42497-4920248-2,Bilal Mughal,1981-03-01,1295477,104321
TAX008577,Ali Mughal,20503-6673118-3,,1986-03-17,1945189,201778
TAX008578,Faysal Malik,64311-2915948-2,Muhammed عمران ملک,1977-11-12,936325,50448
TAX008579,Faisal Butt,29877-9451509-9,Mohammad Imran Bhatti,1963-05-25,1970296,205544
TAX008580,Othman ملک,73902-5452062-6,,2003-05-19,21235251,3095287
TAX008581,حمزہ Bhatti,26451-7250724-2,Mohammed Othman بٹ,1982-01-17,484110,0
TAX008582,حمزہ Malik,61624-4493598-3,بلال Malick,2002-07-04,733127,19969
TAX008583,Muhammed Usman Malik,48612-9027162-2,Imran ملک,1971-02-06,3821578,483236
TAX008584,Imran Qureshi,12616-1379740-1,فیصل Quraishi,1990-04-13,5130270,679540
TAX008585,عائشہ Khan,,Usman Khan,2003-02-14,4875086,641262
TAX008586,حرا Moghul,,Hasan Moghul,1965-12-18,22326863,3259029
TAX008587,Faysal قریشی,73268-2890624-7,,1989-05-22,2368098,265214
TAX008588,ثناء Raja,14222-1438866-9,,2003-11-10,750242,22536
TAX008589,Ayesha Mughal,34182-3905666-1,Hamzah Mughal,1973-08-16,1981158,207173
TAX008590,Mohammed Hassan سید,21542-2851082-7,Faisal Sayyid,,437004,0
TAX008591,مریم Awan,71755-2784597-8,Hamza Awan,1962-09-26,2121294,228194
TAX008592,حمزہ Qureshi,52852-6048457-5,Faysal Qureshi,1979-02-22,333168,0
TAX008593,Ali Awan,49121-8131328-7,Husain اعوان,1988-12-17,572748,0
TAX008594,احمد Choudhary,65188-3707832-1,Hasan Chaudhary,1986-10-13,156612,0
TAX008595,احمد Awan,51270-6749174-5,Mohammad Bilal اعوان,1969-07-19,225711,0
TAX008596,Hussein خان,41939-8008572-7,Muhammed خان,1965-07-04,1575569,146335
TAX008597,Marium ملک,52144-4059426-3,Hassan Malik,1960-10-01,1262859,99428
TAX008598,Aysha ملک,97070-4961777-8,Mohammad فیصل Malick,1974-09-01,1827227,184084
TAX008599,محمد Malik,25113-8123552-2,علی Malik,,569530,0
TAX008600,فیصل راجہ,77753-8337720-7,بلال Raja,1980-08-10,866167,39925
TAX008601,Ahmad Chaudhry,83459-6745164-9,عمران Ch.,1963-08-26,2639803,305970
TAX008602,Mohammad Hamzah Awan,31630-7810014-8,عمران اعوان,2003-07-06,289085,0
TAX008603,Mohammed Bilal Malik,60994-6734154-0,عمران ملک,,3864437,489665
TAX008604,Maryam Awan,65013-6387108-8,Faisal اعوان,1991-07-25,1612523,151878
TAX008605,عثمان سید,82224-4652154-7,فیصل سید,2001-06-06,7205507,990826
TAX008606,Hira Malick,58404-1068364-3,حسن ملک,1976-08-23,541317,0
TAX008607,Mohammed بلال سید,61387-5728252-6,Ali سید,1966-01-11,2144138,231620
TAX008608,Othman Mughal,97181-1589737-3,حمزہ مغل,1978-03-08,507232,0
TAX008609,Hassan مغل,22344-1423722-2,Muhammad بلال Moghul,1999-05-07,1417343,122601
TAX008610,Imran Sheikh,33558-3691068-9,,1959-12-28,1419347,122902
TAX008611,محمد خان,29322-1527787-7,Husain Khan,1967-12-10,336676,0
TAX008612,Mohammed عمران سید,26809-3001010-6,Mohammad Hasan Syed,1983-12-19,1540814,141122
TAX008613,Imran راجہ,32016-6752636-0,Faysal Raja,2001-07-12,2515390,287308
TAX008614,Imran Mughal,98112-5857402-7,Mohammad Ali Moghul,1969-03-08,1825650,183847
TAX008615,مریم Mughal,91486-9655788-0,Muhammad بلال Moghul,1988-03-03,449038,0
TAX008616,Ahmed اعوان,25993-7076904-9,Muhammad Hassan Awan,1959-07-10,98707,0
TAX008617,Mohammad حمزہ Raja,56869-1407327-7,Faysal راجہ,1958-11-01,579246,0
TAX008618,احمد Quraishi,28892-2578113-9,Bilal قریشی,1994-04-18,1950408,202561
TAX008619,Ahmed Khan,21587-9755076-5,عمران خان,1965-12-08,607043,1056
TAX008620,Imran بٹ,,Mohammad حمزہ Bhatti,1965-02-21,412193,0
TAX008621,Muhammad Osman خان,39015-3814827-0,عمران خان,1960-06-27,1879967,191995
TAX008622,فاطمہ بٹ,96214-4314526-3,Usman بٹ,1984-05-21,1001795,60269
TAX008623,زینب Shaykh,42202-1627836-5,محمد شیخ,1972-11-11,806528,30979
TAX008624,Faisal Shaikh,86081-4536799-0,عثمان شیخ,1992-10-15,5304755,705713
TAX008625,Muhammad علی Malik,62636-3575605-0,,1978-05-06,4854129,638119
TAX008626,Muhammad اعوان,21352-6741568-6,Ahmad اعوان,1980-12-25,404410,0
TAX008627,Hasan Malick,75972-1611785-3,Ali Malick,1987-03-04,1542331,141349
TAX008628,Muhammad حمزہ اعوان,14584-9391821-4,Bilal Awan,1989-05-22,2539577,290936
TAX008629,ثناء Ch.,81805-5977975-6,عثمان Chaudhry,1979-11-09,4223657,543548
TAX008630,Hasan Shaikh,42935-6429340-4,Ahmad Sheikh,2000-10-03,5328315,709247
TAX008631,عثمان بٹ,,Muhammed Ahmed بٹ,1990-04-05,929012,49351
TAX008632,Othman Moghul,75929-7261920-1,,2003-02-15,1523518,138527
TAX008633,Mariam Sheikh,71676-4182136-7,علی Shaykh,2000-12-04,705228,15784
TAX008634,حرا Awan,90812-7043552-0,عمران Awan,1972-12-23,187265,0
TAX008635,زینب Sayed,15043-2918023-7,Hussain Sayed,1955-10-13,2997659,359648
TAX008636,Muhammad حسن بٹ,85208-8566720-9,Ahmed Butt,1976-02-23,356152,0
TAX008637,Muhammad Mughal,68631-7978200-0,Muhammad Moghul,,1181485,87222
TAX008638,Sana Sayyid,64691-5201454-9,Othman Sayyid,1974-05-03,6881966,942294
TAX008639,Mohammed عمران ملک,99318-1916487-4,,2001-02-10,757126,23568
TAX008640,Mohammad احمد Awan,,Mohammed Bilal اعوان,1960-03-23,941269,51190
TAX008641,Hamzah Butt,74912-4659571-0,Hussain Bhatti,1981-12-08,1048146,67221
TAX008642,Hassan Quraishi,42834-4190868-3,عمران Quraishi,1997-05-04,594366,0
TAX008643,Muhammad Bilal Chaudhry,70188-5724208-5,Ahmed Choudhary,1977-11-20,325772,0
TAX008644,Hamza چوہدری,87022-7084861-1,Hussein Choudhary,1983-07-05,291150,0
TAX008645,Maryam Qureshi,22491-7913054-6,Muhammed Quraishi,1960-11-20,1787102,178065
TAX008646,Mohammad بلال Choudhary,,عمران Chaudhry,1963-02-26,857330,38599
TAX008647,عمران Mughal,99576-9156231-5,,1992-01-21,7961090,1104163
TAX008648,علی خان,21732-6667720-2,Mohammed احمد خان,1976-10-11,1272845,100926
TAX008649,Faysal Sheikh,50982-6909544-3,علی Shaikh,1989-11-27,363546,0
TAX008650,Zaynab Bhatti,23033-4405343-9,Hussain Butt,1980-07-19,268020,0
TAX008651,Ahmad Raja,60397-1780400-6,Hussain Raja,1967-09-02,452877,0
TAX008652,Mohammed حمزہ Bhatti,13259-4420458-4,,1955-04-25,1057843,68676
TAX008653,Hussein Khan,88104-6744896-6,,1976-09-20,222634,0
TAX008654,Osman Quraishi,91362-1768197-5,Usman Qureshi,1994-11-28,1682772,162415
TAX008655,Hamza Sheikh,84819-6880125-9,,1981-10-14,1844559,186683
TAX008656,Ahmed ملک,46432-1913063-7,Hussain Malick,1956-06-06,8193872,1139080
TAX008657,Osman مغل,12435-1175414-0,,1997-12-15,274828,0
TAX008658,عثمان قریشی,68994-6426469-3,,1982-03-08,1276817,101522
TAX008659,Hira ملک,51904-2990475-9,فیصل Malik,1994-11-08,221276,0
TAX008660,Mohammed Ahmed Sayed,85664-7922324-7,Faisal Sayed,,1083697,72554
TAX008661,احمد Khan,83234-5318757-8,Muhammad Hamza Khan,1994-04-01,203484,0
TAX008662,Hamzah اعوان,14149-5032361-2,حسین اعوان,1985-02-15,2638770,305815
TAX008663,Imran Syed,82422-4072162-2,Mohammad حسن Syed,1976-02-14,11408780,1621317
TAX008664,Osman Awan,49943-9363938-5,,1993-02-13,1238190,95728
TAX008665,Fatimah Choudhary,76673-4735434-3,,1966-09-01,586054,0
TAX008666,Mariam مغل,44233-8528101-0,بلال Mughal,1978-03-28,3054659,368198
TAX008667,Sana سید,42996-3829605-2,Muhammad Sayyid,1967-12-20,244825,0
TAX008668,Ahmad Syed,75709-2441462-1,Muhammad Hamza Sayyid,1980-10-09,93811,0
TAX008669,Mariam Chaudhary,,Mohammad Chaudhary,1974-01-04,467508,0
TAX008670,حمزہ مغل,26771-5584538-1,Hussein Moghul,1956-07-03,3727248,469087
TAX008671,Ahmed بٹ,21691-4955035-0,Hasan Bhatti,1988-10-16,1653820,158073
TAX008672,Bilal Qureshi,69293-6517383-4,,1981-12-08,2162862,234429
TAX008673,عثمان قریشی,85304-8797395-2,,,347257,0
TAX008674,Fatimah خان,94001-6892527-1,Faysal Khan,1973-10-27,831472,34720
TAX008675,Bilal Shaykh,66374-2580681-3,Imran شیخ,1980-08-21,5122647,678397
TAX008676,علی Raja,82593-8454017-0,Mohammad Husain راجہ,1978-01-23,1181884,87282
TAX008677,Muhammed Chaudhry,59569-4670771-3,Muhammed حسین چوہدری,1984-06-23,501775,0
TAX008678,فیصل Chaudhary,18791-8299141-9,,1978-01-25,1689114,163367
TAX008679,Othman Sheikh,11155-1731757-8,Bilal Sheikh,1984-07-23,529833,0
TAX008680,عمران راجہ,84472-6822372-1,,,2892612,343891
TAX008681,Ahmad Khan,42291-1788619-7,Imran خان,1969-12-01,104392,0
TAX008682,Muhammed Hamzah اعوان,80288-4583380-0,Hamza اعوان,1977-12-27,973420,56013
TAX008683,Muhammad عمران Quraishi,,Imran قریشی,,843075,36461
TAX008684,Ahmed قریشی,14730-8438790-8,Hamza قریشی,1963-11-05,516477,0
TAX008685,حسین خان,92348-7828564-5,احمد Khan,1959-12-20,948354,52253
TAX008686,حسن Malick,94022-1492365-3,,,2754341,323151
TAX008687,Othman Sayed,56329-5914103-6,Hussein Sayed,1955-04-22,6380298,867044
TAX008688,Hira شیخ,,Hamzah Sheikh,1976-10-19,734952,20242
TAX008689,Muhammad Ali خان,68952-1681919-8,Hussain Khan,1955-06-18,1328814,109322
TAX008690,فاطمہ اعوان,91657-2943213-2,محمد Awan,1997-03-03,1818204,182730
TAX008691,Muhammed فیصل ملک,52178-8432252-4,Faysal ملک,1965-03-05,1000303,60045
TAX008692,حسین Malik,,Husain Malick,1996-07-14,2118198,227729
TAX008693,Othman Quraishi,72528-3251791-8,Muhammed فیصل Qureshi,1966-05-22,3397015,419552
TAX008694,زینب Sayyid,75004-6569980-0,Imran Sayyid,1988-03-27,2998021,359703
TAX008695,بلال Qureshi,16612-4499663-1,,1990-12-08,3160722,384108
TAX008696,احمد اعوان,94265-2888973-3,Hussein اعوان,1990-03-16,118733,0
TAX008697,Hira سید,86718-6010148-1,Hamza Sayed,1955-08-27,486101,0
TAX008698,Faysal اعوان,11146-9234399-8,Mohammed علی Awan,1998-10-19,491992,0
TAX008699,Maryam Malick,15397-7182423-0,Ali ملک,1981-05-22,441204,0
TAX008700,Fatimah چوہدری,59956-8173971-8,Bilal Chaudhary,1959-06-20,213581,0
TAX008701,بلال بٹ,30949-2977189-8,محمد Bhatti,1990-02-21,2606394,300959
TAX008702,Maryam Raja,66867-6205775-8,بلال راجہ,1955-12-08,9503494,1335524
TAX008703,Ali Ch.,69233-1815635-7,Faysal Chaudhary,,333660,0
TAX008704,Hamza خان,46929-4061775-9,عمران Khan,1979-01-06,810278,31541
TAX008705,Faysal Choudhary,42283-4546157-0,Osman Ch.,2002-07-17,206593,0
TAX008706,Mohammed Ahmed خان,18402-1631057-3,عمران Khan,1955-09-21,470674,0
TAX008707,بلال Butt,39899-4230123-6,Hussein Bhatti,1958-12-05,1111288,76693
TAX008708,Mohammad بلال اعوان,62962-3314487-4,,1998-08-17,323724,0
TAX008709,Ayesha شیخ,,Muhammed بلال Shaikh,1957-07-14,1502766,135414
TAX008710,Mohammed Ali خان,72000-4437470-8,فیصل خان,1993-03-03,2887128,343069
TAX008711,فیصل ملک,36599-2953892-3,حسین Malick,1965-11-28,290467,0
TAX008712,Muhammad Sayed,79493-5495958-3,,1970-12-28,1030703,64605
TAX008713,Muhammad ملک,71132-4822212-5,Muhammed Hussain ملک,1973-07-05,1274824,101223
TAX008714,حرا Butt,51305-2725416-7,Mohammad Ahmad Butt,1973-12-07,1686131,162919
TAX008715,Osman ملک,,Mohammad بلال Malick,1968-01-24,1438838,125825
TAX008716,Mohammad احمد Syed,80567-9159429-6,حمزہ Syed,,1085149,72772
TAX008717,Bilal Shaikh,48152-7073858-9,Mohammad Hasan Shaykh,2002-01-20,2058383,218757
TAX008718,عمران راجہ,29634-2102765-1,,,69635,0
TAX008719,Bilal Malick,60940-4330366-3,بلال Malik,,5538898,740834
TAX008720,Muhammed مغل,36849-2700128-4,Imran مغل,1960-09-14,927362,49104
TAX008721,بلال شیخ,13825-5396909-1,,1964-08-16,2401409,270211
TAX008722,Muhammed شیخ,23438-2029328-8,Ahmad Shaykh,1962-02-19,49934,0
TAX008723,Muhammed خان,24920-8264031-8,بلال خان,2000-09-11,1116464,77469
TAX008724,حسین Butt,25901-4036697-7,حمزہ بٹ,1996-07-15,514507,0
TAX008725,بلال Awan,54779-4328392-7,Bilal اعوان,1989-04-25,762581,24387
TAX008726,Mohammed Bilal Shaykh,72007-7857694-9,Hassan Shaykh,2001-08-15,384888,0
TAX008727,Muhammed Mughal,72231-3979392-3,Bilal Moghul,2002-06-17,338883,0
TAX008728,مریم راجہ,41779-5387093-0,عمران راجہ,1995-03-05,576507,0
TAX008729,علی Malik,66879-1625042-0,Usman ملک,,5317975,707696
TAX008730,Mohammad شیخ,96615-1096225-9,Husain Sheikh,1955-09-16,913867,47080
TAX008731,Hira Qureshi,83131-4001359-5,Mohammad Qureshi,1982-07-02,133090,0
TAX008732,Mohammad Bilal اعوان,29829-7686370-8,Mohammed Awan,,1246262,96939
TAX008733,احمد Awan,57776-4567208-9,Hasan اعوان,1999-05-12,5172041,685806
TAX008734,Hasan Ch.,18849-7171757-7,Mohammed علی Chaudhary,1988-02-06,1388858,118328
TAX008735,زینب Raja,35011-3465704-9,حسین Raja,1964-12-27,29393379,4319006
TAX008736,عمران Raja,85570-8188439-3,Ahmed راجہ,1955-02-06,816200,32430
TAX008737,حسین Shaykh,55920-6799303-9,Ali Sheikh,1980-12-21,2539202,290880
TAX008738,Mohammad بلال Moghul,81596-5161887-3,Faisal مغل,1986-12-04,85780,0
TAX008739,ثناء Malik,83110-2459411-6,Bilal Malick,1977-10-18,149979,0
TAX008740,Mohammad Hamza ملک,58276-6285988-5,,1958-12-22,362074,0
TAX008741,Muhammad Hussein Raja,90334-2168046-8,Hasan راجہ,1994-07-08,194138,0
TAX008742,احمد Syed,59724-4094967-2,Mohammad Bilal Syed,1986-12-19,479430,0
TAX008743,بلال Syed,97393-4946198-1,Ahmad سید,1983-11-09,1827740,184161
TAX008744,حسن Choudhary,63509-1457392-8,Muhammad بلال Ch.,,526447,0
TAX008745,Aisha مغل,14889-2370842-6,,1982-01-28,1025862,63879
TAX008746,Faisal Ch.,57147-1799877-9,Mohammed چوہدری,1968-09-06,5344398,711659
TAX008747,فاطمہ Quraishi,25584-4856003-2,,1998-12-12,346319,0
TAX008748,علی Awan,92799-8908011-0,Hamzah Awan,1961-05-26,576012,0
TAX008749,Ali چوہدری,15417-4487050-9,Muhammad Chaudhry,1993-06-02,1222780,93417
TAX008750,Mohammed Hamza Malick,56456-6556080-5,Muhammad فیصل Malik,1961-10-18,1457686,128652
TAX008751,Aisha Choudhary,20029-5578392-0,Mohammed Imran Choudhary,1963-10-12,1444031,126604
TAX008752,Bilal خان,25294-5037047-3,Hamzah خان,2002-06-11,762685,24402
TAX008753,علی اعوان,34582-7553026-9,,1959-10-27,52936,0
TAX008754,Muhammad احمد Ch.,39082-1525233-6,Hassan Ch.,1968-07-25,1442661,126399
TAX008755,فیصل چوہدری,60094-4913768-0,,1971-12-13,226460,0
TAX008756,Fatimah اعوان,70270-9376406-0,علی اعوان,1975-04-17,289379,0
TAX008757,Muhammed عمران Moghul,23703-9654217-4,حمزہ مغل,2003-05-13,677988,11698
TAX008758,Zainab Khan,92706-4378540-6,Mohammed Khan,1993-04-13,106760,0
TAX008759,احمد اعوان,14145-3076668-2,Imran Awan,1995-01-26,282988,0
TAX008760,Fatima Malick,28892-3138378-7,بلال ملک,1972-03-11,3816986,482547
TAX008761,Marium Choudhary,99533-5249434-1,Hasan Ch.,1996-02-06,1485276,132791
TAX008762,Hamzah Butt,72378-2535939-6,Mohammed Bhatti,1968-12-11,6119702,827955
TAX008763,Usman Butt,31624-9663301-8,Usman Bhatti,1999-02-10,2716826,317523
TAX008764,فیصل Shaikh,59916-7230480-7,احمد شیخ,1960-10-27,1136159,80423
TAX008765,عمران Awan,20721-4420427-3,Usman اعوان,1995-01-13,651443,7716
TAX008766,Mohammad Ali Chaudhary,19251-4380667-5,بلال Ch.,1983-09-16,2448044,277206
TAX008767,Muhammad علی اعوان,38981-1791095-7,Ahmad اعوان,1975-08-09,3949144,502371
TAX008768,Sana Ch.,55756-4382839-6,Ahmed Chaudhary,1956-06-03,1813818,182072
TAX008769,Muhammad عثمان قریشی,40963-6210481-3,Usman قریشی,,4621541,603231
TAX008770,Ali Moghul,31424-3815562-1,Bilal Moghul,1976-02-28,1576204,146430
TAX008771,Mohammed Awan,57380-1066179-7,علی اعوان,1969-09-21,1258512,98776
TAX008772,علی Raja,75878-3355902-9,حسن Raja,2002-01-27,1504956,135743
TAX008773,Ali Khan,11580-5136871-1,Hussein Khan,1964-02-02,323590,0
TAX008774,Hasan Mughal,,بلال Moghul,1958-11-08,372473,0
TAX008775,Mohammed Hamzah Khan,79366-5090930-5,Ahmad Khan,1982-08-11,1626712,154006
TAX008776,Bilal Malick,46450-8723346-3,Hussain Malick,2002-04-05,1425954,123893
TAX008777,Fatimah سید,45829-6674545-7,,1995-10-13,191023,0
TAX008778,Mariam اعوان,12659-5596498-1,Muhammed Bilal Awan,2000-03-13,254464,0
TAX008779,Ali Qureshi,89908-9636285-3,Ahmad قریشی,1998-06-01,2871312,340696
TAX008780,Hira Sayed,31287-1441061-4,Ali Sayyid,1979-03-27,3967791,505168
TAX008781,Fatema Awan,77096-5529577-6,Faisal Awan,1980-03-12,2714156,317123
TAX008782,Muhammed علی Butt,95993-2287642-6,Ali Butt,1998-05-08,432422,0
TAX008783,Mohammed فیصل قریشی,26467-3034621-9,محمد Quraishi,1972-07-14,302575,0
TAX008784,Mohammed Imran اعوان,29127-4858822-1,Hussein اعوان,1991-10-12,160790,0
TAX008785,Bilal قریشی,26444-5004083-1,بلال قریشی,1965-09-08,792462,28869
TAX008786,احمد Shaykh,82306-6993578-2,,1989-11-03,9537073,1340560
TAX008787,Zaynab Khan,82078-1322581-8,عثمان Khan,1993-11-20,2709821,316473
TAX008788,عمران Raja,,بلال راجہ,1985-12-05,1176873,86530
TAX008789,Muhammed حسن Mughal,53806-4813411-5,حمزہ Mughal,1966-03-11,847106,37065
TAX008790,Hasan سید,76397-1334692-5,عثمان سید,1965-01-21,287450,0
TAX008791,Ahmed Moghul,51519-8836629-6,Mohammed Moghul,1962-02-21,3017508,362626
TAX008792,Muhammed علی راجہ,47557-7456695-5,فیصل راجہ,1974-01-05,206930,0
TAX008793,Ayisha Bhatti,,,1979-10-21,297046,0
TAX008794,Fatimah ملک,25162-7665477-7,Husain Malik,,2158903,233835
TAX008795,Hamzah راجہ,,Mohammed بلال Raja,1974-05-20,2427919,274187
TAX008796,Mohammed اعوان,44055-7313481-7,Faisal اعوان,1978-12-20,98490,0
TAX008797,Mohammed Ali Malick,13100-4477484-2,علی Malick,1955-08-21,23607,0
TAX008798,Imran Shaykh,59080-9275528-0,Ali Shaykh,1979-06-18,387382,0
TAX008799,Zainab Raja,77870-8391397-8,Osman راجہ,1967-10-18,230208,0
TAX008800,مریم مغل,80756-2950667-9,بلال Moghul,1981-09-10,205074,0
TAX008801,Hasan Moghul,32294-4157715-5,Mohammed بلال Mughal,1968-01-20,1840763,186114
TAX008802,Muhammad Faisal Awan,61486-4509466-8,Muhammed اعوان,2001-07-24,6269106,850365
TAX008803,Ahmad Mughal,35633-4774166-2,Mohammad Husain Mughal,,2441106,276165
TAX008804,Hasan Sayed,37056-2154557-2,Muhammed عمران سید,1987-03-22,2353611,263041
TAX008805,علی خان,14207-9650987-3,Hussein خان,,395019,0
TAX008806,Sana Chaudhary,,Hamza Chaudhary,1962-12-07,146146,0
TAX008807,Hussain Raja,32942-4576692-4,علی Raja,1964-12-07,2009994,211499
TAX008808,Bilal Awan,35596-7961120-9,محمد Awan,1971-12-06,1508456,136268
TAX008809,Mohammad حمزہ Shaikh,63489-9414544-4,Muhammad Hussein Shaykh,1984-11-08,447955,0
TAX008810,ثناء Shaikh,99592-1903628-6,Othman Shaikh,1981-04-06,587922,0
TAX008811,Osman Sheikh,93071-2680960-4,Hamzah Shaikh,1992-01-18,919364,47904
TAX008812,فیصل شیخ,32161-3729557-7,Ahmed شیخ,1983-03-10,480060,0
TAX008813,حسن قریشی,68684-2110903-6,Mohammad قریشی,,2439277,275891
TAX008814,Mohammed Usman سید,,Mohammad Usman سید,1997-01-19,977515,56627
TAX008815,Ahmad Khan,67080-8663177-8,,1958-07-05,37527,0
TAX008816,عمران Awan,44665-3662654-2,محمد اعوان,1968-08-16,1001730,60259
TAX008817,Ali Malick,35053-3337908-3,,1970-11-20,2781654,327248
TAX008818,Mariam شیخ,73297-3819926-6,Hassan Shaykh,1962-01-21,525179,0
TAX008819,حسین Bhatti,44824-6880395-2,Hasan Butt,1983-11-14,333968,0
TAX008820,ثناء Chaudhary,87459-9316260-1,علی Chaudhary,1977-02-13,1287901,103185
TAX008821,Zainab چوہدری,44428-1744845-9,,1968-01-04,242951,0
TAX008822,Aysha Raja,93192-4617900-0,Mohammed Raja,1983-02-10,537401,0
TAX008823,مریم ملک,16842-5293199-5,,,436644,0
TAX008824,Husain بٹ,28722-7752559-0,Faysal بٹ,,619878,2981
TAX008825,Hasan Chaudhry,,حسین Chaudhry,,395974,0
TAX008826,Zaynab Awan,44361-3898632-6,Mohammed Hamzah اعوان,1962-11-08,989224,58383
TAX008827,Ahmed قریشی,77398-4709082-4,,1974-02-03,490289,0
TAX008828,Mohammed Imran راجہ,43971-1295108-6,,1980-11-14,1403153,120472
TAX008829,Mohammed Moghul,,بلال مغل,,2313944,257091
TAX008830,Husain Bhatti,36416-3717119-5,Ahmed Bhatti,1973-06-21,286440,0
TAX008831,محمد Moghul,46973-4044002-4,حسن Moghul,1962-01-15,861897,39284
TAX008832,علی اعوان,85052-9011417-2,Mohammed عمران Awan,1961-01-20,131531,0
TAX008833,Muhammad Choudhary,37681-1846793-6,Hasan Chaudhry,1971-05-08,1191859,88778
TAX008834,Fatima خان,53439-9974172-5,Hassan خان,1968-02-22,465869,0
TAX008835,Husain سید,20980-4307514-0,Ahmad Sayyid,1955-01-27,1438156,125723
TAX008836,عمران Syed,97548-1926443-3,بلال Sayed,1968-11-15,232124,0
TAX008837,Aisha Syed,40172-6672762-9,Hassan Sayed,1982-07-05,1085025,72753
TAX008838,زینب خان,26894-1756903-8,Osman خان,1996-03-12,141514,0
TAX008839,حمزہ Mughal,73108-3720734-7,,2000-01-06,314621,0
TAX008840,Hussein Malick,69743-7171511-6,علی Malik,1964-06-14,562095,0
TAX008841,Ahmed Butt,72519-9323786-4,Imran Butt,1997-08-04,494181,0
TAX008842,Othman Awan,12492-9422641-5,,1965-05-26,241336,0
TAX008843,Mohammad عمران Sayed,27002-7269081-4,Hassan Sayyid,1980-06-19,202258,0
TAX008844,Zainab Syed,90230-3842589-2,بلال Sayyid,1990-05-05,1178867,86830
TAX008845,Ahmed Chaudhry,54189-8986126-9,Hamza Chaudhry,1994-11-06,7540233,1041034
TAX008846,Hira Shaikh,,Mohammed Ali Shaikh,1964-12-01,6083484,822522
TAX008847,فیصل Bhatti,69642-3503926-8,Ali Butt,1979-02-17,5535953,740392
TAX008848,ثناء شیخ,55107-9512881-4,Muhammad فیصل شیخ,1990-07-01,3577668,446650
TAX008849,بلال Shaikh,68369-2187152-4,Mohammad Bilal Shaikh,1986-05-21,54998,0
TAX008850,عثمان خان,36010-3019659-4,Bilal خان,1965-02-21,1216845,92526
TAX008851,Hamzah Mughal,,Ahmad Moghul,1990-07-08,3860169,489025
TAX008852,حمزہ Sayed,57325-8292699-1,Hamza سید,2001-04-05,1680162,162024
TAX008853,Ayesha Butt,37659-2393563-8,حمزہ Butt,1969-03-26,943188,51478
TAX008854,Bilal خان,71091-8236852-4,Mohammad فیصل خان,1956-04-23,7713900,1067085
TAX008855,Mohammad Imran مغل,88650-9309435-0,Hamzah Moghul,1956-05-25,628875,4331
TAX008856,عمران Shaykh,52758-5746213-9,Hamzah Shaykh,2000-06-19,1476855,131528
TAX008857,Muhammad Osman Choudhary,83828-8044187-1,علی Ch.,1995-12-24,238285,0
TAX008858,علی ملک,36030-3222752-8,,1989-12-28,791179,28676
TAX008859,Fatimah Quraishi,94942-4879513-9,Ahmed Qureshi,1968-06-02,1839024,185853
TAX008860,Hassan Sheikh,87517-2324972-6,بلال Sheikh,1997-02-02,1878269,191740
TAX008861,Zaynab Bhatti,91615-3329443-0,Bilal بٹ,1962-02-02,830566,34584
TAX008862,زینب Awan,91217-6274441-7,Imran اعوان,1986-08-11,1225378,93806
TAX008863,Mohammad شیخ,94911-1661713-8,Hussein Shaykh,2003-04-06,496789,0
TAX008864,فاطمہ اعوان,52636-8209517-7,Muhammad Awan,1985-01-19,3984483,507672
TAX008865,Muhammad Hamzah Khan,46237-8307035-0,Muhammad فیصل خان,1973-06-13,2106906,226035
TAX008866,عمران Chaudhary,36439-4365746-9,Osman Chaudhry,1991-01-15,323791,0
TAX008867,Muhammed Ahmed ملک,30203-5761573-1,Muhammad Malik,2000-03-25,866725,40008
TAX008868,Fatimah Butt,93362-1867033-4,احمد Butt,1993-01-24,572727,0
TAX008869,Ali بٹ,34759-7602125-1,,1984-03-28,791297,28694
TAX008870,Marium Shaikh,83481-5165307-3,Hussein Sheikh,,295406,0
TAX008871,Hira Malik,40507-9604353-7,احمد Malick,1991-02-17,899336,44900
TAX008872,Sana Ch.,67189-9565161-7,Bilal Chaudhry,1968-08-15,559672,0
TAX008873,بلال ملک,77981-8075298-0,Hussein Malick,1983-08-08,213933,0
TAX008874,علی Raja,11348-6797424-6,,1984-05-27,157543,0
TAX008875,عثمان Raja,83123-8871509-0,Hamzah Raja,1993-02-20,1193060,88959
TAX008876,عمران راجہ,56898-4068822-4,Othman Raja,1972-07-15,580573,0
TAX008877,Mohammad علی Malick,33792-2725258-9,احمد Malick,1973-04-26,3391633,418744
TAX008878,Muhammad Ali Khan,64167-9089146-1,فیصل Khan,,1141605,81240
TAX008879,Ali Syed,,فیصل Syed,2001-11-11,1750491,172573
TAX008880,حمزہ خان,55155-9496572-2,Hamzah Khan,1960-12-07,2429295,274394
TAX008881,Marium Sayyid,26378-6046443-9,Mohammed Ahmad سید,1991-10-20,609402,1410
TAX008882,Faysal Malik,74521-8353117-8,Mohammed Ahmed Malik,,1414377,122156
TAX008883,فاطمہ اعوان,70065-1329097-0,حمزہ Awan,2000-09-06,1973837,206075
TAX008884,Zainab مغل,93156-4191702-0,Mohammad Hussein Moghul,,2778051,326707
TAX008885,Faisal Chaudhry,,,1985-12-06,1694014,164102
TAX008886,Muhammad Husain Awan,47951-4175507-1,علی اعوان,1980-05-16,1869613,190441
TAX008887,Sana Raja,23572-3109376-6,Muhammed Ahmad Raja,,327787,0
TAX008888,حمزہ Awan,55712-2778358-0,Ahmed Awan,1983-11-11,212809,0
TAX008889,Marium Raja,26891-7371709-9,Muhammad راجہ,1970-06-19,6715903,917385
TAX008890,Ahmed قریشی,39623-9578830-8,Mohammad علی Qureshi,1991-03-14,1442106,126315
TAX008891,Fatima Malik,44271-5793283-0,حسین Malik,1987-09-21,493471,0
TAX008892,Ayesha Khan,,حسن خان,1986-07-16,1070801,70620
TAX008893,عثمان اعوان,67230-6801280-5,علی اعوان,1955-06-09,117983,0
TAX008894,بلال مغل,49470-9342841-6,,1958-06-20,611577,1736
TAX008895,Mohammed Hussein Khan,34708-7539827-9,Mohammed Ali خان,1959-06-27,159018,0
TAX008896,Aysha Sayyid,97951-2682385-6,Ali Sayed,1966-01-07,2205851,240877
TAX008897,Hasan راجہ,42993-9347904-7,احمد Raja,1996-07-25,5380727,717109
TAX008898,حمزہ Ch.,75585-5691846-4,Osman چوہدری,1971-09-04,2347271,262090
TAX008899,حمزہ Khan,27243-8988452-2,Faisal Khan,1955-09-19,1106635,75995
TAX008900,Muhammad عمران Raja,57251-7116835-8,,1956-11-22,262107,0
TAX008901,Faisal Raja,40320-3864947-5,,,631457,4718
TAX008902,Hussein Mughal,63056-8216794-1,Muhammed Husain Moghul,1966-06-17,1916601,197490
TAX008903,حسین اعوان,68319-6864809-1,Ali Awan,1971-02-21,83492,0
TAX008904,علی Butt,87750-3335882-0,حسن بٹ,1958-02-28,437997,0
TAX008905,علی راجہ,29200-6042226-7,Ahmed راجہ,,5310924,706638
TAX008906,مریم Raja,86795-1180347-4,Muhammed Usman راجہ,1957-09-07,119125,0
TAX008907,Hamza Sheikh,63122-7119334-3,Bilal Sheikh,1989-10-05,897147,44572
TAX008908,Sana Choudhary,85895-9059830-0,Mohammad حسن Choudhary,1980-08-12,336717,0
TAX008909,Hassan Qureshi,98520-6890659-9,,1985-07-12,527608,0
TAX008910,Muhammad Usman Mughal,87569-6934658-3,Mohammad Faisal Mughal,2000-09-10,200115,0
TAX008911,Hussein Qureshi,32882-8593780-0,Imran قریشی,1965-11-23,716554,17483
TAX008912,Imran سید,65979-3645363-1,,2000-02-08,142588,0
TAX008913,ثناء Quraishi,56318-7673744-0,Mohammed Usman قریشی,1979-10-18,2083418,222512
TAX008914,Bilal Mughal,15383-2166098-4,Mohammed عمران Moghul,1994-11-16,4906389,645958
TAX008915,احمد Malik,47390-9223314-5,بلال ملک,1969-12-28,2169648,235447
TAX008916,ثناء چوہدری,,,1992-02-24,1047380,67107
TAX008917,Mohammad Hamza Shaykh,59002-7343041-2,Faisal Shaikh,1965-02-05,525120,0
TAX008918,Hassan Awan,28312-8344849-0,Husain اعوان,1981-05-17,962049,54307
TAX008919,Hira راجہ,52241-8050796-5,عمران راجہ,1966-04-23,952687,52903
TAX008920,Bilal Shaykh,69439-9531412-9,Ali Sheikh,1990-04-18,302228,0
TAX008921,Faisal Raja,28239-5017066-1,,1979-06-14,299800,0
TAX008922,Mohammad Ali Sayed,92405-2149946-7,Mohammad فیصل Syed,1959-07-24,407960,0
TAX008923,ثناء Butt,22404-2473768-2,Mohammad Othman بٹ,1980-08-08,969620,55443
TAX008924,Fatema اعوان,34846-6863056-7,Bilal اعوان,1976-10-08,296124,0
TAX008925,Fatimah Malik,54708-3420293-4,,1959-07-22,2016577,212486
TAX008926,Bilal Sayed,77681-3179068-3,فیصل Sayed,,5176806,686520
TAX008927,Mohammed Ali Mughal,60473-8438101-9,,,1294623,104193
TAX008928,Muhammed Qureshi,82446-8174328-5,Othman Quraishi,1976-02-28,1104651,75697
TAX008929,Muhammed Bilal Chaudhry,47537-5518801-9,Hussein Chaudhry,1962-04-21,387693,0
TAX008930,Hamza Shaykh,34402-9841998-2,,1985-06-07,1493234,133985
TAX008931,حرا Shaykh,34561-1527881-5,بلال Sheikh,1992-01-24,1974174,206126
TAX008932,Zainab اعوان,27425-3645163-4,عثمان اعوان,1974-09-10,876951,41542
TAX008933,Imran Chaudhry,35734-3460181-1,Hussain Ch.,1964-11-07,10773065,1525959
TAX008934,Hamza قریشی,23303-1023714-3,علی Quraishi,,224832,0
TAX008935,علی Bhatti,73271-4570015-3,حمزہ Bhatti,1992-04-16,816434,32465
TAX008936,Mohammed Faysal Raja,27454-5720706-9,,1984-12-06,714137,17120
TAX008937,محمد Raja,43106-3570032-6,Faisal راجہ,2003-06-01,516431,0
TAX008938,Sana Butt,40581-8414867-5,بلال بٹ,1960-07-28,4139482,530922
TAX008939,Hussain Chaudhary,43142-8779900-4,,1962-12-10,10097864,1424679
TAX008940,Muhammed Usman Butt,61587-4914474-5,Muhammad Butt,2003-10-06,794312,29146
TAX008941,Hassan Sayyid,69708-8999110-6,Mohammed حسن سید,1956-12-08,3590749,448612
TAX008942,Ali مغل,10689-4585194-4,بلال Mughal,,367422,0
TAX008943,Fatima Quraishi,36601-2603138-5,Muhammed Osman Qureshi,,783645,27546
TAX008944,Ayesha Khan,70583-4014232-8,Mohammed خان,1994-11-28,1644301,156645
TAX008945,عمران Choudhary,19197-3452013-9,,2000-07-08,660662,9099
TAX008946,Hussein Chaudhary,28815-6592421-7,Hamza Chaudhry,1996-06-27,6238152,845722
TAX008947,Hussein Bhatti,91906-4922088-4,Osman Butt,1971-07-06,336987,0
TAX008948,زینب اعوان,11483-2530365-7,Mohammad Ali اعوان,,1050159,67523
TAX008949,محمد قریشی,47257-3307223-1,Hussein Quraishi,1961-01-14,1967865,205179
TAX008950,حسن Chaudhry,39146-3050546-0,Muhammad Chaudhary,2001-07-21,550541,0
TAX008951,Ahmad ملک,42371-1237561-4,علی Malick,1974-05-24,1207267,91090
TAX008952,Aisha Awan,92733-4402393-3,Faisal Awan,2000-04-20,1233726,95058
TAX008953,Hassan Quraishi,61549-2635932-9,علی قریشی,1956-04-14,2170286,235542
TAX008954,Mohammad Awan,78414-2392945-3,Muhammad Bilal Awan,,513848,0
TAX008955,Hassan شیخ,36446-2339702-6,Muhammad عمران Sheikh,1989-09-12,348681,0
TAX008956,Muhammed Ali اعوان,49715-3067316-7,Bilal Awan,1995-06-04,148227,0
TAX008957,Muhammad Khan,62570-8989590-4,,,7338977,1010846
TAX008958,Hasan راجہ,97207-6755435-4,محمد Raja,1991-08-09,21833,0
TAX008959,Mohammad Hamzah Raja,95109-1241882-0,Muhammad Hamzah راجہ,1959-12-20,279265,0
TAX008960,حمزہ ملک,19996-3509973-3,Imran Malick,1981-11-02,96103,0
TAX008961,Muhammad Malik,12997-7973522-9,عثمان Malick,2002-05-16,1133835,80075
TAX008962,Muhammad Syed,49455-9753702-1,Muhammed عمران سید,1987-10-17,2160593,234088
TAX008963,Hassan Malick,69578-3672991-3,عمران ملک,1977-03-25,1305867,105880
TAX008964,محمد سید,72277-6600660-9,Muhammed Hasan Syed,2002-08-16,636095,5414
TAX008965,Hamzah چوہدری,85932-7493971-2,احمد Chaudhary,1999-01-09,1613508,152026
TAX008966,Hira Awan,40203-5058516-2,Hussain اعوان,1989-03-16,3028748,364312
TAX008967,حسن Raja,24586-4215745-4,,1979-11-28,222790,0
TAX008968,حرا Moghul,46053-3059740-7,Ali Mughal,1961-10-03,170163,0
TAX008969,محمد Khan,75739-8551275-2,بلال خان,1971-02-20,1554276,143141
TAX008970,Faysal اعوان,67181-3932433-7,Mohammed Ahmad Awan,2003-03-03,51420,0
TAX008971,عثمان مغل,36280-3386154-2,Mohammad حمزہ مغل,1992-09-11,158143,0
TAX008972,Bilal سید,18832-6574933-6,,2003-02-02,974807,56221
TAX008973,Ayesha Butt,49887-6363491-6,عمران Butt,,220086,0
TAX008974,بلال اعوان,27791-9677475-3,,1982-05-23,1348188,112228
TAX008975,علی Sayed,10524-1545460-9,Ahmad Sayed,1971-02-16,2817168,332575
TAX008976,Muhammad Ali خان,12293-2143562-9,Muhammad Khan,1993-11-09,1108338,76250
TAX008977,Mariam Quraishi,90510-7657403-6,حمزہ Qureshi,1961-05-24,1326861,109029
TAX008978,Fatema Mughal,77203-6149756-5,حمزہ Mughal,1973-10-09,769259,25388
TAX008979,Ahmad Awan,73294-2356680-7,Imran اعوان,1999-12-27,546893,0
TAX008980,Fatimah Ch.,76258-1659770-0,Ali Choudhary,2003-07-24,216501,0
TAX008981,عمران خان,,Muhammed عثمان خان,1990-11-20,333485,0
TAX008982,Fatima قریشی,78911-8596843-2,Ahmad Quraishi,1973-08-15,6248226,847233
TAX008983,Mohammad Raja,,Muhammad Raja,1956-01-07,427774,0
TAX008984,زینب اعوان,76604-3838182-1,علی Awan,1964-08-27,1094983,74247
TAX008985,Marium Qureshi,24986-9129933-7,Mohammed Qureshi,1958-11-20,1096441,74466
TAX008986,حمزہ بٹ,32046-5066276-2,Mohammed Butt,1989-01-06,976717,56507
TAX008987,Aisha Chaudhry,41149-7435092-5,Hamzah Chaudhary,1982-02-02,3490404,433560
TAX008988,Imran اعوان,95990-3040150-3,Faisal Awan,1999-03-07,636766,5514
TAX008989,Hira اعوان,43570-6461684-9,محمد اعوان,1975-07-26,1524595,138689
TAX008990,Bilal Quraishi,67504-2107059-4,,1985-05-17,328905,0
TAX008991,Husain Quraishi,94924-1020538-0,,1994-05-14,3745041,471756
TAX008992,Hussein Khan,21269-9827643-6,بلال خان,1988-10-28,305005,0
TAX008993,عمران Mughal,74328-3782319-5,علی Moghul,1998-01-06,1991666,208749
TAX008994,علی Shaikh,67136-7870174-9,,1989-03-26,527756,0
TAX008995,علی Choudhary,,علی چوہدری,1983-04-07,4871619,640742
TAX008996,Ali Chaudhary,39347-3666196-8,Ali Ch.,1988-11-18,10698999,1514849
TAX008997,عمران اعوان,41194-3350800-9,,1961-05-17,362999,0
TAX008998,Hussain Shaykh,51812-4098568-8,فیصل Shaykh,1979-07-19,1823913,183586
TAX008999,Usman راجہ,29438-5528309-3,Hasan Raja,1999-07-28,734682,20202
TAX009000,Fatema خان,73697-4839848-3,Ahmad Khan,1984-09-23,4700357,615053
TAX009001,بلال Khan,55011-2750313-3,,1970-01-07,841388,36208
TAX009002,Zaynab Quraishi,69376-7927159-7,فیصل Qureshi,1962-01-13,617983,2697
TAX009003,حسن Sayed,14297-1616759-9,,1984-08-15,457750,0
TAX009004,بلال Bhatti,44678-8521941-8,Faysal Bhatti,1992-10-12,2667924,310188
TAX009005,Hassan Moghul,67115-5510219-5,Hussein Moghul,1980-07-01,4030798,514619
TAX009006,Faisal Awan,92652-4268037-7,حسن اعوان,1989-10-07,1071506,70725
TAX009007,حمزہ Raja,80558-3076798-0,,1968-08-22,785591,27838
TAX009008,Imran Sayyid,12454-1593110-5,Hamzah Sayed,1993-07-10,3820865,483129
TAX009009,حسین Malik,39736-4934347-7,Mohammad Bilal ملک,1981-07-25,1425796,123869
TAX009010,Mohammad Bilal اعوان,46362-4207439-9,حمزہ اعوان,1981-03-26,1358131,113719
TAX009011,Sana چوہدری,25091-6416235-0,علی Chaudhry,1970-09-03,124644,0
TAX009012,Mariam Qureshi,42980-1558619-4,,1958-02-28,2888471,343270
TAX009013,Muhammad Awan,63178-2519514-4,Hamzah Awan,1981-01-28,129414,0
TAX009014,Mohammad Imran Bhatti,73511-1460838-4,Ahmad Bhatti,1970-04-16,568870,0
TAX009015,Ahmad Butt,53343-6606153-0,Faisal Bhatti,1997-06-09,1988905,208335
TAX009016,Ali Quraishi,60724-5854888-9,علی Quraishi,1972-05-20,158381,0
TAX009017,علی Mughal,44538-7704952-6,حسین مغل,1990-12-23,15439283,2225892
TAX009018,Hassan شیخ,50692-2888422-4,Muhammad Shaikh,1977-08-12,330791,0
TAX009019,Othman Moghul,23964-4187649-1,Ali Mughal,1988-01-04,98092,0
TAX009020,Ahmed Qureshi,57697-4158177-6,Muhammad Qureshi,1967-09-10,511117,0
TAX009021,Hamza Bhatti,33042-5404412-6,Osman Bhatti,,1623119,153467
TAX009022,Muhammad علی Shaikh,84928-2032821-9,Osman Shaykh,1986-06-02,2821590,333238
TAX009023,Muhammad Faysal اعوان,94409-1217724-9,حسن اعوان,1967-08-15,954336,53150
TAX009024,Zaynab Awan,59239-3915905-9,Hamzah اعوان,2003-02-06,3200351,390052
TAX009025,عثمان Bhatti,26915-8894204-2,فیصل بٹ,1985-01-06,1131596,79739
TAX009026,Faisal Malick,25197-7638395-1,حسین Malik,1977-04-24,960294,54044
TAX009027,Zaynab Awan,53415-9416130-9,Faysal اعوان,2003-03-27,155146,0
TAX009028,علی سید,70259-2523341-8,بلال Sayyid,1971-02-10,208773,0
TAX009029,Fatema Chaudhry,16401-3647897-0,Hussein Chaudhry,1955-12-26,202161,0
TAX009030,Osman اعوان,46485-9610199-8,Mohammed Hamza Awan,1961-10-20,300754,0
TAX009031,احمد خان,51795-1240252-6,Muhammed Ahmad خان,1980-12-21,2399120,269868
TAX009032,فیصل ملک,18108-7953858-1,,1973-10-10,663202,9480
TAX009033,Muhammed علی خان,71348-7139973-4,Hussein Khan,2001-02-27,1037310,65596
TAX009034,عمران قریشی,69097-5700657-1,,1971-08-03,440783,0
TAX009035,احمد Khan,95432-9790641-0,,1976-02-12,1255663,98349
TAX009036,حسن Sayed,18885-4690960-7,Faisal Sayyid,1959-02-24,311179,0
TAX009037,Ayisha Qureshi,43818-1563757-7,Mohammed بلال قریشی,1981-10-15,122960,0
TAX009038,حمزہ راجہ,50172-7635934-4,Mohammad حسن Raja,1987-12-24,2912073,346810
TAX009039,Muhammad حسن سید,35088-2028894-0,حمزہ Syed,1994-02-11,340150,0
TAX009040,بلال خان,47463-9594903-2,Mohammed Hamza خان,1965-03-01,1743897,171584
TAX009041,Hira راجہ,79674-1899032-0,عمران Raja,2001-07-28,124030,0
TAX009042,Mohammad Imran Khan,47215-4025150-0,احمد خان,,174694,0
TAX009043,حمزہ Moghul,99314-4740799-4,Ahmad مغل,1969-09-04,95176,0
TAX009044,Mohammad حسین Khan,56293-8239652-8,Ahmed Khan,,1937452,200617
TAX009045,Ahmed Raja,98714-9466370-0,Muhammed عثمان Raja,1968-09-22,74348,0
TAX009046,Muhammad فیصل اعوان,64180-2373290-1,عمران Awan,1976-08-27,1557440,143616
TAX009047,Sana قریشی,97002-5954942-1,Hamza Qureshi,1998-10-22,532992,0
TAX009048,Hasan Mughal,23301-1644991-4,Ahmad مغل,1991-03-27,322621,0
TAX009049,Muhammed Syed,33977-5022617-4,Ahmad Syed,1981-09-15,500531,0
TAX009050,احمد Sayed,92564-1603899-2,علی Syed,1955-10-23,3693968,464095
TAX009051,Muhammad Hussain Syed,64610-4046641-6,Hasan Sayed,1964-08-09,720125,18018
TAX009052,عثمان Syed,80595-6414574-3,Faisal Syed,1970-04-04,561077,0
TAX009053,عمران Shaykh,81736-2719726-0,حمزہ Sheikh,1979-10-08,672342,10851
TAX009054,بلال Khan,23319-8097007-1,Muhammed Bilal خان,1961-09-11,10456011,1478401
TAX009055,Fatema Awan,20665-1641892-8,Ahmed Awan,1976-05-17,480027,0
TAX009056,Hasan Malick,30706-8364773-7,Hassan ملک,1962-07-10,5669251,760387
TAX009057,Zaynab Quraishi,,Mohammed Quraishi,1967-05-01,99027,0
TAX009058,حسین راجہ,44325-8377732-3,احمد Raja,,492990,0
TAX009059,Hassan Chaudhary,,Mohammed حسن Choudhary,1983-02-03,389873,0
TAX009060,زینب Awan,94860-7072379-3,Muhammed Ali اعوان,2001-02-04,1145485,81822
TAX009061,حسن خان,,Hussein خان,,547329,0
TAX009062,بلال شیخ,58792-2073465-4,حسن Shaykh,1972-03-17,451925,0
TAX009063,عائشہ Moghul,11367-3939290-9,Faisal Moghul,2003-06-16,1503473,135520
TAX009064,Muhammad Usman Ch.,98363-1236510-5,Hassan Chaudhry,1980-11-28,8528778,1189316
TAX009065,حمزہ خان,10518-3263514-3,Imran خان,1977-05-11,340135,0
TAX009066,Husain اعوان,98297-3198039-1,Muhammad بلال اعوان,1955-11-25,4133902,530085
TAX009067,Muhammad Chaudhary,42430-1378700-8,Hamzah چوہدری,1959-02-09,94541,0
TAX009068,Hassan Raja,98182-9258064-4,بلال راجہ,,2191927,238789
TAX009069,حسن اعوان,79378-3293913-2,Muhammad Awan,1972-04-10,1521895,138284
TAX009070,Mohammed Shaikh,89832-1663326-9,حسن Sheikh,,4078834,521825
TAX009071,Hamza Chaudhry,90638-2626439-8,Faysal Ch.,1956-03-05,1154760,83214
TAX009072,Faysal Ch.,70104-9325955-4,حسین Chaudhary,1963-11-01,37207,0
TAX009073,Hussein بٹ,,Mohammed Hasan Bhatti,1986-10-21,1665948,159892
TAX009074,علی راجہ,71756-4441218-5,Muhammed حسن راجہ,,47353,0
TAX009075,احمد سید,69532-3900727-7,Muhammed Sayyid,1989-02-01,2870931,340639
TAX009076,Faysal Qureshi,40131-7882348-6,علی Qureshi,1969-08-09,556798,0
TAX009077,Sana Butt,54651-8629201-1,,1996-09-21,1045685,66852
TAX009078,Mohammed Sayed,55128-2674082-7,Muhammed Hussein سید,2002-02-06,1490573,133585
TAX009079,عمران شیخ,98861-6696167-1,Ali Sheikh,2000-09-23,265110,0
TAX009080,Ahmed راجہ,75382-8343791-5,احمد Raja,2003-12-28,5796547,779482
TAX009081,Hussein Raja,56997-9819165-0,,1964-04-25,372484,0
TAX009082,Zaynab Khan,97962-2818226-2,Imran خان,1958-10-10,758013,23701
TAX009083,Muhammad حسین شیخ,18614-9250132-7,عمران Shaykh,1975-03-13,2427366,274104
TAX009084,Ahmad Qureshi,23064-3269038-6,Ahmad Qureshi,1962-04-07,1125800,78870
TAX009085,Mohammed Malick,23823-5300742-0,Hussain Malik,1969-01-09,485846,0
TAX009086,Marium Sheikh,,Muhammad شیخ,1993-02-15,392300,0
TAX009087,Mohammed Imran Khan,58503-2027051-2,,1972-09-06,276097,0
TAX009088,حرا Bhatti,99071-6373342-3,,,512602,0
TAX009089,Mohammad Hasan Qureshi,29703-3373218-7,Ahmed قریشی,1978-10-12,517805,0
TAX009090,Fatema Qureshi,39455-7766092-2,Muhammad Husain قریشی,1957-09-20,916704,47505
TAX009091,Hassan خان,21450-5600980-3,Muhammed احمد Khan,1957-01-17,789355,28403
TAX009092,Othman خان,89475-2564105-2,,,1847796,187169
TAX009093,Osman ملک,42400-2723882-8,Imran Malick,,758547,23782
TAX009094,Ayisha Sheikh,47531-4914570-3,عمران Shaykh,1963-09-11,4460785,579117
TAX009095,Fatema اعوان,81546-3596318-9,,1962-02-17,388865,0
TAX009096,Maryam خان,55685-5484025-4,Muhammed عثمان Khan,1996-10-10,337378,0
TAX009097,احمد Shaikh,23766-6039368-4,عثمان شیخ,1971-03-06,3534221,440133
TAX009098,Muhammed Hussein خان,92363-4656944-4,,1994-08-13,1612266,151839
TAX009099,بلال راجہ,,Mohammed Hussein راجہ,,472082,0
TAX009100,فیصل شیخ,89844-3218105-8,Othman Sheikh,1996-04-17,1090655,73598
TAX009101,Hassan Awan,,علی اعوان,1986-10-19,950053,52507
TAX009102,Muhammed مغل,67590-7792864-2,Bilal Mughal,1996-04-24,871429,40714
TAX009103,Mohammed Khan,89177-2540896-9,Hussein خان,1956-10-25,512941,0
TAX009104,Sana Qureshi,46833-9990475-2,Mohammed Hamzah Qureshi,1967-05-20,520995,0
TAX009105,Hussein Sayyid,87589-5567808-4,Faisal Syed,2000-12-20,2340676,261101
TAX009106,Hussain Raja,88943-1817155-5,بلال Raja,1977-05-13,802979,30446
TAX009107,Maryam بٹ,94227-5627600-3,بلال Bhatti,1995-08-04,214298,0
TAX009108,Muhammad Ahmed اعوان,20384-9562917-1,Mohammad علی اعوان,1969-05-22,4226155,543923
TAX009109,Imran مغل,36331-8962691-1,,1984-03-15,386510,0
TAX009110,Mariam راجہ,97087-3569211-3,,1976-07-04,4477664,581649
TAX009111,Hasan Butt,62288-4721005-7,Muhammed Bhatti,1998-01-09,285896,0
TAX009112,Zaynab ملک,96717-1248580-8,Ahmad ملک,1978-07-28,2595188,299278
TAX009113,Ahmad ملک,23312-4472145-3,محمد ملک,,332577,0
TAX009114,بلال اعوان,59406-9404640-0,Mohammed Hassan Awan,1993-01-16,6170806,835620
TAX009115,Bilal Malik,77499-1694025-4,محمد Malik,1981-03-14,472439,0
TAX009116,Muhammad حمزہ بٹ,47811-7921030-8,Ahmad Butt,1976-10-26,298678,0
TAX009117,ثناء Syed,77140-7322125-6,بلال سید,1967-12-02,630981,4647
TAX009118,Hira Malick,17652-4821342-2,Muhammed ملک,1977-04-24,3262593,399388
TAX009119,Muhammed Imran قریشی,69963-5339067-1,Mohammed Hussain Quraishi,1987-01-01,231201,0
TAX009120,عمران راجہ,48656-7485457-1,احمد Raja,1969-03-19,2969790,355468
TAX009121,Muhammed Bilal ملک,87143-1986806-0,Mohammed Hamza ملک,1995-12-03,110990,0
TAX009122,Marium Quraishi,30947-2754725-8,Imran Qureshi,1967-05-06,1656419,158462
TAX009123,Hasan Raja,86067-7171715-1,Hassan راجہ,1960-10-23,367341,0
TAX009124,ثناء Ch.,14396-4800680-1,Muhammed Chaudhary,1956-03-13,530811,0
TAX009125,حمزہ Khan,66879-4498148-1,Mohammad فیصل خان,1985-07-03,5925997,798899
TAX009126,بلال Khan,,,2001-07-05,983607,57541
TAX009127,Sana Khan,75845-9557904-4,عمران Khan,1956-02-09,374755,0
TAX009128,علی قریشی,71035-6573329-4,Othman Quraishi,,1980125,207018
TAX009129,Osman قریشی,93347-2450002-4,فیصل Quraishi,1958-11-07,1450158,127523
TAX009130,Hamza Awan,62928-4708033-7,حمزہ Awan,1964-03-16,2978137,356720
TAX009131,Hamzah Awan,15188-5795382-9,Hasan Awan,1959-06-07,2269784,250467
TAX009132,حسن Chaudhry,99515-4585919-8,Hasan Chaudhary,,86324,0
TAX009133,Mohammed عثمان ملک,95767-1936939-6,Mohammed Hassan Malick,1967-12-16,953816,53072
TAX009134,Faisal چوہدری,80168-2373380-3,Imran چوہدری,1998-05-01,141130,0
TAX009135,زینب Shaykh,21781-8532550-9,Muhammed Shaykh,2002-09-26,1620266,153039
TAX009136,Muhammed Ahmad Khan,87386-6945599-8,,1955-10-03,952560,52884
TAX009137,Hasan Shaikh,60477-1705528-3,حسین Shaikh,1990-05-15,3827872,484180
TAX009138,Mohammad Bhatti,97901-5310699-5,حمزہ بٹ,1959-03-21,608250,1237
TAX009139,حمزہ شیخ,88571-1901198-1,Muhammad Osman Shaykh,1972-07-13,867785,40167
TAX009140,Hamzah مغل,33167-7060940-5,Hasan Moghul,1992-12-13,320693,0
TAX009141,Hamza Raja,10941-6943930-7,Ali Raja,1973-11-11,1512476,136871
TAX009142,Zainab Malik,92475-5465163-5,Hassan ملک,1985-06-16,4726082,618912
TAX009143,Ali Sayyid,15201-7068698-8,Hassan Sayyid,1998-04-01,500512,0
TAX009144,فیصل Chaudhary,72800-0907565-9,Muhammad Faisal چوہدری,2002-03-28,376034,0
TAX009145,Muhammed Ahmed Butt,48010-6113641-2,Hasan Butt,1980-12-14,412360,0
TAX009146,Muhammed فیصل Bhatti,66638-5839509-4,Usman بٹ,1967-11-15,158466,0
TAX009147,Muhammad علی ملک,15170-4726275-2,,1979-06-13,2696398,314459
TAX009148,Fatema اعوان,44118-9760367-1,Ali Awan,1991-02-16,3884248,492637
TAX009149,Imran Raja,17281-8037740-7,Bilal Raja,1983-03-16,5193643,689046
TAX009150,Ahmed مغل,99146-2768227-6,Ahmad مغل,1957-03-02,740343,21051
TAX009151,Muhammed Osman Malik,89256-3871907-2,,1991-11-05,2614250,302137
TAX009152,Muhammad عمران Butt,35956-2810729-7,Muhammad حسین Butt,1985-01-22,3719602,467940
TAX009153,Mohammed عمران قریشی,19002-8387866-5,Muhammad Qureshi,1973-07-12,261162,0
TAX009154,Mohammad احمد بٹ,11359-3348137-1,,1997-10-19,473764,0
TAX009155,Hira Qureshi,63326-3879135-6,,1999-08-16,296139,0
TAX009156,Muhammad Faisal خان,17957-4108681-8,عثمان خان,1976-11-17,1432509,124876
TAX009157,Imran Quraishi,17256-2891386-9,محمد Qureshi,1970-04-05,967115,55067
TAX009158,Hamzah Syed,46592-2452585-6,,1974-03-28,486180,0
TAX009159,Sana ملک,44085-6999562-4,Hussein ملک,1987-09-02,492828,0
TAX009160,فاطمہ Syed,,علی سید,2001-07-26,6177919,836687
TAX009161,Osman Khan,38942-7491159-7,Hamzah خان,1984-07-07,511093,0
TAX009162,حمزہ شیخ,63572-1793323-5,Bilal Shaikh,1959-05-04,170895,0
TAX009163,حسن Bhatti,21525-7851868-2,Faysal Butt,1999-12-19,480085,0
TAX009164,Ali قریشی,,Muhammad Faisal Qureshi,1983-11-04,173268,0
TAX009165,Mohammed Chaudhry,85100-3724999-8,محمد Choudhary,1986-10-17,1571544,145731
TAX009166,Aisha Khan,53678-2180440-9,,1962-08-08,637878,5681
TAX009167,Sana اعوان,32369-8745496-9,عمران اعوان,1989-08-15,221550,0
TAX009168,Mohammed Imran شیخ,92066-1573670-6,,1979-12-11,786656,27998
TAX009169,Muhammad Hassan خان,95587-8164311-5,Hamza خان,1966-05-28,191438,0
TAX009170,Zaynab Sayed,57815-1577420-1,بلال سید,1966-11-14,1085862,72879
TAX009171,Muhammad عثمان Shaykh,78057-7851129-2,Muhammed Ali Shaykh,1976-11-03,1005321,60798
TAX009172,Ali Sheikh,10405-6668152-7,حسین Sheikh,1972-06-11,415257,0
TAX009173,عائشہ مغل,82389-5645277-2,Muhammed Othman Mughal,,440678,0
TAX009174,Hira مغل,52439-6238186-9,Muhammad Bilal Mughal,1957-02-11,728638,19295
TAX009175,Muhammad Hamza Khan,82968-9185592-4,حسن Khan,1969-04-12,768187,25228
TAX009176,Muhammed Usman Mughal,80598-5678664-7,Osman مغل,1976-06-24,4054507,518176
TAX009177,Muhammed بلال Khan,48361-4832298-5,Mohammed علی خان,1994-03-08,1568484,145272
TAX009178,احمد Qureshi,28865-9164429-7,Hasan Quraishi,1988-03-01,943445,51516
TAX009179,Muhammad اعوان,55084-1602999-3,Faysal اعوان,1988-06-23,5232273,694840
TAX009180,Muhammed خان,34414-4417554-4,Ahmed Khan,1973-04-05,13951535,2002730
TAX009181,Osman Awan,24189-5879872-2,Mohammad اعوان,1969-04-18,561306,0
TAX009182,Imran Bhatti,86716-4938663-6,Mohammed Hamza Bhatti,1975-12-17,174747,0
TAX009183,عثمان اعوان,20647-6260220-8,Bilal اعوان,1984-11-14,1156476,83471
TAX009184,Hamzah ملک,20343-3887944-9,Imran Malik,1986-02-13,110444,0
TAX009185,Muhammad Osman قریشی,22734-3259159-4,Hussein Quraishi,1970-03-06,1065749,69862
TAX009186,Muhammad Imran اعوان,48209-7747460-2,Mohammed Faisal Awan,,168612,0
TAX009187,Mohammad Ahmed قریشی,45370-3476009-1,Husain Qureshi,1977-02-02,823214,33482
TAX009188,Muhammed Osman Shaikh,14668-7531402-3,حسن Shaykh,1970-09-22,851644,37746
TAX009189,Mohammed Khan,20978-4550947-1,Muhammad فیصل خان,1990-06-27,1663393,159508
TAX009190,عثمان Sheikh,97484-7904674-1,عمران Shaykh,1984-11-22,611352,1702
TAX009191,Ahmad Moghul,75473-6162388-6,عمران Moghul,1971-08-08,131933,0
TAX009192,Hamzah Quraishi,77826-9029702-1,محمد Qureshi,1974-03-17,248923,0
TAX009193,Ali Sheikh,46920-8716557-7,Mohammed علی Shaikh,1958-12-08,532004,0
TAX009194,عمران Moghul,22698-9970375-2,Hamzah Moghul,1982-10-15,248808,0
TAX009195,عثمان Sheikh,40534-8053349-1,Muhammed حسین Shaykh,1986-07-27,455367,0
TAX009196,عمران Chaudhary,82180-4271233-0,Mohammed Ahmed Ch.,1978-05-08,1138359,80753
TAX009197,علی بٹ,53509-3814480-9,Ali بٹ,1985-09-13,10549999,1492499
TAX009198,Muhammad احمد Raja,96954-4942466-3,Muhammed Faisal راجہ,2001-04-19,163768,0
TAX009199,Muhammed Hassan Awan,44853-6325192-3,Hamza اعوان,1974-09-07,1417748,122662
TAX009200,Muhammad Hussein Qureshi,93139-7897698-1,Mohammad فیصل Qureshi,1974-12-01,975917,56387
TAX009201,Maryam Quraishi,53254-8626454-6,Imran Qureshi,1975-04-25,600107,16
TAX009202,بلال اعوان,79271-1767712-2,Mohammed علی اعوان,1964-06-26,208748,0
TAX009203,Hira Sheikh,22650-6048564-7,Mohammed Bilal Shaikh,2003-12-17,213440,0
TAX009204,فیصل Raja,74427-9119003-5,,1992-04-19,2980699,357104
TAX009205,Husain Butt,74512-2912877-1,Muhammad Hussain بٹ,1964-05-22,85492,0
TAX009206,Mohammad خان,63550-0695096-6,Ahmed Khan,1988-05-13,797230,29584
TAX009207,Hamzah خان,15730-9888464-5,Muhammed Ali خان,1964-04-05,256783,0
TAX009208,حرا Shaikh,93848-1938686-9,,1955-05-13,2046423,216963
TAX009209,Mohammad سید,89130-5902554-3,Ahmad Sayed,1956-07-27,677457,11618
TAX009210,Hussain راجہ,55342-9119860-2,Hasan راجہ,1974-08-19,703375,15506
TAX009211,Zaynab Sayyid,11581-1079534-9,Muhammed Hussain Sayed,1986-09-11,294297,0
TAX009212,حسن Syed,62825-3309508-6,Mohammad سید,1992-04-21,54885,0
TAX009213,بلال ملک,73619-8473689-8,Hamzah Malick,,1903800,195570
TAX009214,Fatimah Sheikh,68225-6679386-8,Muhammad Hussein Sheikh,1966-12-21,192080,0
TAX009215,Hasan Sayyid,74454-6450532-4,Hassan Sayyid,1955-01-11,118699,0
TAX009216,Sana Qureshi,22448-4083370-9,حمزہ Quraishi,1983-03-10,538584,0
TAX009217,زینب مغل,55322-4574540-4,,1964-02-07,1112990,76948
TAX009218,Muhammed حسین Khan,32639-3917869-9,,1999-05-13,2865801,339870
TAX009219,Imran Sayed,46743-7594503-9,Mohammad حسن Sayyid,,620843,3126
TAX009220,Imran Malik,76051-4839298-3,Bilal Malick,1975-03-17,537512,0
TAX009221,Hussein خان,34527-7658581-3,Muhammed Hamza خان,,1059225,68883
TAX009222,احمد Malik,50229-6571714-9,بلال Malik,1980-11-05,108715,0
TAX009223,Hussein Moghul,86006-7659431-7,Mohammad حمزہ Mughal,2001-11-14,1013460,62019
TAX009224,عائشہ قریشی,25175-7274871-2,Ahmed Qureshi,1992-08-05,2621273,303190
TAX009225,مریم ملک,99704-2688915-5,Muhammed Malick,1987-10-05,370290,0
TAX009226,ثناء مغل,15504-2667422-6,Muhammad مغل,1971-12-21,1378358,116753
TAX009227,Zaynab Sayyid,82365-3544121-8,Muhammed Syed,1988-11-27,978775,56816
TAX009228,علی راجہ,41148-2248705-3,Ali Raja,1957-05-15,2317171,257575
TAX009229,Mohammad Ali Butt,40109-7664670-3,Mohammed بلال Bhatti,,580637,0
TAX009230,ثناء Awan,38928-6000286-4,Usman اعوان,1974-01-06,256207,0
TAX009231,Faisal اعوان,26660-2236588-8,Mohammed Awan,1961-10-09,444766,0
TAX009232,ثناء Shaykh,82902-2911581-5,علی Shaikh,1963-12-17,161510,0
TAX009233,حسین مغل,61745-4414918-8,Muhammad مغل,1962-04-13,4727983,619197
TAX009234,Zaynab Raja,17793-7646718-9,,,1559221,143883
TAX009235,Ahmad Mughal,68064-9768932-1,,1983-11-04,2556767,293515
TAX009236,Muhammad Qureshi,50555-7396959-0,حمزہ Qureshi,1987-04-14,221959,0
TAX009237,Faysal قریشی,75655-4003354-1,,1961-03-16,524849,0
TAX009238,عائشہ Butt,12587-6615945-0,Hussain بٹ,1972-06-25,589599,0
TAX009239,Fatima Mughal,89946-9079018-7,محمد Mughal,1969-02-05,2003056,210458
TAX009240,بلال Awan,22848-8889671-8,Hamza Awan,1962-03-12,246773,0
TAX009241,Ahmad خان,84735-2765567-4,,1979-07-15,224709,0
TAX009242,Hassan راجہ,57942-6948909-7,,1983-03-04,1441734,126260
TAX009243,فاطمہ خان,11717-9985859-7,احمد Khan,1964-11-27,311353,0
TAX009244,Muhammed فیصل Sayyid,53798-5424243-3,Ahmad سید,1977-01-13,598812,0
TAX009245,Zainab Mughal,74597-4481958-1,بلال Moghul,1970-01-14,1597895,149684
TAX009246,Hassan Sheikh,28856-1273642-1,Mohammad حسین شیخ,1977-11-07,4912394,646859
TAX009247,Ali Qureshi,61888-6012496-4,Hussain Qureshi,,1402982,120447
TAX009248,Sana قریشی,28079-1164052-9,Muhammad Ali Qureshi,1980-05-09,125388,0
TAX009249,Aysha ملک,49806-1091790-4,,1963-12-01,831026,34653
TAX009250,Osman Moghul,84549-9680585-7,Mohammad حسن Mughal,1966-03-28,128365,0
TAX009251,بلال قریشی,13270-1629570-4,,1958-08-21,1243621,96543
TAX009252,عائشہ بٹ,45868-9003100-0,Usman Bhatti,1982-09-01,2517056,287558
TAX009253,محمد Shaykh,62348-5726710-2,حسن Sheikh,1981-05-23,178629,0
TAX009254,Hussain Shaikh,,حسن شیخ,1957-05-09,1076332,71449
TAX009255,Hira Sheikh,86296-6151211-5,Muhammed حسن Shaikh,1978-11-05,614322,2148
TAX009256,حرا Malick,59367-2666611-6,Mohammed علی Malick,1987-09-25,1273787,101068
TAX009257,Zaynab خان,56658-1671739-6,علی Khan,1992-09-11,8807796,1231169
TAX009258,Hassan شیخ,58832-1164467-2,Muhammad Faisal Sheikh,1995-02-01,12054108,1718116
TAX009259,بلال Bhatti,70561-9253797-3,,1976-10-14,463714,0
TAX009260,علی Butt,29038-2223530-8,Mohammed Ahmed Bhatti,1967-02-11,118271,0
TAX009261,Hamza Butt,77891-3008665-0,Mohammad Bhatti,1981-04-19,1458205,128730
TAX009262,Muhammad ملک,72836-7937057-0,علی Malik,1968-05-25,966436,54965
TAX009263,Zaynab Mughal,18891-2417825-3,Muhammad Hussain Moghul,1968-07-28,489015,0
TAX009264,Ayesha Awan,37076-2162624-3,Ahmad Awan,1971-04-16,2771317,325697
TAX009265,Osman سید,69301-3363728-5,فیصل Syed,1966-11-13,1877964,191694
TAX009266,Hassan Malik,11521-4716977-0,محمد ملک,,561860,0
TAX009267,محمد Awan,75407-3911705-3,Husain اعوان,1963-12-24,7270440,1000566
TAX009268,احمد شیخ,43309-2463501-2,Hamzah Sheikh,1976-12-09,8027819,1114172
TAX009269,علی Syed,86381-9393690-4,Osman سید,1955-09-27,460541,0
TAX009270,Marium مغل,55575-8165099-0,فیصل مغل,1966-05-16,918297,47744
TAX009271,Muhammed Bhatti,10240-3382709-1,Mohammed Othman بٹ,1987-06-25,6266006,849900
TAX009272,حسین Chaudhary,30988-7302373-5,حسن Choudhary,1994-08-24,501583,0
TAX009273,حسن Butt,43876-4216290-9,حمزہ بٹ,1962-02-25,1257252,98587
TAX009274,Hassan Ch.,95706-2071961-4,Hasan Chaudhary,1973-04-19,938700,50805
TAX009275,عمران راجہ,48803-3531840-6,,1957-02-12,2180585,237087
TAX009276,محمد مغل,93562-7860351-9,Muhammed Mughal,1969-11-15,352706,0
TAX009277,Hamzah Sayyid,81579-6132301-1,Ali Sayed,1999-04-13,1753030,172954
TAX009278,Muhammad بلال مغل,,احمد مغل,1994-01-04,1682457,162368
TAX009279,علی قریشی,88642-8916851-6,Hamzah Qureshi,1974-09-17,674314,11147
TAX009280,Muhammed حسن Malik,57929-9755948-9,عثمان Malick,1969-07-14,2246376,246956
TAX009281,Muhammed احمد خان,36961-3969607-5,Imran خان,1961-04-20,694905,14235
TAX009282,احمد اعوان,,Muhammad Awan,1995-08-24,575096,0
TAX009283,Sana Choudhary,81724-2542746-9,,1963-06-10,1577104,146565
TAX009284,Mohammed سید,70434-5117998-9,Ali Sayyid,1999-03-08,969739,55460
TAX009285,Hamza Awan,,Hamza اعوان,1958-12-24,82892,0
TAX009286,Imran Sayyid,73568-5330065-7,,1999-02-09,194571,0
TAX009287,Othman شیخ,22971-4825492-4,Ahmed Sheikh,,5788416,778262
TAX009288,Ahmad Awan,75262-2871525-7,Mohammad Faisal اعوان,1999-11-10,1377368,116605
TAX009289,Muhammed حسین مغل,,Osman Mughal,1978-03-05,1193801,89070
TAX009290,Mohammed Hamzah بٹ,36051-3818228-4,علی بٹ,1995-03-08,1049961,67494
TAX009291,Sana خان,10649-1945170-8,Muhammad Osman خان,1957-10-01,3785855,477878
TAX009292,عمران Syed,31144-9858129-4,Mohammad احمد سید,1989-06-27,3868011,490201
TAX009293,Mohammad احمد راجہ,28101-7870054-9,Mohammed Faisal Raja,1965-08-13,99475,0
TAX009294,Fatimah سید,48518-1786701-8,Mohammed عمران سید,1967-07-19,2367574,265136
TAX009295,حرا Malik,24342-2419761-8,Muhammad Faysal Malik,1975-07-12,869369,40405
TAX009296,Muhammad Quraishi,41308-9793975-4,حسین Qureshi,1970-09-20,727244,19086
TAX009297,Hussain Raja,21517-7814652-7,بلال راجہ,1973-06-02,610440,1566
TAX009298,Zainab Khan,74442-8403400-7,Mohammed Hamzah Khan,1972-08-04,242563,0
TAX009299,Ali Sheikh,46422-5345256-9,,1960-10-18,5736144,770421
TAX009300,Muhammad راجہ,62234-6993070-9,Mohammed Hussein Raja,1981-12-15,392808,0
TAX009301,Hamzah چوہدری,57311-5786350-0,Faysal Chaudhry,1996-03-16,179226,0
TAX009302,Hamzah Khan,45059-3809677-4,,1993-09-26,136282,0
TAX009303,Sana Quraishi,36329-2777150-5,Mohammad Imran قریشی,,180360,0
TAX009304,Muhammed Hassan ملک,62417-5860628-4,Bilal ملک,1985-12-27,418171,0
TAX009305,Faysal Shaykh,60895-6282202-4,علی Sheikh,1962-03-02,158872,0
TAX009306,Hasan Raja,98791-3871098-4,Hussein Raja,,1212110,91816
TAX009307,مریم Shaikh,86779-9094747-8,عمران Shaykh,1968-02-27,7878667,1091800
TAX009308,Ali Butt,63354-1084541-8,Mohammed عمران Butt,1988-06-24,10183074,1437461
TAX009309,محمد Raja,40369-6750907-1,,1957-10-21,709510,16426
TAX009310,Faisal قریشی,91764-7073177-6,حمزہ Quraishi,2001-10-27,2664146,309621
TAX009311,فیصل Khan,65868-1071287-0,عثمان خان,2000-05-01,437824,0
TAX009312,مریم Sheikh,,Ali Shaykh,,1246783,97017
TAX009313,Mohammad Hamzah Bhatti,28300-6488811-7,Muhammad حمزہ Bhatti,1990-10-18,424371,0
TAX009314,Mariam Awan,68683-5761344-0,بلال Awan,1988-02-16,965450,54817
TAX009315,Fatema Raja,27603-6159326-5,Muhammed علی راجہ,,9456038,1328405
TAX009316,Muhammed Hamzah اعوان,87359-2114130-3,Mohammed Bilal Awan,1962-09-11,224319,0
TAX009317,Mohammad Ahmed راجہ,22540-5981514-5,,2002-07-25,292979,0
TAX009318,بلال قریشی,24615-8129976-3,Mohammad عثمان Quraishi,1958-03-08,1483160,132474
TAX009319,Ali Chaudhary,79977-1662640-1,Hussain Chaudhry,1994-07-02,353935,0
TAX009320,Hasan Chaudhary,38935-5504761-8,Husain Chaudhary,1962-01-19,71054,0
TAX009321,Aisha راجہ,33852-1287347-1,عمران راجہ,1978-07-11,75038,0
TAX009322,Hussein Shaikh,95455-7219285-7,Muhammad Sheikh,2002-04-24,1927059,199058
TAX009323,Fatima Raja,48508-7331266-6,عمران راجہ,1968-02-24,6521484,888222
TAX009324,Ahmed Ch.,25881-5584272-2,Mohammed حمزہ Ch.,1985-04-22,5848214,787232
TAX009325,Hasan بٹ,36707-4024237-9,Faisal بٹ,1984-03-14,8017367,1112605
TAX009326,حسین سید,46761-6715057-9,Mohammad Hassan Sayed,1961-01-01,4897198,644579
TAX009327,فیصل Syed,54822-3040641-8,احمد Sayyid,1970-04-17,8164255,1134638
TAX009328,Muhammed Hussein Bhatti,46739-6183754-2,Hussein بٹ,1995-10-03,465544,0
TAX009329,Bilal چوہدری,,Ali Chaudhry,1981-11-03,1978519,206777
TAX009330,Bilal شیخ,74446-7892016-4,Muhammad حسن Shaykh,1974-05-16,218591,0
TAX009331,Mohammad عمران اعوان,52996-3465579-2,Mohammad عمران Awan,,614882,2232
TAX009332,Sana Shaykh,26268-4659507-7,بلال Sheikh,1989-09-12,424274,0
TAX009333,Muhammad علی Shaikh,47121-3361293-3,,1974-05-14,2101248,225187
TAX009334,Ahmad چوہدری,52640-1342543-2,Mohammed Ahmad Ch.,1968-06-04,14523945,2088591
TAX009335,فیصل Mughal,69840-4848087-6,Hamza Moghul,1981-08-26,1897751,194662
TAX009336,ثناء Bhatti,60585-2016809-2,Muhammad عمران Bhatti,1964-09-16,293958,0
TAX009337,Hasan Malik,42528-4244607-3,Ahmad Malik,1966-02-14,2381687,267253
TAX009338,Hasan راجہ,56886-4302112-2,Mohammed راجہ,1987-09-17,1372196,115829
TAX009339,Hamzah خان,10630-6826557-0,Mohammad Khan,1979-09-26,1684354,162653
TAX009340,Fatema Awan,10006-1847495-6,حسین اعوان,1959-04-21,407653,0
TAX009341,Zainab Bhatti,35279-2386364-9,حسین Bhatti,1957-10-13,1930933,199639
TAX009342,Mohammad فیصل چوہدری,46793-4761922-4,Hassan Ch.,,735818,20372
TAX009343,محمد Mughal,66475-8323210-6,,1961-08-22,2064800,219720
TAX009344,Imran Sayed,37004-1701146-3,Muhammed Ahmad Syed,,3656445,458466
TAX009345,Imran مغل,21374-9861408-4,عمران Moghul,1967-04-06,2035786,215367
TAX009346,حمزہ Raja,16542-8339149-6,,1967-04-12,2590104,298515
TAX009347,Muhammed حسین Chaudhry,94562-9551323-8,Mohammed فیصل چوہدری,1965-05-02,474898,0
TAX009348,Muhammed بلال Khan,48577-6813561-3,Muhammed Khan,,370262,0
TAX009349,Muhammad Awan,91144-1407466-0,Mohammad Hamza اعوان,1974-01-25,1025819,63872
TAX009350,Mariam Syed,30227-8621583-5,عمران Syed,1966-01-25,240467,0
TAX009351,Ayesha اعوان,68706-9609100-9,Mohammed Husain Awan,1979-06-06,378771,0
TAX009352,Husain Chaudhry,82870-3281509-0,Muhammed Bilal چوہدری,1960-08-27,1368812,115321
TAX009353,ثناء Sayed,67604-1725027-7,Ali Sayed,1974-02-07,2806327,330949
TAX009354,Mohammed Hussain بٹ,71536-7928039-0,,1985-06-11,20454390,2978158
TAX009355,فیصل Shaykh,58093-3873906-7,Hamzah Sheikh,1994-08-25,1402865,120429
TAX009356,Aisha Sayyid,89077-2225341-3,Ali Sayed,,2796058,329408
TAX009357,Osman راجہ,69994-7478557-0,Ahmad راجہ,1983-03-21,1333749,110062
TAX009358,Muhammed Faysal Raja,84582-9403169-3,,1982-03-28,495800,0
TAX009359,Hamzah سید,77647-9557812-8,Hasan Sayed,1998-11-26,862677,39401
TAX009360,Hira Sayyid,78868-3887345-1,Muhammed Sayed,1997-06-20,102717,0
TAX009361,عثمان Choudhary,32106-7233411-5,Hassan Chaudhry,1971-07-26,275315,0
TAX009362,محمد Khan,11604-3938980-5,Ali Khan,1956-05-12,613358,2003
TAX009363,Muhammad Imran Malick,61909-2601897-7,,1992-07-27,1199195,89879
TAX009364,Osman Bhatti,91044-6187223-4,,1984-08-05,885142,42771
TAX009365,Hussain Raja,27091-4870456-9,محمد Raja,1999-03-26,530053,0
TAX009366,Ali Sayyid,66765-3566138-9,,1963-10-17,1880486,192072
TAX009367,Ayesha Chaudhry,38771-4176220-5,فیصل چوہدری,1986-11-22,309718,0
TAX009368,Muhammed Ali Awan,70824-2820295-8,حسین اعوان,1994-07-05,3727344,469101
TAX009369,Usman مغل,43562-8215674-9,Bilal مغل,,51097,0
TAX009370,Hasan Moghul,98874-4119169-7,Ali Mughal,1990-07-01,2695326,314298
TAX009371,Fatema Khan,66115-4232175-9,Faysal Khan,1993-09-20,1968421,205263
TAX009372,Mohammad Osman راجہ,35101-5004137-7,Faisal Raja,1986-05-08,2167242,235086
TAX009373,حسن ملک,89671-2049482-2,Mohammad Malick,1999-01-25,4763558,624533
TAX009374,Hamza Quraishi,13793-3920792-6,Hassan Quraishi,1977-11-07,335102,0
TAX009375,Mariam قریشی,37059-8132474-3,Muhammad Hamzah Quraishi,2002-08-05,2639653,305947
TAX009376,Zaynab Khan,65509-4665038-6,Mohammed Ahmad خان,,6946062,951909
TAX009377,Muhammed Raja,21700-7513904-9,Mohammed Faisal راجہ,1975-02-25,695209,14281
TAX009378,عمران Butt,50857-2873140-3,عمران بٹ,1995-12-09,2385535,267830
TAX009379,زینب ملک,46143-4015403-8,Hamza ملک,,533697,0
TAX009380,Imran اعوان,36877-3682542-0,Muhammed Faisal Awan,1958-01-15,3242316,396347
TAX009381,حسین اعوان,91975-7143033-1,Hamzah اعوان,,431118,0
TAX009382,Osman Khan,74567-4390697-7,Mohammed Khan,1979-09-12,781239,27185
TAX009383,Hussain Butt,36809-8591182-3,Ahmad Butt,1968-04-21,2148348,232252
TAX009384,Ahmad Sheikh,75531-7911317-5,Mohammed Hassan Shaikh,1976-05-16,825947,33892
TAX009385,Hira Khan,21937-9226636-7,بلال خان,1963-12-06,449194,0
TAX009386,عثمان راجہ,95071-2684088-2,حمزہ Raja,1986-02-01,4694514,614177
TAX009387,Hamza Malick,33292-9468708-1,Ahmed Malik,1960-09-15,2623175,303476
TAX009388,حرا Malick,27048-1074451-8,عثمان Malik,1956-02-02,2924050,348607
TAX009389,حسن مغل,66697-6850942-0,Muhammed Imran مغل,,1577869,146680
TAX009390,Zaynab راجہ,54675-1141185-1,Hamza راجہ,,893146,43971
TAX009391,حسین Mughal,78062-3538274-7,,1980-06-09,3407524,421128
TAX009392,عمران Chaudhry,88463-4842507-6,,1961-03-23,368505,0
TAX009393,عمران Qureshi,66572-3471610-5,Usman قریشی,1982-11-07,467728,0
TAX009394,Hussain Chaudhry,32872-1256534-9,بلال چوہدری,1996-08-08,2204026,240603
TAX009395,علی شیخ,41270-6080530-8,Ahmed Shaykh,1970-06-01,482210,0
TAX009396,بلال Raja,95476-4232934-2,,1963-01-15,3716528,467479
TAX009397,Imran Chaudhary,28684-6247306-2,احمد Ch.,1963-03-21,745203,21780
TAX009398,Mohammed Ahmad بٹ,58363-9883369-2,Bilal Butt,1981-03-20,117247,0
TAX009399,Aysha چوہدری,29219-3353146-3,Faysal چوہدری,1963-05-01,443710,0
TAX009400,Ahmad Butt,90787-5403423-9,Ahmed بٹ,1970-12-10,4001490,510223
TAX009401,فاطمہ Butt,62751-8050041-6,Hamzah Butt,1982-04-10,340992,0
TAX009402,عمران قریشی,22302-3622715-4,,1980-09-16,3188874,388331
TAX009403,عثمان Moghul,60258-3346543-9,Muhammad حسین مغل,,176214,0
TAX009404,Fatima Sheikh,64004-5426434-9,Mohammed عمران Sheikh,1979-09-07,1421274,123191
TAX009405,Mohammed Syed,94945-1638243-9,محمد Sayyid,1959-02-20,45045,0
TAX009406,Hasan اعوان,86323-3686922-4,Imran Awan,1969-01-06,1689774,163466
TAX009407,Muhammad Raja,10254-5766725-4,Imran راجہ,1995-06-12,2619758,302963
TAX009408,حرا Sayed,36509-9933778-7,Husain Sayyid,1982-10-25,592686,0
TAX009409,Mohammad Chaudhry,78153-6186071-2,Osman چوہدری,1981-02-28,590157,0
TAX009410,Imran Chaudhry,51247-3961800-4,Muhammad حمزہ Chaudhary,1957-02-11,1368876,115331
TAX009411,Hamzah Shaikh,94796-6044873-7,عمران Shaykh,2003-10-10,953963,53094
TAX009412,Mariam Shaykh,20788-4881081-0,بلال Shaikh,1996-07-14,850229,37534
TAX009413,Ali Sayyid,89382-3570940-2,فیصل Sayyid,,1548034,142205
TAX009414,Muhammed Imran Awan,80597-8322881-5,Mohammed Husain Awan,1987-07-14,1341401,111210
TAX009415,عمران Malik,33168-7422284-9,علی ملک,1973-04-20,287552,0
TAX009416,احمد خان,14493-9797043-3,,1986-08-11,636343,5451
TAX009417,Muhammed Faisal Sayyid,40962-1329450-9,Mohammad Hasan Sayyid,,2498845,284826
TAX009418,Muhammad Mughal,95019-6914154-3,Hassan Mughal,2003-08-07,194699,0
TAX009419,Muhammed راجہ,64830-5559263-1,Ali راجہ,1986-08-17,2586142,297921
TAX009420,Osman Awan,33291-2045412-9,Imran اعوان,1976-11-06,1070442,70566
TAX009421,علی چوہدری,59275-2827310-2,عثمان Choudhary,1960-01-08,614579,2186
TAX009422,Imran Sayed,88518-1879062-7,,,1366430,114964
TAX009423,عمران Raja,19900-7283078-4,,1977-01-11,572030,0
TAX009424,عثمان Khan,66585-6313528-7,Imran خان,,4576328,596449
TAX009425,ثناء Ch.,31977-9538165-7,Imran Choudhary,,37626599,5553989
TAX009426,Mohammad Awan,84428-5402207-0,Osman Awan,1982-08-14,259054,0
TAX009427,Mariam Malick,22012-6264919-1,,1968-06-20,66254,0
TAX009428,زینب Syed,53050-3416341-8,Hamza سید,1975-03-22,93476,0
TAX009429,ثناء Awan,34778-3493740-6,Hussein Awan,1967-06-08,1477596,131639
TAX009430,Muhammed Hamzah Moghul,26005-2606274-2,Mohammed Hussein Moghul,1980-04-12,126269,0
TAX009431,Hussein اعوان,33832-5901995-9,Mohammed Faysal اعوان,2003-04-03,282305,0
TAX009432,Mohammed Ahmed Chaudhary,20898-7065092-9,احمد Chaudhary,1956-07-14,961995,54299
TAX009433,Muhammad عمران Malik,90325-2056417-7,علی ملک,1957-03-19,573091,0
TAX009434,فیصل Sayed,47504-7060224-0,,1995-09-20,609681,1452
TAX009435,Mohammed علی خان,27310-8020466-4,حسن خان,1967-06-16,1026113,63916
TAX009436,Osman Awan,41787-2960818-9,Mohammed Hassan Awan,1985-12-06,452216,0
TAX009437,Aysha Quraishi,14912-1470531-6,,1959-12-18,552075,0
TAX009438,حسن Ch.,33661-4354258-7,,1982-04-01,895748,44362
TAX009439,Ahmad Awan,45218-9933678-8,حسین Awan,2002-10-11,1034245,65136
TAX009440,Hamzah Malik,46294-2129787-0,,1958-05-15,97259,0
TAX009441,Ahmad Khan,11400-3205827-0,Bilal خان,1987-07-02,2172125,235818
TAX009442,Hira سید,17601-1549289-0,Muhammed Hasan سید,1979-07-18,174049,0
TAX009443,Muhammad Ali اعوان,46544-5863433-9,Ahmed اعوان,1988-08-14,641722,6258
TAX009444,Ayesha راجہ,43157-5412910-6,Hasan راجہ,1985-07-13,802043,30306
TAX009445,فاطمہ مغل,32836-2996382-4,Hussain مغل,1984-08-12,488381,0
TAX009446,حرا Butt,40717-4087106-4,علی Butt,1982-05-23,446221,0
TAX009447,Hira Sayyid,59444-5676556-7,بلال سید,1990-04-13,318370,0
TAX009448,Ahmed Butt,44004-8257275-7,بلال Bhatti,,1425337,123800
TAX009449,Aysha Bhatti,78327-4363852-6,علی Bhatti,1979-08-09,999044,59856
TAX009450,Hassan Syed,76152-3371422-4,علی سید,1977-09-22,135181,0
TAX009451,Bilal Malick,36530-4690329-9,,1965-06-12,183189,0
TAX009452,عائشہ Sayed,98152-3272583-5,Muhammed Imran Sayyid,1964-08-08,805759,30863
TAX009453,Faisal Quraishi,58454-1964117-9,Ahmed Qureshi,1968-02-26,526046,0
TAX009454,Imran ملک,93335-1396553-5,Hussain Malick,1979-06-09,225154,0
TAX009455,Hamzah Qureshi,72850-6510806-9,Bilal Qureshi,1972-10-11,1589947,148492
TAX009456,Muhammad احمد راجہ,79273-9045596-3,Muhammed Hamzah Raja,1979-04-15,2590567,298585
TAX009457,Imran Awan,31100-8787445-9,Husain اعوان,1958-10-23,2470303,280545
TAX009458,Faisal خان,59454-3841782-7,Osman خان,1973-04-26,650411,7561
TAX009459,Fatema اعوان,81514-9969372-3,حسن اعوان,1998-08-06,2185797,237869
TAX009460,بلال مغل,48707-7306485-3,حمزہ Mughal,,2950687,352603
TAX009461,Othman Khan,76399-3247238-0,فیصل خان,1958-09-19,995834,59375
TAX009462,مریم Awan,20866-2833670-7,Hasan Awan,1999-08-03,1290347,103552
TAX009463,Mohammad Hasan Raja,23536-9644167-0,Imran Raja,1958-05-13,86985,0
TAX009464,Osman خان,66918-7599744-4,علی Khan,1983-12-16,1759553,173932
TAX009465,Osman Shaykh,87295-6568000-7,Ali Shaikh,1959-07-02,462989,0
TAX009466,احمد راجہ,52052-5821280-8,علی Raja,1996-04-24,1530962,139644
TAX009467,محمد ملک,42924-3416756-5,فیصل ملک,1987-04-26,457058,0
TAX009468,Mariam قریشی,73049-6680340-4,Mohammed Quraishi,1982-09-05,6230604,844590
TAX009469,حسین قریشی,20385-6019640-6,Muhammed عمران قریشی,1964-10-17,455203,0
TAX009470,Imran Quraishi,45496-6005223-1,علی قریشی,1976-08-15,458822,0
TAX009471,Faisal Mughal,12614-7796423-4,Mohammed Mughal,1966-12-25,1567583,145137
TAX009472,Ayisha Sayed,79671-6433672-9,Imran Sayyid,1999-06-22,552521,0
TAX009473,Hussain Quraishi,39653-2211410-8,,,1073456,71018
TAX009474,Mohammed Hussein Quraishi,22357-2387408-6,Hussein Qureshi,1971-07-18,1056402,68460
TAX009475,Bilal چوہدری,99643-2093605-2,,1976-08-26,837273,35590
TAX009476,Ahmed Sheikh,22443-2536368-1,Muhammad حمزہ Shaikh,1962-05-27,845136,36770
TAX009477,Muhammad Hamza سید,88748-4929303-7,Hamza Sayed,1975-10-17,1003564,60534
TAX009478,حسن Malik,84171-4166339-6,,1977-07-22,130901,0
TAX009479,Fatima ملک,69823-2787730-4,,1962-03-26,1224719,93707
TAX009480,Mohammed Butt,95438-6634964-5,Muhammed بلال Bhatti,2003-04-03,885433,42814
TAX009481,Hasan Shaykh,43671-3870048-0,Hamza شیخ,1996-03-10,392837,0
TAX009482,Mariam Bhatti,39791-2978950-1,حمزہ Bhatti,1960-03-11,373741,0
TAX009483,Ahmed Mughal,76807-8527894-6,Mohammad Imran Moghul,1993-11-22,331380,0
TAX009484,Fatimah بٹ,34792-9546370-7,علی Butt,1961-07-16,711126,16668
TAX009485,محمد Moghul,18618-1253409-1,Faysal Mughal,1967-11-18,1279328,101899
TAX009486,مریم Syed,,Mohammed سید,1961-11-03,819077,32861
TAX009487,Fatema اعوان,,Muhammad Ahmad Awan,1965-05-11,58804,0
TAX009488,حرا Raja,32433-9849259-6,علی راجہ,,1814055,182108
TAX009489,فاطمہ Sheikh,84747-1178412-5,,1988-02-05,514788,0
TAX009490,Mohammad علی Bhatti,91170-9700526-1,Ahmad Butt,1991-11-09,311821,0
TAX009491,Hamza شیخ,29014-1263185-4,Mohammad علی Shaykh,1977-02-24,2161714,234257
TAX009492,فاطمہ Sayed,86844-3951443-4,Muhammad Hussein سید,1976-03-14,1734222,170133
TAX009493,عثمان Ch.,40361-6117344-2,Mohammed علی Chaudhary,1976-04-06,293748,0
TAX009494,Ahmad اعوان,21764-1189521-5,Ali Awan,1974-10-01,1214538,92180
TAX009495,Muhammad حمزہ مغل,32323-7401001-8,Muhammed Husain Moghul,1977-08-17,609559,1433
TAX009496,Ali Mughal,24477-5320015-8,Mohammed احمد Mughal,1967-08-05,4627369,604105
TAX009497,Mohammad Faisal Khan,28401-2748998-3,حمزہ خان,1987-08-02,3113346,377001
TAX009498,Ahmad Chaudhry,96303-9408713-1,,1986-04-09,6328274,859241
TAX009499,Imran Khan,77769-9365984-4,Mohammad Ahmed خان,1988-07-22,700753,15112
TAX009500,Othman راجہ,34460-3196782-2,,1998-09-17,202606,0
TAX009501,Imran Bhatti,59722-1386189-6,,,352584,0
TAX009502,حسن Ch.,61677-7609560-6,Husain Ch.,1971-04-04,686515,12977
TAX009503,Faysal Quraishi,66739-7497945-7,بلال Qureshi,1980-11-14,911300,46695
TAX009504,Mariam Shaikh,84577-4574790-3,Hamza Sheikh,1963-05-02,4409620,571443
TAX009505,Zainab قریشی,74398-3213128-7,بلال Quraishi,1991-02-19,2715815,317372
TAX009506,Hussein Shaykh,87748-9560525-8,Mohammed Hasan شیخ,1984-10-16,1416814,122522
TAX009507,Hussain قریشی,88917-3622040-2,,1957-11-13,4322388,558358
TAX009508,احمد بٹ,93223-3791068-0,Mohammed Bhatti,1974-04-24,1938689,200803
TAX009509,Othman Choudhary,87358-3885556-2,,1982-03-18,1286272,102940
TAX009510,Hasan بٹ,49153-9583071-4,Ahmad Bhatti,1967-06-05,583328,0
TAX009511,Zaynab Malik,70760-6125653-1,Ahmad Malik,1989-02-25,215029,0
TAX009512,Bilal راجہ,52888-4450384-4,Hussein راجہ,1996-12-04,176817,0
TAX009513,Aisha بٹ,84111-1349015-7,Hassan بٹ,1971-09-13,2192409,238861
TAX009514,Aisha Butt,18652-1266188-2,Muhammed Faisal Bhatti,2001-09-06,586181,0
TAX009515,حرا Syed,67265-5643656-4,Hamza Syed,1997-10-07,147240,0
TAX009516,Fatima Qureshi,16058-7889563-4,,1971-02-26,701693,15253
TAX009517,Hussein مغل,91099-2807766-5,Hussein مغل,1965-06-24,905974,45896
TAX009518,Aysha بٹ,71204-9060091-9,,1992-10-13,510887,0
TAX009519,حمزہ Malik,25630-1985311-7,Othman Malick,1979-11-05,1815737,182360
TAX009520,Ali بٹ,73141-1563010-2,Muhammed بٹ,1987-06-17,1750811,172621
TAX009521,Hamza Mughal,64293-6275196-6,حسین Moghul,1960-03-06,1276767,101515
TAX009522,بلال چوہدری,53864-9252424-8,Osman Chaudhary,1971-02-08,1430620,124593
TAX009523,Mohammed Quraishi,40325-3096031-2,Muhammad Ahmed Quraishi,1955-05-19,2922166,348324
TAX009524,حسین Raja,10449-1891989-5,,2002-03-22,20168370,2935255
TAX009525,Mohammad Mughal,35111-3929149-1,حمزہ مغل,1972-01-14,1642899,156434
TAX009526,Mohammad بلال Malick,38354-3289046-2,Muhammed Hamzah ملک,2001-02-23,244790,0
TAX009527,Ahmed ملک,28343-4871438-3,علی Malick,1993-06-26,272638,0
TAX009528,Muhammed Hamzah Raja,25000-2650499-1,Othman Raja,1975-02-20,5506532,735979
TAX009529,Muhammad Hamzah Malik,67937-6474358-1,حمزہ Malick,1970-06-20,1818094,182714
TAX009530,حرا چوہدری,16604-6363435-5,محمد Choudhary,1968-12-23,1465502,129825
TAX009531,عمران خان,51118-7915754-7,Hassan Khan,1982-03-22,1257077,98561
TAX009532,Ahmed Qureshi,92044-7595316-4,Muhammed قریشی,,1386934,118040
TAX009533,Hassan Sayed,,Mohammed Hassan سید,1977-02-28,296081,0
TAX009534,Faysal Khan,46000-6200058-0,حسین Khan,1970-11-15,1178642,86796
TAX009535,Muhammed حمزہ Sheikh,47449-5705499-7,علی شیخ,1996-02-01,752562,22884
TAX009536,Mohammad فیصل Ch.,13266-1291671-6,,1955-07-27,769785,25467
TAX009537,Imran Raja,35298-7331903-1,محمد Raja,1977-10-21,211495,0
TAX009538,عمران Khan,,عثمان خان,1962-06-17,921095,48164
TAX009539,بلال Awan,51804-2038230-6,حسن Awan,1986-12-18,1270083,100512
TAX009540,Othman شیخ,88563-9312212-2,Ahmed شیخ,1956-07-22,424102,0
TAX009541,Fatima Butt,45979-6594211-0,Mohammad Hussain Butt,1962-01-08,365963,0
TAX009542,Muhammed Ali Choudhary,57425-2553345-9,Hamzah Chaudhry,1982-09-16,356794,0
TAX009543,محمد Ch.,20774-6406119-5,Hasan Chaudhry,1976-05-21,1373541,116031
TAX009544,Aysha خان,91120-8604623-9,Imran Khan,1976-10-21,689630,13444
TAX009545,Othman چوہدری,16651-7391833-6,فیصل چوہدری,2000-01-25,2189678,238451
TAX009546,Bilal Khan,93576-5482917-5,Hamzah Khan,1972-07-11,48582,0
TAX009547,Mariam Mughal,87538-6990435-9,,1972-10-28,550308,0
TAX009548,Faysal اعوان,44426-1970319-4,Muhammed حسن Awan,1973-10-07,1379004,116850
TAX009549,Mohammed Imran Khan,44168-2559760-8,Bilal Khan,1970-07-15,524404,0
TAX009550,ثناء Choudhary,81349-5177238-0,حمزہ چوہدری,1956-10-28,906516,45977
TAX009551,Faysal Malick,24766-3590304-8,Muhammed ملک,1972-09-21,4261012,549151
TAX009552,Hamzah راجہ,61675-8734677-9,Ali راجہ,1965-04-01,455378,0
TAX009553,Zainab Raja,95914-9629973-0,بلال Raja,2000-05-28,507872,0
TAX009554,Husain Ch.,29728-3352757-1,Mohammad Husain Ch.,,1654826,158223
TAX009555,Othman شیخ,99733-8752860-8,Bilal شیخ,,68523,0
TAX009556,Muhammed Hasan شیخ,,,1959-10-18,2627717,304157
TAX009557,مریم شیخ,97273-3526247-5,Muhammad Sheikh,1967-03-11,650135,7520
TAX009558,Ayesha راجہ,79214-5297658-6,Faisal راجہ,1998-12-19,1795566,179334
TAX009559,عمران خان,64281-3258118-6,Muhammed Ali خان,1969-12-26,1238038,95705
TAX009560,Zaynab Quraishi,75221-5846966-2,Muhammad Husain Quraishi,2002-05-04,570060,0
TAX009561,Fatima Butt,80885-5157111-2,Bilal Bhatti,1997-03-09,255044,0
TAX009562,حسین Bhatti,20105-6151863-3,Imran Butt,1986-07-08,3774559,476183
TAX009563,Hamza Syed,85314-1214684-5,Mohammed حمزہ Sayed,,2376432,266464
TAX009564,Ahmad Khan,22868-3960519-8,فیصل خان,,1637704,155655
TAX009565,Sana ملک,46910-8827781-2,Muhammad Malik,1989-02-15,133960,0
TAX009566,Hassan ملک,77833-8924593-4,Ali Malick,1967-03-18,238805,0
TAX009567,Muhammad عمران Butt,59931-5726463-2,Osman Butt,1987-03-05,838810,35821
TAX009568,Faysal Awan,98128-8490739-1,Hussain Awan,1966-02-15,354075,0
TAX009569,Mohammad Osman Shaikh,47005-2239754-8,Mohammed Ahmed Shaikh,1987-05-15,139948,0
TAX009570,Ahmed راجہ,56862-4355164-0,Bilal راجہ,1989-03-12,2065985,219897
TAX009571,بلال قریشی,84409-7359331-6,Ali Quraishi,1962-10-01,4433286,574992
TAX009572,Ali اعوان,90518-8335294-3,Hamzah اعوان,1980-12-01,528622,0
TAX009573,Mohammed Husain Mughal,80776-3480284-8,Faisal Mughal,1994-01-28,681282,12192
TAX009574,Zaynab Bhatti,47391-2477644-5,بلال بٹ,1958-09-15,2812513,331876
TAX009575,Muhammed بٹ,94508-1682728-4,Osman Bhatti,1966-05-05,4162249,534337
TAX009576,Faysal شیخ,58591-6919653-4,,1969-12-09,352296,0
TAX009577,فاطمہ Mughal,68144-7056275-4,علی Mughal,1957-03-12,299218,0
TAX009578,Othman Awan,30714-6493264-5,Mohammad Awan,1996-10-26,1171517,85727
TAX009579,Muhammad علی بٹ,,Mohammed بلال Bhatti,1965-06-15,231514,0
TAX009580,Usman شیخ,37141-2472864-5,Faysal Shaykh,1990-07-13,317254,0
TAX009581,Muhammed فیصل Sayed,96389-9384592-3,علی Sayed,1987-09-17,334146,0
TAX009582,عثمان Raja,96674-1083765-2,حسن راجہ,1971-03-10,1023637,63545
TAX009583,Hamzah Shaikh,,Mohammed حمزہ Shaikh,1964-11-05,782906,27435
TAX009584,فیصل Choudhary,51980-2654903-8,Ahmad چوہدری,1978-01-25,680462,12069
TAX009585,Hira Raja,45099-7485150-1,Imran راجہ,1976-08-05,180370,0
TAX009586,Fatima Chaudhary,51155-8740115-9,,1965-01-03,8713760,1217064
TAX009587,Mohammad Khan,38897-2495370-6,Hamza خان,1997-06-26,1576191,146428
TAX009588,مریم Awan,47449-6944542-1,Mohammed Awan,1958-08-25,140580,0
TAX009589,بلال Bhatti,35098-5774800-1,,1963-12-10,1408757,121313
TAX009590,Faysal Qureshi,85576-7677229-7,Hamzah قریشی,1976-06-20,3174486,386172
TAX009591,عمران چوہدری,12389-2618659-4,Muhammed حسن Chaudhry,1969-02-18,1961027,204154
TAX009592,Mohammed حمزہ خان,63834-8340383-8,Ali Khan,1973-12-09,1882161,192324
TAX009593,Mariam Butt,67003-6743539-6,Imran Butt,1981-01-04,195450,0
TAX009594,حمزہ Awan,26252-6546638-6,,1970-10-18,383677,0
TAX009595,Ayisha راجہ,13402-1856576-7,Husain Raja,2001-07-24,508160,0
TAX009596,Mohammed Sayed,26910-5337006-2,Ahmed Sayyid,2003-05-13,15408303,2221245
TAX009597,Ali Shaikh,19232-6965115-7,Muhammad بلال شیخ,,1196678,89501
TAX009598,Ali شیخ,23802-8796492-0,Faisal شیخ,1997-05-25,131177,0
TAX009599,Muhammad Hasan Awan,99070-5140786-1,Faisal Awan,,3477103,431565
TAX009600,Muhammad Ahmad خان,34453-8207805-5,عمران خان,,690584,13587
TAX009601,Marium Moghul,37959-4598640-0,,1969-01-01,537645,0
TAX009602,Mohammed Bilal Mughal,13295-7698641-5,علی Moghul,1981-08-09,137393,0
TAX009603,Aisha Choudhary,59374-8263341-7,Mohammed Ali Ch.,1957-02-16,192439,0
TAX009604,حرا خان,26605-5654667-1,Muhammed Khan,1965-12-17,620989,3148
TAX009605,Ayesha Chaudhary,80610-3951228-5,,1958-11-04,179001,0
TAX009606,Mohammad Hamzah Syed,59211-2682496-1,حمزہ Sayyid,1979-06-09,3232674,394901
TAX009607,Husain Raja,46306-9352109-0,Ahmad راجہ,1961-11-25,2152484,232872
TAX009608,Mohammad عمران Moghul,93522-2700159-5,Othman مغل,,6830079,934511
TAX009609,Ali راجہ,66717-7242921-8,Bilal Raja,1972-12-01,396038,0
TAX009610,علی شیخ,,Imran Sheikh,1981-12-05,845415,36812
TAX009611,Mohammad Hasan Butt,75768-7605121-0,احمد Butt,1970-08-10,175053,0
TAX009612,Ayesha Malik,91677-8584951-1,فیصل ملک,1956-08-04,1786673,178000
TAX009613,حسین Khan,,Othman Khan,,1311881,106782
TAX009614,فیصل Raja,68747-5954790-1,حمزہ راجہ,1968-02-05,744262,21639
TAX009615,Mohammed Khan,44847-1547907-9,Hamzah Khan,1968-02-02,1308889,106333
TAX009616,Muhammad علی Butt,19944-4353989-0,Hassan بٹ,1994-04-07,1608810,151321
TAX009617,Hussain Malick,97234-9048385-4,Ahmed Malik,,240749,0
TAX009618,Muhammed Imran Bhatti,98781-7996614-4,,1958-01-19,3409410,421411
TAX009619,Sana Sheikh,86045-3294248-7,Muhammad Usman Shaikh,1970-05-18,217671,0
TAX009620,Hussain راجہ,57911-6860093-0,,1978-12-24,1136978,80546
TAX009621,حرا خان,59384-3465817-1,,1973-06-13,86512,0
TAX009622,Sana Malik,20435-5803828-0,Hussein Malik,1992-12-06,1114782,77217
TAX009623,Hira Mughal,17959-7367519-2,,,3384595,417689
TAX009624,Ahmad راجہ,85892-7613169-4,Mohammed Hasan Raja,1965-08-18,424960,0
TAX009625,Ali راجہ,86913-2020980-4,Osman Raja,1973-06-26,695259,14288
TAX009626,Mohammad Raja,82410-5518722-6,حمزہ راجہ,,2991013,358651
TAX009627,Muhammed Faysal راجہ,10665-9028960-6,Imran راجہ,1981-01-17,1246479,96971
TAX009628,ثناء Khan,97489-8338331-6,Mohammad حسن خان,1965-01-13,2104227,225634
TAX009629,ثناء Khan,96976-3701111-7,Othman خان,,1120709,78106
TAX009630,فیصل مغل,60279-7537720-9,بلال Mughal,1995-10-07,1520757,138113
TAX009631,Muhammad ملک,26398-6625532-0,Muhammad Bilal Malik,1979-12-28,449841,0
TAX009632,Zainab اعوان,97801-4708938-0,Muhammed Husain Awan,,9416441,1322466
TAX009633,Mohammed Othman ملک,53176-2554746-2,Ahmad Malik,1992-01-20,14712568,2116885
TAX009634,حرا Malik,,عمران ملک,1987-03-16,2569920,295488
TAX009635,Mohammad احمد Awan,93457-1114538-8,Mohammed اعوان,1955-11-13,1149638,82445
TAX009636,علی Syed,36830-5121203-1,حسن Syed,1966-03-27,739452,20917
TAX009637,Aisha Sayed,83803-5939223-0,,1974-11-17,1249285,97392
TAX009638,Hamza مغل,50923-5769410-8,Hassan مغل,1990-04-02,1675754,161363
TAX009639,عثمان ملک,13579-6365010-6,Hussain ملک,1998-04-21,613421,2013
TAX009640,Imran شیخ,96707-3590202-4,,1956-12-18,7176609,986491
TAX009641,فیصل Shaykh,49321-4600689-3,Faysal Sheikh,1994-04-10,240604,0
TAX009642,Mohammed Usman راجہ,99600-1313858-1,Hussain Raja,1955-08-08,730161,19524
TAX009643,Sana خان,67730-2242854-3,احمد Khan,1983-05-16,3805886,480882
TAX009644,Hussain راجہ,14494-1377542-7,Ahmed Raja,1992-05-14,5238959,695843
TAX009645,Muhammed Bilal مغل,86290-7723858-6,Muhammad Husain مغل,1992-02-26,397768,0
TAX009646,عمران Raja,95149-9597262-0,Muhammed Raja,1961-05-10,2891753,343762
TAX009647,Fatimah Shaikh,24767-4767867-7,,1979-06-01,253728,0
TAX009648,Ahmed Moghul,80870-6027511-4,Faysal Moghul,1957-10-21,553273,0
TAX009649,Fatima Shaikh,48021-1414460-6,حمزہ شیخ,1989-03-27,3697893,464683
TAX009650,Fatima Qureshi,39986-5769355-3,Hassan Quraishi,,421187,0
TAX009651,عثمان Syed,11035-3128631-0,Imran سید,1955-06-13,8971719,1255757
TAX009652,عمران قریشی,74310-2845442-7,حسین قریشی,1974-05-10,305683,0
TAX009653,Imran قریشی,16360-7903259-1,عمران Qureshi,1988-01-10,1066472,69970
TAX009654,Ayesha Quraishi,93746-5337704-4,Ali قریشی,2002-06-23,843564,36534
TAX009655,عائشہ Butt,80017-3457303-2,احمد Butt,1983-11-03,258663,0
TAX009656,Mohammed Faisal Chaudhry,85438-1151807-6,,1977-10-22,3196715,389507
TAX009657,Usman Sayed,37059-5838115-9,Muhammad سید,1993-12-25,219626,0
TAX009658,حمزہ Awan,96206-2050473-6,Faisal اعوان,1999-07-27,563284,0
TAX009659,Sana Malick,69818-5247856-9,Faysal Malick,1983-07-25,1018750,62812
TAX009660,Maryam Raja,35028-7603295-7,حسن راجہ,1982-04-07,1149241,82386
TAX009661,Imran مغل,89564-2229448-4,Hussain Mughal,,1594189,149128
TAX009662,Aisha Malik,17142-1014152-0,Mohammed Ali Malick,1983-06-10,1248478,97271
TAX009663,Fatimah Khan,58491-5301417-6,,,1147384,82107
TAX009664,Mohammad احمد مغل,18566-7114301-1,Mohammed Hamzah Moghul,1963-01-03,1037739,65660
TAX009665,Muhammed Raja,22467-5159666-1,Hasan راجہ,1955-10-09,2180418,237062
TAX009666,Fatema Khan,11394-3283160-8,Ali خان,1977-01-04,1014827,62224
TAX009667,Osman مغل,59924-8557698-3,Hamza Moghul,1973-03-01,400868,0
TAX009668,عثمان Malik,64490-2446994-2,,1981-04-11,1613445,152016
TAX009669,Muhammed Quraishi,77539-5811552-2,Faisal Quraishi,1979-03-17,139193,0
TAX009670,Muhammad عثمان قریشی,42531-7260217-5,Hasan Qureshi,1992-07-26,269995,0
TAX009671,Mariam Shaykh,60894-5973257-1,عمران شیخ,1997-02-17,4332269,559840
TAX009672,Hamza Khan,52572-4273040-9,Hussein خان,1996-07-18,397865,0
TAX009673,Mohammed Faisal Sayyid,91181-6408888-3,Imran Syed,,1450880,127632
TAX009674,Mohammad Awan,13408-3089828-6,Hussain اعوان,1987-08-21,1020109,63016
TAX009675,Hamza Shaykh,90220-9288664-7,Mohammed Hussain Sheikh,1998-11-22,1269092,100363
TAX009676,Sana Butt,38472-2537263-1,Mohammad Imran Butt,1961-04-01,371159,0
TAX009677,Muhammed Imran Butt,45889-4578797-0,Faysal بٹ,1959-03-22,363430,0
TAX009678,Mohammed Imran اعوان,43415-7166980-3,Mohammed عثمان اعوان,1993-01-12,55606,0
TAX009679,Muhammad Bhatti,61361-2343017-7,Mohammed Imran بٹ,1998-09-06,1539529,140929
TAX009680,Aisha Shaikh,61796-4757543-6,,1984-03-28,138168,0
TAX009681,حمزہ Raja,28402-8899372-2,Bilal راجہ,1986-01-26,760051,24007
TAX009682,علی Khan,94420-7922274-5,Mohammed Hussain خان,2003-09-17,10308383,1456257
