record_id,passenger_name,passport_cnic,father_name,dob,trips_last_year,destinations,city
TRV001375,Nazia Paracha,,Muhammed Kashif Paracha,1970-08-20,3,Bangkok; Baku; Kuala Lumpur,Gujranwala
TRV000932,Anika Rizvi,3520215903641,Salman Rizvi,1964-04-03,7,Doha; Dubai; Baku; London,Lahore
TRV000144,FARAH SIAL,61101-1477784-1,Rasheed Sial,1970-08-02,1,Kuala Lumpur,Islamabad
TRV002555,Hasan Paracha,,Bilawal Paracha,1992-12-06,3,Jeddah; Toronto; New York,Lahore
TRV000051,Muhammad Mahmood Niazi,3740534171865,MOHD ASAD NIAZI,,5,Jeddah; London; Dubai; Doha,Rawalpindi
TRV000414,Dr. Rabia Arain,35202-6658004-8,Uama Arain,1970-03-13,5,London; Toronto; Jeddah; Istanbul,Lahore
TRV002303,Farah Ch.,,Noman Chohan,1978-06-26,1,Toronto,Lahore
TRV000266,Javed Zaidi,34101-3471319-8,,1960-09-13,5,London; Istanbul; New York; Jeddah,Gujranwala
TRV002702,Dr. Muhammad Jamil Jutt,4210134051096,M. Umar Jutt,,7,Jeddah; Baku; Bangkok; Toronto,Karachi
TRV002421,Zoya Afridi,54400-2133895-8,,1982-08-15,3,Bangkok; Toronto; Istanbul,Quetta
TRV002965,Imran Mengal,,Mohammad Bilawal Mengal,1990-02-04,6,Baku; Istanbul; Kuala Lumpur; Doha,Lahore
TRV000416,Mohammed Omar Geelani,3410111521955,Mohammad Hussein Gilani,1969-09-13,6,Bangkok; Istanbul; Baku; New York,Gujranwala
TRV001037,Muhammad Iqbal Kakar,,Tariq Kakar,1995-11-19,7,Dubai; London; Istanbul; New York,Gujranwala
TRV002708,Dr. Faiza Dar,,Mohd Bilal Dar,1977-04-24,1,Bangkok,Rawalpindi
TRV002787,Anika Begum,17301-7217936-7,Engr. Muhammed Riaz Rizvi,1972-09-20,3,Dubai; Kuala Lumpur; New York,Peshawar
TRV002355,Ghulam Khan,61101-4171026-8,Bilal Khan,1986-02-08,7,London; Jeddah; Baku; New York,Islamabad
TRV002340,Anika Khokhar,,Mohammad Waleed Khokhar,1971-01-27,5,Istanbul; Doha; London; Baku,Karachi
TRV000460,Tahira Butt,3630278190071,Mian Faisal Butt,1990-07-20,6,Kuala Lumpur; Dubai; Bangkok; Jeddah,Multan
TRV001837,SHAGUFTA LODHI,54400-7110886-8,Muhammad Ibrahim Lodhi,1969-05-25,7,Toronto; Kuala Lumpur; London; Baku,Quetta
TRV002315,Engr. Mubashir Sidiqui,35202-7244806-9,Muhammed Sufyan Siddiqi,1991-01-04,7,Toronto; Baku; Istanbul; New York,Lahore
TRV002434,Karim Rajput,3120291009731,,1964-11-06,5,Istanbul; Toronto; New York; Dubai,Bahawalpur
TRV000761,Mr. Rizwan Sandhu,,,,2,Baku; Jeddah,Karachi
TRV000102,Iqra Geelani,17301-8014121-4,Asif Gilani,1995-03-02,8,Kuala Lumpur; Bangkok; Jeddah; Dubai,Peshawar
TRV001811,Mohammed Aamir Kayani,,Muhammad Saeed Kayani,1989-09-28,1,Istanbul,Bahawalpur
TRV000044,Imran Rizvi,3520250590476,Mohammad Sufyan Rizvi,1951-08-06,7,London; Istanbul; New York; Kuala Lumpur,Lahore
TRV001487,FAHAD SATTI,41304-1500029-7,Danish Satti,1977-03-11,4,Dubai; Istanbul; Jeddah; Toronto,Hyderabad
TRV000291,Muhammad Saad Kayani,3410118984527,Muhammed Sohel Kayani,1983-12-02,6,London; Jeddah; Doha; New York,Gujranwala
TRV002466,Waleed Memon,,Muhammed Umar Memon,1991-09-23,6,Toronto; London; Istanbul; Jeddah,Lahore
TRV002130,Saeed Arain,,,1985-08-06,3,Jeddah; Bangkok; London,Rawalpindi
TRV000052,M. Jahangir Butt,,Ismail Butt,1968-02-13,3,Toronto; Kuala Lumpur; Dubai,Sialkot
TRV000506,Adnan Siddiqui,42101-3207907-5,Muhammad Javaid Siddiqi,1999-03-05,2,London; Toronto,Karachi
TRV000289,Shahzad Khan,3310034527564,Muhammad Arif Khan,1995-09-04,4,Doha; Dubai; Jeddah; Bangkok,Faisalabad
TRV000174,Mohammed Bilal Soomro,,,1974-12-17,4,Kuala Lumpur; Dubai; Baku; London,Karachi
TRV002687,ZOYA BIBI,33100-4772704-1,,1996-10-02,2,New York; Jeddah,Faisalabad
TRV002810,Farhan Raja,,Mohammed Adnan Raja,1953-10-28,2,Jeddah; Istanbul,Hyderabad
TRV001239,Nadeem Kayani,4210194480733,Noman Kayani,1955-11-02,2,Baku; Doha,Karachi
TRV002955,Muhammad Nawaz Memon,,Bashir Memon,1980-05-09,4,Bangkok; Istanbul; Doha; Kuala Lumpur,Multan
TRV001113,Mian Adnan Khattak,6110173296768,Muhammad Qasim Khattak,,4,Toronto; London; Kuala Lumpur; Istanbul,Islamabad
TRV002550,Ghulam Yousafzai,,Mr. Hassan Yousafzai,1957-08-07,8,Istanbul; Dubai; Bangkok; Baku,Islamabad
TRV001228,Rehan Quraishi,,,1957-10-23,2,Dubai; Bangkok,Peshawar
TRV000564,Farhan Baig,,,1953-03-09,4,Baku; Istanbul; New York; Bangkok,Karachi
TRV000298,Waleed Raja,35202-5398103-1,Muhammed Nawaz Raja,1961-05-16,7,Bangkok; Istanbul; Dubai; Toronto,Lahore
TRV001326,MUHAMMAD FARAZ BHATTI,,Ismail Bhatti,1982-02-25,5,Bangkok; Baku; Kuala Lumpur; Doha,Gujranwala
TRV000678,Mr. Mohd Zubayr Begg,61101-9659461-5,Rehan Baig,1993-08-04,6,London; Jeddah; Toronto; Baku,Islamabad
TRV000194,Nida Soomro,,WAQAR SOOMRO,1988-12-22,8,Doha; London; Kuala Lumpur; Bangkok,Lahore
TRV001188,Mohammad Bilal Mengal,,Mohammed Jamil Mengal,1979-07-12,4,Bangkok; Toronto; Dubai; Baku,Lahore
TRV000063,Muhammad Naveed Gujjar,,Muhammad Sufyan Gujjar,1960-03-11,8,London; Jeddah; Baku; New York,Lahore
TRV000765,Abdullah Choudhry,42101-2083454-3,Muhammed Zobair Ch.,,8,London; Toronto; Kuala Lumpur; New York,Karachi
TRV001736,Javed Kakar,,,1956-02-05,3,Jeddah; Bangkok; Dubai,Hyderabad
TRV000393,IQRA CHOHAN,35202-9383533-7,Sohail Chohan,1956-06-23,1,Istanbul,Lahore
TRV001210,Muhammad Waqar Durrani,,Owais Durrani,1970-11-10,2,Kuala Lumpur; Istanbul,Lahore
TRV002902,Rehan Marwat,,Yousuf Marwat,1961-12-03,5,Kuala Lumpur; London; Toronto; Bangkok,Lahore
TRV001027,Mian Muhammed Anwar Tarar,17301-2128812-3,Mian Muhammad Waleed Tarar,1996-04-14,1,Doha,Peshawar
TRV000565,Mrs. Faiza Tarar,,Ismail Tarar,1951-07-01,2,Toronto; Doha,Lahore
TRV002263,Anika Marwat,,Muhammed Usama Marwat,1977-05-12,2,Istanbul; Doha,Multan
TRV002892,Mohd Zafar Lodhi,17301-5875527-6,M. Hammad Lodhi,,2,Toronto; Kuala Lumpur,Peshawar
TRV002885,Zahid Memon,,Imran Memon,1990-11-20,5,Kuala Lumpur; Dubai; Bangkok; London,Islamabad
TRV001510,Mst. Mahnoor Memon,61101-2892271-9,Mohammad Umar Memon,1966-02-16,2,Istanbul; Doha,Islamabad
TRV000332,Muhammed Sajid Paracha,42101-3364015-2,Kashif Paracha,1956-11-09,8,Toronto; New York; Bangkok; Kuala Lumpur,Karachi
TRV001614,Muhammad Mansoor Chaudhary,3520211661504,MOHAMMAD AKRAM CHAUDHRY,,3,Doha; Baku; Jeddah,Lahore
TRV002863,Zubair Yousafzai,,Mohammad Jamil Yousafzai,1979-09-05,7,Toronto; Bangkok; Baku; Kuala Lumpur,Gujranwala
TRV000354,Komal Bibi,34101-1115847-7,,1966-02-23,6,Doha; Kuala Lumpur; Toronto; New York,Gujranwala
TRV001317,Mehmood Gujjar,,Muhammad Owais Gujjar,1975-10-18,6,Toronto; Doha; Kuala Lumpur; Baku,Karachi
TRV000650,Qasem Jamali,,Hasan Jamali,1987-10-21,2,New York; Doha,Peshawar
TRV000744,Nimra Chohan,3520216705166,,,1,Bangkok,Lahore
TRV002415,Asma Jamali,35202-1531624-5,Mudassar Jamali,1998-09-11,8,Baku; Doha; Toronto; New York,Lahore
TRV002172,Taimur Soomro,,Muhammad Talha Soomro,1970-10-03,6,Bangkok; Istanbul; Dubai; Baku,Peshawar
TRV002012,Mohammed Zeeshan Naqvi,54400-7335396-2,Saad Naqvi,1957-06-13,2,Baku; Bangkok,Quetta
TRV002659,Younis Bajwa,,Mian Zubair Bajwa,1966-11-08,1,Dubai,Karachi
TRV000246,Tahira Yusufzai,,Yousfu Yusufzai,1961-03-12,1,London,Multan
TRV000457,Ramsha Arain,17301-5866752-4,Asif Arain,1963-12-16,6,Istanbul; Dubai; London; Doha,Peshawar
TRV001105,Sohail Magsi,35202-3659891-2,Mohammed Akram Magsi,1977-09-22,4,Dubai; Jeddah; New York; Kuala Lumpur,Lahore
TRV002632,Junaid Cheema,,,1950-05-24,6,Doha; New York; Baku; Jeddah,Gujranwala
TRV001268,Javed Warraich,35202-9279851-8,Khalid Warraich,1992-09-25,3,London; Bangkok; Dubai,Lahore
TRV000511,Mohammed Sufyan Magsi,,Muhammed Kashif Magsi,1996-07-02,1,Baku,Karachi
TRV002280,Ahmed Malik,,,1977-06-10,5,Doha; London; Istanbul; Jeddah,Lahore
TRV002705,Iqbal Wattoo,,Mohammed Rehan Wattoo,1961-06-27,2,New York; Dubai,Hyderabad
TRV000693,Mubashir Kakar,,Mohammad Hussain Kakar,1962-06-05,7,Toronto; Jeddah; Doha; Istanbul,Faisalabad
TRV002883,Irfan Niazi,,Mohd Irfan Niazi,1965-01-20,6,Bangkok; London; Doha; Kuala Lumpur,Islamabad
TRV001432,Bilawal Akhtar,,Mian M. Aamir Akhtar,1979-04-15,4,Toronto; Doha; Kuala Lumpur; Bangkok,Lahore
TRV000450,MOHAMMAD SHOAIB SOOMRO,34101-3059204-3,Ashraf Soomro,1955-10-11,3,Dubai; Istanbul; Kuala Lumpur,Gujranwala
TRV000937,Mohd Javed Sidiqui,42101-3840952-8,Engr. Javed Siddiqui,1983-01-15,2,Jeddah; Bangkok,Karachi
TRV001134,Karim Magsi,33100-3228004-9,Khalid Magsi,1958-12-02,4,Jeddah; Baku; Dubai; Kuala Lumpur,Faisalabad
TRV002159,Raza Qureishi,,,1992-05-06,7,Doha; Istanbul; Dubai; Jeddah,Peshawar
TRV000581,Haji Muhammad Yasir Khan,,SUFYAN KHAN,,6,Jeddah; London; New York; Dubai,Rawalpindi
TRV002876,Tooba Begum,33100-1630037-7,,1983-05-18,4,New York; Bangkok; Baku; Kuala Lumpur,Faisalabad
TRV002025,Nasir Janjua,35202-2117374-9,Abdullah Janjua,1999-12-04,4,Bangkok; Jeddah; London; Istanbul,Lahore
TRV001740,M. Sajid Bhutto,17301-9457357-1,Muhammad Riyaz Bhutto,1999-05-05,6,London; Toronto; Jeddah; Kuala Lumpur,Peshawar
TRV000331,Fahad Khokhar,,,1968-04-15,2,Toronto; Bangkok,Islamabad
TRV001577,Zahid Kayani,,,1976-08-12,6,Jeddah; New York; Baku; Dubai,Islamabad
TRV000045,Sidra Jutt,1730165585796,Hammad Jutt,2000-05-15,7,Bangkok; Doha; Dubai; New York,Peshawar
TRV001954,Muhammad Waleed Kayani,42101-8925181-5,,1978-02-12,4,Baku; Kuala Lumpur; Bangkok; New York,Karachi
TRV000211,M. Rafiq Sheikh,35202-9307947-6,Mr. Sohail Sheikh,1980-02-20,6,Jeddah; London; New York; Toronto,Lahore
TRV002250,YASMINCH.,41304-5471667-2,Ismail Chaudhry,1960-03-16,6,Baku; Doha; New York; Bangkok,Hyderabad
TRV000178,Nida Niazi,6110176353317,Sohail Niazi,1981-09-23,1,Istanbul,Islamabad
TRV002719,GHULAM SOOMRO,42101-1813872-3,IRFAN SOOMRO,1954-02-11,3,New York; Jeddah; Kuala Lumpur,Karachi
TRV001920,Tahirah Khokhar,42101-6777895-1,MUHAMMAD WAQAR KHOKHAR,1953-01-19,1,Istanbul,Karachi
TRV000093,Mohammed Moin Tarar,3520248994529,Bilawal Tarar,1997-04-01,4,Doha; Istanbul; Dubai; Jeddah,Lahore
TRV002437,Mohammad Hassan Choudhry,34101-6928505-8,Muhammed Mansoor Chaudhary,1967-04-16,7,Doha; Toronto; New York; Bangkok,Gujranwala
TRV001961,Ms. Uzma Bibi,,Muhammad Taimur Warraich,1980-06-21,1,Dubai,Lahore
TRV001995,Ramsha Durrani,34101-6777715-6,Mohammed Mudassar Durrani,1994-11-25,3,Bangkok; Jeddah; Istanbul,Gujranwala
TRV001543,Rabia Lodhi,34101-3143526-3,,1984-09-24,4,Doha; New York; Jeddah; Kuala Lumpur,Gujranwala
TRV002849,Mohammed Hasan Kakar,4210154328301,Mohammad Riaz Kakar,1985-06-21,7,Jeddah; New York; London; Istanbul,Karachi
TRV000000,Ahmed Raza Khan,37405-6783921-7,Abdul Khan,1975-10-14,6,Dubai; London; Istanbul; Doha,Rawalpindi
TRV000152,M. Ashraf Memon,,Ali Memon,,8,London; New York; Dubai; Istanbul,Lahore
TRV002858,Hina Warraich,4210161782556,Kamran Warraich,2000-09-26,8,Bangkok; London; Baku; Kuala Lumpur,Karachi
TRV001117,Tanveer Lodhi,4210165002968,Muhammad Rizwan Lodhi,1956-01-09,2,Doha; London,Karachi
TRV002811,Muhammed Ali Bhatti,35202-3303608-7,Muhammad Usama Bhatti,1951-02-12,3,Toronto; London; Doha,Lahore
TRV000755,Sadia Janjua,35202-3153664-3,Waqar Janjua,1959-04-27,8,Baku; Bangkok; Jeddah; Kuala Lumpur,Lahore
TRV001745,Mohammed Rasheed Ansari,3120264464163,,1969-07-16,8,Toronto; Doha; London; Dubai,Bahawalpur
TRV002092,Ismail Geelani,,Mehmood Gilani,1963-03-25,4,Doha; Jeddah; Toronto; Kuala Lumpur,Lahore
TRV001146,Navid Yousafzai,6110195599555,Qasim Yousafzai,1960-04-13,1,Istanbul,Islamabad
TRV001405,Mohd Hassan Virk,4210159939824,Aamir Virk,2000-09-11,5,London; Dubai; Istanbul; Baku,Karachi
TRV002097,Saied Hamdani,6110126620243,Liaquat Hamdani,1994-08-24,6,London; New York; Doha; Istanbul,Islamabad
TRV001005,Hasan Kayani,,Tariq Kayani,,5,Istanbul; Dubai; Toronto; Kuala Lumpur,Peshawar
TRV001525,Fawad Awan,,Muhammad Danish Awan,1985-05-06,2,Baku; Doha,Lahore
TRV001376,Suhail Khokhar,41304-9180817-6,Muhammad Rashid Khokhar,1977-07-08,3,Toronto; Dubai; Kuala Lumpur,Hyderabad
TRV001651,Mian Muhammed Suhail Geelani,,Dr. Mohammed Shahid Geelani,,3,Doha; London; Istanbul,Karachi
TRV002772,Danish Khattak,34603-4961252-6,Tariq Khattak,1958-07-28,5,Kuala Lumpur; Toronto; Baku; Istanbul,Sialkot
TRV000679,Rafiq Naqvi,37405-3752086-4,Muhammad Akram Naqvi,1995-11-23,4,Baku; Toronto; Kuala Lumpur; Dubai,Rawalpindi
TRV002882,Ismail Awan,,Haji Owais Awan,1983-09-07,5,Dubai; Kuala Lumpur; London; Baku,Hyderabad
TRV000527,Nail aHamdani,5440029665446,Mohammed Usama Hamdani,1960-04-26,7,Jeddah; Kuala Lumpur; Bangkok; London,Quetta
TRV002478,Zeeshan Bajwa,,Mubashir Bajwa,2000-04-14,3,Jeddah; Kuala Lumpur; Istanbul,Faisalabad
TRV002533,Abid Awan,1730176118013,SAAD AWAN,1973-05-18,5,Jeddah; Baku; Doha; Istanbul,Peshawar
TRV002270,Mehmood Bajwa,,TALHA BAJWA,,8,Toronto; New York; Jeddah; London,Gujranwala
TRV000014,Shabana Paracha,3520229448417,Jamil Paracha,1970-11-28,4,London; Bangkok; Dubai; New York,Lahore
TRV002760,MUHAMMAD ABID MIRZA,,Haji Haroon Mirza,1992-08-19,1,Bangkok,Peshawar
TRV002547,Muhammed Jahangir Warraich,41304-1856708-7,Saad Warraich,1990-07-02,2,Baku; Istanbul,Hyderabad
TRV002373,M. Ejaz Ansari,,M. Nadim Ansari,1977-02-12,4,Kuala Lumpur; New York; Toronto; Jeddah,Sialkot
TRV002400,Areeba Malik,,Muhammad Iqbal Malik,1971-04-11,7,Jeddah; Bangkok; Istanbul; London,Hyderabad
TRV002346,Yousuf Abbas,42101-9884892-8,MUHAMMAD IQBAL ABBAS,1951-11-04,3,Doha; Baku; New York,Karachi
TRV002339,Anwar Akhtar,5440025758171,Muhammed Hussian Akhtar,1956-11-05,7,Dubai; Jeddah; Doha; London,Quetta
TRV002758,Aleena Awan,33100-2970880-3,Muhammad Ejaz Awan,1964-10-22,5,Baku; Jeddah; Toronto; Bangkok,Faisalabad
TRV002407,Muhammed Khalid Jutt,37405-6322054-2,Imran Jutt,1988-12-09,8,Toronto; New York; Dubai; Kuala Lumpur,Rawalpindi
TRV002808,Shagufta Rizvi,,Moammad Mazhar Rizvi,1986-12-11,4,Kuala Lumpur; Istanbul; London; Dubai,Peshawar
TRV001264,Asad Kakar,,Mohammad Raza Kakar,1992-11-14,6,Jeddah; Baku; Doha; Dubai,Gujranwala
TRV001948,M. Younis Rjput,34603-3778178-3,Mian Fahad Rajput,1977-03-14,6,Bangkok; Doha; Kuala Lumpur; Toronto,Sialkot
TRV002775,Fariha Bibi,,,,8,Kuala Lumpur; Jeddah; Doha; Toronto,Gujranwala
TRV000368,Aleena Mirza,34101-7276558-7,,1984-08-13,2,Doha; New York,Gujranwala
TRV000544,Mohd Adnan Mirza,3310092950638,Shahid Mirza,1965-05-02,4,New York; London; Baku; Dubai,Faisalabad
TRV002161,Anwar Mughal,,Younis Mughal,1957-03-15,1,Istanbul,Lahore
TRV001034,Navid Warraich,,,1955-01-10,1,New York,Sialkot
TRV002115,Mohammed Aamir Rizvi,,Nasir Rizvi,1984-07-05,5,London; Dubai; Baku; Doha,Karachi
TRV002468,OWAIS GUJJAR,4130421433082,Mohd Owais Gujjar,,6,London; Kuala Lumpur; Bangkok; Doha,Hyderabad
TRV000798,Nadeem Bhutto,35202-2335311-2,Hasan Bhutto,,6,Dubai; Jeddah; Toronto; Doha,Lahore
TRV001846,Rafiq Virk,1730134586409,Shahzad Virk,1981-07-25,8,New York; Baku; Istanbul; Kuala Lumpur,Peshawar
TRV002827,Mohd Haroon Marwat,4210168545239,,,2,Istanbul; Doha,Karachi
TRV001190,Ali Kayani,,Muhammad Danish Kayani,1968-10-01,2,Toronto; New York,Quetta
TRV002487,Mazhar Marwat,,,1958-07-28,1,Jeddah,Peshawar
TRV000554,Mohammad Taimur Choudhry,,Zahid Chaudhry,1955-07-27,7,Dubai; Jeddah; Doha; New York,Karachi
TRV000555,Sehrish Butt,36302-7194693-7,Salman Butt,1990-08-22,2,Toronto; Kuala Lumpur,Multan
TRV001407,Maira Magsi,,M. Adnan Magsi,1984-05-27,5,Doha; New York; Bangkok; Toronto,Gujranwala
TRV002841,Noman Kayani,1730187172905,Yousuf Kayani,1950-09-05,1,New York,Peshawar
TRV001960,Yousuf Raja,35202-9376469-5,,1990-03-14,5,New York; Istanbul; Jeddah; Dubai,Lahore
TRV000621,Jamil Lodhi,,Muhammed Anwar Lodhi,1994-07-09,6,London; Dubai; Bangkok; Istanbul,Lahore
TRV002930,Fariha Mughal,42101-5886307-4,Muhammad Yousuf Mughal,1990-01-19,1,London,Karachi
TRV002498,Mohammed Noman Kazmi,37405-1406050-6,Muhammad Arif Kazmi,1956-08-17,8,London; Doha; New York; Toronto,Rawalpindi
TRV002987,Asad Awan,,Mohammad Husain Awan,1955-07-26,7,Doha; Baku; Kuala Lumpur; New York,Gujranwala
TRV001716,Eman Abbas,,Mansoor Abbas,,4,Toronto; Bangkok; Dubai; Istanbul,Peshawar
TRV000067,Mohammed Anwar Sidiqui,42101-7577959-3,Zeeshan Siddiqui,1973-08-16,5,Kuala Lumpur; London; Jeddah; Istanbul,Karachi
TRV001023,Mohd Junaid Gujjar,5440063860575,Mohd Yasir Gujjar,1995-03-10,1,Doha,Quetta
TRV000727,Ismail Kayani,37405-1536842-8,Muhammad Riaz Kayani,,6,Bangkok; Dubai; New York; Doha,Rawalpindi
TRV002627,Nimra Abbas,61101-3390955-7,Khalid Abbas,1978-04-17,6,Bangkok; London; Baku; Jeddah,Islamabad
TRV002926,Muhammad Fahad Niazi,33100-8753887-6,Farhan Niazi,1994-04-11,8,Dubai; Jeddah; Kuala Lumpur; Baku,Faisalabad
TRV001925,Kareem Sheikh,,Jamil Sheikh,1968-02-17,8,Jeddah; Toronto; London; Kuala Lumpur,Lahore
TRV001793,Javaid Rizvi,37405-9107111-8,Mohd Umar Rizvi,1968-06-08,8,Kuala Lumpur; Bangkok; Dubai; New York,Rawalpindi
TRV001226,Hina Begum,,Muhammad Sufyan Kazmi,1992-05-02,2,Dubai; New York,Karachi
TRV002588,Iqbal Cheema,4210134199503,Wasim Cheema,1983-07-28,6,Toronto; Dubai; Istanbul; Kuala Lumpur,Karachi
TRV000911,Aslam Kakar,17301-1707045-8,Muhammad Shoaib Kakar,1994-04-16,1,Dubai,Peshawar
TRV001593,Bashir Jamali,,Naveed Jamali,1967-10-28,5,Baku; Bangkok; New York; Toronto,Karachi
TRV001788,Muhammad Shafique Tarar,35202-5913658-7,M. Khalid Tarar,1982-12-26,4,Dubai; Toronto; Jeddah; London,Lahore
TRV000521,Robina Satti,33100-9460563-7,,1971-05-23,3,New York; Kuala Lumpur; Toronto,Faisalabad
TRV001741,Younis Raja,,NOMAN RAJA,1977-09-06,4,New York; Kuala Lumpur; London; Dubai,Gujranwala
TRV002952,Zahid Tareen,34101-6796186-7,Nadeem Tareen,1997-03-01,6,Toronto; Doha; Istanbul; Jeddah,Gujranwala
TRV000343,Javeria Qureishi,,Bilawal Quraishi,1962-07-28,3,Istanbul; Baku; Toronto,Multan
TRV002752,Mohammad Hassan Jutt,42101-7214137-1,,1958-11-04,2,London; Bangkok,Karachi
TRV000196,Tariq Mengal,41304-4851161-6,,2000-03-09,5,Jeddah; Doha; Kuala Lumpur; Baku,Hyderabad
TRV000124,Saba Khan,,Muhammad Asad Khan,1952-07-02,4,Dubai; London; Toronto; Bangkok,Lahore
TRV000184,Dr. Nasir Ansari,,Navid Ansari,1980-09-27,4,Istanbul; London; Kuala Lumpur; Bangkok,Gujranwala
TRV001912,RUKHSANA HAMDANI,33100-7152449-9,,1978-02-07,4,Istanbul; Kuala Lumpur; London; Baku,Faisalabad
TRV002018,Mohammed Bilal Janjua,33100-7147178-8,Mansoor Janjua,1956-11-03,8,Bangkok; London; Dubai; Jeddah,Faisalabad
TRV001729,Usama Bhatti,,Mr. Talha Bhatti,1965-01-14,1,London,Multan
TRV001211,Mr. Mohammed Oman Bajwa,42101-9881602-9,,1976-05-07,5,London; Baku; Istanbul; New York,Karachi
TRV001425,Muhammad Saad Mughal,,Salman Mughal,1958-04-16,7,London; Doha; Kuala Lumpur; Istanbul,Islamabad
TRV000408,Mishal Sial,,Salman Sial,1977-06-12,4,Bangkok; Doha; Dubai; London,Multan
TRV002410,Tahira Gilani,,Shahzad Gillani,1995-11-16,4,London; Jeddah; Baku; Kuala Lumpur,Rawalpindi
TRV001461,Farhan Sandhu,,Bashir Sandhu,1988-03-25,4,Istanbul; Doha; Baku; New York,Karachi
TRV002597,Mohammad Arif Mengal,33100-1163347-2,Farhan Mengal,1973-11-14,6,Dubai; London; Doha; Kuala Lumpur,Faisalabad
TRV000254,Muhammad Waleed Khattak,41304-7224257-3,Muhammad Javed Khattak,1960-10-16,1,Dubai,Hyderabad
TRV001681,SABA RIZVI,4130497959203,Zahid Rizvi,1984-07-09,2,Kuala Lumpur; Dubai,Hyderabad
TRV002087,Dr. Omar Cheema,,,1964-11-10,4,Doha; Toronto; Baku; Jeddah,Gujranwala
TRV000192,M. Rashid Khan,,Asif Khan,1997-08-13,6,Jeddah; London; Dubai; Doha,Sialkot
TRV001983,Ms. Zubaida Dar,5440071627991,Shafiq Dar,1980-08-16,1,Jeddah,Quetta
TRV000557,Zoya Bhatti,,,1962-05-26,7,Istanbul; London; Kuala Lumpur; Jeddah,Faisalabad
TRV002114,Muhammad Rizwan Sandhu,37405-9892975-5,,,6,London; Jeddah; Kuala Lumpur; Dubai,Rawalpindi
TRV000789,Noman Hashmi,35202-4518526-4,Mudassar Hashmi,,1,Doha,Lahore
TRV000840,Dr. Ghulam Siddiqi,6110116501043,M. Anwar Siddiqi,,6,Toronto; Jeddah; Baku; New York,Islamabad
TRV001915,Muhammad Rashid Butt,,Mazhar Butt,1969-01-10,1,London,Faisalabad
TRV002685,Muhammad Aslam Bhutto,,Muhammad Saad Bhutto,2000-02-26,1,New York,Rawalpindi
TRV000495,Fawad Sandhu,,,1961-11-28,5,Toronto; Kuala Lumpur; Jeddah; Baku,Faisalabad
TRV001128,Warda Lodhi,,Zeeshan Lodhi,1985-09-01,1,Istanbul,Islamabad
TRV001706,Rabia Shah,,Navid Shah,1989-10-10,1,Dubai,Lahore
TRV000203,Haroon Sial,,Muhammad Hussain Sial,1994-07-19,7,Jeddah; Doha; Istanbul; London,Faisalabad
TRV000651,Ibrahim Jamali,3410125853948,Muhammad Rizwan Jamali,1992-06-09,7,Bangkok; Baku; Istanbul; London,Gujranwala
TRV000819,MOHD DANISH RAJPUT,,Muhammad Rizwan Rajput,1950-11-10,4,Kuala Lumpur; Bangkok; Dubai; New York,Islamabad
TRV000080,Mst. Robina Dar,36302-4657573-3,Aslam Dar,1977-04-09,6,Bangkok; Dubai; New York; Doha,Multan
TRV000032,Abid Gondal,34101-2425760-2,Ibrahim Gondal,1984-11-12,6,Doha; Jeddah; Dubai; Toronto,Gujranwala
TRV001344,Eman Naqvi,17301-2371410-7,Mohd Naveed Naqvi,1995-11-16,7,New York; Dubai; Doha; Baku,Peshawar
TRV000436,Muhammed Zafar Khan,,Zeeshan Khan,1981-08-18,7,Istanbul; Toronto; London; Jeddah,Faisalabad
TRV000251,Khalid Gujjar,,,1969-10-01,2,Baku; Jeddah,Rawalpindi
TRV000718,Mohd Sohail Geelani,,Mohammad Ibrahim Gillani,,4,Kuala Lumpur; Baku; Toronto; New York,Islamabad
TRV000746,Hina Naqvi,35202-9822394-9,Mudassar Naqvi,1950-04-06,6,Istanbul; Jeddah; London; Doha,Lahore
TRV000256,Muhammad Kashif Begg,,Muhammad Zahid Baig,1980-07-10,5,Toronto; Baku; Istanbul; Bangkok,Lahore
TRV000976,Mohammed Yasir Ansari,3630216209913,Mohammad Rafiq Ansari,1966-10-22,6,London; Istanbul; Jeddah; Toronto,Multan
TRV002726,Mrs. Rida Memon,,Jamil Memon,1961-03-26,1,London,Hyderabad
TRV001988,Yasir Rajput,42101-3017298-5,Usman Rajput,1958-01-05,2,Kuala Lumpur; Dubai,Karachi
TRV000139,Fawad Jutt,33100-3225498-5,Kashif Jutt,1970-04-19,2,Dubai; Doha,Faisalabad
TRV001018,Haji Mohammad Moin Kakar,3520216002264,Anwar Kakar,1963-12-27,6,Jeddah; Toronto; Dubai; Doha,Lahore
TRV001725,Engr. Shahid Afridi,36302-5008597-4,Naveed Afridi,1972-01-20,8,Baku; New York; Doha; Kuala Lumpur,Multan
TRV000088,Uthman Satti,42101-8034775-7,Mohammad Zeeshan Satti,,8,Kuala Lumpur; Doha; Istanbul; London,Karachi
TRV002743,Khalid Butt,,Akram Butt,1980-09-15,3,London; Doha; Kuala Lumpur,Gujranwala
TRV001849,M. Pervez Mughal,,ZAFAR MUGHAL,1987-03-19,6,London; Jeddah; New York; Doha,Gujranwala
TRV000296,Samina Afridi,,Mehmud Afridi,1981-04-10,8,Dubai; Bangkok; London; Baku,Faisalabad
TRV001940,Muhammad Akram Bhutto,4130467991148,Muhammad Waleed Bhutto,1969-11-07,7,Kuala Lumpur; London; Doha; Jeddah,Hyderabad
TRV000486,Shabana Yousafzai,34101-8983734-4,,,7,Kuala Lumpur; Jeddah; Bangkok; Dubai,Gujranwala
TRV000844,Iqra Hamdani,3740539063362,Bilawal Hamdani,1958-12-21,1,Jeddah,Rawalpindi
TRV000599,Ramsha Gujjar,3410160670498,Talha Gujjar,,4,Baku; London; Jeddah; Kuala Lumpur,Gujranwala
TRV002750,Mohammad Ahmed Niazi,,Muhammed Adnan Niazi,1990-02-18,6,Doha; New York; Bangkok; Toronto,Lahore
TRV002507,Riaz Khokhar,,Younis Khokhar,1983-10-11,5,Doha; London; Istanbul; Bangkok,Faisalabad
TRV002464,Muhammad Waleed Naqvi,4210168596638,Mohammad Riaz Naqvi,1998-05-08,3,Istanbul; Jeddah; Baku,Karachi
TRV002406,Aamir Gondal,33100-3631284-3,Muhammad Faysal Gondal,1968-03-03,4,Doha; Toronto; New York; Istanbul,Faisalabad
TRV000812,Abid Kakar,,Nadeem Kakar,1998-03-15,1,London,Karachi
TRV002425,Faiza Durrani,61101-4959272-1,Zafar Durrani,1961-03-21,4,Baku; London; Dubai; Kuala Lumpur,Islamabad
TRV001099,Maira Siddiqi,31202-4437198-6,Omar Siddiqi,1969-09-21,2,Baku; Jeddah,Bahawalpur
TRV000141,Muhammad Hassan Wattoo,3520272658601,Muhammad Zeeshan Wattoo,1982-01-17,2,Toronto; Istanbul,Lahore
TRV001902,Tooba Cheema,,Mohd Riaz Cheema,1950-09-05,1,Dubai,Gujranwala
TRV000270,Muhammad Ghulam Wattoo,35202-3954480-1,Adnan Wattoo,1961-03-21,5,Bangkok; Istanbul; New York; Baku,Lahore
TRV002846,Junaid Akhtr,,Mohammad Akram Akhtar,1977-04-06,4,Dubai; Doha; Istanbul; Baku,Hyderabad
TRV002563,Eman Gujjar,,Muhammad Mazhar Gujjar,1967-01-09,3,Istanbul; Dubai; Doha,Faisalabad
TRV001606,Saba Mengal,1730188289561,Ahmad Mengal,,5,Doha; Dubai; Baku; Bangkok,Peshawar
TRV001089,Muhammad Mudassar Mengal,3520250317062,Sufyan Mengal,,7,Jeddah; Istanbul; Baku; London,Lahore
TRV001295,Mohd Talha Awan,,,1973-02-15,1,Baku,Lahore
TRV000175,Jahangir Butt,42101-6957204-1,Waleed Butt,1989-09-06,1,Bangkok,Karachi
TRV001017,Ahmed Durrani,35202-3951624-4,Engr. Mohammad Nawaz Durrani,1982-02-07,2,Baku; Kuala Lumpur,Lahore
TRV000736,Nimra Akhtar,,Muhammad Asad Akhtar,1976-12-23,3,Jeddah; London; Kuala Lumpur,Gujranwala
TRV001957,Nadim Bhutto,,,1991-08-09,1,Kuala Lumpur,Peshawar
TRV000471,Kiran Bibi,,Hussian Soomro,1972-07-14,1,Jeddah,Islamabad
TRV001927,Zubaida Soomro,34603-7061140-2,Saeed Soomro,1970-05-14,4,Toronto; Jeddah; Dubai; London,Sialkot
TRV000912,Mohammad Hamid Kayani,61101-9799095-3,Muhammad Tanveer Kayani,1960-02-16,6,Kuala Lumpur; Toronto; Baku; Bangkok,Islamabad
TRV001356,Maryam Mughal,,SUFYAN MUGHAL,1997-10-09,3,Doha; Dubai; Toronto,Multan
TRV001835,Faiza Begum,,Dr. Hasan Gujjar,,2,Jeddah; Baku,Karachi
TRV002015,Muhammad Ejaz Kakar,,Dr. Taimur Kakar,1963-03-20,4,New York; Toronto; Kuala Lumpur; Dubai,Lahore
TRV000705,Mazhar Khokhar,,Muhammad Rashid Khokhar,1999-11-23,8,Istanbul; Kuala Lumpur; Bangkok; Dubai,Multan
TRV001222,Mansoor Raja,,,1988-05-17,1,Toronto,Karachi
TRV000411,Zahid Warraich,,Rehan Warraich,1959-02-18,2,London; Dubai,Lahore
TRV000322,Yasir Sandhu,,Muhammad Hammad Sandhu,1957-10-04,5,Bangkok; Baku; Jeddah; Dubai,Hyderabad
TRV000177,Khalid Gondal,42101-6753751-1,,1980-07-07,6,Doha; Jeddah; New York; London,Karachi
TRV001091,Mrs. Sana Khattak,,Qasem Khattak,1964-08-07,1,Dubai,Lahore
TRV000598,Muhammad Owais eMmon,,Muhammad Owais Memon,1958-09-17,1,Toronto,Lahore
TRV001967,M. Moin Lodhi,,Waseem Lodhi,1999-10-11,4,Kuala Lumpur; New York; Jeddah; Istanbul,Karachi
TRV002372,Hassan Akhtar,34101-4633183-3,Sufyan Akhtar,1986-06-22,6,London; Kuala Lumpur; Istanbul; New York,Gujranwala
TRV001467,Muhammad Moin Chohan,6110122768843,Tanveer Chaudhry,,7,Dubai; Jeddah; Doha; Kuala Lumpur,Islamabad
TRV000676,Riaz Rizvi,61101-3604828-5,,1989-04-11,7,London; Doha; Istanbul; Bangkok,Islamabad
TRV000535,Zeeshan Paracha,,Muhammad Hamid Paracha,1954-04-21,3,Bangkok; New York; Doha,Faisalabad
TRV000794,Farah Ansari,4210148803896,Abid Ansari,,1,Dubai,Karachi
TRV002886,Asad Niazi,,Mohd Faysal Niazi,1964-10-14,6,Jeddah; Istanbul; London; Dubai,Islamabad
TRV002483,Abdullah Mughal,,Muhammad Abdullah Mughal,1974-02-15,1,Kuala Lumpur,Sialkot
TRV000528,Shoaib Gondal,42101-4553354-5,,1967-01-16,8,London; Baku; Toronto; New York,Karachi
TRV001924,Pervez Baig,,Muhammed Danish Baig,,2,Doha; Kuala Lumpur,Lahore
TRV000463,Shoaib Memon,,Muhammad Owais Memon,,2,Toronto; Istanbul,Lahore
TRV002663,Sehrish Wattoo,17301-1208115-7,,1992-02-13,2,New York; Istanbul,Peshawar
TRV002567,Saad Zaidi,,Muhammad Waqar Zaidi,1965-02-11,4,Toronto; Kuala Lumpur; New York; Bangkok,Faisalabad
TRV002786,Bashir Abbasi,,Muhammad Khalid Abbasi,1997-04-05,4,Baku; New York; Istanbul; Dubai,Lahore
TRV000162,Muhammed Haroon Soomro,1730173361553,Hassan Soomro,1988-04-11,2,Dubai; Doha,Peshawar
TRV002183,M. Junaid Yusuffzai,,Mohammed Ibrahim Yusufzai,1978-12-12,4,Toronto; Baku; Dubai; London,Karachi
TRV000958,Hassan Soomro,36302-5923856-1,Danish Soomro,,6,London; Baku; Jeddah; Istanbul,Multan
TRV001565,Dr. Hammad Sail,37405-5836422-3,ABID SIAL,1958-01-20,7,London; Bangkok; Baku; Doha,Rawalpindi
TRV000838,Asif Niazi,,Muhammad Ahmed Niazi,1953-01-20,6,Bangkok; Jeddah; London; Kuala Lumpur,Karachi
TRV002126,Muhammed Hussain Yusufzai,,Muhammad Bilawal Yusufzai,1989-02-25,1,Dubai,Peshawar
TRV002287,BUSHRA BUTT,,Mohd Nawaz Butt,1999-12-08,7,Dubai; Baku; Jeddah; New York,Multan
TRV000030,Aslam Arain,4210123157989,Tanveer Arain,,7,London; Doha; Jeddah; New York,Karachi
TRV001985,Mohd Abid Arain,,Mohammed Kamran Arain,,4,Bangkok; Doha; Toronto; Jeddah,Karachi
TRV002843,Mohammed Mazhar Kakar,37405-7807945-8,Muhammad Yousuf Kakar,1980-02-04,4,Jeddah; Toronto; Doha; Kuala Lumpur,Rawalpindi
TRV001727,Ahmed Ch.,1730192640733,Mohammad Ahmed Chaudhary,1980-11-15,6,Jeddah; Kuala Lumpur; Dubai; Istanbul,Peshawar
TRV002605,Ghulam Mirza,,Muhammad Mudassar Mirza,1972-09-04,3,Kuala Lumpur; Jeddah; New York,Islamabad
TRV001149,KAMRAN BAJWA,34101-6923317-3,,1966-03-22,5,Istanbul; Bangkok; Kuala Lumpur; Doha,Gujranwala
TRV001488,Muhammad Aslam Bhutto,3520263265397,Ejaz Bhutto,1963-10-16,6,Baku; Istanbul; Bangkok; Doha,Lahore
TRV002592,Shahzad Raja,,Ghulam Raja,1997-04-21,2,Baku; Jeddah,Karachi
TRV000864,Taimur Awan,3460350144694,Junaaid Awan,1962-07-12,3,London; Baku; Toronto,Sialkot
TRV002523,Haji Bilawal Yusufzai,3410131556017,Mr. Mohammad Abid Yousafzai,,7,Baku; Toronto; New York; Kuala Lumpur,Gujranwala
TRV000767,Mohammad Haroon Bajwa,37405-1665174-1,,1959-12-28,6,Bangkok; Doha; Toronto; Kuala Lumpur,Rawalpindi
TRV002104,Kiran Begum,37405-9860112-5,Jamil Bhatti,1989-08-01,8,Baku; Bangkok; Toronto; Istanbul,Rawalpindi
TRV000479,Ramsha Magsi,,,1993-04-19,4,Baku; Jeddah; Kuala Lumpur; Doha,Karachi
TRV000998,Mian M. Waqar Shiekh,34101-2911752-1,,1962-07-03,6,Doha; Jeddah; Istanbul; Bangkok,Gujranwala
TRV001544,Fahad Dar,42101-3828705-8,Zafar Dar,1997-06-20,2,London; Jeddah,Karachi
TRV000073,Warda Bibi,,Engr. Mohammed Rehan Magsi,1971-09-05,8,Baku; Dubai; London; New York,Hyderabad
TRV001178,Muhamad Junaid Baig,34101-4946198-2,,1982-11-09,3,Toronto; New York; Baku,Gujranwala
TRV002822,Rashid Butt,,Muhammad Yasir Butt,1950-02-25,6,Kuala Lumpur; Istanbul; Doha; New York,Rawalpindi
TRV001601,Muhammad Owais Warraich,41304-1237088-8,Mohammed Mehmud Warraich,1969-07-16,2,Kuala Lumpur; Toronto,Hyderabad
TRV001807,Mohammed Raza Dar,36302-7486608-2,Mohammed Akram Dar,,6,Jeddah; New York; Bangkok; Dubai,Multan
TRV000979,Muhammed Bilal Niazi,,Mohammed Hamid Niazi,1966-05-20,2,Kuala Lumpur; Baku,Peshawar
TRV001229,Shahid Bhutto,33100-6220304-4,Ibrahim Bhutto,1974-02-04,7,Toronto; Bangkok; Doha; New York,Faisalabad
TRV000324,Kiran Bajwa,,Farhan Bajwa,1999-07-23,5,Baku; Bangkok; New York; London,Multan
TRV002538,Mohammad Tariq Virk,,,1972-09-15,2,Istanbul; Baku,Islamabad
TRV001655,Junaid Sial,42101-2560570-2,Nawaz Sial,1979-03-14,3,London; Toronto; New York,Karachi
TRV002232,Faraz Gondal,34101-4281275-6,Adnna Gondal,1966-04-18,5,London; Bangkok; Istanbul; Dubai,Gujranwala
TRV002860,Muhammad Hamid Shaikh,35202-2405916-4,Mansoor Sheikh,1996-07-15,7,Kuala Lumpur; London; Dubai; Istanbul,Lahore
TRV002674,AMNA SHIEKH,,Karim Sh.,,7,Doha; Toronto; Dubai; Kuala Lumpur,Karachi
TRV002050,Bashir Sheikh,,Muhammed Hamid Sheikh,1994-03-05,8,Bangkok; New York; London; Kuala Lumpur,Rawalpindi
TRV001684,Ashraf Abbas,3460319671843,,1966-09-05,1,Jeddah,Sialkot
TRV001173,Nazia Awan,34101-6010148-2,Nadim Awan,1987-08-27,3,Baku; Istanbul; Doha,Gujranwala
TRV001620,Adnan Bhatti,35202-1327704-1,,1985-09-01,1,New York,Lahore
TRV001032,Faiza Bibi,,Noman Khattak,1997-11-26,7,Dubai; Jeddah; Doha; London,Gujranwala
TRV000601,Aiman Khan,,Dr. Mohd Mubashir Khan,1986-11-22,7,New York; Dubai; Istanbul; London,Lahore
TRV002905,Laiba Arain,42101-2221995-5,,1973-08-21,4,Doha; Toronto; Jeddah; Dubai,Karachi
TRV001444,Rabia Begum,6110170078072,Muhammad Rehan Bhatti,1990-11-26,2,Doha; Toronto,Islamabad
TRV000321,MUHAMMAD TARIQ SHAH,61101-9611200-2,Mohammed Raza Shah,1952-12-18,8,London; Istanbul; Kuala Lumpur; Dubai,Islamabad
TRV002333,Shabana Dar,33100-2929860-2,Mohammed Arif Dar,1955-12-20,5,London; Kuala Lumpur; Doha; Dubai,Faisalabad
TRV000239,Tahira Gilani,,Mohd Kamran Gilani,1999-07-28,2,Toronto; Kuala Lumpur,Islamabad
TRV001412,Muhammed Ismail Kayani,34603-6335623-9,M. Fawad Kayani,1966-01-06,7,Bangkok; Istanbul; Kuala Lumpur; Jeddah,Sialkot
TRV001102,Hassan Soomro,42101-3737993-4,Muhammed Akram Soomro,1953-02-21,8,Istanbul; London; New York; Kuala Lumpur,Karachi
TRV001094,Zoya Hamdani,,,1986-07-06,6,Kuala Lumpur; London; New York; Dubai,Sialkot
TRV000759,Muhammad Faisa Niazi,4210147575767,M. Shahzad Niazi,1954-01-26,2,Dubai; Jeddah,Karachi
TRV001124,Abida Raja,33100-8886136-8,Ashraf Raja,1952-02-08,1,Doha,Faisalabad
TRV000443,Zoya Akhtar,41304-8340537-1,Ayaz Akhtar,1997-09-15,7,New York; Baku; Jeddah; Toronto,Hyderabad
TRV002812,Mohammed Riyaz Janjua,42101-1850298-6,Yousuf Janjua,1953-08-21,1,London,Karachi
TRV002179,Sufyan Ch.,,MUDASSAR CHAUDHRY,1982-05-19,5,Jeddah; New York; Bangkok; Doha,Karachi
TRV000532,Uzma Gilani,,,1986-02-22,2,Jeddah; New York,Islamabad
TRV001583,Muhammad Husain Mughal,,Iqbal Mughal,1981-03-27,1,Istanbul,Peshawar
TRV001978,Muhammad Shoaib Tarar,3740510930549,Talha Tarar,,7,London; Baku; Bangkok; Jeddah,Rawalpindi
TRV001880,Javeria Kakar,,M. Jahangir Kakar,,5,Toronto; London; Kuala Lumpur; New York,Gujranwala
TRV001507,JUNAID WATTOO,6110148162816,Arif Wattoo,1984-02-11,7,New York; Kuala Lumpur; Dubai; Toronto,Islamabad
TRV000889,Muhammed Imran Mirza,,,1993-12-26,3,Toronto; London; New York,Lahore
TRV002419,Saba Bibi,35202-9166320-1,Dr. Fahad Khokhar,1951-08-25,8,Kuala Lumpur; Toronto; London; Dubai,Lahore
TRV000605,Dr. Muhammad Rafiq Memon,35202-8729987-6,Rasheed Memon,1961-09-09,6,Toronto; Jeddah; Doha; Istanbul,Lahore
TRV001818,FARAH MEMON,,Hammad Memon,1983-06-01,1,Baku,Islamabad
TRV001783,Farhan Gondal,,Shahzad Gondal,1990-09-11,7,Istanbul; London; Kuala Lumpur; Toronto,Gujranwala
TRV000572,Mr. Muhammad Talha Dar,,Hasan Dar,1989-08-08,8,London; Istanbul; Toronto; Jeddah,Lahore
TRV002016,Dr. Imran Qureshi,37405-3424774-8,Mansoor Qureshi,1970-10-12,7,Istanbul; Dubai; Doha; Toronto,Rawalpindi
TRV000867,Mohd Farhan Janjua,,SHAHZAD JANJUA,1966-06-28,6,Istanbul; Dubai; Doha; New York,Lahore
TRV000691,Talha Shah,41304-9158613-9,Muhammad Danish Shah,2000-08-14,4,Dubai; Toronto; Baku; Kuala Lumpur,Hyderabad
TRV000402,M. Rehan Mirza,4210175423208,Muhammad Talha Mirza,1963-08-10,4,Doha; Dubai; London; Bangkok,Karachi
TRV000439,Zubaida Gilani,61101-2735182-8,Mubashir Gilani,1980-07-23,7,New York; Jeddah; Doha; Istanbul,Islamabad
TRV002469,Samina Arain,,Abdullah Arain,1988-07-07,8,Kuala Lumpur; London; Toronto; Dubai,Lahore
TRV000108,Muhammad Haroon Kayani,61101-4332044-6,M. Fahad Kayani,1960-08-18,6,London; Toronto; Baku; Istanbul,Islamabad
TRV001872,Abid Qureishi,,Bashir Qureshi,1960-12-18,7,London; Istanbul; New York; Jeddah,Multan
TRV002067,Mohd Salman Virk,54400-8778458-9,Faraz Virk,1974-02-14,7,London; Toronto; New York; Bangkok,Quetta
TRV000318,Laiba Afridi,,Mohammad Asad Afridi,1966-04-26,8,London; Jeddah; New York; Istanbul,Peshawar
TRV001071,Shaista Abbasi,54400-2515025-8,Muhammed Taimur Abbasi,1974-09-09,1,Doha,Quetta
TRV000670,Shabana Chaudhry,,Muhammad Wasim Chaudhry,1966-01-04,2,Doha; Kuala Lumpur,Faisalabad
TRV001610,Said Paracha,,Mohd Tanveer Paracha,1974-01-24,8,Istanbul; Doha; Toronto; Dubai,Peshawar
TRV000940,M. Danish Mughal,,Husain Mughal,,1,Istanbul,Islamabad
TRV002345,Muhammad Zafar Malik,,Ashraf Malik,1973-08-06,5,Istanbul; Kuala Lumpur; Doha; New York,Islamabad
TRV002923,Mst. Rukhsana Rizvi,17301-2341863-6,Mohammed Tariq Rizvi,1973-03-16,1,Bangkok,Peshawar
TRV001877,Haji Iqbal Magsi,34101-8269699-9,Muhammad Waqar Magsi,,2,Toronto; Bangkok,Gujranwala
TRV002148,Kiran Yousafzai,34603-6531798-6,NASIR YOUSAFZAI,1984-08-25,3,London; Baku; Istanbul,Sialkot
TRV000879,Komal Lodhi,36302-4134742-3,Talha Lodhi,1966-07-01,2,Kuala Lumpur; London,Multan
TRV002636,M. Rizwan Abbas,,,1996-11-22,2,London; Bangkok,Karachi
TRV002501,Mohammed Hammad Sandhu,37405-9245161-2,Mehmood Sandhu,1990-11-18,5,Dubai; Baku; Toronto; New York,Rawalpindi
TRV002473,JAVERIA SIAL,33100-4723481-9,M. Zafar Sial,1966-08-10,1,London,Faisalabad
TRV000433,M. Saad Kayani,,Muhammad Waqar Kayani,1986-12-26,2,Kuala Lumpur; New York,Lahore
TRV001270,Hussian Mirza,61101-9991251-6,Haji M. Imran Mirza,,5,Kuala Lumpur; Bangkok; New York; Baku,Islamabad
TRV000423,Abdullah Abbas,,Mohd Umar Abbas,1951-10-16,1,Doha,Peshawar
TRV002542,Nimra Begum,3520252381293,Muhammad Fawad Awan,,7,Bangkok; Kuala Lumpur; Toronto; Jeddah,Lahore
TRV002748,Aleena Hashmi,,Ghulam Hasshmi,1970-10-08,2,Doha; Istanbul,Hyderabad
TRV001771,Mohammad Junaid Dar,61101-6911999-4,Muhammad Saad Dar,1956-01-10,6,Bangkok; Dubai; Istanbul; New York,Islamabad
TRV000070,Khalid Khan,42101-8142130-3,Farhan Khan,,1,Baku,Karachi
TRV000729,IQA GONDAL,,,1970-11-28,4,London; Jeddah; Kuala Lumpur; Dubai,Karachi
TRV002781,Zeeshan Dar,3520278570964,KASHIF DAR,1965-10-14,4,Jeddah; Toronto; Doha; Bangkok,Lahore
TRV002560,Javed Butt,6110140667853,Waqar Butt,1974-12-05,1,Doha,Islamabad
TRV000056,Muhammed Asad Abbasi,33100-1873301-3,Muhammed Akram Abbasi,1985-01-26,5,Baku; Dubai; London; Kuala Lumpur,Faisalabad
TRV002834,Khalid Abbasi,42101-8349746-9,Mohammad Riyaz Abbasi,,3,Dubai; London; Jeddah,Karachi
TRV002953,Shafiq Ansari,35202-1712508-9,Muhammad Aslam Ansari,1967-02-01,6,Toronto; Dubai; Bangkok; Kuala Lumpur,Lahore
TRV001456,Sufyan Khattak,3460330936046,Muhammed Liaquat Khattak,1982-02-03,3,Doha; Kuala Lumpur; Dubai,Sialkot
TRV001073,Saad Arain,37405-5348201-8,,1982-10-15,6,Bangkok; Jeddah; Dubai; Istanbul,Rawalpindi
TRV000642,Mohammad Kashif Beg,33100-6765636-6,Zeeshan Begg,1965-01-20,2,Istanbul; Doha,Faisalabad
TRV000309,Mr. Rashid Sidiqui,,Waleed Sidiqui,1969-04-15,8,Doha; Dubai; London; New York,Sialkot
TRV001723,Muhammad Omar Janjua,,Muhammad Rehan Janjua,1981-09-04,5,Toronto; Istanbul; Baku; Dubai,Peshawar
TRV001213,Muhammed Sufyan Arain,,,1988-10-15,8,Toronto; Istanbul; Kuala Lumpur; New York,Islamabad
TRV002274,Rabia Bhutto,6110157137145,Anwar Bhutto,1979-03-17,2,Dubai; Kuala Lumpur,Islamabad
TRV002641,Ms. Mahnoor Raja,31202-2864542-8,Mr. Muhammad Mehmood Raja,1974-09-24,4,Doha; Jeddah; Bangkok; Istanbul,Bahawalpur
TRV001174,Mr. Mohammed Junaid Raja,,Noman Raja,2000-05-26,4,Kuala Lumpur; Doha; London; Dubai,Faisalabad
TRV001808,Muhammad Haroon Kakar,,Mohammad Khalid Kakar,1983-03-21,6,Kuala Lumpur; Istanbul; New York; Jeddah,Karachi
TRV001777,KHALID SHAH,,Ayaz Shah,1976-05-17,2,Bangkok; New York,Peshawar
TRV001553,Ramsha Kayani,,Hasan Kayani,1956-04-17,6,Kuala Lumpur; New York; Istanbul; Jeddah,Gujranwala
TRV000432,Mudassar Khokhar,,Muhammed Younis Khokhar,1989-12-03,5,Istanbul; Toronto; New York; Bangkok,Karachi
TRV002093,Hamid Akhtar,35202-5341222-9,Kashif Akhtar,1974-02-08,2,Toronto; New York,Lahore
TRV002701,Samina Khokhar,,Mazhar Khokhar,1996-01-12,6,Doha; Dubai; Bangkok; Istanbul,Lahore
TRV000567,Shabana Hashmi,41304-2897059-2,ABDULLAH HASHMI,1982-01-22,7,New York; Istanbul; Dubai; Doha,Hyderabad
TRV001702,Muhammad Asad Kakar,35202-4437570-5,Muhammed Naveed Kakar,1992-02-18,2,New York; Jeddah,Lahore
TRV001797,Danish Raja,61101-1762442-2,Rizwan Raja,1968-07-26,7,Istanbul; Baku; Dubai; Toronto,Islamabad
TRV001886,Kamran Abbas,17301-9359104-9,Sajid Abbas,1975-03-23,1,Bangkok,Peshawar
TRV002821,M. Younis Rizvi,35202-6729892-1,Shahzad Rizvi,,5,London; Toronto; Dubai; Doha,Lahore
TRV002166,Rabia Awan,1730126219918,SALMAN AWAN,1977-11-04,3,Baku; Kuala Lumpur; London,Peshawar
TRV001763,Mr. Mohammad Jahangir Marwat,,Muhammad Taimur Marwat,1999-03-26,1,Jeddah,Hyderabad
TRV002623,Zubaida Ansari,3630276357305,Engr. Nadim Ansari,2000-04-24,6,Baku; Istanbul; New York; London,Multan
TRV001602,Dr. Mohammed Naveed Mengal,3740560781515,Mohd Liaquat Mengal,1996-05-12,2,Dubai; Jeddah,Rawalpindi
TRV000120,Asif Ch.,36302-2806251-8,Mohammad Rashid Chaudhry,1970-11-19,1,Jeddah,Multan
TRV001135,Muhammad Saad Quraishi,42101-6955321-7,,1991-02-13,8,Dubai; New York; Jeddah; London,Karachi
TRV000874,Abid Warraich,3740594698608,Mudassar Warraich,1985-10-18,1,Doha,Rawalpindi
TRV001547,Mohammed Sohel Sidiqui,34101-6679975-9,,1982-08-18,1,Doha,Gujranwala
TRV002713,Mohammad Asif Memon,,Zeeshan Memon,1991-04-03,2,Jeddah; Bangkok,Gujranwala
TRV000313,Ibrahim Durrani,,M. Younis Durrani,1970-06-20,1,Baku,Rawalpindi
TRV002064,Rida Bhutto,34603-5543131-8,Mohd Imran Bhutto,1992-07-02,6,Istanbul; London; Dubai; Toronto,Sialkot
TRV000233,Muhammad Kamran Magsi,42101-5283210-8,Younis Magsi,1976-09-22,5,Bangkok; Dubai; Istanbul; Toronto,Karachi
TRV002023,Laiba Butt,3520250768797,Mohammed Pervez Butt,1992-05-19,6,New York; Bangkok; Jeddah; Baku,Lahore
TRV002720,Junaid Jutt,61101-6172534-1,Muhammad Sohail Jutt,1951-04-21,1,Kuala Lumpur,Islamabad
TRV001743,Durdana Begmu,,Muhammad Faisal Bajwa,1982-12-18,8,New York; London; Jeddah; Kuala Lumpur,Multan
TRV000111,Muhammad Ghulam Shah,,Muhammad Akram Shah,,2,Doha; Dubai,Sialkot
TRV001127,Mohammad Mazhar Chaudhry,37405-2422392-8,Riaz Chaudhry,1957-04-16,6,Bangkok; Jeddah; New York; Dubai,Rawalpindi
TRV000410,MAIRA NAQVI,,Shafique Naqvi,1973-01-15,2,New York; Jeddah,Karachi
TRV000218,Rukhsana Malik,,Abid Malik,1990-02-20,4,Bangkok; Kuala Lumpur; Toronto; Jeddah,Islamabad
TRV001795,Aleena Niazi,,Mohd Hammad Niazi,1982-11-06,5,London; Bangkok; Dubai; Istanbul,Multan
TRV000478,Nazia Khattak,6110115983985,Muhammed Arif Khattak,,4,London; Dubai; Doha; Istanbul,Islamabad
TRV002683,Tariq Rajput,34101-1572201-1,Muhammed Aamir Rajput,1981-11-12,6,New York; Toronto; Kuala Lumpur; Istanbul,Gujranwala
TRV001080,Haji Anwar Kayani,,Mohammad Saied Kayani,1973-03-14,2,Dubai; Bangkok,Karachi
TRV002977,KOMAL CHOUDHRY,,,1968-07-04,8,Istanbul; London; Jeddah; Toronto,Quetta
TRV001582,Mst. Mahnoor Khattak,3520238329906,,1967-02-04,3,Baku; Jeddah; Doha,Lahore
TRV000485,Hira Bibi,,Muhammad Shuaib Soomro,1972-09-09,3,Doha; Jeddah; Dubai,Lahore
TRV002673,Shafiq Lodhi,,M. Iqbal Lodhi,1967-05-10,4,New York; Doha; Kuala Lumpur; London,Peshawar
TRV000507,Muhammed Sufyan Arain,,Rizwan Arain,1962-06-07,5,New York; Toronto; Kuala Lumpur; Bangkok,Islamabad
TRV000772,Mahnoor Niazi,,Nadim Niazi,1985-08-12,6,Jeddah; Doha; Bangkok; Istanbul,Karachi
TRV000387,Omar Paracha,42101-6962643-9,Pervez Paracha,1984-05-03,5,Toronto; Doha; London; Bangkok,Karachi
TRV000787,Mohd Salman Durrani,6110135490582,Mohd Waqar Durrani,1999-01-02,5,London; Toronto; Dubai; Kuala Lumpur,Islamabad
TRV000543,Fawad Magsi,,Yasir Magsi,1968-02-20,6,Baku; Dubai; New York; Kuala Lumpur,Rawalpindi
TRV002957,Imran Warraich,,Fawad Warraich,,2,New York; Baku,Gujranwala
TRV001048,Irfan Memon,41304-9501330-9,FARAZ MEMON,1972-01-23,2,London; Istanbul,Hyderabad
TRV001269,Shabana Qureishi,,Muhammad Raza Qureshi,1968-12-18,8,New York; London; Bangkok; Toronto,Lahore
TRV001292,Nawaz Jutt,3520284471143,Raza Jutt,1965-06-13,8,Dubai; Toronto; Istanbul; Doha,Lahore
TRV002019,Warda Chohan,,Riaz Chaudhry,1988-08-07,1,Toronto,Rawalpindi
TRV001883,Mohammad Kashif Janjua,17301-2544662-1,Junaid Janjua,1997-01-14,6,Toronto; New York; Bangkok; Dubai,Peshawar
TRV000135,Muhammad Kamran Marwat,,Muhammad Kamran Marwat,1990-05-27,3,Kuala Lumpur; Doha; Istanbul,Karachi
TRV001220,Rukhsana Mengal,17301-2232146-7,Muhammad  Waqar Mengal,1956-11-22,7,London; Toronto; Bangkok; New York,Peshawar
TRV002164,Mohammed Yasir Mengal,,Kamran Mengal,,6,Bangkok; Istanbul; New York; Dubai,Faisalabad
TRV002807,Mohd Zubair Gillani,,,,1,Toronto,Bahawalpur
TRV002252,Hammad Bajwa,34101-4690196-3,,1989-11-22,7,Bangkok; Toronto; Jeddah; London,Gujranwala
TRV000366,Mohd Sajid Shah,37405-8628509-6,Liaquat Shah,1959-01-12,3,New York; Jeddah; Doha,Rawalpindi
TRV000881,Pervez Warraich,54400-2634996-6,Muhammad Faysal Warraich,1955-12-14,5,Doha; Bangkok; Dubai; Istanbul,Quetta
TRV002696,Noman Beg,61101-2236321-6,Muhammed Hussain Baig,1983-06-16,2,London; Toronto,Islamabad
TRV000029,Khalid Butt,61101-9484790-8,Muhammad Bilawal Butt,1963-10-21,3,Jeddah; New York; London,Islamabad
TRV002497,Taimur Marwat,1730162465027,Kasim Marwat,1954-03-10,8,Toronto; Jeddah; Istanbul; London,Peshawar
TRV002943,Faraz Virk,1730177774272,Mohammad Shafiq Virk,,4,New York; Bangkok; Baku; London,Peshawar
TRV001100,Arif Niazi,35202-3637775-3,,1976-02-23,1,Jeddah,Lahore
TRV001078,Faraz Mughal,,Ali Mughal,1980-06-16,6,Istanbul; New York; Kuala Lumpur; Jeddah,Karachi
TRV001417,Iqbal Rizvi,,Ayaz Rizvi,1978-10-08,3,Kuala Lumpur; New York; Jeddah,Bahawalpur
TRV002851,Shahzad Tarar,,Kamran Tarar,1978-11-04,8,Doha; Baku; New York; Istanbul,Multan
TRV000183,Hamid Virk,,Asad Virk,1952-09-06,3,New York; Bangkok; Doha,Lahore
TRV000831,Rabia Ansari,,Mohammad Irfan Ansari,,8,Istanbul; Baku; Doha; Bangkok,Rawalpindi
TRV000188,Sehrish Bibi,34101-1136144-2,Zubair Abbasi,1997-07-09,6,Toronto; Kuala Lumpur; Bangkok; New York,Gujranwala
TRV000420,Mohd Owais Niazi,37405-9539788-6,,1953-08-28,3,Baku; Jeddah; Istanbul,Rawalpindi
TRV000170,Iqra Qureshi,,,1965-03-22,5,Doha; Kuala Lumpur; New York; Baku,Sialkot
TRV002043,Eman Sial,35202-8287642-4,Ibrahim Sial,1969-09-02,1,London,Lahore
TRV000043,Anika Siddiqi,3410189364051,Mr. Jamil Sidiqui,1988-07-05,5,Bangkok; Toronto; Jeddah; Doha,Gujranwala
TRV000087,Nasrin Durrani,,Zafar Durrani,1956-02-06,4,Doha; Dubai; Istanbul; Baku,Gujranwala
TRV001410,Aleena Zaidi,,Muhammad Ahmed Zaidi,1973-12-24,2,New York; Istanbul,Karachi
TRV000700,Yousuf Satti,,Muhammad Faraz Satti,1986-09-26,8,New York; Bangkok; Dubai; Jeddah,Sialkot
TRV000897,Younis Jutt,,Muhammad Fahad Jutt,1972-05-17,3,Baku; Kuala Lumpur; New York,Gujranwala
TRV000282,Sufyan Kakar,,Sohail Kakar,1963-07-14,1,London,Lahore
TRV000644,Ashraf Kakar,,Mohammad Fahad Kakar,2000-10-05,1,Jeddah,Bahawalpur
TRV002974,Maira Bibi,,Saeed Afridi,,8,Toronto; Kuala Lumpur; London; Dubai,Faisalabad
TRV001159,Muhammad Jamil Magsi,,Akram Magsi,1976-07-06,3,Dubai; Istanbul; New York,Hyderabad
TRV000257,M. Zahid Jutt,,,1990-08-26,6,London; Doha; Toronto; Istanbul,Lahore
TRV002590,Fathima Gilani,61101-4804493-4,Mohd Fawad Gilani,1954-01-24,2,Baku; Istanbul,Islamabad
TRV001351,Rizwan Cheema,4210124773815,Imran Cheema,1984-11-17,5,Istanbul; Dubai; New York; London,Karachi
TRV000930,Shaahid Akhtar,,Riaz Akhtar,1979-03-14,6,Doha; New York; London; Toronto,Hyderabad
TRV002562,Mohd Mansoor Gondal,,MUHAMMED YOUNIS GONDAL,1987-07-23,7,New York; Doha; Jeddah; Bangkok,Lahore
TRV001053,Saeed Tareen,,Mohammed Zeeshan Tareen,1997-03-07,1,Doha,Lahore
TRV002925,Kamran Cheema,37405-9882437-6,Muhammad Faraz Cheema,1998-05-23,4,Dubai; New York; Istanbul; Jeddah,Rawalpindi
TRV000149,Lubna Bibi,,Muhammed Ghulam Rajput,1979-09-03,2,Kuala Lumpur; New York,Islamabad
TRV002513,Muhammad Fahad Kazmi,37405-7017937-5,Mohd Imran Kazmi,1982-01-24,7,Istanbul; New York; London; Jeddah,Rawalpindi
TRV002354,Mst. Maira Gilani,,Muhammad Irfan Geelani,1953-02-25,7,Kuala Lumpur; Doha; Toronto; Jeddah,Karachi
TRV002543,Naveed Mirza,,Mazhar Mirza,1993-03-26,6,Istanbul; Jeddah; Doha; Bangkok,Peshawar
TRV001850,Muhammad Nawaz Arain,61101-2320844-2,Saeed Arain,1974-04-02,4,London; Bangkok; Toronto; Baku,Islamabad
TRV002110,Ahmed Niazi,3520233208559,Karim Niazi,1984-07-11,7,Jeddah; Doha; New York; Toronto,Lahore
TRV001860,Muhammed Fahad Khokhar,,Rashid Khokhar,1986-09-23,2,Baku; New York,Rawalpindi
TRV000134,Zahid Durrani,42101-1179053-4,M. Bilawal Durrani,,5,Toronto; Doha; Dubai; Kuala Lumpur,Karachi
TRV001437,Javeria Niazi,,Mohammed Taimur Niazi,1953-10-12,2,Toronto; London,Peshawar
TRV000533,Irfan Afridi,,Noman Afridi,1992-03-10,3,Jeddah; Toronto; Istanbul,Sialkot
TRV000847,Kiran Gondal,37405-6076732-3,Mohd Zahid Gondal,1992-06-18,6,Bangkok; Doha; Istanbul; Jeddah,Rawalpindi
TRV002244,Ayaz Rajput,42101-6674410-4,Mazhar Rajput,1968-05-15,7,Baku; Dubai; Kuala Lumpur; London,Karachi
TRV002206,Sufyan Soomro,42101-3542716-7,Akram Soomro,1996-10-12,3,Istanbul; London; Jeddah,Karachi
TRV001370,Mr. Muhammad Nasir Siddiqui,,Shahzda Siddiqi,1981-07-05,2,Kuala Lumpur; Bangkok,Lahore
TRV002112,Mohammed Nawaz Marwat,,M. Saad Marwat,1973-03-08,8,Toronto; Bangkok; Jeddah; Dubai,Hyderabad
TRV001364,Isamil Khan,54400-4564684-4,,1993-09-17,6,Baku; Toronto; Bangkok; New York,Quetta
TRV002227,Robina Bibi,,,1998-09-05,7,Doha; Istanbul; Kuala Lumpur; Jeddah,Multan
TRV000430,Ramsha Awan,54400-5311871-8,Asad  Awan,1981-11-05,4,Bangkok; Istanbul; Toronto; Doha,Quetta
TRV002188,Muhammad Sohail Malik,37405-4245939-9,Bilawal Malik,1955-08-27,4,Kuala Lumpur; London; Jeddah; Baku,Rawalpindi
TRV001739,Maryam Warraich,35202-9919547-2,Zobair Warraich,,1,Baku,Lahore
TRV000942,Aiman Arain,4210168583197,Muhammed Ismail Arain,1957-09-13,3,Doha; Dubai; Jeddah,Karachi
TRV002098,Mohammad Khaled Sial,,Ejaz Sial,1959-10-20,2,Baku; Istanbul,Lahore
TRV000221,Laiba Sial,,Muhammed Karim Sial,1991-07-21,5,London; Dubai; Doha; Istanbul,Karachi
TRV001910,Naila Gujjar,17301-9269577-8,,1966-01-21,8,Kuala Lumpur; Doha; London; Istanbul,Peshawar
TRV001896,Mohammed Abdullah Awan,,,1975-08-27,4,Toronto; London; Doha; Kuala Lumpur,Multan
TRV001952,Yasmin Niazi,36302-8943298-7,Younis Niazi,1990-12-07,5,Toronto; New York; London; Istanbul,Multan
TRV000839,Muhammad Farhan Sheikh,,Muhammad Javed Sheikh,1987-05-11,7,Bangkok; London; Dubai; Istanbul,Peshawar
TRV000926,Muhammad Zobair Janjua,41304-5772722-1,Muhammed Saeed Janjua,1959-12-17,4,Toronto; Doha; Baku; Bangkok,Hyderabad
TRV002138,Zoya Marwat,,Faraz Marwat,1981-08-25,5,Bangkok; Istanbul; Baku; Toronto,Islamabad
TRV000173,Nadeem Shah,61101-7233398-1,Yousuf Shah,1991-12-05,8,Toronto; New York; Jeddah; Baku,Islamabad
TRV001207,Adnan Kakar,,MANSOOR KAKAR,1962-12-02,6,Jeddah; Istanbul; Bangkok; Toronto,Karachi
TRV002328,Mohd Ejaz Bhatti,,Mohammed Nawaz Bhatti,1962-04-26,3,London; Istanbul; Jeddah,Hyderabad
TRV000807,M. Aamir Durrani,35202-2087771-7,Mohd Riaz Durrani,1964-04-20,4,New York; Bangkok; Jeddah; Doha,Lahore
TRV000610,Javeria Abbas,,Hussain Abbas,1996-08-12,6,Baku; New York; Dubai; Jeddah,Karachi
TRV002794,Sohel Niazi,3630262003139,Muhammed Junaid Niazi,1992-05-17,3,Toronto; Jeddah; Doha,Multan
TRV001922,Asad Chohan,,Muhammad Usama Chaudhary,1982-10-04,7,Bangkok; Toronto; Kuala Lumpur; Baku,Karachi
TRV000756,Javeria Tarene,34603-9181291-9,Talha Tareen,1979-02-11,6,Dubai; Doha; Kuala Lumpur; New York,Sialkot
TRV001373,SAMEENA KHAN,,M. Mansoor Khan,1975-04-03,4,Jeddah; Bangkok; Istanbul; New York,Lahore
TRV000969,Mahmood Bhatti,,Asif Bhatti,1972-04-08,8,London; Toronto; New York; Jeddah,Peshawar
TRV000472,Mazhar Awan,,Mohammad Iqbal Awan,,5,Doha; Jeddah; London; New York,Gujranwala
TRV001498,Irfan Cheema,,Imran Cheema,1953-07-08,4,Jeddah; New York; Dubai; London,Karachi
TRV002221,Muhammad Noman Khan,35202-9822047-5,Muhammed Jahangir Khan,1970-04-11,6,Bangkok; New York; Doha; Istanbul,Lahore
TRV001114,Mubashir Abbasi,17301-7728486-3,Qasem Abbasi,1957-04-01,3,Doha; Bangkok; Baku,Peshawar
TRV000314,Ayaz Cheema,17301-7781693-1,,1970-03-08,2,Kuala Lumpur; New York,Peshawar
TRV000869,Dr. Muhammed Tanveer Cheema,3310021177824,Muhammad Shafiq Cheema,1951-03-08,1,Dubai,Faisalabad
TRV000602,Muhammed Arif Gondal,61101-6467222-7,Jamil Gondal,1987-02-20,6,Baku; Dubai; Doha; London,Islamabad
TRV001607,Fawad Rizvi,42101-3666287-5,Muhammad Tariq Rizvi,,4,Jeddah; New York; Doha; Istanbul,Karachi
TRV000272,Mudassar Niazi,,Mohammad Usama Niazi,1971-07-04,5,Baku; Dubai; Jeddah; Toronto,Bahawalpur
TRV002312,Said Cheema,,MUHAMMAD RIZWAN CHEEMA,1974-01-18,5,Kuala Lumpur; Dubai; Baku; Doha,Lahore
TRV001340,Bilawal Khattak,3520219222503,Mr. Mazhar Khattak,,8,Bangkok; New York; Doha; Baku,Lahore
TRV001055,Samina Abbas,42101-1075787-9,Muhammad Rizwan Abbas,1978-03-19,8,Jeddah; Bangkok; Baku; Kuala Lumpur,Karachi
TRV000945,Tahira Lodhi,,Shafiq Lodhi,1992-03-13,3,Dubai; Istanbul; Baku,Faisalabad
TRV000929,Khaled Mirza,54400-9101622-5,Asif Mirza,1967-07-09,1,Doha,Quetta
TRV002789,Kashif Hamdani,,Muhammad Saad Hamdani,1978-02-22,6,Dubai; London; Doha; Kuala Lumpur,Islamabad
TRV002599,MUHAMMAD ASHRAF MIZA,61101-2210226-2,Hammad Mirza,1952-12-15,4,London; Kuala Lumpur; Baku; Doha,Islamabad
TRV001260,Hussain Dar,35202-3886196-5,,1970-02-25,4,Doha; Jeddah; Kuala Lumpur; Istanbul,Lahore
TRV002589,Sidra Bibi,,MUHAMMAD PERVEZ KAZMI,1966-10-21,3,New York; London; Kuala Lumpur,Hyderabad
TRV000680,Hina Janjua,,Muhammad Fahad Janjua,1998-10-17,5,London; Dubai; Kuala Lumpur; Baku,Lahore
TRV001225,Zubaida Niazi,35202-9333116-3,Abdullah Niazi,1952-11-16,5,Baku; Istanbul; Bangkok; Doha,Lahore
TRV002236,Muhammed Iqbal Paracha,37405-8737026-2,Rafique Paracha,1996-09-10,3,Toronto; New York; Dubai,Rawalpindi
TRV002553,Imran Hamdani,,Muhammad Moin Hamdani,1955-03-17,1,New York,Multan
TRV000168,Waqar Awan,,Owais Awan,1995-07-25,3,Jeddah; Dubai; Baku,Lahore
TRV000903,Liaquat Abbasi,,,1973-01-06,8,Toronto; Bangkok; London; Kuala Lumpur,Bahawalpur
TRV002762,Mishal Bhatti,54400-4002516-8,Fahad Bhatti,1960-07-09,1,Baku,Quetta
TRV001206,Durdana Cheema,35202-4196291-1,Mohammed Aamir Cheema,1979-07-25,2,Toronto; London,Lahore
TRV001720,Wasim Kakar,,Muhammad Navid Kakar,1983-03-22,3,New York; Jeddah; London,Peshawar
TRV001775,Nida Gilani,,Mohammad Bilal Gilani,1968-12-06,2,Toronto; Bangkok,Lahore
TRV002230,Muhammad Shafiq Butt,,Yasir Butt,,8,Toronto; Dubai; Jeddah; Bangkok,Islamabad
TRV001288,Uzma Arain,,Muhammed Shafiq Arain,1963-02-06,4,Istanbul; Kuala Lumpur; Jeddah; Bangkok,Faisalabad
TRV000367,Mohammad Islam Baig,,Yasir Begg,1967-02-28,5,New York; Kuala Lumpur; Baku; Toronto,Lahore
TRV002271,Sana Durrani,,Ashraf Durrani,1984-11-02,7,London; Doha; Istanbul; Jeddah,Karachi
TRV001116,Sana Wattoo,42101-7063368-9,Rashid Wattoo,,3,Istanbul; Baku; London,Karachi
TRV001298,Ramsha Gillani,61101-1730892-4,Zahid Gilani,,8,New York; Kuala Lumpur; London; Jeddah,Islamabad
TRV000351,Rukhsana Abbas,42101-9923671-7,Mohammed Usman Abbas,1986-09-19,3,Toronto; Doha; London,Karachi
TRV001532,Muhammed Imran Mughal,,Mansoor Mughal,,5,London; Kuala Lumpur; Doha; Dubai,Karachi
TRV002844,Muhammad Rehan Wattoo,31202-7527540-3,Mudassar Wattoo,1962-09-03,7,Baku; Toronto; Bangkok; London,Bahawalpur
TRV001517,Mohd Imran Warraich,,,1970-09-28,3,Jeddah; Kuala Lumpur; Bangkok,Gujranwala
TRV001842,Mudassar Kakar,41304-3405372-6,Mehmood Kakar,1985-04-27,6,Baku; Bangkok; New York; London,Hyderabad
TRV002366,Moin Sheikh,,Muhammad Hussian Sh.,1986-06-04,8,Toronto; New York; Bangkok; Doha,Hyderabad
TRV000498,Hussian Chaudhry,37405-5160162-2,Muhammad Noman Chaudhry,1951-11-01,2,London; Dubai,Rawalpindi
TRV001624,Ismail Abbas,35202-5130193-9,,1966-10-10,8,Dubai; Jeddah; Baku; Kuala Lumpur,Lahore
TRV000210,Noor Naqvi,31202-7150740-1,Muhammed Riaz Naqvi,2000-09-20,1,Kuala Lumpur,Bahawalpur
TRV002384,Rukhsana Marwat,,,1955-01-09,7,Toronto; New York; Dubai; Baku,Multan
TRV000900,Nazia Gilani,35202-7423584-8,Muhammad Zubair Gilani,1997-02-11,7,Baku; Dubai; Toronto; New York,Lahore
TRV000227,Usama Soomro,,Noman Soomro,,1,Kuala Lumpur,Rawalpindi
TRV000365,Lubna Marwat,,Mohammed Sohail Marwat,1972-04-11,3,Doha; New York; Toronto,Peshawar
TRV001621,Mr. Khaled Magsi,33100-3753263-8,,1971-03-02,2,New York; Baku,Faisalabad
TRV002163,Muhammad Ali Khan,42101-8192204-2,Aslam Khan,1976-07-07,7,Doha; Bangkok; Dubai; Baku,Karachi
TRV002009,Mohd Sajid Jamali,34101-2154756-2,Fahad Jamali,1990-12-19,5,London; Istanbul; Baku; Kuala Lumpur,Gujranwala
TRV000952,SHAGUFTA BIBI,,Ejaz Warraich,1976-11-07,4,Toronto; Baku; New York; Kuala Lumpur,Peshawar
TRV001789,Eman Raja,34603-9453461-9,Ibrahim Raja,1975-03-11,2,Jeddah; London,Sialkot
TRV000407,M. Moin Shiekh,34101-1719623-4,KHALED SHIEKH,1977-02-08,6,London; Toronto; Kuala Lumpur; Baku,Gujranwala
TRV001914,Zeeshan Hamdani,,Wasim Hamdani,1984-08-22,4,Doha; London; Bangkok; Toronto,Multan
TRV002360,Pervez Dar,,Rizwan Dar,1952-04-06,3,New York; Bangkok; Kuala Lumpur,Sialkot
TRV002304,Ahmed Bhutto,42101-4421392-3,Zafar Bhutto,1961-02-13,8,Istanbul; Toronto; Bangkok; New York,Karachi
TRV000568,Muhammed Usama Khattak,17301-4569527-8,Mian Fawad Khattak,1986-10-04,2,Baku; Doha,Peshawar
TRV002403,Zeeshan Hashmi,3460357171854,Akram Hashmi,2000-12-01,8,Kuala Lumpur; London; Baku; Dubai,Sialkot
TRV002831,Rashid Yousafzai,42101-2471196-1,Omar Yousafzai,,3,Doha; Kuala Lumpur; Bangkok,Karachi
TRV000007,Muhammad Mudassar Awan,61101-6271130-4,,1963-03-22,3,Jeddah; Istanbul; Kuala Lumpur,Islamabad
TRV001474,Nimra Bhatti,,Shafique Bhatti,2000-07-28,7,Jeddah; Istanbul; Dubai; Bangkok,Karachi
TRV001200,Haroon Mirza,,Dansih Mirza,1964-09-17,6,Baku; Dubai; New York; Bangkok,Rawalpindi
TRV002102,Sehrish Bibi,,Noman Tareen,1992-05-08,7,Toronto; Dubai; London; Kuala Lumpur,Quetta
TRV000415,Mian Shahid Abbas,,Yasir Abbas,1999-12-01,3,New York; Baku; Istanbul,Sialkot
TRV000741,Rehan Arain,1730181873159,Muhammad Aamir Arain,1965-04-11,7,London; Baku; Kuala Lumpur; Istanbul,Peshawar
TRV001596,Nida Khatatk,35202-3424100-2,Tariq Khattak,1983-08-07,8,Jeddah; Toronto; New York; Istanbul,Lahore
TRV002190,Warda Cheeema,,Mohammad Younis Cheema,1971-12-10,1,London,Karachi
TRV000199,Iqbal Satti,,Haji Muhammad Talha Satti,1980-10-11,7,Doha; New York; Kuala Lumpur; Dubai,Quetta
TRV000283,Durdana Afridi,,,1988-09-04,3,Dubai; Istanbul; Baku,Islamabad
TRV000231,Arif Mughal,,Ghulam Mughal,,6,New York; Doha; Dubai; Jeddah,Karachi
TRV000612,Khadija Akhtar,4210178276055,Mohammed Owais Akhtar,,3,London; Kuala Lumpur; New York,Karachi
TRV002897,M. Saied Sial,34603-2320826-9,Mohammed Fahad Sial,1982-12-11,1,Baku,Sialkot
TRV000096,Khadijah Gondal,3630258817752,Shoaib Gondal,1957-06-24,7,Kuala Lumpur; Baku; London; Bangkok,Multan
TRV001343,Mohd Asif Sandhu,,M. Tanveer Sandhu,1955-08-04,3,Baku; Jeddah; Kuala Lumpur,Faisalabad
TRV002666,JAVED NIAZI,,Muhammad Ismail Niazi,1967-10-12,6,Kuala Lumpur; New York; Dubai; Toronto,Hyderabad
TRV001378,Saad Marwat,36302-1004392-4,Mohd Usama Marwat,1963-12-06,3,Bangkok; New York; Kuala Lumpur,Multan
TRV001036,Zahid Gondal,37405-8564465-6,Zubair Gondal,1963-09-05,6,Istanbul; Dubai; London; Baku,Rawalpindi
TRV002803,Nimra Bibi,,Bashir Mengal,1965-09-02,1,Kuala Lumpur,Hyderabad
TRV000829,Kamran Cheema,35202-2391686-1,M. Liaquat Cheema,1975-04-10,7,Baku; New York; Jeddah; Dubai,Lahore
TRV002859,Faiza Siddiqui,,Muhammad Noman Siddiqui,1980-06-09,3,Dubai; New York; Toronto,Faisalabad
TRV002583,Lubna Virk,,,1950-06-10,4,Baku; Kuala Lumpur; Jeddah; Istanbul,Islamabad
TRV001395,Ghulam Magsi,,Imran Magsi,1997-09-19,4,Bangkok; New York; Toronto; London,Lahore
TRV001366,Tooba Naqvi,,Dr. Muhammad Nawaz Naqvi,1970-11-13,8,Kuala Lumpur; Bangkok; Dubai; Toronto,Faisalabad
TRV000104,FAWAD AKHTAR,,,1961-10-23,4,Dubai; London; Bangkok; Jeddah,Karachi
TRV002319,Jahangir Magsi,,Ayaz Magsi,1955-09-06,7,Bangkok; Jeddah; Kuala Lumpur; Dubai,Faisalabad
TRV000594,Eman hBatti,42101-9390442-7,Muhammad Mudassar Bhatti,1985-01-15,4,Jeddah; Istanbul; New York; Dubai,Karachi
TRV000990,Muhammad Bilawal Mengal,35202-2457081-6,Mohammad Raza Mengal,1962-02-27,2,New York; Jeddah,Lahore
TRV000842,SHAISTA YUSUFZAI,,M. Asif Yousafzai,1976-04-28,8,Istanbul; Doha; New York; Baku,Karachi
TRV000637,Raza Rajput,6110147456856,Ibrahim Rajput,1974-03-18,5,Bangkok; Istanbul; London; New York,Islamabad
TRV000695,Mrs. Noor Dar,17301-5697955-6,Sufyan Dar,,5,Bangkok; Baku; London; Jeddah,Peshawar
TRV000226,Tahira Abbas,41304-9775696-7,Fahad Abbas,1960-02-06,8,New York; Jeddah; Bangkok; London,Hyderabad
TRV002551,Engr. Faraz Sial,42101-7213993-2,Adnan Sial,1988-02-23,3,Baku; Doha; Kuala Lumpur,Karachi
TRV002209,Tanveer Tareen,,Mudsasar Tareen,1958-04-27,5,Kuala Lumpur; Doha; Istanbul; Bangkok,Lahore
TRV002519,Usman Hamdani,,SHAHID HAMDANI,,3,Baku; Jeddah; Dubai,Hyderabad
TRV002226,Tahirah Shah,,Nawaz Shah,1992-06-07,6,Istanbul; Baku; New York; London,Faisalabad
TRV002293,Tooba Chaudhry,,,,2,Jeddah; Dubai,Sialkot
TRV001075,Muhammad Faisal Khattak,,Mohammed Moin Khattak,1963-09-19,4,Baku; Jeddah; Dubai; New York,Peshawar
TRV001272,Muhammad Younis Khattak,37405-7615538-8,Mohammed Ibahim Khattak,,5,Bangkok; Toronto; Dubai; Kuala Lumpur,Rawalpindi
TRV002931,Ayaz Qureishi,,Bilal Qureishi,1983-03-17,4,Kuala Lumpur; Toronto; Istanbul; Doha,Lahore
TRV000464,Moin Afridi,,Muhammad Yousuf Afridi,1951-01-11,4,New York; London; Kuala Lumpur; Toronto,Islamabad
TRV002677,Mohammad Waqar Sial,3520269052977,Sohail Sial,1950-09-22,1,New York,Lahore
TRV000685,Hira Begum,,Muhammad Adnan Yusufzai,1974-04-01,3,New York; Kuala Lumpur; Jeddah,Rawalpindi
TRV002586,ASMA WATTOO,,M. Bilawal Wattoo,1976-03-27,2,Dubai; London,Islamabad
TRV000805,Rasheed Quraishi,,Imran Qureshi,1991-11-05,5,Toronto; Doha; Dubai; Baku,Multan
TRV001576,Bashir Chaudhry,4210119272715,,1980-01-14,3,Dubai; Jeddah; Baku,Karachi
TRV002314,Irfan Yousafzai,,Muhammed Kareem Yusufzai,1989-10-04,2,Jeddah; Doha,Peshawar
TRV000212,Mohd Talha Virk,35202-4147850-8,Mohammed Ibrahim Virk,1990-03-04,1,Kuala Lumpur,Lahore
TRV000012,IBRAHIM MARWAT,,,1978-11-13,2,Doha; Toronto,Multan
TRV002900,MUHAMMAD SHAFIQ KHAN,,Zeeshan Khan,1985-08-26,8,Istanbul; London; Jeddah; Kuala Lumpur,Rawalpindi
TRV000422,Muhammad Farhan Siddiqui,,Zafar Siddiqi,1958-04-19,5,Dubai; Istanbul; Jeddah; New York,Rawalpindi
TRV001446,Komal Warraich,4210171997911,Asif Warraich,1985-05-07,5,Dubai; Bangkok; New York; Doha,Karachi
TRV001563,Rehan Hashmi,37405-7131980-3,Qasim Hashmi,1963-03-25,3,London; Jeddah; Dubai,Rawalpindi
TRV002635,Aslam Afridi,34101-1954623-2,Rizwan Afridi,1966-12-03,2,Istanbul; London,Gujranwala
TRV000817,Muhammad Shafiq Mughal,,Nadim Mughal,1982-02-27,8,Baku; Toronto; London; Dubai,Peshawar
TRV002871,Karim Butt,54400-1947397-2,Engr. Bilawal Butt,1966-02-18,2,Toronto; Baku,Quetta
TRV002828,Imran Lodhi,41304-8402385-8,,1962-09-19,4,New York; Dubai; Doha; Toronto,Hyderabad
TRV001590,Akram Durrani,,Mohammad Owais Durrani,1989-02-05,4,Baku; Toronto; Dubai; New York,Islamabad
TRV000509,Engr. Muhammad Khalid Kazmi,35202-6043921-1,Haji M. Ahmed Kazmi,,4,Jeddah; Baku; Bangkok; Doha,Lahore
TRV000597,Navid Yousafzai,3410130281436,Mohammad Rehan Yusufzai,1958-07-14,3,Bangkok; Istanbul; Toronto,Gujranwala
TRV002045,MUHAMMAD SAIED SIAL,42101-9748958-7,Engr. Ali Sial,,3,Kuala Lumpur; London; Istanbul,Karachi
TRV002575,Nadim Mengal,,Danish Mengal,1976-04-06,7,Istanbul; Kuala Lumpur; Baku; Doha,Lahore
TRV001518,Yousuf Kazmi,61101-7676677-2,Mohd Javaid Kazmi,1966-01-28,4,Doha; Istanbul; Toronto; New York,Islamabad
TRV002639,Mohammed Ali Kayani,,Mazhar Kayani,1950-04-27,5,Kuala Lumpur; Toronto; Bangkok; Istanbul,Bahawalpur
TRV000518,Mr. M. Waqar Ansari,,Hamid Ansari,1980-09-14,7,London; Doha; Toronto; New York,Rawalpindi
TRV001419,Mohammed Farhan Khokhar,,Saad Khokhar,1990-01-15,2,London; Bangkok,Lahore
TRV000573,Yasir Mirza,42101-6043433-6,Mohammad Arif Mirza,1986-03-05,6,Istanbul; New York; Baku; Toronto,Karachi
TRV002721,Liaquat Paracha,36302-6904171-3,Haroon Paracha,1964-12-04,4,London; Bangkok; Istanbul; Baku,Multan
TRV001093,Muhammad Rehan Durrani,6110177804025,Muhammad Sufyan Durrani,1993-12-04,6,Kuala Lumpur; Dubai; Toronto; Bangkok,Islamabad
TRV001941,Mian Rafiq Dar,,Mubashir Dar,1974-03-23,5,Istanbul; New York; Jeddah; Baku,Hyderabad
TRV001133,Mubashir Paracha,4210196591884,Waleed Paracha,1972-10-22,2,New York; Dubai,Karachi
TRV002441,Owais Zaidi,,Jahangir Zaidi,1987-12-25,7,Baku; New York; Bangkok; Dubai,Bahawalpur
TRV001299,Uzma Bibi,,Hammad Akhtar,1951-02-14,7,Baku; Toronto; New York; Bangkok,Sialkot
TRV001558,Muhammad Wasim Gilani,42101-2016112-1,Asif Geelani,2000-05-22,2,New York; Kuala Lumpur,Karachi
TRV001011,Mohammed Kamran Arain,,Waseem Arain,1980-09-28,6,London; Dubai; Toronto; New York,Karachi
TRV002968,Aiman Paracha,,Mohd Waqar Paracha,1957-03-16,6,London; Istanbul; Doha; Dubai,Hyderabad
TRV000358,SHABANA MEGNAL,35202-6882933-7,Muhammad Ayaz Mengal,1998-09-15,6,Dubai; London; Bangkok; Baku,Lahore
TRV002877,Usman Mughal,35202-9151415-5,,1987-05-01,6,Toronto; Doha; Kuala Lumpur; Jeddah,Lahore
TRV001779,Javed Tareen,3740539080425,Qasem Tareen,1981-08-16,2,London; Toronto,Rawalpindi
TRV002111,Rabia Mengal,42101-9369262-2,Pervez Mengal,1985-12-25,1,Dubai,Karachi
TRV000259,Javid Marwat,61101-1509973-5,Mohammed Sohel Marwat,,4,Doha; Bangkok; Dubai; London,Islamabad
TRV002912,Hussein Tarar,,Salman Tarar,,4,London; Jeddah; Istanbul; Doha,Lahore
TRV000781,M. Rashid Tarar,35202-8042097-3,HAROON TARAR,1972-04-01,7,Bangkok; New York; Jeddah; Toronto,Lahore
TRV002389,Tanvir Khan,6110134097109,Mubashir Khan,1980-02-12,5,London; Bangkok; Jeddah; Toronto,Islamabad
TRV000859,Muhammad Fawad Wattoo,,Javed Wattoo,1995-08-03,6,Doha; Jeddah; Dubai; Istanbul,Faisalabad
TRV001933,Noman Butt,,Mohd Tanveer Butt,1995-01-03,2,Jeddah; Kuala Lumpur,Rawalpindi
TRV002404,Sajid Memon,,Muhammad Imran Memon,1971-10-09,2,Jeddah; Kuala Lumpur,Faisalabad
TRV000962,Mohammed Asif Janjua,,,1997-08-25,1,New York,Lahore
TRV002937,M. Sohail Paracha,36302-7069866-3,Haji Mohd Qasim Paracha,1968-03-23,7,Istanbul; Toronto; Doha; Kuala Lumpur,Multan
TRV000764,Mahnoor Memon,33100-4650071-4,,1987-09-19,3,Dubai; Doha; Toronto,Faisalabad
TRV002712,SUFYAN ARAIN,36302-4238582-3,Anwar Arain,1958-04-10,3,Bangkok; Kuala Lumpur; New York,Multan
TRV002321,Liaquat Chaudhary,34101-7969063-4,Shahid Chohan,1969-09-14,7,Bangkok; Kuala Lumpur; Doha; Jeddah,Gujranwala
TRV000456,Faiza Lodhi,33100-3928367-5,M. Jahangir Lodhi,1994-01-08,6,Kuala Lumpur; Jeddah; New York; Baku,Faisalabad
TRV000462,Aleena Wattoo,,Muhammad Asif Wattoo,1979-04-01,5,Toronto; Bangkok; Dubai; Istanbul,Islamabad
TRV002738,Areeba Qureshi,4210176199226,Muhammed Asad Qureshi,1987-01-25,2,London; Istanbul,Karachi
TRV002651,Sohail Dar,35202-4913493-2,Muhammad Karim Dar,1954-02-27,1,Kuala Lumpur,Lahore
TRV000381,Zafar Sial,,Mohammad Karim Sial,1999-09-09,2,Bangkok; Doha,Faisalabad
TRV001411,Farah Akhtar,61101-4946189-4,Shahzad Akhtar,1995-01-24,8,Baku; Istanbul; London; Bangkok,Islamabad
TRV000949,Muhammad Tanvveer Marwat,42101-4298923-9,Mohammad Zeeshan Maarwat,1971-10-02,5,Kuala Lumpur; New York; Jeddah; London,Karachi
TRV000964,Umar Sandhu,1730110902551,,1983-04-23,3,Baku; Bangkok; New York,Peshawar
TRV002732,Uzma Bibi,,Nawaz Durrani,1990-05-22,1,Jeddah,Karachi
TRV002978,Saadia Kakar,,Owais Kakar,1954-06-25,7,Baku; Bangkok; Doha; New York,Karachi
TRV002769,Mehmood Malik,35202-6963503-7,,1953-02-11,4,London; Kuala Lumpur; Toronto; Baku,Lahore
TRV002608,Muhammed Abdullah Bhatti,,Muhammad Zahid Bhatti,1978-05-10,8,Bangkok; Toronto; New York; Baku,Islamabad
TRV002194,Tariq Shiekh,6110166346401,M. Akram Sheikh,1968-09-18,5,Toronto; London; Kuala Lumpur; Bangkok,Islamabad
TRV002647,Abida Raja,42101-6000357-6,AKRAM RAJA,1978-06-22,4,London; Doha; Jeddah; Kuala Lumpur,Karachi
TRV002854,Javeria Begum,,Ali Mengal,1988-12-17,6,Doha; Jeddah; Toronto; Dubai,Rawalpindi
TRV000999,Faiza Gondal,37405-9923382-5,MOHAMMAD ZEESHAN GONDAL,1983-05-06,1,Jeddah,Rawalpindi
TRV001406,NOOR MENGAL,3310016994524,Usama Mengal,1988-03-26,1,Bangkok,Faisalabad
TRV002356,MOHD FAWAD MENGAL,3520256834972,Muhammad Fawad Mengal,1991-12-12,3,London; Jeddah; Baku,Lahore
TRV002283,Rasheed Dar,61101-4063495-2,,1989-05-08,6,Dubai; Doha; Jeddah; Bangkok,Islamabad
TRV000857,Komal Sandhu,33100-8890908-1,Muhammad Kamran Sandhu,1998-06-05,5,Toronto; Doha; Jeddah; Kuala Lumpur,Faisalabad
TRV002178,Mohammed Asif Warraich,1730166174691,MUHAMMED NOMAN WARRAICH,1977-06-14,7,Toronto; Bangkok; Dubai; Kuala Lumpur,Peshawar
TRV000542,Mehwish Lodhi,36302-6561590-9,Mubashir Lodhi,1964-10-21,8,Kuala Lumpur; Jeddah; London; Dubai,Multan
TRV002739,Riyaz Khokhar,35202-1910874-6,Muhammad Qasim Khokhar,1958-02-15,8,Istanbul; Dubai; Toronto; New York,Lahore
TRV001251,Raiba Bibi,61101-3594369-7,Shahzad Dar,1966-01-12,5,Istanbul; Doha; Bangkok; Kuala Lumpur,Islamabad
TRV001584,Noor Khokhar,17301-5714665-4,Mian Saad Khokhar,1989-01-18,2,Jeddah; Doha,Peshawar
TRV001760,Muhammad Mubashir Sial,42101-8388780-6,Rehan Sial,,7,Baku; Istanbul; New York; Kuala Lumpur,Karachi
TRV001263,Hasan Khokhar,3520268265571,Muhammed Ghulam Khokhar,1950-09-26,8,Bangkok; Dubai; Kuala Lumpur; Jeddah,Lahore
TRV002417,Nida Bhatti,,M. Jahangir Bhatti,,4,Istanbul; New York; Doha; Jeddah,Karachi
TRV000845,BILAWAL MENGAL,,Dr. Zeeshan Mengal,1991-07-13,3,London; Toronto; Bangkok,Lahore
TRV001575,Mariam Shah,5440037796326,Dr. Yousuf Shah,1995-09-09,1,Jeddah,Quetta
TRV001360,Mohd Mansoor Cheema,,Mr. Aamir Cheema,1952-09-01,3,Toronto; Kuala Lumpur; London,Lahore
TRV002890,Shafique Tareen,,Mohd Faraz Tareen,1991-02-21,1,New York,Lahore
TRV001688,Frahan Sheikh,,Kashif Sh.,1970-08-02,6,Istanbul; Kuala Lumpur; Dubai; London,Multan
TRV001591,Sidra Satti,,Fahad Satti,1973-05-02,3,Dubai; Istanbul; Bangkok,Islamabad
TRV002416,Mazhar Abbas,,Mohammed Mansoor Abbas,1983-11-15,5,Dubai; New York; Baku; Doha,Karachi
TRV002290,Ramsha Bibi,42101-7847457-5,Rizwan Siddiqui,,8,New York; Jeddah; Dubai; Bangkok,Karachi
TRV002119,Iqra Bibi,,,1968-12-12,2,Toronto; Jeddah,Hyderabad
TRV000435,Muhammad Bilawal Kazmi,,M. Younis Kazmi,1961-09-28,3,New York; Bangkok; Toronto,Sialkot
TRV002984,Saba Tareen,,Mohd Sohail Tareen,1952-12-06,8,New York; Toronto; Istanbul; Doha,Karachi
TRV000237,Muhammad Aamir Sial,,,1973-12-04,6,New York; Bangkok; London; Toronto,Lahore
TRV002682,Salman Akhtar,,Sajid Akhtar,1958-11-25,2,Kuala Lumpur; Istanbul,Lahore
TRV000109,Ramsha Yusufzai,,Mansoor Yusufzai,1976-07-17,2,Jeddah; Baku,Karachi
TRV002053,Mohammad Sohel Akhtar,61101-4487847-6,,1997-01-02,5,Baku; London; Istanbul; Kuala Lumpur,Islamabad
TRV000163,Farah Wattoo,3410127030605,Aamir Wattoo,1999-02-25,3,Bangkok; New York; Dubai,Gujranwala
TRV000288,Muhammad Aamir Magsi,,,1998-09-04,7,Dubai; Istanbul; Kuala Lumpur; Baku,Multan
TRV000252,Ibrahim Naqvi,,Muhammed Junaid Naqvi,1994-06-24,8,Baku; London; Dubai; Kuala Lumpur,Rawalpindi
TRV002493,M. Mehmud Niazi,,Muhammed Danish Niazi,1952-01-25,1,Toronto,Islamabad
TRV002684,Sadia Memon,,Muhammad Ibrahim Memon,1952-09-20,6,Jeddah; Istanbul; Dubai; Baku,Hyderabad
TRV002948,Ashraf Mirza,,Kashif Mirza,1964-10-17,4,London; Baku; Kuala Lumpur; Doha,Rawalpindi
TRV001001,Zeeshan Kayani,34101-5134518-6,Riaz Kayani,1971-02-07,1,Istanbul,Gujranwala
TRV000809,Mian Muhammad Bashir Gillani,,Muhammed Haroon Gilani,1993-08-24,6,Jeddah; Dubai; Istanbul; Kuala Lumpur,Faisalabad
TRV001196,Muhammad Rehan Kakar,42101-3207084-3,MUHAMMAD ADNAN KAKAR,1963-12-18,7,Doha; Kuala Lumpur; Jeddah; Bangkok,Karachi
TRV002763,Farhan Hamdani,,,1994-09-04,8,Dubai; Istanbul; Bangkok; Toronto,Karachi
TRV002329,Amna Afridi,35202-4025894-9,,1969-10-23,6,Toronto; Istanbul; New York; Jeddah,Lahore
TRV002607,Komal Abbasi,,Anwar Abbasi,1951-09-14,4,Baku; London; Istanbul; Toronto,Peshawar
TRV002614,Laiba Bhutto,,M. Jahangir Bhutto,1959-06-06,7,London; Kuala Lumpur; New York; Dubai,Lahore
TRV002369,Muhammad Bilawal Mughal,,Muhammed Mehmud Mughal,1967-09-23,4,Jeddah; New York; London; Bangkok,Gujranwala
TRV002440,Abida Kakaar,,M. Asif Kakar,1950-02-18,8,Toronto; Bangkok; London; Doha,Hyderabad
TRV002144,M. Sufyan Cheema,3460338651695,Mr. Muhammad Mazhar Cheema,1972-09-07,5,Doha; Dubai; Baku; Istanbul,Sialkot
TRV002396,Zubaida Jamali,,Zobair Jamali,1992-09-16,6,Jeddah; Bangkok; Kuala Lumpur; Istanbul,Karachi
TRV000461,Mohammed Karim Awan,35202-2305417-5,Mohd Ahmed Awan,1984-06-19,8,Dubai; Jeddah; Toronto; London,Lahore
TRV001025,Ayesha Bibi,,Pervez Kakar,1977-08-18,3,Doha; Baku; Bangkok,Rawalpindi
TRV001431,Hamid Ansari,42101-7929688-4,Muhammad Bashir Ansari,1965-01-10,5,Kuala Lumpur; Bangkok; Toronto; Istanbul,Karachi
TRV000157,Nida Durrani,,M. Aamir Durrani,1970-10-26,8,Kuala Lumpur; New York; Jeddah; Istanbul,Karachi
TRV002204,Ghulam Baig,6110139893073,Muhammad Asad Baig,1961-03-18,4,London; Istanbul; Baku; New York,Islamabad
TRV001613,Muhammad Ali Hamdani,34603-6239293-1,Shoaib Hamdani,1974-08-16,2,Doha; Kuala Lumpur,Sialkot
TRV000677,Mian Saeed Tarar,31202-6832076-2,Mohammad Sohail Tarar,1996-12-19,5,Bangkok; Dubai; Jeddah; Doha,Bahawalpur
TRV001674,Dr. Ghulamm Gondal,,,1982-02-20,6,Baku; Kuala Lumpur; Toronto; London,Gujranwala
TRV001616,M. SHAHID KAYANI,33100-1549273-5,Noman Kayani,1991-07-07,8,Dubai; Kuala Lumpur; Jeddah; London,Faisalabad
TRV000238,Ibrahim Cheema,4210181317662,M. Noman Cheema,1956-04-02,7,Bangkok; Doha; Istanbul; Jeddah,Karachi
TRV000783,Muhammad Moin Akhtar,,Dr. Pervez Akhtar,1959-03-14,5,New York; Bangkok; Toronto; Baku,Lahore
TRV001271,Said Afridi,61101-7655146-2,Zafar Afridi,2000-01-18,1,Baku,Islamabad
TRV002661,Aleena Rizvi,,Mudassar Rizvi,1979-05-12,1,Kuala Lumpur,Gujranwala
TRV000100,Tahirah Geelani,,,1965-02-24,7,Baku; Istanbul; Dubai; Kuala Lumpur,Karachi
TRV000315,Zoya Bhutto,35202-7865353-9,,1981-04-10,2,Dubai; Kuala Lumpur,Lahore
TRV000810,Asma Kayani,31202-1340303-7,Haji Muhammad Hamid Kayani,1983-05-08,3,Bangkok; Baku; Jeddah,Bahawalpur
TRV001088,Engr. Mohammad Nawaz Kazmi,,,1994-04-13,6,Kuala Lumpur; Dubai; Toronto; Baku,Rawalpindi
TRV001385,Ahmed Mirza,,Mohammed Uthman Mirza,1993-05-04,1,Bangkok,Multan
TRV001334,Fariha Khattak,3740519748656,M. Islam Khattak,1959-06-19,7,Kuala Lumpur; Baku; New York; Bangkok,Rawalpindi
TRV000261,Ayesha Ansari,35202-2778740-7,Salman Ansari,1967-11-25,7,Baku; Bangkok; London; Istanbul,Lahore
TRV000790,Husain Khokhar,4210135754807,Qasem Khokhar,1987-06-10,6,Toronto; Bangkok; New York; London,Karachi
TRV001675,Bilawal Bhutto,37405-6065102-2,,1961-06-13,2,Istanbul; New York,Rawalpindi
TRV000195,Talha Rizvi,,Zobair Rizvi,1968-07-25,3,Jeddah; Toronto; Kuala Lumpur,Islamabad
TRV001770,Bilal Tareen,3740581435841,Iqbal Tareen,1970-04-06,8,Dubai; Kuala Lumpur; Istanbul; Baku,Rawalpindi
TRV001611,Nazia Wattoo,,MOHD NAWAZ WATTOO,1984-02-02,8,New York; Baku; Toronto; Jeddah,Quetta
TRV001730,Shagufta Begum,35202-6290650-5,Liaquat Kayani,1954-04-08,3,London; Kuala Lumpur; Jeddah,Lahore
TRV000179,Moin Raja,,Muhammed Younis Raja,1984-09-13,3,Istanbul; New York; Kuala Lumpur,Karachi
TRV002313,Muhammad Naveed Khattak,,Faraz Khattak,1998-04-02,1,Kuala Lumpur,Sialkot
TRV000340,Muhammed Asif Mughal,,Zahid Mughal,1968-07-08,1,London,Lahore
TRV001812,Nawaz Bhatti,61101-2450556-5,Nawaz Bhatti,1971-04-01,7,Dubai; New York; Toronto; Doha,Islamabad
TRV001161,Farhan Begg,,Mohammed Usama Baig,1960-09-06,2,Toronto; New York,Peshawar
TRV000748,M. Usama Niazi,,,1963-08-06,6,Istanbul; Dubai; Toronto; London,Gujranwala
TRV001435,MEHWISH NAQVI,37405-2720003-5,,1958-03-02,2,Doha; London,Rawalpindi
TRV000662,Salman Awan,,Waleed Awan,1972-12-17,1,Bangkok,Karachi
TRV000480,Mohammad Mansoor Jutt,,,,5,London; Dubai; Jeddah; Bangkok,Karachi
TRV002985,Sidra Warraich,17301-3383227-1,,1958-01-06,2,Baku; Istanbul,Peshawar
TRV002893,Aysha Jamali,,Mohammad Ayaz Jamali,1969-10-07,4,Bangkok; Toronto; Istanbul; New York,Rawalpindi
TRV002436,Muhammad Adnan Bhatti,42101-5083761-1,Muhammed Said Bhatti,1992-02-11,2,Baku; Jeddah,Karachi
TRV002431,Saba Kakar,61101-1846900-7,Karim Kakar,1984-02-07,1,London,Islamabad
TRV002044,Javed Jamali,6110193029538,Muhammed Ismail Jamali,1991-12-23,7,Toronto; Bangkok; Kuala Lumpur; Jeddah,Islamabad
TRV001125,Muhammad Yasir Marwat,,,1971-05-20,1,Doha,Lahore
TRV002704,Aamir Siddiqui,35202-8729532-1,Ibrahim Siddiqui,1958-12-05,5,Baku; Jeddah; Doha; Kuala Lumpur,Lahore
TRV000742,Muhammad Zubair Malik,3120262287266,Dr. Tariq Malik,1955-04-05,3,Dubai; Toronto; Bangkok,Bahawalpur
TRV002411,Taimur Gondal,,Muhammad Ibrahim Gondal,1952-07-17,6,Bangkok; Dubai; London; Istanbul,Multan
TRV002086,Mohd Kashif Cheema,6110136422069,Sufyan Cheema,1972-01-12,8,London; Dubai; Kuala Lumpur; Bangkok,Islamabad
TRV001744,Mohammed Youis Butt,42101-3663497-3,Muhammad Rafiq Butt,,4,London; Istanbul; Dubai; Kuala Lumpur,Karachi
TRV001738,Muhammad Farhan Arain,37405-8097405-1,Muhammad Jahangir Arain,1955-07-13,8,Jeddah; Baku; Dubai; Bangkok,Rawalpindi
TRV001904,M. Rehan Memon,37405-5741424-7,Mohd Mubashir Memon,1962-10-11,8,London; Doha; Istanbul; Bangkok,Rawalpindi
TRV000785,Muhammad Faisal Bajwa,42101-2966266-5,Feisal Bajwa,1997-04-18,3,Kuala Lumpur; Jeddah; Dubai,Karachi
TRV002118,Pervez Virk,61101-4652589-1,Yasir Virk,1976-12-19,8,New York; Toronto; Istanbul; Dubai,Islamabad
TRV002392,Mishal Malik,,Mian Khalid Malik,1959-04-19,7,Doha; Dubai; London; New York,Islamabad
TRV000247,Nawaz Gilani,,Muhammed Tariq Glani,,8,New York; Doha; Dubai; London,Lahore
TRV001502,Bushra Ch.,,,1997-08-24,7,Toronto; Jeddah; Dubai; Doha,Rawalpindi
TRV002648,Owais Gondal,35202-7518833-8,Mohammad Asif Gondal,1954-08-17,2,New York; Doha,Lahore
TRV002716,Zeeshan Mengal,35202-9671989-3,Saied Mengal,,5,Toronto; Dubai; Baku; London,Lahore
TRV000626,Muhammad Abid Awan,,MUHAMMAD TANVIR AWAN,1960-10-21,6,Bangkok; Istanbul; Jeddah; Baku,Rawalpindi
TRV000347,Qasim Gilani,42101-2528343-1,Suhail Gilani,1995-08-01,5,Baku; Bangkok; New York; Dubai,Karachi
TRV000278,Muhammad Javed Khokhar,,Shafiq Khokhar,1984-07-01,1,Istanbul,Lahore
TRV001778,Younis Kakar,33100-6321112-2,,1988-01-08,8,Toronto; London; Baku; Doha,Faisalabad
TRV002276,Kamran Bhatti,17301-4105631-9,Muhammad Rehan Bhatti,1969-09-22,5,Kuala Lumpur; Toronto; London; Dubai,Peshawar
TRV000655,Kashif Siddiqui,33100-6938081-3,Sajid Sidiqui,,3,London; Baku; Dubai,Faisalabad
TRV002628,Mohammed Bashir Wattoo,,Mohammed Karim Wattoo,1961-01-16,2,Istanbul; Toronto,Bahawalpur
TRV001867,M. Jamil Durrani,,Pervez Durrani,1966-06-24,4,Dubai; Toronto; Baku; Istanbul,Karachi
TRV002620,Bilal Hamdani,35202-4305149-6,Karim Hamdani,1953-05-05,2,Bangkok; Doha,Lahore
TRV002584,Lubna Tarar,,Bilawal Tarar,1961-06-13,2,Dubai; Istanbul,Islamabad
TRV001090,Muhammad Taimur Jutt,,Rashid Jutt,1959-11-12,5,Bangkok; Dubai; Baku; Istanbul,Quetta
TRV002633,Mian Muhammad Ayaz Virk,,M. Fawad Virk,1957-05-28,5,Bangkok; Baku; Toronto; London,Sialkot
TRV001813,Muhammad Qsem Kayani,,Mian Mhammed Bilal Kayani,1982-01-17,6,Dubai; Bangkok; Doha; New York,Peshawar
TRV002028,Haroon Paracha,17301-5250372-3,Muhammmad Sufyan Paracha,1957-10-06,7,Baku; New York; Bangkok; Jeddah,Peshawar
TRV000445,Muhammad Rizwan Beg,3740545549478,Kashif Baig,1992-12-26,7,Kuala Lumpur; New York; Jeddah; Bangkok,Rawalpindi
TRV000617,Rashid Gujjar,,Irfan Gujjar,1995-07-11,6,Doha; Dubai; London; Jeddah,Rawalpindi
TRV002402,Shahzad Cheema,,Pervez Cheema,1952-01-23,2,Baku; Dubai,Karachi
TRV002090,Sidra Tarar,3740571017615,Mian Muhammad Sajid Tarar,1950-05-27,5,Toronto; Baku; Dubai; London,Rawalpindi
TRV002413,Rafique Hashmi,4130437113644,Mian Mohd Islam Hashmi,1984-11-17,7,Dubai; Jeddah; Bangkok; New York,Hyderabad
TRV001979,Nida Yousafzai,35202-4114944-9,Muhammad Liaquat Yousafzai,1965-01-11,8,Kuala Lumpur; New York; Baku; Jeddah,Lahore
TRV001557,Mubahsir Mughal,54400-8754852-2,Fawad Mughal,2000-10-19,1,London,Quetta
TRV002548,Hussain Khan,,,,6,London; Dubai; Toronto; Doha,Multan
TRV000547,Saba Kazmi,,FAISAL KAZMI,1953-09-27,4,Jeddah; Toronto; New York; Bangkok,Rawalpindi
TRV001769,Muhammad Fawad Gondal,17301-5611214-2,,1979-03-18,5,New York; Bangkok; Dubai; London,Peshawar
TRV002176,Ayaz Durrani,,Muhammad Akram Durrani,2000-08-24,7,Bangkok; New York; Dubai; Toronto,Lahore
TRV000263,Sajid Tarar,,Jahangir Tarar,1991-01-21,3,Toronto; London; New York,Karachi
TRV001242,Rida Bhatti,,Muhammed Sufyan Bhatti,1977-07-28,1,Baku,Gujranwala
TRV002349,Riaz Afridi,35202-1122189-2,Mohammad Aamir Afridi,1964-09-19,4,Dubai; New York; Jeddah; Kuala Lumpur,Lahore
TRV002258,Laiba Begum,33100-7890499-1,M. Zeeshan Gujjar,1973-11-23,8,Jeddah; Doha; Dubai; Istanbul,Faisalabad
TRV000353,Mansoor Gilani,4210169671407,M. Akram Geelani,1956-09-15,5,Doha; Dubai; Bangkok; Toronto,Karachi
TRV002995,Kiran Qureshi,3740550222645,Muhammad Zeeshan Qureshi,1958-02-02,1,Doha,Rawalpindi
TRV000208,Faiza Bibi,33100-5523795-7,Muhammed Shahzad Khokhar,,8,Istanbul; New York; Bangkok; Dubai,Faisalabad
TRV000613,TARIQ BHATTI,35202-8012005-8,Muhammed Rizwan Bhatti,1960-10-15,6,Toronto; Bangkok; Dubai; New York,Lahore
TRV000862,Aiman Gilani,,Muhammad Rashid Gilani,1955-03-25,4,Bangkok; Doha; Dubai; London,Hyderabad
TRV000927,Muhammed Adnan Jamali,,Shahid Jamali,1974-05-01,4,London; New York; Toronto; Kuala Lumpur,Gujranwala
TRV001494,Dr. Mehmud Wattoo,37405-5646375-1,Akram Wattoo,1969-01-18,3,Toronto; Jeddah; Kuala Lumpur,Rawalpindi
TRV002307,Ramsha Sial,35202-7340344-2,Aslam Sial,1982-12-02,3,Dubai; Bangkok; New York,Lahore
TRV001746,Sanna Memon,42101-1766957-7,Mohd Farhan Memon,1985-09-19,5,Jeddah; New York; Istanbul; Kuala Lumpur,Karachi
TRV001497,Iqbal Baig,42101-6638240-7,Zeeshan Baig,1981-01-14,4,Toronto; Istanbul; Doha; New York,Karachi
TRV000057,Muhammad Aamir Baig,35202-5061034-5,Jaevd Baig,1997-04-27,1,Toronto,Lahore
TRV001397,Muuhammad Rashid Abbasi,,Rizwan Abbasi,1959-12-03,5,Kuala Lumpur; Doha; Dubai; Baku,Karachi
TRV000811,Liaquat Kakar,,Kareem Kakar,1971-11-08,3,London; Istanbul; Kuala Lumpur,Islamabad
TRV002189,M. Islam Rajput,,Muhammad Waqar Rajput,1950-10-04,5,Jeddah; Istanbul; Doha; London,Karachi
TRV000561,Komal Hashmi,3630242335213,Mohammed Irfan Hashmi,1981-02-22,8,Baku; Toronto; Bangkok; London,Multan
TRV002042,Mohammad Nawaz Warraich,,Muhammad Aamir Warraich,1950-11-11,6,London; Bangkok; Doha; Dubai,Karachi
TRV000229,Warda Soomro,35202-7726711-4,Muhammad Arif Soomro,1996-04-26,6,Doha; Baku; Istanbul; Bangkok,Lahore
TRV002505,Anika Abbas,37405-7579045-6,Muhammad Yousuf Abbas,1999-05-09,2,Dubai; Baku,Rawalpindi
TRV001717,Mohammed Shahid Rizvi,,Mohammed Adnan Rizvi,1965-05-03,5,Kuala Lumpur; New York; Istanbul; Bangkok,Lahore
TRV001237,Shahzad Gondal,,Salman Gondal,1982-02-22,5,Toronto; Kuala Lumpur; Dubai; London,Karachi
TRV000965,Sana Begum,,Imran Khokhar,1981-09-27,1,Bangkok,Hyderabad
TRV001230,Ahmed Gondal,,Muhammad Umar Gondal,1997-08-10,7,London; Kuala Lumpur; Doha; Istanbul,Hyderabad
TRV001659,Zubaida Mengal,42101-4502052-7,,1958-11-04,4,Toronto; London; Bangkok; Baku,Karachi
TRV002792,Osman Tarar,5440014739778,Imran Tarar,1953-01-14,4,New York; Kuala Lumpur; London; Toronto,Quetta
TRV001442,Naveed Durrani,,Abdullah Durrani,1997-04-14,4,Baku; New York; Toronto; Jeddah,Sialkot
TRV002229,Mohd Fawad Durrani,37405-4585665-3,Kashif Durrani,1992-12-09,1,New York,Rawalpindi
TRV000707,Sufyan Begg,,Muhammad Anwar Beg,1970-12-10,3,Bangkok; Jeddah; Baku,Islamabad
TRV000424,MOHAMMED RAFIQUE KAKAR,,Zeeshan Kakar,1970-08-27,3,Baku; Dubai; Doha,Karachi
TRV000069,Mohammed Faraz Arain,,Younis Arain,1958-01-01,4,Doha; Kuala Lumpur; Baku; Jeddah,Gujranwala
TRV002782,Bashir Kayani,17301-1842767-8,,1977-06-19,1,Istanbul,Peshawar
TRV002869,Mohammad Akram Kazmi,,Akram Kazmi,1997-04-12,2,Toronto; Istanbul,Hyderabad
TRV002959,Mohammad Tariq Abbas,35202-1704787-1,MOHAMMED YOUNIS ABBAS,1992-07-21,4,Dubai; London; Baku; Istanbul,Lahore
TRV001255,Lubna Janjua,,Mr. Bilal Janjua,1979-11-24,7,Istanbul; Dubai; Jeddah; Doha,Karachi
TRV001179,Tooba Bibi,34101-9176609-2,Mohammed Aamir Hashmi,1993-06-20,5,New York; London; Kuala Lumpur; Toronto,Gujranwala
TRV002577,Mahnoor Khattak,35202-4983769-4,Mohammed Salman Khattak,1958-12-17,1,New York,Lahore
TRV001061,Muhammad Bilal Bajwa,,Zeeshan Bajwa,1977-05-03,1,Dubai,Sialkot
TRV001609,Anika Begum,34101-7667960-9,,1978-04-06,7,London; Kuala Lumpur; Doha; Baku,Gujranwala
TRV000620,Mohd Tanvir Arain,61101-2681625-5,,1992-02-01,7,Bangkok; London; Jeddah; Toronto,Islamabad
TRV002338,M. Karim Afridi,,Zafar Afridi,1965-03-13,4,London; Istanbul; Kuala Lumpur; Jeddah,Faisalabad
TRV001192,Anwar Bajwa,4210166946887,M. Ejaz Bajwa,1959-05-05,4,New York; Kuala Lumpur; London; Toronto,Karachi
TRV001506,Tooba Malik,35202-7664232-7,Mohammad Bilal Malik,1995-02-15,8,Toronto; Istanbul; Baku; New York,Lahore
TRV002245,Muhammad Yasir Tarar,,Muhammad Waleed Tarar,1993-09-11,4,Jeddah; New York; Kuala Lumpur; Doha,Lahore
TRV001665,Mian Muhammad Qasim Raja,61101-1315205-5,Usama Raja,1971-04-11,1,Istanbul,Islamabad
TRV001289,NIMRA SOOMRO,,,1950-10-09,7,Doha; Dubai; Baku; Bangkok,Islamabad
TRV002525,Sohel Bhatti,34101-7747869-8,,1985-07-01,1,Dubai,Gujranwala
TRV002113,Triq Cheema,3120277869236,Engr. Mohd Tanveer Cheema,1973-07-07,2,Toronto; New York,Bahawalpur
TRV001391,Shabana Bibi,,Mohammed Iqbal Lodhi,1996-08-23,1,Jeddah,Rawalpindi
TRV000279,Muhammed Pervez Mughal,,Muhammad Aslam Mughal,1980-09-28,6,Toronto; New York; Doha; Jeddah,Karachi
TRV001580,M. Ayaz Soomro,34101-4880992-9,Imran Soomro,1978-09-26,3,Dubai; Baku; Istanbul,Gujranwala
TRV001731,Naveed Mengal,,,,2,Dubai; Kuala Lumpur,Rawalpindi
TRV002003,Mian Bilawal Marwat,42101-1852232-4,Hussian Marwat,1972-05-11,3,Baku; New York; Doha,Karachi
TRV000907,Mrs. Zubaida Geelani,,Mohd Khalid Gilani,1953-04-08,7,London; Bangkok; Baku; New York,Bahawalpur
TRV001644,Mubashir Satti,,Farhan Satti,1966-08-21,5,Doha; Istanbul; Bangkok; New York,Karachi
TRV000553,NimraGilani,34101-6128081-6,Mohammad Mudassar Gilani,1965-06-13,1,Istanbul,Gujranwala
TRV000834,Mst. Kiran Bibi,54400-4105153-1,,1975-10-20,7,Bangkok; Kuala Lumpur; Doha; London,Quetta
TRV001486,M. Zahid Tarar,,Yasir Tarar,1971-01-25,3,Kuala Lumpur; Jeddah; Bangkok,Islamabad
TRV000596,Mohd Pervez Malik,,Islam Malik,1976-07-04,3,Istanbul; Kuala Lumpur; Jeddah,Islamabad
TRV002379,Lubna Begum,,Iqbal Cheema,1983-09-06,1,London,Gujranwala
TRV000802,Mohd Navid Mengal,,Haji Muhammed Bilal Mengal,1968-08-10,7,Istanbul; Jeddah; Doha; New York,Islamabad
TRV002134,Hussian Bhutto,,Mohammad Shafiq Bhutto,1961-09-28,2,London; Jeddah,Lahore
TRV002981,Muhammad Mazha rLodhi,,Akram Lodhi,1951-04-18,7,Jeddah; Doha; Baku; Istanbul,Bahawalpur
TRV002715,RABIA MIRZA,35202-5149343-9,Farhan Mirza,1965-10-10,7,Doha; Toronto; Bangkok; Istanbul,Lahore
TRV000440,Mohammad Saeed Butt,,Ibrahim Butt,1983-08-17,2,Dubai; Bangkok,Multan
TRV000508,Mrs. Mehwish Durrani,3520295127641,MOHAMMED SOHAIL DURRANI,1991-01-24,3,Bangkok; Kuala Lumpur; Istanbul,Lahore
TRV000076,Muhammed Ali Yousafzai,42101-8423991-5,Muhammad Umar Yousafzai,1976-12-14,6,Baku; Doha; Jeddah; Dubai,Karachi
TRV001898,M. Kashif Ansari,,Mohd Rehan Ansari,1967-05-02,3,Toronto; New York; Jeddah,Rawalpindi
TRV000649,Amna Bibi,,Mohammad Talha Malik,1998-02-14,4,New York; Jeddah; Istanbul; Doha,Lahore
TRV000522,Mudassar Gujjar,4130428097898,,,3,Doha; Jeddah; London,Hyderabad
TRV002024,Maira Bhatti,,Ejaz Bhatti,1963-05-28,3,Dubai; Jeddah; London,Karachi
TRV002857,Zainab Durrani,37405-4689937-1,Youusuf Durrani,1997-08-27,1,Dubai,Rawalpindi
TRV001694,Ghulam Gujjar,35202-7793352-4,,1970-07-15,7,Bangkok; Dubai; Istanbul; Baku,Lahore
TRV000654,Zoya Zaidi,3740587098113,Bilal Zaidi,,4,Dubai; Baku; Bangkok; London,Rawalpindi
TRV002390,M. MUBASHIR MARWAT,3520229683725,Shafiq Marwat,1995-04-13,8,Dubai; Doha; Baku; Istanbul,Lahore
TRV002757,Moin Mughal,42101-6115742-4,Muhammad Waleed Mughal,1976-01-28,4,Kuala Lumpur; Jeddah; Bangkok; Toronto,Karachi
TRV002451,Muhammad Hasan Niazi,34101-3070320-5,Nadeem Niazi,1973-09-10,8,Toronto; Baku; Kuala Lumpur; New York,Gujranwala
TRV001825,Komal Mengal,,Muhammad Mudassar Mengal,1983-01-14,4,Toronto; Kuala Lumpur; London; Dubai,Karachi
TRV000630,Ejaz Butt,35202-7555625-4,Mohd Talha Butt,1963-02-07,3,Bangkok; New York; Toronto,Lahore
TRV002531,Fariha Kakar,42101-6315633-3,Muhammad Ibrahim Kakar,1994-01-25,6,Doha; Toronto; New York; Jeddah,Karachi
TRV001503,Mrs. Mahnoor Khan,,Mhd Shahid Khan,1978-08-12,7,Jeddah; Baku; Istanbul; New York,Karachi
TRV002447,Ramsha Virk,,Muhammad Waleed Virk,1962-12-03,6,Kuala Lumpur; Jeddah; New York; Istanbul,Rawalpindi
TRV000482,Yousuf Akhtar,,,1985-07-26,8,Baku; Toronto; Bangkok; London,Quetta
TRV001921,Waseem Rajput,,Mohammad Mansoor Rajput,1985-12-07,4,New York; Kuala Lumpur; Doha; Dubai,Lahore
TRV002438,Moin Sandhu,1730122587635,Umar Sandhu,1995-02-13,5,Doha; London; Istanbul; Jeddah,Peshawar
TRV002621,Karim Khan,,Mohd Shahid Khan,1978-08-15,6,Kuala Lumpur; Dubai; London; Jeddah,Islamabad
TRV001084,Muhammad Fahad Durrani,,Rizwan Durrani,1954-10-05,8,Dubai; Baku; London; Istanbul,Islamabad
TRV000438,Uzma Yousafzai,,,1952-04-28,1,London,Karachi
TRV001713,MUHAMMAD KHALED JAMALI,,Faraz Jamali,1954-09-26,8,Toronto; London; Dubai; Kuala Lumpur,Lahore
TRV001536,Zubayr Rajput,33100-4756633-9,,1990-02-12,6,Kuala Lumpur; Bangkok; Dubai; London,Faisalabad
TRV000856,Mohd Waleed Mirza,34101-9239384-3,,1969-08-26,3,Kuala Lumpur; Dubai; Jeddah,Gujranwala
TRV001977,Fawad Rajput,42101-7760473-5,YOUSUF RAJPUT,1975-07-27,6,Baku; Jeddah; Doha; New York,Karachi
TRV000166,Talha Mengal,42101-8012366-4,Moin Mengal,1975-06-07,8,London; Jeddah; Bangkok; Doha,Karachi
TRV000059,Muadssar Bhatti,3410115815465,Shoib Bhatti,1996-09-05,1,Kuala Lumpur,Gujranwala
TRV000611,Muhammed Tariq Malik,,RAZA MALIK,1973-12-10,7,Toronto; New York; Dubai; Jeddah,Lahore
TRV000530,Riaz Hashmi,34603-5675089-9,,1966-09-09,5,Toronto; Istanbul; New York; Kuala Lumpur,Sialkot
TRV001703,Shagufta Bibi,31202-2509275-4,Haroon Tarar,1975-11-11,4,Dubai; Doha; Kuala Lumpur; Toronto,Bahawalpur
TRV000049,Bushra Siddiqui,,Mohammad Yasir Siddiui,1976-11-19,6,Doha; Baku; Istanbul; London,Hyderabad
TRV001477,Mohd Sufyan Abbasi,3520279479414,Ashraf Abbasi,1980-02-06,6,London; Dubai; Jeddah; New York,Lahore
TRV002655,Mohammad Javaid Khokhar,,Hammad Khkohar,2000-09-28,4,Dubai; Bangkok; New York; Istanbul,Rawalpindi
TRV000858,M. Waseem Gilani,42101-6633270-1,RAFIQ GILLANI,1973-04-22,3,Kuala Lumpur; Dubai; Bangkok,Karachi
TRV001010,Tahira Raja,37405-4151783-2,Imran Raja,1985-06-19,7,Toronto; Jeddah; Baku; Doha,Rawalpindi
TRV000048,Hina Cheema,17301-6569576-9,Fawad Cheema,1979-08-23,6,Jeddah; Dubai; London; Istanbul,Peshawar
TRV000719,Muhammad Talha Akhtar,,Mohammad Saad Akhtar,1976-07-15,2,New York; Istanbul,Gujranwala
TRV002477,Arif Afridi,,Zubair Afridi,1994-02-07,2,Kuala Lumpur; Bangkok,Karachi
TRV001273,M.A li Ansari,,Mohd Kashif Ansari,1970-11-07,3,Dubai; Baku; Toronto,Rawalpindi
TRV002242,Mohd Jahangir Magsi,4210194234658,Rashid Magsi,1957-09-20,3,Toronto; Istanbul; Kuala Lumpur,Karachi
TRV002426,Noman Jamali,,Mohammed Ashraf Jamali,1995-05-20,6,Jeddah; Baku; Toronto; New York,Islamabad
TRV000632,Hina Bibi,3740534792597,Mohammed Shahzad Gillani,1984-02-08,4,Doha; Jeddah; Bangkok; Kuala Lumpur,Rawalpindi
TRV001475,RIZWAN LODHI,3520290702331,Mohammad MMansoor Lodhi,1974-06-02,1,Baku,Lahore
TRV002215,Talha Niazi,17301-8037761-4,Adnan Niazi,,7,Jeddah; New York; Bangkok; Doha,Peshawar
TRV000978,Mohammed Waleed Jutt,,Mohammad Shahzad Jutt,1971-12-01,6,Bangkok; London; Istanbul; Doha,Sialkot
TRV001402,Mohammed Aslam Hashmi,33100-6631942-5,Shahid Hashmi,1971-05-24,1,Istanbul,Faisalabad
TRV000025,Moohammed Naveed Cheema,,Mohammed Shahid Cheema,1982-01-05,5,Kuala Lumpur; New York; Toronto; Baku,Sialkot
TRV001801,Younis Jutt,42101-7309829-8,Abid Jutt,1950-02-14,8,Istanbul; Toronto; Dubai; Doha,Karachi
TRV000219,MEHMOOD KHAN,17301-6108877-2,Adnan Khan,1977-10-13,4,Baku; New York; Bangkok; Dubai,Peshawar
TRV001278,M. Ayaz Bhutto,6110187267452,Ismail Bhutto,1980-02-11,3,New York; Toronto; Kuala Lumpur,Islamabad
TRV000276,Mr. Muhammad Wasim Niazi,,Iqbal Niazi,1967-07-06,3,Kuala Lumpur; Istanbul; London,Lahore
TRV002154,Ejaz Mengal,,Hussain Mengal,1980-01-18,7,Jeddah; Baku; New York; Toronto,Karachi
TRV001241,Sajid Abbas,3740558058112,Moin Abbas,1996-03-07,1,Bangkok,Rawalpindi
TRV001231,Mst. Zaynab Bibi,3520280541885,Farhan Malik,1979-02-08,1,Toronto,Lahore
TRV002830,Muhammed Iqbal Bhutto,34101-1908380-3,Mohammed Zubair Bhutto,1971-03-05,4,Dubai; Jeddah; Doha; Baku,Gujranwala
TRV002029,Robina Magsi,36302-8303220-2,Haji Mohammad Talha Magsi,1980-05-22,3,New York; Jeddah; Kuala Lumpur,Multan
TRV002137,Aiman Janjua,,Younis Janjua,1981-07-25,5,New York; Bangkok; Jeddah; Baku,Faisalabad
TRV000361,Bushra Tareen,,Muhammad Abid Tareen,,4,Istanbul; London; Dubai; Baku,Islamabad
TRV001195,Bilal Zaidi,41304-6820160-7,Ibrahim Zaidi,1999-09-01,6,Dubai; Toronto; Kuala Lumpur; London,Hyderabad
TRV001538,Akram Ansari,,,1964-02-22,8,New York; London; Toronto; Doha,Gujranwala
TRV001885,Asma Butt,4210147792766,Muhammed Imran Butt,1977-09-13,6,Dubai; Kuala Lumpur; New York; Baku,Karachi
TRV002330,Mansoor Durrani,54400-9769778-9,Kareem Durrani,1968-05-01,7,Dubai; Jeddah; Toronto; London,Quetta
TRV002990,Mubashir Abbasi,,Mohd Nadeem Abbasi,1986-09-06,5,Kuala Lumpur; Toronto; Istanbul; Jeddah,Multan
TRV001830,Zafar Wattoo,35202-7229166-9,,,7,Baku; New York; Toronto; Jeddah,Lahore
TRV001110,Mishal Gondal,,Muhammed Bilal Gndal,1952-05-24,7,London; Jeddah; New York; Kuala Lumpur,Islamabad
TRV002630,Muhammed Danish Sandhu,37405-7779910-6,Mohammed Anwar Sandhu,,1,New York,Rawalpindi
TRV001313,Ibrahim Qureishi,,Fawad Quraishi,,8,London; Bangkok; Baku; New York,Sialkot
TRV002837,Muhammad Wasim Tareen,42101-9029085-4,Raza Tareen,1964-12-08,3,Toronto; Baku; Doha,Karachi
TRV000297,Zoya Sheikh,33100-6541381-6,,1974-07-15,2,Dubai; Baku,Faisalabad
TRV001862,M. Imran  Paracha,,Muhammed Haroon Paracha,1994-01-26,7,Jeddah; Baku; London; Doha,Gujranwala
TRV000240,Mudassar Khokhar,3520274315851,M. Shahid Khokhar,1964-05-14,2,Toronto; Jeddah,Lahore
TRV001187,Mr. Muhammad Wasim Arain,,,1979-04-06,3,Baku; Dubai; Toronto,Faisalabad
TRV000582,Tanvir Rajput,35202-1396584-7,Mohd Sohail Rajput,1962-07-17,3,Baku; New York; Jeddah,Lahore
TRV001286,Ayaz Paracha,3630254441451,Mohammad Naveed Paracha,1975-10-15,2,Kuala Lumpur; London,Multan
TRV001453,Talha Malik,34101-2593998-6,Younis Malik,1988-02-01,7,Baku; New York; Bangkok; Istanbul,Gujranwala
TRV001330,Muhammad Waqar Wattoo,,Mohammad Rehan Wattoo,1977-05-15,4,Jeddah; Istanbul; Toronto; Bangkok,Islamabad
TRV001545,Mishal Naqvi,61101-1140356-1,Mohammad Wasim Naqvi,1963-06-27,1,Bangkok,Islamabad
TRV002285,Anika Begum,31202-4680780-7,Mohd Faraz Akhtar,1971-04-10,6,Dubai; Kuala Lumpur; Toronto; Doha,Bahawalpur
TRV000350,Tooba Jamali,,Muhammad Imran Jamali,1963-04-08,8,Dubai; Bangkok; Toronto; Jeddah,Faisalabad
TRV002741,Muhammad Sufyan Mughal,35202-9232950-4,Asif Mughal,,8,Kuala Lumpur; New York; Bangkok; Istanbul,Lahore
TRV001216,Mohd Hammad Akhtar,,Mian Tariq Akhtar,1963-05-07,7,Baku; London; Bangkok; New York,Faisalabad
TRV000349,Mohammed Irfan Gondal,42101-5271120-7,Ahmad Gondal,,6,London; Istanbul; Toronto; Kuala Lumpur,Karachi
TRV002992,Mohd Usman Dar,61101-2172185-4,,1969-07-02,6,London; Istanbul; Kuala Lumpur; New York,Islamabad
TRV001236,Tahira Kakar,,M. Rehan Kakar,,5,Doha; Bangkok; New York; London,Lahore
TRV000643,Nazia Ansari,,Ahmed Ansari,1976-05-25,6,Doha; London; Istanbul; Jeddah,Lahore
TRV001047,Zafar Khan,,,1968-01-13,5,London; Baku; Istanbul; Dubai,Islamabad
TRV000944,Talha Khan,,Ayaz Khan,1972-06-10,4,New York; Bangkok; Jeddah; Baku,Quetta
TRV001357,Muhammed Ismail Begg,34101-5522943-3,,1969-08-01,6,New York; Istanbul; Toronto; Doha,Gujranwala
TRV000657,Muhammad Talha Jamali,,Ayaz Jamali,1977-05-16,2,Kuala Lumpur; Jeddah,Lahore
TRV001909,Naveed Abbas,,Owais Abbas,1994-08-12,3,Kuala Lumpur; New York; Dubai,Faisalabad
TRV001564,Mian Mohd Zeeshan Abbasi,,Bilal Abbasi,1962-02-01,1,Kuala Lumpur,Karachi
TRV002528,Moin Memon,,Karim Memon,1991-01-26,2,Kuala Lumpur; New York,Rawalpindi
TRV002463,Muhammadd Jamil Butt,41304-6700750-2,Salman Butt,1955-07-10,2,New York; Kuala Lumpur,Hyderabad
TRV000647,Nair Lodhi,6110121836007,Fawad Lodhi,1994-01-16,7,Toronto; Istanbul; Baku; Jeddah,Islamabad
TRV001029,Bushra Bajwa,6110173954144,DANISH BAJWA,1984-09-03,8,Istanbul; Kuala Lumpur; Jeddah; Dubai,Islamabad
TRV001106,KOMAL BIBI,37405-5292100-8,Muhammed Salman Bhatti,1994-12-01,4,London; Kuala Lumpur; Dubai; Doha,Rawalpindi
TRV001965,Dr. Muhammad Rafiq Janjua,35202-3669996-5,Mr. Fahad Janjua,1994-11-19,3,Jeddah; Kuala Lumpur; Istanbul,Lahore
TRV001068,Rehan Sandhu,,,2000-11-28,2,Doha; Jeddah,Islamabad
TRV000538,Mohammed Kasim Tareen,3520258986278,Mohammad Waseem Tareen,1972-07-08,2,Kuala Lumpur; Jeddah,Lahore
TRV001044,Mohammad Iqbal Wattoo,36302-6756219-5,Mohammad Rafiq Wattoo,1950-05-23,4,Istanbul; Kuala Lumpur; Baku; Jeddah,Multan
TRV001511,Asma Hamdani,,Mohammed Zahid Hamdani,1963-01-28,7,Toronto; Baku; Dubai; London,Islamabad
TRV002371,Shafiq Janjua,3520241739894,Zobair Janjua,1968-07-24,5,London; Bangkok; Baku; Dubai,Lahore
TRV002699,M. Tariq Kazmi,4210151345776,Muhammed Shahzad Kazmi,1981-07-10,3,Bangkok; Dubai; New York,Karachi
TRV001480,Pervez Kazmi,3310013468784,Muhammad Kashif Kazmi,1972-12-13,1,Istanbul,Faisalabad
TRV001103,Rizwan Hamdani,,,1997-09-21,3,Istanbul; Kuala Lumpur; Baku,Islamabad
TRV000801,JAVED NIAZI,,Abid Niazi,1984-02-17,7,Dubai; Toronto; Jeddah; Kuala Lumpur,Lahore
TRV000786,Mansoor Rajput,17301-5142544-6,,1983-01-14,3,Doha; Jeddah; Toronto,Peshawar
TRV002866,Rabiia Wattoo,3520214318104,Muhammad Bilawal Wattoo,,7,Toronto; Istanbul; London; Kuala Lumpur,Lahore
TRV002034,Tooba Lodhi,,Omer Lodhi,,6,Dubai; Baku; Jeddah; Bangkok,Sialkot
TRV000788,Muhammed Ghulam Mirza,,,1954-12-07,8,Dubai; Doha; Bangkok; London,Multan
TRV001537,Tariq Choudhry,,Mohd Tanveer Ch.,,3,London; Jeddah; Dubai,Islamabad
TRV001041,Ramsha Jutt,4210190303344,Liaquat Jutt,1972-07-22,7,Baku; Jeddah; New York; Istanbul,Karachi
TRV002007,Javeria Hamdani,17301-7735504-2,Aamir Hamdani,1992-02-23,6,Toronto; Istanbul; New York; Dubai,Peshawar
TRV000714,Ghulam Kayani,,,1980-03-10,1,Jeddah,Peshawar
TRV000803,Muhammad Jamil Abbasi,3630259142986,Hamid Abbasi,1977-07-11,2,Toronto; New York,Multan
TRV002819,Asif Afridi,17301-7131793-5,Said Afridi,1971-11-25,8,Doha; Istanbul; New York; Jeddah,Peshawar
TRV001690,Rashid Yousafzai,42101-4903786-8,Engr. M. Karim Yousafzai,1989-05-28,4,Toronto; Jeddah; Dubai; Istanbul,Karachi
TRV000123,Nazia Abbas,,Muhammad Jahangir Abbas,1978-01-09,2,Dubai; Doha,Lahore
TRV002915,Yousuf Kkaar,34101-1597599-5,,1964-05-28,5,Bangkok; London; Jeddah; Doha,Gujranwala
TRV001817,Talha Mirza,,Muhammed Aamir Mirza,1961-03-11,2,Jeddah; Kuala Lumpur,Gujranwala
TRV001429,Umar Magsi,,Mr. Mohammad Rizwan Magsi,1987-04-01,1,London,Quetta
TRV000618,Kiran Bibi,,Adnan Raja,1987-08-28,1,Dubai,Karachi
TRV000406,Mohd Shoib RRizvi,,Engr. Muhammed Omar Rizvi,1989-12-24,1,Baku,Peshawar
TRV001323,Muhammad Zeeshan Qureshi,33100-4995867-4,Muhammed Sufyan Qureishi,1983-06-15,8,Bangkok; Dubai; New York; Jeddah,Faisalabad
TRV001064,Tahirah Chaudhary,,Haroon Chaudhry,1979-01-24,8,Bangkok; Baku; Kuala Lumpur; Jeddah,Rawalpindi
TRV002014,M. Pervez Memon,,Muhamad Nawaz Memon,1951-08-16,6,Toronto; Doha; Baku; Jeddah,Karachi
TRV001588,Shahzad Memon,34603-9287162-4,Waleed Memon,,6,London; New York; Doha; Baku,Sialkot
TRV000497,Yousuf Akhtar,,Mian Waseem Akhtar,,5,Bangkok; Dubai; Toronto; Jeddah,Hyderabad
TRV001057,Kasim Arain,,Mohammad Aamir Arain,1969-04-08,1,Dubai,Islamabad
TRV000325,Mian Muhammad Nasir Durrani,42101-6760621-5,Engr. Bilal Durrani,1999-08-27,4,New York; Kuala Lumpur; Dubai; Istanbul,Karachi
TRV000342,Mehmood Siddiqi,34101-2161062-8,Akram Siddiqui,1995-11-07,4,Bangkok; Kuala Lumpur; Doha; Dubai,Gujranwala
TRV001833,Yousuf Gujjar,6110183459907,Irfan Gujjar,1974-10-04,7,Baku; Kuala Lumpur; Bangkok; Doha,Islamabad
TRV002262,Tariq Bajwa,,MUHAMMAD OWAIS BAJWA,1954-05-02,3,Baku; New York; Jeddah,Lahore
TRV000782,Ejaz Rajput,,Waqar Rajput,1982-01-06,6,Jeddah; Kuala Lumpur; New York; Bangkok,Lahore
TRV002946,Aslam Gilani,17301-5685867-9,Saad Gilani,1991-12-03,7,Istanbul; New York; Dubai; Toronto,Peshawar
TRV000299,Muhammad Ashraf Wattoo,,Muhammad Omar Wattoo,1975-12-27,5,Baku; Jeddah; New York; Bangkok,Lahore
TRV001457,Sajid Wattoo,,Haji Muhammad Jahangir Wattoo,1990-10-20,8,Doha; New York; Baku; Bangkok,Rawalpindi
TRV002058,Ahmed Khattak,42101-4592579-8,Mohammed Shafique Khattak,1973-09-01,3,Istanbul; Bangkok; Jeddah,Karachi
TRV000303,MOHD WALEED YOUSAFZAI,,Mr. Zahid Yousafzai,,3,London; Doha; Jeddah,Rawalpindi
TRV001962,Muhammad Imran Tareen,,Shoaib Tareen,1965-01-02,6,Istanbul; Bangkok; Dubai; New York,Quetta
TRV002615,Muhammad Danish Satti,3740586982835,,1996-01-04,7,London; Toronto; Istanbul; New York,Rawalpindi
TRV001747,Tooba Soomro,,Ahmad Soomro,1971-06-24,2,Bangkok; Doha,Islamabad
TRV000664,Samina Mirza,36302-2501727-6,Bilal Mirza,1951-07-06,5,Bangkok; London; New York; Dubai,Multan
TRV002891,Nasreen Kaynai,37405-2249677-1,Mian Hassan Kayani,1968-03-27,1,Bangkok,Rawalpindi
TRV000220,Rukhsana Begum,4210152389766,M. Mazhar Butt,1984-04-01,2,Kuala Lumpur; Doha,Karachi
TRV001748,Riaz Bhutto,3410182368609,Nadeem Bhutto,1955-02-17,1,Toronto,Gujranwala
TRV001578,Riaz Abbas,,Muhammad Waqar Abbas,1991-12-28,3,Dubai; Kuala Lumpur; Jeddah,Multan
TRV001451,Muhammad Rehan Mughal,,Rehan Mughal,1959-01-24,7,Jeddah; Toronto; Dubai; Bangkok,Hyderabad
TRV000449,Muhammad Shoaib Wattoo,42101-5756014-8,Dr. Mubashir Wattoo,1967-04-08,6,Istanbul; Jeddah; Toronto; Doha,Karachi
TRV002755,Zoya Rizvi,,,1956-02-18,8,Bangkok; London; Baku; Doha,Islamabad
TRV001455,Dr. Ahmad Bhattti,37405-3578253-2,Faisal Bhatti,1990-11-08,7,Kuala Lumpur; Jeddah; Baku; Bangkok,Rawalpindi
TRV001208,Komal Kazmi,35202-6611937-9,Muhammed Usama Kazmi,1954-03-26,4,London; Toronto; Jeddah; Doha,Lahore
TRV000084,Mahnoor Kakar,,Wasim Kakar,1967-10-06,2,Toronto; Doha,Hyderabad
TRV002334,Akram Mengal,,Shahzad Mengal,1999-06-19,7,Jeddah; Doha; Kuala Lumpur; London,Lahore
TRV000776,Waqar Baig,61101-5880542-4,Muhammad Anwar Begg,1990-01-10,2,New York; Dubai,Islamabad
TRV000941,Mohammed Hussian Arain,,Dr. Muhammad Sajid Arain,1970-08-17,4,London; New York; Baku; Jeddah,Islamabad
TRV000961,Saad Mengal,,Muhammad Nadeem Mengal,1959-04-26,5,London; Doha; Istanbul; Jeddah,Karachi
TRV000841,Mohammad Kashif Kazmi,,Mohammad Nadeem Kazmi,1957-04-20,5,Baku; Doha; London; Jeddah,Gujranwala
TRV001322,Ibrahim Dar,37405-2306183-5,Zubair Dar,1969-09-16,7,Bangkok; Dubai; Baku; London,Rawalpindi
TRV002374,Dr. M. Liaquat Cheema,33100-2356770-5,,1986-05-05,5,Bangkok; Doha; Istanbul; Kuala Lumpur,Faisalabad
TRV001151,Nasir Zaidi,,Bilawal Zaidi,1959-10-19,1,Bangkok,Quetta
TRV001261,Hina Bibi,,Javed Sial,1981-02-01,7,Toronto; Istanbul; Bangkok; Doha,Karachi
TRV000290,Abid Virk,42101-4090149-1,Shoaib VVirk,1980-06-05,8,Doha; Istanbul; Bangkok; Toronto,Karachi
TRV002536,Muhammad Junaid Hamdani,,Asad Hamdani,1956-03-05,7,London; New York; Toronto; Dubai,Lahore
TRV001767,Mohd Bashir Bajwa,,Navid Bajwa,1994-04-12,7,London; Dubai; New York; Kuala Lumpur,Hyderabad
TRV000604,TARIQ HAMDANI,,,1958-03-07,4,Bangkok; Doha; Toronto; Kuala Lumpur,Bahawalpur
TRV002129,Talah Gujjar,,Muhammed Jahangir Gujjar,1983-01-13,2,Jeddah; London,Faisalabad
TRV000916,Muhammed Fahad Durrani,,Akram Durrani,1957-02-21,5,Toronto; Jeddah; Dubai; Istanbul,Sialkot
TRV001234,Farhan Sandhu,61101-9491471-1,Zeeshan aSndhu,1998-08-06,6,Doha; Baku; Dubai; Istanbul,Islamabad
TRV002153,Javed Soomro,31202-2898670-3,Nawaz Soomro,1953-09-15,7,London; New York; Baku; Jeddah,Bahawalpur
TRV002096,Fatima Dar,36302-2970660-2,Khalid Dar,1988-01-28,6,Istanbul; Baku; New York; Kuala Lumpur,Multan
TRV001283,Javid Sidiqui,37405-5657166-7,Zafar Siddiqui,1971-03-06,6,Istanbul; New York; Toronto; Jeddah,Rawalpindi
TRV000821,Mohd Arif Sandhu,,,1970-12-11,7,Bangkok; Kuala Lumpur; Dubai; Baku,Quetta
TRV002465,Fawad Cheema,,Mohammed Mubashir Cheema,1968-06-14,8,New York; Toronto; Baku; Bangkok,Quetta
TRV001000,Muhammad Navid Abbas,,Raza Abbas,,6,Baku; Istanbul; London; Dubai,Karachi
TRV002281,Tahirah Cheema,,Muhammad Kaim Cheema,1978-11-24,5,Kuala Lumpur; Bangkok; Istanbul; Dubai,Lahore
TRV000018,Areeba Kayani,17301-7216461-4,Junaid Kayani,1994-04-28,4,Baku; Dubai; New York; Doha,Peshawar
TRV002091,Muhammad Yousuf Bhutto,31202-3273439-3,Raza Bhutto,,1,Baku,Bahawalpur
TRV001204,Saba Satti,,,1982-07-07,1,Kuala Lumpur,Rawalpindi
TRV002471,Yousuf VVirk,,Abid iVrk,1982-03-27,8,New York; Doha; Jeddah; London,Peshawar
TRV002414,Younis Gilani,42101-1149539-9,,1960-12-08,4,Jeddah; Dubai; Istanbul; Bangkok,Karachi
TRV002669,Sohail Kakar,36302-7500833-7,Nasir Kakar,1962-12-09,2,Baku; London,Multan
TRV001423,Zaynab Gilani,,Pervez GGilani,,4,Kuala Lumpur; Istanbul; New York; Dubai,Multan
TRV001618,Laiba Naqvi,42101-1909651-7,Muhammad Pervez Naqvi,1966-04-12,1,New York,Karachi
TRV002078,Shaista Awan,,Muhammed Hamid Awan,1963-10-21,2,Baku; London,Lahore
TRV001505,Abdullah Virk,,Taimur Virk,1964-05-11,4,Baku; New York; Bangkok; Kuala Lumpur,Lahore
TRV002642,Saba Sandhu,3310040146815,Mohd Rashid Sandhu,1968-02-14,1,Toronto,Faisalabad
TRV000360,Robina Khan,,Bilal Khan,1977-08-17,6,Istanbul; Doha; Kuala Lumpur; Toronto,Multan
TRV001097,Liaquat Satti,1730165152849,GHULAM SATTI,1981-07-25,8,Kuala Lumpur; Toronto; Dubai; Bangkok,Peshawar
TRV001244,Riaz Warraich,35202-2625389-9,Muhammed Junaid Warraich,1954-07-20,1,Bangkok,Lahore
TRV001640,Waleed Gujjar,,Mansoor Gujjar,,1,Kuala Lumpur,Peshawar
TRV000344,Muhammad Abdullah Cheema,,MOHD RIYAZ CHEEMA,1970-12-09,4,New York; London; Istanbul; Toronto,Multan
TRV000986,Zoya Khokhar,3410117631367,Abdullah Khokhar,1974-01-01,1,Baku,Gujranwala
TRV001381,Jahangir Dar,,Muhammed Iqbal Dar,1987-11-22,6,Jeddah; Dubai; Toronto; Bangkok,Islamabad
TRV001709,Amna Mughal,3740536063815,,1958-09-16,3,Bangkok; Jeddah; Kuala Lumpur,Rawalpindi
TRV001721,Shoib Rizvi,4210154332178,AHMED RIZVI,1980-11-28,5,Kuala Lumpur; Bangkok; Jeddah; Toronto,Karachi
TRV002225,Nida Kayani,,M. Kamran Kayani,1972-12-07,5,Istanbul; Toronto; Baku; Kuala Lumpur,Karachi
TRV002233,Aleena Virk,,Shuaib Virk,,2,Baku; Dubai,Gujranwala
TRV001697,Anwar Kayani,37405-2227262-5,M. Noman Kayani,1969-05-21,5,Baku; Toronto; Dubai; Doha,Rawalpindi
TRV000085,HAMMAD AABBASI,,Bashir Abbasi,1982-11-24,3,Doha; Dubai; Jeddah,Lahore
TRV002945,Haji Ismail Lodhi,4210140044211,Mr. Waqar Lodhi,1964-11-16,8,Jeddah; Kuala Lumpur; Istanbul; Baku,Karachi
TRV000668,Mohammad Rasheed Zaidi,31202-2264107-3,Muhammad Waleed Zaidi,1986-12-17,1,New York,Bahawalpur
TRV001014,YOUNIS KHATTAK,,Mubashir Khattak,1971-04-02,8,New York; Dubai; London; Doha,Gujranwala
TRV000128,Mrs. Fariha Rajput,34101-8358269-3,MOHD FAWAD RAJPUT,1970-05-25,3,Dubai; Istanbul; Doha,Gujranwala
TRV001868,Nimra Akhtar,6110199035832,Haroon Akhtar,1991-01-27,6,Toronto; New York; Bangkok; Istanbul,Islamabad
TRV001809,Muhammad Rashid Yusufzai,3310017747904,,1979-01-28,2,Dubai; Toronto,Faisalabad
TRV000891,M. Moin Wattoo,41304-4783601-2,Mohd Bilawal Wattoo,1991-11-08,7,Dubai; Doha; Istanbul; London,Hyderabad
TRV001814,Mohd Fahad Bhatti,,,1985-10-05,2,Toronto; Kuala Lumpur,Rawalpindi
TRV000307,M. Faisal Sial,31202-1544957-7,Mahmood Sial,1992-03-10,4,Bangkok; Doha; Dubai; New York,Bahawalpur
TRV000383,Lubna Begum,42101-9568846-6,EJAZZ NAQVI,1986-08-09,6,Toronto; Baku; Dubai; New York,Karachi
TRV002282,Muhammad Fawad Abbasi,61101-6704584-2,Mohammed Faraz Abbasi,1958-03-27,4,Bangkok; Baku; Dubai; Jeddah,Islamabad
TRV001123,Zubayr Bajwa,61101-7454912-2,Iqbal Bajwa,1999-04-27,4,Kuala Lumpur; Baku; Dubai; Toronto,Islamabad
TRV000426,Mehwish Khan,,Kashi Khan,1968-11-19,7,London; Kuala Lumpur; New York; Dubai,Lahore
TRV000494,Mohammed Anwar Zaidi,,Muhammad Aamir Zaidi,1990-10-16,4,New York; Doha; Istanbul; Baku,Islamabad
TRV002742,Sana Khokhar,3520274956787,Mohammad Qasim Khokhar,1980-07-11,5,Dubai; London; Baku; Jeddah,Lahore
TRV002428,Hira Gondal,35202-5295013-3,,1992-10-04,1,Dubai,Lahore
TRV002913,Ejaz Awan,3630219178534,,1951-03-12,2,Doha; London,Multan
TRV001476,Bilawal Niazi,31202-7239882-6,Saad Niazi,1951-03-23,2,Doha; Baku,Bahawalpur
TRV001637,Mohammad Navid Cheema,,Mohammed Rafiq Cheema,1981-03-27,8,Baku; Kuala Lumpur; Doha; London,Lahore
TRV000275,Sameena Paracha,,,1980-03-18,1,Istanbul,Multan
TRV000489,Rida Hamdani,,Qasem Hamdani,1950-04-22,2,Kuala Lumpur; Toronto,Islamabad
TRV001871,Muhammad Waqar Hashmi,34101-8762023-4,Muhammad Hammad Hashmi,1957-01-28,1,Baku,Gujranwala
TRV000690,Ghulam Wattoo,,Mohammed Junaid Wattoo,2000-09-23,3,London; Doha; Istanbul,Gujranwala
TRV001307,Ali Memon,35202-5140786-2,,1994-04-04,8,Baku; New York; Dubai; London,Lahore
TRV002170,M. Bashir Dar,35202-7748729-7,MUHAMMAD ABDULLAH DAR,1965-04-25,2,Bangkok; Toronto,Lahore
TRV001309,Muhammad Riaz Quraishi,35202-9368751-6,Muhammad Sajid Qureishi,1971-09-08,7,Jeddah; Dubai; Istanbul; London,Lahore
TRV002306,Noman Bhatti,,Ayaz Bhatti,1994-12-07,2,Toronto; Baku,Bahawalpur
TRV002077,Shahid Satti,,Waleed Satti,,1,Bangkok,Rawalpindi
TRV001058,Engr. Danish Yousafzai,37405-8339032-5,Mohammad Ayaz Yousafzai,1994-04-16,3,Kuala Lumpur; London; Dubai,Rawalpindi
TRV000118,Taimur Abbasi,3520231128527,Bashir Abbasi,1975-09-15,6,Dubai; Jeddah; Baku; Kuala Lumpur,Lahore
TRV002175,Mohammed Hammad Siddiqui,54400-8902094-8,,1985-12-07,7,London; Bangkok; Baku; Dubai,Quetta
TRV002733,Muhammed Sufyan Qureshi,36302-4172640-8,,1956-05-24,5,Jeddah; Dubai; Kuala Lumpur; Doha,Multan
TRV000281,Mohammad Owais Qureshi,17301-5081001-7,Mohammed Fahad Qureishi,1992-06-16,3,Dubai; Baku; New York,Peshawar
TRV001491,Jahangir Begg,3310087525981,Mohammad Bashir Beg,,4,New York; Baku; Jeddah; Kuala Lumpur,Faisalabad
TRV002679,Shahid Abbas,17301-1760059-2,Ghulam Abbas,1991-08-14,6,Kuala Lumpur; London; Baku; Bangkok,Peshawar
TRV001980,Dr. Kashif Niazi,4210194779653,Haji Hammad Niazi,1979-01-13,2,Jeddah; London,Karachi
TRV002234,Saba Awan,,Muhammad Naveed Awan,1972-11-01,2,Istanbul; Toronto,Gujranwala
TRV001600,Sana Begum,42101-2703283-5,Muhammad Ibrahim Bhutto,1979-03-11,8,Kuala Lumpur; Baku; Dubai; Bangkok,Karachi
TRV001598,MUHAMMAD ZAFAR PARACHA,42101-8870942-3,Mohd Raza Paracha,1950-05-13,7,Baku; Toronto; Istanbul; London,Karachi
TRV001937,Maira Tarar,,Danish Tarar,1950-01-19,5,Istanbul; Jeddah; Baku; London,Gujranwala
TRV000304,Waqar Kayani,,Muhammad Ayaz Kayani,1969-04-02,7,Kuala Lumpur; Istanbul; Dubai; New York,Lahore
TRV001839,Rabia Soomro,61101-1472044-7,Mohammed Nasir Soomro,1954-12-03,2,New York; Istanbul,Islamabad
TRV001352,Aiman Baig,,Haji Mohammad Ismail Begg,1992-10-25,3,Toronto; Dubai; Jeddah,Karachi
TRV001361,Lubnna Begum,,Javed Kayani,1992-01-06,5,New York; Kuala Lumpur; Bangkok; Toronto,Lahore
TRV000575,Zenab Qureshi,4210167615756,,1968-09-24,7,Baku; Jeddah; Kuala Lumpur; Dubai,Karachi
TRV001866,Waqar Niazi,41304-5755613-4,,1965-11-11,3,Istanbul; Bangkok; Baku,Hyderabad
TRV002899,Mrs. Shagufta Tareen,,Mohammed Bilawal Tareen,1981-12-02,4,Jeddah; New York; Dubai; Toronto,Lahore
TRV002619,Muhammad Taimur Rizvi,41304-4962258-1,MOHAMMED OSMAN RIZVI,1971-05-14,3,Doha; New York; Dubai,Hyderabad
TRV001413,Nadim Lodhi,35202-2891930-7,Aslam Lodhi,1951-07-18,2,London; Istanbul,Lahore
TRV001177,Shoaib Jamali,41304-7662027-8,Muhammed Zubayr Jamali,1978-02-23,5,London; Baku; Dubai; Istanbul,Hyderabad
TRV000843,Muhammad Rehan Siddiqui,,Noman Siddiqi,,5,London; Toronto; Baku; Jeddah,Hyderabad
TRV001253,Ghulam Abbas,33100-3876594-1,MOHAMMAD NAVEED ABBAS,1988-11-16,2,Istanbul; Bangkok,Faisalabad
TRV000269,Iqra Tarar,42101-1754659-1,Kashif Tarar,1969-06-01,7,London; Baku; Istanbul; Bangkok,Karachi
TRV000629,Sehrish Virk,33100-4175428-7,Rashid Virk,1997-08-24,1,Bangkok,Faisalabad
TRV001033,Anika Ansari,35202-2957880-3,Muhammad Haroon Ansari,1970-11-13,5,London; Dubai; Toronto; Baku,Lahore
TRV000286,Pervez Warraich,4210159773569,Ibrahim Warraich,1962-06-21,5,London; Doha; Istanbul; Kuala Lumpur,Karachi
TRV002668,Muhammad Hussian Malik,37405-6588752-5,,1984-03-14,7,Jeddah; London; Kuala Lumpur; Doha,Rawalpindi
TRV000300,Shabana Khattak,,,1972-01-22,6,Toronto; New York; Bangkok; London,Rawalpindi
TRV001345,Noman Yusufzai,,Javed Yousafzai,1974-03-23,1,Doha,Multan
TRV002961,Maira Kayani,,Mohammad Imran Kayani,1966-02-25,1,Dubai,Karachi
TRV000065,Anwar Tarar,42101-6293259-9,Ibrahi mTarar,1986-04-19,5,Kuala Lumpur; Dubai; Bangkok; Istanbul,Karachi
TRV002216,Warda Batti,,Mohammed Waqar Bhatti,1998-05-07,6,Bangkok; Dubai; Doha; Istanbul,Karachi
TRV000890,Mohammad Talha Marwat,,Asad Marwat,2000-08-24,1,Baku,Gujranwala
TRV001762,Naila Shah,,Mohammed Nadeem Shah,1957-12-02,1,Kuala Lumpur,Peshawar
TRV001726,Hira Malik,37405-9696329-1,Asif Malik,1953-12-10,2,Bangkok; London,Rawalpindi
TRV002203,Ashhraf Dar,,Mohd Mehmood Dar,1986-02-16,5,Toronto; New York; Dubai; Jeddah,Islamabad
TRV000230,Durdana Durrani,42101-9542077-8,Moin Durrani,1989-06-04,2,Doha; Bangkok,Karachi
TRV000503,Jamil Kazmi,54400-1496862-2,Bashir Kazmi,1984-12-23,3,Istanbul; Dubai; Kuala Lumpur,Quetta
TRV001951,Mudassar Bajwa,,Asif Bajwa,1959-06-11,7,New York; Baku; Doha; Bangkok,Lahore
TRV001436,Javeria Arain,61101-5096108-5,Tanveer Arain,2000-06-21,1,Dubai,Islamabad
TRV002515,Engr. Anwar Rajput,,Muhammed Ejaz Rajput,1981-02-25,4,Istanbul; Toronto; New York; London,Karachi
TRV001641,M. Usama Lodhi,33100-7304266-7,Farhan Lodhi,1981-06-11,1,Kuala Lumpur,Faisalabad
TRV001004,Rehan Gujjar,35202-6310272-7,Muhammad Feisal Gujjar,1988-04-03,4,Istanbul; Baku; Jeddah; Bangkok,Lahore
TRV000836,Tariq Memon,54400-8637877-1,Fahad Memon,1971-11-01,7,Jeddah; Istanbul; Baku; Doha,Quetta
TRV001714,M. Asif Tarar,,MUHAMMAD KARIM TARAR,,1,Dubai,Lahore
TRV000374,Arif Sial,42101-4108486-4,,1970-02-26,7,Dubai; Toronto; Baku; London,Karachi
TRV001393,Hassan Magsi,,Nawaz Magsi,1959-04-17,1,Dubai,Rawalpindi
TRV002108,Muhammed Waqar Bhutto,,TANVIR BHUTTO,1984-09-11,2,Bangkok; Doha,Lahore
TRV002535,Dr. Taimur Sidiqui,3740517767231,Saad Siddqi,,1,Kuala Lumpur,Rawalpindi
TRV001798,Amna Kazmi,61101-6399563-1,Zeeshan Kazmi,1993-01-20,5,Dubai; Doha; Bangkok; London,Islamabad
TRV002069,Moin Butt,37405-8306383-8,Mohammed Younis Butt,1954-09-28,4,Istanbul; Bangkok; Toronto; Doha,Rawalpindi
TRV000751,Muhammad Ejaz Ansari,37405-3437737-2,Mohammed Saad Ansari,1972-09-04,7,Toronto; Istanbul; Dubai; Jeddah,Rawalpindi
TRV000099,Mian Muhammad Hamid Paracha,,Muhammed Iqbal Paracha,1957-08-04,7,Kuala Lumpur; New York; Doha; Istanbul,Islamabad
TRV002933,Bilal Memon,42101-5343282-4,Mohammad Naveed Memon,1952-12-11,6,Toronto; Bangkok; Istanbul; Baku,Karachi
TRV000866,SIDRA WARRAICH,4130486904053,,1971-04-05,8,Istanbul; Toronto; Doha; Dubai,Hyderabad
TRV000910,Ghulam Abbas,,M. Mazhar Abbas,1959-08-14,7,Dubai; London; Baku; Istanbul,Islamabad
TRV001316,Mohammed Owais Abbas,3410164969393,Jahangir Abbas,1971-01-07,6,Istanbul; London; Doha; Jeddah,Gujranwala
TRV000529,Nasrin Marwat,,Nawaz Marwat,1975-09-25,1,New York,Lahore
TRV000636,Faisal Akhtar,6110199006398,Mohammed Talha Akhtar,1992-08-23,5,Jeddah; Bangkok; London; Doha,Islamabad
TRV000185,Muhammad Haroon Mengal,,Moahmmed Pervez Mengal,1991-06-06,6,London; Baku; Kuala Lumpur; Bangkok,Lahore
TRV002730,Laiba Niazi,,Ahmed Niazi,1980-07-03,2,Toronto; Jeddah,Karachi
TRV002820,Zubaida Akhtar,,NADEEM AKHTAR,1996-11-07,7,London; Jeddah; Doha; Bangkok,Bahawalpur
TRV000931,Farah Dar,,Bilawal Dar,1953-11-25,3,Doha; Istanbul; London,Quetta
TRV001377,Anwar Magsi,35202-1337611-7,Muhammad Karim Magsi,2000-12-20,8,Bangkok; New York; Baku; Toronto,Lahore
TRV002291,Mishal Begum,,,1955-04-06,4,Doha; Istanbul; Bangkok; Dubai,Bahawalpur
TRV001392,Mudassar Dar,34101-5729957-1,Mohammed Ejaz Dar,1973-07-03,2,Kuala Lumpur; Jeddah,Gujranwala
TRV002397,Bushra Satti,,Muhammad Rafiq Satti,1982-12-04,8,Kuala Lumpur; Toronto; Jeddah; Dubai,Karachi
TRV001993,Nadeem Dar,35202-3244212-9,Kashif Dar,1982-05-25,5,Dubai; Baku; London; Jeddah,Lahore
TRV000607,FARAZ MIRZA,41304-2397264-5,,,4,Bangkok; Kuala Lumpur; New York; London,Hyderabad
TRV001338,Warda Begum,,Nasir Kakar,1956-08-11,1,Toronto,Lahore
TRV000151,Mian Arif Afridi,,,1964-03-20,1,Doha,Islamabad
TRV001803,Farhan Gilani,4210136411464,M. Mubashir Gilani,1965-09-28,7,Toronto; New York; Jeddah; Bangkok,Karachi
TRV002939,Zaainab Rizvi,3120228047677,Jahangir Rizvi,1977-06-28,8,Kuala Lumpur; Doha; Toronto; Istanbul,Bahawalpur
TRV000731,ARIF GONDAL,37405-3286979-8,Moin Gondal,1991-12-26,8,Istanbul; Kuala Lumpur; Toronto; Jeddah,Rawalpindi
TRV001509,Muhammad Zeeshan Khattak,17301-6859406-4,Tanveer Khattak,1977-11-05,3,New York; Doha; Kuala Lumpur,Peshawar
TRV001660,Hira Khan,,Muhammad Raza Khan,,5,New York; Baku; London; Bangkok,Karachi
TRV002725,Fatima Marwat,61101-9500906-7,Mohammad Usman Marwat,1951-09-22,3,Bangkok; Toronto; Jeddah,Islamabad
TRV000023,Younis Abbasi,4210197056605,Asif Abbasi,1972-04-21,3,Baku; Kuala Lumpur; Dubai,Karachi
TRV001657,Bashir Tareen,,Sohail Tareen,1960-03-19,8,Baku; Bangkok; London; Doha,Faisalabad
TRV000158,Riaz Yousafzai,,Mohammed Farhan Yousafzai,1967-08-10,7,Dubai; Doha; Kuala Lumpur; Istanbul,Lahore
TRV000861,Mohammad Shoaib Arain,4210158533597,Mohammad Tanvir Arain,1963-05-17,1,Kuala Lumpur,Karachi
TRV000902,Ms. Areeba Bajwa,,Hamid Bajwa,1999-04-24,7,Doha; Toronto; Kuala Lumpur; Istanbul,Karachi
TRV001426,Taimur Mirza,,Engr. Muhammed Sajid Mirza,1952-11-09,5,Dubai; Kuala Lumpur; New York; Istanbul,Karachi
TRV002249,Mrs. Mishal Khokhar,42101-2567330-6,Muhammad Tariq Khokhar,1953-09-07,7,Bangkok; Doha; Kuala Lumpur; Jeddah,Karachi
TRV000444,Liaquat Kakar,,Jamil Kakar,1964-10-17,6,London; Bangkok; Baku; Doha,Lahore
TRV002934,Fariha Mengal,3520289071413,Talha Mengal,1962-04-28,7,Dubai; Istanbul; Baku; Kuala Lumpur,Lahore
TRV000754,Irfan Butt,41304-5890949-5,Mohammed Abid Butt,1959-04-07,1,Toronto,Hyderabad
TRV000923,Rehan Rizvi,5440054014197,Mohd Zahid Rizvi,1962-10-27,2,Dubai; Jeddah,Quetta
TRV002966,Muhammed Javaid Kayani,3120266708261,Waleed Kayani,1955-03-26,6,London; Istanbul; Bangkok; New York,Bahawalpur
TRV002266,Muhammad Tariq Jamali,,Salman Jamali,1991-09-10,5,Jeddah; New York; Baku; Doha,Lahore
TRV000311,Rasheed Jamali,35202-9498639-1,Bilawal Jamali,1984-01-11,1,London,Lahore
TRV000548,Dr. Said Jutt,,Kashif Jutt,1971-02-14,4,London; Bangkok; Doha; Istanbul,Rawalpindi
TRV001939,Owais Satti,35202-6332916-6,Farhan Satti,1950-06-10,2,Istanbul; Bangkok,Lahore
TRV002439,Uzma Jamali,41304-9924607-7,,,2,London; Toronto,Hyderabad
TRV000306,Mohammad Mazhar Qureshi,,Akram Qureshi,1966-08-15,8,Istanbul; Dubai; Baku; Jeddah,Peshawar
TRV000287,Mohammed Asad Bhatti,34101-8283511-7,M. Hussain Bhatti,1959-06-04,5,Doha; Dubai; Jeddah; Bangkok,Gujranwala
TRV000694,Komal Paracha,,,1975-04-09,4,Jeddah; Dubai; London; Doha,Karachi
TRV000308,Shoib Mengal,33100-7573108-6,Fahad Mengal,1978-05-03,5,New York; Baku; Kuala Lumpur; London,Faisalabad
TRV002316,Areeba Janjua,17301-3724817-8,Muhammed Ashraf Janjua,1996-05-28,3,Istanbul; Jeddah; London,Peshawar
TRV000749,Muhammed Ali Tarar,17301-3205357-3,Taimur Tarar,1962-12-01,2,Doha; Bangkok,Peshawar
TRV002484,Sidra Shah,4130479986606,Mohammed Asad Shah,1962-11-19,3,Dubai; Bangkok; Doha,Hyderabad
TRV001235,M. Hamid Tarar,3740516658346,Muhammed Aamiir Tarar,1954-11-08,8,Toronto; Kuala Lumpur; London; Doha,Rawalpindi
TRV000908,Noor Marwat,54400-5495873-8,Mohammad Usama Marwat,1987-06-28,3,London; Bangkok; Dubai,Quetta
TRV002268,Muhammad Hussain Malik,,M. Hassan Malik,1985-06-27,6,London; Bangkok; Toronto; Baku,Peshawar
TRV002376,Haji Mohammed Ali Yousafzai,,Aslam Yousafzai,1990-03-07,2,Toronto; Istanbul,Faisalabad
TRV002964,Owais Butt,35202-5980160-2,Muhammed Shahzad Butt,1974-09-14,8,Istanbul; Dubai; London; Bangkok,Lahore
TRV002490,Faraz Marwat,41304-9745916-2,Adnan Marwat,1955-12-13,5,Dubai; Jeddah; Baku; London,Hyderabad
TRV000970,Muhammed Nadim Janjua,,Arif Janjua,1957-07-02,7,Toronto; Istanbul; Doha; Bangkok,Karachi
TRV000013,Muhammad Abid Zaidi,,Waqar Zaidi,1954-05-03,5,Baku; Dubai; Jeddah; Doha,Lahore
TRV000873,Fawad Niazi,37405-3467238-4,Muhammad Akram Niazi,1963-04-01,6,Jeddah; Dubai; Kuala Lumpur; Toronto,Rawalpindi
TRV000808,Shahzad Tarar,41304-4600286-6,Taimur Tarar,,5,Doha; Kuala Lumpur; Toronto; Bangkok,Hyderabad
TRV002574,Arif Malik,,Haroon Malik,1984-05-24,2,London; Kuala Lumpur,Lahore
TRV000514,M. Sajid Jamali,1730177008484,YOUSUF JAMALI,1964-12-09,7,London; Doha; Kuala Lumpur; Jeddah,Peshawar
TRV002409,Tanveer Siddiqi,3410193104378,Mohammad Naveed Siddiqui,,5,Istanbul; Jeddah; New York; Bangkok,Gujranwala
TRV000409,Shaista Mughal,,KHALID MUHGAL,,4,Jeddah; Istanbul; London; Kuala Lumpur,Rawalpindi
TRV001359,M. Faraz Durrani,42101-9218769-6,,1981-09-27,3,London; Doha; Bangkok,Karachi
TRV002727,FAWAD ABBAS,,Islam Abbas,1968-06-25,4,Istanbul; Kuala Lumpur; Baku; Bangkok,Faisalabad
TRV001302,Mian Mohammad Anwar Mughal,,Aslam Mughal,,1,Dubai,Islamabad
TRV001221,Muhammad Ibrahim Mirza,,OWAIS MIRZA,1952-11-22,3,Jeddah; Doha; Baku,Rawalpindi
TRV001337,Anma Raja,,Aslam Raja,1973-03-07,8,Jeddah; London; Toronto; Kuala Lumpur,Lahore
TRV002187,Tooba Mengal,,Mohammed Ahmed Mengal,,2,Kuala Lumpur; Istanbul,Gujranwala
TRV000382,Younis Sheikh,,MUHAMMAD SHAHZAD SHAIKH,1957-09-21,5,Toronto; London; Istanbul; Baku,Islamabad
TRV001566,Yasmin Zaidi,42101-6515315-8,Hamid Zaidi,,7,New York; Kuala Lumpur; Toronto; Doha,Karachi
TRV002184,Zubair Malik,,Uthman Malik,1964-01-18,8,London; Istanbul; New York; Kuala Lumpur,Lahore
TRV001321,Mohammad Nadeem Soomro,4210123334974,Mohammed Shahid Soomro,1951-08-19,7,Baku; Toronto; New York; Jeddah,Karachi
TRV001350,Ms. Ramsha Sial,,,1973-07-12,4,New York; Bangkok; Doha; Baku,Lahore
TRV000552,Mohd Umar Awan,36302-4606754-3,Nadeem Awan,1999-07-14,5,Dubai; Istanbul; Baku; Kuala Lumpur,Multan
TRV000222,Mohammed Hussain Soomro,35202-6473694-3,Nasir Soomro,1977-09-08,4,London; Baku; Jeddah; Doha,Lahore
TRV001096,Hina Hashmi,,Imran Hashmi,,8,Toronto; Istanbul; Jeddah; Bangkok,Peshawar
TRV002594,Asif Bhutto,,Tanveer Bhutto,1973-11-19,3,Jeddah; London; Istanbul,Lahore
TRV000008,Mr. Muhammad Akram Jamali,,Mr. M. Asad Jamali,1993-05-06,1,New York,Lahore
TRV001472,Asif Mirza,,Kashif Mirza,1982-10-11,2,Dubai; London,Gujranwala
TRV000316,Mian Mohammad Yousuf Shah,,Rehan Shah,1997-02-10,8,London; Toronto; Kuala Lumpur; New York,Lahore
TRV000427,Rehan Akhtar,,Muhammad Ali Akhtar,1968-12-04,3,Istanbul; Jeddah; New York,Peshawar
TRV001907,Noor Zaiidi,,Nawaz Zaidi,1967-11-11,3,Kuala Lumpur; New York; Istanbul,Islamabad
TRV000105,Zafar Soomro,61101-6565947-8,Talha Soomro,1969-01-18,7,Dubai; Istanbul; Baku; Jeddah,Islamabad
TRV002646,Mian Kashif Khan,31202-1812303-6,Muhammad Faraz Khan,1969-12-14,3,Baku; Doha; Jeddah,Bahawalpur
TRV000142,Riaz Lodhi,,,1977-01-20,3,London; Istanbul; Bangkok,Islamabad
TRV000121,Tooba Yusufzai,,Ismail Yousafzai,1986-10-18,6,Istanbul; Bangkok; New York; Baku,Lahore
TRV002367,Sana Shah,61101-8919454-3,Rizwan Shah,1970-01-02,5,Baku; Jeddah; Toronto; Doha,Islamabad
TRV002861,Mohammad Sohail Sidiqui,,,1989-10-23,7,New York; Dubai; London; Baku,Gujranwala
TRV001189,Eman Awan,,Zahid Awan,1954-09-18,7,Bangkok; Dubai; Istanbul; Baku,Multan
TRV001894,Abida Jutt,35202-7279149-4,,1990-05-20,6,Jeddah; Bangkok; New York; Kuala Lumpur,Lahore
TRV002596,Shabana Shah,36302-9033729-9,,,4,Dubai; London; Kuala Lumpur; Baku,Multan
TRV002829,Abid Soomro,33100-9472529-8,Salman Soomro,1952-10-20,6,Kuala Lumpur; Toronto; Bangkok; New York,Faisalabad
TRV000115,Saba  Bibi,42101-2699603-4,M. Hamid Arain,1975-04-06,5,Istanbul; London; Kuala Lumpur; Toronto,Karachi
TRV001765,Zobair Mengal,35202-9444202-3,Yasir Mengal,1975-01-02,1,Bangkok,Lahore
TRV001586,Muhammad Bilal Abbasi,,Mahmood Abbbasi,1999-09-22,3,Istanbul; Bangkok; Kuala Lumpur,Karachi
TRV002140,Tahirah Niazi,,Talha Niazi,1959-03-06,1,Baku,Faisalabad
TRV002793,Kashif Ansari,42101-4893611-6,M. Sufyan Ansari,1971-03-01,5,Baku; Toronto; Bangkok; Dubai,Karachi
TRV002944,Mishal Butt,,Farhan Butt,1973-10-24,7,Dubai; New York; Istanbul; Baku,Rawalpindi
TRV002202,Muhammad Fahad Virk,,Ismail iVrk,1957-09-07,5,Doha; Jeddah; London; Baku,Rawalpindi
TRV001791,Anika Bajwa,34101-1448999-3,Muhammad Iqbal Bajwa,1973-07-11,6,London; Istanbul; Bangkok; Toronto,Gujranwala
TRV000672,MOHAMMAD KARIM SHAH,,M. Yasir Shah,1974-06-15,3,Bangkok; Dubai; London,Sialkot
TRV001427,Mansoor Abbas,,Muhammad Shahzad Abbas,1984-04-22,3,Istanbul; Toronto; Bangkok,Faisalabad
TRV001626,Mohammad Khalid Rizvi,6110144709703,Bashir Rizvi,1960-12-15,2,Dubai; Jeddah,Islamabad
TRV000591,Kashif Gujjar,,Engr. Mahmood Gujjar,1985-08-15,5,Toronto; Bangkok; Jeddah; Istanbul,Rawalpindi
TRV001398,Fariha Mughal,61101-4013971-3,Nawaz Mughal,1977-06-05,6,Bangkok; Istanbul; New York; Dubai,Islamabad
TRV000888,Fawad Raja,,Faraz Raja,1994-06-15,4,Toronto; London; Doha; New York,Lahore
TRV002002,Mohd Sufyan Hamdani,54400-4104653-3,Bashir Hamdani,1984-04-06,3,Kuala Lumpur; Bangkok; Istanbul,Quetta
TRV001362,Tariq Malik,3460367877873,Sufyan Malik,1985-08-07,5,Kuala Lumpur; Toronto; Doha; Jeddah,Sialkot
TRV001847,Rabia Yousafzai,41304-3057895-6,Haji Mubashir Yusufzai,1985-01-11,5,Kuala Lumpur; London; Bangkok; Toronto,Hyderabad
TRV000213,Mr. Muhammad Saied Baig,36302-3510769-3,Ayaz Beg,,5,Bangkok; Toronto; Dubai; London,Multan
TRV002001,Jahangir Shah,36302-1157667-5,M. Fahad Shah,1967-09-06,7,Kuala Lumpur; Baku; Toronto; London,Multan
TRV002936,Owais Cheema,,Muhammad Sohail Cheema,1952-09-04,8,London; New York; Baku; Toronto,Rawalpindi
TRV000800,M. Jahangir Qureshi,,USMAN QURESHI,1961-10-26,2,Kuala Lumpur; Baku,Rawalpindi
TRV002476,Dr. Khalid Niazi,42101-3130263-9,Haji Zeeshan Niazi,1977-02-21,7,London; Bangkok; Istanbul; Baku,Karachi
TRV002979,Shuaib Sandhu,17301-8055444-7,,1991-12-17,2,Kuala Lumpur; New York,Peshawar
TRV002279,Raza Durrani,42101-6124321-3,Sufyan Durrani,1955-01-23,6,New York; Toronto; Baku; Dubai,Karachi
TRV002658,Waleed Khokhar,,Muhammed Usama Khokhar,1955-02-26,4,Jeddah; London; New York; Bangkok,Lahore
TRV002707,Taimur Magsi,34101-9428699-3,Islam Magsi,,7,New York; Kuala Lumpur; London; Istanbul,Gujranwala
TRV000273,Shazia Gondal,,,1985-10-04,2,Istanbul; Kuala Lumpur,Lahore
TRV000071,Nimra Gilani,37405-6296376-9,Tanveer Geelani,1974-09-21,4,Kuala Lumpur; London; Baku; Bangkok,Rawalpindi
TRV001784,M. Anwar Jutt,,Haji Tariq Jutt,1954-01-08,6,Istanbul; Jeddah; Dubai; Toronto,Gujranwala
TRV001087,Nasrin Akhtar,,,1990-11-26,6,Baku; London; Kuala Lumpur; Toronto,Karachi
TRV000394,Mian Muhammed Mudassar Mughal,61101-8849014-9,Adnan Mughal,1953-11-10,5,Doha; Baku; New York; Istanbul,Islamabad
TRV000583,Riaz Arain,34603-1357191-2,Muhammad Rehan Arain,1998-07-17,2,Jeddah; Istanbul,Sialkot
TRV001964,Raza Soomro,33100-2858117-7,,1954-07-14,1,Doha,Faisalabad
TRV002579,Moin Raja,,Mohd Arif Raja,1968-06-24,4,Baku; Dubai; Toronto; Jeddah,Rawalpindi
TRV000500,Muhammad Taimur Satti,37405-5152978-6,,1956-09-10,1,Doha,Rawalpindi
TRV002008,Farah Gujjar,17301-8143024-3,,1972-01-06,8,London; Jeddah; Baku; Toronto,Peshawar
TRV002219,Abid Dar,,Muhammad Saeed Dar,1965-07-01,8,Dubai; New York; Toronto; Istanbul,Lahore
TRV002975,Muhammad Asif Kakar,37405-3463641-4,Faraz Kakar,1996-08-05,1,Toronto,Rawalpindi
TRV002736,Rabia Hamdani,,Hassan Hamdani,1976-04-17,4,London; Jeddah; Doha; Toronto,Faisalabad
TRV001465,Faraz Gilani,,Kashif Geelani,1970-11-16,3,London; Toronto; New York,Faisalabad
TRV001259,Mrs. Tooba Yousafzai,42101-3339156-3,Waqar Yusufzai,1960-08-10,8,Dubai; Toronto; Bangkok; Baku,Karachi
TRV001737,Salman Khtatak,35202-8476002-2,Muhammad Danish Khattak,1989-08-18,2,New York; Jeddah,Lahore
TRV000205,Haji Waseem Abbas,61101-4508371-6,Farhan Abbas,,3,Toronto; Baku; New York,Islamabad
TRV000733,Bashir Zaidi,17301-3106134-8,Mohd Zafar Zaidi,1983-12-05,7,Bangkok; London; Jeddah; New York,Peshawar
TRV001512,Faiza Khan,,Iqbal Khan,1999-08-13,1,Kuala Lumpur,Multan
TRV000526,Naila Bibi,3630280065198,Tariq Kayani,,7,Kuala Lumpur; Bangkok; Jeddah; Doha,Multan
TRV002622,Ejaz Warraich,,Muhammad Rashid Warraich,1957-11-16,6,Bangkok; Jeddah; Kuala Lumpur; New York,Islamabad
TRV000898,Yousuf Sial,34101-4536267-6,Abid Sial,1984-05-09,7,Kuala Lumpur; Baku; Dubai; Bangkok,Gujranwala
TRV000377,Aiman Gondal,33100-7225443-2,Owais Gondal,1978-08-15,1,Kuala Lumpur,Faisalabad
TRV002839,Jahangir Soomro,31202-3918097-6,Muhammad Akram Soomro,2000-07-09,6,Dubai; New York; Kuala Lumpur; Bangkok,Bahawalpur
TRV002678,Maira Gondal,,Kashif Gondal,1975-05-22,5,Baku; Toronto; Jeddah; Dubai,Karachi
TRV001562,ABID SOOMRO,,,1996-06-28,1,Kuala Lumpur,Karachi
TRV000386,Asad Abbasi,54400-2192376-6,Karim Abbasi,1980-12-15,8,Doha; Kuala Lumpur; Toronto; New York,Quetta
TRV000198,Mohammad Kashif Baig,42101-7147865-5,Muhammad Abid Begg,1966-09-12,1,Baku,Karachi
TRV001050,Asif Tarar,,M. Sufyan Tarar,1958-07-24,1,Doha,Karachi
TRV000590,Haji Mohd Hamid Bhatti,37405-2317131-1,Mohammad Rashid Bhatti,1977-01-12,2,Dubai; London,Rawalpindi
TRV000519,Kiran Cheema,,Ashraf Cheema,1982-12-28,4,Dubai; Kuala Lumpur; Toronto; London,Islamabad
TRV002030,MOHD FARAZ KHAN,35202-2483150-6,Rafiq Khan,1975-04-14,6,London; Bangkok; Dubai; Doha,Lahore
TRV000429,Hina Paracha,,,1979-03-19,5,Istanbul; Jeddah; Dubai; Kuala Lumpur,Sialkot
TRV001083,Sohail Marwat,35202-1198706-3,Ismail Marwat,,7,Jeddah; New York; Baku; Bangkok,Lahore
TRV000207,Nida Janjua,34603-4520198-4,Ibrahim Janjua,1959-03-23,6,Dubai; Doha; London; New York,Sialkot
TRV000491,M. Rafiq Malik,,Haroon Malik,1953-09-18,6,London; Doha; Jeddah; Bangkok,Hyderabad
TRV002286,Mohammed Sohail Sandhu,,Mohd Sohail Sandhu,,4,Kuala Lumpur; Doha; Baku; Bangkok,Bahawalpur
TRV002908,MUHAMMAD ARIF KAKAR,36302-7704415-8,Pervez Kakar,1958-02-11,2,Kuala Lumpur; Toronto,Multan
TRV000792,Ismail Chaudhry,,,2000-12-25,8,Dubai; Baku; Doha; Kuala Lumpur,Karachi
TRV002013,Muhammad Ghulam Hashmi,,Bashir Hashmi,1950-11-02,7,Bangkok; Istanbul; New York; Kuala Lumpur,Lahore
TRV001186,Rizwan Abbas,,Muhammad Asad Abbas,2000-09-02,3,London; Dubai; Istanbul,Karachi
TRV001185,Noor Jutt,33100-8612117-5,Umar Jutt,1963-01-22,3,Dubai; London; New York,Faisalabad
TRV001756,M. SAAD MEMON,61101-4419958-6,Muhammad Moin Memon,1956-02-25,1,Baku,Islamabad
TRV001336,FAWAD WARRAICH,42101-7374472-5,Omer Warraich,1998-02-07,2,Istanbul; Dubai,Karachi
TRV002228,Muhammad Mubashir Naqvi,34101-7538904-3,Mohammed Sohail Naqvi,1984-12-17,3,Baku; Kuala Lumpur; Jeddah,Gujranwala
TRV000083,Abdullah Butt,,Mohd Shafique Butt,1991-09-20,7,London; Jeddah; Bangkok; Istanbul,Multan
TRV002365,Sufyan Yousafzai,42101-7394386-4,Hussein Yousafzai,1995-10-19,2,London; Istanbul,Karachi
TRV002222,Mohammad Haroon Warraich,61101-6595503-5,Naveed Warraich,1968-11-04,8,Doha; London; Kuala Lumpur; Dubai,Islamabad
TRV000020,Sehrish Quraishi,,,,8,Bangkok; Dubai; Istanbul; Toronto,Lahore
TRV001374,Aleena Abbas,33100-8859781-5,Ashraf Abbas,1979-08-05,3,New York; Istanbul; Bangkok,Faisalabad
TRV001554,Mansoor Niazi,,Mohd Nawaz Niazi,1991-09-28,1,London,Lahore
TRV002057,Maira Rizvi,42101-5742456-4,Muhammad Fawad Rizvi,1964-08-09,1,Kuala Lumpur,Karachi
TRV002689,Usama Sandhu,,Mohammad Mehmud Sandhu,1977-12-14,7,New York; London; Jeddah; Kuala Lumpur,Lahore
TRV002545,Mst. Komal Khattak,,,,2,Kuala Lumpur; Jeddah,Karachi
TRV000973,Haji Iqbal Chaudhry,,Sufyan Chaudhry,1954-10-28,5,Kuala Lumpur; Istanbul; Jeddah; Toronto,Islamabad
TRV002785,Muhammad Khaled Shah,,Mian Adnan Shah,1993-06-09,4,Jeddah; Kuala Lumpur; Istanbul; Doha,Rawalpindi
TRV000883,SHOAIB YOUSAFZAI,33100-9252632-4,Mohammad Arif Yousafzai,1990-11-06,7,Kuala Lumpur; Toronto; London; Jeddah,Faisalabad
TRV001098,Javed Memon,,,1955-10-26,6,Istanbul; Baku; Doha; London,Islamabad
TRV000156,Mrs. Saadia Gilani,,Mohd Rehan Gilani,1997-11-09,6,Baku; Jeddah; Bangkok; Kuala Lumpur,Karachi
TRV002272,Mahnoor Bibi,,Mohammad Sohail Gondal,1966-12-16,3,New York; Baku; Dubai,Lahore
TRV000886,Muhammed Riaz Mughal,3120261065938,Nasir Mughal,1980-04-24,2,Bangkok; Toronto,Bahawalpur
TRV002994,Rida Mughal,17301-3096209-7,Mohammad Liaquat Mughal,1958-09-27,1,New York,Peshawar
TRV001587,Faraz Abbas,17301-5165009-5,Muhammed Junaid Abbas,1961-03-22,7,Toronto; Jeddah; Baku; Istanbul,Peshawar
TRV002474,Farah Zaidi,,Nawaz Zaidi,1956-10-06,2,Doha; Jeddah,Bahawalpur
TRV002256,Zeeshan Butt,,Bilawal Butt,,2,Toronto; Istanbul,Gujranwala
TRV002530,Mubashir Bajwa,,Owais Bajwa,1987-08-25,6,New York; Jeddah; Kuala Lumpur; Doha,Karachi
TRV002481,Rehan Khattak,3520229570963,Anwar Khattak,1993-08-22,5,Jeddah; Kuala Lumpur; Baku; London,Lahore
TRV001468,Suhail Virk,,Mohammad Sajid Virk,,2,Jeddah; London,Faisalabad
TRV002644,Lubna Baig,33100-1978673-2,Muhammad Asif Beg,1951-06-09,1,New York,Faisalabad
TRV000458,Anwar Qureshi,35202-3444270-5,Muhammad Khalid Qureshi,1978-04-23,2,London; New York,Lahore
TRV002251,Muhammad Rafiq Choudhry,3520288934932,Qasem Chaudhary,1972-10-23,2,Dubai; Kuala Lumpur,Lahore
TRV000078,Farah Begum,42101-2706164-3,,1987-04-11,5,Baku; Bangkok; Doha; London,Karachi
TRV002910,Taimur Naqvi,5440025939639,Usman Naqvi,1963-10-07,5,London; Jeddah; Toronto; New York,Quetta
TRV001056,Muhammad Ali Lodhi,,Rashid Lodhi,,4,Bangkok; Kuala Lumpur; Dubai; Baku,Faisalabad
TRV000906,Zafar Magsi,,Mohammed Moin Magsi,1971-09-20,1,Doha,Lahore
TRV001559,Yousuf Janjua,,,1992-06-02,7,Dubai; Toronto; New York; Bangkok,Islamabad
TRV002210,Rabia Shah,33100-2695198-7,Haji Mohd Navid Shah,1983-01-28,1,Toronto,Faisalabad
TRV002692,HUSAIN NAQVI,,Mohammed Nasir Naqvi,1989-06-02,7,Doha; Toronto; Bangkok; Kuala Lumpur,Karachi
TRV000380,Kiran Jutt,35202-1408647-8,Karim Jutt,1966-05-26,4,Bangkok; Toronto; Dubai; Istanbul,Lahore
TRV000947,Zubaida Qureshi,17301-4937292-2,Arif Quraishi,1957-09-16,8,London; Jeddah; Dubai; New York,Peshawar
TRV001735,Usman Zaidi,36302-7697673-9,,1950-08-15,5,London; Jeddah; Baku; Istanbul,Multan
TRV001953,Mhuammad Saeed Butt,,Zafar Butt,1991-11-01,6,New York; Bangkok; London; Doha,Lahore
TRV000715,Rida Shah,3740517149439,Aamir Shah,1985-09-06,2,Toronto; Kuala Lumpur,Rawalpindi
TRV002107,Fawad Kazmi,,Karmi Kazmi,1999-12-28,3,Kuala Lumpur; Doha; Dubai,Multan
TRV000686,Waqar Hamdani,36302-2285087-2,Naveed Hamdani,1957-01-19,2,Baku; New York,Multan
TRV002561,Rehan Marwat,36302-4614578-9,,1997-12-11,4,Kuala Lumpur; Bangkok; Dubai; Toronto,Multan
TRV001293,Hammad Ansari,54400-4010600-2,Ibrahim Ansari,1996-08-27,2,Baku; Istanbul,Quetta
TRV000305,Mohd Shahzad Raja,,Rafique Raja,1955-04-26,5,Jeddah; London; Istanbul; Baku,Multan
TRV000209,Yasmin Jutt,17301-5351588-6,Feisal Jutt,,3,Istanbul; Baku; Bangkok,Peshawar
TRV001878,M. Rafique Qureishi,42101-8839518-4,,1970-08-20,7,Istanbul; Jeddah; Baku; Dubai,Karachi
TRV002442,Engr. Salman Afridi,17301-1610478-9,Bilal Afridi,1999-10-17,1,New York,Peshawar
TRV002971,Muhammad Rizwan Mengal,3520227149216,Muhammad Danish Mengal,1995-11-22,3,Bangkok; Doha; Toronto,Lahore
TRV001533,Rizwan Sandhu,34101-5515673-2,Saeed Sandhu,1956-01-22,8,Baku; London; Doha; Istanbul,Gujranwala
TRV000885,Khalid Zaidi,54400-4196915-7,Mohammed Kamran Zaidi,1981-07-27,2,Bangkok; Jeddah,Quetta
TRV001628,Muhammed Akram Naqvi,61101-4138155-1,,,7,London; Bangkok; Baku; Istanbul,Islamabad
TRV000917,Umar Bhatti,,Mohammad Ismail Bhatti,1965-09-03,1,Istanbul,Hyderabad
TRV001662,Mohammed Nawaz Arain,34101-2911609-6,Muhammad Ejaz Arain,1956-02-26,8,Jeddah; Kuala Lumpur; Bangkok; Toronto,Gujranwala
TRV001656,Saied Akhtar,34101-8212075-6,Abid Akhtar,1989-08-04,1,Istanbul,Gujranwala
TRV000191,Abid Raja,17301-2032110-8,Muhammad Pervez Raja,1989-07-28,3,Dubai; Istanbul; Bangkok,Peshawar
TRV001742,Maira Butt,37405-4188612-3,Haji Naveed Butt,1962-09-15,6,Istanbul; Jeddah; New York; London,Rawalpindi
TRV002020,Muhammad Pervez Rajput,,Irfan Rajput,,4,New York; Istanbul; Toronto; Doha,Lahore
TRV001265,M. Owais Jutt,4210159378786,,1956-10-19,1,Dubai,Karachi
TRV000483,Muhammad Waseem Yousafzai,6110161172208,Mubashir Yusufzai,1972-07-09,1,New York,Islamabad
TRV000915,M. Ali Chohan,4210154262737,WAQAR CH.,1969-01-16,2,Toronto; Istanbul,Karachi
TRV002595,Waqar Tareen,34101-6383924-1,,1970-04-02,7,New York; Kuala Lumpur; Jeddah; London,Gujranwala
TRV000277,Muhammed Ahmed Virk,3310018714018,Umar Virk,1968-04-21,5,Jeddah; Doha; Toronto; Istanbul,Faisalabad
TRV000988,Zeeshan Warraich,42101-5698104-6,MOHD HAMID WARRAICH,1963-04-20,5,Istanbul; Doha; New York; London,Karachi
TRV001450,Mohammad Jamil Wattoo,42101-9583598-3,Mohd Sufyan Wattoo,1981-04-06,6,Toronto; London; Kuala Lumpur; Doha,Karachi
TRV001889,Usama Sial,34101-9301312-8,Adnan Sial,1954-09-03,1,Baku,Gujranwala
TRV001623,Salman Rajput,33100-2087016-2,Mohammad Farhan Rajput,,4,New York; Doha; Toronto; Jeddah,Faisalabad
TRV000571,Muhammed  Naveed Gondal,,Engr. Mohammed Raza Gondal,1974-07-22,5,Toronto; New York; Jeddah; Dubai,Lahore
TRV000993,Zubaida Bajwa,,Sufayn Bajwa,,5,Bangkok; New York; Toronto; Baku,Quetta
TRV001399,Muhammed Rashid Baig,33100-7786833-3,Muhammad Zafar Begg,1981-07-04,2,Doha; Istanbul,Faisalabad
TRV002378,Mohammed Usama Lodhi,61101-3707947-7,Taimur Lodhi,1993-04-21,1,Toronto,Islamabad
TRV000585,Riaz Tareen,61101-1863950-1,Muhammad Feisal Tareen,1983-08-22,1,New York,Islamabad
TRV001567,Noman Sandhu,,Bilawal Sandhu,1953-11-22,1,Jeddah,Karachi
TRV002989,HASAN BAIG,3310012154104,Mohammed Hassan Baig,1952-08-23,2,Jeddah; Baku,Faisalabad
TRV001349,Mian Mohd Junaid Khokhar,34101-6013812-6,,,4,Baku; New York; Doha; Jeddah,Gujranwala
TRV002332,Muhammed Jamil Memon,37405-9830316-1,Fawad Memon,1954-01-26,4,Toronto; Dubai; London; Jeddah,Rawalpindi
TRV000674,Komal Khan,33100-5648602-8,Younis Khan,1999-11-07,8,Baku; Jeddah; Doha; Kuala Lumpur,Faisalabad
TRV001987,Muhammad Hussain Gujjar,42101-2393270-2,OMER GUJJAR,1950-02-18,5,Toronto; Baku; Dubai; New York,Karachi
TRV000855,Tahira Raja,3410196258108,Asad Raja,1975-09-02,1,Kuala Lumpur,Gujranwala
TRV000447,Farah Arain,,,1990-09-08,6,New York; Dubai; Bangkok; Jeddah,Rawalpindi
TRV002147,Adnan Niazi,,Engr. Mansoor Niazi,1961-09-04,4,Dubai; Baku; Istanbul; Doha,Karachi
TRV002751,Muhammad Omar Sial,,Muhammad Adnan Sial,1994-06-06,8,Istanbul; Baku; Dubai; Bangkok,Lahore
TRV001612,Muhammad Javed Rajput,,Muhammad Bashir Rajput,1999-06-10,7,Bangkok; Istanbul; New York; Baku,Sialkot
TRV002254,Jamil Khan,42101-7593166-8,Tariq Khan,1997-01-08,6,Toronto; New York; Kuala Lumpur; Doha,Karachi
TRV002671,Aiman Warraich,,Liaquat Warraich,1958-11-01,8,Istanbul; Doha; Baku; Bangkok,Gujranwala
TRV002381,Mahnoor Rajput,3310028819765,,1981-02-19,8,Kuala Lumpur; Bangkok; Toronto; Istanbul,Faisalabad
TRV001712,Shazia Wattoo,,OWAIS WATTOO,1999-08-07,7,Doha; Istanbul; Bangkok; Jeddah,Karachi
TRV002667,Muhammad Fahad Ansari,,Abdullah Ansari,1989-08-10,4,New York; Kuala Lumpur; Bangkok; Toronto,Karachi
TRV001247,M. Nawaz Dar,,Arif Dar,1968-12-25,7,Dubai; Baku; Bangkok; Istanbul,Karachi
TRV000294,Muhammad Ali Mughal,,Muhammad Ismail Mughal,1967-04-26,1,Baku,Sialkot
TRV000588,Muhammed Umar Zaidi,,Waqar Zaidi,1961-09-27,1,Jeddah,Islamabad
TRV001281,Pervez Warraich,,Faraz Warraich,1975-05-03,3,Bangkok; Dubai; Baku,Hyderabad
TRV001462,Muhammad Ahmad Zaidi,4210155836331,M. ARIF ZAIDI,1951-11-02,2,Kuala Lumpur; London,Karachi
TRV002467,Eman Kayani,33100-7424720-8,,1986-04-17,6,Bangkok; Doha; New York; London,Faisalabad
TRV001422,Imran Zaidi,17301-2989295-5,Moin Zaidi,1997-11-11,4,Istanbul; Doha; New York; Jeddah,Peshawar
TRV002248,Sufyan Siddiqui,3410190477542,Yousuf Siddiqui,,1,Istanbul,Gujranwala
TRV000425,Abid Raja,3120227211058,Mohd Ahmed Raja,,5,New York; Baku; Jeddah; Istanbul,Bahawalpur
TRV000534,Karim Virk,42101-9121846-4,Mohd Faisal Virk,1951-02-05,1,Doha,Karachi
TRV001054,M. Ismail Gujjar,,Mian M. Aamir Gujjar,1977-08-26,8,Jeddah; Baku; London; Bangkok,Islamabad
TRV001859,Mohd Usama Bhatti,,Rehan Bhatti,1995-03-04,2,Dubai; Jeddah,Peshawar
TRV002500,Muhammad Zubayr Abbasi,,Sajid Abbasi,1998-05-18,5,London; Baku; Doha; Dubai,Faisalabad
TRV001421,Hassan Mughal,,Dr. Mansoor Mughal,1978-03-12,8,Baku; Istanbul; Toronto; London,Rawalpindi
TRV000132,Sadia Butt,3630277234853,Mohammed Hussein Butt,1974-02-03,2,Baku; Bangkok,Multan
TRV001832,Muhammad Kamran Arain,35202-6980401-3,Ismail Arain,1991-08-01,4,Jeddah; Dubai; Baku; Toronto,Lahore
TRV001820,Haji Muhammad Asad Shah,61101-3521942-7,,,3,Toronto; New York; Jeddah,Islamabad
TRV000421,Fawad Sial,42101-2757793-1,Mohammd Asad Sial,1960-08-09,1,Istanbul,Karachi
TRV002654,M. Taimur Baig,35202-5898062-1,Zubair Begg,1957-12-19,3,Jeddah; Bangkok; Istanbul,Lahore
TRV002022,Muhammed Shahid Rajput,3520232188096,Mohammed Anwar Rajput,1983-12-25,5,New York; Baku; Bangkok; Toronto,Lahore
TRV001569,Muhammad Karim Khokhar,,Javed Khokhar,,8,Doha; Kuala Lumpur; Baku; Toronto,Peshawar
TRV001368,Mohd Zahid Sidiqui,,Mohammed Usama Siddiqi,1971-05-20,8,Baku; Doha; Dubai; Jeddah,Faisalabad
TRV000556,Muhammad Waseem Wattoo,42101-7640148-9,Mohammad Tanveer Wattoo,1970-05-10,6,Dubai; London; Doha; Kuala Lumpur,Karachi
TRV002037,Pervez Hashmi,41304-1966482-4,Zahid Hashmi,1983-06-20,2,Dubai; Toronto,Hyderabad
TRV002986,Muhammad Danish Rizvi,,Waleed Rizvi,1959-08-09,4,Toronto; Bangkok; Jeddah; New York,Karachi
TRV002817,Umar Mengal,17301-5854985-2,Hassan Mengal,1952-01-24,3,Kuala Lumpur; Toronto; New York,Peshawar
TRV000570,Rasheed Janjua,37405-4211770-8,Mehmood Janjua,1986-04-25,2,Kuala Lumpur; Toronto,Rawalpindi
TRV000352,Asif Zaidi,3740544229537,Muhammed Javaid Zaidi,1979-11-24,4,Jeddah; Doha; New York; Dubai,Rawalpindi
TRV000091,Ghulam Kazmi,42101-1614121-4,Raza Kazmi,1990-08-28,2,Toronto; New York,Karachi
TRV002120,Muhammed Fawad Kazmi,,Irfan Kazmi,,1,Dubai,Gujranwala
TRV002529,Bashir Abbasi,,,1965-10-08,6,Bangkok; Toronto; Dubai; Jeddah,Peshawar
TRV001170,FAWA DZAIDI,42101-6094890-9,M. Rizwan Zaidi,1967-12-15,8,Bangkok; London; Kuala Lumpur; Dubai,Karachi
TRV002005,Bashir Abbasi,41304-3631117-4,Jamil Abbasi,1967-02-10,4,New York; Baku; Kuala Lumpur; Jeddah,Hyderabad
TRV001285,Engr. Muhammed Asif Hamdani,,Zafar Hamdani,1991-11-04,6,Istanbul; Toronto; Kuala Lumpur; London,Gujranwala
TRV002889,Muhammad Junaid Rajput,42101-9575374-3,Hassan Rajput,1957-01-19,2,Toronto; London,Karachi
TRV002288,Fahad Khan,54400-2833611-4,M. Rizwan Khan,1961-08-12,8,New York; Jeddah; London; Istanbul,Quetta
TRV002718,Iqra Lodhi,,Muhammad Moin Lodhi,2000-01-28,1,Toronto,Quetta
TRV001572,Nida Bhutto,,Sohail Bhutto,1957-05-28,7,Istanbul; New York; Kuala Lumpur; London,Multan
TRV000697,Engr. Saad Kazmi,3520219361632,,1997-09-14,2,Kuala Lumpur; Bangkok,Lahore
TRV002502,Ismail Durrani,,Nadeem Durrani,,5,Baku; Jeddah; Dubai; Toronto,Gujranwala
TRV000348,Yousuf Sandhu,,Muhammed Bashir Sandhu,1960-11-16,3,Jeddah; New York; Toronto,Lahore
TRV001556,Uthman Gondal,,Zafar Gondal,,8,Kuala Lumpur; Baku; New York; Dubai,Islamabad
TRV002342,Muhmmad Waqar Hashmi,,Ismail Hashmi,1978-10-10,3,Jeddah; Doha; Toronto,Gujranwala
TRV002746,M. Nadeem Kyani,,Ghulam Kayani,1965-01-12,5,Istanbul; Jeddah; Baku; New York,Peshawar
TRV002302,Mohd Mazhar Tarar,37405-2121194-9,Mohammad Karim Tarar,,1,Kuala Lumpur,Rawalpindi
TRV001137,MUHAMMAD MUBASHIR WATTOO,,Saad Wattoo,1980-05-07,3,Istanbul; New York; Jeddah,Islamabad
TRV002698,Mahnoor Sati,17301-2471686-6,,1958-10-26,4,Istanbul; Toronto; New York; Dubai,Peshawar
TRV001448,Faisal Yousafzai,,Muhammad Yasir Yousafzai,1979-07-14,6,Toronto; Dubai; Jeddah; Baku,Rawalpindi
TRV002832,Mariam Yousafzai,42101-8852201-9,,1977-10-27,8,Jeddah; Kuala Lumpur; London; Doha,Karachi
TRV002816,Farah Warraich,,,2000-04-06,1,Jeddah,Lahore
TRV001339,Fariha Tareen,61101-3803518-3,Junaid Tareen,,8,Istanbul; Bangkok; Toronto; Jeddah,Islamabad
TRV002486,Engr. Mohd Owais Akhtar,,Ibrahim Akhtar,1976-04-17,5,Bangkok; Dubai; New York; Doha,Karachi
TRV000453,Ms. San Memon,31202-7205956-6,Mohammed Shafique Memon,1955-05-01,2,Dubai; Kuala Lumpur,Bahawalpur
TRV000913,ASIF ABBASI,35202-5434520-3,Adnan Abbasi,1955-09-07,7,Bangkok; Baku; Doha; London,Lahore
TRV001199,Mian Ahmed Abbas,,NADIM ABBAS,1990-08-25,6,Baku; Istanbul; Bangkok; New York,Lahore
TRV001274,Ayesha Lodhi,,,1965-09-02,4,Jeddah; Kuala Lumpur; Dubai; New York,Rawalpindi
TRV001861,Nida Maagsi,17301-4699287-9,Waleed Magsi,1965-06-12,5,Baku; Doha; Bangkok; Dubai,Peshawar
TRV000037,Shabana Warraich,33100-1883692-3,M. Bashir Warraich,1993-01-13,4,Kuala Lumpur; Toronto; Istanbul; Baku,Faisalabad
TRV000974,Mohammed Yasir Jutt,,Zobair Jutt,1965-03-16,8,Kuala Lumpur; London; Dubai; Bangkok,Lahore
TRV002766,Mohammed Waleed Bhutto,42101-1762913-7,Mehmood Bhutto,1976-06-09,8,Istanbul; Jeddah; Baku; Toronto,Karachi
TRV000983,Shaista Arain,,Muhammad Rasheed Arain,1992-08-20,5,Dubai; Bangkok; London; Kuala Lumpur,Islamabad
TRV001800,Muhammad Imran Niazi,4210147523993,M. Waqar Niazi,1967-05-07,4,Toronto; London; Kuala Lumpur; Bangkok,Karachi
TRV002095,Rukhsana Niazi,,M. Raza Niazi,1972-05-09,4,Bangkok; Toronto; Istanbul; Jeddah,Peshawar
TRV001418,Maira Raja,3120237465149,Waseem Raja,1954-12-18,6,New York; Baku; London; Jeddah,Bahawalpur
TRV001284,Muhammad Ibrahim Mengal,42101-8906825-9,Hammad Mengal,1975-07-28,1,Jeddah,Karachi
TRV000039,Hussain Baig,,SHAFIQ BEG,1950-07-12,8,London; Jeddah; Kuala Lumpur; Dubai,Karachi
TRV001780,ANIKA ZAIDI,,,1972-12-11,1,Kuala Lumpur,Rawalpindi
TRV000169,Ashraf Kazmi,6110186965079,Muhammed Younis Kazmi,1997-07-04,5,Toronto; Doha; Bangkok; Jeddah,Islamabad
TRV001355,Kashif Chaudhary,,Ghulam Chaudhary,1990-04-05,1,Jeddah,Islamabad
TRV000737,Muhammad Osman Khattak,41304-8483160-2,Shuaib KKhattak,1994-01-10,6,Doha; Dubai; Kuala Lumpur; Toronto,Hyderabad
TRV001815,Mohammad Imran Begg,,Khalid Baig,1997-06-26,8,Toronto; Istanbul; New York; Baku,Lahore
TRV002895,Haji Waleed Khattak,6110112764883,,1993-05-26,1,Dubai,Islamabad
TRV002494,Ms. Nazia Abbas,61101-9923467-5,M. Kasim Abbas,1956-02-08,3,Jeddah; Baku; Toronto,Islamabad
TRV000634,Haji Ali Wattoo,,Salman Wattoo,1985-04-06,2,Istanbul; Toronto,Multan
TRV002643,M. Shahzad Shah,4210191374217,ABID SHAH,1981-06-19,2,Doha; Bangkok,Karachi
TRV001913,Haroon Kazmi,,Aslam Kazmi,1953-02-24,2,Baku; Kuala Lumpur,Karachi
TRV001290,Dr. Muhammad Mubashir Jutt,,Ibrahim Jutt,1961-02-07,4,New York; Toronto; Dubai; Kuala Lumpur,Sialkot
TRV001380,Asma Khan,35202-9030761-7,Hammad Khan,,4,Bangkok; Jeddah; Doha; Kuala Lumpur,Lahore
TRV000579,TaimurK hokhar,4210147112256,Ejaz Khokhar,1991-11-20,4,Jeddah; Kuala Lumpur; Bangkok; Dubai,Karachi
TRV000328,Muhammad Riyaz Warraich,34603-9983324-8,M. Irfan Warraich,1984-03-02,1,Bangkok,Sialkot
TRV002991,Talha Niazi,34101-9023452-9,Mohammed Qasim Niazi,1977-03-18,8,Jeddah; New York; Doha; London,Gujranwala
TRV000892,Asad Hasmhi,,Mr. Muhammad Ghulam Hashmi,1954-11-19,8,Jeddah; Doha; Kuala Lumpur; Istanbul,Karachi
TRV001844,Liaquat Siddiqi,,Liaquat Siddiqui,2000-08-10,6,Toronto; Baku; London; Bangkok,Islamabad
TRV000780,Durdana Gujjar,3740593799989,Akram Gujjar,1988-02-19,7,Jeddah; Doha; Dubai; Toronto,Rawalpindi
TRV000159,Muhammed Said Zaidi,42101-9048449-2,Kamran Zaidi,1994-02-13,5,Bangkok; Istanbul; New York; Kuala Lumpur,Karachi
TRV002273,Hamid Khan,4210165229969,Jamil Khan,,4,Kuala Lumpur; New York; Baku; Toronto,Karachi
TRV002499,Rehan Niazi,42101-4121646-2,,1982-03-27,3,Baku; Jeddah; Dubai,Karachi
TRV002320,Nasreen Begum,35202-6248968-2,Mohd Nawaz Akhtar,,5,New York; Jeddah; Doha; Baku,Lahore
TRV000061,Muhammad Tariq Hashmi,42101-1701728-7,Haji Mahmood Hashmi,1999-10-24,4,New York; Doha; Dubai; Bangkok,Karachi
TRV000849,Sana Warraich,34101-2500380-4,Mazhar Warraich,1973-03-16,4,Bangkok; Baku; Doha; New York,Gujranwala
TRV002127,Muhammad Taimur Niazi,33100-4099354-3,Mohammad Jahangir Niazi,1959-07-01,8,Baku; London; Kuala Lumpur; Dubai,Faisalabad
TRV002951,Jahangir Hamdani,37405-3992105-6,Dr. Mehmood Hamdani,,7,Dubai; Bangkok; Doha; New York,Rawalpindi
TRV001043,Muhammad Iqbal Jamali,61101-3732121-5,Muhammad Waleed Jamali,1954-10-07,1,London,Islamabad
TRV002492,Muhammad Mudassar Bajwa,,Mohammed Bilawal Bajwa,1961-01-19,6,Baku; Toronto; Doha; Kuala Lumpur,Karachi
TRV001929,MUHAMMAD USMAN BUTT,3740522512235,Abid Butt,1962-02-09,7,Bangkok; Toronto; Dubai; Baku,Rawalpindi
TRV001650,Junaid Tarar,61101-3058997-4,Mohd Usman Tarar,1994-09-06,8,Doha; Kuala Lumpur; Jeddah; Bangkok,Islamabad
TRV001070,Fawad Rajput,,Mohammed Aslam Rajput,1991-03-08,3,Kuala Lumpur; New York; Dubai,Quetta
TRV000053,Shoaib Dar,,Iqbal Dar,1950-04-03,8,Istanbul; London; Doha; Dubai,Lahore
TRV000258,Ismail Sial,42101-5285200-6,,,4,Baku; Toronto; London; Jeddah,Karachi
TRV000505,Zobair Khokhar,35202-3023768-4,Pervez Khokhar,1991-08-28,3,Jeddah; Toronto; New York,Lahore
TRV000752,Ismail Siddiqi,6110122925162,Sohail Siddiqui,1966-11-01,5,Toronto; Dubai; Doha; Istanbul,Islamabad
TRV001972,Muhammad Umar Tarar,17301-6813316-1,,1965-05-20,1,Doha,Peshawar
TRV002638,Mian Mohammad Zubair Kakar,35202-9528281-2,Owais Kakar,,8,Kuala Lumpur; Dubai; Jeddah; New York,Lahore
TRV001990,Khadija Gujjar,61101-6442459-2,Muhammad Nawaz Gujjar,1964-10-23,3,Toronto; Dubai; Kuala Lumpur,Islamabad
TRV002171,Mr. Mohammed Rafiq Khattak,,Tanveer Khattak,1988-05-05,8,Kuala Lumpur; Jeddah; New York; London,Quetta
TRV002993,Zoya Arain,,,1955-05-17,6,Jeddah; London; Istanbul; Dubai,Rawalpindi
TRV002269,Muhammad Mudassar Khattak,,Mohammmed Rafiq Khattak,1995-06-10,1,New York,Islamabad
TRV001389,Mohd Asad Magsi,6110170525527,,1962-07-15,5,Jeddah; Toronto; London; New York,Islamabad
TRV001266,Eman Bibi,3520274785571,Sufyan Kazmi,1979-03-21,6,Toronto; Doha; Istanbul; Kuala Lumpur,Lahore
TRV002462,Shoib Satti,35202-4932714-5,Usama Satti,1962-06-06,3,Kuala Lumpur; Dubai; Jeddah,Lahore
TRV002783,Muhammad Bilawal Qureshi,,Muhammad Abdullah Qureishi,1954-04-25,3,Istanbul; Doha; Baku,Lahore
TRV000771,M. Wasim Khan,61101-9878544-8,Fhad Khan,1985-11-05,3,Jeddah; London; New York,Islamabad
TRV002798,Mohammed Asad Yousafzai,,TALHA YUSUFZAI,1956-09-12,4,Istanbul; Kuala Lumpur; New York; Dubai,Peshawar
TRV001752,Mst. Bushra Tareen,42101-6460129-1,Talha Tareen,1954-03-16,6,Jeddah; Bangkok; Istanbul; New York,Karachi
TRV002681,Mudassar Zaidi,35202-9893055-9,,1989-06-24,3,New York; London; Baku,Lahore
TRV001085,Muhammad Rafiq Kayani,35202-7176610-2,Aamir Kayani,1979-05-12,1,Dubai,Lahore
TRV002223,Muhammed Ismail Bhutto,61101-3048447-2,Arif Bhutto,1968-02-24,2,Toronto; Istanbul,Islamabad
TRV002954,Zobair Mirza,,Mohammed Adnan Mirza,1985-07-25,6,Jeddah; New York; Doha; Bangkok,Karachi
TRV001325,Javid Janjua,,ALI JANJUA,1972-06-08,3,Doha; Toronto; Bangkok,Lahore
TRV002117,Muhammad Ayaz Mughal,,Muhammad Asad Mughal,1962-12-05,2,Bangkok; New York,Karachi
TRV001551,Muhammad Adnan Jamali,41304-5874639-3,Aslam Jamali,1958-02-23,2,Kuala Lumpur; Baku,Hyderabad
TRV001710,Engr. Fawad Abbasi,,Mian Jamil Abbasi,2000-04-06,7,Kuala Lumpur; Toronto; Jeddah; Dubai,Lahore
TRV001642,ABIDA BIBI,37405-5052784-8,Mohammad Hamid Kazmi,1976-10-26,5,Istanbul; Dubai; Bangkok; Jeddah,Rawalpindi
TRV001876,Maryam Begum,,Mansoor Chaudhry,1981-11-19,1,Bangkok,Islamabad
TRV002764,Ayaz Marwat,3520240681558,RIAZ MARWAT,1988-10-08,3,Kuala Lumpur; Jeddah; Baku,Lahore
TRV001677,Nimra Sandhu,36302-9337688-2,Mohammad Zubair Sandhu,1969-02-15,1,New York,Multan
TRV001711,Muhammde Junaid Kazmi,35202-1012616-9,M. Akram Kazmi,,7,Istanbul; Toronto; Bangkok; London,Lahore
TRV001163,Muhammad Osman Sial,,Mohd Danish Sial,1955-09-09,7,Doha; Bangkok; London; Jeddah,Gujranwala
TRV000963,Aisha Lodhi,,Salman Lodhi,1958-03-24,6,Istanbul; London; Kuala Lumpur; Baku,Peshawar
TRV002898,Shbaana Gondal,54400-8745021-5,,1961-08-08,5,Toronto; Kuala Lumpur; Jeddah; Bangkok,Quetta
TRV002121,Aleena Rizvi,42101-4127052-2,Zafar Rizvi,1991-08-20,6,Dubai; New York; Doha; Istanbul,Karachi
TRV000398,Aslam Cheema,,M. Ghulam Cheema,1991-02-13,6,Toronto; Doha; London; Baku,Gujranwala
TRV000584,Zoya Sh.,,Muhammad Abid Sheikh,1976-12-09,2,Dubai; Toronto,Gujranwala
TRV000948,Haji M. Waleed Memon,35202-9795876-2,Faysal Memon,1990-03-02,2,New York; Baku,Lahore
TRV000704,Muhammad Hussain Memon,,Farhan Memon,1955-10-17,3,New York; Dubai; London,Islamabad
TRV000431,Zoya Baig,3520294384125,Muhammad Bilawal Baig,1992-01-13,8,Bangkok; Doha; Toronto; Kuala Lumpur,Lahore
TRV000292,Mohammed Aslam Awan,,Taimur Awan,1953-06-24,2,Toronto; Bangkok,Lahore
TRV000145,Shahid Qureishi,6110187535769,Jaamil Qureshi,,4,Dubai; London; Baku; Doha,Islamabad
TRV000323,Ismail Sandhu,,,1972-08-04,6,London; Dubai; Kuala Lumpur; Toronto,Rawalpindi
TRV002106,Tanveer Wattoo,3520282912509,Dr. Muhammad Kashif Wattoo,1970-07-23,8,New York; Jeddah; Toronto; Istanbul,Lahore
TRV001165,Dr. Liaquat Durrani,,Muhammda Abid Durrani,1973-01-07,5,Kuala Lumpur; Doha; Istanbul; New York,Lahore
TRV001452,Mohammad Liaquat Sial,35202-7845680-5,Mansoor Sial,1995-10-19,1,London,Lahore
TRV000002,IMRAN GEELANI,17301-7733402-2,Sadiq Gilani,1980-10-13,3,Toronto; Dubai,Peshawar
TRV000576,Ismail Jmali,61101-6948048-2,,1975-05-27,2,Toronto; Jeddah,Islamabad
TRV002296,BILAL DAR,35202-2294489-4,Kamran Dar,1971-10-06,4,London; Istanbul; Baku; Toronto,Lahore
TRV000339,Asad Abbasi,,Farhan Abasi,1999-02-20,7,Baku; Bangkok; Toronto; Jeddah,Islamabad
TRV001776,Farah Paracha,42101-4441613-9,Muhammad Pervez Paracha,1994-01-28,4,Baku; Jeddah; Toronto; Dubai,Karachi
TRV001728,Mian Rasheed Bhutto,42101-2308378-1,Waqar Bhutto,1969-02-26,8,Dubai; Toronto; Jeddah; Baku,Karachi
TRV000925,Waqar Gondal,61101-7100359-2,Salman Gondal,1960-10-04,6,Istanbul; Doha; Jeddah; Toronto,Islamabad
TRV000265,Usman Wattoo,42101-6075999-5,Mehmood Wattoo,,7,Doha; Bangkok; Dubai; Toronto,Karachi
TRV000376,Eman Niazi,3520286372405,Muhammad Tariq Niazi,1997-12-16,8,Jeddah; Toronto; Doha; New York,Lahore
TRV001864,MUHAMMED RASHID ABBAS,42101-3445100-3,Kamran Abbas,1956-04-19,2,Baku; Toronto,Karachi
TRV001463,Mohammad Zafar Khattak,35202-4968565-9,Ayaz Khattak,1995-06-27,5,Bangkok; Kuala Lumpur; New York; Baku,Lahore
TRV000271,Nawaz Bhatti,,Muhammed Rizwan Bhatti,1996-09-19,2,Toronto; Jeddah,Lahore
TRV000696,Mohammad Waleed Gillani,34101-2322708-6,Mohammad Iqbal Gilani,1952-01-15,3,New York; Istanbul; Doha,Gujranwala
TRV002969,Muhammad Asad Satti,37405-7157730-8,Muhammed Irfan Satti,1970-10-12,5,Jeddah; Dubai; Kuala Lumpur; London,Rawalpindi
TRV000244,Laiba Gilani,41304-5941615-4,Dnaish Gilani,1960-10-14,4,London; Bangkok; New York; Dubai,Hyderabad
TRV002809,Asad Ch.,,Pervez Chaudhry,1994-04-14,1,Baku,Faisalabad
TRV000476,Bushra Magsi,33100-7309611-1,Salman Magsi,1985-10-26,3,London; Jeddah; Doha,Faisalabad
TRV001691,Usman Niazi,31202-7899582-9,Mudassar Niazi,1956-01-12,1,Kuala Lumpur,Bahawalpur
TRV001718,Nida Satti,4210170312335,Irfan Satti,1998-11-18,4,Dubai; New York; Doha; Istanbul,Karachi
TRV002754,Kashif Zaidi,,M. Ibrahim Zaidi,1959-01-08,2,London; Doha,Karachi
TRV001672,Muhammad Moin Virk,35202-1270166-8,Asif Virk,1988-11-05,4,New York; London; Doha; Baku,Lahore
TRV002779,Mohd Ayaz Hashmi,,Muhammad Anwar Hashmi,1995-10-24,1,Dubai,Lahore
TRV002949,Anwar Kakar,,Ashraf Kakar,1958-05-10,6,Istanbul; Baku; Toronto; New York,Gujranwala
TRV002131,Zeeshan Abbas,42101-4918746-6,Naveed Abbas,1954-07-20,7,Kuala Lumpur; Dubai; Bangkok; Doha,Karachi
TRV002046,Rizwan Sandhu,35202-9453770-2,Muhammad Junaid Sandhu,1960-08-18,7,London; Istanbul; Baku; Doha,Lahore
TRV000250,Tooba Jamali,41304-7115217-4,Usman Jamali,1992-10-14,5,Bangkok; Jeddah; London; Toronto,Hyderabad
TRV000413,Hina Bibi,37405-3785892-5,Owais Kakar,1968-06-19,3,New York; Baku; Toronto,Rawalpindi
TRV000545,M. Tanveer Hashmi,,M. oNman Hashmi,1956-07-18,5,Bangkok; Baku; Toronto; Jeddah,Multan
TRV001193,Muhammad Hussian Raja,3520295186377,MOHD SUHAIL RAJA,1957-07-16,3,Jeddah; Toronto; Baku,Lahore
TRV000738,Nimra Bibi,4210172758321,Mohammad Hammad Arain,,1,London,Karachi
TRV000310,Bashir Awan,3410132098709,M. Abid Awan,1963-09-25,1,Bangkok,Gujranwala
TRV002982,Sehrish Khan,,Mohammad Waleed Khan,1998-07-21,4,London; Baku; Istanbul; Toronto,Bahawalpur
TRV000893,Nida Hamdani,,Mohammad Rashid Hamdani,1997-10-15,6,Bangkok; Dubai; New York; Toronto,Gujranwala
TRV001131,Mohammed Abid Paracha,3410121851734,Danish Paracha,1995-07-10,3,New York; Kuala Lumpur; Doha,Gujranwala
TRV001449,Fariha Gondal,,M. Hammad Gondal,1961-07-16,3,Toronto; Kuala Lumpur; New York,Sialkot
TRV002903,Dr. Aleena Niazi,42101-5293282-9,Ahmed Niazi,1960-04-15,5,Toronto; New York; Jeddah; Baku,Karachi
TRV000015,Komal Afridi,42101-8387112-2,Abdullah Afridi,1956-01-24,6,New York; Doha; Kuala Lumpur; Toronto,Karachi
TRV002351,Husain Khokhar,,Shahid Khokhar,1982-10-04,5,Dubai; Istanbul; Baku; Jeddah,Islamabad
TRV000721,Javeria Begg,35202-7248454-1,Ali Baig,,7,New York; Toronto; Doha; Jeddah,Lahore
TRV001420,Mr. Muhammad Adnan Lodhi,61101-9157554-4,Talha Lodhi,1956-01-04,3,London; Dubai; Istanbul,Islamabad
TRV002629,Muhammad Asad Sial,,,,3,Kuala Lumpur; Dubai; Doha,Bahawalpur
TRV000981,Mohammad Akram Tarar,3120284764581,Usama Tarar,1952-08-07,2,Jeddah; Toronto,Bahawalpur
TRV001869,M. Ali Jamali,,Talha Jamali,1997-02-21,2,Istanbul; New York,Bahawalpur
TRV001539,Dr. Rukhsana Bibi,,Saeed Sh.,,6,Toronto; Jeddah; Kuala Lumpur; Baku,Rawalpindi
TRV002526,Aiman Tarar,35202-8218320-5,Taimur Tarar,1985-11-21,4,Dubai; Istanbul; London; Kuala Lumpur,Lahore
TRV001550,Zubary Choudhry,,Mohd Usama Chaudhary,1982-10-05,4,Bangkok; Kuala Lumpur; Baku; Dubai,Bahawalpur
TRV002418,Mohammad Tanvir Abbasi,,,1987-10-17,5,Istanbul; Dubai; Doha; London,Gujranwala
TRV000363,Mst. Zubaida Janjua,,Muhammad Hassan Janjua,1975-06-04,6,Istanbul; Bangkok; Kuala Lumpur; London,Rawalpindi
TRV001991,Khalid Kazmi,,Nasir Kazmi,1962-07-25,2,Baku; Istanbul,Karachi
TRV000182,Mian Mohd Shafiq Cheema,61101-3551191-7,Khalid Cheema,1974-12-28,1,London,Islamabad
TRV000985,MUHAMMED ZEESHAN NAQVI,,Mohammed Yousuf Naqvi,1956-08-26,7,Doha; Bangkok; Istanbul; Dubai,Peshawar
TRV002299,Nasir Satti,,Mohammad Omer Satti,1960-02-23,6,Baku; London; Doha; Kuala Lumpur,Hyderabad
TRV001194,Asad Paracha,,Mohammed Saeed Paracha,1984-06-21,4,London; Istanbul; Kuala Lumpur; Bangkok,Faisalabad
TRV001764,MUHAMMAD RAFIQ JAMALI,,Mohammed Mehmood Jamali,1970-02-12,4,Bangkok; London; New York; Baku,Lahore
TRV001671,Maira Naqvi,42101-1834400-5,Shahzad Naqvi,1989-08-17,8,Toronto; London; Jeddah; Doha,Karachi
TRV001121,Farah Zaidi,,Anwar Zaidi,1953-11-04,3,Dubai; New York; Baku,Islamabad
TRV000187,Ghulam Niazi,1730180979758,Muhammad Tanveer Niazi,1964-11-14,5,Jeddah; New York; Istanbul; Doha,Peshawar
TRV000619,ANWAR SANDHU,3740573911144,,1994-06-21,6,Kuala Lumpur; Istanbul; Baku; Bangkok,Rawalpindi
TRV001608,ZUBAIDA CHAUDHRY,,,1966-09-22,8,Doha; Istanbul; Baku; London,Karachi
TRV001175,Mohammed Umar Gilani,31202-6287455-2,MUHAMMED TANVEER GEELANI,1994-02-10,1,Jeddah,Bahawalpur
TRV001182,Muhammad Mansoor Dar,36302-2720268-6,Mohammed Asad Dar,1951-07-28,7,London; New York; Baku; Dubai,Multan
TRV002380,Naila Mengal,3410141723025,Iqbal Mengal,1964-03-24,6,Bangkok; New York; Baku; Toronto,Gujranwala
TRV002196,Shaista Arain,41304-3937256-6,MUHAMMAD KAMRAN ARAIN,1996-12-12,4,Jeddah; Baku; Istanbul; Toronto,Hyderabad
TRV000614,Khadija Bibi,,Usman Malik,1960-05-03,4,London; Baku; Toronto; Doha,Faisalabad
TRV001513,Osman Bhutto,31202-3396661-4,Zahid Bhutto,,8,New York; Jeddah; Toronto; Kuala Lumpur,Bahawalpur
TRV001466,Haroon Afridi,35202-6328616-9,Junaid Afridi,1992-12-18,5,Baku; Toronto; Kuala Lumpur; New York,Lahore
TRV000401,Umar Qureshi,,Mohd Zafar Qureshi,1966-09-26,1,New York,Rawalpindi
TRV000994,Ghulam Gondal,4210135094454,,1961-06-12,5,Dubai; Doha; Toronto; London,Karachi
TRV000934,Khadija Khokhar,34101-7563086-4,Mohammad Moin Khokhar,,7,Doha; Kuala Lumpur; Bangkok; Jeddah,Gujranwala
TRV000371,Bashir Sheikh,61101-2250886-5,Haroon Sheikh,1958-01-06,1,Kuala Lumpur,Islamabad
TRV001916,Mohammed Saeed Hashmi,,Shahzad Hashmi,1971-02-02,3,Jeddah; Doha; Kuala Lumpur,Rawalpindi
TRV002162,Qasem Niazi,,Muhammed Omer Niazi,1960-11-16,7,Bangkok; Doha; Toronto; New York,Islamabad
TRV000593,Waqar Gondal,3410168308007,Shahzad Gondal,1974-08-18,8,Toronto; Dubai; Doha; Kuala Lumpur,Gujranwala
TRV001936,Mohammad Irfan Hashmi,35202-7616078-1,Nawaz Hashmi,1975-04-01,1,New York,Lahore
TRV000726,Adnan Soomro,,Muhammed Waleed Soomro,1983-10-16,6,New York; Dubai; Baku; Kuala Lumpur,Lahore
TRV000826,Junaid Yousafzai,,MuhammedAsad Yousafzai,1988-02-25,7,Toronto; Bangkok; Kuala Lumpur; Baku,Islamabad
TRV001670,Mohammed Naveed Begg,35202-9082312-6,Ghulam Begg,1998-12-22,8,London; Baku; Toronto; New York,Lahore
TRV000687,Saadia Bibi,,Mr. Muhammad Mudassar Jutt,1963-09-08,1,Doha,Gujranwala
TRV002211,Nadeem Abbas,34101-8500345-6,Mohd Waleed Abbas,1962-01-06,8,Dubai; Bangkok; Istanbul; New York,Gujranwala
TRV000136,Muhammad Sajid Zaidi,,Mohammed Shahid Zaidi,1989-04-09,7,Dubai; London; New York; Toronto,Lahore
TRV002446,Haji  Bilawal Raja,42101-6186775-1,Sufyan Raja,1982-12-22,2,New York; Jeddah,Karachi
TRV000628,Muhammed Younis Kakar,,,1997-02-09,1,Doha,Karachi
TRV000334,Mohd Shahzad Paracha,33100-1456598-2,Rizwan Paracha,1983-09-10,3,Istanbul; Dubai; Toronto,Faisalabad
TRV000390,Muhammad Jamil Abbas,,Irfan Abbas,1972-01-25,8,London; Bangkok; New York; Dubai,Islamabad
TRV002527,Ghulam Durrani,,,1960-02-28,6,Jeddah; Toronto; London; Kuala Lumpur,Lahore
TRV001109,Mohd Nadeem Abbas,35202-1550733-4,Haji Shahid Abbas,1967-03-26,2,London; Istanbul,Lahore
TRV001732,Mrs. ShaistaBibi,,Bilawal Wattoo,1955-07-16,3,Jeddah; New York; Doha,Faisalabad
TRV002694,Muhammad Mazhar Bhatti,42101-8888453-4,Dr. Mohammad Ali Bhatti,,5,Jeddah; New York; Doha; Baku,Karachi
TRV000710,Mrs. Naila Mirza,3740544398102,Faraz Mirza,1955-11-21,1,Toronto,Rawalpindi
TRV001039,Sehrish Khokhar,,M. Mazhar Khokhar,1978-12-03,2,Doha; Dubai,Karachi
TRV001945,Yousuf Khokhar,,Rizwan Khokhar,1956-01-26,3,Istanbul; Toronto; Kuala Lumpur,Hyderabad
TRV001845,Mohammed Waqar Khokhar,41304-7701349-4,Muhammad Khaled Khokhar,1976-03-15,5,Kuala Lumpur; Dubai; Istanbul; Doha,Hyderabad
TRV002591,Komal Kakar,1730178641292,MUHAMMAD AKRAM KAKAR,1959-02-26,1,Kuala Lumpur,Peshawar
TRV001561,Rafiq Kayani,42101-2372651-8,Mohd Danish Kayani,1982-01-21,8,Doha; London; Bangkok; Toronto,Karachi
TRV002753,Mohammad Iqbal Baig,35202-2918119-4,Asad Beg,1967-06-02,1,Istanbul,Lahore
TRV001594,Mohd Ahmed Khokhar,,Saad Khokhar,1980-06-24,4,Bangkok; Doha; Jeddah; Dubai,Sialkot
TRV002516,Zainab Kayani,,Qasim Kayani,1959-10-25,2,Bangkok; London,Lahore
TRV001112,Osman Cheema,35202-5521460-1,Muhammad Tariq Cheema,1978-02-05,3,New York; Baku; Dubai,Lahore
TRV000465,Shabana Jutt,35202-3312348-3,Muhammad Haroon Jutt,1974-05-14,5,Toronto; Jeddah; Bangkok; Doha,Lahore
TRV001560,Ali Hamdani,,Muhammad Bashir Hamdani,1952-08-11,2,Kuala Lumpur; Doha,Lahore
TRV001223,Adnan Warraich,,Arif Warraich,2000-03-22,1,Istanbul,Lahore
TRV001947,Hassan Cheema,,Moin Cheema,2000-10-17,1,Istanbul,Peshawar
TRV002962,Asma Naqvi,31202-6765499-3,Mohammed Ghulam Naqvi,1965-01-28,2,London; Istanbul,Bahawalpur
TRV002344,Nasir Janjua,3460341771504,Nadeem Janjua,1983-06-18,7,New York; London; Baku; Istanbul,Sialkot
TRV001508,Asif Khan,41304-8579709-6,M. Younis Khan,1952-07-06,3,Istanbul; Kuala Lumpur; London,Hyderabad
TRV001104,Muhammad Jamil Sial,42101-9286838-5,Rizwan Sial,1952-09-28,4,Jeddah; Toronto; Kuala Lumpur; New York,Karachi
TRV002941,Nasir Yousafzai,,Muhammad Ayaz Yousafzai,1957-10-01,3,London; Toronto; New York,Peshawar
TRV000338,M. Liaquat Mirza,17301-1791859-4,,1995-09-01,2,New York; Dubai,Peshawar
TRV000215,Jamil Satti,34603-4024807-2,Nawaz Satti,,5,Istanbul; Jeddah; Bangkok; Kuala Lumpur,Sialkot
TRV001615,Nazia Afridi,3740597364542,Muhammad Yasir Afridi,1966-04-12,8,Kuala Lumpur; Istanbul; Baku; Doha,Rawalpindi
TRV001911,Shahzad Soomro,,,1961-04-27,3,Jeddah; New York; Doha,Islamabad
TRV002510,Mudassar Awan,1730151708752,FarazAwan,1959-09-23,3,Doha; Kuala Lumpur; Baku,Peshawar
TRV002800,Uzma Kazmi,37405-3374620-4,Muhammed Umar Kazmi,1978-11-24,1,New York,Rawalpindi
TRV001592,Zafar Rizvi,4210172384932,Muhammad Tanveer Rizvi,,2,Bangkok; New York,Karachi
TRV001831,Mohammad Kamran Awan,41304-8897342-5,Mohd Nawaz Awan,1952-01-07,3,Dubai; London; Doha,Hyderabad
TRV002430,Mr. Muhammad Raza Marwat,,Pervez Marwat,1976-08-24,6,New York; Kuala Lumpur; Toronto; Istanbul,Hyderabad
TRV002617,Mohammed Ayaz Gujjar,,Mohd Asif Gujjar,1961-11-19,1,Istanbul,Sialkot
TRV000816,Nimra Butt,3630237215074,,1958-06-23,5,London; Jeddah; Doha; New York,Multan
TRV001067,Eman Begum,3520262961724,Dr. Bilal Mengal,1976-06-10,6,Toronto; London; Kuala Lumpur; New York,Lahore
TRV002080,Zenab Gondal,35202-2404145-1,Muhammad Abdullah Gondal,1961-06-10,2,Istanbul; Kuala Lumpur,Lahore
TRV000274,Sufyan Gondal,,Ghulam Gondal,1988-02-19,7,London; Kuala Lumpur; Doha; Baku,Gujranwala
TRV002240,Asif Mughal,,Mansoor Mughal,1985-07-10,2,Jeddah; Doha,Karachi
TRV000865,Younis Memon,37405-6799204-4,Mohammed Bilawal Memon,,1,Bangkok,Rawalpindi
TRV000101,Muhammad Naveed Akhtar,3740596491411,Muhammad Abid Akhtar,1991-08-02,8,Jeddah; New York; London; Istanbul,Rawalpindi
TRV001501,Mian Bilal Rizvi,42101-5254396-5,Bilal Rizvi,1958-03-10,2,Istanbul; Bangkok,Karachi
TRV002665,Muhammad Sajid Janjua,3520237441955,Taimur Janjua,1987-01-18,1,Dubai,Lahore
TRV000171,Waleed Siddiqui,37405-4315927-3,Mohammed Bilawal Siddiqui,1963-01-22,5,Doha; London; Jeddah; Baku,Rawalpindi
TRV000107,Mohammed Jamil Bhatti,,Mohammad Zafar Bhatti,1952-10-02,4,Doha; Kuala Lumpur; London; New York,Peshawar
TRV002901,Muhammad Wasim Paracha,33100-1889475-2,,1976-01-04,7,Toronto; New York; London; Istanbul,Faisalabad
TRV001521,Saeed Janjua,,Muhammad Akram Janjua,1956-09-16,4,Dubai; Doha; Kuala Lumpur; Jeddah,Rawalpindi
TRV002983,Nasrin Janjua,3120270615682,Muhammad Fawad Janjua,1963-12-17,3,Baku; London; Kuala Lumpur,Bahawalpur
TRV002744,Sajid Kazmi,,Mr. Taimur Kazmi,1977-12-16,6,Bangkok; London; Toronto; New York,Islamabad
TRV001949,Muhammad Hussein Afridi,,Nawaz Afridi,1951-10-21,4,London; Kuala Lumpur; New York; Bangkok,Rawalpindi
TRV001918,M. Mudassar Abbas,,Waseem Abbas,1975-01-18,3,London; Dubai; Toronto,Peshawar
TRV002896,Mrs. Fariha Zaidi,,Rizwan Zaidi,1979-09-01,5,Jeddah; Istanbul; Toronto; Doha,Hyderabad
TRV001956,Muhammad Tariq Bhutto,,Farhan Bhutto,,2,Bangkok; Jeddah,Lahore
TRV002246,Mohd Sajid Yousafzai,34101-8014526-6,Mohammed Talha Yousafzai,1972-11-06,3,Bangkok; Doha; Baku,Gujranwala
TRV002887,Adnan Bajwa,,Salman Bajwa,1982-02-19,6,London; Doha; Istanbul; Toronto,Sialkot
TRV002571,Muhammad Mazhar Marwat,42101-2714806-1,,,5,Dubai; Bangkok; Istanbul; Toronto,Karachi
TRV001754,Rukhsana Ansari,,Mr. Muhammad Sajid Ansari,1961-09-25,7,Istanbul; Jeddah; Kuala Lumpur; Bangkok,Islamabad
TRV000295,Dr. M. Noman Jutt,4130471886703,Muhammad Sajid Jutt,1982-06-17,4,Baku; Bangkok; Doha; New York,Hyderabad
TRV000712,Khadija Kayani,54400-4283671-2,Mohammed Shafiq Kayani,1966-03-27,6,Baku; Jeddah; Dubai; Bangkok,Quetta
TRV000072,Mrs. Nimra Sial,,M. Rizwan Sial,1996-07-23,8,Bangkok; Istanbul; London; Baku,Lahore
TRV002362,Muhammad Ejaz Hamdani,3740568616113,Muhammed Bilawal Hamdani,1989-06-02,6,Istanbul; Doha; New York; Toronto,Rawalpindi
TRV002546,Muhammad Mudassar Mirza,42101-3668318-9,,1952-01-14,3,New York; Doha; Jeddah,Karachi
TRV002714,Muhammad Moin Gujjar,3630211552781,Shahid Gujjar,1962-09-05,1,Kuala Lumpur,Multan
TRV002881,Mohammad Karim Arain,41304-3706611-6,Muhammed Imran Arain,1978-03-27,5,London; Jeddah; Istanbul; Kuala Lumpur,Hyderabad
TRV000481,Mohd Javid Abbasi,35202-1265468-2,Mohd Shahid Abbasi,1997-01-15,3,New York; Bangkok; Istanbul,Lahore
TRV002422,Muhammad Khaled Kazmi,,Muhammad Ejaz Kazmi,1952-03-05,5,Toronto; Bangkok; London; New York,Lahore
TRV001530,Liaquat Gujjar,42101-6288105-5,Mehmood Gujjar,1957-01-08,4,Bangkok; Baku; London; Istanbul,Karachi
TRV002032,Pervez Abbasi,17301-2492187-7,M. Asad Abbasi,1958-12-01,1,Bangkok,Peshawar
TRV001514,Mohammad Nadim Tarar,31202-3553892-5,Yousuf Tarar,1989-09-05,3,Istanbul; Toronto; London,Bahawalpur
TRV002956,Muhammad Haroon Bajwa,3410124417345,Faisal Bajwa,1963-07-06,5,Baku; Kuala Lumpur; Bangkok; New York,Gujranwala
TRV001490,Muhammad Zubair Chheema,31202-3656227-8,,1965-01-10,8,London; Dubai; Jeddah; Istanbul,Bahawalpur
TRV001171,Riyaz Marwat,3630266403467,M. Hussin Marwat,1966-10-25,2,London; Toronto,Multan
TRV002448,Zubaida Baig,42101-9736868-1,Asad Baig,1976-04-11,7,Dubai; London; Doha; Kuala Lumpur,Karachi
TRV002011,Mohammad Nadim Sandhu,34603-6845071-9,Muhammad Nasir Sandhu,1998-09-20,4,London; Toronto; Jeddah; Istanbul,Sialkot
TRV002071,Saba Begum,,Haroon Gondal,1996-01-03,3,Jeddah; Doha; New York,Multan
TRV002212,Noman Kazmi,34101-5588067-6,Shuaib Kazmi,1973-06-10,2,Jeddah; Istanbul,Gujranwala
TRV002791,Anika Afridi,,Engr. Waleed Afridi,1981-10-28,1,Bangkok,Lahore
TRV000405,Muhammed Abid Gondal,,Muhammad Bashir Gondal,,8,Toronto; London; New York; Kuala Lumpur,Peshawar
TRV000757,Mohammad Nadeem Abbasi,31202-3392964-6,Mohd Mazhar Abbasi,1982-09-04,6,Istanbul; New York; Baku; London,Bahawalpur
TRV001950,FAHAD RIZVI,35202-2525071-4,Muhammad Shahid Rizvi,1976-10-19,6,Jeddah; Baku; Istanbul; Doha,Lahore
TRV002181,M. Aamir Durrani,,Muhammad Iqbal Durrani,1959-07-23,3,Jeddah; Dubai; Toronto,Karachi
TRV001874,Zahid Baig,3740524005161,Muhammed Abdullah Baig,1976-04-10,1,Bangkok,Rawalpindi
TRV000097,Mohammad Aslam Awan,54400-8779155-7,Mian Mansoor Awan,1955-11-15,8,Jeddah; London; Doha; Istanbul,Quetta
TRV001333,Hasan Kayani,42101-3317899-7,Farhan Kayani,1973-03-10,1,Toronto,Karachi
TRV002749,Arif Siddiqui,,Muhammad Zubair Siddiqui,1986-03-22,5,Kuala Lumpur; Jeddah; Doha; Toronto,Rawalpindi
TRV000743,Mohammad Tanveer Abbas,,Bilawal Abbas,1962-12-04,4,Doha; New York; Toronto; Dubai,Karachi
TRV000806,Mohammed Irfan Paracha,4210196583996,Engr. Ali Paracha,1977-05-27,1,London,Karachi
TRV002765,Rida Marwat,,Muhammad Saeed Marwat,1957-10-12,6,Dubai; Kuala Lumpur; Istanbul; Toronto,Rawalpindi
TRV001891,Nida Gondal,,Muhammad Naveed Gondal,,7,Kuala Lumpur; Dubai; Toronto; New York,Sialkot
TRV002495,Mohammed Yousuf Khokhar,35202-6372965-9,Muhammed Bashir Khokhar,1988-08-19,4,Bangkok; London; New York; Toronto,Lahore
TRV001535,Aamir Raja,42101-1227922-5,Navid Raaja,,1,Baku,Karachi
TRV002136,Sadia Bhatti,,Owaais Bhatti,1998-07-19,7,Istanbul; Toronto; London; Doha,Karachi
TRV002004,Mohammad Sufyan Butt,34603-9720238-1,Muhammad Jamil Butt,1979-12-20,7,Doha; Istanbul; New York; London,Sialkot
TRV000148,Mohammed Faisal Khattak,,Muhammad Ashraf Khattak,1995-07-20,4,Baku; Doha; New York; Kuala Lumpur,Karachi
TRV002664,Waqar Niazi,,,1979-01-17,5,Doha; Dubai; Kuala Lumpur; Jeddah,Karachi
TRV002051,Muhammad Akram Virk,,,1990-01-02,5,Istanbul; Doha; Dubai; Toronto,Multan
TRV001897,Muhammad Tanvir Hamdani,,M. Ayaz Hamdani,1979-03-06,5,Istanbul; Baku; London; Dubai,Lahore
TRV001315,Sajid Gilani,,,1994-11-17,4,Bangkok; Toronto; Baku; Kuala Lumpur,Peshawar
TRV000692,Tooba Dar,34101-6518690-1,JAMIL DAR,1991-11-13,5,Bangkok; London; Dubai; Toronto,Gujranwala
TRV000818,Javeria Shah,35202-9028604-7,Fawad Shah,1959-10-06,2,New York; Kuala Lumpur,Lahore
TRV001386,ASAD SATTI,,M. Mubashir Satti,1952-09-19,1,Dubai,Islamabad
TRV002686,Zeeshan Ansari,,Zafar Ansari,1976-02-27,2,Toronto; Dubai,Rawalpindi
TRV002054,Rehan Bhatti,,Riaz Bhatti,1967-04-04,8,New York; London; Dubai; Kuala Lumpur,Karachi
TRV001599,Muhammed Rashid Geelani,42101-4975091-9,Mohammed Salman Gilani,1967-08-04,3,London; Doha; Bangkok,Karachi
TRV002357,Aamir Marwat,37405-4055094-8,Mohammad Sohail Marwat,1970-10-18,1,New York,Rawalpindi
TRV002453,Rabia Magsi,,Yasir Magsi,1975-03-25,1,Bangkok,Faisalabad
TRV000701,Muhammad Noman Jutt,,Mohammad Nasir Jutt,1981-11-21,4,Toronto; London; Doha; Bangkok,Peshawar
TRV001873,Mishal Jamali,,Engr. Mohammad Mansoor Jamali,1970-01-18,1,Doha,Karachi
TRV002652,Mrs. Shagufta Cheema,1730142082961,Sufyan Cheema,1991-12-06,5,Dubai; Toronto; Bangkok; London,Peshawar
TRV000921,Ms. Shazia Lodhi,,Haroon Lodhi,,8,Kuala Lumpur; Toronto; New York; Jeddah,Rawalpindi
TRV001424,Laiba Gilani,4210181817242,Nawaz Gillani,1957-11-13,5,Bangkok; Toronto; Kuala Lumpur; Baku,Karachi
TRV001708,Anwar Kakar,,Mohammed Irfan Kakar,1994-05-27,8,Bangkok; Dubai; Doha; Istanbul,Peshawar
TRV000905,Riyaz Bajwa,,Haji Shahzad Bajwa,1993-09-10,8,Jeddah; Dubai; London; New York,Islamabad
TRV000454,Engr. Muhammed Faisal Wattoo,33100-2004591-9,Muhammad Danish Wattoo,1973-10-11,8,Doha; Istanbul; Jeddah; Kuala Lumpur,Faisalabad
TRV002079,Mohammad Ashraf Zaidi,34101-2388574-6,M. Javed Zaidi,1953-02-12,4,Doha; New York; London; Istanbul,Gujranwala
TRV002653,Mian Bilal Soomro,37405-1733447-8,Mohammad Rasheed Soomro,,5,Doha; New York; Kuala Lumpur; London,Rawalpindi
TRV001766,Nida Ansari,,Mohd Saied Ansari,,8,New York; Dubai; Bangkok; Kuala Lumpur,Rawalpindi
TRV000167,Ibrahim Mughal,61101-5708829-6,Mohammad Karim Mughal,,2,Jeddah; Baku,Islamabad
TRV000730,Haji Mohammed Mehmood Ansari,34101-6556977-2,Zubair Ansari,,4,Dubai; Baku; London; Istanbul,Gujranwala
TRV002155,Rehan Siddiqui,,Mohammed Hamid Siddiqui,1999-12-23,7,Baku; New York; Doha; Istanbul,Lahore
TRV001310,Ashraf Qureishi,41304-5069964-2,Faraz Quraishi,1954-01-21,1,London,Hyderabad
TRV000026,Fahad Virk,,Yasir Virk,1981-12-09,8,Bangkok; Toronto; Istanbul; Jeddah,Lahore
TRV001963,Ramsha Siddiqui,35202-2060540-3,Ayaz Siddiqui,1997-07-18,8,Dubai; London; Bangkok; Doha,Lahore
TRV001652,Muhammad Talha Sandhu,35202-5888924-3,Nasir Sandhu,1990-08-04,3,Kuala Lumpur; Bangkok; Jeddah,Lahore
TRV001622,Bilal Sial,3520295447268,Mian Bashir Sial,1985-07-01,5,Toronto; London; Bangkok; Doha,Lahore
TRV000587,Haroon Kayani,,,1996-07-17,6,Kuala Lumpur; New York; Toronto; Jeddah,Islamabad
TRV002010,Muhammad Hassan Sial,,Muhammad Naveed Sial,1979-06-17,6,Istanbul; Bangkok; Jeddah; Toronto,Lahore
TRV000997,Salman Butt,,Muhammad Jamil Butt,1955-01-23,3,Bangkok; New York; Doha,Karachi
TRV001176,TAIMUR DAR,,,1953-05-12,8,London; New York; Istanbul; Toronto,Lahore
TRV001700,Haji Yasir Ansari,3460354243785,,1982-12-07,5,Bangkok; Dubai; Doha; New York,Sialkot
TRV001040,Nida Bibi,4210199917974,Dr. Muhammad Ibrahim Wattoo,1959-03-21,8,Jeddah; London; Dubai; New York,Karachi
TRV000033,Tanvir Gondal,3520224219023,Muhammad Rean Gondal,1969-04-10,2,Baku; London,Lahore
TRV001804,Mian Muhammed Karim Kakar,4210132612315,M. Ahmed Kakar,,8,Baku; Bangkok; Kuala Lumpur; Jeddah,Karachi
TRV002364,Muhammad Zeeshan Gujjar,3310075433238,Muhammad Raza Gujjar,1978-06-16,8,Kuala Lumpur; Jeddah; Doha; New York,Faisalabad
TRV001379,Shagufta Baig,,Dr. Anwar Baig,,2,Doha; London,Peshawar
TRV000041,Mohd Mudassar Mengal,,,,1,Toronto,Hyderabad
TRV001786,Yasir Afrdii,,Saad Afridi,1993-10-06,1,London,Multan
TRV002186,Muhammad Saad Raja,,Muhammad Jahangir Raja,1999-06-26,3,Bangkok; Baku; Kuala Lumpur,Rawalpindi
TRV002602,Nida Bajwa,42101-8423251-6,M. Waleed Bajwa,,5,Jeddah; New York; Toronto; Istanbul,Karachi
TRV001966,Fawad Butt,33100-3160631-6,Muhammed Hamid Butt,,1,Bangkok,Faisalabad
TRV001805,Liaquat Bajwa,41304-3596699-5,Yousuf Bajwa,1959-10-06,7,New York; London; Jeddah; Doha,Hyderabad
TRV002740,Ejaz Shah,34603-6560466-3,Muhammad Bilawal Shah,1989-02-22,4,London; Jeddah; Toronto; Bangkok,Sialkot
TRV000609,ARIF MALIK,3740592842883,Hamid Malik,1998-06-11,6,Kuala Lumpur; New York; Istanbul; Baku,Rawalpindi
TRV001132,Sadia Begum,33100-4634105-9,Abdullah Tarar,,1,Dubai,Faisalabad
TRV000028,Sameena Marwat,,,1972-08-15,1,New York,Gujranwala
TRV000441,Mansoor Khokhar,,,1990-04-21,2,New York; Bangkok,Islamabad
TRV001938,OMAR CHAUDHRY,3740550775579,Jamil Ch.,2000-06-13,5,Toronto; Dubai; Jeddah; Istanbul,Rawalpindi
TRV002157,Usman Ch.,37405-7792499-6,Waseem Chaudhry,1957-02-25,6,Bangkok; Kuala Lumpur; London; Baku,Rawalpindi
TRV000493,Zubaida Kahttak,61101-4961827-7,,,4,Jeddah; Doha; Toronto; London,Islamabad
TRV001258,Muhammad Danish Akhtar,6110196588916,,1970-12-19,7,Doha; Dubai; New York; London,Islamabad
TRV001301,Hammad Marwat,37405-1723235-3,Ashraf Marwat,2000-03-27,3,Bangkok; Jeddah; Doha,Rawalpindi
TRV002606,Ahmed Arain,42101-5711759-2,Uthman Arain,1977-06-01,8,Jeddah; Kuala Lumpur; London; Dubai,Karachi
TRV001382,Sajid Virk,,Ibrahim Virk,1970-06-02,6,London; Kuala Lumpur; Jeddah; Istanbul,Gujranwala
TRV001304,Mian Yousuf Khan,42101-5241678-2,Muhammad Liaquat Khan,,4,New York; Baku; Doha; Jeddah,Karachi
TRV000236,Muhammad Wasim Khokhar,37405-3075757-2,Haji Ejaz Khokhar,,2,New York; Bangkok,Rawalpindi
TRV000551,Bashir Hashhmi,,Muhammad Saeed Hashmi,,8,Bangkok; New York; London; Jeddah,Peshawar
TRV000520,Shahzad Lodhi,,,1990-06-14,8,Bangkok; Doha; Baku; Toronto,Hyderabad
TRV002213,Muhammad Pervez Gujjar,54400-9774332-7,Mohammad Fawad Gujjar,1959-08-10,8,Istanbul; Baku; Doha; Dubai,Quetta
TRV001232,Muhammed Moin Gondal,,Dr. Kamran Gondal,1956-08-20,1,Doha,Lahore
TRV001138,Nasreen Begum,1730174628605,,1993-10-04,8,Dubai; Baku; Doha; Bangkok,Peshawar
TRV000720,Mohd Mazhar Yousafzai,35202-1923307-4,Waleed Yousafzai,1957-02-08,3,London; Doha; Dubai,Lahore
TRV000735,Mohammad Shoaib Paracha,,Muhammad Hassan Paracha,1958-12-09,7,Istanbul; London; Jeddah; New York,Quetta
TRV002649,Talha Tareen,3410144604929,Muhammed Yasir Tareen,1977-03-24,6,Kuala Lumpur; Toronto; Doha; Jeddah,Gujranwala
TRV001750,Jamil Begg,,Sufyan Beg,1959-09-26,2,Kuala Lumpur; Doha,Rawalpindi
TRV000058,Hammad Afridi,3630270469551,Mohd Raza Afridi,1962-04-21,1,Toronto,Multan
TRV000631,Dr. Bilal Gujjar,,Muhammad Kamran Gujjar,1972-03-19,5,Dubai; New York; Kuala Lumpur; Baku,Rawalpindi
TRV001181,Nadeem Abbasi,37405-3618877-8,Talha Abbasi,1997-06-15,6,Dubai; Doha; Toronto; Bangkok,Rawalpindi
TRV002724,Muhammad Fawad Bhutto,3520236091225,Mohd Hammad Bhutto,1977-05-24,3,Baku; London; Doha,Lahore
TRV000592,Mr. Khaled Gujjar,5440064073567,Riaz Gujjar,,8,Toronto; Dubai; Jeddah; London,Quetta
TRV001303,Mahnoor Khan,37405-3515568-1,Mohammad Shafique Khan,1973-02-26,8,Istanbul; Baku; Doha; London,Rawalpindi
TRV001387,Hina Sandhu,,Omar Sandhu,1964-07-02,8,London; Baku; Doha; New York,Karachi
TRV002611,Muhammed Haroon Afridi,,Muhammad Fahad Afridi,1983-04-23,3,Bangkok; Baku; Jeddah,Islamabad
TRV002626,Bilal Geelani,,MOHD ZAHID GILLANI,1992-03-23,8,Istanbul; Baku; New York; Kuala Lumpur,Rawalpindi
TRV001840,Muhammad Imran Awan,37405-6170428-3,Muhammad Zubair Awan,1956-12-25,1,Jeddah,Rawalpindi
TRV000939,Noor Khokhar,35202-9053827-8,Ghulam Khokhar,1985-08-21,5,Doha; Kuala Lumpur; Toronto; Dubai,Lahore
TRV002784,SIDRA KHATTAK,36302-5024074-1,Imran Khattak,1994-03-17,1,London,Multan
TRV001249,Mohammad Shahid Marwat,35202-3544121-9,Mian Ejaz Marwat,1951-11-27,3,Dubai; London; Bangkok,Lahore
TRV000904,Muhammed Usman Khattak,42101-2777851-2,Mubashir Khattak,1961-12-24,8,New York; Jeddah; Toronto; Bangkok,Karachi
TRV002539,Shafiq Kazmi,34101-5194887-4,Usama Kazmi,1996-10-15,4,Istanbul; Baku; Doha; Dubai,Gujranwala
TRV001279,Robina Marwat,37405-2421973-4,Irfan Marwat,1981-02-21,5,Bangkok; Istanbul; Jeddah; New York,Rawalpindi
TRV002398,Sohail Arain,35202-3379591-6,Muhammed Zahid Arain,1982-12-21,5,Baku; Toronto; Istanbul; New York,Lahore
TRV002875,Mohammed Waqar Mirza,42101-2743570-5,,2000-03-22,2,Dubai; Toronto,Karachi
TRV002124,Mian Mohammad Liaquat Mirza,,Raza Mirza,1997-04-28,5,Istanbul; Jeddah; Baku; Doha,Gujranwala
TRV002383,Nida Wattoo,,Engr. Muhammad Naveed Wattoo,1972-07-05,1,Istanbul,Peshawar
TRV002359,Raza Qureishi,,Muhammad Riyaz Quraishi,2000-09-15,6,Dubai; London; Istanbul; Baku,Bahawalpur
TRV001142,ASLAM ARAIN,42101-9294712-3,IRFAN ARAIN,1953-10-25,1,Doha,Karachi
TRV002377,Engr. Mohammed Bashir Abbasi,,Mohd Ejaz Abbasi,1993-06-27,5,Jeddah; Kuala Lumpur; Baku; London,Rawalpindi
TRV000706,Muhammad Jahangir Shah,,Engr. Muhammed Ahmed Shah,1979-04-25,4,Istanbul; Toronto; Baku; Jeddah,Multan
TRV002637,Laiba Soomro,,Abid Soomro,1994-07-22,4,Baku; Bangkok; London; Istanbul,Karachi
TRV001022,Robina Raja,36302-7774584-6,Muhammed Tariq Raja,1955-05-08,8,Jeddah; Toronto; New York; Dubai,Multan
TRV000745,Taimur Wattoo,33100-4743125-1,Mohammed Mubashir Wattoo,1954-03-24,3,Baku; New York; Istanbul,Faisalabad
TRV001546,Muhammed Bashir Wattoo,35202-4308761-1,Muhammad Aamir Wattoo,1973-01-28,1,Istanbul,Lahore
TRV002353,Shoabi Kakar,,Salman Kakar,1979-07-28,5,Toronto; New York; Baku; Bangkok,Quetta
TRV002040,Hira Paracha,54400-8217976-5,Jahangir Paracha,1965-01-27,7,Doha; New York; Baku; London,Quetta
TRV000513,M. Nawaz Tareen,,Muhammad Mudassar Tareen,1964-11-05,7,London; New York; Bangkok; Doha,Gujranwala
TRV000081,Muhammed Bilawal Marwat,17301-7517462-1,Mohammad Jahangir Marwat,1978-05-03,5,Jeddah; Toronto; New York; Kuala Lumpur,Peshawar
TRV002657,Tanveer Bhattti,34101-2326822-3,,1964-03-03,1,Jeddah,Gujranwala
TRV001308,Mr. Muhammad Abdullah Janjua,,M. Nadeem Janjua,1992-09-07,7,Baku; Istanbul; Doha; Kuala Lumpur,Lahore
TRV002600,Muhammad Hussain Arain,34101-8927192-2,Muhammad Younis Arain,1958-07-26,2,Bangkok; New York,Gujranwala
TRV000914,Nawaz Beg,54400-5791467-5,,1999-11-17,2,Toronto; London,Quetta
TRV001404,Samina Raja,35202-2207383-5,Mohd Mansoor Raja,1974-01-02,5,Baku; Kuala Lumpur; Jeddah; Istanbul,Lahore
TRV001647,Zeeshan Siddiqui,54400-2948351-4,Muhammad Mansoor Sidiqui,1989-04-09,5,Toronto; Dubai; New York; Kuala Lumpur,Quetta
TRV002756,Warda Lodhi,34603-6883171-7,Mohammed Riaz Lodhi,,6,London; Toronto; Kuala Lumpur; Istanbul,Sialkot
TRV001108,Muhammad Junaid Memon,3520255119449,Mohammed Mudassar Memon,1956-11-23,3,New York; Bangkok; Toronto,Lahore
TRV000150,Ismail Khokhar,42101-9228643-1,Muhammad Jamil Khokhar,1955-06-18,3,Kuala Lumpur; Dubai; New York,Karachi
TRV002722,Komal Mirza,1730164601751,Haji Mubashir Mirza,1995-08-26,3,New York; Bangkok; Doha,Peshawar
TRV000774,Mazhar Sandhu,42101-9651405-3,Mohammad Shafique Sandhu,1983-03-15,1,Toronto,Karachi
TRV000329,Abid Shah,,,1959-01-26,8,Dubai; Kuala Lumpur; Istanbul; Doha,Islamabad
TRV000006,Nasreen Chaudhry,,Bilawal Chaudhry,1980-11-14,6,Jeddah; Istanbul; New York; Baku,Karachi
TRV000943,Dr. Mohd Yousuf Jamali,,M. Mazhar Jamali,1992-01-24,7,New York; Doha; London; Dubai,Islamabad
TRV000822,Mohammad Sajid Gilani,,Owais Geelani,1985-09-05,5,Baku; Doha; Toronto; Istanbul,Rawalpindi
TRV000734,M. Mazhar Bhutto,,Ahmad Bhutto,1992-09-23,8,Dubai; Jeddah; Bangkok; New York,Islamabad
TRV000909,Mohammad Saad Dar,,M. Nawaz Dar,1987-01-15,1,New York,Islamabad
TRV000468,Nida Ansari,,Mohammed Shafiq Ansari,1980-09-16,2,New York; Bangkok,Quetta
TRV000181,SAAD GUJJAR,35202-2107585-2,Ejaz Gujjar,1982-08-21,7,Doha; Toronto; Istanbul; Bangkok,Lahore
TRV000164,Imran Mirza,,Muhammad Salman Mirza,1995-10-25,7,New York; Doha; Toronto; Kuala Lumpur,Peshawar
TRV001523,Dr. M. Bilawal Lodhi,,Muhammad Ibrahim Lodhi,1963-06-28,4,Toronto; Baku; Bangkok; London,Quetta
TRV000451,Moin Begg,35202-3415482-4,Rashid Baig,1962-08-08,8,Jeddah; Kuala Lumpur; Toronto; Dubai,Lahore
TRV000490,Ramsha Bibi,61101-7283491-7,Muhammad Talha Sial,1968-12-19,6,Doha; Dubai; Baku; Bangkok,Islamabad
TRV002805,Said Afridi,41304-2832768-2,,,1,Baku,Hyderabad
TRV001143,Moin Niazi,33100-7460402-5,Waqar Niazi,1962-07-03,4,New York; Bangkok; Istanbul; Toronto,Faisalabad
TRV001311,Tariq Paracha,61101-1801249-9,Muhammad Abdullah Paracha,1965-02-08,3,London; New York; Baku,Islamabad
TRV002238,Junaid Bhutto,4210130090507,Zubair Bhutto,1959-10-06,1,Istanbul,Karachi
TRV001111,Sadia Tarar,,Rafiq Tarar,1978-08-23,4,Doha; Istanbul; Baku; Bangkok,Karachi
TRV002850,Muhammed Mansoor Yousafzai,3520273658285,Muhammad Rashid Yousafzai,,7,London; New York; Istanbul; Bangkok,Lahore
TRV001971,Mohammed Iqbal Soomro,3120233336357,Jamil Soomro,1987-08-04,4,Toronto; Doha; Kuala Lumpur; New York,Bahawalpur
TRV001441,Haji Muhammad Naveed Chaudhry,,Mr. Sufyan Chaudhary,1976-05-12,1,Baku,Rawalpindi
TRV002710,Mahnoor Lodhi,17301-1133417-5,Mohd Rafique Lodhi,1994-02-21,3,New York; Doha; London,Peshawar
TRV001006,Mahnoor Cheema,61101-5480683-8,Zeeshan Cheema,1960-02-09,1,Dubai,Islamabad
TRV001627,Rafiq Raja,17301-9300515-4,Mohd Shahzad Raja,1979-05-11,7,Dubai; Toronto; Doha; New York,Peshawar
TRV001632,Taimur Memon,36302-7673420-3,Danish Memon,,1,New York,Multan
TRV001074,Shabana Arain,42101-5853397-9,Muhammad Kashif Arain,,7,Istanbul; Jeddah; London; Bangkok,Karachi
TRV000578,Mian Muhammad Ashraf Bhutto,41304-6337765-2,Ali Bhutto,1956-06-21,4,Toronto; Kuala Lumpur; Baku; Jeddah,Hyderabad
TRV002099,Faraz Lodhi,,Muhammad Karim Lodhi,1951-07-24,7,Kuala Lumpur; Dubai; New York; Doha,Karachi
TRV002341,Ramsha Khan,,Salman Khan,1993-07-28,1,New York,Quetta
TRV002259,Nida Hashmi,,Ghulam Hashmi,1972-03-13,2,Istanbul; Bangkok,Karachi
TRV002298,Aisha Khattak,,M. Karim Khattak,1985-08-16,8,Toronto; Dubai; New York; Istanbul,Rawalpindi
TRV000327,Qasim Ansari,42101-9406212-6,,,4,London; Doha; Kuala Lumpur; Jeddah,Karachi
TRV001790,Mohammad Rafiq Abbasi,42101-7695554-2,Taimur Abbasi,1970-12-05,8,Kuala Lumpur; Istanbul; Baku; Doha,Karachi
TRV000442,Waleed Abbasi,42101-5060021-6,Nawaz Abbasi,1969-06-24,2,Dubai; New York,Karachi
TRV001858,Dr. Noman Gujjar,5440091442013,,1989-03-03,6,Jeddah; Bangkok; Dubai; Istanbul,Quetta
TRV002167,Mohammed Nawaz Bajwa,6110117754862,Mohd Taimur Bajwa,1980-11-01,7,Bangkok; Baku; New York; Doha,Islamabad
TRV002177,Muhammad Younis Bhutto,,Mohammed Iqbal Bhutto,1984-11-04,2,Kuala Lumpur; Jeddah,Multan
TRV000832,Saba Khokhar,,Hamid Khokhar,1958-02-04,1,Doha,Lahore
TRV002370,Sidra Mirza,61101-4486089-5,,1988-04-03,5,Toronto; Jeddah; London; Baku,Islamabad
TRV002723,Shaista Abbasi,,Mohd Junaid Abbasi,1997-06-11,4,Bangkok; Doha; Baku; Kuala Lumpur,Lahore
TRV001414,M. Tariq Bhatti,,Islam Bhatti,1994-10-13,8,Kuala Lumpur; Doha; Dubai; Bangkok,Karachi
TRV001201,Nasreen Bhatti,4130418687538,Mahmood Bhatti,1956-08-05,7,Bangkok; Istanbul; Toronto; Baku,Hyderabad
TRV002310,Nadeem Mughal,,Jahangir Mughal,1978-06-18,2,New York; Dubai,Faisalabad
TRV001499,Mohd Salman Akhtar,6110143492394,Abdullah Akhtar,,5,Istanbul; Toronto; Doha; Dubai,Islamabad
TRV001882,Shahzad Kazmi,42101-2326319-1,Rafiq Kazmi,1997-04-04,4,Baku; New York; London; Istanbul,Karachi
TRV000086,Anwar Gujjar,,Mr. Shafiq Gujjar,1988-01-01,7,Bangkok; Jeddah; London; New York,Lahore
TRV001403,Muhammed Fahad Shah,4210112930517,Muhammad Ismail Shah,1989-09-27,8,Doha; New York; Jeddah; Baku,Karachi
TRV002922,Mohd Asif Warraich,36302-4245411-9,Owais Warraich,1980-05-28,1,Dubai,Multan
TRV001481,Zubayr Tareen,31202-2683199-4,M. Waleed Tareen,1954-03-21,6,Doha; Bangkok; Baku; Dubai,Bahawalpur
TRV000777,Naila Yusufzai,41304-7376004-3,Farhan Yousafzai,1979-01-06,2,Doha; Dubai,Hyderabad
TRV000799,Laiba Magsi,,Muhammad Farhan Magsi,1976-11-05,1,Bangkok,Islamabad
TRV001666,Arif Kakar,41304-4949067-6,Mohammed Javid Kakar,1969-02-17,6,Dubai; New York; Istanbul; Toronto,Hyderabad
TRV000054,Faiza Baig,33100-1277874-4,Muhammad Fahad Beg,1956-11-14,2,Toronto; London,Faisalabad
TRV002358,Moin Hashmi,33100-6426257-3,,1982-05-04,7,Jeddah; Kuala Lumpur; New York; Istanbul,Faisalabad
TRV001287,Muhammad Hammad Sandhu,34101-8170597-5,Mian Haroon Sandhu,,6,Kuala Lumpur; Istanbul; Jeddah; Toronto,Gujranwala
TRV001667,Mohammad Javed Rizvi,4210175103676,Muhammad Irfan Rizvi,1983-04-09,2,London; Istanbul,Karachi
TRV002582,Muhammed Tanveer Memon,,Mohd Mansoor Memon,1999-01-11,4,Baku; Bangkok; Doha; New York,Hyderabad
TRV002151,Moin Akhtar,,Muhammad Omer Akhtar,1965-06-19,1,Toronto,Peshawar
TRV001701,Nimra Kazmi,,Rehan Kazmi,1969-08-01,2,Dubai; Istanbul,Karachi
TRV001245,Zoya Gilani,33100-4271233-1,Rashid Gillani,1984-05-08,6,London; Baku; Toronto; Bangkok,Faisalabad
TRV000113,Mishal Bhutto,42101-9286841-8,NOMAN BHUTTO,1953-07-04,8,London; Doha; Dubai; Bangkok,Karachi
TRV002802,Muhammed Shahid Dar,61101-8749231-5,Mohammed Mubashir Dar,1954-01-07,3,Kuala Lumpur; Baku; London,Islamabad
TRV000987,Bilawal Saandhu,4210166540573,Hammad Sandhu,1969-11-06,8,Toronto; Baku; London; Bangkok,Karachi
TRV000501,Ali Afridi,,Zahid Afridi,1966-02-02,4,Kuala Lumpur; New York; Bangkok; London,Lahore
TRV002149,Fatima Afridi,,Muhammad Ismail Afridi,1967-03-12,3,Istanbul; London; Doha,Rawalpindi
TRV001009,Uzma Begum,37405-5959650-5,Mohammad Pervez Satti,,8,New York; Istanbul; Baku; Dubai,Rawalpindi
TRV001198,Adnan Zaidi,,Mohammed Usman Zaidi,1959-04-15,7,Dubai; Kuala Lumpur; Baku; Doha,Sialkot
TRV001394,IMRAN HAMDANI,,Mohd Shoaib Hamdani,1992-09-04,6,New York; Dubai; Jeddah; Kuala Lumpur,Rawalpindi
TRV000589,Muhammad Naveed Mengal,61101-8442363-5,Mohammed Danish Mengal,1998-09-09,4,Toronto; Doha; London; Kuala Lumpur,Islamabad
TRV000768,Taimur Satti,,Hamid Satti,1968-02-15,2,Istanbul; Doha,Rawalpindi
TRV000017,Raza Niazi,,Muhammed Saeed Niazi,1960-02-15,5,Doha; Kuala Lumpur; Jeddah; New York,Sialkot
TRV001042,Danish Akhtar,,Mr. Mohammed Irfan Akhtar,1951-08-08,7,New York; Dubai; Toronto; Bangkok,Rawalpindi
TRV001447,Muhammed Javed Shah,,Muhammad Talha Shah,1953-07-28,8,Dubai; Toronto; Kuala Lumpur; Bangkok,Quetta
TRV002459,Shahid Hashmi,,,1985-08-22,4,Toronto; Bangkok; Kuala Lumpur; Jeddah,Faisalabad
TRV000285,NIDA WARRAICH,,,1968-11-25,6,Bangkok; Baku; Kuala Lumpur; Jeddah,Karachi
TRV002634,Mian Muhammed Riyaz Mirza,36302-1147960-9,Muhammed Omar Mirza,1989-08-15,5,Istanbul; Dubai; London; Doha,Multan
TRV000428,Raza Virk,41304-8260096-6,Mian Muhammed Saeed Virk,1966-08-23,1,Istanbul,Hyderabad
TRV001328,Mohammad Yasir Kakar,,,,1,Doha,Quetta
TRV002123,YASIR RAJA,34603-2062868-9,Saad Raja,1990-05-03,2,Dubai; Jeddah,Sialkot
TRV000669,Rabia Gilani,,Muhammad Rafiq Gillani,1986-04-03,4,London; Bangkok; Toronto; Dubai,Lahore
TRV000031,Zobaiir Cheema,,Muhammad Adnan Cheema,,4,Doha; Bangkok; Baku; London,Quetta
TRV001341,Areeba Dar,42101-8340889-6,Aslam Dar,1977-02-07,4,Jeddah; Istanbul; Doha; Bangkok,Karachi
TRV000722,Junaid Mirza,35202-1547794-2,Mohd Asad Mirza,1978-10-18,6,Doha; London; Istanbul; New York,Lahore
TRV000951,Lubna Bibi,37405-1173021-9,Bashir Magsi,1996-08-06,3,London; Doha; Istanbul,Rawalpindi
TRV002289,Nawaz Magsi,4210190906609,Zeeshan Magsi,1991-03-04,4,Bangkok; London; Baku; Doha,Karachi
TRV000214,Dr. Mohammad Rashid Niazi,,Mohd Sohail Niazi,,2,New York; Dubai,Rawalpindi
TRV000989,Asma Bibi,17301-1503442-5,MOHD SHAHZAD BAJWA,,4,Baku; Kuala Lumpur; Jeddah; London,Peshawar
TRV001164,Bushra Kakar,,Muhammad Ejaz Kakar,1969-07-04,1,Jeddah,Hyderabad
TRV002788,M. Moin Mirza,33100-3500778-1,,1998-07-10,1,Kuala Lumpur,Faisalabad
TRV001999,Ibrahim Siddiqui,41304-2344714-5,Irfan Siddiqui,1956-12-08,6,Toronto; Baku; London; Bangkok,Hyderabad
TRV000326,Zahid Janjua,,Kasim Janjua,1985-05-27,8,Jeddah; Toronto; New York; Istanbul,Multan
TRV000560,USAMA GUJJAR,,Liaquat Gujjar,1990-04-13,2,Jeddah; New York,Lahore
TRV001383,Zubaida Soomro,34603-4259785-3,Mohd Talha Soomro,1969-10-25,5,New York; Jeddah; Kuala Lumpur; Dubai,Sialkot
TRV001724,Salman Mengal,34101-1929610-4,M. Umar Mengal,1953-04-27,4,Doha; Baku; New York; Bangkok,Gujranwala
TRV001086,Muhammad Jamil Malik,3520248622856,Hamid Malik,1986-04-23,8,London; Dubai; Doha; Jeddah,Lahore
TRV002662,Durdana Abbasi,42101-2859597-7,Ashraf Abbasi,1959-06-13,6,New York; Toronto; Bangkok; Kuala Lumpur,Karachi
TRV000341,Danish Bhutto,,Muhammad Aamir Bhutto,1976-05-27,4,Jeddah; Bangkok; New York; Toronto,Rawalpindi
TRV001653,Muhammad Anwar Janjua,42101-7367723-1,Mohammed Faysal Janjua,1999-11-04,2,Istanbul; Bangkok,Karachi
TRV000147,Muhammad Bilawal Jutt,61101-7563888-3,Taimur Jutt,1965-10-07,1,Toronto,Islamabad
TRV002335,Ibrahim Bajwa,,Mian Muhammad Yousuf Bajwa,1955-11-26,1,London,Islamabad
TRV002408,Kamra nNaqvi,42101-6306797-6,Imran Naqvi,1995-07-10,1,Toronto,Karachi
TRV001107,Talha Satti,,Mohammed Zahid Satti,1969-08-27,8,Bangkok; Baku; Istanbul; Toronto,Islamabad
TRV000848,Mohammad Rashid Cheema,3520228483783,,1956-06-19,8,London; Baku; Jeddah; Istanbul,Lahore
TRV000966,Abdullah Jutt,,Abidd Jutt,1996-05-24,2,Kuala Lumpur; Baku,Islamabad
TRV001072,M. Umar Lodhi,3630263604994,Muhammad Farhan Lodhi,1998-09-22,6,London; Baku; Dubai; Istanbul,Multan
TRV002460,Salman Memon,61101-4545170-9,Ibrahim Memon,1952-12-26,6,Bangkok; Doha; Kuala Lumpur; Dubai,Islamabad
TRV001905,Mishal Warraich,,,1956-02-10,6,Jeddah; Doha; Dubai; Bangkok,Lahore
TRV000155,LubnaS hah,,M. Feisal Shah,1960-05-17,7,Dubai; Bangkok; Toronto; Kuala Lumpur,Bahawalpur
TRV000665,Zubair Mughal,5440051630736,M. Akram Mughal,1968-03-12,1,Dubai,Quetta
TRV000661,Muhammad Zeeshan Soomro,,Mohd Irfan Soomro,1963-04-24,3,Bangkok; London; Kuala Lumpur,Rawalpindi
TRV001002,Mohammad Taimur Kazmi,,Saad Kazmi,1966-06-03,2,Toronto; Dubai,Faisalabad
TRV002337,Nasir Mengal,34603-9161655-5,Muhammad Adnan Mengal,1982-03-01,3,Toronto; Bangkok; Doha,Sialkot
TRV002512,Riaz Memon,,Haroon Memon,1963-02-03,4,Toronto; Istanbul; Doha; Bangkok,Lahore
TRV000176,Ayaz Zaidi,,Bashir Zaidi,1965-10-22,7,Jeddah; Bangkok; New York; Dubai,Lahore
TRV002650,Mehmood Warraich,,,1983-05-02,5,New York; Dubai; Bangkok; Doha,Karachi
TRV001879,Komal Geelani,4130436482672,Zafar Gillani,1962-02-14,8,London; Toronto; Dubai; Doha,Hyderabad
TRV001524,Arif Mengal,,Taimur Mengal,1999-03-10,2,London; Baku,Islamabad
TRV002813,Moin Soomro,5440087467492,Bashir Soomro,1996-11-06,3,Toronto; Doha; Istanbul,Quetta
TRV001203,Mr. Bilawal Sandhu,,Muhammad Sufyan Sandhu,1953-07-22,1,Jeddah,Gujranwala
TRV000024,Ayaz Mirza,35202-1816348-1,Riaz Mirza,1972-10-27,5,Doha; New York; Toronto; Baku,Lahore
TRV002806,Kamran Dar,35202-2354994-7,Kamran Dar,,5,Bangkok; Istanbul; New York; Baku,Lahore
TRV001992,Karim utt,42101-5041350-5,Asif Butt,,5,New York; Bangkok; London; Jeddah,Karachi
TRV002711,Muhammad Hammad Satti,42101-4086965-9,Mohammad Rehan Satti,1952-06-04,7,London; Dubai; Baku; Kuala Lumpur,Karachi
TRV002295,Muhammad Khalid Marwat,,Muhammed Rashid Marwat,1989-10-02,4,Doha; London; Kuala Lumpur; Baku,Quetta
TRV000875,Maryam Soomro,,Noman Soomro,1969-02-03,6,Kuala Lumpur; Bangkok; London; Baku,Karachi
TRV002691,Owais Butt,,Pervez Butt,1977-09-23,3,Jeddah; Doha; Bangkok,Rawalpindi
TRV000938,Ejaz Mughal,41304-9628957-8,Taimur Mughal,1951-06-24,6,Baku; Dubai; Bangkok; Istanbul,Hyderabad
TRV002833,Shafiq Jutt,,Shahzad Jutt,1987-02-17,8,Dubai; Bangkok; Istanbul; Jeddah,Faisalabad
TRV001552,Muhammad Taimur Rizvi,42101-7912938-8,Uthman Rizvi,1981-12-17,7,Jeddah; Doha; New York; Dubai,Karachi
TRV000346,Nazia Mengal,41304-6942025-7,,1971-01-08,5,London; Jeddah; Toronto; Kuala Lumpur,Hyderabad
TRV002503,Naila Butt,,Saeed Butt,1957-10-17,7,New York; Toronto; Bangkok; Dubai,Faisalabad
TRV002967,Junaid Satti,,,1957-02-17,7,Bangkok; Doha; Jeddah; New York,Lahore
TRV002031,Dr. Hussain Sandhu,,Muhammad Younis Sandhu,1995-04-16,8,Doha; Dubai; New York; London,Islamabad
TRV001926,M. Feisal Khan,41304-1519861-9,,1961-06-13,7,Baku; Toronto; London; Bangkok,Hyderabad
TRV000385,Mst. Mehwish Dar,42101-3857829-8,Muhammad Younis Dar,1967-04-21,3,Kuala Lumpur; Dubai; New York,Karachi
TRV001829,Mohammad Sufyan Kazmi,42101-5412057-9,Saad Kazmi,1975-01-28,2,Jeddah; Doha,Karachi
TRV002185,Yasmin Magsi,61101-8652531-5,Ghulam Magsi,1991-05-22,4,Baku; Bangkok; Jeddah; Toronto,Islamabad
TRV002504,Mohd Sohail Akhtar,42101-1486987-7,Mohammad Sohel Akhtar,1996-06-15,1,New York,Karachi
TRV002192,Sameena Gondal,3740536132576,Mohammed Rizan Gondal,1976-08-05,8,New York; Istanbul; Dubai; Doha,Rawalpindi
TRV000243,Muhammad Rizwan Rizvi,41304-1801246-5,Mr. Muhammad Ayaz Rizvi,,8,Baku; Kuala Lumpur; Dubai; Istanbul,Hyderabad
TRV002084,Muhammad Mubashir Awan,61101-2874542-7,MOHD AAMIR AWAN,1998-11-24,5,London; Kuala Lumpur; New York; Bangkok,Islamabad
TRV001826,Fathima Paracha,61101-4032782-6,Mudassar Paracha,1982-02-13,4,London; Dubai; Doha; Jeddah,Islamabad
TRV000936,Zafar Afridi,36302-3569908-4,Muhammad Javid Afridi,1951-02-04,2,Jeddah; Bangkok,Multan
TRV001689,Noman Bhutto,34101-5821497-7,Mohammed Bashir Bhutto,1963-07-17,5,New York; Kuala Lumpur; Baku; Jeddah,Gujranwala
TRV002576,Mrs. Noor Khattak,3740592538098,Zeeshan Khattak,1962-12-10,8,Toronto; London; Doha; Jeddah,Rawalpindi
TRV000312,Mohammad Ashraf Gujjar,,,1994-07-05,8,Bangkok; London; Dubai; Jeddah,Islamabad
TRV001459,AREEBA MUGHAL,36302-2181625-6,Mohammed Shafique Mughal,1997-04-02,1,Dubai,Multan
TRV002921,MOHD HAROON SHAIKH,42101-1780292-6,Liaquat Sheikh,1998-09-10,5,Toronto; Bangkok; London; Istanbul,Karachi
TRV002405,Naveed Mirza,35202-7250134-3,Mohd Iqbal Mirza,1999-12-07,4,Bangkok; London; Istanbul; Kuala Lumpur,Lahore
TRV001332,Ibrahim Satti,,M. Shafiq Stati,1982-08-07,5,New York; Jeddah; Dubai; Doha,Peshawar
TRV000968,Muhammad Noman Dar,,Muhammed Ayaz Dar,1968-10-20,1,Istanbul,Karachi
TRV001454,M. Fawad Gujjar,42101-1282288-3,,1977-11-26,1,Dubai,Karachi
TRV000660,Mohd Abdullah Awan,36302-6728478-8,Ismail Awan,1977-04-18,2,Istanbul; Doha,Multan
TRV001934,KAMRAN ABBASI,33100-8042015-7,Ali Abbasi,1956-08-25,4,London; Istanbul; Kuala Lumpur; Toronto,Faisalabad
TRV000935,Farah Bhatti,,M. Jahangir Bhatti,1953-08-02,8,New York; Kuala Lumpur; Dubai; Jeddah,Gujranwala
TRV000370,Aleena Warraich,35202-1605599-2,,1959-01-23,2,Doha; Istanbul,Lahore
TRV000566,HajiIbrahim Memon,,Mahmood Memon,1988-05-14,5,Doha; Jeddah; Dubai; Kuala Lumpur,Lahore
TRV001973,Anika Abbasi,,,1967-02-28,5,Baku; New York; Bangkok; Kuala Lumpur,Lahore
TRV001854,Fatima Rizvi,,Nawaz Rizvi,1963-12-01,6,New York; Bangkok; London; Toronto,Faisalabad
TRV001024,Dr. Rabia Shah,,M. Waqar Shah,1994-06-02,3,Bangkok; London; Dubai,Lahore
TRV000824,Haji Muhammad Noman Afridi,,Mohd Moin Afridi,1971-06-01,5,Toronto; New York; Baku; Kuala Lumpur,Gujranwala
TRV000982,Khalid Abbas,,QASEM ABBAS,1960-05-16,4,Doha; Istanbul; Jeddah; New York,Gujranwala
TRV002423,Ibrahim Yousafzai,,Taimur Yusufzai,,7,Dubai; Toronto; Doha; London,Faisalabad
TRV002066,Ghulam Tareen,35202-3554138-4,,1974-03-19,1,New York,Lahore
TRV001645,Ahmed Bhatti,35202-9785604-7,Muhammed Moin Bhatti,,1,London,Lahore
TRV002578,Anika Kakar,42101-3166862-1,M. Tariq Kakar,1994-06-15,4,Bangkok; Kuala Lumpur; Istanbul; Doha,Karachi
TRV002241,Shahid Sidiqui,33100-9646641-3,MUHAMMAD USMAN SIDDIQUI,1979-09-14,4,Istanbul; Doha; Kuala Lumpur; Bangkok,Faisalabad
TRV002116,Mohammad Mansoor Bhutto,,Dr. Hassan Bhutto,1994-05-26,3,Jeddah; Bangkok; Dubai,Faisalabad
TRV000813,Muhammad Younis Paracha,37405-4060325-5,,1985-01-19,7,Dubai; Baku; Doha; Istanbul,Rawalpindi
TRV001792,Mohd Nasir Marwat,,Irfan Marwat,1983-01-22,3,Bangkok; Jeddah; Istanbul,Faisalabad
TRV001430,Muhammad Usama Sandhu,4210157937705,USAMA SANDHU,1994-01-19,2,Kuala Lumpur; Doha,Karachi
TRV000778,Junaid Qureshi,,Muhammed Iqbal Qureshi,1988-04-25,8,Doha; Toronto; Dubai; Jeddah,Rawalpindi
TRV001749,Nawaz Wattoo,4210137698518,Mudassar Wattoo,1958-01-06,5,Dubai; Jeddah; Toronto; London,Karachi
TRV001320,Jamil Warraich,3520276237376,Fahad Warraich,,4,London; New York; Toronto; Doha,Lahore
TRV002103,Waleed Sidiqui,61101-9859617-1,Waleed Sidiqui,1994-11-20,1,New York,Islamabad
TRV002867,Hussian Khan,31202-4104552-4,Yasir Khan,,2,Bangkok; Baku,Bahawalpur
TRV001052,Uzma Bibi,,Sajid Khan,1982-04-28,5,Baku; Jeddah; Toronto; Dubai,Peshawar
TRV002918,Hina Paracha,61101-4231438-9,,1967-11-04,3,Baku; Doha; Jeddah,Islamabad
TRV001013,Mahnoor Chaudhry,,Abdullah Chaudhary,1995-02-03,8,Doha; New York; Istanbul; Jeddah,Karachi
TRV001928,Muhammad Mansoor Dar,35202-4059162-5,Salman Dar,1956-12-22,8,London; Kuala Lumpur; Bangkok; Dubai,Lahore
TRV001401,Dr. uMhammad Aamir Tarar,,Rashid Tarar,1987-08-10,5,Jeddah; Toronto; Kuala Lumpur; Dubai,Rawalpindi
TRV001822,M. Sohail Memon,,Hassan Memon,,4,Jeddah; Baku; New York; Toronto,Gujranwala
TRV002243,Sufyan Arain,33100-9981342-2,Faysal Arain,1952-09-15,5,Jeddah; Dubai; London; Doha,Faisalabad
TRV002534,KHALED LODHI,,Imran Lodhi,1997-02-24,4,Toronto; London; Jeddah; Dubai,Karachi
TRV002587,Muhammad Mubashir Rajput,,Owais Rajput,1974-04-25,7,Dubai; Istanbul; New York; Kuala Lumpur,Sialkot
TRV000126,Rida Bibi,42101-6514410-4,Aamir Gondal,1965-08-11,7,Baku; London; Istanbul; Doha,Karachi
TRV002089,Mishal Chaudhry,34101-2029654-7,Imran Chaudhary,1950-05-15,2,Doha; Bangkok,Gujranwala
TRV002132,Waqar Memon,17301-2566844-8,Mian Muhammed Moin Memon,1988-11-11,3,New York; Dubai; Istanbul,Peshawar
TRV000887,Farah Gondal,42101-2597413-7,Mohammad Kashif Gondal,,4,Dubai; Jeddah; Baku; Kuala Lumpur,Karachi
TRV002452,Mohd Owais Cheema,35202-6152780-1,Rizwan Cheema,1967-09-19,8,Kuala Lumpur; London; Jeddah; New York,Lahore
TRV001347,Bilawal Malik,36302-4275914-1,,1994-04-14,6,Toronto; Bangkok; Doha; New York,Multan
TRV001007,Mohammed Kamran Lodhi,61101-1994367-7,,1999-03-09,2,Bangkok; Dubai,Islamabad
TRV000355,Mohammed Fahad Khan,,M. Aami rKhan,1969-12-22,1,Doha,Gujranwala
TRV001003,Muhammad Fawad Niazi,3740510600251,Abid Niazi,1994-04-26,7,Bangkok; Kuala Lumpur; London; Jeddah,Rawalpindi
TRV001483,Muhammad Waleed Hashmi,34101-1526484-5,Muhammad Talha Hashmi,1962-02-28,8,Jeddah; Kuala Lumpur; Dubai; Toronto,Gujranwala
TRV000682,Ahmed Jamali,,Waleed Jamail,1988-02-22,6,Bangkok; Kuala Lumpur; Dubai; London,Peshawar
TRV000827,Jami lSiddiqui,,Muhammed Raza Siddiqi,1963-05-23,7,New York; Dubai; Jeddah; Doha,Karachi
TRV002033,Mr. Mansoor Soomro,,Haji Muhammad Noman Soomro,1992-09-01,6,London; New York; Baku; Kuala Lumpur,Hyderabad
TRV002073,Komal Jutt,,Muahmmad Mansoor Jutt,1962-01-05,1,Baku,Lahore
TRV002083,Mazhar Raja,,Tanveer Raja,,8,Kuala Lumpur; Istanbul; Bangkok; New York,Gujranwala
TRV000984,NAVEED ANSARI,,Hamid Ansari,1993-11-20,4,Dubai; Bangkok; Toronto; Doha,Karachi
TRV001233,Haroon Durrani,54400-8791966-5,,1990-03-21,6,Kuala Lumpur; Dubai; Jeddah; Baku,Quetta
TRV002549,MUHAMMED NADEEM QURESHI,,Muhammed Hussein Qureshi,1955-05-19,2,Doha; Bangkok,Karachi
TRV001639,Younis Malik,37405-6767740-1,,1991-06-12,5,Kuala Lumpur; Bangkok; New York; Toronto,Rawalpindi
TRV000140,Asif Satti,3740552937815,,1995-06-14,4,Kuala Lumpur; Toronto; New York; Dubai,Rawalpindi
TRV000217,Rukhsana Baig,,M. BASHIR BAIG,1992-12-20,2,Toronto; Kuala Lumpur,Lahore
TRV002461,Tariq Khattak,,M. Farhan Khatatk,1986-06-05,5,Baku; London; Bangkok; Kuala Lumpur,Islamabad
TRV000362,Sajid Sanduh,4130441506589,Muhammed Raza Sandhu,1993-05-28,6,Toronto; Doha; Jeddah; London,Hyderabad
TRV002868,Hammad Gujjar,,,1999-07-27,2,Bangkok; Jeddah,Lahore
TRV000345,M. Akram Satti,37405-6065203-1,Mohammed Sajid Satti,1982-02-24,2,New York; Doha,Rawalpindi
TRV002836,Kashif Hashmi,42101-8935361-9,,1988-09-13,4,Doha; Kuala Lumpur; Jeddah; Dubai,Karachi
TRV000022,Jamil Butt,37405-3508522-9,Aamir Butt,1963-07-04,2,Jeddah; Toronto,Rawalpindi
TRV000711,Saad Khokhar,35202-3908459-5,Anwar Khokhar,1951-11-25,1,Dubai,Lahore
TRV001157,Mohammed Rizwan Siddiqui,,Muhammad Ayaz Siddiqui,1957-10-10,2,London; Doha,Islamabad
TRV000549,Muhammad Ejaz Baig,36302-9802646-7,Mohammad Umar Beg,1995-09-26,8,Baku; Toronto; Bangkok; Jeddah,Multan
TRV000871,Warda Sheikh,6110117606019,Mohammed Yasir Sheikh,,5,Jeddah; Baku; Toronto; New York,Islamabad
TRV002059,Komal Rizvi,,Mr.. M. Owais Rizvi,,4,Istanbul; New York; Kuala Lumpur; London,Bahawalpur
TRV002063,Mohd Pervez Ansari,34101-2145992-1,Mohammed Owais Ansari,1987-07-09,4,Toronto; Istanbul; Dubai; Bangkok,Gujranwala
TRV000010,Eman Bibi,54400-4344717-1,Mohammed Ismail Wattoo,1965-04-05,2,Dubai; Bangkok,Quetta
TRV002412,SAEED RAJPUT,,M. Aamir Rajput,1986-06-15,1,Bangkok,Islamabad
TRV001834,Uzma Lodhi,,Mohammad Nadeem Lodhi,1968-11-06,4,Kuala Lumpur; London; Istanbul; Baku,Faisalabad
TRV000793,WASEEM QURAISHI,34101-4191581-5,,1992-11-18,8,Bangkok; Istanbul; Toronto; New York,Gujranwala
TRV002761,Mohd Rashid Zaidi,17301-7703101-3,Ismail Zaiddi,1992-12-25,2,Dubai; Bangkok,Peshawar
TRV000094,Shahzad Gilani,42101-3374513-4,Mohammad Ghulam Gilani,1953-03-19,4,Toronto; Jeddah; Kuala Lumpur; Istanbul,Karachi
TRV000129,Yasmin Arain,,Mohammed Ghulam Arain,1977-05-24,1,Kuala Lumpur,Karachi
TRV001900,Rabia Warraich,42101-3316395-3,Ismail Warraich,1958-12-23,2,Jeddah; Baku,Karachi
TRV002980,Mohammed Zahid Beg,42101-3781963-3,Anwar Begg,1967-12-18,4,Dubai; Bangkok; Baku; Doha,Karachi
TRV001932,Nasrin Khan,37405-9435589-5,Mr. Anwar Khan,,1,Doha,Rawalpindi
TRV002488,Shagufta Mirza,,Pervez Mirza,1985-09-22,4,Baku; Dubai; Toronto; Kuala Lumpur,Multan
TRV001865,Rabia Gujjar,,Muhammad Moin Gujjar,1985-12-03,2,Baku; Doha,Gujranwala
TRV001658,Zubaida Chaudhary,,Danish Choudhry,1950-12-18,5,Bangkok; Kuala Lumpur; Dubai; New York,Gujranwala
TRV000516,Nazia Begum,17301-7988976-5,Liaquat Janjua,1965-02-15,2,Doha; Bangkok,Peshawar
TRV001857,Muhammad Zobair Gillani,,Mohammed Ashraf Gilani,,4,Doha; Dubai; Istanbul; Baku,Lahore
TRV001277,Liaquat Satti,31202-3570940-3,Mudassar Satti,1984-11-03,2,Jeddah; Kuala Lumpur,Bahawalpur
TRV000950,Mohammad Jamil Memon,,Rehan Memon,1960-06-12,1,London,Gujranwala
TRV001120,Ejaz Awan,33100-9278030-2,Moin Awan,1978-03-04,5,Bangkok; New York; Toronto; Kuala Lumpur,Faisalabad
TRV000419,Nadeem Khokhar,35202-8276632-8,Muhammad Rafiq Khokhar,1977-09-11,6,Bangkok; Jeddah; London; Baku,Lahore
TRV000922,Fawad Lodhi,,Kamran Lodhi,,2,New York; Kuala Lumpur,Gujranwala
TRV002195,Taimur Sheikh,33100-8334810-9,Imran Sheikh,,4,London; Kuala Lumpur; Jeddah; New York,Faisalabad
TRV000477,Muhammad Mudassar Tareen,61101-6433369-2,,1961-11-06,3,Baku; New York; Jeddah,Islamabad
TRV002035,Kiran Wattoo,,Mubashir Wattoo,1980-06-01,3,Doha; Dubai; Bangkok,Islamabad
TRV002174,Mohd Hammad Choudhry,,Salman Choudhry,1969-07-23,8,Bangkok; Dubai; Toronto; Jeddah,Rawalpindi
TRV001692,Mehwish Niazi,42101-6770390-2,Taimur Niazi,1958-07-02,8,Baku; New York; Kuala Lumpur; Bangkok,Karachi
TRV002208,Mr. Muhammad Abid Raja,6110136216319,Fahad Raja,1998-09-14,4,Istanbul; Dubai; London; Kuala Lumpur,Islamabad
TRV001471,Faraz Hamdani,35202-7064093-2,Mohammed Asif  Hamdani,,4,New York; Bangkok; Jeddah; Doha,Lahore
TRV001202,WAQAR VIRK,,Mohammad Mazhar Virk,1979-11-21,5,Kuala Lumpur; Istanbul; Doha; Toronto,Islamabad
TRV001669,Shuaib Cheema,61101-9608959-1,Mohammad KKamran Cheema,,2,London; Baku,Islamabad
TRV002770,Saeed Beg,,,1985-02-20,6,Kuala Lumpur; London; Dubai; Baku,Lahore
TRV001970,Talha Marwat,3520282297518,FAWAD MARWAT,1966-12-28,1,Bangkok,Lahore
TRV000820,Aiman Warraich,17301-6493207-1,Yasir Warraich,1996-09-25,2,London; Toronto,Peshawar
TRV001997,Engr. Taimur Siddiqui,54400-1767305-1,Muhhammad Nawaz Siddiqi,1993-04-18,5,Bangkok; Doha; Toronto; London,Quetta
TRV002864,Dr. Junaid Abbasi,34101-8524358-9,Muhammad Rizwan Abbasi,1968-05-16,3,Baku; Dubai; New York,Gujranwala
TRV001248,Younis Jamali,61101-9245726-3,Kamran Jamali,1987-07-15,1,Dubai,Islamabad
TRV002656,ARIF RAJPUT,,Yasir Rajput,1971-02-16,8,Istanbul; New York; Baku; Bangkok,Lahore
TRV002609,Mohammad Javed Abbas,,Mehmood Abbas,1969-10-23,2,Doha; London,Faisalabad
TRV001046,Nasreen Bhutto,61101-1313665-5,Ayaz Bhutto,1984-12-19,5,Toronto; Jeddah; Baku; London,Islamabad
TRV001888,Nida Sial,3120231205976,Arif Sial,,5,Baku; New York; Jeddah; Kuala Lumpur,Bahawalpur
TRV000615,Mohd Tariq Gondal,61101-2873198-6,Mohammed Khalid Gondal,,3,New York; Bangkok; Baku,Islamabad
TRV001318,Mrs. Nazia Afridi,,Yousuf Afridi,1998-04-25,8,Jeddah; Toronto; Doha; Kuala Lumpur,Peshawar
TRV002880,Muddassar Kayani,5440054389475,Bilawal Kayani,2000-10-23,7,Dubai; Kuala Lumpur; Baku; Jeddah,Quetta
TRV002456,Abid Wattoo,,M. Yousuf Wattoo,1966-09-19,5,Toronto; Kuala Lumpur; Dubai; Bangkok,Gujranwala
TRV001772,Waleed Hashmi,34101-6197186-6,Saad Hashmi,1955-04-19,2,Doha; Istanbul,Gujranwala
TRV002947,Aleena Sandhu,,Pervez Sandhu,1956-02-11,5,Bangkok; Istanbul; Kuala Lumpur; Baku,Lahore
TRV000131,Mr. Mohd Mehmood Bhutto,35202-7875496-4,Fahad Bhutto,1978-09-07,2,Kuala Lumpur; Baku,Lahore
TRV000077,Mohd Moin Virk,,,,3,Toronto; Kuala Lumpur; Bangkok,Hyderabad
TRV002052,Mohd Rafiq Cheema,41304-3191243-9,Abid Cheema,1993-04-16,1,London,Hyderabad
TRV000724,Saba Kazmi,6110175262038,Muhammad Imran Kazmi,1977-12-14,7,Jeddah; London; Doha; New York,Islamabad
TRV001314,Muhammed Aamir Malik,,Danish Malik,1998-09-28,7,New York; Bangkok; Toronto; Dubai,Rawalpindi
TRV001851,Asad Lodhi,,Tariq Lodhi,1959-03-21,1,New York,Rawalpindi
TRV002292,M. Mansoor Baig,,Raza Beg,1988-12-27,2,Jeddah; Istanbul,Karachi
TRV002482,Mohammed Noman Akhtar,,Arif Akhtar,1990-12-20,6,Kuala Lumpur; New York; Istanbul; Toronto,Karachi
TRV001372,Mohammad Younis Soomro,33100-6734939-8,Usman Soomro,1962-01-06,2,Istanbul; New York,Faisalabad
TRV001855,Muhammad Adnan Mughal,,,,6,Baku; Kuala Lumpur; New York; Istanbul,Islamabad
TRV001319,Kashif Sandhu,42101-6973079-1,Muhammad Faraz Sandhu,1961-04-10,5,Istanbul; New York; Toronto; Doha,Karachi
TRV002870,Owais Gujjar,,,1993-04-17,8,New York; Istanbul; Kuala Lumpur; Bangkok,Rawalpindi
TRV002168,Muhammad Mubashir Baig,3520210580687,Muhammed Rehan Baig,1997-09-15,8,Baku; Toronto; Jeddah; Doha,Lahore
TRV000375,Muhammed Wasim Wattoo,35202-1579791-6,Mohammed Nadeem Wattoo,1962-06-10,7,Bangkok; Kuala Lumpur; Jeddah; New York,Lahore
TRV001908,Younis Mgasi,42101-1300371-8,Mohammad Zeeshan Magsi,1997-03-08,6,Dubai; Kuala Lumpur; Jeddah; Doha,Karachi
TRV000333,Muhammad Younis Dar,42101-8110574-8,Waqar Dar,1961-09-17,2,London; Istanbul,Karachi
TRV002247,Aleena Bibi,3460319408893,Nawaz Memon,1997-03-13,6,Bangkok; Dubai; Istanbul; Baku,Sialkot
TRV002297,Asma Bibi,54400-7331954-5,Asad Bhutto,1950-06-03,8,Kuala Lumpur; Jeddah; Doha; Bangkok,Quetta
TRV001604,Maira Memon,61101-2035792-2,Muhammad Waleed Memon,1988-02-10,6,Doha; London; Istanbul; Baku,Islamabad
TRV001118,Bilal Gujjar,33100-1764359-2,Faraz Gujjar,1953-02-02,2,Istanbul; New York,Faisalabad
TRV002942,Noor Bhatti,35202-8273265-8,Muhammad Hassan Bhatti,1986-02-28,6,Baku; Istanbul; London; New York,Lahore
TRV001943,Rukhsana Satti,,Imran Satti,,3,Bangkok; Dubai; Kuala Lumpur,Lahore
TRV002257,Mohd Zeeshan Soomro,41304-6203462-7,Mohammad Bashir Soomro,1997-07-07,4,Kuala Lumpur; New York; Toronto; Doha,Hyderabad
TRV002517,Zubaida Yousafzai,41304-7209282-2,Asif Yousafzai,1951-02-01,4,Bangkok; London; Dubai; Baku,Hyderabad
TRV001342,MOHAMMAD JUNAID HAMDANI,,Engr. Muhammad Shoaib Hamdani,1961-03-04,4,Doha; Dubai; Bangkok; Kuala Lumpur,Lahore
TRV000320,Wasim Gondal,,Muhammad Owais Gondal,1993-11-07,5,London; Istanbul; New York; Dubai,Lahore
TRV001619,M. Danish Akhtar,3120241417551,Younis Akhtar,1992-12-04,6,Kuala Lumpur; Doha; Bangkok; Istanbul,Bahawalpur
TRV002443,Mohammad Rizwan Quraishi,37405-3861107-3,Muhammad Asif Quriashi,1988-11-20,6,New York; Toronto; Istanbul; London,Rawalpindi
TRV002060,Mohammad Farhan Lodhi,,Engr. Muhammad Rafiq Lodhi,1959-06-16,3,Toronto; Bangkok; Dubai,Faisalabad
TRV001673,Waleed Satti,,Kamran Satti,1979-02-01,5,New York; Kuala Lumpur; London; Baku,Bahawalpur
TRV001942,Usman Khan,,Irfan Khan,1956-01-25,1,London,Hyderabad
TRV000260,Abdullah Raja,31202-1294645-8,,1967-03-02,2,Doha; Bangkok,Bahawalpur
TRV002350,Sana Siddiqui,42101-1951918-4,Faisal Sidiqui,1997-07-12,4,Bangkok; Doha; Jeddah; Baku,Karachi
TRV002039,Rabia Bibi,33100-7569659-6,M. Younis Kayani,1999-09-11,6,Jeddah; London; Toronto; New York,Faisalabad
TRV000689,Sidra Warraich,35202-7029116-7,Mohammad Liaquat Warraich,1980-12-10,1,Dubai,Lahore
TRV000901,Adnan Lodhi,36302-9354517-1,Mian Zahid Lodhi,1971-07-08,6,Doha; Baku; Jeddah; New York,Multan
TRV002026,Hina Magsi,17301-7062496-7,Mohd Imran Magsi,1957-06-25,5,Baku; Istanbul; Dubai; Kuala Lumpur,Peshawar
TRV000138,Mohammed Owais Cheema,,Wasim Cheema,1981-07-20,7,Doha; Kuala Lumpur; Istanbul; Toronto,Karachi
TRV001917,Noman ajput,4130421918244,Ashraf Rajput,,7,Kuala Lumpur; Dubai; Baku; Doha,Hyderabad
TRV001828,Saba Rizvi,,M. Mehmood Rizvi,1954-01-01,5,Baku; Toronto; New York; Bangkok,Gujranwala
TRV001573,Noor Gondal,,Muhammad Waqar Gondal,1983-12-18,5,Istanbul; Toronto; Jeddah; Doha,Karachi
TRV000319,Fahad Rajput,,Usama Rajput,1976-05-25,7,Dubai; New York; Baku; London,Hyderabad
TRV000653,Muhammad Rizwan Kayani,,Junaid Kayani,,3,Toronto; Bangkok; Dubai,Hyderabad
TRV002318,Warda Warraich,,,1964-06-24,7,Toronto; Bangkok; Baku; Jeddah,Islamabad
TRV000558,Amna Naqvi,,Zeeshan Naqvi,1982-11-06,2,Jeddah; Istanbul,Karachi
TRV000112,Muhammad Osman Megnal,,Talha Mengal,1966-09-01,3,Bangkok; Toronto; Istanbul,Karachi
TRV000531,Ghulam Abbas,61101-9619735-4,Muhammad Aslam Abbas,1953-09-07,1,Dubai,Islamabad
TRV000224,Muhammad Kamran Gondal,42101-8354467-9,,1969-08-04,4,Jeddah; New York; Istanbul; Toronto,Karachi
TRV000723,Ayaz Afridi,61101-5504144-4,Muhammad Jahangir Afridi,1952-08-15,5,Baku; Kuala Lumpur; New York; London,Islamabad
TRV002424,Imran Bhatti,,Mohd Naveed Bhatti,1961-03-06,7,Baku; Istanbul; Dubai; Doha,Hyderabad
TRV002566,Faraz Niazi,35202-1130768-7,Younis Niazi,1968-04-02,3,Kuala Lumpur; Jeddah; Istanbul,Lahore
TRV001433,Iqbal Tarar,3410131596944,,,8,London; Toronto; Kuala Lumpur; Doha,Gujranwala
TRV002325,Robina Kayani,3740569193884,Haji Waleed Kayani,1999-02-28,2,Baku; Kuala Lumpur,Rawalpindi
TRV001458,Hasan Yousafzai,,Dr. Ayaz Yousafzai,1988-01-06,5,New York; Istanbul; Kuala Lumpur; Bangkok,Gujranwala
TRV002697,Yasmin Shah,37405-7463349-4,Mohd Aslam Shah,,3,Jeddah; Istanbul; Baku,Rawalpindi
TRV000846,FAWAD TAREEN,,,,1,New York,Rawalpindi
TRV000193,Engr. Faraz Niazi,37405-7679985-3,Moin Niazi,1987-01-20,8,London; New York; Kuala Lumpur; Dubai,Rawalpindi
TRV001464,Muhammad Khalid Janjua,41304-6638768-6,M. Anwar Janjua,1962-07-02,8,London; New York; Baku; Istanbul,Hyderabad
TRV000946,Muhammed Noman Satti,42101-5306591-6,,1960-09-22,8,Bangkok; London; Doha; Baku,Karachi
TRV002021,Danish Bajwa,33100-3408058-5,Mian Ayaz Bajwa,1973-03-02,5,Jeddah; Toronto; Baku; Doha,Faisalabad
TRV001629,M. Suhail Janjua,35202-6562118-2,Zahid Janjua,1995-06-26,6,Bangkok; Kuala Lumpur; Dubai; Doha,Lahore
TRV000117,Ghulam Raja,,Usama Raja,1952-01-16,5,New York; Baku; London; Dubai,Rawalpindi
TRV000645,Mohammed Zafar Khokhar,54400-2125855-1,Muhammed Khalid Khokhar,1983-04-18,6,New York; Dubai; Doha; Bangkok,Quetta
TRV001870,Mohd Naveed Arain,,Mehmud Arain,1975-12-02,8,Baku; Dubai; Doha; Istanbul,Rawalpindi
TRV000003,Muhammed Bashir Lodhi,34101-9478454-1,Zafar Lodhi,1964-12-21,6,London; Istanbul; Kuala Lumpur; Dubai,Gujranwala
TRV000074,Hassan irza,37405-8986164-3,Muhammad Faisal Mirza,1999-11-09,2,Bangkok; Kuala Lumpur,Rawalpindi
TRV001755,Arif Bhatti,41304-9066779-4,Mohd Shafiq Bhatti,1979-07-18,6,New York; Istanbul; Jeddah; Toronto,Hyderabad
TRV000467,Muhammad Fawad Sial,,Muhammed Ejaz Sial,1979-01-15,4,Toronto; Doha; London; Baku,Karachi
TRV000005,TARIQ KAZMI,37405-4553384-9,,1977-07-22,1,Dubai,Rawalpindi
TRV001246,FAWAD CHOHAN,3310043445148,Tariq Choudhry,1999-06-08,5,Dubai; Istanbul; Toronto; Kuala Lumpur,Faisalabad
TRV000919,ANWAR SHAH,,Waqar Shah,1975-02-07,1,Dubai,Multan
TRV000228,Muhammed Naveed Wattoo,61101-6516876-3,Aslam Wattoo,1980-02-08,3,Istanbul; Toronto; Baku,Islamabad
TRV001063,Aysha Shah,4210156885088,Mr. Bilal Shah,1964-12-28,5,Bangkok; Dubai; Toronto; London,Karachi
TRV000242,Mehwish Magsi,,Muhammed Ashraf Magsi,1984-09-13,1,Bangkok,Rawalpindi
TRV002275,Engr. Shoib Qureishi,,Muhammed Ayaz Qureshi,,1,Doha,Karachi
TRV001160,Tanveer Raja,,Mohd Ejaz Raja,1959-10-19,4,Bangkok; Doha; Baku; New York,Quetta
TRV002509,Zahid Janjua,1730126007885,Asif Janjua,1990-06-13,5,Baku; Kuala Lumpur; Toronto; London,Peshawar
TRV001526,Mr. Shahzad Naqvi,33100-6444281-1,Hassan Naqvi,,6,Dubai; New York; Istanbul; Bangkok,Faisalabad
TRV001605,Uzma Naqvi,42101-5761133-3,DanishNaqvi,1977-11-10,7,Toronto; Jeddah; Baku; New York,Karachi
TRV002780,Pervez Bhutto,,Aslam Bhutto,1986-02-13,5,New York; Toronto; Kuala Lumpur; London,Multan
TRV002323,Mohd Tanveer Dar,,Owais Dr,1994-12-23,7,New York; Doha; Dubai; Baku,Karachi
TRV002540,Zeeshan Arain,35202-3924562-5,Abdullah Arain,,6,London; Doha; New York; Jeddah,Lahore
TRV001989,Mohammad Kareem Malik,,Engr. Ashraf Malik,,5,Toronto; New York; Doha; Bangkok,Peshawar
TRV002348,Fawad Siddiqui,,USAMA SIDDIQUI,1964-10-06,7,New York; London; Istanbul; Baku,Karachi
TRV001975,Muhammed Zahid Jamali,34101-5471191-1,Aamir Jamali,1983-01-17,3,Bangkok; Doha; Dubai,Gujranwala
TRV001761,Rukhsana Memon,41304-6442172-1,Ali Memon,1968-09-19,1,Kuala Lumpur,Hyderabad
TRV001305,Muhammed Saied Naqvi,1730125240437,Mohd Mubashir Naqvi,1951-06-19,6,London; New York; Toronto; Istanbul,Peshawar
TRV001541,Nadeem Niazi,37405-9813081-6,M. Ejaz Niazi,1991-03-10,5,Doha; Toronto; Istanbul; Dubai,Rawalpindi
TRV000622,Muhammed Anwar Hashmi,3410153052177,Hammad Hashmi,1976-01-08,1,Toronto,Gujranwala
TRV002309,Mazhar Dar,3520249021265,Waqar Dar,2000-03-14,2,Kuala Lumpur; Toronto,Lahore
TRV001493,Nimra Kazmi,,Haji Haroon Kazmi,1988-02-12,8,Bangkok; Kuala Lumpur; Doha; Baku,Lahore
TRV000110,Zeeshan Jamali,35202-7957788-4,,,7,Dubai; Doha; London; Kuala Lumpur,Lahore
TRV002260,Hira Mughal,,,1953-06-26,4,Dubai; Jeddah; Toronto; Doha,Faisalabad
TRV001169,Mohd Bilawal Marwat,3310096822789,Mazhar Marwat,1967-10-12,2,Dubai; Kuala Lumpur,Faisalabad
TRV002457,Mst. Zubaida Tareen,35202-5289846-4,,,6,Kuala Lumpur; Toronto; Doha; Bangkok,Lahore
TRV000232,Mr. Mohd Farhan Kazmi,,Hussain Kazmi,1981-08-27,3,Kuala Lumpur; London; Jeddah,Lahore
TRV000066,Muhammad Mansoor Magsi,,M. Mansoor Magsi,1951-06-16,5,Baku; Jeddah; Kuala Lumpur; Istanbul,Lahore
TRV002703,Shuaib Afridi,,Ghulam Afridi,1984-02-26,6,London; Istanbul; Jeddah; Dubai,Islamabad
TRV002072,Mohammad Nawaz Marwat,,Muhammad Hamid Marwat,1952-03-20,7,Doha; Bangkok; New York; Istanbul,Quetta
TRV000536,Riaz Gujjar,33100-6019793-4,,1999-10-23,1,Doha,Faisalabad
TRV000125,M. Jamil Janjua,35202-1522734-3,Raza Janjua,1989-05-05,2,Istanbul; New York,Lahore
TRV002133,Kashif Baig,34101-8659156-9,Nawaz Baig,1961-01-17,5,Baku; Kuala Lumpur; London; Doha,Gujranwala
TRV001254,Abida Gujjar,,Mohammad Owais Gujjar,1955-10-08,7,Istanbul; Bangkok; Jeddah; London,Rawalpindi
TRV002480,Mohd Mubashir Awan,6110187635391,Javed Awan,1999-05-18,6,Doha; Baku; Toronto; New York,Islamabad
TRV001976,Mohd Waleed Baig,41304-4033953-6,Muhammed Rizwan Baig,1961-08-06,3,Istanbul; Dubai; Kuala Lumpur,Hyderabad
TRV002458,Aiman Begum,,Mr. Muhammad Yasir Gondal,1977-06-28,5,Jeddah; Doha; Toronto; London,Gujranwala
TRV002322,Mian Hamid Raja,,Bilawal Raja,1969-09-16,1,New York,Rawalpindi
TRV002075,Hira Begum,3410180374863,Navid Mengal,1986-09-19,4,Jeddah; Doha; Dubai; New York,Gujranwala
TRV000484,Kamran Wattoo,42101-5461119-1,Waqar Wattoo,1973-04-15,7,Jeddah; Dubai; London; Doha,Karachi
TRV001654,Eman Malik,5440026792175,Ayaz Malik,1970-12-07,3,Dubai; Baku; Bangkok,Quetta
TRV002672,Mohammad Rashid Ansari,42101-7793437-7,Haji Ayaz Ansari,,2,Doha; Istanbul,Karachi
TRV002261,Haji Muhammad Riaz Wattoo,,Dr. Fahad Wattoo,1986-05-16,3,Toronto; Baku; Jeddah,Rawalpindi
TRV002401,Muhammad Jahangir Hashmi,4210199282762,Mohammad Irfan Hashmi,1953-11-17,1,Baku,Karachi
TRV001774,Mohammed Kashif Virk,,Dr. Muhammad Anwar Virk,1965-11-09,7,Kuala Lumpur; Doha; Toronto; London,Quetta
TRV000918,Mohd Usman Hashmi,,Mian Muhammad Shoaib Hashmi,1966-02-10,3,Istanbul; Toronto; New York,Lahore
TRV001646,Tahirah Sial,37405-3660924-7,Faisal Sial,1954-08-02,7,Bangkok; Dubai; London; Jeddah,Rawalpindi
TRV001026,Engr. Muhammad Rizwan Afridi,,Javed Afridi,1963-09-05,5,Kuala Lumpur; Doha; Baku; Toronto,Peshawar
TRV001030,Aisha Gujjar,,Bilawal Gujjar,1967-05-08,3,Jeddah; Kuala Lumpur; Bangkok,Lahore
TRV000882,Muhammed Ayaz Sheikh,61101-4023283-9,RIAZ SH.,1961-11-01,2,Istanbul; London,Islamabad
TRV001335,Mohammad Mazhar Butt,4130431740939,Danish Butt,,5,Dubai; Kuala Lumpur; Istanbul; London,Hyderabad
TRV002218,Eman Abbas,33100-8720328-5,Bilawal Abbas,1988-04-28,8,New York; Baku; Toronto; London,Faisalabad
TRV000364,Nadim Bajwa,42101-8958633-8,Sad Bajwa,1993-10-19,6,Jeddah; Kuala Lumpur; New York; Doha,Karachi
TRV002125,Mahnoor Kazmi,,Muhammad Akram Kazmi,1950-01-27,1,Bangkok,Lahore
TRV000027,Nawaz Quraishi,,WAQAR QUREISHI,1998-12-19,5,Jeddah; Bangkok; Kuala Lumpur; New York,Karachi
TRV000473,Bilawal Hamdani,33100-7765712-9,Ismail Hamdani,1972-11-14,8,Kuala Lumpur; Bangkok; Toronto; Doha,Faisalabad
TRV000525,Muhammad Ayaz Jutt,61101-9868731-5,Hussain Jutt,1981-01-02,4,Doha; Baku; Dubai; London,Islamabad
TRV000725,HAMID LODHI,35202-9461441-7,Mohammed Fawad Lodhi,1990-06-20,1,Dubai,Lahore
TRV000055,Muhammed Ismail Tareen,36302-6299951-7,M. Yasir Tareen,1963-03-14,6,New York; Toronto; Bangkok; London,Multan
TRV000638,Sehrish Sheikh,37405-3292128-9,Ejaz Shiekh,1973-11-09,7,Baku; London; Kuala Lumpur; Dubai,Rawalpindi
TRV000302,Aslam Memon,35202-7174257-6,Mohd Owais Memon,1965-07-02,2,Istanbul; Dubai,Lahore
TRV002835,Ashraf Kazmi,,Noman Kazmi,1975-12-20,1,Jeddah,Lahore
TRV001276,Nida Cheema,,Haji Mazhar Cheema,1989-02-12,6,London; Bangkok; Toronto; Dubai,Lahore
TRV002631,Durdana Kayani,,Muhammad Aslam Kayani,1989-12-01,7,Kuala Lumpur; London; Jeddah; Doha,Faisalabad
TRV000624,Mohd Abid Khokhar,,MUBASHIR KHOKHAR,1994-06-08,5,Kuala Lumpur; New York; Bangkok; London,Lahore
TRV002055,Bilal Virk,3410140097606,Faisal Virk,1985-06-02,1,Jeddah,Gujranwala
TRV001280,Samina Mirza,,Mohammed Owais Mirza,1985-11-10,3,Toronto; New York; Doha,Karachi
TRV001049,Bilawal Sandhu,,NOMAN SANDHU,1958-09-25,1,Istanbul,Rawalpindi
TRV000336,Umar Tarar,,YOUSUF TARAR,1958-05-11,3,New York; Kuala Lumpur; Toronto,Karachi
TRV000047,Mian Muhammad Rashid Virk,,Mian M. Shoaib Virk,1969-10-20,4,Bangkok; New York; Istanbul; London,Lahore
TRV000106,Navid Abbasi,36302-2237660-8,Muhammad Sufyan Abbasi,1987-01-05,1,New York,Multan
TRV001079,AREEBA KHOKHAR,,Ejaz Khokhar,,4,Dubai; Istanbul; New York; Doha,Lahore
TRV001144,Muhammad Abdullah Satti,,MUHAMMAD NOMAN SATTI,1980-12-12,8,Istanbul; Doha; Toronto; Jeddah,Lahore
TRV002382,Sehrish Marwat,,,1988-10-28,5,Baku; Toronto; Kuala Lumpur; New York,Lahore
TRV001836,M. Ali Lodhi,,,,6,Bangkok; London; Jeddah; Istanbul,Karachi
TRV001753,Shahid Mengal,,Mr. Mohammad Nadeem Mengal,,2,Doha; Bangkok,Islamabad
TRV001101,Saad Arain,17301-9658378-6,MUHAMMAD KASHIF ARAIN,2000-06-03,4,Istanbul; Toronto; Dubai; Jeddah,Peshawar
TRV001968,Pervez Kayani,61101-3502595-7,Khaled Kayani,1991-09-13,4,Baku; New York; Doha; Dubai,Islamabad
TRV000523,Muhammad Taimur Gujjar,34101-4882806-7,Taimur Gujjar,1984-08-16,2,Kuala Lumpur; Baku,Gujranwala
TRV001428,Asma Paracha,34101-1275154-7,Dr. Wasim Paracha,1957-08-02,6,Jeddah; Kuala Lumpur; Toronto; Baku,Gujranwala
TRV002603,Bashir Jutt,42101-4160068-4,Raza Jutt,1983-01-20,7,New York; Istanbul; London; Dubai,Karachi
TRV000603,Tanveer Dar,6110179003606,Rizwan Dar,,2,Bangkok; Dubai,Islamabad
TRV001489,Talha Sandhu,,Bilawal Sandhu,1976-02-18,4,Baku; Toronto; Bangkok; Dubai,Islamabad
TRV002347,Saied  Shah,3520288783573,Muhammad Faraz Shah,1987-05-07,7,Jeddah; New York; Doha; London,Lahore
TRV000060,Mohd Irfan Wattoo,,Mohammad Yasir Wattoo,,1,Doha,Rawalpindi
TRV002745,Muhammed Shahid Zaidi,,Akram Zaidi,1979-07-26,1,New York,Sialkot
TRV000671,Faraz Sh.,,Mohammed Younis Shiekh,1961-03-21,1,Kuala Lumpur,Hyderabad
TRV000092,Mishal Raja,3740524407576,Akram aRja,,5,Dubai; Toronto; Kuala Lumpur; London,Rawalpindi
TRV000666,Mr. Ibrahim Sial,,Muhammad Nawaz Sial,1972-09-03,2,Dubai; New York,Islamabad
TRV001887,Aslam Gujjar,37405-6292463-2,Mohd Irfan Gujjar,1989-12-21,8,Doha; Istanbul; New York; London,Rawalpindi
TRV000280,Faraz Awan,,Waleed Awan,1999-10-20,7,Kuala Lumpur; Istanbul; Toronto; Bangkok,Lahore
TRV001719,Ghulam Tarar,,Hassan Tarar,1999-11-04,2,Bangkok; Istanbul,Islamabad
TRV000359,Haroon Satti,,YOUNIS SATTI,1960-04-19,4,Toronto; Doha; Baku; Dubai,Islamabad
TRV000899,Mohammad Nawaz Naqvi,17301-2535558-3,Muhammed Ali Naqvi,1976-04-08,5,London; Kuala Lumpur; Toronto; Bangkok,Peshawar
TRV001935,Rafique Satti,3520215063849,Salman Satti,1988-11-02,5,New York; Toronto; Kuala Lumpur; Dubai,Lahore
TRV001994,Muhammad Ghulam Rajput,,Saeed Rajput,1981-10-20,7,Jeddah; London; New York; Kuala Lumpur,Multan
TRV002308,Nida Paracha,6110183047834,Fawad Paracha,1954-08-24,1,New York,Islamabad
TRV000760,Saba Bibi,31202-3240120-4,M. Fawad Rizvi,1958-07-22,5,Bangkok; Toronto; New York; Doha,Bahawalpur
TRV002158,Saba Mughal,54400-1799635-2,AHMED MUGHAL,1970-05-05,1,New York,Quetta
TRV002618,MUHAMMED RASHID BAIG,31202-5897323-1,Riyaz Baig,1968-08-01,6,Dubai; Toronto; Bangkok; London,Bahawalpur
TRV000042,Mohammed Shafique Awan,,Nadeem Awan,1962-02-13,7,Doha; London; New York; Bangkok,Hyderabad
TRV002173,Mian Asad Qureshi,,Arif Qureshi,1964-06-14,5,New York; Bangkok; Dubai; Baku,Lahore
TRV000204,Muhammed Irfan Durrani,42101-1883138-5,RAFIQ DURRANI,1968-04-08,8,Jeddah; Dubai; New York; Bangkok,Karachi
TRV001473,Dr. Mansoor Geelani,17301-1069704-3,Faraz Gilani,1982-07-04,5,Bangkok; London; Istanbul; New York,Peshawar
TRV002100,Noman Chaudhary,,,1965-08-13,3,Jeddah; New York; London,Islamabad
TRV000068,Khalid Warraich,42101-2108301-6,Ibrahim Warraich,1974-07-26,2,Baku; Toronto,Karachi
TRV001875,Yousuf Kakar,35202-3003805-9,Kareem Kakar,1995-02-18,2,New York; Kuala Lumpur,Lahore
TRV002375,Zubaida Afridi,,Mazhar Afridi,1985-11-01,8,Doha; Jeddah; Istanbul; Dubai,Peshawar
TRV002231,Fatimah Lodhi,,Taimur Lodhi,,2,Doha; London,Faisalabad
TRV000137,Nimra Siddiqui,1730123301527,Muhammad Faisal Siddiqui,1991-10-09,7,London; Bangkok; Dubai; New York,Peshawar
TRV000796,Farah Malik,,M. Taimur Malik,1988-11-13,5,Istanbul; Kuala Lumpur; Baku; Doha,Karachi
TRV002180,Abid Zaidi,61101-1212111-6,Mr. Waleed Zaidi,1989-06-11,7,Bangkok; Doha; Istanbul; London,Islamabad
TRV002128,Danish Lodhi,,Haji Mudassar Lodhi,1995-11-11,5,Dubai; Toronto; London; Bangkok,Karachi
TRV000758,Mohd Khalid Dar,3120291365983,Noman Dar,1986-03-06,8,Dubai; London; Doha; Baku,Bahawalpur
TRV000541,Husain Mirza,37405-5726265-5,M. Kashif Mirza,1993-08-13,5,Toronto; Jeddah; Kuala Lumpur; Baku,Rawalpindi
TRV001019,Areeba Zaidi,,Nadeem Ziadi,1983-09-22,2,Kuala Lumpur; London,Multan
TRV002284,Shafiq Bajwa,37405-6161205-5,Mohd Hammad Bajwa,1973-06-27,5,London; Istanbul; Dubai; Doha,Rawalpindi
TRV000165,Yousuf Memon,34603-1274777-4,Shafiq Memon,1959-08-13,7,Doha; Jeddah; Bangkok; London,Sialkot
TRV000248,Mahnoor Virk,4210173234195,Khalid Virk,,8,Dubai; Jeddah; Toronto; Baku,Karachi
TRV001331,Muhammed Waleed Gujjar,,Rehan Gujjar,1950-03-22,3,Istanbul; London; Kuala Lumpur,Islamabad
TRV002017,Muhammad Mansoor Jamali,,Ismail Jamali,1967-06-18,2,Toronto; Dubai,Lahore
TRV000446,Zoya Begum,,Muhammad Pervez Memon,1975-03-26,3,Doha; Jeddah; Istanbul,Karachi
TRV001358,Akram Khattak,,M. Hassan Khattak,1967-03-13,5,Bangkok; Istanbul; Kuala Lumpur; Baku,Rawalpindi
TRV002145,Komal Akhtar,37405-6687305-4,Liaquat Akhtar,,1,Toronto,Rawalpindi
TRV001329,Raza Kakar,35202-1797120-1,,1973-08-04,6,Dubai; Bangkok; Istanbul; Kuala Lumpur,Lahore
TRV002906,M. Asif Gujjar,,Salman Gujjar,,8,Dubai; Jeddah; Baku; Istanbul,Rawalpindi
TRV002150,Javed Wattoo,42101-9275059-8,Muhammad Sohel Wattoo,1960-09-08,6,Doha; Baku; Toronto; Istanbul,Karachi
TRV000434,Saeed Sial,35202-3156017-5,Faraz Sial,1995-01-12,7,Kuala Lumpur; Toronto; New York; Istanbul,Lahore
TRV002122,Mariam Afridi,37405-4729333-5,Sohail Afridi,1985-02-12,6,Baku; London; Kuala Lumpur; New York,Rawalpindi
TRV000577,Farhan Sial,,Muhammed Noman Sial,1989-05-07,7,Dubai; New York; Jeddah; Bangkok,Karachi
TRV002387,M. Anwar Cheema,,,,3,London; Istanbul; Kuala Lumpur,Faisalabad
TRV002737,Arif Rizvi,,M. Ismail Rizvi,1950-02-15,7,Istanbul; Doha; Toronto; Dubai,Sialkot
TRV001848,Javaid Raja,,Mohammad Waqar Raja,1995-09-23,5,Jeddah; Istanbul; Toronto; New York,Quetta
TRV000762,Saeed Soomro,,Farhan Soomro,1950-10-08,7,Jeddah; Bangkok; Baku; Toronto,Karachi
TRV000388,Muhammad Jamil Akhtar,41304-1815567-2,Haroon Akhtar,1996-11-27,3,Kuala Lumpur; Jeddah; Dubai,Hyderabad
TRV000235,Raza Virk,,Muhammad Riaz Virk,1964-05-03,2,London; Kuala Lumpur,Gujranwala
TRV002601,Arif Bhutto,,Haroon Bhutto,1990-08-20,4,Dubai; Baku; Istanbul; London,Islamabad
TRV001984,Noman Gujjar,54400-8252502-9,Shafique Gujjar,1969-09-07,1,New York,Quetta
TRV000267,Muhammad Yasir Jutt,1730162587777,Shafiq Jutt,1958-03-26,2,Toronto; Doha,Peshawar
TRV000770,Durdana Abbasi,4210186318763,Muhammad Saied Abbasi,1970-07-09,5,London; Baku; Toronto; Kuala Lumpur,Karachi
TRV002165,Ashraf Sheikh,3520213988645,,1962-03-01,4,Jeddah; Baku; Kuala Lumpur; Bangkok,Lahore
TRV000437,NADEEM KAKAR,,Taimur Kakar,1990-01-11,7,Baku; Jeddah; Bangkok; London,Lahore
TRV000673,Faiza Akhtar,42101-7645922-3,MUHAMMED YASIR AKHTAR,,4,Toronto; London; Baku; Doha,Karachi
TRV000249,Mohammed Sufyan Satti,,Muhammad Taimur Satti,1998-04-23,2,Baku; Toronto,Multan
TRV002201,Riaz Sial,,Mohammad Hassan Sial,1979-10-27,6,New York; Istanbul; Toronto; London,Faisalabad
TRV001574,Shahzad Bhutto,42101-6319399-5,,1958-06-14,6,Bangkok; Toronto; Dubai; Istanbul,Karachi
TRV002142,Dr. Hina Bibi,,Muhammed Faraz Gondal,,4,London; Kuala Lumpur; Dubai; Toronto,Gujranwala
TRV002081,Mohd Faysal Naqvi,61101-3154657-6,M. Said Naqvi,1986-07-26,3,Doha; Dubai; London,Islamabad
TRV002645,Farhan Warraich,41304-7406507-9,Yasir Warraich,1999-01-26,8,Dubai; Kuala Lumpur; Doha; London,Hyderabad
TRV002564,Mrs. Kiran Sandhu,,Mr. Javaid Sandhu,1990-12-03,6,Toronto; London; New York; Kuala Lumpur,Gujranwala
TRV002735,Shagufta Niazi,35202-6796878-4,,1993-05-14,6,Baku; Doha; Jeddah; New York,Lahore
TRV000448,Zubaida Durrani,,JUNAID DURRANI,1992-06-10,2,Jeddah; Doha,Islamabad
TRV001469,M. Farhan Qureshi,3310078811741,,1965-05-08,1,New York,Faisalabad
TRV000716,Javeria Qureshi,,Mohammed Ashraf Qureshi,1974-03-08,3,London; Baku; Doha,Peshawar
TRV002394,Shoaib Warraich,,Tariq Warraich,1983-05-01,7,Baku; Bangkok; New York; Doha,Peshawar
TRV002610,M. Rehan Mirza,,Mohd Saeed Mirza,1965-09-17,1,Jeddah,Peshawar
TRV002048,Mohammad Kashif Soomro,,,1995-10-13,2,Dubai; Istanbul,Faisalabad
TRV001901,Shabana Jutt,35202-5554168-4,Junaid Jutt,1954-08-10,8,Toronto; New York; Kuala Lumpur; London,Lahore
TRV001168,Anika Begum,,Zeeshan Khan,1993-03-05,1,Istanbul,Lahore
TRV000082,Fariha Tareen,4210186044701,KASHIF TAREEN,1970-11-06,7,Kuala Lumpur; Toronto; New York; Doha,Karachi
TRV002420,Aleena Jutt,,JAHANGIR JUTT,1995-02-22,3,Dubai; Kuala Lumpur; Bangkok,Islamabad
TRV001460,Mansoor Bajwa,,Muhammad Iqbal Bajwa,1964-03-01,7,London; Toronto; Doha; Dubai,Karachi
TRV001893,Rabia Khan,,Muhammad Khalid Khan,1976-01-11,8,Baku; Toronto; Bangkok; Dubai,Multan
TRV001668,Mohammed Jahangir Akhtar,,,1971-05-23,1,Baku,Karachi
TRV002000,Javeria Bibi,61101-1456109-8,Muhammad Faraz Abbas,1981-11-12,2,Bangkok; New York,Islamabad
TRV000475,Mohammed Noman Begg,,M. SHAFIQ BEG,1996-01-12,1,Jeddah,Karachi
TRV000517,Mohammed Rehan Gujjar,,Sohail Gujjar,1958-09-16,8,Jeddah; Bangkok; Kuala Lumpur; Dubai,Sialkot
TRV000404,Mohammad Junaid Marwat,35202-1869187-2,Muhammad Nadeem Marwat,2000-03-28,3,Baku; Doha; Toronto,Lahore
TRV000384,Farhan Gilani,3520265976248,Muhammad Waqar  Gilani,1950-07-21,7,Istanbul; London; Kuala Lumpur; Baku,Lahore
TRV002429,Amna Khan,61101-4378807-3,,1964-01-13,4,Doha; Bangkok; Istanbul; Toronto,Islamabad
TRV002152,Aleena Lodhi,35202-6106080-6,Mohammda Rafiq Lodhi,1972-02-25,5,New York; Bangkok; London; Istanbul,Lahore
TRV001633,Mohammed Qasim Memon,5440084058555,Naveed Memon,1989-02-13,5,New York; London; Doha; Bangkok,Quetta
TRV002855,Shoaib Shah,,Mohammad Wasim Shah,1960-04-17,7,Dubai; Istanbul; Doha; Kuala Lumpur,Faisalabad
TRV000688,Bushra Tarar,35202-7738777-4,Mohammed Jahangir Tarar,1963-06-20,5,Bangkok; Kuala Lumpur; Istanbul; Toronto,Lahore
TRV001240,Misshal Jutt,37405-9601844-9,Mohd Bashir Jutt,1968-06-11,4,Kuala Lumpur; London; New York; Jeddah,Rawalpindi
TRV000062,Lubna Ansari,,Mansoor Ansari,1983-12-17,4,Jeddah; Bangkok; Kuala Lumpur; Toronto,Lahore
TRV000852,Muhammad Owais Butt,42101-6958403-2,Muhammed Rizwan Butt,1999-02-20,6,Doha; New York; Baku; Bangkok,Karachi
TRV002963,Sehrish Warraich,,M. Ashraf Waraich,,4,Jeddah; Dubai; New York; Doha,Gujranwala
TRV002472,Omar Awan,,Mohd Kasim Awan,1977-03-02,1,Toronto,Faisalabad
TRV001262,SANA CHAUDHARY,35202-3289039-5,Adnan Chaudhry,1956-06-28,7,Bangkok; London; Dubai; Istanbul,Lahore
TRV000223,Mian Mohammad Yousuf Memon,4210163852346,,1972-03-06,2,Kuala Lumpur; Dubai,Karachi
TRV002193,Haji Raza Jutt,,Mohammed Jahangir Jutt,1999-02-17,2,Baku; Kuala Lumpur,Karachi
TRV000373,Mishal Bibi,34603-1600549-6,,1994-12-22,2,Jeddah; Doha,Sialkot
TRV001824,Muhammed Pervez Bajwa,,Ahmed Bajwa,1951-04-27,5,London; New York; Istanbul; Bangkok,Lahore
TRV002847,Mohammad Hamid Satti,37405-9097453-8,Mubashir Satti,,3,New York; Kuala Lumpur; London,Rawalpindi
TRV002865,Haroon Chaudhry,1730199216523,,1982-05-26,8,Istanbul; Toronto; Bangkok; Dubai,Peshawar
TRV002593,M. Irfan Rajput,1730174951372,Muhammad Nadeem Rajput,1971-10-04,3,Bangkok; Doha; Kuala Lumpur,Peshawar
TRV002818,Tahira Akhtar,37405-1221068-2,Zeeshan Akhtar,1955-05-22,6,Toronto; Dubai; London; Istanbul,Rawalpindi
TRV000009,Mehwish Ansari,1730178516966,Bilawal Ansari,1969-09-05,6,Toronto; Baku; Istanbul; Bangkok,Peshawar
TRV001944,Dr. Zubair Rizvi,35202-4413594-6,,1957-06-17,6,Dubai; New York; London; Baku,Lahore
TRV001838,Anika Khokhar,42101-8040192-4,,1975-06-12,8,Istanbul; Jeddah; London; New York,Karachi
TRV000708,Aamir Khattak,,Sohail Khattak,1962-03-06,5,Jeddah; Dubai; London; Doha,Islamabad
TRV000255,Hina Abbas,,Muhhammad Mazhar Abbas,1974-06-23,2,Bangkok; Istanbul,Multan
TRV001617,Shaista Mughal,,,1996-03-17,8,London; Kuala Lumpur; New York; Baku,Lahore
TRV000389,Saadia Afridi,,,1990-09-05,1,Toronto,Rawalpindi
TRV001581,Mubashir Soomro,4210188855889,,1974-04-21,2,Toronto; Baku,Karachi
TRV000924,Fawad Tarar,35202-8996479-3,Ali Tarar,1981-10-28,8,London; Toronto; Bangkok; New York,Lahore
TRV002036,Ayesha Siddiqui,61101-7749057-9,Haji Mohammed Sohel Siddiqui,1951-05-15,1,Istanbul,Islamabad
TRV002399,Ali Siddiqui,,Mohammed Navid Siddiqui,1981-01-14,3,Jeddah; Bangkok; Doha,Rawalpindi
TRV001224,Mr. Tariq Raja,,,1955-08-20,6,Kuala Lumpur; Jeddah; London; Baku,Rawalpindi
TRV001946,Fatima Rizvi,,,1960-12-08,4,Jeddah; Dubai; Doha; Bangkok,Lahore
TRV000739,Lubna Bibi,61101-3952231-5,,1960-06-04,1,Kuala Lumpur,Islamabad
TRV000040,Hussain Rajput,4210139453538,Wasim Rajput,1969-01-08,3,London; Jeddah; Kuala Lumpur,Karachi
TRV000868,Muhammad Bilal Dar,35202-4274321-6,Haji Danish Dar,1984-06-18,5,London; Jeddah; New York; Istanbul,Lahore
TRV000539,Laiba Janjua,34101-9523692-6,Shafiq Janjua,1999-05-16,1,Toronto,Gujranwala
TRV002506,Muhammad Nasir Baig,,Dr. Rafiq Begg,1956-07-25,7,Istanbul; Jeddah; Toronto; Kuala Lumpur,Lahore
TRV001371,Mian Bilawal Soomro,36302-2016776-4,Ejaz Soomro,1962-11-23,8,Doha; Bangkok; Baku; Dubai,Multan
TRV001145,Sadia Gondal,34603-1788994-9,Qasim Gondal,1958-11-15,1,Doha,Sialkot
TRV001031,Shagufta Hashmi,35202-7540855-3,M. Shahzad Hashmi,,5,Toronto; Bangkok; Jeddah; Doha,Lahore
TRV000372,Mohammad Sajid Gujjar,,Muhammad Yasir Gujjar,1988-09-04,5,London; Baku; Jeddah; Doha,Rawalpindi
TRV000667,Engr. Mazhar Durrani,34101-7025082-7,Mohd Usama Durrani,,7,Istanbul; Toronto; Baku; London,Gujranwala
TRV000357,Mansoor Niazi,,Mohammed Ayaz Niazi,1983-07-02,4,Jeddah; London; New York; Baku,Faisalabad
TRV000967,Junaid Niazi,33100-9027090-9,Umar Niazi,1962-08-05,4,London; Toronto; Bangkok; Baku,Faisalabad
TRV001353,Sadia Chohan,34603-1250217-3,Junaid Chaudhry,1951-09-20,4,Istanbul; Jeddah; Kuala Lumpur; Doha,Sialkot
TRV001035,Anika Mirza,,Osman Mirza,1958-06-11,6,Baku; Kuala Lumpur; New York; Jeddah,Faisalabad
TRV000470,Haji Rasheed Soomro,35202-7445859-3,Muhammed Mudassar Soomro,1991-04-18,1,Toronto,Lahore
TRV001396,Iqbal Hamdani,,Mohd Hasan Hamdani,1969-03-19,5,Doha; London; Jeddah; Bangkok,Hyderabad
TRV002616,Dr. Usama Virk,,Karim Virk,1976-10-18,2,Toronto; Baku,Gujranwala
TRV001549,SHAISTA BIBI,,Mr. Muhammad Waleed Gujjar,1982-06-16,8,Baku; Toronto; Istanbul; Kuala Lumpur,Lahore
TRV001256,Samina Begum,,Muhammed Hammad Gondal,1993-09-26,4,Jeddah; Baku; Doha; London,Peshawar
TRV002094,Muhammad Riaz Gondal,,Shahzad Gondal,1985-08-18,7,Dubai; Baku; Istanbul; Bangkok,Peshawar
TRV001555,Muhammad Umar Ansari,,Junaid Ansari,,2,Kuala Lumpur; New York,Gujranwala
TRV002585,Muhammad Zeeshan Baig,61101-1311023-1,,1980-07-25,3,Kuala Lumpur; Doha; Bangkok,Islamabad
TRV001250,Muhammad Raza Wattoo,,Mazhar Wattoo,,2,Dubai; Bangkok,Lahore
TRV001699,Imran Durrani,61101-5488315-8,M. Mehmud Durrani,1970-10-27,7,Doha; Baku; Jeddah; New York,Islamabad
TRV001252,Muhammad Waleed Hashmi,,TAIMUR HASHMI,1950-07-10,6,Kuala Lumpur; Jeddah; Bangkok; Istanbul,Lahore
TRV002776,Muhammad Saede Zaidi,37405-6501253-7,Muhammed Hammad Zaidi,,8,Dubai; New York; London; Jeddah,Rawalpindi
TRV000079,Muhammad Liaquat Hamdani,,Rizwan Hamdani,1981-09-26,5,Bangkok; Doha; Istanbul; Baku,Islamabad
TRV001172,Suhail Khokhar,41304-7337541-3,Muhammad Mubashir Khokhar,1967-06-21,3,Istanbul; Jeddah; Toronto,Hyderabad
TRV000814,Nida Shah,,,1970-02-24,8,Baku; New York; Bangkok; Toronto,Lahore
TRV001852,Saba Mengal,,Rashid Mengal,1966-11-04,3,Dubai; Doha; Jeddah,Gujranwala
TRV002220,Waleed Jamali,,Muhamed Nadim Jamali,1971-10-10,5,Bangkok; Doha; Jeddah; Kuala Lumpur,Rawalpindi
TRV002624,Dr. Sana Choudhry,61101-9300762-3,Hamid Choudhry,1993-01-06,6,Kuala Lumpur; Bangkok; New York; London,Islamabad
TRV002105,Amna Satti,,Bilawal Satti,1984-09-28,3,Kuala Lumpur; London; Jeddah,Faisalabad
TRV000133,Mudassar Magsi,35202-7820513-1,Asif Magsi,1994-09-26,7,Jeddah; Doha; London; New York,Lahore
TRV001140,Muhammad Zahid Mirza,,,1996-07-06,1,Bangkok,Karachi
TRV000933,Zafar Yusfzai,,AhmedYusufzai,1989-01-02,7,Istanbul; Jeddah; Doha; Baku,Lahore
TRV000928,Javeria Begum,,Abdullah Jamali,1980-09-14,4,New York; Doha; Istanbul; Baku,Karachi
TRV000823,Mian Adnan Baaig,42101-4371097-8,,1990-04-21,7,Dubai; Toronto; Jeddah; New York,Karachi
TRV001531,Muhammed Faisal Baig,4210123469077,,1982-01-01,6,Bangkok; London; Kuala Lumpur; Istanbul,Karachi
TRV001214,Muhammed Mubashir Warraich,42101-8452893-1,Waleed Warraich,1986-11-12,1,Dubai,Karachi
TRV000504,Hamid Afridi,,Danish Afridi,1953-07-21,2,Bangkok; Kuala Lumpur,Rawalpindi
TRV002960,Nadim Arain,61101-4936960-1,Kashif Arain,1973-06-05,2,Baku; Jeddah,Islamabad
TRV002395,Mohammed Nadeem Paracha,3630291134595,Muhammad Kashif Paracha,1962-03-09,5,Bangkok; Dubai; Baku; Toronto,Multan
TRV001996,Ibrahim Ansari,3520261306654,MUHAMMED KASHIF ANSARI,1984-09-17,6,Toronto; Dubai; Baku; Istanbul,Lahore
TRV001958,Muhammad Zafar Abbas,34101-8253421-6,Muhammed Ali Abbas,1976-04-01,7,Toronto; London; Dubai; New York,Gujranwala
TRV001384,Zaynab Memon,,Muhammad Usama Memon,1970-12-28,8,Toronto; Dubai; Istanbul; Bangkok,Rawalpindi
TRV000894,Fariha Butt,6110117080707,Mohd Shahzad Butt,,5,Baku; London; Dubai; Kuala Lumpur,Islamabad
TRV000828,Iqra Awan,,M. IMRAN AWAN,1996-02-28,4,Toronto; Dubai; New York; Bangkok,Karachi
TRV002916,Mrs. Sana Gondal,,Raza Gondal,1976-08-04,2,Kuala Lumpur; Toronto,Peshawar
TRV001683,Muhammad Zahid Gondal,42101-9625675-3,Mubashir Gndal,1957-09-15,2,Toronto; Bangkok,Karachi
TRV002570,Shabana Khattak,61101-1137871-3,Zahid Khattak,1951-02-21,7,Toronto; Kuala Lumpur; Dubai; London,Islamabad
TRV002554,Muhammad Ibrahim Tareen,,Osma nTareen,1981-08-21,5,Toronto; Jeddah; Dubai; Istanbul,Lahore
TRV002508,M. Bashir Jutt,34101-5965885-5,,1953-09-23,1,New York,Gujranwala
TRV000652,Rukhsana Durrani,,Mohd Kamran Durrani,1986-11-23,8,Kuala Lumpur; Jeddah; New York; Doha,Peshawar
TRV000172,Noor Paracha,,Saad Paracha,1978-04-24,3,Istanbul; New York; Jeddah,Karachi
TRV000038,Mohammad Suhail Khan,41304-6159172-2,MUHAMMAD ISMAIL KHAN,1996-04-14,7,Kuala Lumpur; Toronto; Jeddah; Bangkok,Hyderabad
TRV002856,Komal Bibi,3120270649266,Mohammed Sufyan Yousafzai,1982-12-05,3,London; Bangkok; Jeddah,Bahawalpur
TRV000713,Mohammed Zafar Khan,42101-8466487-7,Mazhar Khan,1986-11-08,2,Toronto; Jeddah,Karachi
TRV000090,Zubair Ansari,,Zubair Ansari,1987-03-04,6,Doha; Istanbul; Baku; Jeddah,Lahore
TRV002950,Saeed Akhtar,35202-6417171-7,Fahad Akhtar,1950-10-14,3,Dubai; Bangkok; Kuala Lumpur,Lahore
TRV001205,Mohammed Hassan Marwat,34101-7378393-2,Muhammad Shahzad Marwat,1953-09-04,6,Jeddah; Istanbul; London; Bangkok,Gujranwala
TRV002581,Pervez Soomro,,Ismail Soomro,1989-03-12,3,Istanbul; Toronto; Dubai,Rawalpindi
TRV001827,Hamid Durrani,42101-9512774-6,Muhammad Nadim Durrani,1979-10-19,2,Istanbul; Bangkok,Karachi
TRV001155,Younis Hashmi,17301-3431589-9,M. SHOIB HASHMI,1980-03-19,8,Dubai; Baku; Kuala Lumpur; Bangkok,Peshawar
TRV001324,Muhammad Danish Rajput,42101-2911623-5,,,4,Bangkok; Dubai; London; New York,Karachi
TRV000216,Moin Malik,,Mohd Sufyan Malik,1975-11-02,7,Baku; London; Dubai; Toronto,Islamabad
TRV000510,Mohd Rashid Hamdani,,Usama Hamdani,1991-05-24,3,Doha; Bangkok; London,Faisalabad
TRV001680,Ms. Noor Mengal,6110128187665,Muhammad Wasim Mengal,2000-09-18,8,Jeddah; New York; Istanbul; Kuala Lumpur,Islamabad
TRV000499,Mohd Riaz Janjua,,Dr. Shahid Janjua,1969-09-08,1,Bangkok,Karachi
TRV002475,ZUBAIDA MUGHAL,,Mohd Asad Mughal,1959-02-22,2,Kuala Lumpur; Jeddah,Karachi
TRV001856,M. Riaz Afridi,35202-5235096-9,Mohammad Abdullah Afridi,1981-04-07,2,Istanbul; Doha,Lahore
TRV001388,MUHAMMAD ASAD TAREEN,,YOUNIS TAREEN,1957-04-11,5,Baku; Dubai; London; Istanbul,Bahawalpur
TRV001519,Rafiq Lodhi,,ABDULLAH LODHI,1979-11-05,7,Bangkok; Istanbul; London; Dubai,Hyderabad
TRV002386,Hira Begum,,Salman Naqvi,1952-04-12,7,Toronto; Bangkok; London; Istanbul,Islamabad
TRV002717,Noman Khokhar,37405-2401714-4,Haji Asif Khokhar,1978-12-03,8,Toronto; Doha; London; Bangkok,Rawalpindi
TRV002076,Owais Butt,,Bilawal Butt,1982-05-23,5,London; Istanbul; Jeddah; Dubai,Karachi
TRV001540,Muhammad Danish Akhtar,3310017389059,,1954-12-25,1,Jeddah,Faisalabad
TRV001217,Muhammad Yousuf  Magsi,34101-3425704-3,Muhammed Saeed Magsi,1954-12-19,7,Dubai; Istanbul; New York; Toronto,Gujranwala
TRV001416,Akram Afridi,3520260771837,Mohd Mubashir Afridi,2000-04-26,1,Istanbul,Lahore
TRV002217,Areeba Khokhar,42101-7243808-9,Haji Mohammad Bilawal Khokhar,,3,Jeddah; Doha; New York,Karachi
TRV002514,Mohammed Ibrahim Khokhar,4210160916484,,1982-11-05,1,Toronto,Karachi
TRV001676,Zainab Satti,,Feisal Satti,1962-02-22,2,New York; Jeddah,Karachi
TRV001197,Mohd Danish Gondal,61101-8318296-9,Yasir Gondal,1965-09-04,1,Dubai,Islamabad
TRV001542,Mohd Shoib Lodhi,37405-9625810-3,Muhammad Ibrahim Lodhi,1962-05-15,3,Istanbul; New York; Doha,Rawalpindi
TRV000953,Mohammed Abdullah Tareen,42101-5980221-6,Mohammed Rehan Tareen,1976-05-27,5,Bangkok; Kuala Lumpur; London; Dubai,Karachi
TRV000750,Muhamma Hamid Soomro,,,1959-09-27,1,New York,Bahawalpur
TRV000234,Jamil Dar,42101-5479458-1,Muhammad Sufyan Dar,1958-02-23,2,Dubai; New York,Karachi
TRV000732,Durdana Malik,,Junaid Malik,1989-07-16,2,Dubai; Doha,Islamabad
TRV002988,Usman Siddiqui,37405-5203756-7,Mohammed Ismail Sidiqui,,6,Dubai; Doha; Bangkok; Kuala Lumpur,Rawalpindi
TRV001156,Muhammed Raza Abbas,,Muhammad Fawad Abbas,1963-02-04,5,Dubai; Istanbul; New York; Jeddah,Rawalpindi
TRV002569,Ismail Hashmi,,Muhammed Younis Hashmi,1982-03-06,7,Kuala Lumpur; Bangkok; Toronto; Istanbul,Lahore
TRV002445,Nawaz Cheema,35202-3886198-5,,1950-01-08,2,Kuala Lumpur; Jeddah,Lahore
TRV001209,Pervez Naqvi,54400-2250016-5,MoinNaqvi,,3,Bangkok; London; Doha,Quetta
TRV001065,Ramsha Kazmi,41304-4622860-4,Nasir Kazmi,1990-05-04,2,Kuala Lumpur; Toronto,Hyderabad
TRV002156,Muhammad Nasir Kazmi,37405-2522283-2,Zafar Kazmi,1965-11-15,4,New York; Dubai; Bangkok; London,Rawalpindi
TRV001062,Owais Geelni,3520243764055,RASHID GILANI,1956-04-19,6,London; Baku; Kuala Lumpur; Doha,Lahore
TRV001167,Shahid Marwat,34101-9498725-5,,1951-05-21,1,Istanbul,Gujranwala
TRV001492,Zainab Qureshi,,,1973-10-10,8,Toronto; Bangkok; Jeddah; London,Lahore
TRV002470,Muhammad Ghulam Arain,35202-7534443-1,,1981-10-03,2,Doha; Toronto,Lahore
TRV000884,M. Nadeem Yosafzai,,Sohail Yousafzai,1988-12-08,4,Kuala Lumpur; Jeddah; Baku; Istanbul,Islamabad
TRV000143,Nimra Begum,35202-9665368-2,Mohd Zubayr Satti,1987-02-16,8,Dubai; Doha; New York; Istanbul,Lahore
TRV002938,Farah Gilani,,Mohammed Iqbal Gilani,1992-12-20,7,Istanbul; London; Kuala Lumpur; New York,Bahawalpur
TRV000850,Muhammad Mansoor Gondal,,Mohammad Hussain Gondal,1981-06-23,5,Baku; Bangkok; Toronto; London,Gujranwala
TRV000717,Danish Cheema,,Muhammed Rizwan Cheema,,8,Bangkok; New York; Dubai; Doha,Sialkot
TRV002838,Mohd Hussain Akhtar,3630299555796,,1956-12-03,5,Baku; Istanbul; Jeddah; Toronto,Multan
TRV000264,Mian Sufyan Lodhi,,Mohammad Fahad Lodhi,1954-12-04,2,Kuala Lumpur; Doha,Lahore
TRV000075,Akram Dar,61101-9981123-5,Jamil Dar,,6,London; Kuala Lumpur; Toronto; Bangkok,Islamabad
TRV000395,Ahmed Bajwa,3740512751459,Mr. Mudassar Bajwa,,5,Doha; New York; London; Istanbul,Rawalpindi
TRV002541,Danish Khan,,Haroon Khan,1996-04-17,6,Bangkok; Baku; Istanbul; Kuala Lumpur,Islamabad
TRV002224,Rabia Qureshi,42101-6776766-4,M. Waqar Qureishi,1981-03-28,4,Bangkok; Istanbul; Doha; Dubai,Karachi
TRV002795,Mohd Jamil Arain,3310015518339,Iqbal Arain,1988-04-06,2,New York; Toronto,Faisalabad
TRV000396,Yasir Begg,,Muhammad Hammad Baig,1972-02-18,5,Baku; Bangkok; Dubai; Doha,Peshawar
TRV001365,Shabana Lodhi,34603-7774098-1,,1987-06-27,8,Doha; Baku; Toronto; Kuala Lumpur,Sialkot
TRV002496,Farhan Kazmi,,Shahzad Kazmi,1966-02-06,4,Jeddah; Istanbul; Kuala Lumpur; New York,Lahore
TRV001903,Saeed Akhtar,17301-5270479-6,M. Junaid Akhtar,1951-12-25,8,Dubai; Baku; London; Doha,Peshawar
TRV000595,Abida Niazi,,Muhammad Asharf Niazi,1970-07-12,4,Jeddah; Kuala Lumpur; Doha; Istanbul,Faisalabad
TRV002109,Sana Sandhu,,,1988-02-01,1,Toronto,Lahore
TRV001296,Mohammed Moin Jamali,42101-8207238-2,Hassan Jamali,1959-11-19,4,Doha; Toronto; New York; Jeddah,Karachi
TRV001821,Rehan Gujjar,3460343397815,Jamil Gujjar,,2,Toronto; Doha,Sialkot
TRV000872,Asad Malik,,Aamir Malik,1964-08-15,7,Dubai; Baku; Istanbul; New York,Karachi
TRV002907,Mohammed Fawad Hashmi,33100-6707694-2,Dr. iLaquat Hashmi,1979-02-14,8,Jeddah; Bangkok; Toronto; London,Faisalabad
TRV002326,Amna Abbasi,,Pervez Abbasi,1962-04-16,4,Toronto; London; Baku; Doha,Peshawar
TRV001548,Robina Baig,3310018484984,Dr. Ibrahim Baig,1982-09-26,6,Bangkok; Jeddah; New York; Kuala Lumpur,Faisalabad
TRV000036,Mohammmed Kashif Mengal,,Ahmad Mengal,1967-06-22,2,Baku; Istanbul,Karachi
TRV002522,Nasir Butt,,M. Iqbal Butt,1977-01-23,4,New York; Istanbul; Baku; Dubai,Islamabad
TRV002143,Arif Qureishi,35202-7656606-9,Mohammed Rehan Quraishi,1970-04-23,1,Bangkok,Lahore
TRV002552,Mr. Mohammad Karim Lodhi,61101-2691421-4,Mian Mohd Tanveer Lodhi,1978-07-08,6,Istanbul; Kuala Lumpur; Dubai; Jeddah,Islamabad
TRV000977,Mian Zahid Bhutto,31202-7031052-4,Waqar Bhutto,1961-03-11,2,Toronto; Kuala Lumpur,Bahawalpur
TRV001571,Mohammad Aamir Qureshi,54400-5581875-4,Ibrahim Qureshi,1996-06-23,4,Baku; Doha; Istanbul; Jeddah,Quetta
TRV001122,Aslam Baig,,,1997-05-10,6,Toronto; Baku; Jeddah; Kuala Lumpur,Lahore
TRV002239,Shaista Begum,37405-4802818-9,M. Zeeshan Somro,1971-05-16,6,Dubai; London; New York; Jeddah,Rawalpindi
TRV001892,Shagufta Rajput,,Sajid Rajput,1963-12-04,4,Jeddah; Kuala Lumpur; Dubai; London,Quetta
TRV000675,LAIBA KAKAR,,MOHD ZOBAIR KAKAR,1962-04-19,2,London; Dubai,Faisalabad
TRV000728,Tariq Kayani,35202-2570416-7,M. Anwar Kayani,1963-09-14,4,Dubai; Bangkok; New York; Toronto,Lahore
TRV000412,Muhammad Asad Bhatti,,Waseem Bhatti,1956-03-11,1,Jeddah,Karachi
TRV001516,Noor Warraich,,,1966-10-26,1,Doha,Rawalpindi
TRV001649,Aleena Shiekh,33100-5570291-3,Khalid Shiekh,,5,Istanbul; Toronto; Jeddah; Baku,Faisalabad
TRV000825,Saied Gujjar,,Muhammed Sufyan Gujjar,1989-10-21,7,Kuala Lumpur; Jeddah; Doha; Dubai,Karachi
TRV000616,Noor Baig,,Mohd Ejaz Begg,1952-10-03,2,London; Bangkok,Gujranwala
TRV000114,Fatima Bhatti,42101-6946295-7,M. Waqar Bhatti,1955-07-17,5,Baku; Toronto; Doha; Dubai,Karachi
TRV000417,M. Ibrahim Durrani,4130458566647,Hasan Durrani,,3,Doha; London; Dubai,Hyderabad
TRV001625,Dr. Tooba Mughal,,,1999-04-20,4,Kuala Lumpur; Bangkok; Istanbul; New York,Islamabad
TRV002935,Khalid Akhtar,,Mohd Ibrahim Akhtar,1988-12-15,5,Doha; Istanbul; Jeddah; Toronto,Gujranwala
TRV000089,Ibrahim Mirza,33100-6340253-6,Mohammed Mansoor Mirza,1982-05-08,1,Toronto,Faisalabad
TRV002082,Aif Soomro,37405-7876838-4,Muhammad Irfan Soomro,1972-08-13,1,New York,Rawalpindi
TRV000753,Bushra Memon,36302-4659760-9,Muhammad Waleed Memon,1953-06-18,4,Jeddah; Kuala Lumpur; Dubai; Bangkok,Multan
TRV001630,Ghulam Sandhu,42101-5885254-7,Naveed Sandhu,1990-09-14,1,Bangkok,Karachi
TRV000011,M. Zobair Sandhu,35202-1689025-6,Moin Sandhu,,8,London; Doha; Baku; Kuala Lumpur,Lahore
TRV002444,Akram Niazi,61101-3609288-8,Mubashir Niazi,1992-09-11,4,Baku; Kuala Lumpur; Doha; Istanbul,Islamabad
TRV000284,Muhammad Pervez Kayani,42101-8198924-9,Muhammad Liaquat Kayani,1958-10-10,4,Istanbul; Dubai; Doha; Baku,Karachi
TRV001066,Jamil Hamdani,42101-3895293-1,Younis Hamdani,1975-12-23,4,Doha; New York; Jeddah; Baku,Karachi
TRV001191,Nasreen Bibi,,Tanveer Memon,1977-07-25,2,Jeddah; London,Islamabad
TRV001440,Shoaib Zaidi,,Fahad Zaidi,1978-05-25,3,Jeddah; Dubai; Kuala Lumpur,Gujranwala
TRV002797,Iqra Soomro,3410114353601,Mohd Mehmod Soomro,1954-01-13,3,Baku; Kuala Lumpur; Jeddah,Gujranwala
TRV002845,Farah Tareen,3120239498328,Iqbal Tareen,1989-03-14,1,Dubai,Bahawalpur
TRV002706,Shabana Khan,3120294314688,Tanvir Khan,1955-12-07,5,Toronto; Doha; New York; Bangkok,Bahawalpur
TRV001568,KIRNA ABBASI,,,1970-01-06,8,Toronto; Bangkok; London; Dubai,Karachi
TRV002427,Aamir Siddiqui,,HASSAN SIDIQUI,1960-05-19,5,Jeddah; Kuala Lumpur; Bangkok; Baku,Gujranwala
TRV002573,Mohammed Asad Bhutto,,MOHAMMAD EJAZ BHUTTO,1970-12-24,7,Toronto; Kuala Lumpur; Baku; Jeddah,Multan
TRV001687,Tanvir Wattoo,61101-3223125-6,Muhammed Kareem Wattoo,1957-06-25,5,Jeddah; Dubai; New York; Baku,Islamabad
TRV000851,Imran Cheema,,Ahmed Cheema,1986-01-25,4,Doha; Baku; New York; Jeddah,Peshawar
TRV002207,Naveed Jutt,,Shafiq Jutt,1969-09-07,3,Bangkok; Toronto; Baku,Bahawalpur
TRV000895,Sidra Memon,33100-5112667-2,Liaquat Memon,1970-05-08,4,Dubai; Doha; Jeddah; New York,Faisalabad
TRV000496,Mr. Shahid Siddiqui,,,1964-07-10,3,Istanbul; Jeddah; Kuala Lumpur,Karachi
TRV002305,Mian Kasim Bajwa,17301-2004204-7,Mohammad Saad Bajwa,1967-10-01,4,Istanbul; Kuala Lumpur; Jeddah; New York,Peshawar
TRV001782,Zeeshan Khattak,,Engr. M. Shahzad hattak,,5,New York; Istanbul; Bangkok; Kuala Lumpur,Sialkot
TRV000335,Saeed Mughal,41304-4694666-3,Kashif Mughal,1955-09-28,5,Toronto; Baku; Doha; Jeddah,Hyderabad
TRV000515,ASMA BHATTI,,M. KHALID BHATTI,1955-09-17,4,Kuala Lumpur; Dubai; New York; Istanbul,Karachi
TRV001348,MUHAMMAD EJAZ KHAN,,Muhamamd Mehmood Khan,1996-06-26,6,New York; Dubai; London; Kuala Lumpur,Faisalabad
TRV001015,Eman Gilani,,Mohammad Yasir Gillani,1975-01-12,4,Istanbul; Toronto; Bangkok; Doha,Quetta
TRV002804,Hassan Baig,6110120731422,,,4,London; Bangkok; Jeddah; Doha,Islamabad
TRV002799,Ali Cheema,,Muhammad Owais Cheema,1978-03-09,7,Doha; Toronto; Istanbul; New York,Sialkot
TRV001781,Aleena Satti,54400-1531784-4,Kamran Satti,1986-11-22,4,New York; Jeddah; Doha; Dubai,Quetta
TRV001785,Nawaz Gilani,36302-1668802-2,Mohammad Nawaz Gilani,1963-11-21,3,Toronto; Baku; New York,Multan
TRV002070,Tariq Siddiqi,35202-1294233-6,Mohammad Akram Siddiqui,1988-05-08,1,Jeddah,Lahore
TRV000356,Mohammad Nasir Rizvi,42101-4804764-4,Engr. Mohd Arif Rizvi,,1,Dubai,Karachi
TRV002848,Javeria Memon,35202-3256557-2,Muhammed Usman Memon,1985-03-02,1,London,Lahore
TRV001312,Muhammed Kasim Khan,,Taimur Khan,1979-11-15,1,Jeddah,Lahore
TRV001635,Mr. Hussain Baig,,Muhammad Mazhar Begg,,6,London; Bangkok; Kuala Lumpur; Jeddah,Peshawar
TRV000550,Ms. Amna Jamali,,Mansoor Jamali,,1,London,Karachi
TRV002388,Mohd Wasim Afridi,,,1987-05-07,5,Istanbul; Kuala Lumpur; Bangkok; Jeddah,Rawalpindi
TRV002479,Bashir Sandhu,,Bilal Sandhu,1968-09-13,3,New York; Bangkok; Istanbul,Gujranwala
TRV002521,M. Ali Satti,,Umar Satti,1993-11-13,5,Jeddah; Doha; Toronto; Kuala Lumpur,Islamabad
TRV002265,Mohd Mazhar Geelani,35202-1049691-3,Aamir Gilani,1953-03-22,6,New York; Baku; Doha; London,Lahore
TRV001227,Saeed Malik,4210155563424,Mohammad Shahzad Malik,,3,Doha; London; Toronto,Karachi
TRV002676,Pervez Mengal,35202-3275197-9,Engr. Shahid Mengal,1980-05-23,7,Bangkok; Istanbul; Toronto; Jeddah,Lahore
TRV000957,Mohd Nadim Gilani,61101-4773042-4,,,5,London; Kuala Lumpur; Jeddah; Baku,Islamabad
TRV001773,Nasreen Begum,33100-1339919-5,Muhammed Rasheed Lodhi,1972-04-06,2,London; Bangkok,Faisalabad
TRV002141,Muhammed Nawaz Kakar,35202-7760129-7,Junaid Kakar,1991-04-11,4,Jeddah; Baku; Dubai; Toronto,Lahore
TRV001008,Mohammed Taimur Janjua,35202-9634141-8,Wasim Janjua,1968-06-11,1,Jeddah,Lahore
TRV001092,Mariam Sidiqui,,Mohammad Anwar Sidiqui,1995-07-25,6,Dubai; Doha; Kuala Lumpur; Istanbul,Multan
TRV002670,Lubna Butt,,Ghulam Butt,1998-02-03,4,Istanbul; Kuala Lumpur; Dubai; Jeddah,Karachi
TRV000996,Talha Mughal,3740550323707,Zahid Mughal,1980-02-19,1,New York,Rawalpindi
TRV001679,Uzma Khan,37405-6457555-9,Liaquat Khan,1975-10-19,1,Istanbul,Rawalpindi
TRV000153,Younis Malik,42101-6921373-4,Mohd Farhan Malik,1990-07-15,6,New York; Doha; Kuala Lumpur; Toronto,Karachi
TRV002778,Akram Beg,,Mohammed Mazhar Beg,1995-05-02,4,London; Doha; Toronto; Kuala Lumpur,Sialkot
TRV000580,Liaquat Awan,42101-3654609-9,Arif Aawn,1961-06-23,1,New York,Karachi
TRV001470,Haji Rashid Virk,,Rafique Virk,1995-11-23,7,Bangkok; Doha; Istanbul; Jeddah,Rawalpindi
TRV000703,Muhammad Hamid Janjua,,Muhammad Asad Janjua,1967-09-08,5,Toronto; Bangkok; Istanbul; Dubai,Karachi
TRV001212,Mr. Muhammad Faraz Raja,,,1970-03-09,8,Bangkok; Jeddah; London; Istanbul,Rawalpindi
TRV000896,Naila Begum,3520215672359,Kashif Kazmi,1972-10-05,7,Dubai; Bangkok; Istanbul; Toronto,Lahore
TRV000487,JamilNiazi,34603-8675769-4,Waqar Niazi,1984-02-09,1,New York,Sialkot
TRV000559,Sufyan Akhtar,,Raza Akhtar,1968-05-03,2,Doha; Kuala Lumpur,Peshawar
TRV001141,Muhammad Ismail Kayani,,Noman Kayani,1957-07-14,3,Kuala Lumpur; Baku; Dubai,Rawalpindi
TRV001119,Muhammed Tanveer Qureshi,,Hussain Quraishi,1994-06-18,7,Jeddah; New York; Istanbul; Doha,Karachi
TRV000512,Mrs. Rukhsana Zaidi,61101-6812234-1,Javed Zaidi,1987-12-13,6,Dubai; Baku; Istanbul; New York,Islamabad
TRV000633,Owais Hamdani,42101-1650391-9,Mr. Talha Hamdani,2000-12-03,8,Istanbul; Dubai; Jeddah; Bangkok,Karachi
TRV002580,Shazia Yusufzai,4210199607135,Mehmood Yousafzai,1990-07-11,7,London; Baku; Istanbul; Kuala Lumpur,Karachi
TRV001664,Shafiq Dar,36302-2292600-7,,1980-08-04,8,Baku; Jeddah; Dubai; Kuala Lumpur,Multan
TRV001012,Bilawal Gondal,42101-5584504-9,Anwar Gondal,1962-11-02,6,Dubai; Bangkok; London; Kuala Lumpur,Karachi
TRV001931,Shagufta Gujjar,3740526518453,Muhammad Hammad Gujjar,1967-06-27,1,Istanbul,Rawalpindi
TRV001150,Dr. Shiasta Paracha,3740566520072,Mohammed Rizwan Paracha,1979-11-15,8,Kuala Lumpur; New York; Bangkok; Baku,Rawalpindi
TRV002801,Mohammad Kareem Choudhry,,Imran Chaudhary,1995-10-08,5,Doha; Bangkok; Dubai; Baku,Peshawar
TRV000116,Iqbal Kayani,,,1974-09-06,8,Kuala Lumpur; Bangkok; Jeddah; Dubai,Islamabad
TRV000740,Owais Sheikh,3740569049544,Haji Farhan Sheikh,1973-04-04,1,Doha,Rawalpindi
TRV002759,Yousuf Malik,42101-7494064-9,Rafique Malik,1979-04-01,3,Kuala Lumpur; Bangkok; Dubai,Karachi
TRV001974,Muhammad Youni Butt,1730113886576,Yousuf Butt,1957-11-03,2,Bangkok; London,Peshawar
TRV001081,Engr. Nadeem Gondal,3740565261348,Haji Mansoor Gondal,1986-05-25,2,Kuala Lumpur; Doha,Rawalpindi
TRV001810,Rehan Lodhi,35202-7790563-7,Ibrahim Lodhi,2000-07-02,7,Jeddah; London; New York; Kuala Lumpur,Lahore
TRV000830,Mr. Mudassar Khokhar,,Mohd Zobair Khokhar,1959-07-22,3,Dubai; New York; Bangkok,Faisalabad
TRV000119,Warda Lodhi,6110140261829,,1992-03-23,4,Istanbul; Jeddah; London; Kuala Lumpur,Islamabad
TRV000656,Ejaz Bhutto,,Engr. Sajid Bhutto,1960-02-08,4,Toronto; Doha; Dubai; Kuala Lumpur,Lahore
TRV002728,Muhammad Ibrahim Bajwa,4210112859133,Arif Bajwa,1979-11-04,4,Jeddah; New York; Baku; Bangkok,Karachi
TRV002688,Mrs. Eman Mengal,,Muhammed Ismail Mengal,1987-03-14,4,Doha; Istanbul; Bangkok; Baku,Multan
TRV002928,Nadeem Gujjar,61101-9573311-2,Usman Gujjar,1989-06-24,4,Jeddah; Toronto; Istanbul; London,Islamabad
TRV000635,Rashid Janjua,35202-1305774-1,Muhamad Bilal Janjua,1967-02-26,8,Istanbul; Bangkok; Doha; Jeddah,Lahore
TRV000369,Javaid Rajput,42101-5966312-6,Mohammed Shuaib Rajput,1972-10-07,3,Jeddah; London; Doha,Karachi
TRV000268,Mohd Hasan Cheema,35202-1451336-3,Shafique Cheema,1968-06-03,3,Istanbul; Jeddah; Kuala Lumpur,Lahore
TRV000046,Anwar Niazi,42101-4161264-3,Saad Nizi,1998-04-08,1,Dubai,Karachi
TRV000991,Muhammed Abdullah Sheikh,33100-6338020-3,Muhammad Ali Sheikh,1950-06-09,6,Bangkok; Doha; Kuala Lumpur; Toronto,Faisalabad
TRV000876,Shafiq Jutt,42101-1998986-8,Muhammad Danish Jutt,1959-01-09,5,New York; Jeddah; Doha; Istanbul,Karachi
TRV000773,Muhammad Jahangir Butt,,Muhammed Ismail Butt,1972-09-08,3,Istanbul; Jeddah; New York,Lahore
TRV001219,Mohammed Ejaz Paracha,42101-3629904-8,Asad Paracha,1982-01-01,7,Bangkok; Doha; Toronto; London,Karachi
TRV001126,Hammad Siddiqi,37405-3147835-2,Mohd Shahzad Siddiqui,1973-01-12,1,Toronto,Rawalpindi
TRV000004,Mohd Younis Niazi,,Ahmad Niazi,1990-03-12,6,Bangkok; Istanbul; Dubai; Jeddah,Gujranwala
TRV001595,Muhammad Rashid Lodhi,,Nadeem Lodhi,1995-06-25,4,Toronto; London; Doha; Baku,Lahore
TRV002311,FAHAN MAGSI,,Kashif Magsi,1950-05-15,6,Baku; Bangkok; Dubai; New York,Karachi
TRV002491,MUHAMMMAD TALHA NAQVI,,,1992-06-26,2,Bangkok; Baku,Lahore
TRV001077,MOIN MEMON,34603-3121405-4,Muhammad Sohail Memon,1950-08-27,7,Bangkok; Dubai; Toronto; Istanbul,Sialkot
TRV000837,Moin Warraich,,Yasir Warraich,1992-04-07,4,New York; Doha; Bangkok; Toronto,Karachi
TRV000681,Waqar Paracha,,Fahad Paracha,1953-02-08,6,Jeddah; Kuala Lumpur; London; Baku,Sialkot
TRV001715,Engr. Faraz Butt,,,1995-01-14,4,Doha; Toronto; Baku; New York,Rawalpindi
TRV002352,Waqar Wattoo,,Rashid Wattoo,1985-02-14,6,Istanbul; Doha; New York; Toronto,Islamabad
TRV002361,Mansoor Akhtar,,M. Mehmood Akhtar,,2,Jeddah; Baku,Multan
TRV002197,SABA MEMON,,Muhammad Tariq Memon,1980-06-25,8,London; Jeddah; Istanbul; Bangkok,Lahore
TRV001148,Muhammed Omar Tarar,1730141591237,Muhammad Ashraf Tarar,1987-01-15,4,Doha; Jeddah; Baku; New York,Peshawar
TRV000574,Danish Arain,,,1973-04-11,3,Bangkok; Toronto; Jeddah,Karachi
TRV000050,Muhammed Sajid Sandhu,34603-7510106-8,Muhammad Khaled Sandhu,1976-06-01,2,New York; Jeddah,Sialkot
TRV000853,Mohammed Noman Virk,54400-2200937-2,M. Asif Virk,1979-03-03,8,Toronto; Istanbul; London; New York,Quetta
TRV001982,Mohammad Tanveer Hamdani,,,1981-07-05,1,New York,Islamabad
TRV001823,Abdullah Soomro,34101-9949810-2,Mohammad Moin Soomro,1979-01-04,6,Kuala Lumpur; Toronto; Baku; Istanbul,Gujranwala
TRV000833,M. Omer Cheema,34101-4734014-1,Mohammad Liaquat Cheema,1971-06-13,3,Bangkok; Istanbul; New York,Gujranwala
TRV001115,Nazia Gilani,6110183646702,Tanveer Gillani,1953-05-27,4,Dubai; Kuala Lumpur; Istanbul; Baku,Islamabad
TRV001166,Ramsha Khattak,34101-2507177-6,Ali Khattak,1988-06-19,3,New York; Doha; Bangkok,Gujranwala
TRV002518,Muhammad Younis Raja,3520234323392,Waqar Raja,1963-02-19,6,Kuala Lumpur; Baku; New York; London,Lahore
TRV001906,Ejaz Qureishi,,Ali Qureshi,1990-05-03,1,Dubai,Lahore
TRV000971,Mohd Shoib Shah,3410174123958,Shahzad Shah,1996-12-01,4,Doha; Toronto; Dubai; New York,Gujranwala
TRV000399,Nazia Begum,,Mohammad Mudassar Rizvi,1993-08-17,7,Bangkok; London; Doha; Istanbul,Lahore
TRV002559,Said Cheema,4210171983527,Danish Cheema,1950-06-22,1,Doha,Karachi
TRV002368,Robina Bibi,,Muhammad Bilal Tareen,1967-01-19,5,Jeddah; London; Istanbul; Dubai,Multan
TRV000019,Muhammed Bilawal Shah,42101-7251976-3,Engr. Junaid Shah,1997-10-18,8,Jeddah; Kuala Lumpur; New York; Dubai,Karachi
TRV000684,Hira Tareen,,Harooon Tareen,,4,Toronto; Kuala Lumpur; Doha; New York,Faisalabad
TRV000035,IRFAN WATTOO,42101-7009980-2,RAFIQ WATTOO,1979-04-14,1,Jeddah,Karachi
TRV002825,Laiba Naqvi,17301-9299192-7,Muhammad Waleed Naqvi,1982-02-05,8,Doha; Baku; New York; Istanbul,Peshawar
TRV000524,Lubna Begum,33100-7816274-2,,1957-12-28,2,Toronto; New York,Faisalabad
TRV002455,Sufyan Satti,,M. Sajid Satti,1952-01-07,3,Doha; Jeddah; New York,Multan
TRV000920,Hammad Mizra,17301-5130326-7,M. Nasir Mirza,1989-05-12,6,Bangkok; New York; Doha; Jeddah,Peshawar
TRV001841,Mohd Taimur Sial,,,1974-11-27,3,New York; Bangkok; Istanbul,Gujranwala
TRV001890,ABIDA NIAZI,,Rasheed Niazi,1967-04-18,8,London; Istanbul; Kuala Lumpur; Doha,Peshawar
TRV000537,Muhammad Ibrahim Mengal,34101-8739424-9,Tanvir Mengal,1974-11-26,7,Toronto; Dubai; London; Doha,Gujranwala
TRV001705,Faiza Shaikh,,Muhammad Waleed Sheikh,1961-01-13,4,Toronto; Doha; Jeddah; Baku,Peshawar
TRV002927,Sehrish Akhtar,42101-4746528-2,Mian Tanveer Akhtar,1995-06-14,3,Bangkok; Doha; Istanbul,Karachi
TRV000245,Areeba Rajput,,Muhammed Younis Rajput,1992-09-11,3,New York; Bangkok; Doha,Lahore
TRV000784,Mohd Ghulam Afridi,54400-7573409-3,M. Liaquat Afridi,,3,Kuala Lumpur; Jeddah; London,Quetta
TRV001409,Jamil Ansari,,Muhammad Hamid Ansari,1993-07-24,1,Jeddah,Quetta
TRV002537,Mst. Komal Hamdani,,,1963-06-27,2,Jeddah; Istanbul,Lahore
TRV000154,Shafiq Magsi,35202-2987101-9,Muhammad Sufyan Magsi,1976-03-18,2,Dubai; London,Lahore
TRV001686,Ismail Khattak,36302-3324975-4,Asif Khattak,1996-01-12,8,Bangkok; Kuala Lumpur; Dubai; Istanbul,Multan
TRV000625,Kareem Begg,36302-8191104-6,Riaz Beg,1952-07-12,5,Doha; London; Istanbul; Jeddah,Multan
TRV002872,Ramsha Butt,,,1990-06-13,1,Bangkok,Gujranwala
TRV001346,Taimur Awan,,Moin Awan,1973-09-16,7,Doha; Kuala Lumpur; New York; Bangkok,Rawalpindi
TRV000569,Mst. Aiman Gilani,37405-2807197-9,Zafar Gilani,,4,Jeddah; Kuala Lumpur; Baku; New York,Rawalpindi
TRV002929,ARIF KHATTAK,4210182900385,Anwar Khattak,1952-03-07,1,Bangkok,Karachi
TRV001758,Mohd Danish Khattak,61101-2751754-2,Ismail Khattak,,4,Toronto; Jeddah; Kuala Lumpur; Doha,Islamabad
TRV001816,Shahzad Awan,54400-6405868-7,Dr. Mohammed Younis Awan,,1,Istanbul,Quetta
TRV002065,Riaz Tareen,61101-6726189-7,Muhammad Ghulam Tareen,1975-09-03,6,Jeddah; Dubai; Doha; New York,Islamabad
TRV000127,Fahad Gondal,61101-4323637-3,Dr. Muhammad Talha Gondal,1999-03-04,1,London,Islamabad
TRV002973,Engr. Muhammed Zahid Qureshi,42101-3761969-1,Shafiq Qureshi,1987-03-18,7,Bangkok; Kuala Lumpur; Jeddah; Baku,Karachi
TRV002006,Rabia Hamdani,42101-5139529-3,Mohd Imran Hamdani,1989-07-02,1,Kuala Lumpur,Karachi
TRV000980,Dr. Taimur Gujjar,,Muhammad Akram Gujjar,1958-03-26,6,Jeddah; Doha; Istanbul; Baku,Gujranwala
TRV002970,Islam Khokhar,42101-2385770-7,Muhammad Bilawal Khokhar,1992-12-07,8,Jeddah; Istanbul; Doha; New York,Karachi
TRV000190,Rabia Siddiqui,,Muhammad Jamil Siddiqi,1958-06-05,1,Istanbul,Islamabad
TRV001139,Noman Tareen,42101-9686000-9,Shafqi Tareen,1991-06-08,6,Bangkok; Jeddah; Dubai; London,Karachi
TRV000992,Mian Zubair Janjua,36302-4028458-7,FAHAD JANJUA,1951-11-14,2,Kuala Lumpur; Dubai,Multan
TRV000699,Hina Begum,,Muhammed Kashif Malik,1987-05-23,6,Toronto; New York; Jeddah; Bangkok,Islamabad
TRV000606,Muhammed Adnan Awan,,Nasir Awan,1978-12-06,7,Istanbul; Baku; New York; Kuala Lumpur,Faisalabad
TRV000180,Muhammed Zubair Ansari,,M. Akram Ansari,1972-02-15,2,Doha; Istanbul,Rawalpindi
TRV000301,Mian Hassan Mughal,42101-9206403-4,Mohammad Ejaz Mughal,1981-09-12,8,Istanbul; Doha; Jeddah; Dubai,Karachi
TRV002544,Dr. Asma Jamali,34603-4187476-4,,1957-11-11,5,Jeddah; Istanbul; New York; Kuala Lumpur,Sialkot
TRV002771,Noor Khan,33100-7658631-7,Mohammad Umar Khan,1979-02-07,1,Bangkok,Faisalabad
TRV001060,Rida Awan,,Muhammad Nadim Awan,1981-10-27,8,Istanbul; Doha; Baku; London,Rawalpindi
TRV002815,M. FAYSAL HASHMI,,Dr. Salman Hashmi,1963-10-26,4,New York; Bangkok; Dubai; Doha,Karachi
TRV002874,M. Nadeem Niazi,,Kashif Niazi,1951-11-20,2,Jeddah; Toronto,Karachi
TRV002565,Iqra Khattak,42101-2414199-2,,1998-11-01,5,Kuala Lumpur; Toronto; Dubai; Istanbul,Karachi
TRV001069,Qasim Gondal,,Waqar Gondal,1996-09-05,6,London; Istanbul; Kuala Lumpur; Dubai,Karachi
TRV002524,Faiza Bibi,,,1982-05-01,7,New York; Kuala Lumpur; Dubai; Bangkok,Lahore
TRV002205,Eman Begg,,,1990-06-24,6,Bangkok; Dubai; Toronto; Baku,Rawalpindi
TRV001243,Javid Gondal,,Mr. Muhammad Shafiq Gondal,1966-10-16,1,Istanbul,Hyderabad
TRV000016,Faiza Begum,,MOHAMMED KAMRAN GILLANI,1952-06-14,3,Toronto; Bangkok; Baku,Islamabad
TRV002976,Laiba Jutt,,Raza Jutt,1963-03-09,3,London; Doha; Toronto,Karachi
TRV000546,Shazia Sandhu,36302-3543468-1,Dr. Mohd Faraz Sandhu,1979-02-20,8,Istanbul; Baku; Kuala Lumpur; Jeddah,Multan
TRV000658,Saba Rizvi,34101-1410547-9,MUHAMMAD ASIF RIZVI,1962-04-11,4,Doha; Kuala Lumpur; Bangkok; Jeddah,Gujranwala
TRV002700,Mohammed Zafar Tareen,,Danish Tareen,1972-02-20,5,Dubai; New York; Toronto; Istanbul,Gujranwala
TRV002873,Asma Khattak,35202-7501146-5,Mian Mohammed Rashid Khattak,1977-01-24,7,London; Baku; Bangkok; Dubai,Lahore
TRV001504,Ejaz Naqvi,,Talha Naqvi,1978-08-16,2,Baku; London,Peshawar
TRV000959,Mohammed Liaquat Magsi,61101-9338470-7,Muhammad Adnan Magsi,1988-02-10,1,Bangkok,Islamabad
TRV002331,Ali Cheema,17301-5770938-2,MOHAMMAD KARIM CHEEMA,1989-11-20,7,Baku; Dubai; Kuala Lumpur; Bangkok,Peshawar
TRV000797,Raza Bhutto,3520215232374,Anwar Bhutto,,2,Bangkok; Toronto,Lahore
TRV000225,Zeeshan Bhatti,42101-2146175-6,Dr. Saad Bhatti,1985-09-16,4,New York; Dubai; Jeddah; Bangkok,Karachi
TRV002074,Ibrahim Abbasi,,,1991-02-27,4,Jeddah; Doha; London; Baku,Rawalpindi
TRV001799,Younis Mughal,42101-2123549-5,Nasir Mughal,1975-12-06,7,Dubai; London; New York; Kuala Lumpur,Karachi
TRV002485,Saeed Awan,3310019853068,,1989-07-22,7,New York; London; Kuala Lumpur; Bangkok,Faisalabad
TRV002958,M. Ayaz Hashmi,,Rafiq Hashmi,1950-03-02,4,Toronto; Kuala Lumpur; Jeddah; Bangkok,Karachi
TRV002277,Rashid Marwat,,Muhammed Nasir Marwat,1987-08-28,2,Doha; Jeddah,Faisalabad
TRV002085,Wasim Gondal,42101-3188953-3,Muhammad Haroon Gondal,,2,Toronto; London,Karachi
TRV001693,Haji Mazhar Khan,17301-9221353-7,Ibrahim Khan,2000-12-16,1,Doha,Peshawar
TRV001045,Muhammad Adnan Khokhar,17301-4339230-8,Osman Khokhar,1994-04-11,6,London; Jeddah; Baku; Kuala Lumpur,Peshawar
TRV000469,Mian Ayaz Wattoo,,Zahid Wattoo,1999-05-27,7,Baku; Kuala Lumpur; Toronto; Dubai,Multan
TRV000954,Muhammad Muabshir Niazi,37405-8840215-4,Muhammad Said Niazi,1985-11-20,6,Bangkok; Istanbul; New York; Dubai,Rawalpindi
TRV002972,Mst. Anika Sial,,MAZHARSIAL,,1,London,Karachi
TRV000639,Eman Zaidi,41304-7612558-4,Mohammad Akram Zaidi,1968-01-21,7,London; Istanbul; Jeddah; Dubai,Hyderabad
TRV002774,Haji Yasir Khattak,3740556206648,Yasir Khattak,1967-07-24,2,Istanbul; Dubai,Rawalpindi
TRV001218,Mahmood Mughal,42101-1336700-6,,,2,Baku; Jeddah,Karachi
TRV001158,Maira Qureshi,4210185550537,,2000-05-19,8,Doha; New York; Istanbul; Jeddah,Karachi
TRV001415,Moin Sial,35202-3996000-2,Kashif Sial,1983-01-08,1,Toronto,Lahore
TRV002709,Muhammad Danish Lodhi,3740519102286,,1991-04-27,1,Jeddah,Rawalpindi
TRV001527,SAMINA MEMON,6110139795384,Mohammad Hammad Memon,1966-12-16,2,Toronto; Jeddah,Islamabad
TRV002917,Shaista Shah,,MANSOOR SHAH,1957-08-26,7,Doha; New York; Toronto; Kuala Lumpur,Rawalpindi
TRV001300,Sajid Rajput,3740566652263,Ghulam Rajput,1981-09-05,3,Bangkok; Baku; Dubai,Rawalpindi
TRV002862,Nida Cheema,6110189282865,Dr. Ayaz Cheema,1997-07-08,1,Bangkok,Islamabad
TRV001603,Muhammad Nadim Naqvi,,Muhammad Abid Naqvi,1950-08-21,3,New York; London; Doha,Sialkot
TRV000160,Haji Mohd Noman Bhutto,,Arrif Bhutto,1983-11-06,6,Doha; Jeddah; Istanbul; Kuala Lumpur,Lahore
TRV001704,Mariam Cheema,54400-2407551-5,,1969-09-15,1,Kuala Lumpur,Quetta
TRV000956,Muhammad Waqar Sal,,Shuaib Sial,1969-12-19,6,Bangkok; London; Istanbul; Toronto,Lahore
TRV002911,Mohammed Waqar Afridi,,,1953-01-20,4,Istanbul; Toronto; Kuala Lumpur; London,Islamabad
TRV000877,Khadijah Arain,41304-5979240-9,Faisal Arain,1970-12-21,2,Kuala Lumpur; New York,Hyderabad
TRV001919,Waleed Janjua,,Naveed Janjua,1997-10-24,4,Kuala Lumpur; Dubai; Doha; Bangkok,Bahawalpur
TRV001884,Dr. Muhammed Naveed Gillani,,Mohammad Zubair Gilani,1963-07-03,6,Dubai; London; Kuala Lumpur; Istanbul,Faisalabad
TRV002200,Saad Kakar,,Mohammed Ghulam Kakar,1995-12-24,5,Toronto; Baku; Dubai; New York,Karachi
TRV000098,Mohammad Shahid Abbasi,,Muhammad Ibrahim Abbasi,1984-10-23,1,Jeddah,Hyderabad
TRV002823,Mudassar Satti,3410116371344,Muhammed Shafiq Satti,1955-01-20,7,Baku; Bangkok; Toronto; London,Gujranwala
TRV002557,Irfan Lodhi,34101-3021417-6,Engr. M. Jamil Lodhi,1951-01-28,5,London; Dubai; Jeddah; Istanbul,Gujranwala
TRV000253,Hamid Janua,,Usama Janjua,1953-03-01,1,Baku,Rawalpindi
TRV000103,Iqra Abbasi,4210124634962,Zahid Abbasi,1974-12-20,6,Toronto; Istanbul; London; Dubai,Karachi
TRV001445,Robina Begum,,Muhammad Adnan Gujjar,1969-06-02,5,Toronto; Jeddah; London; Kuala Lumpur,Lahore
TRV001443,Engr. Rizwan Virk,6110139423909,Umar Viirk,1976-09-02,2,Kuala Lumpur; Doha,Islamabad
TRV001648,Mohammad Umar Virk,,Salman Virk,1998-05-26,8,Toronto; Dubai; Baku; Bangkok,Multan
TRV000586,Asad Abbasi,,Tariq Abbasi,,6,London; Toronto; Jeddah; Kuala Lumpur,Hyderabad
TRV000627,Muhammad Liaquat Akhtar,35202-6874867-4,Ghulam Akhtar,1952-12-13,2,New York; Baku,Lahore
TRV001696,Muhammad Husain Warraich,33100-1857729-1,Mohammad Asif Warraich,1994-01-13,8,Dubai; Kuala Lumpur; Doha; Jeddah,Faisalabad
TRV002101,Waleed Raja,35202-9192571-3,Muhammad Arif Raja,1985-11-11,6,Bangkok; Doha; Dubai; Kuala Lumpur,Lahore
TRV002199,Rida Kazmi,,Muhammed Kamran Kazmi,,2,New York; Bangkok,Islamabad
TRV000403,Muhammad Abdullah Magsi,,Zafar Magsi,1982-06-08,6,Istanbul; Toronto; Bangkok; New York,Gujranwala
TRV001154,Mohammed Zafar Wattoo,,Muhammad Pervez Wattoo,1996-01-14,2,Baku; Toronto,Faisalabad
TRV002255,Tooba Yusufzai,,,,1,Bangkok,Gujranwala
TRV001682,Muhammad Fahad Magsi,42101-7562962-7,M.Waqar Magsi,1995-09-11,6,London; Bangkok; New York; Baku,Karachi
TRV002056,Warda Afridi,,Muhammad Osman Afridi,1985-10-27,6,Jeddah; Kuala Lumpur; Istanbul; Dubai,Bahawalpur
TRV002840,Muhammad Bilawal Awan,,Mohd Fahad Awan,1958-08-16,8,Toronto; Dubai; New York; Istanbul,Lahore
TRV000452,Aysha Akhtar,,Mohammad Yousuf Akhtar,2000-10-09,6,New York; Baku; London; Doha,Peshawar
TRV002301,Ayaz Satti,,Abdullah Satti,1993-06-25,5,Dubai; New York; London; Kuala Lumpur,Lahore
TRV001327,Nawaz Yousafzai,,,1975-08-02,7,New York; Baku; Toronto; London,Faisalabad
TRV002049,Jahangir Ch.,4210125278172,Junaid Chaudhry,1981-03-24,2,Toronto; Baku,Karachi
TRV000880,HAMMAD MUGHAL,,Owais Mughal,1994-01-24,4,Jeddah; Toronto; Baku; Istanbul,Rawalpindi
TRV002914,Umar Awan,4210113648362,M. Saeed Awan,,5,Kuala Lumpur; London; Baku; Istanbul,Karachi
TRV000623,FAIZA MARWAT,,Mohammed Tariq Marwat,1965-02-09,6,Kuala Lumpur; Doha; Jeddah; Dubai,Peshawar
TRV002393,M. Junaid Hashmi,,Shahid aHshmi,1955-02-05,1,New York,Karachi
TRV002768,Anwar Ansari,35202-6908407-2,Danish Ansari,1965-11-02,1,Istanbul,Lahore
TRV001787,Mohd Naveed Rajput,,Irfan Rajput,1965-05-10,1,Toronto,Karachi
TRV000262,Shafiq Rizvi,17301-2298454-9,Mr. Muhammad Sufyan Rizvi,,1,Baku,Peshawar
TRV001634,Muhammad Mubashir Rizvi,,Muhammad Bilal Rizvi,1996-05-05,7,Toronto; Dubai; New York; Istanbul,Karachi
TRV001438,Saba Bibi,61101-1536625-3,Imran Bhatti,1985-02-16,2,Toronto; Dubai,Islamabad
TRV002198,Ayesha Janjua,,Jamil Janjua,,2,Istanbul; Baku,Multan
TRV001969,Fawad Khokhar,,Asad Khokhar,1953-12-20,1,Jeddah,Hyderabad
TRV002520,Muhammed Yasir Cheema,,Asif Cheema,1959-04-16,7,Doha; Dubai; Jeddah; Baku,Faisalabad
TRV001802,SHAGUFTA QURESHI,,Arif Qureshi,1978-12-21,8,Istanbul; Bangkok; London; Doha,Lahore
TRV000640,Nasrin Sial,,Ibrahim Sial,1977-11-01,7,Doha; Kuala Lumpur; Jeddah; Istanbul,Rawalpindi
TRV002385,Ms. Durdana Sial,,Muhammad Younis Sial,1981-12-02,7,Jeddah; New York; Bangkok; Doha,Multan
TRV002598,Muhammad Faraz Afridi,61101-5947155-2,Javed Afridi,1994-09-03,7,Dubai; Kuala Lumpur; Toronto; Jeddah,Islamabad
TRV002826,Mudassar Beg,34603-3904402-6,M. Bilawal Beg,1979-03-01,1,Kuala Lumpur,Sialkot
TRV001959,Engr. Yousuf Mughal,,Ghulam Mughal,1973-05-24,7,Baku; Bangkok; Toronto; New York,Rawalpindi
TRV000488,Muhammed Danish Paracha,,,1986-01-10,8,New York; London; Kuala Lumpur; Doha,Faisalabad
TRV001843,Amna Akhtar,42101-4916378-8,Hamid Akhtar,1995-04-22,5,Bangkok; Istanbul; Dubai; London,Karachi
TRV001734,Muhammad Rashid Afridi,61101-5824592-7,Muhammed Nadeem Afridi,1953-03-20,4,Toronto; Bangkok; Dubai; Istanbul,Islamabad
TRV000146,Anwar Jutt,36302-3117757-2,Mian Bilawal Jutt,1984-02-04,4,Kuala Lumpur; New York; London; Bangkok,Multan
TRV001534,Muhammad Shahzad Wattoo,,Riaz Wattoo,1966-08-28,8,Doha; Istanbul; Toronto; London,Peshawar
TRV001986,Sana Malik,,Noman Malik,1995-04-14,6,Baku; Kuala Lumpur; Bangkok; New York,Sialkot
TRV001369,Nimra Mrza,3740548591167,Omer Mirza,1998-09-08,7,Jeddah; Bangkok; London; Dubai,Rawalpindi
TRV002450,Haji Javed Bajwa,,Mohammed Nawaz Bajwa,1999-04-21,6,Toronto; Doha; Baku; London,Lahore
TRV002932,Dr. Owais Sial,,Muhammad Saeed Sial,1951-11-07,3,Istanbul; Doha; New York,Rawalpindi
TRV000659,Jamil ayani,34603-8257700-7,Zahid Kayani,1981-12-09,1,Jeddah,Sialkot
TRV001794,Muhammad Mehmood Yousafzai,17301-7470409-2,Muhammad Imran Yousafzai,1959-03-01,3,London; Dubai; Toronto,Peshawar
TRV002511,Lubna Bibi,42101-6322811-4,Muhammad Nawaz Zaidi,1990-12-21,1,New York,Karachi
TRV000186,Raza Sheikh,,Owais Sh.,1958-12-22,2,Doha; Kuala Lumpur,Sialkot
TRV001147,Nawaz Soomro,34603-5812444-9,Muhammed Danish Soomro,1990-03-24,8,Bangkok; Kuala Lumpur; Doha; Istanbul,Sialkot
TRV000608,Mohammad Bilal Sandhu,41304-7775604-9,Nasir Sandhu,,6,Bangkok; Doha; London; Toronto,Hyderabad
TRV002191,Zafar Butt,41304-8868565-8,Mudassar Butt,1985-08-04,3,Doha; Baku; New York,Hyderabad
TRV001930,Yousuf Kakar,,,1988-10-28,5,Baku; Dubai; Doha; Jeddah,Islamabad
TRV000197,Ghulam Baig,42101-4105702-4,Imran Begg,1950-01-03,8,Doha; Jeddah; Dubai; Bangkok,Karachi
TRV002327,Zafar Bhutto,,Mansoor Bhutto,1974-09-15,4,Kuala Lumpur; Baku; Dubai; London,Karachi
TRV000293,Mohammed Nasir Sial,37405-3950139-2,Owais Sial,1988-11-25,4,Baku; Toronto; Istanbul; New York,Rawalpindi
TRV000766,Waleed Janjua,,Engr. Muhammad Sajid Janjua,1967-07-15,2,Bangkok; Jeddah,Quetta
TRV000400,Fariha Jamali,,Sohail Jamali,1971-12-01,8,Toronto; Dubai; London; Jeddah,Faisalabad
TRV000122,Fatima Geelani,4130490895261,,1985-12-05,6,Istanbul; Kuala Lumpur; Doha; Dubai,Hyderabad
TRV000202,Ayaz Wattoo,17301-2419946-7,Saad Wattoo,1969-04-18,1,Istanbul,Peshawar
TRV000835,Sufyan Butt,,M. Hammad Butt,1964-07-09,8,Bangkok; Jeddah; Doha; Istanbul,Rawalpindi
TRV002294,M. Jahangir Mughal,37405-8163377-9,Mansoor Mughal,1969-03-25,2,Jeddah; Toronto,Rawalpindi
TRV001439,Maira Khattak,42101-5816989-7,Zahid Khattak,1980-12-24,8,Istanbul; Dubai; Baku; Toronto,Karachi
TRV001733,Muhammad Zeeshan Mengal,6110134411456,Mohammed Sajid Mengal,1953-08-24,5,Toronto; Baku; Bangkok; Doha,Islamabad
TRV001695,Iqra Khokhar,,Ejaz Khokhar,1976-10-03,3,Doha; Toronto; Dubai,Islamabad
TRV002924,Shagufta Janjua,4130422520609,Noman Janjua,1992-03-17,4,Kuala Lumpur; Jeddah; Doha; Baku,Hyderabad
TRV001707,Asif Soomro,34603-7951441-6,,1981-03-03,4,Dubai; Jeddah; Doha; New York,Sialkot
TRV002909,Bashir Khokhar,,Mohd Salman Khokhar,1990-03-03,4,Kuala Lumpur; Bangkok; Toronto; Doha,Peshawar
TRV001153,Salman Sial,,M. Fahad Sial,1964-01-12,6,Baku; Toronto; London; Bangkok,Karachi
TRV001661,Muhammad Hassan Bhatti,,MOHD BILAWAL BHATTI,1963-02-04,6,New York; Baku; Jeddah; Dubai,Karachi
TRV002432,Sufyan Gondal,37405-6739292-6,Shahid Gondal,1986-12-01,7,Jeddah; Baku; Dubai; Doha,Rawalpindi
TRV001759,NASIR RIZVI,3740532801994,Imran Rizvi,1995-09-28,4,New York; Doha; Jeddah; Baku,Rawalpindi
TRV000854,Mohd Waqar Hashmi,37405-3001714-6,,1958-06-22,8,Doha; Dubai; Toronto; Istanbul,Rawalpindi
TRV001589,Muhammed Wasim Lodhi,31202-1504725-5,Mohd Navid Lodhi,1985-08-01,1,Bangkok,Bahawalpur
TRV002267,Mrs. Hina Baig,,Hammad Baig,1950-05-12,7,New York; Jeddah; Dubai; Istanbul,Karachi
TRV000641,Haji Farhan Shah,42101-8204386-7,SOHAL SHAH,1954-08-08,2,Toronto; Baku,Karachi
TRV000001,Saimna Qureshi,61101-2244913-8,Bashir Qureshi,1968-04-28,2,London; Jeddah,Islamabad
TRV002160,Rabia Bibi,4210110079236,Muhammed Zubayr Abbas,1968-07-05,7,Toronto; Bangkok; New York; Doha,Karachi
TRV000698,Asif Tarar,4130472234538,Muhammad Mazhar Tarar,,3,Jeddah; London; Baku,Hyderabad
TRV001636,Javid Bhatti,,MUHAMMAD NASIR BHATTI,,4,Baku; Bangkok; London; Istanbul,Karachi
TRV001291,Fawad Tarar,37405-8001272-5,Faraz Tarar,,7,Jeddah; Istanbul; Doha; New York,Rawalpindi
TRV002852,Muhammad Nasir Memon,,MUHAMMAD ZAFAR MEMON,,4,Bangkok; Doha; Baku; New York,Lahore
TRV002489,Amna Geelani,,,,2,Toronto; London,Karachi
TRV001520,Muhammad Zahid Awan,42101-9507140-9,Kamran Awan,1976-11-10,4,London; Doha; Jeddah; Bangkok,Karachi
TRV001853,Muhammad Sufyan Paracha,,Waqar Paracha,1952-04-02,1,Bangkok,Sialkot
TRV001136,Sadiya Rajput,17301-7548535-4,Mansoor Rajput,1985-06-18,3,Jeddah; Istanbul; Baku,Peshawar
TRV002894,Muhammed Tanvir Jamali,34101-9256421-4,Muhammad Nadeem Jamali,1951-09-11,3,Jeddah; London; Toronto,Gujranwala
TRV001631,MUHAMMED ASIF MARWAT,3410118598069,Mohammad Junaid Marwat,1987-01-09,4,Baku; Doha; Istanbul; Dubai,Gujranwala
TRV001998,Zahid Khattak,,,1958-10-01,1,Doha,Quetta
TRV000663,Anika Khan,35202-2620275-9,Kamran Khan,1969-05-02,7,Baku; Toronto; New York; London,Lahore
TRV000683,Muhammed Salman Bhutto,34101-9981819-6,Muhammad Bilal Bhutto,1951-01-25,1,London,Gujranwala
TRV001257,Mohd Ayaz Gujjar,5440029029093,Mohammed Fawad Gujjar,1960-09-11,5,London; Kuala Lumpur; Bangkok; Doha,Quetta
TRV000317,Sufyan Arain,35202-6606737-7,,1972-04-08,2,Dubai; Istanbul,Lahore
TRV000648,MEHWISH BEGUM,,Muhammad Rizwan Gujjar,1977-11-25,2,Doha; London,Lahore
TRV001434,Mohammed Waleed Kakar,35202-9820341-4,,1985-12-12,8,London; Toronto; Bangkok; Istanbul,Lahore
TRV001479,Hussain Rizvi,37405-5992493-8,Bilawal Rizvi,1987-05-20,2,London; Dubai,Rawalpindi
TRV000709,Rukhsana Gondal,,Fawad Gondal,1953-11-06,3,Toronto; New York; Istanbul,Rawalpindi
TRV001282,Muhammad Nasir Arain,,,,2,Istanbul; Baku,Lahore
TRV001768,Mohd Ashraf Jamali,34101-8651158-4,Haroon Jamali,1958-12-23,6,Istanbul; Toronto; Baku; Doha,Gujranwala
TRV000972,Danish Zaidi,4210180343686,Engr. Abid Zaidi,1999-12-20,1,Bangkok,Karachi
TRV002675,KHADIJA KHATTAK,37405-2049439-2,,,8,Kuala Lumpur; Doha; Bangkok; Jeddah,Rawalpindi
TRV002680,Fawad Zaidi,36302-3202220-1,Junaid Zaidi,1984-07-22,8,London; Jeddah; Doha; Istanbul,Multan
TRV001306,Nida Dar,,Sajid Dar,1977-01-23,3,Bangkok; Doha; New York,Karachi
TRV001400,Robina Khan,4210184317456,Iqal Khan,1992-04-12,3,Baku; London; Bangkok,Karachi
TRV001408,Bushra Jamali,37405-7757647-2,Naveed Jamali,1986-08-25,2,Jeddah; Baku,Rawalpindi
TRV002237,Hina Malik,,Younis Malik,1955-08-18,8,Baku; Dubai; Kuala Lumpur; Toronto,Lahore
TRV001496,Mubashir Yousafzai,31202-5340141-1,Salman Yousafzai,1955-04-25,5,Doha; New York; Jeddah; London,Bahawalpur
TRV002038,Fatima Magsi,,Younis Magsi,1961-11-02,1,Toronto,Rawalpindi
TRV001529,Naila Abbas,,Shafique Abbas,2000-04-01,3,Kuala Lumpur; Istanbul; Baku,Sialkot
TRV001663,Sufyan Mirza,,,1979-06-11,4,Jeddah; Toronto; Doha; London,Karachi
TRV001354,Mohammed Umar Akhtar,,Arif Akhtar,1952-07-19,1,Doha,Lahore
TRV002920,Akram Virk,35202-9915240-1,Mohd Mudassar Virk,1972-08-27,3,Istanbul; Bangkok; Kuala Lumpur,Lahore
TRV002940,Aleena Mengal,37405-2157437-1,,1986-01-17,6,Dubai; Doha; Jeddah; Toronto,Rawalpindi
TRV001643,Muhammad Waqar Hamdani,,Engr. Muhammad Abdullah Hamdani,1994-12-12,3,Dubai; Toronto; Jeddah,Lahore
TRV001051,Dr. Karim Cheema,37405-2075147-9,Muhammad Nawaz Cheema,,8,London; New York; Dubai; Istanbul,Rawalpindi
TRV000795,Amna Soomro,6110170743588,Mubashir Soomro,,4,New York; London; Jeddah; Dubai,Islamabad
TRV002693,Faisal Gondal,33100-1645076-1,Fahad Gondal,1968-02-18,3,Toronto; Dubai; Doha,Faisalabad
TRV001597,Suhail Gondal,,Kari Gondal,1953-04-04,8,Doha; Baku; Toronto; London,Lahore
TRV002604,Engr. Iqbal Lodhi,3630239304148,Mohammed Liaquat Lodhi,1951-09-13,1,Dubai,Multan
TRV002729,Aiman Malik,54400-3660812-2,Iqbal Malik,,6,Jeddah; Doha; Baku; Kuala Lumpur,Quetta
TRV002625,Asma Memon,3520262941212,Mohammad Taimur Memon,1975-06-17,2,Istanbul; Doha,Lahore
TRV001819,Hussian Kakar,,Mohd Junaid Kakar,1977-06-13,3,Toronto; Dubai; Jeddah,Karachi
TRV001722,Bushra Wattoo,3460367601818,Nawaz Wattoo,1991-07-20,4,Istanbul; Kuala Lumpur; Jeddah; Toronto,Sialkot
TRV001183,RAMSHA BHUTTO,17301-3573732-2,,1967-06-08,1,Kuala Lumpur,Peshawar
TRV002572,Mohd Umar Dar,3520212397987,Younis Dar,1964-12-12,5,New York; Dubai; London; Doha,Lahore
TRV001059,Zafar Sandhu,,Jamil Sandhu,1988-11-24,8,London; Kuala Lumpur; Bangkok; Dubai,Faisalabad
TRV000540,M. Talha Lodhi,61101-3779844-7,Rafiq Lodhi,1969-10-16,2,London; Toronto,Islamabad
TRV001678,Mohammed Zubair Durrani,5440016497082,Owais Durrani,1979-03-26,7,Jeddah; London; Dubai; Doha,Quetta
TRV002796,Saba Baig,,Mohammed Zubair Begg,1993-08-15,5,Dubai; Bangkok; Jeddah; Istanbul,Hyderabad
TRV002884,Saied Tarar,,Rashid Tarar,1966-08-14,2,Baku; New York,Peshawar
TRV002532,M. Jahangir Bhatti,,,1954-10-18,1,Jeddah,Islamabad
TRV001757,MairaGilani,17301-9785044-3,Ashraf Geelani,1973-02-28,6,Dubai; Doha; New York; Jeddah,Peshawar
TRV001923,Arif Memon,,Raza Memon,1987-08-28,2,Istanbul; Dubai,Islamabad
TRV000095,Anwar Gondal,,,,2,Baku; Kuala Lumpur,Peshawar
TRV001020,Ayaz Baig,,Muhammad Arif Baig,1974-10-14,8,Jeddah; Bangkok; Istanbul; Kuala Lumpur,Rawalpindi
TRV000563,Mehmood Beg,,Karim Beg,,1,Baku,Islamabad
TRV002790,Nadeem Begg,3520269832785,Haroon Baig,1990-04-13,6,New York; Kuala Lumpur; London; Istanbul,Lahore
TRV000863,Adnan Bhutto,42101-5264284-6,Feisal Bhutto,1973-11-21,2,London; Dubai,Karachi
TRV001484,Muhammad Salman Dar,36302-8976910-2,Shafiq Dar,1960-10-16,3,Jeddah; Doha; Dubai,Multan
TRV001881,Ramsha Virk,,SALMAN VIRK,,2,Istanbul; London,Karachi
TRV001038,Noor Tarar,,Mr. Tanveer Tarar,1982-08-17,8,Doha; Jeddah; London; New York,Bahawalpur
TRV000206,Muhammad Yasir Kayani,3410183707079,Mohd Ahmed Kayani,1959-06-11,1,London,Gujranwala
TRV000392,Muhammad Rafiq Khokhar,6110196315247,,1971-06-10,5,Doha; Kuala Lumpur; Baku; Toronto,Islamabad
TRV002842,Ashraf Geelani,,Riyaz Gilani,1993-05-10,7,Toronto; Kuala Lumpur; Dubai; New York,Islamabad
TRV000870,Khalid Mirza,,,1953-04-02,1,Baku,Gujranwala
TRV000397,Fariha Bajwa,,,1969-04-23,7,Jeddah; London; Istanbul; Toronto,Karachi
TRV002814,Rashid Shah,,Muhammad Liaquaat Shah,1975-05-21,7,London; Kuala Lumpur; Baku; Doha,Bahawalpur
TRV002878,Muhammad Mazhar Khattak,3520293956679,Muhammad Asad Khattak,1996-08-26,2,Doha; Dubai,Lahore
TRV001028,Saeed Butt,42101-6766964-9,Muhammad Nadeem Butt,1984-07-25,3,Bangkok; Jeddah; Doha,Karachi
TRV002690,ASAD VIRK,36302-9389270-2,Mohammed Jahangir Virk,1973-02-23,3,Doha; Istanbul; London,Multan
TRV001485,Noor Bhutto,1730126209839,Bilawal Bhutto,1952-11-20,4,Toronto; Bangkok; Kuala Lumpur; Dubai,Peshawar
TRV002660,Owais Hamdani,,Bashir Hamdani,1961-10-05,6,Bangkok; Toronto; London; Dubai,Karachi
TRV000960,Mohammed Abdullah Cheema,,Karim Cheema,1975-08-15,6,Kuala Lumpur; London; Jeddah; Doha,Karachi
TRV001570,Mohammad Rizwan Bhatti,4210184579966,Mohammad Sajid Bhatti,1958-11-14,1,Dubai,Karachi
TRV002773,Noman Tarar,,Mian Muhammad Salman Tarar,1975-08-18,6,New York; London; Jeddah; Toronto,Sialkot
TRV001895,Dr. Mudassar Wattoo,3740555732177,Muhammad Aslam Wattoo,1953-03-07,3,Istanbul; Bangkok; Dubai,Rawalpindi
TRV002731,Mr. Muhammad Anwar Bhutto,3740539529009,Ejaz Bhutto,1950-01-06,1,Doha,Rawalpindi
TRV002146,Faraz Virk,,Shoib Virk,1983-01-25,6,Toronto; Jeddah; Istanbul; New York,Rawalpindi
TRV000804,Shoaib Raja,42101-6719217-7,Zafar Raja,1983-08-03,8,Dubai; Kuala Lumpur; London; Toronto,Karachi
TRV001751,MUHAMMAD IQBAL TARAR,54400-3448134-2,Ayaz Tarar,1991-07-09,4,Baku; Kuala Lumpur; Dubai; Toronto,Quetta
TRV002454,Haji Muhammad Umar Afridi,42101-7343457-8,M. Usama Afridi,1959-10-15,3,Istanbul; Jeddah; London,Karachi
TRV000502,Adnan Sidiqui,,Mohammed Khalid Siddiqui,1982-10-04,1,New York,Karachi
TRV000779,Tahira Zaidi,35202-6750959-4,Mohd Saad Zaidi,1950-11-07,6,Jeddah; New York; London; Istanbul,Lahore
TRV001863,Nadim Bajwa,4210191052722,,1980-12-01,4,Istanbul; New York; Toronto; Bangkok,Karachi
TRV000200,Riaz Abbasi,33100-1807730-1,,1954-11-20,1,Istanbul,Faisalabad
TRV002182,Laiba Gilani,,Haji Hussian Gilani,1950-10-27,8,Jeddah; New York; Kuala Lumpur; Bangkok,Islamabad
TRV002088,Muhammad Faisal Awan,,,1984-04-11,3,Bangkok; Istanbul; Kuala Lumpur,Islamabad
TRV002278,Kashif Kayani,42101-5872931-7,Khalid  Kayani,1990-10-03,4,Toronto; Dubai; Baku; Istanbul,Karachi
TRV001796,Mubashir Magsi,36302-8123071-1,AIRF MAGSI,,3,Kuala Lumpur; Bangkok; Baku,Multan
TRV000378,Zahid Bhatti,,Muhammad Mubashir Bhatti,1993-07-26,2,Baku; Bangkok,Rawalpindi
TRV002336,Mrs. Nazia Jutt,3630241906755,Mr. Mohammad Bilal Jutt,1980-10-22,2,Baku; Toronto,Multan
TRV000418,KHADIJA LODHI,,Muhammad Liaquat Lohi,,5,Dubai; Toronto; Jeddah; Doha,Karachi
TRV001698,Mohd Kashif Sheikh,37405-5847768-7,Shahid Shiekh,1952-03-01,4,Baku; New York; Istanbul; Kuala Lumpur,Rawalpindi
TRV000391,Mohammed Usama Marwat,42101-9203440-8,Muhammed Abid Marwat,1958-07-12,2,Doha; Baku,Karachi
TRV002640,Muhammad Fawad Bhatti,17301-4401085-2,Muhammad Rashid Bhatti,1967-08-16,6,Baku; Toronto; Kuala Lumpur; Istanbul,Peshawar
TRV001522,Dr. Tooba Soomro,,Sufyan Soomro,,7,London; Doha; Kuala Lumpur; Dubai,Karachi
TRV001162,Naila Marwat,3310089021934,Muhammad Iqbal Marawt,1964-02-22,1,Kuala Lumpur,Faisalabad
TRV001495,Nasrin Kakar,54400-6179555-8,Fahad Kakar,1967-06-28,1,Jeddah,Quetta
TRV002695,Haji M. Taimur Wattoo,61101-4152196-5,,1971-12-26,5,Istanbul; Baku; Dubai; Jeddah,Islamabad
TRV002027,Muhammad Zeeshan Raja,41304-9767882-8,SAEED RAJA,1968-06-19,7,Doha; New York; Baku; Jeddah,Hyderabad
TRV001152,Mohammed Younis Janjua,,Haroon Janjua,1955-05-20,6,New York; Istanbul; Kuala Lumpur; Jeddah,Karachi
TRV001367,Mohd Yasir Dar,,,,8,Bangkok; Istanbul; London; Jeddah,Gujranwala
TRV002568,Ashraf Begg,61101-1581336-2,Irfan Beg,1956-11-06,1,New York,Islamabad
TRV000064,Ayaz Kazmi,42101-1110277-4,Ahmed Kazmi,1955-10-21,7,London; Bangkok; Baku; Istanbul,Karachi
TRV002062,Rabia Bhatti,,Mudassar Bhatti,1981-09-03,6,New York; London; Dubai; Jeddah,Rawalpindi
TRV001180,Mohd Tariq Afridi,,Muhammed Waleed Afridi,1965-09-25,7,Baku; Istanbul; Doha; Toronto,Karachi
TRV000492,Engr. M. Nadeem Durrani,,M. Shahzad Durrani,1954-12-11,7,New York; Toronto; London; Jeddah,Islamabad
TRV000379,Bushra Yousafzai,35202-5588110-7,Dr. Kareem Yousafzai,1968-04-02,8,Kuala Lumpur; Istanbul; Toronto; New York,Lahore
TRV002235,Uzma Akhtar,31202-3039102-8,Ali Akhtar,1964-04-24,6,Bangkok; Istanbul; Baku; Jeddah,Bahawalpur
TRV000763,Junaid Dar,,Rehan Dar,1978-04-07,1,Doha,Multan
TRV002264,Muhammad Hussian Magsi,41304-5719905-1,M. Rashid Magsi,1981-03-08,4,Kuala Lumpur; Toronto; Baku; London,Hyderabad
TRV000791,Liaquat Tarar,,Engr. Ali Tarar,1998-12-06,1,Baku,Islamabad
TRV001076,FARAH BHATTI,35202-1608311-2,Rafique Bhatti,1978-04-20,8,Toronto; Istanbul; Jeddah; Bangkok,Lahore
TRV000878,Nimra Mirza,,Haji Mohammad Hassan Mirza,,4,Jeddah; London; Kuala Lumpur; Doha,Peshawar
TRV000337,Nimra Paracha,35202-4829636-4,Mansoor Paracha,1997-10-28,7,Istanbul; Bangkok; Kuala Lumpur; New York,Lahore
TRV002767,Zubaida Begum,,Mohd Shoaib Kayani,1977-02-07,8,New York; Istanbul; Doha; Jeddah,Rawalpindi
TRV002343,Mian Muhammad Mazhar Khattak,35202-3494780-8,Muhammad Riyaz Khattak,1956-07-14,1,Dubai,Lahore
TRV001016,Younis Gujjar,,,1956-08-22,7,Doha; Kuala Lumpur; Bangkok; Istanbul,Lahore
TRV001275,Adnan Wattoo,,Engr. M. Waleed Wattoo,1988-09-13,1,Dubai,Lahore
TRV000455,Muhammad Ibrahim Tareen,35202-5514526-6,M. Raza Tareen,,4,Dubai; Toronto; London; Istanbul,Lahore
TRV000815,Mohammed Hammad Khan,1730149358573,Ghulam Khan,1996-11-02,1,Toronto,Peshawar
TRV002317,Bushra Afridi,,Mr. Muhammad Sohail Afridi,1988-06-24,6,London; Dubai; New York; Jeddah,Multan
TRV000995,M. Shahzad Khattak,35202-4408334-9,Muhammad Tanveer Khattak,1983-05-22,3,Istanbul; London; Dubai,Lahore
TRV001981,Nazia Afrdi,1730136104926,Javed Afridi,1968-11-22,1,Toronto,Peshawar
TRV000201,Ahmed Abbasi,3520238227412,Muhammad Rashid Abbasi,1994-03-03,2,Jeddah; Doha,Lahore
TRV000161,Yasmi nBajwa,61101-5475083-9,Asad Bajwa,1964-03-01,5,Toronto; Jeddah; New York; Baku,Islamabad
TRV001579,Husain Soomro,,Yasir Soomo,1960-01-18,4,Doha; Istanbul; Baku; Dubai,Faisalabad
TRV002777,Nida Yousafzai,37405-3681067-3,Taimur Yousafzai,1970-12-15,8,New York; Dubai; Toronto; Bangkok,Rawalpindi
TRV002449,Mudassar Memon,42101-5864059-8,,1965-05-22,7,Doha; Baku; Bangkok; Istanbul,Karachi
TRV000702,Sadia Bibi,,Nasir Tareen,,1,New York,Peshawar
TRV001500,Muhammad Aamir Durrani,,Mohd Fahad Durrani,1989-05-18,8,Kuala Lumpur; Dubai; London; Jeddah,Quetta
TRV001129,Mohammad Farhan Zaidi,,Mr. Irfan Zaidi,1960-03-18,7,Kuala Lumpur; New York; Dubai; Bangkok,Islamabad
TRV002613,Muhammed Abdullah Mengal,33100-7627894-1,Saad Mengal,1980-07-18,1,Baku,Faisalabad
TRV001021,Muhammad Akram Soomro,,Younis Soomro,1979-07-07,3,Jeddah; Doha; Dubai,Karachi
TRV001585,Zainab Malik,,Muhammed Hamid Malik,1977-01-23,6,Doha; Toronto; New York; Istanbul,Islamabad
TRV001955,Muhammad Iqbal Abbas,,Junaid Abbas,1952-03-17,4,London; Jeddah; Bangkok; Baku,Karachi
TRV002253,Jamil Janjua,41304-4934826-5,Imran Janjua,1994-02-14,7,Bangkok; New York; Dubai; Jeddah,Hyderabad
TRV000034,Zafar Janjua,,Abdullah Janjua,,3,Bangkok; Baku; New York,Lahore
TRV000775,Mohammed Zahid Mengal,41304-7706895-6,Waqar Mengal,,3,London; Istanbul; Bangkok,Hyderabad
TRV002556,Komal Kakar,,Muhammad Noman Kakar,1961-08-24,2,Bangkok; London,Rawalpindi
TRV001478,Dr. Zainab Memon,,Anwar Memon,1985-11-16,6,London; Dubai; Bangkok; Kuala Lumpur,Bahawalpur
TRV001390,Rida Niazi,1730165751596,Naveed Niazi,1978-05-05,5,Doha; London; Dubai; Istanbul,Peshawar
TRV002139,Usama Paracha,,Mohammad Younis Paracha,1995-06-11,6,Dubai; Istanbul; New York; Bangkok,Islamabad
TRV001363,Bilal Raja,36302-7113225-8,Mohd Mubashir Raja,1981-06-11,1,Istanbul,Multan
TRV002612,Mrs. Nasrin Bibi,36302-6228701-4,M. Moin Gondal,1958-07-20,2,New York; Bangkok,Multan
TRV002824,Muhammmad Zeeshan Soomro,42101-3318845-5,Muhammad Naveed Soomro,1962-12-11,4,Jeddah; Istanbul; Bangkok; New York,Karachi
TRV002041,Kashif Durrani,61101-7232509-2,MUHAMMAD WASIM DURRANI,1995-03-14,2,London; Istanbul,Islamabad
TRV000241,Sufyan Shah,,Muhammed Waqar Shah,1983-09-17,2,Istanbul; Kuala Lumpur,Rawalpindi
TRV002061,Mohd Kareem Tarar,4210131611903,Muhammad Nasir Tarar,1984-01-04,1,Kuala Lumpur,Karachi
TRV002363,TOOBA RIZVI,,Arif Rizvi,1970-10-04,6,Bangkok; Doha; Toronto; New York,Karachi
TRV000600,Rizwan Mengal,35202-6456651-6,Danih Mengal,1974-04-08,8,Dubai; Baku; Jeddah; Bangkok,Lahore
TRV002435,Mohd Zeeshan Lodhi,34101-8408290-6,Waqar Lodhi,1971-03-13,5,Istanbul; New York; Doha; London,Gujranwala
TRV001297,M. Faisal Ch.,4210149698718,Muhammed Asad Chaudhary,1967-02-16,2,Jeddah; Bangkok,Karachi
TRV002214,Shabana Afridi,42101-3506224-3,Mohammad Naveed Afridi,1961-04-20,2,London; Bangkok,Karachi
TRV002888,Muhammad Ayaz Niazi,,,1952-01-13,8,Istanbul; Bangkok; Dubai; London,Rawalpindi
TRV002068,Nazia Paracha,,Bashir Paracha,1969-08-15,6,New York; Dubai; Istanbul; London,Karachi
TRV000646,Haroon Arain,61101-2516882-6,Mohammed Hassan Arain,1982-03-19,5,London; Toronto; Jeddah; Doha,Islamabad
TRV001528,Sidra Arain,61101-8878534-9,Muhammad Mahmood Arain,1960-12-17,7,Baku; London; Dubai; Kuala Lumpur,Islamabad
TRV002879,M. Adnan Rizvi,,Mohammed Anwar Rizvi,1996-01-15,1,Doha,Karachi
TRV001267,Nida Khokhar,,Mohammad Owais Khokhar,1976-09-05,4,Baku; Toronto; London; Kuala Lumpur,Faisalabad
TRV001899,Ghulam Kazmi,,Mohammmad Yousuf Kazmi,1999-07-23,5,Dubai; Bangkok; New York; Jeddah,Rawalpindi
TRV000562,Khadija Hashmi,,M. Yousuf Hashmi,1980-08-20,3,Kuala Lumpur; Jeddah; Toronto,Islamabad
TRV002734,Usman Khan,,Khalid Khan,1954-03-13,6,Jeddah; Kuala Lumpur; Doha; Dubai,Faisalabad
TRV000189,Ayaz Abbas,,Javaid Abbas,1993-12-26,8,Istanbul; Kuala Lumpur; New York; Jeddah,Gujranwala
TRV001806,MOHAMMED HAAMMAD ABBAS,1730130990257,Owais Abbas,1993-11-14,3,Toronto; Kuala Lumpur; Bangkok,Peshawar
TRV000975,Saad Khattak,42101-3141699-5,FAWAD KHATTAK,1955-07-02,5,New York; Toronto; Kuala Lumpur; Baku,Karachi
TRV002747,Mohd Mehmood Khan,61101-7833265-4,Javed Khan,1999-07-02,5,Doha; Toronto; Baku; Jeddah,Islamabad
TRV002047,Mohd Kashif Bhutto,,JUNAID BHUTTO,1993-10-05,7,Istanbul; Toronto; London; Doha,Karachi
TRV002558,Muhammad Taimur Lodhi,61101-7558529-4,Mohammed Anwar Lodhi,1963-10-24,7,Jeddah; Toronto; London; Istanbul,Islamabad
TRV001082,Komal Chaudhry,35202-9824411-7,Mohammad Taimur Chaudhary,1951-05-22,3,New York; Bangkok; Dubai,Lahore
TRV000474,Talha Malik,,Omer Malik,1995-01-02,2,Kuala Lumpur; New York,Lahore
TRV002904,Fahad Marwat,61101-5139170-2,ANWAR MARWAT,1954-02-03,4,Istanbul; Bangkok; Doha; New York,Islamabad
TRV000747,Tooba Hamdani,37405-8199919-8,Mohammad Nawaz Hamdani,1997-11-13,8,Kuala Lumpur; Dubai; Doha; Toronto,Rawalpindi
TRV002300,Haji Muhammed Asif Sheikh,,,1997-02-05,1,Dubai,Rawalpindi
TRV000021,Mohammed Danish Zaidi,,Asif Zaidi,1965-10-06,7,Bangkok; London; Kuala Lumpur; Dubai,Hyderabad
TRV000459,Muhammed Jamil Malik,,Khalid Malik,1967-03-14,1,Kuala Lumpur,Islamabad
TRV001184,Uzma Mirza,6110175898494,M. Nawaz Mirza,1951-12-13,4,London; Bangkok; Baku; Jeddah,Islamabad
TRV002324,Mohd Khalid Akhtar,,Muhammed Ahmed Akhtar,,2,New York; Doha,Sialkot
TRV000955,Shafiq Abbas,3520277474238,,1993-01-07,6,Toronto; Kuala Lumpur; Baku; New York,Lahore
TRV001215,Muhammad Adnan Malik,35202-5221540-1,,1963-01-26,1,Bangkok,Lahore
TRV002433,Rasheed Khattak,61101-7857792-7,Mohammed Mudassar Khattak,1970-10-10,3,Toronto; Baku; Kuala Lumpur,Islamabad
TRV002853,Shaista Begg,,,1988-04-27,8,Bangkok; Istanbul; Jeddah; Toronto,Lahore
TRV001515,Engr. Irfan Bhatti,3520238194994,,1975-08-18,7,Doha; Istanbul; Toronto; Bangkok,Lahore
TRV002391,Mst. Sana Ansari,,Muhammed Waleed Ansari,1972-04-16,2,Baku; Doha,Multan
TRV000769,Kashif Dar,6110189808953,Usama Dar,,8,Baku; Istanbul; New York; London,Islamabad
TRV001685,Mohammad Shahid Tarar,42101-6720823-4,Muhammad Bilal Tarar,1975-02-17,3,London; Kuala Lumpur; Baku,Karachi
TRV000130,Khaled Memon,,,1992-10-13,2,Istanbul; Dubai,Islamabad
TRV002919,Fariha Janjua,34101-4277670-3,Mohammad Ashraf Janjua,1953-03-16,2,New York; Istanbul,Gujranwala
TRV002135,Said Meengal,42101-6633064-8,,1992-12-21,1,Bangkok,Karachi
TRV001482,Muhammad Ghulam Magsi,35202-1824970-9,Saad Magsi,1988-10-18,6,Istanbul; Doha; New York; Toronto,Lahore
TRV000330,Iqra Butt,61101-7168683-2,Mazhar Butt,1986-10-17,7,Dubai; Jeddah; New York; Bangkok,Islamabad
TRV001238,Aamir Butt,41304-5172659-3,,1958-06-04,8,Doha; Baku; New York; London,Hyderabad
TRV000466,Muhammad Zubair Jamali,,Haji Muhammad Zobair Jamali,1956-09-22,8,Bangkok; Istanbul; Baku; Doha,Karachi
TRV002169,Mohammad Riaz Sidiqui,3520279247062,Muhammed Khalid Siddiqui,1995-04-24,2,Istanbul; Doha,Lahore
TRV001638,Hina Tarar,,Mohammed Rehan Tarar,1996-07-12,3,London; New York; Doha,Lahore
TRV001095,Saad Jutt,,Saad Jutt,1980-03-26,8,Toronto; Kuala Lumpur; London; Doha,Lahore
TRV001130,Muhammed Asif Akhtar,,Zafar Akhtar,1997-07-26,3,Toronto; London; Kuala Lumpur,Lahore
TRV001294,Muhammad Liaquat Paracha,3120264562465,Nawaz Paracha,1994-02-03,6,Baku; London; Toronto; Bangkok,Bahawalpur
TRV000860,Mst. Komal Janjua,61101-3425635-5,Shuaib Janjua,1970-10-25,2,Dubai; Bangkok,Islamabad
