account_id,consumer_name,consumer_cnic,father_name,dob,address,avg_monthly_bill
UTL000000,محمد Butt,28289-2719583-8,احمد Bhatti,1992-07-02,"H-00000, Gulberg, Lahore",20917
UTL000001,Mohammed عمران Choudhary,38893-8536477-9,حسین Ch.,1955-03-23,"H-00001, Peoples Colony, Faisalabad",12842
UTL000002,عثمان Malick,22676-7022674-5,Muhammad Faysal Malick,1971-01-24,"H-00002, Malir, Karachi",13187
UTL000003,Ayisha Raja,57400-4226067-1,Mohammad Raja,1997-04-25,"H-00003, Bahria Town, Islamabad",10001
UTL000004,احمد سید,93320-7120868-2,Othman Sayyid,1977-04-22,"H-00004, E-11, Islamabad",62904
UTL000005,Faisal Shaykh,42087-3741438-7,Muhammad بلال Sheikh,1972-11-23,"H-00005, Jaranwala Road, Faisalabad",27150
UTL000006,Muhammed Chaudhry,62581-5491946-1,Hassan چوہدری,1991-12-11,"H-00006, Gulshan-e-Iqbal, Karachi",9966
UTL000007,فاطمہ بٹ,83579-5408072-9,Muhammad Bilal Bhatti,,"H-00007, Gulberg, Lahore",28073
UTL000008,عائشہ خان,92240-3684052-6,فیصل Khan,1959-07-13,"H-00008, Clifton, Karachi",14447
UTL000009,Sana بٹ,99166-2921859-8,Hussein Butt,1996-06-04,"H-00009, Madina Town, Faisalabad",4776
UTL000010,Hussein راجہ,23947-6007072-8,Faysal Raja,1967-03-12,"H-00010, Cantt, Lahore",14945
UTL000011,فیصل قریشی,24662-7089806-4,,1958-04-19,"H-00011, Saddar, Rawalpindi",44233
UTL000012,Ayesha راجہ,96474-8973915-8,Mohammed Ali Raja,1971-09-28,"H-00012, Gulberg, Lahore",14188
UTL000013,عمران Choudhary,98039-7264956-7,,1983-02-08,"H-00013, E-11, Islamabad",5088
UTL000014,Faisal Chaudhry,92719-1987737-3,Ahmed Chaudhry,1957-06-03,"H-00014, DHA, Karachi",7284
UTL000015,Fatima Raja,85525-8930103-3,Hamza Raja,1981-04-04,"H-00015, Cantt, Lahore",19066
UTL000016,Mariam Awan,17944-7754864-5,Ahmed Awan,1970-04-07,"H-00016, DHA, Karachi",7074
UTL000017,بلال Shaykh,42742-2264748-7,,1961-01-21,"H-00017, E-11, Islamabad",35266
UTL000018,Hassan شیخ,73092-4586084-6,Muhammad Sheikh,1965-07-01,"H-00018, Satellite Town, Rawalpindi",35290
UTL000019,زینب Sayyid,73788-3597059-3,Mohammad Hussain Sayed,1968-01-19,"H-00019, Jaranwala Road, Faisalabad",15301
UTL000020,Muhammed Othman Khan,,علی Khan,,"H-00020, North Nazimabad, Karachi",47146
UTL000021,Hasan سید,,Ahmad Syed,1981-11-19,"H-00021, North Nazimabad, Karachi",3804
UTL000022,Hussain چوہدری,44814-7640184-2,,1984-06-25,"H-00022, F-8, Islamabad",59748
UTL000023,Ahmad راجہ,44760-3222252-5,Mohammad Ahmed راجہ,,"H-00023, Cantt, Lahore",33695
UTL000024,Faisal راجہ,49240-2737893-2,Hussain Raja,1962-02-24,"H-00024, North Nazimabad, Karachi",12296
UTL000025,Hussain Moghul,36685-5428914-8,حمزہ مغل,1971-01-03,"H-00025, Model Town, Lahore",10159
UTL000026,Mohammad Khan,,حمزہ Khan,1990-12-14,"H-00026, F-8, Islamabad",7958
UTL000027,Ahmad شیخ,58393-3484601-6,Ali Shaikh,1957-05-12,"H-00027, Madina Town, Faisalabad",100723
UTL000028,Usman Choudhary,,,1970-03-26,"H-00028, DHA, Lahore",66095
UTL000029,Ali Quraishi,44970-3670896-1,Bilal قریشی,1957-08-08,"H-00029, Bahria Town, Rawalpindi",30929
UTL000030,حسین Ch.,96511-4240180-6,Usman Ch.,1972-02-25,"H-00030, DHA, Lahore",8212
UTL000031,حرا راجہ,25118-5382463-3,فیصل Raja,1971-01-04,"H-00031, F-7, Islamabad",9166
UTL000032,Usman Sayyid,25157-7462506-9,Muhammad حسن سید,1971-01-23,"H-00032, Jaranwala Road, Faisalabad",7636
UTL000033,Muhammad Othman Sayyid,91678-6266630-1,Hussain Sayyid,1987-05-22,"H-00033, Gulshan-e-Iqbal, Karachi",11917
UTL000034,عمران شیخ,,Faysal Shaikh,1991-05-13,"H-00034, Johar Town, Lahore",27622
UTL000035,Hussein Bhatti,86019-6406444-7,,1983-11-07,"H-00035, Johar Town, Lahore",49904
UTL000036,Mohammad Ahmad Bhatti,92960-6623525-1,Mohammad حسن Butt,,"H-00036, Jaranwala Road, Faisalabad",53088
UTL000037,Mohammad Hasan اعوان,69692-7953166-9,Hassan Awan,2000-12-13,"H-00037, Madina Town, Faisalabad",9655
UTL000038,Mohammad احمد Syed,,Mohammad عمران Syed,1970-02-15,"H-00038, Gulberg, Lahore",395245
UTL000039,Hamzah Mughal,81814-8481188-2,Hamzah مغل,1983-05-25,"H-00039, Peoples Colony, Faisalabad",8084
UTL000040,Hira Chaudhary,20155-5793722-3,Hussein Chaudhary,1976-06-18,"H-00040, E-11, Islamabad",5136
UTL000041,Hira Sheikh,64377-7838382-5,عمران شیخ,1984-07-02,"H-00041, DHA, Lahore",39652
UTL000042,Faisal سید,56105-6009888-6,Bilal Sayyid,1989-12-24,"H-00042, Saddar, Rawalpindi",8550
UTL000043,Muhammad Hamzah Ch.,73654-1486955-6,Mohammad عثمان Chaudhary,1997-11-26,"H-00043, E-11, Islamabad",5866
UTL000044,فاطمہ Moghul,61645-1454696-1,Muhammed Bilal Moghul,,"H-00044, Madina Town, Faisalabad",10915
UTL000045,Hamza Qureshi,46471-8072684-4,Mohammad Ahmad قریشی,1985-01-24,"H-00045, E-11, Islamabad",7642
UTL000046,حسن Malik,42411-4344717-0,Faisal ملک,1964-04-05,"H-00046, DHA, Karachi",23476
UTL000047,حمزہ Bhatti,89415-2921542-2,Muhammed Hussain Butt,1961-10-01,"H-00047, F-8, Islamabad",42387
UTL000048,Mariam Chaudhary,92213-5074336-1,Husain Chaudhary,1998-10-26,"H-00048, North Nazimabad, Karachi",16688
UTL000049,Muhammad Osman راجہ,19038-9488613-5,Muhammad Raja,1981-08-04,"H-00049, Chaklala, Rawalpindi",26505
UTL000050,حرا Shaykh,78386-5531230-9,,1985-08-14,"H-00050, Bahria Town, Rawalpindi",12835
UTL000051,Hassan ملک,,فیصل Malick,,"H-00051, E-11, Islamabad",10149
UTL000052,حمزہ Ch.,,Husain Ch.,1990-01-17,"H-00052, G-10, Islamabad",4710
UTL000053,مریم راجہ,94659-9234615-7,محمد Raja,1960-05-08,"H-00053, Johar Town, Lahore",14683
UTL000054,Hamza راجہ,65771-6549797-5,Hamza Raja,1972-05-09,"H-00054, Peoples Colony, Faisalabad",11245
UTL000055,احمد Raja,38361-9123504-4,Faisal راجہ,2003-09-20,"H-00055, Gulberg, Lahore",16854
UTL000056,Husain چوہدری,49618-1237370-8,Mohammed Ali Chaudhry,,"H-00056, F-8, Islamabad",17373
UTL000057,حمزہ Malik,,Hamza Malik,1976-03-02,"H-00057, North Nazimabad, Karachi",16487
UTL000058,احمد Syed,85631-1899411-2,Muhammad Ali سید,1991-05-03,"H-00058, Saddar, Rawalpindi",6551
UTL000059,Sana مغل,,Hamzah Moghul,1974-10-14,"H-00059, Madina Town, Faisalabad",12489
UTL000060,حسن Choudhary,30585-5524269-2,Imran Ch.,1959-03-01,"H-00060, F-7, Islamabad",8543
UTL000061,زینب Khan,47056-8617381-1,,1971-11-19,"H-00061, Model Town, Lahore",17130
UTL000062,Bilal ملک,96886-3499627-4,Mohammad علی Malik,1959-01-06,"H-00062, Madina Town, Faisalabad",19138
UTL000063,Hamza Malik,62757-5567533-8,Mohammed عمران Malick,1986-08-03,"H-00063, Chaklala, Rawalpindi",10004
UTL000064,حرا Qureshi,13390-2532210-3,فیصل Quraishi,1992-01-25,"H-00064, Peoples Colony, Faisalabad",50592
UTL000065,Faysal خان,,Ali Khan,,"H-00065, Johar Town, Lahore",86300
UTL000066,Zaynab Syed,97835-2754894-2,Osman Sayed,1981-12-16,"H-00066, G-10, Islamabad",47227
UTL000067,Hamzah Malik,52372-2944841-6,Imran Malick,1955-11-28,"H-00067, G-10, Islamabad",55237
UTL000068,عائشہ Choudhary,91609-9363326-7,,1968-05-18,"H-00068, Peoples Colony, Faisalabad",11491
UTL000069,Aysha خان,,Muhammed خان,,"H-00069, Madina Town, Faisalabad",38869
UTL000070,Hamza Malick,48254-9537455-4,Mohammad Bilal Malick,1985-08-08,"H-00070, Johar Town, Lahore",66744
UTL000071,Faisal Raja,,Mohammad عمران Raja,1972-01-10,"H-00071, DHA, Lahore",26681
UTL000072,فاطمہ اعوان,,Muhammad Imran Awan,1979-08-11,"H-00072, Peoples Colony, Faisalabad",50994
UTL000073,فیصل Syed,,Bilal Sayyid,1979-11-26,"H-00073, Johar Town, Lahore",10332
UTL000074,Aisha شیخ,,Muhammed احمد Shaikh,1988-08-01,"H-00074, Jaranwala Road, Faisalabad",10293
UTL000075,حرا Sheikh,,Muhammad بلال Shaikh,1996-02-28,"H-00075, Malir, Karachi",7852
UTL000076,Zaynab اعوان,90931-2147909-3,Hussain Awan,1969-12-03,"H-00076, Madina Town, Faisalabad",10687
UTL000077,Hamzah Shaikh,16028-6442103-0,Muhammed Hussain Sheikh,1977-06-14,"H-00077, F-7, Islamabad",21083
UTL000078,Ali Shaikh,,,1964-04-15,"H-00078, North Nazimabad, Karachi",53807
UTL000079,زینب خان,98815-3650391-1,Hamzah Khan,,"H-00079, Chaklala, Rawalpindi",168846
UTL000080,Hira بٹ,,Ahmed Bhatti,1970-07-19,"H-00080, Chaklala, Rawalpindi",5698
UTL000081,Mohammad Sayed,84177-1822825-9,Hamzah Syed,1973-04-20,"H-00081, F-7, Islamabad",161295
UTL000082,Faisal Butt,92242-1661401-4,Muhammed حمزہ Bhatti,1957-10-12,"H-00082, DHA, Lahore",17736
UTL000083,Husain Qureshi,36318-3217273-8,عثمان قریشی,1988-09-09,"H-00083, Bahria Town, Rawalpindi",36903
UTL000084,زینب قریشی,19869-3361510-3,Muhammed Bilal Qureshi,1990-06-03,"H-00084, Malir, Karachi",26284
UTL000085,Hamza Quraishi,59961-7232293-1,Hassan Qureshi,1985-01-20,"H-00085, Bahria Town, Islamabad",95807
UTL000086,Ahmed Awan,25292-3345069-0,Mohammad Awan,1974-08-04,"H-00086, E-11, Islamabad",14517
UTL000087,Bilal Awan,64935-3592464-6,Ahmed اعوان,1986-10-14,"H-00087, Bahria Town, Islamabad",16898
UTL000088,حسن اعوان,,Imran اعوان,1996-06-02,"H-00088, Bahria Town, Rawalpindi",8263
UTL000089,Mohammad حمزہ Malick,12799-1848566-5,Hasan ملک,1963-10-07,"H-00089, Cantt, Lahore",32510
UTL000090,Faysal چوہدری,29340-1047572-4,علی Ch.,1963-09-09,"H-00090, Model Town, Lahore",27908
UTL000091,Ali Khan,87182-6431983-0,Mohammed Ali Khan,1971-01-05,"H-00091, F-8, Islamabad",19409
UTL000092,احمد اعوان,77271-2829622-7,,1969-10-02,"H-00092, Chaklala, Rawalpindi",5139
UTL000093,Hamza Khan,62640-8151684-1,Hamza Khan,2000-08-03,"H-00093, Malir, Karachi",20831
UTL000094,Ahmad Sheikh,,فیصل Shaykh,1988-05-15,"H-00094, Bahria Town, Islamabad",19219
UTL000095,عمران Chaudhry,39949-7942639-5,Hamzah چوہدری,1980-07-24,"H-00095, Satellite Town, Rawalpindi",26256
UTL000096,عثمان Shaikh,,بلال Shaykh,1961-12-24,"H-00096, Saddar, Rawalpindi",10835
UTL000097,Faysal Raja,97819-3050700-6,عثمان راجہ,1997-07-28,"H-00097, Peoples Colony, Faisalabad",687716
UTL000098,فیصل Butt,85748-9512969-3,Muhammed علی Butt,1997-08-08,"H-00098, F-7, Islamabad",37594
UTL000099,Ahmad Butt,,Husain Butt,1956-03-09,"H-00099, Madina Town, Faisalabad",12445
UTL000100,عثمان Quraishi,,Mohammed علی Qureshi,2002-11-01,"H-00100, Clifton, Karachi",12743
UTL000101,Mariam Awan,58503-6228407-5,Faisal Awan,1993-02-02,"H-00101, F-8, Islamabad",24807
UTL000102,Mohammed Ahmed Butt,,Muhammed Husain Butt,1968-09-04,"H-00102, Satellite Town, Rawalpindi",19099
UTL000103,ثناء Butt,61807-1919088-0,حسن Bhatti,1974-04-25,"H-00103, Clifton, Karachi",13655
UTL000104,Mohammed Ahmad Khan,33028-3167376-6,عمران خان,2000-04-17,"H-00104, Satellite Town, Rawalpindi",8377
UTL000105,احمد Syed,,عثمان Syed,1991-07-19,"H-00105, Malir, Karachi",4882
UTL000106,Ahmad Sayyid,32520-8719145-5,Muhammed Ahmed Sayyid,1982-02-08,"H-00106, Gulshan-e-Iqbal, Karachi",17880
UTL000107,Bilal بٹ,53655-3820798-1,Mohammad عمران Bhatti,1995-02-17,"H-00107, F-8, Islamabad",5734
UTL000108,عثمان Sheikh,29194-5294434-3,Ali Sheikh,1993-03-25,"H-00108, DHA, Lahore",14458
UTL000109,Mariam Mughal,99277-6422534-5,Ali Moghul,1983-02-16,"H-00109, Peoples Colony, Faisalabad",14235
UTL000110,Faysal Khan,,,1957-01-12,"H-00110, Bahria Town, Islamabad",55806
UTL000111,Mohammad Faisal Moghul,70648-1688246-7,فیصل Mughal,1996-04-11,"H-00111, Peoples Colony, Faisalabad",14842
UTL000112,Muhammad اعوان,21053-9464927-2,Muhammad اعوان,1970-12-15,"H-00112, Gulshan-e-Iqbal, Karachi",14229
UTL000113,عثمان قریشی,63578-6676858-9,Mohammed Quraishi,1995-11-11,"H-00113, E-11, Islamabad",8304
UTL000114,زینب بٹ,53694-2367376-9,Ali بٹ,1977-05-21,"H-00114, Madina Town, Faisalabad",14101
UTL000115,Fatima Mughal,83259-7319630-5,Ali Mughal,,"H-00115, Gulshan-e-Iqbal, Karachi",91834
UTL000116,بلال Raja,57526-6181912-2,,1976-08-07,"H-00116, F-7, Islamabad",33310
UTL000117,حسین Malick,79013-1633297-5,فیصل ملک,1963-10-13,"H-00117, Jaranwala Road, Faisalabad",23170
UTL000118,حمزہ Khan,98652-4985095-7,Mohammed فیصل Khan,,"H-00118, Chaklala, Rawalpindi",6818
UTL000119,حمزہ Chaudhary,67749-8745704-4,Bilal Chaudhry,1987-09-14,"H-00119, Bahria Town, Islamabad",20770
UTL000120,Hussein خان,82684-2721170-8,Ahmad خان,1973-02-25,"H-00120, Chaklala, Rawalpindi",5041
UTL000121,Muhammad Bilal ملک,55820-1447451-6,Mohammed ملک,1980-09-12,"H-00121, Johar Town, Lahore",20112
UTL000122,Hasan خان,95891-6625238-2,Ali Khan,1957-05-27,"H-00122, F-7, Islamabad",6479
UTL000123,Marium Moghul,12490-5293691-3,Ali Mughal,1990-12-20,"H-00123, DHA, Karachi",12134
UTL000124,Husain Choudhary,11258-5000351-6,فیصل Choudhary,1984-02-04,"H-00124, F-7, Islamabad",48780
UTL000125,Imran مغل,48177-8201433-0,Faisal Moghul,1977-04-19,"H-00125, Gulberg, Lahore",6997
UTL000126,Imran Quraishi,81313-9511546-8,عمران Qureshi,1956-07-28,"H-00126, North Nazimabad, Karachi",132159
UTL000127,Hussein Khan,55193-5045421-1,Mohammed Faysal خان,2002-06-05,"H-00127, F-7, Islamabad",25826
UTL000128,حمزہ Awan,18270-8678589-0,Husain اعوان,1967-01-26,"H-00128, Gulberg, Lahore",4908
UTL000129,Muhammad عمران Sayed,43002-1614394-3,,1977-01-28,"H-00129, Peoples Colony, Faisalabad",17175
UTL000130,احمد قریشی,67637-7486822-5,,1986-12-16,"H-00130, Satellite Town, Rawalpindi",6281
UTL000131,احمد Sayyid,88964-4027557-8,Hussain Syed,1975-02-03,"H-00131, Malir, Karachi",9051
UTL000132,ثناء سید,,Mohammad عثمان Sayed,1994-07-09,"H-00132, Johar Town, Lahore",19974
UTL000133,Ahmad Sayyid,99051-3684131-0,Ali سید,1993-11-26,"H-00133, Bahria Town, Islamabad",31315
UTL000134,Usman Quraishi,89310-3574285-7,Osman قریشی,1978-08-25,"H-00134, Saddar, Rawalpindi",7858
UTL000135,بلال Qureshi,,حمزہ Quraishi,,"H-00135, F-8, Islamabad",8441
UTL000136,Fatema Moghul,36237-3057514-2,Muhammed Ahmed مغل,1983-03-23,"H-00136, E-11, Islamabad",6454
UTL000137,Mohammed Osman ملک,48058-6032437-2,علی Malik,1978-09-08,"H-00137, Jaranwala Road, Faisalabad",25442
UTL000138,Muhammad حسن Awan,82616-7189302-7,عمران اعوان,1963-10-03,"H-00138, Gulshan-e-Iqbal, Karachi",115765
UTL000139,ثناء Sayed,20426-6318841-1,حمزہ Syed,1984-11-17,"H-00139, Saddar, Rawalpindi",36108
UTL000140,Ali سید,26274-9692311-2,Husain Sayyid,1965-03-11,"H-00140, Madina Town, Faisalabad",86240
UTL000141,Muhammad احمد بٹ,45992-3100009-4,,1989-02-17,"H-00141, Cantt, Lahore",6912
UTL000142,Mohammad Ali Mughal,83874-1691125-0,,1957-11-25,"H-00142, Peoples Colony, Faisalabad",12377
UTL000143,Faysal Syed,13969-9355692-8,حسین Syed,1996-05-16,"H-00143, Jaranwala Road, Faisalabad",81789
UTL000144,زینب اعوان,30719-8375356-6,Hamzah Awan,1984-04-11,"H-00144, DHA, Karachi",4306
UTL000145,Usman قریشی,58567-9639932-8,,1975-04-15,"H-00145, Bahria Town, Rawalpindi",13025
UTL000146,احمد Khan,90658-8015136-3,Ali خان,1975-10-24,"H-00146, E-11, Islamabad",51080
UTL000147,ثناء Awan,75191-1388833-1,,1987-08-08,"H-00147, Chaklala, Rawalpindi",42527
UTL000148,Hussein اعوان,98148-8895137-4,Mohammad Imran Awan,1955-02-14,"H-00148, Jaranwala Road, Faisalabad",14685
UTL000149,Bilal Quraishi,16705-4265774-5,,1973-02-13,"H-00149, Malir, Karachi",137472
UTL000150,Faysal Moghul,,Muhammad Othman مغل,,"H-00150, Clifton, Karachi",13250
UTL000151,ثناء خان,27961-6587495-7,Imran خان,1984-03-20,"H-00151, DHA, Karachi",47753
UTL000152,Ali سید,49221-6643410-8,Muhammed عمران Sayyid,1989-08-23,"H-00152, Jaranwala Road, Faisalabad",60471
UTL000153,Aysha Quraishi,64596-6161977-0,Faisal قریشی,1985-05-21,"H-00153, F-7, Islamabad",10043
UTL000154,Mohammed مغل,78712-7378535-2,Hasan Moghul,,"H-00154, Bahria Town, Rawalpindi",21116
UTL000155,Bilal شیخ,63788-9419134-9,Hamzah Sheikh,2002-12-02,"H-00155, Bahria Town, Rawalpindi",12055
UTL000156,عمران Qureshi,51124-3905518-7,عمران قریشی,1976-09-12,"H-00156, Satellite Town, Rawalpindi",10096
UTL000157,Faysal اعوان,,Mohammad Hussain اعوان,1973-12-07,"H-00157, Gulberg, Lahore",16093
UTL000158,زینب Awan,45842-5828304-1,,1998-09-13,"H-00158, Bahria Town, Islamabad",22518
UTL000159,Ali Butt,20358-6811015-7,حسین Bhatti,2002-08-07,"H-00159, Gulshan-e-Iqbal, Karachi",10121
UTL000160,علی Malick,86917-5014480-3,,1997-09-08,"H-00160, Jaranwala Road, Faisalabad",20922
UTL000161,احمد سید,23178-3306314-0,,1965-07-21,"H-00161, E-11, Islamabad",59003
UTL000162,حرا چوہدری,47409-1992583-1,Mohammad Faysal چوہدری,1969-09-24,"H-00162, G-10, Islamabad",5106
UTL000163,علی Sayed,62034-9311162-2,Hussein Sayed,1957-01-10,"H-00163, DHA, Lahore",6603
UTL000164,Muhammed عثمان بٹ,,Hussein Bhatti,1967-02-11,"H-00164, Satellite Town, Rawalpindi",57519
UTL000165,Ali Khan,84420-4240708-2,فیصل Khan,1995-07-27,"H-00165, G-10, Islamabad",11167
UTL000166,Hira Malik,,Mohammad Malick,,"H-00166, Gulberg, Lahore",12775
UTL000167,Hussain مغل,44282-7032283-3,Muhammad Mughal,1997-02-15,"H-00167, Madina Town, Faisalabad",27996
UTL000168,Muhammad احمد Bhatti,38947-4676367-2,Hamza Bhatti,,"H-00168, Bahria Town, Islamabad",21786
UTL000169,ثناء Choudhary,20730-9816538-7,عمران Ch.,2000-06-03,"H-00169, Cantt, Lahore",57989
UTL000170,Muhammad Faisal راجہ,53007-9729882-7,Ahmed Raja,1998-04-23,"H-00170, Gulberg, Lahore",100120
UTL000171,Muhammed Imran اعوان,27294-9610862-6,Hamzah Awan,1991-01-18,"H-00171, Malir, Karachi",41223
UTL000172,بلال Bhatti,,بلال بٹ,,"H-00172, Clifton, Karachi",41565
UTL000173,احمد اعوان,63591-4019585-2,بلال Awan,1978-07-15,"H-00173, Gulshan-e-Iqbal, Karachi",13073
UTL000174,Ayisha راجہ,25549-3994290-8,Bilal راجہ,1988-03-24,"H-00174, Model Town, Lahore",23741
UTL000175,حسین اعوان,79721-7363203-3,,1984-06-05,"H-00175, Peoples Colony, Faisalabad",7055
UTL000176,Muhammed سید,41544-4457475-1,,1993-01-15,"H-00176, Madina Town, Faisalabad",14261
UTL000177,Hassan خان,40715-4645172-0,Mohammed علی خان,1987-05-08,"H-00177, Satellite Town, Rawalpindi",64142
UTL000178,فیصل Moghul,,,1981-05-09,"H-00178, F-8, Islamabad",8206
UTL000179,Muhammed Bilal راجہ,55173-7394713-8,Othman راجہ,1999-07-14,"H-00179, Saddar, Rawalpindi",15279
UTL000180,Fatema Chaudhry,70689-1966769-8,بلال Choudhary,1981-09-17,"H-00180, F-8, Islamabad",9706
UTL000181,Osman Malik,22119-9986473-3,Mohammad Malik,1972-07-22,"H-00181, Chaklala, Rawalpindi",15259
UTL000182,احمد چوہدری,,Mohammed Hasan Chaudhary,1976-05-01,"H-00182, Jaranwala Road, Faisalabad",4991
UTL000183,حمزہ Chaudhary,36805-7654381-3,عمران Ch.,1975-05-13,"H-00183, Jaranwala Road, Faisalabad",4296
UTL000184,Husain Qureshi,71080-2654371-7,Usman Qureshi,1968-06-11,"H-00184, Peoples Colony, Faisalabad",8392
UTL000185,Muhammed Ali خان,86550-8005797-4,علی Khan,1967-06-08,"H-00185, Bahria Town, Islamabad",12657
UTL000186,ثناء قریشی,94108-9230828-7,Ali Qureshi,2001-06-06,"H-00186, E-11, Islamabad",24371
UTL000187,عمران خان,19742-1813936-0,Muhammed بلال خان,1963-11-08,"H-00187, Madina Town, Faisalabad",10420
UTL000188,Imran Awan,90980-9106820-7,,1955-09-18,"H-00188, F-7, Islamabad",11239
UTL000189,Muhammad عمران Butt,98346-8223819-2,احمد Bhatti,1961-09-05,"H-00189, North Nazimabad, Karachi",11003
UTL000190,Usman بٹ,,Muhammed Faisal Butt,1970-12-08,"H-00190, Saddar, Rawalpindi",18043
UTL000191,Muhammad ملک,59436-8986040-0,Mohammed Malik,1999-03-03,"H-00191, Satellite Town, Rawalpindi",8317
UTL000192,Faysal Malick,40915-4546989-9,Hamzah Malick,1972-01-03,"H-00192, Madina Town, Faisalabad",10899
UTL000193,Imran Moghul,51220-1262699-3,فیصل Moghul,1964-12-27,"H-00193, Clifton, Karachi",18629
UTL000194,فیصل Choudhary,98740-6565503-6,علی Chaudhary,1999-12-03,"H-00194, Peoples Colony, Faisalabad",15160
UTL000195,احمد Sayyid,54642-7675572-5,Mohammed Syed,1995-05-26,"H-00195, DHA, Lahore",43256
UTL000196,Imran Sayyid,99088-7376562-1,فیصل Sayed,1973-04-23,"H-00196, Bahria Town, Rawalpindi",120791
UTL000197,حرا Shaykh,57277-2787627-1,محمد Sheikh,,"H-00197, Chaklala, Rawalpindi",51265
UTL000198,علی Sayed,23538-1440601-1,عثمان Sayed,1990-02-20,"H-00198, Satellite Town, Rawalpindi",27169
UTL000199,بلال Khan,,Hassan خان,,"H-00199, E-11, Islamabad",16821
UTL000200,Ali Butt,74634-3448280-1,علی بٹ,1982-05-14,"H-00200, G-10, Islamabad",125490
UTL000201,Husain Choudhary,70012-2794698-2,,,"H-00201, Bahria Town, Rawalpindi",15027
UTL000202,حمزہ Qureshi,49378-6379868-9,Mohammad Hasan Qureshi,1985-06-06,"H-00202, Bahria Town, Rawalpindi",70206
UTL000203,Hamza Moghul,,Usman مغل,1962-10-07,"H-00203, Model Town, Lahore",3848
UTL000204,Mohammed عمران Khan,67469-5887726-1,بلال خان,1998-08-05,"H-00204, Bahria Town, Rawalpindi",21344
UTL000205,Hussain Shaykh,,Mohammad Hamzah Shaykh,1992-07-18,"H-00205, Satellite Town, Rawalpindi",80564
UTL000206,Sana Khan,87833-2425760-1,Hasan خان,1997-11-12,"H-00206, Bahria Town, Islamabad",7845
UTL000207,Zainab سید,22924-5340909-3,,2002-09-18,"H-00207, DHA, Karachi",23007
UTL000208,Hamzah Quraishi,99070-9396422-2,Muhammed Othman قریشی,1956-08-04,"H-00208, Satellite Town, Rawalpindi",6398
UTL000209,احمد Sheikh,54966-8639213-3,,1985-06-16,"H-00209, G-10, Islamabad",91269
UTL000210,Zaynab Malick,25084-1378915-5,Ahmad Malick,1998-03-24,"H-00210, F-7, Islamabad",29152
UTL000211,عثمان راجہ,40389-7795568-2,Ali Raja,1995-11-14,"H-00211, Satellite Town, Rawalpindi",9795
UTL000212,Hamza مغل,10383-4603680-3,Hussain Moghul,2003-12-26,"H-00212, Satellite Town, Rawalpindi",12466
UTL000213,Usman Quraishi,24936-5401559-7,,1995-06-20,"H-00213, Johar Town, Lahore",48100
UTL000214,Mohammad Othman Qureshi,98288-5990296-9,Faisal Quraishi,1960-11-05,"H-00214, Bahria Town, Rawalpindi",3948
UTL000215,علی Quraishi,60916-8016887-9,,1991-07-14,"H-00215, Cantt, Lahore",7235
UTL000216,Imran شیخ,28388-4138993-5,Hamzah Shaikh,1994-01-28,"H-00216, Chaklala, Rawalpindi",16830
UTL000217,Hasan Sayyid,95599-9304216-6,حمزہ سید,1981-12-27,"H-00217, Jaranwala Road, Faisalabad",15465
UTL000218,Hasan بٹ,39470-5843084-2,حمزہ Butt,1991-12-25,"H-00218, Gulshan-e-Iqbal, Karachi",219992
UTL000219,فیصل ملک,,Imran Malik,1968-07-04,"H-00219, Bahria Town, Islamabad",15470
UTL000220,Husain خان,55688-2459332-7,احمد Khan,1970-04-26,"H-00220, Chaklala, Rawalpindi",6963
UTL000221,Faysal Sayed,28249-4466502-3,Mohammed سید,1991-06-18,"H-00221, Cantt, Lahore",13053
UTL000222,حسین بٹ,,,1958-05-28,"H-00222, Peoples Colony, Faisalabad",25667
UTL000223,Hassan Sheikh,98635-7588425-7,Mohammed Ali شیخ,1991-11-09,"H-00223, F-8, Islamabad",4527
UTL000224,Mariam ملک,77582-5667852-5,,1986-06-19,"H-00224, Malir, Karachi",17552
UTL000225,Hamza Quraishi,62129-4654579-6,Hasan قریشی,1986-05-11,"H-00225, North Nazimabad, Karachi",19289
UTL000226,Faysal Awan,,محمد اعوان,1962-03-15,"H-00226, F-7, Islamabad",13916
UTL000227,Fatema Shaikh,,,1960-06-22,"H-00227, F-8, Islamabad",159668
UTL000228,Hira بٹ,95915-2530068-1,Mohammed Butt,,"H-00228, Johar Town, Lahore",26916
UTL000229,Ayisha Khan,65453-3217531-7,Muhammed Ahmad خان,1969-07-03,"H-00229, F-7, Islamabad",56343
UTL000230,Muhammed Ahmad Quraishi,,علی Qureshi,1959-09-19,"H-00230, G-10, Islamabad",37305
UTL000231,Zainab Choudhary,90750-8421969-3,Ahmad Choudhary,1961-03-25,"H-00231, Johar Town, Lahore",5520
UTL000232,Bilal قریشی,46302-2413458-3,Imran قریشی,1993-10-24,"H-00232, Gulberg, Lahore",9411
UTL000233,حسین چوہدری,76784-4164963-6,Hussein Chaudhry,1996-01-26,"H-00233, Jaranwala Road, Faisalabad",84243
UTL000234,Marium ملک,93634-2191383-8,Mohammed Malick,1978-06-05,"H-00234, Johar Town, Lahore",32994
UTL000235,زینب Raja,19567-1280001-4,Ahmad راجہ,1955-05-07,"H-00235, Johar Town, Lahore",19741
UTL000236,Sana Bhatti,65518-7749095-1,Imran Bhatti,1989-10-05,"H-00236, Peoples Colony, Faisalabad",14462
UTL000237,Mohammed علی راجہ,86865-2109227-4,,2001-04-02,"H-00237, E-11, Islamabad",30505
UTL000238,Mohammad Hamzah Moghul,50539-3946849-1,Mohammad Moghul,2000-03-23,"H-00238, Madina Town, Faisalabad",14039
UTL000239,Mohammed Imran راجہ,58741-3129542-4,,1956-06-26,"H-00239, F-8, Islamabad",19661
UTL000240,Faysal Malick,76949-7041876-0,,1991-03-12,"H-00240, Satellite Town, Rawalpindi",14975
UTL000241,Mohammed حسن Raja,11610-5102892-0,Muhammed Hamzah Raja,1978-07-05,"H-00241, DHA, Karachi",13719
UTL000242,Muhammed عمران Sayed,,Mohammed Husain Sayyid,,"H-00242, Model Town, Lahore",6518
UTL000243,علی Ch.,,Hussain چوہدری,1974-06-03,"H-00243, Madina Town, Faisalabad",21227
UTL000244,Mohammed Othman Choudhary,49834-5069884-7,عثمان Chaudhary,1992-08-25,"H-00244, Bahria Town, Islamabad",209592
UTL000245,Muhammad Ali خان,40599-6812025-0,Usman خان,1955-11-13,"H-00245, Saddar, Rawalpindi",20982
UTL000246,Muhammad Hassan راجہ,,Mohammad Husain Raja,1960-01-08,"H-00246, Johar Town, Lahore",11434
UTL000247,Mohammed حمزہ Malik,76247-3239990-6,Ahmad Malick,1992-10-02,"H-00247, Madina Town, Faisalabad",7069
UTL000248,Hussain Bhatti,52762-6336123-7,,1969-02-07,"H-00248, E-11, Islamabad",10959
UTL000249,Ali Malick,71086-6268604-6,Ahmed Malik,1989-06-25,"H-00249, Johar Town, Lahore",7151
UTL000250,احمد Malik,89076-1676621-3,Usman Malik,,"H-00250, Model Town, Lahore",8630
UTL000251,Husain Bhatti,,Imran بٹ,1970-02-15,"H-00251, DHA, Lahore",17260
UTL000252,محمد خان,35969-7720647-5,Ahmad Khan,1992-10-09,"H-00252, Gulberg, Lahore",40403
UTL000253,Mohammad Hasan Awan,53456-3055673-0,Muhammed حمزہ اعوان,1958-03-19,"H-00253, DHA, Lahore",10966
UTL000254,عائشہ Syed,56392-4602338-2,Hussein Syed,1972-08-05,"H-00254, Bahria Town, Rawalpindi",7099
UTL000255,Mohammed Hussein اعوان,17993-2471723-4,Mohammed بلال Awan,1963-07-07,"H-00255, Satellite Town, Rawalpindi",5215
UTL000256,عمران خان,72873-9131572-5,Faisal Khan,1987-06-13,"H-00256, Chaklala, Rawalpindi",7635
UTL000257,Mohammed Butt,,Mohammed Hasan Butt,1965-02-08,"H-00257, Malir, Karachi",4112
UTL000258,عمران Khan,60911-6952633-2,,1970-10-11,"H-00258, Cantt, Lahore",139190
UTL000259,Othman مغل,83807-4158036-7,عمران مغل,1974-03-16,"H-00259, Madina Town, Faisalabad",5575
UTL000260,Muhammad راجہ,,عثمان راجہ,2000-03-26,"H-00260, Saddar, Rawalpindi",37047
UTL000261,Muhammed Ali Mughal,78982-7121835-1,Muhammad Othman Moghul,2000-11-13,"H-00261, DHA, Lahore",7548
UTL000262,Mohammad Hussain قریشی,67261-9173859-5,Ali Quraishi,2000-09-23,"H-00262, Gulberg, Lahore",22308
UTL000263,Mohammed Hasan مغل,,Ali مغل,,"H-00263, Johar Town, Lahore",26448
UTL000264,Mohammed Ali Mughal,,Ali مغل,,"H-00264, Bahria Town, Islamabad",17096
UTL000265,Ahmad قریشی,,احمد Qureshi,1977-05-26,"H-00265, Saddar, Rawalpindi",32266
UTL000266,مریم Sayyid,74639-7353742-5,Mohammad عمران Syed,1979-02-27,"H-00266, Johar Town, Lahore",8411
UTL000267,علی Awan,48654-1336852-5,Husain Awan,1961-02-11,"H-00267, DHA, Karachi",14558
UTL000268,Imran Malick,90431-9098978-0,Mohammed بلال Malik,1996-03-20,"H-00268, Bahria Town, Islamabad",16102
UTL000269,Othman Chaudhary,82628-5450404-4,Hussein Choudhary,1970-02-02,"H-00269, Johar Town, Lahore",60051
UTL000270,Fatimah Khan,06047-2470159-4,Faysal Khan,1985-04-04,"H-00270, F-7, Islamabad",28889
UTL000271,Ahmed اعوان,62096-8901136-7,Hussain Awan,1960-11-18,"H-00271, Gulshan-e-Iqbal, Karachi",62730
UTL000272,Zainab Sheikh,44510-8377620-7,حسین Shaikh,1969-05-19,"H-00272, Saddar, Rawalpindi",5968
UTL000273,احمد Quraishi,87296-4817030-8,محمد Qureshi,1979-09-14,"H-00273, Peoples Colony, Faisalabad",53050
UTL000274,Sana Chaudhary,20348-7623711-0,عمران Choudhary,,"H-00274, Chaklala, Rawalpindi",10046
UTL000275,احمد اعوان,37772-4233407-2,Mohammad اعوان,1982-02-22,"H-00275, Gulberg, Lahore",12045
UTL000276,Mohammad Faisal Butt,21406-7561223-8,بلال Bhatti,1990-06-28,"H-00276, F-7, Islamabad",3212
UTL000277,فیصل مغل,24743-7953189-2,Muhammed علی Moghul,1991-10-19,"H-00277, Peoples Colony, Faisalabad",60112
UTL000278,Faysal Malick,55071-7893590-4,,1996-08-19,"H-00278, Bahria Town, Islamabad",8113
UTL000279,Ali Bhatti,91034-7739741-0,بلال Bhatti,1976-12-08,"H-00279, Bahria Town, Rawalpindi",28477
UTL000280,Mohammed Osman Khan,,Ahmad خان,1969-03-10,"H-00280, G-10, Islamabad",49295
UTL000281,Hussein Syed,21703-4153037-8,حسن Sayyid,1981-12-16,"H-00281, Jaranwala Road, Faisalabad",86668
UTL000282,Imran Sheikh,,,1991-01-06,"H-00282, Gulshan-e-Iqbal, Karachi",7280
UTL000283,Hasan Khan,57235-4340507-4,Muhammad Osman خان,1984-09-13,"H-00283, Saddar, Rawalpindi",4833
UTL000284,محمد Ch.,87862-8489373-2,,1992-09-12,"H-00284, E-11, Islamabad",15068
UTL000285,Mohammed احمد بٹ,16507-3733132-6,Hassan بٹ,1969-11-08,"H-00285, Malir, Karachi",7728
UTL000286,بلال Raja,72140-3219862-2,Faysal راجہ,1955-04-09,"H-00286, DHA, Karachi",13218
UTL000287,Husain Syed,70161-5227836-3,,1974-11-17,"H-00287, Chaklala, Rawalpindi",9862
UTL000288,Mohammed Raja,94848-5742531-4,Ahmed راجہ,1985-02-11,"H-00288, Bahria Town, Islamabad",22121
UTL000289,Husain بٹ,67802-5031599-0,Faisal Butt,1980-11-11,"H-00289, Gulberg, Lahore",24447
UTL000290,Hamza Bhatti,,فیصل Bhatti,2000-10-27,"H-00290, E-11, Islamabad",3166
UTL000291,Imran Awan,49307-3851902-8,علی اعوان,1973-02-16,"H-00291, Bahria Town, Islamabad",7939
UTL000292,Usman Malick,39272-6152035-6,Mohammed Osman ملک,1978-05-19,"H-00292, Model Town, Lahore",16228
UTL000293,Aisha Moghul,19334-8922531-3,عمران Moghul,1962-11-13,"H-00293, Jaranwala Road, Faisalabad",8401
UTL000294,Ayesha شیخ,54914-7865099-9,Hamzah Sheikh,1964-06-28,"H-00294, Gulberg, Lahore",16223
UTL000295,Hamza قریشی,93165-1973306-0,حمزہ Qureshi,,"H-00295, Model Town, Lahore",49849
UTL000296,حمزہ Malick,66847-8204299-6,Mohammad بلال ملک,1985-07-01,"H-00296, Cantt, Lahore",9155
UTL000297,Mohammad قریشی,,Muhammad Hassan Qureshi,1999-06-10,"H-00297, Madina Town, Faisalabad",23332
UTL000298,Ali Malick,48119-8649174-8,فیصل Malick,1988-06-14,"H-00298, Gulshan-e-Iqbal, Karachi",17675
UTL000299,Hamza Qureshi,62873-1320859-3,Hasan Quraishi,2001-03-07,"H-00299, Gulberg, Lahore",33088
UTL000300,Muhammed احمد Qureshi,93928-5291430-8,Muhammed Faisal قریشی,,"H-00300, Malir, Karachi",39068
UTL000301,Muhammad Malik,59840-3073581-8,Husain Malik,1985-12-05,"H-00301, Satellite Town, Rawalpindi",10530
UTL000302,Hussain Sayyid,,Mohammad Ahmad Syed,1987-12-20,"H-00302, North Nazimabad, Karachi",4339
UTL000303,Muhammad Hamza Chaudhry,44471-9776935-4,Usman Ch.,,"H-00303, Madina Town, Faisalabad",13085
UTL000304,حمزہ Qureshi,11671-2493219-1,Faisal Quraishi,1997-08-05,"H-00304, DHA, Lahore",51048
UTL000305,احمد بٹ,,Muhammad بٹ,1961-03-28,"H-00305, Johar Town, Lahore",12621
UTL000306,Mohammed بلال ملک,11267-3321873-2,Othman Malik,,"H-00306, DHA, Karachi",7711
UTL000307,عثمان Shaykh,,Mohammad Bilal Shaikh,1999-08-26,"H-00307, Malir, Karachi",15527
UTL000308,احمد شیخ,,Hamza Shaykh,1991-11-15,"H-00308, Clifton, Karachi",6822
UTL000309,Mohammed Faisal خان,73979-2894776-6,Hamza خان,1957-02-09,"H-00309, Johar Town, Lahore",9521
UTL000310,عمران Mughal,,Imran مغل,1999-12-20,"H-00310, Madina Town, Faisalabad",37534
UTL000311,حمزہ Qureshi,83183-1915467-0,علی Quraishi,1987-08-28,"H-00311, Bahria Town, Rawalpindi",16579
UTL000312,Zaynab چوہدری,16599-9504862-3,Mohammad عمران Choudhary,1996-07-13,"H-00312, G-10, Islamabad",16905
UTL000313,Sana Awan,,Hamzah Awan,2002-11-01,"H-00313, Malir, Karachi",7801
UTL000314,Mohammed Ahmad مغل,49924-9528492-8,Hassan Mughal,1996-11-15,"H-00314, Jaranwala Road, Faisalabad",58476
UTL000315,Mohammed حسن اعوان,91232-8937865-5,Muhammed Hamza اعوان,1962-02-25,"H-00315, Bahria Town, Islamabad",15063
UTL000316,Osman قریشی,78417-7272839-1,Mohammad قریشی,1965-08-05,"H-00316, Bahria Town, Islamabad",103941
UTL000317,Aysha Bhatti,34581-3025778-6,Hasan Bhatti,1984-04-23,"H-00317, Madina Town, Faisalabad",8029
UTL000318,Mohammad Faisal Malick,,حمزہ Malick,1955-09-24,"H-00318, Satellite Town, Rawalpindi",29080
UTL000319,Sana شیخ,26827-2737347-6,Mohammad Faisal شیخ,1993-06-17,"H-00319, Madina Town, Faisalabad",170489
UTL000320,Husain Syed,69355-3237608-2,Mohammad Bilal Sayed,1993-12-24,"H-00320, G-10, Islamabad",5807
UTL000321,Imran Chaudhary,91810-5875114-5,Mohammad علی Choudhary,2000-11-06,"H-00321, Gulberg, Lahore",10791
UTL000322,Mohammed احمد Qureshi,,Muhammad Hussain قریشی,1982-01-17,"H-00322, Peoples Colony, Faisalabad",7886
UTL000323,Mohammad چوہدری,47567-5203716-2,,1999-05-07,"H-00323, F-8, Islamabad",5277
UTL000324,Aysha Mughal,94819-7524435-3,عمران Mughal,1999-05-23,"H-00324, Madina Town, Faisalabad",54152
UTL000325,مریم Sayyid,,Hasan سید,,"H-00325, Bahria Town, Islamabad",13593
UTL000326,فیصل Raja,35366-5935483-7,Ali Raja,1998-02-06,"H-00326, Madina Town, Faisalabad",41728
UTL000327,Mohammad Bilal Khan,82954-5433204-2,علی خان,,"H-00327, Chaklala, Rawalpindi",23392
UTL000328,Muhammed شیخ,16665-6052539-7,Faisal Shaikh,1990-06-03,"H-00328, Bahria Town, Islamabad",48890
UTL000329,علی Raja,30889-7978168-8,Imran Raja,1980-02-12,"H-00329, North Nazimabad, Karachi",6537
UTL000330,عثمان Qureshi,91039-9900294-7,عمران Quraishi,2003-11-01,"H-00330, F-8, Islamabad",6061
UTL000331,فیصل مغل,99463-6384429-6,Mohammed Ahmed Mughal,1979-05-18,"H-00331, DHA, Lahore",11888
UTL000332,عمران Quraishi,68400-9167227-0,Hussain Quraishi,1996-04-11,"H-00332, Jaranwala Road, Faisalabad",15859
UTL000333,عمران راجہ,37627-4576485-6,Ahmad راجہ,1968-09-27,"H-00333, DHA, Karachi",31044
UTL000334,حرا Malik,,Ahmed ملک,1959-01-06,"H-00334, DHA, Lahore",33418
UTL000335,Hussain Sayed,92603-7785511-6,Osman Sayed,1956-07-22,"H-00335, Satellite Town, Rawalpindi",9683
UTL000336,Muhammad Faysal خان,75407-2780658-4,Husain Khan,1993-02-10,"H-00336, Gulshan-e-Iqbal, Karachi",118014
UTL000337,Hira خان,79922-4688734-2,Bilal خان,1989-05-21,"H-00337, Bahria Town, Rawalpindi",3945
UTL000338,Muhammed Raja,,فیصل Raja,1993-07-18,"H-00338, Madina Town, Faisalabad",12166
UTL000339,Mohammad Hussein Ch.,,علی Chaudhry,1966-04-20,"H-00339, F-8, Islamabad",37810
UTL000340,Faysal خان,94498-2227162-4,Mohammad Ahmed Khan,1971-02-07,"H-00340, Peoples Colony, Faisalabad",11657
UTL000341,Zainab Qureshi,23113-5783807-9,,1967-06-16,"H-00341, Gulberg, Lahore",4373
UTL000342,Faysal Shaykh,,Mohammad Ali Shaikh,1955-06-08,"H-00342, Jaranwala Road, Faisalabad",42602
UTL000343,Zaynab قریشی,72908-8765307-7,عثمان Qureshi,1974-08-18,"H-00343, Model Town, Lahore",4751
UTL000344,Hussain Shaykh,44502-2282825-1,Mohammed Shaykh,,"H-00344, Madina Town, Faisalabad",22074
UTL000345,Mohammed Raja,80734-8920589-2,Mohammad Osman Raja,1980-04-25,"H-00345, Bahria Town, Islamabad",6241
UTL000346,Ali Awan,,عمران Awan,1955-11-08,"H-00346, Jaranwala Road, Faisalabad",22515
UTL000347,عمران شیخ,33480-3452813-7,Othman Shaykh,1957-04-25,"H-00347, Bahria Town, Rawalpindi",15987
UTL000348,Muhammad حسن Khan,57349-7511421-7,حمزہ Khan,1957-01-21,"H-00348, Cantt, Lahore",9149
UTL000349,Hussein Mughal,,,1992-11-27,"H-00349, Jaranwala Road, Faisalabad",8012
UTL000350,عمران سید,73813-9088465-9,,1987-03-15,"H-00350, G-10, Islamabad",8696
UTL000351,Mohammed حسن شیخ,57477-2985251-3,بلال Sheikh,1976-12-04,"H-00351, Gulberg, Lahore",16196
UTL000352,Faisal Shaikh,41938-1723841-2,Faisal Shaykh,1992-03-05,"H-00352, Saddar, Rawalpindi",2974
UTL000353,Faysal Shaykh,43850-4020528-8,بلال Shaikh,1993-10-21,"H-00353, Clifton, Karachi",34869
UTL000354,احمد چوہدری,73133-3861635-3,Bilal Choudhary,1993-03-26,"H-00354, Satellite Town, Rawalpindi",9160
UTL000355,فیصل Raja,99861-6749069-7,Muhammad Faysal Raja,1992-02-08,"H-00355, F-8, Islamabad",10118
UTL000356,Hassan Raja,05023-3509220-9,Mohammad Ahmed Raja,1966-08-20,"H-00356, Jaranwala Road, Faisalabad",5023
UTL000357,Ahmed Awan,80685-1020136-6,Imran Awan,1981-06-28,"H-00357, Cantt, Lahore",7945
UTL000358,Hamzah Sayyid,85513-2639417-6,,1971-08-25,"H-00358, Bahria Town, Islamabad",27503
UTL000359,فیصل Raja,34775-1091762-0,فیصل راجہ,1988-02-17,"H-00359, Chaklala, Rawalpindi",46212
UTL000360,Muhammed Bilal Quraishi,65846-5255251-4,عمران Qureshi,1982-10-12,"H-00360, Clifton, Karachi",33373
UTL000361,Fatema Sayyid,73238-3998417-5,,1990-08-09,"H-00361, Jaranwala Road, Faisalabad",10848
UTL000362,حرا شیخ,,Hasan Sheikh,1987-07-26,"H-00362, Clifton, Karachi",24540
UTL000363,Ali Sayyid,29048-8913286-9,Bilal Syed,1960-02-09,"H-00363, DHA, Karachi",6418
UTL000364,Bilal Syed,78289-5806156-9,Mohammed Syed,1966-11-16,"H-00364, Jaranwala Road, Faisalabad",24871
UTL000365,Hasan Khan,77608-4886793-9,Muhammad Ali Khan,1998-01-12,"H-00365, Jaranwala Road, Faisalabad",6711
UTL000366,Mohammad Ahmad بٹ,97773-7629401-6,Faysal Butt,1967-09-01,"H-00366, Chaklala, Rawalpindi",68100
UTL000367,Ahmed Raja,,Hussain Raja,1969-10-07,"H-00367, Bahria Town, Islamabad",6725
UTL000368,Hussain Shaikh,83220-2214435-8,Hussain Shaykh,1976-02-26,"H-00368, Saddar, Rawalpindi",4664
UTL000369,Hamzah Syed,41886-6698561-7,Hamzah Sayyid,1992-01-16,"H-00369, Peoples Colony, Faisalabad",78299
UTL000370,Muhammed حسن Qureshi,77699-9986747-0,Hussain Quraishi,1970-05-03,"H-00370, Chaklala, Rawalpindi",5864
UTL000371,احمد Raja,51139-6931382-3,Faisal Raja,1972-03-24,"H-00371, Johar Town, Lahore",6113
UTL000372,Hamza چوہدری,44787-4469169-3,Hassan Ch.,1970-10-12,"H-00372, Gulberg, Lahore",28835
UTL000373,Muhammed Hamza Mughal,15539-9091518-5,Faysal مغل,1975-08-19,"H-00373, North Nazimabad, Karachi",11585
UTL000374,Bilal Choudhary,17097-9820377-6,Hamzah Chaudhry,1989-01-17,"H-00374, Madina Town, Faisalabad",18707
UTL000375,حمزہ ملک,51373-1141240-0,Hassan ملک,1979-10-04,"H-00375, Peoples Colony, Faisalabad",13352
UTL000376,Muhammed Ali Raja,45311-8907862-9,Osman راجہ,1978-03-16,"H-00376, F-8, Islamabad",12410
UTL000377,Osman Syed,33578-3200150-9,,1961-12-09,"H-00377, E-11, Islamabad",146019
UTL000378,Fatimah Sheikh,11276-3962978-6,Hamzah Sheikh,,"H-00378, Johar Town, Lahore",105278
UTL000379,حمزہ بٹ,,Mohammad احمد Butt,1999-03-02,"H-00379, Bahria Town, Islamabad",25457
UTL000380,حمزہ قریشی,57226-5323737-5,,1981-02-12,"H-00380, G-10, Islamabad",11813
UTL000381,فیصل مغل,47304-6957741-5,Muhammad عمران Mughal,1986-12-15,"H-00381, Madina Town, Faisalabad",51890
UTL000382,Hamzah Shaikh,65788-7790959-1,احمد Shaikh,1965-06-08,"H-00382, Model Town, Lahore",4780
UTL000383,Faisal سید,57600-9739850-7,بلال Syed,1965-03-28,"H-00383, E-11, Islamabad",15925
UTL000384,Ahmad Ch.,23501-2603125-1,Mohammed Hamzah Choudhary,1990-01-01,"H-00384, Johar Town, Lahore",19683
UTL000385,احمد بٹ,21050-7540534-4,Hasan بٹ,1970-12-10,"H-00385, Madina Town, Faisalabad",21786
UTL000386,Mohammad Khan,72410-8838205-8,حسین Khan,1990-08-05,"H-00386, G-10, Islamabad",48678
UTL000387,Faysal Mughal,78610-9955411-4,Usman Mughal,1985-09-08,"H-00387, Satellite Town, Rawalpindi",36206
UTL000388,Muhammad بلال بٹ,,,1977-05-16,"H-00388, Model Town, Lahore",5266
UTL000389,Marium بٹ,48393-4879150-0,,1978-04-14,"H-00389, Malir, Karachi",7325
UTL000390,علی Sayed,44469-2328918-6,,1988-10-26,"H-00390, Bahria Town, Rawalpindi",9769
UTL000391,Mohammad Husain راجہ,,Mohammad علی راجہ,1973-02-21,"H-00391, E-11, Islamabad",16856
UTL000392,Fatema Qureshi,,,1961-05-09,"H-00392, Clifton, Karachi",4490
UTL000393,Hassan Malick,74694-4643811-5,Bilal Malick,1974-08-12,"H-00393, DHA, Lahore",7139
UTL000394,Mohammed احمد Shaikh,,,1966-04-27,"H-00394, Gulshan-e-Iqbal, Karachi",19269
UTL000395,احمد چوہدری,,Hamza Chaudhry,2002-02-17,"H-00395, Satellite Town, Rawalpindi",4733
UTL000396,حمزہ سید,30789-1707762-8,Mohammad Imran Syed,1962-05-16,"H-00396, G-10, Islamabad",13180
UTL000397,Mohammed عثمان خان,40928-8284023-5,Mohammed خان,1965-05-19,"H-00397, DHA, Lahore",20784
UTL000398,Muhammad Moghul,58679-2501223-3,علی Mughal,1986-02-22,"H-00398, Bahria Town, Rawalpindi",28307
UTL000399,Muhammed Quraishi,24076-3111034-7,Hasan Quraishi,,"H-00399, Cantt, Lahore",4507
UTL000400,Hamza Chaudhry,56945-3260430-4,Mohammad Choudhary,1986-12-15,"H-00400, Malir, Karachi",3802
UTL000401,فاطمہ Mughal,55569-6430863-7,Muhammad حسین Mughal,1993-09-06,"H-00401, Cantt, Lahore",27565
UTL000402,حسین Raja,10094-0488562-6,,1956-10-28,"H-00402, E-11, Islamabad",15131
UTL000403,احمد راجہ,78690-9347489-8,علی راجہ,1994-05-11,"H-00403, Bahria Town, Rawalpindi",10827
UTL000404,Imran Malik,33414-1524686-3,Ahmed Malick,1986-04-04,"H-00404, Clifton, Karachi",4286
UTL000405,Hira اعوان,87371-5293936-0,,1969-10-23,"H-00405, Jaranwala Road, Faisalabad",9748
UTL000406,Mohammad Hamzah Malick,,Muhammad Malik,,"H-00406, Saddar, Rawalpindi",6265
UTL000407,Ahmed Choudhary,23267-4875838-8,,1967-04-17,"H-00407, Madina Town, Faisalabad",27065
UTL000408,عمران راجہ,93705-7005628-7,Mohammed Bilal راجہ,1961-03-26,"H-00408, Saddar, Rawalpindi",6653
UTL000409,Ali Raja,56179-6287423-8,Mohammed Osman راجہ,1978-07-25,"H-00409, Peoples Colony, Faisalabad",11965
UTL000410,Muhammad Faisal Ch.,38039-7292514-8,Hussein چوہدری,1978-08-15,"H-00410, Jaranwala Road, Faisalabad",101250
UTL000411,Husain Mughal,27705-6064062-0,حسین Moghul,1969-04-28,"H-00411, North Nazimabad, Karachi",30621
UTL000412,Muhammad عمران Raja,84922-3595683-1,Mohammed راجہ,1984-06-05,"H-00412, Jaranwala Road, Faisalabad",11334
UTL000413,Hasan Bhatti,84776-7707501-9,Muhammed Hassan Bhatti,2001-02-24,"H-00413, F-7, Islamabad",5432
UTL000414,حرا مغل,,,1979-02-25,"H-00414, North Nazimabad, Karachi",23997
UTL000415,Mohammed بلال Sayed,,Mohammad سید,1974-09-02,"H-00415, Clifton, Karachi",19454
UTL000416,Imran چوہدری,98294-7591477-7,Faysal Chaudhary,1991-09-03,"H-00416, DHA, Lahore",6981
UTL000417,Fatimah Sheikh,,بلال Shaykh,1971-02-13,"H-00417, F-7, Islamabad",28163
UTL000418,علی اعوان,73944-7632348-9,Hassan Awan,,"H-00418, Madina Town, Faisalabad",13923
UTL000419,احمد Butt,99749-2503148-1,Mohammad بلال Bhatti,,"H-00419, Chaklala, Rawalpindi",23411
UTL000420,Hussein Shaykh,67961-3446428-7,Mohammed Shaikh,1969-04-22,"H-00420, Bahria Town, Islamabad",32845
UTL000421,Ahmad Khan,,Usman Khan,1999-02-10,"H-00421, Cantt, Lahore",10444
UTL000422,عمران Choudhary,78685-5339561-8,Hamza Chaudhary,1994-12-05,"H-00422, Cantt, Lahore",10263
UTL000423,بلال Moghul,43483-3857489-0,Mohammad Hussein مغل,1967-12-20,"H-00423, Madina Town, Faisalabad",9350
UTL000424,احمد Syed,24161-1320081-4,بلال Sayyid,1969-07-17,"H-00424, G-10, Islamabad",75430
UTL000425,Mohammad Hamza Moghul,34434-4336572-8,Hamza Mughal,1990-12-01,"H-00425, Madina Town, Faisalabad",6548
UTL000426,Muhammad Usman Awan,12408-6818001-5,Othman Awan,1995-05-08,"H-00426, Bahria Town, Rawalpindi",22216
UTL000427,Mohammed بٹ,82737-5700872-3,Muhammed علی Bhatti,1976-07-22,"H-00427, Saddar, Rawalpindi",41188
UTL000428,بلال Ch.,65897-6240913-9,Osman Chaudhry,1983-09-05,"H-00428, Madina Town, Faisalabad",15271
UTL000429,Ali Butt,66369-3435253-9,Muhammad علی Butt,1975-02-18,"H-00429, Madina Town, Faisalabad",35595
UTL000430,Ali Quraishi,51771-7946441-6,Hussain Qureshi,1983-12-27,"H-00430, DHA, Lahore",22550
UTL000431,Mohammad علی Ch.,34215-1439533-9,Mohammed Faisal چوہدری,1972-10-19,"H-00431, Clifton, Karachi",49376
UTL000432,حسن Khan,72469-3249600-8,Faysal خان,1985-12-21,"H-00432, F-7, Islamabad",5343
UTL000433,Marium Sheikh,39658-1540722-6,Muhammed Sheikh,1972-07-08,"H-00433, Gulberg, Lahore",4113
UTL000434,حسن Malik,,Hamza Malick,1970-07-13,"H-00434, Johar Town, Lahore",27809
UTL000435,Hira قریشی,78242-2834023-7,Hamzah قریشی,1957-04-17,"H-00435, Saddar, Rawalpindi",8331
UTL000436,Imran سید,,Mohammad Hamza سید,1980-05-25,"H-00436, Jaranwala Road, Faisalabad",32813
UTL000437,زینب Mughal,28643-8717564-7,Mohammed احمد Mughal,2001-09-04,"H-00437, North Nazimabad, Karachi",22363
UTL000438,Bilal سید,13265-4001084-7,Faisal Sayed,2000-04-15,"H-00438, E-11, Islamabad",13585
UTL000439,Ahmad Malick,93109-7089179-1,Imran Malik,2000-07-24,"H-00439, Malir, Karachi",22329
UTL000440,Muhammad Bilal راجہ,32398-6623607-9,Ali Raja,1965-03-06,"H-00440, Saddar, Rawalpindi",19557
UTL000441,حسین Awan,25408-3207395-3,Muhammed Awan,,"H-00441, F-8, Islamabad",18466
UTL000442,Muhammad فیصل Awan,,بلال Awan,1983-02-20,"H-00442, Gulberg, Lahore",36288
UTL000443,عمران Bhatti,,Ali Bhatti,1964-01-21,"H-00443, Jaranwala Road, Faisalabad",58713
UTL000444,فیصل Mughal,21495-1822605-1,بلال Moghul,1966-03-22,"H-00444, G-10, Islamabad",9278
UTL000445,حمزہ مغل,22206-6021328-5,Osman مغل,1979-02-25,"H-00445, F-7, Islamabad",6992
UTL000446,Hamzah Shaykh,,عمران شیخ,1968-12-07,"H-00446, Gulshan-e-Iqbal, Karachi",7839
UTL000447,Faysal راجہ,89269-5818203-6,Faisal راجہ,1975-05-17,"H-00447, Malir, Karachi",12648
UTL000448,Ali مغل,78118-9350710-7,Ali مغل,1994-04-23,"H-00448, Peoples Colony, Faisalabad",9831
UTL000449,Mohammad اعوان,,,1976-06-18,"H-00449, Clifton, Karachi",18319
UTL000450,Mohammad Husain Bhatti,,عثمان بٹ,1955-02-22,"H-00450, Gulshan-e-Iqbal, Karachi",9789
UTL000451,علی Choudhary,98142-9038102-7,Mohammed Chaudhry,1996-03-16,"H-00451, G-10, Islamabad",25304
UTL000452,Hamza Sayed,49235-6293259-8,عمران Sayyid,1956-04-19,"H-00452, North Nazimabad, Karachi",19873
UTL000453,Ahmad شیخ,54453-7295495-8,Ali Shaykh,1991-10-13,"H-00453, F-7, Islamabad",72724
UTL000454,Othman خان,21776-9339189-3,Usman خان,1983-05-07,"H-00454, E-11, Islamabad",9445
UTL000455,Mohammed احمد Quraishi,22137-8445293-8,,1985-09-05,"H-00455, Clifton, Karachi",10139
UTL000456,Osman شیخ,48698-3226624-3,,1984-07-23,"H-00456, North Nazimabad, Karachi",58424
UTL000457,Muhammad مغل,71194-1774096-1,Imran Moghul,1997-12-10,"H-00457, Gulshan-e-Iqbal, Karachi",17874
UTL000458,Osman Chaudhary,06261-9930106-5,Hamzah Choudhary,1997-02-09,"H-00458, Model Town, Lahore",5399
UTL000459,Muhammed Faysal راجہ,,Mohammad Osman راجہ,1972-03-23,"H-00459, Madina Town, Faisalabad",12684
UTL000460,Ahmed Bhatti,80854-8443172-0,Muhammed علی Bhatti,1956-08-22,"H-00460, Peoples Colony, Faisalabad",6964
UTL000461,Bilal Sayyid,87693-8479891-9,,1974-06-27,"H-00461, Cantt, Lahore",15712
UTL000462,حمزہ Moghul,,Hussain Mughal,1998-11-23,"H-00462, DHA, Lahore",192219
UTL000463,Ali Mughal,61390-4076154-5,Othman Mughal,1984-08-01,"H-00463, G-10, Islamabad",10120
UTL000464,Maryam شیخ,89225-3137316-8,Ahmad Shaikh,1980-12-26,"H-00464, G-10, Islamabad",5635
UTL000465,Mohammed Husain Raja,87402-7936404-3,,1970-09-06,"H-00465, Satellite Town, Rawalpindi",74451
UTL000466,حسن Moghul,84345-6741173-8,Hasan مغل,1966-11-22,"H-00466, Satellite Town, Rawalpindi",29091
UTL000467,Ayesha Moghul,,علی Moghul,1974-07-03,"H-00467, Peoples Colony, Faisalabad",19857
UTL000468,Zainab اعوان,,,2003-03-22,"H-00468, DHA, Karachi",45854
UTL000469,ثناء مغل,36956-6311628-4,فیصل مغل,1998-05-14,"H-00469, Bahria Town, Rawalpindi",24479
UTL000470,Ahmed مغل,76902-7781307-2,Mohammad Hussein مغل,1958-06-18,"H-00470, North Nazimabad, Karachi",28846
UTL000471,احمد Bhatti,66585-7614724-5,Muhammed بلال Butt,1980-07-14,"H-00471, Clifton, Karachi",15439
UTL000472,Hamzah Sheikh,63409-7044627-6,,1973-11-05,"H-00472, Cantt, Lahore",20506
UTL000473,علی اعوان,21097-3302174-6,Hamza Awan,1999-10-14,"H-00473, Bahria Town, Rawalpindi",18479
UTL000474,ثناء سید,60425-6961066-3,Ali Sayed,1982-10-01,"H-00474, Peoples Colony, Faisalabad",29918
UTL000475,Muhammed Imran Bhatti,14385-1615269-9,Mohammad Hamza Bhatti,2000-06-04,"H-00475, Chaklala, Rawalpindi",6094
UTL000476,علی راجہ,,,,"H-00476, E-11, Islamabad",33393
UTL000477,عمران Mughal,16917-6763748-8,,1985-08-17,"H-00477, Bahria Town, Islamabad",12233
UTL000478,بلال قریشی,31955-1592675-9,,2001-10-09,"H-00478, G-10, Islamabad",19561
UTL000479,Faysal Khan,13578-5811968-7,احمد Khan,1963-09-03,"H-00479, Bahria Town, Islamabad",30719
UTL000480,Faysal Bhatti,,Ali Butt,1992-12-05,"H-00480, G-10, Islamabad",18352
UTL000481,Ali Bhatti,33699-9848116-0,Usman Butt,1960-03-20,"H-00481, Johar Town, Lahore",60510
UTL000482,Maryam Syed,93568-3806547-3,Faysal سید,2001-06-02,"H-00482, Johar Town, Lahore",18265
UTL000483,Muhammed Shaykh,,Mohammed عمران Shaikh,1969-07-22,"H-00483, Satellite Town, Rawalpindi",6981
UTL000484,Zaynab شیخ,11554-5845129-7,Mohammad بلال Sheikh,1998-06-17,"H-00484, Peoples Colony, Faisalabad",9108
UTL000485,Muhammed احمد Raja,90017-5573311-5,Husain راجہ,1972-02-09,"H-00485, E-11, Islamabad",17267
UTL000486,مریم Chaudhry,,Muhammad Othman Chaudhary,1990-01-22,"H-00486, Madina Town, Faisalabad",60825
UTL000487,Ayisha راجہ,56073-4681195-4,Hussein Raja,1967-01-01,"H-00487, Malir, Karachi",16358
UTL000488,Faysal چوہدری,25963-3012881-1,Faisal Ch.,1963-07-22,"H-00488, Jaranwala Road, Faisalabad",9446
UTL000489,Muhammad Ahmed Shaikh,71204-2270273-7,Hussain Shaykh,1982-12-22,"H-00489, G-10, Islamabad",7115
UTL000490,Ahmed Butt,60933-6581020-0,حسین Butt,1971-03-15,"H-00490, Malir, Karachi",15470
UTL000491,Faisal Sayyid,24212-3413781-8,,1968-10-21,"H-00491, Johar Town, Lahore",8652
UTL000492,Ahmad خان,,Muhammad Khan,1986-03-21,"H-00492, DHA, Karachi",27741
UTL000493,Mohammad بلال Butt,,Hamza Butt,,"H-00493, Model Town, Lahore",34407
UTL000494,Mohammed عمران Chaudhry,73185-3033459-9,Imran Chaudhary,1977-06-22,"H-00494, Malir, Karachi",36455
UTL000495,Osman Raja,70245-5864629-3,Ali Raja,1990-01-13,"H-00495, F-7, Islamabad",12878
UTL000496,Bilal ملک,21123-8348147-3,علی Malik,1957-04-01,"H-00496, E-11, Islamabad",12670
UTL000497,Hamza Sayyid,94332-6162867-7,عمران سید,1983-01-02,"H-00497, North Nazimabad, Karachi",13543
UTL000498,Muhammed بلال Malick,70079-3499027-9,,1959-01-24,"H-00498, Cantt, Lahore",18010
UTL000499,ثناء خان,11882-3889858-0,Muhammad Hussein خان,1961-08-20,"H-00499, Gulberg, Lahore",10892
UTL000500,احمد Awan,38910-2058811-3,Muhammad Bilal Awan,1976-12-22,"H-00500, Jaranwala Road, Faisalabad",27760
UTL000501,Osman Chaudhry,32734-6628818-1,Mohammed Ahmed Chaudhary,1972-03-25,"H-00501, North Nazimabad, Karachi",29135
UTL000502,Hamza Choudhary,27481-2677182-9,بلال Chaudhry,,"H-00502, Madina Town, Faisalabad",6763
UTL000503,Faysal بٹ,26638-4458794-2,حسین Butt,1988-08-14,"H-00503, Satellite Town, Rawalpindi",16543
UTL000504,فیصل Shaykh,92207-6053293-5,,1955-09-08,"H-00504, Saddar, Rawalpindi",42176
UTL000505,Mohammad Faysal Quraishi,38740-8388252-3,Hussain Quraishi,1958-04-04,"H-00505, Jaranwala Road, Faisalabad",46278
UTL000506,Mariam Sheikh,17081-7110145-4,Hasan Shaikh,1982-05-11,"H-00506, DHA, Lahore",8438
UTL000507,Aisha ملک,,,1987-02-03,"H-00507, North Nazimabad, Karachi",214738
UTL000508,Mohammad بلال Choudhary,24435-6471590-3,احمد Chaudhary,1970-12-14,"H-00508, F-8, Islamabad",9479
UTL000509,Ahmad Awan,17122-8312602-2,Muhammed Hassan Awan,1994-08-06,"H-00509, Peoples Colony, Faisalabad",21591
UTL000510,Osman بٹ,,,1972-03-04,"H-00510, Model Town, Lahore",23394
UTL000511,Mohammed عثمان Ch.,30550-3851044-9,Imran Chaudhary,1969-02-14,"H-00511, Bahria Town, Islamabad",6502
UTL000512,Faisal Awan,11901-8182500-3,Hassan اعوان,,"H-00512, Chaklala, Rawalpindi",7877
UTL000513,Muhammed فیصل Khan,15250-8896240-8,Mohammed خان,1982-09-13,"H-00513, Saddar, Rawalpindi",12368
UTL000514,Hamza Awan,83202-1208423-6,,1963-06-10,"H-00514, DHA, Lahore",15317
UTL000515,حمزہ Butt,84760-1409590-7,Hamzah Bhatti,1963-12-13,"H-00515, Johar Town, Lahore",7396
UTL000516,Hira Khan,54634-9907365-0,Hussein خان,1982-05-23,"H-00516, Malir, Karachi",24862
UTL000517,Ahmad مغل,77467-7106747-0,Muhammed احمد مغل,1979-06-15,"H-00517, F-7, Islamabad",14732
UTL000518,Osman Sheikh,18782-4434507-2,عثمان Shaikh,1970-09-04,"H-00518, Jaranwala Road, Faisalabad",11185
UTL000519,Muhammad Hasan قریشی,76003-8015573-4,محمد Qureshi,1959-06-12,"H-00519, G-10, Islamabad",11142
UTL000520,Hamzah Raja,69241-7176462-1,Muhammed حسن Raja,1984-02-03,"H-00520, Peoples Colony, Faisalabad",16290
UTL000521,احمد Sheikh,23392-9327014-2,Hassan Sheikh,1988-11-01,"H-00521, F-7, Islamabad",6197
UTL000522,Hamza Quraishi,94500-1360413-4,Hasan قریشی,1959-01-28,"H-00522, Satellite Town, Rawalpindi",16428
UTL000523,Bilal Mughal,73720-9894713-8,حمزہ Moghul,1984-05-19,"H-00523, G-10, Islamabad",9494
UTL000524,حسین Chaudhary,,Usman Chaudhary,1973-08-06,"H-00524, Chaklala, Rawalpindi",13618
UTL000525,Imran Butt,97340-3575047-2,Hasan Bhatti,1962-01-11,"H-00525, Gulberg, Lahore",9835
UTL000526,زینب Qureshi,83726-1581986-5,Osman قریشی,1964-06-15,"H-00526, Gulberg, Lahore",23057
UTL000527,Imran Butt,63026-9378825-2,,1975-03-01,"H-00527, DHA, Karachi",78338
UTL000528,Hussein اعوان,97410-3467651-9,حمزہ Awan,1976-12-04,"H-00528, Bahria Town, Islamabad",15058
UTL000529,Ali راجہ,,Hasan Raja,1983-06-03,"H-00529, Gulshan-e-Iqbal, Karachi",29087
UTL000530,Faisal راجہ,35652-1378303-1,Mohammed Imran راجہ,1983-11-22,"H-00530, Model Town, Lahore",71601
UTL000531,Fatimah Awan,89308-9582482-0,Osman Awan,1980-03-23,"H-00531, Bahria Town, Islamabad",241126
UTL000532,Mohammad بٹ,50381-8475525-8,Mohammad Ahmed Bhatti,,"H-00532, G-10, Islamabad",6551
UTL000533,Mariam Bhatti,64289-3341557-9,فیصل بٹ,1960-03-07,"H-00533, Johar Town, Lahore",9305
UTL000534,احمد Moghul,,Muhammed بلال Moghul,1966-09-15,"H-00534, Saddar, Rawalpindi",244890
UTL000535,Hassan Shaikh,82596-9230660-0,Husain Shaikh,1992-05-16,"H-00535, Chaklala, Rawalpindi",11183
UTL000536,فاطمہ خان,44429-6036006-7,Muhammad Ahmad Khan,1996-11-10,"H-00536, Clifton, Karachi",6789
UTL000537,محمد ملک,18745-7069317-9,,1991-07-28,"H-00537, E-11, Islamabad",19338
UTL000538,عثمان Raja,,Mohammad Raja,1964-06-15,"H-00538, Madina Town, Faisalabad",134499
UTL000539,Muhammad Bhatti,,Husain Butt,1973-09-21,"H-00539, E-11, Islamabad",33419
UTL000540,Ahmad Moghul,,,1998-12-23,"H-00540, Cantt, Lahore",4825
UTL000541,Mohammed علی خان,46885-7258139-7,,1976-03-04,"H-00541, Cantt, Lahore",85486
UTL000542,عمران Moghul,82235-2212044-6,Hamzah مغل,1959-02-27,"H-00542, Jaranwala Road, Faisalabad",4624
UTL000543,Hussein قریشی,,علی Qureshi,2000-05-01,"H-00543, Johar Town, Lahore",7158
UTL000544,حسن Sheikh,,علی Shaykh,,"H-00544, Gulberg, Lahore",26066
UTL000545,Hamzah Syed,,Muhammad Faysal سید,,"H-00545, Clifton, Karachi",10577
UTL000546,Muhammad Malik,36922-4355853-2,Usman ملک,1956-02-05,"H-00546, North Nazimabad, Karachi",53268
UTL000547,Osman Sheikh,90341-2057108-8,Mohammad فیصل Shaikh,1959-02-27,"H-00547, Jaranwala Road, Faisalabad",10046
UTL000548,عمران Chaudhry,32514-1072627-1,,1987-12-16,"H-00548, Model Town, Lahore",26974
UTL000549,Hira ملک,59756-8115080-3,Mohammad Imran Malick,1969-07-04,"H-00549, Model Town, Lahore",4622
UTL000550,عائشہ راجہ,57349-5836389-8,Mohammed Raja,1960-06-16,"H-00550, Johar Town, Lahore",22785
UTL000551,Hamza Chaudhary,48088-8180005-3,Ahmed Choudhary,,"H-00551, Peoples Colony, Faisalabad",9994
UTL000552,Hira ملک,78506-2426162-1,Ali Malick,1980-07-23,"H-00552, Satellite Town, Rawalpindi",31162
UTL000553,Ali Malik,54385-4359863-9,بلال ملک,1962-04-27,"H-00553, F-8, Islamabad",6570
UTL000554,Bilal قریشی,73508-9580311-4,علی Quraishi,1984-02-04,"H-00554, Satellite Town, Rawalpindi",5585
UTL000555,Muhammad Malik,75291-1448771-2,Bilal ملک,1993-11-11,"H-00555, DHA, Karachi",10188
UTL000556,احمد راجہ,,Mohammad Hamzah Raja,1987-05-18,"H-00556, Satellite Town, Rawalpindi",4452
UTL000557,Mohammad Sayyid,63997-6277427-6,Muhammed Hamzah Syed,1984-01-02,"H-00557, Malir, Karachi",17069
UTL000558,علی اعوان,50954-7527687-7,,1991-11-16,"H-00558, Bahria Town, Rawalpindi",27294
UTL000559,Marium Raja,17305-7566347-4,حمزہ Raja,1992-07-20,"H-00559, Cantt, Lahore",6107
UTL000560,Mohammad Usman Khan,15913-3150806-5,Muhammed عثمان خان,2002-10-01,"H-00560, North Nazimabad, Karachi",88762
UTL000561,Aisha سید,63991-6893320-0,,1970-04-21,"H-00561, G-10, Islamabad",46639
UTL000562,Hussain Malick,12583-6471332-0,,1997-07-19,"H-00562, F-8, Islamabad",30236
UTL000563,Muhammad حمزہ Mughal,59510-7548160-5,,1961-08-04,"H-00563, Gulshan-e-Iqbal, Karachi",12429
UTL000564,Osman Awan,54504-3795540-9,Hussain Awan,1978-07-07,"H-00564, Jaranwala Road, Faisalabad",13689
UTL000565,Mohammed Imran چوہدری,16230-5988206-9,بلال Chaudhry,1969-10-24,"H-00565, G-10, Islamabad",47841
UTL000566,Faisal قریشی,84242-9909769-7,بلال قریشی,1968-06-26,"H-00566, F-7, Islamabad",11249
UTL000567,Mohammad بلال راجہ,64304-7749490-4,فیصل Raja,1987-08-22,"H-00567, F-8, Islamabad",12815
UTL000568,عمران Shaikh,37912-8839914-4,عمران Shaykh,1994-07-19,"H-00568, Peoples Colony, Faisalabad",24575
UTL000569,Imran Chaudhary,,Hussain چوہدری,1982-07-11,"H-00569, E-11, Islamabad",49659
UTL000570,بلال Bhatti,,Muhammad حسن Bhatti,1962-03-07,"H-00570, F-8, Islamabad",8557
UTL000571,Mohammed حمزہ Awan,65314-1620819-3,علی Awan,,"H-00571, Peoples Colony, Faisalabad",21461
UTL000572,Mohammad Awan,21000-6266448-9,Husain اعوان,1959-07-12,"H-00572, DHA, Karachi",7779
UTL000573,Muhammad بلال شیخ,84838-9392777-6,عمران شیخ,1997-10-25,"H-00573, DHA, Lahore",31423
UTL000574,Hassan مغل,,Muhammed بلال Moghul,1968-03-04,"H-00574, Gulshan-e-Iqbal, Karachi",9258
UTL000575,Marium Butt,74272-9950140-5,,1975-09-14,"H-00575, Madina Town, Faisalabad",98637
UTL000576,Ali Qureshi,50392-1353566-9,Muhammed Qureshi,2002-11-26,"H-00576, Chaklala, Rawalpindi",38502
UTL000577,Hussain Raja,,عمران Raja,1970-08-13,"H-00577, Chaklala, Rawalpindi",23136
UTL000578,Mohammad حسین Malick,37575-3688166-7,,1996-07-26,"H-00578, Model Town, Lahore",23278
UTL000579,Marium سید,23159-3690134-4,,1959-06-14,"H-00579, E-11, Islamabad",19324
UTL000580,Hamzah خان,92595-8439100-2,,1980-04-21,"H-00580, Clifton, Karachi",15828
UTL000581,علی Choudhary,95089-3182597-9,بلال چوہدری,1975-08-16,"H-00581, Jaranwala Road, Faisalabad",41484
UTL000582,فیصل Qureshi,,Ali Quraishi,1980-07-27,"H-00582, F-8, Islamabad",150037
UTL000583,Imran Mughal,70610-4326354-4,Ali Mughal,1958-07-20,"H-00583, DHA, Lahore",6301
UTL000584,Usman Shaykh,,حمزہ Sheikh,1998-08-04,"H-00584, Madina Town, Faisalabad",35991
UTL000585,Hussein Awan,,,1973-12-22,"H-00585, Bahria Town, Rawalpindi",10460
UTL000586,Mohammad بٹ,90960-8566133-3,عثمان Butt,1992-11-21,"H-00586, F-8, Islamabad",18791
UTL000587,Othman سید,65581-5298752-1,,1990-01-02,"H-00587, Johar Town, Lahore",23149
UTL000588,Faisal مغل,43247-9464810-9,Bilal مغل,1974-07-22,"H-00588, DHA, Karachi",30698
UTL000589,فیصل Shaykh,76027-9268480-5,,1963-02-11,"H-00589, F-8, Islamabad",21116
UTL000590,فاطمہ Butt,14788-3145327-7,حسین Bhatti,2002-06-14,"H-00590, Gulshan-e-Iqbal, Karachi",49679
UTL000591,Imran Qureshi,51358-9242223-2,Imran Quraishi,1997-11-26,"H-00591, Bahria Town, Rawalpindi",13098
UTL000592,Hassan Shaykh,44108-3743996-6,Bilal Shaykh,1962-08-02,"H-00592, Malir, Karachi",5986
UTL000593,Mariam اعوان,,حسن Awan,1973-03-27,"H-00593, Clifton, Karachi",5462
UTL000594,Muhammad Faisal مغل,10540-9825074-9,Muhammed علی مغل,1981-02-08,"H-00594, Cantt, Lahore",9786
UTL000595,Mohammad بٹ,53963-2779557-5,,1956-02-15,"H-00595, Malir, Karachi",17932
UTL000596,Hira بٹ,10760-6526866-0,Faisal Bhatti,1983-06-24,"H-00596, Jaranwala Road, Faisalabad",95212
UTL000597,Muhammad Hassan Khan,17279-2186553-8,,1979-02-13,"H-00597, G-10, Islamabad",64079
UTL000598,Ayisha Khan,60921-7751088-4,علی خان,1962-05-16,"H-00598, Gulberg, Lahore",4970
UTL000599,فیصل Shaikh,58163-9600893-3,Hamzah Shaikh,1983-07-16,"H-00599, F-7, Islamabad",163735
UTL000600,Bilal Qureshi,66899-8147380-1,Muhammed قریشی,1987-06-15,"H-00600, Madina Town, Faisalabad",47180
UTL000601,Hamzah Raja,48103-8855414-6,احمد Raja,1985-05-05,"H-00601, Madina Town, Faisalabad",8635
UTL000602,Hasan Raja,84519-1800747-8,Ahmad Raja,1957-09-04,"H-00602, Chaklala, Rawalpindi",23517
UTL000603,حرا Moghul,43405-2371865-8,Mohammed Mughal,1962-12-22,"H-00603, G-10, Islamabad",24575
UTL000604,Aysha ملک,51149-8633602-7,,1971-06-28,"H-00604, Chaklala, Rawalpindi",61391
UTL000605,Faysal Butt,80041-1300567-0,Bilal Butt,,"H-00605, Malir, Karachi",18605
UTL000606,Hira سید,73795-6080140-9,Faisal Sayyid,1978-12-22,"H-00606, Jaranwala Road, Faisalabad",24369
UTL000607,احمد Shaykh,,,1956-04-16,"H-00607, DHA, Lahore",20629
UTL000608,Bilal راجہ,49441-8774990-2,حمزہ راجہ,1982-01-04,"H-00608, DHA, Lahore",6707
UTL000609,Marium اعوان,86706-5070650-3,Hussain Awan,1991-07-02,"H-00609, Malir, Karachi",7898
UTL000610,مریم Awan,82653-5378387-0,,1980-08-17,"H-00610, Jaranwala Road, Faisalabad",31239
UTL000611,فاطمہ Khan,,Ahmed Khan,1972-11-14,"H-00611, Madina Town, Faisalabad",7915
UTL000612,Hamza سید,47750-4224602-7,,1983-04-17,"H-00612, Clifton, Karachi",15503
UTL000613,Faysal اعوان,61166-7993768-5,Hamzah اعوان,1965-10-07,"H-00613, Model Town, Lahore",12628
UTL000614,Fatimah Sheikh,89396-9257506-1,Muhammed Bilal Sheikh,1986-05-08,"H-00614, Gulberg, Lahore",70206
UTL000615,عثمان بٹ,32500-9446974-0,Muhammad Ahmed Bhatti,1976-07-04,"H-00615, F-8, Islamabad",18767
UTL000616,Imran Chaudhry,54606-6959954-0,عمران Choudhary,1972-03-28,"H-00616, Chaklala, Rawalpindi",43666
UTL000617,محمد Awan,23879-2709062-8,Muhammed Awan,,"H-00617, Saddar, Rawalpindi",11602
UTL000618,Muhammad Osman Shaikh,76308-9361613-1,,1996-06-11,"H-00618, E-11, Islamabad",61216
UTL000619,Hamzah سید,72084-6726400-4,عمران Syed,1965-02-09,"H-00619, Clifton, Karachi",13890
UTL000620,حسن Sheikh,39908-3315160-6,,1981-08-28,"H-00620, Peoples Colony, Faisalabad",7417
UTL000621,حمزہ شیخ,19120-2422342-5,Othman شیخ,1980-03-14,"H-00621, North Nazimabad, Karachi",7281
UTL000622,Mohammed Faysal خان,64959-7744488-8,حسین Khan,2001-12-11,"H-00622, Peoples Colony, Faisalabad",14763
UTL000623,Imran مغل,68482-4441570-8,Faysal مغل,1994-11-15,"H-00623, Johar Town, Lahore",7003
UTL000624,Fatimah بٹ,80442-6611860-6,,1988-09-10,"H-00624, DHA, Karachi",63796
UTL000625,عمران Qureshi,13655-5340101-3,Hussein Quraishi,2001-07-17,"H-00625, DHA, Lahore",7951
UTL000626,Hussain Raja,,Hussein Raja,1991-12-01,"H-00626, F-7, Islamabad",111591
UTL000627,Osman بٹ,98137-3348331-6,,2002-04-04,"H-00627, Bahria Town, Islamabad",5951
UTL000628,حمزہ ملک,64008-2374845-1,,1982-03-16,"H-00628, Johar Town, Lahore",10137
UTL000629,ثناء راجہ,44562-9368933-6,حمزہ راجہ,,"H-00629, Peoples Colony, Faisalabad",49228
UTL000630,Imran Sheikh,,Ahmed Sheikh,1999-04-15,"H-00630, Satellite Town, Rawalpindi",32853
UTL000631,Ahmed Mughal,25842-7200623-9,حسین Mughal,,"H-00631, Saddar, Rawalpindi",110770
UTL000632,Hussain Butt,,,1958-05-10,"H-00632, Saddar, Rawalpindi",13445
UTL000633,Aisha Malik,18855-1749647-6,Hamzah ملک,1991-05-19,"H-00633, Peoples Colony, Faisalabad",171872
UTL000634,Mariam مغل,76160-8733225-7,Hamzah Moghul,1964-12-11,"H-00634, Gulberg, Lahore",8540
UTL000635,مریم Ch.,,Hussein Chaudhry,1996-02-28,"H-00635, Chaklala, Rawalpindi",64823
UTL000636,عمران Malick,35221-1887084-9,عمران Malick,1967-08-17,"H-00636, Madina Town, Faisalabad",58643
UTL000637,Muhammed Butt,85963-8452933-1,,1993-06-13,"H-00637, Gulberg, Lahore",68625
UTL000638,Ayesha Quraishi,64386-1403608-8,عثمان قریشی,1979-05-03,"H-00638, Bahria Town, Rawalpindi",7238
UTL000639,حسین Shaykh,,بلال Sheikh,1998-03-02,"H-00639, Model Town, Lahore",7687
UTL000640,علی Khan,61110-2656653-5,,1981-06-09,"H-00640, Gulshan-e-Iqbal, Karachi",6477
UTL000641,Muhammad Ch.,86812-4967662-7,Imran Chaudhary,2003-09-13,"H-00641, Cantt, Lahore",25607
UTL000642,حمزہ Raja,73461-1484969-6,Muhammed Hassan راجہ,1956-05-18,"H-00642, Saddar, Rawalpindi",57348
UTL000643,Muhammad عمران Shaykh,63313-8482340-1,Imran Shaikh,1968-03-12,"H-00643, Bahria Town, Islamabad",29704
UTL000644,حسن Raja,35477-1016794-7,Faisal Raja,1973-11-06,"H-00644, Satellite Town, Rawalpindi",21412
UTL000645,Zaynab Mughal,,Imran Mughal,1973-01-06,"H-00645, E-11, Islamabad",86562
UTL000646,Hussain Malick,28304-5688532-6,,1994-09-26,"H-00646, Saddar, Rawalpindi",14195
UTL000647,Hussein Awan,96805-6396194-5,Hasan Awan,1984-10-11,"H-00647, F-8, Islamabad",7512
UTL000648,Faisal Awan,98172-3911451-6,Mohammed عمران اعوان,1999-12-16,"H-00648, DHA, Karachi",12290
UTL000649,Imran Khan,56267-7316548-9,Muhammed Othman خان,1979-03-27,"H-00649, Saddar, Rawalpindi",65352
UTL000650,Ahmed اعوان,,Mohammad Awan,2003-05-22,"H-00650, F-8, Islamabad",41603
UTL000651,Faisal بٹ,74724-7090115-0,Mohammed حسین بٹ,1986-12-23,"H-00651, Gulberg, Lahore",7321
UTL000652,Hasan Sayed,84594-9394071-7,Muhammad Ali سید,1990-04-22,"H-00652, Gulshan-e-Iqbal, Karachi",5392
UTL000653,Ahmad مغل,26702-5355775-9,Mohammed Hassan Mughal,1988-12-26,"H-00653, DHA, Lahore",10195
UTL000654,Muhammad عمران مغل,69497-1032798-6,Mohammad مغل,,"H-00654, Bahria Town, Islamabad",62132
UTL000655,Marium Quraishi,39431-1787936-4,Bilal Qureshi,1989-08-11,"H-00655, Madina Town, Faisalabad",17393
UTL000656,Muhammed Faisal Khan,19757-5194038-3,,1976-05-03,"H-00656, Johar Town, Lahore",10119
UTL000657,Muhammad Awan,87664-6608665-4,Hassan Awan,1961-08-08,"H-00657, Saddar, Rawalpindi",65588
UTL000658,Imran Chaudhry,91207-8357303-1,Mohammed حمزہ Chaudhry,1992-02-03,"H-00658, North Nazimabad, Karachi",14857
UTL000659,Zaynab ملک,,Faisal ملک,1995-07-03,"H-00659, DHA, Lahore",5124
UTL000660,Husain سید,90911-7897247-3,Muhammed Faysal سید,1997-10-01,"H-00660, Saddar, Rawalpindi",6585
UTL000661,Sana Mughal,95317-1435739-7,Imran Moghul,1976-10-07,"H-00661, Gulshan-e-Iqbal, Karachi",4056
UTL000662,Muhammed Faisal Chaudhary,93540-9537891-4,Mohammed Othman Choudhary,1981-08-24,"H-00662, Madina Town, Faisalabad",28848
UTL000663,حسن Shaykh,,,1987-11-25,"H-00663, DHA, Karachi",15292
UTL000664,Mohammad علی اعوان,,Mohammed اعوان,1988-10-22,"H-00664, Bahria Town, Islamabad",10691
UTL000665,Hassan راجہ,65320-6768277-3,Hassan Raja,1995-04-26,"H-00665, Madina Town, Faisalabad",24865
UTL000666,حرا Awan,,Husain Awan,1981-06-06,"H-00666, Jaranwala Road, Faisalabad",8935
UTL000667,Hamzah Ch.,40182-8827187-9,Mohammad حسن Ch.,1970-08-24,"H-00667, Clifton, Karachi",80865
UTL000668,Fatimah Sayyid,57555-1165961-1,Muhammed Usman Syed,1956-09-04,"H-00668, DHA, Lahore",8502
UTL000669,Muhammad Khan,47237-3921695-3,Hussain خان,2001-03-11,"H-00669, Gulberg, Lahore",29012
UTL000670,Muhammed شیخ,12751-3302564-6,,1976-04-10,"H-00670, F-7, Islamabad",6607
UTL000671,Ali راجہ,18569-2987988-2,Ali Raja,,"H-00671, Peoples Colony, Faisalabad",45860
UTL000672,حرا Chaudhry,,Muhammad Husain Chaudhary,1964-06-08,"H-00672, North Nazimabad, Karachi",11902
UTL000673,عمران Moghul,20670-8896486-9,احمد Moghul,1965-09-13,"H-00673, Bahria Town, Rawalpindi",60564
UTL000674,Hamza راجہ,52182-7272644-8,Hamza راجہ,2000-08-16,"H-00674, Bahria Town, Rawalpindi",58177
UTL000675,Hassan چوہدری,40721-7642099-3,حسین Ch.,1982-07-19,"H-00675, Johar Town, Lahore",16650
UTL000676,عمران ملک,48672-8457561-8,عثمان ملک,,"H-00676, DHA, Lahore",6020
UTL000677,مریم اعوان,58170-9347387-5,,1979-01-06,"H-00677, Satellite Town, Rawalpindi",10041
UTL000678,Usman Malik,77212-2311290-4,حسن Malick,1961-02-03,"H-00678, Bahria Town, Islamabad",16135
UTL000679,Mohammed حسن Qureshi,,Muhammed Faisal Quraishi,1963-12-24,"H-00679, G-10, Islamabad",20600
UTL000680,Mohammed Butt,,Mohammed بٹ,1985-11-17,"H-00680, G-10, Islamabad",38670
UTL000681,Fatema Choudhary,40634-9654113-9,Imran Chaudhry,2003-08-24,"H-00681, Johar Town, Lahore",7553
UTL000682,Mohammed Usman چوہدری,,عمران Chaudhary,,"H-00682, Satellite Town, Rawalpindi",61710
UTL000683,Muhammad حسین خان,54541-4783105-6,Bilal Khan,1998-07-25,"H-00683, Chaklala, Rawalpindi",22552
UTL000684,فیصل خان,,Mohammad Faysal خان,1995-10-20,"H-00684, Madina Town, Faisalabad",9103
UTL000685,Maryam Ch.,80056-7483254-3,Mohammed حمزہ Choudhary,1961-06-19,"H-00685, Saddar, Rawalpindi",27656
UTL000686,Mohammad Ahmed شیخ,33283-1537863-9,Hamzah Shaykh,1956-03-07,"H-00686, North Nazimabad, Karachi",10719
UTL000687,Hasan Ch.,19172-8627990-0,Osman Ch.,1988-01-06,"H-00687, Bahria Town, Islamabad",12010
UTL000688,فاطمہ Malik,64842-9023722-1,Bilal Malick,1968-03-28,"H-00688, Cantt, Lahore",16726
UTL000689,Fatimah مغل,,Muhammad Hamzah مغل,,"H-00689, Peoples Colony, Faisalabad",50478
UTL000690,ثناء Chaudhry,84609-9236918-7,حمزہ Choudhary,1991-01-24,"H-00690, Peoples Colony, Faisalabad",24187
UTL000691,Zainab Bhatti,64401-5179788-2,Mohammed Faisal بٹ,2001-07-15,"H-00691, Bahria Town, Rawalpindi",124024
UTL000692,Muhammed بلال خان,,حسن Khan,,"H-00692, Gulberg, Lahore",12010
UTL000693,Ahmed Malik,63752-8565450-2,Muhammed حسین Malick,1968-09-02,"H-00693, Peoples Colony, Faisalabad",38489
UTL000694,Mariam قریشی,61992-1633753-0,Mohammed Hussein Quraishi,1962-12-05,"H-00694, Bahria Town, Rawalpindi",39556
UTL000695,Maryam Malik,96117-5065012-7,Ali Malik,1985-05-27,"H-00695, North Nazimabad, Karachi",11303
UTL000696,Mohammed علی Bhatti,,Muhammed Bhatti,1998-05-05,"H-00696, North Nazimabad, Karachi",10960
UTL000697,Imran Chaudhry,93203-9772377-1,,1999-05-15,"H-00697, Saddar, Rawalpindi",11754
UTL000698,Fatema Ch.,36212-2533209-0,Bilal چوہدری,1956-01-11,"H-00698, F-8, Islamabad",77119
UTL000699,Hassan Malick,15768-7973953-8,Mohammed احمد ملک,1975-06-18,"H-00699, Gulberg, Lahore",6731
UTL000700,عمران Sayed,40462-4586633-1,Othman Sayed,1975-03-01,"H-00700, Saddar, Rawalpindi",14908
UTL000701,Fatema Awan,96280-5671743-9,Othman اعوان,1957-02-07,"H-00701, DHA, Lahore",16916
UTL000702,Ayesha راجہ,43022-2589550-9,عثمان Raja,1995-12-13,"H-00702, Madina Town, Faisalabad",47249
UTL000703,Othman Shaykh,18849-6622132-0,Faisal Sheikh,1992-08-13,"H-00703, E-11, Islamabad",11007
UTL000704,حسن خان,50481-4966072-6,حسن خان,1994-02-02,"H-00704, Madina Town, Faisalabad",9392
UTL000705,Ali سید,01203-8444490-5,علی Sayyid,1972-06-21,"H-00705, DHA, Lahore",19456
UTL000706,حرا Bhatti,53420-6750028-3,حسن Butt,1989-01-22,"H-00706, Clifton, Karachi",19207
UTL000707,Faisal Sayed,34057-8421584-0,Ahmed Syed,1986-02-07,"H-00707, Peoples Colony, Faisalabad",4439
UTL000708,Ali ملک,81938-4428815-3,عمران Malik,1960-07-24,"H-00708, Cantt, Lahore",9067
UTL000709,Hassan Sayyid,42632-6085186-4,Faisal Sayed,1983-11-07,"H-00709, Cantt, Lahore",40462
UTL000710,عثمان Syed,71697-8405061-6,عمران Sayyid,1994-12-14,"H-00710, Bahria Town, Rawalpindi",55038
UTL000711,Aysha Sayed,49351-3563536-8,Ali Syed,1971-07-15,"H-00711, Saddar, Rawalpindi",9357
UTL000712,Ayisha قریشی,,Muhammad قریشی,1955-09-24,"H-00712, Johar Town, Lahore",57756
UTL000713,Mariam Sayed,60336-9213304-4,,,"H-00713, Chaklala, Rawalpindi",146418
UTL000714,Hasan Syed,76795-9197714-5,Muhammad Syed,1996-07-14,"H-00714, G-10, Islamabad",14601
UTL000715,Hamza خان,97251-3481086-4,فیصل Khan,1984-11-05,"H-00715, F-7, Islamabad",9537
UTL000716,Mohammad ملک,62122-2348021-8,Hassan ملک,1982-03-27,"H-00716, Malir, Karachi",96452
UTL000717,ثناء Butt,24322-6777952-2,,2002-04-24,"H-00717, Saddar, Rawalpindi",15246
UTL000718,Hamza Khan,64767-9807400-6,Hussain Khan,2001-07-06,"H-00718, DHA, Karachi",12454
UTL000719,حسن Awan,,,1966-04-02,"H-00719, Cantt, Lahore",16222
UTL000720,Muhammed حسین Sayed,,Hussein Syed,1960-07-04,"H-00720, Saddar, Rawalpindi",4894
UTL000721,Muhammad Hamza اعوان,18002-5464094-0,Faysal Awan,1957-02-07,"H-00721, DHA, Karachi",5610
UTL000722,بلال Mughal,73691-8939511-5,Muhammed فیصل Mughal,1982-06-12,"H-00722, Peoples Colony, Faisalabad",6511
UTL000723,Osman Chaudhary,59602-1960353-5,Muhammed Osman Choudhary,,"H-00723, E-11, Islamabad",43081
UTL000724,Mohammad مغل,46630-5169769-5,Mohammad Hamzah مغل,1994-11-22,"H-00724, North Nazimabad, Karachi",14368
UTL000725,Muhammed Qureshi,,حسن Quraishi,1993-08-13,"H-00725, Gulshan-e-Iqbal, Karachi",28264
UTL000726,عثمان Sayed,60444-5930202-7,Hassan سید,2000-03-28,"H-00726, Saddar, Rawalpindi",28589
UTL000727,علی اعوان,98249-8831655-2,Hamzah Awan,1962-08-22,"H-00727, Gulshan-e-Iqbal, Karachi",7895
UTL000728,Hasan Shaykh,,عثمان Sheikh,1979-05-08,"H-00728, DHA, Karachi",8660
UTL000729,Hira ملک,93040-9253698-1,,1969-10-25,"H-00729, Cantt, Lahore",35975
UTL000730,Mohammad بلال Syed,40587-4750563-4,Ahmad Sayyid,1973-02-04,"H-00730, Peoples Colony, Faisalabad",8900
UTL000731,احمد Mughal,51074-7378615-9,Muhammed مغل,1974-01-19,"H-00731, F-8, Islamabad",13674
UTL000732,Mariam قریشی,78124-4726916-1,Muhammed Bilal قریشی,1955-09-28,"H-00732, F-8, Islamabad",44799
UTL000733,Muhammad Hasan Awan,88835-5754542-2,Mohammed اعوان,1993-06-10,"H-00733, Bahria Town, Rawalpindi",68480
UTL000734,فیصل Awan,48206-7320122-0,Othman Awan,1964-12-07,"H-00734, Johar Town, Lahore",15231
UTL000735,Muhammed Sheikh,49203-3670819-0,Imran Shaikh,1980-06-14,"H-00735, Satellite Town, Rawalpindi",15915
UTL000736,Bilal Sayyid,47098-5737283-3,,1980-02-05,"H-00736, North Nazimabad, Karachi",6905
UTL000737,Hussein اعوان,28030-8413578-7,,1964-04-07,"H-00737, Cantt, Lahore",8347
UTL000738,Mohammed Othman Moghul,59355-8165734-2,Mohammad مغل,1961-06-16,"H-00738, Clifton, Karachi",9611
UTL000739,Faisal Sayed,42112-1570305-1,Hassan Syed,1980-08-10,"H-00739, Johar Town, Lahore",9656
UTL000740,Mohammad Bilal ملک,46073-8467845-5,,1962-02-03,"H-00740, Satellite Town, Rawalpindi",5481
UTL000741,محمد Mughal,72848-5592340-1,Muhammad فیصل Moghul,1966-07-16,"H-00741, Jaranwala Road, Faisalabad",35881
UTL000742,Mohammed Faysal Shaykh,18322-4101936-6,Mohammed شیخ,1980-09-27,"H-00742, Gulshan-e-Iqbal, Karachi",12924
UTL000743,Aisha راجہ,95419-3081873-3,احمد Raja,1966-10-23,"H-00743, Jaranwala Road, Faisalabad",17218
UTL000744,Mohammed Ahmad Khan,37030-3704659-1,Muhammad عمران Khan,1971-01-03,"H-00744, Cantt, Lahore",80611
UTL000745,Imran شیخ,42550-6043230-0,,1973-11-18,"H-00745, Saddar, Rawalpindi",19466
UTL000746,عمران Qureshi,76924-4520522-1,Muhammed Qureshi,,"H-00746, Jaranwala Road, Faisalabad",23752
UTL000747,Mohammad Ali Mughal,87566-7024113-4,Mohammad Ali Mughal,2001-10-14,"H-00747, Madina Town, Faisalabad",12108
UTL000748,Hira Shaikh,,Muhammad Ali Shaykh,1989-04-03,"H-00748, Satellite Town, Rawalpindi",13222
UTL000749,حسن قریشی,94904-9580328-8,,1981-03-11,"H-00749, Jaranwala Road, Faisalabad",38300
UTL000750,Faysal چوہدری,26334-9916589-1,عمران Chaudhary,1981-02-11,"H-00750, Gulshan-e-Iqbal, Karachi",37137
UTL000751,Osman بٹ,45867-1165479-1,Bilal Bhatti,1969-07-04,"H-00751, Gulberg, Lahore",45144
UTL000752,Faisal اعوان,55731-5731119-8,,1993-02-02,"H-00752, North Nazimabad, Karachi",4406
UTL000753,Fatimah Qureshi,,Muhammed Faysal Qureshi,1963-05-01,"H-00753, Jaranwala Road, Faisalabad",15048
UTL000754,علی شیخ,16929-7210098-3,فیصل شیخ,1981-12-15,"H-00754, Chaklala, Rawalpindi",18957
UTL000755,ثناء Butt,78235-4838024-4,احمد بٹ,1974-07-25,"H-00755, E-11, Islamabad",33073
UTL000756,Muhammad Ahmed چوہدری,85407-1963205-1,Husain Chaudhary,1990-08-26,"H-00756, Clifton, Karachi",26330
UTL000757,حرا Raja,75248-0640458-8,Mohammad احمد راجہ,,"H-00757, Johar Town, Lahore",15024
UTL000758,Mohammad Bilal راجہ,94661-9860239-9,محمد Raja,1993-08-06,"H-00758, F-8, Islamabad",9101
UTL000759,Muhammad Ali ملک,77329-6927248-0,Mohammad بلال Malick,1986-07-06,"H-00759, F-8, Islamabad",6731
UTL000760,Imran ملک,,Hassan Malik,1955-12-21,"H-00760, G-10, Islamabad",58377
UTL000761,Hussein Raja,,Othman Raja,1955-10-15,"H-00761, Malir, Karachi",21824
UTL000762,عثمان Shaikh,11161-2700165-6,Mohammad Hamza Sheikh,1967-02-17,"H-00762, Chaklala, Rawalpindi",44748
UTL000763,Hamza Khan,39634-8897013-6,عثمان Khan,1974-06-14,"H-00763, Model Town, Lahore",15630
UTL000764,Mohammad Ahmed اعوان,28333-6934735-6,Muhammed اعوان,1977-12-07,"H-00764, Bahria Town, Rawalpindi",4767
UTL000765,بلال سید,31012-4338530-7,Hussain Sayyid,1962-07-16,"H-00765, F-7, Islamabad",5468
UTL000766,Usman Syed,60967-3204822-1,Ahmed Syed,1956-03-05,"H-00766, Jaranwala Road, Faisalabad",6074
UTL000767,Mohammed Quraishi,66928-9056301-4,Hussein Quraishi,1986-02-25,"H-00767, Saddar, Rawalpindi",4374
UTL000768,حسن Bhatti,42421-8200092-3,,,"H-00768, Gulshan-e-Iqbal, Karachi",3933
UTL000769,حسن Mughal,25789-3219555-6,Muhammad Mughal,1972-04-05,"H-00769, Gulberg, Lahore",57725
UTL000770,Mohammed Syed,93009-4882711-3,Othman Sayyid,,"H-00770, Chaklala, Rawalpindi",36547
UTL000771,احمد Bhatti,56009-8014121-3,Muhammed Usman Bhatti,1958-03-02,"H-00771, G-10, Islamabad",8375
UTL000772,Hasan Butt,89498-2690500-6,Ali Butt,1971-08-12,"H-00772, Chaklala, Rawalpindi",109618
UTL000773,عمران Shaykh,57367-9872833-9,Mohammed عثمان Shaykh,1970-11-09,"H-00773, G-10, Islamabad",9284
UTL000774,Mohammed Ali Mughal,86881-4194945-3,Hamza Mughal,1961-02-18,"H-00774, DHA, Karachi",88036
UTL000775,Hamzah Chaudhry,30142-1735028-2,حسن Choudhary,1981-09-23,"H-00775, Jaranwala Road, Faisalabad",70391
UTL000776,Usman اعوان,18874-9100389-6,عمران Awan,1987-01-06,"H-00776, Malir, Karachi",8334
UTL000777,Husain Khan,04928-7668839-7,عمران خان,1987-02-06,"H-00777, Madina Town, Faisalabad",32305
UTL000778,Marium Mughal,34125-1060407-2,Mohammed Faysal مغل,1968-10-23,"H-00778, F-8, Islamabad",29129
UTL000779,ثناء راجہ,38879-5972157-4,Imran راجہ,1962-03-08,"H-00779, G-10, Islamabad",7095
UTL000780,علی Butt,16752-5177662-3,عمران Butt,1962-01-21,"H-00780, Model Town, Lahore",3364
UTL000781,Usman Malick,27512-7850856-9,,1975-01-21,"H-00781, Peoples Colony, Faisalabad",73278
UTL000782,Husain شیخ,80436-2785812-6,Hussain Shaikh,1995-11-20,"H-00782, F-7, Islamabad",13784
UTL000783,Fatima Quraishi,86239-7634775-2,حمزہ Quraishi,1969-12-24,"H-00783, F-8, Islamabad",12695
UTL000784,عائشہ Awan,34251-3954644-3,Faisal اعوان,1986-12-06,"H-00784, Johar Town, Lahore",7054
UTL000785,Husain Shaykh,,,1959-07-08,"H-00785, Johar Town, Lahore",82195
UTL000786,Ayesha Raja,89074-2673190-6,Bilal راجہ,1956-02-27,"H-00786, DHA, Lahore",12281
UTL000787,Ali Ch.,28695-1226440-0,احمد Choudhary,1989-12-27,"H-00787, Gulshan-e-Iqbal, Karachi",5811
UTL000788,علی اعوان,,Hamzah Awan,1964-04-02,"H-00788, Peoples Colony, Faisalabad",76222
UTL000789,Imran Malik,23476-5978445-1,Imran Malik,1981-03-01,"H-00789, DHA, Karachi",62777
UTL000790,Mariam Shaykh,39607-7454929-1,Hamza شیخ,1965-02-08,"H-00790, G-10, Islamabad",9413
UTL000791,Ahmad Mughal,57250-2422780-0,,1964-03-14,"H-00791, F-7, Islamabad",26338
UTL000792,Bilal شیخ,47618-6844941-1,Muhammad حسین Shaykh,1986-11-12,"H-00792, Bahria Town, Islamabad",30092
UTL000793,Mohammed Shaykh,29369-7553173-7,Hamzah Shaikh,1959-02-19,"H-00793, Model Town, Lahore",11108
UTL000794,Ahmed Qureshi,,,1982-08-23,"H-00794, Gulberg, Lahore",10354
UTL000795,Ali چوہدری,82002-9039992-8,,1986-09-18,"H-00795, Satellite Town, Rawalpindi",6394
UTL000796,ثناء Moghul,40827-7068477-0,Hasan مغل,1956-06-18,"H-00796, DHA, Lahore",65449
UTL000797,محمد قریشی,48626-8724035-2,عمران قریشی,1981-04-07,"H-00797, F-8, Islamabad",16488
UTL000798,Ahmad شیخ,65667-7235826-0,Ahmed Sheikh,,"H-00798, Saddar, Rawalpindi",21618
UTL000799,Muhammad Shaikh,,,1991-07-05,"H-00799, F-8, Islamabad",22849
UTL000800,عمران بٹ,54215-8448641-0,Husain بٹ,1962-03-02,"H-00800, Satellite Town, Rawalpindi",29790
UTL000801,Imran Shaykh,85524-8621830-8,حسین Shaikh,1991-09-10,"H-00801, Malir, Karachi",11769
UTL000802,Fatema Butt,59487-3099389-3,Mohammad بلال Bhatti,1994-01-08,"H-00802, North Nazimabad, Karachi",8903
UTL000803,Hamza اعوان,59868-3765293-0,عثمان اعوان,1996-07-07,"H-00803, E-11, Islamabad",7313
UTL000804,Faisal Qureshi,,احمد Qureshi,1959-04-20,"H-00804, Clifton, Karachi",10886
UTL000805,Imran Chaudhry,45280-2426723-9,فیصل چوہدری,1957-10-26,"H-00805, Clifton, Karachi",13695
UTL000806,Husain Khan,62184-9392233-3,عثمان خان,2003-07-24,"H-00806, G-10, Islamabad",15759
UTL000807,Osman Sayed,75821-3519714-0,Mohammed Faisal سید,1979-08-19,"H-00807, Madina Town, Faisalabad",11550
UTL000808,Muhammed علی Awan,40352-4617959-2,Ali اعوان,1987-09-24,"H-00808, DHA, Karachi",13926
UTL000809,Hamza شیخ,57227-8229326-0,Mohammad Bilal شیخ,1970-04-20,"H-00809, G-10, Islamabad",23203
UTL000810,Mohammed Faysal اعوان,28693-6193258-8,Ahmed Awan,1986-02-15,"H-00810, DHA, Karachi",5838
UTL000811,Ahmed Bhatti,56316-2497018-1,,2000-08-09,"H-00811, Peoples Colony, Faisalabad",24182
UTL000812,Hira شیخ,73997-1664254-5,Muhammed Husain Sheikh,1980-07-28,"H-00812, North Nazimabad, Karachi",7960
UTL000813,حمزہ Quraishi,,بلال Quraishi,1987-08-09,"H-00813, Jaranwala Road, Faisalabad",68559
UTL000814,فیصل Khan,11041-3593123-1,,1979-03-19,"H-00814, Cantt, Lahore",4782
UTL000815,Maryam Malick,71405-9977752-7,Ahmad Malick,1960-03-24,"H-00815, E-11, Islamabad",42017
UTL000816,Marium Ch.,18450-6323156-5,Faisal Chaudhry,1986-04-23,"H-00816, Chaklala, Rawalpindi",7477
UTL000817,Hussain Awan,30413-8884747-2,حسن اعوان,1975-10-02,"H-00817, North Nazimabad, Karachi",20414
UTL000818,Muhammed عثمان Syed,17088-4548261-0,Bilal Syed,1972-05-21,"H-00818, Bahria Town, Rawalpindi",11840
UTL000819,بلال Malick,65013-9804312-3,Muhammed حسین Malik,1966-01-03,"H-00819, E-11, Islamabad",46363
UTL000820,Ali Ch.,73127-8977556-8,علی چوہدری,1999-07-12,"H-00820, E-11, Islamabad",10226
UTL000821,Imran Moghul,97551-3426274-5,Othman Mughal,1955-03-15,"H-00821, DHA, Lahore",5093
UTL000822,Ahmad Sayed,10481-8559125-2,Hamza Syed,1995-10-04,"H-00822, Bahria Town, Islamabad",3995
UTL000823,Bilal Raja,59487-4626181-5,Mohammad Hassan راجہ,1967-11-19,"H-00823, Cantt, Lahore",17293
UTL000824,Muhammad Bhatti,26350-9374022-7,Bilal Bhatti,1981-06-12,"H-00824, Bahria Town, Islamabad",140664
UTL000825,Ahmed Sheikh,58905-3967808-8,Faisal Sheikh,1965-09-14,"H-00825, Satellite Town, Rawalpindi",13880
UTL000826,حرا بٹ,,محمد Butt,1994-07-04,"H-00826, Madina Town, Faisalabad",9798
UTL000827,حمزہ راجہ,97518-5863789-6,Muhammed Hassan راجہ,1969-08-18,"H-00827, Madina Town, Faisalabad",9244
UTL000828,Ayesha Qureshi,94523-7640565-0,,1969-09-10,"H-00828, Satellite Town, Rawalpindi",15400
UTL000829,Bilal Choudhary,14282-1260551-0,Ali Ch.,1978-09-27,"H-00829, Malir, Karachi",71880
UTL000830,عثمان شیخ,,,1996-07-27,"H-00830, Peoples Colony, Faisalabad",10963
UTL000831,فاطمہ Sayed,51697-9678469-2,,1969-02-23,"H-00831, Johar Town, Lahore",9664
UTL000832,حرا Butt,52258-4418568-1,Ahmed Butt,1956-07-01,"H-00832, Madina Town, Faisalabad",12160
UTL000833,Mohammad Moghul,84946-7415688-0,علی Mughal,1984-11-21,"H-00833, Madina Town, Faisalabad",18073
UTL000834,Husain Choudhary,,حسین Choudhary,1960-03-21,"H-00834, Madina Town, Faisalabad",17008
UTL000835,Muhammed Ahmed اعوان,24034-3379602-4,Husain اعوان,1966-02-03,"H-00835, Madina Town, Faisalabad",7580
UTL000836,Bilal Malik,64230-2234399-7,Mohammad Ahmed Malik,1968-11-14,"H-00836, Saddar, Rawalpindi",19060
UTL000837,Fatima Shaikh,33419-1527651-1,عثمان Shaykh,,"H-00837, F-7, Islamabad",4935
UTL000838,Ali راجہ,35276-1495854-8,Mohammed راجہ,1988-09-25,"H-00838, F-7, Islamabad",70624
UTL000839,حسن خان,,,1972-08-07,"H-00839, F-8, Islamabad",47857
UTL000840,Hamzah اعوان,,Mohammed Hassan اعوان,1998-12-09,"H-00840, Satellite Town, Rawalpindi",11530
UTL000841,Ali Chaudhary,68478-8109132-9,حسین Choudhary,1975-10-04,"H-00841, Satellite Town, Rawalpindi",15747
UTL000842,فاطمہ مغل,12929-2078208-7,علی Moghul,1957-09-09,"H-00842, G-10, Islamabad",10586
UTL000843,Muhammad Faisal راجہ,13924-2923507-2,Mohammed Usman Raja,1982-03-12,"H-00843, E-11, Islamabad",9648
UTL000844,Osman Sheikh,11262-6345038-6,عثمان Sheikh,1968-08-19,"H-00844, F-7, Islamabad",13765
UTL000845,بلال بٹ,74109-4648430-1,Imran Butt,1972-12-20,"H-00845, Madina Town, Faisalabad",35136
UTL000846,Faisal سید,51958-4324412-3,Mohammed Sayed,1986-08-02,"H-00846, Chaklala, Rawalpindi",55874
UTL000847,Hamza Shaykh,,Faisal Shaykh,1956-05-01,"H-00847, Peoples Colony, Faisalabad",57440
UTL000848,حمزہ Butt,14850-9950091-8,Muhammed بٹ,,"H-00848, Johar Town, Lahore",36090
UTL000849,Hira Bhatti,,عمران بٹ,1975-08-20,"H-00849, G-10, Islamabad",50591
UTL000850,مریم Malick,23466-1491374-3,Muhammad ملک,1955-03-04,"H-00850, Bahria Town, Islamabad",8043
UTL000851,Fatema Shaykh,58349-1082902-0,Husain Shaikh,1957-02-02,"H-00851, Clifton, Karachi",30787
UTL000852,Faysal Syed,28056-8729158-1,Muhammed Ali Syed,1975-03-25,"H-00852, F-8, Islamabad",7114
UTL000853,Hira Awan,79152-5035313-9,Hamza اعوان,,"H-00853, North Nazimabad, Karachi",23822
UTL000854,Ahmed Bhatti,56269-5066398-3,احمد Bhatti,1959-08-02,"H-00854, F-7, Islamabad",74245
UTL000855,Maryam Choudhary,54623-4500758-9,Mohammad عمران Ch.,1987-06-25,"H-00855, Saddar, Rawalpindi",44759
UTL000856,Imran ملک,57663-7468887-7,Mohammed Faisal ملک,1987-04-25,"H-00856, Gulberg, Lahore",4220
UTL000857,Fatema Bhatti,23377-3471111-7,,2002-02-08,"H-00857, Jaranwala Road, Faisalabad",8651
UTL000858,Muhammad Awan,56131-5455671-1,عمران اعوان,1960-06-14,"H-00858, Peoples Colony, Faisalabad",6292
UTL000859,ثناء قریشی,45728-7207890-1,محمد Qureshi,1996-07-24,"H-00859, Malir, Karachi",31825
UTL000860,Bilal Shaikh,79410-9281506-8,Mohammed بلال Shaykh,1961-11-02,"H-00860, Peoples Colony, Faisalabad",8866
UTL000861,Hassan Malik,85396-5465729-3,احمد ملک,1989-02-09,"H-00861, DHA, Karachi",10508
UTL000862,مریم Sayed,45162-9307601-3,Ali Sayyid,1968-06-21,"H-00862, Clifton, Karachi",32890
UTL000863,Mohammad Ahmad Shaikh,91542-8998657-4,Hasan Sheikh,1965-06-22,"H-00863, Jaranwala Road, Faisalabad",53379
UTL000864,Fatima Khan,53785-1349416-2,Hussein خان,1959-03-22,"H-00864, Satellite Town, Rawalpindi",39287
UTL000865,Hamzah Mughal,42441-8928379-1,Mohammad Mughal,1956-10-22,"H-00865, Malir, Karachi",101907
UTL000866,Mohammed علی Malick,53997-8593642-7,عثمان Malik,1989-05-22,"H-00866, Gulshan-e-Iqbal, Karachi",40050
UTL000867,Usman Butt,,Hussain Butt,1998-09-24,"H-00867, Bahria Town, Islamabad",6583
UTL000868,Bilal Choudhary,75251-1518494-3,Faysal Ch.,,"H-00868, Model Town, Lahore",11506
UTL000869,Bilal Malick,68886-9840030-2,Husain Malik,1998-06-11,"H-00869, Bahria Town, Islamabad",23655
UTL000870,حسین چوہدری,78167-6759189-9,احمد Ch.,1982-08-19,"H-00870, North Nazimabad, Karachi",44690
UTL000871,Ahmed خان,,Hussain Khan,1994-09-22,"H-00871, Bahria Town, Rawalpindi",38548
UTL000872,Husain Khan,,Ahmed خان,1958-08-10,"H-00872, Saddar, Rawalpindi",20333
UTL000873,Muhammed Butt,47128-9422048-8,Ali بٹ,,"H-00873, Model Town, Lahore",16538
UTL000874,Sana Malick,14212-8938605-5,Hasan Malick,1998-11-13,"H-00874, F-8, Islamabad",26148
UTL000875,Husain Butt,32715-8311783-5,,1963-11-25,"H-00875, Peoples Colony, Faisalabad",41233
UTL000876,Hussain Bhatti,84273-8736886-8,علی Bhatti,1979-07-04,"H-00876, Gulshan-e-Iqbal, Karachi",19862
UTL000877,Mohammad عمران Qureshi,,Bilal Qureshi,1984-01-18,"H-00877, Chaklala, Rawalpindi",74521
UTL000878,Ali Moghul,86064-9593404-5,,1994-09-19,"H-00878, F-8, Islamabad",42273
UTL000879,Fatema Sayed,77896-8721222-0,Muhammed احمد Sayyid,1958-05-27,"H-00879, Malir, Karachi",44150
UTL000880,Husain Moghul,17977-3037472-9,Muhammed Imran Moghul,2002-12-02,"H-00880, Chaklala, Rawalpindi",9945
UTL000881,Imran اعوان,98562-3596701-4,Husain اعوان,2001-01-26,"H-00881, Gulberg, Lahore",13204
UTL000882,Ahmed Khan,25864-9721175-1,Mohammed Hassan Khan,1968-02-16,"H-00882, Cantt, Lahore",28500
UTL000883,Aisha Malick,73402-4087748-3,عمران Malik,1971-10-22,"H-00883, E-11, Islamabad",11976
UTL000884,Bilal شیخ,28571-5037972-2,عمران Shaikh,2002-12-18,"H-00884, Clifton, Karachi",26577
UTL000885,Muhammad احمد Mughal,97516-5616766-6,بلال Mughal,1999-02-15,"H-00885, Chaklala, Rawalpindi",24348
UTL000886,حسین Awan,61043-1184878-9,Husain Awan,1957-11-21,"H-00886, North Nazimabad, Karachi",22568
UTL000887,Osman شیخ,46294-1153009-2,عثمان Shaykh,1987-09-07,"H-00887, Satellite Town, Rawalpindi",32500
UTL000888,Sana Malik,,علی ملک,,"H-00888, Gulberg, Lahore",57936
UTL000889,Maryam اعوان,33642-9505716-8,Hussein اعوان,,"H-00889, Jaranwala Road, Faisalabad",8515
UTL000890,Faysal Mughal,,Muhammad Hasan مغل,1961-11-04,"H-00890, Saddar, Rawalpindi",11208
UTL000891,Muhammad Hassan Choudhary,60342-8047372-1,,1994-05-04,"H-00891, Clifton, Karachi",12143
UTL000892,زینب Moghul,52094-2806251-7,,1963-11-19,"H-00892, Clifton, Karachi",7594
UTL000893,حسین Awan,39556-4375454-2,بلال Awan,1988-04-03,"H-00893, Chaklala, Rawalpindi",7259
UTL000894,Mohammed Hasan Khan,57128-7845563-9,Muhammad Imran خان,1959-06-06,"H-00894, DHA, Lahore",29468
UTL000895,Fatema Chaudhry,75647-6907359-5,,1990-03-26,"H-00895, Peoples Colony, Faisalabad",86218
UTL000896,Aysha Moghul,,Muhammad Ahmed مغل,,"H-00896, Clifton, Karachi",14233
UTL000897,Mohammed چوہدری,61173-7004652-1,Ali Chaudhary,1973-02-18,"H-00897, G-10, Islamabad",13088
UTL000898,Mohammad بلال Moghul,,Muhammed Moghul,1957-06-14,"H-00898, North Nazimabad, Karachi",16293
UTL000899,Ali Choudhary,,Hamzah چوہدری,1959-10-20,"H-00899, Jaranwala Road, Faisalabad",42457
UTL000900,عثمان Malick,82276-9032052-2,Mohammad Hussain ملک,2001-01-04,"H-00900, Saddar, Rawalpindi",6865
UTL000901,بلال اعوان,12810-1928728-0,Hassan Awan,,"H-00901, F-8, Islamabad",17852
UTL000902,Muhammed عمران اعوان,59444-3101134-6,,1990-03-04,"H-00902, Malir, Karachi",35770
UTL000903,عثمان چوہدری,17592-4995833-3,Ahmed چوہدری,1992-01-08,"H-00903, E-11, Islamabad",21562
UTL000904,Muhammed Chaudhary,17425-3127939-7,Mohammad Ali Chaudhry,,"H-00904, DHA, Karachi",3315
UTL000905,Husain Shaikh,72744-3053134-1,Muhammed Ahmad Shaykh,1971-09-07,"H-00905, Peoples Colony, Faisalabad",25687
UTL000906,Mohammad Hasan اعوان,82273-4910412-3,عمران اعوان,1972-06-23,"H-00906, G-10, Islamabad",24028
UTL000907,Muhammed قریشی,46671-2316106-3,,1988-04-10,"H-00907, Satellite Town, Rawalpindi",48778
UTL000908,Ahmed Quraishi,40815-8386629-7,احمد Quraishi,1956-08-27,"H-00908, DHA, Lahore",70111
UTL000909,Zaynab Malik,89920-7441381-7,Muhammed Malik,1979-07-15,"H-00909, Gulshan-e-Iqbal, Karachi",44491
UTL000910,Mohammed Bilal Raja,14103-6835191-0,Faisal Raja,2003-06-27,"H-00910, Gulshan-e-Iqbal, Karachi",29394
UTL000911,Muhammad Quraishi,66039-1958290-1,Imran Quraishi,1979-12-22,"H-00911, Peoples Colony, Faisalabad",3973
UTL000912,مریم Mughal,44091-3727117-6,,2002-04-05,"H-00912, Jaranwala Road, Faisalabad",30615
UTL000913,Ahmad Ch.,54241-7620309-0,فیصل Chaudhry,1972-06-09,"H-00913, Peoples Colony, Faisalabad",11761
UTL000914,Ahmad Butt,,حمزہ بٹ,1984-01-15,"H-00914, Jaranwala Road, Faisalabad",8705
UTL000915,Hamza راجہ,17678-2334575-4,Faysal Raja,1990-06-03,"H-00915, Johar Town, Lahore",16940
UTL000916,Husain Awan,92619-3927545-4,,,"H-00916, Gulberg, Lahore",8728
UTL000917,Sana Qureshi,39878-2020270-4,Hussain Qureshi,1956-11-28,"H-00917, North Nazimabad, Karachi",26171
UTL000918,Faysal Ch.,20155-9505007-7,,1987-02-08,"H-00918, F-7, Islamabad",12747
UTL000919,عائشہ سید,13236-6478441-9,Mohammad Usman Sayyid,1976-07-21,"H-00919, F-8, Islamabad",5041
UTL000920,Faisal Khan,15847-5880032-2,Muhammed Faisal خان,1956-02-20,"H-00920, Model Town, Lahore",9015
UTL000921,Muhammad حسن Sayyid,96122-3517830-6,Ahmad Syed,1959-04-19,"H-00921, Madina Town, Faisalabad",8382
UTL000922,ثناء Malik,89574-8924368-8,عمران Malik,1983-06-09,"H-00922, Madina Town, Faisalabad",35792
UTL000923,عثمان Chaudhry,69745-6281742-1,Hassan Chaudhry,1983-12-14,"H-00923, F-8, Islamabad",7591
UTL000924,Usman اعوان,68847-8027140-3,Mohammed Faysal اعوان,1963-09-08,"H-00924, Madina Town, Faisalabad",54117
UTL000925,فیصل بٹ,51136-2979107-1,,1981-09-05,"H-00925, G-10, Islamabad",14149
UTL000926,علی اعوان,25832-8023372-4,Mohammed عمران اعوان,2000-08-24,"H-00926, Clifton, Karachi",10585
UTL000927,Ayesha Shaykh,77488-9880342-6,Bilal Shaikh,1977-03-13,"H-00927, Clifton, Karachi",8505
UTL000928,حسین Malik,87526-2808110-0,Ahmad Malik,2002-06-15,"H-00928, G-10, Islamabad",244605
UTL000929,Zaynab Awan,,Ali اعوان,1955-10-19,"H-00929, Gulberg, Lahore",11630
UTL000930,Zaynab اعوان,87080-5685869-1,,1974-08-11,"H-00930, Cantt, Lahore",5922
UTL000931,Zainab Qureshi,33385-3402439-0,حسن Qureshi,1982-09-09,"H-00931, Chaklala, Rawalpindi",3712
UTL000932,Ahmad Quraishi,25538-5829206-4,Hamzah Quraishi,1983-04-06,"H-00932, F-8, Islamabad",24740
UTL000933,حسن Bhatti,37111-9534539-2,Mohammad بٹ,1993-01-18,"H-00933, DHA, Lahore",52249
UTL000934,Mohammed Awan,,Bilal اعوان,2001-08-17,"H-00934, Gulshan-e-Iqbal, Karachi",16624
UTL000935,احمد اعوان,44479-2457333-2,Husain Awan,2001-11-04,"H-00935, Satellite Town, Rawalpindi",16263
UTL000936,احمد Quraishi,,Imran Quraishi,1998-02-23,"H-00936, Cantt, Lahore",3859
UTL000937,Mohammad بلال ملک,34955-1597875-0,,1963-10-13,"H-00937, Peoples Colony, Faisalabad",17364
UTL000938,Husain اعوان,34524-9333686-4,,1967-11-03,"H-00938, Johar Town, Lahore",62148
UTL000939,Muhammed Sayed,,Muhammad Syed,1981-12-09,"H-00939, Malir, Karachi",12146
UTL000940,Mohammad Usman Awan,33601-6034852-3,Muhammad Hussein اعوان,1997-08-16,"H-00940, Jaranwala Road, Faisalabad",40286
UTL000941,Mohammed Imran اعوان,38695-2885212-4,Muhammad Bilal Awan,1983-06-08,"H-00941, F-7, Islamabad",15413
UTL000942,علی Awan,55557-7678830-2,,1986-10-14,"H-00942, F-7, Islamabad",23094
UTL000943,Muhammed Hussein Bhatti,,عثمان بٹ,1971-11-11,"H-00943, Madina Town, Faisalabad",25760
UTL000944,مریم Bhatti,73636-4673341-5,,1974-08-14,"H-00944, Gulshan-e-Iqbal, Karachi",12723
UTL000945,احمد Moghul,,Bilal Moghul,1960-12-11,"H-00945, Peoples Colony, Faisalabad",13906
UTL000946,Muhammad Raja,,عمران راجہ,1980-12-08,"H-00946, Model Town, Lahore",10356
UTL000947,Osman Sayed,42598-1228856-0,Mohammad Sayyid,2003-09-04,"H-00947, Cantt, Lahore",4415
UTL000948,Ali Butt,40147-5149152-0,Muhammad Husain بٹ,2002-02-27,"H-00948, F-7, Islamabad",40090
UTL000949,Husain Malick,76127-7968920-0,,2002-09-20,"H-00949, DHA, Karachi",17898
UTL000950,فاطمہ Moghul,65725-9595901-0,Hussein Mughal,1972-08-07,"H-00950, G-10, Islamabad",9243
UTL000951,Marium Bhatti,39131-7847098-8,حسین بٹ,1985-05-23,"H-00951, Saddar, Rawalpindi",71116
UTL000952,بلال Khan,58055-2817044-7,Mohammed حسن Khan,1991-01-13,"H-00952, Satellite Town, Rawalpindi",17707
UTL000953,Sana Malick,28844-2403154-1,Imran ملک,1965-04-28,"H-00953, G-10, Islamabad",27448
UTL000954,علی Syed,78603-4899524-0,Hamzah سید,1971-07-10,"H-00954, Peoples Colony, Faisalabad",10725
UTL000955,محمد Qureshi,63285-1093478-4,,2003-09-26,"H-00955, Jaranwala Road, Faisalabad",32305
UTL000956,Muhammad Usman Awan,23768-8142094-1,Muhammad بلال Awan,1963-01-06,"H-00956, Saddar, Rawalpindi",48197
UTL000957,حمزہ Malik,74904-3864241-8,Hamzah Malick,1963-12-28,"H-00957, Malir, Karachi",3797
UTL000958,Ayisha Butt,,Usman بٹ,,"H-00958, Malir, Karachi",6681
UTL000959,Hussain Raja,58660-9713746-9,حسین راجہ,1985-08-07,"H-00959, Cantt, Lahore",22160
UTL000960,Ali Raja,51640-7984404-2,,1985-02-01,"H-00960, Saddar, Rawalpindi",8612
UTL000961,Mohammed عمران Awan,18009-8860382-9,Ali اعوان,1959-06-21,"H-00961, F-7, Islamabad",9291
UTL000962,Muhammed Osman خان,47249-8149873-9,,1978-10-25,"H-00962, Model Town, Lahore",5814
UTL000963,Ahmed Mughal,38369-5697377-2,,1991-02-05,"H-00963, DHA, Lahore",30715
UTL000964,Zainab مغل,46338-8942448-3,Ali Mughal,1955-04-07,"H-00964, Jaranwala Road, Faisalabad",35141
UTL000965,علی شیخ,52380-2305056-0,Ali شیخ,1987-08-14,"H-00965, Saddar, Rawalpindi",60721
UTL000966,حسین Raja,83419-7597584-6,Bilal Raja,2000-08-12,"H-00966, Clifton, Karachi",13473
UTL000967,Faisal Ch.,28728-8335724-8,حمزہ Chaudhary,1986-12-26,"H-00967, Model Town, Lahore",16839
UTL000968,Hira Qureshi,57931-8819455-5,بلال قریشی,1968-10-18,"H-00968, DHA, Lahore",25284
UTL000969,بلال Quraishi,35668-8416881-5,Imran قریشی,1967-01-19,"H-00969, DHA, Lahore",14596
UTL000970,Muhammad Husain Raja,45786-1562509-4,حمزہ راجہ,1980-01-23,"H-00970, North Nazimabad, Karachi",5789
UTL000971,محمد Moghul,89632-8624951-7,Ali مغل,1985-12-28,"H-00971, Malir, Karachi",11006
UTL000972,محمد Qureshi,,Mohammad Ahmad قریشی,1981-02-02,"H-00972, North Nazimabad, Karachi",4880
UTL000973,Ahmed Raja,95865-1279750-5,,,"H-00973, F-8, Islamabad",10555
UTL000974,عمران Khan,97519-2431520-1,,2003-09-05,"H-00974, Satellite Town, Rawalpindi",11816
UTL000975,علی اعوان,89761-4333354-8,,1966-11-24,"H-00975, Gulshan-e-Iqbal, Karachi",44629
UTL000976,Husain راجہ,54754-8822415-9,Ahmed Raja,1991-08-03,"H-00976, F-7, Islamabad",10257
UTL000977,علی Quraishi,12635-3840983-0,Hasan قریشی,1995-06-15,"H-00977, Jaranwala Road, Faisalabad",17243
UTL000978,Hussain Ch.,16990-7364773-4,Ali Chaudhry,1972-03-19,"H-00978, Model Town, Lahore",5129
UTL000979,Mohammad Hussain Choudhary,43994-8375236-4,Ahmed Ch.,1986-06-19,"H-00979, Model Town, Lahore",16751
UTL000980,Hira Shaikh,60551-3612283-8,,1968-12-14,"H-00980, North Nazimabad, Karachi",16807
UTL000981,Hasan قریشی,45251-2522658-8,,1971-04-15,"H-00981, Jaranwala Road, Faisalabad",21682
UTL000982,Hamza Shaykh,58795-7340280-9,Mohammad شیخ,,"H-00982, Chaklala, Rawalpindi",6559
UTL000983,Ali Sayyid,54128-2681206-2,Usman Sayed,1974-03-15,"H-00983, Chaklala, Rawalpindi",9373
UTL000984,حمزہ Mughal,62341-8945220-3,,,"H-00984, Satellite Town, Rawalpindi",5213
UTL000985,Muhammad Choudhary,65179-8145319-4,Mohammed Faysal Chaudhary,1980-10-01,"H-00985, Madina Town, Faisalabad",27902
UTL000986,Muhammed Faysal راجہ,28290-3179206-5,Mohammad راجہ,1960-05-26,"H-00986, Cantt, Lahore",343711
UTL000987,مریم Shaikh,96325-3474488-3,علی Shaykh,1974-05-03,"H-00987, Saddar, Rawalpindi",7556
UTL000988,Ayesha Chaudhary,59054-1082959-7,علی Chaudhary,1977-02-16,"H-00988, Cantt, Lahore",14750
UTL000989,حرا Chaudhry,70749-5072535-1,,,"H-00989, Satellite Town, Rawalpindi",111279
UTL000990,Hussein سید,80037-2202201-5,Hamza سید,1997-12-19,"H-00990, Peoples Colony, Faisalabad",10212
UTL000991,Hassan Qureshi,,,2003-07-03,"H-00991, G-10, Islamabad",13412
UTL000992,Hamzah Choudhary,49575-8304810-1,Osman Chaudhry,,"H-00992, Clifton, Karachi",17365
UTL000993,Hira Awan,65277-4011811-2,بلال Awan,,"H-00993, Gulshan-e-Iqbal, Karachi",19324
UTL000994,Ahmad Sayyid,51815-3159890-9,,1979-11-15,"H-00994, Clifton, Karachi",18549
UTL000995,Mariam Khan,43901-2945459-9,Hamzah خان,1987-06-25,"H-00995, E-11, Islamabad",11522
UTL000996,Ahmed Shaikh,98436-2342330-2,محمد Shaikh,,"H-00996, Satellite Town, Rawalpindi",21599
UTL000997,Mariam خان,15222-3039294-7,حمزہ Khan,1978-01-20,"H-00997, Chaklala, Rawalpindi",10174
UTL000998,Bilal Quraishi,81139-5483468-2,Husain Quraishi,1977-07-01,"H-00998, F-7, Islamabad",18348
UTL000999,Mohammad Faisal Malick,79634-7647377-3,Ali Malick,1960-09-04,"H-00999, F-7, Islamabad",13776
UTL001000,Marium Butt,90903-5095330-8,Muhammed Faisal Butt,1984-01-03,"H-01000, E-11, Islamabad",5110
UTL001001,Bilal Raja,93458-6066483-6,بلال راجہ,1956-03-24,"H-01001, Gulshan-e-Iqbal, Karachi",44658
UTL001002,بلال Malick,,,1989-04-23,"H-01002, Cantt, Lahore",25808
UTL001003,Fatima Sayed,46287-9414832-0,Mohammed Faysal سید,1980-03-22,"H-01003, F-8, Islamabad",46283
UTL001004,محمد Sayed,,عثمان Sayed,1961-04-08,"H-01004, Model Town, Lahore",44212
UTL001005,Faysal Butt,87059-8059261-9,Mohammed Othman Bhatti,1989-07-16,"H-01005, Peoples Colony, Faisalabad",27718
UTL001006,Osman Qureshi,,عمران Qureshi,1999-03-22,"H-01006, Bahria Town, Rawalpindi",10370
UTL001007,Muhammed Hamzah Raja,37204-9885075-5,Hussein Raja,1973-06-15,"H-01007, F-7, Islamabad",14388
UTL001008,علی Moghul,91823-6899311-9,Mohammed Bilal مغل,1981-01-25,"H-01008, Madina Town, Faisalabad",73095
UTL001009,Fatimah Sayyid,,Bilal Sayyid,1968-04-04,"H-01009, Madina Town, Faisalabad",3173
UTL001010,Ali Sayed,56140-4653282-6,,,"H-01010, Peoples Colony, Faisalabad",82718
UTL001011,عمران راجہ,39504-7777424-7,حمزہ راجہ,1973-08-06,"H-01011, Peoples Colony, Faisalabad",38053
UTL001012,محمد Raja,96008-3890222-1,Bilal Raja,1992-11-14,"H-01012, E-11, Islamabad",21405
UTL001013,Muhammad Faysal Ch.,91254-9445000-1,Muhammad فیصل چوہدری,1991-12-14,"H-01013, Cantt, Lahore",11059
UTL001014,Mohammad Ali مغل,58535-1381170-9,بلال مغل,1990-09-28,"H-01014, Saddar, Rawalpindi",30928
UTL001015,زینب Ch.,36186-6414413-2,حسین Ch.,1959-01-07,"H-01015, Johar Town, Lahore",21155
UTL001016,Fatema Mughal,,احمد مغل,1993-06-28,"H-01016, Bahria Town, Rawalpindi",24399
UTL001017,حرا Malik,99394-7817366-8,,1979-02-26,"H-01017, DHA, Karachi",18655
UTL001018,فیصل راجہ,,Bilal Raja,,"H-01018, Malir, Karachi",26278
UTL001019,Marium Malick,44406-2875419-2,Usman Malick,1981-11-11,"H-01019, Clifton, Karachi",39661
UTL001020,Fatema بٹ,,,2003-04-25,"H-01020, Gulshan-e-Iqbal, Karachi",9405
UTL001021,زینب Awan,46083-1599695-2,علی Awan,1988-05-01,"H-01021, Bahria Town, Islamabad",15687
UTL001022,Husain بٹ,93085-6112711-7,حمزہ بٹ,,"H-01022, Cantt, Lahore",4916
UTL001023,Muhammad علی مغل,43725-4823830-0,Hassan مغل,1992-05-05,"H-01023, E-11, Islamabad",5980
UTL001024,Mohammad Osman راجہ,72517-3859007-5,علی راجہ,1992-09-11,"H-01024, Peoples Colony, Faisalabad",13857
UTL001025,مریم Shaykh,32988-9110146-6,محمد شیخ,1997-02-11,"H-01025, Peoples Colony, Faisalabad",12675
UTL001026,Muhammed حسین مغل,56727-9368311-7,Faysal مغل,1995-01-27,"H-01026, Clifton, Karachi",15351
UTL001027,Hassan قریشی,92103-2658260-5,,1959-05-18,"H-01027, Malir, Karachi",45139
UTL001028,Mohammed Awan,42502-5105254-4,Muhammed Ali Awan,1999-11-28,"H-01028, Jaranwala Road, Faisalabad",27209
UTL001029,Fatimah خان,82348-5655284-1,Hasan Khan,2001-02-05,"H-01029, Peoples Colony, Faisalabad",31089
UTL001030,Hassan Chaudhry,86188-9007468-7,Muhammad Ahmad چوہدری,1989-01-11,"H-01030, Cantt, Lahore",8123
UTL001031,Ayisha Awan,35873-2675639-8,Mohammed فیصل اعوان,1968-10-16,"H-01031, Malir, Karachi",6186
UTL001032,عائشہ اعوان,93221-8654679-0,,2003-07-20,"H-01032, Cantt, Lahore",12441
UTL001033,Muhammad عمران Awan,94578-6027079-4,Muhammad عمران Awan,1970-06-09,"H-01033, Peoples Colony, Faisalabad",23236
UTL001034,حمزہ Malik,10854-6355413-8,Hamza Malick,1986-03-06,"H-01034, Johar Town, Lahore",4595
UTL001035,Ahmad Awan,33941-4247993-1,Muhammad حسن اعوان,1968-05-17,"H-01035, Bahria Town, Islamabad",13597
UTL001036,Ayesha Bhatti,84843-3593718-5,,1967-07-26,"H-01036, Madina Town, Faisalabad",5172
UTL001037,Othman راجہ,45308-4837345-4,,1974-06-05,"H-01037, Satellite Town, Rawalpindi",36020
UTL001038,Hamzah بٹ,64673-1095169-6,Muhammad Bhatti,1981-06-21,"H-01038, Satellite Town, Rawalpindi",31233
UTL001039,Muhammad Chaudhary,48639-7265873-0,Osman Chaudhry,1982-07-11,"H-01039, Model Town, Lahore",26225
UTL001040,Hasan Mughal,45908-2792386-1,Hasan مغل,1965-06-24,"H-01040, Peoples Colony, Faisalabad",18924
UTL001041,Ayesha Syed,,,1958-11-11,"H-01041, Bahria Town, Rawalpindi",5942
UTL001042,Ahmed Awan,52538-7942032-2,علی Awan,1992-05-19,"H-01042, DHA, Lahore",21691
UTL001043,عثمان Moghul,44172-9909162-4,,,"H-01043, Jaranwala Road, Faisalabad",53633
UTL001044,Othman Awan,52109-8857213-3,,1978-06-07,"H-01044, Gulberg, Lahore",8948
UTL001045,Hussain Mughal,,بلال مغل,1986-01-27,"H-01045, Clifton, Karachi",33932
UTL001046,Mohammed مغل,76088-6487324-8,Hamzah Moghul,1973-10-11,"H-01046, Saddar, Rawalpindi",16644
UTL001047,فیصل Malik,79699-3654556-8,Ahmad ملک,1991-08-20,"H-01047, Madina Town, Faisalabad",6509
UTL001048,Ahmad Sayyid,69151-3553581-5,احمد Sayed,1966-11-19,"H-01048, E-11, Islamabad",8492
UTL001049,Ayisha Syed,10832-7542233-0,Muhammad Sayed,1969-06-14,"H-01049, Peoples Colony, Faisalabad",12964
UTL001050,Muhammad Imran اعوان,56484-3560283-3,Ali اعوان,1968-05-06,"H-01050, Cantt, Lahore",8234
UTL001051,Mohammad Ali Raja,52920-6290464-3,Muhammad حسن Raja,1967-05-06,"H-01051, F-7, Islamabad",38387
UTL001052,Muhammad Osman خان,26136-7293367-0,Hamzah خان,2002-12-07,"H-01052, Johar Town, Lahore",29259
UTL001053,Fatimah Chaudhary,,,,"H-01053, Saddar, Rawalpindi",9256
UTL001054,Hira Moghul,,,1987-06-16,"H-01054, G-10, Islamabad",14277
UTL001055,Ayisha خان,,عثمان خان,,"H-01055, Satellite Town, Rawalpindi",72540
UTL001056,احمد سید,46007-6423586-0,علی سید,1970-03-19,"H-01056, Saddar, Rawalpindi",16401
UTL001057,Hamzah Khan,,Faisal Khan,1981-03-14,"H-01057, North Nazimabad, Karachi",9584
UTL001058,علی Qureshi,13929-9347594-3,Hussain قریشی,1980-11-12,"H-01058, Clifton, Karachi",90232
UTL001059,Muhammed خان,71669-1574162-2,Muhammed Bilal خان,1957-09-13,"H-01059, F-7, Islamabad",39238
UTL001060,Mohammed Ali ملک,39189-2545582-6,Mohammad Ahmed ملک,1962-08-15,"H-01060, Gulshan-e-Iqbal, Karachi",28224
UTL001061,فاطمہ Moghul,,Ali مغل,1975-11-18,"H-01061, Gulshan-e-Iqbal, Karachi",16918
UTL001062,Mohammad Hamzah اعوان,,علی Awan,1964-04-22,"H-01062, Madina Town, Faisalabad",10926
UTL001063,Zaynab Moghul,39651-5203556-2,Hussain Moghul,1976-12-15,"H-01063, Clifton, Karachi",14881
UTL001064,علی Qureshi,96665-3436404-9,,2002-07-21,"H-01064, Chaklala, Rawalpindi",3804
UTL001065,محمد Shaykh,,Mohammed Shaykh,1991-08-16,"H-01065, Clifton, Karachi",37895
UTL001066,Maryam Chaudhry,81549-8379676-1,Husain Choudhary,,"H-01066, Chaklala, Rawalpindi",10392
UTL001067,عثمان اعوان,96933-2619058-5,عمران اعوان,1971-02-26,"H-01067, Peoples Colony, Faisalabad",13472
UTL001068,احمد Chaudhry,25765-5961248-2,Osman Chaudhary,1974-08-14,"H-01068, Saddar, Rawalpindi",17290
UTL001069,عمران Shaikh,,Hassan شیخ,2001-12-12,"H-01069, Bahria Town, Rawalpindi",16994
UTL001070,Muhammad Faysal راجہ,79881-7084360-8,حسن راجہ,1999-09-06,"H-01070, Madina Town, Faisalabad",36743
UTL001071,Faysal چوہدری,89910-8113893-3,Hussein Chaudhary,1958-07-10,"H-01071, Cantt, Lahore",12954
UTL001072,Marium Awan,49320-1005932-1,Husain اعوان,2000-09-22,"H-01072, F-8, Islamabad",5407
UTL001073,Mohammed Sayyid,73036-3688598-3,Muhammad بلال Sayyid,1965-11-14,"H-01073, Gulberg, Lahore",19543
UTL001074,Ahmed Chaudhary,,Mohammad علی Chaudhary,1968-08-05,"H-01074, F-8, Islamabad",6823
UTL001075,Mohammed ملک,78713-2721547-9,Mohammed حمزہ ملک,1969-11-15,"H-01075, Peoples Colony, Faisalabad",43346
UTL001076,فاطمہ ملک,15370-7400536-4,Mohammad Ahmed Malick,1995-08-14,"H-01076, G-10, Islamabad",5594
UTL001077,Zainab Ch.,21609-7082569-3,حمزہ چوہدری,1999-07-14,"H-01077, Madina Town, Faisalabad",21939
UTL001078,حسین Bhatti,65003-5215259-5,Muhammad احمد بٹ,1955-02-23,"H-01078, Peoples Colony, Faisalabad",16438
UTL001079,Fatimah Moghul,,Muhammed Faisal مغل,1991-07-20,"H-01079, Chaklala, Rawalpindi",9469
UTL001080,Aisha Moghul,94287-2653843-9,,1962-04-12,"H-01080, North Nazimabad, Karachi",5544
UTL001081,مریم Khan,70390-9770547-0,,1995-12-25,"H-01081, E-11, Islamabad",6586
UTL001082,فیصل Shaykh,,Mohammed Shaykh,2001-08-28,"H-01082, Gulshan-e-Iqbal, Karachi",22026
UTL001083,Usman Choudhary,16265-6444414-7,حسین Ch.,1965-04-18,"H-01083, E-11, Islamabad",5150
UTL001084,بلال قریشی,,فیصل Qureshi,1989-12-26,"H-01084, Johar Town, Lahore",63761
UTL001085,Ahmed ملک,91500-9341509-2,بلال ملک,1967-05-28,"H-01085, Chaklala, Rawalpindi",14395
UTL001086,Osman اعوان,,Ahmed Awan,1967-10-10,"H-01086, F-8, Islamabad",85709
UTL001087,عمران Raja,91064-2273983-3,Ahmed Raja,1960-12-20,"H-01087, Johar Town, Lahore",61711
UTL001088,Ali قریشی,62003-3231911-6,Ahmad قریشی,2002-05-20,"H-01088, Peoples Colony, Faisalabad",28090
UTL001089,Othman Chaudhry,42231-3600666-4,Mohammad چوہدری,1986-04-27,"H-01089, Saddar, Rawalpindi",23728
UTL001090,Hasan چوہدری,29054-1208345-4,Mohammad حسن Chaudhary,1956-10-16,"H-01090, Bahria Town, Rawalpindi",44366
UTL001091,Bilal شیخ,,Othman Shaikh,1971-07-12,"H-01091, Jaranwala Road, Faisalabad",62111
UTL001092,Mohammad Othman Raja,27628-6396602-3,Mohammed عمران Raja,1992-03-04,"H-01092, F-7, Islamabad",137870
UTL001093,ثناء قریشی,,Mohammad حسن Qureshi,1984-05-19,"H-01093, North Nazimabad, Karachi",10144
UTL001094,Marium مغل,,Hamza Moghul,1990-11-02,"H-01094, Saddar, Rawalpindi",65332
UTL001095,Ahmed Quraishi,,Faisal قریشی,1986-07-23,"H-01095, Gulshan-e-Iqbal, Karachi",64565
UTL001096,Fatema Awan,88430-6111364-5,Hassan Awan,1991-09-14,"H-01096, Bahria Town, Islamabad",8163
UTL001097,Muhammad Moghul,86997-3007953-1,Faysal مغل,1959-09-14,"H-01097, Gulshan-e-Iqbal, Karachi",8168
UTL001098,حسن مغل,13864-9304303-1,عثمان مغل,1960-02-13,"H-01098, Gulberg, Lahore",7761
UTL001099,مریم Sayyid,54996-4070016-1,Hussain Syed,1977-03-23,"H-01099, Bahria Town, Rawalpindi",12364
UTL001100,علی بٹ,39706-6892169-1,Muhammad Osman بٹ,1983-02-17,"H-01100, Bahria Town, Rawalpindi",25050
UTL001101,Imran Khan,32087-1029006-8,Muhammad Khan,1955-06-13,"H-01101, F-7, Islamabad",12440
UTL001102,Ahmad Shaikh,75300-4049874-8,Hasan Shaykh,1977-02-28,"H-01102, Cantt, Lahore",9632
UTL001103,Faisal Qureshi,67763-3977821-8,علی Quraishi,1983-01-20,"H-01103, Madina Town, Faisalabad",8690
UTL001104,Husain Bhatti,99526-4026890-9,عمران بٹ,1965-02-16,"H-01104, Gulshan-e-Iqbal, Karachi",19940
UTL001105,حمزہ راجہ,25254-2098296-5,حسن راجہ,1978-03-08,"H-01105, Satellite Town, Rawalpindi",183459
UTL001106,عائشہ قریشی,96462-2657259-8,احمد Qureshi,1997-11-11,"H-01106, Malir, Karachi",149857
UTL001107,ثناء Chaudhry,,,1995-07-13,"H-01107, G-10, Islamabad",7543
UTL001108,حمزہ Malick,73452-7523126-4,حمزہ Malik,1973-11-23,"H-01108, Bahria Town, Islamabad",10600
UTL001109,Mohammed احمد بٹ,84878-3903477-5,Muhammad Butt,1989-01-02,"H-01109, Jaranwala Road, Faisalabad",7045
UTL001110,Imran Khan,76682-7221393-0,,1961-08-06,"H-01110, Bahria Town, Rawalpindi",13597
UTL001111,Hasan اعوان,93941-1261602-0,بلال Awan,1968-12-04,"H-01111, Cantt, Lahore",296740
UTL001112,عثمان Shaikh,,علی Shaikh,,"H-01112, Bahria Town, Rawalpindi",83182
UTL001113,Bilal مغل,95634-5573719-6,Mohammad Moghul,1981-07-13,"H-01113, F-8, Islamabad",12799
UTL001114,Zainab Mughal,15478-8535120-2,حسن Mughal,1959-11-04,"H-01114, Malir, Karachi",15042
UTL001115,Aisha شیخ,31937-5303341-6,Husain Shaykh,,"H-01115, Peoples Colony, Faisalabad",140846
UTL001116,Mohammad Bilal چوہدری,,عمران Chaudhary,1957-08-16,"H-01116, North Nazimabad, Karachi",11082
UTL001117,Fatema Malik,67140-7222701-7,علی Malick,1983-10-25,"H-01117, Clifton, Karachi",6574
UTL001118,Muhammad Hassan Quraishi,11862-3562057-5,Hussein قریشی,1966-06-15,"H-01118, North Nazimabad, Karachi",21648
UTL001119,Maryam Sheikh,18342-4778826-2,Hasan Shaykh,1976-11-24,"H-01119, Bahria Town, Islamabad",21623
UTL001120,Muhammed Hassan مغل,82987-3702775-2,Mohammad Imran مغل,1975-01-04,"H-01120, Peoples Colony, Faisalabad",16890
UTL001121,ثناء راجہ,32271-6396496-5,Muhammed راجہ,1964-02-22,"H-01121, North Nazimabad, Karachi",23740
UTL001122,بلال Moghul,92350-1590477-9,Imran Mughal,1959-01-21,"H-01122, Clifton, Karachi",19258
UTL001123,زینب Mughal,,,1977-11-15,"H-01123, Satellite Town, Rawalpindi",17617
UTL001124,ثناء قریشی,47599-3925160-6,Mohammed Hussain Quraishi,1965-06-24,"H-01124, Gulberg, Lahore",18221
UTL001125,Muhammad اعوان,,Hassan اعوان,1980-07-14,"H-01125, Bahria Town, Rawalpindi",13727
UTL001126,Mariam Quraishi,97211-7692147-2,Imran قریشی,1968-04-07,"H-01126, G-10, Islamabad",79732
UTL001127,Mohammed Faysal قریشی,,Bilal Qureshi,1964-08-04,"H-01127, Satellite Town, Rawalpindi",11965
UTL001128,Zaynab مغل,36137-4643644-5,,1965-11-13,"H-01128, Saddar, Rawalpindi",17235
UTL001129,Ayesha Chaudhary,45824-3614824-6,فیصل Choudhary,1967-03-14,"H-01129, Bahria Town, Rawalpindi",20327
UTL001130,Muhammad Hamzah Qureshi,79545-1592263-1,احمد Quraishi,1960-01-01,"H-01130, Jaranwala Road, Faisalabad",50203
UTL001131,احمد Quraishi,29739-4573745-4,,1978-10-11,"H-01131, F-8, Islamabad",12794
UTL001132,Mariam Qureshi,49746-2702878-8,Ali Qureshi,1964-03-14,"H-01132, Model Town, Lahore",26039
UTL001133,Fatema Raja,,Ahmad Raja,1997-03-15,"H-01133, Jaranwala Road, Faisalabad",11410
UTL001134,Maryam Sayed,12615-7079798-7,,1991-03-15,"H-01134, Bahria Town, Rawalpindi",24772
UTL001135,Usman ملک,33230-3263972-9,Hussein Malick,,"H-01135, F-7, Islamabad",14700
UTL001136,عثمان بٹ,89011-9300525-0,فیصل Bhatti,1992-07-06,"H-01136, Gulshan-e-Iqbal, Karachi",9721
UTL001137,Imran Khan,,حسین خان,1971-08-14,"H-01137, Chaklala, Rawalpindi",5213
UTL001138,حرا Malick,54112-3191940-9,Mohammed ملک,2002-10-01,"H-01138, Bahria Town, Islamabad",4932
UTL001139,Maryam سید,,عمران Sayyid,,"H-01139, Gulshan-e-Iqbal, Karachi",5726
UTL001140,Muhammed Imran چوہدری,44953-2397644-7,Mohammad احمد Chaudhry,,"H-01140, Chaklala, Rawalpindi",14593
UTL001141,Mohammad احمد Chaudhary,,,1970-02-28,"H-01141, Clifton, Karachi",19795
UTL001142,فیصل ملک,92067-8730320-5,,1994-02-02,"H-01142, Cantt, Lahore",21823
UTL001143,Ahmed شیخ,10503-8264020-3,,1958-12-03,"H-01143, DHA, Karachi",5435
UTL001144,Hamza Choudhary,71500-5832903-9,Mohammad چوہدری,1983-03-17,"H-01144, Bahria Town, Rawalpindi",8306
UTL001145,Hussein Sheikh,34817-3080547-1,Hassan Shaykh,1966-06-25,"H-01145, Jaranwala Road, Faisalabad",14459
UTL001146,Faisal سید,47458-4661765-6,Mohammad Husain Syed,1977-12-08,"H-01146, Jaranwala Road, Faisalabad",11557
UTL001147,Hussain Shaikh,18229-9286653-5,Mohammad Shaikh,1994-07-03,"H-01147, DHA, Karachi",28440
UTL001148,عائشہ ملک,57379-2105263-9,Hussain Malick,2001-06-15,"H-01148, Bahria Town, Islamabad",88939
UTL001149,Hamza Butt,81554-4192453-3,Faisal بٹ,1965-01-23,"H-01149, Chaklala, Rawalpindi",6077
UTL001150,زینب Syed,69267-3561626-2,بلال Sayed,1981-01-28,"H-01150, Satellite Town, Rawalpindi",8059
UTL001151,Bilal قریشی,96739-3898766-0,فیصل قریشی,1966-04-04,"H-01151, Malir, Karachi",5207
UTL001152,Muhammad Usman Ch.,,,1972-04-07,"H-01152, Malir, Karachi",11205
UTL001153,Maryam Sheikh,56316-2778577-1,Mohammed Osman شیخ,2000-08-20,"H-01153, Saddar, Rawalpindi",32833
UTL001154,فاطمہ Sayyid,50371-3660906-5,Hussein Sayyid,,"H-01154, Saddar, Rawalpindi",5253
UTL001155,Imran Bhatti,26794-7200314-9,Mohammed Hamza بٹ,1959-01-15,"H-01155, G-10, Islamabad",14073
UTL001156,Hasan Quraishi,82744-6716959-9,Mohammed Osman Quraishi,1999-04-05,"H-01156, Chaklala, Rawalpindi",27219
UTL001157,فیصل Moghul,74640-8881139-0,Muhammad Osman Mughal,1987-02-13,"H-01157, Gulberg, Lahore",16618
UTL001158,عمران اعوان,18772-8541105-6,,,"H-01158, Chaklala, Rawalpindi",3736
UTL001159,Fatima Ch.,56683-9095897-8,,1972-06-16,"H-01159, Gulshan-e-Iqbal, Karachi",17936
UTL001160,Hasan Moghul,,,1987-05-08,"H-01160, Madina Town, Faisalabad",39718
UTL001161,Hussein بٹ,48810-1424190-0,بلال بٹ,1960-06-15,"H-01161, Gulberg, Lahore",86050
UTL001162,Hira Syed,87836-8451420-5,Ahmad Syed,1972-08-09,"H-01162, Madina Town, Faisalabad",9103
UTL001163,Ali Mughal,,Usman Moghul,1990-08-12,"H-01163, Model Town, Lahore",5465
UTL001164,Sana Khan,,,2003-01-21,"H-01164, Chaklala, Rawalpindi",24109
UTL001165,عمران Khan,18372-2139083-2,,1961-09-06,"H-01165, Johar Town, Lahore",5743
UTL001166,عثمان قریشی,,Bilal قریشی,1989-01-17,"H-01166, Malir, Karachi",6117
UTL001167,Imran ملک,30848-2933559-4,حسن Malik,1970-01-21,"H-01167, Johar Town, Lahore",6211
UTL001168,Muhammad Chaudhary,,علی Chaudhary,1963-09-11,"H-01168, Saddar, Rawalpindi",28645
UTL001169,عائشہ راجہ,,Ahmad راجہ,,"H-01169, E-11, Islamabad",5291
UTL001170,عائشہ قریشی,,بلال Qureshi,1968-03-18,"H-01170, North Nazimabad, Karachi",4194
UTL001171,Husain راجہ,,Faysal Raja,,"H-01171, Bahria Town, Islamabad",6225
UTL001172,Mohammad Hussain Awan,,Hasan اعوان,1966-02-02,"H-01172, Malir, Karachi",11012
UTL001173,حسن Moghul,87759-6089714-5,,1958-11-21,"H-01173, F-8, Islamabad",21334
UTL001174,Muhammed Hasan Raja,11620-4630984-2,Osman راجہ,1968-08-24,"H-01174, Gulshan-e-Iqbal, Karachi",7473
UTL001175,Sana Sheikh,83509-5787252-3,Ahmed Shaikh,1994-02-01,"H-01175, Satellite Town, Rawalpindi",174310
UTL001176,حسین خان,59993-3675751-1,Muhammed Khan,,"H-01176, E-11, Islamabad",78842
UTL001177,Muhammed Ahmad Butt,,Mohammad Hussein بٹ,1964-05-15,"H-01177, Saddar, Rawalpindi",71703
UTL001178,Muhammad Ahmad Khan,16880-2888892-1,,1984-10-23,"H-01178, Bahria Town, Rawalpindi",27397
UTL001179,Muhammed Mughal,32092-4615080-1,Bilal Moghul,1998-07-01,"H-01179, Saddar, Rawalpindi",4215
UTL001180,Maryam Shaikh,15771-2057136-4,حسین Shaykh,2001-08-07,"H-01180, North Nazimabad, Karachi",30161
UTL001181,Hasan Ch.,95220-1730262-9,Mohammed Bilal Chaudhry,1990-12-16,"H-01181, Saddar, Rawalpindi",35163
UTL001182,حسین قریشی,,Imran قریشی,1965-06-22,"H-01182, North Nazimabad, Karachi",83554
UTL001183,Othman Quraishi,86049-7740736-5,Muhammed Hamzah قریشی,1977-05-05,"H-01183, Bahria Town, Rawalpindi",51061
UTL001184,حرا راجہ,66585-2450715-9,حسین Raja,1963-06-12,"H-01184, Chaklala, Rawalpindi",31892
UTL001185,ثناء Shaykh,76368-3433543-9,Muhammad Usman شیخ,1989-11-27,"H-01185, Gulshan-e-Iqbal, Karachi",18898
UTL001186,Hassan Syed,24664-9411821-8,Muhammad Sayed,1988-02-19,"H-01186, Malir, Karachi",8220
UTL001187,حسن Qureshi,52662-7263305-8,Bilal Quraishi,1988-11-27,"H-01187, Saddar, Rawalpindi",6634
UTL001188,Hira Malick,30408-4159672-0,Mohammad Imran Malick,1961-08-05,"H-01188, Johar Town, Lahore",17376
UTL001189,Mohammed Hassan سید,,Muhammad Syed,1956-01-10,"H-01189, F-8, Islamabad",34840
UTL001190,احمد بٹ,65301-6998094-6,محمد بٹ,1999-10-10,"H-01190, Saddar, Rawalpindi",3222
UTL001191,بلال Mughal,,محمد Mughal,1986-06-12,"H-01191, Peoples Colony, Faisalabad",11883
UTL001192,ثناء Malik,99764-9226010-0,Mohammed Bilal Malik,1957-08-25,"H-01192, Chaklala, Rawalpindi",11847
UTL001193,احمد Choudhary,54787-6660342-3,,1985-01-11,"H-01193, Malir, Karachi",55065
UTL001194,Fatema مغل,11349-3153928-9,Muhammed مغل,1987-08-03,"H-01194, Saddar, Rawalpindi",4911
UTL001195,Sana خان,25423-9669196-7,,1983-05-28,"H-01195, Bahria Town, Islamabad",10986
UTL001196,Bilal ملک,,Hasan ملک,1955-07-25,"H-01196, DHA, Lahore",22956
UTL001197,Bilal Khan,39284-6705434-9,حمزہ خان,1969-12-15,"H-01197, F-8, Islamabad",42859
UTL001198,Mohammed Ahmad Sheikh,89325-1397254-7,Mohammad حمزہ Shaikh,1978-12-14,"H-01198, Gulberg, Lahore",11349
UTL001199,Imran Malik,14395-5679202-6,عمران ملک,1999-07-03,"H-01199, Satellite Town, Rawalpindi",18824
UTL001200,Hamza Sayyid,,علی Sayed,1960-10-06,"H-01200, Madina Town, Faisalabad",6952
UTL001201,حرا Raja,44472-9017491-1,Mohammed Ali راجہ,1992-07-04,"H-01201, Bahria Town, Islamabad",10467
UTL001202,Hasan Sheikh,61211-1187797-5,Muhammed Sheikh,1987-01-04,"H-01202, F-8, Islamabad",5969
UTL001203,Faisal Raja,27964-6360810-3,حمزہ راجہ,1968-04-22,"H-01203, Gulshan-e-Iqbal, Karachi",6524
UTL001204,Ali Sayed,92186-2189815-2,Muhammad Ali Syed,1987-03-28,"H-01204, Jaranwala Road, Faisalabad",26498
UTL001205,Faysal شیخ,92001-7068696-3,حسین شیخ,,"H-01205, Johar Town, Lahore",27454
UTL001206,Ayisha Ch.,68959-4770193-2,Hamzah Choudhary,1994-09-14,"H-01206, E-11, Islamabad",10474
UTL001207,Muhammed Hasan مغل,75160-2259220-6,Mohammad Faisal Mughal,1956-07-03,"H-01207, Peoples Colony, Faisalabad",15434
UTL001208,Mohammad Quraishi,,Husain Quraishi,1989-10-11,"H-01208, E-11, Islamabad",14105
UTL001209,Sana اعوان,71515-6655184-1,حمزہ Awan,1976-09-17,"H-01209, Bahria Town, Rawalpindi",4509
UTL001210,Hussein Bhatti,,,1975-04-19,"H-01210, G-10, Islamabad",8621
UTL001211,Mohammed Osman راجہ,44591-8110991-3,Mohammed Faisal راجہ,1963-12-10,"H-01211, Chaklala, Rawalpindi",10910
UTL001212,Mohammad حسن اعوان,32729-2966470-4,Hasan اعوان,,"H-01212, Jaranwala Road, Faisalabad",79835
UTL001213,Ali Awan,61361-9125932-4,فیصل Awan,1984-09-11,"H-01213, F-8, Islamabad",8422
UTL001214,Ahmad Sayed,10428-2116463-3,Hussain سید,1986-08-18,"H-01214, Peoples Colony, Faisalabad",24854
UTL001215,عمران Moghul,44825-1855521-6,Hamza مغل,1993-02-16,"H-01215, Bahria Town, Rawalpindi",13376
UTL001216,Muhammed Ali Malik,15378-2179102-4,,1990-09-09,"H-01216, F-7, Islamabad",6585
UTL001217,Fatema Khan,,Muhammad فیصل Khan,,"H-01217, Madina Town, Faisalabad",19354
UTL001218,Mohammed Imran Qureshi,,Muhammad علی Qureshi,1979-04-18,"H-01218, Gulberg, Lahore",8187
UTL001219,احمد Mughal,73734-3089825-1,Hassan مغل,1981-04-08,"H-01219, Peoples Colony, Faisalabad",10603
UTL001220,Muhammad حسن Bhatti,41296-6175674-6,,1993-07-15,"H-01220, DHA, Karachi",5737
UTL001221,Bilal اعوان,60393-7378070-0,Imran اعوان,2003-05-07,"H-01221, Bahria Town, Rawalpindi",29407
UTL001222,عثمان خان,67958-4447207-5,علی خان,2000-02-20,"H-01222, Satellite Town, Rawalpindi",21623
UTL001223,Bilal Chaudhry,56303-7796488-4,Muhammad Hasan Chaudhry,2000-05-08,"H-01223, Model Town, Lahore",37367
UTL001224,Muhammed Faysal چوہدری,12867-7524153-9,,1978-07-01,"H-01224, Malir, Karachi",8610
UTL001225,عائشہ Syed,,حسین Sayed,1985-03-06,"H-01225, G-10, Islamabad",7839
UTL001226,Mohammad Sayed,,,1994-12-18,"H-01226, F-7, Islamabad",26003
UTL001227,Hamza Shaykh,67133-5672680-2,حسن Shaykh,1981-05-06,"H-01227, F-8, Islamabad",7045
UTL001228,Mohammed Ahmad Moghul,95802-3951849-4,عمران Moghul,1985-07-06,"H-01228, North Nazimabad, Karachi",13519
UTL001229,فیصل Malik,15264-3998601-8,Ahmad Malik,1984-09-25,"H-01229, DHA, Karachi",17021
UTL001230,Muhammed حسن Khan,45695-9610837-0,Imran خان,,"H-01230, F-8, Islamabad",37938
UTL001231,علی Chaudhry,,Hassan Ch.,1984-03-23,"H-01231, Peoples Colony, Faisalabad",44531
UTL001232,احمد Sayed,,Hamza سید,1998-07-18,"H-01232, DHA, Lahore",31078
UTL001233,ثناء Awan,89366-7798104-4,Mohammad Imran Awan,1981-03-17,"H-01233, Peoples Colony, Faisalabad",87050
UTL001234,Hasan Malik,49167-2938375-9,Bilal Malik,1979-07-10,"H-01234, Peoples Colony, Faisalabad",37393
UTL001235,محمد Chaudhry,68974-3346211-4,Muhammed Bilal Choudhary,1970-03-01,"H-01235, Bahria Town, Rawalpindi",36968
UTL001236,Hamzah Sayyid,58702-4434168-7,Muhammad علی Syed,1981-01-08,"H-01236, Satellite Town, Rawalpindi",35756
UTL001237,Hussein Qureshi,70960-7485147-6,Mohammed Ahmad Quraishi,,"H-01237, Gulshan-e-Iqbal, Karachi",52881
UTL001238,Muhammad حمزہ Malick,,Ali Malik,1955-02-05,"H-01238, G-10, Islamabad",12759
UTL001239,محمد Khan,92663-9742456-5,محمد خان,1983-07-11,"H-01239, Madina Town, Faisalabad",27662
UTL001240,Hussain قریشی,86758-3068593-7,Hamzah قریشی,1982-09-02,"H-01240, North Nazimabad, Karachi",38124
UTL001241,Ali Sayyid,93257-5481292-2,Ali Syed,2003-04-03,"H-01241, E-11, Islamabad",9885
UTL001242,بلال Chaudhary,,حسن Ch.,1981-10-07,"H-01242, DHA, Karachi",13392
UTL001243,Bilal Raja,37605-1009512-1,Muhammad علی Raja,1957-05-24,"H-01243, Peoples Colony, Faisalabad",12033
UTL001244,Fatima اعوان,,Faisal Awan,,"H-01244, DHA, Karachi",12818
UTL001245,Osman Raja,78163-5680249-9,Hasan Raja,1969-01-14,"H-01245, Cantt, Lahore",36208
UTL001246,Hamzah سید,,علی Sayyid,1990-04-28,"H-01246, North Nazimabad, Karachi",218467
UTL001247,Hamzah Shaikh,76301-7090010-6,Muhammed Bilal شیخ,1981-10-11,"H-01247, North Nazimabad, Karachi",53309
UTL001248,Hira Malik,67098-7810286-6,Ali ملک,1981-08-01,"H-01248, F-7, Islamabad",18851
UTL001249,Hassan اعوان,87125-4590803-6,بلال Awan,1970-05-08,"H-01249, Satellite Town, Rawalpindi",27612
UTL001250,Muhammad Usman Shaykh,,احمد شیخ,1960-02-26,"H-01250, Peoples Colony, Faisalabad",7347
UTL001251,Imran سید,,Mohammad Sayed,1985-03-02,"H-01251, Saddar, Rawalpindi",7139
UTL001252,Osman مغل,31655-6197034-5,Ahmad مغل,1957-10-03,"H-01252, DHA, Karachi",59908
UTL001253,علی Sayyid,45039-5889357-9,,1959-10-10,"H-01253, Saddar, Rawalpindi",8208
UTL001254,علی راجہ,89493-4754605-4,Mohammed Raja,1980-06-22,"H-01254, Malir, Karachi",21297
UTL001255,Zaynab راجہ,,حسن راجہ,1974-11-11,"H-01255, G-10, Islamabad",21069
UTL001256,Muhammad ملک,25429-3477658-1,,1963-03-24,"H-01256, North Nazimabad, Karachi",19367
UTL001257,فیصل Chaudhary,63723-3057197-8,Faysal Chaudhry,1974-12-07,"H-01257, Satellite Town, Rawalpindi",10750
UTL001258,Mohammed علی Sayed,18658-1820610-0,حسین Sayed,1979-03-27,"H-01258, Model Town, Lahore",13186
UTL001259,Hira Quraishi,52848-8085830-5,فیصل قریشی,1999-03-01,"H-01259, Bahria Town, Rawalpindi",27186
UTL001260,بلال ملک,29420-1705070-2,حسن Malick,1987-10-16,"H-01260, Chaklala, Rawalpindi",26564
UTL001261,بلال Khan,54952-7258302-5,محمد خان,1961-08-25,"H-01261, Gulshan-e-Iqbal, Karachi",13128
UTL001262,Ali قریشی,79582-7554693-8,Faysal Qureshi,1994-10-07,"H-01262, Peoples Colony, Faisalabad",5560
UTL001263,Hamza Moghul,80620-8657731-0,حسین Moghul,1976-01-14,"H-01263, Peoples Colony, Faisalabad",29163
UTL001264,حمزہ سید,51311-4739633-7,,1974-11-28,"H-01264, Bahria Town, Rawalpindi",103965
UTL001265,Mohammad بلال Butt,40044-1680217-3,حمزہ بٹ,1970-07-01,"H-01265, North Nazimabad, Karachi",8020
UTL001266,Imran Raja,75765-6137252-9,Muhammad Raja,1986-10-07,"H-01266, Saddar, Rawalpindi",9160
UTL001267,Mohammad Ahmad Chaudhry,33230-4359756-0,Bilal Chaudhary,1960-06-21,"H-01267, Chaklala, Rawalpindi",32015
UTL001268,Mohammad علی Bhatti,,علی Bhatti,1982-04-24,"H-01268, Model Town, Lahore",14442
UTL001269,Mohammad Hussein راجہ,18990-2278856-2,احمد راجہ,1955-04-03,"H-01269, Jaranwala Road, Faisalabad",8888
UTL001270,علی ملک,25917-9396377-8,,1987-02-16,"H-01270, Chaklala, Rawalpindi",18267
UTL001271,Ahmad قریشی,33120-7507857-3,Imran قریشی,,"H-01271, Gulshan-e-Iqbal, Karachi",32049
UTL001272,Ahmad Shaykh,31016-9759161-8,Hassan Sheikh,1985-11-12,"H-01272, Model Town, Lahore",11963
UTL001273,عائشہ راجہ,31957-4190081-9,Muhammed Hamza راجہ,1992-12-23,"H-01273, Bahria Town, Rawalpindi",10951
UTL001274,Hamza Raja,52233-7188625-3,Mohammed Raja,1957-08-07,"H-01274, Satellite Town, Rawalpindi",33844
UTL001275,Muhammad Usman Sayed,70749-2429842-2,Ahmed Sayyid,1993-09-18,"H-01275, Gulshan-e-Iqbal, Karachi",59827
UTL001276,Mariam Raja,54656-3009122-9,محمد راجہ,1995-06-08,"H-01276, Jaranwala Road, Faisalabad",6613
UTL001277,Muhammed Malik,97139-3297127-4,,1964-05-11,"H-01277, Gulshan-e-Iqbal, Karachi",13590
UTL001278,Ahmad Awan,63329-1381383-0,Hussein اعوان,1975-03-23,"H-01278, G-10, Islamabad",6829
UTL001279,Othman Malik,53749-6340384-1,Ali Malick,1991-04-19,"H-01279, Gulshan-e-Iqbal, Karachi",10971
UTL001280,Husain Raja,81950-5986295-8,Hussain Raja,1961-07-25,"H-01280, Madina Town, Faisalabad",12616
UTL001281,Aysha قریشی,27942-2153392-1,,1955-02-16,"H-01281, F-7, Islamabad",6067
UTL001282,Sana Malick,87444-5153632-1,Mohammad Osman Malick,1965-03-21,"H-01282, F-8, Islamabad",33127
UTL001283,محمد Awan,32199-9551086-3,بلال اعوان,1955-11-17,"H-01283, Gulberg, Lahore",14420
UTL001284,حمزہ Raja,66324-4540118-9,Mohammad بلال Raja,1967-09-10,"H-01284, DHA, Lahore",33168
UTL001285,ثناء Bhatti,90790-3091259-6,Hussain بٹ,1996-10-16,"H-01285, F-8, Islamabad",23870
UTL001286,Hussein شیخ,93993-3012883-3,Ali Shaykh,2000-01-08,"H-01286, Madina Town, Faisalabad",98304
UTL001287,Bilal شیخ,24760-1047272-3,Ahmad Shaykh,1999-01-14,"H-01287, Model Town, Lahore",6447
UTL001288,علی Malick,63887-7353945-8,Muhammed Husain Malik,1983-11-07,"H-01288, G-10, Islamabad",13180
UTL001289,Zaynab Chaudhry,74082-5595236-6,Muhammad Ch.,1971-01-14,"H-01289, Johar Town, Lahore",27394
UTL001290,Mohammad Hamzah Raja,,Ali Raja,1973-05-06,"H-01290, F-8, Islamabad",36086
UTL001291,Muhammed Faysal اعوان,94443-4763393-7,Mohammad حسن اعوان,1999-05-27,"H-01291, G-10, Islamabad",21649
UTL001292,Hamza Ch.,12247-4932931-7,Bilal چوہدری,,"H-01292, Bahria Town, Rawalpindi",7717
UTL001293,Ahmed بٹ,,,1974-12-13,"H-01293, Bahria Town, Islamabad",5398
UTL001294,Hasan بٹ,97614-9890570-2,حمزہ بٹ,1988-01-05,"H-01294, F-8, Islamabad",97318
UTL001295,ثناء Qureshi,35351-4143578-1,Hussein Qureshi,2001-07-09,"H-01295, Malir, Karachi",19221
UTL001296,فیصل Choudhary,22594-7374025-7,,1967-04-11,"H-01296, Chaklala, Rawalpindi",7633
UTL001297,Fatimah Raja,39829-8228013-8,محمد راجہ,1999-02-04,"H-01297, E-11, Islamabad",9072
UTL001298,Hassan Sayed,71221-7918250-8,Ahmad Sayyid,1961-11-18,"H-01298, Clifton, Karachi",3825
UTL001299,Hasan Qureshi,43614-1196256-9,Bilal Quraishi,1962-05-21,"H-01299, DHA, Karachi",56512
UTL001300,فاطمہ ملک,90186-2992782-1,,1993-09-24,"H-01300, F-8, Islamabad",40270
UTL001301,Muhammed Awan,31893-1106616-7,Muhammed حسن اعوان,1981-06-04,"H-01301, Bahria Town, Islamabad",31260
UTL001302,Mohammad Syed,69291-3756501-0,Ahmed Sayed,1995-10-01,"H-01302, G-10, Islamabad",28466
UTL001303,Ali شیخ,33513-4285919-3,Hassan Sheikh,,"H-01303, DHA, Lahore",11001
UTL001304,Mohammad Malik,92199-6026347-0,علی ملک,1999-02-27,"H-01304, Model Town, Lahore",40238
UTL001305,علی قریشی,32950-8052414-1,احمد Qureshi,2003-03-07,"H-01305, North Nazimabad, Karachi",7397
UTL001306,Fatimah Sheikh,82714-9906450-9,Faisal Shaykh,1976-08-06,"H-01306, Bahria Town, Islamabad",17465
UTL001307,حمزہ سید,,Husain Sayyid,1993-04-24,"H-01307, Cantt, Lahore",47179
UTL001308,Bilal Butt,21930-2935210-2,Muhammed Butt,1969-12-23,"H-01308, Satellite Town, Rawalpindi",9244
UTL001309,Muhammad Imran اعوان,16924-9689833-2,Muhammed عمران اعوان,1969-03-08,"H-01309, Bahria Town, Rawalpindi",21889
UTL001310,Hassan Raja,54448-9809311-8,Ahmed راجہ,,"H-01310, Madina Town, Faisalabad",102103
UTL001311,Mohammed Syed,28312-4699507-1,عمران Sayyid,1964-10-15,"H-01311, Bahria Town, Rawalpindi",35285
UTL001312,Othman اعوان,54260-1502647-0,Mohammed Awan,1956-11-23,"H-01312, Model Town, Lahore",45578
UTL001313,Ahmad Quraishi,,Hamza Qureshi,1961-08-26,"H-01313, Cantt, Lahore",55954
UTL001314,Faysal Khan,51005-7359320-1,Imran خان,,"H-01314, Model Town, Lahore",43864
UTL001315,Muhammed Faisal Mughal,47641-9339948-8,Ahmed Mughal,1964-03-27,"H-01315, Peoples Colony, Faisalabad",16740
UTL001316,Usman سید,76472-8292886-7,Mohammed Sayed,1957-10-02,"H-01316, Saddar, Rawalpindi",14613
UTL001317,بلال قریشی,57378-9655209-4,Imran قریشی,1964-07-13,"H-01317, F-7, Islamabad",44187
UTL001318,بلال Sheikh,,Muhammad Sheikh,1978-05-27,"H-01318, Bahria Town, Islamabad",10228
UTL001319,Imran Khan,63311-4488260-3,Muhammad بلال خان,1993-10-18,"H-01319, Saddar, Rawalpindi",30296
UTL001320,فیصل راجہ,18456-2018574-4,Muhammed Raja,1962-07-09,"H-01320, Gulberg, Lahore",24606
UTL001321,Hussein Bhatti,,Mohammad Imran Butt,1967-07-23,"H-01321, Cantt, Lahore",29367
UTL001322,Bilal Bhatti,98211-2099420-2,,1994-11-10,"H-01322, Gulberg, Lahore",6241
UTL001323,بلال Bhatti,41813-8043070-2,عثمان بٹ,2001-12-28,"H-01323, DHA, Lahore",8176
UTL001324,احمد Bhatti,,Muhammad Hussain Bhatti,1995-07-06,"H-01324, F-7, Islamabad",14777
UTL001325,Muhammed Shaykh,98572-7191591-5,,,"H-01325, Bahria Town, Rawalpindi",9311
UTL001326,Ahmad Awan,63895-5694057-4,Imran اعوان,1991-09-17,"H-01326, Chaklala, Rawalpindi",78846
UTL001327,Ahmad Quraishi,75663-9703128-2,حسین قریشی,1976-12-05,"H-01327, Cantt, Lahore",31415
UTL001328,Othman خان,48191-5006686-3,,1968-06-07,"H-01328, F-7, Islamabad",34862
UTL001329,احمد سید,23392-2510916-1,فیصل Sayed,1984-09-15,"H-01329, Gulberg, Lahore",14397
UTL001330,Imran خان,41600-2533751-3,Muhammed Hamzah خان,1968-03-13,"H-01330, Madina Town, Faisalabad",51055
UTL001331,Mohammad سید,20992-9470588-7,Osman Syed,1979-02-15,"H-01331, DHA, Karachi",81143
UTL001332,Mohammad Sheikh,13853-2790897-5,بلال Shaykh,1962-09-05,"H-01332, DHA, Lahore",15123
UTL001333,حسن سید,,Husain Sayyid,1993-02-24,"H-01333, E-11, Islamabad",13239
UTL001334,Bilal Qureshi,27553-1972156-1,حسین Quraishi,,"H-01334, Peoples Colony, Faisalabad",18407
UTL001335,Muhammed Ahmed راجہ,40323-7660590-8,حمزہ Raja,1976-01-19,"H-01335, F-8, Islamabad",18018
UTL001336,Ali Shaikh,88900-9486798-2,,1970-08-09,"H-01336, Cantt, Lahore",64121
UTL001337,Muhammad Hussein خان,,محمد خان,1978-11-01,"H-01337, F-8, Islamabad",119431
UTL001338,Maryam سید,78070-2210366-1,علی Sayed,1982-01-02,"H-01338, Saddar, Rawalpindi",47791
UTL001339,Muhammad عمران Chaudhary,52144-2482766-0,Mohammad بلال Choudhary,1964-11-15,"H-01339, E-11, Islamabad",6653
UTL001340,Ahmad Shaikh,54634-6969255-0,بلال Shaykh,1987-09-06,"H-01340, Model Town, Lahore",6649
UTL001341,Marium راجہ,37637-9799517-4,حسین راجہ,2002-01-04,"H-01341, Cantt, Lahore",8224
UTL001342,Imran Awan,,Imran Awan,2002-09-05,"H-01342, Model Town, Lahore",15978
UTL001343,فیصل Malick,97428-7217012-7,,1993-01-17,"H-01343, DHA, Karachi",30721
UTL001344,Mohammad Husain Butt,12067-8601889-4,Faysal بٹ,1965-07-25,"H-01344, Madina Town, Faisalabad",7989
UTL001345,ثناء مغل,82443-8653803-1,عمران Moghul,,"H-01345, Chaklala, Rawalpindi",188426
UTL001346,علی Quraishi,48588-1356907-8,Hussein قریشی,1991-10-26,"H-01346, Madina Town, Faisalabad",32831
UTL001347,Hassan Malick,48591-3370490-6,Muhammad Bilal Malik,1991-09-02,"H-01347, Gulberg, Lahore",7262
UTL001348,Fatima Syed,64749-1512046-7,Ali Syed,2002-04-10,"H-01348, Malir, Karachi",6904
UTL001349,Muhammad عمران Moghul,97837-7070025-3,Imran Moghul,1963-11-18,"H-01349, Model Town, Lahore",14869
UTL001350,Muhammad قریشی,28672-8283798-5,Muhammad قریشی,1990-03-13,"H-01350, Saddar, Rawalpindi",5336
UTL001351,Imran Shaikh,,Mohammad بلال Shaykh,1977-07-21,"H-01351, Chaklala, Rawalpindi",25829
UTL001352,عمران اعوان,98081-3444734-3,عمران Awan,1975-10-11,"H-01352, Saddar, Rawalpindi",22350
UTL001353,Muhammed حسن Butt,41536-6213397-8,Husain بٹ,1995-01-28,"H-01353, Bahria Town, Rawalpindi",30210
UTL001354,فاطمہ خان,66917-7554404-6,Mohammad احمد خان,,"H-01354, North Nazimabad, Karachi",9483
UTL001355,Ahmed Malik,53888-1427572-0,احمد ملک,1979-09-02,"H-01355, Cantt, Lahore",3924
UTL001356,احمد Bhatti,52125-1911397-7,بلال Bhatti,,"H-01356, Madina Town, Faisalabad",7065
UTL001357,Hira Sayed,58281-4699556-4,Husain Syed,1956-08-15,"H-01357, DHA, Lahore",20222
UTL001358,محمد اعوان,,علی اعوان,1977-01-18,"H-01358, Johar Town, Lahore",11556
UTL001359,Hira اعوان,31098-2120619-4,محمد Awan,,"H-01359, Saddar, Rawalpindi",45490
UTL001360,Hassan Choudhary,,Usman Choudhary,1977-12-06,"H-01360, Johar Town, Lahore",22695
UTL001361,Aysha اعوان,,علی اعوان,1998-02-03,"H-01361, Madina Town, Faisalabad",16076
UTL001362,Mohammed بلال ملک,,,1984-08-18,"H-01362, Johar Town, Lahore",26352
UTL001363,Bilal ملک,,حسین Malick,1974-05-19,"H-01363, Gulberg, Lahore",23893
UTL001364,محمد Sheikh,76881-1721441-1,بلال شیخ,1972-05-02,"H-01364, Chaklala, Rawalpindi",6035
UTL001365,Ahmed Sayed,28582-8771291-7,Mohammed عمران Syed,,"H-01365, Saddar, Rawalpindi",11935
UTL001366,Hamza Moghul,,Imran Mughal,1981-03-19,"H-01366, Madina Town, Faisalabad",17994
UTL001367,حرا Moghul,65839-4886086-8,حسن Moghul,,"H-01367, Bahria Town, Rawalpindi",43244
UTL001368,بلال Khan,85028-8543762-0,حمزہ Khan,,"H-01368, F-8, Islamabad",24964
UTL001369,مریم Malick,18007-7755502-7,حسن Malick,1980-09-25,"H-01369, Satellite Town, Rawalpindi",100553
UTL001370,Usman خان,21056-3867901-2,Hassan خان,,"H-01370, Bahria Town, Rawalpindi",27392
UTL001371,بلال Qureshi,80657-8504152-1,Hussain Qureshi,1980-10-05,"H-01371, Gulshan-e-Iqbal, Karachi",93106
UTL001372,Ahmed Moghul,84431-7676164-7,Faysal مغل,1957-09-19,"H-01372, Model Town, Lahore",59953
UTL001373,حسن Sayyid,81022-5845328-8,Mohammad Syed,1965-03-02,"H-01373, Jaranwala Road, Faisalabad",277831
UTL001374,عمران Sayyid,42869-9512108-4,علی Sayed,,"H-01374, Jaranwala Road, Faisalabad",17152
UTL001375,Ahmed بٹ,,محمد بٹ,1999-11-15,"H-01375, E-11, Islamabad",65080
UTL001376,Imran Syed,72600-4288145-8,Muhammad Ali سید,1956-10-15,"H-01376, Satellite Town, Rawalpindi",13160
UTL001377,Mohammed Hamzah Awan,74549-7450410-8,علی Awan,1994-10-14,"H-01377, Jaranwala Road, Faisalabad",22891
UTL001378,علی Qureshi,35710-9286387-0,Imran قریشی,1975-11-17,"H-01378, Jaranwala Road, Faisalabad",36824
UTL001379,Othman خان,96975-7045791-6,Mohammed بلال Khan,2001-10-11,"H-01379, F-7, Islamabad",16785
UTL001380,محمد Malik,,Osman Malik,1972-05-06,"H-01380, Model Town, Lahore",44116
UTL001381,Fatima Shaikh,,Ali شیخ,1998-09-24,"H-01381, Bahria Town, Islamabad",9427
UTL001382,بلال Choudhary,,Bilal Chaudhary,1965-05-03,"H-01382, Cantt, Lahore",70349
UTL001383,Ali راجہ,33317-6760468-6,Muhammed علی Raja,1991-03-13,"H-01383, E-11, Islamabad",44676
UTL001384,Osman راجہ,58503-2714979-3,,1961-09-23,"H-01384, Jaranwala Road, Faisalabad",21952
UTL001385,Sana بٹ,,Muhammed Husain Butt,1971-04-01,"H-01385, Chaklala, Rawalpindi",5996
UTL001386,Muhammad عمران Moghul,,Muhammad مغل,1967-09-27,"H-01386, DHA, Karachi",11095
UTL001387,Hussain خان,37049-7619127-4,,1975-05-15,"H-01387, Gulshan-e-Iqbal, Karachi",65585
UTL001388,Ahmad Ch.,91183-4598169-6,Hamzah Chaudhry,2001-09-04,"H-01388, Model Town, Lahore",20539
UTL001389,Mohammad خان,29619-2830479-4,احمد خان,1957-06-06,"H-01389, Peoples Colony, Faisalabad",40207
UTL001390,Faysal راجہ,89307-3208458-7,Mohammad Raja,1972-06-05,"H-01390, Saddar, Rawalpindi",7536
UTL001391,بلال شیخ,83060-8183194-6,Mohammed Sheikh,1975-10-17,"H-01391, Model Town, Lahore",298996
UTL001392,Zaynab بٹ,74580-6668862-8,Usman Bhatti,2002-11-09,"H-01392, Gulberg, Lahore",4591
UTL001393,Faysal Sayed,90432-5832385-2,,1963-05-20,"H-01393, G-10, Islamabad",58579
UTL001394,Zainab خان,15164-1719322-2,Husain خان,1978-11-08,"H-01394, DHA, Lahore",12689
UTL001395,Ahmed Ch.,,Hasan Choudhary,1955-06-11,"H-01395, DHA, Lahore",12349
UTL001396,Sana Shaikh,,عمران شیخ,1994-07-13,"H-01396, Gulshan-e-Iqbal, Karachi",16180
UTL001397,فاطمہ Awan,68851-8399823-4,,1964-12-01,"H-01397, Johar Town, Lahore",7133
UTL001398,Othman Bhatti,,Imran Bhatti,1961-12-05,"H-01398, DHA, Lahore",5564
UTL001399,Faysal Shaykh,,Bilal شیخ,2002-01-03,"H-01399, Gulshan-e-Iqbal, Karachi",25341
UTL001400,Fatima چوہدری,55220-1406434-8,Muhammed علی چوہدری,1985-07-17,"H-01400, Peoples Colony, Faisalabad",24977
UTL001401,Fatimah Shaykh,70851-6382950-4,Othman Shaikh,,"H-01401, E-11, Islamabad",7175
UTL001402,Osman Shaykh,,عمران Shaikh,1970-12-04,"H-01402, Madina Town, Faisalabad",18832
UTL001403,حمزہ Malik,18299-8669985-3,حسن Malick,1983-12-24,"H-01403, Bahria Town, Rawalpindi",27879
UTL001404,Mohammad Quraishi,,,1961-12-14,"H-01404, Gulberg, Lahore",33296
UTL001405,Hussain چوہدری,28857-1967051-2,,1996-06-23,"H-01405, Jaranwala Road, Faisalabad",41239
UTL001406,عثمان Raja,64771-3049446-7,Muhammed حمزہ راجہ,2002-12-16,"H-01406, G-10, Islamabad",11501
UTL001407,Mohammed Hasan خان,44214-5259672-9,Hamzah Khan,1994-12-24,"H-01407, Peoples Colony, Faisalabad",8656
UTL001408,عائشہ Shaykh,67690-2172433-9,,1976-04-22,"H-01408, Madina Town, Faisalabad",30582
UTL001409,Hira ملک,52844-3319875-9,Imran Malick,1988-04-05,"H-01409, Johar Town, Lahore",5755
UTL001410,علی Quraishi,81824-4161506-2,Mohammad Qureshi,1957-05-25,"H-01410, Saddar, Rawalpindi",3970
UTL001411,ثناء Raja,,Osman Raja,1997-09-12,"H-01411, Jaranwala Road, Faisalabad",10926
UTL001412,Ayisha Khan,46455-6068456-3,Bilal خان,1996-02-27,"H-01412, DHA, Lahore",7131
UTL001413,Mohammad Ahmad Awan,,Ahmad اعوان,1956-03-21,"H-01413, Gulshan-e-Iqbal, Karachi",8448
UTL001414,محمد ملک,,,1958-10-27,"H-01414, F-8, Islamabad",36275
UTL001415,Mariam ملک,,احمد Malik,1964-07-02,"H-01415, Cantt, Lahore",5173
UTL001416,Ahmad Choudhary,70338-7880529-7,علی Chaudhry,1958-02-20,"H-01416, DHA, Lahore",23063
UTL001417,Mohammad احمد Sayed,26974-4031760-0,,1994-12-02,"H-01417, Saddar, Rawalpindi",14364
UTL001418,فاطمہ Ch.,38061-1621143-4,فیصل چوہدری,1967-07-13,"H-01418, Jaranwala Road, Faisalabad",16250
UTL001419,Hamzah بٹ,29612-5731929-2,Ahmad Bhatti,1960-05-01,"H-01419, Madina Town, Faisalabad",16274
UTL001420,Osman خان,52813-3258783-2,Faisal خان,1973-07-05,"H-01420, Jaranwala Road, Faisalabad",14481
UTL001421,عثمان قریشی,,فیصل Qureshi,1993-06-05,"H-01421, Saddar, Rawalpindi",10814
UTL001422,Muhammed Ahmed Chaudhry,28596-5621484-3,بلال Choudhary,,"H-01422, Saddar, Rawalpindi",12451
UTL001423,Zainab شیخ,43994-2257435-2,Mohammad Shaikh,1964-08-02,"H-01423, DHA, Lahore",4820
UTL001424,Muhammad حمزہ Choudhary,46428-2011816-2,Muhammed Faisal Choudhary,1994-01-15,"H-01424, Peoples Colony, Faisalabad",22776
UTL001425,بلال Syed,54046-4828581-2,علی Sayed,1973-09-21,"H-01425, Madina Town, Faisalabad",18093
UTL001426,حسین شیخ,47415-1543296-3,Muhammed Sheikh,1962-01-20,"H-01426, Clifton, Karachi",20586
UTL001427,Sana اعوان,50404-2088545-5,Hamzah اعوان,1992-11-25,"H-01427, E-11, Islamabad",63825
UTL001428,فاطمہ Chaudhary,23949-3296115-4,Hamza چوہدری,1982-01-04,"H-01428, E-11, Islamabad",18786
UTL001429,عمران ملک,13492-7921721-8,حسن Malick,1961-08-13,"H-01429, Clifton, Karachi",4520
UTL001430,فاطمہ Syed,81352-1220268-8,Ahmed Syed,,"H-01430, Madina Town, Faisalabad",12555
UTL001431,Ahmed Quraishi,21067-4279706-8,Mohammed قریشی,1981-08-04,"H-01431, Malir, Karachi",29006
UTL001432,عثمان Malick,57332-9903570-4,Hamza Malick,1974-04-26,"H-01432, Gulshan-e-Iqbal, Karachi",14002
UTL001433,Mohammad خان,,Mohammad Imran خان,1998-06-15,"H-01433, Peoples Colony, Faisalabad",67052
UTL001434,Hamzah Khan,83565-1091715-5,,1997-04-20,"H-01434, DHA, Lahore",37532
UTL001435,زینب سید,,Faysal Sayed,1959-09-08,"H-01435, Satellite Town, Rawalpindi",25702
UTL001436,Ayisha خان,62819-7959256-6,Ahmad خان,1974-06-21,"H-01436, Gulshan-e-Iqbal, Karachi",6317
UTL001437,Mohammed Ahmad Khan,97364-8840976-1,حسین Khan,1957-01-24,"H-01437, Satellite Town, Rawalpindi",19412
UTL001438,عمران Raja,92716-5522403-9,Muhammad راجہ,1975-04-22,"H-01438, North Nazimabad, Karachi",64269
UTL001439,Mohammad Bhatti,75776-1635819-9,Hussein بٹ,1996-10-27,"H-01439, Jaranwala Road, Faisalabad",6763
UTL001440,Hira Choudhary,,بلال Chaudhary,,"H-01440, Clifton, Karachi",16733
UTL001441,بلال Sayyid,,Muhammad Sayyid,1986-08-19,"H-01441, Clifton, Karachi",5688
UTL001442,Othman Syed,77552-5850391-9,Faisal سید,1962-10-15,"H-01442, Gulberg, Lahore",32609
UTL001443,علی سید,38094-8839464-0,Mohammed Imran Sayed,1984-09-28,"H-01443, DHA, Lahore",6268
UTL001444,علی خان,81532-2404057-3,Osman خان,1998-12-25,"H-01444, F-7, Islamabad",18482
UTL001445,Fatima ملک,12937-9449836-9,Husain Malik,1997-09-01,"H-01445, Malir, Karachi",33273
UTL001446,Zaynab بٹ,31065-3017340-7,عثمان Bhatti,1988-09-24,"H-01446, Madina Town, Faisalabad",16191
UTL001447,ثناء Quraishi,80660-2895328-0,,1971-09-02,"H-01447, Saddar, Rawalpindi",13313
UTL001448,Ali چوہدری,49263-7765068-1,Muhammad احمد Chaudhry,1965-09-16,"H-01448, Saddar, Rawalpindi",16544
UTL001449,علی مغل,,Hamzah Moghul,1997-11-02,"H-01449, Bahria Town, Rawalpindi",6821
UTL001450,Ahmad Bhatti,65511-2887119-5,بلال Bhatti,1957-08-18,"H-01450, North Nazimabad, Karachi",19399
UTL001451,Hamza Butt,39377-6591962-6,عثمان بٹ,1961-08-19,"H-01451, Jaranwala Road, Faisalabad",13541
UTL001452,Fatima Butt,65264-1748622-9,بلال Bhatti,,"H-01452, North Nazimabad, Karachi",7513
UTL001453,Aisha بٹ,29882-2086491-7,Muhammed Bhatti,1964-09-11,"H-01453, Chaklala, Rawalpindi",7564
UTL001454,Mohammed فیصل Choudhary,81122-3098120-0,Imran Ch.,1991-04-09,"H-01454, Chaklala, Rawalpindi",21849
UTL001455,Faysal خان,43886-7630163-7,علی Khan,,"H-01455, Bahria Town, Rawalpindi",41552
UTL001456,بلال Khan,21689-6031481-1,Mohammad Hassan Khan,1962-10-25,"H-01456, Madina Town, Faisalabad",5769
UTL001457,Mohammad Hasan سید,37963-8971029-6,Mohammed Syed,1976-03-08,"H-01457, Clifton, Karachi",8757
UTL001458,بلال قریشی,57227-5671056-4,حمزہ قریشی,1964-05-04,"H-01458, Clifton, Karachi",8195
UTL001459,Zaynab خان,45861-1474039-9,بلال Khan,1980-02-16,"H-01459, Model Town, Lahore",19026
UTL001460,Mohammad Imran شیخ,80548-1701806-8,Imran Shaykh,2001-01-28,"H-01460, Bahria Town, Islamabad",8198
UTL001461,احمد Butt,45503-7940725-8,احمد Bhatti,1969-06-20,"H-01461, Malir, Karachi",24140
UTL001462,Zaynab راجہ,86253-7640884-9,Imran Raja,1983-05-17,"H-01462, Bahria Town, Rawalpindi",7442
UTL001463,Usman قریشی,57098-1827125-1,Muhammad احمد Qureshi,1994-03-24,"H-01463, Peoples Colony, Faisalabad",41011
UTL001464,Muhammed Awan,60002-1746392-5,Muhammad Ahmad Awan,1959-08-03,"H-01464, F-8, Islamabad",18511
UTL001465,Muhammed فیصل Raja,37150-8067382-5,,1981-12-21,"H-01465, Peoples Colony, Faisalabad",4511
UTL001466,Othman Qureshi,59674-9145474-0,Muhammed قریشی,1956-10-21,"H-01466, Madina Town, Faisalabad",18234
UTL001467,Mohammad علی Butt,42796-4001906-0,Hussein Butt,1979-07-22,"H-01467, Jaranwala Road, Faisalabad",426977
UTL001468,Mariam اعوان,,,1955-05-11,"H-01468, Saddar, Rawalpindi",37533
UTL001469,زینب Raja,69063-6176130-5,Mohammad Hasan Raja,1967-09-26,"H-01469, North Nazimabad, Karachi",12180
UTL001470,Fatimah Choudhary,63010-7396488-2,Ali Chaudhry,,"H-01470, G-10, Islamabad",5102
UTL001471,فیصل Mughal,17038-1153613-6,,1966-02-06,"H-01471, F-8, Islamabad",11511
UTL001472,Mariam اعوان,62590-3253793-5,Faisal اعوان,1959-07-01,"H-01472, Chaklala, Rawalpindi",17384
UTL001473,احمد Quraishi,79914-9674986-6,Mohammed Quraishi,1955-09-01,"H-01473, Peoples Colony, Faisalabad",6502
UTL001474,مریم اعوان,,Muhammed فیصل اعوان,1993-06-15,"H-01474, Madina Town, Faisalabad",111969
UTL001475,Hamza Shaykh,31510-8130118-1,,2001-02-06,"H-01475, Chaklala, Rawalpindi",9586
UTL001476,Hamzah قریشی,55314-7473815-8,Muhammed قریشی,1984-09-12,"H-01476, Johar Town, Lahore",17908
UTL001477,Hussain Raja,26766-3070407-8,حسن راجہ,1987-06-09,"H-01477, Model Town, Lahore",25015
UTL001478,Mohammad Khan,50042-7164406-4,حمزہ خان,1976-12-05,"H-01478, Chaklala, Rawalpindi",13942
UTL001479,Muhammad Ahmad Shaykh,68648-5789324-8,Muhammed Faisal Shaykh,2003-12-24,"H-01479, Gulberg, Lahore",33189
UTL001480,Hamzah Awan,41836-5923606-2,Hamzah اعوان,1965-01-07,"H-01480, Bahria Town, Rawalpindi",12707
UTL001481,Hira Shaikh,56351-1211654-8,Muhammed Shaikh,1959-10-26,"H-01481, Malir, Karachi",6601
UTL001482,Hussain Qureshi,,Imran Quraishi,1987-03-09,"H-01482, DHA, Lahore",10255
UTL001483,Muhammed Usman Chaudhry,14687-2742095-8,Ahmed Chaudhry,2000-07-15,"H-01483, F-7, Islamabad",16598
UTL001484,بلال Quraishi,43305-5268011-5,Husain Quraishi,,"H-01484, Model Town, Lahore",129396
UTL001485,Muhammad Ahmad اعوان,38500-8555391-8,,1955-11-22,"H-01485, Jaranwala Road, Faisalabad",13245
UTL001486,حسن مغل,,,1997-05-28,"H-01486, Clifton, Karachi",5827
UTL001487,Sana Moghul,86850-9853232-8,Ali مغل,2003-12-20,"H-01487, Peoples Colony, Faisalabad",5229
UTL001488,Hamzah Mughal,23717-5600997-7,Ali Moghul,1971-07-08,"H-01488, Johar Town, Lahore",37600
UTL001489,Hira Bhatti,27327-4418107-8,حسن Butt,1992-08-06,"H-01489, Model Town, Lahore",37055
UTL001490,Faisal Malik,,,1965-10-07,"H-01490, DHA, Lahore",11031
UTL001491,Muhammad Faisal راجہ,29097-3032166-0,Ahmed Raja,1955-03-08,"H-01491, Gulberg, Lahore",4446
UTL001492,Imran Sayed,59729-2922909-0,Muhammed Syed,1987-11-20,"H-01492, Satellite Town, Rawalpindi",32866
UTL001493,حرا Sayed,81793-2402762-4,Hasan Sayed,,"H-01493, DHA, Karachi",9921
UTL001494,Imran بٹ,94037-2426942-9,Imran بٹ,2003-01-26,"H-01494, F-8, Islamabad",20233
UTL001495,حسن Quraishi,,,1955-04-24,"H-01495, E-11, Islamabad",18761
UTL001496,Fatimah خان,53178-7361742-7,Ahmed خان,1976-01-23,"H-01496, G-10, Islamabad",5914
UTL001497,Maryam Butt,,Mohammad Hussain Butt,1960-12-03,"H-01497, DHA, Karachi",16005
UTL001498,Mohammed Husain خان,,,1972-10-16,"H-01498, Chaklala, Rawalpindi",5293
UTL001499,عمران Ch.,,عمران چوہدری,1964-07-18,"H-01499, Satellite Town, Rawalpindi",13077
UTL001500,Fatima Sayed,12021-9857606-3,,1982-09-18,"H-01500, Peoples Colony, Faisalabad",25211
UTL001501,Mohammad حمزہ Raja,57721-1513967-5,Faysal راجہ,1982-03-12,"H-01501, Saddar, Rawalpindi",35759
UTL001502,Mariam Khan,26581-1373745-1,علی خان,1982-12-25,"H-01502, Madina Town, Faisalabad",48101
UTL001503,Mohammed Bilal خان,,عثمان خان,1963-02-26,"H-01503, F-7, Islamabad",26834
UTL001504,Muhammed Ahmad اعوان,58114-2513511-2,Mohammad Hamzah Awan,1973-07-20,"H-01504, Satellite Town, Rawalpindi",6181
UTL001505,Muhammad Hussein Malik,87623-7758079-2,بلال Malick,1972-03-06,"H-01505, Jaranwala Road, Faisalabad",61662
UTL001506,Mohammad Imran مغل,16998-5434789-5,Hussain Moghul,1963-02-27,"H-01506, Malir, Karachi",37183
UTL001507,Othman اعوان,,,1991-03-05,"H-01507, Gulshan-e-Iqbal, Karachi",13183
UTL001508,Faysal خان,92853-7699116-3,عثمان خان,1981-05-02,"H-01508, DHA, Karachi",6469
UTL001509,حسین اعوان,,محمد Awan,1958-02-16,"H-01509, Cantt, Lahore",3454
UTL001510,Mohammed علی Bhatti,21808-3285890-6,Ahmed بٹ,,"H-01510, Bahria Town, Rawalpindi",32453
UTL001511,محمد Quraishi,,Faysal Qureshi,1978-01-20,"H-01511, Jaranwala Road, Faisalabad",53066
UTL001512,Mohammed احمد Quraishi,20599-1731815-5,,1983-01-27,"H-01512, Johar Town, Lahore",5092
UTL001513,Muhammed Khan,66385-6266537-0,,1985-05-23,"H-01513, Saddar, Rawalpindi",73180
UTL001514,عمران قریشی,,عمران Quraishi,1984-07-19,"H-01514, F-8, Islamabad",8493
UTL001515,بلال قریشی,43697-5681322-7,Ahmad قریشی,1981-12-03,"H-01515, Cantt, Lahore",20725
UTL001516,Hamza Choudhary,,Muhammad Chaudhry,1971-06-02,"H-01516, Bahria Town, Islamabad",15869
UTL001517,Fatimah شیخ,48898-4579179-5,حمزہ Shaikh,1971-09-25,"H-01517, Malir, Karachi",49243
UTL001518,Muhammed Bilal Raja,,Bilal Raja,1983-04-19,"H-01518, Malir, Karachi",19115
UTL001519,Hussain راجہ,,,1969-07-26,"H-01519, Madina Town, Faisalabad",12387
UTL001520,Bilal شیخ,53364-6603464-0,Muhammed حمزہ شیخ,1983-05-23,"H-01520, Madina Town, Faisalabad",52822
UTL001521,Osman Malick,30900-4455938-9,Mohammad علی Malick,2001-01-20,"H-01521, E-11, Islamabad",25991
UTL001522,Ahmed خان,13611-2706522-3,Mohammed Ahmed Khan,1960-02-15,"H-01522, Chaklala, Rawalpindi",12956
UTL001523,فیصل Khan,48657-8468468-6,محمد خان,1998-12-06,"H-01523, Model Town, Lahore",14241
UTL001524,Mohammed Hasan قریشی,99468-3971689-0,Muhammad Ahmed Qureshi,,"H-01524, F-7, Islamabad",14236
UTL001525,محمد خان,16655-2324391-5,Ahmad Khan,1976-04-28,"H-01525, Johar Town, Lahore",19843
UTL001526,عثمان مغل,93062-6700634-0,Hamza Mughal,1973-01-27,"H-01526, E-11, Islamabad",14029
UTL001527,Mohammad Ali Awan,,Othman Awan,1996-01-08,"H-01527, Jaranwala Road, Faisalabad",9809
UTL001528,Muhammad خان,98806-4627767-4,Muhammed Khan,1968-12-19,"H-01528, Chaklala, Rawalpindi",5277
UTL001529,محمد Chaudhry,76385-5768275-1,,1989-05-21,"H-01529, Saddar, Rawalpindi",28634
UTL001530,حسن Qureshi,,Hasan Qureshi,1978-11-19,"H-01530, Jaranwala Road, Faisalabad",17454
UTL001531,Ayesha Khan,73818-1218912-0,Muhammed بلال خان,1991-07-27,"H-01531, Malir, Karachi",17561
UTL001532,Muhammed عمران سید,44441-1739687-3,,1987-05-23,"H-01532, Satellite Town, Rawalpindi",43655
UTL001533,Muhammed حسن Moghul,86159-7290929-3,Mohammad مغل,1955-07-16,"H-01533, G-10, Islamabad",9478
UTL001534,Mohammed Osman Qureshi,31060-6837445-0,احمد Quraishi,1986-04-13,"H-01534, Clifton, Karachi",15397
UTL001535,Fatimah Butt,80416-5274350-2,,1958-11-06,"H-01535, Malir, Karachi",8732
UTL001536,حسن Ch.,22484-2170110-0,محمد چوہدری,1991-01-21,"H-01536, G-10, Islamabad",30022
UTL001537,Osman Ch.,82847-7945843-8,Muhammed Husain Ch.,1970-01-05,"H-01537, North Nazimabad, Karachi",12237
UTL001538,Maryam Awan,,Othman اعوان,1984-06-25,"H-01538, Gulberg, Lahore",41664
UTL001539,زینب Mughal,32412-8105112-4,Ali Moghul,1980-01-08,"H-01539, DHA, Lahore",28150
UTL001540,Mohammad Shaykh,56363-9735237-2,Mohammed Ahmed Shaykh,1971-08-15,"H-01540, Chaklala, Rawalpindi",31127
UTL001541,Mohammad اعوان,55121-3919631-3,Imran Awan,1955-03-07,"H-01541, DHA, Karachi",8449
UTL001542,Muhammad Faysal Sheikh,78738-3088644-8,Muhammed Faysal Shaikh,1986-12-01,"H-01542, Gulshan-e-Iqbal, Karachi",16371
UTL001543,Bilal Malick,67216-4547307-8,Othman Malick,1976-09-18,"H-01543, North Nazimabad, Karachi",24592
UTL001544,Faysal Awan,22346-7404194-8,,1957-12-02,"H-01544, Bahria Town, Rawalpindi",16926
UTL001545,Hamzah Raja,18803-7298799-9,,1987-10-16,"H-01545, Madina Town, Faisalabad",35841
UTL001546,Osman Bhatti,77359-3316968-2,Muhammed حمزہ Butt,1965-01-02,"H-01546, DHA, Karachi",24039
UTL001547,Imran شیخ,,Husain Shaikh,1960-05-09,"H-01547, Gulberg, Lahore",4125
UTL001548,Ali راجہ,65241-7038145-9,Mohammad Faysal راجہ,2000-04-23,"H-01548, DHA, Karachi",18884
UTL001549,Ali خان,46306-3504296-3,,1963-12-15,"H-01549, DHA, Lahore",49625
UTL001550,Ahmad Choudhary,15430-3191822-8,Ahmed Chaudhry,1981-06-02,"H-01550, F-8, Islamabad",13065
UTL001551,Mohammad Qureshi,67667-8665812-7,Othman قریشی,1980-10-04,"H-01551, Madina Town, Faisalabad",6510
UTL001552,Ali Malick,88409-2504225-6,Ahmad Malick,1985-05-13,"H-01552, Clifton, Karachi",21351
UTL001553,Muhammad فیصل Raja,13823-5423659-3,Imran Raja,1972-02-20,"H-01553, DHA, Lahore",15880
UTL001554,Hasan Malik,,,1980-09-12,"H-01554, Satellite Town, Rawalpindi",8810
UTL001555,Marium خان,,Faisal Khan,1987-07-12,"H-01555, Bahria Town, Rawalpindi",12689
UTL001556,حسین Bhatti,63555-7568552-3,Mohammad Husain Bhatti,1993-04-23,"H-01556, Malir, Karachi",92506
UTL001557,Mohammad Hussain Moghul,69456-4183858-2,,1979-03-14,"H-01557, Bahria Town, Rawalpindi",34878
UTL001558,علی بٹ,,,1999-06-09,"H-01558, Johar Town, Lahore",46465
UTL001559,Imran Raja,74617-2645611-9,بلال Raja,1964-11-08,"H-01559, North Nazimabad, Karachi",59506
UTL001560,فیصل مغل,38914-4372441-8,Osman Mughal,1970-03-24,"H-01560, Chaklala, Rawalpindi",286997
UTL001561,Fatimah Qureshi,79681-4956910-3,,1971-04-27,"H-01561, Gulshan-e-Iqbal, Karachi",23093
UTL001562,Muhammad احمد قریشی,,Hussein قریشی,1978-08-25,"H-01562, Peoples Colony, Faisalabad",17550
UTL001563,Muhammad Hamzah Quraishi,86916-5500507-5,,1978-04-14,"H-01563, Satellite Town, Rawalpindi",11337
UTL001564,Mohammed بلال Sayyid,60109-2066731-6,Hasan Sayyid,1972-03-03,"H-01564, Jaranwala Road, Faisalabad",4346
UTL001565,Imran خان,91045-6139691-8,Mohammad Ahmad خان,1976-03-25,"H-01565, Peoples Colony, Faisalabad",6135
UTL001566,Faysal Syed,68547-4048820-1,,1955-08-28,"H-01566, Chaklala, Rawalpindi",38940
UTL001567,فیصل Malik,,,1997-05-21,"H-01567, F-8, Islamabad",49459
UTL001568,حسن Shaykh,49452-6313929-4,حسن Shaykh,2000-01-15,"H-01568, Saddar, Rawalpindi",10035
UTL001569,Mohammad Hamza Chaudhry,13930-9961282-1,Hamza Chaudhary,1988-06-06,"H-01569, DHA, Karachi",14191
UTL001570,Imran Awan,46811-6340785-2,,1978-11-09,"H-01570, North Nazimabad, Karachi",76148
UTL001571,Muhammed Bilal راجہ,45003-9355981-0,Mohammed احمد راجہ,1986-04-21,"H-01571, Chaklala, Rawalpindi",19618
UTL001572,عمران Syed,,حمزہ Syed,1963-10-14,"H-01572, F-8, Islamabad",13840
UTL001573,Hasan اعوان,46524-2039271-0,Mohammad Othman Awan,1964-08-18,"H-01573, DHA, Karachi",22618
UTL001574,Othman Raja,,Ali Raja,2001-03-03,"H-01574, DHA, Karachi",53176
UTL001575,Ahmad Sayyid,,Ahmad Sayed,1968-07-17,"H-01575, North Nazimabad, Karachi",63168
UTL001576,Fatimah Khan,35967-7343187-6,Usman خان,1977-12-05,"H-01576, DHA, Lahore",21984
UTL001577,فیصل Sheikh,92728-9130904-3,Mohammed Osman شیخ,1963-12-12,"H-01577, Jaranwala Road, Faisalabad",10118
UTL001578,Hasan Shaykh,93877-8427171-3,,1967-09-20,"H-01578, Gulberg, Lahore",6829
UTL001579,Mohammad Husain قریشی,,Hasan Quraishi,1982-07-03,"H-01579, Bahria Town, Rawalpindi",11172
UTL001580,Mariam Malick,70177-1764398-8,علی Malik,1979-10-16,"H-01580, North Nazimabad, Karachi",47903
UTL001581,Hasan سید,11855-9244193-1,Mohammed Ali سید,1980-02-12,"H-01581, DHA, Karachi",15227
UTL001582,عمران راجہ,74617-8293757-4,,1971-07-16,"H-01582, DHA, Lahore",5528
UTL001583,علی Sheikh,,Imran Shaykh,1956-11-04,"H-01583, Gulberg, Lahore",39904
UTL001584,Muhammad Usman Raja,97163-4089229-2,Muhammad Osman Raja,1980-01-13,"H-01584, Madina Town, Faisalabad",20409
UTL001585,Hassan قریشی,,Ahmed قریشی,1996-02-18,"H-01585, Malir, Karachi",11566
UTL001586,زینب ملک,73644-6289106-3,Imran Malik,1974-02-21,"H-01586, DHA, Lahore",5155
UTL001587,Mohammed ملک,,,1973-11-13,"H-01587, Johar Town, Lahore",54779
UTL001588,حرا Quraishi,51134-5644752-7,محمد Qureshi,1978-06-09,"H-01588, Saddar, Rawalpindi",10898
UTL001589,Ahmed Quraishi,45083-2208309-1,فیصل قریشی,,"H-01589, Malir, Karachi",12898
UTL001590,Faysal Syed,87454-6386166-7,Muhammed Imran Sayyid,1986-06-26,"H-01590, Madina Town, Faisalabad",11322
UTL001591,علی خان,66963-3655761-0,احمد خان,1994-11-16,"H-01591, F-8, Islamabad",23367
UTL001592,Ali Butt,84917-5087783-6,Faisal بٹ,,"H-01592, Clifton, Karachi",20446
UTL001593,Marium Khan,,Ali خان,1982-08-16,"H-01593, Jaranwala Road, Faisalabad",7984
UTL001594,Muhammed علی اعوان,70343-6689470-9,,1989-10-16,"H-01594, Saddar, Rawalpindi",14541
UTL001595,Zaynab Choudhary,50470-4406031-1,Faisal Chaudhry,1960-11-25,"H-01595, Cantt, Lahore",9693
UTL001596,Imran Mughal,40562-3091937-2,Mohammed Mughal,1965-02-19,"H-01596, F-8, Islamabad",7176
UTL001597,Muhammed Hamza Syed,83798-8652001-4,Hamzah Sayed,1955-12-02,"H-01597, G-10, Islamabad",7938
UTL001598,Marium بٹ,97212-8302424-7,بلال Butt,1974-10-15,"H-01598, Bahria Town, Islamabad",13591
UTL001599,Muhammad Ahmed Sayyid,55555-8157670-0,Hussein Syed,1976-01-01,"H-01599, Johar Town, Lahore",8161
UTL001600,Hamza Chaudhary,60609-5570107-9,Bilal چوہدری,1994-03-15,"H-01600, North Nazimabad, Karachi",3251
UTL001601,علی Moghul,52086-4494238-0,Muhammed عثمان Moghul,1992-08-24,"H-01601, Bahria Town, Rawalpindi",11548
UTL001602,علی Raja,64201-4462315-6,Hussein Raja,1970-02-28,"H-01602, Johar Town, Lahore",5782
UTL001603,فیصل Syed,64256-8291789-3,Muhammed Husain Sayyid,1976-05-28,"H-01603, G-10, Islamabad",54262
UTL001604,Husain بٹ,,Faisal Butt,1993-10-08,"H-01604, Gulshan-e-Iqbal, Karachi",28153
UTL001605,Hussain Mughal,39676-5523795-6,,1956-09-25,"H-01605, Chaklala, Rawalpindi",9425
UTL001606,Ali Choudhary,53016-9397068-6,Ali Choudhary,1993-12-16,"H-01606, North Nazimabad, Karachi",9315
UTL001607,Muhammed Faisal Raja,45338-2673677-3,علی راجہ,1961-01-25,"H-01607, Jaranwala Road, Faisalabad",13474
UTL001608,Muhammad Shaykh,,Mohammad حسین شیخ,,"H-01608, Malir, Karachi",6326
UTL001609,زینب قریشی,26470-1625661-3,,1957-05-09,"H-01609, Bahria Town, Rawalpindi",24379
UTL001610,Bilal ملک,39287-1916164-0,Ali Malik,2002-06-04,"H-01610, Cantt, Lahore",6145
UTL001611,زینب سید,,Osman Sayyid,1992-06-21,"H-01611, Bahria Town, Islamabad",8223
UTL001612,Ayesha Raja,85191-4664158-1,Husain راجہ,2000-06-18,"H-01612, Saddar, Rawalpindi",28732
UTL001613,بلال سید,,عمران Sayed,1978-01-07,"H-01613, DHA, Lahore",20748
UTL001614,Fatima Sheikh,35546-6201396-7,Hussain Shaykh,1966-05-14,"H-01614, Clifton, Karachi",7534
UTL001615,حسن Awan,,,1957-09-26,"H-01615, Peoples Colony, Faisalabad",22718
UTL001616,Ali Mughal,,احمد مغل,1996-11-16,"H-01616, E-11, Islamabad",11245
UTL001617,Zaynab چوہدری,,Muhammad علی چوہدری,1969-09-26,"H-01617, Gulshan-e-Iqbal, Karachi",19642
UTL001618,Ali Shaykh,46743-8085070-6,,1966-08-25,"H-01618, Jaranwala Road, Faisalabad",33706
UTL001619,حسن Ch.,30095-4922062-0,,,"H-01619, Cantt, Lahore",68764
UTL001620,Hassan خان,38765-4309617-4,بلال خان,,"H-01620, DHA, Lahore",111381
UTL001621,Bilal اعوان,67349-8161659-2,Muhammed حمزہ اعوان,1994-10-12,"H-01621, F-7, Islamabad",22910
UTL001622,علی بٹ,17346-2312681-2,حسن بٹ,2002-10-18,"H-01622, F-8, Islamabad",28296
UTL001623,Muhammad Hasan خان,27276-1782937-2,,1973-08-03,"H-01623, Model Town, Lahore",52045
UTL001624,Ahmad Awan,96758-3221349-4,Mohammad Awan,,"H-01624, Gulberg, Lahore",118323
UTL001625,Imran Awan,94173-9307947-5,Hussein اعوان,1981-02-20,"H-01625, Malir, Karachi",26534
UTL001626,Husain خان,93862-4814971-3,Hamzah خان,1964-11-16,"H-01626, Chaklala, Rawalpindi",24256
UTL001627,عمران Malik,55504-1672820-9,,1979-07-25,"H-01627, Gulberg, Lahore",6873
UTL001628,Imran Sheikh,42650-4147850-7,Faisal Sheikh,1959-03-04,"H-01628, Johar Town, Lahore",8915
UTL001629,Ahmad راجہ,40894-6815916-8,Muhammad بلال راجہ,2002-10-02,"H-01629, Saddar, Rawalpindi",31068
UTL001630,حمزہ Khan,,علی Khan,1977-02-19,"H-01630, Chaklala, Rawalpindi",219698
UTL001631,علی مغل,74748-2711673-2,Muhammad Ali Mughal,1964-08-13,"H-01631, F-7, Islamabad",33133
UTL001632,Hasan راجہ,31436-1366106-5,حسین راجہ,1964-03-04,"H-01632, Bahria Town, Rawalpindi",9147
UTL001633,Husain مغل,35598-1025295-8,حسن مغل,1967-05-10,"H-01633, Bahria Town, Rawalpindi",25338
UTL001634,Husain راجہ,76659-6546440-0,,1984-01-26,"H-01634, Peoples Colony, Faisalabad",45056
UTL001635,Sana Qureshi,51054-4178720-7,Hamzah قریشی,1971-10-23,"H-01635, North Nazimabad, Karachi",53775
UTL001636,علی Mughal,,Hamza Moghul,1986-08-11,"H-01636, E-11, Islamabad",83194
UTL001637,فیصل Sheikh,20558-7702274-5,عمران Shaikh,1960-03-26,"H-01637, Malir, Karachi",16688
UTL001638,Usman Mughal,87663-5795558-1,Ahmad Moghul,1975-07-07,"H-01638, Gulberg, Lahore",28438
UTL001639,Mohammad Faysal Syed,42029-8772420-2,Bilal Syed,,"H-01639, Johar Town, Lahore",14101
UTL001640,Mohammad سید,53938-5348804-9,Muhammed Imran سید,1956-11-22,"H-01640, Saddar, Rawalpindi",6539
UTL001641,حسن Chaudhary,95813-1678596-0,Mohammed Hussein Chaudhry,1991-09-28,"H-01641, Clifton, Karachi",91076
UTL001642,Ahmed Malik,22368-3900709-1,Muhammed عثمان ملک,2002-05-17,"H-01642, Gulberg, Lahore",18006
UTL001643,Osman Raja,81229-7998722-8,Mohammed Hamza راجہ,1980-05-01,"H-01643, Johar Town, Lahore",15166
UTL001644,Hussein راجہ,61047-6189258-4,Ali Raja,,"H-01644, Madina Town, Faisalabad",195790
UTL001645,مریم راجہ,51114-9737254-5,بلال راجہ,1995-07-10,"H-01645, Bahria Town, Rawalpindi",50365
UTL001646,Mohammad Ahmed Mughal,,احمد Mughal,1994-03-23,"H-01646, Bahria Town, Rawalpindi",23723
UTL001647,Muhammed احمد Choudhary,,حسین چوہدری,1965-10-09,"H-01647, DHA, Lahore",11913
UTL001648,Husain اعوان,24669-2510748-7,,1983-03-27,"H-01648, Jaranwala Road, Faisalabad",61935
UTL001649,Faysal راجہ,77330-4341392-1,Muhammad Imran راجہ,1956-01-08,"H-01649, Clifton, Karachi",9251
UTL001650,Ali خان,,عمران خان,1976-04-18,"H-01650, DHA, Karachi",20391
UTL001651,Usman Khan,45409-5098200-8,Mohammad Hasan خان,1990-12-01,"H-01651, F-8, Islamabad",30198
UTL001652,Muhammad Bilal Mughal,,Hamzah Moghul,1980-09-23,"H-01652, Cantt, Lahore",22769
UTL001653,فاطمہ Chaudhry,37106-9415479-9,Bilal Chaudhry,1998-04-07,"H-01653, Cantt, Lahore",10211
UTL001654,Muhammed Imran Qureshi,,Hamza Quraishi,1961-04-14,"H-01654, North Nazimabad, Karachi",5770
UTL001655,محمد Malick,97008-9486611-2,Muhammad Hassan Malick,1969-12-20,"H-01655, Gulberg, Lahore",44113
UTL001656,عثمان Sheikh,79252-9000563-5,,1980-08-16,"H-01656, Saddar, Rawalpindi",7791
UTL001657,Hira Quraishi,10822-9768556-1,Husain Qureshi,,"H-01657, Madina Town, Faisalabad",10281
UTL001658,Aisha Awan,,Bilal Awan,1992-09-21,"H-01658, Jaranwala Road, Faisalabad",17299
UTL001659,Mohammad حمزہ Shaykh,61221-7322835-5,Bilal Shaykh,1989-07-25,"H-01659, Clifton, Karachi",22396
UTL001660,Mohammad علی قریشی,50376-9509903-9,Muhammad Faisal Qureshi,1965-06-11,"H-01660, Bahria Town, Rawalpindi",27667
UTL001661,Hira Khan,27891-1377064-7,Hussein خان,1995-08-05,"H-01661, Chaklala, Rawalpindi",47480
UTL001662,Ahmad اعوان,61951-9127407-0,Imran Awan,1955-09-26,"H-01662, Jaranwala Road, Faisalabad",6327
UTL001663,Mohammad Hamza Butt,99860-5768531-6,Husain بٹ,1959-09-07,"H-01663, Peoples Colony, Faisalabad",21780
UTL001664,Ahmad Syed,47876-8689599-8,,1968-07-24,"H-01664, Bahria Town, Rawalpindi",15347
UTL001665,Mohammad بلال بٹ,13664-5449671-4,Usman Bhatti,1955-10-06,"H-01665, Jaranwala Road, Faisalabad",22630
UTL001666,Ayesha Qureshi,14115-3751906-6,Mohammed Ali Quraishi,1984-01-13,"H-01666, DHA, Lahore",4102
UTL001667,Muhammed راجہ,,Mohammed Imran Raja,1961-04-01,"H-01667, Model Town, Lahore",28746
UTL001668,Mohammed Quraishi,97393-4971549-9,فیصل Quraishi,2002-08-09,"H-01668, Chaklala, Rawalpindi",18555
UTL001669,Imran Quraishi,,Osman قریشی,1955-01-01,"H-01669, Bahria Town, Rawalpindi",12886
UTL001670,Hira Sayyid,88176-6970859-3,Muhammad Sayed,1977-07-10,"H-01670, North Nazimabad, Karachi",14593
UTL001671,Mohammad Hamzah Raja,68828-1868830-8,Hamza Raja,2001-01-21,"H-01671, E-11, Islamabad",18059
UTL001672,حرا Khan,,Muhammed Othman Khan,1999-02-02,"H-01672, DHA, Karachi",9669
UTL001673,Muhammed Husain Shaykh,15670-7600067-7,حسین شیخ,1997-06-14,"H-01673, Jaranwala Road, Faisalabad",41686
UTL001674,Zaynab Shaikh,,Ahmad Sheikh,1975-06-20,"H-01674, F-7, Islamabad",38855
UTL001675,Fatema Qureshi,34148-4033321-1,,1955-06-08,"H-01675, Bahria Town, Rawalpindi",40351
UTL001676,حمزہ خان,,حسین Khan,1989-05-22,"H-01676, E-11, Islamabad",14674
UTL001677,فیصل سید,22633-4888291-8,,1975-01-16,"H-01677, F-8, Islamabad",23164
UTL001678,Osman قریشی,31787-1945506-0,Hasan قریشی,1980-03-22,"H-01678, DHA, Lahore",13953
UTL001679,Mohammad Hamza Chaudhry,74835-3634911-6,Husain چوہدری,1989-11-18,"H-01679, Johar Town, Lahore",27880
UTL001680,Imran Quraishi,52562-3868387-2,Mohammad Faisal Qureshi,,"H-01680, Bahria Town, Islamabad",9247
UTL001681,علی قریشی,25159-9428153-5,Hamza Qureshi,1978-10-03,"H-01681, Malir, Karachi",5483
UTL001682,عمران Khan,,Hamza Khan,1984-05-09,"H-01682, G-10, Islamabad",11884
UTL001683,عثمان Shaikh,78327-5962643-1,Mohammed حمزہ شیخ,1962-06-19,"H-01683, E-11, Islamabad",13676
UTL001684,فاطمہ بٹ,36630-1614835-5,Mohammed حسن بٹ,1986-09-18,"H-01684, Bahria Town, Islamabad",159117
UTL001685,Bilal Malick,41410-9743708-9,Ali ملک,,"H-01685, Clifton, Karachi",9361
UTL001686,Muhammad عمران Malick,72903-8972832-3,Mohammad Malik,1973-09-14,"H-01686, F-8, Islamabad",42195
UTL001687,علی Malick,,Muhammed Othman Malik,2001-04-16,"H-01687, Chaklala, Rawalpindi",446553
UTL001688,Ahmed Raja,56693-8127897-7,Hassan راجہ,1973-05-28,"H-01688, Madina Town, Faisalabad",12179
UTL001689,Mariam سید,62099-2095626-4,Muhammed Hassan Sayyid,1968-07-05,"H-01689, Cantt, Lahore",5581
UTL001690,Muhammad بلال Sayed,16902-1486424-0,Ahmed سید,1958-09-20,"H-01690, G-10, Islamabad",31042
UTL001691,Fatima مغل,40664-6710639-2,,2000-02-18,"H-01691, North Nazimabad, Karachi",3844
UTL001692,Husain Shaykh,46298-9633551-8,حسین Shaikh,1994-11-20,"H-01692, E-11, Islamabad",64808
UTL001693,Hamza Shaikh,,Usman Shaykh,2003-09-05,"H-01693, Peoples Colony, Faisalabad",70502
UTL001694,Ali Shaykh,86520-8763837-8,Faysal Sheikh,1997-11-28,"H-01694, Malir, Karachi",20955
UTL001695,علی بٹ,34580-8580838-1,حمزہ Butt,1955-06-25,"H-01695, Jaranwala Road, Faisalabad",6380
UTL001696,Hussain Qureshi,37015-8137934-7,,1988-07-17,"H-01696, Gulshan-e-Iqbal, Karachi",10403
UTL001697,Muhammed چوہدری,,Mohammed Ahmad Chaudhary,,"H-01697, Jaranwala Road, Faisalabad",13593
UTL001698,ثناء ملک,85554-1190530-0,Faysal Malick,1997-12-19,"H-01698, G-10, Islamabad",40624
UTL001699,احمد Awan,58549-6295273-2,Imran اعوان,1982-07-19,"H-01699, Saddar, Rawalpindi",5593
UTL001700,Ahmad Quraishi,12708-8796027-0,Othman Qureshi,1967-03-22,"H-01700, Jaranwala Road, Faisalabad",3654
UTL001701,Ahmed Mughal,20462-1175074-3,Muhammed عمران Mughal,1963-10-16,"H-01701, Cantt, Lahore",7334
UTL001702,Usman Malik,,Muhammed Osman Malik,1989-02-28,"H-01702, Johar Town, Lahore",16514
UTL001703,عثمان Khan,,Bilal Khan,1959-06-23,"H-01703, Model Town, Lahore",9673
UTL001704,بلال سید,20337-4641208-5,عمران سید,2001-10-13,"H-01704, Johar Town, Lahore",14059
UTL001705,عثمان Choudhary,10932-6601298-8,عثمان Chaudhary,2003-07-03,"H-01705, Madina Town, Faisalabad",3442
UTL001706,حرا Ch.,,Mohammed Faisal Chaudhry,1986-10-06,"H-01706, Gulshan-e-Iqbal, Karachi",5763
UTL001707,Ahmed سید,61496-1714496-2,عمران سید,1970-08-16,"H-01707, F-8, Islamabad",4156
UTL001708,Mohammed Imran Moghul,63721-1078617-5,حسن Moghul,1973-03-17,"H-01708, Satellite Town, Rawalpindi",5708
UTL001709,Ahmad Syed,23741-8748174-5,,1976-09-28,"H-01709, DHA, Karachi",11521
UTL001710,Zainab خان,,Muhammed عمران خان,1955-03-16,"H-01710, F-7, Islamabad",27743
UTL001711,حمزہ Syed,27605-9541450-1,Mohammed حسین Sayed,1995-05-22,"H-01711, Johar Town, Lahore",26388
UTL001712,Faisal قریشی,85411-7908210-9,Mohammed Quraishi,1981-08-13,"H-01712, DHA, Lahore",54503
UTL001713,Faysal Shaykh,80330-5667750-9,Imran Shaikh,1984-05-28,"H-01713, Cantt, Lahore",98207
UTL001714,حسن Quraishi,69464-3278090-7,Ahmed Qureshi,1984-05-07,"H-01714, Jaranwala Road, Faisalabad",9033
UTL001715,Mohammad Ahmad Sayed,,Faisal Sayed,1987-09-03,"H-01715, F-7, Islamabad",8104
UTL001716,Mariam قریشی,,Hussein Qureshi,2003-08-15,"H-01716, Madina Town, Faisalabad",110673
UTL001717,Mohammed Moghul,24774-6857037-3,Imran مغل,1995-07-01,"H-01717, North Nazimabad, Karachi",45043
UTL001718,Othman بٹ,44336-2137832-2,Hassan Butt,1960-10-02,"H-01718, DHA, Lahore",36922
UTL001719,Mohammed حمزہ اعوان,,Muhammed Awan,1958-12-23,"H-01719, DHA, Lahore",9692
UTL001720,احمد Moghul,45484-7228229-3,عمران Mughal,1996-02-02,"H-01720, Gulberg, Lahore",31263
UTL001721,Ahmad شیخ,81301-8811741-0,فیصل Shaykh,2001-12-18,"H-01721, Model Town, Lahore",15345
UTL001722,فیصل سید,33259-7261161-1,Muhammad حمزہ سید,1974-03-06,"H-01722, Gulberg, Lahore",13239
UTL001723,Mohammed علی Sayyid,79936-1866001-0,Hassan Syed,1974-07-17,"H-01723, DHA, Karachi",15737
UTL001724,محمد Awan,81585-7700086-7,,1958-03-25,"H-01724, Clifton, Karachi",19532
UTL001725,Bilal سید,,,1989-10-01,"H-01725, DHA, Lahore",64809
UTL001726,Mohammed Khan,41902-3291121-5,Faisal Khan,1955-01-26,"H-01726, Malir, Karachi",109714
UTL001727,Hassan Khan,31003-2569075-1,,1989-07-19,"H-01727, Bahria Town, Rawalpindi",10885
UTL001728,بلال اعوان,25722-1418620-4,Othman Awan,2000-05-24,"H-01728, Gulberg, Lahore",16182
UTL001729,Aisha مغل,18965-8951745-0,حمزہ مغل,1971-05-08,"H-01729, Cantt, Lahore",13719
UTL001730,Hasan Butt,34073-7048956-2,Ahmad Bhatti,1996-07-01,"H-01730, F-8, Islamabad",20840
UTL001731,Muhammed Ahmad Shaykh,,Hamzah Shaykh,1966-07-20,"H-01731, North Nazimabad, Karachi",3992
UTL001732,حرا Qureshi,,بلال Qureshi,1960-11-15,"H-01732, F-7, Islamabad",12452
UTL001733,Imran خان,,Imran Khan,1977-02-13,"H-01733, Model Town, Lahore",98061
UTL001734,Mohammed Osman Raja,32377-8211972-8,,2003-12-10,"H-01734, Madina Town, Faisalabad",9577
UTL001735,زینب Awan,77336-8068258-2,,1984-07-02,"H-01735, Peoples Colony, Faisalabad",30384
UTL001736,Hussein Awan,,Imran Awan,1960-10-04,"H-01736, F-7, Islamabad",18673
UTL001737,Zainab مغل,,محمد Moghul,1958-07-19,"H-01737, Madina Town, Faisalabad",8592
UTL001738,Muhammad Bilal Moghul,52734-4866497-4,,1972-09-14,"H-01738, Gulberg, Lahore",9988
UTL001739,Imran Shaikh,85246-9854747-6,Othman شیخ,1972-07-06,"H-01739, Clifton, Karachi",5658
UTL001740,Ahmed Shaykh,99957-3489477-0,Osman Shaikh,1976-01-07,"H-01740, Johar Town, Lahore",38877
UTL001741,Mohammed Raja,42593-5893759-6,Hamzah راجہ,1970-10-04,"H-01741, Peoples Colony, Faisalabad",46923
UTL001742,Mohammed Imran راجہ,21794-3035379-4,Ahmed Raja,1980-01-01,"H-01742, Jaranwala Road, Faisalabad",19400
UTL001743,بلال Mughal,,Muhammed Hamzah Moghul,2002-10-22,"H-01743, Gulberg, Lahore",41525
UTL001744,حرا مغل,11167-6651210-4,Imran Moghul,1960-09-14,"H-01744, Malir, Karachi",22680
UTL001745,محمد خان,87265-9641104-4,حسن Khan,1970-07-04,"H-01745, North Nazimabad, Karachi",37118
UTL001746,Hamza Malick,21162-6340871-1,Faisal Malick,1990-11-12,"H-01746, North Nazimabad, Karachi",38922
UTL001747,Mohammad عمران شیخ,,حسین Shaykh,1997-01-03,"H-01747, Peoples Colony, Faisalabad",70889
UTL001748,Husain Sayyid,68520-6396419-6,Faysal Sayyid,1993-10-09,"H-01748, Saddar, Rawalpindi",47636
UTL001749,Mohammad Bilal سید,17034-2602065-0,عمران سید,1963-05-21,"H-01749, Bahria Town, Rawalpindi",24523
UTL001750,Imran Malick,28058-4732799-8,Mohammad Hamza Malick,1993-05-01,"H-01750, Madina Town, Faisalabad",7405
UTL001751,Mohammad Raja,19178-9336274-4,Usman Raja,1963-08-08,"H-01751, Bahria Town, Islamabad",38933
UTL001752,Mohammad Bilal Bhatti,55146-8624134-0,Mohammad Bhatti,,"H-01752, Gulberg, Lahore",10545
UTL001753,عمران قریشی,25229-8024165-1,Ali قریشی,1995-06-12,"H-01753, North Nazimabad, Karachi",5440
UTL001754,Bilal Malick,70902-3900663-3,,1971-07-14,"H-01754, DHA, Karachi",4057
UTL001755,Imran Shaykh,13882-2505437-2,Mohammed Hasan Shaykh,1963-10-24,"H-01755, Saddar, Rawalpindi",423519
UTL001756,Mohammad Othman ملک,,Mohammed Othman ملک,1955-08-24,"H-01756, DHA, Lahore",9373
UTL001757,حسین Butt,50037-3981384-2,حمزہ Butt,1981-04-28,"H-01757, Saddar, Rawalpindi",14546
UTL001758,Aysha Malik,53633-4969452-0,Osman Malick,1986-12-24,"H-01758, Madina Town, Faisalabad",30404
UTL001759,حمزہ Sheikh,55838-8077565-1,Muhammed حمزہ Shaykh,1981-09-06,"H-01759, F-8, Islamabad",18284
UTL001760,علی اعوان,69383-1063641-8,Bilal Awan,1981-12-26,"H-01760, Johar Town, Lahore",16034
UTL001761,Fatema Shaykh,91448-8414351-6,عمران شیخ,1983-09-28,"H-01761, F-7, Islamabad",9594
UTL001762,Hamzah Awan,85783-2008134-3,Mohammed Othman اعوان,1955-01-14,"H-01762, Clifton, Karachi",16287
UTL001763,Muhammed Imran Moghul,29080-3106447-3,Usman مغل,1972-04-10,"H-01763, Chaklala, Rawalpindi",26759
UTL001764,ثناء Shaikh,21387-6641815-6,,1993-12-25,"H-01764, Clifton, Karachi",13148
UTL001765,Mohammad Sayed,94255-2475412-1,,1997-12-20,"H-01765, G-10, Islamabad",7667
UTL001766,Imran Sheikh,10330-8198004-3,Mohammad Hussein شیخ,1969-06-22,"H-01766, Bahria Town, Rawalpindi",35821
UTL001767,Imran راجہ,,Faisal راجہ,1981-09-01,"H-01767, DHA, Lahore",4427
UTL001768,عثمان Malick,33821-2528539-2,Usman ملک,1974-04-22,"H-01768, DHA, Karachi",6125
UTL001769,علی Ch.,,فیصل Ch.,2002-09-14,"H-01769, DHA, Karachi",74380
UTL001770,فاطمہ Malik,,,1958-12-07,"H-01770, Peoples Colony, Faisalabad",17907
UTL001771,Ahmed Malik,11730-4520809-4,Hamza Malick,1962-04-04,"H-01771, F-7, Islamabad",52564
UTL001772,Faysal Awan,15975-2760974-6,Muhammed Ali Awan,2003-06-22,"H-01772, Peoples Colony, Faisalabad",12034
UTL001773,Muhammed Imran بٹ,94936-5779750-7,Mohammad عمران Butt,1976-06-01,"H-01773, North Nazimabad, Karachi",14022
UTL001774,Hasan اعوان,,Ahmad اعوان,1956-08-06,"H-01774, F-8, Islamabad",18319
UTL001775,ثناء Khan,71339-1943518-3,Hamzah خان,1962-07-04,"H-01775, Bahria Town, Rawalpindi",86232
UTL001776,Faisal اعوان,36581-7445760-4,Mohammad حمزہ Awan,1986-02-18,"H-01776, Gulberg, Lahore",11003
UTL001777,Muhammad اعوان,10914-4054479-4,Mohammed Imran اعوان,1955-11-24,"H-01777, Saddar, Rawalpindi",12270
UTL001778,Muhammad Osman اعوان,11930-3847369-4,حسین Awan,,"H-01778, Madina Town, Faisalabad",34281
UTL001779,Mohammad Ahmad سید,60390-7416055-8,Othman Sayyid,1984-05-13,"H-01779, Madina Town, Faisalabad",13668
UTL001780,Bilal اعوان,67269-2986324-3,Faysal اعوان,1978-12-24,"H-01780, F-7, Islamabad",22186
UTL001781,عثمان Khan,,احمد Khan,1955-08-01,"H-01781, Malir, Karachi",33832
UTL001782,علی Bhatti,,Mohammad Ali Bhatti,,"H-01782, DHA, Lahore",17808
UTL001783,Mohammad Butt,88733-2251483-0,Othman Butt,1969-01-05,"H-01783, Malir, Karachi",19439
UTL001784,Maryam Qureshi,48115-7782690-3,Muhammad Hasan قریشی,1997-10-28,"H-01784, Peoples Colony, Faisalabad",7120
UTL001785,Muhammad احمد Khan,25530-5632814-7,Mohammed Bilal خان,1971-03-16,"H-01785, F-7, Islamabad",21194
UTL001786,عائشہ Qureshi,82326-6653251-5,احمد Quraishi,1963-09-25,"H-01786, Bahria Town, Rawalpindi",19324
UTL001787,Zainab Malik,87630-7243070-9,حمزہ Malick,1987-02-11,"H-01787, Gulberg, Lahore",4020
UTL001788,Muhammed Faisal اعوان,60246-1316431-2,Husain Awan,1973-07-25,"H-01788, Gulberg, Lahore",6364
UTL001789,Hussain Syed,28526-1615362-5,احمد Sayyid,,"H-01789, Satellite Town, Rawalpindi",54011
UTL001790,Ayisha Qureshi,95503-9064545-8,Muhammed Hassan قریشی,1985-11-24,"H-01790, Chaklala, Rawalpindi",8611
UTL001791,Hussain Ch.,34341-8420570-4,Mohammad Ahmad Choudhary,1974-09-28,"H-01791, Madina Town, Faisalabad",5691
UTL001792,Bilal Khan,32643-6575585-4,,1998-09-13,"H-01792, Cantt, Lahore",7335
UTL001793,Imran راجہ,68811-7989714-6,,1963-01-15,"H-01793, F-7, Islamabad",6104
UTL001794,حرا Chaudhary,18860-4464951-5,,2001-09-13,"H-01794, Johar Town, Lahore",194904
UTL001795,فیصل Shaykh,66523-9454872-7,Faysal Shaikh,,"H-01795, Cantt, Lahore",5324
UTL001796,Imran Raja,33116-1965266-5,Muhammad Othman Raja,1970-05-01,"H-01796, Bahria Town, Rawalpindi",42792
UTL001797,Muhammed Hamzah Chaudhary,,Hamzah Choudhary,1982-05-25,"H-01797, Peoples Colony, Faisalabad",7915
UTL001798,بلال Awan,75561-8774115-7,Mohammad Usman Awan,1977-05-06,"H-01798, Malir, Karachi",25862
UTL001799,Hasan Raja,33714-9000330-3,Bilal راجہ,2002-03-15,"H-01799, F-8, Islamabad",61529
UTL001800,محمد Sheikh,73195-2732875-1,Ahmed Shaikh,1984-06-21,"H-01800, Gulberg, Lahore",25228
UTL001801,حمزہ ملک,17498-5941359-2,,1989-06-04,"H-01801, Bahria Town, Rawalpindi",159270
UTL001802,Sana راجہ,59125-3948116-1,بلال Raja,1992-01-07,"H-01802, DHA, Lahore",18314
UTL001803,Mohammad علی Khan,84532-1233441-1,Husain خان,1966-11-13,"H-01803, Johar Town, Lahore",184107
UTL001804,Bilal Raja,69058-8793907-0,Muhammed Hassan راجہ,,"H-01804, DHA, Karachi",5007
UTL001805,Mohammed Khan,,بلال خان,1984-03-09,"H-01805, Bahria Town, Islamabad",31475
UTL001806,Ahmed اعوان,46529-8442394-6,Hasan اعوان,1990-01-18,"H-01806, Cantt, Lahore",7918
UTL001807,زینب Bhatti,,فیصل Bhatti,,"H-01807, Clifton, Karachi",11416
UTL001808,Hamza شیخ,30980-2977579-6,Muhammed Hasan Sheikh,1977-11-02,"H-01808, Madina Town, Faisalabad",21126
UTL001809,Aysha شیخ,,علی شیخ,1984-03-18,"H-01809, Satellite Town, Rawalpindi",4191
UTL001810,Muhammed Hasan Moghul,,حمزہ مغل,2001-01-17,"H-01810, Chaklala, Rawalpindi",34745
UTL001811,Bilal Awan,12844-3846190-0,Imran اعوان,1955-11-23,"H-01811, E-11, Islamabad",43067
UTL001812,Faisal خان,20191-7231119-4,Hassan خان,1994-01-09,"H-01812, Gulberg, Lahore",9992
UTL001813,Faysal Ch.,55678-4228414-3,Hasan Chaudhary,1966-01-06,"H-01813, Gulberg, Lahore",32030
UTL001814,عثمان قریشی,,Husain Quraishi,1976-12-22,"H-01814, F-7, Islamabad",18216
UTL001815,Sana Raja,47334-4492198-9,Mohammed Hasan راجہ,2003-04-07,"H-01815, Jaranwala Road, Faisalabad",19065
UTL001816,Mohammed Bilal Shaikh,27335-1121508-8,Muhammad Shaykh,1977-10-24,"H-01816, Peoples Colony, Faisalabad",7977
UTL001817,Mohammad Ahmed Shaikh,21857-3712746-9,Muhammad شیخ,1983-06-25,"H-01817, G-10, Islamabad",14959
UTL001818,Muhammad Faysal Moghul,17397-2978107-2,Hassan مغل,1986-07-07,"H-01818, Madina Town, Faisalabad",4573
UTL001819,Mohammad حسین شیخ,60322-4057686-1,Hussein Shaykh,1996-02-19,"H-01819, DHA, Karachi",15030
UTL001820,Faisal Shaykh,68502-2275265-3,Mohammed احمد شیخ,1985-06-08,"H-01820, Johar Town, Lahore",44722
UTL001821,Bilal Bhatti,29810-9534501-6,Hussain بٹ,1979-02-05,"H-01821, Chaklala, Rawalpindi",35658
UTL001822,Aysha Awan,10591-3656490-8,حسین اعوان,,"H-01822, DHA, Lahore",15563
UTL001823,Ahmad Qureshi,56481-1166649-5,Ahmad قریشی,1972-04-24,"H-01823, Model Town, Lahore",114707
UTL001824,Hussein چوہدری,,Hamzah Choudhary,1995-03-09,"H-01824, North Nazimabad, Karachi",6541
UTL001825,Mohammed حسین Shaikh,,Othman Sheikh,,"H-01825, DHA, Lahore",34002
UTL001826,Husain Raja,15432-8238061-7,Muhammed Bilal راجہ,1991-04-07,"H-01826, Satellite Town, Rawalpindi",43186
UTL001827,Zaynab Malik,17492-3783829-5,Mohammed Hamza Malick,2000-09-22,"H-01827, Bahria Town, Islamabad",11235
UTL001828,Imran قریشی,79113-9898719-3,,1965-06-23,"H-01828, Peoples Colony, Faisalabad",11464
UTL001829,Muhammed بلال Sheikh,44881-7675630-7,علی شیخ,1997-10-25,"H-01829, North Nazimabad, Karachi",45470
UTL001830,Osman Quraishi,,Ali قریشی,1966-03-28,"H-01830, North Nazimabad, Karachi",25113
UTL001831,Usman سید,68618-3887414-8,Muhammad Bilal Sayed,1967-10-25,"H-01831, Model Town, Lahore",32969
UTL001832,Ahmed Shaykh,45851-2462797-4,Mohammed Faysal Shaikh,1991-03-20,"H-01832, Gulberg, Lahore",19313
UTL001833,Marium شیخ,,Mohammed شیخ,1971-06-27,"H-01833, Saddar, Rawalpindi",61213
UTL001834,Mohammad بلال Choudhary,72549-5782183-0,Muhammad Ch.,2000-04-20,"H-01834, DHA, Lahore",7696
UTL001835,Faisal Chaudhry,36318-3980247-2,Mohammed Ali Chaudhry,1974-08-03,"H-01835, Model Town, Lahore",11131
UTL001836,Ayisha Khan,79320-3408640-7,حمزہ Khan,1997-01-11,"H-01836, Saddar, Rawalpindi",4371
UTL001837,Aysha اعوان,61238-5720776-3,Imran اعوان,2000-06-01,"H-01837, Bahria Town, Rawalpindi",18898
UTL001838,Fatima چوہدری,21813-8460708-6,Muhammad علی Choudhary,1969-11-04,"H-01838, E-11, Islamabad",95339
UTL001839,Bilal Malick,43944-5749869-1,Mohammad بلال Malik,1974-03-07,"H-01839, North Nazimabad, Karachi",5844
UTL001840,Zainab Bhatti,75772-8713605-2,Hamzah Butt,1985-11-13,"H-01840, F-7, Islamabad",4905
UTL001841,Marium Khan,42900-5904273-2,Faysal Khan,1957-05-14,"H-01841, Bahria Town, Rawalpindi",22257
UTL001842,احمد راجہ,12591-2451944-7,Muhammed Faisal راجہ,1994-10-07,"H-01842, Peoples Colony, Faisalabad",50291
UTL001843,علی بٹ,68365-6161551-4,Muhammed Husain بٹ,1959-08-06,"H-01843, Madina Town, Faisalabad",9846
UTL001844,Muhammad Hasan Raja,,عثمان Raja,1973-09-12,"H-01844, Chaklala, Rawalpindi",5218
UTL001845,Fatimah Syed,15434-5712283-7,Muhammad Ali سید,1967-09-14,"H-01845, Jaranwala Road, Faisalabad",5666
UTL001846,Ahmad خان,54420-4810718-8,عثمان Khan,1995-06-16,"H-01846, North Nazimabad, Karachi",13451
UTL001847,Muhammad علی Malick,40730-6390302-9,,1956-01-19,"H-01847, Chaklala, Rawalpindi",30846
UTL001848,Muhammad Hussein Syed,74058-7888141-1,حسین Sayed,1969-08-17,"H-01848, Gulshan-e-Iqbal, Karachi",42615
UTL001849,Hassan اعوان,59175-2381677-8,Hamza Awan,1996-06-14,"H-01849, Malir, Karachi",9637
UTL001850,فاطمہ Sayyid,82542-2126482-5,Husain Sayyid,1999-02-17,"H-01850, Johar Town, Lahore",15888
UTL001851,Muhammad Sheikh,31880-2845435-0,Mohammed Imran Shaikh,1974-06-02,"H-01851, Satellite Town, Rawalpindi",16851
UTL001852,Aisha Bhatti,62988-8187437-0,Othman بٹ,1957-04-23,"H-01852, Model Town, Lahore",126866
UTL001853,Sana راجہ,13545-7649784-7,Muhammad حمزہ Raja,,"H-01853, Gulberg, Lahore",27229
UTL001854,Imran Shaikh,65131-7883903-7,,1996-05-25,"H-01854, Gulberg, Lahore",20613
UTL001855,ثناء راجہ,38577-9428560-5,فیصل راجہ,,"H-01855, Chaklala, Rawalpindi",51364
UTL001856,Mohammed Hussain شیخ,90991-9450935-0,بلال شیخ,1956-12-28,"H-01856, Jaranwala Road, Faisalabad",39966
UTL001857,محمد Bhatti,28218-2978843-7,محمد Bhatti,1971-11-28,"H-01857, Madina Town, Faisalabad",25390
UTL001858,Imran Sayed,63363-7555766-3,علی Syed,1958-02-13,"H-01858, Saddar, Rawalpindi",15734
UTL001859,Hamzah Ch.,,Ahmed Chaudhary,1998-10-27,"H-01859, Jaranwala Road, Faisalabad",8593
UTL001860,Hamzah Malick,64877-6416661-3,Muhammed Hassan Malick,1984-02-15,"H-01860, Madina Town, Faisalabad",4986
UTL001861,Mohammad عمران Sayyid,44395-3879233-6,,1973-03-01,"H-01861, Bahria Town, Islamabad",27613
UTL001862,احمد چوہدری,93851-1623425-1,Muhammed Hussein Chaudhary,1977-10-20,"H-01862, G-10, Islamabad",39883
UTL001863,Sana Sheikh,54561-8368372-3,,,"H-01863, North Nazimabad, Karachi",14011
UTL001864,Hassan Raja,,Ali راجہ,1999-11-27,"H-01864, Jaranwala Road, Faisalabad",19629
UTL001865,Hira راجہ,71797-9422127-0,Muhammad بلال راجہ,1995-07-21,"H-01865, Malir, Karachi",11522
UTL001866,Mohammed Othman راجہ,23494-7368860-4,Faisal راجہ,,"H-01866, Madina Town, Faisalabad",34470
UTL001867,Osman خان,16079-2919945-7,Muhammed Khan,1993-03-14,"H-01867, Johar Town, Lahore",84944
UTL001868,Muhammad Hamzah خان,77263-1527567-8,احمد خان,1984-03-13,"H-01868, DHA, Lahore",24519
UTL001869,Sana Shaikh,79019-6473549-0,Muhammed Shaikh,,"H-01869, G-10, Islamabad",30830
UTL001870,Mohammed Faysal شیخ,,عمران Shaykh,1955-07-19,"H-01870, Chaklala, Rawalpindi",28528
UTL001871,Aysha Sheikh,,Muhammad عمران شیخ,1957-09-05,"H-01871, Satellite Town, Rawalpindi",142656
UTL001872,Hamza Khan,,,1968-06-26,"H-01872, Johar Town, Lahore",10756
UTL001873,Hussain Quraishi,73511-1098476-1,,1955-12-24,"H-01873, Jaranwala Road, Faisalabad",6772
UTL001874,Mohammad Husain Shaykh,63454-1311508-9,Mohammad Ahmed Sheikh,1964-04-15,"H-01874, F-8, Islamabad",13327
UTL001875,Faisal Awan,42758-7320355-7,Mohammad اعوان,1963-05-08,"H-01875, Saddar, Rawalpindi",16863
UTL001876,Mohammed Qureshi,65694-5292319-8,Ahmad Qureshi,1999-09-27,"H-01876, F-8, Islamabad",28961
UTL001877,Mohammed Chaudhary,76849-3464073-1,Muhammad Othman Chaudhry,,"H-01877, Chaklala, Rawalpindi",14997
UTL001878,Hussain Sayed,,Bilal Syed,1957-07-13,"H-01878, Bahria Town, Rawalpindi",60528
UTL001879,Zainab Moghul,58867-6207848-9,Mohammed حمزہ Mughal,1997-03-05,"H-01879, Clifton, Karachi",13366
UTL001880,Ali مغل,34185-3781420-6,Faisal مغل,1994-03-01,"H-01880, Peoples Colony, Faisalabad",3443
UTL001881,Sana Moghul,34791-6783989-6,Faisal Mughal,1992-10-22,"H-01881, Bahria Town, Rawalpindi",28632
UTL001882,Muhammed حسن Qureshi,72581-7707820-8,عمران Quraishi,1984-12-16,"H-01882, Jaranwala Road, Faisalabad",13103
UTL001883,Ayisha Bhatti,,Muhammad Bhatti,1988-05-20,"H-01883, Clifton, Karachi",32625
UTL001884,Muhammed Faysal راجہ,21093-3596406-2,Muhammed بلال Raja,1955-01-01,"H-01884, Cantt, Lahore",26811
UTL001885,Hamza Sayyid,,محمد Sayed,1973-12-19,"H-01885, Cantt, Lahore",11166
UTL001886,حسن راجہ,52126-3555266-8,Hamzah راجہ,1963-01-19,"H-01886, Peoples Colony, Faisalabad",6385
UTL001887,حرا قریشی,30941-3272177-4,Muhammad Qureshi,1976-10-23,"H-01887, Chaklala, Rawalpindi",3162
UTL001888,Imran Sheikh,40425-1519762-9,Muhammad حمزہ Shaykh,1982-07-20,"H-01888, Model Town, Lahore",8025
UTL001889,Muhammed عمران مغل,84499-1569674-5,,1989-03-01,"H-01889, Bahria Town, Rawalpindi",15113
UTL001890,Muhammed Awan,63613-2686177-8,,1991-06-16,"H-01890, Peoples Colony, Faisalabad",11368
UTL001891,Muhammad Butt,74323-5322272-1,Ali Butt,1975-04-03,"H-01891, Model Town, Lahore",27901
UTL001892,حرا مغل,,Hamza Moghul,1986-08-07,"H-01892, E-11, Islamabad",6025
UTL001893,Mohammad Hamza Qureshi,64924-2445541-9,Ali قریشی,1957-03-23,"H-01893, Clifton, Karachi",11514
UTL001894,Muhammad Faysal Chaudhry,35346-4522665-7,Muhammed Choudhary,1967-05-24,"H-01894, Peoples Colony, Faisalabad",18481
UTL001895,Hussein Awan,,Hamza اعوان,,"H-01895, Bahria Town, Islamabad",29531
UTL001896,فاطمہ Ch.,10673-8892606-6,Osman Ch.,,"H-01896, F-7, Islamabad",52250
UTL001897,Ahmed اعوان,80544-6823594-1,Mohammed Husain Awan,1977-07-07,"H-01897, Gulberg, Lahore",19527
UTL001898,Imran قریشی,55129-6810230-8,,2001-12-26,"H-01898, Madina Town, Faisalabad",5895
UTL001899,زینب بٹ,97697-7136189-3,,1997-02-13,"H-01899, Peoples Colony, Faisalabad",5608
UTL001900,Aisha خان,87048-5124342-0,Mohammed Hussain Khan,1975-05-04,"H-01900, F-7, Islamabad",14587
UTL001901,Hasan Moghul,33358-2366250-8,Muhammed Mughal,1998-04-19,"H-01901, Madina Town, Faisalabad",9663
UTL001902,Mohammad Hassan راجہ,82703-7699816-4,محمد Raja,1997-08-18,"H-01902, Bahria Town, Islamabad",100352
UTL001903,Bilal قریشی,54295-2519059-6,Hussain Quraishi,1999-07-23,"H-01903, Cantt, Lahore",10897
UTL001904,Hasan قریشی,,فیصل Qureshi,1984-05-09,"H-01904, Bahria Town, Rawalpindi",35835
UTL001905,Bilal اعوان,89314-9102857-0,Mohammad Faisal اعوان,1965-01-22,"H-01905, North Nazimabad, Karachi",64518
UTL001906,Imran بٹ,22041-4350278-2,Mohammed Bilal Butt,1979-02-04,"H-01906, DHA, Lahore",7724
UTL001907,عمران Khan,62342-5042783-2,احمد Khan,1962-10-21,"H-01907, F-8, Islamabad",32201
UTL001908,Hira شیخ,51096-4789810-9,Muhammed Hamza Shaykh,1998-01-16,"H-01908, DHA, Lahore",6003
UTL001909,Husain Awan,98984-3308320-3,Mohammed احمد اعوان,1983-02-10,"H-01909, North Nazimabad, Karachi",52286
UTL001910,Hassan مغل,73690-7500935-6,Ali مغل,1981-03-08,"H-01910, E-11, Islamabad",23141
UTL001911,Aisha Quraishi,28070-7448613-1,عمران قریشی,1974-01-05,"H-01911, DHA, Lahore",10261
UTL001912,عائشہ Chaudhry,,Mohammed بلال چوہدری,1970-01-13,"H-01912, Satellite Town, Rawalpindi",7720
UTL001913,Osman خان,94046-2471865-6,Hussain Khan,1955-10-18,"H-01913, Cantt, Lahore",7753
UTL001914,Hassan Mughal,15501-3766710-0,Hasan مغل,1995-01-05,"H-01914, North Nazimabad, Karachi",4685
UTL001915,Othman Shaykh,58631-8843195-9,Usman Shaykh,1969-02-19,"H-01915, Johar Town, Lahore",22621
UTL001916,Bilal خان,79919-8220628-0,Muhammad علی Khan,1984-06-27,"H-01916, North Nazimabad, Karachi",5774
UTL001917,Muhammed Husain Bhatti,,عمران بٹ,1993-05-23,"H-01917, Madina Town, Faisalabad",13820
UTL001918,احمد راجہ,25830-7531196-5,عثمان Raja,1988-04-10,"H-01918, North Nazimabad, Karachi",13010
UTL001919,Mohammad بلال سید,88265-7124257-2,احمد Sayed,1986-10-16,"H-01919, Gulberg, Lahore",5606
UTL001920,Ayisha Chaudhary,65050-3341088-4,Imran چوہدری,1982-01-15,"H-01920, Saddar, Rawalpindi",18789
UTL001921,Mohammed Bilal Syed,35787-6927716-1,عثمان سید,1987-06-01,"H-01921, Clifton, Karachi",7636
UTL001922,Ahmed Awan,65464-9339122-1,عثمان اعوان,,"H-01922, DHA, Lahore",13355
UTL001923,Osman Sheikh,,Mohammed Hasan شیخ,1992-06-10,"H-01923, Model Town, Lahore",43752
UTL001924,Zaynab قریشی,99130-6366594-7,Faisal Quraishi,1958-06-24,"H-01924, DHA, Lahore",24992
UTL001925,عمران Moghul,66980-6038940-6,Faysal Mughal,1968-07-11,"H-01925, Peoples Colony, Faisalabad",10180
UTL001926,Hasan قریشی,44582-8717621-6,Imran Quraishi,1955-06-22,"H-01926, Peoples Colony, Faisalabad",14606
UTL001927,Hamza اعوان,44781-5099691-0,Mohammed Ahmed Awan,1991-03-06,"H-01927, North Nazimabad, Karachi",10164
UTL001928,Fatima Chaudhary,89128-9037259-3,علی Ch.,1968-10-28,"H-01928, Gulberg, Lahore",11143
UTL001929,Mohammad Imran Shaikh,31478-7623361-7,Muhammad بلال Shaykh,1994-10-21,"H-01929, F-8, Islamabad",17173
UTL001930,Fatimah Mughal,80112-6673177-2,Muhammed Mughal,1963-04-22,"H-01930, Gulberg, Lahore",3509
UTL001931,Mohammed Malik,39878-3939153-8,Hussein Malik,,"H-01931, Bahria Town, Rawalpindi",8303
UTL001932,Faisal Mughal,89705-1152551-7,Osman Moghul,1975-02-11,"H-01932, Madina Town, Faisalabad",26519
UTL001933,بلال خان,67202-2165010-3,عمران خان,1969-02-01,"H-01933, Chaklala, Rawalpindi",7835
UTL001934,Mohammed Hassan Choudhary,66688-3525773-2,,1983-08-15,"H-01934, Gulberg, Lahore",6818
UTL001935,حرا راجہ,62665-6011987-7,Muhammad راجہ,1983-01-07,"H-01935, Malir, Karachi",22471
UTL001936,Hassan Sayyid,,Faysal Sayed,1987-05-05,"H-01936, Gulshan-e-Iqbal, Karachi",6638
UTL001937,Muhammad اعوان,,,1998-11-28,"H-01937, F-7, Islamabad",3814
UTL001938,Imran Shaikh,65082-3310559-5,Faisal Shaykh,1955-07-27,"H-01938, Satellite Town, Rawalpindi",9763
UTL001939,Bilal Choudhary,56770-7770277-4,Bilal Choudhary,2001-02-10,"H-01939, Jaranwala Road, Faisalabad",12653
UTL001940,Mohammad عثمان Moghul,23695-9769063-3,فیصل Moghul,1999-10-22,"H-01940, Bahria Town, Rawalpindi",10324
UTL001941,Faysal Malik,76333-8168054-0,Faysal Malik,2002-10-11,"H-01941, Bahria Town, Islamabad",48360
UTL001942,فیصل Choudhary,67218-5976103-3,Ali Ch.,1963-12-08,"H-01942, Johar Town, Lahore",33630
UTL001943,عائشہ Shaykh,81834-9953454-1,Ahmed Shaykh,1976-10-10,"H-01943, Clifton, Karachi",5402
UTL001944,Hassan Butt,19598-2061044-7,,2002-12-06,"H-01944, DHA, Karachi",43556
UTL001945,Muhammed Hamza Bhatti,54696-7672159-7,,1999-08-03,"H-01945, Gulberg, Lahore",52731
UTL001946,علی Choudhary,17577-6533591-8,Hussein Ch.,1959-07-17,"H-01946, Satellite Town, Rawalpindi",6394
UTL001947,Husain Moghul,50101-8843996-9,فیصل مغل,1989-05-13,"H-01947, E-11, Islamabad",56540
UTL001948,حرا اعوان,84366-7489772-3,Mohammed Imran اعوان,1970-01-28,"H-01948, Peoples Colony, Faisalabad",11287
UTL001949,Fatimah چوہدری,16644-1195794-9,Ali Chaudhry,1981-02-13,"H-01949, Saddar, Rawalpindi",43965
UTL001950,زینب Qureshi,99703-9498791-4,Hussain Qureshi,1976-08-22,"H-01950, E-11, Islamabad",21063
UTL001951,Usman Qureshi,23090-3888162-4,Hamzah Quraishi,1982-05-01,"H-01951, Chaklala, Rawalpindi",6656
UTL001952,زینب Raja,48164-1964519-5,Ahmad Raja,1981-07-12,"H-01952, Bahria Town, Rawalpindi",40015
UTL001953,Muhammad Husain Butt,77147-8924037-4,Mohammad Bhatti,1964-04-07,"H-01953, F-7, Islamabad",9956
UTL001954,Aysha Raja,79597-1702907-1,Hamzah راجہ,1956-04-14,"H-01954, Model Town, Lahore",10448
UTL001955,Hussein شیخ,94277-7898996-0,,1957-12-11,"H-01955, Cantt, Lahore",20069
UTL001956,Mohammad Mughal,37864-5514997-9,Muhammad Mughal,,"H-01956, F-7, Islamabad",51301
UTL001957,Sana اعوان,,,1962-04-12,"H-01957, Model Town, Lahore",6686
UTL001958,حسین قریشی,,Muhammad Hamza Quraishi,,"H-01958, Malir, Karachi",11099
UTL001959,حرا چوہدری,98713-1316057-5,,,"H-01959, Peoples Colony, Faisalabad",11874
UTL001960,علی مغل,,احمد مغل,1977-09-20,"H-01960, G-10, Islamabad",14897
UTL001961,فیصل Khan,50917-3576390-0,Mohammad Hasan Khan,1961-10-24,"H-01961, Bahria Town, Rawalpindi",12957
UTL001962,Imran سید,89909-7128711-1,Hussain Syed,1959-09-14,"H-01962, Chaklala, Rawalpindi",7666
UTL001963,Hasan Khan,26926-6368709-8,Mohammad Bilal Khan,1999-09-26,"H-01963, Jaranwala Road, Faisalabad",36801
UTL001964,Fatima Choudhary,66277-1522240-5,Mohammed عمران Chaudhry,1979-12-20,"H-01964, Gulberg, Lahore",66604
UTL001965,Mariam Bhatti,22931-8431899-3,Muhammad Butt,1979-07-06,"H-01965, Madina Town, Faisalabad",31177
UTL001966,عثمان ملک,71438-9399559-2,Husain Malick,1964-07-27,"H-01966, Madina Town, Faisalabad",6211
UTL001967,Bilal مغل,13067-8053283-2,Hasan Moghul,1963-08-24,"H-01967, Jaranwala Road, Faisalabad",5801
UTL001968,حمزہ Moghul,13535-3561821-2,Hasan Mughal,1985-11-27,"H-01968, Jaranwala Road, Faisalabad",35198
UTL001969,بلال Qureshi,92272-8516545-0,Muhammad عمران Quraishi,1972-08-15,"H-01969, Bahria Town, Islamabad",19836
UTL001970,Ahmad اعوان,51151-6265940-3,Mohammed Faysal Awan,1988-02-27,"H-01970, Satellite Town, Rawalpindi",11663
UTL001971,Hamzah Ch.,56234-2087196-5,,1993-01-18,"H-01971, Saddar, Rawalpindi",9405
UTL001972,Mohammed Imran مغل,63082-4524857-8,Husain Mughal,1990-09-15,"H-01972, Bahria Town, Rawalpindi",18172
UTL001973,Muhammed Awan,29783-4989543-9,Bilal اعوان,1998-02-06,"H-01973, Saddar, Rawalpindi",14479
UTL001974,Usman ملک,,Imran Malik,1988-11-13,"H-01974, Jaranwala Road, Faisalabad",89883
UTL001975,عمران Shaykh,,فیصل Shaykh,,"H-01975, Malir, Karachi",12283
UTL001976,فاطمہ Moghul,60806-4874996-3,Mohammad Hussain مغل,2000-09-22,"H-01976, Madina Town, Faisalabad",21530
UTL001977,فیصل اعوان,,Muhammed Hamzah اعوان,1975-08-17,"H-01977, Clifton, Karachi",5164
UTL001978,Hasan Quraishi,11739-9167792-7,حسن Qureshi,2002-02-25,"H-01978, E-11, Islamabad",16056
UTL001979,Ahmed Quraishi,52853-1716522-5,حمزہ Quraishi,1998-01-12,"H-01979, G-10, Islamabad",19050
UTL001980,Sana Mughal,45893-5700249-4,Mohammed Moghul,1974-06-17,"H-01980, Cantt, Lahore",9936
UTL001981,Ahmed Bhatti,73359-1862453-1,Ali Butt,,"H-01981, Gulshan-e-Iqbal, Karachi",38906
UTL001982,Sana Awan,92285-7602571-8,فیصل اعوان,1959-12-02,"H-01982, Gulshan-e-Iqbal, Karachi",7859
UTL001983,Marium Moghul,28628-4894340-4,حسین Mughal,1977-07-17,"H-01983, Saddar, Rawalpindi",80239
UTL001984,Sana بٹ,65477-8168450-4,,1959-07-07,"H-01984, Clifton, Karachi",13994
UTL001985,Fatema Awan,37303-2995911-5,Mohammed فیصل اعوان,1986-06-15,"H-01985, Jaranwala Road, Faisalabad",22000
UTL001986,Muhammed Faysal شیخ,23691-9540340-6,,2002-04-23,"H-01986, Bahria Town, Rawalpindi",31527
UTL001987,Osman Raja,94218-3746051-3,,1966-05-03,"H-01987, G-10, Islamabad",8025
UTL001988,Ahmed راجہ,80456-5151336-9,بلال Raja,,"H-01988, G-10, Islamabad",34618
UTL001989,Mariam بٹ,,Usman بٹ,1989-05-21,"H-01989, Bahria Town, Rawalpindi",16654
UTL001990,Faisal ملک,67927-1049281-5,Muhammed Malick,1965-03-03,"H-01990, Saddar, Rawalpindi",6693
UTL001991,Husain Malick,45842-9044888-6,Muhammed Malick,2000-10-09,"H-01991, Model Town, Lahore",19153
UTL001992,مریم Butt,,Bilal Bhatti,1973-11-21,"H-01992, Clifton, Karachi",23005
UTL001993,Ali Syed,85384-7450350-2,Ahmad Sayed,1990-04-14,"H-01993, F-7, Islamabad",19464
UTL001994,Maryam Sayed,10196-3341257-5,بلال Sayed,1970-05-06,"H-01994, Saddar, Rawalpindi",236608
UTL001995,Ali Sheikh,90441-1664676-1,Hassan شیخ,2001-08-14,"H-01995, Model Town, Lahore",28302
UTL001996,Marium Qureshi,,,1994-02-11,"H-01996, Jaranwala Road, Faisalabad",39514
UTL001997,Ayisha Butt,90842-3754895-3,حسن Bhatti,,"H-01997, F-7, Islamabad",6329
UTL001998,Bilal Butt,16887-2846226-8,بلال بٹ,1970-08-25,"H-01998, Johar Town, Lahore",9425
UTL001999,Mohammad Bilal مغل,,حمزہ Mughal,1998-08-13,"H-01999, G-10, Islamabad",19572
UTL002000,حسین مغل,38355-6425355-0,Ali Mughal,,"H-02000, DHA, Karachi",38815
UTL002001,Hussein Butt,62341-9071705-2,علی Butt,1989-09-08,"H-02001, Bahria Town, Islamabad",12099
UTL002002,Hamzah Ch.,43120-7059883-4,Mohammed Bilal Ch.,2001-12-23,"H-02002, DHA, Lahore",15637
UTL002003,Faisal چوہدری,22162-2920264-4,Faisal Choudhary,1984-09-17,"H-02003, Model Town, Lahore",14075
UTL002004,Muhammed احمد Shaykh,11830-6406133-4,حسن شیخ,1983-08-21,"H-02004, Gulshan-e-Iqbal, Karachi",6380
UTL002005,Mohammad Raja,16763-2002850-1,Imran Raja,1985-04-03,"H-02005, Bahria Town, Islamabad",11208
UTL002006,احمد Malick,,بلال Malik,1965-11-04,"H-02006, F-8, Islamabad",9246
UTL002007,عمران Awan,90627-7801309-8,عثمان اعوان,1982-05-05,"H-02007, DHA, Karachi",15162
UTL002008,بلال راجہ,,Mohammed احمد Raja,,"H-02008, Clifton, Karachi",36537
UTL002009,Muhammed Syed,34207-4275544-0,Muhammad علی Syed,1987-07-28,"H-02009, DHA, Karachi",12980
UTL002010,Muhammad Qureshi,,Hussein Qureshi,1964-01-13,"H-02010, Gulberg, Lahore",12449
UTL002011,Ahmad Bhatti,84237-3376786-0,Mohammad Ahmed Butt,1980-07-08,"H-02011, Bahria Town, Islamabad",28011
UTL002012,علی شیخ,,حسن Sheikh,,"H-02012, Model Town, Lahore",7556
UTL002013,عثمان Syed,22531-1777742-1,Ahmad Sayyid,2003-04-09,"H-02013, DHA, Lahore",17313
UTL002014,Hasan Mughal,39861-3924425-5,,1988-07-04,"H-02014, Clifton, Karachi",226510
UTL002015,Usman Sayed,26546-4633581-4,علی سید,1987-07-10,"H-02015, G-10, Islamabad",156412
UTL002016,Mariam خان,86500-9589910-6,Bilal Khan,,"H-02016, Model Town, Lahore",17863
UTL002017,Hasan Sayed,,Mohammad Faysal Sayed,1990-11-21,"H-02017, Satellite Town, Rawalpindi",13251
UTL002018,Othman Sayyid,33273-7436550-6,عثمان Syed,1976-10-28,"H-02018, Gulshan-e-Iqbal, Karachi",21524
UTL002019,Fatima Qureshi,17940-7988644-6,Hussain Qureshi,1961-05-16,"H-02019, Cantt, Lahore",15865
UTL002020,بلال Moghul,47819-8407688-4,Bilal Moghul,,"H-02020, F-8, Islamabad",4262
UTL002021,Hasan راجہ,63440-3135434-9,,1976-12-08,"H-02021, Jaranwala Road, Faisalabad",21044
UTL002022,مریم Moghul,23534-6683361-7,Ahmed Moghul,1965-11-15,"H-02022, Model Town, Lahore",15797
UTL002023,فاطمہ Raja,45579-4565200-4,,1990-06-17,"H-02023, Model Town, Lahore",17903
UTL002024,Faisal Khan,61550-3468179-4,,1985-10-21,"H-02024, Saddar, Rawalpindi",4652
UTL002025,بلال Malik,98317-9390169-1,Ahmad ملک,1980-09-21,"H-02025, F-8, Islamabad",9173
UTL002026,Hasan خان,72126-3194438-6,Muhammed خان,1985-12-06,"H-02026, Bahria Town, Rawalpindi",7863
UTL002027,Muhammad Hussein Raja,73173-1320427-8,علی Raja,1979-12-09,"H-02027, Peoples Colony, Faisalabad",16425
UTL002028,Ali ملک,,Mohammed بلال Malik,1966-06-21,"H-02028, E-11, Islamabad",20195
UTL002029,Bilal Bhatti,36884-4208725-9,Ahmed بٹ,1984-03-24,"H-02029, E-11, Islamabad",32959
UTL002030,Mohammad Chaudhary,76273-2340899-1,Ali Choudhary,1996-07-23,"H-02030, Chaklala, Rawalpindi",23493
UTL002031,عائشہ Moghul,98111-1429074-6,Imran Mughal,1969-04-11,"H-02031, Satellite Town, Rawalpindi",13115
UTL002032,Bilal Malik,84870-1462042-1,Bilal Malik,2000-04-19,"H-02032, Model Town, Lahore",12839
UTL002033,Muhammed Ahmad Chaudhry,45674-5561672-3,حمزہ Choudhary,,"H-02033, Gulberg, Lahore",4999
UTL002034,Mohammed Imran Malik,83833-5451032-1,Muhammed ملک,1959-07-16,"H-02034, F-7, Islamabad",8143
UTL002035,Muhammed Ahmed Butt,23596-7718548-0,Hussein Butt,1992-11-23,"H-02035, Madina Town, Faisalabad",10914
UTL002036,Muhammed Khan,15046-3525342-8,Imran Khan,1981-07-04,"H-02036, F-8, Islamabad",16200
UTL002037,Mohammad Ahmed Mughal,,Ahmed Moghul,1967-05-17,"H-02037, Madina Town, Faisalabad",12501
UTL002038,عمران بٹ,,Ahmed Butt,1982-01-23,"H-02038, DHA, Lahore",13082
UTL002039,Muhammad Hamza مغل,81243-7411544-0,احمد Mughal,1975-08-04,"H-02039, Clifton, Karachi",24316
UTL002040,Ayesha Chaudhary,86410-6191492-0,Ali چوہدری,1974-08-22,"H-02040, DHA, Lahore",37184
UTL002041,Husain Malik,79942-8707059-4,,1963-08-23,"H-02041, Clifton, Karachi",5676
UTL002042,بلال Awan,,,1967-10-03,"H-02042, Peoples Colony, Faisalabad",7601
UTL002043,Mohammed اعوان,24575-7357739-1,Faysal Awan,1973-03-08,"H-02043, Bahria Town, Islamabad",10474
UTL002044,Mohammad عثمان Bhatti,41125-2382462-5,,,"H-02044, DHA, Karachi",59683
UTL002045,حرا Shaykh,63283-5249120-5,Mohammad عثمان Shaykh,1965-06-06,"H-02045, Saddar, Rawalpindi",109862
UTL002046,Ahmed خان,47092-9163142-1,Hamza Khan,1992-09-20,"H-02046, Model Town, Lahore",65923
UTL002047,Imran راجہ,61174-5736653-8,Faisal راجہ,1993-04-02,"H-02047, E-11, Islamabad",11807
UTL002048,Bilal اعوان,37290-7134091-5,,1973-03-28,"H-02048, E-11, Islamabad",103379
UTL002049,Hamzah شیخ,27467-7067065-6,Usman Sheikh,,"H-02049, Satellite Town, Rawalpindi",29544
UTL002050,احمد Butt,39161-1085457-6,عمران بٹ,1996-07-28,"H-02050, F-7, Islamabad",15770
UTL002051,Ayisha خان,63631-1989763-4,Ahmad خان,1986-03-18,"H-02051, Malir, Karachi",45652
UTL002052,Hasan راجہ,56029-3706798-2,Muhammad Hassan Raja,1964-09-05,"H-02052, DHA, Karachi",58293
UTL002053,Mohammed Raja,52826-3609006-8,Muhammed حسن راجہ,,"H-02053, E-11, Islamabad",5270
UTL002054,Mohammad Butt,82645-5495901-7,Faysal بٹ,1962-04-12,"H-02054, DHA, Karachi",29249
UTL002055,Hassan Quraishi,35459-6346637-7,Muhammad Ali Qureshi,,"H-02055, Gulshan-e-Iqbal, Karachi",30944
UTL002056,Bilal بٹ,74143-9686773-9,Muhammed Hamza بٹ,1988-04-01,"H-02056, Gulshan-e-Iqbal, Karachi",34530
UTL002057,Mohammed بٹ,47709-6526890-3,,1959-10-11,"H-02057, North Nazimabad, Karachi",39788
UTL002058,Hussein Bhatti,69524-5829104-2,Muhammed عمران بٹ,1957-03-03,"H-02058, Satellite Town, Rawalpindi",9303
UTL002059,Mohammed Sayyid,75237-1418381-3,Muhammed Hamza Syed,,"H-02059, Model Town, Lahore",7694
UTL002060,Faisal Awan,62756-1230532-5,,1990-06-12,"H-02060, F-8, Islamabad",88492
UTL002061,Muhammed Raja,85486-1011118-6,Faysal Raja,1982-10-21,"H-02061, F-8, Islamabad",29539
UTL002062,Imran مغل,11936-7329409-1,Muhammad Moghul,1979-06-14,"H-02062, Peoples Colony, Faisalabad",6902
UTL002063,Usman اعوان,62307-6340983-2,Hamzah Awan,1981-02-08,"H-02063, DHA, Karachi",14771
UTL002064,Faisal Raja,56886-4690182-0,عمران راجہ,1972-04-16,"H-02064, Clifton, Karachi",12230
UTL002065,فیصل Syed,49491-8714700-7,علی Syed,1975-01-18,"H-02065, G-10, Islamabad",4532
UTL002066,Hussein Sheikh,77146-1079984-0,Hussain Sheikh,1960-08-23,"H-02066, Model Town, Lahore",9622
UTL002067,Osman Choudhary,52942-9968716-5,Usman Ch.,1984-05-28,"H-02067, Saddar, Rawalpindi",31752
UTL002068,Fatema Awan,11959-3720451-4,علی اعوان,1978-08-02,"H-02068, Peoples Colony, Faisalabad",8790
UTL002069,Ali Mughal,48157-7020274-2,حسن Mughal,1960-06-21,"H-02069, Bahria Town, Islamabad",13905
UTL002070,Imran Sayyid,46639-1339835-2,فیصل Sayed,1982-07-06,"H-02070, DHA, Lahore",28358
UTL002071,حمزہ Shaikh,48730-3633591-9,Muhammed علی Shaikh,1963-01-10,"H-02071, Malir, Karachi",15469
UTL002072,احمد قریشی,33080-7813566-6,Faisal Quraishi,1968-08-28,"H-02072, Cantt, Lahore",73191
UTL002073,Ali Quraishi,25874-4869297-9,علی قریشی,1987-01-10,"H-02073, Clifton, Karachi",9015
UTL002074,Mohammad شیخ,64786-2597520-9,Mohammed Sheikh,1961-10-08,"H-02074, DHA, Lahore",13477
UTL002075,Muhammad Othman Mughal,,Mohammad Faisal Moghul,1958-01-02,"H-02075, Johar Town, Lahore",20583
UTL002076,Faisal Quraishi,59385-3453246-2,Osman قریشی,1979-12-23,"H-02076, Saddar, Rawalpindi",7732
UTL002077,Ayesha راجہ,88604-6185910-0,Muhammad Hamza راجہ,1992-10-26,"H-02077, G-10, Islamabad",17116
UTL002078,عثمان Ch.,20858-7460415-7,Hamzah Choudhary,1989-02-10,"H-02078, Gulberg, Lahore",20942
UTL002079,حسن اعوان,90601-5961162-5,,1998-10-23,"H-02079, DHA, Karachi",15153
UTL002080,Maryam Sayed,54562-1980012-5,Ali Sayyid,1997-08-21,"H-02080, Satellite Town, Rawalpindi",17965
UTL002081,محمد Moghul,21343-6388039-7,Mohammed Imran مغل,1958-07-22,"H-02081, Cantt, Lahore",5784
UTL002082,Ali شیخ,98496-2910542-6,حمزہ Shaykh,1995-09-22,"H-02082, DHA, Lahore",46026
UTL002083,Hira Sayed,42253-3273032-2,حسن Sayed,1998-08-04,"H-02083, Model Town, Lahore",22407
UTL002084,Mohammad Ahmed Shaikh,94819-9600483-5,,1969-08-03,"H-02084, Chaklala, Rawalpindi",7792
UTL002085,Hassan خان,,,1991-09-19,"H-02085, DHA, Karachi",10575
UTL002086,Ahmad چوہدری,67324-6781086-9,Muhammad Imran Chaudhary,1979-07-20,"H-02086, Model Town, Lahore",77520
UTL002087,Ahmed Awan,99523-9337140-6,Muhammad Osman Awan,1991-02-11,"H-02087, Madina Town, Faisalabad",14948
UTL002088,Muhammad ملک,97464-1508917-6,,1965-12-14,"H-02088, Gulshan-e-Iqbal, Karachi",5605
UTL002089,Fatima Quraishi,73943-4071550-4,Muhammed عثمان Quraishi,1977-04-26,"H-02089, Clifton, Karachi",32443
UTL002090,بلال قریشی,63835-5365057-8,,1987-05-19,"H-02090, Satellite Town, Rawalpindi",36429
UTL002091,Osman ملک,63319-3316762-5,Mohammed ملک,1981-10-05,"H-02091, Gulshan-e-Iqbal, Karachi",58361
UTL002092,Sana Qureshi,,علی Quraishi,2003-08-14,"H-02092, Clifton, Karachi",65324
UTL002093,Faysal Ch.,90463-8396229-9,حسن Ch.,1971-11-09,"H-02093, F-7, Islamabad",24944
UTL002094,حسین سید,34385-3472026-3,,1986-08-18,"H-02094, F-7, Islamabad",70873
UTL002095,Hussein Qureshi,27949-7267637-1,,1973-12-21,"H-02095, Satellite Town, Rawalpindi",37102
UTL002096,فیصل راجہ,48352-8596447-8,Muhammed علی Raja,1970-04-15,"H-02096, DHA, Lahore",14492
UTL002097,محمد Mughal,18392-7622093-7,بلال مغل,,"H-02097, G-10, Islamabad",3512
UTL002098,Ali Raja,10569-2892868-1,Ali راجہ,,"H-02098, Bahria Town, Rawalpindi",176200
UTL002099,Mohammed Imran Butt,43177-4414838-3,Hasan Butt,1982-08-22,"H-02099, Johar Town, Lahore",21140
UTL002100,عمران Sheikh,,Hasan Shaykh,,"H-02100, Jaranwala Road, Faisalabad",15739
UTL002101,بلال Mughal,,Husain Mughal,1991-12-27,"H-02101, DHA, Lahore",13699
UTL002102,Hussain Moghul,83914-4609600-5,Mohammad Moghul,1996-01-03,"H-02102, F-7, Islamabad",13258
UTL002103,Aysha اعوان,94185-2006874-8,Mohammed Awan,1968-09-24,"H-02103, Bahria Town, Islamabad",33243
UTL002104,Husain Butt,46942-2030722-4,Hassan Butt,1959-06-13,"H-02104, DHA, Karachi",34235
UTL002105,حسن قریشی,93139-2728520-4,,1996-04-16,"H-02105, Cantt, Lahore",13741
UTL002106,Hassan خان,11575-2729886-6,Imran Khan,1975-07-10,"H-02106, Jaranwala Road, Faisalabad",9108
UTL002107,Sana Bhatti,,Hamzah بٹ,1997-02-13,"H-02107, DHA, Karachi",38928
UTL002108,Muhammed Hamzah Malik,23985-7137334-8,Bilal Malik,1982-09-14,"H-02108, Saddar, Rawalpindi",43018
UTL002109,Mariam اعوان,78329-4388404-3,Ali Awan,1981-02-16,"H-02109, Bahria Town, Islamabad",22997
UTL002110,عثمان راجہ,,Mohammed عمران Raja,1959-10-12,"H-02110, Model Town, Lahore",35339
UTL002111,Muhammad Imran قریشی,41380-5151775-9,,2003-09-06,"H-02111, Model Town, Lahore",9735
UTL002112,احمد اعوان,83344-1726694-1,Usman Awan,1989-05-14,"H-02112, Chaklala, Rawalpindi",8073
UTL002113,Muhammad Chaudhry,,Ali Chaudhary,1984-03-16,"H-02113, Clifton, Karachi",15901
UTL002114,Muhammad Hussein Quraishi,18025-3761639-5,Muhammad Ali Qureshi,1988-06-10,"H-02114, Gulshan-e-Iqbal, Karachi",4964
UTL002115,عمران Awan,80145-8917191-2,Muhammad اعوان,1995-08-25,"H-02115, DHA, Lahore",34795
UTL002116,Hamzah Awan,25198-3027871-8,Hussein اعوان,1963-06-05,"H-02116, Satellite Town, Rawalpindi",14277
UTL002117,Hira راجہ,10143-2031438-0,Mohammed حمزہ راجہ,1960-03-03,"H-02117, Bahria Town, Rawalpindi",10638
UTL002118,Muhammed علی Ch.,78075-4634051-0,Othman Ch.,2002-11-16,"H-02118, G-10, Islamabad",20535
UTL002119,Mariam Malik,65923-3018458-9,فیصل Malick,1995-08-04,"H-02119, Jaranwala Road, Faisalabad",18196
UTL002120,Zaynab Sayed,,Faisal Sayyid,1994-12-22,"H-02120, Satellite Town, Rawalpindi",13974
UTL002121,Hussein Bhatti,90608-7151290-2,,,"H-02121, DHA, Karachi",34034
UTL002122,Hamzah مغل,26670-2480480-9,Ahmed مغل,2003-05-08,"H-02122, Gulberg, Lahore",133280
UTL002123,Aisha قریشی,98049-5081001-6,Muhammad Qureshi,2003-02-11,"H-02123, E-11, Islamabad",12665
UTL002124,Ahmed Quraishi,,Mohammed علی Quraishi,1981-01-01,"H-02124, DHA, Karachi",3628
UTL002125,عمران مغل,71436-6641575-9,Hamza مغل,1990-04-08,"H-02125, Model Town, Lahore",27998
UTL002126,Usman Awan,34476-2808532-4,Faysal اعوان,1980-08-19,"H-02126, North Nazimabad, Karachi",18119
UTL002127,Imran سید,98968-5027624-2,Mohammed Sayed,1968-02-16,"H-02127, Chaklala, Rawalpindi",6326
UTL002128,Mariam Qureshi,,Muhammad Imran Quraishi,1976-05-28,"H-02128, Cantt, Lahore",28743
UTL002129,Hira Shaikh,,محمد Sheikh,1989-07-22,"H-02129, F-7, Islamabad",8272
UTL002130,Aysha Qureshi,13157-6669364-4,Hassan Quraishi,1964-08-04,"H-02130, North Nazimabad, Karachi",4771
UTL002131,حسن چوہدری,95911-4641837-6,فیصل Ch.,2000-04-26,"H-02131, E-11, Islamabad",16347
UTL002132,Muhammad Mughal,,Muhammad Imran Mughal,1983-09-04,"H-02132, North Nazimabad, Karachi",10203
UTL002133,عمران Khan,94370-4869513-5,حسین خان,1959-06-18,"H-02133, Cantt, Lahore",13179
UTL002134,Faisal خان,,Hassan Khan,1995-08-14,"H-02134, Jaranwala Road, Faisalabad",11238
UTL002135,Marium Sheikh,13241-9587333-1,,1963-11-21,"H-02135, Jaranwala Road, Faisalabad",19948
UTL002136,Muhammed حمزہ Bhatti,55545-4695819-7,احمد بٹ,1957-06-22,"H-02136, Saddar, Rawalpindi",79371
UTL002137,Muhammed حسن Khan,,,1994-09-10,"H-02137, Peoples Colony, Faisalabad",37634
UTL002138,Muhammed Hussain Shaykh,72176-7848323-5,Mohammad Shaikh,2003-12-04,"H-02138, Bahria Town, Rawalpindi",90413
UTL002139,Hira Malik,72746-7679487-2,,1989-04-14,"H-02139, Peoples Colony, Faisalabad",299724
UTL002140,محمد ملک,70278-7736356-2,Faysal Malick,1965-03-14,"H-02140, Bahria Town, Rawalpindi",14701
UTL002141,Mohammed Faysal Choudhary,21223-7629911-5,,1966-09-21,"H-02141, Satellite Town, Rawalpindi",43889
UTL002142,Mohammad Hamza Bhatti,41698-6335005-9,,1961-03-11,"H-02142, Jaranwala Road, Faisalabad",92780
UTL002143,Fatimah Sayyid,75012-7378394-4,Muhammad Syed,1990-04-18,"H-02143, Bahria Town, Islamabad",18733
UTL002144,Usman Khan,26357-8395677-1,بلال Khan,1976-08-18,"H-02144, Gulshan-e-Iqbal, Karachi",4835
UTL002145,Muhammad Ali Moghul,55995-2557136-8,عمران Moghul,1983-02-21,"H-02145, E-11, Islamabad",45250
UTL002146,Aysha Khan,,Mohammad حسین Khan,1993-12-21,"H-02146, F-7, Islamabad",6003
UTL002147,Zaynab Awan,94221-1279513-2,Faysal اعوان,1967-01-04,"H-02147, Clifton, Karachi",6750
UTL002148,Muhammad Malik,91993-1606142-7,,1965-10-25,"H-02148, Peoples Colony, Faisalabad",75847
UTL002149,علی شیخ,34776-7846350-9,Mohammad Hassan Shaykh,1962-11-18,"H-02149, Gulberg, Lahore",16434
UTL002150,Muhammad Awan,27839-5390248-2,Muhammed Bilal Awan,1996-12-14,"H-02150, DHA, Lahore",7553
UTL002151,Zaynab Chaudhry,13261-6479968-7,Muhammad احمد چوہدری,1996-05-10,"H-02151, Chaklala, Rawalpindi",7136
UTL002152,بلال Awan,59863-9270275-3,Usman Awan,,"H-02152, F-7, Islamabad",4403
UTL002153,Ahmad Bhatti,81954-8026853-5,عمران بٹ,1967-11-24,"H-02153, Satellite Town, Rawalpindi",92190
UTL002154,Imran Choudhary,66224-3684708-6,,1968-07-13,"H-02154, Bahria Town, Islamabad",30068
UTL002155,علی Khan,57830-9800067-7,Muhammed خان,1987-10-10,"H-02155, Satellite Town, Rawalpindi",17628
UTL002156,Sana Raja,49422-5091268-6,Faysal راجہ,,"H-02156, Model Town, Lahore",12384
UTL002157,محمد Butt,57340-1534875-9,علی Bhatti,1989-05-13,"H-02157, F-7, Islamabad",6684
UTL002158,محمد Awan,32572-4290868-9,,1999-08-15,"H-02158, Model Town, Lahore",29707
UTL002159,Faysal Quraishi,97419-1080315-3,,1956-02-14,"H-02159, G-10, Islamabad",10171
UTL002160,احمد قریشی,,,1956-11-06,"H-02160, Clifton, Karachi",52533
UTL002161,Osman چوہدری,,Hasan چوہدری,2003-08-20,"H-02161, Clifton, Karachi",8088
UTL002162,Mohammad Ahmed Malick,41326-6915526-9,Muhammed Malick,1972-03-13,"H-02162, Clifton, Karachi",11548
UTL002163,Ali راجہ,34009-6770456-1,Muhammed Raja,1988-06-16,"H-02163, Satellite Town, Rawalpindi",10131
UTL002164,Othman Butt,,Faisal بٹ,1995-02-19,"H-02164, F-7, Islamabad",5024
UTL002165,Hira بٹ,50981-4689637-7,Muhammed بٹ,2003-07-05,"H-02165, G-10, Islamabad",16265
UTL002166,بلال Awan,67968-5197320-6,Ahmad اعوان,1963-02-22,"H-02166, Gulberg, Lahore",12386
UTL002167,حرا Shaikh,23304-3915877-6,Mohammad Sheikh,1987-05-17,"H-02167, Chaklala, Rawalpindi",17399
UTL002168,Marium Shaikh,91452-1993391-6,Faysal Shaikh,1969-02-20,"H-02168, North Nazimabad, Karachi",109321
UTL002169,Faysal مغل,67124-9289149-0,,1976-01-23,"H-02169, F-7, Islamabad",34586
UTL002170,Ali سید,,حسن سید,1972-04-27,"H-02170, Bahria Town, Rawalpindi",59298
UTL002171,Husain راجہ,96189-5894791-2,Mohammad Raja,1964-06-20,"H-02171, F-7, Islamabad",21411
UTL002172,Mohammad Shaikh,41135-2796285-3,Hussain شیخ,1963-08-12,"H-02172, Madina Town, Faisalabad",22083
UTL002173,فاطمہ مغل,24444-6557208-4,Faisal مغل,1956-12-10,"H-02173, Madina Town, Faisalabad",55702
UTL002174,Muhammed احمد راجہ,42601-8312730-9,عثمان راجہ,1969-02-02,"H-02174, Model Town, Lahore",34939
UTL002175,Faisal اعوان,98893-2798568-5,Mohammad اعوان,1981-03-22,"H-02175, Saddar, Rawalpindi",4741
UTL002176,Sana Shaikh,18418-8521866-3,علی شیخ,1987-02-27,"H-02176, Chaklala, Rawalpindi",4991
UTL002177,Mohammad Raja,91074-3610866-2,,1992-09-08,"H-02177, Bahria Town, Rawalpindi",5180
UTL002178,Hamzah Choudhary,73444-2911064-0,Othman Ch.,1963-10-17,"H-02178, Satellite Town, Rawalpindi",6717
UTL002179,Aisha Awan,87969-2358532-5,Hassan Awan,1958-05-09,"H-02179, G-10, Islamabad",29642
UTL002180,محمد Shaikh,83460-9294106-8,Mohammed Faysal Sheikh,,"H-02180, Bahria Town, Rawalpindi",15096
UTL002181,علی Mughal,62398-8593184-6,Mohammad مغل,1970-11-25,"H-02181, Bahria Town, Islamabad",19653
UTL002182,Hussain Syed,49006-2154396-8,Muhammad علی Syed,1970-07-18,"H-02182, Chaklala, Rawalpindi",56667
UTL002183,Mohammad عمران Shaykh,19394-1813161-5,احمد Sheikh,,"H-02183, Bahria Town, Rawalpindi",11332
UTL002184,Ali Shaikh,40804-9982809-8,علی شیخ,1978-04-06,"H-02184, DHA, Karachi",43537
UTL002185,Muhammad احمد Sayyid,,Bilal سید,1955-04-18,"H-02185, Madina Town, Faisalabad",6676
UTL002186,حمزہ Choudhary,71060-9561089-9,,1996-08-14,"H-02186, Saddar, Rawalpindi",4686
UTL002187,Osman Shaykh,23070-1843801-7,Mohammad Shaikh,1984-02-14,"H-02187, Gulshan-e-Iqbal, Karachi",7340
UTL002188,Imran Moghul,33632-4635481-7,Mohammed مغل,1988-06-03,"H-02188, F-7, Islamabad",27173
UTL002189,Faysal بٹ,44018-7096313-6,Faisal بٹ,1985-03-20,"H-02189, G-10, Islamabad",8782
UTL002190,Faysal Shaikh,,حمزہ Shaykh,1983-12-22,"H-02190, Satellite Town, Rawalpindi",73483
UTL002191,Fatimah Syed,,Ali Syed,2002-07-25,"H-02191, Cantt, Lahore",11432
UTL002192,Sana Choudhary,57638-9294972-3,Hamzah Ch.,1961-04-18,"H-02192, Gulshan-e-Iqbal, Karachi",7203
UTL002193,محمد Sheikh,95888-5843410-6,Ahmad Shaikh,1974-05-26,"H-02193, Gulberg, Lahore",21491
UTL002194,Marium Chaudhry,48909-2853043-1,Hamza Chaudhary,1981-02-22,"H-02194, DHA, Lahore",18412
UTL002195,Mohammed Osman Shaikh,39722-2890702-9,بلال Sheikh,,"H-02195, Bahria Town, Islamabad",29798
UTL002196,Hamzah Khan,,Faysal خان,1979-10-17,"H-02196, E-11, Islamabad",5908
UTL002197,بلال راجہ,,عمران راجہ,1969-08-22,"H-02197, Madina Town, Faisalabad",15798
UTL002198,Mohammed بلال چوہدری,85583-4038772-2,Faysal چوہدری,1962-11-21,"H-02198, Gulshan-e-Iqbal, Karachi",11642
UTL002199,Zaynab Moghul,,محمد Moghul,1979-12-22,"H-02199, Model Town, Lahore",4928
UTL002200,Fatima شیخ,,عمران Shaikh,1967-01-03,"H-02200, Madina Town, Faisalabad",20185
UTL002201,حرا Moghul,72974-6614760-7,Muhammed Imran مغل,1994-12-26,"H-02201, Saddar, Rawalpindi",28441
UTL002202,Faisal اعوان,90517-8529542-9,Faysal Awan,1958-06-06,"H-02202, Bahria Town, Islamabad",32319
UTL002203,Ayisha Malik,63637-6632977-6,,1988-12-04,"H-02203, Bahria Town, Islamabad",20876
UTL002204,محمد Sayyid,37690-6257695-6,Hassan سید,,"H-02204, Malir, Karachi",21456
UTL002205,Zainab قریشی,,Faysal Quraishi,1974-10-14,"H-02205, Bahria Town, Rawalpindi",105902
UTL002206,احمد Mughal,87329-1898452-6,عمران Moghul,1965-12-02,"H-02206, Cantt, Lahore",13937
UTL002207,حمزہ ملک,,Ahmad Malick,1979-04-26,"H-02207, Satellite Town, Rawalpindi",20896
UTL002208,Mohammad Hassan Malik,45095-1614565-9,,1999-10-27,"H-02208, Chaklala, Rawalpindi",38397
UTL002209,Faysal قریشی,77618-6585274-8,حسن قریشی,1976-12-14,"H-02209, G-10, Islamabad",42137
UTL002210,Mohammed Faisal Moghul,30073-9083750-4,Muhammed Hassan Moghul,1993-11-05,"H-02210, Madina Town, Faisalabad",15956
UTL002211,احمد اعوان,88669-4091304-5,Imran Awan,1959-11-24,"H-02211, F-7, Islamabad",91386
UTL002212,Hamzah سید,33880-6151929-6,محمد سید,1962-12-18,"H-02212, DHA, Lahore",16877
UTL002213,Othman بٹ,82726-5222642-5,Muhammed Hasan بٹ,,"H-02213, Clifton, Karachi",18990
UTL002214,Mohammad Awan,78329-6665244-9,Mohammed Awan,1996-10-14,"H-02214, Peoples Colony, Faisalabad",8712
UTL002215,عثمان Mughal,27774-5656769-0,Imran Mughal,2002-10-20,"H-02215, Peoples Colony, Faisalabad",25071
UTL002216,Maryam چوہدری,,Ahmad چوہدری,,"H-02216, F-7, Islamabad",135201
UTL002217,Marium Khan,,,1955-12-06,"H-02217, Bahria Town, Rawalpindi",20178
UTL002218,Husain ملک,40085-2028961-6,Muhammad Hasan Malik,1966-12-08,"H-02218, Jaranwala Road, Faisalabad",31915
UTL002219,Ahmed راجہ,48035-5503935-2,,,"H-02219, Gulshan-e-Iqbal, Karachi",12606
UTL002220,Ali Bhatti,10959-6161516-7,بلال بٹ,1977-12-03,"H-02220, Model Town, Lahore",18321
UTL002221,حرا Malik,45909-1135297-9,Faysal Malick,1973-02-10,"H-02221, E-11, Islamabad",12146
UTL002222,Muhammed Hassan اعوان,50769-3252091-4,,1960-11-21,"H-02222, Gulshan-e-Iqbal, Karachi",25353
UTL002223,Bilal Malick,94279-4349362-5,بلال Malick,1975-10-09,"H-02223, DHA, Karachi",22342
UTL002224,Muhammad Shaykh,60099-7402264-6,Faisal Sheikh,1997-07-20,"H-02224, Johar Town, Lahore",41831
UTL002225,حسن Chaudhary,,Muhammad Ahmad Chaudhry,,"H-02225, Peoples Colony, Faisalabad",143090
UTL002226,Faisal Choudhary,46758-3496387-4,Mohammed Choudhary,,"H-02226, F-8, Islamabad",11526
UTL002227,بلال Choudhary,98414-9680402-8,Mohammed Faysal چوہدری,1969-04-09,"H-02227, Model Town, Lahore",24966
UTL002228,Marium مغل,76549-8292346-5,Mohammad حسین مغل,1966-05-08,"H-02228, F-7, Islamabad",20211
UTL002229,بلال Mughal,53323-6763400-0,Hamzah مغل,1972-04-11,"H-02229, Cantt, Lahore",74380
UTL002230,Muhammed علی راجہ,58918-5563057-7,Mohammad Raja,1970-10-14,"H-02230, Jaranwala Road, Faisalabad",21359
UTL002231,Zainab Qureshi,88766-2612728-7,,,"H-02231, Model Town, Lahore",11773
UTL002232,Mohammad Khan,54593-5596432-2,عمران Khan,1987-08-07,"H-02232, Jaranwala Road, Faisalabad",25010
UTL002233,حرا Syed,66321-8549308-9,Muhammed Imran Sayyid,1994-10-09,"H-02233, Peoples Colony, Faisalabad",3542
UTL002234,Hamzah خان,,,1960-02-01,"H-02234, Saddar, Rawalpindi",12182
UTL002235,Mohammed Hamzah Malik,72971-7014574-6,,2001-06-01,"H-02235, E-11, Islamabad",26876
UTL002236,Muhammed عمران Raja,99944-2609302-6,حمزہ راجہ,1997-05-09,"H-02236, Saddar, Rawalpindi",15079
UTL002237,Muhammad Hassan Bhatti,90045-8297037-9,Imran Bhatti,,"H-02237, Model Town, Lahore",9252
UTL002238,Bilal سید,,محمد Sayed,1963-12-24,"H-02238, Madina Town, Faisalabad",7014
UTL002239,Ayisha اعوان,31996-6555491-7,Ahmed Awan,1974-01-28,"H-02239, Jaranwala Road, Faisalabad",4140
UTL002240,Imran Qureshi,,عمران قریشی,,"H-02240, Satellite Town, Rawalpindi",34376
UTL002241,Faysal Chaudhry,97972-7465311-3,Mohammad Usman چوہدری,1987-06-08,"H-02241, Saddar, Rawalpindi",4877
UTL002242,Ahmed شیخ,88785-6594989-1,Faisal Shaykh,1996-04-01,"H-02242, Satellite Town, Rawalpindi",7626
UTL002243,علی اعوان,78705-7309035-7,Muhammad Awan,1968-07-11,"H-02243, Chaklala, Rawalpindi",14976
UTL002244,بلال Chaudhry,99129-5718741-3,فیصل Chaudhary,1971-07-17,"H-02244, G-10, Islamabad",33742
UTL002245,Muhammed حسن ملک,98377-3525628-3,Mohammad Hassan ملک,1978-08-22,"H-02245, Madina Town, Faisalabad",30655
UTL002246,Hamza Choudhary,49512-5696621-5,Muhammed حمزہ Chaudhary,1984-07-06,"H-02246, Malir, Karachi",23723
UTL002247,Bilal Chaudhry,,,1994-09-20,"H-02247, Satellite Town, Rawalpindi",62411
UTL002248,زینب مغل,95205-5016918-4,عمران مغل,2000-06-05,"H-02248, G-10, Islamabad",40442
UTL002249,Hamza اعوان,41460-8989280-6,Hamzah Awan,,"H-02249, F-7, Islamabad",15835
UTL002250,Muhammed اعوان,56490-2350852-4,,1983-06-07,"H-02250, Satellite Town, Rawalpindi",46736
UTL002251,Fatima Choudhary,87117-1976246-0,محمد Choudhary,1991-05-24,"H-02251, North Nazimabad, Karachi",15908
UTL002252,Zaynab راجہ,,Hasan راجہ,1988-06-21,"H-02252, Gulberg, Lahore",4822
UTL002253,Hasan Qureshi,98713-3183285-6,بلال Quraishi,1957-11-22,"H-02253, Gulberg, Lahore",17899
UTL002254,Mohammad Bhatti,84792-2320054-1,,2002-04-27,"H-02254, Saddar, Rawalpindi",54990
UTL002255,Mohammed بلال Malick,,Muhammad فیصل ملک,2002-07-27,"H-02255, North Nazimabad, Karachi",18832
UTL002256,Muhammed Osman Raja,46265-7740968-6,,1974-12-10,"H-02256, Johar Town, Lahore",7173
UTL002257,Imran Syed,97677-1001008-4,,2001-10-14,"H-02257, Peoples Colony, Faisalabad",11183
UTL002258,ثناء Shaikh,58872-3234175-5,,1976-10-19,"H-02258, Madina Town, Faisalabad",7105
UTL002259,Hussein Sheikh,,Ali شیخ,1986-07-10,"H-02259, Gulberg, Lahore",80082
UTL002260,حرا Chaudhry,65355-3931569-2,احمد Ch.,1971-01-12,"H-02260, Jaranwala Road, Faisalabad",53551
UTL002261,Marium Khan,50308-8567652-3,Mohammed Hassan خان,1990-10-27,"H-02261, E-11, Islamabad",22828
UTL002262,علی Bhatti,49642-3150887-0,حسن Butt,1975-10-09,"H-02262, Chaklala, Rawalpindi",9456
UTL002263,Hassan راجہ,56838-2377186-8,Bilal راجہ,1981-05-28,"H-02263, Bahria Town, Rawalpindi",84599
UTL002264,Hasan ملک,20007-9480589-3,Mohammed Malick,,"H-02264, Model Town, Lahore",14087
UTL002265,Zainab Raja,,عثمان راجہ,1995-03-23,"H-02265, Gulshan-e-Iqbal, Karachi",10682
UTL002266,Othman Moghul,85672-9766338-4,Ahmad Mughal,1965-09-13,"H-02266, Madina Town, Faisalabad",10563
UTL002267,Mohammed Bilal Awan,33366-4609319-8,حسن اعوان,1961-10-08,"H-02267, Bahria Town, Islamabad",6063
UTL002268,Imran Khan,79844-2091033-4,بلال Khan,1967-05-05,"H-02268, Clifton, Karachi",9724
UTL002269,Husain Sheikh,,Mohammed شیخ,,"H-02269, North Nazimabad, Karachi",8953
UTL002270,Muhammed Hamza Choudhary,21423-5961407-6,Ahmad Chaudhry,1967-04-03,"H-02270, F-7, Islamabad",5127
UTL002271,Hasan خان,,محمد Khan,1974-05-01,"H-02271, Gulshan-e-Iqbal, Karachi",22489
UTL002272,Muhammed Mughal,,Mohammed عثمان Moghul,1984-07-24,"H-02272, Chaklala, Rawalpindi",112015
UTL002273,Muhammed Usman بٹ,34086-2648873-2,Bilal Butt,1994-10-09,"H-02273, North Nazimabad, Karachi",24226
UTL002274,Muhammed احمد Moghul,64965-2755593-6,Bilal Mughal,,"H-02274, DHA, Karachi",6726
UTL002275,Ali Butt,63018-9984991-2,Muhammed بلال Butt,,"H-02275, DHA, Lahore",6343
UTL002276,Zaynab Syed,91039-7399812-2,محمد Sayed,1988-04-21,"H-02276, Johar Town, Lahore",12040
UTL002277,Muhammed خان,40198-3334588-5,Mohammed Hamza Khan,1963-03-18,"H-02277, Bahria Town, Islamabad",19003
UTL002278,Hasan شیخ,,Mohammad Imran Shaykh,1976-10-16,"H-02278, DHA, Lahore",22724
UTL002279,Hassan Raja,,Husain Raja,1976-03-23,"H-02279, Saddar, Rawalpindi",14204
UTL002280,علی Raja,59820-1736818-4,Imran Raja,1956-03-26,"H-02280, Saddar, Rawalpindi",39767
UTL002281,Bilal Qureshi,,Faysal Quraishi,1976-01-23,"H-02281, E-11, Islamabad",18469
UTL002282,Ahmad راجہ,53316-8309020-6,حسین راجہ,1968-01-04,"H-02282, Jaranwala Road, Faisalabad",36010
UTL002283,بلال Shaikh,83251-9256688-8,Imran Sheikh,1987-08-24,"H-02283, Cantt, Lahore",12642
UTL002284,Mohammed Ahmad Chaudhry,,Faisal Choudhary,1956-02-04,"H-02284, Saddar, Rawalpindi",30349
UTL002285,Aisha Butt,97212-8503048-1,Faysal Butt,1994-01-07,"H-02285, Chaklala, Rawalpindi",37158
UTL002286,Hussein راجہ,42229-3826766-9,Husain راجہ,1974-02-19,"H-02286, Peoples Colony, Faisalabad",39559
UTL002287,Hussein اعوان,16262-7068105-3,,1983-03-18,"H-02287, Jaranwala Road, Faisalabad",39557
UTL002288,Bilal اعوان,83966-6559653-3,,1997-12-13,"H-02288, DHA, Lahore",33528
UTL002289,عمران Raja,53480-7375305-2,,1965-06-25,"H-02289, Satellite Town, Rawalpindi",12446
UTL002290,علی Raja,10211-2858631-8,حسن Raja,1964-04-12,"H-02290, Cantt, Lahore",32910
UTL002291,Muhammed بلال راجہ,,Muhammed Imran راجہ,1956-10-13,"H-02291, E-11, Islamabad",42019
UTL002292,Mohammed Hamza Butt,52657-8968236-5,علی Bhatti,1960-04-12,"H-02292, Bahria Town, Islamabad",7071
UTL002293,Hamza قریشی,88603-3661549-8,,1986-05-18,"H-02293, G-10, Islamabad",28219
UTL002294,Ahmed Malick,,Hamza Malik,,"H-02294, Bahria Town, Islamabad",13075
UTL002295,Faysal مغل,93708-6614414-3,Hussein مغل,,"H-02295, Satellite Town, Rawalpindi",47935
UTL002296,Bilal Bhatti,62861-8392036-6,Faisal Butt,1982-04-24,"H-02296, North Nazimabad, Karachi",5238
UTL002297,Mohammad Osman Raja,24451-7643820-3,Muhammad راجہ,1960-12-11,"H-02297, DHA, Lahore",8940
UTL002298,Ali Bhatti,78724-5710444-8,حسن Bhatti,1974-11-20,"H-02298, Gulberg, Lahore",18830
UTL002299,Faisal Raja,,عمران راجہ,1957-05-01,"H-02299, E-11, Islamabad",42572
UTL002300,عمران Khan,38727-8359050-3,Mohammed Osman Khan,1988-07-13,"H-02300, Gulshan-e-Iqbal, Karachi",58102
UTL002301,عثمان بٹ,,Muhammad Faisal بٹ,1964-07-02,"H-02301, E-11, Islamabad",24931
UTL002302,Marium Butt,74981-3282255-0,,2002-04-13,"H-02302, Bahria Town, Rawalpindi",55695
UTL002303,فیصل Moghul,88551-3569548-8,Osman Mughal,1981-08-24,"H-02303, DHA, Karachi",12374
UTL002304,Mohammad Imran Qureshi,21205-6996458-5,Hassan قریشی,1990-04-28,"H-02304, Clifton, Karachi",26347
UTL002305,عثمان Raja,,Bilal Raja,1971-04-20,"H-02305, DHA, Lahore",6360
UTL002306,Mohammad Hussain Sayyid,83554-1375404-7,Usman Sayyid,1960-11-26,"H-02306, Malir, Karachi",36296
UTL002307,Muhammed فیصل Raja,73343-7285488-5,احمد راجہ,1964-10-22,"H-02307, Malir, Karachi",21201
UTL002308,Mohammad احمد Butt,54440-4456251-1,Bilal Butt,,"H-02308, Madina Town, Faisalabad",31598
UTL002309,عمران قریشی,45666-8381552-7,Bilal Qureshi,1977-07-25,"H-02309, Peoples Colony, Faisalabad",5410
UTL002310,Ayisha قریشی,90315-5417843-3,Hussain Quraishi,1969-07-18,"H-02310, G-10, Islamabad",51152
UTL002311,Bilal Moghul,10350-5456556-9,Mohammad Moghul,1986-07-23,"H-02311, Gulberg, Lahore",14523
UTL002312,Hassan Quraishi,71160-3096973-0,Mohammed قریشی,1962-02-11,"H-02312, Peoples Colony, Faisalabad",9224
UTL002313,Mariam Choudhary,44449-5033107-1,حسین Ch.,1999-09-16,"H-02313, Bahria Town, Islamabad",10567
UTL002314,حمزہ Raja,43365-2742521-3,Mohammed Othman راجہ,1972-11-24,"H-02314, E-11, Islamabad",7543
UTL002315,Muhammed Ahmad سید,95026-7276231-7,حسن Sayyid,1994-11-11,"H-02315, Peoples Colony, Faisalabad",12385
UTL002316,عثمان Qureshi,98362-6771537-7,فیصل Quraishi,1974-08-12,"H-02316, Madina Town, Faisalabad",11305
UTL002317,Marium خان,44405-2972292-3,Bilal Khan,1965-04-07,"H-02317, Cantt, Lahore",72147
UTL002318,حمزہ Khan,,,1992-08-21,"H-02318, F-7, Islamabad",7940
UTL002319,Muhammad Hamzah Moghul,,Osman مغل,2000-06-19,"H-02319, Bahria Town, Rawalpindi",12882
UTL002320,حمزہ Bhatti,14860-3057913-7,Mohammad Butt,1967-10-27,"H-02320, E-11, Islamabad",28936
UTL002321,Zainab Moghul,23744-8353947-0,Muhammed بلال مغل,1984-10-26,"H-02321, DHA, Karachi",16619
UTL002322,Hamza راجہ,79337-6244575-5,Muhammed Ahmed Raja,1980-12-05,"H-02322, Bahria Town, Rawalpindi",88207
UTL002323,عمران مغل,62665-5194080-5,,1982-08-08,"H-02323, Satellite Town, Rawalpindi",10614
UTL002324,عمران مغل,74100-1969604-7,Muhammad Ali Mughal,1963-09-18,"H-02324, Saddar, Rawalpindi",49851
UTL002325,Hasan Quraishi,90228-1122496-1,حسین قریشی,,"H-02325, Clifton, Karachi",4937
UTL002326,Hamzah Butt,66651-7797936-3,,1985-12-25,"H-02326, Madina Town, Faisalabad",15444
UTL002327,مریم Malik,12929-4288623-0,Muhammad Malik,1984-11-24,"H-02327, Bahria Town, Islamabad",13594
UTL002328,زینب راجہ,,عثمان راجہ,1966-11-14,"H-02328, Johar Town, Lahore",50211
UTL002329,Ahmed شیخ,61162-8200180-9,,1960-03-22,"H-02329, Jaranwala Road, Faisalabad",9157
UTL002330,Ahmad Butt,30849-7335257-1,,1992-08-26,"H-02330, Model Town, Lahore",74220
UTL002331,Usman Moghul,51742-8574995-4,Hussain مغل,1979-06-23,"H-02331, E-11, Islamabad",4916
UTL002332,حسین بٹ,78258-2636713-8,عثمان بٹ,1960-04-13,"H-02332, DHA, Karachi",23132
UTL002333,Othman Sheikh,82432-2682205-9,حسن Shaikh,1983-12-14,"H-02333, Clifton, Karachi",7867
UTL002334,Hamzah Malik,97917-3257862-2,Mohammad Malik,1959-05-22,"H-02334, E-11, Islamabad",51376
UTL002335,Hassan قریشی,22772-2867171-2,Mohammad Hamza Qureshi,1965-09-07,"H-02335, F-7, Islamabad",14057
UTL002336,Mohammed عمران Awan,71435-9171794-0,فیصل Awan,1955-07-22,"H-02336, Chaklala, Rawalpindi",5536
UTL002337,Aysha راجہ,59442-3422314-9,عثمان Raja,1955-08-14,"H-02337, Johar Town, Lahore",43972
UTL002338,بلال شیخ,29304-1701231-4,Muhammad عمران Shaikh,1988-09-13,"H-02338, Malir, Karachi",71684
UTL002339,Muhammad Ahmed راجہ,15861-4794808-2,Muhammed Bilal Raja,1974-11-11,"H-02339, Bahria Town, Rawalpindi",25229
UTL002340,Maryam Butt,90330-2397786-6,,1975-12-22,"H-02340, North Nazimabad, Karachi",49164
UTL002341,بلال Butt,83997-9162832-0,Hasan بٹ,1974-03-11,"H-02341, Madina Town, Faisalabad",166357
UTL002342,Hira Khan,19063-7270714-8,Faysal Khan,1961-04-13,"H-02342, North Nazimabad, Karachi",12247
UTL002343,Marium Khan,,Hasan خان,1959-10-08,"H-02343, Chaklala, Rawalpindi",8057
UTL002344,Hira Sheikh,,,,"H-02344, F-8, Islamabad",5528
UTL002345,عمران راجہ,46221-9630184-0,Muhammed علی Raja,1993-04-07,"H-02345, Chaklala, Rawalpindi",33828
UTL002346,Muhammed Imran بٹ,93725-2387188-0,بلال Bhatti,1978-08-08,"H-02346, Cantt, Lahore",7920
UTL002347,Mohammad Hamzah Bhatti,59464-4651932-5,Muhammed احمد Butt,1956-03-24,"H-02347, G-10, Islamabad",3400
UTL002348,علی راجہ,21374-6543511-5,عمران راجہ,1995-10-23,"H-02348, Gulberg, Lahore",64829
UTL002349,عثمان Mughal,74589-9270231-1,Mohammed حمزہ Mughal,1999-01-07,"H-02349, Saddar, Rawalpindi",8173
UTL002350,Aisha Moghul,,Muhammed Moghul,,"H-02350, F-7, Islamabad",12307
UTL002351,Hassan چوہدری,83218-5343078-1,عمران Choudhary,1984-07-15,"H-02351, Satellite Town, Rawalpindi",5493
UTL002352,Muhammad Sayed,50653-6445840-9,Mohammad Hamzah سید,1998-11-22,"H-02352, F-8, Islamabad",64185
UTL002353,Fatimah خان,33205-5432484-9,Mohammed Bilal خان,,"H-02353, Gulberg, Lahore",10939
UTL002354,Zainab قریشی,49609-5712823-8,,1992-05-23,"H-02354, DHA, Karachi",20385
UTL002355,Ahmed راجہ,60727-1327721-5,Husain Raja,1965-08-02,"H-02355, Gulshan-e-Iqbal, Karachi",6110
UTL002356,Faysal Butt,25383-2764731-1,Muhammad بٹ,1985-10-16,"H-02356, Satellite Town, Rawalpindi",9850
UTL002357,حسین قریشی,70468-3514200-8,Faisal قریشی,1984-03-06,"H-02357, Chaklala, Rawalpindi",24186
UTL002358,Imran Quraishi,36636-1174760-9,عمران قریشی,1971-11-13,"H-02358, F-7, Islamabad",13619
UTL002359,Muhammed Bilal Khan,87349-4053391-6,Ahmed Khan,1968-09-05,"H-02359, Satellite Town, Rawalpindi",57636
UTL002360,Aysha Mughal,69797-8365749-9,عثمان Moghul,1984-01-25,"H-02360, Satellite Town, Rawalpindi",25000
UTL002361,Fatima سید,71398-4082605-7,Ahmad سید,1997-02-02,"H-02361, Johar Town, Lahore",10727
UTL002362,Mohammad Ahmad Shaikh,,محمد Shaikh,,"H-02362, Jaranwala Road, Faisalabad",13923
UTL002363,Mohammed حسن Chaudhary,,Muhammad Faisal Choudhary,1969-05-09,"H-02363, DHA, Lahore",23119
UTL002364,Bilal Moghul,,Faisal Mughal,1977-11-05,"H-02364, F-8, Islamabad",27754
UTL002365,Zaynab Shaykh,,عثمان Shaikh,1970-08-23,"H-02365, Peoples Colony, Faisalabad",39972
UTL002366,Zainab Butt,54083-5819564-8,Muhammad Hamza Butt,1976-04-04,"H-02366, Jaranwala Road, Faisalabad",40708
UTL002367,Hussein Shaykh,50765-3402037-8,محمد شیخ,1975-04-15,"H-02367, G-10, Islamabad",43615
UTL002368,Usman Qureshi,83024-8118181-8,Imran قریشی,1995-08-18,"H-02368, Malir, Karachi",8457
UTL002369,Hassan Mughal,26035-5179312-1,Mohammad حمزہ Mughal,1957-02-20,"H-02369, Gulberg, Lahore",6968
UTL002370,Maryam چوہدری,96747-3209870-8,Hamzah Ch.,1991-09-25,"H-02370, Jaranwala Road, Faisalabad",14814
UTL002371,Fatema Malick,58594-7078269-6,علی Malik,1991-02-16,"H-02371, F-8, Islamabad",35528
UTL002372,حسین Malick,40730-4266492-2,Imran Malick,1990-09-01,"H-02372, Saddar, Rawalpindi",10494
UTL002373,Muhammed Sheikh,50923-6678674-1,Ali Shaikh,1956-03-22,"H-02373, Peoples Colony, Faisalabad",22254
UTL002374,Mohammed Ahmed Awan,58047-5556540-1,Bilal اعوان,1972-09-16,"H-02374, G-10, Islamabad",9117
UTL002375,Muhammad Bhatti,27250-8826026-5,Mohammad Butt,1961-06-06,"H-02375, Satellite Town, Rawalpindi",14820
UTL002376,Zaynab Bhatti,40121-7681408-0,Muhammed Hamzah Bhatti,1989-06-10,"H-02376, DHA, Lahore",47759
UTL002377,حسن Khan,,Hasan Khan,1999-09-07,"H-02377, Peoples Colony, Faisalabad",8753
UTL002378,Bilal Khan,53984-8473146-9,Mohammed Ali خان,1969-03-13,"H-02378, Gulshan-e-Iqbal, Karachi",11731
UTL002379,Imran Malik,70332-1116892-1,عثمان Malick,,"H-02379, Jaranwala Road, Faisalabad",22276
UTL002380,ثناء اعوان,90927-3166384-5,,,"H-02380, DHA, Lahore",19538
UTL002381,علی Chaudhry,84069-8549131-0,,1991-11-28,"H-02381, Gulberg, Lahore",22431
UTL002382,عمران Shaykh,55045-9984639-5,Osman Shaykh,1962-02-14,"H-02382, Madina Town, Faisalabad",31501
UTL002383,Aysha Butt,,Hamza Bhatti,1974-12-28,"H-02383, Madina Town, Faisalabad",28746
UTL002384,Ali Butt,81224-7912974-2,بلال Bhatti,,"H-02384, Peoples Colony, Faisalabad",140124
UTL002385,Ahmad Shaikh,71581-8541891-3,Bilal Shaikh,2000-08-16,"H-02385, Bahria Town, Islamabad",36270
UTL002386,حسن بٹ,,حمزہ Butt,1965-10-28,"H-02386, Model Town, Lahore",24601
UTL002387,بلال بٹ,98650-1721598-2,Faisal Butt,1991-01-25,"H-02387, Cantt, Lahore",59289
UTL002388,Mohammed حسین Shaikh,86176-8025655-0,,,"H-02388, E-11, Islamabad",4225
UTL002389,Hira Quraishi,72636-7965894-2,حسین قریشی,1965-07-13,"H-02389, Bahria Town, Rawalpindi",90056
UTL002390,علی قریشی,30157-1554536-3,بلال Quraishi,1993-04-02,"H-02390, Bahria Town, Islamabad",13768
UTL002391,حسین خان,29439-8830949-3,Ahmad Khan,2000-02-25,"H-02391, Gulshan-e-Iqbal, Karachi",91026
UTL002392,Zainab Malik,59025-8064955-9,Muhammed Malik,1955-11-03,"H-02392, E-11, Islamabad",24677
UTL002393,Faisal Chaudhary,90061-9849783-4,حمزہ چوہدری,,"H-02393, Model Town, Lahore",6629
UTL002394,عثمان مغل,73084-8997133-1,Osman مغل,1970-10-01,"H-02394, Satellite Town, Rawalpindi",17553
UTL002395,حسین Awan,52525-1177801-0,Hasan اعوان,1964-10-19,"H-02395, Johar Town, Lahore",19247
UTL002396,Bilal بٹ,18854-6230534-4,علی Bhatti,1983-09-16,"H-02396, Satellite Town, Rawalpindi",6024
UTL002397,Usman Butt,,Mohammad Bilal بٹ,1994-08-20,"H-02397, Gulshan-e-Iqbal, Karachi",31717
UTL002398,Muhammad Bilal Awan,84829-4768730-9,حسن Awan,1974-04-22,"H-02398, G-10, Islamabad",13438
UTL002399,Muhammad حسین Qureshi,34015-6817661-2,,1985-09-23,"H-02399, Cantt, Lahore",19261
UTL002400,Imran ملک,12581-9076583-3,Muhammad Husain ملک,1976-04-21,"H-02400, Gulberg, Lahore",38727
UTL002401,Ali Chaudhary,23299-3998312-2,Husain Chaudhary,2003-08-09,"H-02401, Chaklala, Rawalpindi",5478
UTL002402,Muhammad حسن Awan,41683-4861301-5,,1975-02-13,"H-02402, DHA, Lahore",23082
UTL002403,Usman ملک,21766-7134379-5,Osman Malik,1989-08-02,"H-02403, Malir, Karachi",27615
UTL002404,Muhammad بٹ,94886-6018967-5,Bilal Butt,1974-02-03,"H-02404, Gulberg, Lahore",4272
UTL002405,Usman قریشی,52040-4901880-8,Mohammad قریشی,1986-09-03,"H-02405, Clifton, Karachi",40593
UTL002406,Othman خان,50640-5260211-1,,2000-08-04,"H-02406, F-8, Islamabad",4990
UTL002407,عثمان اعوان,66654-4869062-2,Imran Awan,1995-11-05,"H-02407, Malir, Karachi",93685
UTL002408,Muhammad بلال Malik,19756-7118380-6,Mohammed Hasan Malik,1975-03-01,"H-02408, Bahria Town, Rawalpindi",30543
UTL002409,عائشہ Qureshi,,Faysal قریشی,1990-11-13,"H-02409, Gulshan-e-Iqbal, Karachi",33097
UTL002410,Sana اعوان,50117-4185111-3,Mohammed بلال اعوان,1956-09-02,"H-02410, Saddar, Rawalpindi",36882
UTL002411,Muhammed Ahmad Khan,64735-2611400-0,,1993-03-16,"H-02411, Gulshan-e-Iqbal, Karachi",23785
UTL002412,Imran مغل,,بلال Moghul,1970-09-17,"H-02412, DHA, Lahore",13937
UTL002413,Hira راجہ,79132-6926067-6,فیصل Raja,1957-06-21,"H-02413, F-7, Islamabad",22728
UTL002414,بلال Raja,59832-9030228-2,عمران Raja,1957-01-16,"H-02414, Madina Town, Faisalabad",119863
UTL002415,Muhammad راجہ,68645-3589358-3,Muhammed حمزہ Raja,1968-06-14,"H-02415, Gulshan-e-Iqbal, Karachi",10977
UTL002416,Muhammad Raja,62473-8439765-8,Faisal Raja,1992-11-19,"H-02416, DHA, Lahore",17248
UTL002417,Hussain مغل,63956-8751856-1,Hussein مغل,1979-08-09,"H-02417, Madina Town, Faisalabad",18140
UTL002418,Mariam Raja,64769-8540358-5,Ahmad راجہ,,"H-02418, Jaranwala Road, Faisalabad",194430
UTL002419,زینب Quraishi,56018-7131115-6,Hasan قریشی,1974-04-25,"H-02419, Saddar, Rawalpindi",11413
UTL002420,Fatima Mughal,14243-3259936-5,Imran Mughal,1977-07-11,"H-02420, DHA, Lahore",6223
UTL002421,حرا Awan,12415-4356498-1,Bilal اعوان,1986-12-18,"H-02421, Bahria Town, Rawalpindi",11497
UTL002422,بلال ملک,81762-9091226-2,Mohammad Malick,1961-03-09,"H-02422, G-10, Islamabad",6876
UTL002423,Usman Bhatti,13116-1969781-5,Mohammed حسین Butt,1992-01-17,"H-02423, G-10, Islamabad",18959
UTL002424,Faysal اعوان,41051-9731339-8,Hamzah اعوان,1963-05-13,"H-02424, Satellite Town, Rawalpindi",19252
UTL002425,Husain Choudhary,97982-1997220-0,Mohammad چوہدری,1992-02-10,"H-02425, Madina Town, Faisalabad",3928
UTL002426,فیصل Chaudhry,46435-2784367-7,Mohammed Faisal Ch.,1991-11-14,"H-02426, Malir, Karachi",21303
UTL002427,Fatimah Raja,35513-7026847-1,Mohammad عمران راجہ,1993-07-06,"H-02427, Peoples Colony, Faisalabad",12689
UTL002428,Bilal خان,26697-5191144-0,علی خان,1969-05-02,"H-02428, Clifton, Karachi",11153
UTL002429,Ayesha Shaykh,96415-7190164-8,Faysal Shaikh,2002-01-27,"H-02429, F-7, Islamabad",5273
UTL002430,عمران Khan,64108-7753616-6,محمد خان,,"H-02430, F-7, Islamabad",53267
UTL002431,Muhammad Hamzah راجہ,46098-9152287-9,Muhammad Raja,1992-09-13,"H-02431, Peoples Colony, Faisalabad",30918
UTL002432,علی Awan,82306-5728628-4,,1964-01-05,"H-02432, Chaklala, Rawalpindi",10507
UTL002433,حسین Raja,35086-2182736-3,,,"H-02433, Peoples Colony, Faisalabad",19161
UTL002434,Ahmed راجہ,,احمد راجہ,1971-02-20,"H-02434, Clifton, Karachi",20396
UTL002435,Ayisha سید,44562-8620212-1,Mohammad عمران Sayyid,1991-12-04,"H-02435, DHA, Karachi",99434
UTL002436,عثمان Sayyid,49816-9157115-6,Mohammad Imran Sayed,1990-11-25,"H-02436, Madina Town, Faisalabad",31242
UTL002437,Hasan Bhatti,22220-4321958-1,Imran بٹ,1961-02-28,"H-02437, Gulshan-e-Iqbal, Karachi",27553
UTL002438,Hussain خان,40337-3626848-5,Ahmad Khan,,"H-02438, F-7, Islamabad",30606
UTL002439,Imran Qureshi,85041-5611896-0,بلال Qureshi,,"H-02439, Saddar, Rawalpindi",6884
UTL002440,Sana Chaudhry,35943-2754334-4,عثمان Ch.,2003-07-09,"H-02440, DHA, Karachi",21768
UTL002441,Mohammad Hamza Quraishi,17163-8633531-4,Mohammad قریشی,,"H-02441, Chaklala, Rawalpindi",59377
UTL002442,Faysal مغل,68953-1062242-9,Hasan مغل,1970-10-04,"H-02442, Jaranwala Road, Faisalabad",7780
UTL002443,حرا مغل,,Ahmad Mughal,1955-07-01,"H-02443, F-7, Islamabad",4849
UTL002444,زینب چوہدری,15960-6833151-7,Mohammed Bilal Ch.,,"H-02444, North Nazimabad, Karachi",34387
UTL002445,حرا Qureshi,22402-3780716-5,Hassan Quraishi,1980-01-13,"H-02445, E-11, Islamabad",21666
UTL002446,Mohammed Hamza Bhatti,70801-6038426-8,,1995-11-19,"H-02446, Peoples Colony, Faisalabad",19702
UTL002447,Mohammed Imran Malick,95148-5134851-6,Muhammed Ahmad ملک,1956-01-15,"H-02447, Saddar, Rawalpindi",24993
UTL002448,حمزہ Awan,51051-6199969-9,,1967-01-15,"H-02448, Johar Town, Lahore",123326
UTL002449,Ahmed اعوان,65459-1873603-0,حسین اعوان,1994-01-06,"H-02449, North Nazimabad, Karachi",31508
UTL002450,احمد قریشی,65426-8511812-4,Hasan Qureshi,,"H-02450, Bahria Town, Islamabad",23623
UTL002451,فیصل Syed,31202-4838824-9,احمد Sayyid,1985-11-01,"H-02451, G-10, Islamabad",129078
UTL002452,Hassan Khan,90896-4021783-6,بلال خان,1977-04-24,"H-02452, Gulshan-e-Iqbal, Karachi",7000
UTL002453,Hira Awan,69563-4631527-9,Mohammad Hussein اعوان,,"H-02453, DHA, Lahore",15893
UTL002454,Hira Shaykh,,Usman Shaykh,1997-04-27,"H-02454, Cantt, Lahore",17775
UTL002455,حرا Sayed,97003-2551704-4,Ahmed Sayyid,1970-05-19,"H-02455, Peoples Colony, Faisalabad",10581
UTL002456,ثناء سید,66416-1098374-5,Mohammed عثمان Sayed,1990-11-04,"H-02456, Saddar, Rawalpindi",13269
UTL002457,Hamzah Mughal,35916-7519310-2,عثمان Moghul,,"H-02457, DHA, Lahore",24052
UTL002458,Osman Bhatti,,عمران بٹ,1999-10-15,"H-02458, Chaklala, Rawalpindi",159865
UTL002459,Muhammad Usman Awan,88551-4981854-4,Muhammed Ali Awan,1985-12-27,"H-02459, Clifton, Karachi",82403
UTL002460,Marium مغل,,,1976-01-20,"H-02460, Model Town, Lahore",9442
UTL002461,Mohammad خان,,Osman Khan,1982-02-14,"H-02461, DHA, Karachi",19989
UTL002462,Imran بٹ,92155-9628019-1,Ali بٹ,1960-04-01,"H-02462, Bahria Town, Islamabad",24192
UTL002463,حسن راجہ,85099-1859563-8,بلال راجہ,1985-03-07,"H-02463, E-11, Islamabad",25050
UTL002464,Ahmed Khan,,حمزہ Khan,1995-04-21,"H-02464, G-10, Islamabad",49582
UTL002465,عثمان Sayed,28153-3121398-1,Imran Sayed,1990-03-05,"H-02465, North Nazimabad, Karachi",8468
UTL002466,Imran سید,73005-7449270-1,حسن سید,1956-03-07,"H-02466, F-7, Islamabad",7070
UTL002467,ثناء Choudhary,51532-2109269-6,حمزہ چوہدری,1982-05-01,"H-02467, Bahria Town, Rawalpindi",84658
UTL002468,Mohammad فیصل چوہدری,98338-9953334-2,بلال Chaudhary,1984-02-06,"H-02468, Model Town, Lahore",13399
UTL002469,ثناء Bhatti,84405-6383442-2,Mohammad Ali Butt,1975-03-20,"H-02469, Jaranwala Road, Faisalabad",10632
UTL002470,عمران Butt,81057-8298194-8,Ahmed Bhatti,1962-02-10,"H-02470, Johar Town, Lahore",26088
UTL002471,Muhammed Bilal بٹ,78123-1411407-5,Imran Bhatti,1986-08-03,"H-02471, North Nazimabad, Karachi",51151
UTL002472,Faisal Khan,71108-9902773-7,فیصل خان,1958-03-12,"H-02472, Bahria Town, Rawalpindi",14031
UTL002473,محمد Bhatti,71336-3823586-1,,1966-12-13,"H-02473, Bahria Town, Rawalpindi",9362
UTL002474,Muhammed Hasan Quraishi,19497-9978954-0,,1994-06-12,"H-02474, Peoples Colony, Faisalabad",33204
UTL002475,Marium Choudhary,88858-7023070-7,,1975-06-03,"H-02475, Bahria Town, Rawalpindi",8417
UTL002476,Hussein Awan,19632-2080295-7,Hasan Awan,,"H-02476, F-7, Islamabad",5027
UTL002477,Mohammad Osman سید,,Osman سید,1990-05-24,"H-02477, Satellite Town, Rawalpindi",11903
UTL002478,Muhammed راجہ,62156-5181632-0,Imran Raja,,"H-02478, Gulshan-e-Iqbal, Karachi",17361
UTL002479,Imran اعوان,,Imran اعوان,1988-04-03,"H-02479, Gulberg, Lahore",5642
UTL002480,زینب Butt,29575-4085195-0,Hamzah بٹ,1963-01-03,"H-02480, Peoples Colony, Faisalabad",50296
UTL002481,Imran Bhatti,71598-5251083-1,Bilal Butt,1998-12-06,"H-02481, Cantt, Lahore",5022
UTL002482,Bilal Qureshi,,Osman Qureshi,1960-11-23,"H-02482, Clifton, Karachi",8793
UTL002483,Mohammed راجہ,49799-5293840-2,Mohammed Ali Raja,1982-03-07,"H-02483, North Nazimabad, Karachi",6478
UTL002484,Hassan سید,27647-3164293-3,Usman Sayyid,1957-03-24,"H-02484, Malir, Karachi",23715
UTL002485,محمد Ch.,,Hamzah چوہدری,1976-04-19,"H-02485, F-8, Islamabad",21059
UTL002486,Muhammed Imran Khan,64466-7650409-3,Ahmed خان,1982-07-20,"H-02486, Madina Town, Faisalabad",15131
UTL002487,Muhammad Choudhary,43323-7271597-4,Hussein Chaudhary,1959-01-13,"H-02487, DHA, Lahore",7126
UTL002488,عائشہ خان,48030-6558087-8,محمد Khan,1961-06-24,"H-02488, Peoples Colony, Faisalabad",7510
UTL002489,مریم Butt,,محمد Bhatti,,"H-02489, Cantt, Lahore",19575
UTL002490,Mohammed Mughal,22937-4273939-1,Othman Mughal,1965-12-11,"H-02490, Satellite Town, Rawalpindi",17303
UTL002491,علی راجہ,75957-4239790-7,Muhammad Hamza راجہ,,"H-02491, Gulshan-e-Iqbal, Karachi",6429
UTL002492,Hussein Awan,54546-4329896-9,Usman اعوان,1957-02-03,"H-02492, Bahria Town, Rawalpindi",11689
UTL002493,Othman Quraishi,67069-4046355-7,Mohammed Hamzah قریشی,,"H-02493, Jaranwala Road, Faisalabad",12479
UTL002494,Aysha Chaudhry,46223-9917496-9,Mohammed چوہدری,1970-01-09,"H-02494, Malir, Karachi",76592
UTL002495,Faisal اعوان,66592-2130901-4,علی Awan,1966-10-08,"H-02495, North Nazimabad, Karachi",23585
UTL002496,Muhammed Othman Moghul,52727-6916056-9,Mohammed Bilal مغل,1983-06-15,"H-02496, DHA, Lahore",12194
UTL002497,احمد Ch.,12401-6124603-5,Hamzah Chaudhary,1981-03-15,"H-02497, Bahria Town, Rawalpindi",104496
UTL002498,Muhammed Ahmad Sayyid,84709-6983510-8,,1984-01-26,"H-02498, North Nazimabad, Karachi",13728
UTL002499,Mohammad Ali Malik,59665-9752470-9,بلال ملک,1958-01-17,"H-02499, Gulberg, Lahore",44802
UTL002500,علی راجہ,86901-4813147-0,,1972-07-04,"H-02500, Jaranwala Road, Faisalabad",60247
UTL002501,فیصل مغل,71950-2763831-5,Mohammad بلال Moghul,1958-04-07,"H-02501, Bahria Town, Rawalpindi",40194
UTL002502,حرا Raja,,,2001-11-18,"H-02502, Jaranwala Road, Faisalabad",34150
UTL002503,عمران Bhatti,71264-7642531-3,Muhammad Butt,2000-10-01,"H-02503, Cantt, Lahore",21500
UTL002504,Fatema Awan,90671-5986002-4,,1984-11-21,"H-02504, Peoples Colony, Faisalabad",5947
UTL002505,Husain Malick,62820-3858105-6,Ali ملک,1979-11-25,"H-02505, Malir, Karachi",26906
UTL002506,حسین اعوان,24303-7559878-0,Hussein اعوان,1970-06-19,"H-02506, Bahria Town, Islamabad",13177
UTL002507,Muhammad Faysal Raja,17102-8752101-9,Muhammed Faisal راجہ,1982-06-17,"H-02507, Bahria Town, Islamabad",19822
UTL002508,Hamza قریشی,59599-9001915-8,Hussain Quraishi,1968-05-22,"H-02508, Saddar, Rawalpindi",30468
UTL002509,Mohammad Awan,71039-7508376-1,حسن Awan,1975-11-01,"H-02509, Malir, Karachi",11307
UTL002510,حمزہ راجہ,,Hassan راجہ,,"H-02510, Madina Town, Faisalabad",13764
UTL002511,Mohammad Hasan Syed,89169-6705386-2,Imran سید,,"H-02511, Jaranwala Road, Faisalabad",9986
UTL002512,Mohammad Ali Sayed,,عثمان سید,1999-11-23,"H-02512, F-8, Islamabad",8889
UTL002513,Fatema Butt,17029-4160400-2,علی Butt,1970-05-16,"H-02513, Jaranwala Road, Faisalabad",4292
UTL002514,Muhammed مغل,51151-7176438-5,حمزہ مغل,1957-03-02,"H-02514, Model Town, Lahore",4646
UTL002515,احمد Chaudhary,44795-7047367-9,Husain چوہدری,1985-07-04,"H-02515, Chaklala, Rawalpindi",14252
UTL002516,Mohammed Faisal Malik,98735-1239396-6,,1956-08-24,"H-02516, Johar Town, Lahore",17166
UTL002517,Mohammad علی Raja,,Mohammed Hussein راجہ,1981-09-23,"H-02517, DHA, Lahore",4185
UTL002518,عثمان Quraishi,86104-6586260-0,علی قریشی,1981-04-23,"H-02518, G-10, Islamabad",19130
UTL002519,مریم Raja,,علی Raja,1986-07-28,"H-02519, Jaranwala Road, Faisalabad",34917
UTL002520,Muhammad Hussein Sayed,78098-3985391-3,بلال Sayyid,1991-07-24,"H-02520, DHA, Karachi",14001
UTL002521,Bilal Mughal,99869-4083007-2,Muhammad مغل,,"H-02521, Clifton, Karachi",31368
UTL002522,عائشہ اعوان,66579-8754816-0,Ahmed اعوان,1976-11-04,"H-02522, Madina Town, Faisalabad",14196
UTL002523,Mohammed حسین بٹ,69912-8321973-9,حمزہ Butt,1965-02-13,"H-02523, Madina Town, Faisalabad",21779
UTL002524,Hassan Chaudhry,93856-2217490-9,,1991-07-26,"H-02524, Jaranwala Road, Faisalabad",25846
UTL002525,Muhammad Ahmad خان,13262-9059505-1,Muhammad علی خان,1966-07-02,"H-02525, F-8, Islamabad",263257
UTL002526,Muhammad علی Raja,68257-5693061-2,Mohammed Hamzah Raja,1958-06-10,"H-02526, Johar Town, Lahore",11478
UTL002527,Muhammad Hamzah Raja,31825-3437617-0,بلال راجہ,1967-03-06,"H-02527, Peoples Colony, Faisalabad",6203
UTL002528,Ahmed شیخ,48159-5340035-6,Bilal Sheikh,1978-09-19,"H-02528, Saddar, Rawalpindi",44843
UTL002529,Mohammad حمزہ Sayed,,حسین Syed,1983-03-23,"H-02529, North Nazimabad, Karachi",50472
UTL002530,علی قریشی,69381-8814431-4,,1986-09-18,"H-02530, Bahria Town, Rawalpindi",11039
UTL002531,Muhammed Bilal Quraishi,70050-1886805-6,Ahmed قریشی,1964-10-17,"H-02531, Satellite Town, Rawalpindi",13683
UTL002532,Mohammed Imran Bhatti,,Ali Butt,1987-03-13,"H-02532, Johar Town, Lahore",8981
UTL002533,بلال Bhatti,13518-1021974-5,,,"H-02533, Malir, Karachi",15162
UTL002534,Muhammed بلال Sayed,11386-4376662-1,بلال Syed,1979-05-16,"H-02534, Jaranwala Road, Faisalabad",44608
UTL002535,Ahmad Shaikh,26149-3922594-4,علی Sheikh,,"H-02535, Bahria Town, Rawalpindi",20998
UTL002536,Ahmed Syed,85602-2435128-9,Imran سید,1998-05-18,"H-02536, DHA, Karachi",13734
UTL002537,Hamzah Khan,99804-7717365-7,Ahmad خان,,"H-02537, Jaranwala Road, Faisalabad",8124
UTL002538,Hamzah بٹ,39633-4773789-6,عمران Butt,1992-06-24,"H-02538, Gulshan-e-Iqbal, Karachi",152614
UTL002539,حسین Syed,52929-2130342-1,Mohammed Sayed,1991-01-02,"H-02539, DHA, Karachi",7187
UTL002540,Ahmad اعوان,57463-1471054-2,Mohammed Awan,1978-01-05,"H-02540, Jaranwala Road, Faisalabad",41295
UTL002541,Fatema Chaudhry,,Muhammed Ali چوہدری,1994-08-12,"H-02541, Madina Town, Faisalabad",30171
UTL002542,زینب Awan,,Muhammed فیصل اعوان,2002-08-24,"H-02542, F-8, Islamabad",17981
UTL002543,Mohammad Othman Sheikh,,Hussein Sheikh,,"H-02543, Chaklala, Rawalpindi",31501
UTL002544,Muhammed Hamzah Butt,,Hamzah Bhatti,1994-04-28,"H-02544, Gulshan-e-Iqbal, Karachi",13488
UTL002545,حرا مغل,59718-9911872-1,Bilal Moghul,1955-09-11,"H-02545, Peoples Colony, Faisalabad",5257
UTL002546,Zainab مغل,78283-6004218-9,,1988-09-03,"H-02546, Gulshan-e-Iqbal, Karachi",7368
UTL002547,عمران خان,75970-7723767-2,Hussain Khan,,"H-02547, Model Town, Lahore",29174
UTL002548,Muhammed Moghul,83117-8327108-3,Ali Moghul,1971-06-25,"H-02548, Jaranwala Road, Faisalabad",52719
UTL002549,Hira مغل,25277-2518827-0,عمران Moghul,1978-12-28,"H-02549, DHA, Karachi",8530
UTL002550,Hira سید,82601-6393992-0,Hassan سید,1965-02-08,"H-02550, Jaranwala Road, Faisalabad",13103
UTL002551,عمران Chaudhary,36025-5613705-8,Mohammed چوہدری,2003-01-05,"H-02551, Malir, Karachi",4444
UTL002552,Ali قریشی,96861-3252436-0,Usman قریشی,1976-05-18,"H-02552, Peoples Colony, Faisalabad",14440
UTL002553,Sana Malik,18419-5729761-7,,1993-12-18,"H-02553, Madina Town, Faisalabad",29085
UTL002554,Hussein شیخ,69725-2739690-7,عمران Shaikh,1971-11-16,"H-02554, Madina Town, Faisalabad",13813
UTL002555,Husain Sayyid,34007-9372443-5,عمران Syed,1958-05-12,"H-02555, Malir, Karachi",11282
UTL002556,بلال Awan,87290-9803614-7,حمزہ Awan,1976-05-09,"H-02556, Satellite Town, Rawalpindi",11901
UTL002557,زینب Malik,10559-2938551-9,علی Malick,2001-10-23,"H-02557, Model Town, Lahore",85185
UTL002558,Mohammad Othman Moghul,69464-6584654-1,,1968-05-13,"H-02558, Bahria Town, Rawalpindi",37627
UTL002559,Mohammad Ahmed Shaykh,47531-5942667-7,,1970-07-24,"H-02559, Bahria Town, Islamabad",44548
UTL002560,Mohammed Ahmad Quraishi,27839-3019842-3,Muhammad Quraishi,1984-01-22,"H-02560, Satellite Town, Rawalpindi",8537
UTL002561,Osman Chaudhry,14603-3203178-2,Hamza چوہدری,1995-05-08,"H-02561, Malir, Karachi",5229
UTL002562,Hira Shaikh,80371-7943357-2,حسین Sheikh,1974-08-28,"H-02562, Saddar, Rawalpindi",19683
UTL002563,احمد Shaykh,81251-1240522-7,Imran Shaykh,1966-09-16,"H-02563, Clifton, Karachi",31028
UTL002564,Bilal Sayyid,,عمران Sayyid,1976-09-13,"H-02564, Gulshan-e-Iqbal, Karachi",16530
UTL002565,Hussein ملک,,Osman ملک,1963-02-06,"H-02565, Madina Town, Faisalabad",108013
UTL002566,مریم Moghul,90406-5571940-6,Faisal مغل,2000-10-17,"H-02566, Gulshan-e-Iqbal, Karachi",5719
UTL002567,عمران بٹ,53035-3585627-0,,1960-11-08,"H-02567, Saddar, Rawalpindi",30710
UTL002568,Ayisha Shaykh,12198-4489411-6,بلال شیخ,1988-07-10,"H-02568, Gulberg, Lahore",15783
UTL002569,ثناء سید,80985-6669426-2,Hamzah Syed,,"H-02569, Johar Town, Lahore",14049
UTL002570,Hassan Shaikh,,حسن Shaikh,1972-08-03,"H-02570, North Nazimabad, Karachi",123317
UTL002571,Muhammed عمران Chaudhry,,Hamza Chaudhary,1970-06-14,"H-02571, Model Town, Lahore",16191
UTL002572,Hamzah اعوان,73382-6546407-3,Osman اعوان,1988-06-23,"H-02572, DHA, Karachi",6254
UTL002573,Muhammed Sheikh,93365-3123378-2,,1977-08-01,"H-02573, Bahria Town, Rawalpindi",72243
UTL002574,Mohammed Sheikh,54269-5871327-6,عمران شیخ,1993-12-26,"H-02574, G-10, Islamabad",31714
UTL002575,Muhammad Faisal Awan,48426-2249212-1,Mohammed بلال اعوان,1985-09-18,"H-02575, Saddar, Rawalpindi",12638
UTL002576,حرا بٹ,40519-9852387-6,Usman Bhatti,1979-10-01,"H-02576, Satellite Town, Rawalpindi",13232
UTL002577,بلال Awan,34564-3991642-9,Mohammed Ahmed Awan,1999-03-10,"H-02577, Gulberg, Lahore",6296
UTL002578,عثمان Raja,13802-1177292-6,Ali راجہ,1970-11-20,"H-02578, Satellite Town, Rawalpindi",21961
UTL002579,Muhammed علی سید,73988-7921950-0,Imran Syed,,"H-02579, F-7, Islamabad",43802
UTL002580,Hassan Chaudhary,13792-2968441-3,Imran Choudhary,,"H-02580, Jaranwala Road, Faisalabad",32078
UTL002581,حسن قریشی,52004-2261974-0,Mohammad عمران Qureshi,1998-01-04,"H-02581, Saddar, Rawalpindi",32729
UTL002582,Zainab Choudhary,70081-1355271-2,Hamza Chaudhry,1986-03-17,"H-02582, E-11, Islamabad",22177
UTL002583,Mohammed Bilal قریشی,96514-7175540-7,,1997-05-12,"H-02583, Peoples Colony, Faisalabad",447010
UTL002584,Faysal مغل,13331-6747929-5,Mohammad حسن Moghul,1999-11-13,"H-02584, G-10, Islamabad",10508
UTL002585,Hamza ملک,57782-5802058-1,Mohammad Imran Malick,1969-10-12,"H-02585, Bahria Town, Islamabad",77486
UTL002586,Muhammad Osman Shaykh,97652-9885104-8,Ali شیخ,,"H-02586, Malir, Karachi",8562
UTL002587,Mohammed احمد مغل,49238-7279055-7,,2000-05-11,"H-02587, DHA, Lahore",4505
UTL002588,Ali اعوان,70716-4397070-0,عمران اعوان,,"H-02588, Chaklala, Rawalpindi",11731
UTL002589,حسن Sheikh,,Muhammad Ali شیخ,,"H-02589, Clifton, Karachi",5197
UTL002590,Faysal بٹ,21606-1650707-5,Ali Bhatti,1977-08-19,"H-02590, Clifton, Karachi",7458
UTL002591,حسین Awan,21605-3886658-3,علی Awan,1975-05-14,"H-02591, Peoples Colony, Faisalabad",21343
UTL002592,Muhammad Ahmed Chaudhary,44339-9427856-5,حمزہ Chaudhry,1959-04-07,"H-02592, F-8, Islamabad",24909
UTL002593,Hira شیخ,81678-7979502-1,علی Sheikh,1986-04-10,"H-02593, Satellite Town, Rawalpindi",100204
UTL002594,Muhammad علی Khan,29313-4419470-8,Muhammad احمد خان,1969-01-03,"H-02594, Cantt, Lahore",19857
UTL002595,Ali Moghul,16650-9863265-1,فیصل مغل,1979-11-14,"H-02595, Jaranwala Road, Faisalabad",20938
UTL002596,احمد Moghul,,Muhammad علی Mughal,1959-11-07,"H-02596, North Nazimabad, Karachi",24113
UTL002597,Ahmad Awan,66497-7688948-7,محمد Awan,1974-12-23,"H-02597, Gulberg, Lahore",21923
UTL002598,محمد Chaudhary,22090-2931921-8,حمزہ چوہدری,1973-01-11,"H-02598, Jaranwala Road, Faisalabad",51941
UTL002599,Muhammad حسن Sheikh,42708-5420739-9,عثمان Shaykh,,"H-02599, Clifton, Karachi",8470
UTL002600,Mariam Quraishi,69478-6813540-2,Usman Qureshi,2000-11-15,"H-02600, Malir, Karachi",30893
UTL002601,حرا Chaudhary,13420-4285754-7,Imran Chaudhary,2001-02-03,"H-02601, Malir, Karachi",10806
UTL002602,Muhammad Osman اعوان,85147-7360505-3,Mohammad اعوان,1982-07-28,"H-02602, Clifton, Karachi",10652
UTL002603,Muhammad بلال Mughal,99970-5119887-2,Muhammed Hassan مغل,1968-12-15,"H-02603, Satellite Town, Rawalpindi",11420
UTL002604,عمران خان,,Muhammed خان,1990-07-07,"H-02604, North Nazimabad, Karachi",134298
UTL002605,Muhammed Syed,74345-5918284-4,عمران Sayed,1999-09-18,"H-02605, Bahria Town, Islamabad",7194
UTL002606,Muhammed حسن Awan,10682-9269280-2,,1988-06-18,"H-02606, Bahria Town, Islamabad",15531
UTL002607,Muhammad Imran Quraishi,51466-2888606-3,Faisal Quraishi,1962-10-14,"H-02607, G-10, Islamabad",29406
UTL002608,عمران Shaykh,74960-4459323-8,Hamza Sheikh,1967-07-19,"H-02608, Johar Town, Lahore",57556
UTL002609,Mohammad Imran Khan,40852-7898699-4,,1978-09-10,"H-02609, Gulshan-e-Iqbal, Karachi",4464
UTL002610,عمران Sayed,,حمزہ Syed,,"H-02610, Chaklala, Rawalpindi",7740
UTL002611,Othman Sheikh,73017-7704777-0,احمد Sheikh,1971-06-17,"H-02611, Peoples Colony, Faisalabad",46032
UTL002612,Hussein بٹ,67594-3990750-8,,2000-05-23,"H-02612, Gulshan-e-Iqbal, Karachi",8612
UTL002613,Mohammed Ahmad سید,25500-2710898-4,Bilal Sayyid,1956-04-13,"H-02613, Peoples Colony, Faisalabad",10173
UTL002614,بلال Khan,54536-5523361-6,Mohammad عثمان Khan,1971-03-24,"H-02614, G-10, Islamabad",44626
UTL002615,Sana بٹ,,Muhammad Bhatti,1967-05-26,"H-02615, Johar Town, Lahore",6973
UTL002616,Mohammad Hussain Quraishi,98416-7883212-6,Muhammad قریشی,1955-04-01,"H-02616, Peoples Colony, Faisalabad",117498
UTL002617,Hira Shaykh,,,1992-08-09,"H-02617, Johar Town, Lahore",4416
UTL002618,Hamzah Chaudhary,80133-7168151-0,Faysal Chaudhry,1975-11-21,"H-02618, Bahria Town, Rawalpindi",17484
UTL002619,Hussain Khan,21145-7718051-5,Muhammed خان,1989-02-03,"H-02619, Jaranwala Road, Faisalabad",9774
UTL002620,Muhammed Chaudhary,,Husain Chaudhry,1967-12-16,"H-02620, Bahria Town, Islamabad",148565
UTL002621,فاطمہ اعوان,96607-6626809-1,حسین Awan,,"H-02621, Peoples Colony, Faisalabad",4850
UTL002622,Mariam Mughal,28112-2418404-7,,1982-03-16,"H-02622, G-10, Islamabad",17964
UTL002623,Mohammed Ahmad سید,36829-5544983-4,حمزہ Syed,1992-11-26,"H-02623, Malir, Karachi",7993
UTL002624,حسن قریشی,37899-4824416-2,,1972-12-17,"H-02624, Malir, Karachi",13140
UTL002625,Muhammad Khan,11672-8803474-8,Ahmed Khan,1963-11-23,"H-02625, Malir, Karachi",51720
UTL002626,Hamza سید,18367-5539646-9,Hussain Sayed,1990-05-03,"H-02626, Clifton, Karachi",20596
UTL002627,علی Chaudhry,29628-4388883-3,,1965-11-18,"H-02627, G-10, Islamabad",48087
UTL002628,حرا اعوان,26343-4491652-0,,1981-06-13,"H-02628, Jaranwala Road, Faisalabad",18099
UTL002629,Ayesha Malik,,عمران ملک,1984-01-22,"H-02629, Bahria Town, Islamabad",81785
UTL002630,احمد Khan,25203-7988077-1,احمد خان,1974-07-09,"H-02630, Saddar, Rawalpindi",14892
UTL002631,Ahmad Mughal,17910-8675182-5,Hussain Mughal,1966-12-25,"H-02631, Madina Town, Faisalabad",64426
UTL002632,Mohammad Imran راجہ,,Muhammed Hussain Raja,1990-11-27,"H-02632, F-8, Islamabad",22718
UTL002633,Mohammed اعوان,25859-3466780-5,Hassan Awan,1966-06-04,"H-02633, Jaranwala Road, Faisalabad",13048
UTL002634,عمران Shaikh,73317-2013391-9,بلال Shaikh,1997-07-14,"H-02634, Johar Town, Lahore",19998
UTL002635,Imran Sayed,81999-4607231-9,Usman Sayyid,1984-02-14,"H-02635, F-8, Islamabad",9487
UTL002636,احمد Khan,99504-8925331-0,Faisal خان,1956-08-02,"H-02636, Clifton, Karachi",175360
UTL002637,Mohammad عمران راجہ,86027-4771454-2,Mohammad Raja,1986-12-02,"H-02637, Satellite Town, Rawalpindi",11768
UTL002638,حسین راجہ,30257-8301344-7,Hussein Raja,1989-08-28,"H-02638, Bahria Town, Islamabad",45266
UTL002639,Zaynab Khan,98237-5513430-5,بلال خان,1975-08-05,"H-02639, Chaklala, Rawalpindi",15701
UTL002640,Mohammad Ahmed Moghul,75817-2727430-7,,1972-08-16,"H-02640, Madina Town, Faisalabad",21948
UTL002641,Muhammad چوہدری,27350-3502581-0,Ali Chaudhary,1982-03-13,"H-02641, G-10, Islamabad",78112
UTL002642,Mohammed Chaudhry,96940-5289751-5,Muhammed Ali Choudhary,1978-08-08,"H-02642, Johar Town, Lahore",14502
UTL002643,Hamza Butt,39766-6620558-1,بلال Butt,1987-06-05,"H-02643, Malir, Karachi",7222
UTL002644,Hamza سید,,Imran سید,,"H-02644, Chaklala, Rawalpindi",29512
UTL002645,Muhammad Qureshi,63502-4504190-3,Mohammed Ali Quraishi,1986-07-08,"H-02645, Johar Town, Lahore",10790
UTL002646,عمران قریشی,78109-4873487-7,,,"H-02646, Bahria Town, Rawalpindi",53313
UTL002647,Ahmad Khan,71805-1892659-0,Mohammed عمران خان,1999-10-10,"H-02647, Gulberg, Lahore",10046
UTL002648,Hassan اعوان,35888-4205914-3,Mohammad حسن اعوان,1998-02-21,"H-02648, Gulshan-e-Iqbal, Karachi",12455
UTL002649,Muhammed عمران Butt,93180-2383944-2,Usman بٹ,1996-08-18,"H-02649, E-11, Islamabad",14986
UTL002650,Husain Awan,,,1985-07-19,"H-02650, Johar Town, Lahore",19361
UTL002651,Bilal Butt,50260-6074298-2,,1978-08-22,"H-02651, G-10, Islamabad",25780
UTL002652,حمزہ Mughal,47927-1505286-5,Mohammed Hassan مغل,2000-03-21,"H-02652, Johar Town, Lahore",18409
UTL002653,Sana Raja,36762-5413648-2,,1990-04-21,"H-02653, Bahria Town, Islamabad",109812
UTL002654,Sana Moghul,,,1956-04-06,"H-02654, Bahria Town, Rawalpindi",8462
UTL002655,زینب Qureshi,26746-6563690-0,بلال Qureshi,1982-07-24,"H-02655, DHA, Karachi",10329
UTL002656,حرا Khan,39249-5993978-7,,1985-02-28,"H-02656, Satellite Town, Rawalpindi",4974
UTL002657,Fatimah Shaykh,56972-2493623-0,Hassan Shaykh,1988-06-06,"H-02657, Jaranwala Road, Faisalabad",8505
UTL002658,Fatema Shaykh,56198-7718285-3,حمزہ Shaikh,1973-04-19,"H-02658, Gulshan-e-Iqbal, Karachi",8209
UTL002659,فاطمہ Moghul,,Hussain Mughal,1955-04-18,"H-02659, Peoples Colony, Faisalabad",40908
UTL002660,Hussain سید,96838-7174035-3,Mohammad Ahmad Sayyid,1985-01-17,"H-02660, E-11, Islamabad",9739
UTL002661,احمد Khan,36741-7378184-6,Hassan خان,1998-12-06,"H-02661, Johar Town, Lahore",8271
UTL002662,Fatema Shaykh,47366-9472362-7,Hussein شیخ,1991-04-20,"H-02662, Gulberg, Lahore",44062
UTL002663,Aysha Malik,,عمران ملک,1988-07-13,"H-02663, Madina Town, Faisalabad",37497
UTL002664,Hamzah Ch.,,Muhammad عمران Chaudhary,1991-11-23,"H-02664, Johar Town, Lahore",6900
UTL002665,Faisal Qureshi,73483-8226710-0,,1997-01-20,"H-02665, F-7, Islamabad",28499
UTL002666,Zaynab Qureshi,11897-5790971-5,Hamza قریشی,,"H-02666, Madina Town, Faisalabad",5045
UTL002667,Muhammed Hussain Awan,80721-8390027-8,محمد Awan,2002-12-11,"H-02667, Gulberg, Lahore",5275
UTL002668,عثمان Syed,,Mohammed Imran Sayyid,1974-12-15,"H-02668, Chaklala, Rawalpindi",8483
UTL002669,حمزہ Bhatti,,Bilal Bhatti,1987-06-20,"H-02669, Model Town, Lahore",24634
UTL002670,عثمان خان,15908-9581612-9,Muhammad Faisal Khan,1998-07-09,"H-02670, Gulberg, Lahore",59360
UTL002671,Muhammed Husain Chaudhry,,,1993-06-06,"H-02671, F-8, Islamabad",57690
UTL002672,Usman Sayyid,76110-8581177-1,,1988-09-02,"H-02672, Clifton, Karachi",25856
UTL002673,Sana بٹ,,Muhammed Bhatti,1968-08-13,"H-02673, Satellite Town, Rawalpindi",5205
UTL002674,Hira Moghul,65840-2360024-2,Ali Mughal,1962-06-02,"H-02674, DHA, Karachi",37777
UTL002675,Hira Quraishi,63578-9434048-1,Faysal Qureshi,1995-01-02,"H-02675, Bahria Town, Islamabad",8351
UTL002676,عمران Mughal,38400-7254661-2,Muhammad Imran Moghul,1981-12-23,"H-02676, Gulberg, Lahore",23654
UTL002677,احمد Choudhary,51373-1005430-0,Muhammad Ali Ch.,1992-06-26,"H-02677, Peoples Colony, Faisalabad",22203
UTL002678,احمد خان,48574-6936127-7,Ahmed خان,1989-02-12,"H-02678, Clifton, Karachi",13173
UTL002679,حرا ملک,89637-2945079-3,,1995-12-12,"H-02679, Peoples Colony, Faisalabad",8426
UTL002680,Mohammad Faysal Malick,85548-7908592-8,حمزہ Malik,1960-09-14,"H-02680, Madina Town, Faisalabad",33126
UTL002681,Aisha راجہ,89995-3476969-9,Hassan راجہ,,"H-02681, Gulshan-e-Iqbal, Karachi",107398
UTL002682,Mohammed اعوان,65386-2404745-2,Muhammed Faysal Awan,1969-04-27,"H-02682, North Nazimabad, Karachi",4475
UTL002683,Mohammed Faysal قریشی,,,1968-08-28,"H-02683, Gulberg, Lahore",12934
UTL002684,Maryam قریشی,55712-7465215-2,حمزہ Qureshi,1971-09-01,"H-02684, Jaranwala Road, Faisalabad",15904
UTL002685,Mohammed بلال Shaykh,17874-7515091-9,Othman Shaikh,1959-07-11,"H-02685, Clifton, Karachi",6844
UTL002686,Muhammed Ahmed Raja,,احمد راجہ,1962-11-24,"H-02686, Saddar, Rawalpindi",27988
UTL002687,Faysal مغل,17770-4055292-5,Muhammad Osman Moghul,1992-12-17,"H-02687, Gulberg, Lahore",23031
UTL002688,Mohammed Syed,25076-5772932-5,فیصل Sayyid,1982-09-22,"H-02688, Gulberg, Lahore",5348
UTL002689,Muhammed مغل,84805-7787413-8,,1973-06-01,"H-02689, Saddar, Rawalpindi",9797
UTL002690,محمد چوہدری,78008-3054355-6,Husain Choudhary,1961-12-18,"H-02690, Saddar, Rawalpindi",130907
UTL002691,عائشہ Raja,35478-2714746-4,Mohammed Raja,1990-04-09,"H-02691, North Nazimabad, Karachi",11892
UTL002692,Faisal Qureshi,11514-6577035-8,,1981-03-23,"H-02692, Malir, Karachi",17394
UTL002693,Marium Mughal,99636-6844967-9,محمد Moghul,1986-05-05,"H-02693, Madina Town, Faisalabad",10994
UTL002694,Ahmed بٹ,96235-1269713-4,Faysal بٹ,1977-08-28,"H-02694, Cantt, Lahore",47930
UTL002695,فاطمہ Quraishi,,بلال Quraishi,1993-02-20,"H-02695, Cantt, Lahore",31435
UTL002696,بلال Bhatti,78738-7725217-1,Muhammad Hamzah بٹ,1973-11-23,"H-02696, Bahria Town, Rawalpindi",11488
UTL002697,Muhammad علی Sayyid,,Ahmed سید,2003-07-13,"H-02697, Cantt, Lahore",6805
UTL002698,Marium خان,88219-9755273-2,حسین خان,,"H-02698, Model Town, Lahore",36230
UTL002699,مریم خان,58441-7349822-2,Mohammed Hamzah خان,2002-08-27,"H-02699, Malir, Karachi",13374
UTL002700,Mohammed Ali ملک,27379-4460833-1,علی ملک,1975-03-09,"H-02700, E-11, Islamabad",5470
UTL002701,Osman سید,78288-6385974-8,,1974-10-13,"H-02701, DHA, Karachi",48263
UTL002702,Usman Khan,11081-7039471-3,Mohammad Othman خان,1967-02-07,"H-02702, F-8, Islamabad",20624
UTL002703,Othman سید,90297-4857678-4,علی سید,1970-03-05,"H-02703, Gulshan-e-Iqbal, Karachi",16144
UTL002704,Muhammad Moghul,85845-5544401-4,Hasan Mughal,,"H-02704, Clifton, Karachi",14428
UTL002705,Hussein Khan,78108-4732016-4,حسن Khan,1998-11-15,"H-02705, Peoples Colony, Faisalabad",8485
UTL002706,Hussein Khan,25041-8165282-8,Ali خان,1969-02-07,"H-02706, DHA, Lahore",9166
UTL002707,Muhammed Imran Malick,99268-7423431-2,حسین Malik,1965-07-12,"H-02707, DHA, Karachi",14882
UTL002708,Fatema Qureshi,72058-8577572-4,Othman Quraishi,1963-07-07,"H-02708, Bahria Town, Islamabad",27525
UTL002709,حسن اعوان,,Ali اعوان,1995-06-07,"H-02709, Model Town, Lahore",3883
UTL002710,Sana راجہ,13308-6555250-0,Hassan راجہ,1971-06-12,"H-02710, Cantt, Lahore",3671
UTL002711,عمران Awan,44340-8405190-6,حمزہ Awan,1982-07-13,"H-02711, DHA, Lahore",9016
UTL002712,Imran Raja,,Mohammad احمد Raja,,"H-02712, Chaklala, Rawalpindi",11639
UTL002713,Ahmed Chaudhary,89190-4180661-1,عثمان Ch.,2003-12-05,"H-02713, Chaklala, Rawalpindi",66327
UTL002714,حمزہ Bhatti,44514-4688768-0,احمد Butt,1955-07-03,"H-02714, Gulshan-e-Iqbal, Karachi",10350
UTL002715,Mohammed فیصل Mughal,,حسین مغل,1968-04-03,"H-02715, Chaklala, Rawalpindi",86594
UTL002716,Ayesha Malick,39764-5077516-4,Faysal ملک,1983-03-20,"H-02716, F-8, Islamabad",9525
UTL002717,Ahmad خان,92992-6075855-3,حسین Khan,1974-10-20,"H-02717, Clifton, Karachi",22201
UTL002718,Imran سید,78615-9499141-1,حمزہ Sayyid,1987-07-02,"H-02718, North Nazimabad, Karachi",43743
UTL002719,احمد Quraishi,,Hussain قریشی,1968-08-14,"H-02719, Jaranwala Road, Faisalabad",40710
UTL002720,Muhammad Hamzah Bhatti,37611-4596805-1,,1965-03-08,"H-02720, Madina Town, Faisalabad",28259
UTL002721,حمزہ Khan,37097-2973996-4,عمران Khan,1968-07-18,"H-02721, E-11, Islamabad",6410
UTL002722,Zainab Khan,38990-7756005-6,Muhammad Bilal Khan,2003-06-13,"H-02722, Saddar, Rawalpindi",5980
UTL002723,مریم Shaikh,30270-3015718-2,Imran Sheikh,1963-02-19,"H-02723, Cantt, Lahore",5090
UTL002724,ثناء Shaikh,67719-3242498-6,Hussain شیخ,2000-04-20,"H-02724, Chaklala, Rawalpindi",34985
UTL002725,Othman مغل,96803-1615455-6,بلال مغل,1997-07-02,"H-02725, Bahria Town, Rawalpindi",12813
UTL002726,Ahmad Sheikh,95646-5439652-3,Othman شیخ,1988-12-09,"H-02726, Model Town, Lahore",4994
UTL002727,Ahmad Raja,56069-2645475-2,Husain Raja,1966-02-01,"H-02727, E-11, Islamabad",49565
UTL002728,Sana ملک,50229-4783677-6,حسین ملک,1995-09-04,"H-02728, Saddar, Rawalpindi",12690
UTL002729,Faisal Quraishi,91975-7245694-9,,1965-02-20,"H-02729, Bahria Town, Islamabad",16949
UTL002730,احمد Chaudhary,,,1966-08-13,"H-02730, Bahria Town, Rawalpindi",34197
UTL002731,مریم Quraishi,57301-8132785-1,Muhammad Hassan قریشی,1974-02-16,"H-02731, Madina Town, Faisalabad",11641
UTL002732,Hassan راجہ,95505-5995921-2,,1986-03-07,"H-02732, North Nazimabad, Karachi",19652
UTL002733,مریم Malik,14346-2576670-1,Ahmad Malick,,"H-02733, F-7, Islamabad",9631
UTL002734,Hussain Bhatti,64393-5212998-7,,1965-02-09,"H-02734, Gulberg, Lahore",22138
UTL002735,محمد Raja,60393-5195801-7,Mohammad Faysal راجہ,1956-05-27,"H-02735, Saddar, Rawalpindi",5676
UTL002736,Othman اعوان,,حمزہ Awan,1994-10-13,"H-02736, Cantt, Lahore",6100
UTL002737,Fatema Khan,61695-2982588-0,علی Khan,2003-04-15,"H-02737, Jaranwala Road, Faisalabad",5636
UTL002738,Muhammed Quraishi,64398-8362374-2,حسین قریشی,1978-10-16,"H-02738, Peoples Colony, Faisalabad",35774
UTL002739,عثمان Awan,30572-9202257-7,Mohammed Awan,1962-02-22,"H-02739, Madina Town, Faisalabad",12013
UTL002740,Hamzah اعوان,64225-1077214-9,Bilal Awan,1987-06-14,"H-02740, Gulberg, Lahore",33132
UTL002741,Ayesha Khan,98283-8957144-3,Mohammad Othman Khan,1987-07-16,"H-02741, Peoples Colony, Faisalabad",19373
UTL002742,Hassan چوہدری,45591-9324589-0,Ali چوہدری,1979-04-05,"H-02742, Chaklala, Rawalpindi",5884
UTL002743,Zaynab مغل,53880-9694667-7,بلال Moghul,1979-10-09,"H-02743, Chaklala, Rawalpindi",16829
UTL002744,حرا ملک,92360-5003268-4,Hamza Malik,1971-06-21,"H-02744, G-10, Islamabad",28238
UTL002745,Mohammed Qureshi,74900-3846306-9,محمد قریشی,1990-12-09,"H-02745, Johar Town, Lahore",7505
UTL002746,Zaynab چوہدری,53616-1452742-3,حمزہ Chaudhary,1977-05-18,"H-02746, Peoples Colony, Faisalabad",33082
UTL002747,ثناء Khan,79742-4622405-3,Imran خان,1978-07-19,"H-02747, F-8, Islamabad",14577
UTL002748,حسن Syed,49707-9805717-0,Muhammed Hussein Sayed,1956-08-08,"H-02748, Peoples Colony, Faisalabad",10927
UTL002749,احمد قریشی,38629-3964163-4,محمد قریشی,1975-02-02,"H-02749, Malir, Karachi",13632
UTL002750,Zaynab Raja,69238-8245765-3,Hasan راجہ,1973-07-15,"H-02750, Cantt, Lahore",23448
UTL002751,Maryam Khan,,Faisal Khan,1994-08-09,"H-02751, Gulberg, Lahore",5621
UTL002752,Faysal Butt,21637-1354809-2,حمزہ بٹ,1982-01-16,"H-02752, DHA, Karachi",70158
UTL002753,Mohammad احمد سید,44389-8742414-7,,1995-08-07,"H-02753, Bahria Town, Islamabad",6732
UTL002754,Bilal Malik,38175-6392735-7,Usman Malik,1972-12-16,"H-02754, G-10, Islamabad",12928
UTL002755,Othman Khan,63725-1531910-2,Hamzah Khan,1956-12-13,"H-02755, F-8, Islamabad",25129
UTL002756,Maryam خان,93428-3009073-2,Muhammad Faisal Khan,,"H-02756, Saddar, Rawalpindi",34337
UTL002757,Muhammad فیصل ملک,74485-8746388-4,عثمان Malick,1993-11-19,"H-02757, Gulberg, Lahore",8054
UTL002758,Ahmed Chaudhry,63900-9397813-7,Mohammad Ch.,1976-12-17,"H-02758, Johar Town, Lahore",17084
UTL002759,Muhammad Sayyid,13927-8169169-4,Mohammad سید,,"H-02759, F-7, Islamabad",17450
UTL002760,Mohammad حمزہ Raja,35726-1178342-3,Husain Raja,1988-06-15,"H-02760, Bahria Town, Islamabad",10997
UTL002761,Hussein Khan,91289-3169230-7,Ali خان,1987-01-20,"H-02761, G-10, Islamabad",18821
UTL002762,Sana راجہ,43597-5122237-1,Mohammad Bilal Raja,1986-12-17,"H-02762, Johar Town, Lahore",3614
UTL002763,Muhammed Hussein Butt,83658-6292385-9,حسن بٹ,1956-04-06,"H-02763, North Nazimabad, Karachi",14315
UTL002764,Bilal Khan,65486-1907396-1,Mohammed Osman خان,1965-04-27,"H-02764, F-8, Islamabad",316685
UTL002765,Faysal Moghul,59951-4285543-3,Mohammed Moghul,1993-03-08,"H-02765, Peoples Colony, Faisalabad",19935
UTL002766,Hussain Khan,,Husain خان,1958-03-22,"H-02766, DHA, Lahore",22856
UTL002767,Ahmed Sheikh,,Muhammed Othman Shaykh,1955-01-10,"H-02767, Peoples Colony, Faisalabad",12694
UTL002768,Mohammad Syed,17270-6049211-8,Ahmad سید,1999-01-19,"H-02768, Madina Town, Faisalabad",51771
UTL002769,Husain Raja,38510-9660487-5,Hamza Raja,2003-08-20,"H-02769, E-11, Islamabad",6490
UTL002770,حسین Quraishi,78978-2761238-5,Ahmed Quraishi,1989-03-16,"H-02770, F-8, Islamabad",9513
UTL002771,Mohammed بلال بٹ,56535-2651995-8,Usman بٹ,1966-06-12,"H-02771, Cantt, Lahore",17474
UTL002772,Sana راجہ,54361-1788179-3,,1987-02-19,"H-02772, Gulshan-e-Iqbal, Karachi",66896
UTL002773,Hussein Butt,,Muhammed Bhatti,2000-05-17,"H-02773, Peoples Colony, Faisalabad",10760
UTL002774,Muhammed Osman خان,27855-5283351-4,Bilal Khan,2000-05-02,"H-02774, Jaranwala Road, Faisalabad",22771
UTL002775,مریم Mughal,56176-4528753-5,Osman Mughal,,"H-02775, G-10, Islamabad",46426
UTL002776,Ali اعوان,49324-8499887-7,Mohammed حمزہ اعوان,,"H-02776, Chaklala, Rawalpindi",6259
UTL002777,Muhammed Othman Butt,38419-9628763-7,Ali Bhatti,1973-12-19,"H-02777, Clifton, Karachi",4498
UTL002778,ثناء Khan,18142-5781888-5,Mohammad عثمان Khan,1993-05-18,"H-02778, Malir, Karachi",12346
UTL002779,مریم بٹ,65885-3224186-3,Faysal Bhatti,1976-07-22,"H-02779, Malir, Karachi",17496
UTL002780,Muhammed عثمان مغل,13915-3831255-7,Muhammad بلال مغل,1983-05-20,"H-02780, Model Town, Lahore",9442
UTL002781,Bilal Bhatti,,Muhammed Hamzah Butt,1980-06-07,"H-02781, Clifton, Karachi",46918
UTL002782,Mohammed احمد Chaudhary,75068-1829319-0,Usman چوہدری,1973-06-11,"H-02782, F-7, Islamabad",21639
UTL002783,Muhammed Usman Quraishi,57648-8300462-2,Ahmed قریشی,1982-09-22,"H-02783, Peoples Colony, Faisalabad",23122
UTL002784,Hira Syed,83464-6974725-0,Hussain Syed,,"H-02784, Saddar, Rawalpindi",7647
UTL002785,Mohammad حسین Chaudhry,21638-7216911-5,Hamza Ch.,1990-06-25,"H-02785, Malir, Karachi",8628
UTL002786,Sana چوہدری,82874-7437678-0,Faisal چوہدری,1998-04-28,"H-02786, Johar Town, Lahore",7907
UTL002787,عمران Moghul,81607-6876398-0,Ahmad Mughal,1957-06-12,"H-02787, Jaranwala Road, Faisalabad",27430
UTL002788,Ahmed Malick,32703-1733340-2,,1973-01-02,"H-02788, F-8, Islamabad",12097
UTL002789,حسن Ch.,41849-9384820-9,Muhammad Chaudhry,1966-01-22,"H-02789, Peoples Colony, Faisalabad",9243
UTL002790,Muhammed عمران راجہ,95836-2053339-8,Imran راجہ,,"H-02790, Bahria Town, Rawalpindi",19318
UTL002791,ثناء ملک,66659-7781026-3,Mohammed Hussain ملک,1963-12-01,"H-02791, Satellite Town, Rawalpindi",51445
UTL002792,Mohammad عمران Malick,34424-7790705-6,Husain Malik,1985-05-05,"H-02792, Model Town, Lahore",12671
UTL002793,Zainab بٹ,,حمزہ بٹ,1993-07-14,"H-02793, Gulshan-e-Iqbal, Karachi",14621
UTL002794,Imran Malik,,Faysal Malick,1991-03-10,"H-02794, Peoples Colony, Faisalabad",17759
UTL002795,Hussain Bhatti,,احمد Bhatti,1975-06-26,"H-02795, Bahria Town, Rawalpindi",4640
UTL002796,حسن مغل,30001-7356126-9,محمد Mughal,1990-10-26,"H-02796, F-7, Islamabad",7852
UTL002797,Marium سید,25956-4054488-9,Mohammed Faisal سید,1964-04-22,"H-02797, Madina Town, Faisalabad",92221
UTL002798,حسین Syed,,Hassan Syed,1984-04-08,"H-02798, Peoples Colony, Faisalabad",10430
UTL002799,Mohammed Sayed,77460-7940293-7,حسین Syed,2000-09-11,"H-02799, Clifton, Karachi",43239
UTL002800,Othman Qureshi,99979-6461852-7,Muhammed Bilal Qureshi,1996-11-26,"H-02800, Peoples Colony, Faisalabad",35501
UTL002801,ثناء Sayyid,10279-1907844-5,,1959-12-05,"H-02801, Jaranwala Road, Faisalabad",46268
UTL002802,حرا Sayed,88860-5428642-3,Mohammad Bilal Sayyid,1969-03-15,"H-02802, G-10, Islamabad",13233
UTL002803,بلال قریشی,,Mohammad Qureshi,1973-03-03,"H-02803, Model Town, Lahore",31352
UTL002804,Zaynab اعوان,27994-1850758-3,Osman Awan,1960-11-19,"H-02804, Gulshan-e-Iqbal, Karachi",18917
UTL002805,Muhammad قریشی,92227-2699225-3,Muhammad Hasan Qureshi,1975-09-11,"H-02805, Chaklala, Rawalpindi",11050
UTL002806,Hassan شیخ,75628-8982486-6,Bilal Shaykh,,"H-02806, Cantt, Lahore",361479
UTL002807,Husain Shaikh,81823-2607065-0,,1957-12-26,"H-02807, Gulberg, Lahore",16986
UTL002808,عائشہ Khan,96634-2367704-8,حسین خان,1977-08-27,"H-02808, F-8, Islamabad",12909
UTL002809,Muhammed فیصل Syed,88459-1351140-5,علی Syed,1985-01-23,"H-02809, Bahria Town, Islamabad",9467
UTL002810,Aisha ملک,51488-9452364-3,,1974-01-21,"H-02810, F-8, Islamabad",6619
UTL002811,احمد Chaudhary,20067-1181856-9,Ali Ch.,1963-02-13,"H-02811, Malir, Karachi",4711
UTL002812,زینب Quraishi,24448-5739835-7,Hasan قریشی,1964-01-10,"H-02812, Johar Town, Lahore",5584
UTL002813,Zainab چوہدری,64233-8130066-6,Osman Chaudhry,1980-01-06,"H-02813, Clifton, Karachi",11515
UTL002814,Zaynab Quraishi,64856-3441853-4,,1975-06-11,"H-02814, Madina Town, Faisalabad",67510
UTL002815,Mohammad Chaudhary,17529-3415472-7,Othman چوہدری,1962-01-01,"H-02815, Satellite Town, Rawalpindi",67833
UTL002816,ثناء اعوان,85896-1045975-5,Hamza اعوان,1959-02-06,"H-02816, Malir, Karachi",104458
UTL002817,Marium مغل,41578-7123271-3,Faisal Moghul,1969-12-08,"H-02817, Gulberg, Lahore",11403
UTL002818,Imran Butt,51900-2374064-6,,1985-01-15,"H-02818, Jaranwala Road, Faisalabad",4602
UTL002819,Mohammad علی Malick,74203-3481445-4,علی Malick,1980-11-09,"H-02819, Madina Town, Faisalabad",28128
UTL002820,عثمان Malick,,Mohammed Ahmad Malik,,"H-02820, Madina Town, Faisalabad",15905
UTL002821,Osman Malik,39013-4193733-4,,1978-12-08,"H-02821, North Nazimabad, Karachi",22093
UTL002822,Mohammad Quraishi,49669-4246521-7,Mohammad Qureshi,1955-10-27,"H-02822, Chaklala, Rawalpindi",41524
UTL002823,احمد Syed,69092-8532522-0,,1961-08-01,"H-02823, F-8, Islamabad",36407
UTL002824,Ayesha Malick,91579-3845700-8,حسن Malick,1968-11-27,"H-02824, Model Town, Lahore",15167
UTL002825,Aysha اعوان,59896-9878269-1,Hamza Awan,1979-10-15,"H-02825, Peoples Colony, Faisalabad",17815
UTL002826,حمزہ Ch.,14001-2160805-0,Osman Ch.,2001-06-27,"H-02826, Madina Town, Faisalabad",11745
UTL002827,Sana راجہ,95257-2235408-7,,1968-07-10,"H-02827, Gulberg, Lahore",32209
UTL002828,Muhammad عمران مغل,15657-7471091-5,Hussain Moghul,1977-03-24,"H-02828, G-10, Islamabad",5958
UTL002829,حمزہ Khan,58322-2112516-9,Hussain Khan,1980-03-28,"H-02829, Satellite Town, Rawalpindi",9380
UTL002830,Muhammed بلال Sheikh,24504-3686287-6,Mohammad شیخ,2003-03-27,"H-02830, Johar Town, Lahore",28376
UTL002831,حرا ملک,67161-9598872-0,احمد Malick,1956-10-26,"H-02831, North Nazimabad, Karachi",88877
UTL002832,Muhammad Faisal Bhatti,82842-2128152-7,,1958-04-05,"H-02832, Madina Town, Faisalabad",34135
UTL002833,Muhammad Imran خان,70533-8800384-7,Hamza خان,1958-02-09,"H-02833, Bahria Town, Islamabad",13616
UTL002834,Fatimah Sayed,23180-2764648-9,Othman Sayyid,1982-11-21,"H-02834, Madina Town, Faisalabad",24696
UTL002835,Zaynab Sayed,,,1978-07-23,"H-02835, Malir, Karachi",20109
UTL002836,علی Khan,36828-7180641-6,Hassan Khan,2001-10-24,"H-02836, F-7, Islamabad",7876
UTL002837,Mohammed عمران Mughal,15883-1817182-7,Mohammed Osman Moghul,1961-07-15,"H-02837, Model Town, Lahore",19570
UTL002838,Hira اعوان,80954-3024131-8,Mohammad Ali اعوان,2001-02-16,"H-02838, Model Town, Lahore",15296
UTL002839,Imran اعوان,69130-5005695-5,Faysal Awan,1994-11-22,"H-02839, E-11, Islamabad",27098
UTL002840,Hassan Raja,60676-8879851-1,Ali راجہ,1977-03-25,"H-02840, Model Town, Lahore",15837
UTL002841,محمد Sayed,93940-3065085-2,بلال Syed,1986-02-19,"H-02841, E-11, Islamabad",11069
UTL002842,Hassan قریشی,,عمران قریشی,1985-09-07,"H-02842, DHA, Lahore",37982
UTL002843,Imran اعوان,40857-6526818-5,Muhammad Ali Awan,1982-12-06,"H-02843, F-8, Islamabad",27968
UTL002844,عمران اعوان,76083-3078530-1,Ali اعوان,1990-03-13,"H-02844, E-11, Islamabad",44858
UTL002845,Husain قریشی,40245-3771635-2,Ali Qureshi,1992-04-03,"H-02845, Malir, Karachi",17115
UTL002846,زینب Khan,,Usman خان,2003-11-21,"H-02846, Cantt, Lahore",8877
UTL002847,حرا Awan,,Ahmed اعوان,1963-11-10,"H-02847, Saddar, Rawalpindi",19711
UTL002848,عثمان Choudhary,20025-2152756-5,حمزہ Ch.,1977-01-28,"H-02848, Jaranwala Road, Faisalabad",4735
UTL002849,فاطمہ خان,,Bilal خان,1992-12-28,"H-02849, Peoples Colony, Faisalabad",13018
UTL002850,Fatima Moghul,36144-2684767-6,Muhammed عمران مغل,1979-08-01,"H-02850, F-8, Islamabad",287166
UTL002851,Mohammed Syed,39862-5573235-4,احمد Sayyid,1958-12-03,"H-02851, Peoples Colony, Faisalabad",5876
UTL002852,حرا Mughal,91557-4237187-5,Muhammad حسین Moghul,,"H-02852, Chaklala, Rawalpindi",28529
UTL002853,Imran راجہ,90123-2906299-3,Ali راجہ,2003-11-19,"H-02853, Peoples Colony, Faisalabad",38853
UTL002854,حسن راجہ,,Muhammed Ahmad راجہ,1975-12-16,"H-02854, Bahria Town, Islamabad",10650
UTL002855,Zaynab سید,,بلال Syed,,"H-02855, DHA, Karachi",19413
UTL002856,Bilal Sheikh,26179-4867397-5,Hussain Sheikh,1979-10-23,"H-02856, Clifton, Karachi",11002
UTL002857,Hassan Mughal,74250-2398549-7,حسن Moghul,1997-05-08,"H-02857, F-7, Islamabad",4812
UTL002858,Faysal Qureshi,,بلال Qureshi,1958-04-19,"H-02858, E-11, Islamabad",24137
UTL002859,Muhammad Awan,24202-7562960-3,Usman اعوان,,"H-02859, Peoples Colony, Faisalabad",22454
UTL002860,Mohammed علی Khan,48150-2790029-7,Othman Khan,1980-02-13,"H-02860, Gulberg, Lahore",4867
UTL002861,Bilal Bhatti,54010-5526704-1,Hassan Bhatti,,"H-02861, North Nazimabad, Karachi",49853
UTL002862,علی راجہ,18826-6515328-6,Usman Raja,,"H-02862, Bahria Town, Islamabad",9832
UTL002863,Othman اعوان,84163-1998990-5,,2002-05-19,"H-02863, Madina Town, Faisalabad",201910
UTL002864,Mohammed احمد Bhatti,86401-5535463-8,Ahmed Butt,1973-02-10,"H-02864, Cantt, Lahore",12387
UTL002865,بلال Mughal,,Ali مغل,1981-06-05,"H-02865, Madina Town, Faisalabad",56458
UTL002866,Muhammad Malik,15630-3552591-0,Faysal Malik,1987-11-10,"H-02866, Chaklala, Rawalpindi",6149
UTL002867,Sana راجہ,,Muhammad Faisal Raja,1974-09-03,"H-02867, Jaranwala Road, Faisalabad",13141
UTL002868,Muhammad Hamzah شیخ,42413-7469044-7,عثمان Shaykh,1993-02-14,"H-02868, Madina Town, Faisalabad",10623
UTL002869,Usman Chaudhary,83367-1426752-1,Ahmad Choudhary,1967-01-17,"H-02869, DHA, Lahore",5031
UTL002870,Osman Sayyid,40909-5862368-2,عمران سید,1971-12-01,"H-02870, Madina Town, Faisalabad",5633
UTL002871,Husain سید,72470-2370247-3,,1955-03-11,"H-02871, Johar Town, Lahore",10268
UTL002872,Ali Choudhary,67804-1660259-7,Mohammed حمزہ Chaudhary,1979-01-10,"H-02872, Peoples Colony, Faisalabad",39945
UTL002873,فیصل راجہ,61791-8881363-4,Muhammad راجہ,1989-12-28,"H-02873, Satellite Town, Rawalpindi",7010
UTL002874,محمد اعوان,48287-1868372-0,Muhammed Hasan اعوان,1968-12-02,"H-02874, F-8, Islamabad",19428
UTL002875,Muhammad مغل,47179-8750269-2,Usman Moghul,1972-03-14,"H-02875, Bahria Town, Rawalpindi",11661
UTL002876,Hira Raja,37180-3984321-7,Mohammed Bilal Raja,2003-12-25,"H-02876, Jaranwala Road, Faisalabad",14610
UTL002877,Mohammed فیصل راجہ,38774-2734731-8,Mohammad علی Raja,1987-10-07,"H-02877, F-8, Islamabad",52454
UTL002878,حمزہ راجہ,72666-1666585-4,Muhammad Ali Raja,,"H-02878, Saddar, Rawalpindi",7169
UTL002879,Ahmed راجہ,,Mohammed Ahmad Raja,2001-07-22,"H-02879, Jaranwala Road, Faisalabad",27925
UTL002880,Ahmad چوہدری,50954-8844678-0,Muhammad Osman Chaudhary,1955-08-28,"H-02880, F-8, Islamabad",19691
UTL002881,Zaynab Khan,58998-5740446-9,فیصل خان,,"H-02881, Jaranwala Road, Faisalabad",211160
UTL002882,Hira Sayed,41153-1192682-9,Faysal سید,,"H-02882, DHA, Lahore",69774
UTL002883,Usman Butt,,Mohammed Ahmed Bhatti,1967-04-23,"H-02883, Gulberg, Lahore",20089
UTL002884,Mohammed Othman بٹ,64194-4492498-5,احمد Butt,2002-12-04,"H-02884, North Nazimabad, Karachi",11495
UTL002885,Mohammed Othman Malik,40065-7742809-5,,1955-06-24,"H-02885, Johar Town, Lahore",16244
UTL002886,Hamzah شیخ,44185-3253317-6,,1987-08-28,"H-02886, Gulberg, Lahore",11913
UTL002887,علی Chaudhary,28340-9656279-1,حمزہ Chaudhry,1959-09-27,"H-02887, Madina Town, Faisalabad",13516
UTL002888,Mohammed Othman Butt,28222-3013353-1,,1983-12-11,"H-02888, Chaklala, Rawalpindi",17910
UTL002889,Fatimah Malick,89472-4553497-3,Muhammad Ahmad ملک,1956-09-17,"H-02889, Gulshan-e-Iqbal, Karachi",9256
UTL002890,بلال Qureshi,98254-1442028-0,,1989-02-17,"H-02890, Peoples Colony, Faisalabad",31639
UTL002891,Zaynab Raja,,Muhammad Ali Raja,1959-09-05,"H-02891, F-7, Islamabad",4558
UTL002892,Imran ملک,27657-9687172-4,Mohammad Bilal ملک,,"H-02892, Saddar, Rawalpindi",11531
UTL002893,حرا چوہدری,46903-9023657-0,Muhammad Hassan Chaudhry,1997-03-01,"H-02893, DHA, Lahore",16298
UTL002894,Zainab Chaudhry,,Mohammad Choudhary,1981-06-03,"H-02894, Model Town, Lahore",28681
UTL002895,Muhammad Bilal خان,92445-5903912-1,حسن خان,,"H-02895, DHA, Karachi",11335
UTL002896,ثناء Butt,71912-3461908-2,,1993-06-14,"H-02896, DHA, Lahore",15071
UTL002897,Fatema Malick,,Muhammed Imran Malick,1992-09-16,"H-02897, Satellite Town, Rawalpindi",16947
UTL002898,Mariam سید,58636-2066488-3,عمران Sayyid,1985-08-22,"H-02898, Satellite Town, Rawalpindi",9392
UTL002899,Imran مغل,69830-3696717-2,,1987-08-08,"H-02899, Cantt, Lahore",17929
UTL002900,Muhammad عثمان قریشی,76821-2417579-7,Hassan قریشی,,"H-02900, Peoples Colony, Faisalabad",13812
UTL002901,Hamza مغل,98779-1671929-3,احمد Moghul,1977-08-26,"H-02901, Chaklala, Rawalpindi",5484
UTL002902,فیصل Malick,,Muhammad علی Malick,,"H-02902, Jaranwala Road, Faisalabad",22256
UTL002903,فیصل شیخ,98378-6304957-4,Muhammed شیخ,1981-04-17,"H-02903, Saddar, Rawalpindi",5422
UTL002904,Aisha شیخ,,Hasan شیخ,1984-09-22,"H-02904, Malir, Karachi",32270
UTL002905,Othman Qureshi,98312-6362174-4,Hussain قریشی,2003-01-15,"H-02905, F-8, Islamabad",28728
UTL002906,Marium Awan,,Ahmed Awan,2003-01-24,"H-02906, Jaranwala Road, Faisalabad",7929
UTL002907,Muhammed Hussain خان,74813-2141705-1,Ali خان,1973-07-04,"H-02907, Peoples Colony, Faisalabad",4782
UTL002908,Hamzah راجہ,22422-1385635-4,عمران Raja,1982-07-16,"H-02908, Gulshan-e-Iqbal, Karachi",14592
UTL002909,Ali Sayyid,49402-9347757-0,Husain Syed,1991-09-14,"H-02909, Model Town, Lahore",9518
UTL002910,Ahmed راجہ,11806-4874270-3,علی Raja,1975-08-25,"H-02910, Satellite Town, Rawalpindi",17276
UTL002911,Hassan Khan,27642-6166673-6,Bilal خان,,"H-02911, Bahria Town, Rawalpindi",11120
UTL002912,فیصل Khan,,Ahmed Khan,1984-08-20,"H-02912, DHA, Lahore",7969
UTL002913,Husain سید,,Hussain Syed,1988-02-04,"H-02913, Madina Town, Faisalabad",14258
UTL002914,Mohammad Ahmed Raja,42120-3280013-3,,1971-06-23,"H-02914, Chaklala, Rawalpindi",24695
UTL002915,Ali اعوان,20574-8962962-0,Mohammad Awan,1970-05-08,"H-02915, Bahria Town, Islamabad",27677
UTL002916,علی Qureshi,,Hassan Qureshi,,"H-02916, Satellite Town, Rawalpindi",29733
UTL002917,Hassan Malik,43794-2832419-1,Ahmad Malick,,"H-02917, Gulshan-e-Iqbal, Karachi",5002
UTL002918,عائشہ Choudhary,16915-1554463-5,Ali Ch.,,"H-02918, Bahria Town, Rawalpindi",59745
UTL002919,Marium Chaudhry,83470-5454588-2,Othman Ch.,1982-02-04,"H-02919, F-8, Islamabad",15994
UTL002920,Faysal Moghul,45407-3376812-6,Ahmed مغل,1989-05-28,"H-02920, Peoples Colony, Faisalabad",9655
UTL002921,زینب راجہ,79463-3134941-9,عثمان راجہ,1958-09-04,"H-02921, Johar Town, Lahore",3342
UTL002922,محمد Sheikh,35539-6827355-8,Usman شیخ,1992-04-27,"H-02922, Gulberg, Lahore",15652
UTL002923,Muhammed Osman Shaykh,13966-6638205-0,Hamza شیخ,1975-01-28,"H-02923, Jaranwala Road, Faisalabad",8051
UTL002924,Mohammad Faysal اعوان,43980-5944083-2,عثمان Awan,1966-05-23,"H-02924, Model Town, Lahore",21069
UTL002925,Maryam Awan,45844-7551810-4,,1970-01-10,"H-02925, G-10, Islamabad",21719
UTL002926,Muhammad بلال خان,61140-5993761-8,Mohammad بلال خان,,"H-02926, Bahria Town, Rawalpindi",15267
UTL002927,Hamza اعوان,83724-6899477-4,بلال Awan,1956-10-04,"H-02927, Madina Town, Faisalabad",41574
UTL002928,Mohammad اعوان,43198-6942555-3,Mohammad Faysal Awan,1982-01-03,"H-02928, Model Town, Lahore",16040
UTL002929,علی Bhatti,,علی Butt,1978-11-26,"H-02929, Saddar, Rawalpindi",14569
UTL002930,Ahmad Syed,27261-7236644-0,,,"H-02930, Clifton, Karachi",36959
UTL002931,Hussein Sheikh,,Mohammad Ahmad شیخ,1986-10-09,"H-02931, Chaklala, Rawalpindi",9428
UTL002932,Osman Bhatti,56444-6939791-7,Imran Bhatti,1962-03-15,"H-02932, Jaranwala Road, Faisalabad",26780
UTL002933,Hamzah Bhatti,23955-9876550-3,علی بٹ,1964-11-09,"H-02933, Johar Town, Lahore",11176
UTL002934,Muhammed بلال شیخ,,Muhammed Hussain Shaikh,2000-01-25,"H-02934, Satellite Town, Rawalpindi",11133
UTL002935,Hussain سید,23015-2355077-2,Imran Sayed,1979-04-17,"H-02935, G-10, Islamabad",15325
UTL002936,Osman Khan,79716-3716822-0,Hamzah خان,,"H-02936, Gulberg, Lahore",9225
UTL002937,Ali راجہ,,حسین راجہ,,"H-02937, Johar Town, Lahore",4298
UTL002938,Muhammed Hassan Awan,,Faysal Awan,1981-12-19,"H-02938, Gulberg, Lahore",19900
UTL002939,Mohammad احمد خان,59722-1023742-7,Mohammad حمزہ خان,2003-03-03,"H-02939, Clifton, Karachi",42052
UTL002940,Imran Syed,,Hamzah Sayed,1959-06-12,"H-02940, Jaranwala Road, Faisalabad",6970
UTL002941,Usman شیخ,84421-4263930-1,,1984-04-01,"H-02941, North Nazimabad, Karachi",26204
UTL002942,Mohammed Awan,40531-8836178-7,,1961-03-20,"H-02942, Madina Town, Faisalabad",3412
UTL002943,احمد Bhatti,16772-3882828-7,Osman Bhatti,1993-11-27,"H-02943, Peoples Colony, Faisalabad",126109
UTL002944,Bilal Raja,89625-1986368-7,Ali راجہ,1966-01-18,"H-02944, DHA, Karachi",5119
UTL002945,عائشہ Shaikh,86591-5685484-5,Mohammad Ali شیخ,1970-10-21,"H-02945, North Nazimabad, Karachi",83590
UTL002946,Aysha Sheikh,19881-6500452-9,فیصل شیخ,,"H-02946, Gulberg, Lahore",40902
UTL002947,حمزہ Moghul,31934-4998605-0,عمران مغل,1988-09-02,"H-02947, Clifton, Karachi",98556
UTL002948,Mohammad احمد Awan,32190-5692181-1,حسن اعوان,1956-01-15,"H-02948, F-7, Islamabad",7996
UTL002949,حرا Qureshi,,Mohammed عمران قریشی,1976-01-19,"H-02949, Jaranwala Road, Faisalabad",24046
UTL002950,Muhammad عثمان Khan,67375-3952379-3,,1981-10-10,"H-02950, Bahria Town, Islamabad",6468
UTL002951,Hamzah Shaykh,54448-2751272-8,Ahmad Shaykh,1973-12-05,"H-02951, Peoples Colony, Faisalabad",3498
UTL002952,Imran Bhatti,99388-5349498-6,علی بٹ,1961-08-13,"H-02952, F-7, Islamabad",36824
UTL002953,Faisal چوہدری,23974-8142813-6,Hamzah Chaudhry,1971-01-15,"H-02953, Peoples Colony, Faisalabad",6203
UTL002954,ثناء Raja,51243-8491339-4,Faysal Raja,1959-02-02,"H-02954, Bahria Town, Islamabad",5473
UTL002955,Mariam Sheikh,22012-9455779-7,Faysal Sheikh,1970-11-19,"H-02955, Chaklala, Rawalpindi",11629
UTL002956,حسن Awan,19500-3686160-4,Faysal Awan,1968-02-14,"H-02956, Saddar, Rawalpindi",11026
UTL002957,Faisal Raja,42354-8357476-8,Mohammad Raja,,"H-02957, Model Town, Lahore",16723
UTL002958,Bilal Qureshi,68596-7262429-6,Faysal Qureshi,1966-07-23,"H-02958, North Nazimabad, Karachi",37652
UTL002959,Hasan Shaykh,54864-9326807-1,Ali شیخ,1978-07-16,"H-02959, Bahria Town, Rawalpindi",22495
UTL002960,Hasan خان,54749-8681193-8,فیصل خان,1977-10-04,"H-02960, North Nazimabad, Karachi",18626
UTL002961,Muhammad Ali Quraishi,12584-1115883-9,Imran Quraishi,2001-01-28,"H-02961, Satellite Town, Rawalpindi",83342
UTL002962,بلال Moghul,,Muhammad احمد Mughal,1970-11-13,"H-02962, Clifton, Karachi",16288
UTL002963,بلال راجہ,99083-8445869-7,Mohammed Raja,2002-08-26,"H-02963, Bahria Town, Islamabad",6615
UTL002964,Zaynab سید,41406-5152705-7,Muhammed سید,1958-05-24,"H-02964, Gulshan-e-Iqbal, Karachi",40861
UTL002965,Zainab Bhatti,83376-8343100-1,Bilal بٹ,1970-09-23,"H-02965, Johar Town, Lahore",17208
UTL002966,Othman اعوان,10814-6453173-4,عثمان Awan,1987-07-14,"H-02966, Chaklala, Rawalpindi",5679
UTL002967,Zaynab Malick,74098-9487669-5,حسن Malick,1995-02-09,"H-02967, F-8, Islamabad",9090
UTL002968,فاطمہ Syed,99921-3886103-1,,1963-04-23,"H-02968, Model Town, Lahore",27941
UTL002969,Mohammad احمد قریشی,11874-8734732-1,,1963-11-23,"H-02969, Madina Town, Faisalabad",11506
UTL002970,Osman Syed,,,2001-08-21,"H-02970, Satellite Town, Rawalpindi",33313
UTL002971,Ayisha Butt,81834-4870054-9,Mohammad احمد Butt,1961-07-22,"H-02971, E-11, Islamabad",30013
UTL002972,حرا Sayed,62363-7248552-7,Bilal سید,1979-07-28,"H-02972, Satellite Town, Rawalpindi",16971
UTL002973,Muhammed عمران Quraishi,75553-6738192-2,فیصل قریشی,1982-05-11,"H-02973, DHA, Lahore",105165
UTL002974,Mohammad حمزہ قریشی,85133-9714211-7,Imran Quraishi,,"H-02974, Gulshan-e-Iqbal, Karachi",4791
UTL002975,زینب Bhatti,31838-1082995-6,احمد Bhatti,1998-12-18,"H-02975, F-8, Islamabad",7724
UTL002976,Faisal راجہ,94587-9827945-6,Husain Raja,1957-01-13,"H-02976, Bahria Town, Rawalpindi",5979
UTL002977,Marium Ch.,42211-3721719-1,,1970-01-07,"H-02977, Madina Town, Faisalabad",13593
UTL002978,Mohammad حسن Khan,24685-9528030-4,,1980-06-09,"H-02978, DHA, Karachi",50021
UTL002979,زینب Quraishi,56593-3574962-9,Bilal Quraishi,1961-06-03,"H-02979, Model Town, Lahore",17671
UTL002980,زینب Quraishi,,Faisal Quraishi,1989-04-21,"H-02980, Bahria Town, Rawalpindi",27301
UTL002981,Hassan Quraishi,65602-8248196-3,حسن Qureshi,1989-12-26,"H-02981, E-11, Islamabad",4215
UTL002982,Hira بٹ,95632-9957097-2,عثمان Bhatti,,"H-02982, Malir, Karachi",26410
UTL002983,Bilal Shaikh,89004-6142532-7,Bilal Sheikh,2000-03-19,"H-02983, E-11, Islamabad",6908
UTL002984,Ali Sayyid,25325-9141083-9,حمزہ Sayed,1967-07-16,"H-02984, Peoples Colony, Faisalabad",24845
UTL002985,Mohammed احمد Khan,,Mohammad Osman Khan,2001-12-22,"H-02985, Johar Town, Lahore",35906
UTL002986,عمران اعوان,26856-3083730-5,Mohammed Ahmad Awan,1991-01-21,"H-02986, DHA, Lahore",18945
UTL002987,Fatema Butt,33969-3525044-0,Ahmad Bhatti,1980-06-14,"H-02987, E-11, Islamabad",6132
UTL002988,Muhammad Faysal چوہدری,18409-3611522-4,Mohammad Hasan Choudhary,2001-03-13,"H-02988, F-7, Islamabad",27141
UTL002989,Muhammed Husain Khan,94306-9296601-5,Osman خان,1993-09-27,"H-02989, DHA, Lahore",9333
UTL002990,Muhammed Shaikh,48997-4181403-5,Muhammad Sheikh,1986-05-12,"H-02990, Bahria Town, Islamabad",191123
UTL002991,Hasan Shaikh,86579-8811985-0,علی Shaikh,,"H-02991, Madina Town, Faisalabad",16631
UTL002992,Mohammad مغل,73467-2613844-8,Mohammad Ali Mughal,1970-11-11,"H-02992, Malir, Karachi",45423
UTL002993,Mohammad علی اعوان,74162-8317637-5,,1971-08-13,"H-02993, Bahria Town, Rawalpindi",70461
UTL002994,Muhammad Hamza چوہدری,50630-2790788-4,Mohammad حمزہ Choudhary,1961-03-13,"H-02994, G-10, Islamabad",12733
UTL002995,Muhammed Faysal چوہدری,26716-5467033-2,Mohammad Hamza Choudhary,2000-01-27,"H-02995, Jaranwala Road, Faisalabad",8771
UTL002996,احمد Chaudhry,,Muhammed چوہدری,1982-03-16,"H-02996, F-8, Islamabad",40469
UTL002997,عمران Shaikh,72017-4169951-3,Faisal شیخ,1959-03-20,"H-02997, E-11, Islamabad",49025
UTL002998,حمزہ ملک,29403-8408891-5,Faisal Malik,1970-10-23,"H-02998, Madina Town, Faisalabad",8405
UTL002999,حسین Shaykh,65236-4136887-2,Muhammad Shaikh,2000-07-28,"H-02999, DHA, Karachi",5921
UTL003000,Mohammed Faysal ملک,,بلال ملک,1971-04-13,"H-03000, DHA, Karachi",21244
UTL003001,Faisal سید,,Muhammad Sayyid,1995-01-15,"H-03001, Madina Town, Faisalabad",10543
UTL003002,Hamzah سید,51830-3637155-7,Mohammad عمران Syed,,"H-03002, Madina Town, Faisalabad",61960
UTL003003,Hamzah Malik,38612-4160072-8,Mohammad Osman Malick,1968-01-01,"H-03003, North Nazimabad, Karachi",6244
UTL003004,Muhammad بلال Chaudhary,77433-8115696-7,Hamzah Chaudhary,1976-05-13,"H-03004, Model Town, Lahore",12672
UTL003005,Fatema Raja,95750-1466573-3,Muhammad Husain Raja,1972-07-21,"H-03005, E-11, Islamabad",4749
UTL003006,Bilal Qureshi,18527-6606690-4,Mohammed Bilal Qureshi,,"H-03006, Chaklala, Rawalpindi",21559
UTL003007,Usman ملک,24185-9383533-6,Mohammed فیصل ملک,,"H-03007, Peoples Colony, Faisalabad",52187
UTL003008,فیصل Syed,11652-1700868-3,Hassan سید,1983-12-11,"H-03008, E-11, Islamabad",33377
UTL003009,حرا Bhatti,93548-3343303-1,محمد بٹ,1991-03-06,"H-03009, Peoples Colony, Faisalabad",20542
UTL003010,Hussain قریشی,87053-7178480-3,Hamza Qureshi,1996-03-08,"H-03010, E-11, Islamabad",9212
UTL003011,Muhammad احمد بٹ,50224-4590387-0,علی بٹ,1994-08-02,"H-03011, Johar Town, Lahore",9045
UTL003012,Muhammed حمزہ Sheikh,83343-3394839-1,Mohammad Shaykh,1994-04-12,"H-03012, Cantt, Lahore",16736
UTL003013,Mohammad Hussain Chaudhry,31783-7196501-0,احمد چوہدری,,"H-03013, Madina Town, Faisalabad",17523
UTL003014,Fatima راجہ,70406-8258446-9,Muhammad Osman Raja,1967-10-02,"H-03014, F-7, Islamabad",11905
UTL003015,Muhammed Husain Awan,91749-1403445-0,Hamzah Awan,1987-03-10,"H-03015, Satellite Town, Rawalpindi",64570
UTL003016,Mariam Mughal,39095-8238187-0,فیصل Moghul,1995-05-07,"H-03016, Bahria Town, Islamabad",7578
UTL003017,Muhammad Raja,,Muhammed بلال Raja,1965-10-16,"H-03017, G-10, Islamabad",238258
UTL003018,Muhammed حسن شیخ,30819-9184624-3,Hussein Shaykh,2000-07-18,"H-03018, E-11, Islamabad",20221
UTL003019,Hamza خان,33178-4228556-3,Husain Khan,1995-05-14,"H-03019, E-11, Islamabad",10245
UTL003020,Muhammed احمد بٹ,60637-2458512-8,Mohammad Bhatti,1979-09-13,"H-03020, Jaranwala Road, Faisalabad",33856
UTL003021,حرا راجہ,90750-3842237-4,Hussain Raja,1993-05-01,"H-03021, Peoples Colony, Faisalabad",11487
UTL003022,Ahmed Raja,64668-2457208-3,,1972-01-28,"H-03022, Chaklala, Rawalpindi",40191
UTL003023,Muhammed Hassan ملک,,Bilal Malik,1992-12-07,"H-03023, Madina Town, Faisalabad",5645
UTL003024,Ali چوہدری,88966-5155754-9,عمران Ch.,1955-02-25,"H-03024, Satellite Town, Rawalpindi",6646
UTL003025,Ali Khan,,Muhammed Osman Khan,,"H-03025, Malir, Karachi",8207
UTL003026,Muhammad Faysal Malick,38344-2228027-3,,1980-11-25,"H-03026, F-8, Islamabad",12155
UTL003027,Hussain خان,33256-2334618-2,حمزہ خان,1957-03-08,"H-03027, Jaranwala Road, Faisalabad",26311
UTL003028,Maryam Sheikh,33977-6833165-9,Muhammad Shaikh,1970-02-22,"H-03028, DHA, Karachi",141899
UTL003029,Muhammed بلال مغل,10747-2764943-9,Ahmed مغل,1984-07-28,"H-03029, DHA, Karachi",6747
UTL003030,Muhammad Ali Bhatti,41255-5314741-3,,1985-02-12,"H-03030, Bahria Town, Islamabad",13345
UTL003031,زینب Sayed,24885-8804695-0,Muhammad Imran سید,1983-01-05,"H-03031, Madina Town, Faisalabad",17320
UTL003032,Mohammad Butt,,Mohammed بٹ,1989-12-07,"H-03032, DHA, Karachi",13389
UTL003033,Muhammad Ali چوہدری,,Muhammad Usman چوہدری,1993-12-07,"H-03033, DHA, Lahore",33304
UTL003034,علی Qureshi,60381-3687329-5,Muhammad علی Qureshi,1996-01-06,"H-03034, Johar Town, Lahore",153259
UTL003035,Marium مغل,31708-9877364-3,Ali Mughal,1979-08-22,"H-03035, G-10, Islamabad",11259
UTL003036,Muhammad بلال اعوان,,,1981-12-05,"H-03036, Madina Town, Faisalabad",28062
UTL003037,Mohammed Ahmad قریشی,62032-5304858-2,Muhammad Bilal Qureshi,1983-04-25,"H-03037, Cantt, Lahore",13295
UTL003038,Mohammad احمد اعوان,,Muhammed اعوان,1978-04-03,"H-03038, F-8, Islamabad",13722
UTL003039,Ahmad Khan,68636-6408167-5,,1988-05-17,"H-03039, F-7, Islamabad",10202
UTL003040,مریم اعوان,75086-9459200-4,,1983-10-16,"H-03040, Clifton, Karachi",8913
UTL003041,Muhammed اعوان,,Muhammad Usman اعوان,1987-04-11,"H-03041, Chaklala, Rawalpindi",8430
UTL003042,Muhammed حمزہ Sheikh,69580-8427120-3,علی شیخ,1990-03-19,"H-03042, Bahria Town, Rawalpindi",10315
UTL003043,علی خان,21795-3644930-1,Hassan خان,1971-01-14,"H-03043, F-7, Islamabad",10912
UTL003044,Mohammad احمد Mughal,,حسین Mughal,1957-07-11,"H-03044, Madina Town, Faisalabad",24429
UTL003045,Hamza Malik,16425-7591382-4,عمران ملک,1977-08-19,"H-03045, Malir, Karachi",26760
UTL003046,فاطمہ ملک,,Muhammad Malick,1974-11-10,"H-03046, Model Town, Lahore",121789
UTL003047,حسن راجہ,85700-2047582-1,,,"H-03047, Madina Town, Faisalabad",28764
UTL003048,Hira سید,64538-2194985-9,Osman Sayyid,1963-05-19,"H-03048, Satellite Town, Rawalpindi",3683
UTL003049,عائشہ Moghul,68962-8082763-4,Osman مغل,1959-08-28,"H-03049, DHA, Lahore",49228
UTL003050,علی Sheikh,10550-5220854-5,Muhammed Hasan شیخ,1974-08-17,"H-03050, Cantt, Lahore",34161
UTL003051,Osman چوہدری,90906-6927613-9,,1989-05-17,"H-03051, DHA, Lahore",28720
UTL003052,Fatima قریشی,32891-8693689-2,Faysal Qureshi,,"H-03052, Peoples Colony, Faisalabad",74219
UTL003053,Hamza خان,13933-5071469-9,عمران خان,1980-11-14,"H-03053, Model Town, Lahore",226862
UTL003054,Mohammad Bilal Bhatti,44939-3270211-7,حسن بٹ,1992-09-08,"H-03054, Peoples Colony, Faisalabad",144759
UTL003055,علی Ch.,80492-7984488-7,Mohammad Bilal چوہدری,1965-03-16,"H-03055, Madina Town, Faisalabad",21783
UTL003056,حسن بٹ,92676-3651430-0,احمد بٹ,1981-07-07,"H-03056, Malir, Karachi",29521
UTL003057,Hussein Shaikh,62213-4292447-4,عثمان شیخ,1966-07-07,"H-03057, Gulshan-e-Iqbal, Karachi",35323
UTL003058,فاطمہ چوہدری,70210-1539463-4,Mohammad Hussein Chaudhary,1972-06-12,"H-03058, Model Town, Lahore",27166
UTL003059,حسن بٹ,,Hamzah Bhatti,1976-05-19,"H-03059, F-8, Islamabad",23034
UTL003060,Hamzah Butt,,علی بٹ,1995-05-13,"H-03060, DHA, Lahore",71867
UTL003061,Ahmed شیخ,26124-7842930-4,حمزہ Shaykh,1996-10-06,"H-03061, Madina Town, Faisalabad",15679
UTL003062,Mohammed علی مغل,67954-3911340-4,حمزہ Mughal,2001-04-11,"H-03062, Jaranwala Road, Faisalabad",23709
UTL003063,زینب Moghul,41439-1035233-0,حمزہ Mughal,1975-02-09,"H-03063, Gulshan-e-Iqbal, Karachi",39799
UTL003064,Muhammad عمران Ch.,,Muhammad Choudhary,1976-08-27,"H-03064, E-11, Islamabad",46597
UTL003065,Hasan Malik,22031-3354078-4,Bilal Malick,,"H-03065, North Nazimabad, Karachi",8623
UTL003066,Fatema بٹ,93321-2191374-4,Mohammed بلال بٹ,1955-07-14,"H-03066, DHA, Lahore",10635
UTL003067,Aisha خان,41764-8480522-4,Faisal Khan,1961-03-26,"H-03067, Satellite Town, Rawalpindi",22810
UTL003068,Sana خان,11173-8125965-1,Hussein Khan,1983-02-12,"H-03068, Chaklala, Rawalpindi",11611
UTL003069,Ahmad Shaikh,,Bilal شیخ,1957-01-09,"H-03069, F-7, Islamabad",83590
UTL003070,Fatimah راجہ,64476-9580496-3,Ali Raja,1962-03-02,"H-03070, Jaranwala Road, Faisalabad",11271
UTL003071,حسین Moghul,28482-7239877-0,حمزہ مغل,1994-07-25,"H-03071, Peoples Colony, Faisalabad",6542
UTL003072,Sana Bhatti,,Ahmad Butt,1972-05-05,"H-03072, DHA, Lahore",7002
UTL003073,Fatema اعوان,79895-8099077-1,Muhammed Othman اعوان,1992-06-06,"H-03073, Gulberg, Lahore",12908
UTL003074,فیصل Moghul,52423-8894317-6,Hassan مغل,2003-08-23,"H-03074, E-11, Islamabad",62414
UTL003075,Muhammed قریشی,72634-8872354-9,عمران Quraishi,1968-07-15,"H-03075, E-11, Islamabad",9248
UTL003076,Muhammad Qureshi,89330-5573373-8,احمد Quraishi,,"H-03076, Madina Town, Faisalabad",16339
UTL003077,Hassan Qureshi,,Mohammad عمران Qureshi,1995-07-20,"H-03077, Saddar, Rawalpindi",10188
UTL003078,Mariam Khan,67718-6993263-4,Hamza خان,1980-01-16,"H-03078, Peoples Colony, Faisalabad",11160
UTL003079,Ahmad Khan,48037-3173163-6,علی Khan,1997-03-13,"H-03079, North Nazimabad, Karachi",4385
UTL003080,Mohammad Imran Khan,55250-5922343-0,Imran خان,1977-10-21,"H-03080, Model Town, Lahore",6927
UTL003081,Usman Sheikh,71686-8602709-9,عثمان Shaykh,1957-08-24,"H-03081, F-8, Islamabad",89112
UTL003082,Usman اعوان,93031-6915978-2,Usman Awan,1959-03-06,"H-03082, Johar Town, Lahore",27677
UTL003083,Muhammed Bilal Awan,16734-2380613-7,Usman اعوان,1965-03-28,"H-03083, Jaranwala Road, Faisalabad",7070
UTL003084,Faisal بٹ,66112-6498821-2,Mohammed Hassan Butt,1994-07-16,"H-03084, Jaranwala Road, Faisalabad",18927
UTL003085,Muhammed علی خان,54488-5516500-0,Hamzah Khan,1955-01-18,"H-03085, Cantt, Lahore",5757
UTL003086,Ali Bhatti,83955-6366676-7,Mohammad Usman بٹ,1969-12-18,"H-03086, Johar Town, Lahore",26934
UTL003087,فیصل اعوان,53739-3701550-9,حسین اعوان,1981-02-10,"H-03087, Bahria Town, Rawalpindi",43615
UTL003088,Muhammad Bhatti,56421-3361180-0,,1970-04-09,"H-03088, North Nazimabad, Karachi",21177
UTL003089,Sana Awan,28864-9745617-2,Mohammed Bilal اعوان,1977-10-27,"H-03089, Johar Town, Lahore",10388
UTL003090,حسین ملک,73040-2426547-6,Muhammed ملک,1970-04-27,"H-03090, Madina Town, Faisalabad",7311
UTL003091,Mohammed Raja,46879-2456886-8,Muhammed Husain راجہ,,"H-03091, G-10, Islamabad",9343
UTL003092,Mohammad Moghul,39165-8905856-8,Imran Moghul,1958-12-06,"H-03092, DHA, Lahore",14725
UTL003093,Mohammed Moghul,73638-7932270-7,Mohammad حمزہ Moghul,1984-08-08,"H-03093, Johar Town, Lahore",32461
UTL003094,Maryam Butt,,Mohammad بٹ,1968-05-17,"H-03094, G-10, Islamabad",12700
UTL003095,Hasan قریشی,,Muhammad Faysal قریشی,1968-10-11,"H-03095, DHA, Karachi",21273
UTL003096,عمران Moghul,42701-4164053-1,Hasan Moghul,,"H-03096, Gulberg, Lahore",40533
UTL003097,عثمان خان,28796-7316891-4,Mohammed خان,1982-03-26,"H-03097, Saddar, Rawalpindi",26479
UTL003098,Zainab Malick,48922-6128956-8,Mohammad Hamzah Malik,1982-03-04,"H-03098, F-7, Islamabad",13871
UTL003099,Zaynab راجہ,,Muhammed Faysal راجہ,1984-04-02,"H-03099, Model Town, Lahore",7872
UTL003100,ثناء Quraishi,55203-3814022-0,Mohammad Ali Qureshi,1969-12-26,"H-03100, Bahria Town, Rawalpindi",13732
UTL003101,Mohammad حمزہ اعوان,59052-4032258-8,Muhammed Hussain اعوان,1988-09-20,"H-03101, Clifton, Karachi",38359
UTL003102,Faisal Quraishi,98958-6600461-9,Faysal قریشی,1959-12-23,"H-03102, Malir, Karachi",6456
UTL003103,Muhammed عثمان سید,66696-5248148-5,Mohammad Ali Sayyid,1970-10-01,"H-03103, G-10, Islamabad",9988
UTL003104,Ali Bhatti,59241-9317362-8,Othman Bhatti,1976-05-16,"H-03104, Cantt, Lahore",7249
UTL003105,Mariam مغل,26375-6054323-6,حمزہ Mughal,1957-12-20,"H-03105, F-7, Islamabad",29609
UTL003106,Bilal Awan,15827-3150416-8,Muhammad Awan,1958-12-10,"H-03106, Model Town, Lahore",36988
UTL003107,Maryam Khan,45369-8102763-0,Hassan خان,,"H-03107, Bahria Town, Rawalpindi",11252
UTL003108,ثناء Moghul,60507-5499558-5,Muhammed Hamza مغل,1975-03-16,"H-03108, DHA, Lahore",7715
UTL003109,Mohammed Ali Raja,,عثمان Raja,,"H-03109, Satellite Town, Rawalpindi",46339
UTL003110,Usman قریشی,52611-7020423-6,بلال Quraishi,1960-07-14,"H-03110, Saddar, Rawalpindi",98211
UTL003111,Muhammad مغل,,Bilal مغل,1995-01-11,"H-03111, Johar Town, Lahore",7531
UTL003112,Othman Malik,19404-4675611-3,Faisal ملک,1976-07-07,"H-03112, Saddar, Rawalpindi",14646
UTL003113,Ahmed Raja,61763-7779519-1,فیصل Raja,1963-02-05,"H-03113, Model Town, Lahore",37333
UTL003114,Sana Awan,,Hussein Awan,1988-08-19,"H-03114, Bahria Town, Islamabad",39884
UTL003115,حرا Chaudhry,65686-4765929-0,Usman Chaudhry,1965-08-21,"H-03115, North Nazimabad, Karachi",13010
UTL003116,ثناء Shaykh,,Mohammed Hussain شیخ,1963-04-01,"H-03116, Model Town, Lahore",141963
UTL003117,Mohammad Bilal Mughal,73944-7550716-3,Muhammad Ahmed مغل,2003-10-03,"H-03117, DHA, Karachi",6257
UTL003118,فاطمہ Awan,57555-6803214-3,,1955-07-26,"H-03118, North Nazimabad, Karachi",4547
UTL003119,Fatimah قریشی,37011-6918759-7,حمزہ Quraishi,1978-07-20,"H-03119, Satellite Town, Rawalpindi",5876
UTL003120,فیصل راجہ,10244-5999083-0,محمد راجہ,1968-12-06,"H-03120, F-7, Islamabad",5370
UTL003121,Hussain Raja,49925-7391063-3,,1963-11-24,"H-03121, Johar Town, Lahore",37202
UTL003122,Ayisha Malick,29824-1215867-3,Imran ملک,1955-11-27,"H-03122, Jaranwala Road, Faisalabad",5673
UTL003123,عمران Syed,,احمد Syed,2000-02-04,"H-03123, DHA, Lahore",5544
UTL003124,Imran Malick,89022-1503652-3,بلال Malick,1982-07-13,"H-03124, Satellite Town, Rawalpindi",16738
UTL003125,Hamza شیخ,95202-5131612-2,بلال Shaykh,1975-10-17,"H-03125, Madina Town, Faisalabad",29408
UTL003126,Mohammad Hamzah Mughal,97535-5665397-0,Muhammad Hasan Mughal,1986-06-07,"H-03126, Clifton, Karachi",59960
UTL003127,Hasan Sheikh,26533-8519778-5,Mohammad بلال Sheikh,1983-02-19,"H-03127, G-10, Islamabad",5910
UTL003128,Hasan خان,75709-8629855-8,Muhammad Khan,,"H-03128, E-11, Islamabad",123067
UTL003129,زینب Shaykh,48287-2212136-8,عثمان Sheikh,1965-12-20,"H-03129, Bahria Town, Islamabad",7752
UTL003130,Mohammad Malik,46246-8831688-7,Hamzah Malik,1981-05-19,"H-03130, F-7, Islamabad",10392
UTL003131,Mohammad بلال Quraishi,55400-3309653-8,علی Qureshi,1963-12-26,"H-03131, Satellite Town, Rawalpindi",13189
UTL003132,Mohammad Hussain مغل,83757-6115729-8,Hussein Mughal,1992-05-07,"H-03132, Clifton, Karachi",45015
UTL003133,Othman اعوان,61784-2288896-3,,1989-07-11,"H-03133, Satellite Town, Rawalpindi",9452
UTL003134,Muhammed مغل,87901-6816305-6,Hamzah Moghul,1987-04-05,"H-03134, Gulshan-e-Iqbal, Karachi",63036
UTL003135,Faisal Ch.,25338-5777764-1,Muhammad Ali Ch.,1995-08-01,"H-03135, Saddar, Rawalpindi",30461
UTL003136,Hasan Syed,44582-9974267-0,Hamza سید,1963-01-22,"H-03136, North Nazimabad, Karachi",5185
UTL003137,Hasan Raja,18741-3249849-0,Muhammad فیصل Raja,1994-07-13,"H-03137, Madina Town, Faisalabad",22155
UTL003138,Hamzah شیخ,94786-8445699-3,حسین شیخ,1971-09-08,"H-03138, Clifton, Karachi",25640
UTL003139,مریم خان,,Bilal Khan,1997-06-16,"H-03139, Saddar, Rawalpindi",151057
UTL003140,Faisal Syed,14452-6329228-4,بلال Syed,1983-04-20,"H-03140, Satellite Town, Rawalpindi",28933
UTL003141,فیصل قریشی,82057-9936887-7,حسن قریشی,2000-11-02,"H-03141, E-11, Islamabad",11839
UTL003142,ثناء ملک,53331-4562561-1,,1992-03-14,"H-03142, Clifton, Karachi",121943
UTL003143,Husain Awan,99970-1548033-9,Muhammad عثمان اعوان,1988-01-10,"H-03143, Madina Town, Faisalabad",33751
UTL003144,بلال ملک,71190-1218038-0,Muhammed Malik,1959-10-22,"H-03144, Bahria Town, Islamabad",28134
UTL003145,Hamzah Chaudhary,51972-5352367-6,Mohammed Hamzah Ch.,2003-12-08,"H-03145, Jaranwala Road, Faisalabad",9057
UTL003146,زینب Chaudhary,85200-1544132-8,Faisal چوہدری,1972-02-07,"H-03146, Bahria Town, Rawalpindi",17987
UTL003147,Marium ملک,28802-2832248-3,Mohammad ملک,1977-05-05,"H-03147, Madina Town, Faisalabad",25838
UTL003148,علی Quraishi,21349-1702119-3,,1993-05-28,"H-03148, DHA, Karachi",9241
UTL003149,Muhammad علی Mughal,33781-6259884-9,Muhammad Hamza Mughal,1994-10-24,"H-03149, F-7, Islamabad",33292
UTL003150,Ali Chaudhry,68675-8025252-7,بلال Chaudhary,1982-01-21,"H-03150, Jaranwala Road, Faisalabad",4377
UTL003151,Ahmed چوہدری,94890-4564360-9,فیصل چوہدری,1985-09-07,"H-03151, F-7, Islamabad",7025
UTL003152,Husain Choudhary,23096-9565329-3,Bilal چوہدری,1970-03-23,"H-03152, North Nazimabad, Karachi",27197
UTL003153,Hira Khan,60053-5066056-8,علی خان,1955-08-04,"H-03153, Johar Town, Lahore",6793
UTL003154,Mohammed عمران قریشی,,Hamzah قریشی,1987-07-02,"H-03154, Clifton, Karachi",14034
UTL003155,Mariam Awan,27903-3261128-0,Hasan Awan,,"H-03155, North Nazimabad, Karachi",37410
UTL003156,Hamza Bhatti,,Mohammad Bhatti,1968-07-01,"H-03156, Gulshan-e-Iqbal, Karachi",80062
UTL003157,Ayesha Moghul,88262-8921344-2,بلال Moghul,1975-06-25,"H-03157, Model Town, Lahore",43392
UTL003158,زینب مغل,43916-7098322-1,,1975-04-15,"H-03158, Satellite Town, Rawalpindi",9003
UTL003159,حرا Bhatti,79709-3453107-5,Ali بٹ,2001-07-21,"H-03159, Bahria Town, Islamabad",33429
UTL003160,احمد راجہ,23503-2882691-5,,1985-04-26,"H-03160, F-7, Islamabad",13844
UTL003161,Mohammed Othman اعوان,65110-9295417-0,Osman Awan,1958-11-14,"H-03161, Chaklala, Rawalpindi",37099
UTL003162,Muhammad فیصل Raja,37462-2136000-9,Hassan راجہ,1971-07-11,"H-03162, Cantt, Lahore",5808
UTL003163,حمزہ Quraishi,,Muhammad Osman Qureshi,1979-04-23,"H-03163, Peoples Colony, Faisalabad",10424
UTL003164,Muhammad Hassan Bhatti,28141-0679105-5,Hamza Butt,,"H-03164, Peoples Colony, Faisalabad",30836
UTL003165,Muhammed Hamza راجہ,35215-9982764-8,Muhammad Raja,1995-04-26,"H-03165, Johar Town, Lahore",37562
UTL003166,حمزہ ملک,97175-9813653-6,علی Malick,2000-12-17,"H-03166, Saddar, Rawalpindi",14443
UTL003167,Hira Bhatti,33575-8617166-7,Mohammad Butt,1968-11-18,"H-03167, Satellite Town, Rawalpindi",25641
UTL003168,Sana اعوان,79023-2610323-9,,1962-10-05,"H-03168, Johar Town, Lahore",49691
UTL003169,احمد شیخ,76902-1016380-6,,1977-04-22,"H-03169, Gulberg, Lahore",12693
UTL003170,Imran Quraishi,58241-5667501-1,,1994-03-11,"H-03170, G-10, Islamabad",9389
UTL003171,Ahmad Butt,40440-6824317-6,Hasan Bhatti,1956-04-06,"H-03171, DHA, Karachi",7103
UTL003172,Osman بٹ,50416-8495677-9,Muhammad Imran Bhatti,1979-06-15,"H-03172, Madina Town, Faisalabad",8100
UTL003173,Hira Sheikh,,Mohammed Imran شیخ,1981-03-28,"H-03173, Clifton, Karachi",9326
UTL003174,Mohammad بلال Butt,,عمران Butt,,"H-03174, Model Town, Lahore",16385
UTL003175,Imran Awan,82379-5856664-6,,1997-04-13,"H-03175, Cantt, Lahore",8195
UTL003176,محمد راجہ,15489-2730197-7,علی راجہ,2002-07-05,"H-03176, E-11, Islamabad",17503
UTL003177,Bilal Butt,77576-5764423-7,,1991-02-21,"H-03177, Madina Town, Faisalabad",25282
UTL003178,Hussein Chaudhary,22454-2024468-1,Bilal Ch.,1981-04-25,"H-03178, Clifton, Karachi",29032
UTL003179,عمران بٹ,50111-2214176-4,Mohammed Bhatti,1989-11-11,"H-03179, G-10, Islamabad",6836
UTL003180,Fatimah شیخ,19955-2746373-0,Imran Shaikh,1974-09-14,"H-03180, Peoples Colony, Faisalabad",88368
UTL003181,Hira خان,61048-1102798-4,Bilal Khan,1992-01-21,"H-03181, Clifton, Karachi",7651
UTL003182,Mohammed حسن Raja,59772-3249784-4,Mohammad Hussain Raja,,"H-03182, Madina Town, Faisalabad",12826
UTL003183,Osman اعوان,19981-8223824-5,Muhammad Awan,1966-11-09,"H-03183, Gulberg, Lahore",45251
UTL003184,Usman بٹ,76413-2279507-1,Muhammad Butt,,"H-03184, F-7, Islamabad",14015
UTL003185,Mohammed Ali Ch.,93714-1510553-6,Bilal Chaudhry,1983-02-09,"H-03185, Gulshan-e-Iqbal, Karachi",27906
UTL003186,Hasan Ch.,20561-5274567-7,,,"H-03186, Malir, Karachi",5151
UTL003187,Faisal Raja,85889-3982538-2,Mohammed راجہ,1966-09-22,"H-03187, Model Town, Lahore",29382
UTL003188,Mohammed Raja,56420-3326860-1,Hamza Raja,1980-09-01,"H-03188, Jaranwala Road, Faisalabad",37397
UTL003189,Sana Syed,,Hamza Sayed,2002-04-23,"H-03189, Model Town, Lahore",14552
UTL003190,حسن مغل,17101-5145060-2,Osman مغل,1957-12-25,"H-03190, F-8, Islamabad",8134
UTL003191,Fatema چوہدری,76299-5726384-4,محمد چوہدری,2003-11-27,"H-03191, Madina Town, Faisalabad",9122
UTL003192,Muhammed Hussein Ch.,87577-5463027-2,Imran Chaudhry,2003-06-24,"H-03192, Jaranwala Road, Faisalabad",25343
UTL003193,Mohammed Hassan خان,,Hussein خان,1990-07-21,"H-03193, Peoples Colony, Faisalabad",11007
UTL003194,Mohammad Imran Quraishi,,,1997-02-11,"H-03194, Gulshan-e-Iqbal, Karachi",7765
UTL003195,Ahmad Raja,71161-9191083-2,Ahmed راجہ,1958-10-02,"H-03195, Gulberg, Lahore",11597
UTL003196,ثناء Choudhary,19400-8913234-1,Hamzah چوہدری,1971-12-01,"H-03196, Madina Town, Faisalabad",10629
UTL003197,Bilal Raja,46312-9891207-6,,1998-08-25,"H-03197, Jaranwala Road, Faisalabad",11837
UTL003198,Mohammed Faisal Sayed,10643-8423638-2,,1980-07-24,"H-03198, Satellite Town, Rawalpindi",10802
UTL003199,Zaynab Malik,83181-2772073-8,Muhammed Malick,1967-07-17,"H-03199, DHA, Lahore",46685
UTL003200,Othman شیخ,86759-5731833-0,Hussein شیخ,1968-10-08,"H-03200, Jaranwala Road, Faisalabad",634288
UTL003201,علی Syed,53071-9105931-7,Muhammad Othman Sayyid,1963-12-14,"H-03201, Jaranwala Road, Faisalabad",6300
UTL003202,Mohammad Hasan Malik,62478-8883284-8,احمد Malik,1984-06-05,"H-03202, Bahria Town, Rawalpindi",12428
UTL003203,حسن قریشی,60524-5490118-2,Mohammad Faysal Qureshi,1987-04-25,"H-03203, Johar Town, Lahore",7076
UTL003204,Hasan Mughal,88566-7152120-2,بلال Mughal,,"H-03204, F-8, Islamabad",5380
UTL003205,Hassan Shaykh,,,1960-02-09,"H-03205, Jaranwala Road, Faisalabad",88241
UTL003206,حرا Butt,45695-9211510-3,Muhammed Hamza Bhatti,1984-01-09,"H-03206, Chaklala, Rawalpindi",90663
UTL003207,Faysal Sayyid,,Bilal Syed,,"H-03207, Saddar, Rawalpindi",77812
UTL003208,عائشہ Khan,12783-6756649-7,Muhammad Hasan خان,,"H-03208, Model Town, Lahore",4447
UTL003209,Mohammed Raja,24353-9336813-5,,1994-11-09,"H-03209, Gulshan-e-Iqbal, Karachi",29744
UTL003210,Ahmad Raja,96737-8615569-1,Bilal Raja,1991-10-04,"H-03210, Peoples Colony, Faisalabad",36902
UTL003211,Hasan سید,,Mohammad Husain سید,1989-06-15,"H-03211, Model Town, Lahore",71355
UTL003212,Mariam ملک,52951-9003751-2,Imran Malik,1959-09-05,"H-03212, Johar Town, Lahore",76272
UTL003213,علی Awan,94061-9959503-8,عثمان اعوان,1996-03-09,"H-03213, Jaranwala Road, Faisalabad",5539
UTL003214,Muhammad Faisal سید,48299-2676389-5,عمران Syed,1976-06-07,"H-03214, North Nazimabad, Karachi",103860
UTL003215,Hasan اعوان,26250-9885419-5,Othman اعوان,,"H-03215, Bahria Town, Rawalpindi",5812
UTL003216,ثناء Butt,22514-5546346-4,Muhammed Butt,1955-01-24,"H-03216, Bahria Town, Islamabad",6738
UTL003217,Hamza Qureshi,29529-5000388-1,Mohammed قریشی,2001-07-10,"H-03217, Saddar, Rawalpindi",40018
UTL003218,Fatema Mughal,33129-9444045-5,Hussain Moghul,1964-08-07,"H-03218, Bahria Town, Rawalpindi",57872
UTL003219,Faysal اعوان,88539-3503192-5,,1996-10-16,"H-03219, Jaranwala Road, Faisalabad",12578
UTL003220,مریم Qureshi,58001-9535058-7,عمران قریشی,1999-11-24,"H-03220, E-11, Islamabad",5453
UTL003221,Muhammad قریشی,,Muhammad Qureshi,1982-12-26,"H-03221, Cantt, Lahore",64026
UTL003222,Hasan Sayed,72320-5856596-3,محمد سید,1971-01-06,"H-03222, DHA, Karachi",9765
UTL003223,Muhammed Bhatti,23055-7862028-6,,1984-06-05,"H-03223, Clifton, Karachi",9656
UTL003224,Aisha Sheikh,23246-8366515-6,Muhammed Hassan Shaykh,2002-06-01,"H-03224, Satellite Town, Rawalpindi",7422
UTL003225,Ali Awan,89624-1394507-4,حسن Awan,1987-09-21,"H-03225, Cantt, Lahore",21910
UTL003226,Marium سید,67462-1581256-2,عثمان Sayyid,1974-04-03,"H-03226, Gulberg, Lahore",24237
UTL003227,Faisal Malick,50498-8063338-4,Hamza ملک,1963-06-14,"H-03227, Bahria Town, Islamabad",8392
UTL003228,ثناء Shaykh,67126-1359745-6,احمد Shaykh,1975-12-26,"H-03228, Clifton, Karachi",62097
UTL003229,علی Syed,43733-1495124-9,Hamzah Syed,1969-02-28,"H-03229, Clifton, Karachi",7392
UTL003230,بلال Sayed,63208-6418564-4,,1975-04-24,"H-03230, Satellite Town, Rawalpindi",15471
UTL003231,علی ملک,39000-6619361-3,Ali ملک,,"H-03231, Chaklala, Rawalpindi",52904
UTL003232,Osman راجہ,,,1969-03-04,"H-03232, Clifton, Karachi",6438
UTL003233,ثناء راجہ,56779-6574204-5,علی راجہ,1981-02-11,"H-03233, Chaklala, Rawalpindi",58176
UTL003234,Osman اعوان,30504-7265980-0,Imran اعوان,1980-09-16,"H-03234, Gulshan-e-Iqbal, Karachi",46031
UTL003235,علی Ch.,86354-8281628-2,Usman Ch.,1990-07-20,"H-03235, Bahria Town, Islamabad",11608
UTL003236,Mohammed بلال Khan,94955-4138787-5,,1959-06-03,"H-03236, Malir, Karachi",25674
UTL003237,حرا Quraishi,36313-8962835-8,Muhammed Husain قریشی,1992-06-07,"H-03237, North Nazimabad, Karachi",6779
UTL003238,Fatema بٹ,79462-1333764-1,Faysal بٹ,1986-07-23,"H-03238, G-10, Islamabad",10671
UTL003239,Bilal Malik,99554-7320094-1,Muhammed عثمان Malik,,"H-03239, Chaklala, Rawalpindi",14058
UTL003240,Ali Sheikh,68936-1656427-8,Mohammed احمد Shaikh,1955-02-09,"H-03240, Model Town, Lahore",17471
UTL003241,Muhammed Ali مغل,90664-9979905-4,Muhammed مغل,1990-10-22,"H-03241, Saddar, Rawalpindi",9639
UTL003242,عمران ملک,07544-2844917-7,,1970-01-24,"H-03242, Johar Town, Lahore",19554
UTL003243,Muhammad عمران راجہ,11562-6531455-8,Muhammad Raja,1989-02-09,"H-03243, Jaranwala Road, Faisalabad",16992
UTL003244,Osman خان,24720-1809075-5,Bilal Khan,2000-04-11,"H-03244, Jaranwala Road, Faisalabad",8646
UTL003245,Sana Mughal,53849-4957974-1,Muhammed احمد مغل,1981-12-14,"H-03245, Clifton, Karachi",33815
UTL003246,Ayisha شیخ,,Bilal Sheikh,1971-03-17,"H-03246, Clifton, Karachi",8876
UTL003247,Mohammad فیصل Raja,30800-1865277-7,Husain Raja,1994-09-27,"H-03247, Johar Town, Lahore",7682
UTL003248,Faysal Quraishi,32565-7522861-0,Faysal قریشی,,"H-03248, Madina Town, Faisalabad",29598
UTL003249,Bilal قریشی,74937-3012984-6,,1977-08-28,"H-03249, Chaklala, Rawalpindi",23667
UTL003250,Hassan Khan,91739-6794239-0,,1970-09-19,"H-03250, Bahria Town, Islamabad",5729
UTL003251,Zainab Malik,56099-1662107-8,Muhammed بلال Malik,1964-12-23,"H-03251, Chaklala, Rawalpindi",11315
UTL003252,Ali Shaikh,71835-3478813-4,عمران Sheikh,1986-07-09,"H-03252, DHA, Lahore",19903
UTL003253,Hassan Mughal,74226-5216037-5,Imran Mughal,1980-02-17,"H-03253, G-10, Islamabad",14012
UTL003254,Mohammed عمران Choudhary,50932-5606274-8,Hassan Chaudhry,1978-05-21,"H-03254, Madina Town, Faisalabad",16783
UTL003255,Mohammad Hamza Raja,,فیصل راجہ,1966-01-14,"H-03255, Peoples Colony, Faisalabad",8843
UTL003256,بلال مغل,58556-7988968-2,,1982-12-06,"H-03256, Gulberg, Lahore",24905
UTL003257,Mohammed Ahmed Shaikh,40237-5266728-1,Imran شیخ,1968-10-24,"H-03257, Chaklala, Rawalpindi",6395
UTL003258,عثمان Awan,14288-3701118-2,عمران اعوان,1956-02-28,"H-03258, Jaranwala Road, Faisalabad",17098
UTL003259,بلال Shaikh,57560-1297462-2,Bilal Sheikh,1997-10-10,"H-03259, Peoples Colony, Faisalabad",4412
UTL003260,Hasan Butt,42336-2228485-0,Hasan بٹ,1966-04-24,"H-03260, Gulshan-e-Iqbal, Karachi",41569
UTL003261,حرا Sayyid,65646-8080467-7,حسین سید,1985-08-21,"H-03261, Saddar, Rawalpindi",6135
UTL003262,Muhammad Ahmed Malik,10201-4866496-8,Husain Malick,1970-12-15,"H-03262, Gulshan-e-Iqbal, Karachi",67707
UTL003263,Mohammed Ahmed Raja,,Hassan Raja,2002-05-05,"H-03263, Satellite Town, Rawalpindi",3525
UTL003264,Muhammad فیصل Shaikh,26796-7041197-7,حمزہ شیخ,1983-03-15,"H-03264, Model Town, Lahore",6323
UTL003265,Muhammad شیخ,78883-6775975-2,Muhammad احمد شیخ,1961-05-17,"H-03265, North Nazimabad, Karachi",16522
UTL003266,Mohammed بلال Chaudhry,86341-7647738-8,Hamza Ch.,1989-09-28,"H-03266, Madina Town, Faisalabad",7496
UTL003267,Muhammed Husain اعوان,83454-5136994-5,Imran Awan,1993-05-15,"H-03267, Bahria Town, Islamabad",47773
UTL003268,ثناء چوہدری,78973-6709840-3,Ali Chaudhry,1996-11-02,"H-03268, Madina Town, Faisalabad",6510
UTL003269,Muhammed Husain سید,,,1981-12-15,"H-03269, Malir, Karachi",19226
UTL003270,Muhammad Imran مغل,38213-7950212-1,Hasan Moghul,1991-06-20,"H-03270, Peoples Colony, Faisalabad",14983
UTL003271,فیصل Sheikh,83436-6625668-7,Ali شیخ,1969-11-11,"H-03271, DHA, Karachi",32902
UTL003272,Hamzah Ch.,84835-2088706-2,بلال Ch.,1998-04-17,"H-03272, Satellite Town, Rawalpindi",19151
UTL003273,Mohammed Hussein Moghul,98993-8797486-9,Ahmad مغل,2000-08-18,"H-03273, Peoples Colony, Faisalabad",14501
UTL003274,Ali Khan,,Mohammed خان,1961-12-09,"H-03274, North Nazimabad, Karachi",38092
UTL003275,Sana Khan,51908-2439596-5,Hamza Khan,1975-10-11,"H-03275, Bahria Town, Rawalpindi",12399
UTL003276,Faisal Syed,92898-1235219-8,Mohammad Sayyid,1955-12-09,"H-03276, Saddar, Rawalpindi",49667
UTL003277,Imran Awan,30529-3927548-7,Mohammad Husain اعوان,2001-12-19,"H-03277, Model Town, Lahore",42644
UTL003278,Faisal Butt,15881-6793696-1,حمزہ Bhatti,1962-10-15,"H-03278, Madina Town, Faisalabad",43768
UTL003279,Hasan Butt,52932-4892544-6,Muhammad Hamzah Butt,1978-11-15,"H-03279, Gulberg, Lahore",5478
UTL003280,Maryam Ch.,60856-6617119-8,Hamza Chaudhry,1975-01-07,"H-03280, F-8, Islamabad",21408
UTL003281,Husain Moghul,,حمزہ Mughal,1959-11-22,"H-03281, Saddar, Rawalpindi",164187
UTL003282,بلال Malik,14617-9076036-4,Bilal ملک,1980-12-14,"H-03282, Jaranwala Road, Faisalabad",4607
UTL003283,حرا بٹ,21809-8708517-1,,1973-04-12,"H-03283, Bahria Town, Rawalpindi",5035
UTL003284,Mohammad Ch.,35850-7490389-9,Usman Ch.,2000-03-12,"H-03284, Model Town, Lahore",35808
UTL003285,Marium Choudhary,72200-2570626-0,Muhammad Hamza Choudhary,,"H-03285, F-7, Islamabad",4721
UTL003286,Maryam Bhatti,,Hussain Butt,1994-12-21,"H-03286, Saddar, Rawalpindi",65244
UTL003287,Hira چوہدری,,Osman Ch.,1980-12-10,"H-03287, North Nazimabad, Karachi",15527
UTL003288,فیصل Quraishi,,حسن Quraishi,1956-01-21,"H-03288, North Nazimabad, Karachi",27363
UTL003289,محمد Quraishi,43944-1943684-7,Mohammed Imran قریشی,,"H-03289, Malir, Karachi",20737
UTL003290,Hussain راجہ,36801-7105995-3,Hamzah راجہ,,"H-03290, DHA, Karachi",7458
UTL003291,Zaynab شیخ,88079-6316747-9,عمران Shaikh,1980-08-15,"H-03291, Bahria Town, Rawalpindi",23958
UTL003292,حسین Raja,,Ali Raja,1999-10-20,"H-03292, Jaranwala Road, Faisalabad",9211
UTL003293,عثمان Butt,,علی بٹ,1991-04-07,"H-03293, Madina Town, Faisalabad",19542
UTL003294,علی Sayyid,,,1956-03-03,"H-03294, Jaranwala Road, Faisalabad",5437
UTL003295,Ahmed Quraishi,20956-3271762-9,Muhammad Ahmed Quraishi,1988-05-06,"H-03295, Satellite Town, Rawalpindi",54167
UTL003296,Ahmed Moghul,21137-8934301-6,Mohammad Othman Mughal,,"H-03296, E-11, Islamabad",23113
UTL003297,Muhammed Usman Shaykh,82924-9224966-0,Bilal Shaykh,1967-01-26,"H-03297, Peoples Colony, Faisalabad",17944
UTL003298,Imran Shaykh,40872-6946353-2,,1983-09-20,"H-03298, Madina Town, Faisalabad",7112
UTL003299,Othman Moghul,73494-3628128-6,,1997-05-28,"H-03299, Chaklala, Rawalpindi",19916
UTL003300,Bilal بٹ,14433-8631174-2,عمران Butt,1970-02-25,"H-03300, G-10, Islamabad",12895
UTL003301,Mohammed راجہ,80758-9056135-5,,,"H-03301, Madina Town, Faisalabad",54221
UTL003302,Osman راجہ,51950-9888234-0,Ahmad Raja,1955-09-21,"H-03302, DHA, Karachi",30012
UTL003303,Marium Mughal,43244-9381029-6,Muhammed Ahmad Mughal,1992-04-15,"H-03303, Chaklala, Rawalpindi",53294
UTL003304,Marium Choudhary,60942-6544773-3,Hasan Chaudhary,1969-05-27,"H-03304, Chaklala, Rawalpindi",13237
UTL003305,Fatimah چوہدری,30475-8220984-2,Imran Chaudhary,1962-10-03,"H-03305, Bahria Town, Rawalpindi",58524
UTL003306,زینب Ch.,75370-5108300-4,عثمان Chaudhry,1958-06-06,"H-03306, Jaranwala Road, Faisalabad",55311
UTL003307,Muhammed Bhatti,64618-1442264-9,حمزہ بٹ,1996-10-14,"H-03307, Bahria Town, Rawalpindi",12666
UTL003308,Faisal اعوان,,Faisal Awan,,"H-03308, Bahria Town, Rawalpindi",12746
UTL003309,Hamza Butt,60969-8312133-5,حسن Bhatti,1994-08-21,"H-03309, Bahria Town, Rawalpindi",4904
UTL003310,عمران Awan,88066-6810876-5,حمزہ Awan,1962-04-04,"H-03310, Bahria Town, Islamabad",132340
UTL003311,Husain بٹ,18456-8300449-3,Faysal Bhatti,1975-03-11,"H-03311, Peoples Colony, Faisalabad",9377
UTL003312,زینب Chaudhry,20401-3375707-3,Mohammad Imran Chaudhary,1972-09-15,"H-03312, Bahria Town, Rawalpindi",6637
UTL003313,Faisal Malik,78046-8869771-5,عثمان Malik,1986-10-28,"H-03313, Jaranwala Road, Faisalabad",15055
UTL003314,Ali Sheikh,93787-1477613-0,Usman Shaykh,1992-01-11,"H-03314, Madina Town, Faisalabad",7078
UTL003315,Fatima Sayyid,57752-5771146-0,Osman Sayyid,2001-10-03,"H-03315, Bahria Town, Islamabad",15746
UTL003316,Hussain Shaykh,26473-8874357-1,علی Sheikh,1967-10-08,"H-03316, E-11, Islamabad",7407
UTL003317,بلال Qureshi,58740-4267347-5,Mohammed Faysal Quraishi,1985-06-27,"H-03317, Gulberg, Lahore",10439
UTL003318,Mohammed Faysal سید,34366-2013907-9,Muhammed بلال Sayyid,1955-09-16,"H-03318, Cantt, Lahore",12083
UTL003319,حمزہ Raja,72402-4193467-7,بلال Raja,1970-01-19,"H-03319, Madina Town, Faisalabad",189477
UTL003320,Bilal سید,84608-9380527-9,,1987-06-11,"H-03320, Saddar, Rawalpindi",27908
UTL003321,Husain Bhatti,60155-3357135-9,Bilal بٹ,1965-10-24,"H-03321, F-7, Islamabad",12087
UTL003322,احمد Khan,33880-3475732-6,Osman Khan,1964-08-17,"H-03322, Bahria Town, Rawalpindi",8536
UTL003323,Mohammad Quraishi,97911-2315491-5,Mohammad Bilal Qureshi,1986-02-03,"H-03323, Peoples Colony, Faisalabad",8947
UTL003324,فاطمہ Butt,21869-8723444-0,عمران Butt,,"H-03324, Bahria Town, Islamabad",6206
UTL003325,Hassan Raja,35663-7574693-5,Faisal راجہ,1995-08-05,"H-03325, Gulshan-e-Iqbal, Karachi",13888
UTL003326,Mohammed اعوان,,Mohammad بلال Awan,1993-07-15,"H-03326, Gulshan-e-Iqbal, Karachi",12455
UTL003327,عثمان Syed,82455-8548108-0,,1985-09-11,"H-03327, Madina Town, Faisalabad",4928
UTL003328,Ahmed Bhatti,50655-2417190-3,Mohammed حمزہ Bhatti,1961-08-08,"H-03328, Madina Town, Faisalabad",8318
UTL003329,فیصل Khan,79659-4619698-0,بلال خان,1990-05-22,"H-03329, Peoples Colony, Faisalabad",32661
UTL003330,ثناء Malick,31218-4337850-8,Muhammed Bilal Malick,1982-06-22,"H-03330, Satellite Town, Rawalpindi",32966
UTL003331,مریم Qureshi,,Mohammed عثمان Quraishi,1973-02-26,"H-03331, Bahria Town, Islamabad",24639
UTL003332,Maryam Sheikh,48491-1655976-2,Osman Shaykh,1999-12-18,"H-03332, F-7, Islamabad",29761
UTL003333,Muhammed Raja,79284-8508711-2,حسن Raja,1976-08-17,"H-03333, G-10, Islamabad",13435
UTL003334,حرا Sheikh,12789-3565504-4,Ahmed Sheikh,1956-05-03,"H-03334, North Nazimabad, Karachi",11175
UTL003335,فیصل Chaudhary,59673-1231144-8,Ahmed Chaudhary,1982-11-27,"H-03335, Malir, Karachi",22647
UTL003336,بلال Sayyid,,,1983-11-21,"H-03336, Clifton, Karachi",14836
UTL003337,Othman راجہ,93980-3311547-2,Hamzah راجہ,1956-07-28,"H-03337, F-7, Islamabad",8420
UTL003338,Bilal Bhatti,91764-5060021-5,بلال Bhatti,1996-06-24,"H-03338, Peoples Colony, Faisalabad",8509
UTL003339,Hassan Syed,,Hamza Sayyid,1963-03-10,"H-03339, Cantt, Lahore",4952
UTL003340,Hamzah خان,38957-4954599-5,Ahmad Khan,2003-05-28,"H-03340, Jaranwala Road, Faisalabad",15382
UTL003341,Hussain بٹ,63342-7733998-3,فیصل Butt,1957-01-24,"H-03341, Jaranwala Road, Faisalabad",54248
UTL003342,Husain راجہ,64672-9318398-2,Osman Raja,1961-05-01,"H-03342, Jaranwala Road, Faisalabad",4073
UTL003343,Ayesha Awan,85962-9421521-7,حسن اعوان,1959-08-27,"H-03343, North Nazimabad, Karachi",19809
UTL003344,Bilal Sayyid,23054-4739277-0,Hasan Sayed,1995-09-10,"H-03344, Jaranwala Road, Faisalabad",9282
UTL003345,Mohammad عمران Malick,23257-7392491-4,عثمان ملک,1971-07-13,"H-03345, F-7, Islamabad",20265
UTL003346,Ahmad Shaikh,,حمزہ شیخ,1980-10-17,"H-03346, F-8, Islamabad",12836
UTL003347,Mohammed Faisal Quraishi,74000-5699263-5,Muhammad Quraishi,1990-01-21,"H-03347, Chaklala, Rawalpindi",10943
UTL003348,Ayisha Awan,,Mohammed احمد اعوان,1982-01-09,"H-03348, Gulberg, Lahore",12547
UTL003349,Hussain Bhatti,64708-6586283-0,Muhammad Husain Bhatti,1971-02-12,"H-03349, Saddar, Rawalpindi",4538
UTL003350,Imran شیخ,,Hussein Sheikh,1960-11-22,"H-03350, Peoples Colony, Faisalabad",9240
UTL003351,Hasan Awan,43330-9488960-7,بلال اعوان,1963-01-20,"H-03351, Madina Town, Faisalabad",9316
UTL003352,Muhammed Hamza چوہدری,52632-3764568-4,Muhammad علی Chaudhary,1985-11-14,"H-03352, Peoples Colony, Faisalabad",18803
UTL003353,Ahmed بٹ,45423-1057075-2,Bilal بٹ,1999-02-07,"H-03353, Chaklala, Rawalpindi",6146
UTL003354,عثمان Qureshi,83005-4312779-2,Bilal Qureshi,2001-03-27,"H-03354, Saddar, Rawalpindi",14924
UTL003355,Othman Qureshi,85450-6898403-4,علی Qureshi,1995-06-25,"H-03355, DHA, Karachi",10872
UTL003356,Othman Sayyid,93704-2036142-8,Muhammed حسین Sayed,1996-09-06,"H-03356, Jaranwala Road, Faisalabad",9361
UTL003357,Fatima اعوان,61287-4156588-3,Mohammad Husain Awan,1957-12-22,"H-03357, Clifton, Karachi",89568
UTL003358,ثناء Malick,63308-8882980-2,Hamza Malick,1970-04-05,"H-03358, Gulberg, Lahore",13765
UTL003359,Hira سید,66939-6632834-8,Imran Sayyid,,"H-03359, Chaklala, Rawalpindi",256105
UTL003360,Hira اعوان,99914-3534174-9,,1972-10-20,"H-03360, Bahria Town, Islamabad",29710
UTL003361,Mariam Qureshi,62859-7859692-8,Mohammed Husain Qureshi,2000-10-01,"H-03361, Bahria Town, Rawalpindi",16049
UTL003362,حرا Sayyid,,احمد Sayyid,1980-02-23,"H-03362, Bahria Town, Rawalpindi",4920
UTL003363,Ahmed Awan,,محمد Awan,1968-09-22,"H-03363, Saddar, Rawalpindi",15503
UTL003364,Mohammad Hasan ملک,77120-1263807-1,بلال Malik,1980-05-18,"H-03364, F-7, Islamabad",19762
UTL003365,Fatema Raja,88248-4755910-8,Imran Raja,1999-12-20,"H-03365, DHA, Karachi",4834
UTL003366,Hassan Malik,46179-5042799-9,حمزہ ملک,1989-02-12,"H-03366, Gulshan-e-Iqbal, Karachi",15679
UTL003367,عثمان Moghul,98309-7334741-6,Muhammed Moghul,1987-07-28,"H-03367, DHA, Karachi",8777
UTL003368,محمد Bhatti,,Ali Bhatti,1974-08-18,"H-03368, Saddar, Rawalpindi",34116
UTL003369,Mohammad علی Qureshi,,Hasan Qureshi,,"H-03369, North Nazimabad, Karachi",31099
UTL003370,Mohammad Malick,90419-9328535-0,بلال Malik,1963-12-20,"H-03370, E-11, Islamabad",23945
UTL003371,Hira Quraishi,79595-7638078-6,,1958-09-07,"H-03371, Johar Town, Lahore",8853
UTL003372,Sana Sheikh,15501-8424332-3,Hamzah Sheikh,1967-01-17,"H-03372, Gulshan-e-Iqbal, Karachi",5074
UTL003373,Ayesha بٹ,12344-4271740-9,Muhammad بٹ,1993-03-01,"H-03373, Cantt, Lahore",41529
UTL003374,Fatema Syed,10953-3974119-4,,1973-09-27,"H-03374, Malir, Karachi",18856
UTL003375,احمد Choudhary,39938-9941407-1,,,"H-03375, Johar Town, Lahore",21681
UTL003376,فیصل اعوان,43544-1623653-1,Husain اعوان,1992-11-28,"H-03376, Model Town, Lahore",7983
UTL003377,Hamzah قریشی,94001-2431391-8,,1980-05-12,"H-03377, F-8, Islamabad",9923
UTL003378,ثناء Khan,92467-3914196-4,Mohammad Bilal Khan,1968-07-14,"H-03378, Malir, Karachi",13446
UTL003379,حمزہ Qureshi,94977-1286354-4,Mohammad عثمان Quraishi,1989-04-18,"H-03379, G-10, Islamabad",42613
UTL003380,Hira Awan,86160-1909520-3,,1983-03-04,"H-03380, North Nazimabad, Karachi",40618
UTL003381,Hassan قریشی,,Mohammad Hassan Quraishi,1968-04-04,"H-03381, Jaranwala Road, Faisalabad",25686
UTL003382,Sana Syed,25142-1818072-1,,1980-01-03,"H-03382, F-7, Islamabad",87348
UTL003383,Mohammad عثمان Shaykh,,,1998-10-07,"H-03383, Malir, Karachi",3444
UTL003384,Ali Syed,40291-2962454-6,Ahmed Sayyid,1973-01-18,"H-03384, Bahria Town, Rawalpindi",28222
UTL003385,Ahmed اعوان,25869-5951010-5,Hamzah Awan,2002-05-02,"H-03385, Malir, Karachi",50727
UTL003386,Muhammad راجہ,11522-1095288-5,بلال Raja,1983-04-21,"H-03386, North Nazimabad, Karachi",14691
UTL003387,Othman Moghul,,Osman مغل,,"H-03387, F-7, Islamabad",48005
UTL003388,Mohammed Ali راجہ,22820-1911379-6,Bilal Raja,,"H-03388, Satellite Town, Rawalpindi",13080
UTL003389,Hasan Qureshi,68169-5824263-1,Husain Quraishi,1992-01-12,"H-03389, Satellite Town, Rawalpindi",33193
UTL003390,Mohammad علی Shaykh,98826-6836386-2,بلال Sheikh,1962-06-17,"H-03390, Satellite Town, Rawalpindi",34088
UTL003391,Bilal Raja,,Mohammed Ahmed Raja,1960-02-09,"H-03391, DHA, Lahore",21103
UTL003392,Hussain راجہ,50023-7987186-7,Hasan Raja,1959-11-07,"H-03392, G-10, Islamabad",56590
UTL003393,حرا بٹ,10071-7876228-6,Mohammed فیصل Butt,1975-05-11,"H-03393, North Nazimabad, Karachi",11831
UTL003394,Hamza خان,10975-3050947-1,,,"H-03394, Model Town, Lahore",21309
UTL003395,احمد Malik,37946-9929804-3,Muhammed Ahmed Malik,1997-09-21,"H-03395, Johar Town, Lahore",18590
UTL003396,محمد Choudhary,86956-7386761-5,Mohammad بلال Chaudhry,1971-01-01,"H-03396, E-11, Islamabad",14370
UTL003397,حسین شیخ,,احمد Sheikh,1962-07-28,"H-03397, Saddar, Rawalpindi",6745
UTL003398,حسین Malick,72000-6320116-4,بلال Malik,1982-03-09,"H-03398, Gulshan-e-Iqbal, Karachi",17389
UTL003399,Hasan خان,26553-2229551-1,بلال خان,1987-05-13,"H-03399, Chaklala, Rawalpindi",18744
UTL003400,Ahmad قریشی,41203-5682146-6,Bilal Quraishi,1975-03-03,"H-03400, Madina Town, Faisalabad",27113
UTL003401,Zainab Quraishi,22917-8267136-6,فیصل Qureshi,1975-01-14,"H-03401, Gulberg, Lahore",26331
UTL003402,احمد ملک,95724-2748618-3,حسین Malik,1996-07-24,"H-03402, Johar Town, Lahore",15796
UTL003403,Muhammed اعوان,99645-1763581-7,Imran Awan,1982-10-27,"H-03403, Jaranwala Road, Faisalabad",6542
UTL003404,Muhammad حمزہ Sayed,83063-9839713-3,Muhammed Sayed,1972-02-23,"H-03404, DHA, Karachi",8960
UTL003405,Mohammed Hussein اعوان,21515-4994955-4,Hasan Awan,1978-11-27,"H-03405, E-11, Islamabad",7279
UTL003406,Fatima سید,14512-2573354-6,عمران Syed,,"H-03406, Peoples Colony, Faisalabad",42558
UTL003407,Hamzah قریشی,10537-4594798-7,Mohammed قریشی,1960-12-04,"H-03407, Gulshan-e-Iqbal, Karachi",22965
UTL003408,Zaynab خان,32171-1356450-5,Othman خان,1957-10-12,"H-03408, Peoples Colony, Faisalabad",19019
UTL003409,Imran بٹ,61192-7681030-8,Muhammed Butt,1980-04-24,"H-03409, Bahria Town, Rawalpindi",24453
UTL003410,Hussain Malik,21846-6810441-4,Muhammed ملک,1999-12-24,"H-03410, Saddar, Rawalpindi",55923
UTL003411,فاطمہ Awan,90139-1435029-8,عمران Awan,2002-12-21,"H-03411, Jaranwala Road, Faisalabad",11382
UTL003412,Ahmad Malik,70338-6574014-9,Mohammed Ali ملک,1990-03-25,"H-03412, DHA, Lahore",6340
UTL003413,احمد Shaykh,73706-9361847-2,عثمان Shaikh,1955-12-23,"H-03413, E-11, Islamabad",52152
UTL003414,Mohammed Bilal Malik,70357-2948290-4,Muhammed Ahmed Malik,1967-05-26,"H-03414, Bahria Town, Rawalpindi",15312
UTL003415,Fatema Sheikh,95269-9252675-3,Hamza Shaykh,1971-03-26,"H-03415, Model Town, Lahore",14131
UTL003416,Mohammad Moghul,14546-8370013-9,Mohammad Hasan Moghul,1985-05-04,"H-03416, F-8, Islamabad",6493
UTL003417,Faysal Moghul,54876-1845811-5,Faisal مغل,,"H-03417, F-8, Islamabad",24151
UTL003418,Mohammed Faysal Qureshi,74447-9294156-9,Faisal Quraishi,1969-07-10,"H-03418, Bahria Town, Islamabad",12495
UTL003419,Hamza Chaudhry,,,,"H-03419, Chaklala, Rawalpindi",12275
UTL003420,Ali مغل,41372-6379103-1,Ahmed Moghul,1997-11-03,"H-03420, DHA, Lahore",11475
UTL003421,Muhammad Awan,58884-1744091-2,Hussain Awan,1980-10-09,"H-03421, F-8, Islamabad",7860
UTL003422,Ahmad Shaykh,26528-4042713-3,,1957-09-16,"H-03422, Gulberg, Lahore",15151
UTL003423,Mohammed حمزہ خان,37158-2758701-3,حمزہ Khan,1955-09-12,"H-03423, Peoples Colony, Faisalabad",8974
UTL003424,ثناء Ch.,26239-4778080-1,بلال Ch.,2002-09-06,"H-03424, Bahria Town, Rawalpindi",5215
UTL003425,Faysal مغل,18861-7247439-1,Faysal مغل,1969-02-15,"H-03425, Johar Town, Lahore",25734
UTL003426,Imran خان,93617-5469203-7,,1989-02-04,"H-03426, Johar Town, Lahore",45091
UTL003427,حسین Mughal,32157-6137166-5,Osman Mughal,1974-01-15,"H-03427, E-11, Islamabad",54826
UTL003428,Muhammed قریشی,52193-9517884-8,Ali Qureshi,1968-05-18,"H-03428, Model Town, Lahore",15832
UTL003429,Muhammed Imran Khan,84009-4898050-8,Usman خان,1958-03-24,"H-03429, Madina Town, Faisalabad",8629
UTL003430,Sana Raja,77560-9159224-5,Hasan راجہ,1984-02-12,"H-03430, Model Town, Lahore",6377
UTL003431,Hasan Choudhary,12115-7397582-6,بلال Choudhary,1998-08-02,"H-03431, Malir, Karachi",27870
UTL003432,Fatema چوہدری,85113-2159104-6,احمد Chaudhry,1961-10-11,"H-03432, DHA, Karachi",17999
UTL003433,Hamza چوہدری,,Hamza Chaudhry,1986-10-03,"H-03433, Clifton, Karachi",10440
UTL003434,حمزہ Mughal,64285-2636158-8,فیصل مغل,1963-01-01,"H-03434, DHA, Lahore",10285
UTL003435,Mohammad اعوان,,,1999-05-05,"H-03435, DHA, Lahore",10456
UTL003436,Fatima شیخ,17945-8123598-5,علی Sheikh,,"H-03436, G-10, Islamabad",8667
UTL003437,بلال اعوان,25682-3170730-0,Mohammed Hamzah Awan,1965-12-24,"H-03437, Jaranwala Road, Faisalabad",12729
UTL003438,Hasan Qureshi,80400-2656180-9,Muhammad فیصل قریشی,2003-07-18,"H-03438, F-7, Islamabad",32884
UTL003439,Mohammed Husain Quraishi,,حسین Qureshi,1973-03-02,"H-03439, Chaklala, Rawalpindi",82885
UTL003440,Mohammed Ahmad قریشی,73484-5707823-0,Muhammed فیصل Quraishi,,"H-03440, E-11, Islamabad",13392
UTL003441,Zainab مغل,42815-1594501-0,احمد مغل,1969-05-28,"H-03441, Jaranwala Road, Faisalabad",6115
UTL003442,Muhammad Qureshi,60803-9032177-0,Faisal Qureshi,1959-05-26,"H-03442, Madina Town, Faisalabad",18832
UTL003443,Hussein Raja,16425-1227355-0,Mohammad Husain راجہ,1957-01-10,"H-03443, F-7, Islamabad",8250
UTL003444,عثمان Butt,60468-9865466-3,Muhammad Hussain Bhatti,2001-09-26,"H-03444, Peoples Colony, Faisalabad",21309
UTL003445,Aysha Butt,,,1982-03-11,"H-03445, Jaranwala Road, Faisalabad",7008
UTL003446,عمران خان,20370-2496140-8,Ahmad Khan,1965-11-04,"H-03446, Chaklala, Rawalpindi",21444
UTL003447,Osman خان,,Usman خان,1993-01-10,"H-03447, Jaranwala Road, Faisalabad",11840
UTL003448,Hamza Malik,19326-8261810-4,حمزہ Malik,1985-12-22,"H-03448, Chaklala, Rawalpindi",5058
UTL003449,محمد Chaudhary,25943-8693470-6,Hamzah Chaudhary,1958-03-12,"H-03449, Gulberg, Lahore",22256
UTL003450,Sana بٹ,59771-8036705-4,Othman Bhatti,2003-11-17,"H-03450, G-10, Islamabad",20986
UTL003451,Mohammed حسین بٹ,39875-4107481-8,Ahmed Butt,1960-04-28,"H-03451, North Nazimabad, Karachi",13774
UTL003452,Hamza Moghul,,Muhammad Ahmed Mughal,2000-05-27,"H-03452, Cantt, Lahore",25391
UTL003453,Muhammad خان,50571-7450655-5,Muhammed Imran Khan,1971-07-08,"H-03453, Jaranwala Road, Faisalabad",36817
UTL003454,Hussain راجہ,83419-1306759-7,Hassan Raja,1985-07-22,"H-03454, Peoples Colony, Faisalabad",14676
UTL003455,مریم Bhatti,36971-8596125-8,,1975-04-09,"H-03455, Peoples Colony, Faisalabad",8222
UTL003456,عمران اعوان,,,1982-08-14,"H-03456, Malir, Karachi",32006
UTL003457,Faisal Malick,88825-4183083-5,Ali Malik,1979-05-05,"H-03457, Madina Town, Faisalabad",21688
UTL003458,Muhammed Ahmad Awan,12031-9907817-5,بلال اعوان,2003-08-11,"H-03458, Satellite Town, Rawalpindi",31273
UTL003459,Osman سید,95474-7973780-7,Muhammed سید,,"H-03459, Cantt, Lahore",12958
UTL003460,Ayisha بٹ,69019-8852917-0,Ali بٹ,1978-12-01,"H-03460, Gulshan-e-Iqbal, Karachi",24608
UTL003461,Usman Butt,46985-1600307-9,Faisal Bhatti,1989-06-15,"H-03461, Bahria Town, Islamabad",54248
UTL003462,حرا چوہدری,45011-5414526-5,Othman Choudhary,2001-06-23,"H-03462, Chaklala, Rawalpindi",8411
UTL003463,Maryam Syed,,Muhammed Syed,2000-06-01,"H-03463, Gulberg, Lahore",14942
UTL003464,محمد اعوان,71623-3193470-8,علی Awan,1985-07-19,"H-03464, Johar Town, Lahore",7442
UTL003465,عائشہ راجہ,30655-8153452-6,محمد راجہ,1970-07-14,"H-03465, Peoples Colony, Faisalabad",9941
UTL003466,Muhammed Hamzah سید,80904-3893723-9,Hussein Sayyid,1967-12-12,"H-03466, G-10, Islamabad",11911
UTL003467,Ayisha Syed,72678-9316976-7,Mohammad Imran Sayyid,1971-03-09,"H-03467, F-8, Islamabad",5989
UTL003468,Mohammad فیصل Malik,61064-4238752-6,Faisal ملک,1976-01-28,"H-03468, Madina Town, Faisalabad",15078
UTL003469,Othman مغل,14778-2662764-6,فیصل Moghul,1959-06-14,"H-03469, Model Town, Lahore",12962
UTL003470,حمزہ Mughal,37283-1897091-7,Muhammad Mughal,1956-09-03,"H-03470, Madina Town, Faisalabad",5341
UTL003471,Muhammed Faysal Khan,72957-6027321-3,Ali Khan,1982-10-28,"H-03471, Gulberg, Lahore",4360
UTL003472,Faysal بٹ,,,1995-06-20,"H-03472, North Nazimabad, Karachi",4372
UTL003473,Muhammed علی Mughal,44451-1661465-3,,1961-09-05,"H-03473, E-11, Islamabad",12656
UTL003474,حسین Sayyid,,Ali Sayed,1956-04-27,"H-03474, Bahria Town, Islamabad",15560
UTL003475,Osman مغل,99125-8259724-9,Husain Moghul,1964-04-19,"H-03475, Satellite Town, Rawalpindi",13100
UTL003476,Imran Ch.,98596-5814928-2,,1987-05-13,"H-03476, Chaklala, Rawalpindi",6613
UTL003477,حسین Raja,,Mohammed حمزہ راجہ,1985-03-22,"H-03477, F-7, Islamabad",16430
UTL003478,Mohammad احمد Sayyid,16105-6536591-5,Hasan Sayyid,1965-07-15,"H-03478, Model Town, Lahore",16119
UTL003479,Hussain Butt,71060-3408922-6,,2000-08-25,"H-03479, Madina Town, Faisalabad",79842
UTL003480,عمران راجہ,87924-2329731-2,Imran راجہ,1982-08-06,"H-03480, Peoples Colony, Faisalabad",30623
UTL003481,ثناء Syed,,Muhammad Hamza Sayed,1979-12-28,"H-03481, Madina Town, Faisalabad",71324
UTL003482,Sana سید,46922-2683290-5,حمزہ Sayyid,1969-02-22,"H-03482, F-8, Islamabad",6557
UTL003483,Muhammad بٹ,70318-2716049-9,,,"H-03483, DHA, Karachi",14267
UTL003484,Hamzah Khan,57764-8345111-8,Mohammad احمد خان,1973-10-13,"H-03484, Johar Town, Lahore",22205
UTL003485,احمد مغل,,Muhammad Moghul,1962-12-11,"H-03485, Model Town, Lahore",6638
UTL003486,Fatema Malick,17541-1777145-1,حمزہ Malik,1972-10-07,"H-03486, Johar Town, Lahore",8962
UTL003487,Mohammad Bilal Khan,,Hamza Khan,1968-08-07,"H-03487, Bahria Town, Rawalpindi",29961
UTL003488,Ahmad Khan,84144-3882405-6,Muhammed علی Khan,1959-09-20,"H-03488, Gulshan-e-Iqbal, Karachi",32204
UTL003489,Hussain Khan,20137-4501674-8,,1976-05-28,"H-03489, Malir, Karachi",3794
UTL003490,Marium Khan,21142-5544032-3,Othman خان,1989-12-02,"H-03490, Model Town, Lahore",64069
UTL003491,Ahmad Raja,49692-6685835-0,احمد Raja,1975-12-08,"H-03491, DHA, Karachi",14715
UTL003492,Mohammed Faisal Syed,73166-7815484-9,حسن Syed,1999-05-26,"H-03492, Clifton, Karachi",45519
UTL003493,ثناء Syed,82904-5306182-8,عثمان Sayyid,1979-03-11,"H-03493, Saddar, Rawalpindi",6797
UTL003494,Mohammed علی شیخ,44201-1954560-6,Mohammad Faysal Shaykh,1971-11-24,"H-03494, E-11, Islamabad",11058
UTL003495,Aysha اعوان,23879-9694335-2,حمزہ Awan,1986-02-26,"H-03495, G-10, Islamabad",44816
UTL003496,Bilal Khan,12760-2269005-9,Hamzah خان,1997-06-12,"H-03496, Bahria Town, Islamabad",30352
UTL003497,Bilal اعوان,,Hussein Awan,2001-05-03,"H-03497, Peoples Colony, Faisalabad",25829
UTL003498,Ali Mughal,63006-9282662-0,,1989-01-23,"H-03498, F-8, Islamabad",22726
UTL003499,Ahmad Choudhary,,Hussain Choudhary,1994-08-02,"H-03499, Satellite Town, Rawalpindi",74043
UTL003500,حرا مغل,48649-3514361-0,Hamza مغل,1979-11-18,"H-03500, Madina Town, Faisalabad",7233
UTL003501,بلال Raja,38831-8146016-5,Faisal Raja,1985-03-22,"H-03501, Gulshan-e-Iqbal, Karachi",18612
UTL003502,Mariam Syed,51010-5220734-1,,1960-06-02,"H-03502, DHA, Karachi",7534
UTL003503,Ahmad اعوان,80370-1100103-0,Hamzah اعوان,1985-09-09,"H-03503, F-7, Islamabad",25388
UTL003504,Othman اعوان,79399-8178873-7,حمزہ اعوان,1957-07-14,"H-03504, Saddar, Rawalpindi",5566
UTL003505,Ali Raja,86833-2968307-4,Mohammad Hassan راجہ,1955-11-19,"H-03505, Model Town, Lahore",16354
UTL003506,Hamza Sheikh,73606-9971384-3,Hassan Sheikh,1982-08-09,"H-03506, Bahria Town, Islamabad",49923
UTL003507,Ali خان,86545-5489668-4,Hamzah Khan,1995-07-19,"H-03507, Bahria Town, Islamabad",15882
UTL003508,احمد Shaykh,63084-3165141-0,عمران Shaikh,1968-07-04,"H-03508, Model Town, Lahore",40781
UTL003509,Muhammed علی قریشی,,Mohammad Quraishi,2002-11-13,"H-03509, Saddar, Rawalpindi",15689
UTL003510,Aysha Ch.,91140-6901257-9,Mohammed احمد Choudhary,1975-02-13,"H-03510, G-10, Islamabad",17866
UTL003511,بلال Sayyid,63198-6825384-8,Bilal Sayyid,2002-04-13,"H-03511, Cantt, Lahore",48559
UTL003512,Hassan Syed,34642-3420841-0,Faisal Sayed,1964-03-11,"H-03512, Peoples Colony, Faisalabad",30933
UTL003513,Muhammad بلال مغل,90285-8368441-8,حمزہ مغل,1968-11-28,"H-03513, F-7, Islamabad",14575
UTL003514,عمران Chaudhry,17330-1853853-0,Bilal Chaudhry,1979-06-18,"H-03514, F-7, Islamabad",68402
UTL003515,Faisal Chaudhry,46261-8224190-0,حسن چوہدری,1999-06-27,"H-03515, DHA, Karachi",47202
UTL003516,Ayisha راجہ,92407-9329871-0,Mohammad Bilal راجہ,1972-10-28,"H-03516, Jaranwala Road, Faisalabad",34824
UTL003517,Faysal خان,71273-1854612-5,,1970-01-09,"H-03517, G-10, Islamabad",32114
UTL003518,Mohammed Ali Awan,58277-2905593-3,Muhammad Awan,1998-01-11,"H-03518, Chaklala, Rawalpindi",269743
UTL003519,Faisal راجہ,53044-6012734-7,Muhammad Hasan راجہ,1989-09-25,"H-03519, E-11, Islamabad",28630
UTL003520,Zaynab Khan,76915-3761697-8,Othman خان,,"H-03520, Bahria Town, Rawalpindi",7339
UTL003521,Mohammad Othman شیخ,19563-6362046-5,Muhammad شیخ,1962-04-11,"H-03521, Peoples Colony, Faisalabad",9468
UTL003522,Muhammad Hamza راجہ,98144-6796972-0,Usman Raja,1962-04-28,"H-03522, Peoples Colony, Faisalabad",5116
UTL003523,عمران Bhatti,,Husain Butt,1961-03-01,"H-03523, North Nazimabad, Karachi",58372
UTL003524,Hamzah Bhatti,58979-2136580-5,,1992-10-27,"H-03524, Gulshan-e-Iqbal, Karachi",37860
UTL003525,Hamza سید,,Hasan Syed,1987-08-27,"H-03525, Madina Town, Faisalabad",30846
UTL003526,Faisal شیخ,36693-1812638-6,Mohammed شیخ,1978-07-07,"H-03526, F-8, Islamabad",11283
UTL003527,علی Bhatti,72545-4442402-9,Muhammad حسین بٹ,1994-02-05,"H-03527, Clifton, Karachi",10391
UTL003528,Faisal Ch.,85838-5817822-3,Bilal Chaudhary,1974-04-14,"H-03528, Satellite Town, Rawalpindi",11752
UTL003529,Muhammad Hussein Qureshi,,احمد قریشی,1978-01-25,"H-03529, Peoples Colony, Faisalabad",12076
UTL003530,احمد Bhatti,95601-2808396-8,Hamzah Bhatti,1994-09-19,"H-03530, Bahria Town, Rawalpindi",6623
UTL003531,Hasan خان,11026-5717603-2,Hasan خان,1970-04-23,"H-03531, Gulberg, Lahore",14799
UTL003532,Muhammad احمد Moghul,,,,"H-03532, Saddar, Rawalpindi",13063
UTL003533,Muhammed Butt,,Imran بٹ,1974-08-02,"H-03533, Cantt, Lahore",40001
UTL003534,Aisha Shaikh,72473-9493289-9,Bilal Sheikh,1982-04-14,"H-03534, Chaklala, Rawalpindi",42750
UTL003535,Fatema Raja,28925-3470175-3,Muhammed Hasan راجہ,1957-10-15,"H-03535, North Nazimabad, Karachi",60571
UTL003536,Husain اعوان,92693-8830137-5,Ahmed اعوان,1988-12-13,"H-03536, Saddar, Rawalpindi",31896
UTL003537,فاطمہ سید,76255-2141205-6,عمران Syed,1991-07-01,"H-03537, Bahria Town, Rawalpindi",25328
UTL003538,ثناء راجہ,73746-1787685-4,Ali Raja,1978-03-18,"H-03538, Clifton, Karachi",13614
UTL003539,زینب راجہ,81556-2259609-7,Faisal Raja,1963-03-21,"H-03539, Malir, Karachi",7784
UTL003540,Sana Awan,,Mohammed Awan,1988-04-09,"H-03540, Clifton, Karachi",87920
UTL003541,Faisal Raja,43739-9903794-7,,1991-01-27,"H-03541, G-10, Islamabad",7181
UTL003542,Hasan Butt,80672-7327471-7,Ali بٹ,1979-01-06,"H-03542, Chaklala, Rawalpindi",7746
UTL003543,بلال Sayed,,Faysal سید,,"H-03543, Chaklala, Rawalpindi",18220
UTL003544,Hira Raja,68344-9741898-2,,2000-04-15,"H-03544, Clifton, Karachi",14207
UTL003545,Aisha بٹ,51947-9163981-8,Mohammed احمد Bhatti,1970-11-24,"H-03545, Gulshan-e-Iqbal, Karachi",18275
UTL003546,علی Malick,60816-3307293-4,حمزہ ملک,1993-10-09,"H-03546, Chaklala, Rawalpindi",121403
UTL003547,Ahmad اعوان,68927-4792184-0,Osman اعوان,1996-10-16,"H-03547, Madina Town, Faisalabad",51868
UTL003548,محمد Awan,62556-5245753-0,Ahmed اعوان,1976-08-15,"H-03548, Peoples Colony, Faisalabad",5286
UTL003549,Ahmed Moghul,73672-9573123-0,بلال Mughal,1976-11-05,"H-03549, Jaranwala Road, Faisalabad",7902
UTL003550,Muhammed Ali Bhatti,65300-7442773-7,علی Butt,1994-03-19,"H-03550, Bahria Town, Islamabad",30307
UTL003551,Fatimah Shaikh,90726-5551796-0,Bilal Sheikh,1997-01-04,"H-03551, Satellite Town, Rawalpindi",9953
UTL003552,Hasan Raja,40590-7830920-8,عمران راجہ,1968-04-20,"H-03552, Johar Town, Lahore",21241
UTL003553,فاطمہ Shaikh,65470-9405268-6,Mohammad علی Shaykh,1991-07-14,"H-03553, G-10, Islamabad",11542
UTL003554,Muhammad Bilal Quraishi,,حسین قریشی,1967-08-21,"H-03554, Chaklala, Rawalpindi",7614
UTL003555,بلال Sheikh,92168-7134295-0,بلال Shaykh,1957-01-24,"H-03555, Bahria Town, Rawalpindi",25800
UTL003556,Zaynab Sayyid,,Faysal Sayed,1957-10-28,"H-03556, North Nazimabad, Karachi",33370
UTL003557,Bilal Sayyid,,Husain سید,2001-04-02,"H-03557, Bahria Town, Islamabad",18026
UTL003558,Mohammed Bilal Shaikh,95303-3621790-0,Mohammad Osman Sheikh,,"H-03558, Chaklala, Rawalpindi",11010
UTL003559,حرا Ch.,85990-3648214-1,بلال Choudhary,1980-06-27,"H-03559, Malir, Karachi",34169
UTL003560,Mohammad اعوان,,Ahmed Awan,,"H-03560, North Nazimabad, Karachi",20696
UTL003561,Muhammad Shaykh,12942-7830771-4,Ali Sheikh,1964-08-14,"H-03561, F-7, Islamabad",49202
UTL003562,Faisal Butt,28369-8231916-5,,,"H-03562, Chaklala, Rawalpindi",10159
UTL003563,Ahmad Malik,,Faisal Malick,1977-04-23,"H-03563, Saddar, Rawalpindi",41794
UTL003564,زینب Qureshi,83523-9280290-5,Faysal Qureshi,2002-03-02,"H-03564, Jaranwala Road, Faisalabad",32675
UTL003565,Osman Shaykh,31586-4832149-0,Ahmad Sheikh,1980-05-24,"H-03565, Jaranwala Road, Faisalabad",41286
UTL003566,علی Moghul,46601-5947807-4,Hasan Moghul,,"H-03566, Satellite Town, Rawalpindi",45315
UTL003567,Othman اعوان,75390-5737371-0,حسین اعوان,1985-08-05,"H-03567, Peoples Colony, Faisalabad",53058
UTL003568,Hira Butt,29705-9555281-3,Mohammed Husain Bhatti,1961-10-26,"H-03568, Peoples Colony, Faisalabad",6044
UTL003569,محمد Khan,67972-5891820-4,Ali خان,1994-09-06,"H-03569, Jaranwala Road, Faisalabad",56728
UTL003570,Ahmad Sayyid,25873-3158836-8,Mohammed Ali Sayed,1982-06-17,"H-03570, F-8, Islamabad",5178
UTL003571,Muhammad Ali بٹ,19363-1029610-5,Usman بٹ,1985-10-19,"H-03571, Jaranwala Road, Faisalabad",21726
UTL003572,Imran بٹ,98938-6884501-6,Usman Butt,1962-11-05,"H-03572, Model Town, Lahore",7331
UTL003573,Husain بٹ,,Bilal Bhatti,1996-04-03,"H-03573, Malir, Karachi",41314
UTL003574,Faysal بٹ,,,1956-12-16,"H-03574, Model Town, Lahore",83613
UTL003575,علی Raja,93515-2690376-1,Ali Raja,1980-05-21,"H-03575, DHA, Lahore",15534
UTL003576,Osman بٹ,82564-9476188-9,حسن Bhatti,1984-11-15,"H-03576, E-11, Islamabad",6491
UTL003577,Muhammad Hamza Khan,94582-1334875-6,Ali خان,1979-11-07,"H-03577, Peoples Colony, Faisalabad",6682
UTL003578,Hasan Sheikh,69376-3565615-0,حمزہ Sheikh,,"H-03578, Chaklala, Rawalpindi",5048
UTL003579,Sana Moghul,89602-9675717-7,Hamzah Mughal,,"H-03579, Johar Town, Lahore",27794
UTL003580,Faisal Mughal,,Muhammad احمد Mughal,,"H-03580, Peoples Colony, Faisalabad",5824
UTL003581,عمران Quraishi,79115-3777945-6,,2002-10-01,"H-03581, Bahria Town, Rawalpindi",30477
UTL003582,Ahmed Qureshi,85666-6262297-2,Hamza Qureshi,1973-08-28,"H-03582, Jaranwala Road, Faisalabad",44624
UTL003583,Aysha Quraishi,35305-4435616-1,Muhammad Hamzah Quraishi,1991-04-03,"H-03583, F-8, Islamabad",5540
UTL003584,حمزہ Quraishi,,حمزہ Qureshi,1979-06-21,"H-03584, Saddar, Rawalpindi",5043
UTL003585,Mohammed Khan,79251-8116066-4,Muhammed فیصل خان,1991-06-27,"H-03585, Johar Town, Lahore",14453
UTL003586,Aysha خان,93427-3101119-5,Hasan Khan,1987-11-02,"H-03586, F-7, Islamabad",149820
UTL003587,Mohammed احمد مغل,38280-9320520-6,Faysal Moghul,1968-03-24,"H-03587, Gulshan-e-Iqbal, Karachi",8757
UTL003588,Hamzah بٹ,33460-7630728-8,Muhammad Faysal Bhatti,1985-06-07,"H-03588, Bahria Town, Rawalpindi",8446
UTL003589,Ali بٹ,,Hamza بٹ,1975-08-20,"H-03589, Cantt, Lahore",10731
UTL003590,حسین Moghul,87819-7301161-4,Usman Mughal,1998-10-25,"H-03590, F-7, Islamabad",21963
UTL003591,Hasan Raja,85326-3387380-7,حمزہ راجہ,1997-02-28,"H-03591, F-7, Islamabad",4441
UTL003592,Bilal راجہ,94811-8460803-0,Usman راجہ,1998-02-18,"H-03592, F-7, Islamabad",15082
UTL003593,محمد Chaudhary,,Muhammed Chaudhry,1985-06-19,"H-03593, North Nazimabad, Karachi",23246
UTL003594,Muhammad Bilal Syed,63501-7751549-7,Bilal سید,1955-02-24,"H-03594, North Nazimabad, Karachi",10860
UTL003595,Muhammad Hussain Khan,34296-7580214-5,,1984-07-23,"H-03595, DHA, Karachi",11261
UTL003596,Zaynab Awan,87063-8996142-7,Husain اعوان,1960-01-11,"H-03596, Gulberg, Lahore",10990
UTL003597,Ali Choudhary,90210-5982233-6,علی Ch.,1962-05-23,"H-03597, DHA, Lahore",18956
UTL003598,Aysha سید,70667-4686423-0,,1968-05-06,"H-03598, F-8, Islamabad",7776
UTL003599,حمزہ راجہ,,Muhammad Faysal راجہ,1996-07-04,"H-03599, Malir, Karachi",44059
UTL003600,Muhammed Syed,62075-1915734-3,Bilal Sayed,1984-01-11,"H-03600, Saddar, Rawalpindi",13023
UTL003601,Mohammad Ahmed Malik,68073-8226646-3,احمد Malick,1993-10-10,"H-03601, Satellite Town, Rawalpindi",5860
UTL003602,Hira خان,45539-8049636-1,علی خان,1964-10-28,"H-03602, Peoples Colony, Faisalabad",49788
UTL003603,Sana Raja,69286-9530217-8,Mohammad Ali راجہ,,"H-03603, E-11, Islamabad",23800
UTL003604,ثناء Syed,,Muhammed Hassan Sayyid,1955-01-19,"H-03604, Johar Town, Lahore",28549
UTL003605,Osman Butt,87386-6954783-0,Ahmad Butt,1967-04-13,"H-03605, Chaklala, Rawalpindi",26511
UTL003606,Ahmed Quraishi,78404-2109557-4,Mohammad قریشی,1989-03-18,"H-03606, Satellite Town, Rawalpindi",9674
UTL003607,Zaynab Moghul,68901-2337630-6,,1958-10-09,"H-03607, Clifton, Karachi",5373
UTL003608,Hassan ملک,63518-4956232-7,عمران Malik,1960-04-04,"H-03608, Bahria Town, Islamabad",12502
UTL003609,Usman ملک,19772-5048491-6,Faisal Malik,1956-01-09,"H-03609, Jaranwala Road, Faisalabad",176744
UTL003610,Muhammad Bilal Bhatti,44904-2006351-5,عمران Bhatti,1959-06-04,"H-03610, Bahria Town, Islamabad",6171
UTL003611,Muhammad Faisal Bhatti,83364-2562351-1,فیصل Bhatti,1998-03-14,"H-03611, Johar Town, Lahore",92274
UTL003612,محمد مغل,98887-1838530-6,Imran Mughal,1959-05-10,"H-03612, Peoples Colony, Faisalabad",85528
UTL003613,Hira Syed,72509-8828184-2,Muhammed Faysal سید,1972-03-01,"H-03613, DHA, Karachi",14041
UTL003614,Imran خان,55172-3576599-4,Mohammad خان,,"H-03614, Bahria Town, Islamabad",47397
UTL003615,Muhammed Hamzah Sheikh,14388-4866690-0,Mohammad Hasan شیخ,1960-06-03,"H-03615, F-7, Islamabad",4169
UTL003616,Aysha Awan,83188-8301508-2,علی Awan,1998-05-20,"H-03616, Bahria Town, Islamabad",9046
UTL003617,زینب ملک,87305-6808878-8,Hasan Malick,,"H-03617, Peoples Colony, Faisalabad",20636
UTL003618,Ahmad خان,40461-4560994-4,Faisal خان,1963-03-15,"H-03618, Johar Town, Lahore",23193
UTL003619,Ayesha راجہ,50100-3775364-6,Mohammed Imran راجہ,,"H-03619, Bahria Town, Islamabad",27511
UTL003620,Othman Butt,43563-4050694-1,Hassan Butt,1988-11-01,"H-03620, Model Town, Lahore",4870
UTL003621,Hamza Sayyid,,Hassan Sayyid,1994-09-25,"H-03621, Peoples Colony, Faisalabad",271362
UTL003622,Muhammed Ali Choudhary,11825-9459747-3,فیصل Choudhary,1986-04-04,"H-03622, Chaklala, Rawalpindi",109186
UTL003623,Ali Chaudhry,40766-5213016-2,Muhammed Ahmed Chaudhry,2002-04-19,"H-03623, Model Town, Lahore",9442
UTL003624,Zaynab Sayed,13850-9234787-3,Hasan سید,1978-01-01,"H-03624, Cantt, Lahore",12641
UTL003625,عثمان راجہ,,,1957-08-28,"H-03625, Gulshan-e-Iqbal, Karachi",15959
UTL003626,Imran Sayyid,55521-9750446-7,Mohammad علی Sayed,1991-04-28,"H-03626, Model Town, Lahore",14868
UTL003627,Aisha سید,76406-8768407-3,بلال Syed,,"H-03627, Model Town, Lahore",58862
UTL003628,Bilal Shaikh,63578-8720628-5,Muhammad شیخ,1959-02-12,"H-03628, DHA, Lahore",88339
UTL003629,Hira Khan,22511-5791535-7,Hamzah Khan,1976-07-28,"H-03629, Model Town, Lahore",21301
UTL003630,Fatima Awan,,Imran اعوان,1956-12-28,"H-03630, Clifton, Karachi",4932
UTL003631,علی شیخ,61163-6538074-7,Mohammed Othman Shaykh,1967-11-16,"H-03631, Cantt, Lahore",254809
UTL003632,Usman Malick,60259-3595219-2,Ali Malick,1955-09-22,"H-03632, Model Town, Lahore",10025
UTL003633,Zaynab Bhatti,,,,"H-03633, Cantt, Lahore",57171
UTL003634,Aysha سید,,فیصل Sayyid,1971-06-03,"H-03634, Jaranwala Road, Faisalabad",39620
UTL003635,Imran Shaikh,19254-7394364-2,فیصل Sheikh,1988-12-13,"H-03635, Madina Town, Faisalabad",4139
UTL003636,ثناء قریشی,17501-5118243-6,حسن قریشی,1995-01-12,"H-03636, Saddar, Rawalpindi",12515
UTL003637,Fatema قریشی,,Mohammad Ali قریشی,,"H-03637, North Nazimabad, Karachi",6611
UTL003638,عمران راجہ,,Ahmed راجہ,1955-08-04,"H-03638, Peoples Colony, Faisalabad",15930
UTL003639,بلال خان,77022-1792334-8,Muhammed Osman Khan,1990-11-17,"H-03639, Johar Town, Lahore",22374
UTL003640,حسن Awan,36005-3915644-6,Hamza اعوان,1986-07-07,"H-03640, DHA, Lahore",56837
UTL003641,Mohammad Ahmed مغل,17185-6107482-3,عمران مغل,,"H-03641, North Nazimabad, Karachi",31722
UTL003642,ثناء اعوان,77189-5385930-2,Ahmed اعوان,1990-02-18,"H-03642, E-11, Islamabad",33698
UTL003643,Zainab اعوان,21992-4831878-1,Ahmad اعوان,1965-07-12,"H-03643, Cantt, Lahore",16604
UTL003644,Zainab Sayed,17504-3200252-3,,,"H-03644, Clifton, Karachi",26691
UTL003645,عائشہ Butt,28422-9286770-5,Imran Butt,1989-09-03,"H-03645, Gulberg, Lahore",14722
UTL003646,Muhammad Syed,44303-2952004-6,Usman Sayed,1963-08-06,"H-03646, DHA, Lahore",24654
UTL003647,Mohammed مغل,22696-1713404-0,Muhammed Ahmed Moghul,1984-10-22,"H-03647, F-8, Islamabad",15243
UTL003648,Muhammad حسن سید,35554-1302071-1,Hassan Sayed,1997-08-02,"H-03648, Gulberg, Lahore",6640
UTL003649,فیصل Bhatti,46339-7512363-9,,1960-12-08,"H-03649, DHA, Karachi",39378
UTL003650,Maryam شیخ,,Mohammed شیخ,1999-12-19,"H-03650, Bahria Town, Rawalpindi",18350
UTL003651,Mohammed Osman Choudhary,57503-1456716-1,بلال Choudhary,2000-03-14,"H-03651, Gulberg, Lahore",88570
UTL003652,Hussain Moghul,25665-9142814-3,Mohammad مغل,1978-11-03,"H-03652, E-11, Islamabad",69807
UTL003653,Hassan Chaudhry,87552-7640522-7,حسن Chaudhry,1958-10-27,"H-03653, DHA, Lahore",32505
UTL003654,Muhammad اعوان,93587-4381218-5,,1995-11-14,"H-03654, F-7, Islamabad",34003
UTL003655,Hassan Syed,57435-9061707-4,حسن Syed,1969-10-04,"H-03655, Cantt, Lahore",15568
UTL003656,Muhammed خان,23365-7574123-2,Bilal خان,1986-06-02,"H-03656, Peoples Colony, Faisalabad",10190
UTL003657,Muhammed احمد Bhatti,10712-1298492-3,Mohammed Faisal Butt,1971-11-12,"H-03657, Chaklala, Rawalpindi",32311
UTL003658,بلال Bhatti,22803-9422238-1,فیصل بٹ,1956-03-07,"H-03658, DHA, Lahore",13942
UTL003659,Ahmed Mughal,89167-1116866-6,محمد Moghul,1993-02-28,"H-03659, Jaranwala Road, Faisalabad",8153
UTL003660,Zaynab Malik,61102-8742296-7,Muhammed Othman Malik,1956-05-13,"H-03660, Madina Town, Faisalabad",29424
UTL003661,علی راجہ,,Bilal Raja,1989-12-28,"H-03661, F-8, Islamabad",8810
UTL003662,Fatima Khan,43697-9156609-1,,1969-07-26,"H-03662, DHA, Lahore",7255
UTL003663,Mohammad Hussain Awan,21585-5236606-4,,2001-12-28,"H-03663, Chaklala, Rawalpindi",13386
UTL003664,فیصل اعوان,38558-2080897-4,عثمان اعوان,1992-06-12,"H-03664, G-10, Islamabad",7301
UTL003665,Mohammad شیخ,65906-6873567-4,Hamzah شیخ,1967-06-14,"H-03665, Madina Town, Faisalabad",119997
UTL003666,حرا Sheikh,36624-7926159-1,Mohammad Shaykh,1994-01-19,"H-03666, Peoples Colony, Faisalabad",6934
UTL003667,Hussain قریشی,25260-5431138-6,Hussein قریشی,1983-01-05,"H-03667, North Nazimabad, Karachi",162804
UTL003668,Zaynab Malick,,,1978-03-11,"H-03668, Saddar, Rawalpindi",23088
UTL003669,حسن بٹ,65215-4128534-2,Muhammed عمران بٹ,1956-10-12,"H-03669, Malir, Karachi",13984
UTL003670,Muhammed Hussein Khan,42417-8535168-9,,1977-09-09,"H-03670, Malir, Karachi",9325
UTL003671,حمزہ Ch.,37693-7813283-9,,1956-09-06,"H-03671, Madina Town, Faisalabad",15530
UTL003672,Muhammad Bilal Malick,60170-5779689-6,Hussein Malik,2001-07-27,"H-03672, DHA, Lahore",86888
UTL003673,Muhammed Hamzah Raja,32226-6551477-0,Muhammad Imran راجہ,1971-06-02,"H-03673, E-11, Islamabad",5942
UTL003674,Hussain چوہدری,,Hamzah Chaudhary,1955-10-19,"H-03674, Jaranwala Road, Faisalabad",17758
UTL003675,محمد Shaykh,,Husain Shaykh,1970-09-22,"H-03675, Peoples Colony, Faisalabad",26479
UTL003676,علی Khan,98156-7868690-5,Mohammed Faysal خان,1962-09-25,"H-03676, Gulberg, Lahore",11001
UTL003677,Usman Sheikh,89263-1716485-5,حسن Sheikh,1955-07-16,"H-03677, Madina Town, Faisalabad",6187
UTL003678,Muhammed Ch.,47946-1311394-1,Bilal Chaudhry,1995-08-15,"H-03678, Jaranwala Road, Faisalabad",60640
UTL003679,Faisal Malick,,,1984-01-20,"H-03679, Gulshan-e-Iqbal, Karachi",19638
UTL003680,Othman Butt,87476-2952145-4,Hasan بٹ,1987-08-26,"H-03680, Malir, Karachi",22516
UTL003681,Hasan Malik,64152-9310409-6,فیصل ملک,1975-10-15,"H-03681, G-10, Islamabad",5097
UTL003682,فاطمہ سید,72372-4664818-2,Hussain سید,,"H-03682, Gulberg, Lahore",23829
UTL003683,Faisal Khan,63149-6387914-1,حسین خان,1959-11-08,"H-03683, E-11, Islamabad",15199
UTL003684,Maryam راجہ,85667-9506299-7,Muhammed بلال راجہ,1999-09-03,"H-03684, Gulberg, Lahore",18751
UTL003685,عائشہ Quraishi,23536-8898566-0,Muhammed Ali Qureshi,,"H-03685, North Nazimabad, Karachi",81118
UTL003686,Mohammed Hamza Bhatti,,Ahmad Bhatti,1968-02-17,"H-03686, Johar Town, Lahore",45786
UTL003687,Hassan Quraishi,67336-3397279-6,Ahmed Qureshi,1959-02-24,"H-03687, Saddar, Rawalpindi",11374
UTL003688,محمد اعوان,,Usman Awan,1974-02-09,"H-03688, Model Town, Lahore",30333
UTL003689,Bilal Bhatti,18416-2639351-6,عمران Butt,1989-06-19,"H-03689, Bahria Town, Rawalpindi",10062
UTL003690,حرا خان,94819-9769167-9,Hussein خان,1969-09-07,"H-03690, North Nazimabad, Karachi",7470
UTL003691,حمزہ راجہ,58958-8274084-0,Imran Raja,1988-01-22,"H-03691, Malir, Karachi",21124
UTL003692,Imran Moghul,46870-5770312-6,Muhammad علی Moghul,1990-09-26,"H-03692, Clifton, Karachi",4829
UTL003693,حسین Sayed,,حسن Sayed,1960-05-19,"H-03693, North Nazimabad, Karachi",7766
UTL003694,حسن اعوان,87263-4379310-0,,1974-06-01,"H-03694, Gulberg, Lahore",34216
UTL003695,Imran Chaudhry,,Hussein Chaudhary,1986-07-09,"H-03695, Bahria Town, Islamabad",4434
UTL003696,Fatimah Raja,36668-4923620-7,Ali راجہ,1999-03-21,"H-03696, Saddar, Rawalpindi",48150
UTL003697,عمران Malick,,Imran Malik,1989-04-02,"H-03697, G-10, Islamabad",10262
UTL003698,مریم Malik,95414-5001732-3,Muhammad Imran ملک,1974-02-24,"H-03698, Saddar, Rawalpindi",5919
UTL003699,عائشہ شیخ,50602-1241109-7,,1981-12-22,"H-03699, Peoples Colony, Faisalabad",82290
UTL003700,Osman Khan,21544-8003629-7,,1959-03-17,"H-03700, Cantt, Lahore",7560
UTL003701,Faysal راجہ,39267-1970784-8,Ali راجہ,,"H-03701, Bahria Town, Islamabad",27609
UTL003702,Sana قریشی,51510-5111867-6,فیصل قریشی,,"H-03702, Cantt, Lahore",10945
UTL003703,Mohammed Awan,77066-7951201-1,Ahmed Awan,1976-07-26,"H-03703, Model Town, Lahore",158998
UTL003704,Mohammed Hassan Khan,82422-1492554-1,Faisal خان,1972-07-16,"H-03704, Satellite Town, Rawalpindi",18974
UTL003705,علی راجہ,,علی Raja,1957-09-07,"H-03705, Gulshan-e-Iqbal, Karachi",41424
UTL003706,Zaynab Raja,34355-7591445-7,Muhammed Imran Raja,1996-09-14,"H-03706, E-11, Islamabad",49384
UTL003707,Fatimah Shaikh,63376-1425031-6,حسن شیخ,1994-11-22,"H-03707, Satellite Town, Rawalpindi",18359
UTL003708,Bilal راجہ,16453-8157891-5,Hamza Raja,1973-02-23,"H-03708, Jaranwala Road, Faisalabad",15921
UTL003709,Bilal Sayed,72341-7233232-6,Ahmad Syed,1987-05-12,"H-03709, Gulberg, Lahore",28615
UTL003710,Hira Awan,83774-3316868-9,Hussain اعوان,1976-09-08,"H-03710, Peoples Colony, Faisalabad",24667
UTL003711,حمزہ Bhatti,84130-3788316-3,فیصل Butt,1979-01-10,"H-03711, Bahria Town, Islamabad",9321
UTL003712,علی Qureshi,93942-2044187-2,Ahmed قریشی,1985-09-06,"H-03712, Satellite Town, Rawalpindi",20057
UTL003713,بلال Malik,67400-7896019-3,علی ملک,1992-05-01,"H-03713, Clifton, Karachi",24768
UTL003714,حسین Choudhary,21800-3630064-6,فیصل Chaudhry,1990-01-17,"H-03714, Chaklala, Rawalpindi",19524
UTL003715,Osman ملک,,Faisal ملک,1984-01-28,"H-03715, North Nazimabad, Karachi",91406
UTL003716,فیصل Choudhary,26764-6100113-0,Mohammad علی Ch.,,"H-03716, Clifton, Karachi",8102
UTL003717,Muhammad Malik,68760-7114310-5,Usman ملک,1985-05-17,"H-03717, Chaklala, Rawalpindi",5888
UTL003718,محمد Awan,61680-1985202-5,Muhammad Usman Awan,1985-04-17,"H-03718, Gulshan-e-Iqbal, Karachi",20816
UTL003719,Ahmed خان,10868-1481200-6,Bilal Khan,1962-07-26,"H-03719, Peoples Colony, Faisalabad",23302
UTL003720,عثمان Choudhary,,علی Choudhary,1973-05-23,"H-03720, Malir, Karachi",25681
UTL003721,عمران ملک,40165-7493894-9,Hamzah Malik,,"H-03721, F-8, Islamabad",20162
UTL003722,Aisha سید,45169-4030944-6,Mohammad سید,1978-04-08,"H-03722, Madina Town, Faisalabad",9780
UTL003723,فیصل Moghul,59435-1841964-8,احمد Moghul,1987-08-25,"H-03723, Satellite Town, Rawalpindi",36447
UTL003724,Ahmed Butt,64923-4742275-4,,1983-05-11,"H-03724, Clifton, Karachi",10901
UTL003725,Ayesha Moghul,90277-1948301-2,Ali Mughal,1996-12-20,"H-03725, Johar Town, Lahore",4609
UTL003726,Mohammed Husain Ch.,21110-4310102-4,Osman چوہدری,1976-08-20,"H-03726, Clifton, Karachi",7463
UTL003727,Muhammad اعوان,62569-7498849-8,حمزہ Awan,1963-04-02,"H-03727, Model Town, Lahore",46913
UTL003728,Zaynab Awan,,Ahmad Awan,,"H-03728, Madina Town, Faisalabad",6636
UTL003729,مریم اعوان,86023-4384417-2,علی اعوان,1972-10-13,"H-03729, Peoples Colony, Faisalabad",2941
UTL003730,Maryam Quraishi,86365-2984241-2,Muhammed Qureshi,,"H-03730, E-11, Islamabad",22832
UTL003731,Muhammed Imran مغل,36657-9863771-2,Bilal Moghul,1992-08-13,"H-03731, G-10, Islamabad",4993
UTL003732,Hassan Sayyid,45328-9739359-6,Imran Sayed,1993-10-13,"H-03732, Satellite Town, Rawalpindi",6292
UTL003733,Muhammed Imran Awan,40401-2320700-4,Ahmad Awan,1989-12-08,"H-03733, Peoples Colony, Faisalabad",8037
UTL003734,Faysal Khan,44132-8825988-4,علی خان,1984-01-15,"H-03734, G-10, Islamabad",4987
UTL003735,علی Awan,18355-2021940-9,Muhammed عثمان اعوان,1971-08-27,"H-03735, Peoples Colony, Faisalabad",11546
UTL003736,Zaynab خان,21844-5121962-9,,1971-07-26,"H-03736, Chaklala, Rawalpindi",11345
UTL003737,Muhammed عمران خان,64251-9777745-4,Faisal Khan,1999-02-22,"H-03737, Model Town, Lahore",19454
UTL003738,Mohammed Imran اعوان,10055-8880122-5,Mohammad اعوان,1961-04-19,"H-03738, Satellite Town, Rawalpindi",63411
UTL003739,Faysal Shaikh,,بلال شیخ,1970-02-25,"H-03739, E-11, Islamabad",698445
UTL003740,Imran Sayyid,63265-8375955-8,,1959-07-08,"H-03740, Johar Town, Lahore",23434
UTL003741,Fatimah راجہ,,,1963-05-22,"H-03741, Clifton, Karachi",43408
UTL003742,Muhammad مغل,,Mohammad Faisal Moghul,1986-08-01,"H-03742, E-11, Islamabad",41658
UTL003743,Hussain Ch.,95175-6645275-4,Muhammed Ahmed Chaudhry,1963-02-21,"H-03743, Bahria Town, Islamabad",13527
UTL003744,Ahmed Sheikh,42706-5272525-8,Muhammed علی Shaykh,1989-01-01,"H-03744, Jaranwala Road, Faisalabad",16127
UTL003745,Othman Choudhary,,بلال Chaudhary,1988-07-20,"H-03745, Chaklala, Rawalpindi",6919
UTL003746,Muhammad فیصل Sheikh,21727-6103898-2,Husain Sheikh,1955-05-04,"H-03746, Gulberg, Lahore",13004
UTL003747,عمران Butt,65463-9678343-6,احمد بٹ,1996-03-16,"H-03747, Johar Town, Lahore",21524
UTL003748,حسن Choudhary,67132-6212898-2,Muhammad چوہدری,,"H-03748, Model Town, Lahore",7439
UTL003749,Mariam Malik,85403-7106894-0,Muhammed بلال Malik,1973-02-01,"H-03749, Bahria Town, Rawalpindi",16475
UTL003750,Mohammed Hamzah Ch.,58313-3358096-3,Mohammed Hussein Choudhary,1995-07-12,"H-03750, Johar Town, Lahore",5832
UTL003751,حسین Sayyid,96388-2032722-3,Muhammad عمران Sayed,1972-12-14,"H-03751, Clifton, Karachi",6781
UTL003752,Husain Khan,,,1962-05-22,"H-03752, North Nazimabad, Karachi",10670
UTL003753,Othman Butt,82521-8210450-2,عمران Bhatti,1997-07-26,"H-03753, Model Town, Lahore",9870
UTL003754,Mohammad حمزہ Raja,76425-5760123-7,,1959-04-24,"H-03754, Clifton, Karachi",105704
UTL003755,Hira بٹ,75927-6323274-0,Osman Bhatti,1999-09-05,"H-03755, Madina Town, Faisalabad",12290
UTL003756,عثمان Qureshi,56048-2309962-2,محمد Quraishi,,"H-03756, E-11, Islamabad",45102
UTL003757,Aisha Malik,55715-8622446-3,حمزہ Malick,1964-06-08,"H-03757, Jaranwala Road, Faisalabad",49225
UTL003758,Muhammed عمران Butt,39871-5198676-4,علی بٹ,1990-01-23,"H-03758, Chaklala, Rawalpindi",4163
UTL003759,Faisal Shaykh,,Hamzah شیخ,1990-08-08,"H-03759, DHA, Lahore",14718
UTL003760,Mohammad Faisal Khan,45594-4509270-2,Faysal Khan,,"H-03760, Clifton, Karachi",10271
UTL003761,عثمان قریشی,76190-6058890-9,Hamzah Quraishi,1978-07-26,"H-03761, Bahria Town, Rawalpindi",18656
UTL003762,Hasan مغل,,احمد مغل,1956-10-22,"H-03762, Cantt, Lahore",10970
UTL003763,Hamza راجہ,79382-1253768-9,Muhammad Osman راجہ,1985-03-24,"H-03763, Bahria Town, Rawalpindi",20209
UTL003764,ثناء Chaudhary,83512-8250521-5,Faisal Chaudhary,1998-09-10,"H-03764, DHA, Karachi",13164
UTL003765,Hamzah Bhatti,,Mohammad Hamza بٹ,1955-04-06,"H-03765, E-11, Islamabad",3996
UTL003766,Zainab راجہ,17006-1534594-2,Muhammad راجہ,1986-06-22,"H-03766, Chaklala, Rawalpindi",61070
UTL003767,Sana خان,,,1989-05-16,"H-03767, Chaklala, Rawalpindi",13522
UTL003768,Mohammad شیخ,45247-1218618-7,Hasan Shaikh,1995-02-19,"H-03768, G-10, Islamabad",19206
UTL003769,Ahmed Malick,,Ali Malik,,"H-03769, DHA, Lahore",5094
UTL003770,Ali سید,64409-8051394-4,Hamza Sayyid,1959-01-16,"H-03770, Malir, Karachi",9717
UTL003771,Osman Sheikh,65089-7151685-2,Muhammad شیخ,1989-04-04,"H-03771, Chaklala, Rawalpindi",59321
UTL003772,Muhammad خان,20492-9806217-3,,1960-06-06,"H-03772, Malir, Karachi",16164
UTL003773,Hamza Butt,59486-5492806-3,Muhammed Bhatti,1990-07-01,"H-03773, Malir, Karachi",16832
UTL003774,Ahmed Syed,37821-3192840-4,Muhammed Bilal Sayed,2002-05-09,"H-03774, Bahria Town, Rawalpindi",5586
UTL003775,Mohammed Bilal خان,94396-4974479-7,Hamzah Khan,1988-09-20,"H-03775, Satellite Town, Rawalpindi",18706
UTL003776,محمد Khan,89701-1426554-8,Mohammad Hussain خان,1985-10-26,"H-03776, Bahria Town, Rawalpindi",4631
UTL003777,Ahmad ملک,55199-7554961-4,حمزہ Malick,1995-11-14,"H-03777, Saddar, Rawalpindi",26877
UTL003778,Muhammed حمزہ قریشی,39597-4773511-6,حمزہ قریشی,2001-06-21,"H-03778, Saddar, Rawalpindi",10176
UTL003779,Hamzah Moghul,86429-4648112-7,,1973-09-23,"H-03779, DHA, Karachi",64479
UTL003780,محمد Raja,51394-4590410-3,Muhammed حسین Raja,1968-01-09,"H-03780, Gulshan-e-Iqbal, Karachi",40594
UTL003781,Mohammad Awan,13074-3582261-6,Hamza اعوان,1977-06-09,"H-03781, DHA, Karachi",9137
UTL003782,Zaynab ملک,79337-3340450-5,Muhammad Ahmad ملک,1961-08-28,"H-03782, Bahria Town, Rawalpindi",24110
UTL003783,Muhammed چوہدری,,Ali Chaudhry,1979-04-22,"H-03783, Bahria Town, Islamabad",21682
UTL003784,حسین راجہ,77570-8201424-1,Ahmad راجہ,,"H-03784, North Nazimabad, Karachi",6132
UTL003785,Muhammed سید,73400-3128532-1,Mohammad Ahmad Syed,,"H-03785, E-11, Islamabad",5893
UTL003786,Mohammed مغل,96442-8614278-6,Bilal Mughal,1969-06-05,"H-03786, Madina Town, Faisalabad",10956
UTL003787,Marium Chaudhry,19527-1209631-7,,1980-09-14,"H-03787, Saddar, Rawalpindi",10750
UTL003788,Zainab Syed,48118-8929906-3,عثمان Sayed,1993-05-14,"H-03788, F-7, Islamabad",44105
UTL003789,Hassan Awan,54930-3892299-5,حمزہ Awan,1983-07-18,"H-03789, F-8, Islamabad",37325
UTL003790,Hira اعوان,59011-2483731-6,بلال Awan,1957-04-24,"H-03790, Cantt, Lahore",71582
UTL003791,Hamzah خان,,Mohammed عثمان Khan,2000-11-02,"H-03791, Gulshan-e-Iqbal, Karachi",16372
UTL003792,Muhammed Osman Malick,54804-4732932-2,Mohammad Hassan Malick,1958-11-10,"H-03792, Jaranwala Road, Faisalabad",19639
UTL003793,Muhammed فیصل Syed,57369-6780919-3,Hasan Sayyid,,"H-03793, DHA, Karachi",9411
UTL003794,Muhammed بلال شیخ,76696-2461117-5,Bilal Shaikh,1980-01-22,"H-03794, Jaranwala Road, Faisalabad",171594
UTL003795,فیصل راجہ,,,1967-05-27,"H-03795, Gulshan-e-Iqbal, Karachi",4585
UTL003796,Fatima قریشی,78459-9368046-7,Faisal قریشی,1995-04-10,"H-03796, Saddar, Rawalpindi",7825
UTL003797,احمد Syed,28906-2582733-8,Muhammad Hamzah Sayed,2002-05-08,"H-03797, Satellite Town, Rawalpindi",12190
UTL003798,Zainab شیخ,36350-3349800-6,,1970-12-10,"H-03798, Jaranwala Road, Faisalabad",4375
UTL003799,Muhammad Faisal Shaikh,,عمران شیخ,2000-10-02,"H-03799, Peoples Colony, Faisalabad",6274
UTL003800,Hussain Raja,28331-8349730-7,Hasan راجہ,1969-02-28,"H-03800, Johar Town, Lahore",40462
UTL003801,علی راجہ,,Muhammad راجہ,1971-02-20,"H-03801, Satellite Town, Rawalpindi",4279
UTL003802,Mohammad Husain Awan,33868-3165222-4,بلال Awan,1994-07-17,"H-03802, Chaklala, Rawalpindi",23989
UTL003803,Muhammed بلال مغل,72477-7219425-1,Mohammad Hamza مغل,1961-04-12,"H-03803, DHA, Lahore",18078
UTL003804,Imran بٹ,94200-8621520-0,Othman Bhatti,1955-11-01,"H-03804, G-10, Islamabad",7081
UTL003805,Usman Raja,,Muhammad Imran راجہ,1984-09-10,"H-03805, Malir, Karachi",17087
UTL003806,Ahmed شیخ,16089-9311462-8,Mohammed Hasan شیخ,1967-06-20,"H-03806, Satellite Town, Rawalpindi",8493
UTL003807,Hussain Quraishi,80920-2991403-6,Mohammed قریشی,1997-04-12,"H-03807, Model Town, Lahore",11168
UTL003808,Marium قریشی,23976-5396430-1,Ahmad Quraishi,1996-10-21,"H-03808, E-11, Islamabad",12405
UTL003809,Hamzah Chaudhary,96567-2333769-2,فیصل Chaudhry,1987-11-08,"H-03809, Jaranwala Road, Faisalabad",30736
UTL003810,Muhammad Hussein Raja,,احمد Raja,1963-08-16,"H-03810, DHA, Karachi",38893
UTL003811,Muhammed بلال راجہ,88849-1035409-9,Ahmad Raja,1998-08-10,"H-03811, F-8, Islamabad",26124
UTL003812,محمد راجہ,13774-3673920-2,Faisal راجہ,1995-01-28,"H-03812, Clifton, Karachi",25879
UTL003813,زینب Raja,30257-5112181-7,,1971-06-05,"H-03813, F-7, Islamabad",12361
UTL003814,فاطمہ راجہ,41195-7456436-5,بلال Raja,1966-07-02,"H-03814, Clifton, Karachi",71829
UTL003815,Faisal Raja,78902-9580834-0,Mohammed راجہ,1999-04-01,"H-03815, DHA, Karachi",25518
UTL003816,ثناء شیخ,78667-9037332-2,Mohammad Ali شیخ,1958-04-01,"H-03816, Peoples Colony, Faisalabad",7373
UTL003817,بلال Mughal,36878-8841285-6,,1965-02-12,"H-03817, Gulberg, Lahore",14311
UTL003818,Faisal Raja,10341-3128835-7,علی راجہ,1994-11-06,"H-03818, Malir, Karachi",9639
UTL003819,Muhammad Ali Raja,,Faysal راجہ,1965-12-13,"H-03819, Bahria Town, Rawalpindi",6178
UTL003820,Hira بٹ,,Muhammed Faisal بٹ,1964-12-08,"H-03820, Peoples Colony, Faisalabad",16039
UTL003821,Hamza Shaykh,38975-5404767-6,Mohammed Hassan Shaykh,1996-09-27,"H-03821, Jaranwala Road, Faisalabad",10034
UTL003822,Aisha Moghul,,,1956-12-21,"H-03822, Gulshan-e-Iqbal, Karachi",6446
UTL003823,فیصل مغل,49014-2081866-6,حمزہ Moghul,1991-06-21,"H-03823, North Nazimabad, Karachi",8681
UTL003824,Ali Awan,90627-2608578-4,,1971-09-03,"H-03824, Jaranwala Road, Faisalabad",26375
UTL003825,حمزہ Shaykh,54195-9658470-4,Mohammad عمران Sheikh,2002-08-09,"H-03825, Peoples Colony, Faisalabad",12244
UTL003826,Mohammed Moghul,34097-9659796-6,Muhammad Othman Moghul,2002-09-27,"H-03826, Johar Town, Lahore",10995
UTL003827,Mohammad Khan,96270-1377555-5,حمزہ خان,1956-02-19,"H-03827, Jaranwala Road, Faisalabad",17768
UTL003828,Mohammad Usman Awan,,Osman اعوان,1999-06-28,"H-03828, F-8, Islamabad",6292
UTL003829,Imran Butt,10188-2743849-5,,1962-03-25,"H-03829, Saddar, Rawalpindi",15091
UTL003830,علی بٹ,99596-5788942-7,Muhammad Butt,1955-03-12,"H-03830, Jaranwala Road, Faisalabad",7153
UTL003831,Hira اعوان,45299-8129809-0,Muhammad فیصل Awan,1978-08-23,"H-03831, Model Town, Lahore",8137
UTL003832,Imran Awan,70041-7481689-3,محمد اعوان,1998-09-07,"H-03832, Chaklala, Rawalpindi",35881
UTL003833,فیصل Malick,64731-5191618-4,,1974-11-25,"H-03833, DHA, Karachi",17509
UTL003834,حسین شیخ,,Osman Sheikh,1991-08-12,"H-03834, Clifton, Karachi",44879
UTL003835,Sana Shaykh,59564-6775791-7,Muhammad عثمان شیخ,2001-06-12,"H-03835, Peoples Colony, Faisalabad",7429
UTL003836,بلال راجہ,65862-7451044-4,عمران Raja,1985-09-06,"H-03836, F-7, Islamabad",27965
UTL003837,Imran اعوان,15893-4860199-0,,1976-06-09,"H-03837, Clifton, Karachi",28072
UTL003838,Muhammad Hasan Butt,27856-5454439-8,Hussain Butt,1973-08-01,"H-03838, Chaklala, Rawalpindi",6128
UTL003839,Osman خان,,Muhammed خان,1982-10-11,"H-03839, E-11, Islamabad",11732
UTL003840,عمران ملک,,,1996-08-28,"H-03840, Peoples Colony, Faisalabad",6696
UTL003841,Osman Moghul,,Muhammed Hasan Moghul,1970-11-05,"H-03841, F-8, Islamabad",16367
UTL003842,Maryam Malick,10761-2811009-6,Hamzah Malick,1999-08-10,"H-03842, North Nazimabad, Karachi",45706
UTL003843,حسین راجہ,87742-9720251-5,فیصل راجہ,1964-08-04,"H-03843, Madina Town, Faisalabad",30608
UTL003844,ثناء بٹ,89227-4447616-4,Muhammed Hamza بٹ,1979-12-17,"H-03844, Chaklala, Rawalpindi",3918
UTL003845,Imran Syed,92818-9521381-8,,1984-07-10,"H-03845, Malir, Karachi",11955
UTL003846,Imran Bhatti,91043-7950122-5,,,"H-03846, DHA, Lahore",28118
UTL003847,محمد قریشی,27585-8045105-0,Osman قریشی,1975-12-28,"H-03847, DHA, Lahore",7234
UTL003848,Othman Mughal,67910-8104465-9,Osman مغل,1978-10-28,"H-03848, Bahria Town, Islamabad",20557
UTL003849,Sana ملک,,حمزہ Malik,1968-02-26,"H-03849, DHA, Lahore",22444
UTL003850,Osman Moghul,32419-4958458-4,Osman Moghul,1992-12-06,"H-03850, F-7, Islamabad",4521
UTL003851,Ali Bhatti,75528-2301253-1,Muhammed Bilal Bhatti,1966-12-15,"H-03851, G-10, Islamabad",8980
UTL003852,Muhammad Husain مغل,63956-4374934-2,Mohammad حمزہ مغل,1999-01-05,"H-03852, Cantt, Lahore",11111
UTL003853,Ali Raja,59851-1048293-7,Bilal Raja,1969-05-09,"H-03853, DHA, Karachi",22917
UTL003854,Ayisha Shaykh,42196-7151203-6,Hussain شیخ,1959-12-13,"H-03854, Bahria Town, Rawalpindi",6348
UTL003855,عائشہ Shaikh,22404-7039573-1,Hussain شیخ,,"H-03855, F-8, Islamabad",15383
UTL003856,حمزہ Sheikh,76497-7138042-0,Hussain Shaykh,2001-12-26,"H-03856, Johar Town, Lahore",31833
UTL003857,Ali Sayed,,Hamza Sayyid,1964-03-09,"H-03857, Clifton, Karachi",27151
UTL003858,Hasan خان,25194-4786393-9,Mohammad Khan,1955-05-12,"H-03858, Saddar, Rawalpindi",9187
UTL003859,Mohammed حمزہ قریشی,45121-1862088-8,حمزہ Qureshi,1957-06-14,"H-03859, Gulberg, Lahore",17945
UTL003860,Mohammed Hasan قریشی,62670-5024205-4,Usman Quraishi,1992-09-03,"H-03860, G-10, Islamabad",7455
UTL003861,Imran Bhatti,83902-8361170-4,Imran Bhatti,1979-10-18,"H-03861, Cantt, Lahore",9391
UTL003862,Hamzah Ch.,10432-8731770-9,,1980-11-13,"H-03862, Cantt, Lahore",11904
UTL003863,Muhammed Hussain Bhatti,13437-2721172-7,Usman Bhatti,1955-06-14,"H-03863, Chaklala, Rawalpindi",58181
UTL003864,Zainab Quraishi,,Othman قریشی,1989-07-28,"H-03864, Jaranwala Road, Faisalabad",13222
UTL003865,علی Chaudhary,33813-1706838-4,Hassan چوہدری,1956-01-13,"H-03865, Model Town, Lahore",34390
UTL003866,Muhammed Syed,23202-5131374-6,حسن Sayed,1976-10-03,"H-03866, Peoples Colony, Faisalabad",15475
UTL003867,Husain شیخ,81773-7675580-1,علی Sheikh,1964-04-06,"H-03867, Clifton, Karachi",24572
UTL003868,Hussein Khan,53238-5998713-2,علی Khan,1971-12-20,"H-03868, Model Town, Lahore",5443
UTL003869,علی Choudhary,11976-1456832-1,حسن چوہدری,1963-08-17,"H-03869, DHA, Lahore",24804
UTL003870,Hussain Chaudhary,93977-9192440-9,,2000-04-11,"H-03870, F-7, Islamabad",8520
UTL003871,بلال ملک,34090-5708991-4,حسین Malik,1981-12-16,"H-03871, Satellite Town, Rawalpindi",13381
UTL003872,مریم Moghul,09278-2159553-4,Mohammed Moghul,,"H-03872, F-8, Islamabad",10999
UTL003873,Faisal Khan,41127-7320272-0,علی Khan,1986-04-04,"H-03873, Bahria Town, Rawalpindi",23663
UTL003874,بلال اعوان,19025-9218875-3,Muhammad بلال Awan,1966-10-05,"H-03874, Johar Town, Lahore",7175
UTL003875,Hira اعوان,81288-4058567-4,Hasan Awan,1987-03-03,"H-03875, Bahria Town, Rawalpindi",44619
UTL003876,علی Shaikh,39240-4301644-8,Ahmad Sheikh,1967-09-11,"H-03876, Cantt, Lahore",11666
UTL003877,Mohammad Faysal خان,73615-1459104-9,Muhammad Hussain Khan,,"H-03877, Bahria Town, Rawalpindi",57375
UTL003878,علی بٹ,,Osman بٹ,1979-08-22,"H-03878, F-8, Islamabad",67074
UTL003879,فیصل Chaudhary,46640-7962262-2,فیصل Chaudhry,1999-04-07,"H-03879, F-7, Islamabad",4125
UTL003880,Zaynab Malick,54827-4930731-3,عمران Malick,1983-09-21,"H-03880, F-8, Islamabad",50395
UTL003881,Faisal Khan,14229-5495743-5,عمران Khan,1985-06-19,"H-03881, F-8, Islamabad",14132
UTL003882,Muhammed Othman اعوان,33842-4205930-0,Muhammad Awan,1985-01-18,"H-03882, Gulberg, Lahore",14321
UTL003883,Sana بٹ,61618-8656799-4,Hamzah بٹ,2001-11-25,"H-03883, Peoples Colony, Faisalabad",4891
UTL003884,Hussein راجہ,,Muhammed Raja,1990-11-25,"H-03884, Model Town, Lahore",10864
UTL003885,Hamzah خان,,احمد Khan,,"H-03885, Model Town, Lahore",14931
UTL003886,Osman Sayed,19398-3396368-6,بلال سید,1983-07-21,"H-03886, Model Town, Lahore",32412
UTL003887,Mohammed Quraishi,49612-9118038-0,حسن قریشی,1967-07-27,"H-03887, Peoples Colony, Faisalabad",16413
UTL003888,Hassan شیخ,51965-5510825-3,Muhammed Ali Shaykh,1981-11-03,"H-03888, Malir, Karachi",10432
UTL003889,Hasan Awan,29576-5470985-3,Muhammed Ahmed Awan,1957-10-03,"H-03889, Gulshan-e-Iqbal, Karachi",11321
UTL003890,ثناء Chaudhary,57861-5039453-1,Mohammed علی Chaudhary,1965-06-06,"H-03890, North Nazimabad, Karachi",19997
UTL003891,زینب Moghul,67413-8776950-0,Bilal مغل,1983-11-21,"H-03891, Chaklala, Rawalpindi",26863
UTL003892,Hussein Sheikh,92215-4905004-0,,1997-12-01,"H-03892, Peoples Colony, Faisalabad",5976
UTL003893,احمد خان,,Mohammed Khan,1978-07-20,"H-03893, Clifton, Karachi",16797
UTL003894,Muhammad Ahmed Malick,50290-1331305-0,حسین Malick,1971-10-03,"H-03894, Peoples Colony, Faisalabad",89071
UTL003895,حمزہ Shaykh,48461-3902261-0,حسین شیخ,1991-10-07,"H-03895, DHA, Lahore",49152
UTL003896,محمد Bhatti,19618-1989793-7,محمد بٹ,,"H-03896, Clifton, Karachi",174654
UTL003897,Usman خان,57766-9760957-8,حمزہ خان,1990-06-02,"H-03897, DHA, Lahore",28641
UTL003898,Marium Quraishi,25206-5443931-8,Hasan قریشی,,"H-03898, Gulshan-e-Iqbal, Karachi",11394
UTL003899,Husain شیخ,16783-3618614-1,عثمان شیخ,1969-09-13,"H-03899, Satellite Town, Rawalpindi",58282
UTL003900,Muhammed Ahmed Malick,71719-2614218-4,Hasan Malick,2003-06-20,"H-03900, Bahria Town, Rawalpindi",7021
UTL003901,Aisha Sayed,92811-5274081-7,Ali Syed,1975-06-07,"H-03901, F-7, Islamabad",59369
UTL003902,فاطمہ Awan,29087-1115000-7,Muhammad Ali Awan,1975-12-02,"H-03902, Clifton, Karachi",23790
UTL003903,عثمان Shaikh,81931-9683223-6,Muhammad Shaykh,2002-10-14,"H-03903, F-7, Islamabad",9343
UTL003904,Usman Chaudhary,15108-2663200-0,Faysal Chaudhary,2002-11-20,"H-03904, Johar Town, Lahore",8309
UTL003905,Faisal Malik,,علی Malik,,"H-03905, F-7, Islamabad",16890
UTL003906,Mohammed Ali Raja,,Faisal Raja,1971-10-05,"H-03906, Peoples Colony, Faisalabad",38370
UTL003907,Hussain قریشی,,علی Quraishi,1985-04-18,"H-03907, Clifton, Karachi",434659
UTL003908,Maryam Butt,20880-1629575-5,Ahmad بٹ,1965-10-21,"H-03908, Madina Town, Faisalabad",14492
UTL003909,Fatimah Bhatti,65845-9266286-7,Hamzah Butt,1994-09-08,"H-03909, DHA, Lahore",39083
UTL003910,Maryam Raja,74640-1051081-8,علی Raja,1971-01-17,"H-03910, DHA, Karachi",8544
UTL003911,Osman Malick,22725-6963713-7,,,"H-03911, Gulberg, Lahore",7997
UTL003912,Marium Malick,,علی Malick,1992-06-24,"H-03912, Bahria Town, Rawalpindi",5185
UTL003913,عائشہ راجہ,24464-2466925-0,عمران راجہ,1972-01-22,"H-03913, Satellite Town, Rawalpindi",10782
UTL003914,حمزہ Syed,,Bilal Sayyid,1969-04-07,"H-03914, Bahria Town, Rawalpindi",33853
UTL003915,Muhammad Sayyid,94248-9274967-6,Muhammad Sayed,2000-06-12,"H-03915, Satellite Town, Rawalpindi",5016
UTL003916,Muhammed Osman Khan,81879-4659331-0,Muhammad Bilal Khan,1995-10-06,"H-03916, Madina Town, Faisalabad",54243
UTL003917,عثمان قریشی,,Mohammad فیصل Quraishi,,"H-03917, Chaklala, Rawalpindi",8657
UTL003918,Bilal ملک,,Faysal ملک,1995-10-20,"H-03918, Saddar, Rawalpindi",9103
UTL003919,فیصل ملک,,Muhammed Hamza Malick,1988-05-20,"H-03919, Madina Town, Faisalabad",28848
UTL003920,Hamza Awan,22265-2994808-7,بلال Awan,1983-06-12,"H-03920, Bahria Town, Islamabad",14683
UTL003921,Hussein Ch.,94107-4339940-1,Mohammed عثمان چوہدری,1983-06-21,"H-03921, Chaklala, Rawalpindi",40392
UTL003922,Muhammad فیصل قریشی,,حسن Quraishi,1992-01-07,"H-03922, North Nazimabad, Karachi",31870
UTL003923,Maryam قریشی,58132-4412123-5,Muhammad Ahmed قریشی,,"H-03923, Satellite Town, Rawalpindi",32196
UTL003924,زینب Choudhary,75073-1017432-8,Ahmed چوہدری,1965-01-15,"H-03924, Madina Town, Faisalabad",30179
UTL003925,Hasan Awan,,Muhammad Hassan Awan,1995-03-26,"H-03925, Madina Town, Faisalabad",43496
UTL003926,Hussein Malik,,Hamza Malick,1977-08-23,"H-03926, Saddar, Rawalpindi",17266
UTL003927,Ahmed Syed,,Bilal Sayyid,1971-05-09,"H-03927, Saddar, Rawalpindi",16270
UTL003928,فیصل Butt,66907-3370791-2,Ali Butt,1984-12-27,"H-03928, Saddar, Rawalpindi",15656
UTL003929,Mohammed قریشی,32200-7401597-0,علی Quraishi,1988-11-10,"H-03929, F-7, Islamabad",287621
UTL003930,Faisal Shaykh,87037-6319447-6,عمران Shaikh,1987-07-09,"H-03930, North Nazimabad, Karachi",13414
UTL003931,Hasan Moghul,,احمد Moghul,1989-01-06,"H-03931, Chaklala, Rawalpindi",10753
UTL003932,مریم Malik,43425-4755707-3,Hamza ملک,1969-07-25,"H-03932, G-10, Islamabad",8896
UTL003933,Faysal Khan,67456-2695036-3,Hamzah خان,1993-05-15,"H-03933, Peoples Colony, Faisalabad",12776
UTL003934,Muhammad حسین Shaikh,11707-3658314-4,Mohammad فیصل Shaykh,,"H-03934, Madina Town, Faisalabad",8523
UTL003935,علی Chaudhry,96308-2315697-5,Muhammad احمد Chaudhary,,"H-03935, E-11, Islamabad",26140
UTL003936,عمران Moghul,25616-1331042-6,بلال مغل,1975-09-20,"H-03936, Saddar, Rawalpindi",5267
UTL003937,علی Quraishi,82399-3194389-9,حسن Quraishi,1990-06-09,"H-03937, Chaklala, Rawalpindi",38462
UTL003938,Hussein Bhatti,40482-7700848-3,عمران Butt,1967-12-09,"H-03938, F-7, Islamabad",12781
UTL003939,Sana خان,43749-5936182-9,Muhammed عمران Khan,1980-01-05,"H-03939, Madina Town, Faisalabad",4534
UTL003940,Zainab Choudhary,39220-2287289-5,Mohammad Hasan چوہدری,1956-08-01,"H-03940, Cantt, Lahore",5926
UTL003941,Muhammad فیصل خان,75036-9663516-6,Mohammed خان,1959-06-02,"H-03941, Bahria Town, Islamabad",61638
UTL003942,حسن بٹ,33107-9855241-2,,1996-12-09,"H-03942, F-7, Islamabad",36381
UTL003943,حسن Awan,24162-6105632-7,Hussein Awan,1964-06-01,"H-03943, Jaranwala Road, Faisalabad",7711
UTL003944,Mohammad عمران Sheikh,87965-6965072-0,Mohammad Shaykh,1983-09-14,"H-03944, Clifton, Karachi",23168
UTL003945,Muhammad Khan,51770-9122891-6,Mohammed خان,1996-04-13,"H-03945, F-8, Islamabad",10172
UTL003946,Aysha بٹ,71834-5711727-1,Mohammad Othman Bhatti,2003-02-27,"H-03946, Model Town, Lahore",247413
UTL003947,Bilal سید,76624-3621681-4,Muhammed Hasan Sayyid,,"H-03947, Gulshan-e-Iqbal, Karachi",11096
UTL003948,Mohammed Hamza قریشی,,,1971-07-01,"H-03948, Satellite Town, Rawalpindi",8508
UTL003949,Faysal Syed,17889-2030156-9,Ali Sayyid,1975-07-22,"H-03949, F-7, Islamabad",17802
UTL003950,فیصل Syed,,,1985-08-13,"H-03950, Johar Town, Lahore",6402
UTL003951,Muhammed حسین Awan,55160-2920648-3,Hamzah Awan,1972-11-01,"H-03951, Gulshan-e-Iqbal, Karachi",35921
UTL003952,بلال Quraishi,33702-4737153-6,,1978-07-06,"H-03952, Chaklala, Rawalpindi",5368
UTL003953,Hussein Khan,86565-9559183-9,,1993-08-12,"H-03953, Model Town, Lahore",56897
UTL003954,Hassan Sayyid,33750-1823670-9,Hussain Syed,1983-01-11,"H-03954, F-8, Islamabad",5035
UTL003955,زینب راجہ,,Imran راجہ,2001-11-15,"H-03955, Cantt, Lahore",21688
UTL003956,Muhammad Hamzah خان,,Imran خان,1983-02-28,"H-03956, F-8, Islamabad",27792
UTL003957,Mohammad Hussain Bhatti,27229-8820672-3,عمران Bhatti,,"H-03957, DHA, Lahore",199632
UTL003958,Muhammed Sheikh,80204-1124292-4,Bilal Shaikh,1987-09-13,"H-03958, Peoples Colony, Faisalabad",11450
UTL003959,عمران اعوان,43415-3920895-7,Muhammad علی اعوان,1974-08-26,"H-03959, Bahria Town, Rawalpindi",26700
UTL003960,ثناء اعوان,80387-2427359-5,Mohammad Bilal Awan,1962-07-06,"H-03960, Johar Town, Lahore",7152
UTL003961,مریم ملک,74912-4313305-1,,1956-12-21,"H-03961, Cantt, Lahore",29445
UTL003962,Bilal Syed,65600-3845685-4,بلال سید,1994-12-18,"H-03962, Saddar, Rawalpindi",14352
UTL003963,مریم Sayed,75825-3325593-2,,1984-10-21,"H-03963, DHA, Lahore",11851
UTL003964,Muhammad Hussein Awan,67666-1711609-7,Ahmed اعوان,1980-08-03,"H-03964, Satellite Town, Rawalpindi",16801
UTL003965,Hamza Moghul,,Muhammad Hasan Moghul,1975-03-20,"H-03965, Model Town, Lahore",22343
UTL003966,Faysal Ch.,39190-8406748-3,,1976-05-05,"H-03966, F-7, Islamabad",17018
UTL003967,Ahmed Quraishi,34338-4032184-1,عمران قریشی,1962-10-11,"H-03967, Bahria Town, Islamabad",15564
UTL003968,Hamzah Khan,71886-8171221-9,Hasan Khan,1962-04-04,"H-03968, Satellite Town, Rawalpindi",10615
UTL003969,Mohammad Usman چوہدری,35318-7715041-4,Ali Ch.,1977-06-01,"H-03969, Madina Town, Faisalabad",10042
UTL003970,Hassan Shaikh,23137-3692680-5,حسین Shaikh,1999-07-15,"H-03970, DHA, Karachi",18458
UTL003971,Hussain Moghul,89338-7009017-9,Muhammad Hamza مغل,1985-01-08,"H-03971, Jaranwala Road, Faisalabad",27462
UTL003972,Othman Sayed,26508-7202383-8,Hasan Syed,,"H-03972, Jaranwala Road, Faisalabad",41223
UTL003973,Osman Butt,35293-7644631-9,Faysal Bhatti,1987-09-22,"H-03973, E-11, Islamabad",68256
UTL003974,Sana Sayyid,92930-6038196-4,,1992-09-04,"H-03974, Johar Town, Lahore",7832
UTL003975,علی سید,83995-3342380-0,بلال Sayed,,"H-03975, Bahria Town, Rawalpindi",11161
UTL003976,علی Mughal,20009-2502901-9,Muhammed علی Moghul,1972-08-09,"H-03976, Madina Town, Faisalabad",7552
UTL003977,Mohammed Sayed,73349-3843472-0,,1992-12-07,"H-03977, Jaranwala Road, Faisalabad",26108
UTL003978,Ahmad Sheikh,77056-3533764-9,فیصل Sheikh,1987-04-19,"H-03978, Clifton, Karachi",35664
UTL003979,Ahmad Quraishi,,,1982-02-14,"H-03979, Gulshan-e-Iqbal, Karachi",40356
UTL003980,بلال راجہ,,محمد راجہ,1975-11-23,"H-03980, Clifton, Karachi",3226
UTL003981,Ahmed Choudhary,37685-5030711-6,محمد Chaudhry,1977-08-09,"H-03981, Gulshan-e-Iqbal, Karachi",6170
UTL003982,Ahmad Quraishi,53564-3181923-9,Ahmed Qureshi,2003-11-16,"H-03982, Bahria Town, Islamabad",7002
UTL003983,Faysal سید,,Bilal Syed,1973-02-16,"H-03983, Jaranwala Road, Faisalabad",8818
UTL003984,Faysal Shaykh,85228-6877272-8,Hasan Sheikh,1980-01-19,"H-03984, Gulshan-e-Iqbal, Karachi",28334
UTL003985,بلال راجہ,20765-6709750-3,بلال Raja,1956-10-13,"H-03985, DHA, Karachi",8268
UTL003986,حسن Butt,37207-3115585-0,,1992-07-02,"H-03986, Peoples Colony, Faisalabad",130743
UTL003987,Muhammed حسن Khan,33470-6769483-6,علی Khan,1974-11-18,"H-03987, F-8, Islamabad",13095
UTL003988,Mohammed Husain Moghul,,Mohammad عمران Moghul,1999-06-11,"H-03988, Saddar, Rawalpindi",7311
UTL003989,ثناء Chaudhry,14140-6586883-7,Husain Ch.,1961-02-21,"H-03989, Model Town, Lahore",8834
UTL003990,Hassan Mughal,40729-9608271-9,,1999-07-27,"H-03990, DHA, Karachi",38201
UTL003991,Faysal Quraishi,,بلال Quraishi,1988-12-02,"H-03991, DHA, Lahore",22521
UTL003992,علی مغل,,علی Moghul,,"H-03992, DHA, Karachi",14148
UTL003993,ثناء Choudhary,81342-1756410-3,Hamza Chaudhry,,"H-03993, Jaranwala Road, Faisalabad",11180
UTL003994,محمد Quraishi,,Osman Qureshi,1968-12-02,"H-03994, Jaranwala Road, Faisalabad",6409
UTL003995,Muhammed حسن Bhatti,55753-2972869-4,,1975-01-24,"H-03995, North Nazimabad, Karachi",32696
UTL003996,Ayesha اعوان,14876-5633024-8,Mohammad Othman Awan,1974-12-22,"H-03996, DHA, Karachi",37742
UTL003997,Hasan بٹ,11100-5771821-5,Mohammed علی Bhatti,1975-06-08,"H-03997, Madina Town, Faisalabad",9895
UTL003998,فاطمہ Qureshi,,,1964-11-23,"H-03998, E-11, Islamabad",160299
UTL003999,Ayisha Malik,35002-3167660-1,Usman ملک,1964-10-09,"H-03999, North Nazimabad, Karachi",25556
UTL004000,Ahmed Malik,40624-3643252-4,محمد ملک,1993-07-24,"H-04000, Bahria Town, Islamabad",16495
UTL004001,Ayisha Shaykh,64123-6009187-8,Mohammed Ahmad Shaikh,1999-11-02,"H-04001, Malir, Karachi",13873
UTL004002,حسن Khan,69605-7401253-5,Osman Khan,1995-07-21,"H-04002, Malir, Karachi",6821
UTL004003,Imran چوہدری,23033-5923958-3,Hussain Ch.,1973-07-06,"H-04003, Chaklala, Rawalpindi",8861
UTL004004,زینب Mughal,36176-9597295-9,Mohammad Mughal,1976-12-20,"H-04004, Gulshan-e-Iqbal, Karachi",9459
UTL004005,Ali Raja,81224-4882806-6,علی Raja,1976-08-16,"H-04005, Malir, Karachi",7278
UTL004006,فاطمہ اعوان,16607-7252556-9,احمد Awan,1977-12-15,"H-04006, F-7, Islamabad",12648
UTL004007,Othman Quraishi,82326-6234254-9,عثمان قریشی,2000-06-06,"H-04007, F-7, Islamabad",15534
UTL004008,Hasan Quraishi,22586-9118725-3,علی Qureshi,1990-05-05,"H-04008, Gulberg, Lahore",19105
UTL004009,Muhammed Faisal راجہ,12948-3599059-9,Muhammed احمد راجہ,1996-08-06,"H-04009, Clifton, Karachi",10119
UTL004010,Hussain Shaikh,91935-6630516-7,عمران Sheikh,2003-02-08,"H-04010, Gulshan-e-Iqbal, Karachi",17019
UTL004011,فاطمہ قریشی,38662-2014393-2,Hussein Qureshi,1959-04-01,"H-04011, DHA, Lahore",21576
UTL004012,Hussein Sayed,,Hassan Syed,1984-11-16,"H-04012, G-10, Islamabad",46705
UTL004013,عثمان Quraishi,27450-9026600-7,,1997-03-14,"H-04013, Madina Town, Faisalabad",15662
UTL004014,Marium Moghul,34095-6897810-6,فیصل Moghul,,"H-04014, Satellite Town, Rawalpindi",7898
UTL004015,Mohammad Awan,91019-7380578-7,Mohammad Ali Awan,1999-08-23,"H-04015, Chaklala, Rawalpindi",121842
UTL004016,ثناء خان,24835-2777708-9,Husain Khan,1986-06-02,"H-04016, Malir, Karachi",17544
UTL004017,علی Shaikh,,Muhammad Shaikh,2001-05-05,"H-04017, DHA, Karachi",6277
UTL004018,Mohammed حسن Shaykh,,Mohammad Hasan Shaikh,1962-07-03,"H-04018, Cantt, Lahore",14432
UTL004019,Zainab Butt,15199-9182885-1,Muhammed Ahmed Butt,1993-09-26,"H-04019, Satellite Town, Rawalpindi",9197
UTL004020,Ahmed ملک,74761-8611033-2,,1992-01-07,"H-04020, Gulshan-e-Iqbal, Karachi",43672
UTL004021,عمران Sayed,62735-6057066-2,,1980-03-24,"H-04021, Clifton, Karachi",74522
UTL004022,بلال Moghul,19068-5716975-7,Imran Moghul,1986-06-28,"H-04022, Johar Town, Lahore",25692
UTL004023,Muhammad حمزہ Malick,,Hussein Malik,,"H-04023, Malir, Karachi",8441
UTL004024,عمران Moghul,46199-6147917-3,حمزہ Mughal,1993-04-13,"H-04024, F-8, Islamabad",5619
UTL004025,Hussein راجہ,25299-3005362-8,عمران Raja,1959-07-03,"H-04025, Satellite Town, Rawalpindi",11801
UTL004026,Hira اعوان,68379-8778767-4,Faisal اعوان,1981-08-17,"H-04026, Model Town, Lahore",18217
UTL004027,علی Awan,94176-2717063-8,Imran اعوان,1961-06-14,"H-04027, Gulberg, Lahore",38683
UTL004028,حسن Quraishi,55025-8351538-9,Mohammad Hamza قریشی,,"H-04028, G-10, Islamabad",27819
UTL004029,حمزہ اعوان,92694-7262608-5,Hassan اعوان,1956-01-03,"H-04029, Gulshan-e-Iqbal, Karachi",12532
UTL004030,Ahmed Sheikh,56064-3942887-1,,1991-11-18,"H-04030, Bahria Town, Rawalpindi",14457
UTL004031,Muhammed Hussein خان,54817-3727688-5,,1986-08-10,"H-04031, G-10, Islamabad",3824
UTL004032,بلال Qureshi,50374-3612188-4,Muhammed Hasan Quraishi,1983-05-05,"H-04032, Johar Town, Lahore",13272
UTL004033,Mohammed Shaikh,46071-2222123-0,Bilal Sheikh,1973-10-13,"H-04033, DHA, Lahore",4511
UTL004034,علی Khan,,Muhammed خان,1994-07-15,"H-04034, Gulshan-e-Iqbal, Karachi",323629
UTL004035,Mohammad Khan,31075-2966544-9,Osman خان,1979-12-27,"H-04035, Madina Town, Faisalabad",15058
UTL004036,Muhammed قریشی,,,1979-11-04,"H-04036, Malir, Karachi",60788
UTL004037,عمران راجہ,97745-6892788-2,Hassan راجہ,1980-05-19,"H-04037, G-10, Islamabad",12331
UTL004038,Muhammed Shaikh,84675-7296444-7,بلال Shaikh,2002-01-10,"H-04038, North Nazimabad, Karachi",11660
UTL004039,Muhammed Hassan Shaykh,25704-8822343-5,Ahmed شیخ,1993-07-16,"H-04039, Gulshan-e-Iqbal, Karachi",11797
UTL004040,Faysal Sayed,,حسن سید,1960-05-22,"H-04040, Gulshan-e-Iqbal, Karachi",68804
UTL004041,علی Khan,47591-4640461-1,Muhammad خان,1984-08-06,"H-04041, Saddar, Rawalpindi",31242
UTL004042,Faysal Mughal,,Mohammad Hamza Moghul,1973-03-18,"H-04042, Bahria Town, Islamabad",9191
UTL004043,احمد اعوان,97514-9888385-7,Hasan اعوان,1987-09-02,"H-04043, Satellite Town, Rawalpindi",6787
UTL004044,Mohammad قریشی,29712-4487613-8,,1978-03-05,"H-04044, Cantt, Lahore",26823
UTL004045,Hussain Butt,62105-5062673-2,حسین Bhatti,1972-09-22,"H-04045, Madina Town, Faisalabad",9244
UTL004046,Bilal خان,32192-8014902-1,Bilal خان,2001-12-12,"H-04046, F-7, Islamabad",15347
UTL004047,ثناء Chaudhry,87816-8865639-0,علی Chaudhry,1962-05-22,"H-04047, Cantt, Lahore",11496
UTL004048,حسین Awan,16613-3496717-9,بلال Awan,1997-11-21,"H-04048, Saddar, Rawalpindi",44111
UTL004049,Faisal خان,74131-8800038-0,علی خان,1994-11-14,"H-04049, F-8, Islamabad",15860
UTL004050,محمد Ch.,32069-4987333-7,علی Ch.,2003-05-13,"H-04050, E-11, Islamabad",6841
UTL004051,Muhammad Bilal خان,56829-2449914-1,فیصل خان,,"H-04051, Bahria Town, Islamabad",12779
UTL004052,Ali شیخ,,Mohammed Ahmed Sheikh,1986-09-11,"H-04052, Satellite Town, Rawalpindi",13790
UTL004053,Hamza Shaykh,63139-5885012-2,Ali Shaykh,1963-10-05,"H-04053, Madina Town, Faisalabad",25729
UTL004054,Ahmad Raja,72705-7547513-1,حمزہ Raja,,"H-04054, Chaklala, Rawalpindi",15889
UTL004055,Othman Raja,,Mohammed حمزہ راجہ,1992-09-07,"H-04055, Madina Town, Faisalabad",5980
UTL004056,Imran Chaudhry,77009-4659799-6,,1977-11-19,"H-04056, Johar Town, Lahore",54749
UTL004057,Mariam Raja,,Othman Raja,1981-06-08,"H-04057, North Nazimabad, Karachi",14432
UTL004058,Hamza قریشی,36438-7864658-0,Hussain Quraishi,1985-01-20,"H-04058, North Nazimabad, Karachi",30463
UTL004059,Hamza Malick,99419-2870007-3,Hamza ملک,1973-08-27,"H-04059, F-8, Islamabad",9045
UTL004060,Muhammad Faysal شیخ,,,1971-03-16,"H-04060, Johar Town, Lahore",25227
UTL004061,Faysal Choudhary,85249-9569129-3,,2003-05-01,"H-04061, Johar Town, Lahore",5646
UTL004062,Imran ملک,90179-9427898-1,بلال Malick,1959-11-17,"H-04062, Peoples Colony, Faisalabad",22686
UTL004063,Mohammed Faysal Raja,18178-5408606-0,Mohammed Faisal راجہ,1968-04-13,"H-04063, Jaranwala Road, Faisalabad",8558
UTL004064,Fatima بٹ,,Usman Butt,,"H-04064, G-10, Islamabad",6752
UTL004065,Mohammad Hamza Shaykh,23357-6291094-5,Muhammad Hasan شیخ,1964-06-02,"H-04065, Gulberg, Lahore",67380
UTL004066,Mohammad Ali Mughal,57381-2620723-1,,1976-12-25,"H-04066, Chaklala, Rawalpindi",38564
UTL004067,Fatima Butt,23925-4770478-3,Mohammad فیصل Butt,1982-07-27,"H-04067, Peoples Colony, Faisalabad",10781
UTL004068,Hamzah Qureshi,63223-7628941-4,Hamza Qureshi,1959-11-03,"H-04068, Cantt, Lahore",39931
UTL004069,محمد اعوان,,Ahmad Awan,1989-05-13,"H-04069, Gulberg, Lahore",42493
UTL004070,بلال Ch.,18303-7345439-7,Bilal Choudhary,1996-06-12,"H-04070, Chaklala, Rawalpindi",3429
UTL004071,فیصل Sayed,,علی Sayyid,1967-07-09,"H-04071, Satellite Town, Rawalpindi",16412
UTL004072,Muhammed Ahmed بٹ,97376-1076007-4,Hasan Bhatti,1998-05-05,"H-04072, Johar Town, Lahore",18535
UTL004073,فاطمہ سید,75201-5850361-7,Muhammed Hussain Syed,2000-05-05,"H-04073, DHA, Lahore",13157
UTL004074,حسین Sheikh,72858-4217853-8,Muhammed احمد شیخ,1997-12-28,"H-04074, North Nazimabad, Karachi",501126
UTL004075,Husain اعوان,69567-6480497-1,محمد Awan,1997-03-19,"H-04075, DHA, Lahore",21656
UTL004076,Muhammed Raja,32058-8951648-1,محمد راجہ,1974-06-07,"H-04076, Gulberg, Lahore",21002
UTL004077,Muhammed احمد Chaudhary,36444-5945200-3,Ahmed چوہدری,1999-08-03,"H-04077, E-11, Islamabad",12151
UTL004078,بلال Ch.,44234-8486656-1,,1971-04-08,"H-04078, Model Town, Lahore",18198
UTL004079,Osman Butt,63761-3561259-2,Muhammed Bhatti,1980-09-05,"H-04079, Malir, Karachi",6004
UTL004080,Usman Raja,,,1962-11-18,"H-04080, Clifton, Karachi",13833
UTL004081,فیصل راجہ,33068-7193263-4,Faisal راجہ,1993-04-04,"H-04081, Malir, Karachi",40463
UTL004082,Zainab ملک,77802-8274910-1,حسن ملک,1981-08-23,"H-04082, Gulberg, Lahore",8180
UTL004083,Aysha Sayed,45743-5043436-3,Hamzah سید,1998-01-16,"H-04083, Gulshan-e-Iqbal, Karachi",36532
UTL004084,Bilal اعوان,,محمد Awan,1981-10-25,"H-04084, Clifton, Karachi",136410
UTL004085,Ahmad Sheikh,79290-6076400-0,,1994-08-05,"H-04085, Malir, Karachi",18355
UTL004086,Mohammed بٹ,66365-3847148-9,Hassan بٹ,1959-10-25,"H-04086, North Nazimabad, Karachi",48224
UTL004087,Sana اعوان,60479-5325951-7,Hussein اعوان,1955-02-20,"H-04087, Bahria Town, Islamabad",265426
UTL004088,Muhammed Hasan Malik,72756-1020311-4,بلال Malik,1961-07-04,"H-04088, Chaklala, Rawalpindi",4082
UTL004089,Muhammad Chaudhry,26475-7352469-7,Usman Chaudhry,1973-06-15,"H-04089, Peoples Colony, Faisalabad",15076
UTL004090,فیصل Butt,,,1977-07-07,"H-04090, Gulshan-e-Iqbal, Karachi",9003
UTL004091,Muhammed Imran Qureshi,,Hassan Quraishi,1962-04-05,"H-04091, F-8, Islamabad",6826
UTL004092,مریم Raja,36564-7021888-8,Mohammed Othman Raja,1994-10-04,"H-04092, Model Town, Lahore",165548
UTL004093,Mariam Choudhary,77084-7573456-9,علی Ch.,1964-06-23,"H-04093, Peoples Colony, Faisalabad",11066
UTL004094,حسن Awan,65172-7798900-2,Imran اعوان,1986-02-03,"H-04094, Bahria Town, Rawalpindi",6235
UTL004095,زینب Chaudhry,53625-6823313-3,فیصل Ch.,1972-06-26,"H-04095, Bahria Town, Islamabad",22687
UTL004096,Mohammad عمران Sheikh,80532-7929084-3,Muhammad Sheikh,1993-10-24,"H-04096, Peoples Colony, Faisalabad",4683
UTL004097,Osman بٹ,86072-4421851-9,حسین Bhatti,,"H-04097, Malir, Karachi",13534
UTL004098,علی ملک,50635-1556583-9,Mohammed Bilal Malick,1984-07-05,"H-04098, G-10, Islamabad",21196
UTL004099,حمزہ Bhatti,12960-7208506-2,حمزہ Butt,1995-12-15,"H-04099, Gulshan-e-Iqbal, Karachi",20460
UTL004100,Othman Bhatti,59854-4883331-0,حمزہ Butt,1997-08-19,"H-04100, Satellite Town, Rawalpindi",46828
UTL004101,Mohammed Moghul,95929-6933026-1,Faisal مغل,1973-01-16,"H-04101, Malir, Karachi",26714
UTL004102,حسین Sayyid,15472-5562498-1,احمد Sayyid,1986-01-17,"H-04102, Gulshan-e-Iqbal, Karachi",6095
UTL004103,Mohammed فیصل Sheikh,,Ali Shaykh,1992-12-12,"H-04103, F-7, Islamabad",14809
UTL004104,حسین Awan,33132-1919627-5,Usman اعوان,1975-03-08,"H-04104, E-11, Islamabad",19192
UTL004105,Muhammed حسین مغل,72926-5915025-5,Muhammed Bilal Moghul,,"H-04105, Chaklala, Rawalpindi",8233
UTL004106,Hasan Chaudhary,50309-7652109-5,,1991-01-07,"H-04106, Jaranwala Road, Faisalabad",11289
UTL004107,Mohammed راجہ,21691-4497271-0,Ahmad Raja,1982-01-13,"H-04107, Model Town, Lahore",37758
UTL004108,Hussain Mughal,57990-5008309-4,Muhammad Ahmed Moghul,1986-11-16,"H-04108, Clifton, Karachi",25026
UTL004109,Hasan Bhatti,69491-2862784-8,Mohammed Ali بٹ,1961-11-28,"H-04109, DHA, Lahore",12779
UTL004110,Bilal Khan,,Muhammed Ahmad Khan,1988-07-15,"H-04110, Bahria Town, Rawalpindi",30353
UTL004111,Ahmad خان,30218-4951666-8,Imran خان,1970-07-19,"H-04111, Madina Town, Faisalabad",15116
UTL004112,علی Quraishi,41427-7001339-6,,1972-11-03,"H-04112, Chaklala, Rawalpindi",102312
UTL004113,Osman Bhatti,78596-7554726-3,Faysal Butt,1991-12-13,"H-04113, Bahria Town, Rawalpindi",28447
UTL004114,Hasan Raja,,,1985-11-12,"H-04114, Bahria Town, Islamabad",12166
UTL004115,عثمان Khan,88840-1395428-3,فیصل خان,1998-06-25,"H-04115, Madina Town, Faisalabad",12296
UTL004116,Sana Chaudhry,40874-2503757-0,,2000-08-08,"H-04116, Peoples Colony, Faisalabad",13357
UTL004117,حمزہ Sayed,48730-1880248-2,Husain Sayyid,1991-07-13,"H-04117, F-8, Islamabad",31477
UTL004118,حسن راجہ,55231-6556614-2,,1959-01-22,"H-04118, Bahria Town, Islamabad",339349
UTL004119,Husain بٹ,50637-9242433-9,Mohammad Ali Bhatti,1955-08-09,"H-04119, Bahria Town, Islamabad",15249
UTL004120,Ayesha Choudhary,23458-8584378-7,Osman Ch.,1994-10-02,"H-04120, Gulberg, Lahore",10732
UTL004121,Faisal Malik,33061-1104637-4,Ahmed Malick,2001-01-08,"H-04121, Clifton, Karachi",10584
UTL004122,Muhammed Imran ملک,88308-8614882-2,Faysal Malick,1976-08-11,"H-04122, Clifton, Karachi",29691
UTL004123,Ali Syed,17318-1935797-7,,1982-11-24,"H-04123, Johar Town, Lahore",8099
UTL004124,Muhammed Ali قریشی,60741-8204418-6,عمران Qureshi,1994-10-06,"H-04124, Malir, Karachi",24470
UTL004125,Bilal Shaykh,38060-6081732-5,Muhammad فیصل Sheikh,2000-06-18,"H-04125, Clifton, Karachi",25720
UTL004126,Muhammad بلال Quraishi,,Usman قریشی,1993-01-19,"H-04126, Bahria Town, Rawalpindi",25605
UTL004127,Muhammad احمد بٹ,38268-8365068-6,Hasan Bhatti,2003-08-25,"H-04127, Chaklala, Rawalpindi",18898
UTL004128,عثمان سید,,Hamzah Syed,1982-07-19,"H-04128, Bahria Town, Islamabad",117521
UTL004129,Maryam خان,83496-7825534-5,,,"H-04129, F-7, Islamabad",5881
UTL004130,Zaynab Qureshi,,فیصل Quraishi,1963-06-14,"H-04130, DHA, Karachi",7621
UTL004131,بلال Bhatti,90914-6991311-0,Mohammad Imran Bhatti,1958-05-23,"H-04131, Satellite Town, Rawalpindi",35772
UTL004132,فاطمہ Raja,58664-1531211-4,احمد Raja,,"H-04132, Cantt, Lahore",12269
UTL004133,محمد مغل,53860-3932343-1,,1969-09-01,"H-04133, Gulberg, Lahore",15755
UTL004134,Muhammad Husain Syed,59549-5984932-5,Mohammed احمد Sayyid,1973-09-15,"H-04134, Johar Town, Lahore",38954
UTL004135,عثمان Malick,53097-5627131-5,Muhammad عمران Malik,1993-04-24,"H-04135, Cantt, Lahore",27477
UTL004136,Usman راجہ,89836-2116368-6,Faysal Raja,1977-04-12,"H-04136, Bahria Town, Islamabad",7690
UTL004137,علی Shaikh,,Mohammad علی Shaykh,1955-10-23,"H-04137, Jaranwala Road, Faisalabad",8632
UTL004138,Hira بٹ,42693-2061499-1,Ahmad Bhatti,1973-10-14,"H-04138, Peoples Colony, Faisalabad",7267
UTL004139,فیصل راجہ,,Muhammed راجہ,1973-11-25,"H-04139, Jaranwala Road, Faisalabad",53797
UTL004140,فیصل Awan,13669-7075837-9,,1978-09-07,"H-04140, F-7, Islamabad",4574
UTL004141,Usman Moghul,21666-1276464-4,علی Moghul,1956-11-17,"H-04141, F-8, Islamabad",18017
UTL004142,عمران سید,84746-1604657-7,Muhammed عمران Sayed,1983-03-11,"H-04142, G-10, Islamabad",403696
UTL004143,Muhammed احمد Qureshi,16311-4440364-7,,1983-08-01,"H-04143, North Nazimabad, Karachi",107215
UTL004144,حرا Khan,97873-8109602-9,Hussein خان,1962-04-25,"H-04144, Saddar, Rawalpindi",5935
UTL004145,Muhammed Imran Chaudhary,57189-7115138-8,Muhammad علی Choudhary,1986-08-24,"H-04145, Chaklala, Rawalpindi",4217
UTL004146,علی Sayyid,24472-7284551-6,Faysal Sayed,1998-11-09,"H-04146, Jaranwala Road, Faisalabad",177403
UTL004147,عائشہ Raja,65668-3087391-5,Muhammed Raja,1965-12-08,"H-04147, Johar Town, Lahore",30800
UTL004148,Muhammed Mughal,86804-7438095-9,Muhammad Ahmad Mughal,1976-08-07,"H-04148, G-10, Islamabad",19849
UTL004149,حسن راجہ,36271-4431234-7,Muhammad عثمان Raja,1991-09-23,"H-04149, E-11, Islamabad",8416
UTL004150,Hassan Raja,10356-2895794-8,عمران راجہ,1960-11-26,"H-04150, Satellite Town, Rawalpindi",14611
UTL004151,احمد Choudhary,,Hasan Chaudhry,1967-02-09,"H-04151, Johar Town, Lahore",9605
UTL004152,عائشہ اعوان,,,1981-04-08,"H-04152, Clifton, Karachi",32795
UTL004153,ثناء Khan,18990-4220922-2,علی Khan,2002-01-27,"H-04153, Jaranwala Road, Faisalabad",27827
UTL004154,Hussain Butt,96351-5013490-5,Mohammed احمد Bhatti,1993-08-17,"H-04154, Peoples Colony, Faisalabad",37041
UTL004155,Mohammed Bilal Butt,,Muhammad Hussein Butt,1964-11-28,"H-04155, Peoples Colony, Faisalabad",17556
UTL004156,Muhammed شیخ,31504-3233234-4,Ahmad Shaykh,1986-01-23,"H-04156, Peoples Colony, Faisalabad",8201
UTL004157,احمد Chaudhary,98600-5666659-3,Muhammad Hussein چوہدری,1957-04-02,"H-04157, Satellite Town, Rawalpindi",24768
UTL004158,Sana Shaikh,75275-4745196-3,Muhammad Hasan Shaykh,1977-09-04,"H-04158, F-7, Islamabad",5517
UTL004159,Muhammad ملک,90373-9162253-9,بلال Malik,1990-06-10,"H-04159, F-8, Islamabad",20066
UTL004160,Marium خان,31512-1730759-8,Ali Khan,1961-03-09,"H-04160, Malir, Karachi",31927
UTL004161,Maryam Butt,60970-3556272-9,علی Butt,1962-12-08,"H-04161, F-8, Islamabad",20061
UTL004162,Muhammad احمد Chaudhry,,,,"H-04162, G-10, Islamabad",6800
UTL004163,عمران Moghul,56657-5556286-9,Mohammad حسین مغل,2002-10-15,"H-04163, Peoples Colony, Faisalabad",30005
UTL004164,Mohammed بٹ,,Hamzah Butt,1978-07-08,"H-04164, Chaklala, Rawalpindi",9373
UTL004165,Mohammed Husain Sayed,47159-6050893-4,Hussein سید,1981-12-26,"H-04165, F-7, Islamabad",5279
UTL004166,Hussein قریشی,27646-9583538-8,عمران قریشی,1997-07-10,"H-04166, Model Town, Lahore",32030
UTL004167,Mohammed بٹ,,Ahmed Bhatti,1970-10-04,"H-04167, DHA, Lahore",103664
UTL004168,Zaynab بٹ,90641-4601321-7,Hamzah Butt,1985-03-24,"H-04168, Madina Town, Faisalabad",303126
UTL004169,Osman Butt,43736-2939204-2,,2003-01-23,"H-04169, Gulberg, Lahore",20465
UTL004170,Muhammad Hussein ملک,72233-3305936-2,حسن ملک,,"H-04170, Model Town, Lahore",16854
UTL004171,زینب Ch.,98446-1871707-6,Hasan چوہدری,1965-04-20,"H-04171, Saddar, Rawalpindi",235930
UTL004172,Marium Choudhary,30879-2626896-0,Imran Ch.,1976-09-07,"H-04172, Model Town, Lahore",136532
UTL004173,Mohammad عمران Shaikh,30855-2469840-8,فیصل Shaikh,1972-06-04,"H-04173, Bahria Town, Rawalpindi",29760
UTL004174,عمران Mughal,97557-2665806-8,Ahmed مغل,1961-10-20,"H-04174, Jaranwala Road, Faisalabad",3977
UTL004175,حرا راجہ,,Hussain Raja,1967-04-22,"H-04175, Model Town, Lahore",16936
UTL004176,Othman Chaudhry,34587-5761242-9,Mohammad حمزہ Chaudhry,2000-02-25,"H-04176, F-8, Islamabad",17089
UTL004177,Muhammed Bhatti,,Hussain Bhatti,1964-05-25,"H-04177, North Nazimabad, Karachi",9013
UTL004178,Muhammad Moghul,39487-2872198-6,حسن Mughal,1969-03-10,"H-04178, Malir, Karachi",12088
UTL004179,Imran Awan,43356-9055100-8,,1991-12-01,"H-04179, Model Town, Lahore",96921
UTL004180,احمد Sheikh,91189-8242292-9,,1958-03-10,"H-04180, E-11, Islamabad",28281
UTL004181,Hamza Shaykh,95387-7039002-2,محمد Shaikh,1983-07-19,"H-04181, G-10, Islamabad",7654
UTL004182,Usman Sheikh,21175-2510354-9,Mohammed Hamza Sheikh,1986-09-19,"H-04182, Madina Town, Faisalabad",12014
UTL004183,Mohammad Malick,16899-7248414-1,Hussain Malick,,"H-04183, Madina Town, Faisalabad",75613
UTL004184,Hasan Malik,54499-8907945-5,احمد Malik,1956-01-01,"H-04184, Bahria Town, Rawalpindi",11663
UTL004185,Hamzah Bhatti,72231-4972428-8,Hussain Butt,1983-11-27,"H-04185, Cantt, Lahore",36547
UTL004186,Mohammad Osman راجہ,39736-1796213-2,,,"H-04186, Malir, Karachi",29684
UTL004187,فاطمہ اعوان,24838-2566508-2,Faisal اعوان,1997-09-02,"H-04187, Model Town, Lahore",11468
UTL004188,Ahmad خان,,Muhammed خان,1978-01-13,"H-04188, Johar Town, Lahore",25016
UTL004189,Mohammed Othman Sheikh,30935-6469512-4,بلال Shaikh,1976-12-22,"H-04189, Cantt, Lahore",30035
UTL004190,Muhammed Bilal Moghul,58573-6937465-9,,1968-07-11,"H-04190, Gulshan-e-Iqbal, Karachi",18243
UTL004191,علی Chaudhary,,حمزہ چوہدری,1979-12-28,"H-04191, Bahria Town, Rawalpindi",12626
UTL004192,Maryam ملک,94412-8385587-9,Mohammad ملک,1972-06-25,"H-04192, Chaklala, Rawalpindi",204383
UTL004193,Mohammed حسین شیخ,,Ali Shaykh,1978-05-20,"H-04193, Gulshan-e-Iqbal, Karachi",4556
UTL004194,Hassan اعوان,,,1973-09-20,"H-04194, North Nazimabad, Karachi",11156
UTL004195,Ahmad Sayyid,55610-7376612-5,حسن Syed,,"H-04195, DHA, Karachi",18696
UTL004196,Hussain Shaikh,,Hussein شیخ,1968-11-15,"H-04196, F-7, Islamabad",4556
UTL004197,عمران سید,29628-9585325-3,عثمان Sayyid,1988-12-24,"H-04197, Madina Town, Faisalabad",10446
UTL004198,Bilal Butt,93053-8521781-5,Mohammed Faisal بٹ,1983-10-19,"H-04198, G-10, Islamabad",212039
UTL004199,علی Qureshi,92843-1970164-4,Hassan Qureshi,,"H-04199, F-8, Islamabad",82915
UTL004200,Mohammad Faysal Awan,,بلال Awan,1985-03-25,"H-04200, Peoples Colony, Faisalabad",23386
UTL004201,عثمان راجہ,62960-8366538-8,Faisal Raja,1971-06-04,"H-04201, North Nazimabad, Karachi",21890
UTL004202,علی بٹ,19309-3588769-7,,1965-04-15,"H-04202, Satellite Town, Rawalpindi",116525
UTL004203,Mohammed Ali Moghul,93968-7470157-3,عثمان Mughal,1959-09-28,"H-04203, Bahria Town, Islamabad",20135
UTL004204,Mohammed Hassan Shaikh,,حسن Sheikh,1998-11-01,"H-04204, North Nazimabad, Karachi",10587
UTL004205,Zainab Malick,30671-5848175-1,Muhammed Malik,1968-07-16,"H-04205, Peoples Colony, Faisalabad",19762
UTL004206,Sana Choudhary,87518-5465564-0,Muhammed Ahmad Choudhary,1960-08-03,"H-04206, Cantt, Lahore",112592
UTL004207,Hamza Khan,23283-9875599-4,Bilal Khan,1984-10-02,"H-04207, Peoples Colony, Faisalabad",11868
UTL004208,Hira چوہدری,93489-2771307-6,,1964-08-12,"H-04208, Bahria Town, Rawalpindi",5621
UTL004209,Zainab Syed,,Faisal سید,1996-08-16,"H-04209, DHA, Karachi",7166
UTL004210,Aisha ملک,27336-7214173-6,بلال Malik,2002-02-18,"H-04210, Madina Town, Faisalabad",11654
UTL004211,Mohammad Hasan اعوان,75487-2046228-0,Ahmad اعوان,1955-03-25,"H-04211, DHA, Karachi",18942
UTL004212,Muhammad Bilal راجہ,15483-6345741-1,محمد راجہ,1962-02-25,"H-04212, Cantt, Lahore",52189
UTL004213,Bilal Mughal,,بلال Mughal,1984-07-20,"H-04213, Model Town, Lahore",5907
UTL004214,Muhammed Malik,49965-2331384-1,Bilal Malik,1969-03-18,"H-04214, Bahria Town, Islamabad",6296
UTL004215,Faisal Sayed,,,1962-07-15,"H-04215, F-8, Islamabad",6032
UTL004216,Ayisha Sheikh,,Muhammad Othman شیخ,1957-03-23,"H-04216, G-10, Islamabad",28588
UTL004217,Muhammad Imran Sheikh,93429-9805934-0,عثمان Shaikh,1999-08-12,"H-04217, G-10, Islamabad",22511
UTL004218,Mohammed Sheikh,43008-3320597-6,Hasan Shaikh,1970-06-06,"H-04218, F-8, Islamabad",11782
UTL004219,حسین راجہ,26377-4259728-2,Muhammed راجہ,1964-01-13,"H-04219, Satellite Town, Rawalpindi",33336
UTL004220,Mohammed Ch.,64436-8543246-6,Hamzah Choudhary,1972-05-17,"H-04220, North Nazimabad, Karachi",68328
UTL004221,Sana خان,90601-2036514-0,Husain Khan,,"H-04221, Bahria Town, Rawalpindi",14340
UTL004222,Mariam Sayed,,Mohammed Ali سید,2000-10-28,"H-04222, Satellite Town, Rawalpindi",31641
UTL004223,Mohammed Butt,64398-5996342-9,Mohammad Usman Bhatti,1971-06-21,"H-04223, Saddar, Rawalpindi",14145
UTL004224,Muhammad Bilal Quraishi,,,1977-04-09,"H-04224, Satellite Town, Rawalpindi",121646
UTL004225,علی راجہ,,Mohammed بلال Raja,1982-06-09,"H-04225, Bahria Town, Rawalpindi",6397
UTL004226,علی اعوان,,Othman اعوان,1995-05-21,"H-04226, Bahria Town, Islamabad",102133
UTL004227,Muhammed Sheikh,40628-7454975-6,Muhammad Othman Shaikh,2003-10-10,"H-04227, Gulshan-e-Iqbal, Karachi",5425
UTL004228,Muhammed Hasan شیخ,53633-5105321-3,,,"H-04228, Model Town, Lahore",46559
UTL004229,Zaynab Awan,89271-3495761-0,Hassan اعوان,1999-10-18,"H-04229, G-10, Islamabad",7064
UTL004230,Hira سید,20222-7130822-7,,1955-02-10,"H-04230, North Nazimabad, Karachi",14510
UTL004231,Usman راجہ,30154-4554486-1,Osman راجہ,1970-10-09,"H-04231, Malir, Karachi",8765
UTL004232,Imran اعوان,15118-2077186-6,Hassan اعوان,1993-08-21,"H-04232, Chaklala, Rawalpindi",5502
UTL004233,Hira Mughal,58580-2079683-0,Faysal مغل,1990-02-02,"H-04233, DHA, Lahore",20032
UTL004234,Mohammed Husain چوہدری,28237-8707958-7,Hasan چوہدری,,"H-04234, DHA, Karachi",10782
UTL004235,علی Awan,82562-1142955-8,Mohammed Ali اعوان,1979-04-06,"H-04235, Bahria Town, Rawalpindi",175014
UTL004236,حرا Ch.,50553-5135315-1,Muhammad Choudhary,,"H-04236, DHA, Karachi",23153
UTL004237,Aisha Bhatti,34372-8245643-4,Mohammed Ali Butt,1992-04-01,"H-04237, Gulshan-e-Iqbal, Karachi",46264
UTL004238,Bilal ملک,76350-4385275-8,Muhammed احمد ملک,1981-08-10,"H-04238, F-8, Islamabad",15517
UTL004239,Mohammad عمران Mughal,16699-6968729-8,,1997-08-09,"H-04239, G-10, Islamabad",14654
UTL004240,حمزہ Quraishi,87258-9125581-2,Hussain قریشی,1976-10-15,"H-04240, Cantt, Lahore",15496
UTL004241,Ali Butt,,,1962-01-01,"H-04241, G-10, Islamabad",50122
UTL004242,Aysha ملک,79041-6397618-4,,1968-10-24,"H-04242, Satellite Town, Rawalpindi",227486
UTL004243,حمزہ مغل,60375-3148368-6,Faisal Mughal,,"H-04243, Peoples Colony, Faisalabad",45254
UTL004244,Muhammed Khan,,,1997-03-28,"H-04244, Model Town, Lahore",4643
UTL004245,Hira چوہدری,97581-4660723-9,Ali Chaudhary,1977-03-10,"H-04245, Satellite Town, Rawalpindi",18405
UTL004246,Ayesha Malik,25331-2048754-7,Muhammed Othman Malick,1962-08-08,"H-04246, DHA, Lahore",7514
UTL004247,عمران Choudhary,48533-3958801-1,,,"H-04247, Bahria Town, Rawalpindi",8748
UTL004248,Muhammad Hassan راجہ,19164-8677416-1,Muhammad حسن Raja,1975-11-20,"H-04248, Satellite Town, Rawalpindi",4913
UTL004249,Muhammed Quraishi,32820-6549843-6,Ali Quraishi,2001-08-07,"H-04249, Bahria Town, Islamabad",29490
UTL004250,Hassan Ch.,20806-3587171-0,فیصل Choudhary,1994-03-18,"H-04250, Malir, Karachi",6265
UTL004251,Sana بٹ,73099-6545110-1,عثمان Bhatti,1969-07-22,"H-04251, Johar Town, Lahore",60455
UTL004252,Hira Qureshi,59217-2742172-2,Muhammad عمران Qureshi,1975-12-13,"H-04252, Malir, Karachi",19541
UTL004253,Muhammed Husain Malick,84954-4969039-3,Muhammed Ahmed Malick,1960-02-11,"H-04253, Chaklala, Rawalpindi",6524
UTL004254,حسین Khan,26407-2667391-8,محمد Khan,1980-12-23,"H-04254, Johar Town, Lahore",21965
UTL004255,Mohammed Hassan Syed,,Muhammad Imran Sayyid,1975-03-05,"H-04255, Gulberg, Lahore",51886
UTL004256,Bilal Qureshi,,Hasan Quraishi,1994-09-15,"H-04256, Saddar, Rawalpindi",15035
UTL004257,Othman Bhatti,13886-1066712-7,Muhammad حسین Bhatti,1976-11-25,"H-04257, F-8, Islamabad",130024
UTL004258,مریم Bhatti,65064-6810442-1,,1968-02-13,"H-04258, Gulshan-e-Iqbal, Karachi",7778
UTL004259,Hasan Choudhary,15211-6578730-7,Usman Ch.,1984-12-17,"H-04259, Bahria Town, Rawalpindi",30206
UTL004260,Muhammad حمزہ Khan,13044-8658524-6,Bilal خان,1982-01-13,"H-04260, Model Town, Lahore",11127
UTL004261,Mohammed Raja,65907-2373687-0,Bilal Raja,1987-10-14,"H-04261, F-8, Islamabad",13039
UTL004262,Mohammed علی سید,45539-2800115-4,Ahmed سید,1966-11-09,"H-04262, E-11, Islamabad",91168
UTL004263,Hassan Moghul,77475-4529089-5,Faysal Mughal,1979-01-01,"H-04263, Chaklala, Rawalpindi",23183
UTL004264,Mohammad Raja,60787-4636142-8,Imran راجہ,1962-10-07,"H-04264, Saddar, Rawalpindi",22873
UTL004265,Hamza Malick,76316-4697461-8,,1994-09-16,"H-04265, Madina Town, Faisalabad",17370
UTL004266,زینب خان,19700-8807387-5,,,"H-04266, North Nazimabad, Karachi",66849
UTL004267,Hira اعوان,26533-7903772-2,Muhammed Husain اعوان,,"H-04267, F-8, Islamabad",7381
UTL004268,Ali Raja,67310-6653851-1,Hamzah راجہ,1986-04-03,"H-04268, Malir, Karachi",39039
UTL004269,زینب Mughal,41364-6471990-2,Hamzah Moghul,1998-07-26,"H-04269, DHA, Lahore",74763
UTL004270,Mohammad Faisal Chaudhary,,Ahmad چوہدری,1988-03-11,"H-04270, Satellite Town, Rawalpindi",7206
UTL004271,Ahmed Sayyid,24380-8946405-2,Hamza Sayyid,1961-06-09,"H-04271, Cantt, Lahore",124665
UTL004272,بلال Sheikh,,Mohammed حسن Shaikh,1976-01-07,"H-04272, Madina Town, Faisalabad",11234
UTL004273,Zainab Mughal,52698-8480154-4,حسین Mughal,1982-12-11,"H-04273, Satellite Town, Rawalpindi",8562
UTL004274,Ahmad راجہ,90581-3967778-1,Ali Raja,1976-06-17,"H-04274, Bahria Town, Rawalpindi",30596
UTL004275,Mariam بٹ,,Usman Butt,1959-04-10,"H-04275, Gulshan-e-Iqbal, Karachi",90379
UTL004276,عمران Syed,91219-8194576-3,عمران Sayyid,1986-05-10,"H-04276, E-11, Islamabad",16533
UTL004277,حسین ملک,41241-9701233-3,Hussein ملک,1960-01-14,"H-04277, Model Town, Lahore",19069
UTL004278,Faisal Mughal,61127-7151944-6,Ali Mughal,,"H-04278, Satellite Town, Rawalpindi",22403
UTL004279,Mohammad فیصل چوہدری,67750-9170386-7,Mohammad Hussein Choudhary,1974-02-02,"H-04279, Johar Town, Lahore",54316
UTL004280,حسن Moghul,24676-9720327-2,Muhammad Moghul,1955-04-22,"H-04280, Saddar, Rawalpindi",21468
UTL004281,عثمان راجہ,,Hassan راجہ,1998-12-05,"H-04281, Johar Town, Lahore",18672
UTL004282,Ahmad Khan,61716-5721741-6,Usman خان,1961-09-09,"H-04282, Satellite Town, Rawalpindi",31520
UTL004283,Hira مغل,,Faisal Mughal,,"H-04283, Chaklala, Rawalpindi",8236
UTL004284,Ayisha Malick,21351-8685711-9,Muhammad Husain Malick,,"H-04284, Bahria Town, Islamabad",22622
UTL004285,ثناء Shaykh,56445-2617893-0,,1996-12-25,"H-04285, Cantt, Lahore",5226
UTL004286,علی اعوان,61443-9727917-6,Imran اعوان,1997-10-19,"H-04286, Peoples Colony, Faisalabad",10006
UTL004287,Muhammed Khan,60497-6552571-0,,1958-06-05,"H-04287, Gulberg, Lahore",17547
UTL004288,محمد Awan,22476-4740567-3,Osman Awan,1966-10-10,"H-04288, Chaklala, Rawalpindi",33594
UTL004289,Maryam خان,,عمران Khan,1972-11-22,"H-04289, Cantt, Lahore",12392
UTL004290,Aysha بٹ,78355-8116204-8,حمزہ Bhatti,1980-02-05,"H-04290, F-8, Islamabad",10351
UTL004291,Maryam Awan,24881-4291026-5,حسین Awan,,"H-04291, Bahria Town, Rawalpindi",4329
UTL004292,Mohammed احمد قریشی,,Mohammad عمران Quraishi,1996-10-28,"H-04292, Cantt, Lahore",17441
UTL004293,حسن Malick,14179-9720856-5,Mohammed Faysal Malik,1957-05-02,"H-04293, DHA, Lahore",362108
UTL004294,Husain Malik,38170-7765598-4,Ali Malik,1970-08-24,"H-04294, Saddar, Rawalpindi",4915
UTL004295,علی Bhatti,92087-8379085-1,عمران Butt,1991-08-28,"H-04295, Gulshan-e-Iqbal, Karachi",35428
UTL004296,Hamza اعوان,,Ali اعوان,1961-01-27,"H-04296, Jaranwala Road, Faisalabad",24777
UTL004297,Imran Sheikh,,Mohammed Sheikh,2001-08-22,"H-04297, Gulshan-e-Iqbal, Karachi",16871
UTL004298,Muhammad احمد Choudhary,,بلال Chaudhary,1960-10-14,"H-04298, Model Town, Lahore",10889
UTL004299,Mohammad احمد Moghul,,Husain Moghul,1977-08-02,"H-04299, Satellite Town, Rawalpindi",340701
UTL004300,ثناء Sayed,67894-9581868-5,,1984-02-22,"H-04300, Gulberg, Lahore",25292
UTL004301,Muhammed Ahmed مغل,35555-2441367-7,Bilal Moghul,2001-12-16,"H-04301, Jaranwala Road, Faisalabad",9532
UTL004302,Hira Khan,,بلال خان,1965-12-09,"H-04302, Clifton, Karachi",3839
UTL004303,Muhammad حسن خان,89486-9337918-8,,1981-05-14,"H-04303, Clifton, Karachi",36691
UTL004304,Faisal Malik,81145-6100742-9,عمران Malick,1986-12-09,"H-04304, Peoples Colony, Faisalabad",63320
UTL004305,Mohammed Ali خان,28509-3799531-6,Mohammad عمران Khan,1980-09-16,"H-04305, Cantt, Lahore",21867
UTL004306,زینب Qureshi,47610-6497547-7,بلال Quraishi,1975-04-01,"H-04306, Chaklala, Rawalpindi",21584
UTL004307,بلال Butt,,Muhammad علی Bhatti,1964-03-12,"H-04307, DHA, Lahore",35628
UTL004308,Ahmad شیخ,61542-6132300-3,عثمان Shaikh,2001-01-19,"H-04308, Johar Town, Lahore",3436
UTL004309,Hamza Ch.,84725-3528191-6,Mohammed Bilal چوہدری,1966-03-26,"H-04309, Gulshan-e-Iqbal, Karachi",22606
UTL004310,Mariam Sayyid,82801-3553842-8,Muhammed Syed,1985-02-02,"H-04310, Clifton, Karachi",4625
UTL004311,Zainab Malick,88357-7528706-9,,1993-04-22,"H-04311, Bahria Town, Rawalpindi",19037
UTL004312,Mohammad Faisal Ch.,35649-4286973-8,Hamza Ch.,1982-09-17,"H-04312, Cantt, Lahore",6560
UTL004313,Sana مغل,55285-9602108-1,حمزہ Moghul,,"H-04313, Madina Town, Faisalabad",13699
UTL004314,Bilal قریشی,42699-6580456-0,Muhammad حمزہ Quraishi,1995-10-27,"H-04314, Gulberg, Lahore",12704
UTL004315,Muhammed Hamzah راجہ,92811-7038273-2,Ahmad راجہ,1992-10-17,"H-04315, Bahria Town, Rawalpindi",7512
UTL004316,Faisal Sayyid,37343-5853906-2,Mohammed Faisal Sayed,1994-12-12,"H-04316, Clifton, Karachi",8358
UTL004317,علی Sayed,80071-2479358-4,,1980-08-15,"H-04317, Bahria Town, Rawalpindi",16088
UTL004318,Sana سید,88873-9089143-1,Mohammad Imran Syed,1959-10-02,"H-04318, Bahria Town, Rawalpindi",46037
UTL004319,Muhammad بلال Raja,,Muhammed Othman راجہ,1968-12-16,"H-04319, Jaranwala Road, Faisalabad",4990
UTL004320,Hussain Shaikh,17252-4949097-3,,,"H-04320, Saddar, Rawalpindi",10112
UTL004321,Ahmed راجہ,89384-2862783-9,عمران راجہ,1981-07-03,"H-04321, Peoples Colony, Faisalabad",10755
UTL004322,بلال Choudhary,33918-8436041-7,,,"H-04322, E-11, Islamabad",51772
UTL004323,Hira راجہ,11473-8802657-2,Imran راجہ,1998-12-10,"H-04323, F-7, Islamabad",72638
UTL004324,عمران Khan,,بلال Khan,1998-12-19,"H-04324, North Nazimabad, Karachi",3246
UTL004325,عثمان خان,45533-1481563-4,عمران خان,2003-08-24,"H-04325, F-7, Islamabad",9598
UTL004326,Zainab Bhatti,52151-4940134-6,Hussain Butt,1994-10-13,"H-04326, Model Town, Lahore",19388
UTL004327,حرا Mughal,,علی مغل,1965-03-23,"H-04327, Jaranwala Road, Faisalabad",11668
UTL004328,حرا Malik,41056-1572791-0,Ali Malick,1986-01-05,"H-04328, F-8, Islamabad",14179
UTL004329,Hamzah Sayyid,67264-5080844-8,Mohammad Syed,1975-02-09,"H-04329, Peoples Colony, Faisalabad",7954
UTL004330,Hira مغل,66995-9652374-1,علی Moghul,2003-01-16,"H-04330, DHA, Karachi",27475
UTL004331,بلال Mughal,20600-6838149-5,Muhammad عمران Mughal,1977-10-08,"H-04331, Jaranwala Road, Faisalabad",129347
UTL004332,علی Butt,56651-8317039-5,علی Bhatti,1968-03-05,"H-04332, G-10, Islamabad",25155
UTL004333,Hussein ملک,,حمزہ ملک,1980-10-20,"H-04333, Cantt, Lahore",7893
UTL004334,Muhammed Imran Malick,86519-6488627-9,,,"H-04334, E-11, Islamabad",5332
UTL004335,ثناء Quraishi,66542-4500871-6,Ahmad Quraishi,1996-02-26,"H-04335, DHA, Karachi",8964
UTL004336,Mohammad Raja,,,1991-10-08,"H-04336, DHA, Karachi",50262
UTL004337,Othman Sheikh,78084-7652566-2,عمران Shaykh,,"H-04337, Peoples Colony, Faisalabad",33669
UTL004338,Mohammed Quraishi,75858-7025935-0,عثمان Qureshi,1979-01-18,"H-04338, DHA, Lahore",36492
UTL004339,Muhammad Ali Syed,81654-6937212-8,,1981-06-09,"H-04339, Gulshan-e-Iqbal, Karachi",14873
UTL004340,Imran بٹ,87887-5056936-8,Bilal بٹ,1977-05-15,"H-04340, F-7, Islamabad",21306
UTL004341,حرا Khan,,عمران خان,1985-01-11,"H-04341, G-10, Islamabad",7914
UTL004342,Muhammad Qureshi,,بلال Qureshi,1961-06-01,"H-04342, Saddar, Rawalpindi",189896
UTL004343,Othman خان,92362-7291032-6,Bilal خان,1958-06-01,"H-04343, Satellite Town, Rawalpindi",14997
UTL004344,Muhammed Usman اعوان,,Faisal Awan,1999-04-19,"H-04344, Chaklala, Rawalpindi",4341
UTL004345,Zaynab Ch.,84311-1699056-3,Osman چوہدری,1964-02-23,"H-04345, Bahria Town, Rawalpindi",24947
UTL004346,Ayesha Moghul,28099-8643180-6,Hussain Mughal,1986-02-25,"H-04346, DHA, Karachi",68126
UTL004347,حسن Shaikh,,Bilal Shaykh,1996-07-25,"H-04347, DHA, Karachi",31671
UTL004348,Hamza Awan,24295-4677693-3,Muhammed Awan,1994-09-08,"H-04348, Cantt, Lahore",26272
UTL004349,Hasan Awan,37169-6148936-6,Hassan اعوان,1967-12-06,"H-04349, Madina Town, Faisalabad",6521
UTL004350,Othman Sayyid,82412-7588178-6,Imran Syed,1957-12-22,"H-04350, E-11, Islamabad",45316
UTL004351,Mohammad Khan,,عمران Khan,1962-06-16,"H-04351, Bahria Town, Islamabad",52833
UTL004352,احمد Qureshi,99731-6587167-7,عمران قریشی,1961-09-21,"H-04352, F-8, Islamabad",12425
UTL004353,Faisal Malick,78107-5920303-5,Ahmad Malick,1973-05-14,"H-04353, Bahria Town, Islamabad",30649
UTL004354,Mohammed حسین ملک,,Othman Malick,1981-03-13,"H-04354, Saddar, Rawalpindi",15929
UTL004355,Muhammed Husain قریشی,93072-7694861-3,Mohammed Hamza قریشی,1986-07-14,"H-04355, F-8, Islamabad",30897
UTL004356,Faysal مغل,,Hussein Moghul,1963-04-26,"H-04356, Clifton, Karachi",14352
UTL004357,Fatema شیخ,45307-9562624-4,,1996-02-17,"H-04357, Satellite Town, Rawalpindi",49268
UTL004358,حسین Sayyid,77728-4920784-6,حسن Syed,,"H-04358, Cantt, Lahore",34965
UTL004359,Hassan Malick,92568-4349758-1,Muhammed Hasan Malik,1977-07-04,"H-04359, F-7, Islamabad",62342
UTL004360,Ali اعوان,72235-4148406-4,Hussein Awan,1984-10-26,"H-04360, Peoples Colony, Faisalabad",4952
UTL004361,Hasan مغل,,Muhammed بلال مغل,1990-03-06,"H-04361, Malir, Karachi",28112
UTL004362,Hassan Malick,,,1988-08-10,"H-04362, Model Town, Lahore",24904
UTL004363,Fatema مغل,85327-8044262-1,Hamza مغل,1977-07-11,"H-04363, Bahria Town, Rawalpindi",17508
UTL004364,بلال ملک,47901-5404727-2,Mohammad Osman Malik,1962-02-17,"H-04364, Madina Town, Faisalabad",92121
UTL004365,Mohammed Othman Malik,26520-5855206-1,Muhammad عثمان Malik,1963-09-14,"H-04365, Jaranwala Road, Faisalabad",14842
UTL004366,Mohammad Ahmad Sayyid,66285-7385983-4,Faysal Sayyid,1962-05-10,"H-04366, Malir, Karachi",22550
UTL004367,Hira Qureshi,22631-7029946-6,,1961-05-14,"H-04367, DHA, Lahore",73326
UTL004368,Ahmed Qureshi,34613-8972035-6,Muhammed Imran Quraishi,1972-01-24,"H-04368, Bahria Town, Rawalpindi",3817
UTL004369,Hussein Malick,12044-1096746-7,Ahmad ملک,1991-06-16,"H-04369, Saddar, Rawalpindi",5637
UTL004370,Usman ملک,56980-2654870-4,,1999-11-12,"H-04370, Bahria Town, Islamabad",49553
UTL004371,Fatimah Syed,,بلال Syed,1982-12-03,"H-04371, Madina Town, Faisalabad",32537
UTL004372,Hasan راجہ,,Muhammad علی Raja,1984-12-06,"H-04372, Madina Town, Faisalabad",91770
UTL004373,Mohammad Faysal Moghul,12291-6229967-6,Husain Mughal,1971-06-01,"H-04373, Malir, Karachi",10576
UTL004374,حرا خان,26302-1798228-8,Ahmad Khan,1987-08-08,"H-04374, G-10, Islamabad",16685
UTL004375,Hira Sayyid,69897-4075998-2,,1986-04-27,"H-04375, Gulberg, Lahore",15556
UTL004376,Hussain Chaudhary,15877-6569203-9,Muhammad چوہدری,1971-08-08,"H-04376, Johar Town, Lahore",21484
UTL004377,Mohammad Ali سید,87293-4456625-0,عثمان Sayyid,1968-10-15,"H-04377, G-10, Islamabad",30919
UTL004378,احمد Choudhary,86992-8287075-4,علی Chaudhary,1981-01-21,"H-04378, Bahria Town, Islamabad",15998
UTL004379,Faysal راجہ,70082-3622869-7,,1955-12-11,"H-04379, Jaranwala Road, Faisalabad",8381
UTL004380,Ahmed Syed,19025-2493479-3,Bilal سید,1978-07-10,"H-04380, F-7, Islamabad",37191
UTL004381,Muhammed عثمان Bhatti,15337-1707131-6,علی بٹ,1989-11-19,"H-04381, Johar Town, Lahore",21453
UTL004382,Hasan Raja,,Faysal Raja,1967-09-21,"H-04382, F-8, Islamabad",23487
UTL004383,عثمان راجہ,30396-6470022-1,حمزہ راجہ,1972-08-11,"H-04383, Madina Town, Faisalabad",15615
UTL004384,Marium قریشی,51246-2713528-2,,1987-11-20,"H-04384, Chaklala, Rawalpindi",12077
UTL004385,Fatema راجہ,74284-7842439-6,Usman Raja,1984-01-07,"H-04385, Johar Town, Lahore",17136
UTL004386,علی Malik,,,1968-11-25,"H-04386, Gulberg, Lahore",12349
UTL004387,علی Malik,77020-4598411-5,Hussain Malick,,"H-04387, G-10, Islamabad",25782
UTL004388,Faysal Sayyid,83652-3133971-5,Mohammad Ali Sayyid,1978-05-07,"H-04388, Madina Town, Faisalabad",11236
UTL004389,Hasan Qureshi,56133-2059839-4,Hassan قریشی,1998-05-26,"H-04389, DHA, Lahore",29764
UTL004390,Muhammad بلال Raja,84065-3544001-4,,1961-06-16,"H-04390, Jaranwala Road, Faisalabad",5441
UTL004391,Muhammed Raja,15098-4579217-0,Ali Raja,1966-02-23,"H-04391, DHA, Karachi",26174
UTL004392,Ahmad Shaykh,88159-9595345-3,Ali Shaykh,,"H-04392, Malir, Karachi",57842
UTL004393,علی شیخ,92301-3232359-6,,1962-05-09,"H-04393, Bahria Town, Rawalpindi",6382
UTL004394,عثمان Khan,,عمران Khan,1983-08-18,"H-04394, G-10, Islamabad",13903
UTL004395,احمد Quraishi,37270-3996601-6,,1974-03-07,"H-04395, Madina Town, Faisalabad",79778
UTL004396,Fatimah قریشی,64332-1681539-3,Hassan Quraishi,2000-07-27,"H-04396, G-10, Islamabad",10480
UTL004397,Ahmed خان,20861-8633502-3,Mohammad Ali خان,1967-12-18,"H-04397, E-11, Islamabad",4574
UTL004398,Ali Awan,,,1955-03-07,"H-04398, Jaranwala Road, Faisalabad",26398
UTL004399,محمد Mughal,,Faysal Moghul,1960-10-24,"H-04399, Jaranwala Road, Faisalabad",24770
UTL004400,مریم Mughal,97540-9801494-1,فیصل Mughal,1996-02-21,"H-04400, Bahria Town, Rawalpindi",17910
UTL004401,Zaynab سید,,Mohammed سید,1957-03-10,"H-04401, Clifton, Karachi",19676
UTL004402,Zaynab راجہ,,Hassan راجہ,1967-03-16,"H-04402, Bahria Town, Rawalpindi",17226
UTL004403,مریم Syed,79866-7190401-8,Hussein Syed,,"H-04403, Peoples Colony, Faisalabad",10039
UTL004404,Bilal Qureshi,,حسن قریشی,1994-07-24,"H-04404, Gulshan-e-Iqbal, Karachi",50618
UTL004405,Ahmed Khan,67533-9309249-1,Muhammed خان,1968-11-02,"H-04405, G-10, Islamabad",40857
UTL004406,زینب مغل,,,1994-08-20,"H-04406, Saddar, Rawalpindi",29321
UTL004407,Hasan بٹ,23084-5391339-9,Husain Butt,1976-03-24,"H-04407, Gulberg, Lahore",15637
UTL004408,Ayesha Sayed,91863-9592928-1,عمران Sayed,1957-11-09,"H-04408, DHA, Lahore",10498
UTL004409,عثمان Malick,48248-1035771-5,Mohammad ملک,,"H-04409, F-7, Islamabad",54027
UTL004410,Muhammad Hussein Awan,88827-7736712-3,بلال Awan,1971-02-06,"H-04410, F-8, Islamabad",47306
UTL004411,Fatema Quraishi,85352-3991472-4,Mohammad Othman Quraishi,1968-10-24,"H-04411, F-8, Islamabad",5098
UTL004412,Hussain خان,69447-5750894-4,,1978-11-08,"H-04412, Madina Town, Faisalabad",24319
UTL004413,ثناء Quraishi,66689-6440853-2,Muhammed Quraishi,,"H-04413, Johar Town, Lahore",28951
UTL004414,Ali شیخ,61092-3062417-4,علی Shaykh,1989-01-20,"H-04414, E-11, Islamabad",19063
UTL004415,Faysal اعوان,12006-8303487-3,Muhammed Usman اعوان,,"H-04415, Jaranwala Road, Faisalabad",7047
UTL004416,حمزہ Qureshi,25374-8379657-0,علی Qureshi,1997-06-07,"H-04416, Gulberg, Lahore",18970
UTL004417,Imran Sayed,94825-4953879-7,Hamza سید,1977-09-15,"H-04417, Gulshan-e-Iqbal, Karachi",11076
UTL004418,عائشہ Awan,99738-2927070-5,Muhammed Hassan اعوان,1970-04-01,"H-04418, DHA, Lahore",24090
UTL004419,عثمان Syed,45600-8466521-4,,1967-04-03,"H-04419, Peoples Colony, Faisalabad",20958
UTL004420,ثناء چوہدری,80698-6052219-2,علی Chaudhry,1981-11-14,"H-04420, Peoples Colony, Faisalabad",27567
UTL004421,Mohammad Mughal,,Muhammed Ahmed Moghul,1970-02-12,"H-04421, Madina Town, Faisalabad",17091
UTL004422,بلال Sayyid,37152-7726645-4,بلال Sayed,2000-04-11,"H-04422, Saddar, Rawalpindi",7880
UTL004423,Mohammed Ali Shaykh,,Osman شیخ,1998-04-27,"H-04423, Jaranwala Road, Faisalabad",5024
UTL004424,فیصل Awan,,Bilal Awan,1977-08-15,"H-04424, Jaranwala Road, Faisalabad",43036
UTL004425,Othman Shaykh,75037-1002068-6,Mohammed Hussain Sheikh,1955-07-10,"H-04425, North Nazimabad, Karachi",33812
UTL004426,Muhammad Osman بٹ,50392-5383713-7,Mohammad عمران Butt,1968-01-15,"H-04426, Clifton, Karachi",51281
UTL004427,فاطمہ شیخ,,احمد Shaikh,1971-02-28,"H-04427, Saddar, Rawalpindi",24003
UTL004428,Sana Sayed,49005-3804005-7,,,"H-04428, Johar Town, Lahore",22653
UTL004429,Usman بٹ,73759-8015877-8,Hamzah Butt,1994-07-16,"H-04429, Johar Town, Lahore",5454
UTL004430,Marium Sheikh,35491-1079967-1,Hassan Shaikh,1968-04-05,"H-04430, Satellite Town, Rawalpindi",15331
UTL004431,Muhammed Ahmed اعوان,,Ahmed اعوان,,"H-04431, Clifton, Karachi",20092
UTL004432,Mohammed Faisal Malik,,Usman Malik,1982-02-14,"H-04432, Peoples Colony, Faisalabad",16337
UTL004433,Mohammad Imran Butt,29691-7682829-0,Bilal Bhatti,1987-03-27,"H-04433, Peoples Colony, Faisalabad",15444
UTL004434,Bilal Malick,,Ahmed Malik,1998-06-20,"H-04434, F-7, Islamabad",22455
UTL004435,Mohammed Othman Awan,,Mohammad Awan,1982-10-01,"H-04435, Jaranwala Road, Faisalabad",17907
UTL004436,Hussain اعوان,,Hamzah اعوان,1968-01-27,"H-04436, DHA, Karachi",40509
UTL004437,عمران Quraishi,26761-3336991-9,علی قریشی,1957-08-05,"H-04437, Peoples Colony, Faisalabad",9146
UTL004438,Hassan قریشی,,Muhammed عمران قریشی,1994-11-12,"H-04438, Madina Town, Faisalabad",9373
UTL004439,Faisal Moghul,41935-8679467-9,علی Moghul,,"H-04439, Satellite Town, Rawalpindi",7426
UTL004440,Hassan Sayyid,48410-4059214-2,Faysal Sayyid,1979-07-11,"H-04440, North Nazimabad, Karachi",25139
UTL004441,Imran سید,45488-4321112-0,Bilal Syed,1964-01-13,"H-04441, E-11, Islamabad",9344
UTL004442,عمران بٹ,92082-3069658-9,Imran بٹ,,"H-04442, Jaranwala Road, Faisalabad",50276
UTL004443,احمد Ch.,,Mohammed Hasan Chaudhry,1992-02-10,"H-04443, DHA, Karachi",11763
UTL004444,Mohammed Ahmed Awan,42660-4271879-0,Muhammad Osman Awan,1955-08-25,"H-04444, Peoples Colony, Faisalabad",10624
UTL004445,محمد Butt,32388-8399048-1,,1965-10-18,"H-04445, F-8, Islamabad",16140
UTL004446,Imran Bhatti,63655-8450718-6,Muhammed Faisal Bhatti,1968-11-14,"H-04446, F-7, Islamabad",36266
UTL004447,Imran راجہ,95823-8178022-3,Mohammad علی Raja,1970-09-04,"H-04447, F-7, Islamabad",15245
UTL004448,Muhammed Hamza Bhatti,41837-8983125-6,Ali Butt,1966-07-28,"H-04448, DHA, Karachi",8961
UTL004449,Ahmad Quraishi,80000-4528832-8,,1960-07-08,"H-04449, Model Town, Lahore",70036
UTL004450,Mohammed بلال Butt,63810-9395855-4,Hamza Bhatti,1961-04-06,"H-04450, E-11, Islamabad",55678
UTL004451,احمد Khan,95050-2694511-5,Imran خان,1998-06-22,"H-04451, Cantt, Lahore",9657
UTL004452,Imran Malick,22288-5785479-6,,1963-04-25,"H-04452, DHA, Karachi",64744
UTL004453,Muhammed Othman Moghul,,Hussein Mughal,1958-09-04,"H-04453, Bahria Town, Rawalpindi",17315
UTL004454,Bilal Chaudhary,74904-7418070-6,Mohammed Choudhary,1964-08-04,"H-04454, Malir, Karachi",20559
UTL004455,ثناء راجہ,,احمد Raja,,"H-04455, Peoples Colony, Faisalabad",45569
UTL004456,Hussein اعوان,55624-2488469-0,حسین Awan,,"H-04456, Saddar, Rawalpindi",41309
UTL004457,عمران Shaykh,24907-2719149-4,Muhammed Imran Shaikh,1966-05-21,"H-04457, Clifton, Karachi",9303
UTL004458,Hasan خان,50518-7405376-9,Hamza Khan,1989-11-19,"H-04458, G-10, Islamabad",22629
UTL004459,Fatema Butt,12790-2534061-9,,1981-09-24,"H-04459, Madina Town, Faisalabad",11784
UTL004460,حسن Butt,18019-5333889-1,,1978-02-22,"H-04460, F-7, Islamabad",22983
UTL004461,محمد Awan,,Muhammed بلال اعوان,1999-02-13,"H-04461, Satellite Town, Rawalpindi",9472
UTL004462,ثناء Butt,80578-3273066-0,Faysal Butt,1988-08-05,"H-04462, Chaklala, Rawalpindi",29888
UTL004463,Imran Malick,,,1969-05-09,"H-04463, Peoples Colony, Faisalabad",36355
UTL004464,Hamzah Sheikh,70451-3871098-1,Hassan Shaykh,1991-07-28,"H-04464, E-11, Islamabad",9858
UTL004465,Muhammed Mughal,10997-5571883-7,Hussein مغل,1962-08-24,"H-04465, Malir, Karachi",28016
UTL004466,Muhammed Ahmad Mughal,67524-1937735-6,بلال مغل,1988-07-08,"H-04466, DHA, Karachi",17424
UTL004467,Imran مغل,,Husain Moghul,1985-01-25,"H-04467, Model Town, Lahore",26957
UTL004468,Aisha Sheikh,60891-6812640-6,Hussain Shaikh,1961-11-14,"H-04468, Chaklala, Rawalpindi",75965
UTL004469,Aisha Quraishi,,Muhammed قریشی,1986-01-04,"H-04469, Saddar, Rawalpindi",10434
UTL004470,Muhammad Osman Raja,58132-8092773-7,Mohammad Faysal راجہ,1966-07-06,"H-04470, Madina Town, Faisalabad",7523
UTL004471,عثمان اعوان,55801-1474412-3,Hassan اعوان,1977-10-26,"H-04471, Saddar, Rawalpindi",10305
UTL004472,Imran خان,18595-9455389-6,,2002-04-25,"H-04472, Peoples Colony, Faisalabad",8188
UTL004473,Muhammed علی Shaikh,97220-9321239-8,Othman شیخ,1968-03-27,"H-04473, Jaranwala Road, Faisalabad",22884
UTL004474,Ahmad Chaudhary,81320-4644223-0,Faisal چوہدری,,"H-04474, Cantt, Lahore",8191
UTL004475,Zaynab راجہ,96689-1266694-1,Muhammad Hussein Raja,1957-06-14,"H-04475, Bahria Town, Islamabad",8002
UTL004476,حمزہ راجہ,98155-1779183-9,Mohammad Othman Raja,,"H-04476, Saddar, Rawalpindi",10480
UTL004477,Hira Moghul,45551-7558380-3,بلال Mughal,1993-02-25,"H-04477, Madina Town, Faisalabad",18462
UTL004478,عمران Chaudhary,44959-9902508-8,Hassan Choudhary,1979-03-14,"H-04478, Peoples Colony, Faisalabad",71270
UTL004479,Ayesha Sayyid,68336-8969409-1,,2000-08-11,"H-04479, Johar Town, Lahore",8743
UTL004480,Ali سید,56860-5564466-8,Faisal سید,1984-09-18,"H-04480, Madina Town, Faisalabad",64938
UTL004481,Ahmad Shaikh,31476-8460078-7,محمد شیخ,1978-01-26,"H-04481, G-10, Islamabad",17624
UTL004482,Zainab قریشی,,Husain Qureshi,1989-02-18,"H-04482, Gulshan-e-Iqbal, Karachi",8266
UTL004483,مریم Raja,58234-1419124-1,Hassan Raja,1991-02-19,"H-04483, Jaranwala Road, Faisalabad",11930
UTL004484,Zainab Malik,,Hussein Malik,,"H-04484, F-8, Islamabad",6164
UTL004485,Mohammed Hassan Raja,96999-2260988-4,,,"H-04485, Cantt, Lahore",10912
UTL004486,Mohammed Osman اعوان,63811-3727274-7,حسن اعوان,1969-01-17,"H-04486, Gulberg, Lahore",8782
UTL004487,حسن بٹ,50617-7656661-8,Hussein Butt,1970-03-27,"H-04487, G-10, Islamabad",15872
UTL004488,فیصل Qureshi,60729-8022814-1,Muhammad حمزہ قریشی,1984-12-22,"H-04488, Bahria Town, Islamabad",24118
UTL004489,ثناء Khan,19959-9404704-4,Mohammad Bilal خان,1983-07-03,"H-04489, Jaranwala Road, Faisalabad",15706
UTL004490,Muhammed Ahmad Malik,56018-7777457-2,Othman Malik,1985-12-13,"H-04490, Clifton, Karachi",6749
UTL004491,Mohammad Ali Raja,69458-6761812-5,Mohammed راجہ,1956-01-25,"H-04491, Gulshan-e-Iqbal, Karachi",102554
UTL004492,بلال Sayed,,Hamzah Sayed,1978-07-05,"H-04492, DHA, Lahore",109225
UTL004493,Muhammed Shaikh,51853-4000996-8,Hasan Shaikh,1991-12-01,"H-04493, Malir, Karachi",87566
UTL004494,Hasan اعوان,97168-8657036-2,Mohammad اعوان,1997-04-05,"H-04494, Saddar, Rawalpindi",15311
UTL004495,Muhammad Ali چوہدری,57927-8053877-7,Hamzah Chaudhary,1994-05-13,"H-04495, Satellite Town, Rawalpindi",4596
UTL004496,Ali Bhatti,76237-5746584-2,,1996-09-20,"H-04496, Gulshan-e-Iqbal, Karachi",9367
UTL004497,Muhammad Hamzah Awan,93043-5794514-6,Osman اعوان,1988-06-22,"H-04497, E-11, Islamabad",19405
UTL004498,Muhammed بلال Butt,86253-4011272-4,Ali Bhatti,1983-10-08,"H-04498, F-7, Islamabad",14961
UTL004499,Mohammad Faisal Raja,62233-6802768-2,,1997-09-16,"H-04499, F-7, Islamabad",11569
UTL004500,Ahmad Raja,79506-7598577-3,,1995-02-09,"H-04500, Satellite Town, Rawalpindi",5594
UTL004501,Maryam Bhatti,35799-8478826-1,Mohammed Butt,1967-02-17,"H-04501, Satellite Town, Rawalpindi",6422
UTL004502,Mohammed Hamzah اعوان,17178-7875474-8,Mohammad عمران Awan,1988-11-13,"H-04502, Peoples Colony, Faisalabad",9323
UTL004503,Ali خان,97120-6442637-7,Muhammad Imran Khan,1973-07-06,"H-04503, F-7, Islamabad",31293
UTL004504,Mohammad Hussein Syed,79634-7789606-5,Mohammed Ahmad Sayed,1977-04-03,"H-04504, F-7, Islamabad",15071
UTL004505,حسن Raja,75772-9124929-9,محمد راجہ,1989-12-27,"H-04505, Cantt, Lahore",10123
UTL004506,Zaynab Malick,63721-1890293-1,Hamzah Malick,1955-12-12,"H-04506, E-11, Islamabad",44702
UTL004507,Maryam خان,58443-3767557-2,,1974-02-24,"H-04507, Gulshan-e-Iqbal, Karachi",21707
UTL004508,Muhammed Osman Shaykh,73742-8588965-3,Othman شیخ,1962-07-18,"H-04508, Peoples Colony, Faisalabad",17272
UTL004509,Ali اعوان,38090-2354397-8,محمد Awan,1958-03-03,"H-04509, DHA, Karachi",20666
UTL004510,Muhammed Raja,,Othman Raja,1983-11-16,"H-04510, E-11, Islamabad",53002
UTL004511,Ali راجہ,,علی راجہ,1997-12-03,"H-04511, Gulberg, Lahore",9369
UTL004512,Bilal Sayyid,,Mohammed Osman Sayyid,1992-09-21,"H-04512, Jaranwala Road, Faisalabad",9171
UTL004513,Fatimah شیخ,51371-9564350-4,,1982-03-16,"H-04513, Peoples Colony, Faisalabad",73888
UTL004514,Ayisha Shaikh,61429-7811747-4,Usman شیخ,1991-09-20,"H-04514, G-10, Islamabad",24561
UTL004515,Muhammed Bilal سید,48917-8841184-8,حسن Sayed,1958-07-05,"H-04515, North Nazimabad, Karachi",25821
UTL004516,Hira Quraishi,84212-9383571-2,Mohammad Husain Quraishi,1972-05-13,"H-04516, Jaranwala Road, Faisalabad",23327
UTL004517,علی راجہ,15620-3898378-7,Mohammad Husain Raja,1992-04-22,"H-04517, F-8, Islamabad",63755
UTL004518,فیصل Raja,28774-3321767-0,علی راجہ,2003-02-11,"H-04518, DHA, Karachi",21649
UTL004519,عمران قریشی,60237-9550140-4,Mohammad Quraishi,1975-05-27,"H-04519, Clifton, Karachi",53746
UTL004520,علی چوہدری,,Hamza Ch.,1978-02-20,"H-04520, Saddar, Rawalpindi",8472
UTL004521,علی Sayyid,41708-5814038-7,Imran Sayed,2002-05-08,"H-04521, Malir, Karachi",15237
UTL004522,Imran Butt,93338-4678198-1,Mohammed Butt,1968-03-07,"H-04522, Chaklala, Rawalpindi",25936
UTL004523,Hussain Choudhary,73059-4961440-0,عثمان Chaudhry,1990-06-18,"H-04523, Satellite Town, Rawalpindi",10611
UTL004524,Othman Mughal,81503-3491736-2,Hussain مغل,1968-02-05,"H-04524, Peoples Colony, Faisalabad",9833
UTL004525,علی Quraishi,,Mohammad Faysal Quraishi,1965-12-07,"H-04525, Bahria Town, Islamabad",30877
UTL004526,احمد Shaikh,,Muhammed Sheikh,1984-08-27,"H-04526, E-11, Islamabad",24319
UTL004527,Husain Bhatti,71459-6467356-9,Hamza Butt,1959-02-08,"H-04527, G-10, Islamabad",7161
UTL004528,ثناء Awan,98313-1696128-2,Mohammed Hussein اعوان,1965-07-26,"H-04528, DHA, Lahore",49891
UTL004529,Fatema Mughal,79248-5810257-5,,1968-12-04,"H-04529, E-11, Islamabad",25294
UTL004530,Mohammad Hasan Quraishi,55214-9446067-7,Ali Quraishi,1979-04-22,"H-04530, Jaranwala Road, Faisalabad",4111
UTL004531,Mohammed Shaykh,,Muhammad حسین شیخ,1966-02-24,"H-04531, Saddar, Rawalpindi",11597
UTL004532,Fatimah راجہ,74043-5186535-6,,2002-12-21,"H-04532, Madina Town, Faisalabad",4716
UTL004533,Bilal Moghul,91329-1044315-1,فیصل Moghul,1980-11-21,"H-04533, Bahria Town, Islamabad",19083
UTL004534,Othman Sayed,86172-6592018-0,,1959-02-28,"H-04534, Gulberg, Lahore",82378
UTL004535,Aisha خان,89461-3348884-2,علی خان,1958-06-08,"H-04535, DHA, Karachi",16294
UTL004536,فیصل Qureshi,79355-9864053-0,Husain قریشی,1982-07-03,"H-04536, Saddar, Rawalpindi",82323
UTL004537,احمد Bhatti,44545-8814591-5,فیصل بٹ,1994-12-04,"H-04537, Bahria Town, Rawalpindi",49104
UTL004538,Muhammad فیصل خان,52492-1977914-6,عمران Khan,1988-11-24,"H-04538, Satellite Town, Rawalpindi",5740
UTL004539,Ayisha Sheikh,25875-8125573-0,Hassan شیخ,1977-01-05,"H-04539, Bahria Town, Rawalpindi",14846
UTL004540,محمد Sayyid,70688-2020050-5,علی Sayed,1972-02-22,"H-04540, Gulberg, Lahore",157358
UTL004541,Mohammad Othman Syed,80367-7974007-6,Hamzah سید,1980-11-22,"H-04541, E-11, Islamabad",12547
UTL004542,Bilal Moghul,,Mohammed مغل,1956-01-27,"H-04542, Gulshan-e-Iqbal, Karachi",16842
UTL004543,Hamzah بٹ,76922-5550331-7,Ahmed Butt,,"H-04543, Johar Town, Lahore",18133
UTL004544,Ali قریشی,,Mohammed Bilal قریشی,1965-11-24,"H-04544, Jaranwala Road, Faisalabad",10297
UTL004545,Mohammad Husain Quraishi,,Hamza قریشی,1986-07-12,"H-04545, DHA, Karachi",5008
UTL004546,Aisha Khan,12490-6897132-6,Ahmed Khan,1962-09-13,"H-04546, DHA, Karachi",12129
UTL004547,ثناء Chaudhary,91985-4458014-4,,1997-10-03,"H-04547, Madina Town, Faisalabad",35459
UTL004548,Fatimah Malik,,Muhammed Malik,1996-01-17,"H-04548, G-10, Islamabad",21770
UTL004549,Hamzah Quraishi,24371-9539040-3,Imran Quraishi,1963-04-16,"H-04549, Clifton, Karachi",6701
UTL004550,Hussein بٹ,12166-2768361-3,Imran Bhatti,1960-04-17,"H-04550, Chaklala, Rawalpindi",3911
UTL004551,Ahmed Raja,90758-4787797-2,,2002-05-11,"H-04551, F-8, Islamabad",9200
UTL004552,فاطمہ Ch.,,Mohammed Osman Chaudhry,1967-07-02,"H-04552, Saddar, Rawalpindi",12497
UTL004553,Aysha Shaykh,20356-1638631-8,Ali Shaykh,1979-03-21,"H-04553, Bahria Town, Rawalpindi",16370
UTL004554,Zaynab Syed,,محمد Sayyid,1974-02-17,"H-04554, Jaranwala Road, Faisalabad",12866
UTL004555,فیصل Quraishi,,علی قریشی,1990-10-05,"H-04555, Satellite Town, Rawalpindi",48801
UTL004556,Zaynab راجہ,38753-7057339-8,Muhammed Hassan Raja,1956-10-16,"H-04556, Chaklala, Rawalpindi",75431
UTL004557,Fatima Malik,27647-9415379-9,Bilal ملک,1992-02-17,"H-04557, Bahria Town, Islamabad",8887
UTL004558,حمزہ قریشی,32566-5199995-5,Mohammad Hussain Qureshi,1992-07-09,"H-04558, Satellite Town, Rawalpindi",7107
UTL004559,Ali خان,54345-6756708-8,حسن Khan,1958-01-07,"H-04559, Bahria Town, Rawalpindi",120792
UTL004560,Imran اعوان,,Hussein اعوان,1994-02-24,"H-04560, E-11, Islamabad",246410
UTL004561,حسن Bhatti,41456-2433491-9,Ali بٹ,,"H-04561, Jaranwala Road, Faisalabad",135647
UTL004562,ثناء Ch.,75103-4152633-2,,1960-09-03,"H-04562, F-7, Islamabad",16992
UTL004563,Mariam Malik,39610-5772954-0,,1958-08-28,"H-04563, DHA, Karachi",60853
UTL004564,Othman اعوان,72092-2113213-8,Hussein اعوان,1995-09-01,"H-04564, F-7, Islamabad",46093
UTL004565,Ahmed Choudhary,93648-3827162-1,Hussain Ch.,,"H-04565, DHA, Lahore",9900
UTL004566,Hasan Moghul,56561-2308844-9,,1984-08-05,"H-04566, DHA, Lahore",13927
UTL004567,حرا Sayyid,59468-2266679-8,Hussain Sayyid,1982-09-19,"H-04567, G-10, Islamabad",32226
UTL004568,Hasan Sayed,68081-6193707-7,Muhammed Sayed,1995-10-04,"H-04568, Bahria Town, Islamabad",18518
UTL004569,Muhammad Faisal Shaikh,,Imran Shaykh,1963-12-13,"H-04569, Madina Town, Faisalabad",25452
UTL004570,ثناء مغل,27775-7324951-6,,1998-10-19,"H-04570, Saddar, Rawalpindi",8534
UTL004571,Hamza Awan,,,1984-05-18,"H-04571, North Nazimabad, Karachi",6921
UTL004572,Faisal اعوان,88703-8784269-7,,1985-04-23,"H-04572, Chaklala, Rawalpindi",37970
UTL004573,Mohammad اعوان,63933-9799282-2,Hasan Awan,1996-12-08,"H-04573, F-7, Islamabad",44628
UTL004574,Faysal Chaudhry,47031-2565912-2,Muhammed بلال Chaudhary,1986-09-17,"H-04574, E-11, Islamabad",7654
UTL004575,Hamza Chaudhry,44277-7755161-0,عثمان Ch.,1964-02-15,"H-04575, Peoples Colony, Faisalabad",36582
UTL004576,Ahmed Chaudhary,93648-6574564-8,Hamza Chaudhry,1998-09-19,"H-04576, DHA, Lahore",14788
UTL004577,علی شیخ,55418-6598026-7,بلال شیخ,1994-04-02,"H-04577, Jaranwala Road, Faisalabad",8109
UTL004578,حرا خان,98120-1170355-6,علی خان,1967-11-22,"H-04578, Saddar, Rawalpindi",14745
UTL004579,حسین Chaudhry,91874-2320971-9,Hamzah Chaudhry,1974-08-01,"H-04579, G-10, Islamabad",42499
UTL004580,Imran Sayyid,24654-8379384-2,Mohammad حسین Syed,1994-09-21,"H-04580, Saddar, Rawalpindi",8437
UTL004581,Mohammed Hussain Chaudhary,16162-5204563-1,Bilal Chaudhry,1964-11-23,"H-04581, Chaklala, Rawalpindi",22267
UTL004582,فاطمہ Butt,89541-7365892-2,,1997-08-02,"H-04582, North Nazimabad, Karachi",60705
UTL004583,احمد قریشی,68827-2037931-1,Faysal Quraishi,1959-09-15,"H-04583, Satellite Town, Rawalpindi",20494
UTL004584,Usman Mughal,30800-1756182-7,Ahmed Mughal,1988-10-18,"H-04584, Jaranwala Road, Faisalabad",38582
UTL004585,علی Malik,82778-7670460-0,,1957-04-10,"H-04585, DHA, Lahore",46604
UTL004586,حمزہ Choudhary,73238-5307766-1,Hussain Chaudhry,,"H-04586, F-7, Islamabad",13802
UTL004587,Mohammad حسن Chaudhry,,Hussain Chaudhary,2002-10-03,"H-04587, G-10, Islamabad",23574
UTL004588,Mohammad Ch.,,Husain Choudhary,1987-07-11,"H-04588, Bahria Town, Rawalpindi",27247
UTL004589,Mohammed Husain Ch.,,Faisal چوہدری,1960-07-12,"H-04589, F-8, Islamabad",25093
UTL004590,Bilal Syed,,Imran Sayyid,1995-02-27,"H-04590, Peoples Colony, Faisalabad",140145
UTL004591,Osman شیخ,81769-8267899-4,Faisal Sheikh,1959-11-27,"H-04591, G-10, Islamabad",15563
UTL004592,Faisal خان,56027-2273329-8,Hussein خان,1957-07-07,"H-04592, F-8, Islamabad",5016
UTL004593,Mohammed بلال قریشی,28976-8646419-1,Mohammed Qureshi,1957-05-20,"H-04593, Clifton, Karachi",10605
UTL004594,علی Sayed,77691-5450679-7,Mohammad Syed,2001-10-18,"H-04594, F-8, Islamabad",8049
UTL004595,Mohammed عثمان Khan,,فیصل Khan,1998-12-05,"H-04595, Madina Town, Faisalabad",27837
UTL004596,Fatema Quraishi,27576-8188569-5,حمزہ قریشی,2002-02-04,"H-04596, Madina Town, Faisalabad",36135
UTL004597,Hussein Mughal,76959-4555281-0,Muhammed Moghul,1982-03-28,"H-04597, Clifton, Karachi",11753
UTL004598,Faysal Sheikh,25196-7953088-7,,1960-08-15,"H-04598, G-10, Islamabad",29678
UTL004599,Ayisha Awan,22437-8924691-2,فیصل Awan,1964-04-08,"H-04599, Madina Town, Faisalabad",25601
UTL004600,Hasan Chaudhry,20789-7263627-3,Othman Ch.,1982-03-23,"H-04600, F-8, Islamabad",94662
UTL004601,Mohammed حسین Qureshi,13675-5256142-1,Hussain قریشی,1983-11-16,"H-04601, Gulshan-e-Iqbal, Karachi",24847
UTL004602,Mohammad Imran مغل,20160-9995320-2,Husain مغل,1973-07-18,"H-04602, Madina Town, Faisalabad",28246
UTL004603,Fatimah Sayyid,,عمران Sayyid,1982-11-10,"H-04603, Cantt, Lahore",43283
UTL004604,Fatema Shaykh,28226-3318105-4,Ali Shaikh,1982-04-15,"H-04604, Gulberg, Lahore",41811
UTL004605,بلال راجہ,,حسین Raja,1976-03-17,"H-04605, Clifton, Karachi",87554
UTL004606,Hamza Qureshi,46375-5331277-7,حسین Quraishi,1999-02-15,"H-04606, Madina Town, Faisalabad",14732
UTL004607,Ahmed خان,86837-6025568-0,Bilal خان,,"H-04607, E-11, Islamabad",136155
UTL004608,علی Butt,96868-4891268-4,عثمان بٹ,1962-10-19,"H-04608, G-10, Islamabad",33487
UTL004609,Maryam Quraishi,27863-3028143-5,Muhammad Hamzah قریشی,1956-07-14,"H-04609, E-11, Islamabad",10060
UTL004610,Ahmed سید,13444-6045824-3,,1983-02-09,"H-04610, Gulberg, Lahore",38743
UTL004611,Imran اعوان,,علی اعوان,1982-02-12,"H-04611, Model Town, Lahore",9627
UTL004612,Mohammad Quraishi,,علی قریشی,,"H-04612, Bahria Town, Rawalpindi",13883
UTL004613,Faysal راجہ,32419-1604099-9,Ali Raja,1977-03-21,"H-04613, Madina Town, Faisalabad",11617
UTL004614,Mohammed علی Choudhary,,Mohammad Chaudhary,2001-03-16,"H-04614, G-10, Islamabad",38868
UTL004615,Ali قریشی,,حمزہ Quraishi,1993-09-26,"H-04615, DHA, Karachi",14776
UTL004616,ثناء Mughal,42457-6586112-9,,1968-03-14,"H-04616, Jaranwala Road, Faisalabad",16464
UTL004617,Mohammad Hussein خان,95039-8848119-7,Muhammed خان,1955-04-16,"H-04617, Madina Town, Faisalabad",20584
UTL004618,Usman Khan,29453-5927237-6,محمد Khan,1987-09-18,"H-04618, Chaklala, Rawalpindi",7020
UTL004619,Mohammed راجہ,56942-2413704-2,علی Raja,,"H-04619, F-7, Islamabad",43531
UTL004620,Muhammad Faysal Moghul,69862-5861273-9,Muhammed Hussain Mughal,1962-02-25,"H-04620, Jaranwala Road, Faisalabad",11122
UTL004621,Muhammed Hasan سید,74008-5162496-7,علی سید,1999-06-20,"H-04621, Bahria Town, Islamabad",21423
UTL004622,Mohammed Ahmad Shaykh,85472-8148323-8,Husain Shaikh,1988-12-07,"H-04622, Bahria Town, Islamabad",11928
UTL004623,Faysal اعوان,65887-9224835-1,,1974-11-28,"H-04623, Jaranwala Road, Faisalabad",133410
UTL004624,فیصل Mughal,20711-6067049-6,حمزہ Mughal,1958-01-15,"H-04624, E-11, Islamabad",35472
UTL004625,Muhammed چوہدری,38697-7737944-3,Othman Chaudhary,1994-03-04,"H-04625, F-8, Islamabad",48394
UTL004626,Fatimah چوہدری,54355-2453863-5,,1989-12-18,"H-04626, F-7, Islamabad",6038
UTL004627,Maryam Chaudhary,97386-4711913-8,Hamzah Ch.,1958-07-04,"H-04627, Gulshan-e-Iqbal, Karachi",5534
UTL004628,Ahmad راجہ,54302-5308216-9,احمد Raja,1994-03-24,"H-04628, Jaranwala Road, Faisalabad",37044
UTL004629,Faysal قریشی,36907-4905340-6,Bilal قریشی,1982-05-18,"H-04629, Malir, Karachi",4800
UTL004630,Muhammad Hamzah Butt,22169-1974441-1,Muhammed احمد Bhatti,1955-07-08,"H-04630, DHA, Karachi",18733
UTL004631,Hussain Butt,60389-6827267-4,,2001-06-03,"H-04631, Gulberg, Lahore",24465
UTL004632,فیصل Awan,97021-6542159-5,,1983-10-04,"H-04632, Jaranwala Road, Faisalabad",5100
UTL004633,ثناء راجہ,45352-7160349-9,Hussain راجہ,1989-10-07,"H-04633, Clifton, Karachi",6820
UTL004634,Mohammad Raja,19105-1561353-0,Bilal راجہ,1992-06-13,"H-04634, North Nazimabad, Karachi",38539
UTL004635,فیصل Raja,34991-2438808-6,Hamzah راجہ,1992-03-13,"H-04635, Gulberg, Lahore",59901
UTL004636,Mohammed اعوان,54141-1454318-6,Muhammad حسین اعوان,1956-09-04,"H-04636, F-7, Islamabad",20600
UTL004637,Mohammad Faisal ملک,58434-2643344-0,Usman Malick,1993-03-27,"H-04637, Satellite Town, Rawalpindi",91017
UTL004638,Hassan Awan,45590-6936897-5,عمران اعوان,1967-10-07,"H-04638, Bahria Town, Islamabad",18250
UTL004639,Marium Qureshi,42212-5290988-7,,1961-03-25,"H-04639, Bahria Town, Islamabad",23582
UTL004640,Muhammad Awan,92205-4997939-2,Muhammad Awan,1960-10-15,"H-04640, Peoples Colony, Faisalabad",25576
UTL004641,Hamzah Raja,65551-3157207-3,Ali Raja,1975-06-17,"H-04641, Malir, Karachi",107275
UTL004642,Mohammad فیصل Malik,70734-8023347-1,Usman Malik,1961-09-01,"H-04642, Johar Town, Lahore",12034
UTL004643,Hussain Shaikh,71380-8293658-0,Mohammad Shaikh,1971-11-05,"H-04643, E-11, Islamabad",11459
UTL004644,Marium قریشی,34068-6680916-4,Hussein Quraishi,1977-09-10,"H-04644, Saddar, Rawalpindi",38302
UTL004645,Ahmad Moghul,43327-1299269-1,Hussein Moghul,1956-12-19,"H-04645, Saddar, Rawalpindi",30548
UTL004646,Hussain Moghul,95087-7277116-2,,1981-06-08,"H-04646, Bahria Town, Rawalpindi",8079
UTL004647,حرا Chaudhry,16311-8675365-6,,2002-07-16,"H-04647, Jaranwala Road, Faisalabad",5650
UTL004648,Husain Sheikh,23603-6381550-7,Faisal شیخ,1992-08-01,"H-04648, Clifton, Karachi",12758
UTL004649,Ahmed Sheikh,17653-8932249-7,Imran Shaykh,1969-07-08,"H-04649, G-10, Islamabad",4533
UTL004650,حرا راجہ,84556-3332929-2,Hamzah Raja,1962-07-14,"H-04650, DHA, Karachi",15931
UTL004651,Othman Sheikh,21123-8736181-7,Ali Sheikh,1981-06-11,"H-04651, Saddar, Rawalpindi",8234
UTL004652,Mohammad Ali Sayyid,53970-5361378-2,حمزہ Sayyid,1955-02-22,"H-04652, Clifton, Karachi",186200
UTL004653,حسن Ch.,16754-3786215-5,Hasan Ch.,1957-05-27,"H-04653, DHA, Lahore",9423
UTL004654,حرا Bhatti,,Hasan Butt,1962-02-11,"H-04654, Malir, Karachi",10881
UTL004655,Mohammed Osman Sayed,70390-6695606-3,Ahmad Syed,1987-05-18,"H-04655, Cantt, Lahore",13941
UTL004656,بلال Bhatti,24517-6781799-2,فیصل Bhatti,1981-05-12,"H-04656, Madina Town, Faisalabad",24894
UTL004657,Bilal سید,37425-1790971-3,Muhammed علی Syed,1965-02-14,"H-04657, Cantt, Lahore",27009
UTL004658,Hamzah خان,30439-2403952-5,Usman Khan,,"H-04658, North Nazimabad, Karachi",13770
UTL004659,عثمان Malik,81399-4194969-3,Husain Malik,1955-11-03,"H-04659, DHA, Lahore",11134
UTL004660,حسین Qureshi,,بلال قریشی,,"H-04660, E-11, Islamabad",7944
UTL004661,Muhammad Hamzah Malick,,Mohammed حمزہ Malick,1999-05-04,"H-04661, DHA, Lahore",24644
UTL004662,Zainab سید,32638-4492856-0,محمد Sayed,1963-03-10,"H-04662, Bahria Town, Islamabad",274610
UTL004663,Ayesha سید,39883-4644104-3,Osman Sayyid,1960-10-20,"H-04663, Chaklala, Rawalpindi",7903
UTL004664,Ahmed Malick,,Muhammad ملک,1994-11-19,"H-04664, Gulshan-e-Iqbal, Karachi",6121
UTL004665,مریم Butt,93148-2956391-1,Hamzah Butt,2003-12-28,"H-04665, DHA, Lahore",11209
UTL004666,Mohammed مغل,99263-5602509-6,محمد Mughal,1958-06-06,"H-04666, DHA, Karachi",8656
UTL004667,حسین Moghul,,Mohammad Usman مغل,1960-01-07,"H-04667, E-11, Islamabad",18354
UTL004668,Hasan Awan,70211-9880148-3,Faysal اعوان,1966-12-20,"H-04668, Gulberg, Lahore",12725
UTL004669,علی Bhatti,81276-1372804-7,Muhammed بلال Butt,1993-12-23,"H-04669, Bahria Town, Islamabad",13264
UTL004670,Zainab بٹ,56203-3754738-8,فیصل بٹ,1961-05-14,"H-04670, Cantt, Lahore",6339
UTL004671,عثمان Choudhary,44293-2104043-1,Bilal چوہدری,1957-12-17,"H-04671, E-11, Islamabad",24878
UTL004672,Muhammad Imran شیخ,37981-5472271-4,Faisal Sheikh,1973-05-15,"H-04672, Gulberg, Lahore",28338
UTL004673,Imran بٹ,97143-7628349-9,Hussein بٹ,1974-06-03,"H-04673, Peoples Colony, Faisalabad",17849
UTL004674,Muhammed Ahmad قریشی,91348-2561132-4,Ali Quraishi,1979-12-02,"H-04674, Bahria Town, Rawalpindi",13293
UTL004675,Hussain Choudhary,67760-7764913-4,Mohammad Bilal Chaudhry,1962-03-07,"H-04675, Madina Town, Faisalabad",6827
UTL004676,عثمان Butt,53916-2875461-3,حمزہ Butt,1966-01-27,"H-04676, F-8, Islamabad",5094
UTL004677,Muhammed Mughal,41614-4587926-4,Bilal Moghul,1990-07-06,"H-04677, Saddar, Rawalpindi",22421
UTL004678,Faisal Malick,96415-4192759-8,علی ملک,,"H-04678, Madina Town, Faisalabad",21651
UTL004679,Mohammed عثمان Khan,,Muhammad عمران Khan,1995-06-11,"H-04679, Bahria Town, Rawalpindi",11330
UTL004680,Muhammed Usman Malik,64330-3233254-7,Imran Malick,1976-07-25,"H-04680, Gulshan-e-Iqbal, Karachi",51062
UTL004681,حمزہ Syed,33219-6196934-3,عمران Sayyid,1962-05-09,"H-04681, Johar Town, Lahore",11898
UTL004682,Ahmed Bhatti,69295-6753806-3,Muhammed بٹ,1959-05-09,"H-04682, Jaranwala Road, Faisalabad",33853
UTL004683,Othman Quraishi,10432-2497512-2,علی Qureshi,1963-02-20,"H-04683, G-10, Islamabad",139963
UTL004684,عمران ملک,26795-1900397-5,Faisal Malick,1970-01-18,"H-04684, DHA, Lahore",4068
UTL004685,Muhammed Mughal,29862-1664080-2,Hussein مغل,1959-08-14,"H-04685, Gulberg, Lahore",85436
UTL004686,عائشہ Sayed,81760-3665975-8,علی Sayed,1979-12-14,"H-04686, Madina Town, Faisalabad",12776
UTL004687,Mohammed Moghul,39017-6498604-4,Faisal Mughal,1997-07-06,"H-04687, Satellite Town, Rawalpindi",6256
UTL004688,Faysal Khan,21895-4647141-5,Othman Khan,,"H-04688, Clifton, Karachi",6865
UTL004689,Bilal Bhatti,86216-4735496-7,,1982-08-21,"H-04689, Satellite Town, Rawalpindi",16035
UTL004690,Muhammad Ch.,77504-3944164-2,Muhammad Ahmed چوہدری,1959-10-24,"H-04690, Gulshan-e-Iqbal, Karachi",5225
UTL004691,فاطمہ خان,51978-4819082-2,Mohammad Ahmad Khan,1980-12-24,"H-04691, G-10, Islamabad",4777
UTL004692,Othman قریشی,60791-5783878-5,محمد Quraishi,1977-09-27,"H-04692, Clifton, Karachi",17013
UTL004693,Fatema Shaykh,,Ali شیخ,2001-09-21,"H-04693, Jaranwala Road, Faisalabad",15720
UTL004694,Mariam Raja,11905-2643448-0,بلال راجہ,1995-11-11,"H-04694, Jaranwala Road, Faisalabad",23425
UTL004695,عمران قریشی,,Ali Quraishi,1997-04-24,"H-04695, G-10, Islamabad",31859
UTL004696,احمد Sayed,12341-8725958-2,حمزہ سید,1971-12-05,"H-04696, Johar Town, Lahore",21514
UTL004697,Muhammed Sheikh,10610-8424718-9,فیصل Sheikh,1969-10-15,"H-04697, Peoples Colony, Faisalabad",44191
UTL004698,Mohammad Butt,,,1956-12-12,"H-04698, Peoples Colony, Faisalabad",58529
UTL004699,Imran Awan,,احمد اعوان,1974-08-04,"H-04699, Peoples Colony, Faisalabad",21571
UTL004700,مریم Mughal,52371-7720648-9,Mohammad Faisal Mughal,1965-03-19,"H-04700, F-7, Islamabad",49285
UTL004701,حرا Moghul,62162-9782849-4,Muhammed Mughal,1974-12-16,"H-04701, DHA, Karachi",46733
UTL004702,Muhammed مغل,71427-2678718-4,,1975-11-26,"H-04702, Peoples Colony, Faisalabad",14490
UTL004703,Ali Awan,69863-5666807-1,Bilal Awan,1976-04-25,"H-04703, Satellite Town, Rawalpindi",7659
UTL004704,مریم Raja,36997-8436951-1,Mohammad بلال Raja,1973-04-13,"H-04704, E-11, Islamabad",32355
UTL004705,احمد Sayed,87025-7233179-2,Husain سید,1959-08-04,"H-04705, Peoples Colony, Faisalabad",14045
UTL004706,ثناء شیخ,93636-5161086-4,Muhammad Hasan Shaikh,,"H-04706, E-11, Islamabad",6139
UTL004707,Mohammad علی Raja,,Ahmad Raja,,"H-04707, Madina Town, Faisalabad",33268
UTL004708,Muhammad Ahmad Awan,43843-2564372-5,Hamzah Awan,1991-07-04,"H-04708, E-11, Islamabad",34200
UTL004709,Ali Choudhary,,Husain چوہدری,1975-12-18,"H-04709, Madina Town, Faisalabad",55946
UTL004710,حرا خان,,Muhammad Ali خان,1984-09-21,"H-04710, Madina Town, Faisalabad",95015
UTL004711,بلال بٹ,45980-3994127-4,Hamza Butt,1958-03-13,"H-04711, Model Town, Lahore",21306
UTL004712,عثمان Bhatti,67196-3207793-0,Hamzah Bhatti,1999-03-19,"H-04712, Satellite Town, Rawalpindi",14038
UTL004713,احمد راجہ,,Hassan راجہ,1974-12-09,"H-04713, Saddar, Rawalpindi",11269
UTL004714,Mohammed راجہ,95741-1341605-3,,2001-06-13,"H-04714, Cantt, Lahore",4582
UTL004715,Ali راجہ,10252-3577576-7,Imran راجہ,1967-07-23,"H-04715, G-10, Islamabad",6377
UTL004716,Faisal Bhatti,,Mohammed حسین Butt,,"H-04716, Gulshan-e-Iqbal, Karachi",79407
UTL004717,بلال خان,80761-3167069-3,Muhammad Imran خان,1964-01-22,"H-04717, Saddar, Rawalpindi",5791
UTL004718,فیصل Awan,65213-9081959-8,Mohammad Ali Awan,,"H-04718, Madina Town, Faisalabad",13192
UTL004719,فیصل شیخ,32287-3029088-2,عمران Shaikh,1990-02-13,"H-04719, Gulberg, Lahore",7553
UTL004720,Osman راجہ,29592-4819259-2,Hamzah راجہ,1964-04-10,"H-04720, Gulberg, Lahore",11492
UTL004721,Aisha راجہ,,Imran Raja,1992-11-20,"H-04721, Cantt, Lahore",9402
UTL004722,Ali Chaudhry,33128-9424046-4,Bilal Chaudhry,2003-07-04,"H-04722, Gulberg, Lahore",57662
UTL004723,Ayisha خان,22295-9540056-6,Mohammed Hasan خان,1964-02-08,"H-04723, Jaranwala Road, Faisalabad",7439
UTL004724,حرا Qureshi,44073-6783772-5,Muhammad Hussain Quraishi,1971-08-05,"H-04724, DHA, Lahore",4703
UTL004725,حسین Raja,93494-9261459-0,Husain راجہ,1965-03-22,"H-04725, Jaranwala Road, Faisalabad",13970
UTL004726,Fatimah Khan,43169-9642115-5,محمد خان,1988-04-26,"H-04726, Johar Town, Lahore",38274
UTL004727,Ali خان,96342-1074344-8,Hasan خان,,"H-04727, Malir, Karachi",24932
UTL004728,Marium قریشی,86226-9704181-7,حمزہ قریشی,1960-12-24,"H-04728, Peoples Colony, Faisalabad",20052
UTL004729,حسن Ch.,75737-4554619-7,,1957-03-08,"H-04729, F-8, Islamabad",76760
UTL004730,Muhammed قریشی,99003-8692313-6,احمد قریشی,1994-03-15,"H-04730, Chaklala, Rawalpindi",3748
UTL004731,Mohammad علی خان,30282-5695334-8,Mohammad Khan,1991-10-12,"H-04731, Satellite Town, Rawalpindi",6371
UTL004732,Hamzah قریشی,68965-5117938-7,علی Qureshi,1958-02-16,"H-04732, Saddar, Rawalpindi",27647
UTL004733,Mohammed Ahmed ملک,93631-6538320-5,Bilal ملک,1984-08-28,"H-04733, Chaklala, Rawalpindi",7535
UTL004734,Muhammad Sayed,48940-5369153-9,Mohammad Faysal Sayyid,1987-10-02,"H-04734, Chaklala, Rawalpindi",29299
UTL004735,Muhammed Bilal Awan,40807-1304464-2,Husain اعوان,2003-10-28,"H-04735, Saddar, Rawalpindi",8545
UTL004736,Mohammed Raja,49668-3024320-8,,1962-06-23,"H-04736, Gulberg, Lahore",5937
UTL004737,Muhammed فیصل Chaudhary,76788-1163850-3,Usman Ch.,1972-04-04,"H-04737, Clifton, Karachi",22341
UTL004738,Mohammed احمد Sheikh,13779-5539325-8,Muhammad Imran شیخ,1995-12-18,"H-04738, Peoples Colony, Faisalabad",8046
UTL004739,حرا قریشی,70616-4829815-2,Ali Qureshi,1996-10-05,"H-04739, Jaranwala Road, Faisalabad",36421
UTL004740,Faysal مغل,40839-7645541-3,Faisal Moghul,1961-11-02,"H-04740, Cantt, Lahore",5183
UTL004741,Mariam راجہ,15283-4734264-8,Ahmad Raja,1979-10-03,"H-04741, Bahria Town, Rawalpindi",17177
UTL004742,Mariam Khan,90258-7827605-4,Mohammad Hussein Khan,1972-10-03,"H-04742, Satellite Town, Rawalpindi",28502
UTL004743,احمد قریشی,,Othman Quraishi,1984-04-01,"H-04743, F-8, Islamabad",21087
UTL004744,Muhammed عمران Awan,75950-6057065-2,حسن Awan,1956-03-06,"H-04744, Model Town, Lahore",15459
UTL004745,Fatimah Awan,25025-6768711-2,حمزہ Awan,2001-11-05,"H-04745, F-8, Islamabad",20859
UTL004746,Mohammed Hasan بٹ,60293-4923486-8,علی Bhatti,1981-08-15,"H-04746, Malir, Karachi",18915
UTL004747,Fatema اعوان,24365-9538403-4,بلال Awan,1956-06-07,"H-04747, Satellite Town, Rawalpindi",28506
UTL004748,بلال قریشی,17985-7391873-8,Hasan Quraishi,1971-12-21,"H-04748, Chaklala, Rawalpindi",28162
UTL004749,حرا Moghul,,Bilal مغل,1965-10-05,"H-04749, Peoples Colony, Faisalabad",8064
UTL004750,Maryam Chaudhry,,Muhammad چوہدری,1989-02-03,"H-04750, Saddar, Rawalpindi",130048
UTL004751,Hira Awan,,Bilal اعوان,1968-08-21,"H-04751, Madina Town, Faisalabad",4367
UTL004752,حرا خان,,عمران Khan,1960-10-07,"H-04752, Gulberg, Lahore",10980
UTL004753,حمزہ Bhatti,,حسین Bhatti,1985-03-15,"H-04753, G-10, Islamabad",28790
UTL004754,Hussein Bhatti,19938-8643755-4,Muhammad بٹ,1981-07-18,"H-04754, Satellite Town, Rawalpindi",16978
UTL004755,Ali خان,38665-8925295-6,Faisal خان,1989-03-07,"H-04755, Saddar, Rawalpindi",13045
UTL004756,Mohammad Othman Mughal,,Hamza Mughal,1991-01-20,"H-04756, DHA, Lahore",5633
UTL004757,علی Malik,38476-6302740-8,,1978-07-16,"H-04757, Johar Town, Lahore",23885
UTL004758,Fatimah Shaikh,89670-4351713-3,Usman Shaikh,1981-03-26,"H-04758, F-7, Islamabad",48072
UTL004759,Mohammed Hussain Ch.,,Muhammed Husain Ch.,1956-12-04,"H-04759, Bahria Town, Rawalpindi",23674
UTL004760,Muhammad خان,34405-1781279-9,,1989-03-17,"H-04760, F-8, Islamabad",20854
UTL004761,Muhammad حمزہ Moghul,,حسن Mughal,1956-04-04,"H-04761, Satellite Town, Rawalpindi",58699
UTL004762,Muhammad Mughal,72334-6877311-1,Hasan Moghul,,"H-04762, Madina Town, Faisalabad",21653
UTL004763,عمران Malik,88048-7388675-7,Faysal ملک,1994-02-18,"H-04763, F-7, Islamabad",13507
UTL004764,Mohammad راجہ,,عمران راجہ,1976-02-19,"H-04764, Bahria Town, Islamabad",21775
UTL004765,ثناء Butt,38063-5230909-0,Ahmad بٹ,1958-08-12,"H-04765, Bahria Town, Islamabad",17820
UTL004766,Fatema Shaikh,96312-6383506-0,علی شیخ,1966-06-20,"H-04766, E-11, Islamabad",12877
UTL004767,علی Shaikh,58866-5514383-4,فیصل Sheikh,1978-06-21,"H-04767, Bahria Town, Rawalpindi",6470
UTL004768,ثناء Qureshi,53291-5217210-6,Hamza قریشی,,"H-04768, Madina Town, Faisalabad",11925
UTL004769,حرا Awan,83863-1183462-7,Othman Awan,1960-07-07,"H-04769, Madina Town, Faisalabad",16695
UTL004770,Maryam Shaykh,,Faysal شیخ,1999-10-27,"H-04770, Satellite Town, Rawalpindi",8715
UTL004771,حمزہ Sheikh,24596-9380781-6,حسین شیخ,1989-01-07,"H-04771, Cantt, Lahore",115977
UTL004772,Hussein بٹ,81000-2339459-9,,1979-06-01,"H-04772, Clifton, Karachi",19044
UTL004773,Imran Butt,19298-5551462-9,علی بٹ,1963-09-08,"H-04773, Peoples Colony, Faisalabad",192892
UTL004774,علی Shaykh,56728-2074424-1,,1974-09-21,"H-04774, Madina Town, Faisalabad",19582
UTL004775,عمران خان,43185-7571030-0,Hamzah خان,1955-11-26,"H-04775, Bahria Town, Islamabad",136816
UTL004776,حمزہ Qureshi,,,1959-01-18,"H-04776, Madina Town, Faisalabad",13455
UTL004777,Osman Sayed,42892-8497012-9,Muhammed Bilal Sayed,1961-03-14,"H-04777, DHA, Lahore",42906
UTL004778,Zainab Quraishi,35495-8931340-9,Faisal Qureshi,1997-08-18,"H-04778, Peoples Colony, Faisalabad",49700
UTL004779,حرا سید,15655-7789095-5,احمد Syed,1961-10-18,"H-04779, Jaranwala Road, Faisalabad",29355
UTL004780,Zaynab Bhatti,33683-2400837-8,Hamza بٹ,1987-06-10,"H-04780, Bahria Town, Rawalpindi",45481
UTL004781,حرا Awan,15198-9739520-5,Usman اعوان,1990-12-17,"H-04781, Malir, Karachi",27314
UTL004782,عمران Qureshi,40361-3795624-7,Mohammed Usman قریشی,1974-02-03,"H-04782, Chaklala, Rawalpindi",10961
UTL004783,بلال قریشی,69499-1860109-1,Mohammad عثمان قریشی,1979-03-13,"H-04783, Johar Town, Lahore",44088
UTL004784,عمران خان,69060-3507711-0,Muhammad خان,1990-06-09,"H-04784, F-8, Islamabad",83927
UTL004785,حرا Bhatti,62392-7741626-4,Muhammad Faysal Butt,1967-03-08,"H-04785, Saddar, Rawalpindi",37638
UTL004786,عمران راجہ,,Faisal راجہ,1970-11-05,"H-04786, Gulberg, Lahore",10411
UTL004787,Mohammed فیصل Sheikh,32787-1133955-6,Muhammed بلال Shaykh,1982-06-07,"H-04787, Jaranwala Road, Faisalabad",34388
UTL004788,Mohammed مغل,29877-2382855-0,Muhammed Moghul,1956-04-06,"H-04788, DHA, Karachi",38020
UTL004789,Marium Malick,76601-9580472-6,حسین Malik,,"H-04789, Saddar, Rawalpindi",29375
UTL004790,Bilal شیخ,64267-6799652-0,Ali شیخ,2001-10-25,"H-04790, Satellite Town, Rawalpindi",22295
UTL004791,محمد ملک,85221-2253385-5,Muhammed حسن ملک,1978-04-15,"H-04791, Gulberg, Lahore",72182
UTL004792,Hamza ملک,61790-7616537-1,بلال Malik,,"H-04792, Peoples Colony, Faisalabad",27078
UTL004793,Hassan راجہ,97688-1812880-7,محمد Raja,1962-08-15,"H-04793, DHA, Karachi",12262
UTL004794,Bilal خان,48799-7295779-4,Faisal Khan,1962-08-24,"H-04794, Madina Town, Faisalabad",5669
UTL004795,Ahmad Shaikh,25111-6349518-3,Husain Shaykh,1993-08-13,"H-04795, Gulberg, Lahore",8253
UTL004796,Ahmed Khan,55670-2754691-4,Mohammed Ahmed خان,1979-05-18,"H-04796, Johar Town, Lahore",6781
UTL004797,Hira Sayyid,85719-4137519-3,Faysal Sayed,,"H-04797, Jaranwala Road, Faisalabad",74467
UTL004798,حمزہ راجہ,30887-9820687-4,,1981-04-12,"H-04798, Saddar, Rawalpindi",6526
UTL004799,احمد Shaykh,07922-2358013-4,Faysal Sheikh,,"H-04799, North Nazimabad, Karachi",69127
UTL004800,Faysal Qureshi,21007-7503458-5,Muhammad حسین قریشی,1991-12-16,"H-04800, DHA, Lahore",7292
UTL004801,حسین قریشی,23137-5358556-5,Mohammed علی Quraishi,1959-01-05,"H-04801, Jaranwala Road, Faisalabad",31503
UTL004802,Aysha اعوان,93252-8206299-6,Muhammed Hussein Awan,1963-02-05,"H-04802, Clifton, Karachi",16647
UTL004803,محمد Butt,89790-8910919-5,Mohammed Ali بٹ,1960-01-02,"H-04803, Satellite Town, Rawalpindi",5230
UTL004804,Zainab Butt,98828-6555770-6,Muhammed Imran Bhatti,1979-03-06,"H-04804, Model Town, Lahore",20065
UTL004805,Husain بٹ,,بلال Bhatti,1986-04-20,"H-04805, Malir, Karachi",9150
UTL004806,بلال مغل,,عمران Moghul,1996-08-05,"H-04806, Malir, Karachi",45372
UTL004807,عمران چوہدری,85468-6599952-1,Hamzah چوہدری,1978-11-05,"H-04807, Jaranwala Road, Faisalabad",12552
UTL004808,Muhammad Bhatti,,,1984-04-06,"H-04808, Madina Town, Faisalabad",10686
UTL004809,حمزہ بٹ,40700-3617014-6,Ali Bhatti,1963-06-02,"H-04809, Cantt, Lahore",3992
UTL004810,عمران Chaudhry,,محمد Chaudhry,1959-05-14,"H-04810, Bahria Town, Rawalpindi",18777
UTL004811,Mohammad حسن Raja,52824-5951639-1,Imran Raja,1975-12-06,"H-04811, North Nazimabad, Karachi",9312
UTL004812,Mohammad Malik,45442-4630245-3,Muhammed Malik,,"H-04812, Gulshan-e-Iqbal, Karachi",10047
UTL004813,Husain Khan,12586-1920120-8,Hamza خان,1980-09-10,"H-04813, Peoples Colony, Faisalabad",105865
UTL004814,Zainab Quraishi,49738-3608728-2,Osman Quraishi,1966-08-15,"H-04814, Jaranwala Road, Faisalabad",7145
UTL004815,Usman Sayyid,28552-3942835-7,Hamzah Sayed,,"H-04815, G-10, Islamabad",11518
UTL004816,Osman Sheikh,50952-5686200-2,Ali شیخ,2003-03-03,"H-04816, Satellite Town, Rawalpindi",20882
UTL004817,Ali Ch.,,Hussein چوہدری,1966-12-01,"H-04817, Madina Town, Faisalabad",49460
UTL004818,عثمان اعوان,91634-4697893-1,علی Awan,1971-01-10,"H-04818, Satellite Town, Rawalpindi",24074
UTL004819,حرا Choudhary,40020-2140636-7,Muhammed Usman چوہدری,1995-06-07,"H-04819, Bahria Town, Rawalpindi",14504
UTL004820,Hamzah Awan,,عمران Awan,1977-09-05,"H-04820, Bahria Town, Rawalpindi",113322
UTL004821,Hussein Syed,18890-6793172-8,Faisal Syed,1986-04-21,"H-04821, Jaranwala Road, Faisalabad",9501
UTL004822,Sana Qureshi,45171-6233885-2,Faysal قریشی,1988-12-07,"H-04822, Madina Town, Faisalabad",9943
UTL004823,Faisal Khan,,Ahmed خان,1961-12-12,"H-04823, Chaklala, Rawalpindi",22125
UTL004824,Mohammed اعوان,91997-3057272-8,Muhammed Imran Awan,1980-10-28,"H-04824, Bahria Town, Islamabad",30892
UTL004825,Muhammad Imran راجہ,18406-9187248-1,عمران راجہ,1983-03-19,"H-04825, Madina Town, Faisalabad",49730
UTL004826,Ali سید,94113-2460855-5,Muhammad بلال Syed,1965-11-28,"H-04826, Madina Town, Faisalabad",12076
UTL004827,Mohammed عثمان Malik,91918-9077553-6,فیصل Malick,1955-06-09,"H-04827, Malir, Karachi",8674
UTL004828,ثناء Sheikh,48976-8507869-1,Faysal Shaykh,2001-01-23,"H-04828, North Nazimabad, Karachi",28215
UTL004829,حرا ملک,42298-3144044-5,حمزہ Malick,1978-10-27,"H-04829, Malir, Karachi",116196
UTL004830,Mohammad Chaudhry,,Muhammed بلال Choudhary,,"H-04830, Bahria Town, Islamabad",35384
UTL004831,Hamza Shaikh,94676-5694902-6,Muhammad Hassan Shaykh,1959-02-17,"H-04831, DHA, Karachi",15094
UTL004832,Aysha Malick,74872-9968056-3,Muhammed Othman Malik,1956-11-11,"H-04832, Jaranwala Road, Faisalabad",5303
UTL004833,Ahmed راجہ,22467-3493523-5,حسین راجہ,1983-01-19,"H-04833, Clifton, Karachi",4860
UTL004834,Hussain ملک,95365-1358521-5,Husain ملک,1999-01-15,"H-04834, Model Town, Lahore",24101
UTL004835,عائشہ Raja,92567-5530167-3,Bilal Raja,,"H-04835, Bahria Town, Rawalpindi",16368
UTL004836,Mohammed حسن Moghul,,علی مغل,1956-08-25,"H-04836, Bahria Town, Islamabad",30521
UTL004837,Muhammed عثمان راجہ,80214-6055305-0,Ali راجہ,1963-03-15,"H-04837, G-10, Islamabad",9834
UTL004838,حرا خان,82614-1912297-6,بلال خان,1986-03-11,"H-04838, DHA, Lahore",16601
UTL004839,Hussein Bhatti,,حمزہ Butt,1986-05-21,"H-04839, F-7, Islamabad",9135
UTL004840,Mohammed عمران Choudhary,37341-5642028-4,Hassan چوہدری,2001-08-04,"H-04840, Malir, Karachi",3666
UTL004841,Ali Quraishi,45333-4108792-3,,1970-06-07,"H-04841, Chaklala, Rawalpindi",23024
UTL004842,Fatimah Bhatti,78183-9551268-3,,1965-06-28,"H-04842, Peoples Colony, Faisalabad",39645
UTL004843,Mohammed شیخ,,,1955-04-08,"H-04843, Johar Town, Lahore",27012
UTL004844,Hassan Awan,79187-9289747-7,Othman Awan,1963-03-06,"H-04844, Gulshan-e-Iqbal, Karachi",31363
UTL004845,Muhammad Khan,93085-3521691-3,,1963-01-07,"H-04845, F-7, Islamabad",9147
UTL004846,حرا چوہدری,58881-4526520-5,Mohammad Chaudhary,,"H-04846, Peoples Colony, Faisalabad",19553
UTL004847,عمران Ch.,64460-5694644-3,بلال Ch.,,"H-04847, Satellite Town, Rawalpindi",8381
UTL004848,Muhammad فیصل ملک,,Mohammed حسن Malick,2000-11-10,"H-04848, Jaranwala Road, Faisalabad",14861
UTL004849,Hasan Sheikh,75273-9343712-3,Hamzah شیخ,1975-10-10,"H-04849, Peoples Colony, Faisalabad",72945
UTL004850,احمد Raja,96159-7608466-1,Bilal راجہ,,"H-04850, Jaranwala Road, Faisalabad",16642
UTL004851,Faisal Malik,,Muhammad عمران Malik,1966-05-20,"H-04851, Gulshan-e-Iqbal, Karachi",34954
UTL004852,Hussain Mughal,98418-5373061-0,بلال Mughal,1978-11-09,"H-04852, DHA, Karachi",67864
UTL004853,علی Sayyid,88270-1294616-7,Muhammed Usman Sayed,,"H-04853, Chaklala, Rawalpindi",12972
UTL004854,بلال شیخ,,Usman شیخ,1982-06-04,"H-04854, Madina Town, Faisalabad",49158
UTL004855,حسن Khan,73824-7729577-0,عثمان خان,1991-07-15,"H-04855, Peoples Colony, Faisalabad",12887
UTL004856,Bilal Malick,83998-4665598-3,Husain Malik,1971-02-10,"H-04856, Model Town, Lahore",12904
UTL004857,Sana چوہدری,29625-7234856-2,Mohammed Faysal Chaudhry,1961-05-21,"H-04857, Jaranwala Road, Faisalabad",7771
UTL004858,Fatima Quraishi,16251-9711523-3,Ahmad Qureshi,2003-12-03,"H-04858, Cantt, Lahore",11143
UTL004859,Marium Bhatti,78704-8328806-8,Mohammad Hamzah Butt,1967-03-01,"H-04859, E-11, Islamabad",5509
UTL004860,بلال Moghul,25026-3400511-6,Faysal Mughal,1986-11-03,"H-04860, G-10, Islamabad",11728
UTL004861,Muhammad احمد Qureshi,82889-8756150-4,Muhammad Qureshi,1977-05-03,"H-04861, Cantt, Lahore",28247
UTL004862,Faysal Raja,26011-9070454-4,علی راجہ,1979-02-10,"H-04862, F-7, Islamabad",14712
UTL004863,Muhammed Bhatti,31997-3792369-8,,1987-10-21,"H-04863, F-7, Islamabad",36466
UTL004864,Ayisha راجہ,40919-6799250-7,حسین راجہ,1969-02-18,"H-04864, DHA, Karachi",16172
UTL004865,Muhammed Khan,33518-5281844-6,محمد Khan,2003-02-28,"H-04865, Bahria Town, Islamabad",210052
UTL004866,Hussain Moghul,93848-8676730-2,,1969-02-21,"H-04866, Jaranwala Road, Faisalabad",38616
UTL004867,Muhammad عمران Sayed,,Faisal Sayyid,1977-11-15,"H-04867, Satellite Town, Rawalpindi",139002
UTL004868,Osman بٹ,45502-3511735-8,Ali بٹ,1969-06-19,"H-04868, Malir, Karachi",108150
UTL004869,Mariam Moghul,64876-5740881-8,,1959-03-03,"H-04869, North Nazimabad, Karachi",8582
UTL004870,عائشہ قریشی,36770-9384504-0,بلال قریشی,1964-08-05,"H-04870, Jaranwala Road, Faisalabad",12283
UTL004871,Muhammed Hassan Sayed,,Muhammad Hamza Sayyid,1958-12-11,"H-04871, DHA, Karachi",12813
UTL004872,Fatimah Moghul,75207-7270144-4,,1986-01-24,"H-04872, Peoples Colony, Faisalabad",39121
UTL004873,Bilal Malik,85149-5689965-8,Muhammad حسن Malik,1987-11-12,"H-04873, E-11, Islamabad",20456
UTL004874,مریم راجہ,64219-8625580-7,Imran راجہ,1993-06-08,"H-04874, Bahria Town, Islamabad",57874
UTL004875,Faysal اعوان,90367-4510031-0,Mohammed Hassan اعوان,1996-07-03,"H-04875, F-8, Islamabad",42281
UTL004876,Muhammad Ali Sayyid,,عثمان Syed,2001-08-21,"H-04876, Clifton, Karachi",19971
UTL004877,حسن سید,68906-9799363-0,Hasan Sayyid,1983-02-15,"H-04877, Madina Town, Faisalabad",5037
UTL004878,Hamzah Butt,29213-1652515-4,بلال Bhatti,1976-05-11,"H-04878, Saddar, Rawalpindi",11364
UTL004879,بلال Chaudhary,82336-2901813-3,Muhammed Faysal Chaudhary,1964-11-26,"H-04879, Bahria Town, Rawalpindi",10950
UTL004880,Hussain Shaykh,40265-9255836-9,Faysal Sheikh,1990-03-01,"H-04880, DHA, Karachi",14402
UTL004881,Hamza Khan,40375-4370276-5,,1999-10-26,"H-04881, Clifton, Karachi",32392
UTL004882,Hira اعوان,,Faisal اعوان,1963-10-27,"H-04882, Bahria Town, Islamabad",60955
UTL004883,Faysal Shaikh,40719-4508612-7,Muhammad Shaykh,2002-05-11,"H-04883, DHA, Karachi",33953
UTL004884,Imran قریشی,48889-2313298-1,Mohammad حسن قریشی,1993-03-18,"H-04884, Malir, Karachi",4917
UTL004885,Sana سید,41397-3479259-6,Mohammad عمران Sayyid,1969-02-08,"H-04885, Bahria Town, Islamabad",40077
UTL004886,Hasan Ch.,40824-8276465-7,Hassan Ch.,1999-07-03,"H-04886, Madina Town, Faisalabad",12297
UTL004887,Hamza سید,47820-7120375-6,احمد Sayyid,1997-12-11,"H-04887, North Nazimabad, Karachi",4610
UTL004888,احمد خان,,,1965-04-03,"H-04888, Chaklala, Rawalpindi",29807
UTL004889,حرا راجہ,54950-9768170-9,Hasan Raja,1996-11-05,"H-04889, Jaranwala Road, Faisalabad",50113
UTL004890,Imran Moghul,19836-1120461-7,Ali مغل,1969-03-24,"H-04890, Jaranwala Road, Faisalabad",94177
UTL004891,Zainab اعوان,14537-2526879-9,Husain اعوان,,"H-04891, Madina Town, Faisalabad",5371
UTL004892,Hussain Bhatti,,Muhammad علی Butt,1972-10-25,"H-04892, Model Town, Lahore",20315
UTL004893,عمران Bhatti,15679-5605436-3,فیصل Bhatti,1963-09-22,"H-04893, Satellite Town, Rawalpindi",10797
UTL004894,محمد مغل,67563-2149517-9,احمد Moghul,1955-05-21,"H-04894, Gulshan-e-Iqbal, Karachi",21058
UTL004895,Hasan بٹ,97753-3559036-4,,1977-01-11,"H-04895, DHA, Karachi",7357
UTL004896,فاطمہ Malik,30665-8110133-8,حسین Malick,,"H-04896, Malir, Karachi",14657
UTL004897,حرا راجہ,,عمران راجہ,1983-12-06,"H-04897, Peoples Colony, Faisalabad",14985
UTL004898,Fatema Khan,86901-9261250-5,,1995-02-02,"H-04898, F-8, Islamabad",12656
UTL004899,Muhammad Ahmad خان,,علی خان,1968-01-13,"H-04899, North Nazimabad, Karachi",11524
UTL004900,Sana شیخ,51940-3549937-8,عمران Sheikh,1956-01-10,"H-04900, F-7, Islamabad",18467
UTL004901,Ayesha قریشی,83712-1403640-5,Mohammed قریشی,1987-05-21,"H-04901, E-11, Islamabad",5262
UTL004902,Ahmed Awan,26484-1833770-4,Hamzah Awan,1968-01-17,"H-04902, Gulshan-e-Iqbal, Karachi",33869
UTL004903,زینب Shaikh,31110-3775009-8,Muhammed Husain Shaykh,1973-02-08,"H-04903, Bahria Town, Rawalpindi",101796
UTL004904,Mohammed علی ملک,72956-8996118-0,محمد ملک,1964-04-27,"H-04904, Clifton, Karachi",30081
UTL004905,Mohammad Osman Khan,,,1985-01-17,"H-04905, Bahria Town, Rawalpindi",54845
UTL004906,علی راجہ,44585-2606160-6,,1974-04-11,"H-04906, Saddar, Rawalpindi",20070
UTL004907,فیصل Malik,29822-6157228-5,Mohammed Othman Malick,1983-12-10,"H-04907, Jaranwala Road, Faisalabad",9187
UTL004908,حسن چوہدری,44681-1269637-3,Muhammed Choudhary,1997-11-27,"H-04908, DHA, Lahore",25045
UTL004909,Mohammed Imran Malick,55850-4962809-5,Mohammad ملک,,"H-04909, Bahria Town, Islamabad",31584
UTL004910,Faisal Moghul,18258-5218981-3,,1967-04-07,"H-04910, Bahria Town, Islamabad",18394
UTL004911,Muhammed عمران سید,62819-6721313-0,Ali Sayyid,1963-01-21,"H-04911, G-10, Islamabad",11542
UTL004912,Hassan Raja,98366-3566569-7,Faisal Raja,1978-02-07,"H-04912, E-11, Islamabad",8671
UTL004913,Bilal Qureshi,34755-7202735-9,احمد Quraishi,1971-07-04,"H-04913, North Nazimabad, Karachi",4771
UTL004914,Ahmed Bhatti,,حسین بٹ,1956-01-15,"H-04914, Malir, Karachi",41993
UTL004915,Hira Khan,83611-4697933-1,Hamzah خان,1970-05-27,"H-04915, DHA, Karachi",11295
UTL004916,Fatimah Shaikh,,فیصل Sheikh,1984-06-07,"H-04916, Gulshan-e-Iqbal, Karachi",14024
UTL004917,عمران سید,96620-3660245-4,محمد Sayed,1996-11-02,"H-04917, Clifton, Karachi",191457
UTL004918,Hamzah Qureshi,79866-4824678-5,Muhammad Quraishi,1995-01-06,"H-04918, Madina Town, Faisalabad",26435
UTL004919,Mohammed راجہ,58755-9191757-8,Hussain Raja,1963-04-12,"H-04919, Peoples Colony, Faisalabad",7253
UTL004920,Ali Sayed,24489-6059624-9,علی Sayyid,1989-12-17,"H-04920, F-8, Islamabad",28416
UTL004921,Husain بٹ,,Mohammad فیصل بٹ,1981-10-26,"H-04921, Satellite Town, Rawalpindi",16094
UTL004922,Faysal شیخ,58326-2350862-5,,1955-05-27,"H-04922, Gulshan-e-Iqbal, Karachi",11011
UTL004923,محمد Bhatti,91723-5570969-8,Muhammad احمد Butt,1978-10-18,"H-04923, Model Town, Lahore",23080
UTL004924,ثناء اعوان,38900-5010515-7,حسن Awan,1962-05-21,"H-04924, G-10, Islamabad",98569
UTL004925,Hassan خان,23928-1124490-3,فیصل خان,1960-02-04,"H-04925, North Nazimabad, Karachi",8904
UTL004926,Mohammad حمزہ Qureshi,71367-8330694-2,Ahmed Quraishi,1981-04-09,"H-04926, Bahria Town, Islamabad",34784
UTL004927,Muhammed Hasan Khan,49472-5374891-7,Othman Khan,1977-01-26,"H-04927, F-8, Islamabad",16159
UTL004928,Mohammad عمران Raja,61661-2345254-3,Mohammad حمزہ راجہ,1996-02-19,"H-04928, Madina Town, Faisalabad",54086
UTL004929,Hamzah Chaudhry,25996-6160219-6,Muhammad حسن Chaudhry,1977-06-10,"H-04929, Johar Town, Lahore",7079
UTL004930,Fatimah Raja,,حسن Raja,,"H-04930, Bahria Town, Rawalpindi",5490
UTL004931,Husain Mughal,68429-9001301-4,Muhammad Moghul,1965-07-12,"H-04931, F-8, Islamabad",11356
UTL004932,Hussein Qureshi,31692-4953202-3,Mohammed احمد Qureshi,1956-09-04,"H-04932, Madina Town, Faisalabad",11179
UTL004933,عثمان Malik,96428-9660477-8,Muhammad علی Malick,1985-04-16,"H-04933, F-8, Islamabad",32285
UTL004934,Faysal Khan,43975-5698885-7,Ahmad خان,,"H-04934, Jaranwala Road, Faisalabad",10434
UTL004935,علی Butt,,بلال Bhatti,1961-04-07,"H-04935, Malir, Karachi",19521
UTL004936,Hamzah خان,52215-6823746-6,Hassan خان,,"H-04936, Model Town, Lahore",10826
UTL004937,Hamza اعوان,17407-8551310-4,Mohammed Faisal Awan,1963-03-25,"H-04937, North Nazimabad, Karachi",6893
UTL004938,Faisal سید,27907-9933036-5,Ahmad Sayed,1995-05-04,"H-04938, Chaklala, Rawalpindi",14249
UTL004939,Mohammad Hamzah بٹ,46064-7260226-6,عثمان بٹ,1992-11-25,"H-04939, E-11, Islamabad",16430
UTL004940,محمد اعوان,39742-8970034-3,Muhammad Bilal Awan,1973-04-12,"H-04940, Bahria Town, Rawalpindi",47826
UTL004941,Muhammed علی Malick,41977-1889811-7,محمد Malik,1996-01-20,"H-04941, E-11, Islamabad",43588
UTL004942,Mohammad حسین Sheikh,38436-3503254-3,,1958-03-13,"H-04942, Peoples Colony, Faisalabad",7232
UTL004943,Zainab Awan,,,1986-04-11,"H-04943, G-10, Islamabad",23453
UTL004944,عمران Chaudhary,31887-9515614-9,Muhammad Hamzah Chaudhry,1972-01-20,"H-04944, F-7, Islamabad",8144
UTL004945,Hussain Moghul,72318-4294621-5,Hasan مغل,1994-12-26,"H-04945, Chaklala, Rawalpindi",29905
UTL004946,Ahmad Qureshi,64624-3240311-6,Hamzah Quraishi,1960-09-18,"H-04946, F-8, Islamabad",8155
UTL004947,Muhammed بلال Awan,37331-8233184-1,Muhammad فیصل اعوان,1960-07-13,"H-04947, DHA, Karachi",6544
UTL004948,Mohammed احمد Awan,87294-5646615-1,Muhammed Husain اعوان,1971-08-16,"H-04948, Chaklala, Rawalpindi",127163
UTL004949,Muhammad Hussein Qureshi,67989-7497988-9,حمزہ Quraishi,1993-02-23,"H-04949, Gulberg, Lahore",32689
UTL004950,Hussain Chaudhary,,Muhammad Hassan چوہدری,,"H-04950, Peoples Colony, Faisalabad",6291
UTL004951,Muhammad حسن Choudhary,19991-8950534-8,Hamza Chaudhary,2003-04-22,"H-04951, Jaranwala Road, Faisalabad",6295
UTL004952,Fatimah Mughal,,عمران Moghul,2003-02-24,"H-04952, DHA, Lahore",7816
UTL004953,مریم Chaudhry,16274-6926806-9,Hamzah Chaudhry,1968-05-10,"H-04953, F-7, Islamabad",11250
UTL004954,Mohammed Khan,,,1965-10-08,"H-04954, Peoples Colony, Faisalabad",18117
UTL004955,بلال Sayed,,,,"H-04955, Cantt, Lahore",50192
UTL004956,حرا Awan,,Hassan اعوان,,"H-04956, Satellite Town, Rawalpindi",23223
UTL004957,Zainab قریشی,11186-5625498-1,Hassan Quraishi,,"H-04957, Gulshan-e-Iqbal, Karachi",25283
UTL004958,Hamza قریشی,94629-3198758-0,Mohammad Hamza Quraishi,1993-01-16,"H-04958, Cantt, Lahore",52751
UTL004959,Ayesha Raja,64296-2151309-6,Muhammed بلال Raja,1971-01-06,"H-04959, Model Town, Lahore",14566
UTL004960,Mohammed Ali راجہ,32396-4012120-4,Hussein راجہ,1979-07-03,"H-04960, Clifton, Karachi",17025
UTL004961,Hamza Qureshi,,بلال قریشی,1977-08-27,"H-04961, Peoples Colony, Faisalabad",54398
UTL004962,Hassan Mughal,98283-9758437-4,محمد Mughal,1994-10-23,"H-04962, Gulberg, Lahore",18197
UTL004963,حمزہ سید,,Hamzah سید,1973-03-15,"H-04963, Bahria Town, Islamabad",12029
UTL004964,محمد اعوان,49317-8859663-2,Mohammed اعوان,2003-10-05,"H-04964, Gulshan-e-Iqbal, Karachi",13894
UTL004965,حرا Quraishi,64113-8705972-9,Muhammad حسین قریشی,1985-02-17,"H-04965, Cantt, Lahore",4981
UTL004966,Bilal Sayyid,74240-4897357-1,Mohammed Syed,1956-02-15,"H-04966, Madina Town, Faisalabad",24618
UTL004967,Mariam Syed,33450-3686912-0,Muhammad سید,1996-04-23,"H-04967, DHA, Karachi",12372
UTL004968,علی Ch.,27890-5164731-2,,1966-03-01,"H-04968, Madina Town, Faisalabad",6841
UTL004969,Ali Butt,34371-2822168-2,,1965-06-09,"H-04969, E-11, Islamabad",86730
UTL004970,فیصل Bhatti,34798-7756586-5,Husain بٹ,1977-03-11,"H-04970, DHA, Karachi",6512
UTL004971,Muhammad Hamzah سید,90405-4695886-6,,1993-06-01,"H-04971, E-11, Islamabad",14868
UTL004972,Bilal Sheikh,73186-7219958-7,علی Sheikh,1958-12-22,"H-04972, Jaranwala Road, Faisalabad",16742
UTL004973,Hussain Chaudhry,23259-6023094-3,Muhammad Ali Choudhary,1987-09-12,"H-04973, Malir, Karachi",10909
UTL004974,Hamza Khan,36412-1357984-6,Faysal خان,1991-12-24,"H-04974, Jaranwala Road, Faisalabad",20758
UTL004975,Muhammad Hasan اعوان,43797-6088542-9,Mohammed Awan,1986-02-22,"H-04975, DHA, Karachi",11749
UTL004976,بلال Raja,60462-9934326-8,Hamza راجہ,1987-06-18,"H-04976, Madina Town, Faisalabad",51574
UTL004977,علی Awan,54085-4206123-8,,1976-02-24,"H-04977, Saddar, Rawalpindi",8592
UTL004978,Hasan بٹ,,فیصل Bhatti,2002-08-24,"H-04978, Cantt, Lahore",11760
UTL004979,Imran Khan,21848-5298152-3,Ali Khan,1996-12-14,"H-04979, Gulshan-e-Iqbal, Karachi",12419
UTL004980,Hussein Malick,,محمد Malik,1957-12-28,"H-04980, Gulshan-e-Iqbal, Karachi",97520
UTL004981,زینب راجہ,34900-4749654-4,,1986-09-03,"H-04981, Bahria Town, Rawalpindi",16460
UTL004982,Ali ملک,67404-5742281-6,حمزہ Malik,1975-08-08,"H-04982, Gulshan-e-Iqbal, Karachi",61072
UTL004983,Muhammed Ahmad Quraishi,69820-4185715-1,Ali Qureshi,1972-04-05,"H-04983, Saddar, Rawalpindi",18266
UTL004984,Mohammed Hussain اعوان,70614-5594899-0,Hasan اعوان,1975-11-23,"H-04984, Saddar, Rawalpindi",10945
UTL004985,بلال Raja,68844-3618063-7,حسن Raja,1972-01-13,"H-04985, F-7, Islamabad",27618
UTL004986,Zaynab بٹ,33862-7440528-3,محمد Bhatti,1997-02-26,"H-04986, Clifton, Karachi",33882
UTL004987,Mohammad Imran مغل,,محمد Moghul,1992-03-05,"H-04987, Gulberg, Lahore",9340
UTL004988,Ayesha بٹ,38387-9627892-6,Muhammed Bhatti,1986-03-20,"H-04988, F-7, Islamabad",4962
UTL004989,عمران اعوان,53906-3071854-2,Faysal اعوان,,"H-04989, Model Town, Lahore",33208
UTL004990,Mohammad Imran Quraishi,,Muhammad Hassan Qureshi,1962-07-28,"H-04990, Bahria Town, Islamabad",6445
UTL004991,Sana سید,80096-8401253-6,Osman Syed,2001-07-24,"H-04991, Model Town, Lahore",11942
UTL004992,بلال مغل,30700-3096650-1,Muhammad مغل,1999-10-25,"H-04992, G-10, Islamabad",26941
UTL004993,Usman Syed,82557-6661239-9,Hamza Syed,2003-02-07,"H-04993, Satellite Town, Rawalpindi",24605
UTL004994,Faysal Shaikh,,,1965-04-18,"H-04994, Jaranwala Road, Faisalabad",20654
UTL004995,Ali Bhatti,51881-7401099-4,Osman Bhatti,1957-09-11,"H-04995, Satellite Town, Rawalpindi",8096
UTL004996,Faysal راجہ,85200-1843910-4,Hasan راجہ,1992-09-16,"H-04996, Malir, Karachi",15349
UTL004997,Mohammad Faisal راجہ,10144-7637180-0,علی راجہ,1979-10-25,"H-04997, G-10, Islamabad",86169
UTL004998,Faysal بٹ,,Faisal Butt,1988-10-20,"H-04998, Gulshan-e-Iqbal, Karachi",65913
UTL004999,Mariam اعوان,,Muhammed عثمان Awan,1969-01-06,"H-04999, DHA, Lahore",5821
UTL005000,بلال Awan,55306-3367096-9,,1992-03-12,"H-05000, Saddar, Rawalpindi",4541
UTL005001,Hamza Mughal,28801-7270697-3,حسن Moghul,1963-12-12,"H-05001, Clifton, Karachi",9853
UTL005002,محمد Butt,32649-9157450-4,,1963-02-05,"H-05002, Malir, Karachi",30671
UTL005003,Muhammed احمد قریشی,50637-9628054-5,Mohammed Quraishi,,"H-05003, G-10, Islamabad",56738
UTL005004,Ahmad سید,10468-9300648-1,,1985-08-22,"H-05004, Madina Town, Faisalabad",22565
UTL005005,Fatima خان,92671-6617954-1,Husain Khan,1995-07-01,"H-05005, Jaranwala Road, Faisalabad",12501
UTL005006,محمد Bhatti,93207-3986682-4,Muhammed Butt,1973-05-01,"H-05006, Clifton, Karachi",48832
UTL005007,Mohammed Bilal Chaudhry,62420-2163515-4,عثمان Chaudhry,1978-01-03,"H-05007, F-8, Islamabad",29743
UTL005008,Ahmad Shaikh,80273-8127697-6,Hamza Shaykh,1983-06-13,"H-05008, Peoples Colony, Faisalabad",8584
UTL005009,Bilal چوہدری,14558-5735019-8,Ahmad چوہدری,1981-09-27,"H-05009, Gulberg, Lahore",6382
UTL005010,Muhammad Imran اعوان,49887-7382139-1,عمران Awan,1985-01-26,"H-05010, DHA, Karachi",16196
UTL005011,Hamzah Choudhary,44935-7541975-7,Muhammad Imran Chaudhary,1969-02-10,"H-05011, Madina Town, Faisalabad",73656
UTL005012,علی Qureshi,77797-3948632-3,علی Qureshi,1971-11-07,"H-05012, North Nazimabad, Karachi",12887
UTL005013,Hira بٹ,37914-3491649-3,Hamzah Bhatti,1965-05-28,"H-05013, Satellite Town, Rawalpindi",12728
UTL005014,Mohammad Faysal Sheikh,40213-3319251-4,Muhammed Shaikh,1980-02-17,"H-05014, Clifton, Karachi",12319
UTL005015,Bilal Khan,87134-3508613-7,,1978-01-12,"H-05015, E-11, Islamabad",41349
UTL005016,ثناء Qureshi,60116-2400333-6,Mohammad Faysal Quraishi,1961-04-09,"H-05016, Madina Town, Faisalabad",47280
UTL005017,Ali قریشی,34301-6369440-6,Muhammed علی Quraishi,,"H-05017, Madina Town, Faisalabad",20585
UTL005018,حسین خان,44910-2821264-4,علی Khan,,"H-05018, F-8, Islamabad",12697
UTL005019,بلال خان,48913-5131826-0,محمد خان,1983-03-10,"H-05019, E-11, Islamabad",9130
UTL005020,Hira خان,19407-4653750-9,Hamzah خان,2003-09-07,"H-05020, F-8, Islamabad",6303
UTL005021,حرا Moghul,71919-9078434-2,Muhammad Hussein مغل,2002-03-09,"H-05021, Johar Town, Lahore",8681
UTL005022,Mohammed Ali راجہ,23891-3241880-8,علی راجہ,,"H-05022, Satellite Town, Rawalpindi",6729
UTL005023,Maryam مغل,47561-9472672-1,فیصل Moghul,,"H-05023, Jaranwala Road, Faisalabad",7204
UTL005024,علی اعوان,21830-1179312-4,,1990-07-16,"H-05024, E-11, Islamabad",118280
UTL005025,Mohammed عمران Sayyid,,,1965-05-15,"H-05025, Peoples Colony, Faisalabad",15630
UTL005026,Bilal Mughal,64966-6317241-1,Ali مغل,,"H-05026, Cantt, Lahore",6540
UTL005027,Hamzah Raja,70892-9111150-0,,1981-10-13,"H-05027, Chaklala, Rawalpindi",141966
UTL005028,حسن Chaudhry,74432-1508517-6,Usman چوہدری,1970-11-18,"H-05028, Bahria Town, Rawalpindi",8038
UTL005029,Mohammed Bilal Sheikh,48616-4789288-5,Ahmad Shaikh,1965-10-01,"H-05029, Model Town, Lahore",12396
UTL005030,Fatimah راجہ,57695-3314369-4,محمد Raja,,"H-05030, Bahria Town, Islamabad",11841
UTL005031,محمد Syed,11662-7264587-8,عمران سید,1957-10-11,"H-05031, Satellite Town, Rawalpindi",13883
UTL005032,Hassan Mughal,54155-9833788-8,Hassan Mughal,1965-03-12,"H-05032, Madina Town, Faisalabad",127830
UTL005033,Ahmed سید,61181-7750765-0,,1989-10-22,"H-05033, Jaranwala Road, Faisalabad",22414
UTL005034,Mohammed Husain Mughal,,Faysal Mughal,1997-02-27,"H-05034, Jaranwala Road, Faisalabad",4857
UTL005035,Osman Bhatti,,احمد Bhatti,1975-04-18,"H-05035, Jaranwala Road, Faisalabad",10617
UTL005036,حرا Bhatti,35784-5743699-7,Hussein Bhatti,1969-01-08,"H-05036, Bahria Town, Islamabad",7567
UTL005037,ثناء Bhatti,66917-2082559-1,Mohammad Osman بٹ,1977-07-18,"H-05037, E-11, Islamabad",19467
UTL005038,Aisha مغل,98849-1965291-5,حمزہ مغل,1987-08-28,"H-05038, Chaklala, Rawalpindi",60896
UTL005039,حمزہ راجہ,59920-2609428-4,Muhammad حمزہ Raja,1969-01-15,"H-05039, Cantt, Lahore",23759
UTL005040,علی Awan,27543-9325224-3,Muhammed اعوان,1962-10-20,"H-05040, Peoples Colony, Faisalabad",26521
UTL005041,Muhammad بلال Quraishi,,Bilal Quraishi,1975-09-19,"H-05041, DHA, Lahore",238048
UTL005042,Hassan Raja,49757-4797346-8,Mohammed راجہ,1997-07-17,"H-05042, Chaklala, Rawalpindi",12308
UTL005043,Hamza Mughal,69570-4305201-8,احمد مغل,1976-11-14,"H-05043, G-10, Islamabad",6018
UTL005044,Hira Sheikh,55058-8120070-1,Hasan شیخ,1996-01-05,"H-05044, Madina Town, Faisalabad",20567
UTL005045,Hamzah Sayyid,21833-7615119-9,Hussein Sayed,1993-08-07,"H-05045, Cantt, Lahore",18944
UTL005046,Maryam Raja,58035-7853980-4,Hamza Raja,1961-09-26,"H-05046, Satellite Town, Rawalpindi",14404
UTL005047,Zainab Choudhary,,Mohammed فیصل Chaudhary,1995-10-15,"H-05047, F-7, Islamabad",25077
UTL005048,Ahmed اعوان,38593-5750432-4,Muhammed Awan,1981-01-05,"H-05048, E-11, Islamabad",27693
UTL005049,فاطمہ Syed,91348-8041260-7,Ali Sayyid,1984-09-23,"H-05049, Peoples Colony, Faisalabad",83638
UTL005050,Ali شیخ,74504-4346220-1,فیصل Shaikh,1981-09-06,"H-05050, Bahria Town, Rawalpindi",16622
UTL005051,Ali Khan,71961-8528697-2,بلال خان,1984-02-12,"H-05051, Malir, Karachi",48479
UTL005052,Hamza Khan,91088-4546586-9,Hussain Khan,1998-06-10,"H-05052, Clifton, Karachi",6770
UTL005053,بلال خان,56031-1707544-0,بلال خان,1995-12-22,"H-05053, Saddar, Rawalpindi",9976
UTL005054,حسن خان,52963-7281947-7,,1980-09-28,"H-05054, Gulshan-e-Iqbal, Karachi",24140
UTL005055,علی شیخ,,حمزہ Shaikh,1996-08-10,"H-05055, DHA, Karachi",7898
UTL005056,Husain Sheikh,76532-1042072-3,,1964-01-23,"H-05056, DHA, Karachi",16988
UTL005057,Fatema Malik,46776-8198364-6,Mohammed عمران Malick,1985-11-26,"H-05057, Saddar, Rawalpindi",15840
UTL005058,حمزہ Mughal,26302-2351744-6,Hamza Mughal,1961-03-08,"H-05058, Bahria Town, Rawalpindi",3694
UTL005059,Imran Chaudhry,89150-1037905-1,بلال Chaudhary,1997-07-12,"H-05059, Chaklala, Rawalpindi",14395
UTL005060,Hassan Syed,31900-3568892-0,,1979-02-22,"H-05060, Bahria Town, Rawalpindi",18376
UTL005061,Muhammed Usman Khan,40962-5366057-7,عمران خان,1967-05-17,"H-05061, Peoples Colony, Faisalabad",9018
UTL005062,Mohammed بلال خان,44087-8407759-4,Muhammad خان,2002-08-19,"H-05062, Madina Town, Faisalabad",33950
UTL005063,Hasan Butt,,Bilal Bhatti,1982-07-03,"H-05063, G-10, Islamabad",30278
UTL005064,Muhammad احمد Chaudhary,86506-4029545-9,Usman Chaudhry,1955-02-22,"H-05064, Gulberg, Lahore",15092
UTL005065,Ayisha Khan,,عمران خان,,"H-05065, Gulberg, Lahore",11219
UTL005066,Hira خان,25006-4764411-8,عمران خان,1968-11-02,"H-05066, F-7, Islamabad",19262
UTL005067,عثمان Raja,97215-8887210-2,فیصل Raja,1960-10-08,"H-05067, Malir, Karachi",68095
UTL005068,Ahmad راجہ,18050-6868707-6,Hamza راجہ,1969-02-03,"H-05068, Bahria Town, Islamabad",22259
UTL005069,Zaynab Sayyid,34348-5607228-1,Ali Sayed,1987-07-11,"H-05069, Bahria Town, Rawalpindi",4976
UTL005070,Imran Bhatti,,Muhammed Faysal Bhatti,1995-12-06,"H-05070, DHA, Karachi",9725
UTL005071,حسین Butt,,عثمان Bhatti,1991-11-06,"H-05071, F-7, Islamabad",3408
UTL005072,Mohammed مغل,98508-5654766-8,بلال Mughal,1959-09-07,"H-05072, Satellite Town, Rawalpindi",13328
UTL005073,Muhammad Usman Quraishi,48617-4680527-2,احمد Quraishi,,"H-05073, Madina Town, Faisalabad",18142
UTL005074,Osman Malik,17268-9844462-0,عمران ملک,1981-02-26,"H-05074, Madina Town, Faisalabad",17660
UTL005075,Mohammad عمران Awan,,Muhammed Hussain Awan,,"H-05075, Clifton, Karachi",10874
UTL005076,عثمان Awan,66466-7103897-9,,1992-03-11,"H-05076, Clifton, Karachi",4952
UTL005077,Hamza مغل,10240-5331977-6,فیصل Moghul,2002-10-18,"H-05077, Cantt, Lahore",19122
UTL005078,Mohammed احمد اعوان,,Muhammad Awan,1966-12-14,"H-05078, DHA, Lahore",20476
UTL005079,Marium Malik,34709-9347397-0,Ali Malick,1964-12-10,"H-05079, Satellite Town, Rawalpindi",9970
UTL005080,Fatimah Malick,37068-1222519-8,حسن Malik,,"H-05080, North Nazimabad, Karachi",20381
UTL005081,حسین Ch.,41165-9991149-4,,1976-04-03,"H-05081, North Nazimabad, Karachi",67135
UTL005082,Mohammad Hasan خان,20442-4864826-9,,1964-10-18,"H-05082, Bahria Town, Rawalpindi",8596
UTL005083,Mariam Malick,49668-3360627-3,Imran ملک,1985-11-13,"H-05083, DHA, Lahore",29777
UTL005084,Mohammad Awan,,Hamzah اعوان,2002-01-20,"H-05084, Satellite Town, Rawalpindi",9543
UTL005085,علی قریشی,90967-2101239-3,,1975-05-03,"H-05085, Cantt, Lahore",21546
UTL005086,حرا Bhatti,98162-6622406-1,Faisal Bhatti,1977-05-09,"H-05086, Bahria Town, Islamabad",48668
UTL005087,Mohammad حسین Butt,58890-9493741-5,Muhammed Osman بٹ,1959-01-17,"H-05087, Clifton, Karachi",3681
UTL005088,Mohammad Ahmad اعوان,78586-8602063-4,Imran Awan,1975-04-03,"H-05088, DHA, Karachi",27282
UTL005089,Zainab سید,68794-3260398-5,Mohammad Hussain سید,1986-08-16,"H-05089, North Nazimabad, Karachi",15880
UTL005090,Hamza Syed,58309-4185591-2,حسین سید,,"H-05090, Madina Town, Faisalabad",26203
UTL005091,Ahmed Sayed,,Hamzah Sayyid,,"H-05091, DHA, Lahore",11852
UTL005092,Ahmed Sayyid,21647-6787435-1,Bilal Syed,1973-10-04,"H-05092, Jaranwala Road, Faisalabad",6999
UTL005093,Hamzah خان,,Mohammad بلال Khan,1973-10-28,"H-05093, G-10, Islamabad",3971
UTL005094,حرا Sayed,,Hussein Syed,1988-05-06,"H-05094, North Nazimabad, Karachi",28478
UTL005095,Mariam Malik,18167-7421043-4,Muhammad Hamzah Malick,1967-12-19,"H-05095, Madina Town, Faisalabad",27455
UTL005096,Hassan قریشی,83937-4418885-2,Mohammad Hussain Qureshi,1968-06-22,"H-05096, Jaranwala Road, Faisalabad",5961
UTL005097,Ahmad Chaudhry,19067-7853022-9,Mohammed Osman چوہدری,,"H-05097, Gulberg, Lahore",101274
UTL005098,Osman Quraishi,90888-9326217-8,عمران قریشی,1967-11-16,"H-05098, Malir, Karachi",52048
UTL005099,Muhammad Bhatti,75235-3025718-8,عمران Bhatti,1990-11-09,"H-05099, Cantt, Lahore",10323
UTL005100,Hira مغل,,عثمان مغل,2001-04-26,"H-05100, Chaklala, Rawalpindi",8908
UTL005101,عمران Butt,44909-9169540-6,Faisal Bhatti,1980-05-24,"H-05101, Clifton, Karachi",5343
UTL005102,Mohammad Sayed,,Mohammed Ali Sayed,1987-04-13,"H-05102, Chaklala, Rawalpindi",5419
UTL005103,Mohammed Imran Khan,94888-9209972-2,Ahmed Khan,1996-04-19,"H-05103, DHA, Karachi",7906
UTL005104,Muhammed Sheikh,,Hamzah Shaykh,1965-11-07,"H-05104, DHA, Karachi",5444
UTL005105,Bilal Khan,,,1970-12-28,"H-05105, North Nazimabad, Karachi",48045
UTL005106,Hira Bhatti,87677-6580558-8,Muhammed بٹ,1978-12-03,"H-05106, Malir, Karachi",21688
UTL005107,Hamza اعوان,,عمران اعوان,,"H-05107, Model Town, Lahore",3867
UTL005108,Fatima Sheikh,50993-6949692-6,,1969-07-14,"H-05108, Cantt, Lahore",57251
UTL005109,علی چوہدری,22156-9352022-9,علی Choudhary,1961-02-28,"H-05109, F-8, Islamabad",5487
UTL005110,حسن خان,12657-3600985-7,Ahmed Khan,1994-01-12,"H-05110, F-7, Islamabad",25676
UTL005111,حمزہ Mughal,53624-7324779-2,Mohammad حسن Moghul,1968-01-19,"H-05111, Saddar, Rawalpindi",11352
UTL005112,مریم Raja,44854-4313117-4,Bilal راجہ,1972-06-17,"H-05112, Peoples Colony, Faisalabad",24240
UTL005113,Fatimah اعوان,38784-1165427-0,Muhammed حسن Awan,2001-01-09,"H-05113, Gulberg, Lahore",100159
UTL005114,Fatimah چوہدری,57968-5151546-0,احمد Chaudhary,1963-11-17,"H-05114, F-8, Islamabad",47894
UTL005115,Mohammed Khan,27833-6770624-2,Muhammad Khan,1986-11-24,"H-05115, DHA, Karachi",44556
UTL005116,Mohammed Ahmad بٹ,64539-8006239-3,,1957-08-02,"H-05116, Chaklala, Rawalpindi",4326
UTL005117,Hamzah Choudhary,20626-5282089-3,Osman Ch.,1970-06-12,"H-05117, Chaklala, Rawalpindi",5715
UTL005118,Hira شیخ,,,2003-07-13,"H-05118, Gulberg, Lahore",17433
UTL005119,Faysal خان,94729-3585930-6,Mohammad Ahmed Khan,1993-04-12,"H-05119, Madina Town, Faisalabad",98141
UTL005120,Ahmed Butt,58606-5987321-0,Mohammed بٹ,1974-09-20,"H-05120, North Nazimabad, Karachi",17015
UTL005121,Imran Bhatti,,,1979-12-23,"H-05121, Chaklala, Rawalpindi",30414
UTL005122,زینب Quraishi,,محمد Quraishi,1957-02-25,"H-05122, Saddar, Rawalpindi",10165
UTL005123,Ali Moghul,,محمد Moghul,1985-07-06,"H-05123, Gulshan-e-Iqbal, Karachi",24615
UTL005124,Ali Khan,24316-8700956-2,Muhammad Ali Khan,1957-10-10,"H-05124, Clifton, Karachi",13654
UTL005125,Mohammed عمران Sheikh,,Hamza Sheikh,2001-09-16,"H-05125, F-7, Islamabad",19263
UTL005126,Mohammad حمزہ Shaykh,,Hamzah Shaikh,1961-11-07,"H-05126, DHA, Lahore",14941
UTL005127,Marium بٹ,77372-7036897-3,Muhammed Othman Butt,1965-06-18,"H-05127, Peoples Colony, Faisalabad",16966
UTL005128,عثمان Mughal,25718-6283539-4,Ahmad Moghul,1973-04-14,"H-05128, Peoples Colony, Faisalabad",31089
UTL005129,Fatema بٹ,,,2003-07-24,"H-05129, DHA, Lahore",44783
UTL005130,حسین بٹ,,Hasan بٹ,1970-08-11,"H-05130, Model Town, Lahore",41309
UTL005131,احمد Quraishi,79360-1016764-6,حسن قریشی,1991-06-17,"H-05131, F-7, Islamabad",11619
UTL005132,Usman شیخ,55086-5008621-7,Muhammed Sheikh,,"H-05132, Peoples Colony, Faisalabad",13929
UTL005133,Faysal Raja,81877-4949586-5,Muhammad Raja,1977-02-27,"H-05133, E-11, Islamabad",27654
UTL005134,Husain Khan,,حمزہ Khan,1998-01-04,"H-05134, Johar Town, Lahore",192747
UTL005135,Mohammad Choudhary,85475-5104331-6,عمران Ch.,,"H-05135, Johar Town, Lahore",17812
UTL005136,Husain Quraishi,78098-1690978-4,Bilal Quraishi,1956-07-12,"H-05136, Bahria Town, Islamabad",4780
UTL005137,Mohammed Mughal,67281-4310929-4,فیصل مغل,1962-07-13,"H-05137, Satellite Town, Rawalpindi",22982
UTL005138,حمزہ Awan,15232-5377947-5,Mohammed عثمان Awan,1995-05-07,"H-05138, Cantt, Lahore",6725
UTL005139,حسن ملک,37736-2238516-2,احمد ملک,,"H-05139, Jaranwala Road, Faisalabad",7048
UTL005140,حسن راجہ,35056-1437804-0,,2002-08-26,"H-05140, Satellite Town, Rawalpindi",17087
UTL005141,Faisal Sayed,11423-7984575-6,Bilal Sayyid,1987-11-17,"H-05141, Peoples Colony, Faisalabad",37138
UTL005142,Muhammad Ahmad Sayyid,88303-4587039-3,,1959-11-06,"H-05142, F-7, Islamabad",45792
UTL005143,Muhammad احمد Butt,49961-4342702-9,Hasan Butt,1972-07-20,"H-05143, Gulshan-e-Iqbal, Karachi",11195
UTL005144,حرا چوہدری,42524-6317982-3,Mohammad Hamza Chaudhary,1966-06-24,"H-05144, Peoples Colony, Faisalabad",76613
UTL005145,Hasan قریشی,84849-7932509-2,Muhammed Quraishi,1957-04-06,"H-05145, Peoples Colony, Faisalabad",19674
UTL005146,Ahmad مغل,96035-9991355-6,Muhammad مغل,1962-08-08,"H-05146, Johar Town, Lahore",10591
UTL005147,Othman Quraishi,22472-2543109-7,Muhammed Bilal قریشی,1960-05-06,"H-05147, Gulshan-e-Iqbal, Karachi",7036
UTL005148,Husain چوہدری,72583-1052016-4,احمد Chaudhary,1960-01-17,"H-05148, Satellite Town, Rawalpindi",11935
UTL005149,بلال Butt,36594-6395843-9,,1971-09-19,"H-05149, Madina Town, Faisalabad",4908
UTL005150,Mohammad Othman Shaykh,38143-2513737-7,Muhammad حمزہ Shaikh,2003-10-03,"H-05150, Chaklala, Rawalpindi",10115
UTL005151,فاطمہ قریشی,,,1967-05-07,"H-05151, Chaklala, Rawalpindi",32348
UTL005152,Faysal خان,,Muhammed علی خان,1956-02-26,"H-05152, DHA, Karachi",16032
UTL005153,بلال Sayed,,Muhammad عمران Sayed,1985-05-10,"H-05153, Model Town, Lahore",6202
UTL005154,عمران بٹ,73447-3942979-7,Hussain Bhatti,1995-03-03,"H-05154, DHA, Lahore",108160
UTL005155,Muhammed Husain اعوان,83835-2446973-3,Mohammad بلال Awan,1985-02-14,"H-05155, Jaranwala Road, Faisalabad",11521
UTL005156,Faysal Raja,94326-2264107-2,بلال راجہ,1970-12-17,"H-05156, Jaranwala Road, Faisalabad",8367
UTL005157,Hamzah مغل,50170-6878784-5,Mohammed مغل,1992-08-08,"H-05157, F-7, Islamabad",33760
UTL005158,Faisal راجہ,39078-9622940-2,حسین Raja,1965-10-18,"H-05158, Saddar, Rawalpindi",29096
UTL005159,Hussein Mughal,46397-6135403-4,Bilal Mughal,1968-11-10,"H-05159, Bahria Town, Rawalpindi",20702
UTL005160,زینب Mughal,22923-2393735-0,احمد Mughal,1978-03-27,"H-05160, Clifton, Karachi",11234
UTL005161,Osman مغل,79801-2212391-2,Hassan Mughal,1982-12-18,"H-05161, Bahria Town, Islamabad",21278
UTL005162,Aysha Raja,40434-3485442-3,Mohammad Usman Raja,,"H-05162, Madina Town, Faisalabad",10477
UTL005163,Ali Shaikh,85415-5801139-5,Muhammad Hamzah Shaykh,1956-04-03,"H-05163, G-10, Islamabad",10021
UTL005164,Muhammad ملک,46463-8882339-0,Mohammed Hamza Malik,1967-01-17,"H-05164, Gulberg, Lahore",7389
UTL005165,Mohammed حسن اعوان,46136-6760065-4,Osman Awan,1996-02-15,"H-05165, E-11, Islamabad",67074
UTL005166,Muhammad Malik,,بلال Malick,,"H-05166, Chaklala, Rawalpindi",3466
UTL005167,Bilal Syed,93360-2559614-7,Muhammad Ali Sayed,1990-07-09,"H-05167, G-10, Islamabad",35989
UTL005168,عائشہ ملک,,علی ملک,1998-03-20,"H-05168, Saddar, Rawalpindi",42093
UTL005169,Othman Ch.,63142-6324723-1,بلال Choudhary,1973-05-27,"H-05169, North Nazimabad, Karachi",101564
UTL005170,حسین خان,52618-4770530-8,,1997-11-20,"H-05170, North Nazimabad, Karachi",7045
UTL005171,ثناء سید,,Mohammed Hamzah Sayed,1992-09-26,"H-05171, North Nazimabad, Karachi",8703
UTL005172,Mohammed فیصل ملک,,Mohammed عمران Malick,1984-09-24,"H-05172, DHA, Lahore",9022
UTL005173,Faysal ملک,88826-8106935-5,بلال Malick,1985-01-22,"H-05173, Satellite Town, Rawalpindi",9137
UTL005174,Maryam اعوان,53235-2983863-6,Imran اعوان,1966-01-07,"H-05174, Jaranwala Road, Faisalabad",7654
UTL005175,Ali Raja,90211-6014924-0,Mohammad احمد راجہ,1976-05-23,"H-05175, E-11, Islamabad",71203
UTL005176,بلال Raja,54555-2500598-1,Mohammad عمران Raja,1990-11-03,"H-05176, Jaranwala Road, Faisalabad",20328
UTL005177,ثناء Awan,77020-1933135-8,Osman اعوان,1962-12-09,"H-05177, Model Town, Lahore",15070
UTL005178,Maryam اعوان,96357-2679897-6,,1975-05-01,"H-05178, E-11, Islamabad",6004
UTL005179,Muhammad Hussain Shaikh,90351-7419416-9,Mohammed فیصل Sheikh,1977-08-04,"H-05179, Bahria Town, Rawalpindi",14783
UTL005180,Hamzah Khan,65368-5903607-5,Ahmad خان,1995-03-06,"H-05180, DHA, Karachi",11849
UTL005181,Ali Ch.,80259-4172570-0,حسن چوہدری,1989-02-10,"H-05181, Peoples Colony, Faisalabad",24774
UTL005182,عائشہ بٹ,,Mohammad Ali بٹ,1991-03-05,"H-05182, North Nazimabad, Karachi",14122
UTL005183,Hassan Awan,25568-1093002-9,عمران Awan,1978-04-06,"H-05183, Bahria Town, Rawalpindi",11759
UTL005184,Hamzah Sheikh,62022-8767880-5,حسین شیخ,1992-11-01,"H-05184, Malir, Karachi",8901
UTL005185,Muhammad Chaudhry,97312-5055889-7,حسین Ch.,1978-12-02,"H-05185, Chaklala, Rawalpindi",68714
UTL005186,Mohammad Syed,83881-5368033-8,احمد Sayyid,1983-01-09,"H-05186, Madina Town, Faisalabad",40139
UTL005187,Fatimah Moghul,68450-2414632-9,احمد مغل,1982-04-15,"H-05187, F-8, Islamabad",19355
UTL005188,Muhammad Bhatti,10201-3895098-8,Imran Bhatti,1990-12-06,"H-05188, Bahria Town, Rawalpindi",42268
UTL005189,Ayesha راجہ,,علی Raja,2002-05-22,"H-05189, Satellite Town, Rawalpindi",26089
UTL005190,احمد خان,85172-4642834-2,Ahmed خان,1956-04-13,"H-05190, Cantt, Lahore",24829
UTL005191,محمد Mughal,97363-5421053-2,,,"H-05191, Model Town, Lahore",13885
UTL005192,عمران Khan,34651-1492172-7,,1974-09-26,"H-05192, Model Town, Lahore",36043
UTL005193,Muhammad Quraishi,13255-3214918-7,عثمان Quraishi,1998-10-18,"H-05193, G-10, Islamabad",58779
UTL005194,Imran Malik,,Mohammed Hussein Malick,1981-11-15,"H-05194, Peoples Colony, Faisalabad",85022
UTL005195,Hassan شیخ,,Muhammad Shaykh,1974-07-09,"H-05195, Peoples Colony, Faisalabad",23778
UTL005196,Zainab Sheikh,,Bilal Shaykh,1982-02-05,"H-05196, Chaklala, Rawalpindi",6101
UTL005197,بلال Khan,93468-5537994-1,Imran Khan,,"H-05197, Clifton, Karachi",14225
UTL005198,Ahmad خان,90008-3734492-6,Ali Khan,1960-07-18,"H-05198, Peoples Colony, Faisalabad",12687
UTL005199,علی Khan,19100-6234578-1,Mohammad Khan,1992-03-09,"H-05199, Bahria Town, Rawalpindi",12934
UTL005200,Hussein خان,79612-7552696-4,Ali Khan,,"H-05200, E-11, Islamabad",8174
UTL005201,Hussain اعوان,98466-4500687-1,Imran Awan,1990-10-16,"H-05201, Johar Town, Lahore",8705
UTL005202,حسین سید,37626-8430851-4,Hussain Syed,2001-06-16,"H-05202, DHA, Lahore",5414
UTL005203,Hira اعوان,29420-2242043-4,Ali اعوان,1960-02-09,"H-05203, Model Town, Lahore",59506
UTL005204,Hasan سید,88319-3212485-9,Muhammad Sayed,1986-01-07,"H-05204, Chaklala, Rawalpindi",10190
UTL005205,Ali Awan,44733-3398723-4,حمزہ اعوان,1958-07-22,"H-05205, Clifton, Karachi",16893
UTL005206,Ali Shaykh,22748-8065933-4,Mohammad Sheikh,1956-05-28,"H-05206, E-11, Islamabad",22796
UTL005207,Mohammad علی Butt,39110-5711754-5,بلال Bhatti,1974-07-13,"H-05207, Gulshan-e-Iqbal, Karachi",172452
UTL005208,Mohammad Ahmed شیخ,,,1977-11-19,"H-05208, Malir, Karachi",9440
UTL005209,Sana بٹ,51346-7790764-7,Mohammed Osman Butt,1981-05-13,"H-05209, Peoples Colony, Faisalabad",18210
UTL005210,Marium Syed,85368-2556516-3,Husain Sayyid,1999-09-04,"H-05210, Chaklala, Rawalpindi",14703
UTL005211,Mohammed Chaudhary,28587-3707956-1,,1999-05-24,"H-05211, Model Town, Lahore",5017
UTL005212,Hussein شیخ,62311-2595262-0,Mohammad Shaykh,1973-10-17,"H-05212, Gulshan-e-Iqbal, Karachi",6958
UTL005213,Mohammed Qureshi,91022-4219578-6,عثمان Qureshi,1959-05-13,"H-05213, Madina Town, Faisalabad",20797
UTL005214,Faisal Malik,73081-7924597-5,Mohammad حسن Malik,1994-08-19,"H-05214, Madina Town, Faisalabad",14658
UTL005215,ثناء Ch.,,Othman Ch.,1957-10-11,"H-05215, F-7, Islamabad",13520
UTL005216,Osman Bhatti,37457-8210971-4,Mohammad Butt,,"H-05216, F-7, Islamabad",68224
UTL005217,علی Shaykh,53595-6390787-0,Hassan شیخ,1961-03-26,"H-05217, North Nazimabad, Karachi",56617
UTL005218,Muhammad عثمان مغل,90506-7180332-9,Mohammad Ali مغل,1972-02-20,"H-05218, Bahria Town, Islamabad",11639
UTL005219,بلال Sayed,,Muhammad Ahmed Sayyid,1989-02-04,"H-05219, G-10, Islamabad",13413
UTL005220,Hassan Shaykh,,Osman Shaykh,1967-09-07,"H-05220, Madina Town, Faisalabad",148061
UTL005221,فیصل Malik,19253-8019922-5,Muhammed احمد Malick,1974-09-04,"H-05221, Bahria Town, Rawalpindi",18696
UTL005222,بلال Raja,59727-2937862-1,حمزہ Raja,1970-08-01,"H-05222, Bahria Town, Rawalpindi",11784
UTL005223,Othman Khan,52698-7665124-7,Hassan Khan,,"H-05223, Model Town, Lahore",11114
UTL005224,علی Bhatti,97342-7395282-6,Bilal Bhatti,1963-10-04,"H-05224, Model Town, Lahore",47387
UTL005225,Fatimah Malik,87656-5630235-4,محمد Malick,2003-07-01,"H-05225, F-8, Islamabad",92888
UTL005226,حرا Malick,54985-5617487-9,Imran ملک,1973-05-15,"H-05226, DHA, Lahore",30322
UTL005227,Ayisha Khan,77596-2829092-3,Hasan خان,1978-04-07,"H-05227, Chaklala, Rawalpindi",18677
UTL005228,Sana Butt,55893-2863204-8,Muhammed بٹ,1998-01-15,"H-05228, Malir, Karachi",7144
UTL005229,Zaynab Raja,52980-5377344-8,حسن Raja,1987-07-18,"H-05229, Model Town, Lahore",15153
UTL005230,Aysha شیخ,78312-9161848-9,,1976-01-16,"H-05230, Model Town, Lahore",47121
UTL005231,حمزہ Shaykh,99488-9872495-5,Bilal Shaykh,1970-07-14,"H-05231, Peoples Colony, Faisalabad",4318
UTL005232,فیصل Sayed,61973-5144669-3,Imran Sayed,1991-08-11,"H-05232, Cantt, Lahore",7202
UTL005233,علی Malick,,Hasan Malick,1991-05-06,"H-05233, F-8, Islamabad",23306
UTL005234,Imran راجہ,,Bilal راجہ,1955-05-02,"H-05234, Gulshan-e-Iqbal, Karachi",4349
UTL005235,حسین اعوان,,Mohammed Ahmed اعوان,1968-04-11,"H-05235, Saddar, Rawalpindi",13744
UTL005236,فیصل Mughal,47220-3192634-3,Mohammad Usman Mughal,1957-07-18,"H-05236, Model Town, Lahore",251429
UTL005237,فیصل Ch.,13474-7577057-2,بلال Chaudhry,1967-09-23,"H-05237, Peoples Colony, Faisalabad",18375
UTL005238,Mohammad Faysal Bhatti,46518-6953815-4,Mohammad Usman Bhatti,,"H-05238, Satellite Town, Rawalpindi",18210
UTL005239,Hasan Malick,76111-7468242-5,فیصل Malik,1966-08-20,"H-05239, Peoples Colony, Faisalabad",66266
UTL005240,Muhammad Ali Moghul,52224-5745075-8,علی Mughal,1984-08-04,"H-05240, Chaklala, Rawalpindi",7373
UTL005241,فیصل Malik,86985-5417336-1,حسن Malik,1980-05-10,"H-05241, North Nazimabad, Karachi",18314
UTL005242,فاطمہ Moghul,81090-9430103-4,Hussein Mughal,1957-12-25,"H-05242, DHA, Karachi",12085
UTL005243,Muhammad Imran Sheikh,99632-7325135-1,حمزہ شیخ,1996-03-12,"H-05243, DHA, Lahore",9216
UTL005244,Hussein شیخ,93771-9506522-0,Hussain Shaikh,1978-06-20,"H-05244, Saddar, Rawalpindi",25653
UTL005245,Mohammed Ahmed شیخ,50082-4172677-7,Muhammad Othman Sheikh,1982-12-24,"H-05245, Malir, Karachi",34939
UTL005246,Hamza Khan,,Hamzah خان,2003-02-21,"H-05246, E-11, Islamabad",10337
UTL005247,محمد Sayed,24544-3303521-0,Hasan سید,1978-09-04,"H-05247, Madina Town, Faisalabad",37470
UTL005248,ثناء قریشی,99405-8256992-2,حسین Quraishi,1978-03-09,"H-05248, North Nazimabad, Karachi",12846
UTL005249,Fatimah Choudhary,,عثمان Chaudhary,1977-03-28,"H-05249, Bahria Town, Islamabad",9604
UTL005250,Maryam خان,92666-5755881-5,,1975-06-27,"H-05250, Model Town, Lahore",21300
UTL005251,عثمان بٹ,69267-3982812-9,احمد Butt,,"H-05251, Jaranwala Road, Faisalabad",13937
UTL005252,Maryam Ch.,98625-4954429-7,Muhammad Chaudhry,1995-07-24,"H-05252, Model Town, Lahore",7576
UTL005253,احمد اعوان,,,1967-03-20,"H-05253, North Nazimabad, Karachi",35619
UTL005254,Bilal Sayed,55604-8099285-7,حسین سید,1990-12-13,"H-05254, DHA, Lahore",6453
UTL005255,Aisha Chaudhry,64240-7596350-3,عمران چوہدری,1982-11-23,"H-05255, Clifton, Karachi",51468
UTL005256,Ayesha اعوان,43796-1333185-5,Hassan Awan,2003-02-18,"H-05256, Bahria Town, Islamabad",78522
UTL005257,Zaynab راجہ,,Hamzah Raja,1979-12-04,"H-05257, F-8, Islamabad",14926
UTL005258,عائشہ خان,21780-1000896-5,Muhammed Imran Khan,1990-03-26,"H-05258, Model Town, Lahore",7477
UTL005259,Hassan Quraishi,,,1971-06-01,"H-05259, Malir, Karachi",17047
UTL005260,عائشہ سید,16600-8931314-1,,1998-06-08,"H-05260, G-10, Islamabad",17206
UTL005261,Muhammad احمد Qureshi,33905-5365783-0,علی Quraishi,1983-09-26,"H-05261, G-10, Islamabad",42888
UTL005262,Mohammed Malik,18367-2921352-3,محمد ملک,1987-11-08,"H-05262, Bahria Town, Islamabad",11671
UTL005263,Ahmed Malik,93301-3070083-5,Ali Malik,1964-04-09,"H-05263, Chaklala, Rawalpindi",16687
UTL005264,Aysha Awan,73994-7432692-6,Hamzah اعوان,1955-11-28,"H-05264, Clifton, Karachi",64576
UTL005265,بلال Khan,55020-2005180-6,Husain خان,1956-06-04,"H-05265, Saddar, Rawalpindi",25738
UTL005266,Muhammad ملک,15335-8622505-9,Mohammed Malik,1972-04-17,"H-05266, G-10, Islamabad",20205
UTL005267,عثمان چوہدری,34923-3456824-4,Bilal Chaudhary,1961-06-22,"H-05267, Malir, Karachi",69317
UTL005268,Ahmed Choudhary,,بلال چوہدری,2001-09-19,"H-05268, F-7, Islamabad",5047
UTL005269,Imran Chaudhary,71829-5024264-8,Hasan چوہدری,2001-11-20,"H-05269, F-8, Islamabad",26369
UTL005270,Muhammad بلال Khan,52604-7805871-8,حسین خان,1983-01-20,"H-05270, Chaklala, Rawalpindi",29179
UTL005271,Hamzah Mughal,53306-2740587-2,,1993-12-09,"H-05271, Peoples Colony, Faisalabad",109931
UTL005272,Faisal چوہدری,95481-6183124-5,Hamza چوہدری,1987-05-09,"H-05272, Malir, Karachi",7549
UTL005273,علی Ch.,72166-2921302-4,بلال چوہدری,1976-11-02,"H-05273, Malir, Karachi",8617
UTL005274,Imran Sayed,19995-9517056-1,Hamza Sayyid,1981-10-03,"H-05274, DHA, Karachi",8240
UTL005275,حسن Awan,24750-2859107-0,Hussain اعوان,1984-01-17,"H-05275, Madina Town, Faisalabad",12207
UTL005276,Hussain بٹ,40186-3250570-5,Bilal Bhatti,1985-03-03,"H-05276, G-10, Islamabad",62850
UTL005277,Faysal قریشی,10992-5572351-5,Muhammad Ali قریشی,1980-06-25,"H-05277, DHA, Karachi",14025
UTL005278,احمد Syed,21600-6033887-6,,1998-01-28,"H-05278, G-10, Islamabad",4862
UTL005279,Hira سید,50409-5025884-7,,1965-03-06,"H-05279, F-7, Islamabad",10881
UTL005280,ثناء Ch.,83884-4886342-5,Hussein Chaudhary,1989-09-03,"H-05280, Gulshan-e-Iqbal, Karachi",16217
UTL005281,Fatema شیخ,19455-1684129-3,,1985-08-08,"H-05281, Satellite Town, Rawalpindi",133749
UTL005282,Othman Choudhary,,Osman Ch.,1989-06-04,"H-05282, Chaklala, Rawalpindi",28940
UTL005283,Ahmed Bhatti,15154-1335601-7,Hussain Butt,1982-08-05,"H-05283, Peoples Colony, Faisalabad",14287
UTL005284,Ahmad راجہ,,Mohammed Bilal Raja,2003-11-02,"H-05284, Madina Town, Faisalabad",31446
UTL005285,Othman راجہ,42997-3417547-5,Hassan Raja,1999-08-15,"H-05285, Saddar, Rawalpindi",4854
UTL005286,Maryam Chaudhary,45549-7582395-6,,1986-01-06,"H-05286, Model Town, Lahore",14300
UTL005287,Fatimah اعوان,82068-1477394-5,Hamzah Awan,,"H-05287, Gulberg, Lahore",7197
UTL005288,فاطمہ مغل,78479-4041965-7,حسن Moghul,1971-03-17,"H-05288, Satellite Town, Rawalpindi",17309
UTL005289,Hussain Sheikh,99943-5886096-4,بلال شیخ,1955-11-21,"H-05289, Chaklala, Rawalpindi",3696
UTL005290,Sana راجہ,76370-5013424-2,Ahmad Raja,,"H-05290, Peoples Colony, Faisalabad",57657
UTL005291,Mohammad Bhatti,,Osman بٹ,1968-05-23,"H-05291, F-8, Islamabad",16204
UTL005292,Muhammed Bilal Bhatti,,Ali بٹ,,"H-05292, F-7, Islamabad",122930
UTL005293,Ahmad Sayyid,65678-7485867-4,Ahmad Sayed,,"H-05293, DHA, Lahore",5901
UTL005294,Hussein اعوان,25304-3226048-0,Bilal Awan,1998-07-01,"H-05294, F-8, Islamabad",9103
UTL005295,Imran Quraishi,,Mohammed Quraishi,1987-09-17,"H-05295, Saddar, Rawalpindi",7065
UTL005296,علی Khan,40799-1299058-1,,1984-03-05,"H-05296, Chaklala, Rawalpindi",19543
UTL005297,Maryam Ch.,,Muhammad Choudhary,1960-12-11,"H-05297, Bahria Town, Islamabad",10099
UTL005298,Mohammad عمران Qureshi,45524-2130907-4,Mohammad Bilal Quraishi,1977-02-14,"H-05298, Peoples Colony, Faisalabad",13545
UTL005299,Muhammed Ahmed شیخ,89013-6370980-2,Bilal شیخ,1960-08-04,"H-05299, Saddar, Rawalpindi",6622
UTL005300,Sana Ch.,13551-2135789-6,Hussain Chaudhry,1989-11-11,"H-05300, Bahria Town, Rawalpindi",36257
UTL005301,Hassan Shaikh,,,1990-02-08,"H-05301, Bahria Town, Islamabad",5244
UTL005302,Bilal شیخ,,Hassan Sheikh,2002-11-24,"H-05302, E-11, Islamabad",39107
UTL005303,محمد Qureshi,80650-9382466-6,,1973-01-09,"H-05303, Madina Town, Faisalabad",18989
UTL005304,Ahmed Khan,85063-6831052-8,احمد خان,1979-02-17,"H-05304, Saddar, Rawalpindi",115562
UTL005305,Faisal Raja,35293-8178250-6,Mohammed احمد Raja,1974-06-01,"H-05305, Chaklala, Rawalpindi",5744
UTL005306,Imran Awan,,Muhammad حسین اعوان,,"H-05306, Peoples Colony, Faisalabad",41963
UTL005307,Ahmed بٹ,22780-9818014-9,احمد بٹ,1963-05-03,"H-05307, Johar Town, Lahore",23069
UTL005308,Mohammed Ali Malick,37830-8627976-3,Muhammed ملک,1957-11-13,"H-05308, Madina Town, Faisalabad",9128
UTL005309,Imran Moghul,70433-4811482-7,Muhammad Hamzah Moghul,1978-07-24,"H-05309, Chaklala, Rawalpindi",63510
UTL005310,احمد خان,50373-7206564-2,Muhammed Khan,1985-03-25,"H-05310, Jaranwala Road, Faisalabad",6922
UTL005311,Hasan اعوان,86598-6014876-1,Hasan اعوان,1970-01-19,"H-05311, Chaklala, Rawalpindi",20454
UTL005312,Usman Qureshi,59083-6431318-3,Mohammad Faysal Quraishi,2000-05-26,"H-05312, Gulberg, Lahore",12840
UTL005313,حسین Malick,36561-3481396-5,عثمان ملک,1988-07-28,"H-05313, Johar Town, Lahore",10822
UTL005314,Mohammed Hasan خان,23046-4813104-1,Mohammed Ahmed خان,1962-11-21,"H-05314, E-11, Islamabad",6925
UTL005315,Fatimah Choudhary,91325-1907969-8,علی Choudhary,2002-02-07,"H-05315, Satellite Town, Rawalpindi",194471
UTL005316,Ali شیخ,20039-2746182-8,Faisal Shaikh,1956-10-18,"H-05316, DHA, Karachi",9224
UTL005317,Sana Moghul,,Ahmed Mughal,1967-09-26,"H-05317, Gulberg, Lahore",4037
UTL005318,Mohammad Faisal راجہ,31197-1299973-8,Ali Raja,1990-10-14,"H-05318, Saddar, Rawalpindi",33945
UTL005319,عمران Malik,36729-6331765-8,Mohammad بلال Malick,1966-09-08,"H-05319, F-8, Islamabad",19015
UTL005320,Osman Raja,,Mohammad Raja,1984-07-18,"H-05320, Peoples Colony, Faisalabad",7553
UTL005321,Hussein سید,30775-4349298-5,,1988-12-21,"H-05321, G-10, Islamabad",12910
UTL005322,Imran Bhatti,34348-8915462-0,Ali بٹ,1991-01-26,"H-05322, North Nazimabad, Karachi",19875
UTL005323,Ali بٹ,82411-1620326-1,حسین Bhatti,1984-07-18,"H-05323, Jaranwala Road, Faisalabad",9235
UTL005324,بلال Choudhary,54022-7570691-5,Mohammad Imran Choudhary,1979-07-22,"H-05324, Madina Town, Faisalabad",8218
UTL005325,Husain خان,,Hussein خان,1975-04-14,"H-05325, Model Town, Lahore",43366
UTL005326,Mohammed Ali سید,44154-6781144-7,Muhammed Sayed,1987-11-03,"H-05326, Gulberg, Lahore",7947
UTL005327,Marium Malik,,,1988-11-09,"H-05327, G-10, Islamabad",21249
UTL005328,حمزہ ملک,15669-7444917-1,Ahmed Malick,1971-01-06,"H-05328, Malir, Karachi",16320
UTL005329,فیصل سید,55974-9741277-5,Usman Sayed,1966-03-25,"H-05329, Malir, Karachi",12090
UTL005330,Mohammad Moghul,38111-8296545-0,Mohammad Husain Moghul,1989-09-26,"H-05330, G-10, Islamabad",32631
UTL005331,Hira Malick,74978-5768435-5,Mohammed Hamzah Malik,2002-06-15,"H-05331, Madina Town, Faisalabad",34849
UTL005332,Hira Chaudhary,93273-1609047-8,Muhammad Faisal Chaudhry,,"H-05332, Saddar, Rawalpindi",6599
UTL005333,Hasan Sayyid,14592-8804085-7,,1982-08-26,"H-05333, Bahria Town, Islamabad",77863
UTL005334,Muhammed Mughal,52004-6670100-5,Muhammad مغل,1962-12-22,"H-05334, Saddar, Rawalpindi",30113
UTL005335,Hasan Malick,,Muhammad فیصل Malick,1982-12-08,"H-05335, Bahria Town, Rawalpindi",20993
UTL005336,Hassan Butt,,Ahmad Butt,1976-12-17,"H-05336, Clifton, Karachi",45888
UTL005337,Bilal Ch.,20976-1771498-7,Imran Chaudhry,2000-11-11,"H-05337, Gulberg, Lahore",6844
UTL005338,Bilal Shaykh,,Ahmed Sheikh,1960-09-14,"H-05338, Gulshan-e-Iqbal, Karachi",41611
UTL005339,Fatimah Sayed,16056-2335122-8,,1960-05-19,"H-05339, Model Town, Lahore",7190
UTL005340,احمد راجہ,,Osman Raja,2002-02-25,"H-05340, North Nazimabad, Karachi",33308
UTL005341,Imran Shaikh,28376-8833048-6,,1972-04-26,"H-05341, Jaranwala Road, Faisalabad",14852
UTL005342,فاطمہ Qureshi,,,2003-04-11,"H-05342, Saddar, Rawalpindi",46959
UTL005343,حمزہ Butt,24554-6221545-7,,1983-05-22,"H-05343, E-11, Islamabad",5177
UTL005344,Mohammed احمد Moghul,,Muhammed حسن مغل,1967-07-15,"H-05344, Madina Town, Faisalabad",9089
UTL005345,Muhammed Usman Quraishi,,Faisal قریشی,1998-10-15,"H-05345, F-8, Islamabad",79814
UTL005346,Husain ملک,80846-9944353-6,Muhammad Ahmad Malik,,"H-05346, G-10, Islamabad",16007
UTL005347,بلال Chaudhry,69985-8579243-5,Othman Ch.,1971-12-17,"H-05347, Cantt, Lahore",11126
UTL005348,Mohammed علی ملک,85604-9158613-9,Imran Malick,1988-06-15,"H-05348, North Nazimabad, Karachi",6518
UTL005349,حرا Sayyid,85013-4433180-9,Faysal Sayyid,2002-03-16,"H-05349, Satellite Town, Rawalpindi",111234
UTL005350,بلال Khan,84319-9168817-8,,1995-03-27,"H-05350, Saddar, Rawalpindi",10826
UTL005351,حسن Raja,24172-4174291-6,Ali راجہ,1972-01-17,"H-05351, DHA, Karachi",4951
UTL005352,فیصل Quraishi,44177-7631317-7,Husain Quraishi,1971-06-14,"H-05352, Johar Town, Lahore",52817
UTL005353,علی Sheikh,57902-7119255-6,Hamzah Sheikh,2002-09-28,"H-05353, F-7, Islamabad",8195
UTL005354,Muhammad Imran Raja,85775-6557247-4,حمزہ راجہ,1973-03-01,"H-05354, Gulshan-e-Iqbal, Karachi",46293
UTL005355,حسن Butt,22330-5969012-2,,1967-11-17,"H-05355, Johar Town, Lahore",18127
UTL005356,Ahmad Ch.,,علی Ch.,1989-09-28,"H-05356, Bahria Town, Rawalpindi",29929
UTL005357,ثناء Sayyid,,,,"H-05357, E-11, Islamabad",40616
UTL005358,Muhammad اعوان,,Muhammad Bilal اعوان,1955-03-06,"H-05358, DHA, Lahore",4754
UTL005359,حسن Shaikh,35002-8783877-8,Muhammed Shaikh,1958-07-18,"H-05359, Clifton, Karachi",111267
UTL005360,Zainab Sheikh,,,1957-08-21,"H-05360, Madina Town, Faisalabad",8683
UTL005361,Mohammed خان,96254-3146433-4,,1998-12-19,"H-05361, Madina Town, Faisalabad",5671
UTL005362,Aisha Khan,51648-9151794-0,,1962-10-07,"H-05362, Peoples Colony, Faisalabad",17245
UTL005363,زینب ملک,26236-9544023-2,Ali Malick,1965-05-04,"H-05363, F-7, Islamabad",33522
UTL005364,Faisal Quraishi,,Mohammad علی Qureshi,1967-12-06,"H-05364, DHA, Karachi",17662
UTL005365,حسن مغل,99369-3277420-8,Mohammed Usman Moghul,1987-02-10,"H-05365, Jaranwala Road, Faisalabad",9473
UTL005366,محمد Shaikh,45230-2423010-6,احمد Shaykh,,"H-05366, DHA, Lahore",5645
UTL005367,حسن شیخ,53073-9043354-8,Mohammad Husain Shaikh,1997-03-27,"H-05367, DHA, Karachi",10966
UTL005368,حسین چوہدری,95535-6111457-1,,1991-08-20,"H-05368, F-7, Islamabad",46501
UTL005369,Marium Chaudhry,87933-2720320-1,Othman Ch.,1972-04-24,"H-05369, DHA, Karachi",20403
UTL005370,عائشہ ملک,10161-6060781-8,Mohammad عمران ملک,1963-01-14,"H-05370, F-7, Islamabad",25157
UTL005371,محمد خان,34696-3960067-7,Mohammad Hassan Khan,1982-06-05,"H-05371, Jaranwala Road, Faisalabad",5191
UTL005372,فیصل Awan,93635-3118499-0,عثمان اعوان,1979-06-14,"H-05372, Model Town, Lahore",25121
UTL005373,ثناء Malik,19402-3388133-7,Faisal Malik,1974-05-23,"H-05373, Satellite Town, Rawalpindi",3733
UTL005374,فیصل اعوان,32495-5161943-2,Husain Awan,1995-10-15,"H-05374, Model Town, Lahore",17766
UTL005375,Muhammed Syed,81839-9549183-7,Imran Sayed,1982-02-19,"H-05375, Peoples Colony, Faisalabad",40571
UTL005376,Ali Shaykh,,Mohammed Hussein Sheikh,1955-03-13,"H-05376, Jaranwala Road, Faisalabad",16883
UTL005377,Sana Bhatti,23143-6356389-6,,1965-06-26,"H-05377, F-7, Islamabad",15646
UTL005378,Mohammad Faysal Khan,48065-6575521-9,Mohammad Imran Khan,1966-12-15,"H-05378, Saddar, Rawalpindi",6050
UTL005379,Hamzah Khan,49467-8734936-1,حمزہ Khan,1964-10-04,"H-05379, E-11, Islamabad",5072
UTL005380,Usman Choudhary,57097-4780269-3,Imran Ch.,1974-04-01,"H-05380, Model Town, Lahore",11714
UTL005381,بلال مغل,37441-2977718-0,Muhammad Ali Mughal,1958-09-11,"H-05381, Bahria Town, Rawalpindi",26521
UTL005382,Osman Sayyid,98525-9784464-0,Hassan Sayyid,,"H-05382, G-10, Islamabad",11136
UTL005383,Zaynab Moghul,86536-8898927-4,Hasan Moghul,1993-06-02,"H-05383, F-7, Islamabad",4530
UTL005384,Faisal Shaykh,,Othman Shaykh,1972-10-03,"H-05384, North Nazimabad, Karachi",26794
UTL005385,Ahmad Awan,86502-5931161-4,Mohammad Ali Awan,1966-09-08,"H-05385, Peoples Colony, Faisalabad",7585
UTL005386,عمران اعوان,,Muhammad Awan,1972-10-28,"H-05386, F-8, Islamabad",10017
UTL005387,Faisal بٹ,,Hasan Bhatti,1989-09-27,"H-05387, Satellite Town, Rawalpindi",5036
UTL005388,Mohammed Quraishi,55578-2716151-2,,1962-09-19,"H-05388, Madina Town, Faisalabad",3343
UTL005389,بلال شیخ,20947-8282419-6,عثمان شیخ,1978-07-08,"H-05389, DHA, Lahore",9906
UTL005390,Muhammed خان,,,1960-06-13,"H-05390, F-8, Islamabad",38774
UTL005391,Othman Syed,22027-5439871-6,حمزہ Syed,1968-06-20,"H-05391, Peoples Colony, Faisalabad",10957
UTL005392,Mohammed فیصل Syed,,Ahmed سید,1997-07-04,"H-05392, Model Town, Lahore",12173
UTL005393,Mohammad Bilal Sayyid,,Muhammad Bilal Sayyid,1968-04-13,"H-05393, E-11, Islamabad",27922
UTL005394,Hamzah ملک,65368-7858319-7,Mohammed فیصل Malick,1979-10-08,"H-05394, DHA, Karachi",7419
UTL005395,Husain مغل,39700-6221025-4,,1982-10-06,"H-05395, Bahria Town, Rawalpindi",8347
UTL005396,بلال Sheikh,75095-5771981-7,Hamzah Shaikh,1995-05-03,"H-05396, Madina Town, Faisalabad",13128
UTL005397,Muhammed بلال Khan,71574-8130328-7,بلال خان,1998-01-12,"H-05397, DHA, Karachi",7008
UTL005398,Mohammad Chaudhary,23083-8184075-5,Hussain Chaudhary,1994-12-18,"H-05398, Bahria Town, Islamabad",3470
UTL005399,بلال Malick,60079-6058599-8,Muhammad Hamza Malik,1979-01-17,"H-05399, Peoples Colony, Faisalabad",12869
UTL005400,حمزہ Syed,13361-4417734-6,Hassan سید,1997-03-10,"H-05400, E-11, Islamabad",4784
UTL005401,فاطمہ شیخ,91482-3377819-1,Hamza Sheikh,1969-07-13,"H-05401, Saddar, Rawalpindi",5283
UTL005402,بلال سید,89612-1937396-6,Mohammed Sayyid,1986-03-16,"H-05402, Bahria Town, Rawalpindi",10537
UTL005403,Hassan Syed,,Hamza Sayed,1999-07-14,"H-05403, E-11, Islamabad",12976
UTL005404,حرا ملک,,,1962-12-22,"H-05404, Chaklala, Rawalpindi",36082
UTL005405,حسن Bhatti,,علی Butt,1972-12-09,"H-05405, Jaranwala Road, Faisalabad",18681
UTL005406,Mohammad Hamzah Sayyid,34099-8091495-1,Hussain Syed,1988-11-03,"H-05406, Bahria Town, Islamabad",61097
UTL005407,Muhammad حمزہ Raja,42015-4416539-8,,1986-01-08,"H-05407, North Nazimabad, Karachi",33509
UTL005408,Osman Sayed,11240-6707318-3,Hassan Syed,1996-11-02,"H-05408, Satellite Town, Rawalpindi",32892
UTL005409,احمد مغل,81183-7467172-0,بلال مغل,1991-07-23,"H-05409, Madina Town, Faisalabad",79976
UTL005410,Mohammed بلال Moghul,,Muhammed عمران Mughal,1992-08-28,"H-05410, DHA, Karachi",31813
UTL005411,حسین خان,22801-7520960-1,Bilal خان,1980-11-21,"H-05411, G-10, Islamabad",198131
UTL005412,Muhammad Bilal Choudhary,78966-6862751-3,Muhammed فیصل Chaudhary,,"H-05412, G-10, Islamabad",449041
UTL005413,Hussain راجہ,83657-1102177-5,,1971-11-19,"H-05413, North Nazimabad, Karachi",59294
UTL005414,زینب Raja,32185-6034983-9,حسن Raja,1987-08-03,"H-05414, F-7, Islamabad",20434
UTL005415,Mohammed Hamzah Moghul,97741-5719054-4,,1976-09-24,"H-05415, Model Town, Lahore",82747
UTL005416,حمزہ Choudhary,,Mohammed بلال Chaudhry,1959-05-23,"H-05416, DHA, Karachi",4157
UTL005417,Husain Qureshi,39925-8290677-3,,1977-02-05,"H-05417, Satellite Town, Rawalpindi",10643
UTL005418,حمزہ Moghul,39960-2497592-7,Hasan Mughal,1967-04-28,"H-05418, Peoples Colony, Faisalabad",13695
UTL005419,بلال Raja,84856-6533952-7,Muhammad Raja,2001-12-21,"H-05419, Johar Town, Lahore",17867
UTL005420,Muhammed Chaudhry,25659-8187472-2,Faysal چوہدری,1966-04-24,"H-05420, F-8, Islamabad",10775
UTL005421,حسین Chaudhary,68566-2483706-2,Muhammed Chaudhry,1975-08-10,"H-05421, Model Town, Lahore",36709
UTL005422,Hassan راجہ,59793-9459389-2,عمران راجہ,,"H-05422, Saddar, Rawalpindi",19503
UTL005423,عائشہ Shaikh,62609-6195212-5,Hasan Shaykh,1962-11-27,"H-05423, G-10, Islamabad",19516
UTL005424,Hamzah خان,60545-1682526-8,Mohammed Faysal Khan,1982-08-10,"H-05424, North Nazimabad, Karachi",18026
UTL005425,Faisal Ch.,,بلال Ch.,1999-11-04,"H-05425, G-10, Islamabad",12390
UTL005426,Fatimah Choudhary,63451-2360672-0,,1970-11-06,"H-05426, Saddar, Rawalpindi",9138
UTL005427,Hasan Syed,66003-9451408-4,,1969-01-18,"H-05427, Bahria Town, Rawalpindi",10615
UTL005428,Hasan Qureshi,45629-3146387-0,بلال قریشی,1964-09-24,"H-05428, Clifton, Karachi",8352
UTL005429,Husain Sheikh,,Bilal Shaikh,1988-12-18,"H-05429, Bahria Town, Islamabad",14972
UTL005430,احمد Malik,,Muhammed عمران Malik,1977-09-15,"H-05430, F-8, Islamabad",9749
UTL005431,بلال سید,62327-9908160-2,فیصل Sayyid,1968-01-01,"H-05431, Satellite Town, Rawalpindi",11658
UTL005432,Hamza Khan,69372-9289884-4,Bilal خان,1972-04-17,"H-05432, Cantt, Lahore",12564
UTL005433,عمران Raja,98129-8565826-0,حسین Raja,1972-12-25,"H-05433, Model Town, Lahore",54738
UTL005434,عمران چوہدری,80692-9002675-4,Muhammad علی چوہدری,,"H-05434, Bahria Town, Islamabad",5248
UTL005435,Usman Bhatti,76965-9573947-3,Mohammed Bhatti,1962-09-25,"H-05435, Chaklala, Rawalpindi",14925
UTL005436,Muhammad Hamza Qureshi,40059-7051337-6,Hamzah Qureshi,2003-07-26,"H-05436, Cantt, Lahore",17272
UTL005437,Muhammed Ali اعوان,77472-5021005-9,Muhammed Bilal اعوان,2003-06-10,"H-05437, North Nazimabad, Karachi",9087
UTL005438,حسن چوہدری,11086-7159872-3,Bilal Ch.,1969-05-15,"H-05438, Jaranwala Road, Faisalabad",17098
UTL005439,مریم Raja,68203-2037197-5,Husain راجہ,1971-06-26,"H-05439, Gulshan-e-Iqbal, Karachi",4907
UTL005440,Muhammed Husain Moghul,81614-1112673-8,,1971-06-19,"H-05440, Gulshan-e-Iqbal, Karachi",71684
UTL005441,Ahmed خان,72980-7523754-8,بلال Khan,1993-12-09,"H-05441, Bahria Town, Islamabad",19239
UTL005442,Mohammad Ahmed Sayed,18196-5363756-1,Hamza سید,1990-11-15,"H-05442, E-11, Islamabad",19650
UTL005443,Muhammed Quraishi,35431-3176029-6,Ali Qureshi,1972-07-07,"H-05443, Satellite Town, Rawalpindi",64889
UTL005444,Hamzah Raja,40502-6623999-7,Muhammad Imran Raja,1979-07-13,"H-05444, Chaklala, Rawalpindi",23245
UTL005445,Mohammed Hasan شیخ,93673-3791618-4,,1990-07-03,"H-05445, DHA, Karachi",30337
UTL005446,Hussein Malick,55623-2112766-9,Faysal ملک,1981-09-07,"H-05446, Jaranwala Road, Faisalabad",6713
UTL005447,حرا Syed,87144-1977178-8,علی Sayyid,,"H-05447, Cantt, Lahore",16791
UTL005448,Mohammed علی Ch.,,حمزہ Ch.,2000-04-05,"H-05448, Cantt, Lahore",52364
UTL005449,علی بٹ,51370-2642065-1,بلال Butt,1963-06-19,"H-05449, Johar Town, Lahore",9674
UTL005450,Ayesha راجہ,25599-5503113-7,حمزہ Raja,,"H-05450, F-7, Islamabad",8497
UTL005451,عمران Khan,28655-8795152-8,بلال خان,1962-02-17,"H-05451, Peoples Colony, Faisalabad",27251
UTL005452,Faysal Shaykh,99953-5705960-4,Mohammad Sheikh,1963-07-21,"H-05452, Madina Town, Faisalabad",6061
UTL005453,Imran Ch.,81064-8794006-4,حسن Ch.,1978-11-10,"H-05453, Bahria Town, Islamabad",7609
UTL005454,Imran Butt,49261-7080042-4,Faysal Butt,1966-09-16,"H-05454, DHA, Lahore",32605
UTL005455,بلال Awan,78253-7867409-6,,1988-02-10,"H-05455, F-8, Islamabad",23895
UTL005456,Faisal Shaikh,36201-4402156-7,حسن شیخ,1967-03-13,"H-05456, F-7, Islamabad",8811
UTL005457,عمران ملک,49219-6203289-4,Imran Malick,1991-01-25,"H-05457, Jaranwala Road, Faisalabad",43491
UTL005458,Ali اعوان,,Ali اعوان,1960-06-16,"H-05458, Model Town, Lahore",56104
UTL005459,Husain راجہ,66782-2330275-2,Muhammad راجہ,,"H-05459, Cantt, Lahore",17137
UTL005460,Muhammed Ahmad مغل,30687-5797780-6,Othman مغل,1964-02-21,"H-05460, Malir, Karachi",28435
UTL005461,علی Quraishi,43085-5872584-3,Hamza قریشی,1981-03-27,"H-05461, Bahria Town, Rawalpindi",20800
UTL005462,Mohammad Sayed,,,1986-01-07,"H-05462, Chaklala, Rawalpindi",49053
UTL005463,Ahmad خان,57850-9113115-5,,1987-09-24,"H-05463, Peoples Colony, Faisalabad",5014
UTL005464,ثناء Bhatti,22190-2725809-7,Muhammad Ahmad Bhatti,1998-12-18,"H-05464, Johar Town, Lahore",5969
UTL005465,Sana ملک,81629-2356931-8,Muhammed Imran Malick,1986-06-26,"H-05465, Malir, Karachi",6660
UTL005466,عمران Sayyid,88908-4445790-7,Imran Sayyid,1972-01-17,"H-05466, Gulberg, Lahore",9706
UTL005467,Muhammed Faysal Quraishi,55179-7749348-2,Muhammed Ahmad قریشی,1955-01-27,"H-05467, Saddar, Rawalpindi",17344
UTL005468,Muhammed فیصل Butt,95938-6511594-6,Imran بٹ,1976-10-02,"H-05468, Malir, Karachi",23129
UTL005469,Aysha راجہ,49660-8097114-3,Faysal راجہ,1960-01-05,"H-05469, Saddar, Rawalpindi",23992
UTL005470,Ali Chaudhary,68474-8106025-2,,,"H-05470, Bahria Town, Rawalpindi",57970
UTL005471,Ali Syed,63322-3632336-9,علی Sayed,1980-07-19,"H-05471, Gulshan-e-Iqbal, Karachi",18610
UTL005472,Muhammed Malik,28542-2706700-4,Imran ملک,1986-07-08,"H-05472, Model Town, Lahore",46289
UTL005473,Fatima راجہ,,احمد Raja,1992-07-23,"H-05473, DHA, Karachi",11472
UTL005474,حسن Qureshi,35147-6857726-8,Muhammed علی Quraishi,1998-07-08,"H-05474, Madina Town, Faisalabad",8500
UTL005475,Hamza راجہ,,Othman راجہ,,"H-05475, Jaranwala Road, Faisalabad",6338
UTL005476,Sana Malik,84457-3020727-7,علی Malik,1967-03-18,"H-05476, Gulberg, Lahore",17568
UTL005477,Mohammad Faysal Shaykh,50132-2554833-3,Mohammad عمران Shaykh,1985-01-12,"H-05477, Chaklala, Rawalpindi",9195
UTL005478,Mohammad قریشی,52331-6903647-3,علی Quraishi,1973-02-07,"H-05478, E-11, Islamabad",6338
UTL005479,Muhammad Hamza Khan,,Muhammad احمد خان,1955-12-16,"H-05479, Model Town, Lahore",43734
UTL005480,Sana Mughal,,Muhammad Mughal,1955-05-27,"H-05480, Satellite Town, Rawalpindi",66636
UTL005481,Osman اعوان,28309-9325485-5,,1984-04-15,"H-05481, Peoples Colony, Faisalabad",4946
UTL005482,حسن اعوان,50936-5596547-9,Hamzah اعوان,2001-02-06,"H-05482, Model Town, Lahore",34346
UTL005483,Mohammad Ahmad Bhatti,88310-3721158-0,Muhammed Bhatti,1992-02-25,"H-05483, Johar Town, Lahore",11086
UTL005484,حسن بٹ,,,1991-06-08,"H-05484, Clifton, Karachi",19434
UTL005485,Ayesha Sayed,,,1990-10-13,"H-05485, F-7, Islamabad",41105
UTL005486,بلال چوہدری,82770-3119933-4,,1959-01-11,"H-05486, Satellite Town, Rawalpindi",15989
UTL005487,Muhammed Ahmed راجہ,,Faysal راجہ,1973-01-11,"H-05487, Gulshan-e-Iqbal, Karachi",7119
UTL005488,Ahmed Quraishi,89306-1214114-6,Muhammed Quraishi,1970-06-14,"H-05488, Peoples Colony, Faisalabad",6159
UTL005489,Mohammad Hamzah خان,12324-7073248-0,Mohammed خان,1993-02-16,"H-05489, Saddar, Rawalpindi",29326
UTL005490,Muhammad Hasan Awan,,حسین اعوان,1955-09-20,"H-05490, Cantt, Lahore",17894
UTL005491,حمزہ Moghul,,احمد Moghul,1978-12-28,"H-05491, Chaklala, Rawalpindi",14680
UTL005492,Bilal بٹ,94016-9870460-2,Mohammad عمران Bhatti,1989-04-13,"H-05492, Gulberg, Lahore",45236
UTL005493,Mohammad مغل,23768-7964467-8,علی Moghul,1990-11-23,"H-05493, Chaklala, Rawalpindi",90407
UTL005494,حمزہ Malick,,حسن ملک,1958-11-15,"H-05494, Jaranwala Road, Faisalabad",20061
UTL005495,Sana Sayyid,51503-5230663-1,حسن سید,1955-01-24,"H-05495, Malir, Karachi",87819
UTL005496,Muhammed Ali Khan,62669-3984801-0,بلال Khan,1996-07-16,"H-05496, Chaklala, Rawalpindi",8279
UTL005497,بلال Malik,50007-2382057-0,علی ملک,,"H-05497, Jaranwala Road, Faisalabad",107257
UTL005498,فیصل Sayed,10598-3963547-6,Hussain Syed,2003-10-28,"H-05498, Cantt, Lahore",28973
UTL005499,عمران Khan,55414-2800202-2,علی Khan,2002-07-11,"H-05499, DHA, Lahore",18057
UTL005500,Hamzah Awan,94586-4095888-5,حمزہ Awan,1988-04-14,"H-05500, Cantt, Lahore",4812
UTL005501,Ali Chaudhry,38860-3491451-5,Ali چوہدری,1982-01-02,"H-05501, Gulshan-e-Iqbal, Karachi",16100
UTL005502,Ali Chaudhary,37846-9806745-8,,1997-01-27,"H-05502, Malir, Karachi",3466
UTL005503,Mohammad Ali بٹ,55897-3141452-1,Muhammed Bhatti,1959-01-15,"H-05503, Johar Town, Lahore",9480
UTL005504,Mohammed Quraishi,87212-2341816-1,فیصل قریشی,1995-12-15,"H-05504, DHA, Karachi",20650
UTL005505,احمد Malik,13047-6079832-1,علی ملک,,"H-05505, Gulshan-e-Iqbal, Karachi",25153
UTL005506,علی Raja,17860-9745891-2,Bilal راجہ,1984-01-07,"H-05506, Chaklala, Rawalpindi",39786
UTL005507,فاطمہ راجہ,90802-2588809-4,Faysal Raja,1970-08-04,"H-05507, Malir, Karachi",27319
UTL005508,Hussein Qureshi,26015-5291958-6,Muhammad عمران قریشی,1987-02-26,"H-05508, Gulshan-e-Iqbal, Karachi",14134
UTL005509,Mohammed Moghul,39802-5963481-8,Hasan مغل,1976-10-03,"H-05509, Bahria Town, Islamabad",34366
UTL005510,Muhammad بلال Shaykh,90492-1938894-5,Ali Shaikh,2003-04-22,"H-05510, E-11, Islamabad",25639
UTL005511,حمزہ Qureshi,19178-9120616-8,Hassan Quraishi,1977-12-14,"H-05511, North Nazimabad, Karachi",10835
UTL005512,Muhammed Quraishi,,,1978-06-15,"H-05512, Peoples Colony, Faisalabad",4011
UTL005513,Muhammad حمزہ اعوان,65866-8271396-2,Hamza Awan,1959-01-28,"H-05513, E-11, Islamabad",36697
UTL005514,حسین Sheikh,12747-8931763-3,Osman Shaykh,1969-09-13,"H-05514, Clifton, Karachi",22616
UTL005515,Osman Mughal,11227-8833923-8,Muhammed بلال مغل,,"H-05515, Saddar, Rawalpindi",13035
UTL005516,Hasan Butt,51245-2019553-7,حسین Bhatti,1988-02-09,"H-05516, Chaklala, Rawalpindi",11468
UTL005517,Muhammed Hussein Sayyid,,Bilal سید,1968-10-12,"H-05517, Madina Town, Faisalabad",32470
UTL005518,حسن Raja,46608-6104470-1,Mohammad عثمان راجہ,,"H-05518, Gulberg, Lahore",15726
UTL005519,حمزہ Awan,,عمران اعوان,1994-10-27,"H-05519, Satellite Town, Rawalpindi",13490
UTL005520,Bilal Khan,,Hasan خان,1998-11-16,"H-05520, DHA, Karachi",16795
UTL005521,حرا Moghul,84923-5051152-0,,1958-08-16,"H-05521, Bahria Town, Rawalpindi",6026
UTL005522,محمد خان,10700-7956579-2,Muhammed Osman خان,1956-10-25,"H-05522, Jaranwala Road, Faisalabad",4539
UTL005523,Ayesha قریشی,77751-1441328-2,Osman Quraishi,2002-06-24,"H-05523, Malir, Karachi",37170
UTL005524,Fatima Awan,,Muhammad Hussain اعوان,1962-10-01,"H-05524, Peoples Colony, Faisalabad",14508
UTL005525,بلال Malick,27915-4201778-7,Faysal Malick,1995-08-25,"H-05525, Satellite Town, Rawalpindi",13688
UTL005526,عثمان Choudhary,,Muhammad Ahmad چوہدری,1988-07-10,"H-05526, DHA, Lahore",8694
UTL005527,عثمان خان,20797-5668251-7,,2000-05-27,"H-05527, Gulberg, Lahore",47145
UTL005528,زینب خان,22987-6426952-0,Mohammad خان,1985-05-18,"H-05528, Johar Town, Lahore",9589
UTL005529,Bilal Raja,20732-3400471-0,Ali راجہ,2000-02-11,"H-05529, DHA, Lahore",24484
UTL005530,Mohammed اعوان,85047-7122688-7,Othman اعوان,1998-08-04,"H-05530, Satellite Town, Rawalpindi",12429
UTL005531,ثناء اعوان,,Faisal Awan,1984-04-14,"H-05531, Model Town, Lahore",8252
UTL005532,Hira Mughal,29399-4532408-1,Usman Moghul,1961-02-01,"H-05532, Bahria Town, Islamabad",37053
UTL005533,حمزہ راجہ,39898-6535964-7,احمد راجہ,1994-01-19,"H-05533, DHA, Lahore",6430
UTL005534,Maryam Malick,57251-9507707-8,احمد ملک,1988-09-26,"H-05534, Satellite Town, Rawalpindi",49461
UTL005535,Aisha Sayed,20141-3218861-5,Mohammed عثمان Syed,1999-01-15,"H-05535, Malir, Karachi",15686
UTL005536,Faysal ملک,64920-5463397-0,عمران Malick,1967-05-22,"H-05536, Bahria Town, Rawalpindi",13460
UTL005537,Muhammad علی راجہ,50997-2424447-0,عمران Raja,1984-08-04,"H-05537, Peoples Colony, Faisalabad",50577
UTL005538,Hira Choudhary,81261-1016769-3,Mohammed عمران Chaudhary,1959-09-14,"H-05538, E-11, Islamabad",32642
UTL005539,Muhammed Awan,99772-7590409-5,Hussain اعوان,1969-08-01,"H-05539, Cantt, Lahore",15207
UTL005540,Sana Moghul,89850-8701180-2,علی Mughal,,"H-05540, Cantt, Lahore",12671
UTL005541,حسین راجہ,94358-7401735-0,احمد Raja,1969-02-01,"H-05541, Satellite Town, Rawalpindi",12028
UTL005542,Fatema Bhatti,20398-3068495-5,حمزہ بٹ,1961-09-05,"H-05542, F-8, Islamabad",15009
UTL005543,Mohammad Hamzah Malick,79483-5360284-6,,1982-06-28,"H-05543, Malir, Karachi",11208
UTL005544,Hussein شیخ,94480-2042987-3,,1972-10-15,"H-05544, Madina Town, Faisalabad",9515
UTL005545,Maryam ملک,31207-6023047-9,عمران Malick,2001-08-14,"H-05545, DHA, Lahore",6218
UTL005546,احمد Qureshi,97710-3284663-1,,1959-12-20,"H-05546, E-11, Islamabad",12383
UTL005547,Sana Chaudhry,16271-3832340-8,علی Chaudhry,1991-08-14,"H-05547, Jaranwala Road, Faisalabad",34916
UTL005548,Hamza Malick,51965-1464940-3,حسن Malik,1981-07-17,"H-05548, Clifton, Karachi",33775
UTL005549,Muhammad فیصل Sheikh,65887-8979774-7,,1973-08-07,"H-05549, Bahria Town, Rawalpindi",123199
UTL005550,Aysha Moghul,45558-8300889-8,Hussein Moghul,1985-03-15,"H-05550, G-10, Islamabad",11573
UTL005551,Hussein Malik,,Ahmed Malik,1986-02-13,"H-05551, Cantt, Lahore",134908
UTL005552,Mohammed Hussein Butt,,Ali Bhatti,1972-08-02,"H-05552, Cantt, Lahore",78391
UTL005553,Usman بٹ,,,1969-02-13,"H-05553, Saddar, Rawalpindi",8059
UTL005554,Bilal Raja,28483-5114431-9,Muhammed فیصل Raja,1985-11-15,"H-05554, Model Town, Lahore",19437
UTL005555,Hassan Shaykh,84253-9799365-3,Faisal شیخ,1961-09-16,"H-05555, Jaranwala Road, Faisalabad",12088
UTL005556,Muhammad Faysal مغل,,احمد Mughal,,"H-05556, Gulshan-e-Iqbal, Karachi",21247
UTL005557,حسین Sayyid,,Muhammad Sayed,1969-12-09,"H-05557, F-7, Islamabad",6640
UTL005558,بلال ملک,80764-5451027-7,,1987-02-01,"H-05558, Bahria Town, Rawalpindi",49260
UTL005559,Aysha Awan,83671-7242816-4,,1963-03-13,"H-05559, DHA, Lahore",8638
UTL005560,Mohammad Othman Butt,,Muhammad Faisal Bhatti,1956-02-16,"H-05560, Chaklala, Rawalpindi",58359
UTL005561,Muhammed Khan,57985-7076192-0,Hussein خان,1992-11-08,"H-05561, Malir, Karachi",18761
UTL005562,احمد Shaikh,13132-2270063-5,Hasan Shaykh,1967-09-16,"H-05562, Satellite Town, Rawalpindi",6603
UTL005563,عمران چوہدری,87883-3085954-2,,1987-11-04,"H-05563, Madina Town, Faisalabad",15726
UTL005564,عمران Awan,17255-9317175-4,Muhammed Hassan اعوان,2003-03-13,"H-05564, F-7, Islamabad",7278
UTL005565,حسن Shaikh,60390-1695824-3,Usman Shaykh,1979-08-05,"H-05565, Johar Town, Lahore",16090
UTL005566,علی بٹ,28141-3638012-6,,1985-03-17,"H-05566, Bahria Town, Rawalpindi",12862
UTL005567,Husain Chaudhry,15766-4638089-2,Ali Choudhary,,"H-05567, Johar Town, Lahore",55282
UTL005568,عمران چوہدری,98009-2201511-7,حسن چوہدری,1956-10-27,"H-05568, G-10, Islamabad",47563
UTL005569,Muhammed Imran Malick,28790-5848282-2,Husain ملک,1962-03-20,"H-05569, Jaranwala Road, Faisalabad",40686
UTL005570,Zaynab Shaykh,76621-4822723-2,Muhammed Shaykh,2003-10-08,"H-05570, Cantt, Lahore",3248
UTL005571,Faysal راجہ,89447-3956222-9,Hassan Raja,1981-08-15,"H-05571, DHA, Karachi",64340
UTL005572,Hussain Quraishi,87867-6229136-4,Hussein قریشی,2001-05-05,"H-05572, G-10, Islamabad",43092
UTL005573,فاطمہ اعوان,83682-9156753-2,Mohammad Hassan اعوان,1968-05-18,"H-05573, Johar Town, Lahore",15908
UTL005574,Othman Awan,80958-6708870-1,Hassan Awan,1993-04-03,"H-05574, Johar Town, Lahore",9399
UTL005575,Zaynab Chaudhary,65264-5232403-5,,,"H-05575, Clifton, Karachi",6841
UTL005576,Aysha Qureshi,72760-2570469-5,,1996-02-21,"H-05576, Saddar, Rawalpindi",33842
UTL005577,حسن Ch.,,Muhammed Chaudhry,1962-04-11,"H-05577, E-11, Islamabad",66679
UTL005578,حسن بٹ,40541-8400662-3,Ali Butt,1956-11-21,"H-05578, DHA, Karachi",25910
UTL005579,Mohammad ملک,,,1957-07-18,"H-05579, Bahria Town, Rawalpindi",6295
UTL005580,Mariam Chaudhry,12161-7931573-4,Mohammad Imran Ch.,1989-07-26,"H-05580, Malir, Karachi",11309
UTL005581,زینب Syed,45519-3836259-9,,2003-06-19,"H-05581, Madina Town, Faisalabad",10329
UTL005582,Mohammad Ali Mughal,86264-4482787-8,حسن Moghul,1975-01-27,"H-05582, Peoples Colony, Faisalabad",19908
UTL005583,Mohammed Hamzah Qureshi,,Mohammed Hussein Quraishi,1987-12-13,"H-05583, Gulberg, Lahore",11700
UTL005584,Mohammed ملک,61948-6417729-3,Muhammad Hassan Malik,1965-04-20,"H-05584, DHA, Lahore",19951
UTL005585,ثناء ملک,59448-7378077-4,Ahmad Malik,1959-06-03,"H-05585, North Nazimabad, Karachi",226832
UTL005586,Bilal Quraishi,35149-7968462-5,Muhammad فیصل قریشی,1985-09-05,"H-05586, Madina Town, Faisalabad",38954
UTL005587,Mohammed بٹ,36097-4142803-2,Mohammad Bilal بٹ,1957-12-01,"H-05587, Saddar, Rawalpindi",74166
UTL005588,Mohammad Hasan Moghul,45047-8709401-3,Muhammed Ahmed مغل,1956-06-07,"H-05588, Clifton, Karachi",23552
UTL005589,Muhammed Ahmed Shaikh,11068-6218205-4,علی Shaikh,1987-03-08,"H-05589, Jaranwala Road, Faisalabad",4821
UTL005590,Bilal Khan,97006-9255025-2,عمران خان,1994-11-07,"H-05590, DHA, Karachi",6496
UTL005591,Ahmad شیخ,22762-7071555-1,Mohammad Sheikh,1981-01-28,"H-05591, DHA, Karachi",18685
UTL005592,ثناء Butt,,علی Butt,1999-01-19,"H-05592, Peoples Colony, Faisalabad",6177
UTL005593,Hira Sayed,23442-1550273-0,Faysal Sayyid,1974-06-07,"H-05593, Bahria Town, Rawalpindi",6375
UTL005594,علی Shaykh,72864-4999470-2,,1960-05-28,"H-05594, Johar Town, Lahore",16752
UTL005595,Muhammed اعوان,35696-4828330-2,Mohammed Hamza Awan,1978-01-19,"H-05595, Bahria Town, Rawalpindi",14472
UTL005596,Husain راجہ,74955-5806394-9,,1981-01-26,"H-05596, DHA, Lahore",30537
UTL005597,Hira Raja,39293-1519253-7,Muhammed Hassan Raja,1984-03-05,"H-05597, Satellite Town, Rawalpindi",9380
UTL005598,Zaynab راجہ,41587-7758764-3,Mohammad Faisal Raja,1962-08-27,"H-05598, Bahria Town, Islamabad",5397
UTL005599,Mohammed Shaikh,,,1998-04-08,"H-05599, Peoples Colony, Faisalabad",4219
UTL005600,Imran سید,45856-3375878-2,Hasan Sayyid,1973-03-05,"H-05600, Gulberg, Lahore",4811
UTL005601,Hussain Bhatti,10705-7094801-6,Bilal Butt,1976-08-15,"H-05601, Gulberg, Lahore",6580
UTL005602,Aysha Shaikh,,Mohammed Hussein Shaykh,1966-02-01,"H-05602, F-7, Islamabad",3996
UTL005603,فیصل راجہ,36204-1447694-3,Ahmed Raja,1982-10-14,"H-05603, Jaranwala Road, Faisalabad",29900
UTL005604,Muhammed علی سید,48268-6797424-1,,1983-07-22,"H-05604, Peoples Colony, Faisalabad",135954
UTL005605,عائشہ Shaykh,,عثمان Shaykh,1999-10-15,"H-05605, E-11, Islamabad",3253
UTL005606,Sana Sheikh,88385-1673434-2,Mohammad عمران Shaikh,1965-08-27,"H-05606, Chaklala, Rawalpindi",36443
UTL005607,Sana بٹ,53522-5881341-5,Hamza Bhatti,1979-04-10,"H-05607, Madina Town, Faisalabad",13603
UTL005608,Mohammad خان,,,1978-03-24,"H-05608, Clifton, Karachi",17084
UTL005609,حسن اعوان,32657-1775745-4,Bilal اعوان,,"H-05609, Model Town, Lahore",21705
UTL005610,Hamzah Khan,27629-7341428-7,Hamzah خان,1991-09-07,"H-05610, E-11, Islamabad",18711
UTL005611,علی Khan,45188-4202296-3,,1986-08-19,"H-05611, DHA, Lahore",36321
UTL005612,علی ملک,33657-5129336-8,Muhammed عمران Malick,1974-01-28,"H-05612, F-8, Islamabad",11455
UTL005613,Usman Quraishi,31146-9145860-1,Mohammad عمران Quraishi,,"H-05613, Malir, Karachi",5734
UTL005614,Mohammad حسین Bhatti,66608-7526203-7,Bilal بٹ,,"H-05614, Madina Town, Faisalabad",34515
UTL005615,Bilal Qureshi,,Muhammad بلال Qureshi,1975-05-16,"H-05615, Malir, Karachi",83075
UTL005616,Ali ملک,,Imran Malik,1983-08-26,"H-05616, F-7, Islamabad",14038
UTL005617,Mohammed خان,,,,"H-05617, Jaranwala Road, Faisalabad",14432
UTL005618,مریم Choudhary,95841-2965339-2,,1975-05-21,"H-05618, Cantt, Lahore",21739
UTL005619,Muhammad بلال Khan,10748-4465261-7,بلال Khan,1958-03-21,"H-05619, Bahria Town, Rawalpindi",20798
UTL005620,Hamza چوہدری,63852-8034234-8,,1970-02-14,"H-05620, Bahria Town, Rawalpindi",104256
UTL005621,Ayesha اعوان,45200-7450485-6,Mohammad اعوان,1957-06-11,"H-05621, Madina Town, Faisalabad",4531
UTL005622,Mohammed Ahmed Moghul,,,1994-12-20,"H-05622, Peoples Colony, Faisalabad",28158
UTL005623,Osman Mughal,,عمران مغل,1964-07-21,"H-05623, Clifton, Karachi",35741
UTL005624,Osman اعوان,91260-5376779-5,Mohammed Awan,1988-11-20,"H-05624, F-7, Islamabad",19428
UTL005625,بلال Chaudhry,86296-2477750-6,Ahmad Ch.,1981-10-07,"H-05625, F-7, Islamabad",21152
UTL005626,حسن Sayed,,محمد Syed,1972-11-08,"H-05626, Model Town, Lahore",10199
UTL005627,Zainab Butt,76938-2599276-6,Mohammed Hussein بٹ,1992-05-14,"H-05627, G-10, Islamabad",360256
UTL005628,عمران Sayed,52972-2833944-5,Bilal Sayed,1984-05-21,"H-05628, Madina Town, Faisalabad",18641
UTL005629,Faysal Malik,65520-1275412-8,Ahmed Malick,1963-06-15,"H-05629, Saddar, Rawalpindi",18665
UTL005630,Faysal راجہ,44805-8346426-1,Hussain Raja,1985-01-14,"H-05630, Gulberg, Lahore",14071
UTL005631,Muhammad Khan,24832-8563582-9,Hamza خان,2003-12-14,"H-05631, Clifton, Karachi",5431
UTL005632,Muhammad حسین Raja,,بلال راجہ,1959-03-10,"H-05632, Saddar, Rawalpindi",29790
UTL005633,ثناء Qureshi,58719-2115004-6,Ali Quraishi,1987-12-21,"H-05633, Clifton, Karachi",3807
UTL005634,Mohammad حسین Shaykh,96882-4905668-7,Muhammad حسین شیخ,1979-10-16,"H-05634, Cantt, Lahore",11745
UTL005635,Mohammed حسن Sayyid,89563-5598733-8,,1996-05-09,"H-05635, Madina Town, Faisalabad",10929
UTL005636,Mohammed Osman Raja,93608-3244873-7,Muhammad علی راجہ,1994-02-15,"H-05636, DHA, Karachi",16410
UTL005637,Muhammad Ahmad شیخ,55435-9758429-8,Imran Shaikh,1973-02-19,"H-05637, Madina Town, Faisalabad",20583
UTL005638,Bilal Chaudhry,49507-5282148-6,Muhammad چوہدری,1984-09-03,"H-05638, Clifton, Karachi",14064
UTL005639,Faisal Qureshi,,Mohammed Usman Qureshi,1965-03-06,"H-05639, DHA, Lahore",9691
UTL005640,Hussain Shaikh,20395-7081481-4,,,"H-05640, DHA, Lahore",11721
UTL005641,Husain Moghul,,احمد مغل,2000-03-01,"H-05641, Jaranwala Road, Faisalabad",36446
UTL005642,فیصل Quraishi,31879-9629603-4,Mohammed عثمان Quraishi,1996-02-05,"H-05642, F-8, Islamabad",180758
UTL005643,Imran Awan,45435-4386788-1,,1983-05-19,"H-05643, Jaranwala Road, Faisalabad",30336
UTL005644,Mariam Butt,38429-1075887-0,Faysal بٹ,1965-01-27,"H-05644, Johar Town, Lahore",46865
UTL005645,Aisha سید,92129-4006809-2,فیصل سید,1964-05-02,"H-05645, Jaranwala Road, Faisalabad",9408
UTL005646,Ahmed Sayed,70860-5058503-2,,1961-10-15,"H-05646, Madina Town, Faisalabad",32790
UTL005647,Hamzah Awan,76005-1310356-6,بلال اعوان,,"H-05647, DHA, Lahore",4560
UTL005648,زینب Quraishi,13013-1841816-2,بلال Qureshi,1998-08-03,"H-05648, Model Town, Lahore",8953
UTL005649,مریم Quraishi,84220-6954087-4,حسن Qureshi,1998-02-23,"H-05649, Cantt, Lahore",9135
UTL005650,Ayesha ملک,87398-9676860-1,حسین Malick,2000-03-21,"H-05650, Peoples Colony, Faisalabad",68401
UTL005651,Faysal Chaudhry,48674-5605559-9,Ali Ch.,1965-10-09,"H-05651, DHA, Karachi",55238
UTL005652,Mariam Malick,,Usman Malick,1984-01-24,"H-05652, Satellite Town, Rawalpindi",8090
UTL005653,Muhammad اعوان,82294-8326064-6,Mohammed Othman اعوان,1977-11-26,"H-05653, Johar Town, Lahore",95980
UTL005654,Usman اعوان,15613-4203033-4,Ahmed اعوان,1996-04-18,"H-05654, Cantt, Lahore",23194
UTL005655,Mariam اعوان,29481-9137831-2,,1992-12-01,"H-05655, Johar Town, Lahore",17296
UTL005656,احمد شیخ,19737-1780294-0,Faisal Shaikh,1993-10-04,"H-05656, Gulshan-e-Iqbal, Karachi",26849
UTL005657,حسین راجہ,38574-2398174-1,,1967-06-17,"H-05657, Saddar, Rawalpindi",21464
UTL005658,Muhammed Mughal,17584-5257395-5,Faisal مغل,,"H-05658, Clifton, Karachi",6873
UTL005659,Fatima Raja,42750-6464782-4,بلال Raja,1989-02-20,"H-05659, G-10, Islamabad",26327
UTL005660,Muhammad خان,40549-7559079-3,Muhammad حمزہ Khan,1998-06-16,"H-05660, Johar Town, Lahore",40898
UTL005661,Mohammad Osman Malik,11610-8640227-7,,1969-04-25,"H-05661, Jaranwala Road, Faisalabad",5414
UTL005662,حسین Butt,56578-7113524-7,Usman بٹ,,"H-05662, Chaklala, Rawalpindi",19206
UTL005663,Mariam Raja,68122-6197865-2,Mohammad Hamzah Raja,1975-08-03,"H-05663, Jaranwala Road, Faisalabad",8893
UTL005664,Ali Quraishi,91234-2639233-6,Osman Qureshi,1967-10-27,"H-05664, F-8, Islamabad",54212
UTL005665,Zainab خان,,Muhammed Imran Khan,,"H-05665, Gulshan-e-Iqbal, Karachi",10815
UTL005666,حسین Qureshi,34810-3499729-4,Mohammed Qureshi,1963-04-02,"H-05666, Cantt, Lahore",41857
UTL005667,علی Shaykh,35501-8382225-1,Osman Shaykh,1957-02-02,"H-05667, Peoples Colony, Faisalabad",11555
UTL005668,فیصل Butt,96889-3188240-9,Mohammad Bhatti,1958-10-10,"H-05668, Gulshan-e-Iqbal, Karachi",4216
UTL005669,حرا بٹ,22792-3934873-8,حسن بٹ,,"H-05669, Jaranwala Road, Faisalabad",5579
UTL005670,Faysal Sayyid,99520-3971701-4,Faysal سید,1959-02-25,"H-05670, Saddar, Rawalpindi",10853
UTL005671,Hussein Awan,70722-7949071-2,Faysal Awan,1985-05-24,"H-05671, Peoples Colony, Faisalabad",31369
UTL005672,محمد Awan,73654-3946077-1,,1999-11-05,"H-05672, DHA, Lahore",3993
UTL005673,Bilal Raja,48087-3981348-8,,,"H-05673, E-11, Islamabad",11588
UTL005674,Fatima Qureshi,70160-4236109-1,Ahmed Quraishi,,"H-05674, Jaranwala Road, Faisalabad",6112
UTL005675,Imran سید,51906-7841207-4,Hussein Syed,1969-02-07,"H-05675, Chaklala, Rawalpindi",10396
UTL005676,Bilal Malick,75545-4114612-3,,1997-12-05,"H-05676, Johar Town, Lahore",5411
UTL005677,Hussain Sayed,48389-7478871-7,Husain سید,1957-08-05,"H-05677, North Nazimabad, Karachi",10207
UTL005678,Ahmad راجہ,23415-9189559-9,,1989-05-18,"H-05678, Satellite Town, Rawalpindi",16723
UTL005679,حمزہ Awan,57047-3719991-7,Usman اعوان,1999-01-15,"H-05679, DHA, Karachi",11713
UTL005680,بلال ملک,14654-6096500-0,بلال Malick,,"H-05680, Gulberg, Lahore",23213
UTL005681,Muhammad Faysal اعوان,20429-2751849-1,Hasan اعوان,1956-08-08,"H-05681, Jaranwala Road, Faisalabad",87291
UTL005682,Maryam ملک,87311-8240881-9,Muhammad حمزہ Malik,1988-02-13,"H-05682, Peoples Colony, Faisalabad",20600
UTL005683,Mohammed Hussain ملک,63345-7099897-9,حمزہ Malick,1957-01-15,"H-05683, Bahria Town, Rawalpindi",26497
UTL005684,علی اعوان,21166-6944461-1,Faysal Awan,,"H-05684, Clifton, Karachi",21057
UTL005685,Fatema اعوان,96204-8966733-3,Husain اعوان,1991-10-05,"H-05685, DHA, Lahore",29822
UTL005686,Ali Syed,22092-8507936-8,Hussein Sayyid,1955-06-10,"H-05686, Satellite Town, Rawalpindi",18482
UTL005687,Mohammed Ali Khan,26600-7334196-8,Mohammad Hamza خان,1970-08-01,"H-05687, Saddar, Rawalpindi",32500
UTL005688,Maryam Malick,,عمران Malik,1961-12-05,"H-05688, Bahria Town, Islamabad",18424
UTL005689,حسن Moghul,87442-9245931-9,حسن Mughal,1981-09-14,"H-05689, Madina Town, Faisalabad",59145
UTL005690,Othman ملک,,فیصل Malik,2001-02-24,"H-05690, Clifton, Karachi",11425
UTL005691,Maryam Qureshi,35049-4570823-7,,2000-11-21,"H-05691, Chaklala, Rawalpindi",126431
UTL005692,Bilal Butt,,Hamza بٹ,1968-01-03,"H-05692, Johar Town, Lahore",7517
UTL005693,Mohammad عثمان Sheikh,41372-5741814-0,حمزہ Shaikh,1959-12-24,"H-05693, Chaklala, Rawalpindi",40230
UTL005694,Maryam سید,,بلال Sayed,1956-11-11,"H-05694, E-11, Islamabad",17653
UTL005695,Hassan Malik,62668-7599452-0,,1994-12-28,"H-05695, Malir, Karachi",8226
UTL005696,Ahmad Choudhary,10839-1874178-1,Hussein Choudhary,1988-01-13,"H-05696, E-11, Islamabad",46547
UTL005697,بلال Quraishi,57770-1021291-3,Mohammad بلال قریشی,1968-11-26,"H-05697, Jaranwala Road, Faisalabad",17451
UTL005698,Hamza Qureshi,92791-5931007-3,Muhammad Ali قریشی,1966-12-14,"H-05698, Gulshan-e-Iqbal, Karachi",68772
UTL005699,بلال Shaykh,,Hamza Sheikh,1976-10-24,"H-05699, F-7, Islamabad",188511
UTL005700,حرا Khan,12385-8903033-1,Muhammad خان,2002-06-13,"H-05700, Gulberg, Lahore",104704
UTL005701,مریم Butt,78780-7458435-7,Muhammad Faysal Butt,1975-11-05,"H-05701, Gulshan-e-Iqbal, Karachi",19859
UTL005702,حرا Bhatti,95990-7203905-0,Hamzah بٹ,1976-08-14,"H-05702, Gulshan-e-Iqbal, Karachi",31240
UTL005703,Faysal Shaikh,82735-3013591-9,بلال Shaikh,1974-03-28,"H-05703, Gulshan-e-Iqbal, Karachi",26631
UTL005704,Hassan سید,,Mohammed Ahmad Sayyid,2000-07-02,"H-05704, G-10, Islamabad",49861
UTL005705,Ali سید,74614-3631575-6,,,"H-05705, E-11, Islamabad",18625
UTL005706,حمزہ Raja,18535-1712682-8,Muhammed فیصل Raja,2000-07-12,"H-05706, Gulshan-e-Iqbal, Karachi",17307
UTL005707,Aysha Bhatti,96109-2954439-1,Faisal بٹ,1969-11-13,"H-05707, Bahria Town, Rawalpindi",4322
UTL005708,حمزہ Butt,32765-9527812-7,بلال Bhatti,1986-01-22,"H-05708, Clifton, Karachi",33151
UTL005709,Aysha Raja,96431-2067071-3,Faysal راجہ,1958-05-02,"H-05709, Chaklala, Rawalpindi",14433
UTL005710,Fatima راجہ,52936-9080218-1,Hussein راجہ,1966-08-02,"H-05710, Model Town, Lahore",12572
UTL005711,فیصل Malik,29740-6628153-9,Osman ملک,1969-06-07,"H-05711, DHA, Lahore",6134
UTL005712,Mohammed Ahmad Shaikh,62841-3983439-0,,1990-06-13,"H-05712, Satellite Town, Rawalpindi",6094
UTL005713,Mohammad فیصل خان,81833-6557074-4,Muhammad Ahmad Khan,1959-02-23,"H-05713, Cantt, Lahore",8697
UTL005714,عثمان خان,,Hussain Khan,2001-03-15,"H-05714, Johar Town, Lahore",12739
UTL005715,Hussein Malik,56903-3288328-8,Mohammed Imran Malick,1985-07-10,"H-05715, Gulshan-e-Iqbal, Karachi",29318
UTL005716,Muhammed Faisal خان,51984-3621025-6,Mohammad Khan,1976-12-04,"H-05716, Bahria Town, Islamabad",69155
UTL005717,Hussain Sayed,36468-9158072-2,Imran Sayed,1961-02-05,"H-05717, F-7, Islamabad",11313
UTL005718,عمران راجہ,64437-8100994-8,محمد Raja,1966-10-11,"H-05718, Bahria Town, Rawalpindi",9858
UTL005719,فیصل مغل,34145-7911431-5,حمزہ Moghul,,"H-05719, Chaklala, Rawalpindi",38555
UTL005720,حسین چوہدری,94084-1545750-8,احمد Chaudhary,2000-02-14,"H-05720, Cantt, Lahore",12055
UTL005721,Fatema Mughal,,Muhammed حسن Moghul,1979-02-11,"H-05721, Cantt, Lahore",23875
UTL005722,Mohammad حسن اعوان,99917-3458425-1,,1955-10-14,"H-05722, Bahria Town, Islamabad",24747
UTL005723,Aysha Khan,99686-6501405-7,Ahmed خان,1978-06-26,"H-05723, Satellite Town, Rawalpindi",10970
UTL005724,Mohammed فیصل Butt,50459-7854187-9,Mohammed احمد Butt,2002-05-27,"H-05724, Satellite Town, Rawalpindi",7602
UTL005725,فیصل خان,25741-1485612-9,Usman خان,1993-10-25,"H-05725, Peoples Colony, Faisalabad",48154
UTL005726,Hassan شیخ,27565-6705773-1,محمد Shaykh,1969-02-12,"H-05726, Satellite Town, Rawalpindi",105775
UTL005727,Ayisha Choudhary,31263-5636382-6,Mohammad حمزہ Choudhary,1985-07-22,"H-05727, DHA, Lahore",9992
UTL005728,ثناء Raja,65693-5927612-1,Muhammad Raja,1987-01-20,"H-05728, Saddar, Rawalpindi",12952
UTL005729,Mohammad اعوان,90487-8279415-7,Ali اعوان,1966-05-25,"H-05729, Cantt, Lahore",22470
UTL005730,Usman Awan,43846-4405964-4,فیصل Awan,1960-08-26,"H-05730, Clifton, Karachi",25485
UTL005731,حسن قریشی,53850-9957973-3,Hassan Qureshi,1996-05-27,"H-05731, Saddar, Rawalpindi",16799
UTL005732,Hassan اعوان,59135-1987979-6,Hasan Awan,1980-09-11,"H-05732, E-11, Islamabad",4603
UTL005733,Mohammed Imran Sayyid,86328-4899961-4,احمد Sayed,1959-06-05,"H-05733, Johar Town, Lahore",10320
UTL005734,Muhammed بلال Quraishi,,محمد Qureshi,,"H-05734, Malir, Karachi",39314
UTL005735,زینب Malick,28458-7462311-8,,1984-03-11,"H-05735, Bahria Town, Islamabad",17925
UTL005736,Faysal Choudhary,,Hussein Choudhary,1959-02-16,"H-05736, DHA, Karachi",15142
UTL005737,Muhammed Bilal Awan,73375-5882301-2,,1961-06-05,"H-05737, DHA, Lahore",5016
UTL005738,بلال Mughal,10937-9309586-0,Hamzah Mughal,1967-10-20,"H-05738, Johar Town, Lahore",31139
UTL005739,Muhammad Chaudhary,66150-9730468-6,حسن Chaudhry,1976-10-10,"H-05739, Jaranwala Road, Faisalabad",10037
UTL005740,Zainab سید,,,1957-10-13,"H-05740, Chaklala, Rawalpindi",65211
UTL005741,بلال Chaudhry,18902-8292796-0,Hassan Chaudhary,1962-03-03,"H-05741, Peoples Colony, Faisalabad",32888
UTL005742,Husain شیخ,,Muhammed Hussein Sheikh,1958-04-05,"H-05742, Cantt, Lahore",11406
UTL005743,Mohammed Husain Syed,30345-7106225-5,فیصل Syed,1963-03-16,"H-05743, F-8, Islamabad",23332
UTL005744,Hamza Butt,97923-2770689-4,Mohammad عمران Bhatti,1979-03-20,"H-05744, F-7, Islamabad",15738
UTL005745,Ali Raja,35223-9737136-1,Mohammad Ali Raja,2003-10-24,"H-05745, G-10, Islamabad",7112
UTL005746,Ayisha Bhatti,85966-4777088-6,Muhammed Imran Butt,2001-08-02,"H-05746, DHA, Karachi",46224
UTL005747,احمد راجہ,47097-5345113-0,,1958-06-09,"H-05747, E-11, Islamabad",101197
UTL005748,Muhammad احمد Sheikh,64718-6018782-9,علی Sheikh,1969-03-15,"H-05748, Gulberg, Lahore",17518
UTL005749,محمد Chaudhary,37367-6110677-7,Muhammed بلال Ch.,1996-05-20,"H-05749, Jaranwala Road, Faisalabad",9349
UTL005750,Hassan شیخ,71988-8975252-4,Ali شیخ,1965-11-14,"H-05750, F-8, Islamabad",34785
UTL005751,Imran Butt,25968-5809541-5,Hussain بٹ,2001-11-13,"H-05751, Model Town, Lahore",4660
UTL005752,Hassan Raja,,فیصل Raja,1992-02-24,"H-05752, G-10, Islamabad",28081
UTL005753,حسن Bhatti,99659-5228681-4,Faisal بٹ,1991-06-26,"H-05753, Satellite Town, Rawalpindi",38567
UTL005754,Muhammad Faysal Malick,39243-1317070-8,Muhammad Hassan Malik,1964-12-27,"H-05754, DHA, Karachi",18630
UTL005755,Bilal Malick,28270-6980429-1,Faisal Malik,1984-04-27,"H-05755, Satellite Town, Rawalpindi",49772
UTL005756,Ali Moghul,42572-4665631-1,Muhammed علی Moghul,1982-06-26,"H-05756, Jaranwala Road, Faisalabad",7621
UTL005757,Muhammed اعوان,81630-2039184-1,Mohammed Awan,1977-05-17,"H-05757, Bahria Town, Islamabad",28127
UTL005758,Imran Khan,59877-7863494-6,Osman خان,1988-11-03,"H-05758, North Nazimabad, Karachi",5274
UTL005759,Bilal Shaikh,41575-4537134-6,,1982-10-12,"H-05759, Gulberg, Lahore",13351
UTL005760,Zaynab Mughal,,عمران مغل,,"H-05760, DHA, Lahore",15886
UTL005761,Hamza Moghul,34212-1955360-7,Hamza مغل,1965-07-20,"H-05761, Malir, Karachi",6557
UTL005762,Mohammed Moghul,63057-8011044-2,Muhammed Hamza مغل,1963-06-26,"H-05762, Jaranwala Road, Faisalabad",15688
UTL005763,Mohammad Khan,15995-8979049-5,,1987-03-05,"H-05763, Peoples Colony, Faisalabad",6348
UTL005764,Imran Quraishi,39337-2062230-7,عمران Qureshi,1976-09-16,"H-05764, Jaranwala Road, Faisalabad",7005
UTL005765,فاطمہ Butt,40520-7642708-7,بلال Bhatti,1983-08-01,"H-05765, Gulshan-e-Iqbal, Karachi",240177
UTL005766,حرا Chaudhary,,Muhammed چوہدری,1967-07-15,"H-05766, Satellite Town, Rawalpindi",26178
UTL005767,بلال قریشی,,Muhammed حمزہ Qureshi,1988-03-06,"H-05767, DHA, Karachi",9076
UTL005768,Ayisha Raja,16386-8293324-2,بلال Raja,,"H-05768, Model Town, Lahore",19461
UTL005769,زینب Butt,80620-8946989-7,Mohammed Hamza Butt,1995-05-11,"H-05769, Gulshan-e-Iqbal, Karachi",53335
UTL005770,Ahmad راجہ,59685-9646922-0,Imran راجہ,1992-09-17,"H-05770, Madina Town, Faisalabad",34306
UTL005771,Ali خان,47372-5905299-8,,1985-06-27,"H-05771, Satellite Town, Rawalpindi",8709
UTL005772,حسن Moghul,56046-6394484-2,Usman Moghul,1956-01-25,"H-05772, Clifton, Karachi",23025
UTL005773,Fatimah اعوان,96788-3927155-7,Imran اعوان,1985-01-07,"H-05773, Saddar, Rawalpindi",16126
UTL005774,Osman Raja,37291-1666356-3,,1963-09-27,"H-05774, Johar Town, Lahore",5894
UTL005775,Marium Butt,12956-5898711-8,,1988-09-08,"H-05775, Johar Town, Lahore",5506
UTL005776,Hamza قریشی,35208-5924694-7,,1989-09-17,"H-05776, Malir, Karachi",3913
UTL005777,احمد Ch.,25960-5622245-2,Faisal Chaudhry,,"H-05777, North Nazimabad, Karachi",48788
UTL005778,ثناء Syed,59478-5974213-6,احمد سید,1958-12-15,"H-05778, Cantt, Lahore",19989
UTL005779,Ali Awan,91225-3053680-7,Bilal Awan,1975-06-17,"H-05779, Chaklala, Rawalpindi",70293
UTL005780,Hasan مغل,29003-9096291-0,Husain مغل,1994-02-10,"H-05780, Malir, Karachi",16945
UTL005781,Bilal Shaykh,,Ahmed Sheikh,1980-08-06,"H-05781, Gulberg, Lahore",7172
UTL005782,Hassan اعوان,94119-9243160-0,,,"H-05782, Model Town, Lahore",64892
UTL005783,احمد Ch.,48992-6489509-5,علی Chaudhary,1993-01-21,"H-05783, Malir, Karachi",10651
UTL005784,Mohammed Qureshi,82551-4295267-9,علی Quraishi,1997-03-14,"H-05784, Saddar, Rawalpindi",6254
UTL005785,Muhammed Awan,92123-9337922-1,Mohammed بلال اعوان,1971-03-24,"H-05785, Madina Town, Faisalabad",45429
UTL005786,عائشہ Sheikh,89952-9983016-1,علی Sheikh,1967-04-26,"H-05786, E-11, Islamabad",36466
UTL005787,Hassan خان,,Bilal Khan,1970-11-03,"H-05787, Jaranwala Road, Faisalabad",124270
UTL005788,علی Malik,,Hussain Malick,,"H-05788, F-8, Islamabad",165500
UTL005789,ثناء ملک,87251-5192458-3,علی Malick,,"H-05789, Cantt, Lahore",9783
UTL005790,احمد اعوان,60894-3981152-1,حسین اعوان,1965-08-14,"H-05790, Saddar, Rawalpindi",8703
UTL005791,Aysha Awan,18855-5269659-1,Bilal Awan,1968-06-02,"H-05791, Bahria Town, Rawalpindi",41581
UTL005792,Hussein شیخ,59447-3017861-1,Muhammad Husain Shaykh,1959-01-24,"H-05792, DHA, Karachi",13143
UTL005793,Mohammad Othman Raja,13252-5273430-1,علی راجہ,1972-05-12,"H-05793, DHA, Lahore",18361
UTL005794,Bilal Qureshi,16320-3553491-3,,1997-08-20,"H-05794, Johar Town, Lahore",29713
UTL005795,Hasan Shaikh,67808-8372919-0,فیصل Shaykh,1990-10-27,"H-05795, Johar Town, Lahore",15995
UTL005796,Muhammed عثمان Malick,25960-4223744-5,Muhammad Imran ملک,1989-02-22,"H-05796, Saddar, Rawalpindi",9721
UTL005797,Ali Bhatti,91121-5189435-0,Imran Butt,1985-02-07,"H-05797, Jaranwala Road, Faisalabad",50751
UTL005798,عمران Raja,19014-2738018-2,Mohammad Ahmed Raja,1997-03-13,"H-05798, Gulshan-e-Iqbal, Karachi",15494
UTL005799,بلال ملک,84910-7541109-7,,1981-12-20,"H-05799, Clifton, Karachi",11009
UTL005800,حسین Moghul,67116-4906684-9,Hassan Mughal,1999-05-18,"H-05800, DHA, Lahore",41764
UTL005801,Faysal Khan,67649-6029653-7,Ahmed Khan,,"H-05801, Peoples Colony, Faisalabad",8325
UTL005802,Zaynab Choudhary,44313-7578907-9,بلال Chaudhry,1969-02-26,"H-05802, Gulberg, Lahore",6639
UTL005803,Othman Raja,,Mohammed Faysal Raja,1967-12-21,"H-05803, Jaranwala Road, Faisalabad",24454
UTL005804,Fatema Butt,88524-3511870-6,Ali بٹ,1956-05-17,"H-05804, DHA, Lahore",5326
UTL005805,Muhammed Ali Malik,80736-2850701-0,Ahmad Malik,1997-09-27,"H-05805, Bahria Town, Rawalpindi",9385
UTL005806,فاطمہ Chaudhary,72553-2652614-5,علی Choudhary,,"H-05806, Model Town, Lahore",15503
UTL005807,Mariam Choudhary,34894-2730528-6,Muhammed Faysal Ch.,1983-03-27,"H-05807, Madina Town, Faisalabad",11701
UTL005808,Muhammed عمران Bhatti,41693-5850623-3,Ahmad بٹ,1991-01-26,"H-05808, Malir, Karachi",263446
UTL005809,Hamza Chaudhry,91091-9651607-6,Mohammed Hamza چوہدری,1976-11-18,"H-05809, E-11, Islamabad",42742
UTL005810,Othman Bhatti,96697-9273027-0,Mohammad Faysal بٹ,2001-06-12,"H-05810, Gulberg, Lahore",7601
UTL005811,Muhammad Khan,66396-9804372-9,,1990-10-14,"H-05811, F-8, Islamabad",12435
UTL005812,Imran Sheikh,80703-8867577-7,Bilal Shaikh,1983-12-03,"H-05812, DHA, Karachi",6733
UTL005813,Muhammad Husain Malik,38929-1035000-9,Mohammed احمد Malick,1964-12-16,"H-05813, Gulshan-e-Iqbal, Karachi",14896
UTL005814,Fatimah سید,16770-7869010-2,حمزہ Syed,1963-05-09,"H-05814, Bahria Town, Rawalpindi",8242
UTL005815,Marium Butt,69442-2086857-6,علی Butt,1969-10-05,"H-05815, F-7, Islamabad",11495
UTL005816,Hira Quraishi,92890-8450964-5,Hamza Qureshi,1981-11-17,"H-05816, G-10, Islamabad",17655
UTL005817,Mohammad Quraishi,99966-6310498-5,Mohammad حسن Quraishi,1958-12-22,"H-05817, Chaklala, Rawalpindi",10626
UTL005818,Hasan Moghul,70114-3648583-7,Muhammad مغل,1985-11-12,"H-05818, Cantt, Lahore",23491
UTL005819,Hasan Quraishi,33182-5798530-2,,1990-05-09,"H-05819, Jaranwala Road, Faisalabad",13729
UTL005820,Muhammed Hassan Sheikh,11629-2627036-7,Ahmad Shaykh,1957-07-07,"H-05820, Jaranwala Road, Faisalabad",19571
UTL005821,عمران Sayyid,,Muhammed Othman Sayyid,1971-04-09,"H-05821, Jaranwala Road, Faisalabad",83853
UTL005822,Hira ملک,,,,"H-05822, Cantt, Lahore",33470
UTL005823,Ayesha Bhatti,22140-4330509-1,Imran Butt,1996-08-08,"H-05823, Jaranwala Road, Faisalabad",11479
UTL005824,احمد Moghul,90660-7950788-2,حسن Mughal,1970-05-09,"H-05824, F-7, Islamabad",7130
UTL005825,Imran Mughal,,Hamza مغل,1998-09-16,"H-05825, Madina Town, Faisalabad",11189
UTL005826,Imran Khan,31180-9907653-9,Usman Khan,1991-12-17,"H-05826, Bahria Town, Islamabad",7372
UTL005827,Othman Mughal,55874-6741274-6,Hamzah مغل,1972-07-10,"H-05827, F-7, Islamabad",14425
UTL005828,حمزہ Chaudhry,,Husain Ch.,1984-01-09,"H-05828, DHA, Karachi",54360
UTL005829,علی راجہ,97563-2824608-9,,1994-05-21,"H-05829, Gulshan-e-Iqbal, Karachi",6453
UTL005830,حمزہ Awan,,Hussein اعوان,1983-01-04,"H-05830, Jaranwala Road, Faisalabad",119302
UTL005831,Marium خان,,Faysal Khan,1991-08-01,"H-05831, Bahria Town, Islamabad",31903
UTL005832,Fatema ملک,,Muhammad Ahmad Malik,1969-07-06,"H-05832, North Nazimabad, Karachi",82669
UTL005833,عثمان Awan,,Ali Awan,1963-03-03,"H-05833, Peoples Colony, Faisalabad",11819
UTL005834,Sana ملک,66873-1507082-7,Mohammad Malick,1994-05-03,"H-05834, Peoples Colony, Faisalabad",58535
UTL005835,حمزہ Shaikh,,حسین شیخ,,"H-05835, F-7, Islamabad",3302
UTL005836,Muhammad Qureshi,11224-7101152-3,حسین Qureshi,,"H-05836, Model Town, Lahore",26078
UTL005837,Mohammed Raja,71750-4897763-4,,1980-06-03,"H-05837, DHA, Karachi",40736
UTL005838,Muhammed Hamzah Shaikh,49384-6408143-3,حسن Shaykh,1994-07-05,"H-05838, Satellite Town, Rawalpindi",5560
UTL005839,Muhammed حمزہ راجہ,73027-2651327-5,Muhammed علی Raja,,"H-05839, Clifton, Karachi",100986
UTL005840,علی سید,65335-2873137-7,Mohammad Ahmad Sayed,1979-09-03,"H-05840, Cantt, Lahore",7104
UTL005841,Mohammed Othman راجہ,,Osman Raja,1964-05-21,"H-05841, Malir, Karachi",39748
UTL005842,حمزہ Raja,50720-3985388-1,Ahmad Raja,2000-04-21,"H-05842, Model Town, Lahore",111548
UTL005843,عائشہ Butt,13030-2014430-5,Mohammad Hamzah بٹ,1992-10-16,"H-05843, G-10, Islamabad",31054
UTL005844,Hassan Malik,31324-9141468-9,,1962-01-22,"H-05844, F-8, Islamabad",7906
UTL005845,Mohammed سید,11271-4011480-0,Mohammad Syed,1982-09-24,"H-05845, F-8, Islamabad",5979
UTL005846,Mohammed Hassan شیخ,27817-6371803-4,Mohammad علی Shaikh,1964-05-15,"H-05846, Gulshan-e-Iqbal, Karachi",11113
UTL005847,عمران بٹ,,Bilal Bhatti,1985-03-10,"H-05847, Peoples Colony, Faisalabad",23262
UTL005848,علی Khan,,Muhammed علی Khan,1959-10-08,"H-05848, North Nazimabad, Karachi",14430
UTL005849,Bilal بٹ,12571-3112631-9,احمد بٹ,2002-03-01,"H-05849, DHA, Lahore",3686
UTL005850,Hira Quraishi,92619-7021864-7,Ahmad Qureshi,1996-12-16,"H-05850, Madina Town, Faisalabad",10757
UTL005851,محمد Raja,69908-9302080-9,Hassan راجہ,1971-09-07,"H-05851, Madina Town, Faisalabad",107550
UTL005852,حمزہ Butt,75901-1147873-1,,1977-01-04,"H-05852, Johar Town, Lahore",4234
UTL005853,Zainab Khan,64813-9642403-1,Muhammed Usman خان,1984-04-14,"H-05853, DHA, Lahore",16686
UTL005854,ثناء خان,,فیصل Khan,1956-09-21,"H-05854, Clifton, Karachi",16178
UTL005855,Hira Khan,63204-6682317-9,Osman خان,1973-05-02,"H-05855, E-11, Islamabad",6340
UTL005856,Mohammed چوہدری,18846-4438669-0,حسین Ch.,1960-09-26,"H-05856, Bahria Town, Rawalpindi",32419
UTL005857,فیصل Sayed,65034-3630083-0,عمران Syed,,"H-05857, Gulshan-e-Iqbal, Karachi",25272
UTL005858,Mohammad Ali Shaikh,61280-4869258-4,Mohammed Hasan شیخ,1993-12-16,"H-05858, Gulshan-e-Iqbal, Karachi",10383
UTL005859,Ali چوہدری,54950-5725443-7,Mohammed Husain چوہدری,1968-12-06,"H-05859, Madina Town, Faisalabad",50253
UTL005860,عثمان اعوان,41176-9878978-3,Mohammed Osman Awan,1956-07-12,"H-05860, G-10, Islamabad",8183
UTL005861,Ahmed چوہدری,71793-5599364-4,Hasan Choudhary,1963-10-16,"H-05861, Madina Town, Faisalabad",18896
UTL005862,Ali Shaikh,28939-4941723-7,Muhammed Shaykh,1997-04-05,"H-05862, DHA, Lahore",6031
UTL005863,Imran Raja,72116-1993223-2,Bilal راجہ,1956-01-21,"H-05863, Jaranwala Road, Faisalabad",8965
UTL005864,Mohammed راجہ,13168-7473225-9,Hamza Raja,1985-11-21,"H-05864, F-7, Islamabad",8252
UTL005865,Hassan Raja,97109-9146076-7,Hasan Raja,,"H-05865, Bahria Town, Rawalpindi",31389
UTL005866,Hamzah شیخ,97138-1323957-4,Hasan شیخ,1980-10-03,"H-05866, Cantt, Lahore",39617
UTL005867,Hasan راجہ,67122-2490345-9,Mohammed احمد Raja,1988-01-19,"H-05867, North Nazimabad, Karachi",36875
UTL005868,زینب Qureshi,68912-6369560-3,Hamza Qureshi,1955-01-09,"H-05868, F-8, Islamabad",48325
UTL005869,حسن Choudhary,83596-7345372-4,Muhammed Ahmad Chaudhry,1959-07-20,"H-05869, Bahria Town, Rawalpindi",11885
UTL005870,Hassan Raja,98843-2191726-3,بلال راجہ,1996-05-19,"H-05870, Madina Town, Faisalabad",10410
UTL005871,حمزہ ملک,29358-3716676-1,Muhammad Faysal Malick,1956-02-02,"H-05871, Satellite Town, Rawalpindi",12744
UTL005872,حسین Khan,44003-5806238-8,حمزہ خان,1956-04-18,"H-05872, E-11, Islamabad",7094
UTL005873,Hamza Bhatti,88777-1373848-7,Faisal Bhatti,1966-04-05,"H-05873, Chaklala, Rawalpindi",69054
UTL005874,Hasan اعوان,,Muhammed Osman Awan,2003-08-13,"H-05874, Johar Town, Lahore",9925
UTL005875,حمزہ Shaykh,89082-5069072-1,Mohammed Imran Shaikh,2000-06-26,"H-05875, Satellite Town, Rawalpindi",5675
UTL005876,عمران Syed,,Hassan Syed,1992-05-22,"H-05876, Model Town, Lahore",22708
UTL005877,Mohammed Ali Shaykh,48283-1962432-9,,1971-03-13,"H-05877, F-8, Islamabad",225483
UTL005878,Bilal Chaudhary,49257-4528187-0,حسین Choudhary,1962-01-28,"H-05878, G-10, Islamabad",13789
UTL005879,Aisha Malick,93480-8607998-7,علی Malick,1990-07-16,"H-05879, Madina Town, Faisalabad",5335
UTL005880,Hira Raja,35513-6194120-5,حمزہ Raja,1962-01-15,"H-05880, Malir, Karachi",14220
UTL005881,Zaynab Quraishi,66020-6089466-7,علی Quraishi,1963-04-03,"H-05881, Clifton, Karachi",31119
UTL005882,علی خان,68457-7619171-5,Hamzah خان,1991-07-13,"H-05882, DHA, Lahore",53121
UTL005883,Muhammad Hasan بٹ,45521-8776963-7,بلال Bhatti,2002-03-08,"H-05883, Model Town, Lahore",22472
UTL005884,مریم Ch.,,,1977-10-16,"H-05884, Satellite Town, Rawalpindi",6985
UTL005885,Muhammed Butt,,علی بٹ,,"H-05885, Peoples Colony, Faisalabad",42566
UTL005886,Ahmad قریشی,55006-3977565-9,,1984-11-18,"H-05886, E-11, Islamabad",28162
UTL005887,Muhammad Hussein راجہ,66814-9075273-7,Muhammed Faisal Raja,1969-04-18,"H-05887, Gulshan-e-Iqbal, Karachi",7457
UTL005888,علی اعوان,96706-3631549-6,حسن اعوان,1998-02-09,"H-05888, Peoples Colony, Faisalabad",18863
UTL005889,Muhammed حسن مغل,20666-6029297-1,Ali Moghul,1956-02-03,"H-05889, Chaklala, Rawalpindi",47969
UTL005890,Mariam Choudhary,32924-4950990-7,,,"H-05890, Chaklala, Rawalpindi",5498
UTL005891,فیصل Awan,49771-1162999-0,عمران Awan,1962-02-27,"H-05891, Cantt, Lahore",63355
UTL005892,Muhammad Ali Bhatti,65458-7918573-7,Imran Butt,,"H-05892, Malir, Karachi",44168
UTL005893,زینب قریشی,77750-4345860-7,حسن قریشی,1968-02-02,"H-05893, Gulberg, Lahore",21386
UTL005894,Hamzah Syed,21302-1671033-7,Hamzah Sayyid,1984-04-21,"H-05894, Clifton, Karachi",12357
UTL005895,زینب ملک,21861-3763779-7,عثمان Malik,1985-10-18,"H-05895, G-10, Islamabad",30299
UTL005896,حمزہ Shaykh,89868-4309426-5,Ali Shaikh,1978-02-05,"H-05896, North Nazimabad, Karachi",14357
UTL005897,زینب Quraishi,,Hussain قریشی,1985-06-22,"H-05897, E-11, Islamabad",22608
UTL005898,Ahmad Shaykh,83635-8698015-0,Mohammad حسن Shaikh,1972-02-04,"H-05898, Madina Town, Faisalabad",16848
UTL005899,Mohammed ملک,36221-1900063-1,Mohammad عثمان Malick,1967-06-25,"H-05899, North Nazimabad, Karachi",12286
UTL005900,ثناء Khan,63549-1628267-8,Mohammad Imran خان,1981-04-26,"H-05900, Gulshan-e-Iqbal, Karachi",11202
UTL005901,Ahmad مغل,81364-6231341-1,Faysal Moghul,1971-05-15,"H-05901, Bahria Town, Rawalpindi",34328
UTL005902,Hamza Moghul,32021-2007707-8,Mohammad حسن Mughal,1991-06-16,"H-05902, Gulberg, Lahore",10464
UTL005903,Hassan راجہ,,علی Raja,1999-05-04,"H-05903, Madina Town, Faisalabad",7561
UTL005904,Hamzah Raja,22998-4012414-7,Muhammed عمران راجہ,1979-10-25,"H-05904, Bahria Town, Rawalpindi",4759
UTL005905,بلال Raja,69546-4394479-7,Muhammad فیصل راجہ,2001-10-12,"H-05905, Satellite Town, Rawalpindi",3618
UTL005906,Imran قریشی,63485-8322750-5,علی قریشی,1962-07-28,"H-05906, Jaranwala Road, Faisalabad",54604
UTL005907,Mohammad Imran Awan,45251-9746798-0,,1958-06-04,"H-05907, Peoples Colony, Faisalabad",8528
UTL005908,علی Sayed,16629-3633416-2,Muhammed سید,1978-09-08,"H-05908, F-7, Islamabad",4744
UTL005909,Hamzah Raja,79848-4747375-5,,1979-03-24,"H-05909, Madina Town, Faisalabad",43300
UTL005910,Hamzah Sayyid,69752-1604352-6,علی Sayed,1978-01-20,"H-05910, Malir, Karachi",12587
UTL005911,بلال Malik,80609-2029859-9,Osman Malik,,"H-05911, North Nazimabad, Karachi",17079
UTL005912,Ali چوہدری,66524-9225289-3,,1999-06-22,"H-05912, Gulberg, Lahore",66345
UTL005913,Ahmed Mughal,,Mohammed علی مغل,1956-12-05,"H-05913, Bahria Town, Rawalpindi",10985
UTL005914,Bilal چوہدری,48714-2603001-9,Mohammed Faisal Chaudhary,1969-09-19,"H-05914, Malir, Karachi",68307
UTL005915,Mohammad Hussain خان,53973-7627455-3,Osman خان,1973-07-19,"H-05915, Jaranwala Road, Faisalabad",106759
UTL005916,Marium Shaikh,86215-8124975-6,Hassan Shaikh,1992-01-28,"H-05916, F-8, Islamabad",11213
UTL005917,Marium Ch.,92303-2411490-2,,1988-01-01,"H-05917, Cantt, Lahore",35076
UTL005918,Ayesha سید,99836-4279801-1,Husain Syed,1959-08-22,"H-05918, North Nazimabad, Karachi",10238
UTL005919,عائشہ Sheikh,38516-4386344-8,,,"H-05919, Cantt, Lahore",64471
UTL005920,زینب Malick,41615-9892402-5,,1991-08-05,"H-05920, F-8, Islamabad",32542
UTL005921,Marium ملک,,محمد ملک,1992-01-08,"H-05921, Gulberg, Lahore",16655
UTL005922,زینب بٹ,,حسن Butt,1969-10-11,"H-05922, Cantt, Lahore",8524
UTL005923,Ali سید,90391-1219007-1,Muhammad Ali Sayed,1988-02-17,"H-05923, F-7, Islamabad",4380
UTL005924,Muhammad بلال بٹ,18173-5141833-0,محمد Bhatti,1979-08-26,"H-05924, Bahria Town, Islamabad",5263
UTL005925,Hassan بٹ,60025-1461964-6,Mohammed Usman بٹ,1980-02-05,"H-05925, Saddar, Rawalpindi",27906
UTL005926,Hamzah Sheikh,33575-4553518-4,Mohammed Shaykh,,"H-05926, Satellite Town, Rawalpindi",15100
UTL005927,حمزہ Quraishi,64746-7534276-8,فیصل Quraishi,1999-08-23,"H-05927, Cantt, Lahore",17796
UTL005928,Ali Malick,76897-4426595-1,,1993-09-05,"H-05928, Madina Town, Faisalabad",35195
UTL005929,Mohammad حمزہ مغل,58721-5100200-4,Ali Mughal,1998-11-01,"H-05929, Jaranwala Road, Faisalabad",186960
UTL005930,Muhammed حمزہ چوہدری,61904-8557686-5,Bilal Ch.,1977-03-20,"H-05930, F-8, Islamabad",47434
UTL005931,Othman Choudhary,62069-2987450-0,Muhammad Ch.,1972-11-14,"H-05931, Clifton, Karachi",53552
UTL005932,Muhammed احمد خان,83913-6730402-0,Muhammed خان,1994-09-24,"H-05932, DHA, Karachi",23056
UTL005933,فاطمہ Awan,69712-6888938-2,Muhammed Awan,1978-10-08,"H-05933, Malir, Karachi",19292
UTL005934,Husain Malik,,Hamza ملک,1971-03-09,"H-05934, E-11, Islamabad",45590
UTL005935,Osman Raja,91827-6300111-9,حمزہ Raja,2003-05-14,"H-05935, Madina Town, Faisalabad",55126
UTL005936,Muhammed Bilal Qureshi,24434-7642494-0,Hassan Quraishi,,"H-05936, Bahria Town, Rawalpindi",41922
UTL005937,Muhammed عمران Moghul,23776-9285320-2,,2003-04-23,"H-05937, Chaklala, Rawalpindi",5824
UTL005938,Imran راجہ,11364-9880273-2,Hasan راجہ,1961-05-07,"H-05938, Cantt, Lahore",45679
UTL005939,علی قریشی,11518-3126448-9,,1994-01-10,"H-05939, DHA, Lahore",28082
UTL005940,Mohammed عمران اعوان,51410-4967698-4,Muhammad بلال اعوان,,"H-05940, Madina Town, Faisalabad",11464
UTL005941,Hira راجہ,,احمد Raja,,"H-05941, F-7, Islamabad",29559
UTL005942,بلال شیخ,62767-9522915-7,Mohammed Hussain Shaikh,2003-03-06,"H-05942, Satellite Town, Rawalpindi",64644
UTL005943,Imran Butt,62396-2147791-1,Muhammed Hamzah بٹ,1991-12-25,"H-05943, G-10, Islamabad",11682
UTL005944,Mohammad Hamza Malik,19370-5941708-9,Mohammad حسین Malick,1996-12-10,"H-05944, Malir, Karachi",15993
UTL005945,Usman Choudhary,43773-6618853-1,عمران Choudhary,2003-04-03,"H-05945, Saddar, Rawalpindi",5775
UTL005946,عمران ملک,15207-6062127-9,Mohammad احمد Malick,1978-07-27,"H-05946, Satellite Town, Rawalpindi",13247
UTL005947,Fatima Sayed,59903-9598291-5,Ahmad Sayed,,"H-05947, Malir, Karachi",76421
UTL005948,Zainab خان,82249-5829757-4,Osman خان,1961-12-26,"H-05948, Gulshan-e-Iqbal, Karachi",10053
UTL005949,Fatimah مغل,80164-2264739-1,بلال مغل,1982-05-26,"H-05949, F-8, Islamabad",7876
UTL005950,عمران Chaudhary,88781-6396305-7,,,"H-05950, Model Town, Lahore",9148
UTL005951,Hasan اعوان,85838-4328484-3,Mohammed Hussain Awan,1978-09-06,"H-05951, Bahria Town, Islamabad",21464
UTL005952,Mohammed Imran اعوان,87468-5240972-6,Hamza Awan,1977-07-18,"H-05952, Malir, Karachi",34151
UTL005953,Muhammad Faisal شیخ,63283-9709937-0,حمزہ شیخ,1963-06-16,"H-05953, E-11, Islamabad",13744
UTL005954,Zaynab Malik,52434-5673462-6,Hassan Malik,1982-08-21,"H-05954, DHA, Lahore",9639
UTL005955,Bilal Khan,90744-5784042-9,Hussain خان,1972-08-21,"H-05955, Bahria Town, Rawalpindi",37537
UTL005956,Mohammad حسین قریشی,61091-9963399-7,Osman قریشی,1959-02-20,"H-05956, E-11, Islamabad",8173
UTL005957,Muhammad حسن Chaudhry,90871-8241266-0,,1974-05-16,"H-05957, Bahria Town, Rawalpindi",10369
UTL005958,مریم Malik,92485-5584349-5,Muhammad Faisal ملک,1978-12-20,"H-05958, Peoples Colony, Faisalabad",12750
UTL005959,Maryam بٹ,,بلال Butt,1971-01-11,"H-05959, North Nazimabad, Karachi",39126
UTL005960,Muhammed علی Moghul,27679-8760490-6,Mohammed فیصل مغل,1999-08-07,"H-05960, Gulberg, Lahore",7906
UTL005961,Osman Awan,76858-8227025-4,Osman Awan,,"H-05961, DHA, Lahore",79459
UTL005962,Bilal مغل,,Hussein مغل,1977-11-06,"H-05962, Malir, Karachi",3710
UTL005963,Mohammed عمران خان,44607-9244043-0,محمد خان,2000-07-27,"H-05963, G-10, Islamabad",45392
UTL005964,Muhammed Shaykh,,Othman Shaikh,2002-07-21,"H-05964, Peoples Colony, Faisalabad",7330
UTL005965,Muhammad Mughal,29218-3701028-5,Ahmad Moghul,1997-03-24,"H-05965, Satellite Town, Rawalpindi",39670
UTL005966,Fatema Malick,63206-8645920-2,Mohammad Osman Malik,1974-01-15,"H-05966, North Nazimabad, Karachi",54895
UTL005967,بلال راجہ,46554-4622458-2,Imran راجہ,1960-03-15,"H-05967, DHA, Lahore",4766
UTL005968,Maryam بٹ,80264-5443660-3,Muhammed Hamzah بٹ,1989-11-18,"H-05968, Johar Town, Lahore",12727
UTL005969,زینب Raja,13278-7414223-5,محمد راجہ,2001-06-18,"H-05969, Gulshan-e-Iqbal, Karachi",15436
UTL005970,حسن Malick,67828-1796229-5,Faisal Malick,1995-05-18,"H-05970, Chaklala, Rawalpindi",86248
UTL005971,Zainab چوہدری,73300-4628747-2,Imran Ch.,1995-05-12,"H-05971, F-7, Islamabad",36759
UTL005972,علی Sheikh,93549-9049583-1,Mohammad Shaykh,1990-03-05,"H-05972, Madina Town, Faisalabad",25543
UTL005973,Faysal Bhatti,36593-5309422-9,Mohammed حمزہ Bhatti,1984-06-21,"H-05973, Clifton, Karachi",18055
UTL005974,Hasan Sayed,56811-9625582-8,حسین Sayyid,1976-05-19,"H-05974, Bahria Town, Rawalpindi",28028
UTL005975,Hira راجہ,,,2000-12-04,"H-05975, Clifton, Karachi",5848
UTL005976,حرا Sayyid,51342-9741118-3,,1977-07-13,"H-05976, E-11, Islamabad",5941
UTL005977,عمران Shaykh,11154-7695465-9,Hamzah Shaikh,1986-08-16,"H-05977, Johar Town, Lahore",8452
UTL005978,Ali مغل,17920-8557715-7,محمد مغل,1995-03-07,"H-05978, Peoples Colony, Faisalabad",7365
UTL005979,Hussain Syed,97494-5100996-2,,1960-06-27,"H-05979, Johar Town, Lahore",7187
UTL005980,Hussein Mughal,93868-4052289-8,بلال Moghul,,"H-05980, Clifton, Karachi",82199
UTL005981,Muhammed فیصل بٹ,,احمد بٹ,1962-09-11,"H-05981, Madina Town, Faisalabad",7393
UTL005982,علی خان,22078-6437761-2,Ahmad خان,1997-12-24,"H-05982, Gulberg, Lahore",20209
UTL005983,Mohammed Faysal Syed,50694-3589542-1,Ahmad سید,1990-12-27,"H-05983, Clifton, Karachi",27191
UTL005984,Faisal Awan,91317-9736407-0,Bilal اعوان,1975-08-05,"H-05984, DHA, Lahore",74169
UTL005985,Ahmad سید,50195-7063873-6,,1966-11-09,"H-05985, Bahria Town, Islamabad",42244
UTL005986,Mohammad Usman چوہدری,62397-6489518-6,عمران Choudhary,1961-06-09,"H-05986, Saddar, Rawalpindi",9171
UTL005987,علی Malick,33844-8325844-2,Ali Malik,1992-03-08,"H-05987, Satellite Town, Rawalpindi",4414
UTL005988,Mohammad بلال اعوان,49432-5566139-6,Ahmed اعوان,1997-08-07,"H-05988, North Nazimabad, Karachi",3833
UTL005989,Hamzah Syed,,Muhammed Syed,1961-11-17,"H-05989, Satellite Town, Rawalpindi",13119
UTL005990,Hamza سید,35043-6778158-9,بلال Syed,1956-08-03,"H-05990, Chaklala, Rawalpindi",13666
UTL005991,عمران بٹ,57011-3592921-0,Usman بٹ,1979-03-06,"H-05991, Satellite Town, Rawalpindi",6296
UTL005992,Ayisha Raja,,,1995-05-21,"H-05992, Clifton, Karachi",37180
UTL005993,حسین قریشی,,Bilal Quraishi,2002-01-01,"H-05993, Madina Town, Faisalabad",10507
UTL005994,Muhammad Awan,54052-3431279-0,Ahmed اعوان,,"H-05994, Peoples Colony, Faisalabad",6198
UTL005995,عمران ملک,36220-1189871-1,بلال Malik,1967-12-22,"H-05995, Jaranwala Road, Faisalabad",8644
UTL005996,Sana Butt,41641-4554194-6,Ahmed بٹ,1990-10-04,"H-05996, Johar Town, Lahore",62547
UTL005997,زینب Awan,,احمد Awan,1997-12-17,"H-05997, Johar Town, Lahore",22947
UTL005998,Hussain اعوان,98407-4979505-8,Mohammad اعوان,1965-07-27,"H-05998, Bahria Town, Rawalpindi",9513
UTL005999,Bilal Malick,70586-9118233-1,Bilal Malick,2003-05-03,"H-05999, Peoples Colony, Faisalabad",15819
UTL006000,Aysha بٹ,21409-3539425-9,Hassan Butt,,"H-06000, Jaranwala Road, Faisalabad",5188
UTL006001,Faysal اعوان,10597-2226189-3,Muhammed حسین اعوان,1986-03-24,"H-06001, Jaranwala Road, Faisalabad",14217
UTL006002,Marium Chaudhary,65308-7498271-7,Muhammad Usman Chaudhry,1959-10-14,"H-06002, Jaranwala Road, Faisalabad",102207
UTL006003,Marium Khan,,فیصل Khan,1993-02-10,"H-06003, Cantt, Lahore",30048
UTL006004,Hira Quraishi,38769-1233318-8,Hasan قریشی,1968-07-25,"H-06004, Gulshan-e-Iqbal, Karachi",38265
UTL006005,Husain سید,55934-2270800-1,عمران Syed,1998-09-17,"H-06005, Saddar, Rawalpindi",5185
UTL006006,Hamza Khan,32246-5977174-8,Faisal خان,1959-04-13,"H-06006, Gulberg, Lahore",13496
UTL006007,زینب Quraishi,,حسن Quraishi,1991-05-01,"H-06007, E-11, Islamabad",35441
UTL006008,Hamza قریشی,,Hamzah Quraishi,,"H-06008, Peoples Colony, Faisalabad",284014
UTL006009,علی Awan,,بلال اعوان,1984-06-20,"H-06009, DHA, Karachi",66796
UTL006010,Fatema Chaudhry,19355-4369607-5,Ahmad Chaudhary,1984-01-18,"H-06010, Saddar, Rawalpindi",38585
UTL006011,Mohammed راجہ,16489-4419947-7,,,"H-06011, Malir, Karachi",12706
UTL006012,بلال Moghul,41499-5343585-5,Usman Mughal,,"H-06012, G-10, Islamabad",32512
UTL006013,Fatima بٹ,,Imran Bhatti,1983-11-21,"H-06013, E-11, Islamabad",9945
UTL006014,Mohammed ملک,29419-3817213-3,Hamza ملک,1994-03-12,"H-06014, Bahria Town, Islamabad",20651
UTL006015,ثناء سید,59742-8004090-0,Muhammed Ahmad Sayyid,1960-07-12,"H-06015, F-7, Islamabad",17497
UTL006016,Zainab Malik,13817-4990451-5,Usman Malick,1978-09-04,"H-06016, Gulshan-e-Iqbal, Karachi",6914
UTL006017,Muhammad Syed,56595-8103463-7,Hamzah Syed,1997-03-21,"H-06017, Saddar, Rawalpindi",7578
UTL006018,محمد Raja,,Mohammad بلال Raja,1970-12-20,"H-06018, F-8, Islamabad",12182
UTL006019,Muhammad Hamzah راجہ,65298-2913648-0,فیصل راجہ,1998-10-24,"H-06019, Gulberg, Lahore",23920
UTL006020,Fatima ملک,60253-4360830-0,,1962-07-11,"H-06020, Madina Town, Faisalabad",25190
UTL006021,Hussein Awan,52812-4340115-5,Hamza اعوان,1997-01-01,"H-06021, DHA, Lahore",10585
UTL006022,عمران Awan,17686-4123589-0,Muhammad اعوان,1997-12-12,"H-06022, Malir, Karachi",16562
UTL006023,Mohammed ملک,,,1966-10-20,"H-06023, Peoples Colony, Faisalabad",45911
UTL006024,عثمان قریشی,94706-4302313-4,Faysal Quraishi,1965-11-25,"H-06024, F-8, Islamabad",21738
UTL006025,Ali Bhatti,,Hassan Bhatti,1970-12-01,"H-06025, DHA, Lahore",8622
UTL006026,Mohammad Ali Shaykh,85974-1246048-4,,1996-05-10,"H-06026, Satellite Town, Rawalpindi",14814
UTL006027,Mohammad Mughal,25861-1514490-7,Mohammad عمران مغل,1955-12-27,"H-06027, Madina Town, Faisalabad",43604
UTL006028,مریم Awan,54504-6457553-3,,1995-11-07,"H-06028, Peoples Colony, Faisalabad",8656
UTL006029,حمزہ Raja,,Ahmad راجہ,1987-11-02,"H-06029, F-8, Islamabad",9092
UTL006030,Aysha چوہدری,73020-6472316-0,بلال Chaudhry,1956-06-02,"H-06030, Bahria Town, Rawalpindi",5376
UTL006031,Ahmad ملک,96543-9029278-8,Mohammed حسین Malick,1977-11-15,"H-06031, Bahria Town, Rawalpindi",51935
UTL006032,Bilal Sheikh,11681-5110640-4,Ali شیخ,,"H-06032, F-8, Islamabad",3560
UTL006033,Bilal Moghul,69020-3264251-8,حمزہ Mughal,,"H-06033, Madina Town, Faisalabad",9307
UTL006034,Mohammed Moghul,20655-2170099-0,Mohammad علی مغل,1991-04-20,"H-06034, Chaklala, Rawalpindi",76760
UTL006035,Muhammed مغل,56133-8012738-7,,1991-06-21,"H-06035, Peoples Colony, Faisalabad",3716
UTL006036,Faysal راجہ,,Mohammed Hasan Raja,1965-10-05,"H-06036, Malir, Karachi",37000
UTL006037,Mohammad علی ملک,48324-4420764-3,علی ملک,1960-04-27,"H-06037, Cantt, Lahore",23953
UTL006038,Mohammad بٹ,,Hassan بٹ,1956-03-20,"H-06038, Cantt, Lahore",37346
UTL006039,Muhammed Imran Awan,,,1964-01-01,"H-06039, DHA, Lahore",152143
UTL006040,Muhammad Bilal Moghul,77035-8252662-0,Muhammad بلال Moghul,2000-03-08,"H-06040, DHA, Lahore",57454
UTL006041,حسن راجہ,49540-4875641-7,,1955-06-08,"H-06041, Chaklala, Rawalpindi",11533
UTL006042,Muhammed Hamza Sayed,14585-9223388-6,Hassan Sayyid,1995-03-11,"H-06042, DHA, Lahore",51331
UTL006043,Marium اعوان,81870-2487738-3,Faisal Awan,1961-05-05,"H-06043, Bahria Town, Islamabad",12390
UTL006044,Zainab سید,18209-6189530-3,احمد Syed,1974-01-04,"H-06044, Peoples Colony, Faisalabad",16546
UTL006045,حرا راجہ,90254-7171919-3,Muhammad حسن راجہ,,"H-06045, F-8, Islamabad",11150
UTL006046,عمران بٹ,92281-9943189-8,Othman Bhatti,1981-11-08,"H-06046, North Nazimabad, Karachi",21033
UTL006047,علی Malik,,Bilal Malick,1972-09-28,"H-06047, DHA, Lahore",54287
UTL006048,Osman Qureshi,,Mohammad Hassan Qureshi,1963-02-17,"H-06048, Peoples Colony, Faisalabad",15745
UTL006049,Mohammad Raja,77733-5688592-2,Hassan Raja,1997-06-20,"H-06049, Jaranwala Road, Faisalabad",6078
UTL006050,بلال Moghul,,احمد Mughal,1969-06-21,"H-06050, Jaranwala Road, Faisalabad",16333
UTL006051,Fatimah Shaikh,66719-4080856-6,,1978-07-04,"H-06051, G-10, Islamabad",19881
UTL006052,Fatema Chaudhry,21011-9049251-2,Hamza چوہدری,1972-12-18,"H-06052, G-10, Islamabad",66336
UTL006053,Hamzah خان,88482-5452921-8,,1961-08-08,"H-06053, Bahria Town, Islamabad",29747
UTL006054,Hira Raja,75332-1045386-6,Hamzah راجہ,1974-01-20,"H-06054, G-10, Islamabad",8817
UTL006055,Bilal خان,69665-1916123-0,حمزہ Khan,2003-02-04,"H-06055, Cantt, Lahore",14478
UTL006056,علی Ch.,98240-9528533-6,Faisal Chaudhary,1994-11-17,"H-06056, Model Town, Lahore",86389
UTL006057,Muhammad حسین Raja,93322-6214914-6,Othman Raja,1971-02-23,"H-06057, Bahria Town, Islamabad",19003
UTL006058,Ali Mughal,65639-2381452-3,عمران مغل,1966-12-04,"H-06058, Saddar, Rawalpindi",104335
UTL006059,علی Malik,66437-8438715-8,علی Malick,1968-11-19,"H-06059, Peoples Colony, Faisalabad",14862
UTL006060,Maryam Quraishi,99766-7665160-3,Muhammad Hamza قریشی,1990-08-27,"H-06060, Peoples Colony, Faisalabad",21846
UTL006061,Osman مغل,20559-9752754-9,,1999-03-10,"H-06061, Saddar, Rawalpindi",50856
UTL006062,عمران Awan,36085-4651609-7,عمران اعوان,1984-05-15,"H-06062, Malir, Karachi",30362
UTL006063,Hira Choudhary,78012-2836339-3,Bilal Ch.,1959-06-22,"H-06063, Johar Town, Lahore",9790
UTL006064,Bilal Butt,61354-3237956-0,Muhammad Ali بٹ,1998-09-05,"H-06064, Malir, Karachi",33703
UTL006065,زینب مغل,63564-4046973-4,Ahmed Moghul,1996-04-25,"H-06065, Bahria Town, Islamabad",16877
UTL006066,علی Choudhary,96554-2408453-4,علی Ch.,1960-06-17,"H-06066, Gulshan-e-Iqbal, Karachi",11524
UTL006067,Osman ملک,50101-4653913-8,علی Malick,1977-01-02,"H-06067, F-8, Islamabad",77638
UTL006068,حرا Moghul,14673-6849348-1,Muhammed مغل,,"H-06068, Madina Town, Faisalabad",24796
UTL006069,فیصل Shaikh,,,,"H-06069, Madina Town, Faisalabad",35924
UTL006070,Muhammed حمزہ Khan,68437-9093098-1,Mohammed Hussain Khan,1993-08-13,"H-06070, Saddar, Rawalpindi",14463
UTL006071,حمزہ خان,50957-3906103-2,حسن خان,,"H-06071, Gulberg, Lahore",52555
UTL006072,Muhammed Ahmed ملک,14721-7125964-2,Hussain Malick,1975-10-13,"H-06072, Saddar, Rawalpindi",9148
UTL006073,Muhammad حمزہ Malick,14982-5838485-0,Ali ملک,1983-01-21,"H-06073, Bahria Town, Rawalpindi",142039
UTL006074,Muhammad عثمان Shaykh,89678-9217863-1,حمزہ Shaikh,1988-07-24,"H-06074, DHA, Karachi",39835
UTL006075,حرا ملک,41556-8092579-8,Muhammad عمران Malick,1980-05-22,"H-06075, E-11, Islamabad",9658
UTL006076,حسین Quraishi,17689-7957011-2,عمران Quraishi,1977-04-13,"H-06076, Satellite Town, Rawalpindi",18105
UTL006077,Zainab Mughal,92486-2126451-8,Hamza Moghul,1959-02-27,"H-06077, Cantt, Lahore",20555
UTL006078,Fatima Qureshi,25366-4899638-3,Mohammed احمد Quraishi,1960-12-05,"H-06078, F-8, Islamabad",26557
UTL006079,Hira خان,51945-6193742-7,Mohammad Imran Khan,1968-10-24,"H-06079, Chaklala, Rawalpindi",6880
UTL006080,Hussain Mughal,12372-5010711-0,Muhammad حسن مغل,1969-08-19,"H-06080, Saddar, Rawalpindi",42751
UTL006081,Aisha Raja,31079-8764895-6,Hamza راجہ,1958-07-09,"H-06081, F-7, Islamabad",8179
UTL006082,Muhammad Qureshi,65794-2456153-4,Mohammad قریشی,1979-10-24,"H-06082, Satellite Town, Rawalpindi",42103
UTL006083,Muhammad Hussein Shaikh,38164-6832575-7,Hussain Shaikh,,"H-06083, Peoples Colony, Faisalabad",10614
UTL006084,زینب Butt,19792-5084295-8,Muhammad عمران بٹ,1963-06-18,"H-06084, G-10, Islamabad",4810
UTL006085,Othman قریشی,,,,"H-06085, Johar Town, Lahore",10451
UTL006086,ثناء مغل,15872-5738481-3,,1999-02-02,"H-06086, Jaranwala Road, Faisalabad",23911
UTL006087,Othman مغل,70498-7759305-1,Hussein Mughal,1955-11-09,"H-06087, F-7, Islamabad",6942
UTL006088,بلال Mughal,41644-4781067-8,علی Moghul,1961-01-20,"H-06088, Malir, Karachi",9845
UTL006089,Ahmad Bhatti,78895-3313369-1,Bilal Bhatti,1990-06-01,"H-06089, Jaranwala Road, Faisalabad",14759
UTL006090,Hamza مغل,78276-4686912-6,حسین Moghul,1980-10-01,"H-06090, Cantt, Lahore",14280
UTL006091,Hira Malik,,Hasan Malik,1988-12-05,"H-06091, North Nazimabad, Karachi",54241
UTL006092,عمران Shaykh,59021-4555051-7,,1975-11-16,"H-06092, Gulberg, Lahore",39442
UTL006093,Muhammad Othman Moghul,,,1983-03-02,"H-06093, Model Town, Lahore",6813
UTL006094,مریم Syed,81666-9462475-7,Mohammad Ahmed سید,1967-01-17,"H-06094, Satellite Town, Rawalpindi",4068
UTL006095,فیصل اعوان,15165-7573600-6,,1963-10-11,"H-06095, DHA, Lahore",10409
UTL006096,Zaynab اعوان,86817-5066680-6,,1995-01-14,"H-06096, Bahria Town, Islamabad",6217
UTL006097,Zainab خان,,,1971-04-18,"H-06097, Clifton, Karachi",22363
UTL006098,عثمان Chaudhry,,,1968-06-22,"H-06098, Gulshan-e-Iqbal, Karachi",15013
UTL006099,Imran Butt,53039-7671361-1,Hussein Butt,1959-12-15,"H-06099, Model Town, Lahore",7749
UTL006100,Marium خان,35983-4135949-5,حمزہ خان,1998-10-17,"H-06100, North Nazimabad, Karachi",15301
UTL006101,ثناء Quraishi,29587-5379464-6,Faysal Quraishi,1967-11-14,"H-06101, Model Town, Lahore",17127
UTL006102,عثمان Moghul,,Faisal مغل,1970-10-26,"H-06102, Madina Town, Faisalabad",22190
UTL006103,عمران Butt,,Mohammad Hamzah Bhatti,2000-05-27,"H-06103, Gulberg, Lahore",36719
UTL006104,Faysal Qureshi,30445-7760001-9,Usman Qureshi,1964-10-25,"H-06104, Clifton, Karachi",30534
UTL006105,Mohammed احمد خان,80594-7405974-8,Osman Khan,1963-02-22,"H-06105, Bahria Town, Rawalpindi",18395
UTL006106,Usman Mughal,36513-4076363-5,,1956-11-25,"H-06106, DHA, Karachi",9601
UTL006107,Hussain Raja,46599-4513671-0,علی راجہ,1976-10-11,"H-06107, Gulberg, Lahore",16485
UTL006108,حمزہ Choudhary,89372-9192522-4,Muhammed Ali Ch.,1995-07-01,"H-06108, Madina Town, Faisalabad",24892
UTL006109,Mohammed شیخ,,,,"H-06109, Bahria Town, Rawalpindi",65901
UTL006110,Muhammed Faysal قریشی,70937-3711704-0,Hamza Quraishi,1958-04-14,"H-06110, Saddar, Rawalpindi",4961
UTL006111,Hamzah Ch.,16293-2613912-5,Muhammad علی Choudhary,1985-08-07,"H-06111, Bahria Town, Rawalpindi",20581
UTL006112,Mohammad Ahmed Raja,81600-9296136-8,فیصل راجہ,1956-06-05,"H-06112, G-10, Islamabad",25509
UTL006113,Husain خان,18000-3817808-5,Usman خان,1988-08-17,"H-06113, Madina Town, Faisalabad",26709
UTL006114,احمد Choudhary,30516-1523237-3,Hamzah Chaudhry,2003-04-21,"H-06114, Clifton, Karachi",43564
UTL006115,Muhammed Hasan Chaudhry,22573-8005082-4,حمزہ Ch.,1989-12-12,"H-06115, F-7, Islamabad",6377
UTL006116,Ayesha Mughal,75469-2158690-9,Muhammed عمران Mughal,1979-06-17,"H-06116, Gulberg, Lahore",6349
UTL006117,Ahmed Butt,44100-2768925-9,حسن Butt,1966-03-28,"H-06117, Chaklala, Rawalpindi",109963
UTL006118,Ayesha Quraishi,13897-2335311-9,Ahmad Quraishi,1983-08-20,"H-06118, Model Town, Lahore",33264
UTL006119,Muhammed Bhatti,,علی Butt,1975-01-03,"H-06119, Saddar, Rawalpindi",40352
UTL006120,فیصل ملک,81619-8624955-9,Mohammed Ali Malik,1967-10-26,"H-06120, Chaklala, Rawalpindi",16078
UTL006121,Hussein Butt,70826-1319281-6,Bilal بٹ,1958-12-12,"H-06121, Saddar, Rawalpindi",46274
UTL006122,Muhammed Ali Awan,83064-5132860-1,احمد اعوان,1965-12-28,"H-06122, Cantt, Lahore",16900
UTL006123,Ali Malick,,محمد ملک,1962-07-05,"H-06123, Jaranwala Road, Faisalabad",14661
UTL006124,Muhammad Hussein Qureshi,89730-7901843-1,Hasan Quraishi,1986-01-08,"H-06124, Malir, Karachi",9030
UTL006125,Mohammed فیصل اعوان,39457-3044216-5,Muhammed Awan,1963-11-15,"H-06125, Peoples Colony, Faisalabad",4477
UTL006126,Mohammed Faysal Chaudhry,25183-2698288-6,Muhammad Othman Choudhary,1972-06-19,"H-06126, Jaranwala Road, Faisalabad",15980
UTL006127,Fatima Khan,51446-3199905-7,Faisal خان,,"H-06127, Jaranwala Road, Faisalabad",156269
UTL006128,Usman خان,34917-4683578-0,Muhammad Ali Khan,1958-07-25,"H-06128, Madina Town, Faisalabad",20142
UTL006129,Mohammad Qureshi,17036-6650405-2,Mohammed عمران Qureshi,1962-04-09,"H-06129, Cantt, Lahore",229988
UTL006130,Hamzah قریشی,28980-7328572-6,Muhammad احمد قریشی,1957-04-18,"H-06130, Gulberg, Lahore",22975
UTL006131,Fatema خان,,Osman Khan,1959-04-02,"H-06131, F-7, Islamabad",43498
UTL006132,Fatima Moghul,97229-7839853-4,Faisal Moghul,1986-08-01,"H-06132, F-8, Islamabad",5824
UTL006133,Bilal Shaykh,57096-6545092-2,Hamza Shaikh,1971-03-28,"H-06133, Gulshan-e-Iqbal, Karachi",63741
UTL006134,Faysal Quraishi,84356-6108450-1,Muhammed Faysal Qureshi,2001-01-09,"H-06134, Chaklala, Rawalpindi",26569
UTL006135,Bilal Quraishi,78959-3457774-9,علی قریشی,1974-01-21,"H-06135, E-11, Islamabad",25914
UTL006136,Maryam Sayyid,,Muhammad Syed,,"H-06136, DHA, Karachi",33891
UTL006137,Muhammad Syed,15169-3565038-0,Hasan سید,,"H-06137, North Nazimabad, Karachi",44415
UTL006138,Ali Malik,,Hussein ملک,1974-06-01,"H-06138, Bahria Town, Rawalpindi",38523
UTL006139,حمزہ راجہ,22772-6312434-5,,,"H-06139, Jaranwala Road, Faisalabad",7063
UTL006140,زینب ملک,51827-9390745-0,,2002-05-05,"H-06140, F-8, Islamabad",6402
UTL006141,Hamzah Ch.,11450-2781151-4,عثمان Chaudhary,1966-04-06,"H-06141, Saddar, Rawalpindi",15185
UTL006142,Husain Sheikh,,Muhammad حسن Shaykh,2000-10-11,"H-06142, Gulshan-e-Iqbal, Karachi",7802
UTL006143,Hamza ملک,63802-8231663-0,Faysal Malick,,"H-06143, Peoples Colony, Faisalabad",7361
UTL006144,حسن Ch.,42390-4273753-6,Mohammad Ch.,1977-12-16,"H-06144, DHA, Lahore",10936
UTL006145,Fatimah Malik,98124-7925771-7,Bilal Malick,1998-03-08,"H-06145, Gulshan-e-Iqbal, Karachi",7023
UTL006146,Mohammed Bilal چوہدری,59362-2302054-8,محمد چوہدری,1967-01-26,"H-06146, DHA, Karachi",11649
UTL006147,ثناء بٹ,37679-5741601-0,Muhammed Othman بٹ,1973-08-12,"H-06147, Johar Town, Lahore",15160
UTL006148,ثناء Raja,34562-2212176-8,Muhammad Ahmed راجہ,,"H-06148, Gulberg, Lahore",102342
UTL006149,Hamzah اعوان,,Muhammad Hamzah اعوان,1984-11-26,"H-06149, DHA, Karachi",10551
UTL006150,Maryam راجہ,,احمد راجہ,1964-02-23,"H-06150, Bahria Town, Islamabad",12199
UTL006151,Hussain بٹ,59492-7039044-7,Muhammad حسین Bhatti,1968-08-11,"H-06151, Gulshan-e-Iqbal, Karachi",60500
UTL006152,Mohammed Husain Raja,20065-2953665-8,محمد Raja,1961-03-20,"H-06152, Clifton, Karachi",8329
UTL006153,عمران Bhatti,68646-4174410-5,,1979-05-02,"H-06153, G-10, Islamabad",16925
UTL006154,Muhammad فیصل Malick,15440-5440861-6,Usman ملک,1964-08-10,"H-06154, DHA, Lahore",34747
UTL006155,Mohammad Bilal Bhatti,,Muhammed Faisal Butt,1958-04-17,"H-06155, G-10, Islamabad",206396
UTL006156,علی Moghul,,حسن Mughal,,"H-06156, E-11, Islamabad",24328
UTL006157,Faisal Qureshi,,علی Quraishi,1964-08-24,"H-06157, DHA, Karachi",24182
UTL006158,Muhammad عمران بٹ,21060-2460873-8,Hamzah بٹ,1999-05-06,"H-06158, Model Town, Lahore",15698
UTL006159,Imran Chaudhary,32455-9096279-5,Hamza Chaudhary,1956-04-10,"H-06159, Clifton, Karachi",55775
UTL006160,عائشہ Raja,80099-7198276-4,Hassan راجہ,1980-03-21,"H-06160, Gulshan-e-Iqbal, Karachi",25999
UTL006161,Imran Malick,34843-2945606-7,Mohammed عمران Malick,1975-03-19,"H-06161, Peoples Colony, Faisalabad",39951
UTL006162,بلال Raja,,Muhammed احمد راجہ,1986-12-22,"H-06162, F-7, Islamabad",16981
UTL006163,ثناء Shaikh,31069-1838740-0,,1994-02-13,"H-06163, Chaklala, Rawalpindi",33845
UTL006164,Ahmad Malik,14399-6033654-0,Hussain ملک,2000-08-18,"H-06164, Malir, Karachi",61522
UTL006165,Fatema Awan,16460-7268542-2,احمد اعوان,,"H-06165, Bahria Town, Islamabad",21375
UTL006166,Muhammad Awan,73312-1942461-1,بلال اعوان,1998-04-04,"H-06166, Cantt, Lahore",40986
UTL006167,محمد اعوان,86260-7636635-7,Bilal اعوان,1986-12-09,"H-06167, Saddar, Rawalpindi",15303
UTL006168,بلال Bhatti,82014-9783925-8,Husain Butt,1995-05-09,"H-06168, Peoples Colony, Faisalabad",4661
UTL006169,عثمان Khan,76464-9575479-6,,1977-04-17,"H-06169, Bahria Town, Islamabad",9178
UTL006170,Muhammed Othman Malik,53240-3978128-7,بلال ملک,1981-08-08,"H-06170, Johar Town, Lahore",18194
UTL006171,عثمان بٹ,,,1960-03-13,"H-06171, Malir, Karachi",5196
UTL006172,ثناء Qureshi,,عمران Qureshi,1998-06-14,"H-06172, Malir, Karachi",7289
UTL006173,Mariam Malik,58138-7517699-8,Imran Malik,1966-07-23,"H-06173, Gulshan-e-Iqbal, Karachi",12781
UTL006174,Ali چوہدری,34223-9900502-8,حمزہ Choudhary,,"H-06174, Bahria Town, Islamabad",4291
UTL006175,Muhammed Bilal Sheikh,52925-9961811-6,Ahmad شیخ,1987-03-04,"H-06175, Bahria Town, Rawalpindi",4784
UTL006176,Mohammed Imran Awan,64116-2906961-5,Hussein Awan,1984-02-26,"H-06176, F-8, Islamabad",21921
UTL006177,Fatima Awan,92657-4214306-3,Ali Awan,1957-01-14,"H-06177, E-11, Islamabad",19876
UTL006178,Mohammed Bilal راجہ,30376-8878461-4,,1955-03-28,"H-06178, Peoples Colony, Faisalabad",7885
UTL006179,Usman Sheikh,,Faysal Shaykh,1982-04-26,"H-06179, Model Town, Lahore",28839
UTL006180,بلال Khan,86442-2187352-6,Faisal خان,1988-02-11,"H-06180, Chaklala, Rawalpindi",14010
UTL006181,Faysal Sayed,,Muhammed Sayyid,1973-03-09,"H-06181, Gulshan-e-Iqbal, Karachi",37850
UTL006182,Mohammad Bilal Quraishi,86173-4509428-3,حسن Qureshi,1976-08-03,"H-06182, Jaranwala Road, Faisalabad",12944
UTL006183,Mohammad Hassan Raja,,,,"H-06183, Bahria Town, Islamabad",7881
UTL006184,Sana اعوان,13183-3329644-7,Hamzah Awan,2002-02-10,"H-06184, Cantt, Lahore",14038
UTL006185,بلال Butt,75172-2680074-7,Mohammad Hasan Butt,1982-02-17,"H-06185, North Nazimabad, Karachi",159606
UTL006186,حرا قریشی,57644-3706584-7,بلال Quraishi,1973-03-21,"H-06186, Model Town, Lahore",57134
UTL006187,Ahmad راجہ,32132-6469375-4,Muhammed Imran Raja,1996-06-05,"H-06187, North Nazimabad, Karachi",37619
UTL006188,Ali ملک,50785-8090592-3,حسن Malick,1970-09-04,"H-06188, Bahria Town, Islamabad",46768
UTL006189,Muhammed علی اعوان,23272-8834019-7,محمد اعوان,1979-10-21,"H-06189, Saddar, Rawalpindi",5513
UTL006190,حسن اعوان,88563-4962996-6,Muhammad حسن Awan,,"H-06190, DHA, Karachi",30520
UTL006191,Hira قریشی,93945-4633270-6,,1982-03-19,"H-06191, Gulshan-e-Iqbal, Karachi",25325
UTL006192,عثمان Bhatti,,علی Bhatti,1980-08-04,"H-06192, F-8, Islamabad",10965
UTL006193,محمد Bhatti,97637-9511416-3,,1983-04-11,"H-06193, Satellite Town, Rawalpindi",22868
UTL006194,Hamzah Moghul,17785-8905306-6,Imran Moghul,1977-07-09,"H-06194, Chaklala, Rawalpindi",6975
UTL006195,Osman Quraishi,42356-5250957-8,عمران قریشی,1979-10-11,"H-06195, Madina Town, Faisalabad",14371
UTL006196,علی Shaykh,68099-8078739-4,Mohammad Bilal Shaykh,1978-04-03,"H-06196, North Nazimabad, Karachi",14581
UTL006197,حرا Qureshi,,Hamza قریشی,1971-03-27,"H-06197, Peoples Colony, Faisalabad",23782
UTL006198,Ali راجہ,41228-8895724-0,حسن Raja,1984-06-06,"H-06198, Model Town, Lahore",8008
UTL006199,ثناء Quraishi,39898-2087771-6,Faisal قریشی,1961-04-20,"H-06199, Chaklala, Rawalpindi",10551
UTL006200,Muhammed Hasan Sheikh,62001-2479398-6,,1994-09-09,"H-06200, Satellite Town, Rawalpindi",11283
UTL006201,Muhammed حمزہ Shaikh,,Hamzah شیخ,1974-09-04,"H-06201, Model Town, Lahore",6104
UTL006202,Husain Syed,39737-9618327-1,عمران Sayed,,"H-06202, Malir, Karachi",9706
UTL006203,عائشہ Mughal,42749-7624007-0,,2000-08-18,"H-06203, Jaranwala Road, Faisalabad",14505
UTL006204,Muhammad فیصل چوہدری,62595-2644246-7,Hamza Chaudhary,1966-04-17,"H-06204, F-7, Islamabad",7955
UTL006205,Ahmad چوہدری,66419-6695714-7,Mohammad فیصل Chaudhry,1981-12-18,"H-06205, Bahria Town, Islamabad",39333
UTL006206,علی Sheikh,22984-9167023-3,علی Shaykh,1990-02-11,"H-06206, F-7, Islamabad",11181
UTL006207,Husain Chaudhary,,Husain چوہدری,1955-12-01,"H-06207, Clifton, Karachi",21504
UTL006208,Mohammed Hassan Awan,,Faysal اعوان,1978-09-15,"H-06208, Madina Town, Faisalabad",28473
UTL006209,Bilal Khan,44650-1671058-5,Ahmad خان,1967-01-02,"H-06209, Bahria Town, Rawalpindi",25683
UTL006210,Hasan Shaykh,76551-3859854-3,Mohammad Hassan Shaykh,,"H-06210, Saddar, Rawalpindi",4070
UTL006211,حرا راجہ,,احمد Raja,1973-05-27,"H-06211, Malir, Karachi",15612
UTL006212,Mohammed عثمان شیخ,63151-1820021-2,Mohammad Hasan Shaikh,1997-11-06,"H-06212, Gulshan-e-Iqbal, Karachi",7960
UTL006213,Zaynab سید,64408-3224724-7,Ahmed سید,,"H-06213, Peoples Colony, Faisalabad",4208
UTL006214,Hamza Khan,86184-8579608-9,Hamza خان,1989-12-01,"H-06214, Model Town, Lahore",18182
UTL006215,احمد Awan,71773-4755594-9,Hasan Awan,1982-10-08,"H-06215, Peoples Colony, Faisalabad",23203
UTL006216,Hamza Shaikh,16731-4455054-5,Ali Shaykh,1962-01-10,"H-06216, Clifton, Karachi",7701
UTL006217,Muhammed احمد Bhatti,,Hassan بٹ,1970-02-07,"H-06217, Saddar, Rawalpindi",16974
UTL006218,حسین Moghul,52406-3283971-4,Faysal مغل,,"H-06218, Gulberg, Lahore",102977
UTL006219,Ahmed اعوان,82859-6578207-1,Muhammed اعوان,1970-11-01,"H-06219, Bahria Town, Rawalpindi",35875
UTL006220,بلال بٹ,13331-4521998-9,Hamza Bhatti,2003-11-13,"H-06220, Gulshan-e-Iqbal, Karachi",6661
UTL006221,Muhammed بلال مغل,42063-9452006-9,Ahmad Mughal,,"H-06221, Gulshan-e-Iqbal, Karachi",27130
UTL006222,Ali خان,,,1975-01-03,"H-06222, Bahria Town, Rawalpindi",9349
UTL006223,Marium بٹ,,Usman Butt,1979-09-27,"H-06223, Gulshan-e-Iqbal, Karachi",8117
UTL006224,Hassan Malik,,Husain Malick,1992-04-20,"H-06224, F-8, Islamabad",10229
UTL006225,علی Chaudhry,62620-5063495-4,حمزہ چوہدری,1965-07-06,"H-06225, Bahria Town, Islamabad",14282
UTL006226,Ayesha Moghul,22391-6056664-5,,1983-11-15,"H-06226, Cantt, Lahore",8844
UTL006227,عمران Awan,,Hussain Awan,1988-01-01,"H-06227, Model Town, Lahore",45427
UTL006228,Hussein Khan,,Bilal خان,1978-02-16,"H-06228, Chaklala, Rawalpindi",19159
UTL006229,Mohammed Hassan Shaikh,,Osman شیخ,2002-06-14,"H-06229, Madina Town, Faisalabad",25534
UTL006230,Muhammad Khan,90859-1019095-3,,1966-05-01,"H-06230, Gulshan-e-Iqbal, Karachi",20422
UTL006231,Imran Chaudhry,60617-5530592-4,Muhammad عثمان Choudhary,1979-07-07,"H-06231, F-8, Islamabad",9305
UTL006232,Muhammed بلال Syed,,Faysal Syed,1972-01-13,"H-06232, Peoples Colony, Faisalabad",15605
UTL006233,Hussein Sayyid,53440-8769142-1,Hamzah Sayyid,,"H-06233, F-7, Islamabad",89682
UTL006234,Muhammad Shaykh,36562-5660838-9,Mohammed Ali Sheikh,1989-05-26,"H-06234, Jaranwala Road, Faisalabad",6197
UTL006235,Hamza Butt,,عمران بٹ,1956-04-23,"H-06235, Cantt, Lahore",8820
UTL006236,Mohammed Husain خان,,Muhammed Bilal خان,1988-10-16,"H-06236, DHA, Karachi",8910
UTL006237,Zaynab مغل,49514-3253928-2,Mohammad احمد Mughal,1980-10-14,"H-06237, Chaklala, Rawalpindi",9735
UTL006238,Imran Sayyid,86475-8613784-9,Hassan Sayed,1973-09-28,"H-06238, Peoples Colony, Faisalabad",8642
UTL006239,Muhammad Osman اعوان,97284-4348559-1,Osman Awan,1963-11-13,"H-06239, Gulberg, Lahore",15092
UTL006240,Sana Bhatti,51024-8671065-5,Muhammad Imran Bhatti,1962-01-02,"H-06240, Madina Town, Faisalabad",9835
UTL006241,Hamzah Qureshi,44225-7228108-7,حسن Quraishi,1985-11-19,"H-06241, Clifton, Karachi",9894
UTL006242,عمران Khan,10540-4736995-2,Imran Khan,1986-11-25,"H-06242, Clifton, Karachi",5397
UTL006243,حرا Malick,29649-3233079-5,,1993-12-04,"H-06243, Bahria Town, Rawalpindi",184519
UTL006244,Hamzah Ch.,29068-4091139-3,علی چوہدری,1980-01-03,"H-06244, Gulberg, Lahore",20817
UTL006245,Mohammad Bilal مغل,37008-3803321-0,فیصل Mughal,1991-11-03,"H-06245, Jaranwala Road, Faisalabad",48249
UTL006246,Muhammed عمران چوہدری,,Muhammed عمران Choudhary,1972-06-13,"H-06246, Jaranwala Road, Faisalabad",22530
UTL006247,فاطمہ Awan,72858-4303317-0,,2000-12-07,"H-06247, Peoples Colony, Faisalabad",4626
UTL006248,عمران Bhatti,20420-5507363-6,,1969-04-21,"H-06248, Satellite Town, Rawalpindi",7680
UTL006249,Faysal Shaikh,77993-1665820-1,عمران Sheikh,1968-03-16,"H-06249, Clifton, Karachi",37176
UTL006250,Ahmad Syed,93713-9016756-4,Hasan سید,1971-02-18,"H-06250, Peoples Colony, Faisalabad",17637
UTL006251,Hamza سید,58994-2020699-2,Muhammed Ahmad Syed,1987-07-09,"H-06251, F-7, Islamabad",40260
UTL006252,Ahmad Mughal,57834-2416726-7,بلال Moghul,2003-04-17,"H-06252, F-7, Islamabad",14502
UTL006253,Muhammad Imran قریشی,92671-4741359-0,,1964-06-08,"H-06253, F-7, Islamabad",32268
UTL006254,Hassan مغل,,Muhammed مغل,1955-11-14,"H-06254, Bahria Town, Rawalpindi",11135
UTL006255,Ali Khan,28630-7079838-9,Muhammad Hamza Khan,1970-10-27,"H-06255, Madina Town, Faisalabad",12401
UTL006256,Ayesha Khan,,Muhammad Khan,1969-03-06,"H-06256, Saddar, Rawalpindi",9295
UTL006257,Othman Butt,,,1982-12-28,"H-06257, Gulberg, Lahore",18740
UTL006258,Bilal Awan,,Mohammed حسن اعوان,1987-03-09,"H-06258, F-7, Islamabad",6991
UTL006259,Muhammad علی Ch.,,عمران Chaudhry,1971-04-19,"H-06259, Jaranwala Road, Faisalabad",21106
UTL006260,Muhammed فیصل مغل,90113-4192025-9,Muhammed Ahmad مغل,1955-06-04,"H-06260, Saddar, Rawalpindi",29801
UTL006261,عائشہ Khan,,Osman خان,,"H-06261, Madina Town, Faisalabad",7713
UTL006262,Osman Ch.,90877-3863007-8,حسن Chaudhary,1996-06-08,"H-06262, DHA, Lahore",6538
UTL006263,Muhammed ملک,99472-9932997-0,Mohammad Malik,2001-07-09,"H-06263, F-8, Islamabad",40603
UTL006264,Usman اعوان,98635-4103409-4,بلال Awan,,"H-06264, Bahria Town, Rawalpindi",8377
UTL006265,عمران Mughal,79224-7906075-8,Muhammed مغل,1961-03-23,"H-06265, Bahria Town, Rawalpindi",13232
UTL006266,Muhammed Khan,68466-7758294-4,Muhammad Ali Khan,2002-05-20,"H-06266, G-10, Islamabad",8286
UTL006267,Muhammed عمران Malik,30261-6658647-5,Mohammed Ahmad Malik,1965-07-13,"H-06267, Madina Town, Faisalabad",64586
UTL006268,Hamza Raja,,Ahmed راجہ,,"H-06268, Johar Town, Lahore",4003
UTL006269,Maryam Khan,86825-7749707-3,,1981-06-28,"H-06269, Gulberg, Lahore",86809
UTL006270,Muhammed بٹ,50907-2624331-7,Bilal بٹ,1955-11-22,"H-06270, Clifton, Karachi",4253
UTL006271,Hasan اعوان,91714-4633289-8,Bilal Awan,1974-01-09,"H-06271, Satellite Town, Rawalpindi",11525
UTL006272,Muhammad Raja,,بلال Raja,1967-06-23,"H-06272, Satellite Town, Rawalpindi",27044
UTL006273,Hasan خان,26967-7503446-9,Hussein خان,1962-06-08,"H-06273, Clifton, Karachi",7734
UTL006274,Muhammad Hasan Malick,11677-6816392-0,Faysal Malick,1990-03-05,"H-06274, Peoples Colony, Faisalabad",43635
UTL006275,عثمان مغل,33700-5609494-0,Imran Mughal,1973-11-01,"H-06275, Gulberg, Lahore",27299
UTL006276,Mohammed عمران Choudhary,,علی Chaudhary,1975-11-25,"H-06276, F-7, Islamabad",24083
UTL006277,Muhammed Shaykh,35778-4535591-2,Mohammed علی شیخ,1985-07-28,"H-06277, Madina Town, Faisalabad",13843
UTL006278,احمد Mughal,52840-9397161-0,,,"H-06278, Malir, Karachi",6989
UTL006279,Muhammad علی Mughal,65610-7770048-3,Ahmed Moghul,1988-11-01,"H-06279, Jaranwala Road, Faisalabad",9728
UTL006280,فیصل Awan,,,,"H-06280, Saddar, Rawalpindi",9646
UTL006281,Imran راجہ,40923-8849848-7,Mohammed Othman راجہ,1970-04-12,"H-06281, Bahria Town, Islamabad",13171
UTL006282,Muhammad مغل,35329-3845138-4,,1967-12-11,"H-06282, F-8, Islamabad",27483
UTL006283,Muhammed Hussain Choudhary,91156-1336438-2,Osman Chaudhry,1972-08-24,"H-06283, Cantt, Lahore",7274
UTL006284,ثناء خان,42914-6188432-8,Osman Khan,,"H-06284, Satellite Town, Rawalpindi",4307
UTL006285,ثناء Moghul,,Ahmad Mughal,1964-08-25,"H-06285, Johar Town, Lahore",22842
UTL006286,Imran Chaudhry,61828-4797998-7,Muhammed چوہدری,1999-11-24,"H-06286, Saddar, Rawalpindi",9580
UTL006287,Hira Qureshi,45770-2497740-4,Ali Qureshi,1969-12-18,"H-06287, Gulshan-e-Iqbal, Karachi",5065
UTL006288,Mohammad Mughal,39459-3854300-2,Usman Moghul,1987-02-09,"H-06288, F-7, Islamabad",11720
UTL006289,Mohammad Malick,13258-6776511-0,Hussein Malick,2001-05-24,"H-06289, North Nazimabad, Karachi",15698
UTL006290,Zaynab قریشی,14581-9854763-1,Mohammad قریشی,1995-12-13,"H-06290, Jaranwala Road, Faisalabad",14789
UTL006291,Othman Malick,28769-7691407-3,Hussain Malick,2000-05-12,"H-06291, Peoples Colony, Faisalabad",9614
UTL006292,Hussein Awan,51452-9966793-4,Muhammed Usman اعوان,1992-08-05,"H-06292, Bahria Town, Rawalpindi",10679
UTL006293,Ahmad سید,28345-8178695-8,Mohammad Hussain Sayed,1998-10-14,"H-06293, DHA, Karachi",13856
UTL006294,Hira Malick,16244-3225324-9,Hamzah Malik,1980-04-15,"H-06294, Madina Town, Faisalabad",25607
UTL006295,حمزہ مغل,23591-4178256-6,بلال Moghul,1983-02-03,"H-06295, F-8, Islamabad",8334
UTL006296,Muhammed Osman شیخ,39766-7673860-2,Faisal Shaykh,1996-02-18,"H-06296, Cantt, Lahore",6003
UTL006297,Zaynab مغل,,Mohammad Osman Moghul,1961-04-03,"H-06297, Johar Town, Lahore",43213
UTL006298,Fatima Khan,36939-9796781-9,Hussain خان,1985-11-15,"H-06298, Saddar, Rawalpindi",41229
UTL006299,Mohammad Awan,55302-5129123-9,,1972-02-04,"H-06299, Peoples Colony, Faisalabad",90316
UTL006300,Zaynab سید,52495-1822112-6,,1980-08-23,"H-06300, Cantt, Lahore",5337
UTL006301,زینب اعوان,54631-7216928-0,Mohammed Hasan اعوان,1985-06-01,"H-06301, F-7, Islamabad",8881
UTL006302,Aisha Quraishi,,Imran Qureshi,1983-11-03,"H-06302, E-11, Islamabad",30914
UTL006303,Hira Sheikh,41096-7067236-7,Bilal Shaykh,1988-06-14,"H-06303, Peoples Colony, Faisalabad",57347
UTL006304,حسن Moghul,87486-2030678-9,Othman Mughal,1973-08-03,"H-06304, Jaranwala Road, Faisalabad",21044
UTL006305,Mohammad احمد Sayyid,73959-5743444-4,,,"H-06305, Peoples Colony, Faisalabad",48463
UTL006306,Mohammad احمد Sayed,,Hussain Sayyid,1968-06-24,"H-06306, DHA, Karachi",25039
UTL006307,Ahmad Khan,97719-8904921-0,حمزہ خان,1995-07-01,"H-06307, Malir, Karachi",4382
UTL006308,Osman Ch.,95834-8685350-3,Hussein Ch.,1960-06-05,"H-06308, DHA, Karachi",27037
UTL006309,Muhammad احمد شیخ,42211-4369161-0,Faisal Sheikh,1973-04-26,"H-06309, Madina Town, Faisalabad",74513
UTL006310,عمران Awan,69498-5987605-1,علی اعوان,2001-07-01,"H-06310, F-8, Islamabad",23705
UTL006311,Hira Awan,99607-9605904-6,Ahmed اعوان,1988-10-21,"H-06311, G-10, Islamabad",18832
UTL006312,Ali Khan,48589-9992901-8,Mohammad Hamza Khan,1987-03-22,"H-06312, Bahria Town, Rawalpindi",32521
UTL006313,Usman چوہدری,51675-3504880-2,Muhammad Chaudhary,1975-04-26,"H-06313, Chaklala, Rawalpindi",9884
UTL006314,Muhammad حسن خان,23422-6773230-7,Ahmad خان,1980-02-20,"H-06314, Model Town, Lahore",20679
UTL006315,فاطمہ Chaudhary,96067-5844341-4,,1989-06-22,"H-06315, Madina Town, Faisalabad",117236
UTL006316,Hasan Raja,18750-5366127-6,Hassan راجہ,,"H-06316, Model Town, Lahore",33766
UTL006317,Husain Awan,10247-8140896-9,حسن اعوان,2000-11-10,"H-06317, Bahria Town, Rawalpindi",19497
UTL006318,Fatima Awan,,Mohammad Ahmed Awan,1985-05-07,"H-06318, Clifton, Karachi",14080
UTL006319,Hamzah Shaykh,,Othman Shaikh,1990-09-11,"H-06319, Model Town, Lahore",17377
UTL006320,فیصل Malik,17347-3862842-6,Muhammed Hassan Malik,1992-11-02,"H-06320, DHA, Karachi",58577
UTL006321,Faisal مغل,40540-5566001-8,Mohammed عمران مغل,1970-05-01,"H-06321, Malir, Karachi",39649
UTL006322,حرا خان,18602-9944319-7,علی Khan,,"H-06322, Satellite Town, Rawalpindi",11455
UTL006323,Imran راجہ,52470-5197702-4,Bilal Raja,1997-10-10,"H-06323, DHA, Lahore",5439
UTL006324,فیصل Awan,29508-6442146-7,حمزہ Awan,1992-12-17,"H-06324, F-8, Islamabad",8859
UTL006325,Ahmed بٹ,,,1965-02-07,"H-06325, F-8, Islamabad",15533
UTL006326,Ahmad Moghul,,Mohammad Ali مغل,1980-08-06,"H-06326, Cantt, Lahore",16437
UTL006327,Muhammad Faysal Bhatti,22967-5745041-7,Mohammed Usman بٹ,1979-03-19,"H-06327, Johar Town, Lahore",15673
UTL006328,Usman قریشی,79711-5313169-4,Husain قریشی,2000-07-20,"H-06328, DHA, Lahore",12869
UTL006329,Osman Syed,74050-2656786-6,Imran سید,1996-09-02,"H-06329, Model Town, Lahore",23265
UTL006330,Aysha Khan,66921-7583688-5,,1957-07-12,"H-06330, Jaranwala Road, Faisalabad",137953
UTL006331,Usman سید,,Mohammed Hamza Sayyid,1962-05-28,"H-06331, F-7, Islamabad",14942
UTL006332,Osman بٹ,21251-4208969-7,Ahmad Butt,1987-04-23,"H-06332, Model Town, Lahore",19711
UTL006333,حرا Moghul,30112-2710201-0,Imran Moghul,1957-08-15,"H-06333, Madina Town, Faisalabad",10113
UTL006334,Imran Qureshi,88511-2437078-9,علی Quraishi,1987-10-22,"H-06334, Jaranwala Road, Faisalabad",12438
UTL006335,Muhammed Hamza Sayed,,Muhammed Hassan Sayyid,1971-08-27,"H-06335, Peoples Colony, Faisalabad",31070
UTL006336,Bilal Bhatti,61933-2997774-5,Muhammad Bhatti,1959-09-14,"H-06336, Saddar, Rawalpindi",45854
UTL006337,محمد Mughal,80022-7811704-1,Ahmed مغل,1999-05-01,"H-06337, Malir, Karachi",12686
UTL006338,Mariam Khan,96042-8798447-0,,1987-03-13,"H-06338, Model Town, Lahore",45954
UTL006339,Bilal Bhatti,27794-6828685-0,Hamzah بٹ,1971-08-14,"H-06339, Bahria Town, Rawalpindi",5692
UTL006340,Imran Choudhary,40083-1227066-1,Bilal Choudhary,1987-05-19,"H-06340, Bahria Town, Islamabad",27778
UTL006341,Othman اعوان,,Mohammed حسین اعوان,1973-12-01,"H-06341, F-7, Islamabad",77690
UTL006342,Zainab Sayed,,Ahmed سید,1984-07-13,"H-06342, Bahria Town, Rawalpindi",18465
UTL006343,Sana Malick,,محمد ملک,1994-09-22,"H-06343, Johar Town, Lahore",16974
UTL006344,Mohammad چوہدری,49094-3045249-0,Muhammad Choudhary,1970-04-10,"H-06344, Madina Town, Faisalabad",9924
UTL006345,Muhammad Faysal Ch.,50621-3176496-2,,,"H-06345, Malir, Karachi",13508
UTL006346,Sana ملک,98430-8444761-8,Faisal Malik,1976-04-27,"H-06346, Johar Town, Lahore",19309
UTL006347,Imran خان,91014-7411367-8,Muhammad علی خان,1971-09-03,"H-06347, Bahria Town, Rawalpindi",9330
UTL006348,Muhammad Faysal اعوان,,,1965-06-02,"H-06348, Clifton, Karachi",14510
UTL006349,حسین شیخ,30983-2589444-8,علی شیخ,1989-09-24,"H-06349, DHA, Karachi",42001
UTL006350,Osman Bhatti,94553-6370333-4,حسن بٹ,1968-03-03,"H-06350, Saddar, Rawalpindi",12173
UTL006351,Muhammed Hussain Choudhary,,علی Ch.,1966-01-15,"H-06351, Model Town, Lahore",16555
UTL006352,Muhammed قریشی,86505-5528846-0,عمران Qureshi,1999-12-03,"H-06352, North Nazimabad, Karachi",6287
UTL006353,Muhammad حسن Ch.,58785-2675274-0,Hamza چوہدری,1968-09-12,"H-06353, Bahria Town, Rawalpindi",15160
UTL006354,Muhammad Hussain Chaudhry,72567-5789208-1,,,"H-06354, E-11, Islamabad",64084
UTL006355,Hamza Bhatti,63727-4278023-7,,2003-01-04,"H-06355, G-10, Islamabad",18302
UTL006356,عثمان ملک,10691-7644418-3,Hussain Malik,1957-10-14,"H-06356, DHA, Lahore",32566
UTL006357,بلال Sheikh,24436-2866569-5,Hamza Shaykh,1992-08-15,"H-06357, Johar Town, Lahore",12027
UTL006358,Hassan Awan,75765-6307279-0,Muhammed Hamza Awan,1991-12-01,"H-06358, Jaranwala Road, Faisalabad",3735
UTL006359,حمزہ Qureshi,35830-1159555-3,Hasan قریشی,1999-12-11,"H-06359, F-8, Islamabad",9884
UTL006360,احمد Shaykh,84592-1094816-0,احمد Sheikh,2003-02-23,"H-06360, Gulberg, Lahore",10766
UTL006361,Hussein ملک,29804-3333027-1,Ali Malik,1960-06-03,"H-06361, Bahria Town, Islamabad",17769
UTL006362,Faysal راجہ,16461-7507767-6,Muhammed Othman Raja,1993-12-27,"H-06362, Peoples Colony, Faisalabad",7225
UTL006363,Hussein خان,22805-6054911-5,Mohammad علی Khan,1996-09-13,"H-06363, North Nazimabad, Karachi",35988
UTL006364,Ahmed Awan,,Mohammed Hussein Awan,1993-11-24,"H-06364, G-10, Islamabad",5554
UTL006365,Muhammad فیصل راجہ,62298-4844977-9,احمد راجہ,1979-01-02,"H-06365, Peoples Colony, Faisalabad",10703
UTL006366,بلال Qureshi,13471-2224278-5,,1994-06-02,"H-06366, Peoples Colony, Faisalabad",26807
UTL006367,حسین Malick,78912-6574033-3,Muhammed Malick,1972-05-11,"H-06367, Satellite Town, Rawalpindi",19521
UTL006368,فیصل راجہ,92325-7772622-3,,1995-05-25,"H-06368, North Nazimabad, Karachi",6949
UTL006369,Mohammad Osman Khan,56218-2504627-1,,1984-05-17,"H-06369, Jaranwala Road, Faisalabad",32479
UTL006370,Fatimah سید,,,1982-11-14,"H-06370, Jaranwala Road, Faisalabad",10262
UTL006371,Ali Malick,45694-7734359-5,Bilal ملک,1968-11-17,"H-06371, Peoples Colony, Faisalabad",31605
UTL006372,Ali Raja,22031-8365170-6,Imran راجہ,1960-04-17,"H-06372, Satellite Town, Rawalpindi",16469
UTL006373,Muhammed Shaikh,75460-6226102-0,علی Shaikh,,"H-06373, North Nazimabad, Karachi",13175
UTL006374,Muhammad Choudhary,,,1990-09-06,"H-06374, North Nazimabad, Karachi",13213
UTL006375,Muhammad علی خان,59427-6965635-2,Mohammed Khan,1984-08-10,"H-06375, Jaranwala Road, Faisalabad",10109
UTL006376,علی Qureshi,72268-9529482-1,Muhammad Ahmed Qureshi,1999-11-21,"H-06376, Bahria Town, Rawalpindi",11103
UTL006377,Fatema اعوان,,,1986-08-19,"H-06377, Gulberg, Lahore",17339
UTL006378,Muhammad Raja,33623-9791452-6,Ahmed راجہ,1993-09-05,"H-06378, F-8, Islamabad",6800
UTL006379,بلال Quraishi,76744-3671031-9,فیصل قریشی,1982-08-05,"H-06379, Satellite Town, Rawalpindi",13631
UTL006380,Ahmed Moghul,76387-1725231-4,علی مغل,1988-09-16,"H-06380, Satellite Town, Rawalpindi",27055
UTL006381,فیصل راجہ,30246-5974081-1,,1977-05-04,"H-06381, Satellite Town, Rawalpindi",11847
UTL006382,عائشہ اعوان,,,1989-10-05,"H-06382, Bahria Town, Rawalpindi",4811
UTL006383,Othman Quraishi,,Mohammad فیصل Quraishi,1987-04-03,"H-06383, Gulshan-e-Iqbal, Karachi",23141
UTL006384,Muhammed Hassan Sheikh,85559-4976563-1,عثمان Shaykh,1998-04-02,"H-06384, North Nazimabad, Karachi",10619
UTL006385,زینب Butt,40296-9442066-8,,1982-08-04,"H-06385, Madina Town, Faisalabad",13509
UTL006386,زینب Sheikh,76289-8149950-9,Hamzah Sheikh,2002-06-22,"H-06386, F-7, Islamabad",127910
UTL006387,Aysha اعوان,49350-1765867-9,,1999-06-17,"H-06387, F-8, Islamabad",36555
UTL006388,فیصل Chaudhry,44068-7107442-0,Mohammad Ch.,1974-05-28,"H-06388, E-11, Islamabad",44713
UTL006389,Mohammad سید,,,1974-04-25,"H-06389, Clifton, Karachi",10930
UTL006390,Aysha قریشی,81479-9568652-7,فیصل قریشی,1967-05-27,"H-06390, Chaklala, Rawalpindi",84999
UTL006391,ثناء Choudhary,44682-2198688-3,,1956-08-17,"H-06391, Jaranwala Road, Faisalabad",8790
UTL006392,Muhammed Malick,24698-9495147-2,Mohammed بلال Malick,1995-01-14,"H-06392, F-7, Islamabad",5840
UTL006393,Sana Sheikh,91153-8399551-6,,1996-07-16,"H-06393, Malir, Karachi",103406
UTL006394,زینب Shaikh,14327-2026916-8,Muhammad Shaikh,1955-01-03,"H-06394, Gulshan-e-Iqbal, Karachi",4306
UTL006395,Bilal خان,18153-2977946-1,فیصل Khan,1993-01-26,"H-06395, Bahria Town, Rawalpindi",10045
UTL006396,Aisha Mughal,,Mohammed Hassan Moghul,1964-07-24,"H-06396, North Nazimabad, Karachi",25711
UTL006397,Fatema Bhatti,,Hussein بٹ,1957-12-16,"H-06397, E-11, Islamabad",9733
UTL006398,علی Qureshi,26485-1257451-2,,1969-10-21,"H-06398, Madina Town, Faisalabad",25807
UTL006399,Hamzah سید,,,1981-02-21,"H-06399, F-8, Islamabad",14335
UTL006400,Hamzah خان,69519-9059998-4,,1960-11-14,"H-06400, Gulshan-e-Iqbal, Karachi",165656
UTL006401,Husain Quraishi,50092-9676997-4,Muhammed Hamzah Quraishi,1996-02-14,"H-06401, Jaranwala Road, Faisalabad",12668
UTL006402,Bilal Malik,59228-3864074-6,Mohammed عمران Malik,1959-05-22,"H-06402, Chaklala, Rawalpindi",23464
UTL006403,Muhammad احمد بٹ,11818-1201909-4,,1961-08-07,"H-06403, E-11, Islamabad",24469
UTL006404,زینب مغل,93460-3858453-8,Mohammed بلال مغل,1999-02-08,"H-06404, DHA, Karachi",10904
UTL006405,فیصل Qureshi,14697-2517422-6,Muhammed Quraishi,,"H-06405, E-11, Islamabad",18926
UTL006406,فیصل Butt,42719-6450992-2,,1970-08-01,"H-06406, Model Town, Lahore",3007
UTL006407,Mohammed Sayed,86733-6436421-4,,1955-09-01,"H-06407, Bahria Town, Islamabad",13188
UTL006408,Mohammad عمران مغل,28365-2934458-5,Muhammad Hussain Mughal,1992-11-23,"H-06408, Cantt, Lahore",15648
UTL006409,محمد Raja,72746-9021986-2,Othman Raja,1962-09-17,"H-06409, Cantt, Lahore",7744
UTL006410,Mohammad Hasan بٹ,14448-3992345-6,Hassan بٹ,1993-09-24,"H-06410, Madina Town, Faisalabad",9040
UTL006411,حسین Butt,94760-9143193-0,Hamzah Butt,1976-06-10,"H-06411, Jaranwala Road, Faisalabad",30310
UTL006412,Mohammed Ali Chaudhary,84100-3025731-7,Mohammad Chaudhary,1987-12-19,"H-06412, F-7, Islamabad",6900
UTL006413,حسن Raja,75157-9871989-2,Mohammed عمران Raja,1965-08-12,"H-06413, Johar Town, Lahore",34055
UTL006414,Marium Raja,85383-2149603-0,Osman Raja,1962-12-08,"H-06414, Malir, Karachi",62925
UTL006415,Faysal Moghul,92176-9398677-6,Hasan Moghul,1971-06-17,"H-06415, Gulberg, Lahore",11060
UTL006416,Muhammad بلال Shaikh,75880-5823504-9,Mohammad Imran Shaikh,1959-02-27,"H-06416, Peoples Colony, Faisalabad",7706
UTL006417,Mohammed Hamzah Quraishi,70128-4748293-8,بلال قریشی,1989-09-01,"H-06417, Jaranwala Road, Faisalabad",7015
UTL006418,عثمان Malick,33332-5921164-7,احمد ملک,1988-12-15,"H-06418, Gulshan-e-Iqbal, Karachi",60757
UTL006419,محمد خان,16852-5117021-5,Muhammad Ali خان,1997-08-11,"H-06419, DHA, Lahore",9148
UTL006420,Imran Syed,46608-6131713-8,Hamza سید,1999-09-08,"H-06420, Gulberg, Lahore",7623
UTL006421,Muhammad شیخ,49687-7190186-5,Imran Shaykh,1966-09-03,"H-06421, Jaranwala Road, Faisalabad",8743
UTL006422,Hamzah Shaikh,20942-2957896-3,Imran Sheikh,1990-08-25,"H-06422, Saddar, Rawalpindi",24026
UTL006423,عمران Chaudhry,66837-7374368-6,Muhammad Imran Chaudhry,1987-05-25,"H-06423, Saddar, Rawalpindi",68984
UTL006424,فیصل Chaudhary,35358-4316921-2,Ali Ch.,1956-07-28,"H-06424, Malir, Karachi",21656
UTL006425,حمزہ Shaykh,38428-6635054-8,,1979-10-07,"H-06425, Chaklala, Rawalpindi",25698
UTL006426,حرا Butt,27937-1876074-5,محمد Bhatti,1965-05-02,"H-06426, Model Town, Lahore",17686
UTL006427,Mohammad Raja,55597-1953715-3,Hamza راجہ,1969-06-01,"H-06427, Model Town, Lahore",5393
UTL006428,ثناء Shaykh,65821-2139531-7,Othman Shaikh,1960-06-28,"H-06428, F-8, Islamabad",9880
UTL006429,Muhammad Ali راجہ,,Hassan راجہ,1982-11-03,"H-06429, Saddar, Rawalpindi",16565
UTL006430,Hassan Shaikh,99267-9470365-7,Hussain Shaykh,1998-11-10,"H-06430, Cantt, Lahore",21443
UTL006431,علی اعوان,,Bilal اعوان,1955-08-23,"H-06431, Saddar, Rawalpindi",5693
UTL006432,Mohammed Awan,74115-2726852-3,,1998-10-20,"H-06432, Malir, Karachi",13364
UTL006433,Ahmed Shaykh,86474-9394631-5,Ahmed Shaykh,1960-09-24,"H-06433, Jaranwala Road, Faisalabad",44074
UTL006434,Othman Butt,19858-2695772-2,,1963-06-25,"H-06434, Gulberg, Lahore",7333
UTL006435,Bilal Sayed,60640-6460048-5,Muhammed Sayyid,1978-08-11,"H-06435, Chaklala, Rawalpindi",9493
UTL006436,Muhammed Hassan Butt,46282-9410115-2,Othman Bhatti,1997-01-18,"H-06436, Model Town, Lahore",7535
UTL006437,Muhammad Ahmed قریشی,44772-9555482-5,محمد قریشی,1998-05-14,"H-06437, Bahria Town, Islamabad",14378
UTL006438,Husain Shaykh,95759-3562257-2,Muhammed Imran شیخ,1990-01-21,"H-06438, G-10, Islamabad",5947
UTL006439,علی Moghul,83514-1408412-5,Hamzah Moghul,,"H-06439, Chaklala, Rawalpindi",39707
UTL006440,حرا Ch.,31370-1602072-1,عمران چوہدری,1990-10-15,"H-06440, Model Town, Lahore",45050
UTL006441,Faisal Awan,,بلال Awan,1982-12-27,"H-06441, Bahria Town, Rawalpindi",63064
UTL006442,Muhammed Hassan قریشی,,Faysal Quraishi,1961-11-15,"H-06442, Madina Town, Faisalabad",5236
UTL006443,Sana Raja,82949-6994590-5,Ahmed راجہ,1997-06-04,"H-06443, Gulberg, Lahore",4201
UTL006444,Mohammed Hussain Syed,40939-1819816-8,Muhammed عمران Sayed,1955-05-18,"H-06444, Satellite Town, Rawalpindi",17329
UTL006445,علی اعوان,46391-8223791-0,Muhammed Awan,1960-02-03,"H-06445, Johar Town, Lahore",6184
UTL006446,فاطمہ Malick,,Usman ملک,1976-08-23,"H-06446, DHA, Karachi",23305
UTL006447,Faisal Chaudhary,29450-5194982-0,Mohammad Ahmed چوہدری,1973-08-13,"H-06447, Madina Town, Faisalabad",4963
UTL006448,عمران Butt,53482-2782349-0,Ahmad بٹ,1974-06-06,"H-06448, Saddar, Rawalpindi",29273
UTL006449,Hamza Choudhary,34593-2652086-1,Hasan Chaudhry,1987-08-11,"H-06449, Gulshan-e-Iqbal, Karachi",18003
UTL006450,Muhammad Sayed,,Faysal Sayyid,1994-08-04,"H-06450, Malir, Karachi",150186
UTL006451,Muhammad Ahmed Sayed,17743-2324256-6,علی Sayed,,"H-06451, Chaklala, Rawalpindi",19327
UTL006452,Hamza Mughal,80005-1520653-8,,2003-04-16,"H-06452, Bahria Town, Rawalpindi",6892
UTL006453,Ayesha سید,82675-4372151-7,Osman سید,1956-02-10,"H-06453, Jaranwala Road, Faisalabad",5055
UTL006454,Mohammad Sheikh,99414-5008922-6,حسین شیخ,2000-07-12,"H-06454, Saddar, Rawalpindi",60955
UTL006455,Mohammed قریشی,,Osman قریشی,1974-04-11,"H-06455, Johar Town, Lahore",34338
UTL006456,Muhammed احمد Qureshi,,حسین Quraishi,1989-07-19,"H-06456, Johar Town, Lahore",16900
UTL006457,عثمان Raja,84769-9133946-8,Hussein Raja,1983-10-04,"H-06457, Madina Town, Faisalabad",21195
UTL006458,مریم Qureshi,20594-5753490-4,حسین Quraishi,1977-01-28,"H-06458, Jaranwala Road, Faisalabad",26952
UTL006459,Ahmad Sheikh,94243-2890612-4,Ali شیخ,,"H-06459, Bahria Town, Islamabad",29705
UTL006460,Mohammed Osman Moghul,49298-6548991-8,Muhammad علی Moghul,1985-04-15,"H-06460, Chaklala, Rawalpindi",5298
UTL006461,Muhammad Hussain Malik,,Muhammed حسین Malik,1962-09-28,"H-06461, Bahria Town, Rawalpindi",9292
UTL006462,Mohammed Syed,,,1980-03-09,"H-06462, Malir, Karachi",14159
UTL006463,Muhammad Hassan خان,31947-8864780-3,Hassan Khan,1988-06-05,"H-06463, North Nazimabad, Karachi",10533
UTL006464,Muhammad Othman Awan,62457-9325722-2,Ahmad اعوان,,"H-06464, Clifton, Karachi",9364
UTL006465,Hamzah اعوان,72943-6516062-3,بلال Awan,1969-10-15,"H-06465, DHA, Lahore",12135
UTL006466,Hira مغل,61463-2953807-8,Mohammed Hussein مغل,1970-10-24,"H-06466, Clifton, Karachi",4111
UTL006467,Hassan Sayyid,86850-6636435-7,احمد Syed,1985-09-07,"H-06467, Madina Town, Faisalabad",4943
UTL006468,Osman سید,20685-6395772-8,فیصل سید,1980-09-19,"H-06468, G-10, Islamabad",42798
UTL006469,Imran Shaykh,51590-9995637-3,حسن Shaikh,,"H-06469, Peoples Colony, Faisalabad",8564
UTL006470,Ali ملک,,عمران ملک,1968-12-14,"H-06470, E-11, Islamabad",51814
UTL006471,حرا شیخ,,Mohammed Hassan شیخ,1960-02-28,"H-06471, Cantt, Lahore",195283
UTL006472,Muhammed Bhatti,,Hassan بٹ,1970-07-06,"H-06472, Madina Town, Faisalabad",5745
UTL006473,Muhammad Hamza Khan,81257-7838021-7,,1991-07-12,"H-06473, Gulshan-e-Iqbal, Karachi",45160
UTL006474,محمد Shaikh,,Mohammad Hasan Sheikh,1963-11-22,"H-06474, Satellite Town, Rawalpindi",31753
UTL006475,Faisal مغل,,Muhammad مغل,1991-02-07,"H-06475, Satellite Town, Rawalpindi",5193
UTL006476,Imran Ch.,19367-8414753-5,,1986-04-25,"H-06476, Jaranwala Road, Faisalabad",4804
UTL006477,Muhammad Ali Khan,,Ahmed خان,1992-03-09,"H-06477, E-11, Islamabad",6633
UTL006478,Hamzah Bhatti,33151-5669348-1,Mohammed Imran بٹ,1968-11-27,"H-06478, Jaranwala Road, Faisalabad",34228
UTL006479,Muhammed Awan,12419-2834982-4,Hamza Awan,1969-12-09,"H-06479, North Nazimabad, Karachi",16637
UTL006480,Hamzah Shaikh,77633-7183949-8,Muhammad Shaykh,,"H-06480, DHA, Lahore",7260
UTL006481,حمزہ Bhatti,76142-7873761-2,علی Butt,1956-07-18,"H-06481, Jaranwala Road, Faisalabad",24098
UTL006482,زینب Choudhary,,Ali Chaudhary,1970-06-19,"H-06482, Jaranwala Road, Faisalabad",45398
UTL006483,محمد شیخ,15480-2176043-6,,1978-02-12,"H-06483, Jaranwala Road, Faisalabad",33716
UTL006484,Fatema Choudhary,99673-8221280-6,بلال Choudhary,,"H-06484, F-8, Islamabad",18523
UTL006485,Mohammed Bilal Qureshi,,Husain قریشی,1979-09-25,"H-06485, Clifton, Karachi",11738
UTL006486,Osman Shaikh,55786-1632394-9,Bilal Shaykh,,"H-06486, Satellite Town, Rawalpindi",39535
UTL006487,Bilal مغل,94016-7952281-3,علی مغل,1966-10-20,"H-06487, Cantt, Lahore",12609
UTL006488,Hamzah سید,38646-5156908-9,فیصل Sayyid,1986-02-06,"H-06488, Model Town, Lahore",86473
UTL006489,بلال Malik,68310-8835192-0,بلال Malik,1962-10-17,"H-06489, Madina Town, Faisalabad",43850
UTL006490,احمد Raja,,,1967-05-21,"H-06490, Saddar, Rawalpindi",4874
UTL006491,بلال اعوان,26785-8557941-4,Ali Awan,1957-11-21,"H-06491, Model Town, Lahore",23567
UTL006492,Mohammad Ali Awan,97803-2063660-3,,1976-07-26,"H-06492, Malir, Karachi",7010
UTL006493,Hira Malik,64115-5638387-8,Mohammed فیصل Malick,1969-07-03,"H-06493, F-8, Islamabad",18251
UTL006494,عمران Raja,,Mohammad Ahmad راجہ,1988-09-06,"H-06494, Saddar, Rawalpindi",8290
UTL006495,عائشہ شیخ,40906-5397137-4,احمد Shaykh,1962-01-06,"H-06495, F-8, Islamabad",61519
UTL006496,Ahmad Syed,28300-3495944-8,Faisal Sayed,1967-08-01,"H-06496, North Nazimabad, Karachi",19320
UTL006497,Fatima Sayyid,29466-4284774-3,Muhammad سید,1955-03-26,"H-06497, Gulberg, Lahore",7436
UTL006498,Ali Malick,11096-1684795-6,,1963-05-04,"H-06498, Model Town, Lahore",17832
UTL006499,Aysha خان,87599-9590553-8,Muhammad علی Khan,1971-08-23,"H-06499, Chaklala, Rawalpindi",16547
UTL006500,Faysal Khan,,Osman Khan,1957-11-18,"H-06500, Johar Town, Lahore",12373
UTL006501,بلال Moghul,82228-3770261-9,Mohammad حمزہ مغل,,"H-06501, Johar Town, Lahore",18252
UTL006502,زینب Quraishi,44337-1878248-1,Ali قریشی,1979-09-09,"H-06502, Johar Town, Lahore",73211
UTL006503,Bilal Bhatti,94967-1158207-6,Muhammad Othman Butt,1994-04-04,"H-06503, Gulberg, Lahore",30056
UTL006504,Imran Shaykh,51168-6307288-4,Muhammed عثمان شیخ,1983-04-09,"H-06504, Saddar, Rawalpindi",11985
UTL006505,حسین Malik,40582-8315274-6,احمد Malik,1981-03-27,"H-06505, Gulberg, Lahore",21259
UTL006506,Faisal اعوان,93372-5392793-9,Mohammad حسین Awan,1976-03-25,"H-06506, Gulberg, Lahore",13550
UTL006507,حسین شیخ,31804-7938497-7,,1988-11-25,"H-06507, Gulshan-e-Iqbal, Karachi",9959
UTL006508,Mariam ملک,92881-8974320-6,حسن Malick,1997-11-27,"H-06508, DHA, Lahore",7657
UTL006509,Muhammad Khan,11150-3661548-6,حمزہ Khan,1990-09-26,"H-06509, Gulberg, Lahore",4892
UTL006510,حمزہ Khan,13760-3681002-7,Hasan خان,1995-01-25,"H-06510, E-11, Islamabad",32631
UTL006511,عمران Shaikh,,,1955-02-04,"H-06511, DHA, Karachi",9818
UTL006512,Muhammed Imran شیخ,,,1961-06-04,"H-06512, DHA, Karachi",20287
UTL006513,بلال قریشی,20291-7609344-2,,1963-10-12,"H-06513, F-7, Islamabad",8681
UTL006514,Mohammed Hasan راجہ,84774-9023577-9,,1975-11-10,"H-06514, Saddar, Rawalpindi",5423
UTL006515,Osman راجہ,78179-4804885-7,احمد Raja,1999-06-17,"H-06515, Gulberg, Lahore",14906
UTL006516,Faisal Syed,44811-3525681-4,بلال سید,1980-01-10,"H-06516, Gulberg, Lahore",2877
UTL006517,Ali Shaikh,13008-1244083-1,Hussein Shaikh,1969-02-02,"H-06517, North Nazimabad, Karachi",19509
UTL006518,Muhammad Faisal اعوان,70182-1754679-4,حسن Awan,1955-03-09,"H-06518, Malir, Karachi",8715
UTL006519,Othman Khan,,علی خان,1968-04-25,"H-06519, Jaranwala Road, Faisalabad",7324
UTL006520,Ahmed Raja,42810-3967738-8,عمران Raja,1962-06-03,"H-06520, Clifton, Karachi",29893
UTL006521,حرا Choudhary,85399-1156297-5,Mohammed حسن Choudhary,1984-10-21,"H-06521, Jaranwala Road, Faisalabad",54180
UTL006522,Osman Quraishi,,Imran قریشی,1974-11-27,"H-06522, Bahria Town, Rawalpindi",41393
UTL006523,Fatima Raja,25085-4334979-6,علی راجہ,1971-04-21,"H-06523, Johar Town, Lahore",4534
UTL006524,Hamza Chaudhary,84042-4842247-2,فیصل Chaudhary,1978-05-09,"H-06524, Peoples Colony, Faisalabad",85591
UTL006525,Muhammad Osman Qureshi,40983-3351040-1,عمران Quraishi,1966-08-01,"H-06525, E-11, Islamabad",7546
UTL006526,حرا شیخ,,,1974-08-14,"H-06526, Satellite Town, Rawalpindi",16002
UTL006527,Sana راجہ,83772-7465456-2,عمران راجہ,1981-08-10,"H-06527, Jaranwala Road, Faisalabad",231616
UTL006528,Ali قریشی,17662-6147916-9,,1999-03-12,"H-06528, Jaranwala Road, Faisalabad",21620
UTL006529,Imran Khan,,عثمان خان,1968-02-24,"H-06529, DHA, Lahore",7850
UTL006530,Muhammad Ahmad Bhatti,96754-9114478-5,,1983-05-08,"H-06530, Peoples Colony, Faisalabad",277317
UTL006531,Bilal شیخ,,Mohammed Hussain شیخ,1978-08-06,"H-06531, North Nazimabad, Karachi",29593
UTL006532,Usman راجہ,10404-2968568-9,Hussain Raja,1980-12-04,"H-06532, Satellite Town, Rawalpindi",4896
UTL006533,Muhammed Awan,30912-6948084-4,Imran Awan,1980-02-21,"H-06533, G-10, Islamabad",105416
UTL006534,Mohammed راجہ,24554-2549898-0,Mohammed عمران Raja,1956-04-01,"H-06534, G-10, Islamabad",5858
UTL006535,Hamzah Malick,70676-8805641-0,Hasan ملک,1995-08-04,"H-06535, Gulshan-e-Iqbal, Karachi",47109
UTL006536,Ali Awan,18000-4318461-6,,1982-01-14,"H-06536, DHA, Karachi",14192
UTL006537,ثناء راجہ,56050-5578554-5,Bilal راجہ,,"H-06537, Madina Town, Faisalabad",10651
UTL006538,Othman Mughal,,Ali مغل,1985-12-11,"H-06538, Madina Town, Faisalabad",16092
UTL006539,Ahmad سید,35843-7563983-4,Muhammad Hussein Syed,1969-02-13,"H-06539, Gulshan-e-Iqbal, Karachi",94450
UTL006540,Hassan Khan,,محمد Khan,1988-03-07,"H-06540, Gulshan-e-Iqbal, Karachi",7493
UTL006541,ثناء Raja,81816-4862967-1,احمد Raja,1973-10-13,"H-06541, Jaranwala Road, Faisalabad",12737
UTL006542,Mariam راجہ,45957-2105745-2,Ahmed راجہ,1993-02-16,"H-06542, G-10, Islamabad",28330
UTL006543,Ahmed Awan,50363-3120244-6,Mohammed Awan,1967-03-01,"H-06543, Jaranwala Road, Faisalabad",19197
UTL006544,Faysal خان,24858-6611014-4,Muhammed علی Khan,1977-10-10,"H-06544, Cantt, Lahore",29378
UTL006545,Faisal راجہ,,Mohammed Othman راجہ,1992-08-28,"H-06545, DHA, Karachi",26184
UTL006546,Muhammed حسین Bhatti,,Osman Bhatti,1981-08-08,"H-06546, Gulberg, Lahore",35254
UTL006547,Muhammad فیصل ملک,31511-5187027-2,محمد Malick,1993-12-11,"H-06547, Saddar, Rawalpindi",75631
UTL006548,Faysal Choudhary,59399-9565993-8,Mohammad Bilal چوہدری,1991-02-09,"H-06548, F-8, Islamabad",9749
UTL006549,Muhammed Syed,,Muhammad سید,2001-11-20,"H-06549, Chaklala, Rawalpindi",19043
UTL006550,زینب قریشی,60391-2346563-3,Mohammed Hussein قریشی,1966-09-05,"H-06550, Satellite Town, Rawalpindi",97781
UTL006551,Mohammad حسن Khan,,Hamza خان,1963-12-26,"H-06551, E-11, Islamabad",12850
UTL006552,فیصل Qureshi,48105-2860076-6,Ahmed Qureshi,1996-12-03,"H-06552, F-7, Islamabad",9401
UTL006553,عثمان Sayed,61748-3908154-3,Ali سید,1995-07-24,"H-06553, North Nazimabad, Karachi",39084
UTL006554,Osman ملک,72506-3393963-7,بلال Malik,1997-10-01,"H-06554, Johar Town, Lahore",5471
UTL006555,Imran بٹ,24096-1251324-3,Hussain Bhatti,1974-07-20,"H-06555, Madina Town, Faisalabad",4141
UTL006556,زینب مغل,32810-1792603-9,Hamza Moghul,,"H-06556, Jaranwala Road, Faisalabad",84309
UTL006557,Muhammad Ahmed Sheikh,91531-6924889-1,Muhammad Faysal شیخ,1958-07-06,"H-06557, Johar Town, Lahore",9107
UTL006558,Hussain Shaikh,,Mohammad Sheikh,1982-12-11,"H-06558, Gulshan-e-Iqbal, Karachi",181891
UTL006559,Ali Raja,37190-4669634-4,عمران راجہ,1956-11-25,"H-06559, Chaklala, Rawalpindi",44105
UTL006560,Muhammed Ahmed Chaudhary,50437-5943554-7,Husain چوہدری,2000-03-04,"H-06560, Saddar, Rawalpindi",20235
UTL006561,حمزہ Malik,82953-1510699-4,,1984-07-19,"H-06561, Jaranwala Road, Faisalabad",15534
UTL006562,عثمان Raja,,Ali راجہ,1962-08-28,"H-06562, E-11, Islamabad",13851
UTL006563,Faisal Khan,15993-5399402-4,Hassan Khan,1960-11-20,"H-06563, F-8, Islamabad",4668
UTL006564,فاطمہ Moghul,16580-9046590-0,Mohammed Mughal,1994-08-10,"H-06564, Bahria Town, Islamabad",4207
UTL006565,فیصل Awan,25040-1412977-9,Muhammad اعوان,1992-04-22,"H-06565, Model Town, Lahore",22624
UTL006566,حرا راجہ,78627-6417791-9,Mohammad Ahmad راجہ,,"H-06566, Cantt, Lahore",40910
UTL006567,Maryam Sayyid,18781-1837950-0,فیصل Sayed,1962-09-23,"H-06567, Cantt, Lahore",20623
UTL006568,Muhammed Ahmed راجہ,,,1994-08-23,"H-06568, Jaranwala Road, Faisalabad",199822
UTL006569,عائشہ اعوان,73805-6247834-4,Osman Awan,1956-08-21,"H-06569, Malir, Karachi",8214
UTL006570,Muhammad Bilal راجہ,48638-9221314-7,Faysal راجہ,1958-12-02,"H-06570, Saddar, Rawalpindi",5224
UTL006571,عمران راجہ,68269-8731100-1,Muhammed Faysal راجہ,,"H-06571, Bahria Town, Islamabad",22418
UTL006572,عائشہ قریشی,61017-7314960-9,,1961-05-22,"H-06572, Peoples Colony, Faisalabad",7536
UTL006573,Imran Mughal,88108-5474146-8,احمد Mughal,1969-11-08,"H-06573, Johar Town, Lahore",14054
UTL006574,Muhammed Faisal Quraishi,,Hussain Quraishi,1976-04-01,"H-06574, F-7, Islamabad",32177
UTL006575,Muhammad Hasan ملک,55754-2919548-8,Faysal Malick,1992-10-09,"H-06575, Satellite Town, Rawalpindi",10041
UTL006576,Mohammad Sheikh,21817-8267826-8,,1990-11-07,"H-06576, Jaranwala Road, Faisalabad",12745
UTL006577,محمد خان,54156-9526945-9,حسین Khan,1985-03-19,"H-06577, Cantt, Lahore",41051
UTL006578,Osman Shaikh,79357-4274290-6,علی Shaikh,1968-12-01,"H-06578, North Nazimabad, Karachi",13251
UTL006579,Fatema Sayyid,66366-2488663-2,حسین Sayed,1963-01-10,"H-06579, Malir, Karachi",24188
UTL006580,Mohammed اعوان,99046-5929391-9,فیصل اعوان,1972-11-02,"H-06580, Johar Town, Lahore",83332
UTL006581,Muhammed بلال Sayed,39930-7396013-7,Hussein Syed,1958-09-21,"H-06581, Cantt, Lahore",12708
UTL006582,Mohammad Sheikh,54822-9233871-0,Mohammad حسن Shaikh,1974-10-07,"H-06582, Cantt, Lahore",5614
UTL006583,Ahmad Awan,72965-9755463-7,بلال اعوان,,"H-06583, Saddar, Rawalpindi",18686
UTL006584,Faisal Qureshi,86805-9883402-4,Bilal قریشی,1999-04-10,"H-06584, DHA, Lahore",20341
UTL006585,Osman Butt,91991-4655747-4,Husain Butt,2000-02-20,"H-06585, Bahria Town, Rawalpindi",23012
UTL006586,Ali Moghul,36342-5336694-2,,1983-05-17,"H-06586, Gulshan-e-Iqbal, Karachi",21679
UTL006587,Fatema خان,51212-3291421-2,حمزہ خان,1960-10-05,"H-06587, E-11, Islamabad",52734
UTL006588,Hamzah Quraishi,84798-7492241-7,محمد Qureshi,1987-04-07,"H-06588, DHA, Karachi",34465
UTL006589,بلال Mughal,,عمران Mughal,1985-09-22,"H-06589, Bahria Town, Rawalpindi",12096
UTL006590,Muhammed Hamzah Sheikh,33851-2778288-5,Ahmed Shaykh,1967-07-20,"H-06590, Model Town, Lahore",14504
UTL006591,Ayesha Khan,37545-8904661-7,Muhammed Khan,1972-04-03,"H-06591, Clifton, Karachi",7781
UTL006592,Ahmed Sayed,77223-0467918-3,Ali سید,1987-10-20,"H-06592, Cantt, Lahore",65506
UTL006593,Mohammed قریشی,44788-2302767-1,احمد قریشی,2003-09-01,"H-06593, Chaklala, Rawalpindi",12085
UTL006594,بلال Syed,84664-2816984-1,Mohammed علی Sayyid,1987-02-10,"H-06594, North Nazimabad, Karachi",72209
UTL006595,Imran بٹ,21824-6687858-4,,1998-04-07,"H-06595, DHA, Karachi",22147
UTL006596,ثناء خان,15137-6508527-5,,1956-10-14,"H-06596, Malir, Karachi",127958
UTL006597,Aisha راجہ,80229-4340816-0,Ahmed راجہ,1983-08-14,"H-06597, Satellite Town, Rawalpindi",24506
UTL006598,Faisal شیخ,58584-5124779-7,,1978-11-13,"H-06598, Chaklala, Rawalpindi",11253
UTL006599,Sana Shaykh,62783-3423069-8,Mohammad Shaikh,1974-02-15,"H-06599, Saddar, Rawalpindi",148727
UTL006600,Muhammad عمران راجہ,41088-4767829-5,محمد Raja,1956-04-15,"H-06600, DHA, Lahore",26164
UTL006601,عمران قریشی,37341-5700435-7,احمد Qureshi,1955-07-17,"H-06601, F-7, Islamabad",14643
UTL006602,فاطمہ ملک,66523-8514553-2,,1999-02-02,"H-06602, Bahria Town, Rawalpindi",12963
UTL006603,Muhammed فیصل Butt,70908-6955430-1,Mohammed Hassan بٹ,1956-02-06,"H-06603, Bahria Town, Islamabad",6990
UTL006604,Imran Malik,47870-9401868-1,Ahmed Malik,1956-06-01,"H-06604, Bahria Town, Rawalpindi",47831
UTL006605,Usman Awan,66821-2399486-9,Usman اعوان,1989-12-10,"H-06605, Bahria Town, Rawalpindi",10771
UTL006606,علی اعوان,83570-7008324-8,,1973-04-10,"H-06606, Model Town, Lahore",16563
UTL006607,Ali راجہ,,علی راجہ,1997-04-13,"H-06607, North Nazimabad, Karachi",56217
UTL006608,Hira Malick,10258-3395383-4,عمران Malick,1997-12-26,"H-06608, Model Town, Lahore",22868
UTL006609,علی قریشی,92242-1865596-8,Imran Qureshi,1957-07-23,"H-06609, Satellite Town, Rawalpindi",15563
UTL006610,Fatimah Moghul,88359-3468392-0,,1974-02-08,"H-06610, Jaranwala Road, Faisalabad",43113
UTL006611,عمران Shaykh,33178-8357034-1,بلال شیخ,,"H-06611, Madina Town, Faisalabad",12908
UTL006612,Imran خان,,Ahmed خان,1982-01-28,"H-06612, Malir, Karachi",18541
UTL006613,Ali Sheikh,,Ali Shaykh,1970-09-15,"H-06613, Clifton, Karachi",32820
UTL006614,Imran Moghul,84760-9488843-0,علی مغل,1965-06-02,"H-06614, Johar Town, Lahore",8465
UTL006615,Mohammed عثمان اعوان,,,1961-05-26,"H-06615, Madina Town, Faisalabad",19725
UTL006616,Faysal Mughal,,Bilal مغل,1955-06-20,"H-06616, F-8, Islamabad",11347
UTL006617,Bilal Malik,,Hamza Malik,2002-11-14,"H-06617, DHA, Karachi",5683
UTL006618,حسین مغل,48673-1219748-5,Mohammed Mughal,1960-04-27,"H-06618, F-8, Islamabad",37963
UTL006619,Muhammad Faisal بٹ,51277-5317553-5,Ali بٹ,1969-06-12,"H-06619, E-11, Islamabad",22240
UTL006620,Faisal Qureshi,55935-7119712-2,حسین Qureshi,1959-02-01,"H-06620, F-7, Islamabad",13155
UTL006621,Othman Butt,83935-3844417-2,فیصل Bhatti,1998-11-07,"H-06621, North Nazimabad, Karachi",6558
UTL006622,Fatema Qureshi,39335-6921631-4,,2000-10-19,"H-06622, Bahria Town, Islamabad",5101
UTL006623,Husain راجہ,96585-1132929-0,Ali Raja,1970-11-26,"H-06623, G-10, Islamabad",14551
UTL006624,فاطمہ Mughal,80596-3649366-8,Mohammed بلال مغل,1979-02-19,"H-06624, Satellite Town, Rawalpindi",33683
UTL006625,فیصل Khan,64905-3143477-0,Faisal Khan,1995-05-28,"H-06625, F-7, Islamabad",25910
UTL006626,Mohammed علی Ch.,,Ahmad Chaudhry,1959-04-05,"H-06626, DHA, Karachi",22847
UTL006627,ثناء بٹ,65846-7990540-8,Muhammed Bilal Butt,,"H-06627, Peoples Colony, Faisalabad",15862
UTL006628,Mohammad Othman Choudhary,33969-3824153-1,Faisal Chaudhary,1955-05-07,"H-06628, Madina Town, Faisalabad",7304
UTL006629,عائشہ قریشی,45090-4986000-6,Hussein قریشی,1999-12-09,"H-06629, Saddar, Rawalpindi",4446
UTL006630,Sana Bhatti,94980-2809299-1,Mohammad بٹ,1981-08-01,"H-06630, F-8, Islamabad",169955
UTL006631,عثمان Chaudhry,,Usman Chaudhry,1961-11-18,"H-06631, Clifton, Karachi",12595
UTL006632,Hussein بٹ,62522-4839499-8,Faisal بٹ,1990-10-05,"H-06632, Chaklala, Rawalpindi",10270
UTL006633,Hussein Bhatti,84893-1766807-5,حمزہ بٹ,1996-04-11,"H-06633, Peoples Colony, Faisalabad",16207
UTL006634,Mohammed Ahmed Syed,77020-3684068-7,,1957-01-14,"H-06634, DHA, Lahore",7880
UTL006635,Muhammad احمد قریشی,95785-1415896-0,,1956-12-14,"H-06635, Cantt, Lahore",19706
UTL006636,Imran ملک,36424-4931061-0,Hassan Malick,1992-04-16,"H-06636, Saddar, Rawalpindi",16242
UTL006637,Muhammad Hassan Khan,,Faysal Khan,1992-12-10,"H-06637, Clifton, Karachi",20869
UTL006638,Ayisha راجہ,43386-2913696-0,Mohammed علی Raja,1993-01-14,"H-06638, Clifton, Karachi",19933
UTL006639,عمران قریشی,20050-1957370-6,Muhammed Hamzah Qureshi,1956-08-13,"H-06639, Johar Town, Lahore",44863
UTL006640,Ali Quraishi,26104-3169320-7,,1985-08-08,"H-06640, Jaranwala Road, Faisalabad",29115
UTL006641,Mohammed Hamzah Raja,55134-3159987-8,Faysal Raja,1973-02-14,"H-06641, DHA, Karachi",60602
UTL006642,Fatimah ملک,,بلال Malik,1984-07-23,"H-06642, Peoples Colony, Faisalabad",12658
UTL006643,Osman بٹ,65496-7386758-9,Muhammed Ahmad Bhatti,1960-06-07,"H-06643, DHA, Karachi",18448
UTL006644,Ali بٹ,88872-7904731-9,Muhammed Bilal بٹ,1991-08-14,"H-06644, Johar Town, Lahore",48429
UTL006645,Muhammed Awan,75954-2998841-6,Muhammad اعوان,1971-02-25,"H-06645, Madina Town, Faisalabad",14120
UTL006646,Zaynab Khan,,,,"H-06646, Bahria Town, Islamabad",10759
UTL006647,Ahmed قریشی,93578-9071524-0,Ahmad Quraishi,1989-04-01,"H-06647, E-11, Islamabad",22857
UTL006648,Muhammad Faysal خان,,Mohammad خان,1998-12-20,"H-06648, Madina Town, Faisalabad",79653
UTL006649,Mohammed ملک,29798-3153909-3,,1995-04-21,"H-06649, DHA, Lahore",42653
UTL006650,Hamza Malick,83405-5369279-4,حمزہ ملک,1965-11-15,"H-06650, Gulberg, Lahore",23662
UTL006651,Mohammed احمد Mughal,97948-9057618-3,Othman Mughal,,"H-06651, Chaklala, Rawalpindi",84885
UTL006652,Ayesha سید,68677-8291521-6,Husain سید,1986-02-05,"H-06652, Saddar, Rawalpindi",21692
UTL006653,حرا Raja,79063-6485818-4,Faisal Raja,1984-06-04,"H-06653, Model Town, Lahore",21719
UTL006654,Sana راجہ,51116-9547254-3,علی راجہ,1982-11-19,"H-06654, DHA, Karachi",20420
UTL006655,بلال چوہدری,67544-9720604-2,,2002-01-20,"H-06655, DHA, Karachi",33068
UTL006656,Hasan Shaikh,,Hasan Shaikh,1971-06-04,"H-06656, Peoples Colony, Faisalabad",16597
UTL006657,محمد سید,,Imran Syed,1964-03-06,"H-06657, F-7, Islamabad",15921
UTL006658,Bilal قریشی,40073-5604788-9,فیصل Qureshi,1979-01-11,"H-06658, Jaranwala Road, Faisalabad",10648
UTL006659,عمران Raja,29068-7376195-7,Faysal Raja,1959-12-07,"H-06659, Model Town, Lahore",77814
UTL006660,Muhammad Othman Raja,14954-6009856-8,حمزہ راجہ,1959-09-17,"H-06660, Chaklala, Rawalpindi",6273
UTL006661,Hamzah راجہ,,Mohammad Osman Raja,1971-06-23,"H-06661, Malir, Karachi",7366
UTL006662,Aisha راجہ,13591-2349981-3,Bilal Raja,1975-02-05,"H-06662, Saddar, Rawalpindi",20960
UTL006663,Muhammed Osman اعوان,,Hamzah اعوان,1966-11-26,"H-06663, Saddar, Rawalpindi",6368
UTL006664,Bilal راجہ,,عمران راجہ,,"H-06664, F-8, Islamabad",115793
UTL006665,Mohammad Ahmed Butt,22408-5201893-2,بلال Bhatti,1984-04-13,"H-06665, DHA, Lahore",19101
UTL006666,Othman چوہدری,46461-4758278-0,عمران Choudhary,1956-05-11,"H-06666, DHA, Karachi",8574
UTL006667,علی Qureshi,48662-8527626-5,Husain Qureshi,1999-08-14,"H-06667, Madina Town, Faisalabad",7777
UTL006668,Ayisha چوہدری,52156-2132090-8,,1981-10-23,"H-06668, Bahria Town, Islamabad",20388
UTL006669,Mohammed Hamza ملک,24621-3546710-7,,1974-02-20,"H-06669, Johar Town, Lahore",179163
UTL006670,Hassan چوہدری,65499-7106887-5,,1983-07-03,"H-06670, DHA, Lahore",6126
UTL006671,Mohammad شیخ,91318-8284865-1,Muhammad Hamzah Shaykh,1984-11-01,"H-06671, Johar Town, Lahore",19477
UTL006672,عمران Qureshi,69352-4049849-9,Muhammad Hussein Quraishi,1989-09-23,"H-06672, F-7, Islamabad",10560
UTL006673,Mohammed Hasan Malik,76934-8258964-8,Hasan Malick,1978-05-02,"H-06673, North Nazimabad, Karachi",15415
UTL006674,Zaynab Khan,92879-6730504-6,,1968-03-20,"H-06674, Saddar, Rawalpindi",8103
UTL006675,Mohammad Mughal,75470-3996054-7,Mohammad Osman Moghul,1955-07-23,"H-06675, Gulshan-e-Iqbal, Karachi",16262
UTL006676,علی مغل,31188-6514115-0,,1970-09-13,"H-06676, Madina Town, Faisalabad",9378
UTL006677,Hasan Quraishi,78020-5455193-2,Muhammed Qureshi,1991-05-03,"H-06677, Peoples Colony, Faisalabad",31047
UTL006678,حسین Sayed,45091-4143463-4,Othman سید,2001-08-21,"H-06678, DHA, Lahore",205999
UTL006679,Fatimah Malick,,عمران ملک,1957-09-28,"H-06679, Cantt, Lahore",9726
UTL006680,Faisal چوہدری,70006-5613286-3,,1976-11-15,"H-06680, Madina Town, Faisalabad",43994
UTL006681,Mohammad Ali Malik,,Mohammed بلال ملک,1995-08-08,"H-06681, Chaklala, Rawalpindi",11140
UTL006682,Marium Malik,28071-8370929-7,عمران ملک,2000-12-16,"H-06682, Malir, Karachi",4206
UTL006683,فیصل Awan,48114-8040580-0,Usman اعوان,1997-08-25,"H-06683, Gulberg, Lahore",27945
UTL006684,علی ملک,27926-6552870-0,Osman Malick,1987-11-25,"H-06684, North Nazimabad, Karachi",20547
UTL006685,عثمان ملک,93615-3486653-4,Othman ملک,1996-12-12,"H-06685, Saddar, Rawalpindi",7046
UTL006686,بلال اعوان,84397-4963850-4,,1967-03-25,"H-06686, E-11, Islamabad",12988
UTL006687,Muhammad Hamza Shaykh,11047-4106754-7,Mohammed حسن Sheikh,1966-03-26,"H-06687, Clifton, Karachi",12782
UTL006688,Muhammed خان,56568-4637023-4,حسین خان,1972-07-27,"H-06688, Gulshan-e-Iqbal, Karachi",14616
UTL006689,Hira Moghul,,Hamza مغل,1966-05-25,"H-06689, Cantt, Lahore",8663
UTL006690,فاطمہ Khan,44527-5812191-3,Hamzah Khan,1979-03-21,"H-06690, Bahria Town, Islamabad",7532
UTL006691,Usman Qureshi,50283-5836035-8,Mohammad علی قریشی,2002-08-12,"H-06691, Jaranwala Road, Faisalabad",7159
UTL006692,Muhammed Usman مغل,,Hasan مغل,1956-01-17,"H-06692, Peoples Colony, Faisalabad",20213
UTL006693,Ayisha Khan,38805-6633415-9,Ahmad Khan,1980-10-07,"H-06693, Bahria Town, Rawalpindi",7948
UTL006694,حسین Sayed,52234-7698840-6,Osman Sayyid,1980-12-14,"H-06694, Bahria Town, Islamabad",11540
UTL006695,Marium Shaikh,20421-4988541-0,,,"H-06695, G-10, Islamabad",15659
UTL006696,Hussain راجہ,88526-6188657-9,Hussein راجہ,1959-09-10,"H-06696, E-11, Islamabad",5971
UTL006697,بلال قریشی,93509-6363317-3,Hamzah Qureshi,1957-06-16,"H-06697, Bahria Town, Islamabad",48431
UTL006698,Ahmad Quraishi,50256-5554363-9,Ahmed Quraishi,1976-11-01,"H-06698, Peoples Colony, Faisalabad",58340
UTL006699,Ahmad راجہ,88329-8358316-6,,1960-02-13,"H-06699, Bahria Town, Islamabad",20413
UTL006700,Mohammed راجہ,50640-2032301-8,Muhammed Hamza Raja,1982-10-19,"H-06700, Madina Town, Faisalabad",21490
UTL006701,عمران Khan,76118-8144337-9,Muhammad خان,1988-11-01,"H-06701, Gulshan-e-Iqbal, Karachi",37753
UTL006702,حرا راجہ,43418-1261354-9,حسن راجہ,1974-03-25,"H-06702, Gulberg, Lahore",9547
UTL006703,Sana Bhatti,,Ahmad بٹ,1978-06-03,"H-06703, Chaklala, Rawalpindi",12597
UTL006704,Faysal Moghul,28307-6295406-2,Mohammad Moghul,1972-04-02,"H-06704, Johar Town, Lahore",19087
UTL006705,بلال Chaudhary,,,1987-05-13,"H-06705, Chaklala, Rawalpindi",6592
UTL006706,Mohammad عمران Qureshi,13953-7224224-0,Mohammed Othman Qureshi,1985-06-20,"H-06706, Satellite Town, Rawalpindi",67533
UTL006707,حسن Moghul,98452-2385726-8,عمران مغل,1995-11-22,"H-06707, Cantt, Lahore",7560
UTL006708,Hussain Raja,56916-3894688-9,Muhammed Ahmed Raja,1999-09-19,"H-06708, E-11, Islamabad",16787
UTL006709,Othman Raja,,علی راجہ,1998-01-11,"H-06709, DHA, Lahore",24800
UTL006710,Ali بٹ,,Hasan بٹ,2003-09-10,"H-06710, F-8, Islamabad",16619
UTL006711,Mohammed حمزہ بٹ,83352-6175598-8,Usman Bhatti,1957-08-01,"H-06711, Johar Town, Lahore",7957
UTL006712,Ali Shaykh,51538-1393957-4,Hussain Sheikh,,"H-06712, Model Town, Lahore",6035
UTL006713,Muhammad Sayed,76806-1551714-2,محمد سید,1962-11-04,"H-06713, DHA, Lahore",16803
UTL006714,Othman Raja,15769-5897793-9,,1955-03-21,"H-06714, Peoples Colony, Faisalabad",18608
UTL006715,محمد Malik,81026-9421949-5,Muhammad Usman Malick,1965-07-03,"H-06715, North Nazimabad, Karachi",11219
UTL006716,Muhammad حمزہ خان,25637-3168634-5,Mohammed Faisal Khan,1963-08-19,"H-06716, Johar Town, Lahore",36049
UTL006717,Hussain Khan,,,1962-01-02,"H-06717, Johar Town, Lahore",13764
UTL006718,Muhammed علی Qureshi,,Ahmed Quraishi,1997-12-18,"H-06718, F-7, Islamabad",23182
UTL006719,Muhammed Husain Quraishi,47197-6016270-7,عمران قریشی,1997-10-15,"H-06719, Satellite Town, Rawalpindi",11589
UTL006720,حرا Mughal,63117-2332215-6,Muhammed Hussain Moghul,1979-07-13,"H-06720, DHA, Karachi",22733
UTL006721,Mohammed Ali سید,97384-2350890-8,Mohammad عمران Sayyid,1963-10-15,"H-06721, Bahria Town, Rawalpindi",53911
UTL006722,Mariam Raja,,,1975-02-13,"H-06722, Model Town, Lahore",16602
UTL006723,Fatimah Quraishi,48847-9558697-4,,1966-05-01,"H-06723, Chaklala, Rawalpindi",18292
UTL006724,بلال راجہ,25752-5450235-2,احمد Raja,1997-12-25,"H-06724, Gulberg, Lahore",8609
UTL006725,عمران Khan,,,1974-05-01,"H-06725, Gulberg, Lahore",14449
UTL006726,Ali بٹ,10780-6569263-8,,1995-03-01,"H-06726, Gulberg, Lahore",18846
UTL006727,ثناء Khan,60444-8318904-1,Hasan خان,1979-11-15,"H-06727, F-8, Islamabad",19670
UTL006728,Ali Raja,89790-6276778-8,محمد راجہ,,"H-06728, F-8, Islamabad",3697
UTL006729,Hasan Shaykh,77195-6675569-5,Faisal Sheikh,1980-06-21,"H-06729, Satellite Town, Rawalpindi",30342
UTL006730,Marium Raja,31939-9397424-1,Mohammad Raja,1975-10-07,"H-06730, DHA, Karachi",44907
UTL006731,Muhammed سید,59357-9378766-0,Ali Syed,2002-02-10,"H-06731, F-7, Islamabad",13977
UTL006732,Hamzah راجہ,10139-2686036-0,حمزہ Raja,1984-11-05,"H-06732, Model Town, Lahore",15838
UTL006733,Mohammed مغل,86519-4644266-0,Mohammad بلال Mughal,1999-01-28,"H-06733, Peoples Colony, Faisalabad",20055
UTL006734,فیصل Malick,35059-5569635-1,Ahmad Malick,1987-08-05,"H-06734, Model Town, Lahore",25743
UTL006735,Hasan ملک,66674-2175920-3,بلال Malick,1967-02-04,"H-06735, Chaklala, Rawalpindi",7281
UTL006736,Othman بٹ,19883-8691594-8,Muhammed Butt,1989-09-11,"H-06736, Jaranwala Road, Faisalabad",79181
UTL006737,Hussein Malick,58896-4737058-1,Bilal Malik,1972-01-21,"H-06737, Bahria Town, Rawalpindi",14373
UTL006738,فیصل Chaudhary,58228-8759686-4,,1998-03-20,"H-06738, Gulshan-e-Iqbal, Karachi",30750
UTL006739,Hassan Awan,53954-5346332-2,Muhammed Othman Awan,1969-02-16,"H-06739, Saddar, Rawalpindi",8492
UTL006740,Muhammed Hamzah Awan,22882-8680410-8,عمران Awan,1996-08-24,"H-06740, Bahria Town, Rawalpindi",8761
UTL006741,Bilal Quraishi,92049-4431612-1,علی Qureshi,1968-06-28,"H-06741, DHA, Karachi",17672
UTL006742,Bilal Syed,39790-7307903-7,Muhammad احمد Sayyid,1990-04-05,"H-06742, Model Town, Lahore",54452
UTL006743,Mohammad شیخ,54120-6847391-2,Ali Shaikh,1968-10-28,"H-06743, Gulshan-e-Iqbal, Karachi",47111
UTL006744,Ahmed قریشی,96801-2333234-0,Othman Qureshi,,"H-06744, Jaranwala Road, Faisalabad",11024
UTL006745,Mohammad اعوان,26384-3750349-8,Ahmed اعوان,1958-12-18,"H-06745, Peoples Colony, Faisalabad",26187
UTL006746,Ayesha راجہ,53700-1814869-0,Mohammad راجہ,1969-09-18,"H-06746, Jaranwala Road, Faisalabad",29052
UTL006747,Muhammed Hassan Sheikh,62337-1367479-9,Bilal Sheikh,1956-04-08,"H-06747, Clifton, Karachi",4433
UTL006748,عائشہ Sheikh,69048-3219725-8,Mohammed Sheikh,1985-10-08,"H-06748, Saddar, Rawalpindi",17874
UTL006749,بلال Moghul,93713-2896254-0,Mohammad Ali مغل,1968-02-19,"H-06749, Saddar, Rawalpindi",56848
UTL006750,Hussain Butt,10711-9285807-9,Mohammad Ahmad Bhatti,1993-05-19,"H-06750, Saddar, Rawalpindi",17644
UTL006751,Muhammad شیخ,97484-1911884-4,Mohammed Faisal Shaykh,,"H-06751, Bahria Town, Rawalpindi",27694
UTL006752,Othman Qureshi,48967-5663743-3,Mohammad Quraishi,1961-02-03,"H-06752, DHA, Karachi",18011
UTL006753,مریم خان,27999-2232884-0,Hamzah خان,1975-04-11,"H-06753, F-7, Islamabad",5624
UTL006754,Ali Choudhary,,Usman Chaudhry,,"H-06754, Chaklala, Rawalpindi",15492
UTL006755,Mohammed Imran Shaykh,34055-6122400-9,Ahmed Shaykh,1972-09-11,"H-06755, Chaklala, Rawalpindi",51227
UTL006756,Muhammed Bilal قریشی,43333-8384828-3,Faysal Quraishi,1990-10-08,"H-06756, Peoples Colony, Faisalabad",7894
UTL006757,Muhammed Bilal Malik,89581-3384414-4,Mohammed علی ملک,,"H-06757, Johar Town, Lahore",47762
UTL006758,محمد اعوان,79673-3127370-3,Mohammed علی اعوان,2003-02-16,"H-06758, Malir, Karachi",16743
UTL006759,Zainab Chaudhry,51224-9166648-0,عثمان Choudhary,1977-08-24,"H-06759, DHA, Karachi",44684
UTL006760,محمد Shaykh,69297-3096963-8,Ali Shaykh,1972-05-01,"H-06760, Satellite Town, Rawalpindi",28306
UTL006761,Ali Butt,15404-6548747-4,Ahmad بٹ,1957-09-26,"H-06761, DHA, Lahore",89363
UTL006762,Sana سید,48823-3338282-6,Hassan سید,2001-04-23,"H-06762, Satellite Town, Rawalpindi",27246
UTL006763,عثمان Sayed,,Mohammed Ahmed سید,2001-12-10,"H-06763, DHA, Lahore",51460
UTL006764,بلال Shaykh,71232-3544031-9,,1980-02-22,"H-06764, Peoples Colony, Faisalabad",8001
UTL006765,Husain Moghul,70394-6177531-6,,1990-08-21,"H-06765, Saddar, Rawalpindi",61802
UTL006766,Muhammad Awan,29585-1948986-7,Osman Awan,1985-01-09,"H-06766, Peoples Colony, Faisalabad",18616
UTL006767,Zainab راجہ,20535-6335815-3,,1967-08-14,"H-06767, Johar Town, Lahore",8666
UTL006768,عمران Malick,43099-4788136-1,علی Malik,1962-12-18,"H-06768, Satellite Town, Rawalpindi",179947
UTL006769,Mariam چوہدری,,حمزہ Choudhary,1990-05-23,"H-06769, E-11, Islamabad",17456
UTL006770,Hira Butt,59315-1390227-9,Ahmad Bhatti,1976-08-24,"H-06770, Chaklala, Rawalpindi",26212
UTL006771,Mohammad Ahmad Qureshi,,Imran Qureshi,1966-04-09,"H-06771, Satellite Town, Rawalpindi",21387
UTL006772,فیصل Awan,65400-3098963-2,,1998-06-28,"H-06772, Jaranwala Road, Faisalabad",18423
UTL006773,Muhammed Ali Malik,83018-8029667-8,حمزہ ملک,1999-10-22,"H-06773, Gulberg, Lahore",17265
UTL006774,فیصل Raja,16776-5076248-9,حسین راجہ,1986-06-18,"H-06774, Peoples Colony, Faisalabad",61272
UTL006775,Muhammad Hussein بٹ,,,1971-11-01,"H-06775, Gulberg, Lahore",40169
UTL006776,Muhammed احمد Awan,24228-9209106-1,عثمان اعوان,2003-05-27,"H-06776, Saddar, Rawalpindi",6842
UTL006777,Muhammad Quraishi,26547-5006667-6,Mohammad Quraishi,1983-07-18,"H-06777, Johar Town, Lahore",27885
UTL006778,Zainab خان,,Mohammad بلال خان,1978-03-26,"H-06778, Chaklala, Rawalpindi",4868
UTL006779,Fatema Bhatti,53438-7390345-6,Muhammed عثمان بٹ,1972-07-10,"H-06779, Jaranwala Road, Faisalabad",21374
UTL006780,حرا Mughal,67843-1077537-0,Hussain Moghul,1980-07-14,"H-06780, DHA, Lahore",33180
UTL006781,Mohammed Ali شیخ,27908-6036369-7,Ahmed Shaykh,1967-01-11,"H-06781, Saddar, Rawalpindi",9330
UTL006782,Mohammed Faysal ملک,20393-8560110-9,Mohammed Bilal Malick,1982-10-08,"H-06782, Jaranwala Road, Faisalabad",19279
UTL006783,Mohammad Shaykh,44758-1477720-9,,1975-06-26,"H-06783, DHA, Karachi",5098
UTL006784,Mariam Ch.,,Muhammed حسین چوہدری,1994-09-07,"H-06784, Madina Town, Faisalabad",15934
UTL006785,Muhammad علی Awan,,Faysal اعوان,,"H-06785, Saddar, Rawalpindi",12270
UTL006786,زینب شیخ,,Mohammed علی شیخ,1980-05-08,"H-06786, E-11, Islamabad",10354
UTL006787,Hira Mughal,28021-6643140-9,Ali مغل,1961-08-03,"H-06787, Chaklala, Rawalpindi",8056
UTL006788,Mohammed بلال راجہ,,Hasan راجہ,1974-12-19,"H-06788, Bahria Town, Islamabad",4364
UTL006789,عثمان Choudhary,94260-5539600-9,,1958-05-20,"H-06789, Chaklala, Rawalpindi",7994
UTL006790,Muhammed Ahmad Butt,,Mohammad فیصل Bhatti,2001-09-15,"H-06790, DHA, Karachi",37948
UTL006791,عثمان Mughal,22732-4461838-7,Mohammad Hassan Mughal,1992-03-28,"H-06791, E-11, Islamabad",16947
UTL006792,Sana Quraishi,19330-9891124-3,Hamza قریشی,2000-01-07,"H-06792, Jaranwala Road, Faisalabad",9209
UTL006793,حرا Ch.,92033-6524461-4,Muhammed Faisal Choudhary,1986-01-16,"H-06793, Clifton, Karachi",6373
UTL006794,مریم Awan,,بلال اعوان,1986-05-24,"H-06794, F-7, Islamabad",6581
UTL006795,Fatema Malik,57161-1759708-4,Hamza ملک,,"H-06795, Jaranwala Road, Faisalabad",20774
UTL006796,Aisha Sheikh,31802-5991359-0,عمران Shaikh,1964-09-26,"H-06796, Jaranwala Road, Faisalabad",10633
UTL006797,Hamzah بٹ,,عمران بٹ,1988-08-02,"H-06797, Malir, Karachi",5998
UTL006798,بلال Khan,12278-3525308-7,,,"H-06798, Bahria Town, Rawalpindi",15946
UTL006799,علی Khan,,Hussein Khan,1997-04-13,"H-06799, F-7, Islamabad",12382
UTL006800,حمزہ قریشی,44551-4134742-2,Hassan Quraishi,1968-07-01,"H-06800, G-10, Islamabad",4699
UTL006801,Hassan بٹ,86657-8163046-9,,1965-02-28,"H-06801, Bahria Town, Rawalpindi",6160
UTL006802,Faisal سید,92085-1590190-8,Imran Sayyid,1977-05-18,"H-06802, Malir, Karachi",4249
UTL006803,عمران راجہ,44955-1241587-9,,1960-12-06,"H-06803, Johar Town, Lahore",60681
UTL006804,حسین Sayyid,14393-4307688-4,عثمان Sayyid,1989-12-24,"H-06804, Gulberg, Lahore",7767
UTL006805,Muhammad Hassan خان,48896-5142098-6,Bilal خان,1981-12-10,"H-06805, Jaranwala Road, Faisalabad",17227
UTL006806,Hussain اعوان,,Mohammad حسن Awan,2003-12-28,"H-06806, North Nazimabad, Karachi",6843
UTL006807,Mohammed Bilal Moghul,,Muhammed حسن مغل,1956-12-17,"H-06807, E-11, Islamabad",50439
UTL006808,ثناء Quraishi,27484-5477859-4,محمد Quraishi,1981-10-11,"H-06808, Johar Town, Lahore",5337
UTL006809,Hamza Malick,25841-9545633-2,Mohammed علی ملک,1959-04-04,"H-06809, Saddar, Rawalpindi",41868
UTL006810,Hasan Sheikh,12785-9767071-1,Faisal Shaykh,1976-10-10,"H-06810, Madina Town, Faisalabad",12985
UTL006811,Zaynab مغل,38557-4413350-4,بلال Mughal,1983-01-12,"H-06811, F-7, Islamabad",26073
UTL006812,حرا Bhatti,,بلال Butt,,"H-06812, Gulshan-e-Iqbal, Karachi",32622
UTL006813,Muhammed Faysal Butt,93990-7582746-1,,1958-03-17,"H-06813, Peoples Colony, Faisalabad",56360
UTL006814,Hassan Awan,23711-2234890-8,حسن اعوان,1995-11-03,"H-06814, Bahria Town, Rawalpindi",28154
UTL006815,Ahmad Awan,,محمد اعوان,1971-09-23,"H-06815, F-8, Islamabad",73557
UTL006816,Imran Shaykh,69287-3097154-9,,,"H-06816, Gulshan-e-Iqbal, Karachi",202941
UTL006817,علی Malick,57883-8040309-8,بلال Malik,1968-02-10,"H-06817, G-10, Islamabad",9003
UTL006818,Aysha بٹ,97631-3027832-6,Mohammad Bilal Bhatti,1992-06-11,"H-06818, DHA, Karachi",6831
UTL006819,Imran ملک,,Imran ملک,1997-09-02,"H-06819, Clifton, Karachi",8495
UTL006820,حمزہ Khan,40772-1367356-9,Muhammad Imran Khan,1970-10-06,"H-06820, Satellite Town, Rawalpindi",47967
UTL006821,Mohammed احمد خان,55920-3519884-3,Husain Khan,1998-09-10,"H-06821, DHA, Lahore",14253
UTL006822,Faysal Choudhary,53402-8510228-1,حمزہ Ch.,1983-10-03,"H-06822, Gulberg, Lahore",25042
UTL006823,Ahmad Moghul,39516-3188750-0,,1980-01-16,"H-06823, Satellite Town, Rawalpindi",63150
UTL006824,Faysal Raja,36656-8590457-8,,1972-06-16,"H-06824, Saddar, Rawalpindi",25099
UTL006825,Hira اعوان,25544-5738180-1,حسن Awan,1998-02-23,"H-06825, Bahria Town, Rawalpindi",12199
UTL006826,Faysal مغل,,Husain مغل,2002-08-25,"H-06826, Gulberg, Lahore",4031
UTL006827,Mohammad Khan,66087-8341311-1,عثمان Khan,,"H-06827, F-7, Islamabad",25910
UTL006828,Bilal Raja,18067-2059408-0,Faisal Raja,,"H-06828, Jaranwala Road, Faisalabad",35733
UTL006829,حسین راجہ,16216-5649504-5,Muhammad Raja,1978-08-07,"H-06829, Cantt, Lahore",43494
UTL006830,Fatimah Khan,29926-6983282-9,حمزہ Khan,1964-03-28,"H-06830, E-11, Islamabad",136049
UTL006831,Hussain Butt,77620-5208251-5,Mohammed Imran Bhatti,1968-02-22,"H-06831, Cantt, Lahore",35921
UTL006832,Hira Khan,34594-4425367-0,Hamza Khan,1984-03-13,"H-06832, Madina Town, Faisalabad",36607
UTL006833,Mohammed Imran اعوان,48765-7005934-3,,1999-09-05,"H-06833, F-7, Islamabad",23152
UTL006834,Imran Khan,70206-7785551-9,فیصل Khan,1999-09-12,"H-06834, Model Town, Lahore",24641
UTL006835,Fatema Qureshi,80232-8062486-6,Mohammad Hussein Quraishi,1960-08-06,"H-06835, DHA, Karachi",5770
UTL006836,Osman Malik,58153-6490203-3,فیصل ملک,1972-06-07,"H-06836, Jaranwala Road, Faisalabad",8696
UTL006837,علی ملک,26299-2293396-1,Mohammad ملک,2001-06-12,"H-06837, E-11, Islamabad",30259
UTL006838,حرا Moghul,32413-5133399-4,Ahmed Moghul,1970-03-10,"H-06838, F-8, Islamabad",29596
UTL006839,عمران Mughal,37834-7305914-5,احمد Moghul,1994-06-14,"H-06839, Jaranwala Road, Faisalabad",16975
UTL006840,Aysha Chaudhry,30074-3054499-9,Hamzah Chaudhary,1967-10-24,"H-06840, E-11, Islamabad",11989
UTL006841,Ahmad Awan,71268-1066075-7,حمزہ Awan,1993-05-19,"H-06841, Chaklala, Rawalpindi",61138
UTL006842,Ali Qureshi,59873-7313786-3,Muhammad حمزہ قریشی,,"H-06842, Jaranwala Road, Faisalabad",22656
UTL006843,Aisha Mughal,67075-8004576-7,Ahmed مغل,1985-04-18,"H-06843, Clifton, Karachi",4219
UTL006844,Aisha Choudhary,92967-9093248-1,Osman Ch.,,"H-06844, Clifton, Karachi",546579
UTL006845,ثناء خان,74097-4196915-6,Hassan خان,1986-07-27,"H-06845, North Nazimabad, Karachi",88755
UTL006846,محمد راجہ,14921-3994458-1,Muhammad Faysal راجہ,1962-03-22,"H-06846, Saddar, Rawalpindi",10608
UTL006847,Hira Butt,91073-7852822-8,,,"H-06847, E-11, Islamabad",28464
UTL006848,Hassan Malik,80692-6057611-8,Hamza Malik,2001-05-04,"H-06848, Chaklala, Rawalpindi",9735
UTL006849,احمد Butt,50491-9679604-8,Muhammad بٹ,1979-02-16,"H-06849, Chaklala, Rawalpindi",11805
UTL006850,Bilal Sayed,73977-2891776-8,Hasan سید,1973-05-20,"H-06850, Peoples Colony, Faisalabad",4756
UTL006851,Mohammad بلال Butt,56479-7558812-3,Bilal Bhatti,,"H-06851, Bahria Town, Rawalpindi",42519
UTL006852,Mohammad بلال خان,33272-4179156-3,Mohammed عمران Khan,1992-12-05,"H-06852, Bahria Town, Islamabad",5822
UTL006853,حسن خان,23478-4060146-9,Ali خان,1988-06-02,"H-06853, Bahria Town, Rawalpindi",19148
UTL006854,Usman Mughal,,احمد Moghul,1977-02-11,"H-06854, Malir, Karachi",7083
UTL006855,Fatima ملک,11946-9483623-7,Imran Malick,1959-04-24,"H-06855, Saddar, Rawalpindi",8757
UTL006856,Ahmad ملک,33416-8728746-9,,2000-05-02,"H-06856, North Nazimabad, Karachi",33358
UTL006857,Hamza Ch.,88938-9780313-6,عثمان Ch.,2000-10-18,"H-06857, G-10, Islamabad",24060
UTL006858,Mohammad راجہ,,,1955-04-21,"H-06858, Bahria Town, Islamabad",7688
UTL006859,Hamzah Ch.,87854-6428861-7,,1959-03-28,"H-06859, Model Town, Lahore",267724
UTL006860,Mohammad حسن Awan,,علی اعوان,1998-05-28,"H-06860, Chaklala, Rawalpindi",27476
UTL006861,Ali Khan,,Osman خان,1981-04-08,"H-06861, Saddar, Rawalpindi",34448
UTL006862,Hamzah قریشی,94364-5662015-7,فیصل Qureshi,1968-11-06,"H-06862, Satellite Town, Rawalpindi",7638
UTL006863,حسن Khan,31293-4204891-2,عمران خان,1993-04-03,"H-06863, Chaklala, Rawalpindi",9209
UTL006864,بلال Moghul,14858-7833242-3,Hamza Moghul,1963-02-22,"H-06864, G-10, Islamabad",29072
UTL006865,Usman Moghul,31292-4039165-4,Muhammad Faysal Mughal,1982-04-17,"H-06865, Cantt, Lahore",74440
UTL006866,Ayesha Sayed,20303-8608139-5,Othman Syed,1997-05-27,"H-06866, Jaranwala Road, Faisalabad",19783
UTL006867,Mohammed Osman Malick,14046-1643036-1,Muhammed Malick,2002-06-18,"H-06867, Clifton, Karachi",7654
UTL006868,Ahmed بٹ,,فیصل Butt,1997-05-03,"H-06868, F-8, Islamabad",21395
UTL006869,Hasan قریشی,59386-4305417-9,Muhammad Qureshi,1983-04-27,"H-06869, E-11, Islamabad",8178
UTL006870,بلال ملک,22210-3890628-9,Hussain Malik,1996-11-23,"H-06870, Madina Town, Faisalabad",27702
UTL006871,Muhammad Malik,27990-6131212-1,Faysal ملک,1986-06-01,"H-06871, Johar Town, Lahore",9654
UTL006872,Fatema Chaudhry,68253-5394829-5,Hussain Chaudhry,1994-09-23,"H-06872, Madina Town, Faisalabad",28219
UTL006873,Zainab اعوان,97301-8783389-8,Hassan Awan,1965-02-21,"H-06873, Satellite Town, Rawalpindi",25870
UTL006874,Marium Chaudhary,,Muhammad Bilal Chaudhary,1998-09-07,"H-06874, Johar Town, Lahore",37692
UTL006875,Hussain Qureshi,58384-6981031-9,Muhammed Ahmed Quraishi,1975-02-16,"H-06875, Malir, Karachi",17735
UTL006876,Muhammed حمزہ Chaudhry,16995-4145168-1,Hussain Ch.,1965-02-16,"H-06876, Model Town, Lahore",28166
UTL006877,Muhammed Hasan اعوان,43555-3217984-8,Mohammad Ali اعوان,1967-05-09,"H-06877, Gulberg, Lahore",9029
UTL006878,Muhammed Faisal خان,32849-3433799-3,Mohammad خان,1965-06-07,"H-06878, Saddar, Rawalpindi",10931
UTL006879,حمزہ Shaykh,47324-5592498-4,Mohammed Husain Shaikh,1972-01-11,"H-06879, Gulberg, Lahore",38703
UTL006880,Zainab Raja,17324-7000734-5,,,"H-06880, Peoples Colony, Faisalabad",7053
UTL006881,Mohammad Ali Mughal,90720-4855426-0,Muhammad Faisal Moghul,,"H-06881, G-10, Islamabad",22962
UTL006882,Hasan Shaikh,37031-3810555-8,علی Shaikh,1968-04-05,"H-06882, Gulshan-e-Iqbal, Karachi",81230
UTL006883,Hira Malick,61867-5808875-5,Bilal Malick,1958-10-17,"H-06883, Bahria Town, Rawalpindi",21781
UTL006884,Muhammed Ahmed Malik,,Hussein ملک,1958-03-27,"H-06884, Cantt, Lahore",32521
UTL006885,Mohammad Khan,97087-3747397-9,Osman Khan,1978-04-13,"H-06885, Cantt, Lahore",6764
UTL006886,Mohammad Osman اعوان,15675-4734770-8,Muhammed عمران Awan,1976-08-15,"H-06886, Johar Town, Lahore",15057
UTL006887,Hassan Choudhary,13529-8095419-3,Othman Chaudhary,1991-10-21,"H-06887, Johar Town, Lahore",28836
UTL006888,Bilal Awan,38917-2699891-7,Usman اعوان,1957-09-04,"H-06888, Clifton, Karachi",27043
UTL006889,Ahmad Sayed,,Ali سید,1965-02-26,"H-06889, Gulberg, Lahore",17114
UTL006890,زینب Bhatti,35345-4831689-4,Ahmed Bhatti,1988-02-06,"H-06890, Saddar, Rawalpindi",13093
UTL006891,Sana Syed,33719-6455799-3,بلال سید,2001-02-28,"H-06891, Malir, Karachi",17715
UTL006892,عمران Awan,,احمد Awan,1959-01-28,"H-06892, Peoples Colony, Faisalabad",20724
UTL006893,فیصل Ch.,11391-8600824-6,علی Chaudhary,1978-08-07,"H-06893, Gulberg, Lahore",12121
UTL006894,Fatimah Raja,96551-2406559-6,,1959-06-18,"H-06894, Bahria Town, Islamabad",3486
UTL006895,Faisal ملک,,,1975-09-02,"H-06895, DHA, Karachi",9551
UTL006896,Mohammed Hamzah چوہدری,69704-8555146-9,Hassan Chaudhry,1959-12-12,"H-06896, Johar Town, Lahore",48140
UTL006897,بلال قریشی,,Mohammad عمران قریشی,1980-09-11,"H-06897, Chaklala, Rawalpindi",27122
UTL006898,Hira چوہدری,72404-5952923-4,Hasan Ch.,1969-09-26,"H-06898, Model Town, Lahore",11243
UTL006899,Muhammad حسین Malik,87796-4619574-9,,1997-02-03,"H-06899, F-8, Islamabad",12213
UTL006900,Hira Raja,24784-2618378-3,Muhammed Hamzah راجہ,1978-10-14,"H-06900, Bahria Town, Rawalpindi",8009
UTL006901,Muhammed Sayed,96461-3813684-3,,1973-03-17,"H-06901, Satellite Town, Rawalpindi",6702
UTL006902,Hira Mughal,86144-1325701-0,Muhammad احمد Moghul,2002-01-08,"H-06902, G-10, Islamabad",30729
UTL006903,علی Malick,43700-5863331-6,حسن Malik,1967-01-06,"H-06903, Madina Town, Faisalabad",6568
UTL006904,Faisal Mughal,85481-3580131-7,حسین مغل,1957-04-08,"H-06904, Bahria Town, Islamabad",28978
UTL006905,Hasan شیخ,89654-1738070-6,عمران Shaikh,1971-01-02,"H-06905, Madina Town, Faisalabad",28390
UTL006906,Fatimah Moghul,26279-4968374-0,Muhammad Hasan Moghul,1993-10-10,"H-06906, Model Town, Lahore",385068
UTL006907,Ahmad Chaudhry,36823-6198636-2,,1989-10-19,"H-06907, DHA, Lahore",7922
UTL006908,Mohammad Hussain چوہدری,60360-6691767-0,فیصل چوہدری,1973-12-18,"H-06908, Model Town, Lahore",44706
UTL006909,Othman Quraishi,38057-4269148-6,Osman قریشی,1972-06-08,"H-06909, Saddar, Rawalpindi",9721
UTL006910,Muhammed حسن Butt,58567-8029258-4,حسن Butt,1964-08-07,"H-06910, Satellite Town, Rawalpindi",5836
UTL006911,Ayesha بٹ,,Mohammad Ahmad بٹ,1964-02-26,"H-06911, Gulberg, Lahore",7005
UTL006912,Mohammad Hamzah مغل,13370-5730534-3,,1984-03-09,"H-06912, Chaklala, Rawalpindi",46623
UTL006913,زینب Mughal,,بلال Moghul,1993-09-04,"H-06913, North Nazimabad, Karachi",38260
UTL006914,بلال بٹ,,Hassan Butt,1984-06-22,"H-06914, DHA, Lahore",12443
UTL006915,Marium Raja,57934-2973318-0,Muhammed Imran Raja,1960-07-11,"H-06915, F-8, Islamabad",4967
UTL006916,Sana Awan,84873-7609895-7,Husain اعوان,1997-08-28,"H-06916, DHA, Karachi",4957
UTL006917,Ahmad Sayyid,,Bilal سید,2002-07-28,"H-06917, Johar Town, Lahore",77825
UTL006918,Muhammed Usman Malick,17818-5151827-2,Imran Malik,1994-03-14,"H-06918, G-10, Islamabad",7570
UTL006919,Mohammed بلال Syed,,Ahmed Sayyid,1999-05-26,"H-06919, Saddar, Rawalpindi",7255
UTL006920,Mohammad Ahmed اعوان,86285-7173230-8,Hassan اعوان,1991-11-17,"H-06920, G-10, Islamabad",64608
UTL006921,Aisha مغل,50177-7408386-2,فیصل Mughal,1977-07-15,"H-06921, E-11, Islamabad",31466
UTL006922,Othman بٹ,,Faysal Butt,1969-08-10,"H-06922, F-8, Islamabad",37345
UTL006923,ثناء خان,,Imran خان,1968-09-25,"H-06923, Jaranwala Road, Faisalabad",16040
UTL006924,Muhammad فیصل Malik,25828-7136035-7,Bilal Malik,2002-12-27,"H-06924, Satellite Town, Rawalpindi",23496
UTL006925,Imran Khan,,Muhammed Imran خان,1981-03-23,"H-06925, Bahria Town, Rawalpindi",18463
UTL006926,ثناء راجہ,36891-8306884-7,بلال Raja,1981-02-15,"H-06926, North Nazimabad, Karachi",14702
UTL006927,علی Chaudhry,,Muhammed Choudhary,1956-02-26,"H-06927, North Nazimabad, Karachi",34141
UTL006928,Ahmad Sayyid,48943-6172346-0,,1994-01-08,"H-06928, Model Town, Lahore",10688
UTL006929,Mohammed Hamzah Sheikh,49778-4765999-0,عثمان Sheikh,1980-10-14,"H-06929, F-8, Islamabad",66894
UTL006930,عثمان راجہ,28686-4384823-0,Muhammad Raja,1980-08-19,"H-06930, North Nazimabad, Karachi",16666
UTL006931,بلال Choudhary,,Muhammed Hussain Chaudhry,1966-03-13,"H-06931, Peoples Colony, Faisalabad",32729
UTL006932,حمزہ Qureshi,10486-2965627-1,Faisal قریشی,,"H-06932, Peoples Colony, Faisalabad",43838
UTL006933,Sana Butt,,Othman بٹ,1988-05-17,"H-06933, Jaranwala Road, Faisalabad",27738
UTL006934,Imran ملک,95320-4130403-7,,1975-09-04,"H-06934, DHA, Lahore",13757
UTL006935,Ahmad Sayyid,54560-1623332-6,Usman سید,1983-04-28,"H-06935, Jaranwala Road, Faisalabad",21119
UTL006936,Ahmad قریشی,83958-8808441-4,علی قریشی,1988-07-14,"H-06936, F-8, Islamabad",17924
UTL006937,علی Chaudhary,83463-3498655-8,حمزہ چوہدری,,"H-06937, Johar Town, Lahore",16942
UTL006938,Ayesha Awan,74398-3638060-0,Mohammed Usman اعوان,1963-10-03,"H-06938, Peoples Colony, Faisalabad",14031
UTL006939,زینب Khan,40157-3415834-7,Hamzah خان,2000-07-19,"H-06939, Peoples Colony, Faisalabad",71190
UTL006940,Hasan Malick,,عمران Malik,2002-07-26,"H-06940, Clifton, Karachi",26374
UTL006941,Hassan Syed,74701-1326254-4,احمد Sayed,1961-09-12,"H-06941, Chaklala, Rawalpindi",6534
UTL006942,Hasan ملک,33172-3050759-9,Bilal ملک,1970-05-13,"H-06942, Chaklala, Rawalpindi",7652
UTL006943,محمد راجہ,,Muhammad راجہ,1983-09-26,"H-06943, Chaklala, Rawalpindi",36798
UTL006944,علی Bhatti,72908-3570240-6,Imran Bhatti,1963-12-25,"H-06944, Gulshan-e-Iqbal, Karachi",30743
UTL006945,Muhammed عمران Chaudhary,21455-7672250-0,بلال Chaudhary,2000-02-28,"H-06945, Chaklala, Rawalpindi",102016
UTL006946,Mohammed Chaudhary,,Mohammed حسن چوہدری,1957-01-20,"H-06946, F-7, Islamabad",82575
UTL006947,علی Butt,49222-4222684-1,,1974-06-01,"H-06947, Madina Town, Faisalabad",153089
UTL006948,Mohammed Hasan بٹ,52961-7838648-9,علی Bhatti,1972-01-04,"H-06948, Jaranwala Road, Faisalabad",5197
UTL006949,Mohammed Faysal Raja,65081-9854497-4,Imran Raja,,"H-06949, Chaklala, Rawalpindi",15602
UTL006950,Ali Shaikh,49490-9625454-7,Hussain Shaykh,1995-04-05,"H-06950, Madina Town, Faisalabad",15314
UTL006951,Othman Mughal,94517-6519370-1,Ahmed Mughal,2003-05-23,"H-06951, Peoples Colony, Faisalabad",30697
UTL006952,Mohammed Khan,72117-5776639-7,Muhammed احمد خان,1991-10-03,"H-06952, Malir, Karachi",15228
UTL006953,Ahmad Malik,78440-4135716-0,Othman Malik,1978-12-13,"H-06953, Bahria Town, Rawalpindi",45050
UTL006954,Muhammed Hassan Mughal,,,1994-03-06,"H-06954, Saddar, Rawalpindi",51370
UTL006955,بلال ملک,88207-9062585-5,Mohammed علی Malik,1978-05-16,"H-06955, DHA, Lahore",5826
UTL006956,Sana Raja,,Mohammad Hamzah راجہ,1963-11-12,"H-06956, Model Town, Lahore",9587
UTL006957,Ali خان,92270-7068854-5,Muhammad Khan,1992-10-01,"H-06957, Peoples Colony, Faisalabad",9055
UTL006958,Hasan Khan,49724-8468644-1,بلال Khan,,"H-06958, Bahria Town, Islamabad",13484
UTL006959,Bilal Malick,14344-4394613-6,Muhammad ملک,1962-03-16,"H-06959, Model Town, Lahore",15582
UTL006960,حمزہ Khan,74342-8146984-0,Ali Khan,1998-05-01,"H-06960, Madina Town, Faisalabad",31077
UTL006961,Bilal Raja,,علی راجہ,1991-10-04,"H-06961, Peoples Colony, Faisalabad",6124
UTL006962,Faisal ملک,,حسن ملک,1964-04-18,"H-06962, Satellite Town, Rawalpindi",9699
UTL006963,Mohammad Raja,,Hamzah راجہ,1957-05-15,"H-06963, Model Town, Lahore",12623
UTL006964,Imran Malick,,علی Malik,1981-02-28,"H-06964, Saddar, Rawalpindi",5395
UTL006965,Hamza Butt,,فیصل Butt,1982-09-06,"H-06965, Peoples Colony, Faisalabad",4673
UTL006966,Hamzah خان,,Mohammed Usman Khan,1994-10-19,"H-06966, Bahria Town, Rawalpindi",7540
UTL006967,ثناء Syed,54158-6605104-0,Bilal Sayyid,1985-03-17,"H-06967, DHA, Lahore",43933
UTL006968,Mohammad عثمان Shaikh,87772-2373862-9,فیصل Shaykh,,"H-06968, Gulberg, Lahore",132941
UTL006969,حرا اعوان,82871-9307178-4,عمران Awan,1992-12-06,"H-06969, Clifton, Karachi",5056
UTL006970,حسن ملک,,Faysal Malick,1999-02-05,"H-06970, DHA, Lahore",19475
UTL006971,Usman Ch.,23791-8525560-4,فیصل چوہدری,1979-12-10,"H-06971, Model Town, Lahore",40693
UTL006972,مریم ملک,69677-2739277-4,حسن ملک,1997-11-20,"H-06972, Peoples Colony, Faisalabad",24167
UTL006973,Ayesha اعوان,10581-6301431-3,Faysal Awan,1971-08-15,"H-06973, Model Town, Lahore",103593
UTL006974,Hassan Ch.,,Husain چوہدری,1996-06-14,"H-06974, Johar Town, Lahore",38228
UTL006975,Mariam Malik,,حسن Malick,,"H-06975, Gulshan-e-Iqbal, Karachi",71707
UTL006976,بلال Khan,31901-1841424-7,Mohammad خان,1993-06-28,"H-06976, E-11, Islamabad",10632
UTL006977,Hamzah Qureshi,63013-4932627-5,,1958-06-16,"H-06977, F-8, Islamabad",27344
UTL006978,بلال Chaudhry,88682-4798728-8,Hussein چوہدری,1999-06-15,"H-06978, Model Town, Lahore",14691
UTL006979,Hira Moghul,,Mohammad Mughal,1971-07-03,"H-06979, Madina Town, Faisalabad",6599
UTL006980,حسن Shaikh,,Muhammad احمد Sheikh,1989-06-13,"H-06980, Saddar, Rawalpindi",6119
UTL006981,ثناء Khan,94413-2415634-3,Muhammed Ahmad Khan,1966-02-26,"H-06981, Satellite Town, Rawalpindi",33857
UTL006982,زینب Sayed,52293-2714755-6,Ahmed سید,1963-12-25,"H-06982, Bahria Town, Rawalpindi",78373
UTL006983,حرا Malik,27863-7589582-3,حسن Malick,1993-04-02,"H-06983, North Nazimabad, Karachi",4694
UTL006984,حرا قریشی,28544-3547034-8,Hasan Quraishi,1955-01-19,"H-06984, Jaranwala Road, Faisalabad",5497
UTL006985,Imran Malick,86396-7021159-5,فیصل ملک,1996-11-14,"H-06985, Peoples Colony, Faisalabad",29943
UTL006986,حرا راجہ,20588-5464823-9,,1999-09-18,"H-06986, Jaranwala Road, Faisalabad",321974
UTL006987,Ahmad Shaykh,92246-1210456-8,علی Sheikh,1998-08-07,"H-06987, Clifton, Karachi",25292
UTL006988,فاطمہ Syed,,Faisal Sayed,1979-06-25,"H-06988, E-11, Islamabad",9291
UTL006989,Imran Sheikh,95490-6330230-0,حسین Sheikh,1973-07-11,"H-06989, Johar Town, Lahore",54369
UTL006990,Aisha Malick,97891-9444405-5,Imran ملک,1974-10-22,"H-06990, Bahria Town, Rawalpindi",17049
UTL006991,عمران بٹ,46782-5868078-1,Bilal بٹ,,"H-06991, Madina Town, Faisalabad",8866
UTL006992,Fatima Bhatti,76872-6675376-0,Hasan Butt,1957-09-07,"H-06992, Jaranwala Road, Faisalabad",20948
UTL006993,فیصل خان,18581-6333403-4,علی خان,1965-02-18,"H-06993, North Nazimabad, Karachi",131953
UTL006994,Hassan خان,75788-8770154-4,Muhammed Osman خان,1967-05-26,"H-06994, Chaklala, Rawalpindi",16811
UTL006995,Muhammed احمد خان,84623-1794555-2,Muhammad Osman خان,1986-04-23,"H-06995, Chaklala, Rawalpindi",12423
UTL006996,حرا شیخ,49603-7615719-6,Hamza شیخ,1973-07-27,"H-06996, Madina Town, Faisalabad",7015
UTL006997,Mohammed Othman ملک,87699-9577427-7,Hussain Malik,1966-08-21,"H-06997, Chaklala, Rawalpindi",16783
UTL006998,Hira Sheikh,75567-6565603-8,,1991-09-02,"H-06998, Cantt, Lahore",15818
UTL006999,عثمان Sheikh,,Mohammed Shaykh,1970-05-14,"H-06999, Bahria Town, Islamabad",18458
UTL007000,Hira اعوان,,,1994-06-07,"H-07000, DHA, Lahore",12455
UTL007001,Maryam Chaudhry,89192-4062215-6,Imran Chaudhry,,"H-07001, Bahria Town, Rawalpindi",24795
UTL007002,Husain ملک,58219-4870881-3,بلال Malick,1956-03-18,"H-07002, F-8, Islamabad",81404
UTL007003,Maryam قریشی,36090-7266942-9,Hussein Qureshi,1973-07-27,"H-07003, Satellite Town, Rawalpindi",18749
UTL007004,Muhammed Hassan قریشی,65821-3619469-0,Mohammed Bilal Qureshi,1981-06-05,"H-07004, Chaklala, Rawalpindi",6282
UTL007005,Zaynab Qureshi,84065-9548613-0,Mohammad قریشی,1960-08-23,"H-07005, Cantt, Lahore",6842
UTL007006,Mariam سید,52043-7869578-3,Mohammad Syed,1995-12-15,"H-07006, Saddar, Rawalpindi",23220
UTL007007,Usman اعوان,71362-7425576-6,,1958-01-26,"H-07007, Peoples Colony, Faisalabad",77430
UTL007008,Mohammed علی اعوان,41342-8803535-2,بلال Awan,2003-06-03,"H-07008, DHA, Lahore",31461
UTL007009,عمران Qureshi,,,1995-01-06,"H-07009, Bahria Town, Rawalpindi",30881
UTL007010,Mohammed بلال Bhatti,91882-8369561-7,فیصل Bhatti,1973-05-27,"H-07010, Johar Town, Lahore",11758
UTL007011,فیصل Shaikh,15056-4590880-1,Muhammed Imran Shaykh,2003-03-16,"H-07011, Gulshan-e-Iqbal, Karachi",12276
UTL007012,Ahmed Mughal,72827-8767505-1,Mohammed Moghul,1988-07-13,"H-07012, Malir, Karachi",6938
UTL007013,Hamzah Moghul,17220-3141739-8,Hasan مغل,1992-03-15,"H-07013, Cantt, Lahore",18302
UTL007014,Sana Mughal,71866-9625471-6,فیصل Mughal,1955-11-07,"H-07014, F-8, Islamabad",8988
UTL007015,Mohammad احمد Shaykh,90730-2711056-6,Hamzah شیخ,,"H-07015, Peoples Colony, Faisalabad",34360
UTL007016,Mohammad احمد Raja,13029-8451865-3,Usman Raja,1977-03-27,"H-07016, DHA, Karachi",10228
UTL007017,Ali Awan,58536-4669516-8,Mohammed Imran اعوان,,"H-07017, DHA, Karachi",9557
UTL007018,حرا Awan,89706-5555138-1,عثمان Awan,2003-07-16,"H-07018, Jaranwala Road, Faisalabad",19998
UTL007019,Imran Syed,,Usman Sayyid,1999-12-19,"H-07019, Peoples Colony, Faisalabad",5125
UTL007020,Fatimah Chaudhary,60627-2221768-7,عمران Choudhary,1991-02-16,"H-07020, Model Town, Lahore",32639
UTL007021,Muhammed Chaudhry,43667-2838195-1,عمران Ch.,1994-11-10,"H-07021, Satellite Town, Rawalpindi",7707
UTL007022,ثناء Mughal,79510-7758730-8,Husain مغل,1989-08-18,"H-07022, Cantt, Lahore",15293
UTL007023,Mohammed Husain Syed,68329-2517415-6,Muhammad Imran Sayyid,1977-06-03,"H-07023, Jaranwala Road, Faisalabad",13964
UTL007024,Hamzah اعوان,53250-3144880-8,Ahmed اعوان,1977-10-01,"H-07024, DHA, Lahore",10625
UTL007025,حرا Malick,,,1968-10-23,"H-07025, Cantt, Lahore",7146
UTL007026,Mohammad Imran Qureshi,,Imran Qureshi,,"H-07026, Jaranwala Road, Faisalabad",43370
UTL007027,Ahmed Quraishi,76940-8496301-2,Hussein قریشی,1988-12-07,"H-07027, Jaranwala Road, Faisalabad",9938
UTL007028,Bilal Awan,61797-9202165-1,علی اعوان,1970-10-17,"H-07028, F-7, Islamabad",8748
UTL007029,Hassan مغل,90239-7552183-8,عمران مغل,1985-09-20,"H-07029, Peoples Colony, Faisalabad",8261
UTL007030,حسین Chaudhary,50605-4551714-6,Hamza Ch.,1976-03-07,"H-07030, Bahria Town, Rawalpindi",54190
UTL007031,بلال Chaudhry,12079-9579928-9,Hamza Chaudhry,1967-04-27,"H-07031, Saddar, Rawalpindi",8285
UTL007032,حسن Khan,28446-5890043-7,احمد Khan,1991-06-27,"H-07032, Peoples Colony, Faisalabad",11549
UTL007033,Mohammed حمزہ Awan,77339-8827983-1,بلال Awan,1997-04-10,"H-07033, DHA, Lahore",15212
UTL007034,Sana Butt,84459-8910921-4,Mohammad Ahmed بٹ,1968-06-08,"H-07034, Madina Town, Faisalabad",16232
UTL007035,حسین سید,83948-9228111-8,Hassan Syed,1983-01-03,"H-07035, Madina Town, Faisalabad",7908
UTL007036,Muhammed Malick,,,1960-02-06,"H-07036, Clifton, Karachi",11610
UTL007037,Sana Awan,54505-3900554-7,بلال Awan,1997-10-14,"H-07037, G-10, Islamabad",139436
UTL007038,علی راجہ,74008-8308399-6,Mohammed Hasan راجہ,1983-09-18,"H-07038, Gulberg, Lahore",13641
UTL007039,Hasan Khan,73433-2721947-2,حسن Khan,1999-08-18,"H-07039, Satellite Town, Rawalpindi",10823
UTL007040,Hassan راجہ,44346-6975882-4,عمران Raja,1964-08-08,"H-07040, Johar Town, Lahore",6886
UTL007041,Hussein Raja,65113-2577693-4,فیصل Raja,1988-08-27,"H-07041, Malir, Karachi",13474
UTL007042,عمران Shaykh,76202-3486853-9,علی Shaikh,1974-11-12,"H-07042, Peoples Colony, Faisalabad",23173
UTL007043,Hamzah Shaikh,55077-7310219-3,علی Sheikh,1999-06-05,"H-07043, Gulshan-e-Iqbal, Karachi",13797
UTL007044,Imran Shaikh,96150-5843943-0,,1968-09-04,"H-07044, Clifton, Karachi",22547
UTL007045,Faysal خان,,Hasan خان,1967-02-22,"H-07045, Jaranwala Road, Faisalabad",9789
UTL007046,Bilal راجہ,60409-5033350-4,عمران راجہ,1993-04-14,"H-07046, North Nazimabad, Karachi",32096
UTL007047,Othman Qureshi,20499-8743566-2,حمزہ Quraishi,1987-06-07,"H-07047, Saddar, Rawalpindi",69865
UTL007048,Zaynab قریشی,,,1993-03-18,"H-07048, Bahria Town, Rawalpindi",19301
UTL007049,عمران Malik,96202-3771871-9,Mohammad Malick,1958-03-24,"H-07049, DHA, Karachi",7916
UTL007050,محمد اعوان,95584-5089942-6,Bilal اعوان,1993-01-05,"H-07050, Peoples Colony, Faisalabad",49204
UTL007051,Mohammed علی راجہ,33195-6958042-2,,1977-06-06,"H-07051, DHA, Lahore",5300
UTL007052,علی Mughal,38379-6624727-2,,1996-04-08,"H-07052, Madina Town, Faisalabad",12129
UTL007053,Othman Awan,,Muhammed Awan,1965-04-27,"H-07053, Peoples Colony, Faisalabad",27242
UTL007054,Aisha خان,12524-5698470-6,Mohammad عمران Khan,1967-06-05,"H-07054, DHA, Karachi",55022
UTL007055,Usman خان,,Hassan خان,1975-08-02,"H-07055, Satellite Town, Rawalpindi",9655
UTL007056,بلال قریشی,27972-9733666-0,Mohammed Bilal Quraishi,1999-06-04,"H-07056, North Nazimabad, Karachi",11737
UTL007057,Ahmed Shaikh,,,1982-11-25,"H-07057, Chaklala, Rawalpindi",5843
UTL007058,Muhammad Ali Butt,51531-6041002-7,Mohammad Bilal Butt,1986-02-19,"H-07058, Jaranwala Road, Faisalabad",21598
UTL007059,Muhammad Hamza راجہ,25545-4947726-2,Muhammad عثمان Raja,1989-09-25,"H-07059, Gulberg, Lahore",23029
UTL007060,Mohammed علی Mughal,10103-8207381-5,Mohammad Hasan Moghul,1996-07-13,"H-07060, Johar Town, Lahore",7156
UTL007061,Ahmad Shaikh,88476-3560081-8,Mohammed Ahmed Sheikh,1971-12-27,"H-07061, Johar Town, Lahore",13012
UTL007062,علی Mughal,,Muhammad Husain Moghul,1984-05-25,"H-07062, Madina Town, Faisalabad",7005
UTL007063,محمد Butt,43945-4135588-8,Imran Bhatti,1970-04-27,"H-07063, Cantt, Lahore",66122
UTL007064,احمد Qureshi,32414-8978136-0,Mohammad Ali قریشی,1971-11-23,"H-07064, Jaranwala Road, Faisalabad",9853
UTL007065,Mohammed علی Raja,32926-4688724-4,Husain راجہ,1981-04-23,"H-07065, Bahria Town, Islamabad",23399
UTL007066,Ahmad مغل,14330-2132608-1,Mohammed Hamzah Moghul,1964-11-08,"H-07066, E-11, Islamabad",30926
UTL007067,فیصل Khan,,Hassan Khan,1986-09-12,"H-07067, DHA, Karachi",8730
UTL007068,Hassan خان,75251-6146659-3,Mohammad خان,1964-02-25,"H-07068, Malir, Karachi",34790
UTL007069,Mariam Ch.,69233-4920839-9,عثمان Ch.,1988-10-10,"H-07069, Johar Town, Lahore",7487
UTL007070,Zaynab سید,26418-7521763-6,حسن Sayed,1956-06-19,"H-07070, F-7, Islamabad",11989
UTL007071,عمران Shaykh,,,1969-07-24,"H-07071, Gulberg, Lahore",5197
UTL007072,Hassan قریشی,82164-2456683-7,Usman Quraishi,1996-06-16,"H-07072, E-11, Islamabad",46969
UTL007073,Hira Raja,59514-9496208-6,Muhammed بلال راجہ,2003-01-20,"H-07073, Malir, Karachi",67901
UTL007074,Mohammed Awan,64945-4520224-8,,2001-03-08,"H-07074, E-11, Islamabad",45876
UTL007075,Muhammed Malik,,,1978-07-22,"H-07075, Chaklala, Rawalpindi",17747
UTL007076,Hira Shaikh,,Muhammed Usman Shaikh,1978-08-18,"H-07076, Cantt, Lahore",18714
UTL007077,Fatimah Sheikh,25340-5684200-6,Hamza Shaikh,1974-08-02,"H-07077, Peoples Colony, Faisalabad",14655
UTL007078,حمزہ قریشی,91269-1681133-4,,,"H-07078, Saddar, Rawalpindi",5542
UTL007079,Fatima Bhatti,,Mohammad Faysal Butt,1984-05-17,"H-07079, Malir, Karachi",56292
UTL007080,فیصل Syed,,Mohammad Imran Syed,,"H-07080, Gulshan-e-Iqbal, Karachi",13336
UTL007081,Imran Qureshi,23724-8351882-9,,1982-04-09,"H-07081, Malir, Karachi",8444
UTL007082,محمد Sayed,83493-3988926-4,Hamzah سید,1997-10-26,"H-07082, North Nazimabad, Karachi",66849
UTL007083,Faisal Awan,12708-2398002-7,Faisal اعوان,1966-11-06,"H-07083, Madina Town, Faisalabad",12814
UTL007084,فیصل راجہ,18162-9591365-5,Muhammad عثمان Raja,1969-03-16,"H-07084, Jaranwala Road, Faisalabad",6349
UTL007085,Othman Quraishi,70945-2529326-8,Ahmed قریشی,,"H-07085, Clifton, Karachi",14249
UTL007086,Marium Sayyid,11020-6678109-3,Hussain سید,,"H-07086, Bahria Town, Islamabad",8141
UTL007087,Hussain Qureshi,24114-6983593-9,عمران Quraishi,1971-06-12,"H-07087, DHA, Karachi",5638
UTL007088,Fatima Chaudhary,69692-2645280-4,Muhammed Choudhary,1961-09-21,"H-07088, DHA, Lahore",13645
UTL007089,Hamza Malik,75307-1249232-2,Mohammad Faisal Malik,1985-03-16,"H-07089, Saddar, Rawalpindi",66417
UTL007090,فیصل Bhatti,,Muhammed Faysal Butt,2002-08-06,"H-07090, G-10, Islamabad",33873
UTL007091,حسین Raja,43460-2675216-7,عثمان Raja,1986-03-07,"H-07091, Cantt, Lahore",9858
UTL007092,Ali Syed,46048-7428282-5,Mohammed عثمان سید,,"H-07092, Peoples Colony, Faisalabad",7793
UTL007093,Ali Choudhary,36509-3593080-5,,1976-09-09,"H-07093, Madina Town, Faisalabad",12942
UTL007094,حمزہ Sayed,79124-8925293-4,علی Sayed,1995-06-20,"H-07094, Madina Town, Faisalabad",8443
UTL007095,Usman Moghul,18349-6869033-8,Muhammad مغل,1987-05-19,"H-07095, North Nazimabad, Karachi",98392
UTL007096,Mohammed حمزہ Sayyid,73351-4779772-8,Mohammad Hamza Sayed,,"H-07096, Bahria Town, Rawalpindi",6232
UTL007097,Mohammed Usman مغل,24684-7854341-9,,1969-08-12,"H-07097, Gulberg, Lahore",59562
UTL007098,بلال Malik,,Faisal ملک,1978-04-16,"H-07098, F-8, Islamabad",8975
UTL007099,حسین خان,99667-2489484-9,,1995-02-06,"H-07099, Jaranwala Road, Faisalabad",17347
UTL007100,Hamza خان,92463-4223256-1,Faysal خان,1966-07-23,"H-07100, Model Town, Lahore",12522
UTL007101,Imran Mughal,,,1994-05-12,"H-07101, Madina Town, Faisalabad",54174
UTL007102,Marium Chaudhry,22724-2795610-2,Ahmad Ch.,1991-07-03,"H-07102, Madina Town, Faisalabad",16293
UTL007103,Mohammed Khan,28017-4101157-7,Muhammad Ahmad خان,1989-03-05,"H-07103, DHA, Karachi",89268
UTL007104,فیصل Butt,74402-6773923-0,Hamza Bhatti,1978-01-28,"H-07104, E-11, Islamabad",35180
UTL007105,علی Sheikh,24248-5701812-1,احمد Sheikh,1980-08-07,"H-07105, E-11, Islamabad",38280
UTL007106,Hira Butt,,Ahmed بٹ,1974-07-25,"H-07106, F-7, Islamabad",5553
UTL007107,Mohammad Hamzah Awan,,Muhammad Ahmed اعوان,1962-01-20,"H-07107, Satellite Town, Rawalpindi",4210
UTL007108,Faysal Awan,54193-3584820-7,Hasan اعوان,2002-07-16,"H-07108, Cantt, Lahore",9086
UTL007109,Usman خان,,Muhammad Hussain خان,1967-09-08,"H-07109, E-11, Islamabad",46928
UTL007110,Mohammad Faysal خان,26076-4515188-6,Usman Khan,1998-10-04,"H-07110, Malir, Karachi",5285
UTL007111,بلال ملک,53540-6809518-4,Muhammad Faysal Malick,1982-10-23,"H-07111, Madina Town, Faisalabad",14708
UTL007112,Muhammed Awan,,Othman اعوان,,"H-07112, Jaranwala Road, Faisalabad",6206
UTL007113,Husain Quraishi,31875-9276201-8,فیصل قریشی,1966-12-22,"H-07113, Saddar, Rawalpindi",11150
UTL007114,Husain اعوان,30746-9688391-9,عمران Awan,1991-10-06,"H-07114, Bahria Town, Rawalpindi",13171
UTL007115,Mohammad Imran خان,94625-1733421-8,حسین Khan,1982-02-15,"H-07115, DHA, Lahore",62893
UTL007116,Zaynab مغل,77329-8515649-8,عمران Mughal,2003-09-11,"H-07116, Madina Town, Faisalabad",20550
UTL007117,عمران Malick,86951-3606171-6,حمزہ ملک,1964-08-04,"H-07117, Jaranwala Road, Faisalabad",9875
UTL007118,Imran Malik,42668-6832474-8,,1990-01-12,"H-07118, E-11, Islamabad",29804
UTL007119,Bilal چوہدری,33597-3765581-9,,,"H-07119, Cantt, Lahore",56013
UTL007120,Imran Khan,,عمران Khan,1997-07-11,"H-07120, DHA, Karachi",27781
UTL007121,Hira Syed,95607-6731429-7,,1961-09-09,"H-07121, Chaklala, Rawalpindi",20355
UTL007122,Muhammad حسن Raja,90828-1385301-0,Bilal راجہ,1980-07-08,"H-07122, Gulshan-e-Iqbal, Karachi",331615
UTL007123,Osman راجہ,10623-3156223-2,Mohammed حسن راجہ,,"H-07123, Malir, Karachi",11916
UTL007124,Othman Khan,87306-6928830-2,Ali خان,1963-05-21,"H-07124, G-10, Islamabad",31225
UTL007125,Marium مغل,28542-1191804-5,Imran Mughal,1977-10-06,"H-07125, F-8, Islamabad",30047
UTL007126,Ahmad Ch.,97075-5046065-7,Hasan Choudhary,1964-10-16,"H-07126, North Nazimabad, Karachi",23970
UTL007127,Hussein Khan,,Imran خان,1962-05-26,"H-07127, Gulberg, Lahore",19895
UTL007128,Osman Qureshi,95242-8198884-6,,1973-01-26,"H-07128, Malir, Karachi",17639
UTL007129,حمزہ خان,92301-2848723-1,,1965-08-21,"H-07129, E-11, Islamabad",42387
UTL007130,Osman Syed,92713-6468796-7,Imran سید,1968-03-24,"H-07130, Bahria Town, Rawalpindi",24260
UTL007131,ثناء Bhatti,61429-6466842-5,علی Bhatti,1958-02-07,"H-07131, G-10, Islamabad",18251
UTL007132,حرا چوہدری,85602-5696245-0,Ali Choudhary,2002-01-16,"H-07132, Saddar, Rawalpindi",21602
UTL007133,Maryam ملک,17556-2647307-6,,1996-07-02,"H-07133, Madina Town, Faisalabad",30335
UTL007134,Muhammad Ahmad مغل,28296-7566177-5,Hamzah مغل,1976-06-06,"H-07134, Johar Town, Lahore",6164
UTL007135,Hamzah Syed,37029-1670985-2,,1991-04-27,"H-07135, Bahria Town, Rawalpindi",29755
UTL007136,Ahmad ملک,13800-9656166-8,بلال Malick,1996-03-25,"H-07136, Malir, Karachi",73047
UTL007137,Muhammad Ali خان,78424-2188728-8,Mohammed Hasan خان,1966-06-06,"H-07137, Johar Town, Lahore",10505
UTL007138,حسن Malick,,Othman Malik,1996-12-28,"H-07138, Bahria Town, Rawalpindi",10324
UTL007139,مریم ملک,11379-2271714-2,,,"H-07139, Madina Town, Faisalabad",35301
UTL007140,حسین Butt,59454-2107257-8,Mohammad Faisal Bhatti,1956-08-23,"H-07140, Cantt, Lahore",32390
UTL007141,عثمان Shaikh,83948-4284689-7,علی Shaikh,1981-10-20,"H-07141, Model Town, Lahore",20379
UTL007142,Hasan شیخ,78596-6438840-3,Muhammed حمزہ Shaikh,1971-09-12,"H-07142, Gulshan-e-Iqbal, Karachi",19632
UTL007143,Hamza سید,35619-4208279-6,Faysal Sayyid,1968-10-01,"H-07143, F-8, Islamabad",45956
UTL007144,Fatima خان,,,1984-04-16,"H-07144, North Nazimabad, Karachi",12784
UTL007145,Muhammad Ahmed خان,,Mohammad عمران خان,1957-07-13,"H-07145, E-11, Islamabad",35201
UTL007146,Ayisha Qureshi,48607-4255298-5,Mohammad حسن قریشی,1978-07-11,"H-07146, F-8, Islamabad",65439
UTL007147,Ayesha Quraishi,51187-6627846-7,Muhammed Husain Quraishi,1955-05-09,"H-07147, Model Town, Lahore",22527
UTL007148,حمزہ ملک,,حمزہ Malik,,"H-07148, DHA, Karachi",27857
UTL007149,Husain ملک,57775-8183483-7,حسن Malick,1990-06-28,"H-07149, Peoples Colony, Faisalabad",15979
UTL007150,محمد Malick,41735-1586562-5,حسن Malick,,"H-07150, Model Town, Lahore",4224
UTL007151,Fatema Sayyid,10054-3174667-4,Muhammad Othman سید,2000-02-27,"H-07151, Gulshan-e-Iqbal, Karachi",56783
UTL007152,Muhammad فیصل Butt,75802-4960525-1,عثمان Bhatti,,"H-07152, F-8, Islamabad",11638
UTL007153,احمد Khan,82038-3101625-2,حمزہ خان,1997-06-07,"H-07153, F-8, Islamabad",4911
UTL007154,Imran اعوان,71114-6182008-4,Hasan Awan,1980-04-06,"H-07154, E-11, Islamabad",27172
UTL007155,محمد Ch.,61968-8591839-7,Muhammad Imran Choudhary,2000-02-16,"H-07155, Model Town, Lahore",42134
UTL007156,علی Shaykh,72465-2360495-1,Muhammad Husain Shaykh,1960-09-16,"H-07156, Chaklala, Rawalpindi",5688
UTL007157,Maryam اعوان,29845-7378008-5,Muhammed Faysal Awan,1984-10-17,"H-07157, Peoples Colony, Faisalabad",38511
UTL007158,Fatema خان,22819-2890835-1,Hussain Khan,1966-04-02,"H-07158, Malir, Karachi",15115
UTL007159,Imran Chaudhary,59799-2011596-3,Husain Ch.,1980-04-26,"H-07159, Bahria Town, Rawalpindi",15303
UTL007160,Sana Mughal,,حسن Moghul,,"H-07160, Clifton, Karachi",14667
UTL007161,Sana Moghul,67818-8545004-0,Muhammad Moghul,,"H-07161, Saddar, Rawalpindi",20965
UTL007162,Ali Sheikh,72089-6183469-0,Muhammed Ali شیخ,1987-03-08,"H-07162, North Nazimabad, Karachi",7540
UTL007163,Muhammad چوہدری,17747-2307799-8,احمد Chaudhary,1987-02-01,"H-07163, Bahria Town, Islamabad",13043
UTL007164,Mohammed عثمان خان,42513-2179624-2,Muhammed خان,1974-05-14,"H-07164, Model Town, Lahore",10390
UTL007165,ثناء Qureshi,42268-7667005-6,Othman Qureshi,1971-06-11,"H-07165, Bahria Town, Islamabad",43988
UTL007166,Mohammed Imran Khan,,حسین Khan,,"H-07166, Jaranwala Road, Faisalabad",18931
UTL007167,Ali Moghul,,Ahmed مغل,1958-10-19,"H-07167, F-7, Islamabad",17812
UTL007168,علی اعوان,,Ali اعوان,,"H-07168, Saddar, Rawalpindi",4020
UTL007169,Ali Bhatti,12516-5330944-6,,1973-09-12,"H-07169, Model Town, Lahore",43925
UTL007170,Ahmed راجہ,32199-5691605-9,Muhammad Hassan Raja,1972-08-08,"H-07170, Bahria Town, Islamabad",44846
UTL007171,Mohammed Hamzah Awan,,Osman Awan,1978-11-23,"H-07171, DHA, Lahore",16503
UTL007172,عمران Khan,92848-6143147-2,Usman خان,1990-08-28,"H-07172, Bahria Town, Rawalpindi",15903
UTL007173,Fatimah Sayed,94182-9219479-6,علی Sayed,1963-10-16,"H-07173, Model Town, Lahore",3807
UTL007174,عمران Shaykh,57504-4811313-7,Mohammed Ali شیخ,1972-03-02,"H-07174, G-10, Islamabad",45266
UTL007175,Hira Moghul,80539-1098959-7,Muhammad مغل,1985-12-22,"H-07175, F-8, Islamabad",31158
UTL007176,Mohammed عثمان Raja,31561-3478540-7,Faysal Raja,1999-04-12,"H-07176, Bahria Town, Islamabad",11658
UTL007177,Faysal Malik,50562-4212614-4,Faisal ملک,2001-07-15,"H-07177, Chaklala, Rawalpindi",19709
UTL007178,Fatima Raja,92845-2597513-1,علی Raja,1987-02-04,"H-07178, Madina Town, Faisalabad",42426
UTL007179,Muhammad Ahmed Ch.,94982-1683429-5,علی چوہدری,1955-07-07,"H-07179, Jaranwala Road, Faisalabad",34814
UTL007180,Hasan بٹ,43157-1502502-2,,1983-08-06,"H-07180, F-7, Islamabad",9185
UTL007181,Muhammad حمزہ Sheikh,67021-5335191-3,Faysal شیخ,1959-02-16,"H-07181, Johar Town, Lahore",6412
UTL007182,Zaynab Malick,27653-9551933-7,Muhammed Malik,1971-09-11,"H-07182, Jaranwala Road, Faisalabad",29624
UTL007183,عمران مغل,29813-7291767-1,Muhammed Faysal Mughal,1982-10-16,"H-07183, Satellite Town, Rawalpindi",30156
UTL007184,Mohammad بلال Raja,,Ahmed Raja,1988-05-24,"H-07184, Satellite Town, Rawalpindi",20115
UTL007185,حرا بٹ,41900-8516489-9,Ahmed بٹ,1980-12-04,"H-07185, Peoples Colony, Faisalabad",38575
UTL007186,Ali Awan,11956-1843854-1,Osman اعوان,1986-04-24,"H-07186, Bahria Town, Rawalpindi",6385
UTL007187,Ahmad Mughal,43587-4522926-7,Usman Mughal,,"H-07187, Clifton, Karachi",18610
UTL007188,Zainab Bhatti,89151-9952311-6,بلال Bhatti,,"H-07188, DHA, Lahore",26799
UTL007189,Hamzah Chaudhary,18248-6144263-4,Ali Chaudhry,1959-01-06,"H-07189, North Nazimabad, Karachi",18365
UTL007190,احمد Sayyid,50156-4517941-6,احمد Sayyid,1994-04-11,"H-07190, Chaklala, Rawalpindi",7794
UTL007191,Hussain Khan,82742-4496417-8,Muhammad احمد خان,,"H-07191, Chaklala, Rawalpindi",32923
UTL007192,بلال Shaykh,,Hamzah Shaykh,1983-01-05,"H-07192, E-11, Islamabad",11599
UTL007193,Bilal Moghul,,Faisal Moghul,1993-03-22,"H-07193, Satellite Town, Rawalpindi",57129
UTL007194,Imran Moghul,,Ahmad Mughal,1985-12-10,"H-07194, Chaklala, Rawalpindi",52385
UTL007195,Osman قریشی,56806-4208430-4,Mohammed بلال قریشی,1955-06-18,"H-07195, Madina Town, Faisalabad",87748
UTL007196,Ahmed Moghul,,,,"H-07196, F-8, Islamabad",8365
UTL007197,فیصل ملک,,Usman ملک,1990-07-22,"H-07197, Model Town, Lahore",89245
UTL007198,Ahmed Malik,89182-4662083-9,علی Malick,2000-11-02,"H-07198, G-10, Islamabad",34054
UTL007199,Maryam خان,,Mohammed خان,1982-04-11,"H-07199, Madina Town, Faisalabad",10782
UTL007200,Muhammed Ahmad Bhatti,83122-4176926-0,Hasan Bhatti,1989-07-02,"H-07200, G-10, Islamabad",9010
UTL007201,Muhammed Usman ملک,25360-3204008-1,Imran ملک,,"H-07201, Cantt, Lahore",36496
UTL007202,Hussein مغل,81733-3967013-4,Mohammed Hassan Moghul,1967-07-27,"H-07202, Malir, Karachi",74773
UTL007203,حرا Ch.,57364-4994179-6,بلال Choudhary,1990-03-22,"H-07203, Clifton, Karachi",21280
UTL007204,عمران Ch.,65563-2111696-1,حمزہ Choudhary,1973-10-27,"H-07204, E-11, Islamabad",5987
UTL007205,Maryam اعوان,87902-8565802-6,Husain اعوان,,"H-07205, Jaranwala Road, Faisalabad",58324
UTL007206,Mohammad حمزہ قریشی,82316-1388980-0,حمزہ قریشی,1994-04-22,"H-07206, Saddar, Rawalpindi",11497
UTL007207,احمد Bhatti,80648-2764258-0,Mohammed Ali Bhatti,1975-01-16,"H-07207, North Nazimabad, Karachi",17631
UTL007208,Hamzah Choudhary,10628-4060130-0,بلال Ch.,1985-12-24,"H-07208, Model Town, Lahore",9294
UTL007209,عمران شیخ,43388-7978779-9,Bilal Sheikh,1986-07-16,"H-07209, Saddar, Rawalpindi",32593
UTL007210,Imran Sayyid,81623-8130803-8,Muhammed عمران Syed,1998-11-16,"H-07210, Bahria Town, Islamabad",6962
UTL007211,Muhammed عمران ملک,44950-7301289-5,Hamzah ملک,1981-11-02,"H-07211, Cantt, Lahore",42153
UTL007212,Husain مغل,50401-7253612-9,Mohammad مغل,1965-06-20,"H-07212, Clifton, Karachi",8072
UTL007213,بلال Sayed,40581-9170414-4,Imran Sayyid,1992-01-19,"H-07213, F-7, Islamabad",7782
UTL007214,Hassan Khan,73461-9539806-3,حسن Khan,1965-11-02,"H-07214, Cantt, Lahore",6579
UTL007215,Hira Malik,72900-2033129-3,Ahmed Malik,1963-09-14,"H-07215, E-11, Islamabad",103269
UTL007216,علی ملک,54831-3781625-5,علی Malik,1999-09-10,"H-07216, E-11, Islamabad",34302
UTL007217,Fatema Sheikh,19302-9085031-0,Muhammed عثمان شیخ,1958-08-11,"H-07217, Gulberg, Lahore",7237
UTL007218,Hamzah Moghul,18448-3663468-6,Hussain مغل,1963-09-28,"H-07218, Peoples Colony, Faisalabad",15365
UTL007219,عائشہ قریشی,65137-9622148-6,Muhammad Bilal Quraishi,1984-10-02,"H-07219, Gulberg, Lahore",8582
UTL007220,Hira ملک,45030-8852413-6,Muhammed Ali ملک,1963-03-03,"H-07220, Madina Town, Faisalabad",33057
UTL007221,Hira Malick,,Bilal ملک,1977-04-07,"H-07221, North Nazimabad, Karachi",7527
UTL007222,Fatimah مغل,43660-8986398-5,Usman Moghul,1982-09-22,"H-07222, G-10, Islamabad",9530
UTL007223,علی Awan,83722-6605094-5,Ahmed Awan,1982-09-22,"H-07223, Saddar, Rawalpindi",13463
UTL007224,Ahmed راجہ,46786-7000176-6,Muhammed Hussain راجہ,1995-09-23,"H-07224, Bahria Town, Islamabad",28806
UTL007225,Hira سید,55321-7988274-4,محمد Sayed,1975-09-16,"H-07225, DHA, Karachi",45412
UTL007226,Muhammed Othman Chaudhry,25065-9893110-1,Muhammad Hamza Chaudhary,1970-02-09,"H-07226, Peoples Colony, Faisalabad",12946
UTL007227,Mohammad Ali خان,82547-4629675-6,Faysal Khan,1962-03-09,"H-07227, Saddar, Rawalpindi",24933
UTL007228,Hassan Awan,81226-9212319-2,Hussein Awan,1995-01-25,"H-07228, Cantt, Lahore",40431
UTL007229,Ali Bhatti,,,1999-05-19,"H-07229, Gulberg, Lahore",35805
UTL007230,عمران ملک,40431-8930993-9,Muhammad Hamza ملک,1998-11-28,"H-07230, Madina Town, Faisalabad",12798
UTL007231,Mohammed Hamzah بٹ,97651-7946496-5,Hussein Butt,,"H-07231, Gulberg, Lahore",8044
UTL007232,Mohammed علی Malick,97608-4406094-4,Muhammad Malick,1983-09-03,"H-07232, Clifton, Karachi",12171
UTL007233,فاطمہ Shaikh,84281-4147258-4,Imran Sheikh,1985-06-12,"H-07233, Chaklala, Rawalpindi",14171
UTL007234,Othman مغل,92814-8311065-3,Ali Mughal,1970-09-27,"H-07234, Satellite Town, Rawalpindi",8337
UTL007235,Faisal Awan,30303-5708545-4,Muhammad Ahmed اعوان,2001-08-12,"H-07235, F-8, Islamabad",4144
UTL007236,Mariam Awan,,محمد Awan,1964-08-08,"H-07236, F-8, Islamabad",20296
UTL007237,Mohammad Awan,29584-5921957-7,Othman Awan,1981-08-28,"H-07237, Madina Town, Faisalabad",15836
UTL007238,Hira اعوان,,,2003-06-28,"H-07238, Clifton, Karachi",10680
UTL007239,Husain راجہ,46058-8487780-9,,1969-02-18,"H-07239, Gulberg, Lahore",34176
UTL007240,Zaynab بٹ,68745-1939805-6,Mohammad حمزہ Butt,1990-04-13,"H-07240, DHA, Lahore",12571
UTL007241,Bilal Mughal,85352-3113386-8,Bilal Moghul,1970-12-02,"H-07241, Satellite Town, Rawalpindi",80019
UTL007242,Muhammed حسن Moghul,56014-5459629-3,Ahmed Mughal,1979-11-15,"H-07242, DHA, Karachi",15413
UTL007243,Hussein خان,28738-3788703-2,,1958-11-26,"H-07243, Bahria Town, Islamabad",76512
UTL007244,حرا سید,43124-1753489-6,Hussain Sayyid,1979-03-15,"H-07244, Malir, Karachi",7699
UTL007245,Mariam Choudhary,10583-4423279-3,احمد Chaudhary,1967-08-12,"H-07245, Madina Town, Faisalabad",21289
UTL007246,ثناء خان,60766-8458555-7,Othman خان,1989-04-04,"H-07246, Satellite Town, Rawalpindi",8150
UTL007247,Ali Moghul,54017-3555994-9,Bilal Mughal,1971-09-22,"H-07247, Chaklala, Rawalpindi",25847
UTL007248,Muhammed Faysal Raja,92035-7846791-1,Muhammad Ahmed Raja,1968-10-12,"H-07248, Jaranwala Road, Faisalabad",6436
UTL007249,Usman Butt,96491-4098023-5,Muhammed Othman Butt,2000-09-02,"H-07249, Malir, Karachi",46834
UTL007250,Hamza راجہ,72531-3503974-8,عمران راجہ,1984-04-14,"H-07250, Satellite Town, Rawalpindi",4375
UTL007251,Muhammed Ch.,56747-4949241-9,Mohammad فیصل Choudhary,1975-03-11,"H-07251, F-8, Islamabad",13418
UTL007252,Fatema ملک,,,1967-12-03,"H-07252, Madina Town, Faisalabad",21814
UTL007253,Mohammad فیصل Ch.,51601-1845897-1,,1968-09-02,"H-07253, Bahria Town, Rawalpindi",5584
UTL007254,Imran Awan,26348-4025139-4,,1962-09-20,"H-07254, DHA, Lahore",20929
UTL007255,Ali Sheikh,20989-6847131-5,Mohammed احمد Shaikh,1975-02-11,"H-07255, E-11, Islamabad",121853
UTL007256,Hussain Raja,90886-9788434-7,احمد Raja,1960-10-14,"H-07256, Peoples Colony, Faisalabad",6808
UTL007257,علی Malick,65456-7648830-1,Ahmad Malick,2001-12-18,"H-07257, Cantt, Lahore",7306
UTL007258,زینب شیخ,28911-1132107-4,علی Shaykh,1973-01-17,"H-07258, Saddar, Rawalpindi",13862
UTL007259,Ayisha Mughal,65576-6919148-4,حسن Moghul,1968-11-16,"H-07259, Madina Town, Faisalabad",20883
UTL007260,Muhammad فیصل خان,91107-2393474-3,فیصل خان,1958-05-04,"H-07260, Bahria Town, Rawalpindi",6595
UTL007261,Muhammed Bilal Chaudhry,46795-8824629-6,Mohammed Hamzah Chaudhry,1967-01-02,"H-07261, DHA, Lahore",12365
UTL007262,بلال Bhatti,90847-2252651-5,Mohammad عمران Bhatti,1999-06-07,"H-07262, Saddar, Rawalpindi",30000
UTL007263,Mariam Bhatti,20171-5891880-5,Ali Bhatti,1996-12-07,"H-07263, Bahria Town, Rawalpindi",20302
UTL007264,Mohammed Ahmed Mughal,63698-2252448-6,Usman مغل,1972-04-17,"H-07264, Clifton, Karachi",33065
UTL007265,Bilal Chaudhary,33832-4870538-7,Bilal Chaudhary,1968-05-11,"H-07265, Johar Town, Lahore",117183
UTL007266,Bilal Ch.,53603-3101283-2,حمزہ Chaudhary,1999-08-09,"H-07266, F-8, Islamabad",63107
UTL007267,Maryam Syed,84221-7832393-5,Husain Sayyid,1977-12-24,"H-07267, Saddar, Rawalpindi",39133
UTL007268,Othman Butt,,Bilal بٹ,1974-03-10,"H-07268, Bahria Town, Islamabad",6438
UTL007269,فاطمہ Raja,,,1955-01-22,"H-07269, Bahria Town, Islamabad",41062
UTL007270,Muhammad حمزہ Khan,82523-8699517-1,Hassan خان,1960-12-20,"H-07270, Saddar, Rawalpindi",8957
UTL007271,عمران Khan,,بلال خان,1973-07-01,"H-07271, DHA, Lahore",57646
UTL007272,Bilal Raja,,Ahmad Raja,1977-09-01,"H-07272, E-11, Islamabad",21347
UTL007273,Imran Sayyid,71569-6602520-0,Muhammad Husain Sayyid,,"H-07273, Peoples Colony, Faisalabad",6903
UTL007274,Muhammad Awan,16146-8833930-8,Muhammad Awan,2003-03-18,"H-07274, Bahria Town, Rawalpindi",67282
UTL007275,فیصل راجہ,90028-9977495-8,Mohammed Faysal راجہ,1976-04-16,"H-07275, North Nazimabad, Karachi",44948
UTL007276,Sana چوہدری,54493-2205953-0,عثمان چوہدری,1989-12-07,"H-07276, Gulshan-e-Iqbal, Karachi",7990
UTL007277,Ayesha خان,28298-7036162-1,Imran خان,1987-07-21,"H-07277, G-10, Islamabad",34666
UTL007278,Osman Khan,76833-9401870-3,Faysal Khan,1991-06-21,"H-07278, Satellite Town, Rawalpindi",44697
UTL007279,Imran Malick,79249-4591440-5,Mohammed Malik,1965-07-25,"H-07279, Bahria Town, Islamabad",14462
UTL007280,ثناء خان,68776-4725898-0,حمزہ Khan,,"H-07280, Bahria Town, Islamabad",21884
UTL007281,Mohammad حسن Khan,54631-5527909-1,محمد خان,,"H-07281, E-11, Islamabad",13894
UTL007282,فاطمہ Malick,33065-4301824-8,Ahmed Malik,1980-06-03,"H-07282, Cantt, Lahore",49252
UTL007283,Mohammed Hasan شیخ,30898-3562618-8,Husain Shaikh,1955-07-10,"H-07283, Peoples Colony, Faisalabad",5440
UTL007284,Muhammed Othman Shaykh,89612-5394135-1,فیصل Sheikh,1984-04-11,"H-07284, E-11, Islamabad",58665
UTL007285,Imran Qureshi,28201-4390864-1,Faysal Quraishi,,"H-07285, Gulberg, Lahore",27767
UTL007286,عمران Awan,89558-9157978-0,Muhammed عمران اعوان,1983-05-25,"H-07286, Jaranwala Road, Faisalabad",100897
UTL007287,Mohammed مغل,24553-5503817-3,عثمان Moghul,1979-11-21,"H-07287, Malir, Karachi",10964
UTL007288,Muhammed Imran Shaikh,93810-2188789-1,Ahmed Sheikh,1976-01-17,"H-07288, Gulberg, Lahore",57432
UTL007289,عمران Sayyid,48923-2316036-6,حسن Sayyid,1977-06-26,"H-07289, DHA, Karachi",19225
UTL007290,Hamzah راجہ,,,1973-08-08,"H-07290, Peoples Colony, Faisalabad",7072
UTL007291,Sana Quraishi,,Muhammed Hassan Qureshi,1974-05-16,"H-07291, Satellite Town, Rawalpindi",11571
UTL007292,Hasan Malik,67685-6792034-7,Osman ملک,1970-01-21,"H-07292, North Nazimabad, Karachi",9122
UTL007293,حسن Awan,45475-9347139-1,Hassan اعوان,1959-05-27,"H-07293, Malir, Karachi",22396
UTL007294,ثناء شیخ,84376-3143301-8,,1998-11-15,"H-07294, Saddar, Rawalpindi",17338
UTL007295,Mohammed Awan,44255-8403972-5,Hamzah اعوان,2001-01-25,"H-07295, F-7, Islamabad",10800
UTL007296,Zainab Malick,74904-6166674-5,Muhammed Malik,1961-11-27,"H-07296, F-7, Islamabad",44883
UTL007297,Muhammed Othman Mughal,,Usman Mughal,1985-12-03,"H-07297, Bahria Town, Islamabad",11066
UTL007298,Zaynab ملک,43071-8500839-8,Osman ملک,1990-10-10,"H-07298, Chaklala, Rawalpindi",6658
UTL007299,Mohammad Faisal اعوان,20933-1362556-8,Faisal Awan,1999-12-16,"H-07299, Bahria Town, Rawalpindi",27196
UTL007300,Husain Sheikh,49056-2998850-3,Mohammed فیصل Shaikh,1999-11-25,"H-07300, North Nazimabad, Karachi",32587
UTL007301,Faysal Khan,68312-3063855-8,بلال خان,1999-08-08,"H-07301, E-11, Islamabad",13259
UTL007302,Fatima سید,90763-4019092-4,Ahmed Syed,1977-02-08,"H-07302, Gulberg, Lahore",25145
UTL007303,حمزہ Bhatti,98538-8753677-1,,1995-12-14,"H-07303, Jaranwala Road, Faisalabad",5543
UTL007304,Ahmad Raja,,بلال Raja,1972-09-16,"H-07304, Peoples Colony, Faisalabad",17044
UTL007305,Fatima Moghul,51199-2710922-7,Muhammad Faisal Moghul,1968-09-21,"H-07305, Satellite Town, Rawalpindi",17787
UTL007306,Usman Shaikh,99895-1600503-0,Muhammed حسین Sheikh,2003-07-11,"H-07306, Chaklala, Rawalpindi",9168
UTL007307,حمزہ Awan,69448-9975865-7,علی اعوان,1991-11-08,"H-07307, Gulshan-e-Iqbal, Karachi",8377
UTL007308,فیصل Shaikh,34855-9481033-2,فیصل Shaikh,,"H-07308, North Nazimabad, Karachi",107813
UTL007309,علی Qureshi,81799-9762997-7,Mohammad Quraishi,2002-03-05,"H-07309, Peoples Colony, Faisalabad",16313
UTL007310,حسین Syed,,Bilal Sayed,,"H-07310, F-7, Islamabad",5934
UTL007311,Muhammad Awan,,عثمان Awan,1971-12-25,"H-07311, F-7, Islamabad",59451
UTL007312,زینب Chaudhary,62517-3588410-9,Muhammad بلال چوہدری,1961-02-25,"H-07312, E-11, Islamabad",43772
UTL007313,Mohammad Hasan مغل,82580-4257648-8,Faysal Moghul,1963-02-14,"H-07313, Saddar, Rawalpindi",27522
UTL007314,حسین Malick,,Mohammed Imran Malick,1997-11-14,"H-07314, Chaklala, Rawalpindi",11031
UTL007315,Osman Sayyid,,حمزہ Sayyid,1998-06-14,"H-07315, DHA, Karachi",9175
UTL007316,Mohammed Hassan Chaudhry,42295-2097976-2,حسین چوہدری,1981-12-16,"H-07316, Madina Town, Faisalabad",32508
UTL007317,حرا Ch.,10339-9446110-4,Hasan Choudhary,1987-05-18,"H-07317, Saddar, Rawalpindi",35727
UTL007318,Sana Raja,,Ali Raja,1973-10-12,"H-07318, Clifton, Karachi",8293
UTL007319,Faysal مغل,30011-6603589-3,Bilal Mughal,1961-05-09,"H-07319, Clifton, Karachi",10942
UTL007320,Osman Malik,87675-6544758-2,Hamza ملک,1985-09-26,"H-07320, Bahria Town, Islamabad",51649
UTL007321,Mohammad Bhatti,56097-1945665-4,Mohammad Bilal Butt,1996-12-08,"H-07321, Satellite Town, Rawalpindi",13880
UTL007322,Hassan Sheikh,80303-1650801-8,Bilal Shaikh,1980-04-23,"H-07322, Satellite Town, Rawalpindi",100147
UTL007323,Aysha Awan,69519-5832683-6,Bilal اعوان,1965-12-25,"H-07323, Satellite Town, Rawalpindi",30610
UTL007324,Muhammed بلال Sayyid,44596-5580985-6,Faisal سید,1986-09-19,"H-07324, North Nazimabad, Karachi",34788
UTL007325,Hussain اعوان,29846-7857332-2,عثمان اعوان,1983-09-20,"H-07325, Peoples Colony, Faisalabad",5564
UTL007326,Hira Raja,63183-2287782-9,علی راجہ,1989-02-01,"H-07326, Cantt, Lahore",9963
UTL007327,حرا Sayyid,25159-6858310-6,عثمان Syed,1987-09-13,"H-07327, Madina Town, Faisalabad",20436
UTL007328,علی Syed,72000-2777050-4,Mohammad Ahmed Sayed,2001-02-22,"H-07328, Model Town, Lahore",12271
UTL007329,Mariam سید,10644-2613369-8,Hassan Sayyid,1978-08-26,"H-07329, Johar Town, Lahore",20163
UTL007330,Muhammed حمزہ خان,18128-2156280-4,Osman Khan,1955-07-28,"H-07330, Peoples Colony, Faisalabad",24511
UTL007331,Hussein Sayed,72025-6516881-5,Usman سید,1966-07-23,"H-07331, Peoples Colony, Faisalabad",80142
UTL007332,عثمان Qureshi,,Muhammed Qureshi,1984-10-18,"H-07332, Saddar, Rawalpindi",3616
UTL007333,حمزہ Butt,82413-2277785-8,,1971-12-02,"H-07333, Cantt, Lahore",293246
UTL007334,فاطمہ Moghul,53468-4720253-2,Muhammed Ali Moghul,1960-08-27,"H-07334, G-10, Islamabad",19200
UTL007335,احمد Quraishi,63942-2588644-7,Muhammed Othman Qureshi,,"H-07335, Malir, Karachi",38276
UTL007336,Muhammad Bilal بٹ,,,1986-07-09,"H-07336, Cantt, Lahore",7631
UTL007337,Ali اعوان,93270-7277372-1,حسین اعوان,2001-12-05,"H-07337, Johar Town, Lahore",10050
UTL007338,حمزہ راجہ,79238-7737206-5,عثمان Raja,1964-01-18,"H-07338, Malir, Karachi",23545
UTL007339,Mariam Mughal,,Mohammed Moghul,1997-01-04,"H-07339, F-8, Islamabad",85704
UTL007340,حمزہ Quraishi,31282-2057238-8,,1988-02-27,"H-07340, Satellite Town, Rawalpindi",21119
UTL007341,بلال Khan,85171-7865965-2,عمران Khan,1982-09-22,"H-07341, DHA, Lahore",8621
UTL007342,Husain بٹ,,Hamzah بٹ,1958-07-04,"H-07342, North Nazimabad, Karachi",18260
UTL007343,بلال Raja,64811-3944755-0,,1968-11-15,"H-07343, Jaranwala Road, Faisalabad",84278
UTL007344,عمران Malick,12513-4129137-6,Muhammad Usman Malik,1964-12-12,"H-07344, F-7, Islamabad",8622
UTL007345,Sana Khan,35990-5443257-4,Imran خان,1998-01-21,"H-07345, Bahria Town, Rawalpindi",66033
UTL007346,فاطمہ بٹ,69723-2127764-7,فیصل Bhatti,2000-09-27,"H-07346, Gulshan-e-Iqbal, Karachi",28348
UTL007347,Faisal بٹ,,,1966-01-27,"H-07347, Bahria Town, Rawalpindi",45905
UTL007348,عثمان Raja,87358-3358392-5,احمد راجہ,1981-12-28,"H-07348, Clifton, Karachi",19970
UTL007349,Maryam Shaikh,62284-5619753-1,Muhammad شیخ,1958-02-05,"H-07349, Satellite Town, Rawalpindi",8784
UTL007350,فیصل Shaykh,92424-4917014-1,محمد شیخ,1987-04-23,"H-07350, Malir, Karachi",6783
UTL007351,Othman Choudhary,91715-9951405-5,,1994-07-12,"H-07351, Satellite Town, Rawalpindi",6006
UTL007352,حسین Khan,90210-9197540-7,,1989-10-16,"H-07352, Chaklala, Rawalpindi",13906
UTL007353,Muhammad Hassan Shaikh,49154-2929269-9,Usman Shaykh,,"H-07353, Cantt, Lahore",38961
UTL007354,Sana چوہدری,20880-9498705-9,,1966-01-20,"H-07354, G-10, Islamabad",16125
UTL007355,Bilal Quraishi,51392-3823938-8,Muhammed بلال Qureshi,1981-03-14,"H-07355, Peoples Colony, Faisalabad",27770
UTL007356,حمزہ اعوان,69757-9986534-9,Faisal اعوان,1969-08-23,"H-07356, Gulshan-e-Iqbal, Karachi",6373
UTL007357,Fatimah Sayed,71087-9459872-8,Ali Syed,1993-04-22,"H-07357, DHA, Lahore",231441
UTL007358,حسین Raja,71318-7555974-9,,1964-06-24,"H-07358, Chaklala, Rawalpindi",9618
UTL007359,حسین Mughal,27744-6898937-2,Mohammed علی Moghul,,"H-07359, North Nazimabad, Karachi",23554
UTL007360,فیصل راجہ,30370-6739126-3,Othman راجہ,1964-04-10,"H-07360, Madina Town, Faisalabad",13875
UTL007361,Hira Malick,,Imran Malik,1986-11-26,"H-07361, Model Town, Lahore",342027
UTL007362,Bilal Quraishi,,Husain قریشی,1970-01-10,"H-07362, F-7, Islamabad",45319
UTL007363,Ali Bhatti,,,1969-10-10,"H-07363, Chaklala, Rawalpindi",13869
UTL007364,Hassan Chaudhry,59063-5937992-3,,1989-03-27,"H-07364, North Nazimabad, Karachi",20137
UTL007365,Usman مغل,,Mohammed عثمان مغل,1966-02-10,"H-07365, G-10, Islamabad",3442
UTL007366,حرا مغل,61523-9277293-6,محمد Moghul,1966-05-10,"H-07366, E-11, Islamabad",22989
UTL007367,Mohammad Hussein Choudhary,51625-5548779-8,عمران Chaudhry,,"H-07367, DHA, Lahore",18729
UTL007368,Sana راجہ,48946-2292369-5,Muhammed Raja,1978-07-18,"H-07368, Chaklala, Rawalpindi",4644
UTL007369,Muhammed Imran Sayed,42948-9959149-5,علی سید,1991-09-13,"H-07369, Malir, Karachi",10107
UTL007370,علی Shaikh,84287-3861972-4,,2002-03-27,"H-07370, Madina Town, Faisalabad",14188
UTL007371,Imran Malik,74999-7152671-5,علی Malik,1978-09-19,"H-07371, Bahria Town, Rawalpindi",5496
UTL007372,Muhammad Othman Mughal,40054-8499179-4,Muhammad احمد مغل,1999-02-22,"H-07372, Bahria Town, Rawalpindi",7394
UTL007373,Hasan Mughal,24275-7718930-7,حسن Moghul,1983-05-22,"H-07373, F-7, Islamabad",22206
UTL007374,Ali Khan,53523-5509049-4,علی خان,,"H-07374, DHA, Lahore",30880
UTL007375,Hamzah Quraishi,36999-8812106-4,Mohammed Qureshi,1963-11-16,"H-07375, Peoples Colony, Faisalabad",19268
UTL007376,بلال Shaikh,28498-3755204-7,,1961-06-18,"H-07376, North Nazimabad, Karachi",10693
UTL007377,علی Choudhary,56281-2832228-4,Ali چوہدری,1974-07-19,"H-07377, Gulshan-e-Iqbal, Karachi",26114
UTL007378,Mohammed فیصل مغل,45692-2507685-2,Hussain Mughal,1992-06-13,"H-07378, Peoples Colony, Faisalabad",555948
UTL007379,Mohammed Faysal Malick,28413-2297913-9,حمزہ ملک,1972-03-14,"H-07379, DHA, Karachi",32003
UTL007380,Mohammed احمد Malik,37242-5259665-6,بلال Malick,1956-04-17,"H-07380, Bahria Town, Rawalpindi",42345
UTL007381,Ahmed اعوان,72704-2508135-8,,1969-07-26,"H-07381, North Nazimabad, Karachi",12778
UTL007382,حمزہ Mughal,85001-1721735-3,Mohammad Ali Moghul,2002-09-22,"H-07382, DHA, Lahore",29106
UTL007383,Aisha راجہ,14362-7374461-7,Muhammad احمد راجہ,,"H-07383, E-11, Islamabad",23024
UTL007384,Othman چوہدری,,حسن Chaudhary,1998-06-12,"H-07384, DHA, Lahore",8468
UTL007385,Mohammed Syed,31090-9605284-8,,1997-02-14,"H-07385, DHA, Lahore",30688
UTL007386,Mohammed Faysal Sayed,53315-1388608-8,,,"H-07386, Johar Town, Lahore",10946
UTL007387,Ayisha مغل,95394-2884733-6,Muhammad Bilal مغل,1979-07-11,"H-07387, North Nazimabad, Karachi",15398
UTL007388,Bilal Shaikh,54050-6647855-3,Imran Sheikh,1960-11-02,"H-07388, G-10, Islamabad",15970
UTL007389,علی Moghul,62064-6293901-8,Othman مغل,1961-04-16,"H-07389, Peoples Colony, Faisalabad",298592
UTL007390,فاطمہ اعوان,56506-9799664-1,حسین اعوان,1969-01-05,"H-07390, G-10, Islamabad",5900
UTL007391,Mohammed Usman Mughal,30401-9140375-4,بلال Mughal,1997-12-14,"H-07391, Jaranwala Road, Faisalabad",7662
UTL007392,ثناء قریشی,68504-8006376-0,Usman Qureshi,1987-08-18,"H-07392, G-10, Islamabad",27635
UTL007393,Fatima مغل,89180-7552808-4,,1987-03-04,"H-07393, Clifton, Karachi",31962
UTL007394,Imran خان,53811-8177240-3,Ahmad Khan,1989-09-16,"H-07394, Chaklala, Rawalpindi",44292
UTL007395,ثناء Raja,,Ahmad راجہ,1992-07-24,"H-07395, Jaranwala Road, Faisalabad",10615
UTL007396,Ayesha قریشی,,Hussein قریشی,1997-08-19,"H-07396, Gulshan-e-Iqbal, Karachi",25060
UTL007397,Mohammad Ali Shaikh,53850-9004828-5,حسن Shaykh,1987-01-19,"H-07397, F-7, Islamabad",26823
UTL007398,فیصل خان,87333-2604054-0,Hussain Khan,1961-12-25,"H-07398, Cantt, Lahore",15846
UTL007399,Faisal Awan,97328-3858493-9,Muhammed حسن Awan,,"H-07399, Jaranwala Road, Faisalabad",10089
UTL007400,Hussain Khan,42571-8379028-3,Ali خان,1979-01-18,"H-07400, Madina Town, Faisalabad",25425
UTL007401,Mohammed عمران اعوان,80258-7186758-6,Mohammad Usman اعوان,1980-07-12,"H-07401, Gulberg, Lahore",13415
UTL007402,محمد شیخ,,Muhammad Shaikh,1955-01-21,"H-07402, Bahria Town, Rawalpindi",36553
UTL007403,Muhammed بلال راجہ,,بلال راجہ,1977-11-04,"H-07403, Bahria Town, Islamabad",9938
UTL007404,Faysal مغل,,Hassan Moghul,1958-11-23,"H-07404, DHA, Lahore",24339
UTL007405,Sana Moghul,73289-9273344-7,محمد Mughal,1974-03-12,"H-07405, Cantt, Lahore",13356
UTL007406,Muhammad فیصل مغل,86562-1808271-3,Mohammad Moghul,1981-10-12,"H-07406, F-8, Islamabad",4209
UTL007407,Faisal Awan,50955-6429944-1,Muhammed Imran Awan,1986-04-13,"H-07407, F-7, Islamabad",11203
UTL007408,Husain چوہدری,86531-3981311-0,علی Choudhary,2000-02-08,"H-07408, G-10, Islamabad",4727
UTL007409,Ali بٹ,35894-9398554-3,Ali Bhatti,1987-01-06,"H-07409, Bahria Town, Rawalpindi",10673
UTL007410,Hira Choudhary,,Ahmed Choudhary,1983-04-25,"H-07410, F-8, Islamabad",21915
UTL007411,Osman Raja,82143-7432117-2,,1975-08-09,"H-07411, Chaklala, Rawalpindi",9479
UTL007412,Bilal بٹ,18857-1952031-5,حسن Bhatti,2001-07-28,"H-07412, Satellite Town, Rawalpindi",6383
UTL007413,حسن Chaudhry,86561-9959993-0,فیصل Ch.,1955-08-12,"H-07413, Jaranwala Road, Faisalabad",9974
UTL007414,Mohammad Ahmad Qureshi,,Mohammad Quraishi,1972-07-05,"H-07414, Jaranwala Road, Faisalabad",15426
UTL007415,Hasan Syed,,Mohammad احمد سید,,"H-07415, Jaranwala Road, Faisalabad",7190
UTL007416,Zainab Malik,,Osman Malik,2001-12-16,"H-07416, Satellite Town, Rawalpindi",11646
UTL007417,Ahmad ملک,87216-3854679-1,Muhammad عمران ملک,1970-02-23,"H-07417, Peoples Colony, Faisalabad",5344
UTL007418,Zainab قریشی,20901-9772782-7,عمران قریشی,1982-04-17,"H-07418, Model Town, Lahore",20992
UTL007419,Mariam Shaykh,86124-6784521-0,حسن Shaykh,1975-06-17,"H-07419, Satellite Town, Rawalpindi",48700
UTL007420,Othman Ch.,51783-6597721-7,Usman چوہدری,1993-08-22,"H-07420, Gulberg, Lahore",16064
UTL007421,Mariam Mughal,30100-4079326-2,,1965-05-09,"H-07421, Saddar, Rawalpindi",52089
UTL007422,علی Chaudhry,27059-5514220-0,Ali Ch.,1971-11-04,"H-07422, Saddar, Rawalpindi",91384
UTL007423,Sana Qureshi,78720-7545622-8,Muhammed Bilal Qureshi,1986-11-04,"H-07423, Madina Town, Faisalabad",7098
UTL007424,Sana Syed,,Muhammed فیصل Syed,1990-09-11,"H-07424, Jaranwala Road, Faisalabad",13188
UTL007425,Imran Bhatti,92453-4098236-6,حسین Bhatti,1956-06-27,"H-07425, Model Town, Lahore",48502
UTL007426,Ahmed مغل,,احمد Mughal,1973-07-05,"H-07426, Malir, Karachi",80629
UTL007427,Faysal Malik,63537-8047871-4,محمد ملک,1958-08-05,"H-07427, Satellite Town, Rawalpindi",19376
UTL007428,عثمان Raja,30208-9924386-2,عمران Raja,1975-11-20,"H-07428, E-11, Islamabad",14925
UTL007429,حمزہ Raja,16662-6118781-8,بلال Raja,1990-01-10,"H-07429, G-10, Islamabad",11822
UTL007430,Muhammed Mughal,24192-7465763-9,علی Mughal,1959-08-16,"H-07430, F-8, Islamabad",66034
UTL007431,مریم Malik,88961-4972021-0,محمد Malik,1979-02-21,"H-07431, Chaklala, Rawalpindi",26066
UTL007432,Muhammad Hussein بٹ,96909-9079737-0,Hasan Bhatti,1958-04-13,"H-07432, F-7, Islamabad",49272
UTL007433,Fatimah Chaudhary,24002-6578007-8,Hussain Chaudhry,,"H-07433, Madina Town, Faisalabad",15277
UTL007434,Husain راجہ,33654-3191402-7,Husain راجہ,1992-10-27,"H-07434, Chaklala, Rawalpindi",24179
UTL007435,Muhammad حسین Ch.,,,1974-11-18,"H-07435, Jaranwala Road, Faisalabad",7794
UTL007436,Zaynab بٹ,17225-2876224-9,Muhammad Ali Butt,,"H-07436, Jaranwala Road, Faisalabad",21720
UTL007437,Fatimah راجہ,13818-6002802-2,Mohammed Husain Raja,2001-11-03,"H-07437, Model Town, Lahore",18394
UTL007438,Hussein Choudhary,45313-1518467-6,,,"H-07438, DHA, Karachi",7312
UTL007439,حمزہ Qureshi,21437-9591896-6,,1979-02-09,"H-07439, Peoples Colony, Faisalabad",15270
UTL007440,Mohammad Husain بٹ,13590-1345362-5,Hassan Butt,1966-06-18,"H-07440, Malir, Karachi",31522
UTL007441,زینب Raja,18989-3718108-1,Muhammed Raja,,"H-07441, Satellite Town, Rawalpindi",12776
UTL007442,Usman اعوان,87071-8353738-8,Hasan اعوان,1995-05-03,"H-07442, Bahria Town, Rawalpindi",17424
UTL007443,Imran Ch.,72521-4556785-0,Muhammed Hamza چوہدری,1961-02-02,"H-07443, G-10, Islamabad",92211
UTL007444,فیصل Sayed,97916-4672055-8,Muhammad حمزہ سید,1969-11-07,"H-07444, E-11, Islamabad",23685
UTL007445,Hira Sheikh,15232-5273545-6,,1983-09-09,"H-07445, Gulshan-e-Iqbal, Karachi",32578
UTL007446,Fatima Awan,,Muhammed اعوان,1961-04-27,"H-07446, Clifton, Karachi",13655
UTL007447,زینب Chaudhary,39640-8536696-8,Osman Choudhary,1958-04-15,"H-07447, Bahria Town, Rawalpindi",17757
UTL007448,عثمان Qureshi,89955-4093673-0,Imran Qureshi,1979-08-23,"H-07448, Bahria Town, Islamabad",12517
UTL007449,حسن Bhatti,98172-8218081-5,Faysal بٹ,1962-06-08,"H-07449, F-8, Islamabad",33890
UTL007450,فیصل قریشی,20159-5571273-2,Hassan قریشی,1985-01-09,"H-07450, Chaklala, Rawalpindi",20963
UTL007451,Othman Malik,09058-9880008-4,Hassan Malick,2000-07-13,"H-07451, DHA, Lahore",34854
UTL007452,Othman Raja,45840-7008714-7,حمزہ Raja,1997-11-11,"H-07452, Jaranwala Road, Faisalabad",14015
UTL007453,Zaynab مغل,88961-1123770-0,,1962-02-18,"H-07453, Jaranwala Road, Faisalabad",6481
UTL007454,عثمان Shaikh,83263-4839423-0,Imran Sheikh,,"H-07454, Peoples Colony, Faisalabad",8583
UTL007455,Muhammed Imran اعوان,,Usman Awan,,"H-07455, Saddar, Rawalpindi",4093
UTL007456,Muhammed Hamzah Shaykh,,Hassan Sheikh,,"H-07456, Madina Town, Faisalabad",8763
UTL007457,Bilal خان,23209-8561088-4,Mohammad Ali خان,1999-02-16,"H-07457, Gulberg, Lahore",22086
UTL007458,Muhammad Hamzah اعوان,56626-1437307-1,عمران اعوان,1969-03-12,"H-07458, DHA, Karachi",11048
UTL007459,Muhammed Ali ملک,38243-1800031-8,Hassan Malick,1969-10-07,"H-07459, Cantt, Lahore",7692
UTL007460,علی Sayed,,,1985-05-26,"H-07460, F-8, Islamabad",8582
UTL007461,Husain Awan,36282-4730803-3,Bilal اعوان,1985-01-15,"H-07461, Cantt, Lahore",20286
UTL007462,فیصل مغل,12494-6730184-2,Hussein مغل,1995-05-01,"H-07462, E-11, Islamabad",9627
UTL007463,حمزہ Awan,,Mohammad Osman Awan,2002-08-18,"H-07463, DHA, Karachi",8525
UTL007464,Sana اعوان,25802-8277912-4,,1958-03-10,"H-07464, Saddar, Rawalpindi",13323
UTL007465,Maryam Qureshi,,,1958-08-06,"H-07465, Johar Town, Lahore",50954
UTL007466,فاطمہ Awan,93213-4633872-1,عمران Awan,1966-11-24,"H-07466, E-11, Islamabad",13205
UTL007467,Ahmad Chaudhary,59715-2001406-7,Faisal Chaudhary,1965-08-10,"H-07467, Cantt, Lahore",27860
UTL007468,Ali Shaikh,45364-6054866-6,Hassan شیخ,1994-07-28,"H-07468, Model Town, Lahore",362975
UTL007469,Mohammed بلال Syed,88755-9092585-6,Faysal Sayyid,1980-04-07,"H-07469, Madina Town, Faisalabad",11090
UTL007470,Othman Moghul,,فیصل Moghul,1971-09-22,"H-07470, Peoples Colony, Faisalabad",74628
UTL007471,Mohammad Bilal Awan,85010-5812899-8,Usman اعوان,,"H-07471, E-11, Islamabad",66535
UTL007472,محمد مغل,88642-1908985-8,Ahmad مغل,1975-06-02,"H-07472, Jaranwala Road, Faisalabad",26061
UTL007473,Muhammed Chaudhry,95262-7435137-2,Mohammad Bilal Chaudhary,1973-11-21,"H-07473, Model Town, Lahore",13048
UTL007474,عثمان Malik,58033-8633148-2,Muhammad Ali ملک,1990-02-13,"H-07474, Bahria Town, Islamabad",173459
UTL007475,Faysal سید,,,,"H-07475, Gulshan-e-Iqbal, Karachi",10079
UTL007476,Muhammed Faysal اعوان,,Mohammed حسین Awan,1990-02-05,"H-07476, Satellite Town, Rawalpindi",145104
UTL007477,Bilal Khan,30261-1776718-6,عثمان Khan,1959-06-15,"H-07477, F-7, Islamabad",11093
UTL007478,حسین ملک,55957-4601719-6,Ali Malik,1982-04-19,"H-07478, Madina Town, Faisalabad",7530
UTL007479,Bilal Mughal,94495-4546283-6,Mohammed Ali Moghul,,"H-07479, Gulshan-e-Iqbal, Karachi",12044
UTL007480,Mohammad Faisal Khan,,,1963-11-04,"H-07480, DHA, Karachi",20949
UTL007481,Zainab Chaudhary,,Hamzah Chaudhary,1977-03-09,"H-07481, Jaranwala Road, Faisalabad",12183
UTL007482,Hamzah Malick,68450-3802522-5,Muhammad عمران Malik,2002-09-16,"H-07482, Cantt, Lahore",49531
UTL007483,Imran Awan,29744-9659974-9,Mohammad Awan,1956-06-13,"H-07483, G-10, Islamabad",8474
UTL007484,Muhammed فیصل بٹ,,Hussein بٹ,1989-04-19,"H-07484, DHA, Lahore",5425
UTL007485,Mohammad راجہ,98802-9109867-8,Mohammed Hamzah Raja,1991-08-26,"H-07485, Chaklala, Rawalpindi",68654
UTL007486,حمزہ بٹ,,Muhammed علی Butt,1959-06-23,"H-07486, Cantt, Lahore",22680
UTL007487,فیصل Sheikh,16719-9103244-3,Faisal شیخ,1970-08-02,"H-07487, Bahria Town, Rawalpindi",106130
UTL007488,Muhammed Bilal Awan,50304-1060258-0,,1985-05-19,"H-07488, Bahria Town, Islamabad",89542
UTL007489,Zainab اعوان,74472-1960899-8,عثمان Awan,1978-04-24,"H-07489, Madina Town, Faisalabad",10512
UTL007490,Muhammad Butt,45445-5877494-6,,2001-02-21,"H-07490, Model Town, Lahore",12312
UTL007491,Ayisha سید,17304-4077619-4,Imran Sayyid,1964-10-28,"H-07491, Gulberg, Lahore",29031
UTL007492,حسن Shaikh,74715-3464422-5,Hamza Shaykh,1976-03-06,"H-07492, Clifton, Karachi",18066
UTL007493,حسین Raja,,Faysal راجہ,1968-01-28,"H-07493, DHA, Lahore",328624
UTL007494,ثناء Qureshi,55777-2908949-8,,1971-10-21,"H-07494, Gulshan-e-Iqbal, Karachi",16576
UTL007495,عمران Sayyid,17635-2831975-5,Muhammed بلال سید,,"H-07495, Saddar, Rawalpindi",25868
UTL007496,Husain Choudhary,30738-1242033-4,Hussein Choudhary,1980-04-11,"H-07496, Jaranwala Road, Faisalabad",48806
UTL007497,احمد ملک,74783-3819192-0,Hamza Malik,1985-01-12,"H-07497, DHA, Karachi",33745
UTL007498,Mohammad فیصل Awan,38745-4606929-5,بلال Awan,,"H-07498, F-8, Islamabad",48374
UTL007499,Aysha Malick,,Muhammad Ali Malik,,"H-07499, Cantt, Lahore",7867
UTL007500,Hassan Raja,75356-4019544-6,,2002-08-02,"H-07500, Peoples Colony, Faisalabad",5383
UTL007501,Hamzah Moghul,,Hassan مغل,1989-11-03,"H-07501, North Nazimabad, Karachi",189026
UTL007502,حرا Quraishi,,Imran قریشی,,"H-07502, Malir, Karachi",125725
UTL007503,Mohammad Hasan Quraishi,62886-6768329-2,علی قریشی,1988-10-15,"H-07503, E-11, Islamabad",123769
UTL007504,فیصل Sayyid,65606-2034020-1,Muhammed Sayed,1965-06-13,"H-07504, Jaranwala Road, Faisalabad",18952
UTL007505,فیصل Moghul,83898-8444841-1,Mohammed Hussain مغل,1982-09-19,"H-07505, Satellite Town, Rawalpindi",12184
UTL007506,حرا Chaudhry,,Muhammed Chaudhry,1976-06-12,"H-07506, Johar Town, Lahore",180630
UTL007507,حسین Raja,37248-7644601-2,Muhammad Imran راجہ,1993-10-11,"H-07507, F-7, Islamabad",43135
UTL007508,Hamza Moghul,88430-9078520-0,,1965-12-13,"H-07508, Cantt, Lahore",11449
UTL007509,Muhammed علی Malick,51561-9964240-5,Hasan Malick,1968-10-21,"H-07509, North Nazimabad, Karachi",24771
UTL007510,فیصل Qureshi,55455-1299522-9,,1997-11-05,"H-07510, Satellite Town, Rawalpindi",6143
UTL007511,Muhammed Raja,14645-1617235-3,Imran Raja,1962-01-25,"H-07511, DHA, Karachi",19113
UTL007512,علی Sayed,,Hassan Sayyid,1959-03-17,"H-07512, DHA, Karachi",15864
UTL007513,Faysal مغل,,علی Moghul,1966-07-26,"H-07513, G-10, Islamabad",9555
UTL007514,Mohammad Awan,81433-7535951-3,احمد اعوان,1987-07-28,"H-07514, Bahria Town, Rawalpindi",7924
UTL007515,Usman بٹ,64512-1583270-7,Mohammad عمران بٹ,1958-06-10,"H-07515, Saddar, Rawalpindi",16764
UTL007516,Faysal راجہ,73812-1147178-1,Ahmad راجہ,1986-12-14,"H-07516, Jaranwala Road, Faisalabad",9351
UTL007517,Fatema ملک,98138-1677046-3,Muhammad حسن ملک,1961-06-05,"H-07517, G-10, Islamabad",56054
UTL007518,Hasan شیخ,82617-2533949-2,,2002-05-20,"H-07518, DHA, Lahore",10739
UTL007519,فیصل خان,22177-3191648-8,حسین Khan,2003-01-25,"H-07519, DHA, Karachi",4715
UTL007520,Mohammed حسن Bhatti,75366-9166744-9,عثمان Butt,1965-07-18,"H-07520, E-11, Islamabad",60651
UTL007521,Imran Shaykh,,حسن Shaykh,1989-03-19,"H-07521, Saddar, Rawalpindi",29376
UTL007522,Husain Mughal,81890-2124313-7,محمد Mughal,1996-01-04,"H-07522, North Nazimabad, Karachi",48174
UTL007523,فیصل Awan,69047-6004045-4,حسن Awan,1995-11-09,"H-07523, Saddar, Rawalpindi",17003
UTL007524,Muhammad احمد Awan,84172-2934094-4,Osman Awan,1978-01-12,"H-07524, Cantt, Lahore",11480
UTL007525,محمد Shaikh,,Mohammad عمران Shaikh,2002-06-19,"H-07525, G-10, Islamabad",61784
UTL007526,Ali مغل,17908-1868638-9,,1973-03-22,"H-07526, Model Town, Lahore",26345
UTL007527,Mohammad Hasan Sheikh,,عمران Sheikh,1957-08-16,"H-07527, Jaranwala Road, Faisalabad",18531
UTL007528,Husain Syed,34028-8784630-8,Mohammed Imran Syed,2000-12-26,"H-07528, Gulberg, Lahore",5861
UTL007529,Mohammed Quraishi,,Imran Qureshi,2000-06-05,"H-07529, Malir, Karachi",19364
UTL007530,Husain Mughal,84068-9456637-7,بلال مغل,1971-01-25,"H-07530, Model Town, Lahore",25284
UTL007531,ثناء سید,,بلال سید,1973-05-22,"H-07531, E-11, Islamabad",5302
UTL007532,Ayesha Malick,54264-7132347-1,Mohammed ملک,2003-06-25,"H-07532, F-7, Islamabad",44143
UTL007533,Zaynab Awan,20880-3561594-3,عثمان Awan,1996-11-17,"H-07533, Peoples Colony, Faisalabad",53916
UTL007534,Fatema Sayed,86631-2430310-1,Mohammed فیصل Syed,1982-04-25,"H-07534, Madina Town, Faisalabad",14500
UTL007535,Othman Chaudhry,37855-1618159-7,Mohammad Chaudhry,1962-11-21,"H-07535, Satellite Town, Rawalpindi",26128
UTL007536,Bilal Raja,68462-9845292-0,حسن راجہ,1970-11-23,"H-07536, Jaranwala Road, Faisalabad",16573
UTL007537,زینب Mughal,62630-5283523-9,Muhammad Ahmad Mughal,1986-01-11,"H-07537, Bahria Town, Islamabad",12903
UTL007538,Hassan خان,48112-8012455-0,Ahmed خان,1957-10-20,"H-07538, Saddar, Rawalpindi",6211
UTL007539,حسین Malick,,Mohammad Malik,1968-02-26,"H-07539, DHA, Karachi",10287
UTL007540,ثناء Malik,86520-2911862-0,Hamza ملک,,"H-07540, E-11, Islamabad",9580
UTL007541,Bilal Chaudhary,34351-5388395-3,عمران چوہدری,,"H-07541, Gulshan-e-Iqbal, Karachi",5045
UTL007542,Faysal قریشی,41500-5985965-1,Muhammed Qureshi,1966-05-01,"H-07542, Gulshan-e-Iqbal, Karachi",49056
UTL007543,Mohammed Ali Sayed,63857-7187197-4,Hassan Syed,1962-02-08,"H-07543, Malir, Karachi",15037
UTL007544,Faysal Syed,72858-5940222-0,Muhammad احمد Syed,1993-05-06,"H-07544, Johar Town, Lahore",28812
UTL007545,Mohammad علی Khan,,بلال Khan,1966-04-02,"H-07545, F-8, Islamabad",89987
UTL007546,حمزہ راجہ,74149-4289194-4,Muhammad عثمان راجہ,1984-12-28,"H-07546, Johar Town, Lahore",10362
UTL007547,حرا Quraishi,73017-6238997-9,Faisal Qureshi,1990-09-08,"H-07547, Johar Town, Lahore",20997
UTL007548,Faysal مغل,67966-5142573-7,بلال مغل,1980-01-14,"H-07548, Malir, Karachi",8819
UTL007549,مریم Sheikh,68941-5721884-4,احمد شیخ,1977-04-20,"H-07549, G-10, Islamabad",18807
UTL007550,Muhammad Imran سید,76917-5260926-0,احمد Syed,1990-06-03,"H-07550, Gulshan-e-Iqbal, Karachi",46087
UTL007551,ثناء اعوان,,Mohammad بلال Awan,1960-09-20,"H-07551, Johar Town, Lahore",7394
UTL007552,Mohammad حسن بٹ,35907-2550530-6,,1978-06-23,"H-07552, Jaranwala Road, Faisalabad",10225
UTL007553,محمد مغل,,Faysal Mughal,1978-07-07,"H-07553, Cantt, Lahore",11250
UTL007554,بلال Awan,97491-9716692-8,محمد Awan,1961-10-14,"H-07554, Jaranwala Road, Faisalabad",7080
UTL007555,Hussain Sheikh,,Hasan Sheikh,1972-01-09,"H-07555, DHA, Karachi",35470
UTL007556,Mohammed Awan,19565-3070422-2,Muhammed Usman Awan,1992-07-26,"H-07556, DHA, Lahore",8283
UTL007557,Sana Qureshi,26238-4550152-9,حسن قریشی,2000-06-08,"H-07557, Saddar, Rawalpindi",7833
UTL007558,Fatima Ch.,87512-9173105-5,حمزہ Choudhary,1985-09-20,"H-07558, Peoples Colony, Faisalabad",65116
UTL007559,حرا Sayed,67367-8034368-5,احمد Syed,1971-12-20,"H-07559, Clifton, Karachi",48003
UTL007560,Muhammad خان,89170-1591724-0,,1960-09-03,"H-07560, Peoples Colony, Faisalabad",12550
UTL007561,Fatima Khan,65881-2461486-0,علی Khan,2003-01-03,"H-07561, Satellite Town, Rawalpindi",7938
UTL007562,Ahmed راجہ,,حمزہ Raja,1969-02-02,"H-07562, Jaranwala Road, Faisalabad",36114
UTL007563,عائشہ خان,79618-6595082-9,Hamzah خان,1969-08-02,"H-07563, DHA, Lahore",4096
UTL007564,Othman Quraishi,85943-7156023-1,حسن قریشی,2002-03-06,"H-07564, F-7, Islamabad",23398
UTL007565,مریم قریشی,80899-1434919-1,Hamza Quraishi,1995-12-24,"H-07565, North Nazimabad, Karachi",57825
UTL007566,بلال Mughal,14856-5714261-5,Hamza Moghul,1989-09-09,"H-07566, Bahria Town, Islamabad",23033
UTL007567,Osman Malik,16121-5673625-5,Ahmed Malik,,"H-07567, DHA, Lahore",11027
UTL007568,حسن Sayed,76419-7206693-8,Bilal سید,1994-08-27,"H-07568, E-11, Islamabad",78177
UTL007569,حسن خان,77177-2628318-1,حمزہ Khan,,"H-07569, Johar Town, Lahore",43260
UTL007570,Mohammad Ahmad شیخ,44336-1627769-4,,1967-05-12,"H-07570, Gulshan-e-Iqbal, Karachi",7320
UTL007571,Maryam راجہ,50117-2130694-3,,1959-05-22,"H-07571, Model Town, Lahore",6780
UTL007572,Sana Malik,47335-4410101-9,Hasan ملک,1994-06-27,"H-07572, Jaranwala Road, Faisalabad",26075
UTL007573,Hamzah سید,54599-5993538-7,Muhammed بلال Syed,1986-05-26,"H-07573, F-7, Islamabad",5664
UTL007574,Mohammad Hasan Raja,78201-3115680-3,Mohammad بلال راجہ,1966-11-16,"H-07574, Satellite Town, Rawalpindi",25222
UTL007575,Muhammad علی Ch.,15215-6254402-1,,2000-02-26,"H-07575, Chaklala, Rawalpindi",9347
UTL007576,Mohammed علی Sheikh,66774-2844587-3,Imran Sheikh,1962-05-06,"H-07576, Madina Town, Faisalabad",29177
UTL007577,Mohammad Imran اعوان,10699-4393864-6,علی Awan,1985-11-11,"H-07577, Model Town, Lahore",18252
UTL007578,علی Butt,39070-3432182-6,,1971-12-11,"H-07578, Cantt, Lahore",22766
UTL007579,Imran Sheikh,,عمران Sheikh,2002-02-15,"H-07579, Saddar, Rawalpindi",18099
UTL007580,Bilal Khan,47742-1239997-3,بلال خان,1958-04-14,"H-07580, Clifton, Karachi",11389
UTL007581,Usman اعوان,46305-8976991-5,Osman اعوان,1995-03-17,"H-07581, Bahria Town, Islamabad",105274
UTL007582,Mohammed احمد Moghul,39571-9594226-9,بلال Mughal,1969-06-12,"H-07582, Jaranwala Road, Faisalabad",22194
UTL007583,Osman راجہ,62700-9507029-5,Mohammed راجہ,1969-09-11,"H-07583, Bahria Town, Rawalpindi",27527
UTL007584,Husain Butt,95602-1820297-1,Muhammed بٹ,1960-07-22,"H-07584, Peoples Colony, Faisalabad",35184
UTL007585,Mohammed Bhatti,90567-9995236-9,Mohammed Hasan Butt,1993-07-23,"H-07585, DHA, Lahore",35475
UTL007586,Fatimah چوہدری,58216-8032912-6,Ahmad Chaudhry,1971-03-02,"H-07586, Clifton, Karachi",30282
UTL007587,Ali Bhatti,96990-9690455-8,,1970-11-10,"H-07587, Jaranwala Road, Faisalabad",7009
UTL007588,Mohammad Hamzah ملک,,Ahmed ملک,1966-09-21,"H-07588, Gulshan-e-Iqbal, Karachi",50184
UTL007589,Muhammad Ali Awan,56766-7025807-9,Mohammed Ali Awan,1978-04-25,"H-07589, Satellite Town, Rawalpindi",4484
UTL007590,علی Qureshi,,بلال Quraishi,1966-05-27,"H-07590, E-11, Islamabad",58099
UTL007591,Hira ملک,52980-3798914-8,عمران Malik,1998-03-17,"H-07591, Peoples Colony, Faisalabad",8902
UTL007592,Fatema Butt,56860-3152542-2,حسین Bhatti,1997-04-03,"H-07592, Bahria Town, Islamabad",23246
UTL007593,عمران Chaudhry,,Ahmed چوہدری,1997-01-17,"H-07593, Jaranwala Road, Faisalabad",12687
UTL007594,Hira Qureshi,88565-5724123-0,بلال Quraishi,1982-10-27,"H-07594, Madina Town, Faisalabad",5377
UTL007595,Usman Quraishi,85932-8522797-5,Osman Quraishi,1992-04-07,"H-07595, Bahria Town, Rawalpindi",24472
UTL007596,فیصل Sayed,89687-9570817-5,,1976-06-21,"H-07596, DHA, Lahore",27104
UTL007597,Imran Raja,85062-8573265-5,Hassan راجہ,1988-05-15,"H-07597, E-11, Islamabad",80607
UTL007598,Faisal شیخ,,Mohammed Hassan شیخ,1961-12-16,"H-07598, Satellite Town, Rawalpindi",7558
UTL007599,Mohammed Imran Sayed,,,1990-08-06,"H-07599, F-7, Islamabad",20610
UTL007600,Ahmad Khan,61379-5589628-5,Muhammed Husain خان,1957-06-14,"H-07600, Satellite Town, Rawalpindi",8479
UTL007601,Ahmed Raja,30047-6589656-6,Othman راجہ,1990-11-02,"H-07601, Bahria Town, Rawalpindi",53934
UTL007602,Osman Chaudhary,55611-4726947-4,بلال Chaudhary,1976-01-25,"H-07602, Madina Town, Faisalabad",70874
UTL007603,Hasan خان,39626-1728178-8,Imran خان,1998-06-21,"H-07603, Saddar, Rawalpindi",19028
UTL007604,Hussein Raja,38182-8907485-6,Hasan راجہ,1987-10-11,"H-07604, Jaranwala Road, Faisalabad",130724
UTL007605,Imran Mughal,,Hussain Moghul,1986-08-09,"H-07605, Bahria Town, Rawalpindi",29212
UTL007606,Muhammed راجہ,91914-1896484-1,,1995-11-08,"H-07606, F-8, Islamabad",17555
UTL007607,Hussain سید,,Muhammed Sayed,1955-10-25,"H-07607, DHA, Karachi",58131
UTL007608,Mohammed Ch.,,,2001-12-09,"H-07608, G-10, Islamabad",5642
UTL007609,Zaynab مغل,35099-6301098-4,,1994-12-05,"H-07609, F-7, Islamabad",9519
UTL007610,Osman راجہ,52596-7179907-1,علی Raja,,"H-07610, Clifton, Karachi",12936
UTL007611,Muhammad Raja,36495-8478781-5,عثمان Raja,1994-09-21,"H-07611, Jaranwala Road, Faisalabad",10190
UTL007612,Bilal Syed,,حمزہ Sayyid,1967-09-16,"H-07612, Chaklala, Rawalpindi",36783
UTL007613,Hira Chaudhary,22465-5961975-8,,1983-08-28,"H-07613, Bahria Town, Rawalpindi",24086
UTL007614,عمران Mughal,64967-7356698-1,Muhammad Hamzah Mughal,1970-11-09,"H-07614, DHA, Karachi",7015
UTL007615,Zaynab شیخ,86026-2179303-4,Hassan شیخ,1961-06-28,"H-07615, DHA, Lahore",4496
UTL007616,عائشہ Awan,30155-1662431-2,Muhammad Hassan Awan,1973-10-06,"H-07616, DHA, Karachi",5102
UTL007617,عائشہ راجہ,40250-9554172-6,Muhammad علی Raja,1990-10-18,"H-07617, DHA, Lahore",5703
UTL007618,Ali Raja,,علی راجہ,1981-11-21,"H-07618, F-7, Islamabad",45916
UTL007619,Hasan Shaykh,,Mohammad Sheikh,1998-03-05,"H-07619, F-7, Islamabad",110196
UTL007620,بلال Chaudhary,54064-4539963-4,Ali Chaudhry,1995-02-01,"H-07620, Model Town, Lahore",17980
UTL007621,Ahmad مغل,,محمد مغل,2002-11-12,"H-07621, Madina Town, Faisalabad",24252
UTL007622,Hussain Butt,,,2000-05-07,"H-07622, North Nazimabad, Karachi",20783
UTL007623,Osman بٹ,92574-7072816-5,عمران Bhatti,1979-05-09,"H-07623, Gulshan-e-Iqbal, Karachi",17939
UTL007624,Zaynab Khan,37111-2528296-3,Hussain خان,1961-10-04,"H-07624, Bahria Town, Rawalpindi",198649
UTL007625,عمران Raja,,حمزہ راجہ,2003-06-08,"H-07625, G-10, Islamabad",13364
UTL007626,Imran خان,16640-3685095-6,Mohammed علی Khan,1969-11-08,"H-07626, Madina Town, Faisalabad",28011
UTL007627,Aysha Mughal,11174-3211629-0,,,"H-07627, DHA, Lahore",94291
UTL007628,Imran خان,19518-2657856-7,Husain Khan,,"H-07628, North Nazimabad, Karachi",4463
UTL007629,Fatimah چوہدری,88151-5949494-6,Bilal چوہدری,1982-03-20,"H-07629, North Nazimabad, Karachi",22549
UTL007630,ثناء راجہ,76842-5604418-3,Muhammad Hussain راجہ,1995-02-16,"H-07630, Model Town, Lahore",37543
UTL007631,Bilal Khan,20516-4614474-0,Muhammad عثمان Khan,1998-02-05,"H-07631, Cantt, Lahore",20217
UTL007632,Mohammed مغل,44669-7831451-5,,1974-11-27,"H-07632, Peoples Colony, Faisalabad",5416
UTL007633,Muhammad بلال Quraishi,46695-4584159-0,Muhammed Husain Qureshi,1957-07-28,"H-07633, Gulberg, Lahore",5212
UTL007634,Faisal قریشی,,Mohammed علی قریشی,1973-12-22,"H-07634, Saddar, Rawalpindi",47573
UTL007635,Hamza Mughal,78228-2190191-8,عثمان Mughal,1999-01-04,"H-07635, Peoples Colony, Faisalabad",16647
UTL007636,Imran مغل,18951-7886277-3,Hussain مغل,1986-01-04,"H-07636, DHA, Lahore",24823
UTL007637,Husain Malick,98134-9637203-4,Ali ملک,1994-11-22,"H-07637, Madina Town, Faisalabad",11464
UTL007638,Ahmad Awan,84452-8981363-3,Mohammed Awan,1962-05-21,"H-07638, Saddar, Rawalpindi",17372
UTL007639,Faisal Bhatti,85055-1118619-5,بلال Butt,1985-10-24,"H-07639, Jaranwala Road, Faisalabad",145740
UTL007640,زینب Mughal,91150-7549566-1,Imran Moghul,1974-12-02,"H-07640, Malir, Karachi",93712
UTL007641,بلال چوہدری,96750-1985960-1,بلال Choudhary,1980-04-07,"H-07641, Model Town, Lahore",39147
UTL007642,حسن اعوان,19956-9310192-9,Imran Awan,1973-05-21,"H-07642, Johar Town, Lahore",36318
UTL007643,Usman راجہ,95212-5507452-8,Muhammad Usman راجہ,1967-02-28,"H-07643, Chaklala, Rawalpindi",22961
UTL007644,حرا Qureshi,99374-8011188-4,عمران Qureshi,1995-11-20,"H-07644, Madina Town, Faisalabad",15164
UTL007645,Husain Sayyid,17056-2931628-4,Mohammed فیصل سید,1960-04-08,"H-07645, F-7, Islamabad",24112
UTL007646,حمزہ شیخ,24425-7501892-3,Mohammad احمد Shaikh,1976-08-15,"H-07646, Bahria Town, Rawalpindi",40523
UTL007647,Zainab Choudhary,,Mohammed Bilal چوہدری,1971-10-08,"H-07647, G-10, Islamabad",7998
UTL007648,Mohammad Bilal مغل,28389-8212837-8,علی Mughal,1974-11-08,"H-07648, G-10, Islamabad",10170
UTL007649,Ahmed بٹ,68968-2663202-0,Mohammad Ali Bhatti,2002-07-20,"H-07649, Madina Town, Faisalabad",55233
UTL007650,علی راجہ,61163-7665232-9,Muhammed Raja,1972-07-08,"H-07650, Madina Town, Faisalabad",76290
UTL007651,محمد Butt,71264-8210155-9,Mohammed Hamza Bhatti,1984-11-27,"H-07651, Bahria Town, Islamabad",61069
UTL007652,حمزہ Syed,73998-1103259-0,Ahmed سید,1966-11-18,"H-07652, Malir, Karachi",8215
UTL007653,Ahmed راجہ,11993-9493098-2,Mohammed Usman راجہ,1999-04-07,"H-07653, DHA, Karachi",28778
UTL007654,حمزہ خان,26157-7817792-2,حسن Khan,1979-06-27,"H-07654, Cantt, Lahore",43786
UTL007655,بلال اعوان,72701-2061468-4,بلال Awan,1987-12-12,"H-07655, Jaranwala Road, Faisalabad",9341
UTL007656,Osman Shaikh,93816-3661180-5,,1989-04-28,"H-07656, Jaranwala Road, Faisalabad",24527
UTL007657,Mariam راجہ,,Hassan Raja,1978-06-18,"H-07657, North Nazimabad, Karachi",58034
UTL007658,Mohammad Faysal راجہ,68173-3527122-5,Bilal Raja,1992-04-26,"H-07658, Jaranwala Road, Faisalabad",12741
UTL007659,Zaynab سید,59517-5416748-9,عمران Sayed,1972-11-02,"H-07659, Jaranwala Road, Faisalabad",12306
UTL007660,Imran قریشی,84484-5017468-1,Mohammed Hassan Quraishi,1974-01-08,"H-07660, Madina Town, Faisalabad",20598
UTL007661,Aysha Awan,70422-2327860-5,,1979-02-08,"H-07661, Johar Town, Lahore",4382
UTL007662,بلال Butt,16680-4066707-8,عمران Bhatti,1995-01-16,"H-07662, Madina Town, Faisalabad",14978
UTL007663,Mohammed Hussein Khan,89565-6096216-1,Bilal Khan,1962-03-08,"H-07663, E-11, Islamabad",13779
UTL007664,Faysal Chaudhry,74542-6351635-7,Hussain Choudhary,1973-06-27,"H-07664, Model Town, Lahore",27671
UTL007665,Muhammed حمزہ بٹ,74972-8577480-2,محمد Butt,1971-04-19,"H-07665, Gulberg, Lahore",23589
UTL007666,Mohammad چوہدری,58467-2707320-9,Hussain Choudhary,1979-09-16,"H-07666, Jaranwala Road, Faisalabad",12086
UTL007667,Hira ملک,55907-1479118-3,,1978-05-07,"H-07667, Cantt, Lahore",77189
UTL007668,Faisal Chaudhary,89218-7537227-6,,1996-03-04,"H-07668, DHA, Lahore",8881
UTL007669,ثناء Quraishi,37627-6010039-7,عثمان Quraishi,,"H-07669, Chaklala, Rawalpindi",31006
UTL007670,عمران سید,50972-8830366-2,,1996-12-11,"H-07670, DHA, Karachi",7627
UTL007671,Bilal ملک,61855-6381491-4,,,"H-07671, Bahria Town, Islamabad",17472
UTL007672,Zaynab سید,59643-8370792-3,عمران Sayed,1995-03-06,"H-07672, Jaranwala Road, Faisalabad",24211
UTL007673,Muhammad Hasan Malick,,,1966-04-25,"H-07673, Cantt, Lahore",6329
UTL007674,Mohammed احمد Sayyid,28883-4499696-4,Hasan Sayed,1959-10-09,"H-07674, Chaklala, Rawalpindi",21761
UTL007675,Zaynab Moghul,77767-2134980-6,Mohammed Husain Moghul,1998-09-10,"H-07675, Jaranwala Road, Faisalabad",19607
UTL007676,حسین Choudhary,36159-6563323-6,Muhammad چوہدری,1970-05-03,"H-07676, Gulshan-e-Iqbal, Karachi",14503
UTL007677,Osman مغل,23349-3495572-8,Muhammad Mughal,1998-10-09,"H-07677, G-10, Islamabad",10706
UTL007678,Othman Choudhary,95170-1503442-9,Husain Chaudhary,1981-08-10,"H-07678, F-7, Islamabad",51151
UTL007679,Ahmed Malik,69859-7177141-3,Hassan Malick,1992-06-22,"H-07679, G-10, Islamabad",5805
UTL007680,Bilal خان,,,1960-03-09,"H-07680, Satellite Town, Rawalpindi",7848
UTL007681,Hassan خان,,,1959-06-15,"H-07681, Bahria Town, Rawalpindi",8311
UTL007682,Mohammed Ahmad بٹ,86105-8432252-5,Othman Bhatti,,"H-07682, Jaranwala Road, Faisalabad",14360
UTL007683,Imran مغل,81691-8809454-5,بلال Moghul,1992-12-20,"H-07683, Cantt, Lahore",36151
UTL007684,بلال مغل,30139-9932003-3,,1963-09-15,"H-07684, DHA, Lahore",6450
UTL007685,بلال Syed,94952-2696827-5,عمران سید,2001-05-04,"H-07685, Bahria Town, Rawalpindi",9245
UTL007686,Sana Sayyid,20597-1111019-7,Muhammad بلال سید,2000-06-04,"H-07686, Peoples Colony, Faisalabad",5432
UTL007687,حسن Qureshi,38918-7614099-8,Bilal Quraishi,1956-07-16,"H-07687, North Nazimabad, Karachi",45741
UTL007688,Faisal Sayyid,26077-4994450-5,Mohammed Imran سید,1995-11-26,"H-07688, F-7, Islamabad",4515
UTL007689,حرا خان,88185-3521238-1,Faisal خان,1964-10-02,"H-07689, Malir, Karachi",6490
UTL007690,Muhammad Awan,,Husain اعوان,,"H-07690, Bahria Town, Rawalpindi",11889
UTL007691,Othman Moghul,93472-8671692-7,Husain Mughal,1970-05-02,"H-07691, F-7, Islamabad",13692
UTL007692,علی Khan,45082-9674381-3,علی خان,1969-05-28,"H-07692, Bahria Town, Rawalpindi",24250
UTL007693,Ahmed قریشی,37489-8066468-7,Hussein Qureshi,1961-11-15,"H-07693, DHA, Lahore",112142
UTL007694,Faisal خان,42015-5195461-5,بلال خان,1988-05-12,"H-07694, Saddar, Rawalpindi",5161
UTL007695,بلال شیخ,45942-4679820-8,,1994-04-24,"H-07695, Bahria Town, Islamabad",4874
UTL007696,Mohammed حسین مغل,78465-6345187-8,احمد Moghul,1964-04-24,"H-07696, Madina Town, Faisalabad",9956
UTL007697,Marium Ch.,,محمد Choudhary,1988-07-24,"H-07697, Peoples Colony, Faisalabad",6153
UTL007698,Hussein مغل,38660-4495904-2,بلال Mughal,1967-02-06,"H-07698, Madina Town, Faisalabad",9836
UTL007699,احمد Awan,88251-9908295-3,بلال Awan,1985-11-04,"H-07699, Satellite Town, Rawalpindi",26422
UTL007700,Muhammed Imran راجہ,78211-6467488-4,Ali راجہ,,"H-07700, F-7, Islamabad",25515
UTL007701,Hamza Ch.,,Ali Choudhary,1977-09-18,"H-07701, Gulshan-e-Iqbal, Karachi",7542
UTL007702,Aisha Sheikh,58020-3515096-0,Muhammed Faisal Shaykh,1988-02-10,"H-07702, G-10, Islamabad",5803
UTL007703,Muhammed Hussain راجہ,99912-1131314-0,,1988-06-03,"H-07703, Gulshan-e-Iqbal, Karachi",11804
UTL007704,Muhammad عثمان Shaikh,53576-5280552-1,محمد شیخ,1984-04-15,"H-07704, Madina Town, Faisalabad",155563
UTL007705,Ali Quraishi,61043-6257948-4,حسین Quraishi,1988-01-14,"H-07705, Chaklala, Rawalpindi",7849
UTL007706,Hussein Sayed,,,1986-01-06,"H-07706, Madina Town, Faisalabad",5430
UTL007707,حرا Shaikh,24190-9438413-8,Muhammad Shaikh,1970-09-28,"H-07707, Saddar, Rawalpindi",12535
UTL007708,Faisal Awan,92505-9824991-2,Muhammad Husain Awan,2002-09-23,"H-07708, Malir, Karachi",4523
UTL007709,Mohammad احمد Malick,,فیصل Malick,1972-11-18,"H-07709, Malir, Karachi",15706
UTL007710,حرا Khan,49766-7371473-5,,1978-10-02,"H-07710, Peoples Colony, Faisalabad",43090
UTL007711,حمزہ Chaudhary,22079-6542184-3,Mohammad Hussain Ch.,1988-05-05,"H-07711, F-7, Islamabad",39124
UTL007712,Muhammad Husain راجہ,78841-4792882-9,Muhammad Raja,1994-01-19,"H-07712, Peoples Colony, Faisalabad",23796
UTL007713,Ali مغل,77498-1635832-1,Muhammed حسن Mughal,,"H-07713, Clifton, Karachi",5953
UTL007714,Ahmad مغل,77043-4161219-7,Hamzah Moghul,1968-06-28,"H-07714, Gulshan-e-Iqbal, Karachi",11005
UTL007715,Aisha Mughal,95204-6694546-5,بلال Mughal,1990-03-03,"H-07715, Bahria Town, Islamabad",6410
UTL007716,بلال مغل,81015-6011021-0,,1989-08-11,"H-07716, North Nazimabad, Karachi",21589
UTL007717,Maryam Shaikh,,Muhammed فیصل Shaikh,1977-04-25,"H-07717, Model Town, Lahore",11777
UTL007718,Marium Mughal,53634-8945968-4,Mohammad مغل,2003-06-15,"H-07718, Cantt, Lahore",8321
UTL007719,Maryam خان,81074-7270602-5,Ali خان,1992-12-28,"H-07719, Cantt, Lahore",12542
UTL007720,Husain سید,19906-3456225-2,Usman سید,,"H-07720, Gulshan-e-Iqbal, Karachi",144051
UTL007721,Muhammed فیصل قریشی,10386-7072982-7,Muhammed Faysal قریشی,1980-08-24,"H-07721, DHA, Karachi",39359
UTL007722,ثناء Butt,57467-7523362-7,Muhammed Imran Butt,1987-07-24,"H-07722, North Nazimabad, Karachi",5786
UTL007723,فاطمہ Chaudhry,,علی Ch.,,"H-07723, Madina Town, Faisalabad",64503
UTL007724,Hamza اعوان,33702-2401680-4,فیصل Awan,1976-01-10,"H-07724, G-10, Islamabad",10275
UTL007725,حمزہ سید,95162-2649637-5,,1999-08-20,"H-07725, G-10, Islamabad",13699
UTL007726,Muhammed Hasan Sheikh,27020-6861743-2,عمران Shaikh,1985-12-03,"H-07726, Satellite Town, Rawalpindi",12146
UTL007727,Hussein Shaykh,82917-9109972-9,بلال Shaikh,1970-06-16,"H-07727, Bahria Town, Islamabad",30663
UTL007728,Hasan راجہ,21588-4170373-0,Ali راجہ,1993-11-20,"H-07728, G-10, Islamabad",17658
UTL007729,حسن Awan,89857-7120386-6,علی Awan,1977-01-28,"H-07729, DHA, Lahore",44267
UTL007730,Ahmed Bhatti,43890-3293446-1,Mohammed Bhatti,1982-11-26,"H-07730, Peoples Colony, Faisalabad",9308
UTL007731,Fatema اعوان,71426-7537248-0,Bilal Awan,1999-10-10,"H-07731, Saddar, Rawalpindi",5179
UTL007732,علی Quraishi,58326-3097784-3,,1972-02-13,"H-07732, Jaranwala Road, Faisalabad",9662
UTL007733,Sana Raja,,احمد Raja,1990-01-16,"H-07733, E-11, Islamabad",18840
UTL007734,محمد Malik,52106-7521230-1,Hussain Malik,1993-12-21,"H-07734, Clifton, Karachi",51900
UTL007735,فیصل Sheikh,25412-3033157-6,Hamzah Sheikh,1986-05-15,"H-07735, Johar Town, Lahore",39036
UTL007736,Hassan Chaudhry,25537-9079354-0,,1984-03-19,"H-07736, F-7, Islamabad",6678
UTL007737,Mohammed Osman Quraishi,41790-3595477-8,بلال قریشی,1990-08-03,"H-07737, Peoples Colony, Faisalabad",9312
UTL007738,Ali Bhatti,,محمد Butt,1980-11-03,"H-07738, Madina Town, Faisalabad",15444
UTL007739,فیصل Raja,34523-9813062-3,,2001-08-28,"H-07739, Jaranwala Road, Faisalabad",71820
UTL007740,Hasan قریشی,55502-2364987-5,Ahmad Quraishi,1991-03-16,"H-07740, Chaklala, Rawalpindi",54299
UTL007741,Ahmed Khan,50681-9624207-5,عمران خان,2003-09-25,"H-07741, Satellite Town, Rawalpindi",23634
UTL007742,عمران خان,86494-2203059-1,Ahmad Khan,2003-07-17,"H-07742, F-7, Islamabad",32624
UTL007743,Muhammad علی Quraishi,45099-3862436-5,Mohammed Quraishi,1972-11-08,"H-07743, Peoples Colony, Faisalabad",3694
UTL007744,Mohammed بٹ,47840-1550141-8,Mohammed Bhatti,1971-10-10,"H-07744, Saddar, Rawalpindi",6662
UTL007745,Mohammad Hassan Butt,27064-7322571-6,Bilal Butt,1980-01-09,"H-07745, Gulberg, Lahore",20845
UTL007746,بلال Mughal,79769-3709677-2,Mohammad Mughal,1978-01-06,"H-07746, Gulberg, Lahore",23526
UTL007747,علی راجہ,66121-4266890-0,Othman Raja,1969-08-27,"H-07747, Peoples Colony, Faisalabad",34185
UTL007748,Mohammed فیصل راجہ,76165-2966035-9,عمران راجہ,1979-05-23,"H-07748, Satellite Town, Rawalpindi",12338
UTL007749,Zainab Sayed,84510-4342500-5,,1970-09-12,"H-07749, Chaklala, Rawalpindi",12705
UTL007750,Ahmad Shaykh,10736-2973694-1,Muhammad فیصل شیخ,1963-11-21,"H-07750, Johar Town, Lahore",6360
UTL007751,حمزہ Chaudhry,34479-7225466-0,,1993-03-06,"H-07751, Madina Town, Faisalabad",24890
UTL007752,Hira Awan,25719-1208135-5,Hassan اعوان,2001-08-04,"H-07752, Clifton, Karachi",42701
UTL007753,Mohammed قریشی,,Mohammad Hassan Qureshi,1959-03-17,"H-07753, Gulberg, Lahore",56100
UTL007754,Hassan Choudhary,91937-3382675-1,Muhammed بلال Ch.,1982-05-22,"H-07754, Gulshan-e-Iqbal, Karachi",7568
UTL007755,Muhammad Awan,19889-9004637-8,Hamza Awan,,"H-07755, F-8, Islamabad",10333
UTL007756,Zainab Shaikh,58196-9593053-3,بلال Shaykh,1973-10-22,"H-07756, E-11, Islamabad",14550
UTL007757,Maryam راجہ,66759-4841479-0,Muhammad Raja,1985-11-06,"H-07757, DHA, Karachi",77764
UTL007758,Hira قریشی,,عمران Quraishi,1961-01-18,"H-07758, Model Town, Lahore",163154
UTL007759,Ali مغل,32837-2326933-4,Hamzah مغل,1973-10-08,"H-07759, F-8, Islamabad",9139
UTL007760,احمد Khan,58671-9660837-7,Hamza Khan,,"H-07760, Peoples Colony, Faisalabad",23697
UTL007761,Sana سید,68574-1991236-9,,1994-12-07,"H-07761, North Nazimabad, Karachi",11705
UTL007762,Marium Shaykh,20926-8792239-7,محمد Shaikh,1986-08-05,"H-07762, Madina Town, Faisalabad",38143
UTL007763,Faysal سید,24076-8133602-2,Muhammed سید,1970-02-12,"H-07763, Chaklala, Rawalpindi",41066
UTL007764,فاطمہ Malik,13039-6965067-9,Mohammed بلال Malick,1962-07-01,"H-07764, F-8, Islamabad",37711
UTL007765,Hassan Qureshi,86627-9564187-6,محمد قریشی,,"H-07765, North Nazimabad, Karachi",4235
UTL007766,Ali Shaikh,29024-1254335-0,,1975-06-13,"H-07766, Madina Town, Faisalabad",8182
UTL007767,Faisal Awan,83935-7686414-1,Ali Awan,1973-03-22,"H-07767, Gulberg, Lahore",322965
UTL007768,بلال Malick,41089-5094250-6,Muhammed بلال ملک,1957-06-07,"H-07768, Satellite Town, Rawalpindi",58180
UTL007769,Husain قریشی,90485-1283353-5,,2001-02-08,"H-07769, Model Town, Lahore",35637
UTL007770,حسن Quraishi,40169-6009857-5,Usman Quraishi,1993-03-18,"H-07770, Chaklala, Rawalpindi",16102
UTL007771,Muhammed Ahmed Quraishi,41502-7401165-5,Mohammad Hasan قریشی,1960-10-08,"H-07771, E-11, Islamabad",12005
UTL007772,Muhammad چوہدری,63215-2471428-2,Imran Choudhary,,"H-07772, G-10, Islamabad",32018
UTL007773,Hasan شیخ,92340-6615224-6,Muhammad Shaykh,,"H-07773, Model Town, Lahore",61936
UTL007774,Hamza Raja,46008-4731903-7,Muhammed Hussein Raja,1987-03-22,"H-07774, Johar Town, Lahore",18100
UTL007775,Faisal Raja,83111-9444522-9,Ahmad راجہ,1987-12-13,"H-07775, Saddar, Rawalpindi",69982
UTL007776,Muhammad علی Butt,46378-4224736-1,Ali بٹ,1971-01-05,"H-07776, Saddar, Rawalpindi",8422
UTL007777,Mohammed Mughal,,Hussein مغل,1960-08-04,"H-07777, Madina Town, Faisalabad",24482
UTL007778,Usman بٹ,,محمد Bhatti,1981-05-06,"H-07778, Clifton, Karachi",14379
UTL007779,فاطمہ Chaudhry,98817-2043447-2,Bilal چوہدری,1987-04-19,"H-07779, DHA, Lahore",5421
UTL007780,Fatima Butt,,احمد بٹ,1970-07-03,"H-07780, Peoples Colony, Faisalabad",17088
UTL007781,Muhammed Sayyid,56526-7379219-6,احمد Sayed,1967-10-14,"H-07781, E-11, Islamabad",30785
UTL007782,Hira بٹ,,Mohammed بلال Butt,1961-11-17,"H-07782, Bahria Town, Rawalpindi",60070
UTL007783,عمران Quraishi,14260-1847438-8,Muhammed Ahmad Qureshi,,"H-07783, E-11, Islamabad",9843
UTL007784,علی Khan,33496-7813041-1,Usman خان,1982-09-09,"H-07784, Satellite Town, Rawalpindi",5872
UTL007785,Ahmed Butt,78703-5700000-6,Muhammad Hassan Bhatti,1989-09-08,"H-07785, Satellite Town, Rawalpindi",27309
UTL007786,Hira Chaudhry,78719-5970170-4,Osman چوہدری,1999-11-01,"H-07786, DHA, Karachi",4567
UTL007787,علی راجہ,,Osman Raja,1972-04-04,"H-07787, F-8, Islamabad",11266
UTL007788,Hasan قریشی,50712-8557876-2,Mohammed Hassan Quraishi,1991-01-01,"H-07788, Cantt, Lahore",7302
UTL007789,Fatema راجہ,32170-5826243-4,Ali Raja,1968-04-22,"H-07789, Model Town, Lahore",14117
UTL007790,Mohammad حسن شیخ,37531-5650385-2,احمد Sheikh,1983-07-24,"H-07790, Satellite Town, Rawalpindi",18106
UTL007791,Ayesha Moghul,82840-5478471-5,Mohammed علی Mughal,1963-01-11,"H-07791, Jaranwala Road, Faisalabad",7979
UTL007792,Sana راجہ,97828-7160189-5,,1965-12-16,"H-07792, Peoples Colony, Faisalabad",5044
UTL007793,Usman Raja,40518-1149856-8,,1995-09-26,"H-07793, Malir, Karachi",15281
UTL007794,Usman Mughal,33304-8241819-7,Bilal مغل,1997-09-16,"H-07794, E-11, Islamabad",57118
UTL007795,Maryam خان,21977-3268394-7,Faisal Khan,1986-03-17,"H-07795, Bahria Town, Islamabad",6063
UTL007796,Bilal چوہدری,,Hasan چوہدری,1964-02-02,"H-07796, Bahria Town, Islamabad",14050
UTL007797,Othman سید,60912-1186808-1,حمزہ Sayyid,1989-03-27,"H-07797, E-11, Islamabad",119352
UTL007798,Bilal راجہ,90456-9735162-5,احمد Raja,1977-06-21,"H-07798, Jaranwala Road, Faisalabad",4139
UTL007799,Hira راجہ,94668-2869636-7,Ali Raja,2003-04-04,"H-07799, Malir, Karachi",6209
UTL007800,Muhammad Osman Choudhary,78054-2673904-3,,1957-03-14,"H-07800, G-10, Islamabad",121084
UTL007801,محمد خان,,Hassan خان,1977-08-10,"H-07801, Bahria Town, Islamabad",18268
UTL007802,عمران Malik,87568-6751783-0,Hamza Malick,2002-02-23,"H-07802, E-11, Islamabad",35344
UTL007803,حسین Syed,27194-2299432-1,Muhammad Imran Sayyid,1983-03-17,"H-07803, E-11, Islamabad",13451
UTL007804,Hasan Quraishi,91174-1791916-3,Mohammed Usman قریشی,1979-06-04,"H-07804, Peoples Colony, Faisalabad",17168
UTL007805,Ayisha اعوان,,Muhammad Awan,,"H-07805, Chaklala, Rawalpindi",17585
UTL007806,Ali قریشی,,Muhammed Quraishi,1971-11-05,"H-07806, North Nazimabad, Karachi",16306
UTL007807,ثناء سید,49145-5622262-7,Mohammad حسین Sayyid,1979-10-06,"H-07807, Bahria Town, Rawalpindi",14922
UTL007808,Husain سید,45956-1986417-3,,1964-07-05,"H-07808, Bahria Town, Islamabad",110537
UTL007809,Mohammed اعوان,44952-5035496-7,Ahmad اعوان,1958-01-28,"H-07809, Peoples Colony, Faisalabad",15377
UTL007810,Hasan Mughal,17535-5370992-0,عمران مغل,1957-07-07,"H-07810, Clifton, Karachi",11624
UTL007811,Muhammad Osman Raja,50089-7077401-1,Hassan Raja,1965-10-07,"H-07811, Saddar, Rawalpindi",7921
UTL007812,Aysha راجہ,82321-4965467-0,,1979-12-08,"H-07812, Model Town, Lahore",8830
UTL007813,Ali Sayyid,12413-8392203-9,Hussain سید,1959-05-25,"H-07813, Satellite Town, Rawalpindi",53975
UTL007814,Muhammad Imran Raja,50431-5600596-6,,1966-11-22,"H-07814, DHA, Lahore",45972
UTL007815,Muhammed حسین Khan,11579-9242810-9,,1993-09-01,"H-07815, North Nazimabad, Karachi",80914
UTL007816,بلال Qureshi,39381-5242369-7,,1977-12-16,"H-07816, Peoples Colony, Faisalabad",8173
UTL007817,Faysal Syed,38269-2581645-3,Ali سید,1960-01-16,"H-07817, DHA, Karachi",19880
UTL007818,علی بٹ,69591-2951025-2,Muhammad علی بٹ,1974-07-26,"H-07818, Bahria Town, Rawalpindi",42055
UTL007819,عمران بٹ,48506-9457147-6,Mohammed فیصل Butt,1969-06-01,"H-07819, North Nazimabad, Karachi",10116
UTL007820,محمد Malick,,حسن ملک,1977-04-22,"H-07820, E-11, Islamabad",18831
UTL007821,Hira Sayed,28336-8442132-0,علی Sayed,1985-08-25,"H-07821, Satellite Town, Rawalpindi",76475
UTL007822,Ahmad Khan,43647-9820031-3,Usman Khan,1961-12-28,"H-07822, Bahria Town, Rawalpindi",16565
UTL007823,Ayesha ملک,,Muhammed Osman Malik,1981-06-17,"H-07823, Clifton, Karachi",28246
UTL007824,Faisal Butt,37416-6720540-2,,1961-10-15,"H-07824, Satellite Town, Rawalpindi",8734
UTL007825,Imran Khan,88667-2030991-6,Hussein Khan,1976-08-23,"H-07825, Saddar, Rawalpindi",34941
UTL007826,بلال Sheikh,96910-7404214-6,,,"H-07826, Peoples Colony, Faisalabad",125460
UTL007827,Hamza Sheikh,47889-9643420-7,Hamza شیخ,2001-07-04,"H-07827, Bahria Town, Islamabad",27733
UTL007828,Muhammad حسن Malik,10387-1532064-2,,1985-07-16,"H-07828, F-7, Islamabad",14927
UTL007829,Muhammad Hamzah ملک,47180-5642335-5,Muhammed Faysal Malick,2002-03-08,"H-07829, Johar Town, Lahore",15003
UTL007830,Hira مغل,20596-3104590-4,Bilal مغل,1959-12-06,"H-07830, Peoples Colony, Faisalabad",15564
UTL007831,Mohammad Usman مغل,88132-4117034-3,احمد مغل,1988-04-27,"H-07831, E-11, Islamabad",4644
UTL007832,Muhammad Ali Quraishi,35119-7036149-1,عمران قریشی,,"H-07832, Saddar, Rawalpindi",34793
UTL007833,Imran بٹ,,Osman Butt,1996-01-09,"H-07833, Peoples Colony, Faisalabad",24775
UTL007834,Imran اعوان,87260-1663157-0,علی اعوان,2002-01-17,"H-07834, F-8, Islamabad",40841
UTL007835,Mohammad Mughal,62824-7317559-4,Ali Mughal,1974-10-10,"H-07835, Chaklala, Rawalpindi",21013
UTL007836,زینب Bhatti,71084-2764125-4,Ahmad Bhatti,1983-05-16,"H-07836, DHA, Lahore",17063
UTL007837,Hamzah بٹ,62351-5443571-7,علی Bhatti,1968-07-13,"H-07837, Jaranwala Road, Faisalabad",23006
UTL007838,Ayisha Butt,32009-8481629-9,Mohammad Husain Bhatti,1996-01-09,"H-07838, Saddar, Rawalpindi",25388
UTL007839,Ayisha Malik,32068-5480688-7,Imran Malick,1994-02-09,"H-07839, Malir, Karachi",13903
UTL007840,Hasan Butt,91849-3886107-4,,1955-02-24,"H-07840, Saddar, Rawalpindi",4787
UTL007841,Muhammad عثمان Butt,70337-3946940-6,حمزہ Butt,,"H-07841, Madina Town, Faisalabad",15655
UTL007842,حسین Khan,31629-2563362-1,Hamza Khan,1971-06-21,"H-07842, E-11, Islamabad",50784
UTL007843,Mohammed Ali سید,50679-1588066-6,Ali Sayyid,1956-12-28,"H-07843, Saddar, Rawalpindi",14286
UTL007844,Muhammed Ahmed Awan,,,1970-10-14,"H-07844, Peoples Colony, Faisalabad",7806
UTL007845,Mohammed Moghul,69106-1004335-0,,1959-04-07,"H-07845, Peoples Colony, Faisalabad",3567
UTL007846,Muhammed علی Qureshi,21473-1994831-8,Ahmed قریشی,1992-11-07,"H-07846, Chaklala, Rawalpindi",10179
UTL007847,احمد Quraishi,51541-7681458-2,Mohammad بلال قریشی,1991-11-11,"H-07847, F-7, Islamabad",20753
UTL007848,Faysal Awan,89054-6853412-4,,1981-10-21,"H-07848, F-8, Islamabad",35520
UTL007849,Osman Raja,,محمد Raja,1970-06-16,"H-07849, Bahria Town, Rawalpindi",57795
UTL007850,Fatema Shaikh,20211-4997496-9,علی Shaikh,,"H-07850, Bahria Town, Islamabad",77601
UTL007851,Fatimah اعوان,19085-2989193-4,محمد Awan,1965-01-26,"H-07851, Chaklala, Rawalpindi",5067
UTL007852,احمد Khan,,,1980-08-14,"H-07852, Chaklala, Rawalpindi",25699
UTL007853,Mohammed حمزہ ملک,,Ahmad Malik,1957-12-13,"H-07853, Gulshan-e-Iqbal, Karachi",16245
UTL007854,حمزہ مغل,,احمد Moghul,2002-11-04,"H-07854, Gulberg, Lahore",11849
UTL007855,Hussein Bhatti,52841-8277241-4,,1980-05-27,"H-07855, Madina Town, Faisalabad",4418
UTL007856,Osman Moghul,24870-2235152-6,Mohammed Ahmed Mughal,1970-02-27,"H-07856, Gulshan-e-Iqbal, Karachi",25736
UTL007857,Hira Malik,53732-2874249-4,Bilal ملک,1966-04-01,"H-07857, Peoples Colony, Faisalabad",29738
UTL007858,حسن Awan,87978-4216010-2,Hamza اعوان,1980-07-12,"H-07858, North Nazimabad, Karachi",43816
UTL007859,Hasan Khan,,حسین خان,2000-04-13,"H-07859, Chaklala, Rawalpindi",14435
UTL007860,Muhammad بلال Moghul,,بلال Moghul,2003-12-09,"H-07860, Clifton, Karachi",8900
UTL007861,Ali Mughal,19911-9494213-9,حسن Moghul,1970-02-20,"H-07861, Peoples Colony, Faisalabad",16891
UTL007862,Hasan Quraishi,78806-9868317-0,حمزہ Quraishi,1996-02-20,"H-07862, Model Town, Lahore",20581
UTL007863,Fatima ملک,84440-0059696-8,,1959-07-17,"H-07863, F-8, Islamabad",5105
UTL007864,حسین Choudhary,93136-9758106-1,عثمان Chaudhary,1993-11-15,"H-07864, Madina Town, Faisalabad",11633
UTL007865,Mohammad Hussein Raja,,Faysal Raja,1971-03-19,"H-07865, DHA, Lahore",17390
UTL007866,Muhammad Othman اعوان,91389-9596362-7,Ali اعوان,2002-07-01,"H-07866, Cantt, Lahore",3140
UTL007867,Mohammed Faisal Awan,82346-6442759-1,حسن اعوان,1963-10-01,"H-07867, F-8, Islamabad",9145
UTL007868,Ayisha Ch.,82326-5697908-9,Othman Chaudhary,1988-04-22,"H-07868, Bahria Town, Rawalpindi",31837
UTL007869,Muhammed عثمان راجہ,74630-3943759-7,Hamza Raja,,"H-07869, Bahria Town, Islamabad",64494
UTL007870,Muhammed Imran Ch.,20507-7621686-7,Mohammed Bilal Ch.,1971-06-14,"H-07870, Johar Town, Lahore",6040
UTL007871,Sana Bhatti,67892-7527913-7,Muhammed Imran Butt,2000-07-24,"H-07871, Chaklala, Rawalpindi",7900
UTL007872,محمد Qureshi,90246-1591144-9,,1958-12-28,"H-07872, Madina Town, Faisalabad",4547
UTL007873,Ali شیخ,99242-7034976-9,Hussain Sheikh,1986-02-10,"H-07873, Bahria Town, Rawalpindi",7159
UTL007874,Hassan بٹ,16213-7612863-6,Hussain Bhatti,1983-10-20,"H-07874, DHA, Karachi",58224
UTL007875,Hira چوہدری,,حسین Chaudhry,1987-08-12,"H-07875, Saddar, Rawalpindi",7803
UTL007876,Muhammad Shaykh,16812-7907710-5,Mohammed Usman شیخ,1991-01-10,"H-07876, Jaranwala Road, Faisalabad",6905
UTL007877,ثناء Quraishi,35826-6855395-7,Mohammed Hamza قریشی,1964-01-17,"H-07877, Malir, Karachi",35337
UTL007878,Imran Raja,20483-8256820-4,Muhammed عثمان راجہ,1997-07-20,"H-07878, Johar Town, Lahore",29447
UTL007879,Mohammed Ahmad Syed,88434-6695372-8,Imran Syed,2003-03-09,"H-07879, DHA, Karachi",7797
UTL007880,محمد Raja,17219-1500981-7,Othman Raja,1970-08-28,"H-07880, DHA, Lahore",19667
UTL007881,علی Shaykh,87909-1770489-3,,1965-07-26,"H-07881, Satellite Town, Rawalpindi",16863
UTL007882,Mohammad حمزہ راجہ,,Faysal Raja,1963-07-25,"H-07882, Peoples Colony, Faisalabad",4661
UTL007883,Fatema Khan,86125-1755968-3,Ahmed Khan,1982-06-02,"H-07883, Gulberg, Lahore",17876
UTL007884,Othman ملک,85636-3228956-0,Othman Malick,1959-11-16,"H-07884, Bahria Town, Rawalpindi",255818
UTL007885,زینب Moghul,33192-4628881-1,Muhammad عمران Moghul,1962-02-09,"H-07885, G-10, Islamabad",4186
UTL007886,Fatema ملک,98109-8416607-5,Bilal Malick,2002-09-08,"H-07886, Madina Town, Faisalabad",21483
UTL007887,Ayisha Butt,07312-8533249-6,Mohammed حسن Butt,1973-09-27,"H-07887, E-11, Islamabad",21879
UTL007888,Ali Ch.,13739-9743775-5,Faysal Chaudhry,1969-09-18,"H-07888, Clifton, Karachi",5400
UTL007889,Marium Syed,30489-1317042-3,,,"H-07889, Madina Town, Faisalabad",48023
UTL007890,علی Shaykh,77159-2371571-0,عمران Shaikh,1990-09-26,"H-07890, Saddar, Rawalpindi",17924
UTL007891,Muhammad Husain Butt,92895-1661990-7,Muhammed Hamzah Butt,1967-09-23,"H-07891, Bahria Town, Islamabad",10686
UTL007892,Muhammed بلال Quraishi,87577-7792960-8,Osman قریشی,2000-07-22,"H-07892, Model Town, Lahore",6023
UTL007893,Mohammed Osman Khan,62224-9534705-6,Muhammad Bilal Khan,1986-07-12,"H-07893, F-8, Islamabad",34541
UTL007894,Muhammed Moghul,,,,"H-07894, DHA, Lahore",19733
UTL007895,Hira Ch.,45148-5591845-8,Hussain چوہدری,1958-04-04,"H-07895, Madina Town, Faisalabad",15778
UTL007896,Hamza اعوان,82281-5491305-2,عمران Awan,1975-02-15,"H-07896, F-8, Islamabad",10440
UTL007897,Mohammed Bilal Qureshi,80494-9675981-4,Bilal Quraishi,,"H-07897, Chaklala, Rawalpindi",13277
UTL007898,Zainab Butt,59429-9602376-0,Osman Butt,1965-05-11,"H-07898, Bahria Town, Rawalpindi",40609
UTL007899,Muhammad Ahmed Awan,94142-5821136-9,Othman Awan,1964-11-16,"H-07899, Malir, Karachi",10855
UTL007900,حسن Shaikh,67229-5257651-2,Muhammed Bilal شیخ,,"H-07900, Johar Town, Lahore",38450
UTL007901,مریم Shaikh,61561-7965199-3,Osman Shaykh,1955-06-26,"H-07901, Clifton, Karachi",122241
UTL007902,فیصل Malick,,Hussein Malick,1966-09-26,"H-07902, Satellite Town, Rawalpindi",14596
UTL007903,Osman Sayed,37683-8876436-1,Ahmed Sayed,,"H-07903, Johar Town, Lahore",20381
UTL007904,Bilal Khan,49164-1498342-9,بلال Khan,1995-09-06,"H-07904, G-10, Islamabad",19239
UTL007905,Ahmad ملک,81269-3874187-6,Osman ملک,2001-06-03,"H-07905, Model Town, Lahore",4894
UTL007906,ثناء Chaudhary,19250-6676515-7,Ahmad Chaudhary,1974-12-13,"H-07906, Bahria Town, Islamabad",40281
UTL007907,Mohammad Hasan Qureshi,92058-8607245-0,فیصل Quraishi,1980-06-01,"H-07907, F-8, Islamabad",5214
UTL007908,Fatema Chaudhary,36797-3841513-9,Hamza چوہدری,1996-07-28,"H-07908, Jaranwala Road, Faisalabad",6847
UTL007909,Mohammed Ahmed Chaudhry,,Muhammad بلال Ch.,,"H-07909, North Nazimabad, Karachi",27692
UTL007910,علی Awan,83099-2314508-6,Hussain Awan,1977-04-16,"H-07910, Madina Town, Faisalabad",10564
UTL007911,Muhammed عمران خان,74154-6076678-2,Muhammed عثمان خان,1989-08-03,"H-07911, Clifton, Karachi",6760
UTL007912,Hussein شیخ,58060-6023439-1,Muhammad شیخ,1992-06-27,"H-07912, Johar Town, Lahore",5767
UTL007913,Muhammad بلال راجہ,29174-1410616-6,بلال Raja,1983-02-06,"H-07913, G-10, Islamabad",18483
UTL007914,Muhammad Husain Raja,,عمران Raja,1995-11-14,"H-07914, G-10, Islamabad",47136
UTL007915,Sana بٹ,78777-4277129-9,علی بٹ,1999-05-06,"H-07915, Madina Town, Faisalabad",6385
UTL007916,Ahmed Sheikh,,Ali Shaykh,1987-09-15,"H-07916, Johar Town, Lahore",12132
UTL007917,Fatema ملک,,Hamza ملک,1971-04-08,"H-07917, Model Town, Lahore",30142
UTL007918,Hasan Mughal,39687-1033247-4,,1984-05-04,"H-07918, Satellite Town, Rawalpindi",5254
UTL007919,مریم Chaudhry,36761-7567940-7,Hussain چوہدری,,"H-07919, North Nazimabad, Karachi",20014
UTL007920,Hasan Bhatti,,,1997-08-13,"H-07920, Peoples Colony, Faisalabad",20941
UTL007921,Maryam Khan,16307-4289958-8,Muhammad حسن Khan,1973-12-07,"H-07921, Bahria Town, Islamabad",13951
UTL007922,حسن Quraishi,45005-2290981-6,حمزہ قریشی,1966-01-20,"H-07922, E-11, Islamabad",10278
UTL007923,Ali Malik,,Mohammed علی Malik,1982-04-03,"H-07923, Jaranwala Road, Faisalabad",23343
UTL007924,عمران Raja,99470-7849308-2,Faisal راجہ,1996-12-23,"H-07924, North Nazimabad, Karachi",18203
UTL007925,Muhammed Hasan ملک,93761-3754559-2,Bilal ملک,,"H-07925, Madina Town, Faisalabad",57081
UTL007926,Mohammed Hamza Chaudhary,88214-9518048-7,Hasan Choudhary,1974-07-18,"H-07926, E-11, Islamabad",7951
UTL007927,Faysal ملک,,Hamza ملک,1991-06-20,"H-07927, Peoples Colony, Faisalabad",80376
UTL007928,ثناء Chaudhary,,Mohammad عمران Choudhary,1978-12-27,"H-07928, Madina Town, Faisalabad",5234
UTL007929,فیصل بٹ,26282-5536914-5,Imran بٹ,1977-07-04,"H-07929, DHA, Lahore",7720
UTL007930,حسین Raja,87220-1172481-2,فیصل Raja,1957-02-17,"H-07930, North Nazimabad, Karachi",7449
UTL007931,حسین خان,84412-5505083-8,Imran خان,1968-02-17,"H-07931, Bahria Town, Rawalpindi",75201
UTL007932,Hira Khan,42449-9311836-7,,1967-10-25,"H-07932, E-11, Islamabad",12330
UTL007933,Aisha Bhatti,94463-7620320-1,Muhammed Faysal بٹ,1988-05-08,"H-07933, North Nazimabad, Karachi",146593
UTL007934,Mohammad Ali Khan,57799-5980818-4,Muhammad Khan,1989-02-08,"H-07934, Gulberg, Lahore",59467
UTL007935,حرا Awan,23010-2610108-5,احمد Awan,,"H-07935, Bahria Town, Rawalpindi",7440
UTL007936,Muhammed Syed,37357-4816236-8,Mohammed Hussein Sayed,1969-12-10,"H-07936, Saddar, Rawalpindi",5775
UTL007937,Ahmad راجہ,60985-2857399-2,Muhammad Husain راجہ,1957-07-22,"H-07937, E-11, Islamabad",39614
UTL007938,Mohammad Hamza راجہ,99870-5943601-0,,1986-11-28,"H-07938, Peoples Colony, Faisalabad",37468
UTL007939,علی Khan,81177-6110474-1,Muhammad عمران خان,1995-09-19,"H-07939, Madina Town, Faisalabad",32806
UTL007940,Imran بٹ,36901-7772253-8,بلال Butt,1971-11-07,"H-07940, Saddar, Rawalpindi",32464
UTL007941,Muhammed Ahmad Awan,10347-6335784-2,Ahmad Awan,1976-07-06,"H-07941, DHA, Lahore",88862
UTL007942,Ahmed Sheikh,,,1985-07-21,"H-07942, Model Town, Lahore",5182
UTL007943,Mohammad Choudhary,78951-6656977-0,Mohammad Hamzah Chaudhry,1995-08-07,"H-07943, DHA, Karachi",4892
UTL007944,مریم Malik,92393-8264986-9,Mohammed Ahmed Malick,1983-02-11,"H-07944, F-8, Islamabad",10206
UTL007945,علی خان,50177-5947403-4,Bilal Khan,1963-08-09,"H-07945, E-11, Islamabad",99715
UTL007946,زینب Syed,49831-8272995-4,Faysal Syed,1958-06-23,"H-07946, Bahria Town, Rawalpindi",80675
UTL007947,Fatima Butt,64461-4353220-1,,1970-05-07,"H-07947, Jaranwala Road, Faisalabad",14270
UTL007948,Hassan Shaikh,66394-1381515-7,بلال Shaikh,1964-07-11,"H-07948, DHA, Karachi",8418
UTL007949,حسن Sayed,10000-7790649-9,,1965-03-12,"H-07949, Peoples Colony, Faisalabad",4199
UTL007950,Hasan Malik,14846-8559084-2,,1974-03-16,"H-07950, DHA, Lahore",18262
UTL007951,فیصل سید,,,1968-06-09,"H-07951, E-11, Islamabad",18271
UTL007952,Imran خان,18217-9631310-1,Imran Khan,1986-09-03,"H-07952, E-11, Islamabad",14436
UTL007953,Muhammad Faysal اعوان,34426-3496144-3,Hamza Awan,1967-03-26,"H-07953, Bahria Town, Rawalpindi",55068
UTL007954,Ali Chaudhry,,Husain چوہدری,1955-09-23,"H-07954, G-10, Islamabad",10142
UTL007955,Mohammad Ahmed Sayed,98766-7421032-8,,2002-03-16,"H-07955, Madina Town, Faisalabad",33295
UTL007956,Hira قریشی,18849-4679103-6,Muhammed Quraishi,1987-01-13,"H-07956, Clifton, Karachi",12380
UTL007957,Muhammad Hamzah Butt,43959-5781397-8,Faysal Bhatti,1993-09-18,"H-07957, Johar Town, Lahore",11687
UTL007958,حسین راجہ,64655-4052166-5,,1973-02-04,"H-07958, F-8, Islamabad",33793
UTL007959,Usman سید,66086-2696165-0,Muhammad Imran Syed,1965-09-27,"H-07959, E-11, Islamabad",7556
UTL007960,Faysal خان,52752-5211329-5,,2002-04-27,"H-07960, Chaklala, Rawalpindi",31996
UTL007961,بلال ملک,81844-4128216-6,Imran ملک,1961-12-02,"H-07961, Bahria Town, Islamabad",196867
UTL007962,Fatema Quraishi,59287-1690296-3,Muhammad Bilal Quraishi,1958-03-14,"H-07962, Malir, Karachi",30830
UTL007963,Fatimah Quraishi,35207-3216256-3,حسین Quraishi,1966-10-02,"H-07963, Johar Town, Lahore",27408
UTL007964,حمزہ Syed,,Muhammad Imran سید,1956-09-25,"H-07964, Chaklala, Rawalpindi",7938
UTL007965,Mohammad Moghul,92232-6472966-2,Hasan Mughal,,"H-07965, North Nazimabad, Karachi",27980
UTL007966,بلال Malick,,Usman Malick,1961-10-21,"H-07966, F-8, Islamabad",31353
UTL007967,Mariam ملک,,علی ملک,1995-02-25,"H-07967, Chaklala, Rawalpindi",5590
UTL007968,بلال شیخ,32574-4532081-5,Imran Sheikh,1982-04-13,"H-07968, North Nazimabad, Karachi",10503
UTL007969,Sana Moghul,,Mohammad فیصل Moghul,1958-05-09,"H-07969, DHA, Lahore",40620
UTL007970,علی Syed,,محمد سید,1997-03-23,"H-07970, Satellite Town, Rawalpindi",43540
UTL007971,Husain Raja,15718-7239793-4,احمد Raja,1964-08-08,"H-07971, Gulshan-e-Iqbal, Karachi",46331
UTL007972,عثمان Sayed,,Hamzah Syed,1981-03-07,"H-07972, Model Town, Lahore",8368
UTL007973,Muhammed Faysal Syed,26068-4868235-5,Hamzah Syed,,"H-07973, Malir, Karachi",9595
UTL007974,حسن Quraishi,96199-2703225-3,Faisal قریشی,1974-08-11,"H-07974, Chaklala, Rawalpindi",6781
UTL007975,حسین Mughal,70255-8928592-3,Hamza Mughal,1959-11-12,"H-07975, Satellite Town, Rawalpindi",8021
UTL007976,حسن Khan,28168-9017584-7,Mohammad Ali خان,,"H-07976, Malir, Karachi",5480
UTL007977,Sana Butt,32128-8268145-7,Hasan بٹ,1981-06-02,"H-07977, Saddar, Rawalpindi",14715
UTL007978,Ahmad Bhatti,43678-1132709-0,Muhammad بلال بٹ,1987-04-22,"H-07978, Malir, Karachi",18352
UTL007979,Ahmed Shaykh,86337-1208819-8,بلال Shaikh,,"H-07979, DHA, Lahore",10671
UTL007980,Muhammed Syed,,Mohammad عثمان Syed,1967-07-17,"H-07980, E-11, Islamabad",125398
UTL007981,Mohammad علی Butt,66637-6291897-7,علی بٹ,1969-07-10,"H-07981, North Nazimabad, Karachi",25201
UTL007982,Marium Quraishi,86517-2606557-9,Hamzah Qureshi,1976-06-11,"H-07982, North Nazimabad, Karachi",14849
UTL007983,Husain Awan,38686-1731538-5,Bilal Awan,1977-03-19,"H-07983, Satellite Town, Rawalpindi",9480
UTL007984,Fatimah Quraishi,46423-4368733-4,Ali Qureshi,1956-08-12,"H-07984, Madina Town, Faisalabad",10411
UTL007985,Aisha Ch.,12247-7826867-0,احمد Ch.,1992-06-13,"H-07985, Clifton, Karachi",23522
UTL007986,Muhammad Ali Shaykh,80494-4314160-0,بلال Shaykh,1991-11-05,"H-07986, E-11, Islamabad",9378
UTL007987,Osman Butt,19274-3629938-8,,1999-09-06,"H-07987, Cantt, Lahore",20059
UTL007988,Imran خان,50609-2607906-2,,2002-01-07,"H-07988, Clifton, Karachi",36684
UTL007989,Othman Raja,51098-9581347-0,Ahmed Raja,1967-03-13,"H-07989, Bahria Town, Islamabad",10896
UTL007990,Mohammed حمزہ Khan,95828-5787408-8,Muhammed بلال خان,1995-12-12,"H-07990, Peoples Colony, Faisalabad",60633
UTL007991,Muhammad عمران قریشی,68912-4338865-6,بلال قریشی,1966-06-10,"H-07991, F-8, Islamabad",11141
UTL007992,احمد خان,69844-5220639-8,حمزہ خان,1956-05-03,"H-07992, DHA, Lahore",62185
UTL007993,Sana Sayyid,,,1956-07-11,"H-07993, DHA, Lahore",25355
UTL007994,Muhammed Hassan Raja,96563-5008289-5,Faysal Raja,1983-04-23,"H-07994, Gulshan-e-Iqbal, Karachi",14611
UTL007995,Ahmad Malick,29393-5260281-1,Osman ملک,2001-08-15,"H-07995, G-10, Islamabad",6346
UTL007996,Imran Qureshi,,Bilal قریشی,,"H-07996, DHA, Lahore",30444
UTL007997,Imran ملک,88090-4199613-2,Imran ملک,1993-06-11,"H-07997, G-10, Islamabad",7878
UTL007998,Osman Ch.,83553-6279631-1,,1964-03-24,"H-07998, Johar Town, Lahore",6603
UTL007999,Osman سید,18020-1222173-5,Bilal Syed,1962-05-03,"H-07999, E-11, Islamabad",24694
UTL008000,Husain راجہ,,Mohammad حمزہ راجہ,1959-11-09,"H-08000, Peoples Colony, Faisalabad",6033
UTL008001,Fatima راجہ,39251-1017938-8,احمد Raja,1963-12-22,"H-08001, Peoples Colony, Faisalabad",25386
UTL008002,Marium Chaudhry,26042-3435159-6,Mohammad حسن Chaudhry,1985-11-15,"H-08002, Peoples Colony, Faisalabad",10255
UTL008003,Husain خان,13736-9324676-0,Imran خان,1976-02-15,"H-08003, Peoples Colony, Faisalabad",51005
UTL008004,Bilal ملک,73502-8398378-9,عمران Malick,1987-06-08,"H-08004, Clifton, Karachi",10453
UTL008005,Faysal Chaudhary,15710-9060975-8,علی چوہدری,1987-04-14,"H-08005, Madina Town, Faisalabad",37473
UTL008006,Ali Khan,84599-9243221-0,فیصل خان,1967-03-04,"H-08006, Chaklala, Rawalpindi",17292
UTL008007,Imran Bhatti,71647-1854586-1,Hamza Butt,,"H-08007, Cantt, Lahore",630661
UTL008008,فاطمہ Shaykh,32674-2533566-5,Husain شیخ,1968-09-02,"H-08008, Model Town, Lahore",12861
UTL008009,Hassan Sayed,,Ahmad Sayyid,,"H-08009, E-11, Islamabad",6370
UTL008010,Ali Sayed,32828-2828544-7,Ali سید,,"H-08010, Gulshan-e-Iqbal, Karachi",8994
UTL008011,Mohammed Ahmed Butt,23039-3486166-7,احمد Bhatti,1970-12-23,"H-08011, Peoples Colony, Faisalabad",8321
UTL008012,بلال Shaikh,,حسن Sheikh,1975-04-17,"H-08012, Saddar, Rawalpindi",9279
UTL008013,Mohammed Faysal Syed,85154-5887018-6,Faysal Sayed,1979-03-19,"H-08013, Peoples Colony, Faisalabad",31666
UTL008014,Imran Khan,65333-6955402-6,Ahmad خان,1960-09-21,"H-08014, Bahria Town, Rawalpindi",60682
UTL008015,Muhammed اعوان,86927-2215260-1,Muhammed Osman Awan,1977-04-20,"H-08015, Bahria Town, Islamabad",12456
UTL008016,Fatimah سید,52812-1468047-7,Mohammad Sayyid,2002-02-21,"H-08016, F-8, Islamabad",24591
UTL008017,Mohammed قریشی,65216-7544018-1,Mohammed قریشی,1993-02-24,"H-08017, North Nazimabad, Karachi",5929
UTL008018,Mohammed بٹ,85159-9822495-0,,1955-05-26,"H-08018, Madina Town, Faisalabad",35288
UTL008019,Mohammad Ahmad Sheikh,94075-7487674-2,Muhammad بلال Shaykh,1976-04-07,"H-08019, Clifton, Karachi",15639
UTL008020,Bilal Mughal,10372-8501404-5,Hussein Moghul,1964-06-12,"H-08020, F-8, Islamabad",20407
UTL008021,Ali Bhatti,98426-7567016-8,Imran Bhatti,1957-11-24,"H-08021, Gulshan-e-Iqbal, Karachi",80175
UTL008022,Ayisha خان,81469-9919485-9,عثمان خان,,"H-08022, Bahria Town, Rawalpindi",9197
UTL008023,Usman Malik,25326-2340781-9,Muhammad Hasan ملک,1960-12-10,"H-08023, Gulshan-e-Iqbal, Karachi",30483
UTL008024,عثمان Raja,79077-3466832-5,,1977-08-23,"H-08024, Gulberg, Lahore",57673
UTL008025,Hamza Malick,,Mohammad Usman ملک,1963-09-27,"H-08025, Jaranwala Road, Faisalabad",25149
UTL008026,Fatema Quraishi,20208-5065537-6,بلال قریشی,1981-02-25,"H-08026, Bahria Town, Islamabad",46402
UTL008027,Mohammad مغل,,Muhammad عثمان Mughal,1975-03-04,"H-08027, Bahria Town, Rawalpindi",39712
UTL008028,Muhammad Ahmad Quraishi,99378-4219216-1,Hussain Qureshi,1997-05-22,"H-08028, E-11, Islamabad",12532
UTL008029,Sana Bhatti,52631-8332715-2,Muhammed Bilal Butt,,"H-08029, Satellite Town, Rawalpindi",21498
UTL008030,Mohammad حمزہ Malik,87745-9087435-6,Hamza ملک,1975-12-27,"H-08030, Malir, Karachi",7585
UTL008031,Ahmad Khan,31736-4225818-4,Muhammad Imran Khan,,"H-08031, Madina Town, Faisalabad",18996
UTL008032,Ahmed ملک,52668-9778554-1,Muhammed Hamza Malick,2002-07-01,"H-08032, Peoples Colony, Faisalabad",3591
UTL008033,حمزہ Mughal,,Muhammad Moghul,1967-01-24,"H-08033, E-11, Islamabad",12363
UTL008034,Ali ملک,11770-7705708-4,Hamzah Malik,1963-11-01,"H-08034, Model Town, Lahore",7407
UTL008035,Imran اعوان,98771-2158576-2,Ahmad Awan,1970-12-08,"H-08035, Saddar, Rawalpindi",10628
UTL008036,Othman Malik,89994-4730815-3,Mohammed حمزہ Malik,1963-06-03,"H-08036, Peoples Colony, Faisalabad",6263
UTL008037,Fatema مغل,,,1964-12-07,"H-08037, Peoples Colony, Faisalabad",21997
UTL008038,علی قریشی,,عثمان قریشی,1967-04-19,"H-08038, Bahria Town, Rawalpindi",23540
UTL008039,علی Sayed,29745-8295082-6,عثمان سید,1956-10-08,"H-08039, Bahria Town, Islamabad",15719
UTL008040,Mohammad Malick,82392-2181351-7,Mohammad Hamzah Malik,1963-11-05,"H-08040, Bahria Town, Rawalpindi",10373
UTL008041,Mohammad Hassan Shaykh,,,1967-10-28,"H-08041, Madina Town, Faisalabad",5143
UTL008042,Mohammad بلال Bhatti,74152-2232058-3,Muhammed بٹ,1984-03-01,"H-08042, Chaklala, Rawalpindi",4325
UTL008043,Hussain مغل,62968-2807006-6,Mohammed Hussain مغل,1999-09-07,"H-08043, Saddar, Rawalpindi",30556
UTL008044,Sana Malik,,احمد ملک,1996-11-03,"H-08044, Model Town, Lahore",4858
UTL008045,Mohammed Osman Sheikh,65931-2653309-2,,1979-01-22,"H-08045, Saddar, Rawalpindi",15303
UTL008046,Hussein قریشی,45627-2375690-4,Usman Quraishi,2002-09-06,"H-08046, Peoples Colony, Faisalabad",23973
UTL008047,Ali راجہ,40092-4362266-0,Hamzah Raja,1983-04-15,"H-08047, Bahria Town, Rawalpindi",52395
UTL008048,زینب اعوان,48958-1193324-2,Hasan اعوان,1955-06-27,"H-08048, E-11, Islamabad",13281
UTL008049,Mohammed علی Malick,29043-9729147-3,عثمان ملک,2003-11-20,"H-08049, Model Town, Lahore",8875
UTL008050,عائشہ Khan,91969-2992401-4,Muhammad Khan,1970-04-13,"H-08050, Saddar, Rawalpindi",13095
UTL008051,Muhammad Ali Choudhary,85149-2765841-0,Muhammed چوہدری,1995-04-07,"H-08051, E-11, Islamabad",13589
UTL008052,Mohammed Faisal Khan,14432-9240602-0,Faisal خان,2002-09-13,"H-08052, Bahria Town, Rawalpindi",43381
UTL008053,Muhammad Ahmed Bhatti,62732-7265351-8,Othman Butt,1975-12-25,"H-08053, DHA, Lahore",23136
UTL008054,Hira Awan,46078-3042469-6,Muhammed اعوان,1997-08-03,"H-08054, G-10, Islamabad",105824
UTL008055,Osman Syed,87131-8178828-2,Mohammad Hamza Sayyid,1993-06-09,"H-08055, Bahria Town, Rawalpindi",17508
UTL008056,Muhammed Bhatti,47487-8505308-1,Muhammad Bhatti,,"H-08056, Malir, Karachi",5529
UTL008057,Hira بٹ,71761-8989102-4,Mohammed Hussain بٹ,1994-05-02,"H-08057, DHA, Karachi",6978
UTL008058,Bilal Khan,83909-2962428-1,Mohammed Khan,,"H-08058, Chaklala, Rawalpindi",14113
UTL008059,Hamzah خان,,علی Khan,1999-09-27,"H-08059, Model Town, Lahore",12858
UTL008060,محمد بٹ,,Muhammed بٹ,1976-05-03,"H-08060, Cantt, Lahore",13895
UTL008061,Mohammad عمران اعوان,16114-6935334-6,Muhammed احمد Awan,1963-03-22,"H-08061, Clifton, Karachi",11242
UTL008062,Hassan Shaikh,,Bilal Shaikh,1999-02-05,"H-08062, North Nazimabad, Karachi",6921
UTL008063,Ahmad Malick,85421-8966006-1,Muhammad Hamzah Malik,1999-02-14,"H-08063, E-11, Islamabad",13077
UTL008064,Ahmed Butt,71145-5719104-7,Usman بٹ,,"H-08064, E-11, Islamabad",49589
UTL008065,Ayesha Raja,41249-6123723-7,Muhammed احمد Raja,1986-07-21,"H-08065, Saddar, Rawalpindi",24529
UTL008066,ثناء راجہ,64283-8796470-4,Hussein Raja,1992-06-20,"H-08066, Jaranwala Road, Faisalabad",6453
UTL008067,حرا Shaykh,87603-3025122-1,Mohammad حمزہ شیخ,,"H-08067, Chaklala, Rawalpindi",73424
UTL008068,Sana Sheikh,,Mohammad Husain Sheikh,1956-11-06,"H-08068, Cantt, Lahore",75284
UTL008069,Muhammad Imran Sayyid,37694-9914166-0,Mohammad Imran سید,1979-10-06,"H-08069, Johar Town, Lahore",27458
UTL008070,Muhammed راجہ,72190-8563543-4,Ali Raja,1996-05-10,"H-08070, Bahria Town, Rawalpindi",13488
UTL008071,زینب راجہ,75904-5272230-0,بلال Raja,1963-08-19,"H-08071, Malir, Karachi",55021
UTL008072,ثناء Syed,,Hasan سید,1973-12-13,"H-08072, F-8, Islamabad",8849
UTL008073,Zainab Bhatti,69627-3754811-2,Muhammed Hassan بٹ,1961-12-27,"H-08073, Cantt, Lahore",27392
UTL008074,حسین خان,18501-3732121-9,,1988-07-20,"H-08074, Gulshan-e-Iqbal, Karachi",37614
UTL008075,فیصل Qureshi,95054-5793034-0,Hasan Quraishi,2003-06-06,"H-08075, Johar Town, Lahore",114191
UTL008076,محمد Chaudhry,39466-7393226-2,بلال Chaudhary,1969-10-18,"H-08076, Saddar, Rawalpindi",10837
UTL008077,Ali Bhatti,29628-2009435-0,عمران بٹ,1993-06-09,"H-08077, Madina Town, Faisalabad",25906
UTL008078,بلال شیخ,85576-9470263-1,Muhammad شیخ,1990-06-02,"H-08078, Cantt, Lahore",25558
UTL008079,فیصل Awan,,Mohammed اعوان,1978-01-07,"H-08079, Chaklala, Rawalpindi",4067
UTL008080,Muhammad احمد Malik,,Ali Malick,1964-04-17,"H-08080, Saddar, Rawalpindi",30646
UTL008081,Mariam Raja,,Muhammad راجہ,1999-11-13,"H-08081, E-11, Islamabad",13594
UTL008082,عائشہ Mughal,49114-3993713-7,,1958-08-13,"H-08082, G-10, Islamabad",6460
UTL008083,Mohammad Sayed,37767-1777124-8,Mohammad Husain Sayyid,2003-02-23,"H-08083, North Nazimabad, Karachi",5905
UTL008084,Imran اعوان,37204-9968879-4,,1992-12-03,"H-08084, Satellite Town, Rawalpindi",8923
UTL008085,Muhammad Ali Shaykh,24227-9447036-2,Mohammad Husain Sheikh,2002-06-22,"H-08085, Cantt, Lahore",12826
UTL008086,Hussein Khan,40739-5962898-0,Muhammad Ali خان,1994-03-13,"H-08086, Chaklala, Rawalpindi",57701
UTL008087,Mohammad Ahmad Sayyid,13671-6148859-3,Hamzah Syed,2003-05-10,"H-08087, Chaklala, Rawalpindi",17474
UTL008088,Hira Quraishi,,عمران Quraishi,1955-02-23,"H-08088, F-8, Islamabad",13121
UTL008089,Aysha Quraishi,43393-6935072-3,Muhammed Ahmad Quraishi,1962-06-25,"H-08089, Cantt, Lahore",6010
UTL008090,Hamzah Moghul,82371-2769703-3,فیصل مغل,1988-03-19,"H-08090, Gulshan-e-Iqbal, Karachi",7590
UTL008091,Imran Sayyid,45207-2668267-5,,1969-09-11,"H-08091, Gulshan-e-Iqbal, Karachi",14557
UTL008092,عمران Malik,,عثمان Malick,1968-04-24,"H-08092, Bahria Town, Islamabad",19479
UTL008093,Hira بٹ,,Husain Butt,1959-02-25,"H-08093, Gulberg, Lahore",11319
UTL008094,Usman Malick,62355-5200613-0,Mohammad Ali Malik,1965-10-09,"H-08094, Bahria Town, Islamabad",7108
UTL008095,Muhammed Shaykh,49658-9699199-7,Ali Shaikh,1988-08-10,"H-08095, DHA, Lahore",11518
UTL008096,حسن Qureshi,27682-2977758-3,Mohammed Ahmad قریشی,1989-11-09,"H-08096, Peoples Colony, Faisalabad",44843
UTL008097,Hamza Malik,,,1991-09-12,"H-08097, Saddar, Rawalpindi",31951
UTL008098,فاطمہ Sheikh,94780-3650448-5,,1967-09-26,"H-08098, Model Town, Lahore",27720
UTL008099,Usman Syed,70347-4425389-9,حسین Syed,1965-07-05,"H-08099, F-7, Islamabad",10572
UTL008100,Ayesha Mughal,44525-9698504-5,علی Moghul,1956-06-17,"H-08100, F-8, Islamabad",23825
UTL008101,Mohammed Imran Qureshi,,Husain Quraishi,1986-09-18,"H-08101, F-7, Islamabad",27319
UTL008102,Mohammed Othman خان,52716-4223486-5,Muhammed Hasan خان,1966-05-10,"H-08102, Bahria Town, Rawalpindi",45040
UTL008103,Hamzah Moghul,93507-2908341-2,عمران مغل,2003-07-01,"H-08103, Satellite Town, Rawalpindi",7392
UTL008104,Muhammed Ali Quraishi,46054-7745307-7,حمزہ Qureshi,1975-02-13,"H-08104, Bahria Town, Rawalpindi",18466
UTL008105,Fatema خان,,Ahmad خان,1982-03-23,"H-08105, DHA, Lahore",9177
UTL008106,Muhammed علی ملک,18787-8430643-6,Mohammad Malik,1955-01-21,"H-08106, Satellite Town, Rawalpindi",8611
UTL008107,Mohammad Faisal Ch.,99058-7824271-6,,2003-03-13,"H-08107, Satellite Town, Rawalpindi",32059
UTL008108,Muhammad Usman راجہ,36087-8936314-1,,1968-06-21,"H-08108, Jaranwala Road, Faisalabad",6340
UTL008109,Hamza Awan,40926-5796030-1,Hamza اعوان,1974-01-09,"H-08109, Peoples Colony, Faisalabad",21490
UTL008110,فیصل ملک,42446-6813141-8,عمران Malik,1986-01-26,"H-08110, DHA, Lahore",15812
UTL008111,عمران Khan,,Mohammad فیصل خان,1987-09-21,"H-08111, E-11, Islamabad",18842
UTL008112,Fatima Chaudhry,,,2002-12-16,"H-08112, G-10, Islamabad",5245
UTL008113,علی Butt,88310-4913997-8,,1976-01-05,"H-08113, Satellite Town, Rawalpindi",7889
UTL008114,علی مغل,46347-3630780-6,Muhammed علی مغل,1973-11-11,"H-08114, E-11, Islamabad",4997
UTL008115,حسن Bhatti,19762-6272035-4,Muhammed بٹ,1955-02-06,"H-08115, Satellite Town, Rawalpindi",11597
UTL008116,حسین Ch.,80059-3908387-4,,1967-09-17,"H-08116, F-7, Islamabad",21341
UTL008117,فاطمہ Sheikh,40542-1205625-3,فیصل شیخ,1975-12-28,"H-08117, F-8, Islamabad",22340
UTL008118,احمد خان,51147-2065333-2,Mohammad عمران خان,1969-04-16,"H-08118, Clifton, Karachi",10174
UTL008119,Muhammed Choudhary,33520-5664866-2,Muhammed Hamza چوہدری,,"H-08119, Clifton, Karachi",10904
UTL008120,Muhammad حسین Malik,77377-0489581-4,Mohammed حمزہ ملک,1998-12-18,"H-08120, Madina Town, Faisalabad",189807
UTL008121,Othman شیخ,76416-3593134-8,محمد Shaykh,2000-12-27,"H-08121, Model Town, Lahore",13576
UTL008122,Muhammad علی Bhatti,71796-1920338-1,حمزہ Bhatti,1980-10-07,"H-08122, Cantt, Lahore",8190
UTL008123,ثناء Bhatti,,Hasan بٹ,1968-08-06,"H-08123, Jaranwala Road, Faisalabad",32258
UTL008124,Othman Moghul,55371-1278503-6,Mohammed Ali مغل,2003-10-10,"H-08124, Model Town, Lahore",24571
UTL008125,Hamzah Sayed,11044-2996699-1,Ali Syed,1956-06-04,"H-08125, Gulberg, Lahore",23947
UTL008126,Mohammed Ali Awan,68148-2199690-0,احمد اعوان,1963-08-25,"H-08126, Chaklala, Rawalpindi",7625
UTL008127,Zainab Quraishi,73626-9724135-5,Muhammed Quraishi,1978-11-04,"H-08127, Malir, Karachi",165567
UTL008128,عائشہ ملک,58714-1485174-8,محمد ملک,1982-03-24,"H-08128, DHA, Lahore",154725
UTL008129,Zainab Malick,,علی Malick,1967-05-06,"H-08129, Johar Town, Lahore",19478
UTL008130,Mohammad Mughal,21953-4058337-6,,,"H-08130, Saddar, Rawalpindi",55103
UTL008131,Muhammed Hassan Awan,64421-3488038-2,Muhammad Hasan اعوان,1992-09-06,"H-08131, F-8, Islamabad",19205
UTL008132,Fatima مغل,,Hussain Moghul,1963-03-15,"H-08132, F-8, Islamabad",5616
UTL008133,بلال Shaykh,,Mohammad Ali Sheikh,1983-08-11,"H-08133, Madina Town, Faisalabad",126068
UTL008134,Ayesha Bhatti,54176-5187587-9,حسن بٹ,1971-08-20,"H-08134, Johar Town, Lahore",29675
UTL008135,محمد Bhatti,57170-8262482-5,Muhammad Faisal Butt,1999-05-18,"H-08135, E-11, Islamabad",18375
UTL008136,Hira اعوان,18137-5938694-5,Bilal Awan,1961-12-05,"H-08136, Madina Town, Faisalabad",15530
UTL008137,حمزہ Qureshi,92861-3597705-6,,1998-02-16,"H-08137, Saddar, Rawalpindi",104068
UTL008138,Fatimah قریشی,10238-5325047-6,عثمان Quraishi,1998-03-06,"H-08138, DHA, Lahore",16745
UTL008139,Muhammed Imran Khan,,Muhammad حسین Khan,1987-03-16,"H-08139, Chaklala, Rawalpindi",6419
UTL008140,Sana شیخ,39768-6949562-1,بلال شیخ,1982-04-26,"H-08140, Clifton, Karachi",6112
UTL008141,Mohammad حسین Malik,58571-9074348-0,Imran Malick,1961-08-16,"H-08141, Model Town, Lahore",5768
UTL008142,Muhammad Hasan چوہدری,,Muhammed Othman Chaudhry,,"H-08142, Chaklala, Rawalpindi",42832
UTL008143,عائشہ Chaudhry,18123-7264313-6,حسن Ch.,1971-08-09,"H-08143, Madina Town, Faisalabad",40668
UTL008144,Imran شیخ,75603-3108249-5,Mohammad Faysal Sheikh,1993-08-18,"H-08144, Jaranwala Road, Faisalabad",9315
UTL008145,Osman خان,51259-9155982-9,محمد Khan,1972-09-26,"H-08145, F-7, Islamabad",5354
UTL008146,Maryam Moghul,44214-4802626-9,Ali مغل,1967-02-18,"H-08146, Model Town, Lahore",13840
UTL008147,Muhammad حسین Sayed,48827-1744925-8,Muhammed Faisal Syed,1973-01-20,"H-08147, Jaranwala Road, Faisalabad",13405
UTL008148,Mohammad Hamza Butt,84207-9120394-8,علی Butt,1981-09-28,"H-08148, Satellite Town, Rawalpindi",17560
UTL008149,Mohammad احمد Butt,25330-1418642-1,Muhammed حسین Bhatti,1985-03-15,"H-08149, North Nazimabad, Karachi",11841
UTL008150,فیصل قریشی,,Hassan Quraishi,1969-07-05,"H-08150, Bahria Town, Islamabad",34377
UTL008151,Zainab Khan,,Othman خان,1978-05-19,"H-08151, Bahria Town, Rawalpindi",36333
UTL008152,عمران بٹ,,فیصل Butt,1959-04-20,"H-08152, Bahria Town, Islamabad",6115
UTL008153,Hussein Malik,,Mohammad Malik,1959-07-10,"H-08153, E-11, Islamabad",3353
UTL008154,Fatema Quraishi,11964-2127368-3,Hasan Qureshi,1973-12-24,"H-08154, Cantt, Lahore",57064
UTL008155,Bilal بٹ,47480-5314838-5,Mohammed بٹ,1955-05-01,"H-08155, Bahria Town, Islamabad",27861
UTL008156,Mariam قریشی,,Faisal Quraishi,1993-12-09,"H-08156, DHA, Lahore",36519
UTL008157,Usman شیخ,31002-7758669-4,حسین Shaikh,1958-09-21,"H-08157, Jaranwala Road, Faisalabad",35026
UTL008158,Maryam Sheikh,97511-4667645-0,عثمان Shaikh,1999-11-21,"H-08158, F-7, Islamabad",19233
UTL008159,ثناء اعوان,66594-9391004-5,احمد اعوان,1991-04-27,"H-08159, E-11, Islamabad",13757
UTL008160,فاطمہ Shaikh,20210-2870885-2,فیصل Shaykh,1990-03-21,"H-08160, Bahria Town, Rawalpindi",10887
UTL008161,Imran خان,,Mohammad Bilal Khan,2002-10-15,"H-08161, F-7, Islamabad",7805
UTL008162,Faysal Qureshi,53205-5461043-9,,1962-10-16,"H-08162, Satellite Town, Rawalpindi",9477
UTL008163,بلال Shaykh,43689-3030482-7,,1964-03-18,"H-08163, Saddar, Rawalpindi",10881
UTL008164,Marium Raja,75826-6619732-3,Hamza Raja,1995-09-08,"H-08164, Cantt, Lahore",25685
UTL008165,Muhammed حسین Mughal,,,1959-07-09,"H-08165, Bahria Town, Rawalpindi",56972
UTL008166,حرا اعوان,42717-5634438-2,Faisal Awan,1989-07-05,"H-08166, North Nazimabad, Karachi",21929
UTL008167,Muhammad علی Moghul,27282-3722569-7,Ahmed Mughal,1959-06-05,"H-08167, F-8, Islamabad",7063
UTL008168,Sana Malick,24846-2026304-2,محمد Malik,1978-12-10,"H-08168, Bahria Town, Islamabad",7389
UTL008169,Mohammad Hamza Moghul,46794-1225650-4,احمد Mughal,2001-09-22,"H-08169, Madina Town, Faisalabad",9437
UTL008170,Bilal Chaudhary,,Muhammad حسین چوہدری,1978-06-06,"H-08170, Madina Town, Faisalabad",20126
UTL008171,Zaynab Bhatti,,Ali Bhatti,1981-09-18,"H-08171, Saddar, Rawalpindi",7183
UTL008172,Muhammed Othman Raja,66748-7891796-3,محمد Raja,1991-06-24,"H-08172, North Nazimabad, Karachi",113920
UTL008173,Mohammed Ch.,96468-6080929-7,عمران Ch.,1992-02-08,"H-08173, Satellite Town, Rawalpindi",16589
UTL008174,Hamza بٹ,,Mohammed Ahmed Butt,1962-01-11,"H-08174, Bahria Town, Rawalpindi",11994
UTL008175,Muhammed Othman راجہ,60414-7640230-3,Ahmed Raja,1982-02-22,"H-08175, Satellite Town, Rawalpindi",24091
UTL008176,زینب خان,,Muhammad خان,1999-05-03,"H-08176, F-8, Islamabad",8551
UTL008177,علی Quraishi,62954-2033858-5,Hamzah قریشی,1993-10-08,"H-08177, DHA, Lahore",7515
UTL008178,Ahmad Bhatti,80905-6343123-1,حسین بٹ,1976-08-23,"H-08178, Jaranwala Road, Faisalabad",10687
UTL008179,بلال Khan,14284-9045356-3,Hamzah خان,1983-02-25,"H-08179, E-11, Islamabad",2895
UTL008180,Husain شیخ,26044-4023435-5,حسن Sheikh,1965-03-01,"H-08180, Gulshan-e-Iqbal, Karachi",44460
UTL008181,Ahmad اعوان,23682-5806095-4,,1962-05-27,"H-08181, Johar Town, Lahore",316078
UTL008182,Ahmed Khan,42287-5358997-8,Mohammad Bilal Khan,1967-11-28,"H-08182, Cantt, Lahore",3208
UTL008183,عثمان اعوان,44071-4159161-7,Ali Awan,1993-12-11,"H-08183, Chaklala, Rawalpindi",69038
UTL008184,Osman شیخ,25613-7638371-9,Mohammed Hamza شیخ,2000-04-28,"H-08184, DHA, Karachi",14405
UTL008185,Mohammad Raja,46497-4908396-8,,1976-03-14,"H-08185, DHA, Karachi",277027
UTL008186,حرا Khan,90859-1668343-0,Mohammad فیصل Khan,1955-06-18,"H-08186, F-8, Islamabad",26026
UTL008187,Hasan Syed,64804-6318517-6,Othman Syed,1981-07-13,"H-08187, Peoples Colony, Faisalabad",27535
UTL008188,علی Qureshi,71403-4486763-1,Bilal Quraishi,1983-07-20,"H-08188, F-8, Islamabad",54830
UTL008189,Husain Syed,13011-7624565-2,Mohammed Othman سید,2000-11-03,"H-08189, E-11, Islamabad",4077
UTL008190,Muhammad Imran خان,,Bilal Khan,1993-07-13,"H-08190, Malir, Karachi",9392
UTL008191,Fatimah Khan,37261-2067804-9,فیصل Khan,1978-11-28,"H-08191, Clifton, Karachi",5165
UTL008192,ثناء Qureshi,61135-1344644-6,Hussein قریشی,1991-07-21,"H-08192, F-8, Islamabad",11316
UTL008193,Marium Quraishi,,Ahmed قریشی,2001-03-12,"H-08193, Jaranwala Road, Faisalabad",25843
UTL008194,حسن چوہدری,86870-9378454-7,Ali Choudhary,2003-08-02,"H-08194, Jaranwala Road, Faisalabad",33304
UTL008195,Muhammad احمد سید,08120-7676887-1,Usman سید,1985-11-07,"H-08195, Peoples Colony, Faisalabad",19935
UTL008196,Aysha مغل,28775-4177667-6,Mohammed Mughal,1957-07-26,"H-08196, Malir, Karachi",7293
UTL008197,Hasan ملک,40921-8828622-5,Muhammad Faisal Malik,1964-07-04,"H-08197, F-7, Islamabad",35276
UTL008198,زینب خان,67585-3814542-0,بلال Khan,1967-04-04,"H-08198, F-7, Islamabad",3285
UTL008199,Sana Shaykh,32185-1195941-7,Muhammad Ahmed شیخ,1966-02-04,"H-08199, Chaklala, Rawalpindi",14952
UTL008200,Ayesha Shaykh,78454-4918228-9,Hamza Shaykh,2001-02-23,"H-08200, Saddar, Rawalpindi",8583
UTL008201,حسین راجہ,36378-6169797-0,Imran راجہ,1967-10-15,"H-08201, Saddar, Rawalpindi",30761
UTL008202,Hassan Bhatti,,Usman بٹ,1986-07-23,"H-08202, Peoples Colony, Faisalabad",33783
UTL008203,Muhammad حمزہ Butt,22800-5787951-2,Ali Bhatti,1969-11-09,"H-08203, Bahria Town, Islamabad",20369
UTL008204,Usman اعوان,,Ahmad Awan,1996-06-10,"H-08204, F-7, Islamabad",13487
UTL008205,Zaynab ملک,63406-2917830-9,Faisal ملک,1987-10-01,"H-08205, Madina Town, Faisalabad",30538
UTL008206,Sana Raja,81916-9653484-7,,1955-07-19,"H-08206, Gulshan-e-Iqbal, Karachi",28358
UTL008207,عثمان Malik,55565-9889792-9,علی Malick,1998-07-28,"H-08207, E-11, Islamabad",13787
UTL008208,Ahmed Awan,26009-9755718-1,,1956-12-13,"H-08208, Satellite Town, Rawalpindi",4903
UTL008209,Sana Chaudhary,38209-2846511-4,Bilal چوہدری,,"H-08209, F-8, Islamabad",31290
UTL008210,Hira Butt,89024-6156187-5,Muhammad Hassan Butt,1961-02-01,"H-08210, Jaranwala Road, Faisalabad",14590
UTL008211,حسن Sayyid,10780-9063488-4,Ahmed سید,1994-12-22,"H-08211, Chaklala, Rawalpindi",50504
UTL008212,Muhammad Imran Awan,,Faysal اعوان,1989-08-18,"H-08212, Bahria Town, Rawalpindi",15619
UTL008213,Mohammed علی Awan,56198-4115516-1,Muhammed اعوان,1982-03-14,"H-08213, Jaranwala Road, Faisalabad",17029
UTL008214,Fatema Bhatti,97978-3838122-6,Mohammed Butt,1964-11-13,"H-08214, North Nazimabad, Karachi",65709
UTL008215,Husain Mughal,28387-6129245-9,Muhammad Othman مغل,1987-01-14,"H-08215, Peoples Colony, Faisalabad",9298
UTL008216,Mohammad Hasan خان,,Ahmad Khan,1998-06-10,"H-08216, DHA, Lahore",30177
UTL008217,Imran Quraishi,70174-9294370-0,,1975-05-28,"H-08217, Clifton, Karachi",37184
UTL008218,Othman اعوان,44298-1221970-4,Hussein Awan,1974-06-21,"H-08218, F-7, Islamabad",8505
UTL008219,بلال اعوان,37963-1098541-6,Muhammad بلال اعوان,1978-06-14,"H-08219, Bahria Town, Rawalpindi",54787
UTL008220,بلال Malick,20951-7633258-4,Muhammed ملک,1970-03-26,"H-08220, Johar Town, Lahore",13310
UTL008221,Usman Awan,14800-8796237-1,Ahmed اعوان,1982-12-19,"H-08221, DHA, Karachi",101911
UTL008222,Ahmed راجہ,21996-5698391-8,Hamza Raja,2001-04-03,"H-08222, Satellite Town, Rawalpindi",33052
UTL008223,Ayisha Malick,,,1967-02-26,"H-08223, Gulshan-e-Iqbal, Karachi",70948
UTL008224,Ahmad Awan,15241-7580531-5,Imran Awan,1967-09-12,"H-08224, DHA, Karachi",15762
UTL008225,حرا Shaykh,77573-9192915-5,Mohammad عمران Sheikh,1995-06-26,"H-08225, Madina Town, Faisalabad",15046
UTL008226,حسین Butt,,Muhammad Butt,,"H-08226, Peoples Colony, Faisalabad",13412
UTL008227,زینب Butt,,,1996-07-22,"H-08227, Peoples Colony, Faisalabad",44150
UTL008228,Mohammad قریشی,,عمران Quraishi,1983-08-25,"H-08228, Saddar, Rawalpindi",7153
UTL008229,ثناء Malik,,عمران Malick,1989-11-18,"H-08229, Saddar, Rawalpindi",8992
UTL008230,احمد Awan,,,1984-03-02,"H-08230, Peoples Colony, Faisalabad",10621
UTL008231,Mohammed Raja,42267-3926611-4,Ahmad راجہ,1964-06-10,"H-08231, Clifton, Karachi",5176
UTL008232,Ahmed Choudhary,80261-7138864-3,بلال Chaudhry,1988-02-19,"H-08232, Model Town, Lahore",414242
UTL008233,Marium Sayed,,احمد Sayed,1991-12-23,"H-08233, Chaklala, Rawalpindi",17866
UTL008234,Ali Quraishi,,,1993-02-03,"H-08234, North Nazimabad, Karachi",19426
UTL008235,حمزہ Awan,64939-3904950-8,,1957-07-04,"H-08235, G-10, Islamabad",38521
UTL008236,عمران Chaudhary,74298-8463141-5,,1966-10-18,"H-08236, Peoples Colony, Faisalabad",21294
UTL008237,Hamza Malick,86997-2332415-8,Muhammed Faisal Malick,1998-02-14,"H-08237, Bahria Town, Islamabad",5886
UTL008238,Faysal چوہدری,29478-4776807-1,Hussain Choudhary,1959-12-01,"H-08238, Jaranwala Road, Faisalabad",9658
UTL008239,Ayesha Quraishi,,,1982-12-15,"H-08239, Saddar, Rawalpindi",13727
UTL008240,Bilal Quraishi,,Bilal Quraishi,1978-06-02,"H-08240, Gulshan-e-Iqbal, Karachi",16112
UTL008241,Mohammed Hamzah Shaikh,93771-5753614-7,Mohammed Hussein Shaykh,1990-04-01,"H-08241, Johar Town, Lahore",5323
UTL008242,Hamza Syed,49252-8339316-2,Hasan سید,1975-02-04,"H-08242, Saddar, Rawalpindi",10801
UTL008243,Ali شیخ,,Imran Shaikh,1962-10-25,"H-08243, Bahria Town, Islamabad",63818
UTL008244,Hamzah Awan,40792-2263010-5,احمد Awan,2001-08-14,"H-08244, DHA, Karachi",2968
UTL008245,Muhammed حسن Qureshi,38825-6967449-3,علی Quraishi,1984-06-19,"H-08245, F-7, Islamabad",49472
UTL008246,Muhammed Chaudhary,90045-8959539-8,,,"H-08246, Madina Town, Faisalabad",10333
UTL008247,Hasan راجہ,,عمران Raja,1979-07-09,"H-08247, Peoples Colony, Faisalabad",5444
UTL008248,فیصل Raja,,Hussein راجہ,1968-04-19,"H-08248, Bahria Town, Rawalpindi",13190
UTL008249,زینب Shaikh,19736-6059200-4,Faisal Shaykh,1957-09-03,"H-08249, Gulberg, Lahore",35596
UTL008250,Muhammed عمران Khan,74274-3221546-7,Muhammed عمران Khan,,"H-08250, Cantt, Lahore",29812
UTL008251,Zainab Mughal,,Muhammed عثمان Moghul,1985-09-09,"H-08251, E-11, Islamabad",8540
UTL008252,Hassan Syed,29622-1939503-6,حسن سید,,"H-08252, Bahria Town, Rawalpindi",20313
UTL008253,علی اعوان,46843-6790908-4,Ali Awan,1977-04-24,"H-08253, Bahria Town, Islamabad",13765
UTL008254,ثناء Raja,42296-1606273-8,Ahmed Raja,1982-10-11,"H-08254, Gulshan-e-Iqbal, Karachi",45051
UTL008255,Fatimah Chaudhary,47746-6221987-5,Faysal Chaudhry,1987-04-02,"H-08255, Malir, Karachi",21741
UTL008256,Ahmad Shaykh,62547-4178432-8,حمزہ Shaykh,1958-08-22,"H-08256, DHA, Lahore",14823
UTL008257,Muhammed Faisal شیخ,25507-7316674-9,حمزہ Shaikh,1985-06-05,"H-08257, North Nazimabad, Karachi",46231
UTL008258,Hamzah Bhatti,,حسین بٹ,1989-01-17,"H-08258, Chaklala, Rawalpindi",6724
UTL008259,حرا Butt,88937-3125602-9,Hasan Butt,1976-04-14,"H-08259, Jaranwala Road, Faisalabad",8562
UTL008260,Hasan راجہ,82191-8558551-1,بلال Raja,1971-05-12,"H-08260, Chaklala, Rawalpindi",36002
UTL008261,Muhammad Ali Khan,37234-5102135-1,Mohammad بلال خان,1973-01-23,"H-08261, Gulshan-e-Iqbal, Karachi",5554
UTL008262,زینب راجہ,48139-8514626-6,Othman Raja,1998-02-19,"H-08262, Madina Town, Faisalabad",25970
UTL008263,Muhammed Faysal مغل,34616-8765028-9,Muhammed Hamzah Moghul,1987-06-16,"H-08263, Cantt, Lahore",21874
UTL008264,Hamza Khan,68978-1964001-0,,1964-06-22,"H-08264, Satellite Town, Rawalpindi",7292
UTL008265,فیصل قریشی,95563-3070361-0,,1973-05-08,"H-08265, Model Town, Lahore",83380
UTL008266,محمد راجہ,14090-2423182-8,Muhammed Hussain Raja,1962-09-13,"H-08266, Gulshan-e-Iqbal, Karachi",14132
UTL008267,Ali شیخ,,Usman Shaykh,1968-12-27,"H-08267, Model Town, Lahore",26270
UTL008268,Hira Shaikh,91731-9243918-5,Muhammed حسین Sheikh,1987-03-20,"H-08268, Bahria Town, Islamabad",5384
UTL008269,Ali Sayed,30684-8015338-7,علی سید,1972-04-16,"H-08269, Model Town, Lahore",18132
UTL008270,Muhammad عمران Syed,99324-2552698-8,فیصل Syed,1965-10-01,"H-08270, Bahria Town, Rawalpindi",9481
UTL008271,Muhammed Malik,23468-6556211-2,Osman ملک,1999-01-07,"H-08271, F-7, Islamabad",7029
UTL008272,بلال بٹ,23060-9350446-3,Mohammed احمد بٹ,1997-04-11,"H-08272, Chaklala, Rawalpindi",10485
UTL008273,Othman Sayyid,09851-9868197-1,Ahmed سید,1999-02-01,"H-08273, Bahria Town, Rawalpindi",13132
UTL008274,Hamza Bhatti,64048-5402808-6,Hasan بٹ,1977-12-27,"H-08274, Madina Town, Faisalabad",151386
UTL008275,Muhammed Malick,78169-6095833-8,Osman Malik,1968-10-08,"H-08275, Madina Town, Faisalabad",61435
UTL008276,Osman اعوان,95496-6111580-3,Mohammad Bilal Awan,1976-06-08,"H-08276, Malir, Karachi",12260
UTL008277,Muhammed Hasan Awan,79566-1184704-2,,1957-11-28,"H-08277, Madina Town, Faisalabad",6969
UTL008278,Muhammad بلال Syed,80758-3851515-6,Muhammad Husain سید,1989-02-08,"H-08278, F-8, Islamabad",31982
UTL008279,علی بٹ,92639-5410214-9,,1987-06-14,"H-08279, DHA, Lahore",33843
UTL008280,Ahmad Chaudhary,17483-9097554-1,Muhammad Choudhary,1989-05-05,"H-08280, Gulberg, Lahore",7678
UTL008281,عمران بٹ,,محمد بٹ,,"H-08281, Jaranwala Road, Faisalabad",42182
UTL008282,Ali Malik,,Muhammed Hussein ملک,1999-08-23,"H-08282, F-8, Islamabad",19791
UTL008283,Fatima ملک,13842-9511298-8,,1989-04-10,"H-08283, F-7, Islamabad",6534
UTL008284,Muhammed Osman Shaykh,47884-6290667-2,Hussain Sheikh,1969-07-17,"H-08284, F-8, Islamabad",19024
UTL008285,عمران Chaudhary,,محمد Chaudhry,1972-12-01,"H-08285, Peoples Colony, Faisalabad",114462
UTL008286,Hasan شیخ,,احمد Shaykh,1973-11-13,"H-08286, Malir, Karachi",16057
UTL008287,بلال Khan,95465-9929411-2,Hasan Khan,1961-11-10,"H-08287, Satellite Town, Rawalpindi",72867
UTL008288,Ahmad Khan,56521-2421605-4,Husain Khan,1980-05-18,"H-08288, Gulberg, Lahore",13629
UTL008289,Ali Sayyid,94331-2050106-7,فیصل Sayed,1970-03-18,"H-08289, Peoples Colony, Faisalabad",20899
UTL008290,علی Awan,68628-1608311-1,,1996-04-20,"H-08290, Gulshan-e-Iqbal, Karachi",103557
UTL008291,مریم قریشی,26619-3104304-7,Hussain Qureshi,1983-04-03,"H-08291, DHA, Karachi",11743
UTL008292,زینب Khan,23553-6859284-2,حمزہ خان,1970-12-18,"H-08292, Bahria Town, Rawalpindi",17334
UTL008293,Mohammed Bilal مغل,58636-8538590-1,Hamzah Mughal,1978-03-13,"H-08293, G-10, Islamabad",12613
UTL008294,علی Khan,74289-4724661-0,Hamzah خان,1964-03-23,"H-08294, Bahria Town, Rawalpindi",7266
UTL008295,Mohammad Hussein Shaikh,66193-4823993-4,,1979-01-16,"H-08295, Clifton, Karachi",7614
UTL008296,Ahmed مغل,31895-2557676-0,Hasan Mughal,1962-06-11,"H-08296, F-7, Islamabad",20733
UTL008297,Aysha Qureshi,15329-9703774-3,Muhammed Quraishi,,"H-08297, Cantt, Lahore",10082
UTL008298,Sana Sayyid,36547-2550755-2,محمد Syed,2001-10-24,"H-08298, G-10, Islamabad",15998
UTL008299,Hasan Awan,16167-4672452-5,Husain اعوان,1987-01-16,"H-08299, Malir, Karachi",43297
UTL008300,احمد مغل,17777-9036787-6,,1959-06-22,"H-08300, Chaklala, Rawalpindi",6062
UTL008301,عمران Quraishi,64991-2465061-4,Ahmed Qureshi,1968-03-23,"H-08301, Cantt, Lahore",10179
UTL008302,Ayisha Bhatti,23595-8353098-9,,1967-01-07,"H-08302, Cantt, Lahore",4632
UTL008303,Ahmad Khan,76774-8907805-8,عمران خان,1960-03-23,"H-08303, Madina Town, Faisalabad",4383
UTL008304,Muhammed Bilal Qureshi,57857-9181164-2,,1968-11-03,"H-08304, Bahria Town, Rawalpindi",48839
UTL008305,Mohammed Bilal راجہ,91595-9103309-5,بلال راجہ,1992-09-18,"H-08305, Madina Town, Faisalabad",6814
UTL008306,Hussain Mughal,67347-5700382-6,,2002-03-08,"H-08306, Bahria Town, Islamabad",59635
UTL008307,Ayesha Malick,41938-5413474-3,Hasan Malick,1986-09-23,"H-08307, Chaklala, Rawalpindi",6648
UTL008308,Hamzah Sheikh,37393-2807800-2,,1987-07-18,"H-08308, Jaranwala Road, Faisalabad",10194
UTL008309,Muhammed بٹ,65274-5084873-4,حسین بٹ,1967-02-06,"H-08309, Model Town, Lahore",6615
UTL008310,Faysal Khan,86157-7547393-9,محمد خان,1980-12-21,"H-08310, Bahria Town, Rawalpindi",50006
UTL008311,Muhammed Imran Awan,73052-7602269-6,Mohammed Othman اعوان,1991-10-25,"H-08311, DHA, Karachi",6739
UTL008312,Faisal Shaykh,,Muhammad احمد شیخ,1993-05-21,"H-08312, Saddar, Rawalpindi",19598
UTL008313,بلال راجہ,36897-4406588-3,احمد راجہ,1993-12-22,"H-08313, Johar Town, Lahore",18984
UTL008314,Mohammed Hussein Syed,89754-4226706-7,Hasan Syed,1963-09-06,"H-08314, Saddar, Rawalpindi",62485
UTL008315,Othman Qureshi,75380-6934704-2,Mohammad Qureshi,1962-12-26,"H-08315, Malir, Karachi",5913
UTL008316,Hassan Shaykh,50333-7734396-5,,1973-10-20,"H-08316, Gulshan-e-Iqbal, Karachi",29816
UTL008317,ثناء خان,31760-3813552-7,Ali خان,1958-05-08,"H-08317, Chaklala, Rawalpindi",9872
UTL008318,Husain ملک,46376-7102947-5,,1981-05-09,"H-08318, DHA, Lahore",27092
UTL008319,Fatema خان,12832-7267480-0,Imran خان,1957-05-12,"H-08319, North Nazimabad, Karachi",11320
UTL008320,Muhammad حسین Sheikh,33894-4576956-1,Muhammed عثمان Sheikh,1989-10-20,"H-08320, Peoples Colony, Faisalabad",45135
UTL008321,علی Butt,,Imran Butt,1979-07-13,"H-08321, Cantt, Lahore",9913
UTL008322,Muhammad اعوان,98717-6774992-0,Faisal Awan,1996-09-27,"H-08322, Peoples Colony, Faisalabad",5081
UTL008323,Mohammad Osman اعوان,56927-7802292-1,Faysal اعوان,1975-08-06,"H-08323, Jaranwala Road, Faisalabad",13630
UTL008324,ثناء مغل,30406-7301009-6,Muhammed Hamzah Mughal,1998-07-11,"H-08324, F-7, Islamabad",59398
UTL008325,Mohammed حسن راجہ,36336-4398815-4,Mohammed Hasan Raja,1964-07-11,"H-08325, Gulshan-e-Iqbal, Karachi",105299
UTL008326,Hamzah Sayed,26222-6859759-0,Imran Sayed,1987-06-02,"H-08326, Jaranwala Road, Faisalabad",26246
UTL008327,Muhammed Hamza Awan,80858-3333903-8,Mohammad Awan,1996-08-24,"H-08327, Chaklala, Rawalpindi",27815
UTL008328,Marium Butt,14623-6696043-8,,1982-10-04,"H-08328, Cantt, Lahore",43845
UTL008329,Muhammad Moghul,71577-2387015-2,Imran مغل,1970-08-20,"H-08329, Clifton, Karachi",4350
UTL008330,Fatima Sayed,93468-4730542-5,,2003-10-10,"H-08330, Johar Town, Lahore",12451
UTL008331,Mohammed Hassan اعوان,88182-9487256-4,Muhammed Faysal اعوان,1972-12-04,"H-08331, Model Town, Lahore",15076
UTL008332,Muhammad عمران قریشی,72919-5619735-9,Hussain Quraishi,1958-07-23,"H-08332, Clifton, Karachi",12534
UTL008333,Marium Raja,15782-4807750-9,Hasan Raja,1993-07-23,"H-08333, Johar Town, Lahore",13118
UTL008334,Mariam Malick,35388-8670123-3,Mohammed فیصل ملک,1963-03-02,"H-08334, Gulberg, Lahore",11688
UTL008335,محمد Qureshi,27596-8096614-6,Muhammed قریشی,1985-10-02,"H-08335, Saddar, Rawalpindi",25099
UTL008336,حمزہ Raja,97328-2339841-6,,1974-12-19,"H-08336, Clifton, Karachi",18097
UTL008337,Bilal Quraishi,40207-2105148-5,Bilal Qureshi,1989-04-28,"H-08337, DHA, Karachi",11516
UTL008338,عائشہ Malik,95584-2819109-3,فیصل Malik,,"H-08338, Model Town, Lahore",97626
UTL008339,Mohammed Bilal راجہ,29909-1074584-2,,1988-09-28,"H-08339, Malir, Karachi",17838
UTL008340,Ayisha قریشی,,,1965-05-27,"H-08340, Saddar, Rawalpindi",28502
UTL008341,Usman ملک,54382-6526134-7,Ali Malik,1974-05-25,"H-08341, Bahria Town, Rawalpindi",11859
UTL008342,حمزہ Sayed,36518-2309388-0,Mohammad عمران سید,,"H-08342, DHA, Lahore",16796
UTL008343,Hamza Sayyid,96531-6066183-1,Muhammad Hamzah Syed,1985-08-12,"H-08343, G-10, Islamabad",6924
UTL008344,Ahmad سید,64936-5525669-7,Mohammad Sayed,1966-07-01,"H-08344, Bahria Town, Islamabad",11621
UTL008345,Husain اعوان,63906-5832394-6,عمران Awan,,"H-08345, F-8, Islamabad",12163
UTL008346,عثمان بٹ,42095-1761548-5,Mohammad حسن Butt,1997-09-14,"H-08346, Gulshan-e-Iqbal, Karachi",15845
UTL008347,Othman Chaudhary,,Mohammed Bilal چوہدری,1994-07-17,"H-08347, Jaranwala Road, Faisalabad",96835
UTL008348,Marium Chaudhry,78940-8522847-9,Husain Chaudhry,1997-04-21,"H-08348, Madina Town, Faisalabad",9304
UTL008349,Mohammed Hamza Butt,,Imran بٹ,1972-12-02,"H-08349, Clifton, Karachi",17998
UTL008350,Hassan Quraishi,44901-5774979-5,,1981-09-18,"H-08350, Gulberg, Lahore",33651
UTL008351,Mohammad Hassan Quraishi,62016-1646144-7,حمزہ قریشی,1967-09-14,"H-08351, Malir, Karachi",11080
UTL008352,Muhammed Hamza راجہ,,احمد Raja,1993-12-15,"H-08352, Peoples Colony, Faisalabad",37822
UTL008353,Mohammad Mughal,34309-7908280-7,حمزہ مغل,1966-03-16,"H-08353, Gulberg, Lahore",5175
UTL008354,Fatema چوہدری,31949-1110366-7,Usman Chaudhry,1998-12-14,"H-08354, Gulberg, Lahore",35217
UTL008355,فیصل Quraishi,,Hamza Quraishi,1979-12-20,"H-08355, E-11, Islamabad",8503
UTL008356,احمد Sayed,19981-1410605-9,Imran Sayed,1970-12-02,"H-08356, Madina Town, Faisalabad",101502
UTL008357,Hussein Qureshi,50338-7747460-8,حمزہ Qureshi,1996-12-02,"H-08357, DHA, Karachi",7413
UTL008358,بلال Malik,31326-3761121-7,Muhammad ملک,1957-12-06,"H-08358, Bahria Town, Rawalpindi",15952
UTL008359,Hassan Butt,91564-6701437-0,بلال بٹ,,"H-08359, Gulberg, Lahore",14074
UTL008360,Muhammed عثمان Malik,10981-8955704-2,Mohammed Imran ملک,1991-11-18,"H-08360, Satellite Town, Rawalpindi",52187
UTL008361,Muhammad Mughal,67154-8051842-4,Mohammad Ahmad مغل,,"H-08361, Madina Town, Faisalabad",15952
UTL008362,زینب Sayed,80458-6889223-7,عثمان سید,1959-08-03,"H-08362, Bahria Town, Rawalpindi",62204
UTL008363,Hussain Malik,,Muhammed Malik,1995-06-28,"H-08363, Bahria Town, Islamabad",14179
UTL008364,Muhammad Khan,44136-2769210-8,Mohammed احمد Khan,,"H-08364, G-10, Islamabad",154732
UTL008365,حمزہ خان,51106-9602954-6,,1998-11-27,"H-08365, Malir, Karachi",52466
UTL008366,حسن Awan,12233-7801669-3,عمران Awan,1956-08-26,"H-08366, Madina Town, Faisalabad",16793
UTL008367,Fatimah مغل,59160-5535296-3,Muhammed Imran مغل,,"H-08367, DHA, Karachi",8359
UTL008368,Fatimah مغل,41224-9534266-8,Mohammed عمران Moghul,1983-01-11,"H-08368, Malir, Karachi",8793
UTL008369,Hamza Choudhary,77804-7532363-6,Faisal چوہدری,,"H-08369, G-10, Islamabad",3968
UTL008370,حسین Shaikh,55293-3581561-8,Usman Sheikh,1998-04-07,"H-08370, G-10, Islamabad",72421
UTL008371,Mariam قریشی,82837-3189699-4,محمد Qureshi,,"H-08371, Chaklala, Rawalpindi",13209
UTL008372,عمران Chaudhry,,Osman Ch.,1978-11-21,"H-08372, Madina Town, Faisalabad",15957
UTL008373,فیصل Malick,56773-1276813-7,,1982-03-15,"H-08373, Bahria Town, Islamabad",12393
UTL008374,Hamzah بٹ,15578-7238677-7,عمران Bhatti,1992-06-21,"H-08374, Cantt, Lahore",21190
UTL008375,علی مغل,47218-7929696-7,,1979-10-13,"H-08375, F-8, Islamabad",12154
UTL008376,حسن Raja,15991-9682495-3,حسن راجہ,1975-01-10,"H-08376, Gulshan-e-Iqbal, Karachi",6635
UTL008377,Hasan راجہ,,Muhammed فیصل راجہ,1958-12-07,"H-08377, Bahria Town, Rawalpindi",14830
UTL008378,Hamza Qureshi,77244-6829331-6,Imran قریشی,1977-04-22,"H-08378, Bahria Town, Rawalpindi",13562
UTL008379,Usman Quraishi,32194-3259954-7,حمزہ قریشی,1989-03-07,"H-08379, Chaklala, Rawalpindi",13286
UTL008380,Hassan Malick,,Hussein Malik,1965-05-20,"H-08380, F-8, Islamabad",25060
UTL008381,Maryam Raja,,Mohammad Raja,1979-11-02,"H-08381, Bahria Town, Islamabad",22970
UTL008382,Muhammad Ali شیخ,86110-4508597-1,Hussein شیخ,,"H-08382, Peoples Colony, Faisalabad",38216
UTL008383,عثمان Malik,60014-6564373-3,Mohammed ملک,1960-10-07,"H-08383, Chaklala, Rawalpindi",17192
UTL008384,Hussain Khan,69215-6968125-1,عثمان خان,1965-12-11,"H-08384, E-11, Islamabad",55257
UTL008385,علی Quraishi,33243-2507094-6,Hamza قریشی,1967-09-28,"H-08385, DHA, Lahore",8525
UTL008386,Marium اعوان,,عمران Awan,,"H-08386, Jaranwala Road, Faisalabad",55008
UTL008387,Mohammad Chaudhary,22606-1853164-3,Hussein Choudhary,,"H-08387, Madina Town, Faisalabad",4589
UTL008388,Faysal Khan,78908-8934402-2,علی Khan,1968-11-21,"H-08388, Saddar, Rawalpindi",8870
UTL008389,Hasan چوہدری,,عمران Chaudhary,1998-10-04,"H-08389, Satellite Town, Rawalpindi",12116
UTL008390,Muhammed بلال Raja,92181-9929328-2,Mohammed Hussain راجہ,1991-12-24,"H-08390, DHA, Karachi",31379
UTL008391,علی Quraishi,,Hussein قریشی,1976-11-14,"H-08391, E-11, Islamabad",9083
UTL008392,Imran چوہدری,20190-2014492-3,Ali Chaudhary,2001-07-15,"H-08392, G-10, Islamabad",7264
UTL008393,ثناء سید,26320-4975667-0,Ahmad Sayed,1971-05-10,"H-08393, Saddar, Rawalpindi",10301
UTL008394,عمران Sayed,,حمزہ Sayyid,1980-07-03,"H-08394, Jaranwala Road, Faisalabad",7126
UTL008395,Hussein راجہ,61088-6303902-9,حسن راجہ,1984-10-08,"H-08395, Madina Town, Faisalabad",44386
UTL008396,Muhammad Qureshi,,Muhammad فیصل Quraishi,,"H-08396, Saddar, Rawalpindi",51373
UTL008397,ثناء Sayed,95377-5735503-7,Othman سید,1988-07-24,"H-08397, Chaklala, Rawalpindi",6004
UTL008398,Zainab Butt,,,1964-05-11,"H-08398, Malir, Karachi",9479
UTL008399,حمزہ Awan,11755-6883818-9,Hamzah اعوان,1982-02-27,"H-08399, Clifton, Karachi",33581
UTL008400,Ahmad Quraishi,,احمد Qureshi,1965-04-24,"H-08400, F-7, Islamabad",23787
UTL008401,محمد چوہدری,,,2001-08-28,"H-08401, Johar Town, Lahore",14564
UTL008402,Marium Choudhary,64282-1345744-0,Muhammed Choudhary,1967-03-02,"H-08402, Jaranwala Road, Faisalabad",11492
UTL008403,حمزہ Awan,29975-1834123-4,Husain Awan,1963-05-27,"H-08403, Clifton, Karachi",14568
UTL008404,Hamza Shaykh,91393-9635091-9,عثمان Shaykh,1976-04-25,"H-08404, Jaranwala Road, Faisalabad",5575
UTL008405,Sana Chaudhary,33595-3393028-7,Hamzah چوہدری,,"H-08405, Bahria Town, Islamabad",17353
UTL008406,Mohammed حسن چوہدری,29055-5485134-8,,1958-01-01,"H-08406, Johar Town, Lahore",54159
UTL008407,Faysal چوہدری,95163-7830603-1,Hussein چوہدری,1984-04-07,"H-08407, Peoples Colony, Faisalabad",6032
UTL008408,Mohammed Syed,85034-7274824-3,Hussein Sayed,1961-01-08,"H-08408, Gulberg, Lahore",63222
UTL008409,Usman قریشی,24018-5416952-5,Hasan قریشی,,"H-08409, F-7, Islamabad",5855
UTL008410,Muhammad خان,87596-1058028-0,Hamzah Khan,,"H-08410, Gulberg, Lahore",15021
UTL008411,Zaynab Qureshi,07767-6132903-6,علی Quraishi,1966-01-25,"H-08411, F-7, Islamabad",320423
UTL008412,Sana مغل,72119-6816897-3,عمران مغل,1957-11-06,"H-08412, Peoples Colony, Faisalabad",59655
UTL008413,علی Khan,16771-3699576-1,Hassan Khan,1966-11-13,"H-08413, Cantt, Lahore",40670
UTL008414,Bilal Syed,91000-3527068-7,Mohammed Faisal Sayyid,1996-11-08,"H-08414, Cantt, Lahore",6577
UTL008415,عثمان Quraishi,,,1998-01-17,"H-08415, F-7, Islamabad",20201
UTL008416,Mohammed خان,65826-3855691-0,,1994-12-02,"H-08416, Malir, Karachi",28898
UTL008417,Sana Khan,,Mohammad Ali خان,1976-10-10,"H-08417, Jaranwala Road, Faisalabad",58716
UTL008418,Zainab Sayyid,34149-5847176-3,حسین سید,1962-04-09,"H-08418, Peoples Colony, Faisalabad",16335
UTL008419,Osman Qureshi,56496-7212280-2,,1994-03-03,"H-08419, Bahria Town, Islamabad",22474
UTL008420,Hassan Butt,81779-8689935-9,عثمان Butt,1984-04-14,"H-08420, Clifton, Karachi",11116
UTL008421,زینب Moghul,38882-3241573-4,Bilal Moghul,1979-09-19,"H-08421, Peoples Colony, Faisalabad",12851
UTL008422,Hassan Sayyid,39782-7822664-9,Bilal Sayed,1976-05-02,"H-08422, Malir, Karachi",5558
UTL008423,Usman Syed,,,1963-10-23,"H-08423, Peoples Colony, Faisalabad",6403
UTL008424,احمد ملک,22114-3441458-1,Othman Malik,1978-01-02,"H-08424, DHA, Lahore",20947
UTL008425,Ali قریشی,95439-5548657-1,Imran Quraishi,1985-05-05,"H-08425, Satellite Town, Rawalpindi",21892
UTL008426,Mohammed Bilal Butt,78058-6501263-8,,,"H-08426, Malir, Karachi",138251
UTL008427,Muhammad Hasan بٹ,,Usman بٹ,1988-03-22,"H-08427, Peoples Colony, Faisalabad",44878
UTL008428,Hamza Malik,,حمزہ Malik,1964-01-18,"H-08428, Gulshan-e-Iqbal, Karachi",9346
UTL008429,حرا مغل,35823-6358549-5,Hasan Mughal,1989-02-01,"H-08429, Bahria Town, Islamabad",10397
UTL008430,Muhammad Ali راجہ,46171-3051115-3,علی راجہ,1999-01-19,"H-08430, Malir, Karachi",10839
UTL008431,Fatema Quraishi,69798-3559704-1,علی قریشی,1994-06-20,"H-08431, Jaranwala Road, Faisalabad",7833
UTL008432,فیصل مغل,97239-1458119-5,علی Moghul,1961-06-05,"H-08432, Jaranwala Road, Faisalabad",16928
UTL008433,Muhammed Ahmed Moghul,85931-2770904-5,Hasan Moghul,1972-11-14,"H-08433, Gulberg, Lahore",78126
UTL008434,Sana اعوان,27351-8482499-3,,,"H-08434, Bahria Town, Islamabad",32179
UTL008435,Muhammad شیخ,36326-3037341-4,,2002-03-12,"H-08435, Saddar, Rawalpindi",34362
UTL008436,Ahmed Khan,10398-7120141-3,Muhammad Hamzah Khan,1958-11-24,"H-08436, Madina Town, Faisalabad",16726
UTL008437,Hira Malick,88993-4002733-8,,1968-03-05,"H-08437, Bahria Town, Rawalpindi",108262
UTL008438,Muhammed حمزہ Butt,,,1958-08-07,"H-08438, Saddar, Rawalpindi",6021
UTL008439,Hamzah Qureshi,,Muhammad Hamza Qureshi,1993-07-16,"H-08439, Satellite Town, Rawalpindi",12645
UTL008440,فاطمہ اعوان,69115-4352651-3,Osman اعوان,1971-08-05,"H-08440, Bahria Town, Rawalpindi",7612
UTL008441,Imran Mughal,,Muhammad عمران مغل,,"H-08441, Gulshan-e-Iqbal, Karachi",24213
UTL008442,عائشہ قریشی,,Hassan Quraishi,1975-11-24,"H-08442, G-10, Islamabad",17500
UTL008443,Hamza سید,87842-9729075-8,,1992-07-17,"H-08443, Satellite Town, Rawalpindi",38896
UTL008444,Zaynab Raja,61456-3139206-3,Hussain Raja,1972-10-13,"H-08444, E-11, Islamabad",17607
UTL008445,Hamza Raja,,محمد راجہ,1977-08-01,"H-08445, Satellite Town, Rawalpindi",9514
UTL008446,Mohammed Moghul,49717-4340684-4,Ali Moghul,1992-07-14,"H-08446, Clifton, Karachi",19022
UTL008447,عمران Raja,79104-1552839-1,بلال راجہ,1971-03-02,"H-08447, F-7, Islamabad",108614
UTL008448,فیصل راجہ,88571-8400114-2,عمران Raja,1955-10-20,"H-08448, Satellite Town, Rawalpindi",3551
UTL008449,Muhammad Malick,58421-5163370-0,Hussain ملک,1988-05-16,"H-08449, Clifton, Karachi",9053
UTL008450,Faisal اعوان,,Faysal Awan,1955-10-16,"H-08450, Malir, Karachi",5787
UTL008451,Mohammad Hasan قریشی,84584-3013778-3,,1969-11-22,"H-08451, Clifton, Karachi",33458
UTL008452,Mohammad Faysal شیخ,48952-8188436-7,Muhammed Hassan Shaikh,1968-02-02,"H-08452, Madina Town, Faisalabad",99939
UTL008453,Fatima ملک,95719-5552041-8,,1975-09-14,"H-08453, Bahria Town, Islamabad",99028
UTL008454,Faysal قریشی,85119-4362549-8,,1976-02-13,"H-08454, Bahria Town, Rawalpindi",12838
UTL008455,Sana Malik,14780-8189960-5,عمران ملک,1966-09-06,"H-08455, Cantt, Lahore",13221
UTL008456,Faisal Malik,,Hamza Malik,1955-06-25,"H-08456, Saddar, Rawalpindi",39858
UTL008457,Imran Shaykh,,Hamzah Shaykh,1990-04-11,"H-08457, Madina Town, Faisalabad",11760
UTL008458,Faisal Ch.,,Muhammad Chaudhry,1984-03-14,"H-08458, Johar Town, Lahore",49159
UTL008459,Ayisha سید,60620-3570676-6,Mohammad Bilal Sayed,2002-06-16,"H-08459, Model Town, Lahore",22382
UTL008460,زینب اعوان,77178-1367998-2,,1996-03-27,"H-08460, G-10, Islamabad",24509
UTL008461,Ahmad Khan,,,1958-03-14,"H-08461, North Nazimabad, Karachi",18309
UTL008462,Faisal ملک,32202-7550557-5,Ali Malick,1997-11-24,"H-08462, E-11, Islamabad",166966
UTL008463,Bilal Qureshi,37363-5994453-3,Osman Qureshi,1982-11-18,"H-08463, Model Town, Lahore",18814
UTL008464,Muhammed Sayyid,59847-2983029-5,عمران Sayyid,1971-04-11,"H-08464, Bahria Town, Islamabad",14420
UTL008465,Hussein Mughal,,Muhammad Hassan مغل,1982-12-28,"H-08465, North Nazimabad, Karachi",19811
UTL008466,زینب Raja,,علی Raja,1986-08-03,"H-08466, DHA, Karachi",39053
UTL008467,محمد Shaikh,,Muhammed Ahmed Shaykh,1958-06-14,"H-08467, Malir, Karachi",7121
UTL008468,احمد Awan,44948-7203702-4,Husain اعوان,1962-02-23,"H-08468, Malir, Karachi",56302
UTL008469,Ahmad اعوان,,Muhammad Hamza Awan,1978-01-22,"H-08469, Cantt, Lahore",16844
UTL008470,Sana Choudhary,60986-6727249-2,حسن Chaudhary,1978-12-23,"H-08470, DHA, Karachi",6114
UTL008471,Faisal Sheikh,86107-1940400-3,,,"H-08471, DHA, Lahore",20124
UTL008472,Ali Malik,,علی ملک,1985-01-06,"H-08472, Peoples Colony, Faisalabad",14902
UTL008473,Osman Quraishi,65664-4304779-9,Faysal قریشی,1956-05-25,"H-08473, Chaklala, Rawalpindi",6409
UTL008474,ثناء Sheikh,67740-9761452-5,,1983-06-08,"H-08474, Malir, Karachi",13902
UTL008475,Muhammad حسن Butt,31523-8678754-1,Hasan Bhatti,1969-10-15,"H-08475, North Nazimabad, Karachi",37918
UTL008476,Mohammad Sheikh,,Ahmed شیخ,1978-10-16,"H-08476, Gulshan-e-Iqbal, Karachi",17457
UTL008477,Hira Sayyid,90196-2765955-3,Muhammed علی Sayed,1980-02-10,"H-08477, F-8, Islamabad",4505
UTL008478,Osman بٹ,40340-6053736-8,Ahmed بٹ,1964-10-04,"H-08478, North Nazimabad, Karachi",10804
UTL008479,عمران Awan,54551-3884476-6,Muhammad Hassan Awan,1979-11-06,"H-08479, North Nazimabad, Karachi",6060
UTL008480,عمران Qureshi,64579-5047798-5,محمد Quraishi,1964-10-19,"H-08480, Cantt, Lahore",6594
UTL008481,Usman قریشی,92654-9848074-7,Husain قریشی,1983-07-11,"H-08481, Saddar, Rawalpindi",690798
UTL008482,Imran Butt,45902-9030962-6,احمد Butt,1959-05-08,"H-08482, Gulberg, Lahore",10107
UTL008483,Usman Khan,,حسین Khan,1982-09-22,"H-08483, Satellite Town, Rawalpindi",28800
UTL008484,Faysal Khan,52614-6292254-2,Mohammad Faysal Khan,1989-01-15,"H-08484, Jaranwala Road, Faisalabad",19100
UTL008485,حرا Quraishi,18438-8352726-0,Mohammad Faysal قریشی,1962-02-16,"H-08485, Gulberg, Lahore",80214
UTL008486,حرا بٹ,61698-6209964-6,Usman Bhatti,1988-11-17,"H-08486, Jaranwala Road, Faisalabad",36546
UTL008487,Faisal شیخ,74860-7258634-8,Mohammad Othman Shaikh,1983-01-26,"H-08487, Gulshan-e-Iqbal, Karachi",14510
UTL008488,Mohammed Faisal Moghul,46104-4517081-6,,1996-01-05,"H-08488, Johar Town, Lahore",4843
UTL008489,عثمان Sheikh,63994-2969867-2,,1975-05-01,"H-08489, F-7, Islamabad",18959
UTL008490,Mohammad Othman Mughal,,,1985-01-06,"H-08490, Jaranwala Road, Faisalabad",47456
UTL008491,Mohammad علی Raja,90362-7940200-3,حسن Raja,1958-01-26,"H-08491, Model Town, Lahore",6896
UTL008492,احمد Awan,20022-5205360-7,,1990-01-20,"H-08492, Johar Town, Lahore",16678
UTL008493,Ahmad قریشی,,Muhammed قریشی,,"H-08493, Madina Town, Faisalabad",7568
UTL008494,Muhammed Ali خان,46811-3606847-6,حسن خان,1980-04-06,"H-08494, Clifton, Karachi",4313
UTL008495,حمزہ Syed,,Muhammed Ahmed سید,1999-12-22,"H-08495, Malir, Karachi",14159
UTL008496,Hassan Raja,32815-8374644-3,Ahmad Raja,1956-07-24,"H-08496, F-7, Islamabad",9058
UTL008497,Osman Malick,46426-8233090-3,,1985-01-22,"H-08497, Madina Town, Faisalabad",4127
UTL008498,Muhammed Ali ملک,96575-6716809-8,Muhammed Malik,1992-10-27,"H-08498, DHA, Karachi",26219
UTL008499,Bilal Shaikh,51071-7973484-8,محمد شیخ,1973-03-18,"H-08499, Satellite Town, Rawalpindi",15239
UTL008500,حسن Sayed,69769-7536449-5,حسن Sayed,1972-08-08,"H-08500, Saddar, Rawalpindi",16498
UTL008501,Husain Malick,,Muhammad احمد Malick,1987-09-08,"H-08501, Jaranwala Road, Faisalabad",9097
UTL008502,Muhammad Malik,70678-5374780-7,Muhammad Malik,1997-06-10,"H-08502, Clifton, Karachi",6564
UTL008503,بلال Awan,34325-2413903-5,حسین Awan,,"H-08503, Malir, Karachi",31122
UTL008504,حمزہ Moghul,23871-6319381-7,Hussain Moghul,1970-09-14,"H-08504, Satellite Town, Rawalpindi",9913
UTL008505,Ali راجہ,21396-2386519-8,Usman Raja,1970-09-03,"H-08505, G-10, Islamabad",23023
UTL008506,حسن راجہ,23682-5536297-1,محمد Raja,1957-10-23,"H-08506, DHA, Lahore",27514
UTL008507,Ahmad مغل,63169-6340525-3,Muhammad Moghul,1997-05-17,"H-08507, Peoples Colony, Faisalabad",35018
UTL008508,Ahmad Quraishi,34895-8271071-8,Muhammad Qureshi,1962-02-14,"H-08508, F-7, Islamabad",8662
UTL008509,Imran اعوان,60979-5323030-9,علی Awan,2001-03-02,"H-08509, F-7, Islamabad",6134
UTL008510,Bilal Shaykh,99930-3126576-9,Hussain شیخ,1991-05-27,"H-08510, Clifton, Karachi",7009
UTL008511,فیصل راجہ,97124-9821369-4,حمزہ راجہ,1995-12-22,"H-08511, Peoples Colony, Faisalabad",37918
UTL008512,Aysha اعوان,97338-4065917-1,Usman اعوان,1980-12-01,"H-08512, DHA, Lahore",27862
UTL008513,حمزہ Syed,76805-5672989-5,Muhammed حمزہ Sayyid,1980-03-03,"H-08513, Bahria Town, Islamabad",7418
UTL008514,Osman Shaikh,,Bilal شیخ,1992-07-04,"H-08514, Malir, Karachi",6355
UTL008515,Hussein Chaudhary,,,,"H-08515, E-11, Islamabad",10026
UTL008516,Hamza شیخ,31390-4240343-8,Muhammad Imran شیخ,1961-11-07,"H-08516, Madina Town, Faisalabad",8799
UTL008517,Hamzah Shaykh,81342-2942979-8,Mohammad Hamzah Shaykh,1980-04-06,"H-08517, Jaranwala Road, Faisalabad",47826
UTL008518,محمد Raja,44393-1752597-9,Muhammad حسن راجہ,,"H-08518, Gulshan-e-Iqbal, Karachi",73980
UTL008519,عمران Sheikh,97230-2368783-4,Imran Sheikh,1973-07-08,"H-08519, Bahria Town, Rawalpindi",14793
UTL008520,عائشہ Bhatti,49589-7483962-3,Hasan بٹ,1958-08-05,"H-08520, Model Town, Lahore",30354
UTL008521,Ali Quraishi,60505-2595424-4,Bilal Quraishi,1993-06-13,"H-08521, Satellite Town, Rawalpindi",26164
UTL008522,Mariam خان,34683-3851881-0,حسن Khan,1969-12-01,"H-08522, F-8, Islamabad",3510
UTL008523,فیصل Sayyid,,حسن سید,2002-05-05,"H-08523, Gulshan-e-Iqbal, Karachi",32296
UTL008524,Ahmed Raja,99826-4022455-9,عمران Raja,1999-12-21,"H-08524, E-11, Islamabad",4467
UTL008525,Fatimah Shaykh,25137-2337162-6,Hussain شیخ,1988-09-21,"H-08525, Peoples Colony, Faisalabad",20415
UTL008526,Hasan اعوان,14078-4043215-5,Hasan Awan,1976-04-20,"H-08526, Gulberg, Lahore",131477
UTL008527,Mohammed شیخ,53154-7984410-0,حمزہ Shaykh,1972-02-14,"H-08527, Satellite Town, Rawalpindi",9491
UTL008528,Muhammad Ahmad چوہدری,83838-9688126-4,Ahmed چوہدری,1994-09-26,"H-08528, E-11, Islamabad",66787
UTL008529,Muhammad Imran Moghul,,Mohammad مغل,1995-01-28,"H-08529, DHA, Lahore",6769
UTL008530,Mohammed بلال Malick,79873-1365747-1,Faysal ملک,,"H-08530, Bahria Town, Islamabad",11331
UTL008531,Ayisha Chaudhary,,Faisal Ch.,1968-11-27,"H-08531, G-10, Islamabad",19569
UTL008532,Mohammed فیصل بٹ,51761-9020530-5,Ali Bhatti,2000-07-24,"H-08532, Chaklala, Rawalpindi",9253
UTL008533,Hassan چوہدری,73186-7777008-0,علی Choudhary,1955-05-04,"H-08533, Jaranwala Road, Faisalabad",134653
UTL008534,Muhammed Malik,64143-5975577-6,Muhammad Hassan Malik,1962-03-03,"H-08534, Madina Town, Faisalabad",4692
UTL008535,Hassan Malick,,علی Malik,1992-06-04,"H-08535, North Nazimabad, Karachi",19721
UTL008536,Faysal شیخ,,Mohammad Sheikh,1992-02-08,"H-08536, North Nazimabad, Karachi",40395
UTL008537,Ahmed Malik,,علی Malick,1984-12-01,"H-08537, Cantt, Lahore",12957
UTL008538,Imran Qureshi,32461-7100049-0,,,"H-08538, Clifton, Karachi",7945
UTL008539,Usman Qureshi,47001-4911518-6,محمد Qureshi,1974-02-04,"H-08539, Clifton, Karachi",43235
UTL008540,محمد راجہ,16364-5962979-5,,1963-07-23,"H-08540, Saddar, Rawalpindi",22974
UTL008541,Sana Butt,73251-7440084-1,Mohammad Butt,1992-03-12,"H-08541, F-8, Islamabad",53886
UTL008542,Mohammed Ali راجہ,,Mohammad احمد Raja,1997-12-24,"H-08542, Saddar, Rawalpindi",50762
UTL008543,Osman اعوان,,,1966-07-18,"H-08543, Madina Town, Faisalabad",13870
UTL008544,حرا Awan,14999-1680687-7,Faisal Awan,1990-06-03,"H-08544, DHA, Karachi",38763
UTL008545,عمران Khan,86053-8312031-9,Ali خان,1995-08-26,"H-08545, F-8, Islamabad",18112
UTL008546,Muhammad Husain Ch.,58272-3390956-3,Mohammad چوہدری,1967-12-12,"H-08546, Malir, Karachi",6939
UTL008547,حرا خان,76013-8227269-9,,1981-04-22,"H-08547, Model Town, Lahore",5576
UTL008548,Mohammed بلال Shaykh,98296-2449798-6,Imran Shaikh,1965-05-25,"H-08548, Gulberg, Lahore",6045
UTL008549,حسن Shaikh,14302-4712947-9,Husain Sheikh,1964-04-12,"H-08549, Peoples Colony, Faisalabad",52985
UTL008550,Muhammad Bilal Quraishi,21771-3086714-6,Ali Quraishi,1968-01-20,"H-08550, Chaklala, Rawalpindi",6153
UTL008551,ثناء مغل,,Mohammed Hamza مغل,1965-10-25,"H-08551, DHA, Karachi",22124
UTL008552,Mohammad Bilal Chaudhary,74118-8591916-3,Muhammad فیصل چوہدری,1966-11-08,"H-08552, Peoples Colony, Faisalabad",32962
UTL008553,Othman Malik,,,1960-08-26,"H-08553, Clifton, Karachi",11809
UTL008554,Mohammad Malik,,Bilal ملک,1975-02-24,"H-08554, Saddar, Rawalpindi",11085
UTL008555,Osman راجہ,89756-8898838-4,Muhammed Ahmad راجہ,1982-05-24,"H-08555, North Nazimabad, Karachi",15088
UTL008556,Fatimah Khan,86580-4524427-1,,1973-03-14,"H-08556, G-10, Islamabad",10529
UTL008557,علی مغل,,,1990-10-01,"H-08557, Peoples Colony, Faisalabad",24381
UTL008558,ثناء خان,89670-6685224-6,Ali Khan,1969-09-04,"H-08558, Bahria Town, Rawalpindi",25666
UTL008559,ثناء Bhatti,62210-9435225-9,حمزہ بٹ,1964-11-25,"H-08559, DHA, Karachi",4810
UTL008560,Aisha Chaudhry,31025-7906958-2,Imran Chaudhry,1983-04-10,"H-08560, Satellite Town, Rawalpindi",31395
UTL008561,Fatema ملک,,Ahmad Malik,,"H-08561, Jaranwala Road, Faisalabad",19186
UTL008562,فیصل Khan,,Usman خان,1968-03-26,"H-08562, Clifton, Karachi",9356
UTL008563,Othman Moghul,43456-9359837-0,Mohammed Faisal Moghul,2003-03-24,"H-08563, Madina Town, Faisalabad",13871
UTL008564,زینب راجہ,98356-9272496-9,بلال Raja,1961-12-08,"H-08564, Gulberg, Lahore",9498
UTL008565,Hira Malick,31082-5809585-1,Ahmad Malick,1960-12-25,"H-08565, Madina Town, Faisalabad",19690
UTL008566,مریم Mughal,89352-1437496-9,Mohammed Hussain Mughal,1993-06-26,"H-08566, Jaranwala Road, Faisalabad",12972
UTL008567,حسین Khan,90374-3816113-2,Hamza Khan,1983-03-18,"H-08567, F-7, Islamabad",24629
UTL008568,Usman Chaudhary,45989-9271545-0,Hasan Choudhary,1962-12-19,"H-08568, DHA, Karachi",23334
UTL008569,زینب Butt,39816-6484384-8,Mohammed Hussein Bhatti,1966-05-14,"H-08569, F-8, Islamabad",87364
UTL008570,Othman Khan,73996-4320889-7,احمد Khan,1997-03-11,"H-08570, F-8, Islamabad",13627
UTL008571,Muhammad Ahmad Khan,,عثمان خان,1970-02-17,"H-08571, E-11, Islamabad",13572
UTL008572,Hira اعوان,69904-9440913-8,,1969-06-21,"H-08572, DHA, Karachi",25839
UTL008573,Mohammed علی Sayed,55507-1724880-7,فیصل سید,1976-07-16,"H-08573, F-7, Islamabad",39773
UTL008574,Muhammed Hamzah Syed,33477-1777494-1,حسن Sayed,,"H-08574, Madina Town, Faisalabad",6156
UTL008575,Bilal Mughal,87763-6405301-2,Usman مغل,1971-06-17,"H-08575, Saddar, Rawalpindi",36592
UTL008576,Bilal Shaikh,65571-8830220-9,,,"H-08576, Johar Town, Lahore",8290
UTL008577,Ahmed Chaudhry,67598-5741255-6,علی Choudhary,1970-09-08,"H-08577, DHA, Lahore",5545
UTL008578,Mohammed بلال مغل,10171-9148057-3,Muhammad Ahmed Mughal,1974-05-24,"H-08578, Gulshan-e-Iqbal, Karachi",39206
UTL008579,Zaynab Sayyid,53204-4033940-4,بلال Sayyid,1995-11-13,"H-08579, Cantt, Lahore",11022
UTL008580,عائشہ Choudhary,77853-1003228-7,Hassan Choudhary,1980-11-22,"H-08580, Madina Town, Faisalabad",35850
UTL008581,Hasan Shaikh,,محمد Sheikh,1962-05-17,"H-08581, Chaklala, Rawalpindi",26883
UTL008582,عمران راجہ,67747-1587529-1,Muhammed Husain Raja,1970-08-08,"H-08582, North Nazimabad, Karachi",31945
UTL008583,Zainab Khan,,Hassan خان,1969-11-02,"H-08583, DHA, Karachi",5227
UTL008584,Faysal راجہ,91668-3396213-8,عمران Raja,1999-03-02,"H-08584, Madina Town, Faisalabad",6356
UTL008585,عمران قریشی,,Muhammad Faysal Quraishi,1995-05-13,"H-08585, Saddar, Rawalpindi",22885
UTL008586,Ali ملک,,Muhammed Ahmed ملک,1979-03-04,"H-08586, Bahria Town, Rawalpindi",30431
UTL008587,علی Awan,,Muhammed Osman Awan,1970-09-09,"H-08587, Clifton, Karachi",3419
UTL008588,علی خان,10687-3962194-6,Imran خان,1956-04-08,"H-08588, F-7, Islamabad",10707
UTL008589,مریم Moghul,12327-8810063-2,Mohammad Hasan Moghul,1968-12-19,"H-08589, F-7, Islamabad",23849
UTL008590,احمد Butt,,Mohammad عمران بٹ,,"H-08590, DHA, Lahore",16977
UTL008591,زینب Shaykh,29543-8204264-2,حسین شیخ,1972-11-25,"H-08591, Bahria Town, Islamabad",16326
UTL008592,Faisal Raja,22717-6291081-6,Usman Raja,1962-01-25,"H-08592, Satellite Town, Rawalpindi",53537
UTL008593,Imran Khan,66319-8894326-2,احمد خان,1976-03-09,"H-08593, Model Town, Lahore",14264
UTL008594,Osman Shaikh,63044-2361425-0,Ahmad Sheikh,1997-04-19,"H-08594, Chaklala, Rawalpindi",9449
UTL008595,Maryam Shaikh,,علی شیخ,1975-07-05,"H-08595, Satellite Town, Rawalpindi",70794
UTL008596,ثناء ملک,36619-6977764-7,Ali ملک,1977-07-22,"H-08596, Jaranwala Road, Faisalabad",5091
UTL008597,عمران Sheikh,30739-4274312-8,احمد شیخ,2002-10-13,"H-08597, F-7, Islamabad",58802
UTL008598,Mohammad Hasan Sayyid,98797-9731195-4,Hamza Sayyid,1984-08-08,"H-08598, F-8, Islamabad",13159
UTL008599,Hussein Shaikh,80503-8178096-6,Mohammad Shaykh,1980-05-15,"H-08599, F-8, Islamabad",10777
UTL008600,Ali Quraishi,36843-3203636-4,Muhammed Qureshi,1983-10-23,"H-08600, E-11, Islamabad",7771
UTL008601,عمران Mughal,,Mohammad مغل,1978-10-06,"H-08601, Jaranwala Road, Faisalabad",23246
UTL008602,Bilal چوہدری,,,1962-01-09,"H-08602, Johar Town, Lahore",17213
UTL008603,Hamza Mughal,36303-3509878-1,,1964-09-06,"H-08603, Peoples Colony, Faisalabad",23348
UTL008604,Hasan Quraishi,82673-8500947-1,حسین Quraishi,1965-02-20,"H-08604, Bahria Town, Islamabad",13247
UTL008605,زینب Syed,17614-5749988-5,عمران سید,1993-05-11,"H-08605, Satellite Town, Rawalpindi",16814
UTL008606,حسن Qureshi,69554-2888696-5,Mohammad Hussein Quraishi,1962-06-20,"H-08606, Chaklala, Rawalpindi",20416
UTL008607,Ahmad Choudhary,39897-1653672-4,,1996-04-08,"H-08607, G-10, Islamabad",46844
UTL008608,بلال سید,29267-8144782-2,,2003-07-06,"H-08608, E-11, Islamabad",3526
UTL008609,Faisal Sayyid,,,1955-09-11,"H-08609, Model Town, Lahore",13195
UTL008610,Muhammed Butt,,حسن بٹ,1972-02-20,"H-08610, Bahria Town, Islamabad",9209
UTL008611,حمزہ Syed,40984-3178576-9,محمد Syed,1985-07-11,"H-08611, G-10, Islamabad",12393
UTL008612,Hussain Raja,,Mohammad Faysal راجہ,1990-06-09,"H-08612, Jaranwala Road, Faisalabad",5057
UTL008613,Muhammed Sayyid,43754-5921135-6,,1998-10-10,"H-08613, Saddar, Rawalpindi",13432
UTL008614,حسین Raja,97970-3043964-0,بلال Raja,1960-06-22,"H-08614, Bahria Town, Islamabad",87314
UTL008615,Bilal Sayyid,,,1960-01-22,"H-08615, Saddar, Rawalpindi",70360
UTL008616,محمد Raja,27701-6072212-1,Hamza Raja,1991-05-13,"H-08616, Bahria Town, Islamabad",8501
UTL008617,Ali Shaykh,,Osman Shaikh,1966-11-07,"H-08617, E-11, Islamabad",19780
UTL008618,محمد Quraishi,,عمران Qureshi,1986-03-11,"H-08618, Clifton, Karachi",8662
UTL008619,Muhammad بلال سید,,عمران سید,1979-02-11,"H-08619, Gulberg, Lahore",12533
UTL008620,Muhammad Othman Khan,34738-4154919-3,,2003-06-20,"H-08620, Saddar, Rawalpindi",77890
UTL008621,Ali Choudhary,85972-7442212-5,Faysal Choudhary,1968-02-10,"H-08621, E-11, Islamabad",4944
UTL008622,Ayisha اعوان,94922-8851213-4,محمد اعوان,1994-04-13,"H-08622, Chaklala, Rawalpindi",15081
UTL008623,Hussein Shaikh,21419-8342106-0,Mohammad علی Shaykh,1975-07-05,"H-08623, DHA, Karachi",9290
UTL008624,حرا Choudhary,,Usman Chaudhary,,"H-08624, Peoples Colony, Faisalabad",42475
UTL008625,Marium Awan,,Usman Awan,1962-02-03,"H-08625, Clifton, Karachi",25535
UTL008626,Mariam ملک,,Faysal Malick,1969-11-18,"H-08626, Cantt, Lahore",10320
UTL008627,Osman راجہ,57257-2111926-2,عمران Raja,1972-09-22,"H-08627, Chaklala, Rawalpindi",13224
UTL008628,بلال چوہدری,,Imran Choudhary,,"H-08628, F-8, Islamabad",96732
UTL008629,Fatimah Butt,45903-7348350-4,Ahmed بٹ,,"H-08629, Cantt, Lahore",16389
UTL008630,فیصل Choudhary,38145-1936873-8,Muhammed Osman Ch.,1987-03-24,"H-08630, Peoples Colony, Faisalabad",11477
UTL008631,Imran Malick,78251-2081416-6,احمد Malik,1998-09-06,"H-08631, Gulberg, Lahore",15861
UTL008632,Mohammed فیصل Bhatti,46421-7470609-0,Mohammed Bhatti,1985-09-21,"H-08632, North Nazimabad, Karachi",8940
UTL008633,Mohammad Osman Awan,14491-5547397-1,Mohammad Ahmed اعوان,1994-01-11,"H-08633, Chaklala, Rawalpindi",72203
UTL008634,علی سید,27927-4322938-9,Muhammad Bilal سید,1981-09-16,"H-08634, Madina Town, Faisalabad",43545
UTL008635,بلال Chaudhary,77215-8336273-8,Muhammad چوہدری,1990-11-17,"H-08635, Malir, Karachi",22930
UTL008636,Hassan مغل,56340-3445593-2,,1987-10-06,"H-08636, DHA, Karachi",30224
UTL008637,Usman Sayyid,,Ali Sayyid,1982-07-03,"H-08637, Johar Town, Lahore",30913
UTL008638,حرا Khan,,,1961-07-03,"H-08638, Jaranwala Road, Faisalabad",4928
UTL008639,Muhammed علی Awan,79143-8980982-4,Muhammad Awan,1968-03-10,"H-08639, DHA, Karachi",28327
UTL008640,عائشہ سید,41382-5599692-7,Othman Sayyid,1974-09-01,"H-08640, Cantt, Lahore",22966
UTL008641,Faisal ملک,75151-3765537-6,Muhammad ملک,1989-09-14,"H-08641, E-11, Islamabad",8765
UTL008642,Mohammed Hamzah Shaikh,77281-8488746-0,Imran Shaykh,,"H-08642, Gulberg, Lahore",39432
UTL008643,Faisal راجہ,93120-6171074-9,Muhammed راجہ,1996-01-26,"H-08643, DHA, Karachi",67605
UTL008644,Ayesha خان,33809-8024367-7,بلال Khan,1959-09-04,"H-08644, Madina Town, Faisalabad",20029
UTL008645,عمران Choudhary,,Mohammed حسن Choudhary,1993-12-18,"H-08645, DHA, Karachi",13679
UTL008646,محمد Ch.,50880-2927494-2,,1959-06-22,"H-08646, E-11, Islamabad",5547
UTL008647,Muhammad Hassan Khan,33986-9218850-2,Mohammad Faysal خان,1959-04-04,"H-08647, North Nazimabad, Karachi",10418
UTL008648,Ahmad Sayed,92866-5758384-0,Mohammed عمران Sayyid,,"H-08648, DHA, Lahore",8299
UTL008649,بلال Butt,,,1967-05-09,"H-08649, Bahria Town, Islamabad",28006
UTL008650,عمران سید,88702-5186151-1,Muhammed فیصل Sayyid,1964-10-07,"H-08650, North Nazimabad, Karachi",14124
UTL008651,بلال Choudhary,54426-5356130-0,Ahmed چوہدری,,"H-08651, Clifton, Karachi",6857
UTL008652,Hasan Choudhary,69106-1239228-5,Imran Chaudhary,1987-07-03,"H-08652, Cantt, Lahore",10538
UTL008653,Hira قریشی,27994-4433510-4,,1976-08-16,"H-08653, DHA, Lahore",58648
UTL008654,Ahmed Butt,63923-4710396-0,Hamzah Butt,2003-08-23,"H-08654, F-7, Islamabad",19653
UTL008655,Ali Awan,85256-3336168-4,Hussein Awan,1987-08-21,"H-08655, F-7, Islamabad",31973
UTL008656,Muhammed Hamzah Sheikh,22064-1714834-1,Mohammad Othman Shaikh,1978-10-02,"H-08656, Johar Town, Lahore",37158
UTL008657,حمزہ Sayyid,14197-2741280-6,Muhammed حمزہ Sayed,1986-11-27,"H-08657, Clifton, Karachi",15001
UTL008658,Imran خان,45385-3743311-7,,1979-08-05,"H-08658, Peoples Colony, Faisalabad",6091
UTL008659,Sana ملک,16355-6373547-3,Faysal Malick,1968-05-20,"H-08659, Johar Town, Lahore",41765
UTL008660,Mariam Moghul,,Ahmad Mughal,1979-08-28,"H-08660, E-11, Islamabad",18714
UTL008661,Muhammed بلال Sayyid,41658-3264991-6,Ali Syed,1988-10-04,"H-08661, Clifton, Karachi",44253
UTL008662,حمزہ راجہ,54058-4142624-6,Hussein راجہ,1994-03-21,"H-08662, Jaranwala Road, Faisalabad",13128
UTL008663,Hussain Quraishi,27455-5263770-1,Mohammed بلال Quraishi,1959-07-25,"H-08663, Model Town, Lahore",31241
UTL008664,Imran Awan,84626-7024760-1,Hamzah اعوان,1999-05-11,"H-08664, Gulberg, Lahore",7858
UTL008665,Imran ملک,98275-8261783-7,Hasan Malik,,"H-08665, Gulberg, Lahore",228172
UTL008666,Mohammed Hamzah Raja,61717-7060352-4,فیصل راجہ,1978-03-16,"H-08666, Madina Town, Faisalabad",39723
UTL008667,علی Khan,34324-4907992-1,,1970-04-15,"H-08667, DHA, Lahore",9907
UTL008668,عائشہ Mughal,50517-4902217-1,,1993-02-23,"H-08668, Clifton, Karachi",4378
UTL008669,Mohammed Ali قریشی,23185-2266968-8,Othman Quraishi,,"H-08669, F-7, Islamabad",42099
UTL008670,عمران شیخ,14531-8886136-7,Bilal شیخ,1955-02-08,"H-08670, F-8, Islamabad",37060
UTL008671,حسن ملک,87996-1234027-6,Mohammed ملک,1972-07-15,"H-08671, Gulshan-e-Iqbal, Karachi",85128
UTL008672,حسن Sayyid,,احمد Sayyid,1999-01-11,"H-08672, Saddar, Rawalpindi",20078
UTL008673,Ahmed Chaudhary,18121-8690522-2,عمران Choudhary,1965-06-11,"H-08673, Bahria Town, Islamabad",19476
UTL008674,بلال مغل,,Hassan Moghul,2001-10-26,"H-08674, Malir, Karachi",6855
UTL008675,Hassan Chaudhry,33605-6586905-3,Mohammed Hasan Ch.,1994-08-21,"H-08675, Malir, Karachi",38760
UTL008676,Ali Sheikh,34866-5661659-8,Mohammed Hussain Shaykh,1996-07-01,"H-08676, Gulberg, Lahore",16702
UTL008677,محمد Khan,39409-9609658-6,Hussein Khan,1992-11-20,"H-08677, Peoples Colony, Faisalabad",27260
UTL008678,حمزہ مغل,27269-9821159-9,عمران Mughal,1961-09-12,"H-08678, Model Town, Lahore",120606
UTL008679,Faisal ملک,,Muhammad ملک,1980-10-05,"H-08679, Jaranwala Road, Faisalabad",14829
UTL008680,Muhammad بلال قریشی,23618-4395115-0,,1999-07-16,"H-08680, Cantt, Lahore",37349
UTL008681,Husain Awan,99935-9356885-8,Faisal اعوان,1958-05-09,"H-08681, Johar Town, Lahore",33329
UTL008682,Mariam راجہ,77137-2584719-9,Mohammed راجہ,1967-04-03,"H-08682, Peoples Colony, Faisalabad",5421
UTL008683,Mohammad Hasan قریشی,44269-7090889-4,Muhammed بلال Qureshi,1975-04-08,"H-08683, Malir, Karachi",8906
UTL008684,Mohammad Bilal خان,94943-4458309-1,,1966-06-22,"H-08684, Johar Town, Lahore",12585
UTL008685,Osman Choudhary,72576-2362474-2,Hussain Ch.,2003-10-26,"H-08685, Satellite Town, Rawalpindi",19734
UTL008686,Mohammad عثمان Qureshi,90843-7066706-0,,,"H-08686, G-10, Islamabad",5489
UTL008687,Zaynab Butt,94819-8861280-0,,1987-11-07,"H-08687, Cantt, Lahore",35435
UTL008688,Mohammad Ahmad مغل,12772-4796461-7,حسن Mughal,1987-11-28,"H-08688, Madina Town, Faisalabad",28559
UTL008689,Hasan Chaudhary,40577-8978284-1,حسن Chaudhary,1966-08-19,"H-08689, Jaranwala Road, Faisalabad",15088
UTL008690,Ali Shaikh,92685-1761395-4,Faisal Shaykh,1959-01-01,"H-08690, F-8, Islamabad",10494
UTL008691,Hussein قریشی,30550-4394563-0,Imran قریشی,1979-01-13,"H-08691, Jaranwala Road, Faisalabad",6429
UTL008692,حمزہ Awan,85587-5666206-7,علی Awan,1959-05-04,"H-08692, Model Town, Lahore",20213
UTL008693,Ali مغل,94755-3255382-8,Bilal Mughal,1976-06-20,"H-08693, E-11, Islamabad",11211
UTL008694,Marium Malick,78164-2038272-8,Hussain Malick,1999-09-20,"H-08694, Chaklala, Rawalpindi",58009
UTL008695,Zainab Quraishi,,Muhammad حسین Quraishi,1998-04-23,"H-08695, F-7, Islamabad",8189
UTL008696,Faisal ملک,19220-2024822-7,Hassan Malick,1958-06-11,"H-08696, Malir, Karachi",4135
UTL008697,Muhammed احمد Chaudhry,21258-9257310-1,Hussein Ch.,1982-05-06,"H-08697, Jaranwala Road, Faisalabad",6240
UTL008698,زینب Sheikh,76384-9999915-8,Ali Sheikh,1963-08-24,"H-08698, G-10, Islamabad",37968
UTL008699,فاطمہ Bhatti,33074-9231432-2,Muhammad Ali بٹ,1963-01-27,"H-08699, Gulberg, Lahore",31725
UTL008700,مریم Awan,46995-6182165-9,احمد اعوان,1983-10-06,"H-08700, Model Town, Lahore",37414
UTL008701,Muhammad Ahmad Butt,,Muhammad Hamzah بٹ,1975-12-15,"H-08701, Bahria Town, Islamabad",14407
UTL008702,Ayisha Sayyid,34456-8342092-7,,1995-07-10,"H-08702, Peoples Colony, Faisalabad",24146
UTL008703,Mohammad Awan,21444-1187690-4,حسن Awan,1971-11-14,"H-08703, Model Town, Lahore",21053
UTL008704,بلال راجہ,96085-1025585-4,Ali Raja,1983-05-20,"H-08704, Saddar, Rawalpindi",21960
UTL008705,Ayisha Choudhary,,Muhammad Ch.,1971-11-28,"H-08705, Johar Town, Lahore",70686
UTL008706,Muhammad Syed,,Mohammed Hussein Sayyid,2000-03-01,"H-08706, Bahria Town, Rawalpindi",49270
UTL008707,Mohammad Husain Raja,18965-8169480-5,حمزہ Raja,1982-03-26,"H-08707, DHA, Lahore",16904
UTL008708,Hira Awan,,,1962-07-10,"H-08708, Bahria Town, Rawalpindi",34945
UTL008709,Mohammed Hamzah Malik,92913-3712110-8,حسین ملک,1973-04-18,"H-08709, Madina Town, Faisalabad",8425
UTL008710,ثناء Ch.,46234-3692608-7,,1999-09-25,"H-08710, Malir, Karachi",8324
UTL008711,Hussein مغل,10651-3472589-2,Othman مغل,1995-01-15,"H-08711, Madina Town, Faisalabad",28209
UTL008712,بلال Qureshi,58794-2297200-6,بلال Quraishi,1998-04-26,"H-08712, North Nazimabad, Karachi",43791
UTL008713,Husain Choudhary,47078-2206773-7,Mohammed Chaudhary,1976-03-17,"H-08713, Jaranwala Road, Faisalabad",17560
UTL008714,Hussain Sayed,,Muhammad حسن Syed,1997-12-05,"H-08714, Madina Town, Faisalabad",56602
UTL008715,Hamza Chaudhary,82148-1400871-2,Muhammed Ali Ch.,1964-08-17,"H-08715, Jaranwala Road, Faisalabad",30059
UTL008716,Hassan خان,99819-2597640-9,Ahmed Khan,1955-03-14,"H-08716, Clifton, Karachi",36898
UTL008717,Mohammed علی ملک,74964-8187463-1,Bilal Malik,1996-05-16,"H-08717, E-11, Islamabad",70665
UTL008718,Faysal Ch.,43536-3907817-6,Hussein Ch.,1958-01-17,"H-08718, Jaranwala Road, Faisalabad",30924
UTL008719,Hira مغل,49381-4111052-0,Mohammad حمزہ Mughal,1978-03-27,"H-08719, Malir, Karachi",48345
UTL008720,بلال Chaudhary,11426-4240305-1,محمد Chaudhry,1981-03-27,"H-08720, Jaranwala Road, Faisalabad",7985
UTL008721,Faysal Mughal,,Mohammed مغل,1981-04-22,"H-08721, Satellite Town, Rawalpindi",16715
UTL008722,احمد Chaudhry,55897-3627974-7,Hamza Chaudhary,1981-05-06,"H-08722, Bahria Town, Rawalpindi",19452
UTL008723,Mohammed Faysal Khan,39448-3172702-9,حمزہ Khan,1976-12-08,"H-08723, Saddar, Rawalpindi",73687
UTL008724,Hamza Chaudhry,16201-7275777-0,,,"H-08724, Saddar, Rawalpindi",21569
UTL008725,حسن Quraishi,,Hassan Qureshi,1997-09-12,"H-08725, DHA, Karachi",11963
UTL008726,Ahmed Sheikh,12910-7955245-5,محمد Shaykh,1957-02-11,"H-08726, Jaranwala Road, Faisalabad",5130
UTL008727,Imran راجہ,,Ali Raja,1977-10-17,"H-08727, Satellite Town, Rawalpindi",6414
UTL008728,بلال Sayed,,Mohammad Hasan Sayed,1989-01-24,"H-08728, Bahria Town, Rawalpindi",32720
UTL008729,Muhammed حسن Awan,54203-1454363-7,عمران اعوان,1969-11-10,"H-08729, Satellite Town, Rawalpindi",28691
UTL008730,Mohammad عمران Chaudhary,38382-1013078-3,Hamza Ch.,1961-03-11,"H-08730, Bahria Town, Islamabad",26816
UTL008731,Usman بٹ,,Muhammad علی بٹ,1958-03-22,"H-08731, DHA, Lahore",33079
UTL008732,Imran Malick,99771-6117336-3,Imran ملک,1970-03-23,"H-08732, North Nazimabad, Karachi",4943
UTL008733,Hasan Shaykh,95405-2557636-9,Mohammad Ahmad Shaykh,,"H-08733, Clifton, Karachi",3810
UTL008734,Sana مغل,79336-5737030-7,,,"H-08734, Bahria Town, Rawalpindi",36264
UTL008735,ثناء قریشی,30424-2562480-7,,1981-12-21,"H-08735, Peoples Colony, Faisalabad",30064
UTL008736,عثمان Moghul,84190-3722510-3,Mohammad Ahmed Mughal,1955-08-28,"H-08736, Clifton, Karachi",7737
UTL008737,Bilal ملک,80613-3732855-3,علی Malik,1986-04-18,"H-08737, Saddar, Rawalpindi",90433
UTL008738,Mohammad Hamza مغل,20973-5121384-9,Hamza Moghul,1969-02-21,"H-08738, Chaklala, Rawalpindi",5098
UTL008739,Ayesha Sayed,67268-2808065-4,Faisal Sayyid,1998-01-10,"H-08739, Chaklala, Rawalpindi",13078
UTL008740,عمران Butt,24882-2172740-2,Mohammad Faysal بٹ,1974-05-07,"H-08740, F-8, Islamabad",56279
UTL008741,بلال Shaikh,46491-9956427-8,Ahmad Sheikh,1993-01-26,"H-08741, Malir, Karachi",40031
UTL008742,Muhammed Hamzah Sayed,95296-6955321-6,Muhammad عثمان Syed,1958-02-13,"H-08742, Gulshan-e-Iqbal, Karachi",10978
UTL008743,Hamzah Chaudhry,,حسین چوہدری,1984-12-01,"H-08743, North Nazimabad, Karachi",15373
UTL008744,Usman Khan,97355-4655960-7,Mohammed عمران خان,1970-09-12,"H-08744, Madina Town, Faisalabad",19831
UTL008745,فاطمہ Quraishi,55170-8287168-5,Mohammad Imran Qureshi,1991-10-07,"H-08745, Gulberg, Lahore",23405
UTL008746,Fatimah خان,19818-2237713-3,Hussain Khan,1982-09-22,"H-08746, Madina Town, Faisalabad",45864
UTL008747,Muhammed بلال Moghul,54609-5602049-2,,1958-03-14,"H-08747, Gulshan-e-Iqbal, Karachi",25079
UTL008748,Mohammed عثمان ملک,18437-5178991-3,Ahmed ملک,1997-01-09,"H-08748, Jaranwala Road, Faisalabad",9465
UTL008749,Zaynab Sayed,21531-4602763-1,Bilal سید,1967-09-28,"H-08749, Bahria Town, Islamabad",30595
UTL008750,Aysha Butt,10015-3606094-4,عمران بٹ,1993-09-11,"H-08750, Jaranwala Road, Faisalabad",23264
UTL008751,Mohammad عثمان Awan,87312-5484500-7,Hassan Awan,1990-09-02,"H-08751, Bahria Town, Islamabad",12858
UTL008752,عثمان Bhatti,,Faisal Butt,,"H-08752, G-10, Islamabad",72507
UTL008753,Muhammad Usman قریشی,,Muhammed قریشی,1972-10-01,"H-08753, Satellite Town, Rawalpindi",10743
UTL008754,Faysal بٹ,50849-2044149-5,Muhammad Bilal Butt,1978-06-22,"H-08754, G-10, Islamabad",5423
UTL008755,Aisha اعوان,,حسن اعوان,1997-01-02,"H-08755, North Nazimabad, Karachi",6190
UTL008756,Ali اعوان,16148-3834337-2,Muhammad بلال Awan,1996-12-24,"H-08756, Satellite Town, Rawalpindi",73496
UTL008757,Mohammad Shaykh,,,1999-10-24,"H-08757, Satellite Town, Rawalpindi",14358
UTL008758,Mohammad Ahmed Raja,83157-3629588-6,,1996-08-16,"H-08758, North Nazimabad, Karachi",5910
UTL008759,Muhammad Hasan راجہ,65006-6181872-5,عمران Raja,1997-10-11,"H-08759, Bahria Town, Rawalpindi",20480
UTL008760,Marium Malik,79504-1344102-6,Mohammad Husain Malik,1985-03-28,"H-08760, Saddar, Rawalpindi",46604
UTL008761,Ahmed Choudhary,53525-1474139-9,Mohammad چوہدری,1965-04-25,"H-08761, Gulshan-e-Iqbal, Karachi",13257
UTL008762,Muhammad بٹ,64091-5864003-2,Bilal بٹ,1958-05-01,"H-08762, Madina Town, Faisalabad",53955
UTL008763,Zaynab Choudhary,55236-7763081-4,,1965-03-25,"H-08763, Johar Town, Lahore",20341
UTL008764,Mohammed Ahmed Awan,59395-4677568-5,,1984-01-10,"H-08764, Madina Town, Faisalabad",6823
UTL008765,Faysal Sheikh,41661-9920916-3,Bilal Sheikh,1982-05-13,"H-08765, Madina Town, Faisalabad",12385
UTL008766,فیصل Moghul,44454-6462514-0,حمزہ Mughal,2002-09-09,"H-08766, Peoples Colony, Faisalabad",12348
UTL008767,Mohammed علی Moghul,89551-2370361-7,,1960-03-04,"H-08767, Chaklala, Rawalpindi",5882
UTL008768,Imran چوہدری,,Bilal Chaudhry,1999-03-23,"H-08768, Malir, Karachi",30442
UTL008769,Ali اعوان,80358-6186164-3,Mohammed Awan,1995-09-17,"H-08769, Chaklala, Rawalpindi",4125
UTL008770,Muhammed Hussein Malik,89219-9499202-7,Faisal Malick,1956-11-09,"H-08770, Johar Town, Lahore",5093
UTL008771,Mohammed حسن Awan,21646-7792308-7,Hussein Awan,,"H-08771, Cantt, Lahore",42918
UTL008772,Othman Malick,,Husain Malik,1980-06-17,"H-08772, E-11, Islamabad",3576
UTL008773,Muhammed احمد Sayed,,Hussain Syed,1964-06-20,"H-08773, Clifton, Karachi",12369
UTL008774,Muhammad حسن Ch.,44093-1488220-8,حمزہ Choudhary,1983-01-23,"H-08774, Peoples Colony, Faisalabad",6406
UTL008775,Muhammad Hasan Bhatti,,بلال Butt,1989-08-15,"H-08775, F-7, Islamabad",4387
UTL008776,Imran Raja,35372-8413769-6,,2003-03-15,"H-08776, G-10, Islamabad",6936
UTL008777,زینب Khan,29261-3716297-3,Husain Khan,1994-03-14,"H-08777, Madina Town, Faisalabad",86469
UTL008778,Muhammed Ali Sheikh,24265-9542560-3,Ali Shaikh,1973-06-05,"H-08778, F-7, Islamabad",25911
UTL008779,بلال Sheikh,,Mohammed Hamza Shaikh,1982-11-10,"H-08779, Peoples Colony, Faisalabad",6619
UTL008780,Zainab Moghul,37526-2024071-0,,1993-09-27,"H-08780, Bahria Town, Islamabad",5494
UTL008781,Mohammed Imran Raja,37962-9752205-1,,1961-09-10,"H-08781, Saddar, Rawalpindi",30887
UTL008782,Hasan Ch.,51733-1500045-8,,1978-04-09,"H-08782, Chaklala, Rawalpindi",21372
UTL008783,بلال Awan,,Faisal اعوان,1967-02-23,"H-08783, Model Town, Lahore",20194
UTL008784,Bilal قریشی,65375-3451863-3,Mohammad Imran قریشی,1986-01-23,"H-08784, Gulshan-e-Iqbal, Karachi",3129
UTL008785,حسن Sayyid,,حسین Syed,1983-12-05,"H-08785, Madina Town, Faisalabad",70656
UTL008786,Zaynab خان,81257-6747559-0,Muhammad عثمان خان,1970-06-09,"H-08786, North Nazimabad, Karachi",21589
UTL008787,حسن Sayyid,,,1984-06-03,"H-08787, Gulberg, Lahore",21033
UTL008788,عمران اعوان,45038-3903827-9,محمد اعوان,1984-05-08,"H-08788, Model Town, Lahore",34319
UTL008789,بلال قریشی,35348-3008142-9,Hassan Quraishi,1992-10-05,"H-08789, Bahria Town, Rawalpindi",34897
UTL008790,Mohammad Osman خان,27824-2525821-5,Mohammed Khan,1981-09-10,"H-08790, F-7, Islamabad",4807
UTL008791,Muhammad Ahmed Butt,58830-2989058-2,Faysal Bhatti,1971-12-24,"H-08791, Jaranwala Road, Faisalabad",51163
UTL008792,Bilal Syed,,,1980-03-28,"H-08792, Jaranwala Road, Faisalabad",18870
UTL008793,Imran شیخ,51025-1794653-9,Mohammad Hasan Sheikh,,"H-08793, Chaklala, Rawalpindi",4612
UTL008794,Ayisha Raja,92424-9298294-0,Hamzah Raja,1997-03-15,"H-08794, E-11, Islamabad",6613
UTL008795,Zaynab بٹ,33020-2147008-6,Muhammed احمد بٹ,1955-07-01,"H-08795, DHA, Karachi",9724
UTL008796,Othman راجہ,78757-9580380-4,Muhammed راجہ,2002-07-19,"H-08796, Jaranwala Road, Faisalabad",107831
UTL008797,Ali ملک,,Muhammed ملک,1975-10-16,"H-08797, Madina Town, Faisalabad",13239
UTL008798,Hassan Syed,57282-3175116-7,,1959-01-13,"H-08798, Model Town, Lahore",10941
UTL008799,Imran اعوان,17476-1034314-8,عمران Awan,1999-04-19,"H-08799, Cantt, Lahore",104470
UTL008800,Hussain اعوان,85590-3533354-3,Hasan اعوان,1976-04-13,"H-08800, Cantt, Lahore",52120
UTL008801,Aysha Khan,33656-6456498-6,,1988-12-07,"H-08801, Gulberg, Lahore",8124
UTL008802,Aysha Syed,61453-2240389-2,Muhammed Faysal Syed,1971-06-04,"H-08802, F-7, Islamabad",54703
UTL008803,Hamza Awan,53665-3390503-5,Ahmad Awan,,"H-08803, E-11, Islamabad",27891
UTL008804,Imran شیخ,98177-2701100-0,Hamza Sheikh,1969-04-14,"H-08804, Gulberg, Lahore",8508
UTL008805,Muhammad فیصل Malick,32623-6074729-1,Ali Malik,1985-02-25,"H-08805, Gulberg, Lahore",42452
UTL008806,Muhammad Khan,74884-2489862-7,محمد خان,1985-10-12,"H-08806, Saddar, Rawalpindi",16313
UTL008807,Bilal Raja,27371-9820389-8,فیصل راجہ,1986-08-16,"H-08807, Saddar, Rawalpindi",38654
UTL008808,Marium Quraishi,,Hasan Qureshi,1995-10-12,"H-08808, Gulshan-e-Iqbal, Karachi",75681
UTL008809,Mohammad Chaudhary,54748-4286800-2,Muhammed Hussain Chaudhry,1967-09-09,"H-08809, Bahria Town, Rawalpindi",79604
UTL008810,Fatimah Awan,85281-6837771-4,Muhammad عمران Awan,1967-03-21,"H-08810, Clifton, Karachi",109677
UTL008811,Muhammed بلال Awan,,احمد اعوان,1966-08-05,"H-08811, Madina Town, Faisalabad",21715
UTL008812,Ahmad Bhatti,68753-7822741-0,علی Bhatti,1990-01-22,"H-08812, Bahria Town, Rawalpindi",5010
UTL008813,Bilal Sayyid,,عمران Sayyid,,"H-08813, Cantt, Lahore",27425
UTL008814,Husain Qureshi,93865-2470037-6,Mohammed عمران قریشی,1981-08-22,"H-08814, North Nazimabad, Karachi",4386
UTL008815,Aisha Choudhary,62587-3795642-9,Muhammad علی Chaudhry,1999-09-19,"H-08815, Model Town, Lahore",64974
UTL008816,Ayesha Khan,38726-5867398-9,Ali خان,,"H-08816, Saddar, Rawalpindi",19471
UTL008817,عمران Khan,27517-1788994-9,فیصل خان,1990-01-21,"H-08817, Bahria Town, Rawalpindi",16906
UTL008818,حسین Raja,50235-7945781-6,Mohammad راجہ,1982-02-26,"H-08818, Jaranwala Road, Faisalabad",11363
UTL008819,Usman سید,59439-1438173-9,,1985-05-06,"H-08819, Peoples Colony, Faisalabad",11775
UTL008820,Hussein Syed,,Hamza Sayyid,1991-06-05,"H-08820, Cantt, Lahore",25412
UTL008821,Ali Malik,69789-9524503-5,Mohammad Ahmed ملک,1964-06-20,"H-08821, F-8, Islamabad",24666
UTL008822,Muhammed مغل,76874-5305101-1,Hamza مغل,1969-07-05,"H-08822, Bahria Town, Rawalpindi",60244
UTL008823,Muhammed Hassan Sheikh,76800-1693850-0,Hussein Shaykh,1980-11-01,"H-08823, F-8, Islamabad",12725
UTL008824,فیصل Sayyid,24413-8503351-6,Hamzah Sayed,1957-05-08,"H-08824, Peoples Colony, Faisalabad",6592
UTL008825,Hassan شیخ,75248-7756376-5,Imran Shaikh,1960-08-19,"H-08825, E-11, Islamabad",104680
UTL008826,Hussain Quraishi,69625-3543325-5,,1960-05-03,"H-08826, Bahria Town, Islamabad",15931
UTL008827,Ali Bhatti,44890-7045269-8,,1983-03-21,"H-08827, Satellite Town, Rawalpindi",13903
UTL008828,Hussein ملک,55145-3016214-8,Hussein ملک,1958-07-07,"H-08828, DHA, Karachi",82762
UTL008829,ثناء Syed,78064-8286445-8,Faisal Sayed,1977-04-21,"H-08829, Peoples Colony, Faisalabad",7165
UTL008830,Ayesha قریشی,35707-4287566-0,Faisal Qureshi,1967-07-15,"H-08830, Madina Town, Faisalabad",32386
UTL008831,Bilal راجہ,,Muhammad بلال Raja,1998-12-26,"H-08831, Cantt, Lahore",268521
UTL008832,حسین سید,63507-3327867-7,Hassan Sayyid,1998-01-18,"H-08832, Madina Town, Faisalabad",10719
UTL008833,Mohammed مغل,18375-5422938-5,علی Moghul,1983-04-05,"H-08833, Satellite Town, Rawalpindi",20003
UTL008834,Muhammad Faisal Bhatti,28428-5120209-6,,1971-09-23,"H-08834, DHA, Karachi",5777
UTL008835,حمزہ خان,44449-5118234-3,بلال خان,1999-06-08,"H-08835, Bahria Town, Rawalpindi",9824
UTL008836,علی Moghul,98554-2533575-4,بلال مغل,1966-02-08,"H-08836, Chaklala, Rawalpindi",5257
UTL008837,Fatima Malick,78607-7194193-5,بلال Malick,1969-10-25,"H-08837, Chaklala, Rawalpindi",7792
UTL008838,Mohammed Hasan بٹ,63730-5319454-5,علی بٹ,1972-01-26,"H-08838, Madina Town, Faisalabad",16494
UTL008839,Osman اعوان,,,,"H-08839, Johar Town, Lahore",18834
UTL008840,Hamza Khan,32188-5031236-8,Muhammad Khan,1984-08-07,"H-08840, Jaranwala Road, Faisalabad",29868
UTL008841,حرا اعوان,71423-7807300-0,Mohammad احمد Awan,1988-09-14,"H-08841, Chaklala, Rawalpindi",4542
UTL008842,Sana Shaykh,,Osman شیخ,1987-10-25,"H-08842, Chaklala, Rawalpindi",26968
UTL008843,Faisal Awan,46755-8505131-7,Muhammed Bilal اعوان,1995-07-17,"H-08843, DHA, Karachi",138591
UTL008844,Ali Awan,34480-2381177-4,Mohammad حسین اعوان,,"H-08844, Bahria Town, Rawalpindi",14321
UTL008845,Hamzah قریشی,,حمزہ قریشی,1995-02-27,"H-08845, Malir, Karachi",32362
UTL008846,علی Raja,87792-2666067-4,فیصل Raja,1977-12-06,"H-08846, Jaranwala Road, Faisalabad",42860
UTL008847,Muhammad Hamzah ملک,10606-5802367-1,حمزہ Malik,1981-09-24,"H-08847, Peoples Colony, Faisalabad",14999
UTL008848,عائشہ خان,90891-7525478-2,Bilal خان,1987-06-12,"H-08848, Malir, Karachi",4017
UTL008849,Ahmad Khan,74834-3807354-2,,1960-07-14,"H-08849, Malir, Karachi",5144
UTL008850,حرا Butt,,Faisal Bhatti,1979-07-27,"H-08850, Chaklala, Rawalpindi",7149
UTL008851,Mohammed Hamza Khan,32333-3651267-5,Hussein خان,1984-01-15,"H-08851, E-11, Islamabad",18141
UTL008852,Faisal Raja,,,1992-01-13,"H-08852, Model Town, Lahore",3506
UTL008853,Faysal Qureshi,95441-2447099-4,Muhammad Hasan قریشی,1957-09-24,"H-08853, Madina Town, Faisalabad",56257
UTL008854,Ahmed Awan,70720-9226261-9,علی اعوان,1977-02-20,"H-08854, F-8, Islamabad",27269
UTL008855,حرا شیخ,33224-2544816-5,عمران شیخ,1959-05-16,"H-08855, Satellite Town, Rawalpindi",34708
UTL008856,فاطمہ اعوان,30955-8558580-5,Ahmed اعوان,1968-02-26,"H-08856, G-10, Islamabad",9487
UTL008857,Ahmad Khan,24893-7999597-3,Ahmed خان,1969-02-04,"H-08857, Malir, Karachi",18781
UTL008858,Marium Awan,19555-4844027-3,,1958-05-05,"H-08858, Saddar, Rawalpindi",8362
UTL008859,حسن Moghul,,بلال Moghul,1981-03-01,"H-08859, Satellite Town, Rawalpindi",18661
UTL008860,Ali مغل,,Faysal Moghul,1986-03-17,"H-08860, Chaklala, Rawalpindi",26831
UTL008861,Faisal Malik,,Imran ملک,1977-11-12,"H-08861, Satellite Town, Rawalpindi",51958
UTL008862,Mohammad Faysal Butt,,عمران Butt,1963-05-25,"H-08862, Malir, Karachi",27595
UTL008863,عثمان Malick,73902-5452062-6,Hasan ملک,2003-05-19,"H-08863, Bahria Town, Islamabad",177210
UTL008864,Hamza Bhatti,26451-7250724-2,Osman Butt,1982-01-17,"H-08864, Peoples Colony, Faisalabad",8468
UTL008865,Mohammad Hamzah Malick,61624-4493598-3,Bilal Malick,2002-07-04,"H-08865, Malir, Karachi",14496
UTL008866,عثمان Malik,,Mohammed Imran Malik,1971-02-06,"H-08866, Bahria Town, Islamabad",65419
UTL008867,عمران Qureshi,12616-1379740-1,Mohammed Faisal Quraishi,1990-04-13,"H-08867, F-8, Islamabad",51520
UTL008868,عائشہ خان,88255-5998474-5,Usman Khan,2003-02-14,"H-08868, Bahria Town, Islamabad",69636
UTL008869,حرا Moghul,,Mohammad Hassan Moghul,1965-12-18,"H-08869, Bahria Town, Islamabad",237777
UTL008870,Faysal قریشی,73268-2890624-7,Muhammad Usman قریشی,1989-05-22,"H-08870, G-10, Islamabad",25632
UTL008871,Sana Raja,14222-1438866-9,Mohammed راجہ,2003-11-10,"H-08871, DHA, Karachi",9295
UTL008872,عائشہ مغل,34182-3905666-1,Muhammad Hamza Moghul,1973-08-16,"H-08872, Satellite Town, Rawalpindi",27763
UTL008873,Hassan سید,21542-2851082-7,Faysal Sayyid,,"H-08873, Satellite Town, Rawalpindi",7773
UTL008874,مریم اعوان,71755-2784597-8,Mohammad Hamza اعوان,1962-09-26,"H-08874, Gulshan-e-Iqbal, Karachi",20564
UTL008875,Muhammed حمزہ Qureshi,52852-6048457-5,فیصل Qureshi,1979-02-22,"H-08875, Peoples Colony, Faisalabad",8616
UTL008876,Ali Awan,,حسین اعوان,1988-12-17,"H-08876, Madina Town, Faisalabad",7992
UTL008877,Ahmad Chaudhary,65188-3707832-1,Hasan Ch.,1986-10-13,"H-08877, Bahria Town, Rawalpindi",8997
UTL008878,Ahmed Awan,51270-6749174-5,Muhammad Bilal Awan,1969-07-19,"H-08878, Bahria Town, Rawalpindi",4974
UTL008879,Mohammed Husain خان,,Muhammad خان,1965-07-04,"H-08879, Gulberg, Lahore",23938
UTL008880,Mariam Malick,52144-4059426-3,Hassan Malik,1960-10-01,"H-08880, Clifton, Karachi",14234
UTL008881,عائشہ Malik,97070-4961777-8,Faisal Malik,1974-09-01,"H-08881, Clifton, Karachi",21508
UTL008882,Muhammed ملک,25113-8123552-2,Ali ملک,1981-01-22,"H-08882, Madina Town, Faisalabad",32367
UTL008883,Faisal Raja,77753-8337730-7,Bilal Raja,1980-08-10,"H-08883, F-7, Islamabad",15098
UTL008884,Muhammad Ahmed Ch.,,,,"H-08884, Bahria Town, Islamabad",156734
UTL008885,Hamza Awan,31630-7810014-8,,2003-07-06,"H-08885, Bahria Town, Rawalpindi",6159
UTL008886,Bilal Malick,60994-6734154-0,,1966-06-23,"H-08886, DHA, Karachi",45654
UTL008887,Maryam Awan,,Mohammed Faysal اعوان,1991-07-25,"H-08887, G-10, Islamabad",15813
UTL008888,Osman Syed,82224-4652154-7,Muhammad فیصل Syed,2001-06-06,"H-08888, Model Town, Lahore",84276
UTL008889,Hira ملک,58404-1068364-3,Hassan Malick,1976-08-23,"H-08889, Chaklala, Rawalpindi",8845
UTL008890,Bilal Sayed,61387-5728252-6,علی Sayyid,1966-01-11,"H-08890, Madina Town, Faisalabad",53228
UTL008891,Usman Mughal,,Hamzah Mughal,1978-03-08,"H-08891, Jaranwala Road, Faisalabad",8996
UTL008892,Hasan Moghul,22344-1423722-2,Muhammed Bilal Mughal,,"H-08892, DHA, Lahore",66355
UTL008893,عمران شیخ,33568-3691068-9,Faisal شیخ,1959-12-28,"H-08893, F-8, Islamabad",15238
UTL008894,Muhammad Khan,29322-1527787-7,,1967-12-10,"H-08894, Model Town, Lahore",6101
UTL008895,عمران Sayed,26809-7001010-6,Hassan سید,1983-12-19,"H-08895, Peoples Colony, Faisalabad",107310
UTL008896,Imran Raja,,Faisal راجہ,2001-07-12,"H-08896, Gulshan-e-Iqbal, Karachi",21570
UTL008897,عمران Mughal,98112-5857402-7,علی مغل,1969-03-08,"H-08897, Clifton, Karachi",18172
UTL008898,Marium مغل,91486-9655788-0,بلال مغل,1988-03-03,"H-08898, Cantt, Lahore",6358
UTL008899,Ahmad Awan,25993-7076904-9,,1959-07-10,"H-08899, North Nazimabad, Karachi",3676
UTL008900,حمزہ Raja,56869-1407327-7,,1958-11-01,"H-08900, North Nazimabad, Karachi",9936
UTL008901,Ahmed Qureshi,28892-2578113-9,بلال Quraishi,1994-04-18,"H-08901, Bahria Town, Rawalpindi",101110
UTL008902,Ahmad خان,21587-9755376-5,عمران خان,1965-12-08,"H-08902, Model Town, Lahore",8702
UTL008903,عمران Bhatti,77850-5558057-2,Muhammad حمزہ بٹ,1965-02-21,"H-08903, Satellite Town, Rawalpindi",7743
UTL008904,Osman خان,39015-3814824-0,Mohammad عمران خان,1960-06-27,"H-08904, Chaklala, Rawalpindi",78534
UTL008905,Fatima Bhatti,96214-4314526-3,عثمان بٹ,1984-05-21,"H-08905, DHA, Karachi",14652
UTL008906,Zainab Shaykh,,Muhammed شیخ,1972-11-11,"H-08906, Gulshan-e-Iqbal, Karachi",11041
UTL008907,Mohammad فیصل Sheikh,86081-4536799-0,Othman Shaykh,,"H-08907, Jaranwala Road, Faisalabad",67274
UTL008908,Ali ملک,62626-3575605-0,,1978-05-06,"H-08908, Cantt, Lahore",54697
UTL008909,Mohammed اعوان,21352-6741568-6,Mohammed Ahmed اعوان,1980-12-25,"H-08909, Madina Town, Faisalabad",24384
UTL008910,Mohammed Hassan Malik,75972-1611485-3,,1987-03-04,"H-08910, Peoples Colony, Faisalabad",95605
UTL008911,حمزہ اعوان,14584-9391821-4,بلال اعوان,1989-05-22,"H-08911, Madina Town, Faisalabad",26871
UTL008912,ثناء چوہدری,81805-5977975-6,,1979-11-09,"H-08912, DHA, Karachi",63749
UTL008913,Hasan Shaikh,42935-6429340-4,Muhammed Ahmed Shaikh,2000-10-03,"H-08913, G-10, Islamabad",61796
UTL008914,Mohammed Usman بٹ,68110-3373849-6,Mohammad احمد بٹ,1990-04-05,"H-08914, Gulberg, Lahore",22096
UTL008915,Osman مغل,75929-7261920-1,Mohammed Mughal,2003-02-15,"H-08915, Jaranwala Road, Faisalabad",16635
UTL008916,Mariam Shaikh,71676-4182136-7,Ali Shaykh,2000-12-04,"H-08916, Chaklala, Rawalpindi",11715
UTL008917,حرا اعوان,90812-7043552-0,عمران اعوان,1972-12-23,"H-08917, Model Town, Lahore",6652
UTL008918,Zaynab سید,15043-2918023-7,Mohammad Husain Sayed,1955-10-13,"H-08918, Satellite Town, Rawalpindi",285576
UTL008919,Hassan Bhatti,,Muhammed Ahmad بٹ,1976-02-23,"H-08919, Bahria Town, Rawalpindi",9411
UTL008920,Mohammed مغل,68631-7978200-0,Mohammad مغل,1994-04-20,"H-08920, Malir, Karachi",15008
UTL008921,Sana Sayed,,عثمان سید,1974-05-03,"H-08921, DHA, Karachi",70871
UTL008922,Imran Malick,99318-1916487-4,Muhammed Ali Malik,2001-02-10,"H-08922, Cantt, Lahore",9966
UTL008923,Ahmad Awan,37240-9814437-3,بلال اعوان,1960-03-23,"H-08923, Bahria Town, Islamabad",10784
UTL008924,Mohammad Hamzah بٹ,,حسین Bhatti,1981-12-08,"H-08924, Madina Town, Faisalabad",59507
UTL008925,Zaynab چوہدری,52139-9367044-6,محمد Chaudhry,1978-05-02,"H-08925, F-8, Islamabad",149783
UTL008926,Muhammed Hassan قریشی,42834-4190868-3,Imran قریشی,1997-05-04,"H-08926, Cantt, Lahore",28580
UTL008927,Bilal Chaudhary,70188-5724208-5,احمد Chaudhary,1977-11-20,"H-08927, Saddar, Rawalpindi",8155
UTL008928,Hamzah Chaudhary,87022-7084861-1,حسین Chaudhry,1983-07-05,"H-08928, Malir, Karachi",5008
UTL008929,Mariam Quraishi,22491-7913054-6,Muhammad Quraishi,1960-11-20,"H-08929, Malir, Karachi",32139
UTL008930,Bilal چوہدری,34866-1827835-4,Mohammed عمران Chaudhary,1963-02-26,"H-08930, Saddar, Rawalpindi",11506
UTL008931,Imran Moghul,49576-9156231-5,,1992-01-21,"H-08931, Johar Town, Lahore",85238
UTL008932,علی Khan,21732-6667720-2,Ahmed خان,1976-10-11,"H-08932, Jaranwala Road, Faisalabad",13014
UTL008933,Faysal Shaykh,50982-6903544-3,Muhammed علی شیخ,,"H-08933, Cantt, Lahore",36320
UTL008934,زینب بٹ,,,1980-07-19,"H-08934, Gulshan-e-Iqbal, Karachi",4133
UTL008935,احمد راجہ,60397-1780400-6,Husain راجہ,,"H-08935, F-8, Islamabad",7747
UTL008936,Hamza بٹ,,Mohammed Bhatti,1955-04-25,"H-08936, Model Town, Lahore",16932
UTL008937,Hussain خان,88104-6744896-6,علی Khan,1976-09-20,"H-08937, Jaranwala Road, Faisalabad",44799
UTL008938,عثمان قریشی,91362-1768197-5,Osman قریشی,,"H-08938, DHA, Lahore",22772
UTL008939,Muhammed عمران Raja,59497-5261802-4,Imran راجہ,2003-06-25,"H-08939, F-8, Islamabad",183322
UTL008940,Muhammad Hamzah Sheikh,84819-6880125-9,Ahmad Shaykh,1981-10-14,"H-08940, Chaklala, Rawalpindi",19047
UTL008941,Ahmad Malick,46432-1913063-7,,1956-06-06,"H-08941, Gulshan-e-Iqbal, Karachi",88954
UTL008942,Usman Mughal,,حسن مغل,1997-12-15,"H-08942, Clifton, Karachi",5631
UTL008943,Osman Quraishi,68994-6426469-3,علی Quraishi,1982-03-08,"H-08943, Madina Town, Faisalabad",20680
UTL008944,حرا Malik,51904-2990475-9,Faisal ملک,1994-11-08,"H-08944, Johar Town, Lahore",4564
UTL008945,Ahmed سید,85664-7922324-7,Mohammed Faisal Sayed,1978-07-03,"H-08945, Model Town, Lahore",12773
UTL008946,Mohammad احمد خان,83236-5318757-8,Muhammad حمزہ خان,,"H-08946, Gulberg, Lahore",11862
UTL008947,Muhammed Hamza اعوان,14149-5032361-2,Mohammed حسین اعوان,1985-02-15,"H-08947, Saddar, Rawalpindi",29077
UTL008948,Imran Sayyid,,Hasan سید,1976-02-14,"H-08948, North Nazimabad, Karachi",115073
UTL008949,Othman Awan,49943-9363938-5,عمران اعوان,,"H-08949, Bahria Town, Rawalpindi",15093
UTL008950,Fatema Ch.,76673-4735434-3,Usman Choudhary,1966-09-01,"H-08950, Saddar, Rawalpindi",12947
UTL008951,مریم مغل,44233-8528101-0,بلال مغل,1978-03-28,"H-08951, Malir, Karachi",26079
UTL008952,Sana Syed,,Muhammad Syed,1967-12-20,"H-08952, Clifton, Karachi",17678
UTL008953,Mohammad Ahmed Sayyid,75709-2441462-1,,1980-10-09,"H-08953, Gulshan-e-Iqbal, Karachi",23617
UTL008954,Marium Chaudhry,65266-7231422-0,Muhammad Ch.,1974-01-04,"H-08954, North Nazimabad, Karachi",7302
UTL008955,Muhammad Hamzah مغل,25771-5584538-1,Mohammad Husain مغل,1956-07-03,"H-08955, Bahria Town, Rawalpindi",300461
UTL008956,Ahmad بٹ,21691-4955035-0,Hasan بٹ,1988-10-16,"H-08956, Model Town, Lahore",21967
UTL008957,بلال Qureshi,69293-6517383-4,Mohammed Qureshi,1981-12-08,"H-08957, DHA, Karachi",22640
UTL008958,Mohammad Usman Quraishi,85308-8797395-2,Muhammed Bilal Quraishi,1968-02-15,"H-08958, DHA, Karachi",7552
UTL008959,فاطمہ Khan,94001-6892527-1,Faysal Khan,1973-10-27,"H-08959, Chaklala, Rawalpindi",10030
UTL008960,Bilal Shaykh,66374-2580681-3,Imran Sheikh,1980-08-21,"H-08960, Clifton, Karachi",217183
UTL008961,Ali Raja,82593-8454017-0,حسین راجہ,1978-01-23,"H-08961, DHA, Lahore",14087
UTL008962,Mohammed Ch.,,حسین Choudhary,1984-06-23,"H-08962, E-11, Islamabad",41402
UTL008963,فیصل Ch.,18791-8299141-9,Bilal Choudhary,1978-01-25,"H-08963, Gulberg, Lahore",17804
UTL008964,Mohammad Osman Shaykh,11155-1731757-8,بلال Shaikh,1984-07-23,"H-08964, Saddar, Rawalpindi",8551
UTL008965,Imran راجہ,,Faisal راجہ,1961-11-03,"H-08965, Model Town, Lahore",33699
UTL008966,احمد Khan,42291-1788619-7,Imran Khan,1969-12-01,"H-08966, Bahria Town, Islamabad",4150
UTL008967,Hamzah Awan,80288-4583380-0,Hamzah Awan,1977-12-27,"H-08967, G-10, Islamabad",9374
UTL008968,عمران Qureshi,38563-3007992-3,Mohammad عمران قریشی,1984-01-09,"H-08968, Madina Town, Faisalabad",44666
UTL008969,Muhammed Ahmed Quraishi,14730-8438790-8,Mohammad حمزہ Qureshi,1963-11-05,"H-08969, Peoples Colony, Faisalabad",40337
UTL008970,Hussain Khan,92348-7828564-5,Ahmed خان,1959-12-20,"H-08970, Madina Town, Faisalabad",12917
UTL008971,Hasan Malik,94022-1492365-3,Hassan Malik,1992-12-01,"H-08971, E-11, Islamabad",28438
UTL008972,عثمان Sayed,56329-5914103-6,Hussein Sayyid,,"H-08972, Satellite Town, Rawalpindi",53947
UTL008973,Hira Sheikh,,حمزہ Shaikh,,"H-08973, Satellite Town, Rawalpindi",11696
UTL008974,علی Khan,68952-1681919-8,Hussain Khan,1955-06-18,"H-08974, Chaklala, Rawalpindi",21003
UTL008975,Fatima Awan,91657-2943213-2,Mohammed اعوان,1997-03-03,"H-08975, G-10, Islamabad",13405
UTL008976,فیصل ملک,52178-8432252-4,Faysal Malik,1965-03-05,"H-08976, Satellite Town, Rawalpindi",13034
UTL008977,Hussein Malick,45400-7273464-7,حسین Malik,1996-07-14,"H-08977, Satellite Town, Rawalpindi",28501
UTL008978,Muhammed Othman Quraishi,72578-3251791-8,فیصل Qureshi,1966-05-22,"H-08978, Bahria Town, Islamabad",25564
UTL008979,زینب Sayed,75004-6569980-0,عمران Syed,1988-03-27,"H-08979, Chaklala, Rawalpindi",29519
UTL008980,بلال Qureshi,16692-4499663-1,Ahmad Quraishi,1990-12-08,"H-08980, Saddar, Rawalpindi",30906
UTL008981,احمد Awan,94265-2888973-3,Hussein اعوان,1990-03-16,"H-08981, G-10, Islamabad",3864
UTL008982,Hira Sayyid,86718-6010148-1,Muhammad Hamza Syed,1955-08-27,"H-08982, Jaranwala Road, Faisalabad",7444
UTL008983,Faisal اعوان,11146-9254399-8,Ali Awan,1998-10-19,"H-08983, Chaklala, Rawalpindi",25110
UTL008984,مریم Malick,15397-7182429-0,,1981-05-22,"H-08984, Model Town, Lahore",7189
UTL008985,Fatimah Ch.,,Muhammad بلال Chaudhry,,"H-08985, Jaranwala Road, Faisalabad",13030
UTL008986,Bilal Bhatti,30949-2977189-8,Mohammad بٹ,1990-02-21,"H-08986, Gulberg, Lahore",37933
UTL008987,Maryam Raja,66867-6205775-8,Bilal Raja,1955-12-08,"H-08987, North Nazimabad, Karachi",444975
UTL008988,Ali چوہدری,69233-3815635-7,Faysal Chaudhary,1955-09-25,"H-08988, Bahria Town, Islamabad",8386
UTL008989,حمزہ Khan,46929-4067775-9,Imran خان,1979-01-06,"H-08989, Madina Town, Faisalabad",10598
UTL008990,Faisal چوہدری,42283-4546157-0,,2002-07-17,"H-08990, F-8, Islamabad",5055
UTL008991,احمد Khan,18602-1631057-3,,1955-09-21,"H-08991, Gulberg, Lahore",24526
UTL008992,Mohammed Bilal بٹ,39899-4230123-6,Husain Bhatti,1958-12-05,"H-08992, Madina Town, Faisalabad",14480
UTL008993,Mohammad حمزہ مغل,,Mohammed Ali Moghul,2001-04-26,"H-08993, DHA, Karachi",13077
UTL008994,Bilal Awan,62962-3314487-4,عمران Awan,1998-08-17,"H-08994, F-8, Islamabad",21780
UTL008995,Aisha شیخ,48690-2496713-7,Bilal Shaykh,1957-07-14,"H-08995, Peoples Colony, Faisalabad",13376
UTL008996,Ali خان,72000-4437470-8,Faysal خان,1993-03-03,"H-08996, DHA, Karachi",28040
UTL008997,Faisal Malik,36598-2953292-3,Husain ملک,1965-11-28,"H-08997, Jaranwala Road, Faisalabad",32968
UTL008998,محمد Sayyid,,علی سید,1970-12-28,"H-08998, DHA, Karachi",13437
UTL008999,محمد Malick,71132-4822212-5,,1973-07-05,"H-08999, Bahria Town, Islamabad",17643
UTL009000,حرا Bhatti,51308-2725416-7,احمد Butt,,"H-09000, DHA, Karachi",18203
UTL009001,Othman Malik,12519-5027649-5,بلال Malik,1968-01-24,"H-09001, G-10, Islamabad",19270
UTL009002,احمد سید,80567-9159429-6,,1972-07-17,"H-09002, Bahria Town, Islamabad",10468
UTL009003,Bilal Sheikh,48152-7073858-9,Mohammed حسن Sheikh,2002-01-20,"H-09003, F-7, Islamabad",29119
UTL009004,عمران راجہ,29634-2102765-1,Mohammad راجہ,,"H-09004, Model Town, Lahore",3953
UTL009005,بلال Malik,60940-4330366-3,Bilal Malick,1972-06-21,"H-09005, Peoples Colony, Faisalabad",56536
UTL009006,Muhammad Mughal,,Mohammed Imran مغل,1960-09-14,"H-09006, Model Town, Lahore",10358
UTL009007,Bilal Shaikh,,Ali Sheikh,1964-08-16,"H-09007, F-7, Islamabad",24303
UTL009008,Muhammad شیخ,23438-2029328-8,Ahmad Sheikh,1962-02-19,"H-09008, DHA, Lahore",3607
UTL009009,Mohammed Khan,24920-8264031-5,بلال Khan,2000-09-11,"H-09009, North Nazimabad, Karachi",11906
UTL009010,حسین Bhatti,25901-4036697-7,Mohammad حمزہ بٹ,,"H-09010, Satellite Town, Rawalpindi",7307
UTL009011,بلال Awan,54779-4327392-7,Mohammed Bilal Awan,1989-04-25,"H-09011, Jaranwala Road, Faisalabad",11317
UTL009012,بلال Shaikh,72007-7857694-9,حسن شیخ,,"H-09012, DHA, Lahore",6630
UTL009013,Mohammad Mughal,72231-3979392-3,Bilal Moghul,2002-06-17,"H-09013, Jaranwala Road, Faisalabad",15457
UTL009014,مریم راجہ,41779-5387093-0,,1995-03-05,"H-09014, Saddar, Rawalpindi",9426
UTL009015,Muhammad Ali ملک,,عثمان ملک,2000-08-17,"H-09015, Clifton, Karachi",259227
UTL009016,Mohammed Shaykh,96615-1096225-9,حسین شیخ,1955-09-16,"H-09016, Chaklala, Rawalpindi",9538
UTL009017,Hira Qureshi,83131-4001359-5,Mohammed قریشی,1982-07-02,"H-09017, Madina Town, Faisalabad",27634
UTL009018,بلال اعوان,29829-7686370-8,محمد Awan,1968-12-28,"H-09018, Jaranwala Road, Faisalabad",12683
UTL009019,Ahmad Awan,57776-4567208-9,Hasan Awan,1999-05-12,"H-09019, G-10, Islamabad",58690
UTL009020,Hasan Chaudhry,18849-7171257-7,Ali Ch.,1988-02-06,"H-09020, Chaklala, Rawalpindi",15431
UTL009021,Zaynab راجہ,,Mohammad حسین راجہ,1964-12-27,"H-09021, Satellite Town, Rawalpindi",312300
UTL009022,عمران راجہ,,Muhammed Ahmad راجہ,1955-02-06,"H-09022, Johar Town, Lahore",12893
UTL009023,Hussein Shaikh,55920-6799303-9,Ali Sheikh,1980-12-21,"H-09023, Bahria Town, Islamabad",54282
UTL009024,Bilal Mughal,,فیصل Mughal,1986-12-04,"H-09024, E-11, Islamabad",3769
UTL009025,Sana Malik,83110-2439411-6,,1977-10-18,"H-09025, Model Town, Lahore",4949
UTL009026,Hamzah Malik,58276-6285988-5,Muhammed Husain Malick,1958-12-22,"H-09026, North Nazimabad, Karachi",39874
UTL009027,Hussein راجہ,90334-2168046-8,,1994-07-08,"H-09027, Satellite Town, Rawalpindi",15785
UTL009028,Ahmad Sayed,59724-4094967-2,Muhammad Bilal Sayed,1986-12-19,"H-09028, Johar Town, Lahore",8242
UTL009029,بلال Sayyid,,احمد Sayed,1983-11-09,"H-09029, North Nazimabad, Karachi",19691
UTL009030,Muhammed Hasan Chaudhary,63509-1457392-8,Bilal Chaudhry,1966-03-14,"H-09030, Madina Town, Faisalabad",9852
UTL009031,Aisha Mughal,14889-2370842-6,,1982-01-28,"H-09031, DHA, Karachi",98126
UTL009032,فیصل Ch.,57147-1799877-9,Muhammad Ch.,1968-09-06,"H-09032, Madina Town, Faisalabad",65506
UTL009033,فاطمہ قریشی,,Muhammad احمد Quraishi,,"H-09033, DHA, Karachi",5998
UTL009034,علی Awan,92799-8908011-0,Hamza اعوان,,"H-09034, Madina Town, Faisalabad",8429
UTL009035,Muhammad Ali Chaudhry,15417-4487050-9,Mohammad Chaudhary,1993-06-02,"H-09035, Johar Town, Lahore",15631
UTL009036,Hamza Malik,,Faysal Malik,1961-10-18,"H-09036, DHA, Karachi",147620
UTL009037,عائشہ Choudhary,26029-5578392-0,Imran Ch.,1963-10-12,"H-09037, Bahria Town, Rawalpindi",21076
UTL009038,بلال Khan,25294-5037047-3,حمزہ خان,2002-06-11,"H-09038, Chaklala, Rawalpindi",10541
UTL009039,Mohammad علی Awan,34582-7553026-9,,1959-10-27,"H-09039, Saddar, Rawalpindi",14057
UTL009040,Ahmed Ch.,39082-1525233-6,Hasan Chaudhary,1968-07-25,"H-09040, F-7, Islamabad",77230
UTL009041,Faysal Choudhary,60094-4913768-0,Hussain Choudhary,1971-12-13,"H-09041, Jaranwala Road, Faisalabad",4825
UTL009042,Fatema Awan,70270-9376406-0,Ali اعوان,1975-04-17,"H-09042, Clifton, Karachi",22584
UTL009043,عمران Mughal,23403-9654217-4,حمزہ مغل,2003-05-13,"H-09043, Satellite Town, Rawalpindi",9577
UTL009044,Zainab خان,92706-4378540-6,,1993-04-13,"H-09044, F-7, Islamabad",10275
UTL009045,Ahmed اعوان,14145-3076668-2,Imran Awan,,"H-09045, Chaklala, Rawalpindi",6723
UTL009046,فاطمہ Malick,28892-3138378-7,Bilal Malick,1972-03-11,"H-09046, DHA, Lahore",44737
UTL009047,Mariam Choudhary,99533-5249434-1,Muhammad Hasan چوہدری,1996-02-06,"H-09047, Madina Town, Faisalabad",17662
UTL009048,Hamzah Bhatti,72378-2535939-6,محمد Bhatti,1968-12-11,"H-09048, Satellite Town, Rawalpindi",60412
UTL009049,Muhammad Othman بٹ,31624-9663301-8,عثمان Butt,1999-02-10,"H-09049, Bahria Town, Rawalpindi",23924
UTL009050,Faisal Sheikh,59916-7230480-7,Ahmed شیخ,1960-10-27,"H-09050, Chaklala, Rawalpindi",17890
UTL009051,عمران Awan,20721-4420427-3,Muhammad Usman اعوان,1995-01-13,"H-09051, Madina Town, Faisalabad",10080
UTL009052,Ali Chaudhry,,بلال Choudhary,1983-09-16,"H-09052, Bahria Town, Islamabad",99180
UTL009053,Muhammed Ali Awan,38981-1791095-7,,1975-08-09,"H-09053, Peoples Colony, Faisalabad",39884
UTL009054,ثناء Chaudhary,55756-4382839-6,Ahmad چوہدری,1956-06-03,"H-09054, G-10, Islamabad",24507
UTL009055,عثمان قریشی,40963-6210481-1,Osman قریشی,1977-06-04,"H-09055, Malir, Karachi",41214
UTL009056,Ali مغل,31424-3815562-1,Bilal مغل,1976-02-28,"H-09056, Chaklala, Rawalpindi",17314
UTL009057,Muhammad Awan,57380-1066179-7,Ali Awan,1969-09-21,"H-09057, F-7, Islamabad",64541
UTL009058,Ali Raja,,حسن راجہ,2002-01-27,"H-09058, Chaklala, Rawalpindi",24069
UTL009059,Mohammad علی Khan,11580-5136871-1,Mohammad حسین خان,1964-02-02,"H-09059, Saddar, Rawalpindi",6388
UTL009060,حسن Moghul,,Bilal Moghul,1958-11-08,"H-09060, Gulshan-e-Iqbal, Karachi",19945
UTL009061,Hamzah Khan,79366-5090930-5,,1982-08-11,"H-09061, G-10, Islamabad",19173
UTL009062,بلال Malik,46450-8723346-3,Husain ملک,2002-04-05,"H-09062, Satellite Town, Rawalpindi",25750
UTL009063,Muhammed Faisal شیخ,77861-3772681-5,Muhammad Shaikh,2002-01-23,"H-09063, Cantt, Lahore",7479
UTL009064,Fatima Sayed,45829-6674545-7,Imran Syed,1995-10-13,"H-09064, Saddar, Rawalpindi",5463
UTL009065,مریم اعوان,12651-5592498-1,بلال Awan,2000-03-13,"H-09065, Gulshan-e-Iqbal, Karachi",6042
UTL009066,Mohammad Ali قریشی,89908-9636285-3,Ahmad Qureshi,1998-06-01,"H-09066, F-8, Islamabad",108992
UTL009067,Hira Syed,,علی Sayed,1979-03-27,"H-09067, DHA, Lahore",66147
UTL009068,Fatema Awan,77096-5529577-6,Faisal اعوان,1980-03-12,"H-09068, E-11, Islamabad",30484
UTL009069,Mohammed علی Bhatti,,علی بٹ,1998-05-08,"H-09069, Gulshan-e-Iqbal, Karachi",38859
UTL009070,فیصل Qureshi,26467-3034621-9,Muhammed Qureshi,1972-07-14,"H-09070, Madina Town, Faisalabad",7151
UTL009071,Imran Awan,29127-4858822-1,Husain اعوان,1991-10-12,"H-09071, Madina Town, Faisalabad",5175
UTL009072,Muhammad بلال قریشی,,بلال Qureshi,1965-09-08,"H-09072, Saddar, Rawalpindi",9155
UTL009073,Ahmad شیخ,82306-6993578-2,Mohammad Shaikh,,"H-09073, Model Town, Lahore",81066
UTL009074,زینب Khan,82078-1322581-8,Usman Khan,1993-11-20,"H-09074, Chaklala, Rawalpindi",32153
UTL009075,عمران Raja,,Mohammad Bilal Raja,1985-12-05,"H-09075, Model Town, Lahore",15579
UTL009076,Mohammed Hasan Mughal,53806-4813411-5,,1966-03-11,"H-09076, F-7, Islamabad",11087
UTL009077,Hassan Syed,76397-1334692-5,Usman Sayyid,1965-01-21,"H-09077, Chaklala, Rawalpindi",5537
UTL009078,Ahmed Moghul,,Mohammad مغل,1962-02-21,"H-09078, Satellite Town, Rawalpindi",33712
UTL009079,Ali راجہ,77557-7456695-5,,1974-01-05,"H-09079, North Nazimabad, Karachi",5037
UTL009080,Ayesha Butt,13023-2661680-2,Osman Bhatti,1979-10-21,"H-09080, Johar Town, Lahore",6143
UTL009081,Fatimah Malik,,Hussain ملک,1960-12-09,"H-09081, Satellite Town, Rawalpindi",26141
UTL009082,حمزہ Raja,,Mohammed Bilal راجہ,1974-05-20,"H-09082, Gulshan-e-Iqbal, Karachi",31315
UTL009083,محمد Awan,,فیصل Awan,,"H-09083, Peoples Colony, Faisalabad",4430
UTL009084,حسین Awan,96406-6007822-6,Muhammed Faysal Awan,1996-01-05,"H-09084, Saddar, Rawalpindi",11743
UTL009085,Ali ملک,,,1955-08-21,"H-09085, Chaklala, Rawalpindi",7269
UTL009086,Imran شیخ,59087-9275528-0,علی Sheikh,1979-06-18,"H-09086, Clifton, Karachi",5424
UTL009087,Zainab راجہ,77870-8391397-8,Othman Raja,,"H-09087, Bahria Town, Rawalpindi",6307
UTL009088,Mariam Moghul,80756-2950667-9,بلال Mughal,1981-09-10,"H-09088, Model Town, Lahore",5722
UTL009089,Mohammed Hassan Mughal,32294-4157715-5,بلال Mughal,1968-01-20,"H-09089, Clifton, Karachi",22329
UTL009090,فیصل اعوان,,Muhammed اعوان,2001-07-24,"H-09090, Madina Town, Faisalabad",57979
UTL009091,Mohammed Ahmad Mughal,35633-4774166-2,Hussein Moghul,2001-11-28,"H-09091, Jaranwala Road, Faisalabad",28942
UTL009092,حسن Syed,37056-2154557-2,Muhammed عمران Syed,1987-03-22,"H-09092, Jaranwala Road, Faisalabad",25280
UTL009093,Mohammed علی خان,14207-9650987-3,Hussain خان,1974-08-10,"H-09093, G-10, Islamabad",7204
UTL009094,Sana Chaudhary,,,1962-12-07,"H-09094, Madina Town, Faisalabad",16477
UTL009095,حسین Raja,32902-4576692-4,Ali Raja,1964-12-07,"H-09095, G-10, Islamabad",27146
UTL009096,Bilal Awan,35596-7961120-9,Muhammed اعوان,,"H-09096, DHA, Karachi",18599
UTL009097,Mohammad Hamzah Shaykh,63489-9414544-4,Hussain Sheikh,1984-11-08,"H-09097, F-7, Islamabad",7543
UTL009098,Sana Sheikh,,Osman Sheikh,1981-04-06,"H-09098, E-11, Islamabad",8965
UTL009099,Usman Shaykh,93071-2680960-4,حمزہ شیخ,1992-01-18,"H-09099, North Nazimabad, Karachi",13194
UTL009100,فیصل شیخ,32161-3729557-7,احمد شیخ,1983-03-10,"H-09100, North Nazimabad, Karachi",7294
UTL009101,حسن قریشی,68684-2110903-6,Mohammed قریشی,1958-06-07,"H-09101, Madina Town, Faisalabad",30616
UTL009102,Osman سید,33711-4166359-8,Muhammad Osman Syed,1997-01-19,"H-09102, DHA, Lahore",14401
UTL009103,Mohammad Ahmed خان,67080-8663177-8,Imran خان,1958-07-05,"H-09103, Bahria Town, Islamabad",6675
UTL009104,Imran اعوان,44665-3662654-2,محمد اعوان,1968-08-16,"H-09104, Bahria Town, Rawalpindi",42346
UTL009105,Ahmed Awan,,Hamzah Awan,1977-10-12,"H-09105, Malir, Karachi",28136
UTL009106,Muhammed Ali Malik,35053-3337907-3,Hamza ملک,1970-11-20,"H-09106, E-11, Islamabad",31492
UTL009107,مریم Sheikh,,Muhammad Hasan شیخ,1962-01-21,"H-09107, Saddar, Rawalpindi",7306
UTL009108,حسین بٹ,44824-6880395-2,حسن بٹ,1983-11-14,"H-09108, G-10, Islamabad",19992
UTL009109,ثناء Chaudhry,87479-9316260-1,Ali Chaudhry,1977-02-13,"H-09109, North Nazimabad, Karachi",203715
UTL009110,زینب Chaudhary,44428-1744845-9,Ali Ch.,1968-01-04,"H-09110, G-10, Islamabad",13946
UTL009111,Ayisha Raja,93192-4617900-0,Muhammed راجہ,1983-02-10,"H-09111, Jaranwala Road, Faisalabad",7007
UTL009112,Marium Malick,12842-5293199-5,Mohammad عمران ملک,1981-06-20,"H-09112, Satellite Town, Rawalpindi",10938
UTL009113,حسین بٹ,28722-7752559-0,فیصل Bhatti,2003-04-01,"H-09113, Saddar, Rawalpindi",10243
UTL009114,Hasan Chaudhry,10583-5745132-7,Hussain Chaudhry,1990-04-10,"H-09114, E-11, Islamabad",7119
UTL009115,زینب اعوان,44861-3898632-6,Mohammad Hamzah اعوان,1962-11-08,"H-09115, E-11, Islamabad",10932
UTL009116,Ahmed Quraishi,77398-4709082-4,,1974-02-03,"H-09116, Saddar, Rawalpindi",7687
UTL009117,Imran Raja,43971-1295108-6,Othman Raja,1980-11-14,"H-09117, Bahria Town, Rawalpindi",17182
UTL009118,Muhammad Moghul,11929-2222814-2,Muhammed بلال Moghul,1981-01-24,"H-09118, Cantt, Lahore",22869
UTL009119,Hussain Bhatti,,Ahmed Butt,1973-06-21,"H-09119, North Nazimabad, Karachi",6711
UTL009120,Muhammad Moghul,46973-4044002-3,Hassan Moghul,1962-01-15,"H-09120, Gulshan-e-Iqbal, Karachi",10240
UTL009121,Muhammad Ali Awan,85052-9011417-2,عمران اعوان,1961-01-20,"H-09121, Madina Town, Faisalabad",5032
UTL009122,محمد Chaudhry,,Hassan چوہدری,1971-05-08,"H-09122, Johar Town, Lahore",15006
UTL009123,حسن مغل,25259-2632292-1,Ali Moghul,1991-08-28,"H-09123, Bahria Town, Islamabad",16457
UTL009124,فاطمہ Khan,53439-9974172-5,Hassan خان,1968-02-22,"H-09124, F-7, Islamabad",7365
UTL009125,Hussein Syed,20980-4307514-0,Muhammed Ahmad Sayed,1955-01-27,"H-09125, Jaranwala Road, Faisalabad",19106
UTL009126,Muhammad عمران Sayed,97548-1926443-3,Bilal سید,1968-11-15,"H-09126, Jaranwala Road, Faisalabad",5879
UTL009127,Ayisha Syed,,Hassan Sayed,1982-07-05,"H-09127, Gulberg, Lahore",18423
UTL009128,Zainab خان,26894-1756903-8,,1996-03-12,"H-09128, Madina Town, Faisalabad",4772
UTL009129,حمزہ Mughal,,Imran Mughal,2000-01-06,"H-09129, Madina Town, Faisalabad",50327
UTL009130,Hussain Malick,69743-7171511-6,,1964-06-14,"H-09130, Jaranwala Road, Faisalabad",7649
UTL009131,احمد Bhatti,72519-9323686-4,,1997-08-04,"H-09131, Johar Town, Lahore",27453
UTL009132,Usman اعوان,12492-9422641-5,Imran اعوان,1965-05-26,"H-09132, Bahria Town, Rawalpindi",4763
UTL009133,Imran Syed,27002-7269081-4,,1980-06-19,"H-09133, Cantt, Lahore",3294
UTL009134,Zaynab Sayyid,,,1990-05-05,"H-09134, Johar Town, Lahore",16844
UTL009135,احمد Ch.,54189-8986126-9,Hamza Chaudhry,1994-11-06,"H-09135, Saddar, Rawalpindi",72767
UTL009136,Hira Shaykh,35692-5396860-3,,1964-12-01,"H-09136, Peoples Colony, Faisalabad",69103
UTL009137,فیصل Bhatti,69642-3503926-8,Ali Bhatti,1979-02-17,"H-09137, G-10, Islamabad",62873
UTL009138,Sana شیخ,55107-9512881-4,فیصل Sheikh,1990-07-01,"H-09138, Bahria Town, Rawalpindi",43550
UTL009139,Muhammed Bilal Sheikh,68369-2187152-4,بلال Shaykh,1986-05-21,"H-09139, DHA, Lahore",7035
UTL009140,Usman Khan,36010-3019659-4,Bilal خان,1965-02-21,"H-09140, Bahria Town, Islamabad",14761
UTL009141,حمزہ Mughal,58621-9795387-1,Ahmed Moghul,1990-07-08,"H-09141, E-11, Islamabad",43265
UTL009142,Hamzah سید,97325-8299699-1,,2001-04-05,"H-09142, Bahria Town, Rawalpindi",34333
UTL009143,Ayesha Bhatti,37659-2393563-8,Hamzah Bhatti,,"H-09143, Bahria Town, Islamabad",15252
UTL009144,Bilal خان,71091-8236852-4,Muhammad فیصل Khan,,"H-09144, Saddar, Rawalpindi",85484
UTL009145,عمران مغل,88650-9309435-0,Mohammed حمزہ Mughal,1956-05-25,"H-09145, G-10, Islamabad",10413
UTL009146,Imran Shaykh,,Mohammed Hamza شیخ,2000-06-19,"H-09146, Clifton, Karachi",27630
UTL009147,Othman Chaudhary,83828-8044187-1,علی Choudhary,1995-12-24,"H-09147, Peoples Colony, Faisalabad",16623
UTL009148,Ali Malick,36030-3222752-8,,1989-12-28,"H-09148, E-11, Islamabad",71438
UTL009149,Fatima Qureshi,94946-4879513-9,,1968-06-02,"H-09149, Jaranwala Road, Faisalabad",25730
UTL009150,Hassan شیخ,,Mohammad بلال Shaykh,1997-02-02,"H-09150, Model Town, Lahore",20242
UTL009151,Zainab بٹ,91615-3329443-0,بلال Butt,1962-02-02,"H-09151, Cantt, Lahore",10508
UTL009152,Zaynab اعوان,91217-6274441-7,,,"H-09152, Madina Town, Faisalabad",13610
UTL009153,Mohammed Shaykh,,Muhammad Hussain Shaykh,2003-04-06,"H-09153, G-10, Islamabad",7881
UTL009154,Fatimah Awan,52636-8209517-7,,1985-01-19,"H-09154, G-10, Islamabad",44243
UTL009155,Hamzah خان,46237-8307035-0,Faisal Khan,1973-06-13,"H-09155, Jaranwala Road, Faisalabad",25775
UTL009156,Muhammed عمران Choudhary,,Osman چوہدری,,"H-09156, DHA, Karachi",8862
UTL009157,Muhammed احمد Malik,30203-5761573-1,,,"H-09157, Madina Town, Faisalabad",10786
UTL009158,فاطمہ بٹ,93362-1867033-4,,1993-01-24,"H-09158, Jaranwala Road, Faisalabad",9987
UTL009159,Mohammad Ali بٹ,34759-7602125-1,بلال Bhatti,1984-03-28,"H-09159, F-7, Islamabad",8565
UTL009160,مریم Sheikh,83481-5165307-2,Hussein Sheikh,1989-04-12,"H-09160, Malir, Karachi",6962
UTL009161,حرا Malik,40507-9604353-7,احمد ملک,1991-02-17,"H-09161, Bahria Town, Rawalpindi",31440
UTL009162,ثناء Choudhary,67189-9565161-7,Bilal Chaudhry,1968-08-15,"H-09162, Gulberg, Lahore",6545
UTL009163,Mohammed بلال ملک,,حسین ملک,1983-08-08,"H-09163, Bahria Town, Rawalpindi",13461
UTL009164,Ali Raja,11378-6797424-0,Faisal Raja,1984-05-27,"H-09164, Madina Town, Faisalabad",4729
UTL009165,Othman Raja,83123-8871509-0,Hamza راجہ,1993-02-20,"H-09165, North Nazimabad, Karachi",74325
UTL009166,عمران راجہ,,Mohammed عثمان Raja,1972-07-15,"H-09166, Model Town, Lahore",11385
UTL009167,Muhammad Ali Malik,33792-2729258-9,Ahmad ملک,1973-04-26,"H-09167, North Nazimabad, Karachi",65353
UTL009168,Ali Khan,64167-9089146-1,Faisal Khan,1961-12-19,"H-09168, Jaranwala Road, Faisalabad",95064
UTL009169,Ali Sayyid,67374-6693072-3,Faysal Sayyid,2001-11-11,"H-09169, Jaranwala Road, Faisalabad",17388
UTL009170,Hamzah Khan,55155-9496572-2,,1960-12-07,"H-09170, Peoples Colony, Faisalabad",23752
UTL009171,Mariam Sayyid,26378-6046443-9,احمد Sayyid,1991-10-20,"H-09171, Peoples Colony, Faisalabad",8973
UTL009172,Mohammad Faysal Malick,74521-9353117-8,احمد ملک,2001-05-13,"H-09172, Bahria Town, Islamabad",17099
UTL009173,Fatima اعوان,,Hamza Awan,2000-09-06,"H-09173, F-7, Islamabad",23424
UTL009174,Zainab Moghul,93156-4191702-0,Hussain Mughal,1981-06-24,"H-09174, Madina Town, Faisalabad",26642
UTL009175,Faysal چوہدری,50055-8484991-0,Faisal Chaudhary,1985-12-06,"H-09175, Clifton, Karachi",79858
UTL009176,حسین اعوان,47951-4175507-1,علی Awan,1980-05-16,"H-09176, Jaranwala Road, Faisalabad",86967
UTL009177,Sana راجہ,,احمد Raja,1988-11-01,"H-09177, North Nazimabad, Karachi",4928
UTL009178,حمزہ اعوان,55712-2778358-0,Ahmed Awan,1983-11-11,"H-09178, Bahria Town, Islamabad",4567
UTL009179,Mariam Raja,26891-7371709-9,Muhammad Raja,,"H-09179, Model Town, Lahore",65626
UTL009180,Ahmad Quraishi,39623-9578830-8,,1991-03-14,"H-09180, DHA, Lahore",22819
UTL009181,Fatimah ملک,,Hussein Malik,1987-09-21,"H-09181, DHA, Lahore",8380
UTL009182,Aisha Khan,,Muhammed Hassan خان,1986-07-16,"H-09182, Bahria Town, Islamabad",12529
UTL009183,Muhammad Othman اعوان,57230-6801280-5,Mohammad علی اعوان,1955-06-09,"H-09183, Jaranwala Road, Faisalabad",15317
UTL009184,Mohammad بلال Mughal,49470-9340841-6,Hussein Mughal,1958-06-20,"H-09184, Malir, Karachi",10122
UTL009185,حسین خان,34708-7539827-9,,1959-06-27,"H-09185, Madina Town, Faisalabad",5514
UTL009186,Aisha Sayed,97951-2682985-6,علی Sayyid,1966-01-07,"H-09186, G-10, Islamabad",26383
UTL009187,Muhammed حسن Raja,,Muhammad Ahmad Raja,1996-07-25,"H-09187, Peoples Colony, Faisalabad",61807
UTL009188,حمزہ چوہدری,,Osman Chaudhary,1971-09-04,"H-09188, Bahria Town, Islamabad",34157
UTL009189,Hamza خان,27243-8988452-2,فیصل Khan,1955-09-19,"H-09189, Jaranwala Road, Faisalabad",12657
UTL009190,Imran Raja,,Ahmed Raja,1956-11-22,"H-09190, Clifton, Karachi",16777
UTL009191,Mohammed Faysal راجہ,40320-3864947-5,Hussein Raja,,"H-09191, Madina Town, Faisalabad",77873
UTL009192,Hussein Moghul,63056-8216794-1,,1966-06-17,"H-09192, E-11, Islamabad",20168
UTL009193,Mohammad حسین اعوان,68319-6864809-1,Mohammed علی Awan,1971-02-21,"H-09193, North Nazimabad, Karachi",9947
UTL009194,Muhammed علی بٹ,87150-3335882-0,Hassan Bhatti,1958-02-28,"H-09194, F-7, Islamabad",11184
UTL009195,علی Raja,29000-6042226-7,احمد Raja,1978-03-16,"H-09195, F-7, Islamabad",502693
UTL009196,Maryam Raja,86795-1180347-4,Usman راجہ,1957-09-07,"H-09196, Saddar, Rawalpindi",15849
UTL009197,Mohammad Hamzah شیخ,65122-7119334-3,Muhammed بلال شیخ,1989-10-05,"H-09197, Malir, Karachi",11536
UTL009198,Sana Ch.,85895-9059830-0,Hasan چوہدری,1980-08-12,"H-09198, Johar Town, Lahore",7403
UTL009199,Hasan قریشی,98520-6890659-9,Mohammad Quraishi,1985-07-12,"H-09199, Cantt, Lahore",11653
UTL009200,عثمان Moghul,87569-6934658-3,Muhammad Faisal مغل,2000-09-10,"H-09200, DHA, Karachi",4077
UTL009201,Aisha Bhatti,39013-5728941-8,Osman Butt,1963-11-19,"H-09201, Saddar, Rawalpindi",54239
UTL009202,Hussein Qureshi,,Imran Qureshi,1965-11-23,"H-09202, Jaranwala Road, Faisalabad",11612
UTL009203,عمران Sayed,65979-3645363-1,حسن Syed,2000-02-08,"H-09203, Johar Town, Lahore",4032
UTL009204,Sana Qureshi,56318-7673744-0,Usman Qureshi,1979-10-18,"H-09204, DHA, Lahore",25338
UTL009205,Mohammad Bilal Mughal,,Imran Mughal,1994-11-16,"H-09205, North Nazimabad, Karachi",56615
UTL009206,Ahmad Malik,,Mohammad Bilal Malik,1969-12-28,"H-09206, Jaranwala Road, Faisalabad",29254
UTL009207,ثناء چوہدری,39549-6818788-6,Faysal Choudhary,1992-02-24,"H-09207, Gulberg, Lahore",51026
UTL009208,Hamzah شیخ,59062-7343041-2,Faysal Shaikh,1965-02-05,"H-09208, Chaklala, Rawalpindi",8266
UTL009209,Hassan Awan,28312-8344849-0,Hussain اعوان,1981-05-17,"H-09209, Peoples Colony, Faisalabad",12219
UTL009210,حرا راجہ,52241-8050796-5,عمران Raja,,"H-09210, Bahria Town, Rawalpindi",10778
UTL009211,Bilal Sheikh,69439-9531412-9,Ali Sheikh,1990-04-18,"H-09211, Satellite Town, Rawalpindi",8075
UTL009212,Faysal Raja,28239-5017066-1,احمد Raja,1979-06-14,"H-09212, E-11, Islamabad",23944
UTL009213,Ali سید,92405-2149946-7,Faysal Syed,1959-07-24,"H-09213, Satellite Town, Rawalpindi",31575
UTL009214,ثناء Bhatti,,عثمان Butt,1980-08-08,"H-09214, Peoples Colony, Faisalabad",9958
UTL009215,فاطمہ Awan,34846-6863056-1,Bilal اعوان,1976-10-08,"H-09215, Chaklala, Rawalpindi",6701
UTL009216,Fatema Malik,54708-6420293-4,فیصل Malik,1959-07-22,"H-09216, Madina Town, Faisalabad",23892
UTL009217,بلال Sayed,,Faisal Sayyid,1966-05-12,"H-09217, Madina Town, Faisalabad",46072
UTL009218,Muhammed علی Mughal,,Hasan مغل,1989-06-16,"H-09218, DHA, Lahore",16065
UTL009219,Muhammad قریشی,82446-8174328-5,عثمان Quraishi,,"H-09219, Cantt, Lahore",12596
UTL009220,Bilal چوہدری,47537-5518801-9,Husain Chaudhry,,"H-09220, Jaranwala Road, Faisalabad",5844
UTL009221,Hamzah Shaikh,34407-9841998-2,Ali Shaikh,1985-06-07,"H-09221, Saddar, Rawalpindi",15542
UTL009222,Hira Shaikh,34561-1527881-5,Muhammed بلال Shaykh,1992-01-24,"H-09222, Saddar, Rawalpindi",44371
UTL009223,Zainab Awan,27425-3645163-4,Othman اعوان,1974-09-10,"H-09223, Satellite Town, Rawalpindi",11587
UTL009224,عمران چوہدری,35334-3460181-1,Muhammad Hussein Ch.,1964-11-07,"H-09224, DHA, Karachi",114723
UTL009225,حمزہ Quraishi,,Ali Quraishi,1971-05-04,"H-09225, Clifton, Karachi",29558
UTL009226,Ali Butt,,Hamzah بٹ,1992-04-16,"H-09226, E-11, Islamabad",10183
UTL009227,Faisal راجہ,27454-5720306-9,Muhammad Bilal Raja,1984-12-06,"H-09227, Peoples Colony, Faisalabad",8700
UTL009228,Mohammad راجہ,43106-3570032-6,Muhammed Faysal Raja,2003-06-01,"H-09228, Gulshan-e-Iqbal, Karachi",5951
UTL009229,ثناء بٹ,,,,"H-09229, Satellite Town, Rawalpindi",89228
UTL009230,Hussein Chaudhary,43142-8779900-4,Muhammad Chaudhry,1962-12-10,"H-09230, Chaklala, Rawalpindi",112145
UTL009231,Usman بٹ,61585-4914474-5,Muhammed Bhatti,2003-10-06,"H-09231, Gulberg, Lahore",7973
UTL009232,Muhammad Hasan Sayed,69708-8999110-6,Hasan Syed,1956-12-08,"H-09232, Madina Town, Faisalabad",30734
UTL009233,حسن راجہ,69729-6802494-0,Hamza Raja,,"H-09233, Gulberg, Lahore",124113
UTL009234,Ali Mughal,10689-4585194-4,Bilal Mughal,1961-11-03,"H-09234, Satellite Town, Rawalpindi",7613
UTL009235,فاطمہ قریشی,36601-2603138-5,,1995-10-07,"H-09235, E-11, Islamabad",9959
UTL009236,عائشہ خان,70583-4014232-6,محمد خان,1994-11-28,"H-09236, Satellite Town, Rawalpindi",15401
UTL009237,Imran چوہدری,19197-3452013-9,,2000-07-08,"H-09237, Saddar, Rawalpindi",7111
UTL009238,Husain چوہدری,28815-6592421-7,Hamza Chaudhry,,"H-09238, Peoples Colony, Faisalabad",53064
UTL009239,Hussain Bhatti,91906-4922088-4,عثمان Bhatti,1971-07-06,"H-09239, F-8, Islamabad",18197
UTL009240,Zainab Awan,11483-2530365-7,علی اعوان,1957-10-10,"H-09240, G-10, Islamabad",12134
UTL009241,Mohammad Quraishi,47257-3357223-1,Hussein قریشی,1961-01-14,"H-09241, Bahria Town, Islamabad",24286
UTL009242,Hassan Chaudhary,,Muhammed Choudhary,2001-07-21,"H-09242, DHA, Lahore",7168
UTL009243,احمد Malik,42371-1237541-4,علی ملک,1974-05-24,"H-09243, Gulberg, Lahore",15791
UTL009244,عائشہ Awan,92773-4402393-3,Muhammad فیصل اعوان,,"H-09244, Madina Town, Faisalabad",21002
UTL009245,حسن Qureshi,,علی Quraishi,1956-04-14,"H-09245, Madina Town, Faisalabad",27200
UTL009246,محمد Awan,78414-2392945-1,,2003-03-13,"H-09246, F-8, Islamabad",7511
UTL009247,Hasan Shaykh,36446-2339702-6,Imran Shaykh,1989-09-12,"H-09247, Gulberg, Lahore",6685
UTL009248,Mohammed علی اعوان,49715-3267316-7,بلال اعوان,1995-06-04,"H-09248, Gulshan-e-Iqbal, Karachi",4831
UTL009249,Muhammed Khan,62570-8989590-4,Hussain خان,1982-03-12,"H-09249, Jaranwala Road, Faisalabad",62389
UTL009250,Hassan راجہ,,محمد Raja,1991-08-09,"H-09250, F-8, Islamabad",6630
UTL009251,حمزہ Raja,95109-1241882-0,Hamzah Raja,1959-12-20,"H-09251, Jaranwala Road, Faisalabad",62758
UTL009252,Hamzah Malick,19996-3509973-3,Imran Malik,1981-11-02,"H-09252, Bahria Town, Islamabad",17356
UTL009253,محمد Malik,12997-7973522-9,Othman ملک,2002-05-16,"H-09253, Madina Town, Faisalabad",70579
UTL009254,Mohammad سید,49455-9753702-1,Imran Sayyid,1987-10-17,"H-09254, Malir, Karachi",27744
UTL009255,Hasan ملک,69578-3672996-3,عمران Malick,1977-03-25,"H-09255, E-11, Islamabad",11637
UTL009256,محمد Sayyid,72277-6600660-9,Muhammed حسن Syed,2002-08-16,"H-09256, Chaklala, Rawalpindi",11652
UTL009257,حمزہ Chaudhry,85932-7493971-2,Ahmed Chaudhary,1999-01-09,"H-09257, Gulshan-e-Iqbal, Karachi",18094
UTL009258,Hira اعوان,40203-5058516-2,,1989-03-16,"H-09258, Johar Town, Lahore",31712
UTL009259,ثناء Choudhary,26783-7627859-0,Ahmad چوہدری,,"H-09259, North Nazimabad, Karachi",23766
UTL009260,Mohammed حسن راجہ,24586-4215145-4,Imran راجہ,1979-11-28,"H-09260, F-8, Islamabad",4733
UTL009261,Hira Moghul,46053-3059740-7,علی Moghul,1961-10-03,"H-09261, Bahria Town, Rawalpindi",4762
UTL009262,Muhammed Khan,75739-8551275-2,Bilal Khan,1971-02-20,"H-09262, Peoples Colony, Faisalabad",22799
UTL009263,Mohammed Faisal اعوان,67181-3932433-7,Ahmad Awan,2003-03-03,"H-09263, F-8, Islamabad",3503
UTL009264,Osman Moghul,,Hamza مغل,1992-09-11,"H-09264, North Nazimabad, Karachi",6399
UTL009265,Bilal Sayed,18832-6574933-6,Faysal Syed,2003-02-02,"H-09265, Clifton, Karachi",16638
UTL009266,Mohammed احمد Malik,65459-7888476-4,Faisal Malik,,"H-09266, Peoples Colony, Faisalabad",86236
UTL009267,Aysha Butt,49887-6363491-6,عمران Bhatti,1960-06-15,"H-09267, DHA, Karachi",5014
UTL009268,Muhammad Bilal Awan,27791-9677475-3,علی Awan,1982-05-23,"H-09268, Gulshan-e-Iqbal, Karachi",13564
UTL009269,علی Sayyid,10524-1545460-9,Ahmed سید,1971-02-16,"H-09269, Chaklala, Rawalpindi",32099
UTL009270,Muhammed Ali Khan,12293-2143562-9,Muhammed خان,1993-11-09,"H-09270, North Nazimabad, Karachi",14229
UTL009271,Mariam Quraishi,90510-7657403-6,Hamzah قریشی,1961-05-24,"H-09271, Madina Town, Faisalabad",18277
UTL009272,فاطمہ مغل,77203-6149756-5,Hamza مغل,1973-10-09,"H-09272, Satellite Town, Rawalpindi",44394
UTL009273,احمد اعوان,73294-2355680-7,,1999-12-27,"H-09273, DHA, Lahore",6743
UTL009274,Fatimah Ch.,76258-1659770-0,Muhammad علی Choudhary,2003-07-24,"H-09274, North Nazimabad, Karachi",32436
UTL009275,عمران Khan,84120-1942280-5,عثمان Khan,1990-11-20,"H-09275, Jaranwala Road, Faisalabad",21268
UTL009276,فاطمہ Quraishi,78911-8596843-2,Ahmed Qureshi,1973-08-15,"H-09276, F-8, Islamabad",62474
UTL009277,Muhammed Raja,63510-4599710-9,Mohammad راجہ,1956-01-07,"H-09277, Cantt, Lahore",8123
UTL009278,زینب اعوان,76604-3838182-1,علی اعوان,,"H-09278, E-11, Islamabad",15010
UTL009279,Mariam Quraishi,24986-9129939-7,Muhammad Quraishi,1958-11-20,"H-09279, DHA, Lahore",53594
UTL009280,Hamza بٹ,32046-5066276-2,Mohammed Butt,1989-01-06,"H-09280, Chaklala, Rawalpindi",16703
UTL009281,Aysha Chaudhry,41149-7435092-5,Hamza Chaudhary,,"H-09281, Gulberg, Lahore",35227
UTL009282,عمران اعوان,95990-3040150-3,Faisal اعوان,1999-03-07,"H-09282, Gulshan-e-Iqbal, Karachi",11225
UTL009283,Hira Awan,,,1975-07-26,"H-09283, F-8, Islamabad",22863
UTL009284,بلال Qureshi,67504-2107059-4,,1985-05-17,"H-09284, Gulshan-e-Iqbal, Karachi",13216
UTL009285,Husain قریشی,94924-1020538-0,بلال Qureshi,1994-05-14,"H-09285, Cantt, Lahore",47246
UTL009286,Hussain Khan,21269-9827643-6,بلال Khan,1988-10-28,"H-09286, E-11, Islamabad",56507
UTL009287,عمران Mughal,74328-3782319-5,Ali Moghul,1998-01-06,"H-09287, F-7, Islamabad",28827
UTL009288,Ali Shaikh,67136-7870174-9,Imran Shaykh,1989-03-26,"H-09288, Jaranwala Road, Faisalabad",7017
UTL009289,علی Chaudhry,22250-8913145-1,علی چوہدری,1983-04-07,"H-09289, Bahria Town, Rawalpindi",47628
UTL009290,Ali Ch.,39347-3666196-8,,1988-11-18,"H-09290, F-8, Islamabad",97282
UTL009291,Imran اعوان,41194-3350800-9,,1961-05-17,"H-09291, Saddar, Rawalpindi",9021
UTL009292,Husain Shaikh,,Faisal Shaikh,1979-07-19,"H-09292, Cantt, Lahore",30937
UTL009293,Othman راجہ,29438-5528309-1,Hassan Raja,1999-07-28,"H-09293, Clifton, Karachi",10892
UTL009294,فاطمہ Khan,73697-4839848-3,Ahmad Khan,1984-09-23,"H-09294, Gulberg, Lahore",55267
UTL009295,Bilal Khan,,احمد Khan,1970-01-07,"H-09295, Bahria Town, Islamabad",10360
UTL009296,زینب Quraishi,,Muhammad فیصل Quraishi,1962-01-13,"H-09296, Jaranwala Road, Faisalabad",80060
UTL009297,حسن سید,,Imran سید,1984-08-15,"H-09297, E-11, Islamabad",41024
UTL009298,Mohammed Bilal بٹ,,Faisal بٹ,1992-10-12,"H-09298, Bahria Town, Islamabad",25160
UTL009299,حسن مغل,,Hussein Moghul,1980-07-01,"H-09299, Saddar, Rawalpindi",177925
UTL009300,عمران Bhatti,,Mohammed Bilal بٹ,1981-12-25,"H-09300, Chaklala, Rawalpindi",46240
UTL009301,Faysal Awan,92652-4268037-7,Hassan Awan,1989-10-07,"H-09301, Chaklala, Rawalpindi",12904
UTL009302,Hamza راجہ,80558-3076798-0,Muhammed Hamzah راجہ,1968-08-22,"H-09302, Chaklala, Rawalpindi",13321
UTL009303,Imran سید,12454-1593110-5,Hamzah Syed,1993-07-10,"H-09303, Madina Town, Faisalabad",45253
UTL009304,Hussain Malik,,بلال Malik,,"H-09304, Gulshan-e-Iqbal, Karachi",32947
UTL009305,Bilal اعوان,46362-4207439-9,,1981-03-26,"H-09305, Gulberg, Lahore",16664
UTL009306,ثناء Choudhary,25091-6416235-0,Mohammad علی چوہدری,1970-09-03,"H-09306, DHA, Karachi",4533
UTL009307,Marium Qureshi,42980-1558619-4,حسین Qureshi,1958-02-28,"H-09307, Gulberg, Lahore",31154
UTL009308,Muhammed اعوان,63178-2519514-4,حمزہ Awan,1981-01-28,"H-09308, Jaranwala Road, Faisalabad",6263
UTL009309,Mohammad عمران Butt,73511-1460838-9,Muhammad Ahmed بٹ,,"H-09309, Saddar, Rawalpindi",39055
UTL009310,احمد بٹ,53343-6606153-0,Faisal بٹ,1997-06-09,"H-09310, Model Town, Lahore",19860
UTL009311,Ali قریشی,60724-5854888-9,,1972-05-20,"H-09311, Jaranwala Road, Faisalabad",5756
UTL009312,Ali Mughal,44538-7704952-6,Hussein مغل,1990-12-23,"H-09312, Johar Town, Lahore",156616
UTL009313,Hassan Shaykh,50692-2888422-4,Mohammed Sheikh,1977-08-12,"H-09313, Bahria Town, Islamabad",8170
UTL009314,Usman مغل,23964-4187649-1,Ali Mughal,1988-01-04,"H-09314, Chaklala, Rawalpindi",27751
UTL009315,Ahmad قریشی,57697-4158177-6,,1967-09-10,"H-09315, Cantt, Lahore",8372
UTL009316,Muhammad Hamza Butt,,عثمان Butt,1994-05-03,"H-09316, North Nazimabad, Karachi",19250
UTL009317,Ali Shaikh,84928-2032821-9,Usman شیخ,1986-06-02,"H-09317, Gulberg, Lahore",34788
UTL009318,فیصل اعوان,94409-1217724-9,حسن Awan,,"H-09318, E-11, Islamabad",10544
UTL009319,Zaynab Awan,59239-3915905-9,Mohammed Hamza اعوان,2003-02-06,"H-09319, Jaranwala Road, Faisalabad",32466
UTL009320,Muhammed عثمان Bhatti,26915-8894204-2,Faysal Butt,1985-01-06,"H-09320, Gulberg, Lahore",15004
UTL009321,Mohammad Faysal ملک,25197-7638395-1,Husain ملک,1977-04-24,"H-09321, Gulberg, Lahore",12685
UTL009322,Zaynab Awan,53415-9416130-9,Faysal اعوان,2003-03-27,"H-09322, Gulshan-e-Iqbal, Karachi",8274
UTL009323,Ali Syed,70259-2523341-8,بلال Syed,1971-02-10,"H-09323, F-8, Islamabad",22269
UTL009324,Fatimah Chaudhary,16401-3647897-0,Hussein Chaudhry,1955-12-26,"H-09324, Satellite Town, Rawalpindi",5663
UTL009325,Osman Awan,46485-9610199-8,حمزہ Awan,1961-10-20,"H-09325, Peoples Colony, Faisalabad",6598
UTL009326,احمد Khan,55795-1240252-6,احمد Khan,1980-12-21,"H-09326, Gulshan-e-Iqbal, Karachi",30309
UTL009327,Mohammed Faysal Malick,18108-7953858-1,Hussein Malik,1973-10-10,"H-09327, Peoples Colony, Faisalabad",12832
UTL009328,Ali Khan,70348-7139973-4,,,"H-09328, Johar Town, Lahore",13219
UTL009329,عمران قریشی,69097-5700657-1,Bilal Quraishi,1971-08-03,"H-09329, Gulberg, Lahore",55077
UTL009330,احمد شیخ,,,1960-07-08,"H-09330, Madina Town, Faisalabad",50485
UTL009331,Ahmad Khan,95432-9190641-0,Hasan خان,1976-02-12,"H-09331, Gulberg, Lahore",13352
UTL009332,Hasan Sayed,,Muhammed Faysal Sayyid,1959-02-24,"H-09332, F-8, Islamabad",29395
UTL009333,Aysha Quraishi,,بلال Quraishi,1981-10-15,"H-09333, North Nazimabad, Karachi",5210
UTL009334,Hamza Raja,50172-7633934-4,حسن Raja,1987-12-24,"H-09334, Johar Town, Lahore",220522
UTL009335,Hassan سید,35088-2028894-0,Hamza Sayed,1994-02-11,"H-09335, Bahria Town, Rawalpindi",21491
UTL009336,Muhammed Bilal Khan,47463-9594903-2,Hamzah خان,1965-03-01,"H-09336, Gulshan-e-Iqbal, Karachi",18651
UTL009337,Hira Raja,79674-1899032-0,Imran راجہ,2001-07-28,"H-09337, Chaklala, Rawalpindi",4611
UTL009338,عمران خان,,Mohammad Ahmed خان,2000-05-06,"H-09338, Chaklala, Rawalpindi",38954
UTL009339,Hamzah Moghul,,احمد مغل,1969-09-04,"H-09339, Cantt, Lahore",14397
UTL009340,Hussain Khan,56293-8239852-8,Ahmad خان,1965-12-26,"H-09340, G-10, Islamabad",26834
UTL009341,Ahmad Raja,98714-9466370-0,Usman Raja,1968-09-22,"H-09341, Jaranwala Road, Faisalabad",4361
UTL009342,فیصل اعوان,64180-2373290-1,عمران اعوان,1976-08-27,"H-09342, Gulberg, Lahore",24719
UTL009343,ثناء Quraishi,97002-5954942-1,Hamza Qureshi,1998-10-22,"H-09343, Clifton, Karachi",40962
UTL009344,Mohammed حسن مغل,,,1991-03-27,"H-09344, Madina Town, Faisalabad",19839
UTL009345,Mohammed Sayyid,33997-5022017-4,Ahmad سید,1981-09-15,"H-09345, G-10, Islamabad",47576
UTL009346,Ahmed سید,92564-1603899-2,Ali سید,1955-10-23,"H-09346, Chaklala, Rawalpindi",50351
UTL009347,Hussain Sayyid,64610-4046641-6,Hasan Syed,1964-08-09,"H-09347, Malir, Karachi",11292
UTL009348,عثمان سید,80595-6414574-3,Faisal Sayyid,1970-04-04,"H-09348, Clifton, Karachi",7501
UTL009349,Mohammed Imran شیخ,81736-2719729-0,حمزہ Sheikh,1979-10-08,"H-09349, Gulshan-e-Iqbal, Karachi",10799
UTL009350,Bilal Khan,23319-8097007-1,Mohammed بلال خان,1961-09-11,"H-09350, Cantt, Lahore",92132
UTL009351,Fatima Awan,,احمد اعوان,1976-05-17,"H-09351, Bahria Town, Islamabad",8616
UTL009352,Hasan Malick,30706-8364773-7,حسن ملک,1962-07-10,"H-09352, North Nazimabad, Karachi",367727
UTL009353,Zainab قریشی,48923-1361545-0,Muhammed Qureshi,1967-05-01,"H-09353, Bahria Town, Rawalpindi",9460
UTL009354,حسین Raja,44325-8377732-3,Mohammed Ahmed Raja,,"H-09354, Jaranwala Road, Faisalabad",7728
UTL009355,Muhammad Hasan Chaudhry,66690-9768522-2,,1983-02-03,"H-09355, Peoples Colony, Faisalabad",10008
UTL009356,Zaynab Awan,94860-7072379-3,,2001-02-04,"H-09356, Bahria Town, Rawalpindi",14130
UTL009357,Hasan خان,49900-8123507-6,Hussein خان,1993-10-18,"H-09357, Johar Town, Lahore",9151
UTL009358,Bilal Sheikh,58792-2073465-4,Hasan شیخ,1972-03-17,"H-09358, Peoples Colony, Faisalabad",9372
UTL009359,Aisha Mughal,11367-3939290-9,Faysal Moghul,2003-06-16,"H-09359, DHA, Lahore",19974
UTL009360,Muhammad Usman Chaudhry,98363-1236510-5,,1980-11-28,"H-09360, Johar Town, Lahore",407454
UTL009361,Hamza خان,,Imran خان,1977-05-11,"H-09361, F-8, Islamabad",4593
UTL009362,Husain Awan,98297-3198039-1,بلال اعوان,1955-11-25,"H-09362, Madina Town, Faisalabad",42465
UTL009363,محمد Choudhary,42430-1378700-8,Hamza Ch.,1959-02-09,"H-09363, Satellite Town, Rawalpindi",16919
UTL009364,Mohammad Hasan راجہ,98182-9258064-4,,2001-10-12,"H-09364, Cantt, Lahore",33431
UTL009365,Hassan اعوان,79378-3293913-2,Muhammad اعوان,1972-04-10,"H-09365, G-10, Islamabad",21548
UTL009366,Muhammed Shaykh,,Hasan Shaikh,1956-06-25,"H-09366, F-8, Islamabad",57375
UTL009367,Hamzah Ch.,90638-2626439-8,Faysal Ch.,1956-03-05,"H-09367, E-11, Islamabad",13522
UTL009368,Faysal Ch.,70104-9325955-4,Hussein چوہدری,1963-11-01,"H-09368, Saddar, Rawalpindi",3215
UTL009369,Hussein Butt,69700-2428703-0,Hassan بٹ,1986-10-21,"H-09369, Clifton, Karachi",19060
UTL009370,Ali Raja,71756-4441218-5,حسن راجہ,1971-12-12,"H-09370, DHA, Lahore",7245
UTL009371,احمد Sayyid,69532-3900727-7,Mohammad سید,1989-02-01,"H-09371, Chaklala, Rawalpindi",36121
UTL009372,Faisal Qureshi,40131-7882348-6,Ali Qureshi,1969-08-09,"H-09372, Clifton, Karachi",7954
UTL009373,Sana بٹ,,Muhammad Osman Bhatti,1996-09-21,"H-09373, E-11, Islamabad",13999
UTL009374,Mohammed سید,55128-2674082-7,Mohammed Hussain Sayyid,2002-02-06,"H-09374, Madina Town, Faisalabad",16239
UTL009375,عمران Shaikh,98861-6696167-3,Ali شیخ,2000-09-23,"H-09375, Gulberg, Lahore",5551
UTL009376,Ahmad Raja,75382-8343791-5,Ahmed Raja,2003-12-28,"H-09376, G-10, Islamabad",54858
UTL009377,Hussein راجہ,56997-9819165-0,Hamza راجہ,1964-04-25,"H-09377, F-8, Islamabad",44481
UTL009378,Zainab Khan,97962-2818226-2,,,"H-09378, F-7, Islamabad",9859
UTL009379,Hussain Sheikh,,Imran Shaikh,1975-03-13,"H-09379, Gulshan-e-Iqbal, Karachi",25511
UTL009380,Mohammed Hassan Quraishi,34855-9268075-2,Hasan قریشی,1960-06-16,"H-09380, F-8, Islamabad",51840
UTL009381,Muhammed Ahmad Qureshi,23064-3269038-6,Ahmad Quraishi,1962-04-07,"H-09381, North Nazimabad, Karachi",10777
UTL009382,Muhammed Malick,23823-5300742-0,حسین Malick,1969-01-09,"H-09382, Saddar, Rawalpindi",8866
UTL009383,Marium شیخ,36793-3655106-6,Muhammed شیخ,1993-02-15,"H-09383, Gulberg, Lahore",8067
UTL009384,Muhammed عمران خان,58503-2027051-2,Othman Khan,1972-09-06,"H-09384, Peoples Colony, Faisalabad",26727
UTL009385,حرا Bhatti,,Hamzah Bhatti,1974-02-02,"H-09385, Saddar, Rawalpindi",7721
UTL009386,Mohammed Hassan Quraishi,,Ahmed Quraishi,1978-10-12,"H-09386, Jaranwala Road, Faisalabad",7265
UTL009387,Fatimah Quraishi,39455-7766092-2,حسین Qureshi,1957-09-20,"H-09387, F-7, Islamabad",13648
UTL009388,Hassan خان,21450-5600980-3,Mohammad Ahmed خان,,"H-09388, Johar Town, Lahore",11890
UTL009389,Mohammad عثمان Khan,89475-2564105-2,Faysal Khan,,"H-09389, Model Town, Lahore",16967
UTL009390,Muhammed عثمان Malik,40400-2753882-8,Imran Malik,1976-07-03,"H-09390, Bahria Town, Islamabad",8335
UTL009391,Ayesha Shaikh,,عمران Sheikh,1963-09-11,"H-09391, G-10, Islamabad",44812
UTL009392,فاطمہ Awan,81546-3596318-9,Mohammed Bilal اعوان,1962-02-17,"H-09392, Gulshan-e-Iqbal, Karachi",7535
UTL009393,Marium Khan,55685-5484025-4,Muhammad Osman خان,1996-10-10,"H-09393, DHA, Lahore",6948
UTL009394,Mohammed Ahmed شیخ,,,1971-03-06,"H-09394, Bahria Town, Islamabad",39143
UTL009395,Muhammed Husain Khan,,Faysal خان,,"H-09395, DHA, Karachi",18434
UTL009396,Bilal راجہ,96108-1417642-5,Husain راجہ,1956-05-15,"H-09396, Saddar, Rawalpindi",7896
UTL009397,فیصل Shaykh,89844-3218105-8,عثمان Shaykh,1996-04-17,"H-09397, Madina Town, Faisalabad",13031
UTL009398,Hassan Awan,97550-8604034-7,Ali اعوان,1986-10-19,"H-09398, F-7, Islamabad",13139
UTL009399,Muhammed Mughal,67590-7791864-2,Bilal Moghul,1996-04-24,"H-09399, DHA, Karachi",10655
UTL009400,Muhammad خان,89177-2540896-9,Hussain Khan,1956-10-25,"H-09400, DHA, Karachi",8859
UTL009401,Sana Qureshi,46833-9990475-2,Hamzah Quraishi,1967-05-20,"H-09401, Clifton, Karachi",7330
UTL009402,Hussein Sayyid,87589-5567808-4,Faisal Sayyid,2000-12-20,"H-09402, F-8, Islamabad",22851
UTL009403,Hussain Raja,88943-1837155-5,,,"H-09403, DHA, Karachi",8598
UTL009404,Marium Bhatti,,Mohammad بلال بٹ,1995-08-04,"H-09404, G-10, Islamabad",4734
UTL009405,Ahmad Awan,,علی Awan,1969-05-22,"H-09405, Saddar, Rawalpindi",46377
UTL009406,عمران مغل,36391-8962691-1,Faisal مغل,1984-03-15,"H-09406, Clifton, Karachi",5474
UTL009407,Mariam Raja,97087-3569211-3,احمد راجہ,1976-07-04,"H-09407, F-7, Islamabad",52406
UTL009408,Hasan Bhatti,62288-4721005-7,Muhammed Bhatti,1998-01-09,"H-09408, Peoples Colony, Faisalabad",5640
UTL009409,زینب ملک,,Ahmad ملک,1978-07-28,"H-09409, Jaranwala Road, Faisalabad",27645
UTL009410,احمد Malick,23312-4472145-3,Muhammed ملک,,"H-09410, Madina Town, Faisalabad",9882
UTL009411,Bilal اعوان,,Hassan Awan,1993-01-16,"H-09411, Chaklala, Rawalpindi",70825
UTL009412,بلال ملک,77499-1694025-9,Muhammad ملک,1981-03-14,"H-09412, Clifton, Karachi",24125
UTL009413,حمزہ Bhatti,47811-7921030-8,Mohammad Ahmed Bhatti,1976-10-26,"H-09413, G-10, Islamabad",6236
UTL009414,ثناء Syed,,Mohammed Bilal Syed,1967-12-02,"H-09414, Model Town, Lahore",9844
UTL009415,Hira ملک,,Mohammad Malick,1977-04-24,"H-09415, Jaranwala Road, Faisalabad",23084
UTL009416,Imran قریشی,,Husain Qureshi,1987-01-01,"H-09416, Jaranwala Road, Faisalabad",5405
UTL009417,عمران Raja,48656-7485457-1,,1969-03-19,"H-09417, Satellite Town, Rawalpindi",29866
UTL009418,Bilal Malick,87143-1986806-0,Mohammed Hamza Malik,1995-12-03,"H-09418, Satellite Town, Rawalpindi",10027
UTL009419,Maryam قریشی,30947-2754725-8,عمران Qureshi,1967-05-06,"H-09419, Madina Town, Faisalabad",32527
UTL009420,Muhammed Hasan راجہ,,Hasan راجہ,1960-10-23,"H-09420, Malir, Karachi",7322
UTL009421,Sana Choudhary,14396-4800680-1,Muhammed Chaudhary,1956-03-13,"H-09421, DHA, Karachi",7474
UTL009422,Hamzah Khan,66879-4498148-1,Faysal Khan,1985-07-03,"H-09422, Malir, Karachi",77001
UTL009423,Muhammed بلال Khan,49772-3731857-9,Mohammad Khan,2001-07-05,"H-09423, Malir, Karachi",15655
UTL009424,Mohammed حسین Quraishi,,,1972-11-10,"H-09424, DHA, Karachi",12674
UTL009425,Sana Khan,75845-9057904-4,عمران Khan,1956-02-09,"H-09425, Gulshan-e-Iqbal, Karachi",6060
UTL009426,Mohammad Ali قریشی,71035-6573329-4,Muhammed Osman قریشی,1958-06-18,"H-09426, Clifton, Karachi",23403
UTL009427,Mohammed Osman Quraishi,93347-2450002-4,Faisal Quraishi,1958-11-07,"H-09427, G-10, Islamabad",18350
UTL009428,Muhammad Hamza اعوان,62928-4708033-7,Hamzah Awan,1964-03-16,"H-09428, Chaklala, Rawalpindi",34657
UTL009429,Hamzah اعوان,15188-5795382-9,,1959-06-07,"H-09429, Bahria Town, Rawalpindi",24366
UTL009430,حسن چوہدری,99515-4585919-8,حسن Chaudhary,1980-11-10,"H-09430, Malir, Karachi",13564
UTL009431,Osman Malick,95767-1936939-6,Mohammed Hasan Malick,1967-12-16,"H-09431, F-8, Islamabad",12013
UTL009432,Faisal Chaudhary,80168-2273389-3,Imran چوہدری,1998-05-01,"H-09432, Gulberg, Lahore",9819
UTL009433,Zaynab Sheikh,21781-8532550-9,محمد Shaikh,2002-09-26,"H-09433, F-7, Islamabad",21540
UTL009434,Zainab Awan,93682-8791966-4,Mohammed Hussain اعوان,1979-03-21,"H-09434, Satellite Town, Rawalpindi",20398
UTL009435,Muhammad احمد Khan,,عثمان خان,1955-10-03,"H-09435, North Nazimabad, Karachi",17598
UTL009436,Hassan Shaikh,,Mohammed Husain Shaikh,1990-05-15,"H-09436, Johar Town, Lahore",32876
UTL009437,Mohammad Butt,,Hamzah Bhatti,1959-03-21,"H-09437, Bahria Town, Rawalpindi",8155
UTL009438,Hamzah Shaikh,88571-1901198-1,Othman Shaikh,1972-07-13,"H-09438, DHA, Karachi",12095
UTL009439,Hamzah مغل,33167-7060940-5,حسن Moghul,1992-12-13,"H-09439, Chaklala, Rawalpindi",6546
UTL009440,Hamzah Raja,10941-6943930-7,Ali Raja,1973-11-11,"H-09440, Gulshan-e-Iqbal, Karachi",32881
UTL009441,Zaynab Malick,,حسن Malik,1985-06-16,"H-09441, Peoples Colony, Faisalabad",37736
UTL009442,Mohammad علی سید,15201-7068698-8,Hasan Syed,1998-04-01,"H-09442, Saddar, Rawalpindi",8428
UTL009443,فیصل چوہدری,72300-6907565-9,,2002-03-28,"H-09443, Saddar, Rawalpindi",8626
UTL009444,Ahmad بٹ,48010-6113641-2,Mohammed حسن Butt,1980-12-14,"H-09444, Bahria Town, Rawalpindi",24024
UTL009445,Ali Chaudhry,60265-2104682-7,,1994-07-28,"H-09445, Gulberg, Lahore",8842
UTL009446,Faisal بٹ,66638-5839509-4,Mohammad Usman Butt,1967-11-15,"H-09446, E-11, Islamabad",5001
UTL009447,Ali Malick,15170-4726275-2,Muhammed Malik,1979-06-13,"H-09447, Peoples Colony, Faisalabad",30829
UTL009448,Fatima Awan,44118-9760367-1,علی Awan,1991-02-16,"H-09448, Saddar, Rawalpindi",57676
UTL009449,عمران راجہ,17281-8037740-7,Muhammad بلال راجہ,1983-03-16,"H-09449, Cantt, Lahore",58870
UTL009450,Ahmed Mughal,99146-2568227-6,Ahmed Moghul,1957-03-02,"H-09450, Peoples Colony, Faisalabad",10247
UTL009451,Muhammad Othman Malick,,Imran Malik,1991-11-05,"H-09451, Bahria Town, Islamabad",28792
UTL009452,Muhammed عمران Butt,35956-2810729-7,Hussein Butt,1985-01-22,"H-09452, Gulshan-e-Iqbal, Karachi",38235
UTL009453,Muhammed عمران Qureshi,19902-8387866-5,محمد Quraishi,1973-07-12,"H-09453, Chaklala, Rawalpindi",33890
UTL009454,Ahmad Bhatti,,Ali بٹ,1997-10-19,"H-09454, Gulberg, Lahore",11495
UTL009455,Hira Qureshi,63326-3879135-6,,1999-08-16,"H-09455, Saddar, Rawalpindi",5292
UTL009456,Muhammed Faysal Khan,17657-4108681-8,Othman خان,1976-11-17,"H-09456, Saddar, Rawalpindi",21007
UTL009457,Imran Quraishi,17276-2891386-9,,1970-04-05,"H-09457, Malir, Karachi",16031
UTL009458,Hamza Sayed,,Muhammad Hassan Syed,1974-03-28,"H-09458, Satellite Town, Rawalpindi",9466
UTL009459,Sana ملک,47085-6999562-4,Hussein ملک,1987-09-02,"H-09459, North Nazimabad, Karachi",8410
UTL009460,Fatema Sayed,92699-8053396-1,علی سید,2001-07-26,"H-09460, Clifton, Karachi",50196
UTL009461,Osman خان,,Hamza خان,1984-07-07,"H-09461, Bahria Town, Islamabad",90200
UTL009462,Hamzah Sheikh,,بلال Shaykh,1959-05-04,"H-09462, Bahria Town, Rawalpindi",4809
UTL009463,Hasan Butt,21525-7851868-2,فیصل بٹ,1999-12-19,"H-09463, DHA, Karachi",7401
UTL009464,Ali Quraishi,73465-8012462-3,Faysal Qureshi,1983-11-04,"H-09464, North Nazimabad, Karachi",5701
UTL009465,Mohammed Ch.,,,1986-10-17,"H-09465, Cantt, Lahore",19564
UTL009466,Aisha خان,53678-2180440-9,Faisal Khan,1962-08-08,"H-09466, Model Town, Lahore",49240
UTL009467,ثناء Awan,32309-8745496-9,Imran Awan,,"H-09467, E-11, Islamabad",29159
UTL009468,Mohammad Imran شیخ,92066-1573670-6,Hamzah Shaikh,1979-12-11,"H-09468, Bahria Town, Islamabad",8590
UTL009469,Hassan Khan,,حمزہ Khan,1966-05-28,"H-09469, North Nazimabad, Karachi",20116
UTL009470,Zaynab Sayed,57815-1577427-1,,1966-11-14,"H-09470, Jaranwala Road, Faisalabad",14965
UTL009471,Mohammed Usman Sheikh,78057-1851129-2,Muhammed علی Sheikh,1976-11-03,"H-09471, Clifton, Karachi",13043
UTL009472,علی Sheikh,10405-6668152-7,,1972-06-11,"H-09472, Gulshan-e-Iqbal, Karachi",6121
UTL009473,Ayesha Moghul,82389-1645277-2,Osman Mughal,1972-01-11,"H-09473, North Nazimabad, Karachi",7743
UTL009474,Hira مغل,,بلال Moghul,,"H-09474, Gulshan-e-Iqbal, Karachi",9941
UTL009475,Mohammad Hamzah Khan,,,1969-04-12,"H-09475, Bahria Town, Islamabad",12463
UTL009476,Usman مغل,80598-5678664-7,Osman مغل,,"H-09476, Bahria Town, Islamabad",44610
UTL009477,Muhammed Bilal خان,48361-4832298-5,Mohammad علی خان,,"H-09477, Bahria Town, Islamabad",17220
UTL009478,Ahmed قریشی,28865-9164429-7,Hasan قریشی,1988-03-01,"H-09478, Johar Town, Lahore",13481
UTL009479,Muhammad اعوان,55084-1602999-3,فیصل Awan,1988-06-23,"H-09479, Chaklala, Rawalpindi",56597
UTL009480,Mohammed خان,34414-4417654-4,Ahmed خان,1973-04-05,"H-09480, DHA, Karachi",123694
UTL009481,Othman اعوان,24189-5879872-2,Mohammad اعوان,,"H-09481, G-10, Islamabad",42890
UTL009482,عمران بٹ,,Muhammad حمزہ Butt,1975-12-17,"H-09482, Saddar, Rawalpindi",5358
UTL009483,Othman اعوان,20647-6260220-8,Muhammad Bilal اعوان,1984-11-14,"H-09483, Chaklala, Rawalpindi",44674
UTL009484,Hamzah Malick,,عمران Malik,1986-02-13,"H-09484, North Nazimabad, Karachi",5507
UTL009485,Muhammad Othman Quraishi,22734-3259159-4,Mohammed Hussain قریشی,1970-03-06,"H-09485, Bahria Town, Islamabad",16343
UTL009486,عمران اعوان,48209-7747460-2,Mohammad Faisal Awan,1979-10-26,"H-09486, Chaklala, Rawalpindi",5409
UTL009487,Ahmed Quraishi,45370-3476009-1,حسین قریشی,1977-02-02,"H-09487, North Nazimabad, Karachi",46457
UTL009488,Muhammad عثمان Shaykh,14668-7531402-3,حسن Shaykh,1970-09-22,"H-09488, DHA, Karachi",61002
UTL009489,Mohammed Khan,,فیصل Khan,,"H-09489, Saddar, Rawalpindi",18605
UTL009490,Muhammed Osman شیخ,97484-7904674-1,عمران Sheikh,1984-11-22,"H-09490, Gulshan-e-Iqbal, Karachi",10682
UTL009491,احمد Mughal,75473-6162388-6,Imran Mughal,1971-08-08,"H-09491, G-10, Islamabad",17081
UTL009492,حمزہ Qureshi,77826-9029702-1,Mohammad قریشی,1974-03-17,"H-09492, North Nazimabad, Karachi",7073
UTL009493,Muhammad علی Shaykh,46920-8716557-7,,1958-12-08,"H-09493, Johar Town, Lahore",8010
UTL009494,Muhammed Imran Mughal,22698-9970375-2,Hamza مغل,1982-10-15,"H-09494, Madina Town, Faisalabad",29314
UTL009495,Muhammed بلال خان,42597-1374789-8,Hussein خان,1971-11-15,"H-09495, North Nazimabad, Karachi",97580
UTL009496,Usman شیخ,40534-8053349-1,Husain شیخ,1986-07-27,"H-09496, Model Town, Lahore",6017
UTL009497,عمران چوہدری,82180-4275233-0,احمد Chaudhary,1978-05-08,"H-09497, Jaranwala Road, Faisalabad",11984
UTL009498,Mohammed علی Bhatti,,Muhammed علی بٹ,1985-09-13,"H-09498, Model Town, Lahore",72659
UTL009499,Ahmad راجہ,,,,"H-09499, F-7, Islamabad",4571
UTL009500,حسن Awan,,Hamza اعوان,1974-09-07,"H-09500, Jaranwala Road, Faisalabad",71651
UTL009501,حسین Quraishi,93139-7897678-1,,1974-12-01,"H-09501, Jaranwala Road, Faisalabad",12218
UTL009502,Mohammed اعوان,16428-3715890-6,Faysal Awan,1988-10-09,"H-09502, DHA, Lahore",22691
UTL009503,Maryam قریشی,53254-4626454-6,Imran Qureshi,1975-04-25,"H-09503, F-7, Islamabad",9068
UTL009504,بلال اعوان,79271-1767712-2,Muhammad علی Awan,1964-06-26,"H-09504, Bahria Town, Islamabad",5547
UTL009505,حرا Shaikh,22150-6048564-7,Muhammad بلال شیخ,,"H-09505, E-11, Islamabad",4179
UTL009506,فیصل Raja,74427-9119003-5,,1992-04-19,"H-09506, Johar Town, Lahore",24733
UTL009507,Mohammed Hussain Bhatti,74512-2912877-1,Mohammed Husain Bhatti,1964-05-22,"H-09507, Chaklala, Rawalpindi",3368
UTL009508,Mohammad Khan,,Muhammed Ahmed Khan,1988-05-13,"H-09508, Gulshan-e-Iqbal, Karachi",11306
UTL009509,Hamzah Khan,,Ali Khan,1964-04-05,"H-09509, Satellite Town, Rawalpindi",7292
UTL009510,Hira شیخ,93848-1938686-9,,1955-05-13,"H-09510, Model Town, Lahore",15146
UTL009511,Muhammad Sayyid,89130-5902554-3,احمد Syed,1956-07-27,"H-09511, F-7, Islamabad",15541
UTL009512,Husain Raja,55342-9119810-2,,1974-08-19,"H-09512, Bahria Town, Rawalpindi",15394
UTL009513,Zainab Syed,11581-1079534-9,Hussain Sayed,1986-09-11,"H-09513, Jaranwala Road, Faisalabad",33042
UTL009514,Hasan سید,62825-3309508-6,Muhammed Sayed,1992-04-21,"H-09514, Peoples Colony, Faisalabad",3464
UTL009515,بلال ملک,73619-8273689-8,Hamzah Malick,1971-07-24,"H-09515, Gulberg, Lahore",22801
UTL009516,Fatima Shaykh,,,1966-12-21,"H-09516, Bahria Town, Islamabad",28306
UTL009517,حسن سید,74455-6450532-4,Hassan Syed,1955-01-11,"H-09517, E-11, Islamabad",4230
UTL009518,ثناء قریشی,22448-4083370-9,,,"H-09518, G-10, Islamabad",8895
UTL009519,Zaynab Moghul,55322-4574540-4,Ahmad Moghul,1964-02-07,"H-09519, Chaklala, Rawalpindi",12828
UTL009520,Hussein خان,52639-3917869-9,احمد Khan,1999-05-13,"H-09520, Johar Town, Lahore",32601
UTL009521,عمران Sayed,46743-7594503-9,Mohammed Hasan Sayyid,1996-03-17,"H-09521, F-8, Islamabad",101907
UTL009522,عمران Malik,76051-4839298-3,Muhammed بلال Malick,1975-03-17,"H-09522, Johar Town, Lahore",7373
UTL009523,Husain خان,33527-7658581-3,Muhammad Hamzah Khan,1956-12-06,"H-09523, Malir, Karachi",70456
UTL009524,Ahmed Malik,50229-6571714-9,Bilal Malick,1980-11-05,"H-09524, Johar Town, Lahore",14130
UTL009525,Husain مغل,86006-7659431-7,,2001-11-14,"H-09525, Peoples Colony, Faisalabad",15323
UTL009526,Aisha قریشی,25175-7274871-2,Ahmed Qureshi,1992-08-05,"H-09526, Clifton, Karachi",27492
UTL009527,Maryam ملک,99704-2688915-5,Mohammed Malik,1987-10-05,"H-09527, Malir, Karachi",6830
UTL009528,ثناء مغل,15504-2667422-6,Muhammed Mughal,1971-12-21,"H-09528, Malir, Karachi",14984
UTL009529,Zaynab Sayed,82365-3544121-8,Muhammed Sayed,1988-11-27,"H-09529, DHA, Karachi",15051
UTL009530,Bilal سید,28590-6785550-0,Hassan Sayyid,1991-11-18,"H-09530, Jaranwala Road, Faisalabad",18496
UTL009531,علی راجہ,41148-2248705-3,Ali Raja,1957-05-15,"H-09531, G-10, Islamabad",37517
UTL009532,علی Bhatti,,Bilal Bhatti,1974-08-14,"H-09532, Cantt, Lahore",24254
UTL009533,Aisha Syed,27667-6849527-6,Ahmed Sayed,1965-01-09,"H-09533, Gulshan-e-Iqbal, Karachi",11378
UTL009534,Sana اعوان,38928-6000286-4,Othman Awan,,"H-09534, Clifton, Karachi",16248
UTL009535,Faysal اعوان,26660-2236588-8,Muhammed Awan,1961-10-09,"H-09535, Cantt, Lahore",5920
UTL009536,Sana شیخ,82902-2911581-5,Ali Shaikh,1963-12-17,"H-09536, Bahria Town, Rawalpindi",11409
UTL009537,Hussain Moghul,61745-4414918-8,,1962-04-13,"H-09537, Satellite Town, Rawalpindi",43310
UTL009538,زینب راجہ,,,1965-08-13,"H-09538, F-7, Islamabad",119545
UTL009539,Ahmad Moghul,,,1983-11-04,"H-09539, North Nazimabad, Karachi",30431
UTL009540,Muhammed قریشی,50555-7396959-0,Hamzah Qureshi,1987-04-14,"H-09540, DHA, Karachi",6005
UTL009541,Faisal Quraishi,75655-4003354-1,Hussain قریشی,1961-03-16,"H-09541, Peoples Colony, Faisalabad",7573
UTL009542,عائشہ Bhatti,12387-6615945-0,Mohammed Husain Bhatti,1972-06-25,"H-09542, Madina Town, Faisalabad",35574
UTL009543,Fatimah مغل,89942-9079018-7,Mohammad Mughal,,"H-09543, F-7, Islamabad",18879
UTL009544,بلال Awan,22848-8889671-8,حمزہ اعوان,1962-03-12,"H-09544, Peoples Colony, Faisalabad",6572
UTL009545,احمد Khan,84735-2765567-4,Usman Khan,1979-07-15,"H-09545, Malir, Karachi",41877
UTL009546,حسن Raja,57942-6948909-7,Muhammed Bilal Raja,1983-03-04,"H-09546, DHA, Karachi",18341
UTL009547,فاطمہ خان,11717-9985859-7,احمد Khan,1964-11-27,"H-09547, Chaklala, Rawalpindi",53465
UTL009548,فیصل سید,53798-5424243-3,Ahmad Sayed,1977-01-13,"H-09548, F-7, Islamabad",8306
UTL009549,زینب Moghul,,Bilal مغل,1970-01-14,"H-09549, Malir, Karachi",16392
UTL009550,Muhammad Hasan Shaykh,28856-1273642-1,Husain Sheikh,1977-11-07,"H-09550, Madina Town, Faisalabad",44385
UTL009551,Ali Quraishi,61888-6012496-4,Muhammed Husain Qureshi,,"H-09551, F-8, Islamabad",70332
UTL009552,Sana Quraishi,28079-1164052-9,علی Quraishi,1980-05-09,"H-09552, DHA, Lahore",6099
UTL009553,Ayesha Malick,49806-8091790-4,حمزہ ملک,1963-12-01,"H-09553, DHA, Karachi",10361
UTL009554,Usman مغل,84549-9680085-7,حسن مغل,1966-03-28,"H-09554, Gulshan-e-Iqbal, Karachi",4632
UTL009555,Mohammed بلال Quraishi,13270-1629070-4,Faysal قریشی,1958-08-21,"H-09555, DHA, Lahore",63396
UTL009556,Aisha Butt,45838-9003100-0,Othman بٹ,1982-09-01,"H-09556, Johar Town, Lahore",27906
UTL009557,Mohammed Shaikh,62348-5726710-2,Hasan Shaykh,1981-05-23,"H-09557, North Nazimabad, Karachi",4510
UTL009558,Mohammed Hussein Sheikh,56124-1406944-6,Muhammad Hassan شیخ,1957-05-09,"H-09558, Johar Town, Lahore",13695
UTL009559,حرا Shaykh,86296-6151211-5,Hasan Shaykh,1978-11-05,"H-09559, Peoples Colony, Faisalabad",10389
UTL009560,Hira Malik,59367-2666611-6,Ali Malick,1987-09-25,"H-09560, Clifton, Karachi",22667
UTL009561,زینب خان,56658-1671739-6,,1992-09-11,"H-09561, Peoples Colony, Faisalabad",140080
UTL009562,Muhammed حسن Shaykh,58832-1164467-2,Faysal شیخ,1995-02-01,"H-09562, Peoples Colony, Faisalabad",125959
UTL009563,بلال Butt,70561-9853797-3,Mohammed Ahmed بٹ,1976-10-14,"H-09563, Peoples Colony, Faisalabad",10588
UTL009564,Ali بٹ,29038-2223530-8,Muhammad احمد بٹ,1967-02-11,"H-09564, North Nazimabad, Karachi",3809
UTL009565,Muhammad Hamza بٹ,77891-3008665-0,Mohammed بٹ,1981-04-19,"H-09565, Cantt, Lahore",16630
UTL009566,Mohammad ملک,72836-7937057-0,علی Malik,1968-05-25,"H-09566, Johar Town, Lahore",11951
UTL009567,زینب Moghul,18891-2417825-3,,1968-07-28,"H-09567, G-10, Islamabad",9248
UTL009568,Ayesha Awan,37076-2162624-3,,1971-04-16,"H-09568, Saddar, Rawalpindi",27938
UTL009569,Osman Sayyid,,فیصل سید,1966-11-13,"H-09569, Gulberg, Lahore",25765
UTL009570,Mohammed حسن Malick,11521-4716977-0,Mohammed Malik,2002-08-14,"H-09570, F-7, Islamabad",8081
UTL009571,محمد Awan,75407-3911705-3,Mohammad حسین اعوان,1963-12-24,"H-09571, Gulberg, Lahore",61846
UTL009572,احمد Sheikh,43309-2463501-2,Hamza Shaikh,1976-12-09,"H-09572, E-11, Islamabad",65534
UTL009573,Ali سید,86381-9393690-4,عثمان Sayyid,1955-09-27,"H-09573, Jaranwala Road, Faisalabad",8022
UTL009574,Mariam Moghul,,,,"H-09574, Jaranwala Road, Faisalabad",10771
UTL009575,Mohammad بٹ,10240-3382709-1,Osman Bhatti,1987-06-25,"H-09575, Gulberg, Lahore",66735
UTL009576,Husain چوہدری,30988-7302373-5,Hasan Ch.,1994-08-24,"H-09576, Bahria Town, Islamabad",7423
UTL009577,حسن بٹ,43876-4216297-9,حمزہ Bhatti,1962-02-25,"H-09577, Malir, Karachi",15100
UTL009578,Hassan Chaudhary,95706-2071961-4,Hassan Chaudhary,1973-04-19,"H-09578, Madina Town, Faisalabad",48587
UTL009579,عمران راجہ,,Hassan Raja,1957-02-12,"H-09579, F-8, Islamabad",23619
UTL009580,Mohammad Mughal,93562-7860351-9,Mohammed مغل,,"H-09580, Gulshan-e-Iqbal, Karachi",6032
UTL009581,Mohammed حمزہ سید,81579-6132301-1,Ali سید,1999-04-13,"H-09581, Madina Town, Faisalabad",17017
UTL009582,Bilal مغل,83527-1426909-6,Ahmad مغل,1994-01-04,"H-09582, Bahria Town, Rawalpindi",33043
UTL009583,علی Quraishi,88642-8916851-6,,,"H-09583, Chaklala, Rawalpindi",10452
UTL009584,حسن Malick,57929-9755948-9,Othman Malick,1969-07-14,"H-09584, Saddar, Rawalpindi",18703
UTL009585,Mariam Syed,,حسن سید,1958-06-27,"H-09585, Gulberg, Lahore",80842
UTL009586,Ahmed خان,,Imran Khan,1961-04-20,"H-09586, Model Town, Lahore",11062
UTL009587,Ahmad اعوان,38919-5050746-1,محمد اعوان,1995-08-24,"H-09587, Satellite Town, Rawalpindi",29564
UTL009588,ثناء Chaudhry,81724-2542746-9,محمد چوہدری,1963-06-10,"H-09588, Jaranwala Road, Faisalabad",17719
UTL009589,Muhammad Sayyid,,Ali Sayyid,,"H-09589, DHA, Lahore",12457
UTL009590,Hamza Awan,48568-2620246-1,,,"H-09590, Madina Town, Faisalabad",3570
UTL009591,Imran سید,,Faysal Sayed,1999-02-09,"H-09591, Madina Town, Faisalabad",16874
UTL009592,Mohammed عثمان Sheikh,22971-4825492-4,Ahmed Shaykh,1970-06-27,"H-09592, Clifton, Karachi",58422
UTL009593,Mohammed Ahmad اعوان,75262-2871525-7,Faysal Awan,1999-11-10,"H-09593, Chaklala, Rawalpindi",16105
UTL009594,Hussain Mughal,74264-4415138-5,,1978-03-05,"H-09594, Jaranwala Road, Faisalabad",19153
UTL009595,Mohammed حمزہ بٹ,36051-3818228-4,علی Butt,1995-03-08,"H-09595, Model Town, Lahore",39145
UTL009596,ثناء Khan,10649-1945170-8,Muhammad Usman خان,1957-10-01,"H-09596, Satellite Town, Rawalpindi",34918
UTL009597,عمران سید,,Ahmad سید,1989-06-27,"H-09597, DHA, Lahore",39347
UTL009598,احمد Raja,,فیصل Raja,1965-08-13,"H-09598, Peoples Colony, Faisalabad",4483
UTL009599,Fatema سید,48518-1786701-8,,1967-07-19,"H-09599, Bahria Town, Islamabad",27581
UTL009600,Hira Malik,24342-2419761-8,Faisal Malik,1975-07-12,"H-09600, G-10, Islamabad",13596
UTL009601,Muhammed Quraishi,41308-9793971-4,Husain قریشی,1970-09-20,"H-09601, Gulberg, Lahore",104375
UTL009602,Husain راجہ,21517-7814652-7,Bilal Raja,1973-06-02,"H-09602, Gulshan-e-Iqbal, Karachi",40807
UTL009603,زینب Khan,,Hamza Khan,1972-08-04,"H-09603, Peoples Colony, Faisalabad",6853
UTL009604,Ali شیخ,,احمد شیخ,1960-10-18,"H-09604, Bahria Town, Rawalpindi",59273
UTL009605,Muhammad راجہ,62234-6993070-9,حسین راجہ,1981-12-15,"H-09605, Clifton, Karachi",12242
UTL009606,Mohammad حمزہ Chaudhry,57311-5786350-0,فیصل Chaudhry,1996-03-16,"H-09606, Jaranwala Road, Faisalabad",19207
UTL009607,احمد Bhatti,20052-8146108-1,Mohammed حسن Butt,1963-05-20,"H-09607, Malir, Karachi",11425
UTL009608,Hamza خان,,Muhammed Othman Khan,1993-09-26,"H-09608, Clifton, Karachi",4466
UTL009609,ثناء قریشی,36329-2777150-5,Imran قریشی,,"H-09609, Malir, Karachi",4063
UTL009610,Hasan ملک,,,1985-12-27,"H-09610, Madina Town, Faisalabad",6096
UTL009611,Muhammed فیصل Shaykh,60895-6282202-4,Ali Shaykh,1962-03-02,"H-09611, F-7, Islamabad",5298
UTL009612,Mohammad حسن راجہ,98791-3871098-4,Husain Raja,2001-03-11,"H-09612, Clifton, Karachi",16512
UTL009613,Mariam Shaykh,86779-9094747-8,Mohammed عمران Shaikh,1968-02-27,"H-09613, Jaranwala Road, Faisalabad",384731
UTL009614,Ali بٹ,63354-1084541-4,,1988-06-24,"H-09614, Bahria Town, Islamabad",77298
UTL009615,محمد راجہ,40369-6750907-1,Muhammad Ahmad راجہ,1957-10-21,"H-09615, Peoples Colony, Faisalabad",12337
UTL009616,Faysal Quraishi,,Mohammed حمزہ قریشی,2001-10-27,"H-09616, Jaranwala Road, Faisalabad",38968
UTL009617,Muhammad Faisal Khan,65868-1071287-0,عثمان Khan,2000-05-01,"H-09617, Peoples Colony, Faisalabad",59627
UTL009618,Marium Shaykh,,Mohammad علی شیخ,1989-07-19,"H-09618, Satellite Town, Rawalpindi",13142
UTL009619,حمزہ Bhatti,28300-6458811-7,Hamzah Butt,1990-10-18,"H-09619, Cantt, Lahore",6514
UTL009620,Mariam Awan,68683-5761344-0,بلال اعوان,1988-02-16,"H-09620, Saddar, Rawalpindi",12940
UTL009621,فاطمہ راجہ,27603-6159326-5,Mohammed Ali راجہ,1974-02-09,"H-09621, G-10, Islamabad",107620
UTL009622,Hamzah Awan,87359-2114130-3,,1962-09-11,"H-09622, Gulshan-e-Iqbal, Karachi",5441
UTL009623,احمد راجہ,22540-5981514-5,Ahmed راجہ,2002-07-25,"H-09623, Saddar, Rawalpindi",4683
UTL009624,Bilal Quraishi,24615-8129976-3,Osman قریشی,,"H-09624, Peoples Colony, Faisalabad",17775
UTL009625,علی Chaudhry,79977-1662640-1,Hussain چوہدری,1994-07-02,"H-09625, G-10, Islamabad",8723
UTL009626,Muhammed Husain بٹ,38566-9655945-0,Othman Bhatti,1997-08-20,"H-09626, Chaklala, Rawalpindi",37623
UTL009627,حسن Chaudhry,,Hussein Choudhary,1962-01-19,"H-09627, Cantt, Lahore",15284
UTL009628,Aisha Raja,,عمران Raja,1978-07-11,"H-09628, Bahria Town, Islamabad",14946
UTL009629,Husain Sheikh,95455-7219285-7,محمد Shaykh,2002-04-24,"H-09629, Bahria Town, Rawalpindi",28108
UTL009630,Fatema راجہ,48508-7331266-6,,1968-02-24,"H-09630, Model Town, Lahore",53336
UTL009631,Mohammad Ahmad Ch.,,Mohammed Hamzah Chaudhry,1985-04-22,"H-09631, Bahria Town, Rawalpindi",59727
UTL009632,Hassan Bhatti,36707-4024237-9,Faysal بٹ,1984-03-14,"H-09632, DHA, Lahore",71467
UTL009633,حسین Sayyid,46761-6715057-9,Mohammad Hassan سید,1961-01-01,"H-09633, Madina Town, Faisalabad",38819
UTL009634,فیصل سید,54822-3040641-8,Ahmad Sayed,1970-04-17,"H-09634, Malir, Karachi",68994
UTL009635,Husain Bhatti,46739-6183754-2,حسین Bhatti,1995-10-03,"H-09635, Madina Town, Faisalabad",9752
UTL009636,Mohammed بلال Choudhary,,Ali چوہدری,1981-11-03,"H-09636, Bahria Town, Rawalpindi",20887
UTL009637,Bilal Shaikh,,حسن Shaykh,1974-05-16,"H-09637, DHA, Karachi",8487
UTL009638,Imran اعوان,,Imran Awan,,"H-09638, Jaranwala Road, Faisalabad",34631
UTL009639,Sana Shaykh,26268-4659507-7,Bilal شیخ,1989-09-12,"H-09639, DHA, Lahore",11302
UTL009640,Mohammad Ali Shaykh,47121-3361293-3,بلال Shaikh,1974-05-14,"H-09640, F-8, Islamabad",27948
UTL009641,احمد Chaudhary,52640-1342543-2,احمد چوہدری,,"H-09641, Gulberg, Lahore",146824
UTL009642,فیصل Mughal,69840-4848087-6,,,"H-09642, Clifton, Karachi",21720
UTL009643,Sana بٹ,60585-2016809-2,Muhammed Imran بٹ,1964-09-16,"H-09643, DHA, Lahore",7105
UTL009644,حسن Malik,42528-4244607-3,,1966-02-14,"H-09644, Chaklala, Rawalpindi",35707
UTL009645,حسن Raja,56886-4302112-2,محمد Raja,1987-09-17,"H-09645, Jaranwala Road, Faisalabad",18191
UTL009646,Hamzah خان,10630-6826557-0,Muhammad خان,1979-09-26,"H-09646, Satellite Town, Rawalpindi",22432
UTL009647,Fatema اعوان,10006-1847495-6,Hussain اعوان,1959-04-21,"H-09647, F-8, Islamabad",53198
UTL009648,Zainab Butt,35279-2386364-9,Husain بٹ,1957-10-13,"H-09648, Gulshan-e-Iqbal, Karachi",21195
UTL009649,Muhammed Faisal Chaudhry,46793-4961922-4,حسن Choudhary,1961-09-01,"H-09649, Bahria Town, Rawalpindi",9481
UTL009650,Muhammad Mughal,66475-8323210-6,Hasan Moghul,1961-08-22,"H-09650, Model Town, Lahore",105198
UTL009651,Imran Syed,37004-1701146-3,Ahmed Syed,1982-04-19,"H-09651, Malir, Karachi",49533
UTL009652,عمران Mughal,21374-9861408-4,Imran Moghul,1967-04-06,"H-09652, Peoples Colony, Faisalabad",20141
UTL009653,Mohammed Hamza Raja,16542-8339149-6,Mohammad Osman راجہ,1967-04-12,"H-09653, DHA, Lahore",31227
UTL009654,Muhammed Husain Choudhary,91562-9551323-8,Faysal چوہدری,1965-05-02,"H-09654, Madina Town, Faisalabad",26411
UTL009655,Muhammed Bilal خان,48577-6713561-3,,1994-10-13,"H-09655, Madina Town, Faisalabad",6454
UTL009656,Zaynab Chaudhary,,,1993-09-12,"H-09656, Gulshan-e-Iqbal, Karachi",44025
UTL009657,Mohammed اعوان,91144-1407466-0,,1974-01-25,"H-09657, Model Town, Lahore",13665
UTL009658,Marium Sayed,,,1966-01-25,"H-09658, Bahria Town, Islamabad",4853
UTL009659,Aysha Awan,,,1979-06-06,"H-09659, North Nazimabad, Karachi",9639
UTL009660,Hussain Ch.,82870-3281509-0,Mohammad Bilal چوہدری,1960-08-27,"H-09660, Satellite Town, Rawalpindi",15254
UTL009661,Sana Sayyid,,,1974-02-07,"H-09661, Johar Town, Lahore",50005
UTL009662,Husain Bhatti,71536-7928039-0,Hamza Bhatti,1985-06-11,"H-09662, F-8, Islamabad",253225
UTL009663,فیصل شیخ,58093-3873906-7,,1994-08-25,"H-09663, Johar Town, Lahore",81066
UTL009664,Ayesha Syed,89077-2225341-3,Ali Sayed,1958-11-27,"H-09664, G-10, Islamabad",28115
UTL009665,Usman راجہ,69994-7478557-0,Ahmad راجہ,,"H-09665, Satellite Town, Rawalpindi",25939
UTL009666,Faisal راجہ,,,1982-03-28,"H-09666, DHA, Lahore",70122
UTL009667,Hamza سید,,Muhammad Hassan سید,1998-11-26,"H-09667, Jaranwala Road, Faisalabad",10334
UTL009668,حرا سید,78868-3887345-1,محمد سید,1997-06-20,"H-09668, DHA, Karachi",12593
UTL009669,عثمان Chaudhry,,Hasan Choudhary,1971-07-26,"H-09669, Jaranwala Road, Faisalabad",26657
UTL009670,Muhammed خان,11604-3938983-5,Ali خان,1956-05-12,"H-09670, G-10, Islamabad",9061
UTL009671,عمران Malik,61909-2601897-7,Mohammed Ali Malick,1992-07-27,"H-09671, Bahria Town, Rawalpindi",12870
UTL009672,Osman Butt,91044-6087223-4,Husain Bhatti,1984-08-05,"H-09672, Madina Town, Faisalabad",12060
UTL009673,Hussain راجہ,27091-4870456-9,Muhammad Raja,1999-03-26,"H-09673, G-10, Islamabad",11196
UTL009674,Ali Sayyid,66765-3566138-9,Muhammed Hussain Sayed,1963-10-17,"H-09674, Bahria Town, Rawalpindi",36009
UTL009675,Ayisha Chaudhary,38771-4176220-5,Faysal Chaudhary,,"H-09675, F-7, Islamabad",9057
UTL009676,Ali اعوان,71824-2820295-8,Hussein Awan,1994-07-05,"H-09676, G-10, Islamabad",45999
UTL009677,Usman Moghul,,Bilal مغل,1973-09-26,"H-09677, Madina Town, Faisalabad",6692
UTL009678,Muhammad Hasan Mughal,98874-4119160-7,Ali Mughal,1990-07-01,"H-09678, DHA, Lahore",33330
UTL009679,Fatema Khan,66115-4232175-9,Faisal Khan,,"H-09679, G-10, Islamabad",207443
UTL009680,Othman راجہ,,Muhammed فیصل Raja,1986-05-08,"H-09680, DHA, Karachi",23051
UTL009681,Mohammed Hassan ملک,,محمد Malick,,"H-09681, Jaranwala Road, Faisalabad",61256
UTL009682,حمزہ قریشی,,حسن Qureshi,1977-11-07,"H-09682, Peoples Colony, Faisalabad",20910
UTL009683,Marium Qureshi,37059-8132474-3,Hamzah Quraishi,2002-08-05,"H-09683, DHA, Karachi",28975
UTL009684,Zainab خان,,Muhammed احمد خان,1995-05-01,"H-09684, Bahria Town, Rawalpindi",60994
UTL009685,Mohammed راجہ,,Faysal راجہ,1975-02-25,"H-09685, Model Town, Lahore",8664
UTL009686,عمران Bhatti,50857-2873145-3,Mohammed عمران Butt,1995-12-09,"H-09686, E-11, Islamabad",36930
UTL009687,Zaynab Malik,,Hamzah Malick,2003-08-08,"H-09687, North Nazimabad, Karachi",9755
UTL009688,Mohammed عمران اعوان,36877-3682542-0,Faysal Awan,1958-01-15,"H-09688, Chaklala, Rawalpindi",28464
UTL009689,Hussein Awan,,حمزہ اعوان,1983-04-10,"H-09689, North Nazimabad, Karachi",11093
UTL009690,Othman Khan,74567-4390697-7,Muhammad Khan,1979-09-12,"H-09690, Bahria Town, Rawalpindi",8921
UTL009691,Husain Bhatti,36809-8591182-3,Ahmad Bhatti,1968-04-21,"H-09691, G-10, Islamabad",24066
UTL009692,Ahmad Shaykh,73531-7911317-7,Hassan Shaykh,1976-05-16,"H-09692, Jaranwala Road, Faisalabad",9052
UTL009693,حرا خان,,,1963-12-06,"H-09693, Madina Town, Faisalabad",21369
UTL009694,Muhammed Usman Raja,95071-2684088-2,Hamzah راجہ,1986-02-01,"H-09694, DHA, Karachi",49188
UTL009695,Mohammad Hamza ملک,33292-9468709-1,Ahmad Malik,,"H-09695, E-11, Islamabad",31062
UTL009696,حرا Malik,,Muhammed Usman Malik,1956-02-02,"H-09696, Jaranwala Road, Faisalabad",30309
UTL009697,Hasan Mughal,,,1985-12-02,"H-09697, Gulshan-e-Iqbal, Karachi",17967
UTL009698,زینب راجہ,54675-1141185-1,Muhammed Hamzah راجہ,1957-08-21,"H-09698, G-10, Islamabad",18209
UTL009699,حسین مغل,78062-3538274-7,Hamza مغل,1980-06-09,"H-09699, E-11, Islamabad",31470
UTL009700,Imran Choudhary,,Usman چوہدری,1961-03-23,"H-09700, Malir, Karachi",6983
UTL009701,عمران قریشی,66572-3471610-5,,1982-11-07,"H-09701, G-10, Islamabad",8419
UTL009702,حسین Choudhary,,Muhammed Bilal Choudhary,1996-08-08,"H-09702, Gulshan-e-Iqbal, Karachi",25247
UTL009703,Mohammed Hasan Raja,,Mohammad Ahmad Raja,1976-06-14,"H-09703, Peoples Colony, Faisalabad",56473
UTL009704,Hassan Bhatti,46512-8647550-0,حسن Butt,1967-11-16,"H-09704, G-10, Islamabad",124802
UTL009705,Ali شیخ,,احمد Sheikh,1970-06-01,"H-09705, F-8, Islamabad",7930
UTL009706,بلال راجہ,95476-4232934-2,Imran Raja,1963-01-15,"H-09706, Johar Town, Lahore",32023
UTL009707,Muhammad خان,82185-2678759-6,,1960-11-26,"H-09707, Malir, Karachi",39655
UTL009708,Imran Ch.,,,1963-03-21,"H-09708, Saddar, Rawalpindi",8931
UTL009709,Ahmad بٹ,58363-9883369-2,Muhammed بلال Bhatti,1981-03-20,"H-09709, Chaklala, Rawalpindi",4804
UTL009710,Ayesha Choudhary,,Faysal چوہدری,1963-05-01,"H-09710, Clifton, Karachi",9151
UTL009711,Mohammed Ahmad بٹ,60787-5403423-6,احمد بٹ,1970-12-10,"H-09711, DHA, Lahore",49227
UTL009712,فاطمہ Butt,,Hamza Bhatti,1982-04-10,"H-09712, North Nazimabad, Karachi",4451
UTL009713,Muhammed عمران قریشی,,Mohammed Hamzah قریشی,1980-09-16,"H-09713, Chaklala, Rawalpindi",34766
UTL009714,Mohammad Usman مغل,60258-3346543-9,,1979-04-14,"H-09714, Malir, Karachi",38190
UTL009715,فاطمہ Shaykh,64004-5426434-9,Muhammad عمران Shaikh,1979-09-07,"H-09715, Madina Town, Faisalabad",16732
UTL009716,Mohammad Sayyid,94945-1638243-9,,1959-02-20,"H-09716, Bahria Town, Rawalpindi",11644
UTL009717,Hasan اعوان,86323-3686922-4,Imran Awan,1969-01-06,"H-09717, F-8, Islamabad",31641
UTL009718,محمد Raja,10254-5766725-4,Mohammed Imran Raja,1995-06-12,"H-09718, Satellite Town, Rawalpindi",49467
UTL009719,Hira Sayyid,36509-9933778-7,حسین Sayed,1982-10-25,"H-09719, Gulberg, Lahore",11623
UTL009720,Muhammed چوہدری,78153-6186071-2,Othman چوہدری,1981-02-28,"H-09720, Gulshan-e-Iqbal, Karachi",28160
UTL009721,Muhammed Imran Chaudhry,,,1957-02-11,"H-09721, DHA, Karachi",25626
UTL009722,Mohammad حمزہ Shaykh,94796-6044873-7,,2003-10-10,"H-09722, Peoples Colony, Faisalabad",9711
UTL009723,Maryam Shaykh,20783-4881081-0,,1996-07-14,"H-09723, Peoples Colony, Faisalabad",8974
UTL009724,علی Syed,89382-3570940-2,فیصل Syed,1985-11-03,"H-09724, Chaklala, Rawalpindi",70788
UTL009725,Mohammed Imran اعوان,80597-8322881-5,Mohammed Hussein اعوان,1987-07-14,"H-09725, Satellite Town, Rawalpindi",17653
UTL009726,عمران ملک,33168-7422284-9,Mohammed Ali Malick,1973-04-20,"H-09726, Bahria Town, Islamabad",29978
UTL009727,Ahmad Khan,14493-9797043-3,Hamzah خان,1986-08-11,"H-09727, Jaranwala Road, Faisalabad",7711
UTL009728,Mohammad Faisal Sayed,40962-1329450-9,Hassan سید,1969-06-08,"H-09728, Madina Town, Faisalabad",29882
UTL009729,Mohammed Moghul,95019-6914154-3,Mohammed Hasan مغل,2003-08-07,"H-09729, Malir, Karachi",8138
UTL009730,Mohammed Raja,64830-5559263-1,,1986-08-17,"H-09730, Johar Town, Lahore",48826
UTL009731,عثمان Awan,33291-2045412-9,عمران اعوان,1976-11-06,"H-09731, Bahria Town, Islamabad",54814
UTL009732,Mohammed علی Chaudhry,59275-2827310-2,,1960-01-08,"H-09732, Cantt, Lahore",7301
UTL009733,عمران Syed,88518-1879062-7,عمران Syed,1984-08-04,"H-09733, North Nazimabad, Karachi",20981
UTL009734,Imran راجہ,19900-7283078-4,Usman Raja,1977-01-11,"H-09734, Satellite Town, Rawalpindi",14756
UTL009735,Osman خان,,Mohammad Imran Khan,1999-05-21,"H-09735, Malir, Karachi",71085
UTL009736,ثناء Chaudhry,31977-9538165-7,Muhammad عمران Chaudhry,1995-09-27,"H-09736, Satellite Town, Rawalpindi",372797
UTL009737,Muhammad Awan,,Usman Awan,,"H-09737, North Nazimabad, Karachi",5921
UTL009738,مریم Malik,22012-6264919-1,Hasan Malik,1968-06-20,"H-09738, Peoples Colony, Faisalabad",7133
UTL009739,Zainab Sayyid,53050-3416341-8,Hamzah Sayyid,1975-03-22,"H-09739, Model Town, Lahore",7878
UTL009740,Sana Awan,34778-3493740-6,Hussein اعوان,1967-06-08,"H-09740, E-11, Islamabad",25493
UTL009741,حمزہ Mughal,26005-2606274-2,Mohammed حسین Mughal,1980-04-12,"H-09741, Gulshan-e-Iqbal, Karachi",4823
UTL009742,Muhammad Hussain اعوان,33832-5901995-9,فیصل اعوان,2003-04-03,"H-09742, Gulshan-e-Iqbal, Karachi",6907
UTL009743,احمد Chaudhry,20898-7065092-9,Mohammed احمد چوہدری,1956-07-14,"H-09743, Cantt, Lahore",18135
UTL009744,Imran Malik,90325-2056417-7,علی Malik,1957-03-19,"H-09744, Malir, Karachi",8581
UTL009745,فیصل Syed,47504-7060224-0,Hasan Sayed,1995-09-20,"H-09745, Clifton, Karachi",12080
UTL009746,Ali خان,,Hassan خان,1967-06-16,"H-09746, Saddar, Rawalpindi",13713
UTL009747,Usman اعوان,41787-2969818-9,Hasan Awan,1985-12-06,"H-09747, Madina Town, Faisalabad",6845
UTL009748,عائشہ Quraishi,14912-1470531-6,Hussain Quraishi,1959-12-18,"H-09748, Madina Town, Faisalabad",53832
UTL009749,Muhammed Hassan Ch.,33661-4354258-7,عمران Choudhary,1982-04-01,"H-09749, DHA, Lahore",17278
UTL009750,Ahmed Awan,,حسین Awan,2002-10-11,"H-09750, Bahria Town, Rawalpindi",13914
UTL009751,Mohammad Hamzah Malick,,Usman Malik,1958-05-15,"H-09751, F-8, Islamabad",3449
UTL009752,احمد Khan,,,1987-07-02,"H-09752, Chaklala, Rawalpindi",22243
UTL009753,Hira سید,17601-1549289-0,حسن Sayyid,1979-07-18,"H-09753, DHA, Lahore",6055
UTL009754,Mohammed علی اعوان,46544-5363433-9,احمد اعوان,1988-08-14,"H-09754, E-11, Islamabad",7680
UTL009755,Aysha Raja,43157-5412910-6,Hassan Raja,1985-07-13,"H-09755, Cantt, Lahore",18624
UTL009756,Fatema Mughal,32836-2996382-4,,1984-08-12,"H-09756, DHA, Karachi",9169
UTL009757,Hira Bhatti,40717-4087106-4,,1982-05-23,"H-09757, Saddar, Rawalpindi",9579
UTL009758,حرا Sayed,59444-5676556-7,Bilal سید,1990-04-13,"H-09758, Jaranwala Road, Faisalabad",4588
UTL009759,Ahmed Butt,,بلال Butt,1998-06-08,"H-09759, Clifton, Karachi",15957
UTL009760,علی Quraishi,46763-4423518-7,Muhammad عمران Qureshi,1999-10-25,"H-09760, F-7, Islamabad",20461
UTL009761,Aysha بٹ,78327-4363852-6,,1979-08-09,"H-09761, Peoples Colony, Faisalabad",12839
UTL009762,Hasan Sayyid,76152-3371422-4,Muhammed علی سید,1977-09-22,"H-09762, DHA, Lahore",4526
UTL009763,Bilal Malik,36530-4690329-9,Hamza Malik,1965-06-12,"H-09763, Gulshan-e-Iqbal, Karachi",4188
UTL009764,Aisha سید,,عمران Syed,1964-08-08,"H-09764, Peoples Colony, Faisalabad",69256
UTL009765,فیصل قریشی,,,,"H-09765, F-7, Islamabad",10706
UTL009766,Imran Malik,93335-1396553-5,,1979-06-09,"H-09766, Cantt, Lahore",5443
UTL009767,حمزہ Quraishi,72890-6510806-9,Bilal Quraishi,1972-10-11,"H-09767, Chaklala, Rawalpindi",23895
UTL009768,Muhammad احمد راجہ,79273-9045596-3,Mohammed Hamza راجہ,1979-04-15,"H-09768, F-8, Islamabad",31862
UTL009769,عمران Awan,31100-8787445-9,حسین اعوان,1958-10-23,"H-09769, Model Town, Lahore",18196
UTL009770,Faisal خان,59454-3841782-7,عثمان Khan,1973-04-26,"H-09770, Madina Town, Faisalabad",8846
UTL009771,فاطمہ اعوان,81514-9969372-3,حسن اعوان,1998-08-06,"H-09771, Chaklala, Rawalpindi",23644
UTL009772,Bilal Moghul,48707-7306485-3,حمزہ Mughal,1957-08-23,"H-09772, Saddar, Rawalpindi",42023
UTL009773,Osman خان,76399-3247238-0,Faisal خان,1958-09-19,"H-09773, Saddar, Rawalpindi",9458
UTL009774,مریم اعوان,20866-2833670-7,حسن Awan,1999-08-03,"H-09774, Jaranwala Road, Faisalabad",28914
UTL009775,Hassan راجہ,23536-9644167-0,,,"H-09775, Cantt, Lahore",7119
UTL009776,Muhammad Othman خان,66918-7599744-4,,1983-12-16,"H-09776, F-8, Islamabad",18677
UTL009777,عثمان Shaykh,87295-6568000-7,Muhammed Ali Sheikh,1959-07-02,"H-09777, Cantt, Lahore",7740
UTL009778,Ahmed راجہ,52052-5521280-8,علی راجہ,1996-04-24,"H-09778, Clifton, Karachi",71261
UTL009779,Muhammed ملک,42924-3416756-5,Mohammad فیصل ملک,1987-04-26,"H-09779, Peoples Colony, Faisalabad",30775
UTL009780,Maryam قریشی,73049-6680340-4,Mohammed قریشی,,"H-09780, Bahria Town, Rawalpindi",56082
UTL009781,Hussain Qureshi,20385-6019640-6,,1964-10-17,"H-09781, Chaklala, Rawalpindi",8334
UTL009782,Imran Qureshi,45496-6005223-1,علی قریشی,1976-08-15,"H-09782, Gulberg, Lahore",10936
UTL009783,Faisal Mughal,12614-7796423-4,Mohammad Mughal,1966-12-25,"H-09783, Johar Town, Lahore",151956
UTL009784,Aysha سید,79671-6433672-9,عمران Sayed,1999-06-22,"H-09784, F-7, Islamabad",30658
UTL009785,Hussain قریشی,39953-2211410-8,علی Quraishi,2000-11-10,"H-09785, Johar Town, Lahore",15264
UTL009786,Mohammad Husain Qureshi,22357-2387408-6,,1971-07-18,"H-09786, F-8, Islamabad",9792
UTL009787,بلال Chaudhry,99643-2093605-2,Mohammad بلال Chaudhary,1976-08-26,"H-09787, Cantt, Lahore",12670
UTL009788,احمد Sheikh,22443-2536368-1,Hamzah شیخ,1962-05-27,"H-09788, F-7, Islamabad",51474
UTL009789,Hamzah Sayyid,88748-4929303-7,,1975-10-17,"H-09789, North Nazimabad, Karachi",14355
UTL009790,Hasan ملک,84171-4166339-6,حمزہ Malik,1977-07-22,"H-09790, Cantt, Lahore",22642
UTL009791,Fatimah Malick,,Muhammed ملک,1962-03-26,"H-09791, Bahria Town, Rawalpindi",15345
UTL009792,محمد بٹ,95438-6634964-5,,2003-04-03,"H-09792, Satellite Town, Rawalpindi",34258
UTL009793,Hasan شیخ,43671-3870048-0,Muhammad Hamzah Shaikh,1996-03-10,"H-09793, Johar Town, Lahore",7742
UTL009794,Mariam Bhatti,,Hamzah Butt,1960-03-11,"H-09794, Satellite Town, Rawalpindi",5926
UTL009795,احمد مغل,76807-8524894-6,Imran Mughal,1993-11-22,"H-09795, Jaranwala Road, Faisalabad",20669
UTL009796,Fatima Butt,34792-9546370-7,Mohammad علی Butt,1961-07-16,"H-09796, DHA, Lahore",11881
UTL009797,Muhammad مغل,18618-1253409-1,فیصل مغل,1967-11-18,"H-09797, DHA, Lahore",16350
UTL009798,علی Ch.,63838-8904000-1,,1964-06-10,"H-09798, Jaranwala Road, Faisalabad",33226
UTL009799,Mariam Sayyid,79287-7494929-8,محمد سید,1961-11-03,"H-09799, North Nazimabad, Karachi",45352
UTL009800,Fatima Awan,62151-5525218-9,,1965-05-11,"H-09800, Jaranwala Road, Faisalabad",13716
UTL009801,Hira Raja,32433-9849259-6,علی راجہ,1989-08-28,"H-09801, Jaranwala Road, Faisalabad",27485
UTL009802,Fatima Shaykh,84747-1178412-5,Faisal شیخ,1988-02-05,"H-09802, Madina Town, Faisalabad",7109
UTL009803,Ali بٹ,91170-9700526-1,Ahmad Butt,1991-11-09,"H-09803, Cantt, Lahore",6658
UTL009804,Muhammad Hamzah Shaykh,29014-1263185-4,علی Sheikh,1977-02-24,"H-09804, Malir, Karachi",24752
UTL009805,Fatima سید,86844-3951443-4,Hussein Syed,1976-03-14,"H-09805, Jaranwala Road, Faisalabad",16874
UTL009806,Muhammed Usman چوہدری,40361-6117344-2,علی چوہدری,1976-04-06,"H-09806, Madina Town, Faisalabad",6643
UTL009807,احمد اعوان,21764-1189521-8,,1974-10-01,"H-09807, Jaranwala Road, Faisalabad",13229
UTL009808,Hamzah Mughal,32323-7401001-8,Husain Mughal,1977-08-17,"H-09808, Jaranwala Road, Faisalabad",9540
UTL009809,Muhammad علی مغل,24477-5320015-8,Ahmad Moghul,1967-08-05,"H-09809, Madina Town, Faisalabad",69017
UTL009810,Faisal خان,28401-2748998-3,Mohammad Hamzah Khan,1987-08-02,"H-09810, Malir, Karachi",45088
UTL009811,احمد Chaudhary,96303-9408713-1,Bilal Chaudhary,1986-04-09,"H-09811, Jaranwala Road, Faisalabad",66438
UTL009812,Imran Khan,77769-9365984-4,,1988-07-22,"H-09812, G-10, Islamabad",8373
UTL009813,Othman Raja,34460-3196782-2,Mohammad بلال راجہ,1998-09-17,"H-09813, North Nazimabad, Karachi",5872
UTL009814,Imran بٹ,59722-1386189-6,Imran بٹ,1979-05-25,"H-09814, Gulshan-e-Iqbal, Karachi",7248
UTL009815,حسن Chaudhry,61677-7609560-6,Muhammed Hussein Chaudhary,1971-04-04,"H-09815, Bahria Town, Islamabad",10736
UTL009816,Muhammad Faisal Quraishi,66739-7497945-7,Bilal قریشی,1980-11-14,"H-09816, Jaranwala Road, Faisalabad",10264
UTL009817,Marium شیخ,84577-4674790-3,Hamzah Shaikh,1963-05-02,"H-09817, Bahria Town, Rawalpindi",65443
UTL009818,زینب قریشی,,Muhammad Bilal Qureshi,1991-02-19,"H-09818, Peoples Colony, Faisalabad",24316
UTL009819,Hussein Sheikh,87748-9560525-8,,1984-10-16,"H-09819, Madina Town, Faisalabad",18569
UTL009820,Hussein قریشی,88917-3622040-2,,1957-11-13,"H-09820, F-7, Islamabad",37822
UTL009821,Mohammad Ahmad Bhatti,,Muhammed Butt,1974-04-24,"H-09821, Bahria Town, Islamabad",20758
UTL009822,Usman Choudhary,,عمران Choudhary,1982-03-18,"H-09822, Bahria Town, Rawalpindi",35662
UTL009823,Hassan بٹ,49153-9583071-4,Ahmad Bhatti,1967-06-05,"H-09823, Jaranwala Road, Faisalabad",14484
UTL009824,زینب Malick,70760-6125653-1,Ahmad Malik,1989-02-25,"H-09824, E-11, Islamabad",5538
UTL009825,Bilal Raja,,,1996-12-04,"H-09825, Saddar, Rawalpindi",4837
UTL009826,Hassan مغل,26613-4607980-5,Bilal Moghul,1983-07-18,"H-09826, Peoples Colony, Faisalabad",10968
UTL009827,Ayesha Bhatti,84111-1349015-7,Muhammed Hasan Bhatti,1971-09-13,"H-09827, Malir, Karachi",24094
UTL009828,Ayesha بٹ,18622-1266188-2,فیصل Bhatti,2001-09-06,"H-09828, Malir, Karachi",41612
UTL009829,Hira Sayed,67265-5643656-4,Hamzah Sayyid,1997-10-07,"H-09829, Peoples Colony, Faisalabad",14774
UTL009830,Fatimah قریشی,16058-7889563-4,Mohammad Qureshi,1971-02-26,"H-09830, Satellite Town, Rawalpindi",11439
UTL009831,Muhammed Hussain Mughal,91099-2807766-5,,1965-06-24,"H-09831, Malir, Karachi",56606
UTL009832,Aisha Bhatti,71204-9060091-9,Muhammad علی Butt,1992-10-13,"H-09832, Peoples Colony, Faisalabad",7224
UTL009833,حمزہ Malik,,Othman Malick,1979-11-05,"H-09833, North Nazimabad, Karachi",19204
UTL009834,Ali Butt,73541-1563010-2,,1987-06-17,"H-09834, Jaranwala Road, Faisalabad",33119
UTL009835,Hamza Mughal,64293-6275196-6,,1960-03-06,"H-09835, Model Town, Lahore",19320
UTL009836,بلال Chaudhry,53864-9252424-8,Usman Choudhary,1971-02-08,"H-09836, North Nazimabad, Karachi",21917
UTL009837,Muhammad قریشی,40325-3096031-2,Mohammed Ahmad Quraishi,,"H-09837, Gulberg, Lahore",32167
UTL009838,Hussein راجہ,10449-1891989-5,Bilal راجہ,2002-03-22,"H-09838, Jaranwala Road, Faisalabad",200961
UTL009839,Mohammad Mughal,35111-3929149-1,,1972-01-14,"H-09839, Bahria Town, Rawalpindi",88655
UTL009840,Bilal ملک,38354-3289046-2,حمزہ ملک,2001-02-23,"H-09840, Satellite Town, Rawalpindi",41977
UTL009841,Mohammed احمد Malik,28343-4871438-3,Ali Malick,,"H-09841, DHA, Lahore",7306
UTL009842,Mohammed حمزہ Raja,25000-2650499-1,,1975-02-20,"H-09842, Jaranwala Road, Faisalabad",60129
UTL009843,Hamza Malik,,,1970-06-20,"H-09843, E-11, Islamabad",15360
UTL009844,حرا Ch.,,Mohammed Chaudhry,1968-12-23,"H-09844, DHA, Karachi",18404
UTL009845,عمران خان,51118-7915754-7,Muhammed Hassan Khan,1982-03-22,"H-09845, Jaranwala Road, Faisalabad",14313
UTL009846,Muhammad احمد Quraishi,72044-7595316-4,Mohammad Quraishi,1979-05-03,"H-09846, Malir, Karachi",28818
UTL009847,حسن Syed,33949-9142445-4,Muhammad Hasan Sayyid,1977-02-28,"H-09847, Satellite Town, Rawalpindi",59158
UTL009848,Faisal Khan,46000-6200058-0,Hussain خان,1970-11-15,"H-09848, Bahria Town, Rawalpindi",12798
UTL009849,Hamzah Sheikh,47449-5705499-7,Ali Sheikh,1996-02-01,"H-09849, Saddar, Rawalpindi",14469
UTL009850,Faysal Chaudhary,13266-1291671-6,بلال Choudhary,1955-07-27,"H-09850, Madina Town, Faisalabad",9954
UTL009851,Imran راجہ,,Muhammad راجہ,1977-10-21,"H-09851, F-7, Islamabad",28226
UTL009852,عمران Khan,15140-2636623-9,Osman خان,1962-06-17,"H-09852, Model Town, Lahore",16052
UTL009853,Bilal اعوان,51804-2038230-6,Muhammed Hassan Awan,,"H-09853, Peoples Colony, Faisalabad",21162
UTL009854,Osman Shaykh,88563-9312212-2,Mohammed Ahmed Shaykh,1956-07-22,"H-09854, Satellite Town, Rawalpindi",29305
UTL009855,Fatimah Bhatti,45999-6594211-0,حسین Butt,1962-01-08,"H-09855, Bahria Town, Rawalpindi",5368
UTL009856,علی Ch.,57425-2553345-9,,1982-09-16,"H-09856, Model Town, Lahore",5750
UTL009857,Muhammad Ch.,20774-6406119-5,Muhammed Hassan چوہدری,1976-05-21,"H-09857, Bahria Town, Islamabad",12747
UTL009858,Aisha Khan,91120-8604623-9,عمران خان,1976-10-21,"H-09858, G-10, Islamabad",9413
UTL009859,Mohammed Usman Chaudhry,,Faisal Choudhary,2000-01-25,"H-09859, Cantt, Lahore",26947
UTL009860,بلال خان,93576-5482917-5,Hamza Khan,1972-07-11,"H-09860, G-10, Islamabad",10962
UTL009861,Maryam مغل,87538-6990435-3,حسن Mughal,1972-10-28,"H-09861, Satellite Town, Rawalpindi",12238
UTL009862,فیصل اعوان,44426-1970319-4,Hasan اعوان,1973-10-07,"H-09862, Madina Town, Faisalabad",13040
UTL009863,Muhammed عمران خان,44168-2559760-8,Bilal Khan,1970-07-15,"H-09863, Peoples Colony, Faisalabad",27712
UTL009864,ثناء چوہدری,81349-5177238-0,Mohammed Hamzah Choudhary,1956-10-28,"H-09864, G-10, Islamabad",11937
UTL009865,Mohammed Faisal ملک,24766-3590304-8,Muhammed Malik,1972-09-21,"H-09865, Model Town, Lahore",60680
UTL009866,Hamzah Raja,61675-8734677-9,علی Raja,1965-04-01,"H-09866, DHA, Lahore",30045
UTL009867,زینب راجہ,95914-9729973-0,Bilal راجہ,2000-05-28,"H-09867, Gulberg, Lahore",10098
UTL009868,حسین Chaudhry,29728-3372757-1,Hussein Choudhary,1994-12-10,"H-09868, Johar Town, Lahore",16421
UTL009869,Muhammed Osman شیخ,,بلال Shaikh,1988-08-27,"H-09869, DHA, Karachi",6490
UTL009870,حسن Shaykh,42721-7047755-5,Mohammed Othman Shaikh,1959-10-18,"H-09870, Gulshan-e-Iqbal, Karachi",23327
UTL009871,Marium Shaykh,,,1967-03-11,"H-09871, Bahria Town, Rawalpindi",8091
UTL009872,Aisha Raja,79214-5297658-6,فیصل راجہ,1998-12-19,"H-09872, North Nazimabad, Karachi",23856
UTL009873,Imran خان,64281-3258118-6,Mohammad علی خان,1969-12-26,"H-09873, Model Town, Lahore",12765
UTL009874,زینب قریشی,,Hussain Quraishi,2002-05-04,"H-09874, Madina Town, Faisalabad",7886
UTL009875,Fatima Butt,80885-5157111-2,Muhammad Bilal Butt,1997-03-09,"H-09875, E-11, Islamabad",7096
UTL009876,Hussain بٹ,,Imran Bhatti,1986-07-08,"H-09876, DHA, Lahore",37221
UTL009877,حمزہ Sayed,85314-1214684-5,Hamzah سید,1974-11-21,"H-09877, F-8, Islamabad",21851
UTL009878,Hasan Chaudhary,,Muhammed Chaudhary,1993-04-15,"H-09878, Johar Town, Lahore",10821
UTL009879,احمد خان,,,1976-02-13,"H-09879, Saddar, Rawalpindi",35966
UTL009880,ثناء ملک,46910-8827781-2,محمد ملک,,"H-09880, Satellite Town, Rawalpindi",17814
UTL009881,Muhammed حسن Malik,,Mohammad Ali ملک,1967-03-18,"H-09881, E-11, Islamabad",5929
UTL009882,عمران Bhatti,,عثمان Butt,1987-03-05,"H-09882, G-10, Islamabad",16145
UTL009883,Faisal اعوان,98128-8490729-1,Muhammad Husain اعوان,1966-02-15,"H-09883, DHA, Karachi",7162
UTL009884,Othman Shaykh,47005-2239754-8,احمد Sheikh,1987-05-15,"H-09884, North Nazimabad, Karachi",5483
UTL009885,Ahmed Raja,56862-4355164-0,بلال Raja,1989-03-12,"H-09885, Clifton, Karachi",21029
UTL009886,بلال قریشی,84409-7359331-6,Mohammed علی Qureshi,1962-10-01,"H-09886, Jaranwala Road, Faisalabad",40529
UTL009887,علی Awan,90518-8335294-3,Muhammad Hamza اعوان,1980-12-01,"H-09887, E-11, Islamabad",8912
UTL009888,Hussain Mughal,80776-3480284-8,,1994-01-28,"H-09888, Gulberg, Lahore",16970
UTL009889,Zainab Bhatti,,Mohammed Bilal بٹ,1958-09-15,"H-09889, DHA, Lahore",33931
UTL009890,Mohammad بٹ,24508-1682728-4,Othman بٹ,,"H-09890, F-7, Islamabad",33425
UTL009891,فیصل Sheikh,,,,"H-09891, Jaranwala Road, Faisalabad",18944
UTL009892,Fatima Moghul,,Mohammad علی مغل,1957-03-12,"H-09892, Johar Town, Lahore",41031
UTL009893,Usman اعوان,30715-6493264-5,Mohammed Awan,1996-10-26,"H-09893, Gulberg, Lahore",16443
UTL009894,Ali بٹ,,,1965-06-15,"H-09894, Peoples Colony, Faisalabad",11879
UTL009895,Othman Sheikh,37141-2472864-5,Mohammed Faysal Sheikh,1990-07-13,"H-09895, F-7, Islamabad",6396
UTL009896,فیصل Syed,96389-9384592-3,Ali سید,1987-09-17,"H-09896, Bahria Town, Rawalpindi",10128
UTL009897,Osman Raja,96674-1083765-2,Hasan Raja,1971-03-10,"H-09897, F-8, Islamabad",41799
UTL009898,Hamzah Shaykh,,,1964-11-05,"H-09898, G-10, Islamabad",149129
UTL009899,Mohammed Faisal Chaudhry,51780-2654903-8,Ahmed Chaudhry,1978-01-25,"H-09899, Gulshan-e-Iqbal, Karachi",13472
UTL009900,Hira Raja,45099-7485150-1,عمران راجہ,1976-08-05,"H-09900, Clifton, Karachi",12931
UTL009901,Fatema Chaudhary,51155-8740115-9,Mohammad Hussein Chaudhary,1965-01-03,"H-09901, Jaranwala Road, Faisalabad",90797
UTL009902,محمد خان,38897-2495370-6,Hamza Khan,1997-06-26,"H-09902, Chaklala, Rawalpindi",18581
UTL009903,Mariam اعوان,47449-6944542-1,Muhammed اعوان,1958-08-25,"H-09903, Jaranwala Road, Faisalabad",10076
UTL009904,بلال بٹ,35098-5774800-1,حسین بٹ,1963-12-10,"H-09904, Saddar, Rawalpindi",14605
UTL009905,Faysal Quraishi,85576-7677229-7,Muhammad Hamzah Quraishi,1976-06-20,"H-09905, Saddar, Rawalpindi",36544
UTL009906,Imran Chaudhary,12389-2618659-4,Hassan Chaudhry,,"H-09906, Cantt, Lahore",113741
UTL009907,Hamza Khan,,علی Khan,,"H-09907, Gulberg, Lahore",20435
UTL009908,Mariam Bhatti,67003-6743539-6,Imran بٹ,1981-01-04,"H-09908, Saddar, Rawalpindi",4236
UTL009909,Hamza Awan,26252-6546638-6,Muhammad Hamzah اعوان,1970-10-18,"H-09909, F-8, Islamabad",5990
UTL009910,Ayesha Raja,,Husain راجہ,2001-07-24,"H-09910, Gulberg, Lahore",7752
UTL009911,Mohammed Syed,26910-5337006-2,Ahmed Syed,2003-05-13,"H-09911, Gulshan-e-Iqbal, Karachi",107439
UTL009912,Ali Shaikh,19232-6965115-7,Bilal Shaikh,1992-07-01,"H-09912, Johar Town, Lahore",13944
UTL009913,Muhammad علی شیخ,23802-8796492-0,Mohammad فیصل Sheikh,1997-05-25,"H-09913, G-10, Islamabad",4677
UTL009914,Hasan Awan,99070-5140786-1,Faisal Awan,1976-04-04,"H-09914, F-8, Islamabad",69223
UTL009915,احمد Khan,34453-8207805-5,,1959-11-28,"H-09915, Chaklala, Rawalpindi",8014
UTL009916,Marium Moghul,57959-4598640-0,حسین مغل,1969-01-01,"H-09916, Madina Town, Faisalabad",7855
UTL009917,بلال مغل,13295-7698641-5,علی Mughal,1981-08-09,"H-09917, Bahria Town, Islamabad",14709
UTL009918,Ayesha Chaudhry,,,1957-02-16,"H-09918, F-7, Islamabad",27831
UTL009919,Hira خان,26605-5654667-1,Mohammad خان,1965-12-17,"H-09919, Malir, Karachi",9136
UTL009920,Ayesha چوہدری,80610-3851228-5,Imran Chaudhry,1958-11-04,"H-09920, E-11, Islamabad",4571
UTL009921,Ahmad Sayyid,73085-3885922-0,Othman Sayed,1995-10-07,"H-09921, Satellite Town, Rawalpindi",18062
UTL009922,Hamzah سید,59211-2682496-1,Hamzah Sayyid,1979-06-09,"H-09922, Gulshan-e-Iqbal, Karachi",31586
UTL009923,Hussein Raja,46306-9352109-0,,1961-11-25,"H-09923, Cantt, Lahore",94119
UTL009924,Imran Mughal,93522-2700150-5,Mohammad Usman Moghul,,"H-09924, North Nazimabad, Karachi",469590
UTL009925,علی Raja,,Mohammed Bilal راجہ,1972-12-01,"H-09925, Gulshan-e-Iqbal, Karachi",35950
UTL009926,Muhammed Ali شیخ,61820-4079436-8,,,"H-09926, Model Town, Lahore",12157
UTL009927,Hassan بٹ,74768-7605121-0,Muhammad احمد بٹ,1970-08-10,"H-09927, Madina Town, Faisalabad",11757
UTL009928,Ayisha Malick,,,1956-08-04,"H-09928, North Nazimabad, Karachi",37331
UTL009929,حسین خان,42481-7536878-4,عثمان خان,1975-01-15,"H-09929, Peoples Colony, Faisalabad",17323
UTL009930,Faysal Raja,,Hamza Raja,1968-02-05,"H-09930, North Nazimabad, Karachi",12262
UTL009931,Mohammed Khan,44847-1547907-9,,1968-02-02,"H-09931, F-7, Islamabad",21274
UTL009932,Muhammad Ali بٹ,,Hasan بٹ,1994-04-07,"H-09932, Saddar, Rawalpindi",17101
UTL009933,Hussein ملک,97234-9048385-4,Ahmad Malick,1961-04-26,"H-09933, DHA, Lahore",23332
UTL009934,Imran Butt,98781-7996614-4,علی بٹ,1958-01-19,"H-09934, Cantt, Lahore",38903
UTL009935,ثناء Sheikh,,,1970-05-18,"H-09935, Malir, Karachi",5169
UTL009936,Husain Raja,,Ali Raja,,"H-09936, G-10, Islamabad",14654
UTL009937,حرا خان,59384-3455817-1,Mohammad Husain خان,1973-06-13,"H-09937, Gulshan-e-Iqbal, Karachi",4091
UTL009938,ثناء ملک,20435-8803828-0,Mohammed حسین ملک,1992-12-06,"H-09938, Bahria Town, Islamabad",47148
UTL009939,حرا مغل,,,1972-06-05,"H-09939, F-7, Islamabad",33307
UTL009940,Mohammed احمد Raja,,Mohammad Hasan Raja,1965-08-18,"H-09940, DHA, Lahore",9529
UTL009941,Ali راجہ,86913-2020980-4,Mohammad Othman Raja,1973-06-26,"H-09941, Malir, Karachi",12058
UTL009942,محمد راجہ,82430-5518722-6,Mohammad Hamzah Raja,2001-05-10,"H-09942, Madina Town, Faisalabad",32762
UTL009943,Faysal راجہ,,,1981-01-17,"H-09943, F-7, Islamabad",25208
UTL009944,ثناء Khan,,Hasan خان,,"H-09944, Satellite Town, Rawalpindi",26118
UTL009945,ثناء Khan,96976-3701111-7,Muhammad Usman خان,1969-09-07,"H-09945, Chaklala, Rawalpindi",11370
UTL009946,فیصل مغل,60279-7537720-2,بلال Mughal,1995-10-07,"H-09946, Madina Town, Faisalabad",15640
UTL009947,Muhammed ملک,26398-6625592-0,Muhammad Bilal ملک,1979-12-28,"H-09947, Saddar, Rawalpindi",7043
UTL009948,زینب اعوان,97801-4708938-0,حسین Awan,,"H-09948, G-10, Islamabad",81293
UTL009949,Osman Malick,53176-7554746-2,,,"H-09949, F-8, Islamabad",155387
UTL009950,حرا Malick,98259-5358455-2,عمران ملک,1987-03-16,"H-09950, Chaklala, Rawalpindi",23190
UTL009951,احمد اعوان,,,1955-11-13,"H-09951, F-7, Islamabad",13589
UTL009952,Mohammed Ali Syed,36830-5121203-1,Mohammed حسن Sayed,,"H-09952, Peoples Colony, Faisalabad",41589
UTL009953,Ayesha سید,83803-5939223-0,فیصل Sayyid,1974-11-17,"H-09953, F-7, Islamabad",23109
UTL009954,Muhammad Hamza Mughal,50923-5769410-8,Hassan مغل,1990-04-02,"H-09954, Johar Town, Lahore",17483
UTL009955,Osman Malick,73579-6365010-6,Muhammed حسین Malick,1998-04-21,"H-09955, Madina Town, Faisalabad",7314
UTL009956,Imran Sheikh,96707-3590202-4,حسن Shaykh,1956-12-18,"H-09956, Cantt, Lahore",73863
UTL009957,Faysal Shaykh,49321-4620689-3,Muhammed Faisal Sheikh,1994-04-10,"H-09957, E-11, Islamabad",5739
UTL009958,Osman Raja,99600-1313858-1,,1955-08-08,"H-09958, Peoples Colony, Faisalabad",11583
UTL009959,ثناء Khan,67730-2242854-3,,1983-05-16,"H-09959, Jaranwala Road, Faisalabad",51778
UTL009960,Hussein راجہ,14494-1377542-7,Ahmad Raja,1992-05-14,"H-09960, Satellite Town, Rawalpindi",62828
UTL009961,Muhammad بلال Moghul,86290-7723858-6,حسین مغل,1992-02-26,"H-09961, Peoples Colony, Faisalabad",30998
UTL009962,حسین Butt,94523-6771065-6,Faisal Bhatti,1998-05-10,"H-09962, Gulberg, Lahore",106974
UTL009963,Mohammed Imran راجہ,95149-9597262-0,Mohammed راجہ,1961-05-10,"H-09963, Chaklala, Rawalpindi",130145
UTL009964,فاطمہ Shaikh,24767-4707867-7,Faysal Shaykh,1979-06-01,"H-09964, Cantt, Lahore",18875
UTL009965,احمد مغل,,Faisal مغل,1957-10-21,"H-09965, Peoples Colony, Faisalabad",8821
UTL009966,فاطمہ Sheikh,48021-1414660-6,حمزہ Shaikh,1989-03-27,"H-09966, Peoples Colony, Faisalabad",37406
UTL009967,Fatema Quraishi,39986-5769355-3,Hassan Qureshi,1972-08-21,"H-09967, Johar Town, Lahore",8395
UTL009968,Usman Sayed,,عمران سید,1955-06-13,"H-09968, Clifton, Karachi",187554
UTL009969,عمران Quraishi,74310-2845442-7,Hussein قریشی,,"H-09969, Model Town, Lahore",6917
UTL009970,عمران Quraishi,16360-7903259-1,,1988-01-10,"H-09970, Gulshan-e-Iqbal, Karachi",14590
UTL009971,Ayisha Quraishi,93746-5337704-4,Ali Qureshi,2002-06-23,"H-09971, Bahria Town, Rawalpindi",10845
UTL009972,عائشہ Butt,80017-3457303-2,Ahmed Bhatti,1983-11-03,"H-09972, Johar Town, Lahore",4884
UTL009973,Faisal Ch.,85438-1151807-6,Muhammed حمزہ Ch.,1977-10-22,"H-09973, Gulshan-e-Iqbal, Karachi",47565
UTL009974,Osman Sayyid,37059-5838115-9,Mohammad Sayed,1993-12-25,"H-09974, Satellite Town, Rawalpindi",14585
UTL009975,Hamza Awan,96206-2055473-6,Faisal Awan,,"H-09975, Peoples Colony, Faisalabad",56680
UTL009976,Sana Malick,69818-5247856-9,Faysal Malick,1983-07-25,"H-09976, Satellite Town, Rawalpindi",77923
UTL009977,Maryam راجہ,35028-7603295-7,Hasan راجہ,1982-04-07,"H-09977, Gulshan-e-Iqbal, Karachi",11518
UTL009978,Imran Moghul,,Hussein Moghul,1989-11-20,"H-09978, DHA, Lahore",17210
UTL009979,Ayisha Malick,17142-1014152-0,,1983-06-10,"H-09979, Peoples Colony, Faisalabad",14383
UTL009980,Fatima Khan,58491-5301417-6,Mohammad Usman خان,1965-09-13,"H-09980, Peoples Colony, Faisalabad",13747
UTL009981,Ahmad Moghul,18566-7114301-1,Hamza مغل,1963-01-03,"H-09981, G-10, Islamabad",148531
UTL009982,محمد راجہ,22467-5159666-1,Mohammed Hassan Raja,,"H-09982, Malir, Karachi",22596
UTL009983,فاطمہ خان,11394-3283160-8,Mohammad علی خان,1977-01-04,"H-09983, Clifton, Karachi",10852
UTL009984,Osman Mughal,59924-8557698-3,,1973-03-01,"H-09984, Jaranwala Road, Faisalabad",7228
UTL009985,Osman ملک,64490-2446994-2,Imran Malik,1981-04-11,"H-09985, Johar Town, Lahore",18622
UTL009986,Mohammad Quraishi,77539-5811552-2,فیصل قریشی,1979-03-17,"H-09986, E-11, Islamabad",16980
UTL009987,Usman Quraishi,,Muhammed Hassan Qureshi,1992-07-26,"H-09987, G-10, Islamabad",33185
UTL009988,Mariam شیخ,60894-5973257-1,Imran Shaykh,1997-02-17,"H-09988, Gulberg, Lahore",41311
UTL009989,Hamza Khan,52572-4273040-9,,1996-07-18,"H-09989, Clifton, Karachi",7106
UTL009990,Mohammed Faysal Sayed,,,1983-08-06,"H-09990, North Nazimabad, Karachi",16559
UTL009991,محمد Awan,13408-3089828-6,Hussain اعوان,1987-08-21,"H-09991, North Nazimabad, Karachi",11452
UTL009992,Mohammed حمزہ Sheikh,90220-9288664-7,,1998-11-22,"H-09992, Bahria Town, Islamabad",14665
UTL009993,ثناء Bhatti,38472-2527263-1,,1961-04-01,"H-09993, Saddar, Rawalpindi",9253
UTL009994,Mohammad Imran Bhatti,45889-4578797-0,Faysal Bhatti,1959-03-22,"H-09994, F-7, Islamabad",77585
UTL009995,عمران Awan,43415-7166980-3,Othman اعوان,1993-01-12,"H-09995, Saddar, Rawalpindi",9652
UTL009996,محمد بٹ,61361-2343017-7,عمران بٹ,1998-09-06,"H-09996, Model Town, Lahore",19570
UTL009997,Ayisha شیخ,61796-4757543-6,Bilal Sheikh,1984-03-28,"H-09997, Satellite Town, Rawalpindi",12989
UTL009998,Hamzah Raja,28402-8899372-2,بلال Raja,1986-01-26,"H-09998, F-8, Islamabad",12620
UTL009999,Ali خان,,Hussein Khan,2003-09-17,"H-09999, Clifton, Karachi",92100
UTL010000,حسن بٹ,83126-6496939-2,,1997-11-02,"H-00047, F-8, Islamabad",49316
UTL010001,Hasan Butt,,محمد Bhatti,,"H-00047, F-8, Islamabad",34755
UTL010002,Bilal Chaudhary,49783-4998701-3,Hassan Choudhary,1977-07-10,"H-00090, Model Town, Lahore",67841
UTL010003,Ayesha Khan,46665-9763194-1,,1959-09-26,"H-00110, Bahria Town, Islamabad",38284
UTL010004,حسن خان,57859-8629412-5,Mohammad Ahmad خان,1963-08-11,"H-00110, Bahria Town, Islamabad",38731
UTL010005,Hira Malick,38584-7054338-4,Faysal Malick,1993-05-07,"H-00298, Gulshan-e-Iqbal, Karachi",25384
UTL010006,حرا Malick,72829-8803004-9,فیصل Malick,1994-10-11,"H-00298, Gulshan-e-Iqbal, Karachi",26958
UTL010007,Aysha Mughal,68635-6132441-5,Ahmad Moghul,1955-05-14,"H-00324, Madina Town, Faisalabad",51598
UTL010008,Mohammed Faysal مغل,37584-9406199-3,Ahmad Mughal,1996-10-08,"H-00324, Madina Town, Faisalabad",49321
UTL010009,Hasan Chaudhary,51841-1076006-3,,1990-09-03,"H-00339, F-8, Islamabad",76247
UTL010010,زینب Choudhary,79350-5472359-5,Mohammed Imran Ch.,1975-08-08,"H-00339, F-8, Islamabad",70645
UTL010011,Ali Shaikh,44705-2132577-7,,1964-03-15,"H-00342, Jaranwala Road, Faisalabad",42017
UTL010012,Mohammad شیخ,31354-1383362-5,,1959-10-23,"H-00342, Jaranwala Road, Faisalabad",38336
UTL010013,Mohammed Moghul,91305-9961859-7,Muhammed احمد مغل,1996-04-10,"H-00387, Satellite Town, Rawalpindi",55127
UTL010014,Hussein Sayyid,75350-8444409-9,Ahmed سید,,"H-00452, North Nazimabad, Karachi",42594
UTL010015,Hira Moghul,87379-6197780-9,احمد Moghul,1956-06-02,"H-00462, DHA, Lahore",221806
UTL010016,Osman Mughal,87259-3824542-9,Hussein Mughal,,"H-00462, DHA, Lahore",200197
UTL010017,Mohammad Husain خان,28046-8527103-4,Osman Khan,1993-02-01,"H-00479, Bahria Town, Islamabad",75332
UTL010018,ثناء Khan,50493-4507767-6,حمزہ خان,,"H-00479, Bahria Town, Islamabad",73466
UTL010019,Mohammed Hassan Shaykh,,Mohammed Shaikh,1997-10-19,"H-00544, Gulberg, Lahore",54216
UTL010020,Ahmad شیخ,,حسن Sheikh,1956-02-26,"H-00573, DHA, Lahore",63753
UTL010021,Fatema Qureshi,65879-3645190-5,,2001-03-02,"H-00576, Chaklala, Rawalpindi",36574
UTL010022,علی Qureshi,81973-4088366-2,Imran قریشی,2003-01-04,"H-00576, Chaklala, Rawalpindi",49241
UTL010023,Hamza Awan,50382-3241876-7,Faisal Awan,1988-04-15,"H-00650, F-8, Islamabad",145494
UTL010024,Mohammed Mughal,85789-8125937-6,Muhammed Hassan Mughal,1968-05-20,"H-00654, Bahria Town, Islamabad",39030
UTL010025,ثناء مغل,99373-3998454-5,Hamzah Mughal,,"H-00654, Bahria Town, Islamabad",46640
UTL010026,عائشہ چوہدری,89173-3591020-7,Mohammad Hussein Chaudhary,1975-10-23,"H-00667, Clifton, Karachi",94948
UTL010027,Bilal Khan,44682-9885587-7,Muhammad Khan,1965-11-10,"H-00669, Gulberg, Lahore",83687
UTL010028,Muhammad علی Khan,99233-6401211-4,حسین Khan,1967-12-06,"H-00683, Chaklala, Rawalpindi",37230
UTL010029,فاطمہ خان,13814-2368689-3,Hussain خان,1981-08-10,"H-00683, Chaklala, Rawalpindi",35081
UTL010030,Ahmad Mughal,43426-8639422-6,Ahmad Moghul,1963-04-17,"H-00741, Jaranwala Road, Faisalabad",103982
UTL010031,Fatema Malik,52947-3917841-3,,1971-04-28,"H-00789, DHA, Karachi",53674
UTL010032,ثناء Malick,,Bilal Malick,1966-11-20,"H-00789, DHA, Karachi",56321
UTL010033,Zainab Shaykh,,Muhammed Sheikh,1981-04-14,"H-00792, Bahria Town, Islamabad",87556
UTL010034,Maryam Khan,84389-8254837-4,,1980-01-16,"H-00839, F-8, Islamabad",36228
UTL010035,Hassan خان,88548-2614485-3,حسن Khan,1974-10-06,"H-00839, F-8, Islamabad",33574
UTL010036,علی چوہدری,95551-6744203-5,بلال Chaudhary,,"H-00870, North Nazimabad, Karachi",62081
UTL010037,Aysha Chaudhary,96867-7372127-1,حمزہ Chaudhary,1973-12-03,"H-00870, North Nazimabad, Karachi",58109
UTL010038,Marium مغل,48611-9859141-8,,1973-08-12,"H-00878, F-8, Islamabad",77488
UTL010039,Zainab مغل,69160-6233817-3,,1964-05-02,"H-00912, Jaranwala Road, Faisalabad",35507
UTL010040,Muhammed Ahmad خان,,حمزہ Khan,1964-07-23,"H-00952, Satellite Town, Rawalpindi",69783
UTL010041,Hamzah Moghul,40458-1869249-6,Mohammad مغل,,"H-00963, DHA, Lahore",49791
UTL010042,Hamza Moghul,78271-6888839-7,,1995-08-14,"H-00963, DHA, Lahore",50882
UTL010043,Maryam Mughal,37402-5112908-9,Ahmad Moghul,1968-09-08,"H-01016, Bahria Town, Rawalpindi",70702
UTL010044,Othman Khan,,,1990-12-28,"H-01059, F-7, Islamabad",38539
UTL010045,حسن Khan,25918-2440397-3,,1995-01-01,"H-01059, F-7, Islamabad",34555
UTL010046,بلال Qureshi,84364-2954899-9,Hasan Quraishi,1971-01-18,"H-01156, Chaklala, Rawalpindi",39392
UTL010047,زینب چوہدری,50152-9812979-2,حمزہ چوہدری,1995-05-21,"H-01159, Gulshan-e-Iqbal, Karachi",41787
UTL010048,Mohammad علی Moghul,33842-8518119-2,حسن مغل,1987-01-09,"H-01160, Madina Town, Faisalabad",48502
UTL010049,Mohammad Usman مغل,20007-5648045-2,Mohammad Mughal,1998-12-20,"H-01160, Madina Town, Faisalabad",40447
UTL010050,Muhammed Hassan Qureshi,,بلال Qureshi,1997-12-19,"H-01183, Bahria Town, Rawalpindi",83936
UTL010051,ثناء Malick,77489-2382951-0,,1984-05-26,"H-01188, Johar Town, Lahore",55860
UTL010052,Zainab خان,44414-5688999-2,Othman Khan,1959-10-17,"H-01222, Satellite Town, Rawalpindi",34475
UTL010053,Zaynab خان,24934-5405690-9,علی خان,1985-06-17,"H-01222, Satellite Town, Rawalpindi",38994
UTL010054,بلال مغل,60050-3908623-3,بلال Moghul,1970-07-22,"H-01252, DHA, Karachi",84369
UTL010055,Husain مغل,,Muhammad Moghul,1964-02-18,"H-01252, DHA, Karachi",90560
UTL010056,Sana شیخ,55685-4482632-3,Ali Sheikh,,"H-01286, Madina Town, Faisalabad",79742
UTL010057,عثمان Sheikh,21614-6999378-8,حسن شیخ,1966-12-26,"H-01286, Madina Town, Faisalabad",83379
UTL010058,Ali بٹ,75847-6202176-2,Faysal بٹ,1979-10-16,"H-01294, F-8, Islamabad",239537
UTL010059,Mohammed حمزہ Sheikh,,Muhammad عثمان Sheikh,1958-11-22,"H-01332, DHA, Lahore",29095
UTL010060,Fatimah شیخ,33109-7635633-8,Bilal شیخ,1992-04-19,"H-01332, DHA, Lahore",31151
UTL010061,احمد قریشی,29244-9049520-1,علی قریشی,1987-01-15,"H-01346, Madina Town, Faisalabad",31877
UTL010062,Imran Quraishi,,Mohammad حسن Quraishi,1977-01-05,"H-01346, Madina Town, Faisalabad",26004
UTL010063,Hira Awan,57197-1368334-5,Muhammed عثمان Awan,1996-12-24,"H-01352, Saddar, Rawalpindi",19403
UTL010064,Muhammad Hamza Awan,92047-8035160-4,,1978-11-26,"H-01352, Saddar, Rawalpindi",22193
UTL010065,Bilal Awan,57763-7486003-0,Mohammed علی اعوان,1981-12-07,"H-01427, E-11, Islamabad",196174
UTL010066,حمزہ Butt,48398-3498408-2,,1998-09-16,"H-01467, Jaranwala Road, Faisalabad",439254
UTL010067,علی بٹ,61332-8087122-9,,1969-05-17,"H-01467, Jaranwala Road, Faisalabad",542499
UTL010068,Maryam خان,56408-2575190-3,Hamza Khan,,"H-01513, Saddar, Rawalpindi",156384
UTL010069,حرا قریشی,31419-2510251-2,Osman قریشی,1967-04-23,"H-01515, Cantt, Lahore",71641
UTL010070,Mohammad عمران Sheikh,,Usman Sheikh,1963-06-12,"H-01517, Malir, Karachi",133873
UTL010071,Hamza Raja,,Hasan راجہ,1970-03-08,"H-01519, Madina Town, Faisalabad",25528
UTL010072,Ahmad Raja,28579-1038854-1,بلال راجہ,1973-10-22,"H-01519, Madina Town, Faisalabad",23459
UTL010073,Bilal Bhatti,81785-1899446-5,Imran Bhatti,,"H-01622, F-8, Islamabad",30254
UTL010074,Hira بٹ,72498-2218303-0,Mohammad Hasan Butt,1969-05-05,"H-01622, F-8, Islamabad",30163
UTL010075,حرا Choudhary,30994-5201285-3,Ali Choudhary,1986-06-10,"H-01641, Clifton, Karachi",47654
UTL010076,Hasan Ch.,,علی چوہدری,1975-05-24,"H-01641, Clifton, Karachi",61860
UTL010077,احمد Raja,43212-4674991-4,Othman Raja,2000-01-06,"H-01645, Bahria Town, Rawalpindi",79673
UTL010078,Hamzah راجہ,,Hamzah راجہ,2003-10-28,"H-01645, Bahria Town, Rawalpindi",75161
UTL010079,Zaynab Mughal,,,1985-05-24,"H-01646, Bahria Town, Rawalpindi",52738
UTL010080,Bilal Syed,95885-4938257-7,,1979-04-01,"H-01677, F-8, Islamabad",44323
UTL010081,بلال خان,99118-2665751-3,بلال خان,1962-04-25,"H-01710, F-7, Islamabad",20015
UTL010082,Hasan خان,37870-5671716-2,,1980-01-02,"H-01710, F-7, Islamabad",23554
UTL010083,علی ملک,86982-7666967-1,فیصل Malick,1989-10-14,"H-01758, Madina Town, Faisalabad",44651
UTL010084,Hira ملک,,Usman Malik,2000-12-02,"H-01758, Madina Town, Faisalabad",37042
UTL010085,حسن Moghul,56341-5745004-6,,,"H-01810, Chaklala, Rawalpindi",56403
UTL010086,Faysal Syed,41495-7408939-8,,,"H-01848, Gulshan-e-Iqbal, Karachi",39245
UTL010087,Fatima Sayed,55761-8084453-3,حسن Sayyid,,"H-01848, Gulshan-e-Iqbal, Karachi",31365
UTL010088,Mohammad Sayed,63644-6574173-8,Hassan Syed,1985-08-16,"H-01858, Saddar, Rawalpindi",47734
UTL010089,Ali Moghul,28239-2336782-5,Bilal مغل,1995-11-23,"H-01881, Bahria Town, Rawalpindi",34209
UTL010090,Imran Mughal,25922-9467051-8,Othman Mughal,1969-01-10,"H-01881, Bahria Town, Rawalpindi",42644
UTL010091,Hassan Raja,20134-6822490-3,حسن راجہ,1992-12-06,"H-01884, Cantt, Lahore",72080
UTL010092,Ali Ch.,92313-7785354-8,Mohammad Imran چوہدری,1987-01-20,"H-01942, Johar Town, Lahore",37319
UTL010093,Hamza Chaudhary,,Othman Chaudhry,1991-04-17,"H-01942, Johar Town, Lahore",42458
UTL010094,حرا Bhatti,89350-5095062-9,علی Bhatti,1983-07-01,"H-01965, Madina Town, Faisalabad",96809
UTL010095,Hassan Bhatti,26625-1669827-5,,1992-09-11,"H-01965, Madina Town, Faisalabad",91733
UTL010096,Muhammed علی ملک,29823-3712134-4,,1969-03-27,"H-01991, Model Town, Lahore",21659
UTL010097,ثناء Malick,12153-6981459-8,Hussain Malick,1977-09-04,"H-01991, Model Town, Lahore",23322
UTL010098,Mohammad Imran Butt,69485-6138322-9,عمران Bhatti,,"H-01992, Clifton, Karachi",44450
UTL010099,Maryam Bhatti,,Imran Bhatti,2001-09-07,"H-01992, Clifton, Karachi",42885
UTL010100,Mohammed خان,,Faisal خان,1999-05-17,"H-02133, Cantt, Lahore",67633
UTL010101,عمران Malick,44434-6912567-5,Hassan ملک,1957-05-01,"H-02148, Peoples Colony, Faisalabad",65047
UTL010102,Ahmed Malik,,Muhammad Faysal Malick,1963-10-05,"H-02148, Peoples Colony, Faisalabad",54071
UTL010103,Mohammad Faysal Ch.,,,1965-02-24,"H-02154, Bahria Town, Islamabad",90454
UTL010104,Muhammad Faysal Moghul,,حمزہ Mughal,1983-07-12,"H-02188, F-7, Islamabad",60730
UTL010105,Faysal Mughal,88112-1725894-3,Mohammed علی مغل,1960-08-11,"H-02201, Saddar, Rawalpindi",31171
UTL010106,احمد مغل,,,1989-05-26,"H-02201, Saddar, Rawalpindi",35884
UTL010107,حسن Raja,,Mohammad Hamzah راجہ,,"H-02230, Jaranwala Road, Faisalabad",58871
UTL010108,Muhammed Hamzah قریشی,57276-5735365-3,Usman Qureshi,2000-12-25,"H-02253, Gulberg, Lahore",76252
UTL010109,Aisha راجہ,95819-7094496-0,Muhammad Ahmad راجہ,1971-05-20,"H-02279, Saddar, Rawalpindi",24872
UTL010110,محمد Raja,82500-6765286-6,Mohammad راجہ,1965-03-12,"H-02279, Saddar, Rawalpindi",31589
UTL010111,مریم Raja,64446-5808031-5,حمزہ راجہ,1955-06-23,"H-02337, Johar Town, Lahore",70771
UTL010112,Fatema خان,61939-6260946-2,Muhammad Hussein خان,1989-09-03,"H-02411, Gulshan-e-Iqbal, Karachi",35749
UTL010113,Hamzah خان,22615-5097932-0,Hamzah Khan,,"H-02411, Gulshan-e-Iqbal, Karachi",39579
UTL010114,Muhammed Imran Malick,,Hussain ملک,1994-06-08,"H-02505, Malir, Karachi",34523
UTL010115,Othman ملک,,Muhammed Malik,,"H-02505, Malir, Karachi",33817
UTL010116,Hamzah Raja,39007-7480402-0,حمزہ راجہ,1975-08-13,"H-02507, Bahria Town, Islamabad",19748
UTL010117,Ali Raja,64001-2721563-3,عمران Raja,1960-03-19,"H-02507, Bahria Town, Islamabad",21402
UTL010118,محمد Khan,,محمد خان,1980-04-27,"H-02525, F-8, Islamabad",347670
UTL010119,Mohammad Khan,46989-2977956-2,Hasan خان,1990-10-10,"H-02525, F-8, Islamabad",410620
UTL010120,حرا Qureshi,,Mohammed Imran قریشی,1978-08-26,"H-02552, Peoples Colony, Faisalabad",37709
UTL010121,زینب Qureshi,,احمد Qureshi,1999-11-17,"H-02552, Peoples Colony, Faisalabad",33055
UTL010122,Mohammed Hasan اعوان,35770-1270426-2,Hussain اعوان,1969-02-05,"H-02597, Gulberg, Lahore",19356
UTL010123,Usman Awan,41716-7199531-9,احمد Awan,,"H-02597, Gulberg, Lahore",19795
UTL010124,Mohammad Raja,,Osman راجہ,1992-11-26,"H-02632, F-8, Islamabad",24287
UTL010125,Imran راجہ,75992-9197891-9,Faysal راجہ,2002-11-09,"H-02632, F-8, Islamabad",24934
UTL010126,Hassan Moghul,,Mohammed فیصل مغل,1998-12-03,"H-02687, Gulberg, Lahore",25644
UTL010127,Muhammad حسن مغل,70871-1177452-3,Muhammad Moghul,1979-06-26,"H-02687, Gulberg, Lahore",26114
UTL010128,Hassan بٹ,59668-7471113-9,Imran بٹ,1995-12-23,"H-02752, DHA, Karachi",77883
UTL010129,بلال Butt,78969-1493337-7,فیصل Bhatti,1999-03-25,"H-02752, DHA, Karachi",87427
UTL010130,Zaynab Chaudhry,15522-7276252-3,Imran Choudhary,1993-05-10,"H-02758, Johar Town, Lahore",46246
UTL010131,Mohammed Bilal Qureshi,,Hamza Quraishi,1970-10-12,"H-02803, Model Town, Lahore",43847
UTL010132,مریم Quraishi,18735-4254404-3,Hussein قریشی,,"H-02803, Model Town, Lahore",42318
UTL010133,Hamzah اعوان,,Hussein اعوان,,"H-02839, E-11, Islamabad",19510
UTL010134,Maryam Awan,,Muhammad حسین اعوان,1957-04-11,"H-02839, E-11, Islamabad",23442
UTL010135,بلال Sayyid,51941-4668798-8,عثمان Sayyid,1965-12-25,"H-02855, DHA, Karachi",18796
UTL010136,Muhammed Hassan سید,20877-0179926-3,Muhammed Sayed,1981-04-26,"H-02855, DHA, Karachi",24695
UTL010137,مریم Bhatti,70243-5821522-8,Faysal Bhatti,1962-06-22,"H-02932, Jaranwala Road, Faisalabad",34233
UTL010138,فاطمہ Sayed,,Ali Sayyid,1990-01-12,"H-03002, Madina Town, Faisalabad",70996
UTL010139,علی Sayyid,25166-5193961-2,علی Sayed,1967-09-11,"H-03002, Madina Town, Faisalabad",82352
UTL010140,Faysal Shaikh,,بلال Sheikh,1963-09-16,"H-03018, E-11, Islamabad",45771
UTL010141,مریم Awan,,Mohammad عمران Awan,1986-08-13,"H-03114, Bahria Town, Islamabad",58973
UTL010142,Aysha Awan,22435-5871526-3,Hamzah اعوان,1972-06-10,"H-03114, Bahria Town, Islamabad",49612
UTL010143,حمزہ Raja,96803-3795914-0,علی راجہ,,"H-03137, Madina Town, Faisalabad",29916
UTL010144,عثمان Raja,,Muhammed Imran راجہ,1966-07-03,"H-03137, Madina Town, Faisalabad",18205
UTL010145,Osman بٹ,16135-8047447-1,,1971-11-22,"H-03159, Bahria Town, Islamabad",27310
UTL010146,عثمان Butt,98212-3129027-5,,1990-03-22,"H-03159, Bahria Town, Islamabad",20158
UTL010147,Aisha Syed,,محمد سید,1971-05-26,"H-03211, Model Town, Lahore",94437
UTL010148,Muhammad Hamzah ملک,36433-5404553-4,Othman ملک,1995-10-02,"H-03212, Johar Town, Lahore",193677
UTL010149,Hamza Malik,49572-9974970-9,,1959-11-06,"H-03212, Johar Town, Lahore",182356
UTL010150,Zaynab Ch.,,Faysal Choudhary,,"H-03272, Satellite Town, Rawalpindi",84295
UTL010151,Hasan Awan,,Ahmad اعوان,1993-12-18,"H-03310, Bahria Town, Islamabad",262931
UTL010152,Fatema سید,17062-3396443-4,,1962-11-18,"H-03384, Bahria Town, Rawalpindi",56619
UTL010153,فیصل Sayed,33975-4711855-2,Faysal Sayed,1955-04-16,"H-03384, Bahria Town, Rawalpindi",64825
UTL010154,Sana ملک,64246-7051878-2,,1978-03-21,"H-03398, Gulshan-e-Iqbal, Karachi",61309
UTL010155,Mohammed Faysal بٹ,69205-4415385-0,Husain Butt,1959-07-17,"H-03409, Bahria Town, Rawalpindi",31552
UTL010156,Mohammad علی بٹ,93853-6993871-7,,1992-03-06,"H-03409, Bahria Town, Rawalpindi",28098
UTL010157,Mariam Mughal,51303-6786219-0,عمران مغل,1970-09-12,"H-03417, F-8, Islamabad",60531
UTL010158,Mohammad Hamza Mughal,90898-5819264-1,بلال Moghul,1983-10-13,"H-03417, F-8, Islamabad",40747
UTL010159,Ayesha Shaykh,31025-1154477-7,Hassan شیخ,1988-01-06,"H-03422, Gulberg, Lahore",33660
UTL010160,Mohammed Mughal,52387-2438642-4,Muhammed مغل,1977-04-22,"H-03427, E-11, Islamabad",124617
UTL010161,Mohammad Faysal قریشی,,Mohammed Ahmad Qureshi,1964-12-23,"H-03438, F-7, Islamabad",122517
UTL010162,Mohammad علی بٹ,,Mohammed عثمان بٹ,,"H-03523, North Nazimabad, Karachi",116341
UTL010163,Ayisha بٹ,33974-4131091-4,Hamza Bhatti,1972-01-27,"H-03523, North Nazimabad, Karachi",114340
UTL010164,Muhammed Hussain Sheikh,49554-7340202-8,بلال Shaikh,1991-08-23,"H-03561, F-7, Islamabad",93799
UTL010165,Marium Butt,86300-3309197-6,محمد Bhatti,1955-03-12,"H-03611, Johar Town, Lahore",106995
UTL010166,Marium Butt,40118-6610603-4,حسن Butt,1959-04-21,"H-03611, Johar Town, Lahore",83388
UTL010167,Ahmed Shaikh,19285-5907430-5,Mohammad Faysal Shaykh,,"H-03650, Bahria Town, Rawalpindi",86115
UTL010168,Mariam Sheikh,71830-7119278-1,Ahmed شیخ,1995-03-06,"H-03675, Peoples Colony, Faisalabad",23600
UTL010169,Zaynab Shaykh,,Othman Shaykh,1968-12-10,"H-03675, Peoples Colony, Faisalabad",23865
UTL010170,Mohammad Chaudhary,,فیصل Choudhary,2000-08-13,"H-03678, Jaranwala Road, Faisalabad",114913
UTL010171,زینب Chaudhry,24417-6293227-7,Muhammed Hasan Ch.,1986-04-05,"H-03678, Jaranwala Road, Faisalabad",111809
UTL010172,بلال Raja,,Mohammad Raja,1987-05-23,"H-03691, Malir, Karachi",59266
UTL010173,Ali Raja,71767-3870957-7,,1980-12-03,"H-03701, Bahria Town, Islamabad",58660
UTL010174,Fatimah سید,19691-3129417-2,محمد سید,1973-04-03,"H-03740, Johar Town, Lahore",70646
UTL010175,Ahmad Malick,71699-8402723-7,Muhammad Othman Malick,2002-11-08,"H-03782, Bahria Town, Rawalpindi",39718
UTL010176,Fatema Malik,14810-9181345-4,Ahmad ملک,1980-12-09,"H-03782, Bahria Town, Rawalpindi",39639
UTL010177,Fatimah راجہ,92258-1651651-6,بلال راجہ,2002-12-18,"H-03843, Madina Town, Faisalabad",102906
UTL010178,Zaynab Quraishi,18354-7950231-0,Muhammad Qureshi,1985-06-28,"H-03864, Jaranwala Road, Faisalabad",28770
UTL010179,بلال قریشی,33364-9492933-3,,1975-04-26,"H-03864, Jaranwala Road, Faisalabad",26237
UTL010180,عمران Malick,63806-8835769-2,Muhammed Othman Malik,1992-10-03,"H-03905, F-7, Islamabad",59083
UTL010181,حرا Awan,62693-4876701-4,,1972-12-06,"H-04048, Saddar, Rawalpindi",32294
UTL010182,Mohammad Husain اعوان,,Mohammad Ali Awan,1961-02-28,"H-04048, Saddar, Rawalpindi",37478
UTL010183,ثناء Bhatti,63006-1762495-8,,1998-03-02,"H-04237, Gulshan-e-Iqbal, Karachi",52198
UTL010184,عائشہ Chaudhary,24727-5728344-6,Ahmed Ch.,1991-09-22,"H-04259, Bahria Town, Rawalpindi",45125
UTL010185,Zainab Choudhary,,فیصل Chaudhary,1994-04-17,"H-04279, Johar Town, Lahore",57671
UTL010186,احمد Chaudhary,28574-3773482-5,Usman Ch.,1961-02-25,"H-04279, Johar Town, Lahore",49771
UTL010187,Mohammed عمران Malik,,Mohammed ملک,1972-07-12,"H-04311, Bahria Town, Rawalpindi",20914
UTL010188,Sana Malik,80097-5491415-1,Faysal ملک,1985-04-28,"H-04311, Bahria Town, Rawalpindi",17963
UTL010189,Imran Mughal,86881-7229859-3,Ahmad Moghul,1986-09-18,"H-04346, DHA, Karachi",122829
UTL010190,Bilal راجہ,58854-1559706-7,Usman Raja,1976-09-20,"H-04372, Madina Town, Faisalabad",78395
UTL010191,بلال Raja,85975-4405721-6,Hassan Raja,1970-09-24,"H-04372, Madina Town, Faisalabad",86425
UTL010192,حسن خان,82593-5436498-4,Imran خان,,"H-04405, G-10, Islamabad",31249
UTL010193,Mohammad حسن خان,,,1982-06-14,"H-04405, G-10, Islamabad",25555
UTL010194,عمران Bhatti,,علی Butt,1974-11-22,"H-04445, F-8, Islamabad",43828
UTL010195,Hamzah مغل,,Muhammad Mughal,1980-03-15,"H-04466, DHA, Karachi",65423
UTL010196,Mohammad Ahmed راجہ,95420-5751656-4,Muhammed فیصل راجہ,1994-07-06,"H-04605, Clifton, Karachi",126024
UTL010197,ثناء Shaikh,92378-2053141-1,احمد Shaikh,1966-07-04,"H-04672, Gulberg, Lahore",44106
UTL010198,Imran Qureshi,,Faisal قریشی,1959-11-07,"H-04732, Saddar, Rawalpindi",65684
UTL010199,مریم خان,62699-3680838-2,عمران Khan,1977-11-24,"H-04760, F-8, Islamabad",17391
UTL010200,Hira خان,,Mohammed علی Khan,1957-10-28,"H-04760, F-8, Islamabad",19835
UTL010201,Fatima مغل,75088-9420245-9,,2003-12-20,"H-04852, DHA, Karachi",160790
UTL010202,Mohammad احمد Awan,96046-4476333-6,عمران Awan,2003-01-06,"H-04875, F-8, Islamabad",61216
UTL010203,Muhammad احمد اعوان,48971-9333528-9,Muhammad Hassan Awan,1998-02-05,"H-04882, Bahria Town, Islamabad",44313
UTL010204,Usman Awan,53827-3597026-9,Hasan اعوان,1989-04-16,"H-04882, Bahria Town, Islamabad",56354
UTL010205,عثمان راجہ,52726-4103019-8,Imran راجہ,1969-03-04,"H-04906, Saddar, Rawalpindi",37339
UTL010206,Hira راجہ,90186-7413238-5,Othman Raja,1974-06-13,"H-04906, Saddar, Rawalpindi",43862
UTL010207,بلال Bhatti,98685-4933209-5,Hasan Butt,2003-12-07,"H-04923, Model Town, Lahore",64102
UTL010208,بلال بٹ,50127-2226596-0,فیصل بٹ,1962-08-22,"H-04969, E-11, Islamabad",129689
UTL010209,Zainab Qureshi,73212-1435537-4,Imran Qureshi,1963-09-11,"H-05016, Madina Town, Faisalabad",102675
UTL010210,Imran راجہ,17039-7271058-3,Husain Raja,1978-01-13,"H-05027, Chaklala, Rawalpindi",131175
UTL010211,Muhammad راجہ,50808-6410437-2,Hasan Raja,2003-01-04,"H-05027, Chaklala, Rawalpindi",124801
UTL010212,Zaynab Sayyid,20638-7024730-3,علی سید,1976-12-12,"H-05045, Cantt, Lahore",56811
UTL010213,Muhammed Bilal Bhatti,14668-7061464-9,Mohammed بلال Butt,1981-01-26,"H-05063, G-10, Islamabad",25280
UTL010214,ثناء بٹ,66845-9817427-0,Hassan Bhatti,1961-09-10,"H-05063, G-10, Islamabad",29977
UTL010215,Mariam Malick,60039-3390574-0,Ahmed Malick,1986-08-06,"H-05074, Madina Town, Faisalabad",54496
UTL010216,علی Khan,,حسین Khan,1993-08-24,"H-05134, Johar Town, Lahore",295682
UTL010217,Hamzah مغل,34417-2756258-0,عمران مغل,1966-02-01,"H-05137, Satellite Town, Rawalpindi",30405
UTL010218,Aisha مغل,98040-9835984-9,حسین Moghul,1988-12-12,"H-05137, Satellite Town, Rawalpindi",28131
UTL010219,Marium Shaykh,18074-1093317-5,Husain Shaykh,1971-04-24,"H-05179, Bahria Town, Rawalpindi",37682
UTL010220,Muhammad Faisal Sheikh,54740-2939495-1,علی Shaykh,1964-07-12,"H-05179, Bahria Town, Rawalpindi",34486
UTL010221,عمران ملک,57296-4997006-5,علی Malick,1982-08-04,"H-05221, Bahria Town, Rawalpindi",56230
UTL010222,عثمان ملک,19390-5648141-4,عثمان Malick,,"H-05233, F-8, Islamabad",44518
UTL010223,زینب Malick,,Ali ملک,1971-03-18,"H-05233, F-8, Islamabad",49226
UTL010224,Fatimah Sayed,,Husain Sayed,1960-05-12,"H-05247, Madina Town, Faisalabad",52763
UTL010225,عائشہ Bhatti,95826-8379173-9,Faisal بٹ,1955-09-03,"H-05276, G-10, Islamabad",97368
UTL010226,Hira Chaudhary,12583-6318970-7,Muhammad Hussain Chaudhary,2001-08-26,"H-05300, Bahria Town, Rawalpindi",23537
UTL010227,علی چوہدری,18487-1055016-1,Hamzah Chaudhry,1989-03-19,"H-05300, Bahria Town, Rawalpindi",25581
UTL010228,Zaynab Malik,12126-9092404-2,Mohammad عمران Malick,1996-03-12,"H-05319, F-8, Islamabad",20493
UTL010229,Zainab ملک,91363-9911288-5,Muhammed Malick,1990-12-09,"H-05319, F-8, Islamabad",21402
UTL010230,Muhammad Husain بٹ,11237-8625973-0,عمران بٹ,,"H-05435, Chaklala, Rawalpindi",51761
UTL010231,علی چوہدری,53730-9863154-7,Mohammad Chaudhry,2002-03-18,"H-05438, Jaranwala Road, Faisalabad",49654
UTL010232,مریم Mughal,88379-3219621-8,,1993-11-13,"H-05480, Satellite Town, Rawalpindi",92505
UTL010233,مریم مغل,63998-4465507-1,,1968-07-07,"H-05509, Bahria Town, Islamabad",56183
UTL010234,Bilal Ch.,64534-6978520-1,Othman Chaudhary,2001-03-09,"H-05538, E-11, Islamabad",19230
UTL010235,Sana Ch.,92317-1107633-2,Faisal Chaudhary,1995-03-25,"H-05538, E-11, Islamabad",17743
UTL010236,عمران Malick,54310-1417740-3,Hamza Malik,1987-07-23,"H-05551, Cantt, Lahore",287155
UTL010237,Hussain Malick,64290-8660592-2,Hussein ملک,2000-10-21,"H-05551, Cantt, Lahore",234287
UTL010238,عثمان Ch.,58408-3635060-4,عثمان Chaudhry,1971-06-18,"H-05577, E-11, Islamabad",135023
UTL010239,علی Raja,28038-5573132-9,Ahmed راجہ,1969-07-05,"H-05596, DHA, Lahore",61115
UTL010240,Ayesha راجہ,64254-4792844-3,Husain راجہ,1959-05-08,"H-05596, DHA, Lahore",75125
UTL010241,Hamzah خان,81700-1594203-1,,1974-01-07,"H-05619, Bahria Town, Rawalpindi",41562
UTL010242,Fatima خان,69541-3075272-5,Mohammad بلال خان,1992-06-05,"H-05619, Bahria Town, Rawalpindi",38006
UTL010243,Muhammad Hamzah Sayyid,62449-3463027-5,Muhammed بلال سید,,"H-05628, Madina Town, Faisalabad",26121
UTL010244,Mohammed Bilal Syed,10340-8196741-4,Bilal سید,1956-12-24,"H-05628, Madina Town, Faisalabad",29052
UTL010245,Hamzah Butt,12819-8340804-6,Mohammed Imran Butt,2002-05-06,"H-05644, Johar Town, Lahore",38740
UTL010246,فیصل Butt,,محمد Bhatti,1956-10-02,"H-05644, Johar Town, Lahore",38356
UTL010247,Sana Khan,72629-1748676-4,Hussain Khan,1999-05-28,"H-05725, Peoples Colony, Faisalabad",133490
UTL010248,Mohammed Ali Shaykh,23360-5758036-5,علی Sheikh,,"H-05726, Satellite Town, Rawalpindi",135805
UTL010249,Mohammad احمد Awan,41937-1092284-3,Mohammad علی Awan,1995-01-17,"H-05730, Clifton, Karachi",24794
UTL010250,Muhammed اعوان,44611-4263813-3,Osman اعوان,,"H-05730, Clifton, Karachi",22831
UTL010251,Mohammad بلال راجہ,,Muhammed Ali راجہ,1994-02-21,"H-05770, Madina Town, Faisalabad",87537
UTL010252,Zainab Awan,18153-8851751-3,Bilal اعوان,2000-09-23,"H-05773, Saddar, Rawalpindi",55221
UTL010253,Ali Quraishi,66370-3832702-6,Mohammed Hamzah قریشی,1994-10-09,"H-05794, Johar Town, Lahore",62639
UTL010254,Fatimah Chaudhry,70163-6003892-1,احمد Chaudhry,1998-09-01,"H-05859, Madina Town, Faisalabad",115327
UTL010255,Mohammed Imran Quraishi,12779-6674126-7,Mohammed حسین قریشی,,"H-05868, F-8, Islamabad",81607
UTL010256,Mohammad Imran ملک,50197-1935358-3,,1963-12-03,"H-05871, Satellite Town, Rawalpindi",27381
UTL010257,ثناء Malick,72332-8293609-3,محمد Malik,1994-02-22,"H-05871, Satellite Town, Rawalpindi",29171
UTL010258,Maryam Raja,,Mohammad Hamzah راجہ,1973-02-10,"H-05909, Madina Town, Faisalabad",74914
UTL010259,بلال راجہ,69286-1682627-2,Mohammed Raja,1998-09-16,"H-05909, Madina Town, Faisalabad",91480
UTL010260,Ayisha قریشی,58004-1648304-0,Hamzah Quraishi,,"H-06008, Peoples Colony, Faisalabad",198880
UTL010261,Aisha قریشی,97576-3373851-8,Othman قریشی,1984-04-03,"H-06008, Peoples Colony, Faisalabad",256872
UTL010262,Zaynab راجہ,88301-9112774-4,Hamzah راجہ,1960-03-04,"H-06019, Gulberg, Lahore",41051
UTL010263,محمد Raja,52407-7937909-2,علی Raja,1969-08-28,"H-06036, Malir, Karachi",25898
UTL010264,محمد راجہ,76378-4757788-7,Hassan Raja,1987-06-03,"H-06036, Malir, Karachi",20785
UTL010265,Muhammad Hassan مغل,84490-5206889-1,Husain مغل,2001-08-09,"H-06068, Madina Town, Faisalabad",38561
UTL010266,Hamzah Mughal,,,1989-05-10,"H-06068, Madina Town, Faisalabad",26823
UTL010267,Mohammad Hamza Shaykh,82103-9681697-4,Ali Shaykh,1998-12-09,"H-06069, Madina Town, Faisalabad",64847
UTL010268,Fatema خان,43477-4757538-8,عمران خان,1992-11-25,"H-06128, Madina Town, Faisalabad",26836
UTL010269,حسن خان,,Ali Khan,,"H-06128, Madina Town, Faisalabad",19880
UTL010270,علی Raja,72085-3234955-4,Mohammad Hassan راجہ,1994-10-13,"H-06160, Gulshan-e-Iqbal, Karachi",54228
UTL010271,Hamza Malick,72405-1547005-3,Mohammed Malick,1993-09-03,"H-06188, Bahria Town, Islamabad",32181
UTL010272,Ayisha Malik,14500-8129409-2,Ahmed ملک,2000-06-27,"H-06188, Bahria Town, Islamabad",36664
UTL010273,Muhammad حسن سید,,حسن سید,1955-08-07,"H-06251, F-7, Islamabad",105999
UTL010274,عمران Mughal,72519-9401741-4,Osman مغل,1982-07-19,"H-06321, Malir, Karachi",24306
UTL010275,Bilal Mughal,54563-2403221-8,Hassan مغل,,"H-06321, Malir, Karachi",25432
UTL010276,Mariam خان,67786-3466923-5,Ali Khan,2000-02-03,"H-06338, Model Town, Lahore",47876
UTL010277,Mohammed Hamzah Khan,55272-5832741-7,Muhammad بلال Khan,1974-04-11,"H-06338, Model Town, Lahore",74107
UTL010278,Muhammad عمران Khan,,Ali خان,,"H-06369, Jaranwala Road, Faisalabad",48456
UTL010279,عمران Mughal,95745-7261947-9,Ahmad مغل,1989-01-26,"H-06439, Chaklala, Rawalpindi",204710
UTL010280,Hasan ملک,31403-8131681-1,Imran Malik,1983-11-11,"H-06470, E-11, Islamabad",116732
UTL010281,Hira Malick,40396-9786253-9,Muhammad Faisal Malick,1998-02-01,"H-06470, E-11, Islamabad",126863
UTL010282,فاطمہ Mughal,44007-5813713-6,عثمان Moghul,1966-10-13,"H-06618, F-8, Islamabad",53155
UTL010283,Muhammad Hussain خان,,Hamzah Khan,,"H-06701, Gulshan-e-Iqbal, Karachi",55572
UTL010284,Maryam Raja,65225-7447260-7,Ali راجہ,1955-11-03,"H-06746, Jaranwala Road, Faisalabad",38292
UTL010285,بلال Malick,21004-9343307-2,احمد ملک,1994-06-07,"H-06773, Gulberg, Lahore",37303
UTL010286,Hira Malik,39928-9912166-9,احمد Malick,1972-07-11,"H-06773, Gulberg, Lahore",32969
UTL010287,حرا Sheikh,45156-1633127-4,Hassan شیخ,1980-09-04,"H-06810, Madina Town, Faisalabad",56918
UTL010288,Marium Chaudhary,28368-8416460-6,Usman Choudhary,1992-08-12,"H-06844, Clifton, Karachi",392938
UTL010289,زینب چوہدری,81982-1383621-3,عمران چوہدری,1981-08-22,"H-06844, Clifton, Karachi",427208
UTL010290,Hasan Mughal,21821-6464510-4,,1967-08-20,"H-06913, North Nazimabad, Karachi",60901
UTL010291,مریم Chaudhry,19270-4319780-4,Husain چوہدری,1962-02-14,"H-06927, North Nazimabad, Karachi",58635
UTL010292,بلال قریشی,33435-5614673-0,محمد Qureshi,1965-03-04,"H-06932, Peoples Colony, Faisalabad",85088
UTL010293,حسن خان,58371-6658665-3,,1973-10-20,"H-06939, Peoples Colony, Faisalabad",146652
UTL010294,Ayisha شیخ,80686-7461885-5,حسین Shaikh,1995-06-04,"H-06968, Gulberg, Lahore",169494
UTL010295,Bilal چوہدری,,Ali Chaudhary,1969-04-02,"H-07001, Bahria Town, Rawalpindi",42043
UTL010296,Sana راجہ,,Imran راجہ,1988-07-05,"H-07073, Malir, Karachi",89568
UTL010297,حرا Mughal,14188-1439978-7,Ahmad Mughal,1967-10-02,"H-07125, F-8, Islamabad",37188
UTL010298,Husain Moghul,25454-4703496-5,Mohammed Imran Moghul,1955-03-18,"H-07125, F-8, Islamabad",28843
UTL010299,علی Malick,14258-5473188-6,Ali Malick,1965-12-10,"H-07136, Malir, Karachi",124111
UTL010300,Muhammad Hussein Malick,38939-7724201-7,Hamzah ملک,1975-05-27,"H-07136, Malir, Karachi",113921
UTL010301,Mohammad Hamzah Raja,11739-9811936-8,Mohammed Raja,1980-01-20,"H-07184, Satellite Town, Rawalpindi",54843
UTL010302,Imran Bhatti,72079-9514500-1,,1971-09-24,"H-07207, North Nazimabad, Karachi",22720
UTL010303,Ahmad Butt,56992-4110413-4,Mohammed Bhatti,1979-02-05,"H-07207, North Nazimabad, Karachi",21158
UTL010304,Sana خان,25930-8157003-7,احمد خان,1971-03-19,"H-07243, Bahria Town, Islamabad",44253
UTL010305,علی Khan,79600-6684879-0,Mohammed Husain خان,1974-05-06,"H-07243, Bahria Town, Islamabad",55562
UTL010306,Ayisha Sayed,27897-7798468-2,محمد Sayyid,1982-01-11,"H-07302, Gulberg, Lahore",33835
UTL010307,Muhammad فیصل Syed,98265-5985930-6,,1978-02-06,"H-07302, Gulberg, Lahore",29111
UTL010308,Muhammad Khan,24828-1516570-1,Imran خان,,"H-07400, Madina Town, Faisalabad",47406
UTL010309,Sana Moghul,,,1967-12-18,"H-07421, Saddar, Rawalpindi",57083
UTL010310,فاطمہ مغل,85650-5019932-9,محمد Moghul,1959-11-14,"H-07421, Saddar, Rawalpindi",47734
UTL010311,Hira Raja,73177-1564650-5,Mohammad Bilal Raja,1969-12-21,"H-07429, G-10, Islamabad",23531
UTL010312,عمران راجہ,25564-8502712-9,Hamzah راجہ,2003-08-02,"H-07429, G-10, Islamabad",22713
UTL010313,Muhammad علی Mughal,,Muhammed Moghul,,"H-07430, F-8, Islamabad",106751
UTL010314,Imran Moghul,46215-7410865-3,Muhammed عمران Mughal,,"H-07430, F-8, Islamabad",119851
UTL010315,حرا Sayyid,89203-4573110-1,محمد Syed,1993-04-08,"H-07444, E-11, Islamabad",25679
UTL010316,محمد Sayed,85199-7727150-5,,1997-04-14,"H-07444, E-11, Islamabad",24287
UTL010317,Ahmad Chaudhry,59629-5500906-8,Faisal Ch.,1981-10-13,"H-07447, Bahria Town, Rawalpindi",32928
UTL010318,Muhammad Osman Chaudhary,91715-2113182-1,بلال چوہدری,1986-04-08,"H-07447, Bahria Town, Rawalpindi",29509
UTL010319,Ali راجہ,,حمزہ راجہ,1965-01-15,"H-07574, Satellite Town, Rawalpindi",35171
UTL010320,Hussein Chaudhary,38125-4821393-3,Muhammad عمران Chaudhary,1968-01-06,"H-07602, Madina Town, Faisalabad",98409
UTL010321,Hussein Butt,70845-5582299-8,عثمان Butt,1978-02-06,"H-07651, Bahria Town, Islamabad",102736
UTL010322,بلال خان,37692-7782665-0,Bilal Khan,1971-02-02,"H-07692, Bahria Town, Rawalpindi",70454
UTL010323,حسین قریشی,81015-6087394-7,Usman Quraishi,1974-09-03,"H-07693, DHA, Lahore",69954
UTL010324,احمد Quraishi,80763-5442189-8,Hamzah Quraishi,1980-10-25,"H-07693, DHA, Lahore",75012
UTL010325,Hamzah Mughal,17195-4366560-0,فیصل مغل,1964-08-26,"H-07698, Madina Town, Faisalabad",34267
UTL010326,Muhammed Faysal Moghul,11271-6648722-0,محمد Moghul,1991-08-13,"H-07698, Madina Town, Faisalabad",26751
UTL010327,بلال خان,37534-4721147-5,,1987-12-22,"H-07801, Bahria Town, Islamabad",88163
UTL010328,عثمان Mughal,69634-9879607-4,Mohammad Faysal Mughal,2001-12-23,"H-07835, Chaklala, Rawalpindi",23511
UTL010329,Zaynab Mughal,71987-4244085-8,Hassan مغل,1997-07-20,"H-07835, Chaklala, Rawalpindi",24329
UTL010330,Muhammed Hamza راجہ,88386-5559985-6,Mohammad حسن راجہ,1973-02-01,"H-07914, G-10, Islamabad",36645
UTL010331,حسین راجہ,49539-2844827-7,,1969-11-02,"H-07914, G-10, Islamabad",34543
UTL010332,Imran Mughal,88977-9225846-8,محمد مغل,1968-10-26,"H-07965, North Nazimabad, Karachi",71289
UTL010333,Bilal Sayed,93159-2745029-4,Hussein سید,2002-02-01,"H-07993, DHA, Lahore",48868
UTL010334,Muhammad Hussein Sayyid,79744-7860349-8,,1992-04-04,"H-07993, DHA, Lahore",31319
UTL010335,Muhammed عثمان قریشی,69301-6121468-7,Muhammed بلال Quraishi,2003-07-23,"H-08038, Bahria Town, Rawalpindi",50757
UTL010336,Muhammad Faysal قریشی,54854-1665875-1,Bilal Quraishi,1957-08-01,"H-08038, Bahria Town, Rawalpindi",43565
UTL010337,Bilal راجہ,55197-6727237-5,,1988-08-22,"H-08070, Bahria Town, Rawalpindi",39091
UTL010338,Mohammad Raja,,فیصل راجہ,1965-08-08,"H-08070, Bahria Town, Rawalpindi",28380
UTL010339,بلال Shaikh,,Mohammed Hasan Shaikh,1996-11-23,"H-08098, Model Town, Lahore",23455
UTL010340,Hamza شیخ,96809-2647318-8,Hussain شیخ,1980-04-17,"H-08098, Model Town, Lahore",25380
UTL010341,Hamza قریشی,15112-4548927-2,,1995-07-11,"H-08101, F-7, Islamabad",34795
UTL010342,Ayisha قریشی,37064-8677134-3,عمران Quraishi,1966-01-22,"H-08101, F-7, Islamabad",37113
UTL010343,Hasan سید,90466-3442936-9,Osman Sayed,1965-08-23,"H-08125, Gulberg, Lahore",36321
UTL010344,Mariam Sayed,46174-5795663-7,Usman سید,1957-04-06,"H-08125, Gulberg, Lahore",32130
UTL010345,Fatima قریشی,35827-3583418-2,عمران Qureshi,1985-09-10,"H-08156, DHA, Lahore",52594
UTL010346,Sana قریشی,79282-8368431-0,علی Quraishi,,"H-08193, Jaranwala Road, Faisalabad",35111
UTL010347,محمد Syed,49333-4035352-0,بلال Sayed,1995-04-03,"H-08195, Peoples Colony, Faisalabad",50778
UTL010348,Zainab Malik,14561-7926237-8,عمران ملک,1984-10-01,"H-08197, F-7, Islamabad",50119
UTL010349,Faysal Shaykh,11129-1246763-8,,1982-10-18,"H-08199, Chaklala, Rawalpindi",23916
UTL010350,Osman Shaikh,21071-4924494-4,Bilal Shaykh,1964-12-03,"H-08199, Chaklala, Rawalpindi",28247
UTL010351,محمد Butt,48242-6077271-0,,1988-12-10,"H-08202, Peoples Colony, Faisalabad",78951
UTL010352,Ayesha بٹ,,,1961-06-13,"H-08202, Peoples Colony, Faisalabad",81656
UTL010353,ثناء Bhatti,22737-3363091-1,Mohammed Imran بٹ,1978-02-19,"H-08279, DHA, Lahore",16933
UTL010354,احمد Bhatti,89072-7564013-8,,1956-09-16,"H-08279, DHA, Lahore",23597
UTL010355,Ayesha Syed,,Muhammad عثمان سید,1993-05-21,"H-08289, Peoples Colony, Faisalabad",51170
UTL010356,Othman اعوان,46692-4667308-5,,1978-04-02,"H-08290, Gulshan-e-Iqbal, Karachi",295465
UTL010357,Hira Malik,52301-3113946-3,Ahmed Malik,1991-01-10,"H-08318, DHA, Lahore",19798
UTL010358,بلال Malick,89792-5366935-7,Hamzah ملک,1984-09-03,"H-08318, DHA, Lahore",16613
UTL010359,Muhammad Hamzah قریشی,91304-6032623-4,Ali قریشی,1955-10-21,"H-08335, Saddar, Rawalpindi",28688
UTL010360,Fatema Quraishi,61602-2751689-1,بلال قریشی,1996-12-03,"H-08350, Gulberg, Lahore",83830
UTL010361,زینب قریشی,52354-5681589-1,Muhammad Faysal قریشی,1998-01-27,"H-08379, Chaklala, Rawalpindi",40299
UTL010362,Imran سید,57777-6245548-5,Mohammad Sayyid,2002-09-27,"H-08408, Gulberg, Lahore",84610
UTL010363,Bilal Quraishi,,Hasan Qureshi,1995-03-19,"H-08481, Saddar, Rawalpindi",732191
UTL010364,Zainab قریشی,,Mohammed عثمان Qureshi,1997-04-05,"H-08481, Saddar, Rawalpindi",660176
UTL010365,Hira Khan,46433-4539007-8,Mohammed Khan,1989-04-12,"H-08483, Satellite Town, Rawalpindi",43197
UTL010366,ثناء Khan,65850-6462942-5,حسن Khan,1999-11-07,"H-08483, Satellite Town, Rawalpindi",49761
UTL010367,Hasan Sheikh,62081-9457421-3,Hussain Sheikh,1958-09-26,"H-08487, Gulshan-e-Iqbal, Karachi",41604
UTL010368,ثناء Shaykh,37033-6444247-0,Hassan Shaikh,1993-12-18,"H-08487, Gulshan-e-Iqbal, Karachi",44211
UTL010369,Mohammad Sayed,89190-5412605-9,Mohammad علی Sayyid,,"H-08573, F-7, Islamabad",41380
UTL010370,Mariam Khan,,Husain Khan,1969-01-26,"H-08588, F-7, Islamabad",53826
UTL010371,Ahmed Sayed,76688-9337094-3,Faysal Sayyid,1978-10-26,"H-08615, Saddar, Rawalpindi",55073
UTL010372,علی سید,93401-2782258-0,Bilal Sayyid,1964-03-27,"H-08615, Saddar, Rawalpindi",49988
UTL010373,عمران Shaykh,45276-6149189-7,Mohammad حمزہ Shaykh,,"H-08617, E-11, Islamabad",21180
UTL010374,Imran شیخ,56276-7396005-7,Hamza Sheikh,1973-08-27,"H-08617, E-11, Islamabad",25419
UTL010375,Muhammad فیصل بٹ,22982-6179200-0,Hamza بٹ,1968-08-18,"H-08687, Cantt, Lahore",34040
UTL010376,Sana بٹ,,Muhammad Butt,1967-02-23,"H-08687, Cantt, Lahore",41502
UTL010377,Aisha سید,,Hasan سید,,"H-08702, Peoples Colony, Faisalabad",29278
UTL010378,Ahmed Sayed,,Hussain Sayed,1995-11-02,"H-08702, Peoples Colony, Faisalabad",29821
UTL010379,Hussein Choudhary,,Muhammad Faisal Chaudhry,,"H-08730, Bahria Town, Islamabad",41490
UTL010380,حرا Choudhary,93145-3580947-8,Mohammed Usman Chaudhry,1967-03-26,"H-08761, Gulshan-e-Iqbal, Karachi",28955
UTL010381,Mohammad Hamza چوہدری,64618-4325911-8,Muhammed احمد Ch.,1970-05-08,"H-08761, Gulshan-e-Iqbal, Karachi",36074
UTL010382,Mohammed Hasan Syed,50395-6323097-8,Hamzah سید,1957-08-24,"H-08785, Madina Town, Faisalabad",110026
UTL010383,Mohammad Faysal سید,18598-9228185-6,Faisal Sayed,1967-11-03,"H-08813, Cantt, Lahore",43817
UTL010384,Muhammed Ali چوہدری,22898-6909159-7,,1988-09-21,"H-08815, Model Town, Lahore",53310
UTL010385,حسن چوہدری,17998-6559196-1,,1967-09-02,"H-08815, Model Town, Lahore",44525
UTL010386,Mohammed Hussein Khan,68252-1251637-1,Mohammed Hamzah Khan,1963-05-05,"H-08816, Saddar, Rawalpindi",28711
UTL010387,Muhammad Hasan خان,96733-7994424-8,Osman Khan,1993-05-18,"H-08816, Saddar, Rawalpindi",27677
UTL010388,حرا Moghul,,محمد Mughal,,"H-08822, Bahria Town, Rawalpindi",92402
UTL010389,Mohammed Mughal,65517-3123435-5,,1976-06-18,"H-08822, Bahria Town, Rawalpindi",60504
UTL010390,Mohammed علی مغل,,Hamzah مغل,1957-03-28,"H-08931, Johar Town, Lahore",88462
UTL010391,Muhammad عمران Mughal,52243-6580670-1,حسن Mughal,1968-09-03,"H-08931, Johar Town, Lahore",91723
UTL010392,Mohammad Malik,,Mohammed Malick,1990-03-17,"H-08941, Gulshan-e-Iqbal, Karachi",56433
UTL010393,Fatima ملک,,,2002-08-11,"H-08941, Gulshan-e-Iqbal, Karachi",56708
UTL010394,Muhammed Ahmad Mughal,80564-3253442-6,,1984-02-12,"H-08951, Malir, Karachi",21901
UTL010395,Faysal Mughal,33973-4963206-7,Mohammad Mughal,2001-01-01,"H-08951, Malir, Karachi",23695
UTL010396,Muhammad Hussein Bhatti,76908-6430760-8,Bilal بٹ,1969-10-18,"H-09049, Bahria Town, Rawalpindi",101704
UTL010397,عمران مغل,60481-2842376-8,Mohammed Moghul,1997-12-04,"H-09056, Chaklala, Rawalpindi",62349
UTL010398,Fatema خان,75620-2093032-1,Mohammed Khan,1976-06-17,"H-09144, Saddar, Rawalpindi",81153
UTL010399,بلال خان,20540-2144406-6,Mohammed حسن خان,1980-06-04,"H-09144, Saddar, Rawalpindi",75016
UTL010400,بلال مغل,47114-8393189-0,Muhammad Husain Moghul,1958-07-06,"H-09174, Madina Town, Faisalabad",95016
UTL010401,Zaynab Moghul,66995-6803525-6,,2002-07-17,"H-09205, North Nazimabad, Karachi",43354
UTL010402,Mohammad مغل,80240-4496208-6,Hussain مغل,1963-03-12,"H-09205, North Nazimabad, Karachi",41219
UTL010403,Fatima خان,36033-1204805-5,Ahmad Khan,1986-12-18,"H-09236, Satellite Town, Rawalpindi",57034
UTL010404,Ahmed Qureshi,73881-4631262-3,فیصل قریشی,1981-06-23,"H-09276, F-8, Islamabad",40110
UTL010405,Ahmad قریشی,,Ahmad Qureshi,1977-07-07,"H-09276, F-8, Islamabad",61173
UTL010406,Ayesha خان,77850-3541461-9,Imran Khan,1975-08-17,"H-09389, Model Town, Lahore",59633
UTL010407,Mohammad عثمان Syed,65456-8925553-7,Ahmed Sayyid,1990-06-15,"H-09402, F-8, Islamabad",59043
UTL010408,مریم اعوان,69838-2961611-2,محمد Awan,1971-08-10,"H-09428, Chaklala, Rawalpindi",16394
UTL010409,فاطمہ Awan,21126-2555668-9,,1973-06-06,"H-09428, Chaklala, Rawalpindi",27913
UTL010410,فیصل شیخ,30599-1211844-7,,,"H-09436, Johar Town, Lahore",78998
UTL010411,Fatima Mughal,,Hussain Mughal,1976-04-09,"H-09476, Bahria Town, Islamabad",76566
UTL010412,ثناء مغل,52601-7472951-1,بلال مغل,1968-01-11,"H-09476, Bahria Town, Islamabad",60242
UTL010413,بلال Khan,87040-1770764-5,Ahmad خان,1995-06-26,"H-09489, Saddar, Rawalpindi",25126
UTL010414,Hussain خان,39507-9010054-3,Usman خان,1982-03-17,"H-09489, Saddar, Rawalpindi",27804
UTL010415,حسین Butt,99321-1919494-6,Hussain بٹ,1992-08-26,"H-09498, Model Town, Lahore",156960
UTL010416,Fatima مغل,58350-9691447-2,فیصل Mughal,1955-10-01,"H-09537, Satellite Town, Rawalpindi",114198
UTL010417,Mohammed Malik,47748-7435445-9,Hassan ملک,1978-01-28,"H-09584, Saddar, Rawalpindi",48159
UTL010418,Ali Malick,54855-6878217-8,Imran Malik,,"H-09584, Saddar, Rawalpindi",39805
UTL010419,Fatema Khan,43745-6634746-6,,1969-12-01,"H-09596, Satellite Town, Rawalpindi",77920
UTL010420,فیصل Raja,40141-3333392-0,علی راجہ,1989-06-26,"H-09630, Model Town, Lahore",74204
UTL010421,Mariam Bhatti,87364-1060721-4,Osman بٹ,,"H-09632, DHA, Lahore",122353
UTL010422,بلال Shaikh,,Hamza Shaykh,1993-01-17,"H-09640, F-8, Islamabad",48492
UTL010423,Ayesha Sheikh,59046-9153219-3,,1994-12-01,"H-09640, F-8, Islamabad",56304
UTL010424,فیصل Syed,25302-1519444-4,بلال Sayyid,1970-07-21,"H-09651, Malir, Karachi",68388
UTL010425,Othman بٹ,93667-4555943-2,,1968-07-08,"H-09662, F-8, Islamabad",263931
UTL010426,Maryam Butt,,احمد Butt,1990-06-14,"H-09662, F-8, Islamabad",365405
UTL010427,حسن Qureshi,,عمران Quraishi,1977-01-19,"H-09683, DHA, Karachi",101208
UTL010428,عثمان Awan,40895-2367438-6,Faisal Awan,2000-04-08,"H-09769, Model Town, Lahore",26301
UTL010429,Fatema اعوان,,Mohammed Usman اعوان,1975-12-22,"H-09769, Model Town, Lahore",23259
UTL010430,Mohammad Hasan Choudhary,,Othman چوہدری,1986-09-05,"H-09859, Cantt, Lahore",31224
UTL010431,فیصل Butt,58291-8842221-7,Hamza بٹ,2001-09-15,"H-09876, DHA, Lahore",71572
UTL010432,Hamza قریشی,,Husain قریشی,1980-07-09,"H-09886, Jaranwala Road, Faisalabad",40463
UTL010433,Mohammad قریشی,,Bilal Qureshi,1967-01-24,"H-09886, Jaranwala Road, Faisalabad",49686
UTL010434,Zaynab Butt,87931-7112602-9,فیصل بٹ,,"H-09932, Saddar, Rawalpindi",23043
UTL010435,Hira Butt,,محمد Butt,1975-02-06,"H-09932, Saddar, Rawalpindi",22889
UTL010436,Zaynab Bhatti,,,1975-01-08,"H-09934, Cantt, Lahore",54519
UTL010437,Mohammad راجہ,53053-9261369-1,Muhammad احمد Raja,1973-02-18,"H-09942, Madina Town, Faisalabad",31527
UTL010438,Faisal Raja,,,1962-04-04,"H-09942, Madina Town, Faisalabad",27044
UTL010439,Fatimah Shaikh,34103-5748775-6,,1983-04-26,"H-09988, Gulberg, Lahore",71035
