record_id,owner_name,owner_cnic,father_name,dob,engine_cc,reg_value,city
VEH000000,Muhammad Bhatti,28289-2719583-8,Ahmad Bhatti,1992-07-02,1900,6705307,Lahore
VEH000001,Muhammad Ahmad Syed,93320-7120868-2,Mohammed Usman Sayyid,1977-04-22,2900,11515792,Islamabad
VEH000002,بلال Shaikh,42742-2264748-7,Imran Shaikh,1961-01-21,1700,6700413,Islamabad
VEH000003,Othman خان,72493-9436469-8,علی Khan,1958-09-03,2500,8340066,Karachi
VEH000004,Muhammed Osman Khan,72493-9436429-8,,1958-09-03,2500,9440926,Karachi
VEH000005,عثمان Khan,72493-9437429-8,علی Khan,1958-09-03,2400,8126693,Karachi
VEH000006,حسین چوہدری,44814-7640184-2,حسین Ch.,1984-06-25,2800,9585532,Islamabad
VEH000007,احمد Shaykh,,Mohammed Ali شیخ,1957-05-12,4500,14673866,Faisalabad
VEH000008,عثمان Chaudhary,56357-7817881-9,علی چوہدری,1970-03-26,3400,14073322,Lahore
VEH000009,Mohammed علی Qureshi,44970-3670896-1,Mohammed Bilal Quraishi,1957-08-08,1900,7563023,Rawalpindi
VEH000010,Osman سید,25157-7462506-9,حسن Sayed,1971-01-23,1000,4038345,Faisalabad
VEH000011,Hussein Butt,86019-6406444-7,Hamza بٹ,1983-11-07,2600,8915800,Lahore
VEH000012,Ahmed Bhatti,92960-6623525-1,حسن Butt,1998-05-08,3000,9806769,Faisalabad
VEH000013,Ahmed بٹ,92960-6623525-1,Mohammed Hasan Butt,1998-05-08,3200,10561491,Faisalabad
VEH000014,Muhammed احمد بٹ,92960-6623525-1,Muhammed حسن بٹ,1998-05-08,2700,9235533,Faisalabad
VEH000015,احمد Syed,77889-8793853-0,Muhammed عمران Syed,1970-02-15,4500,18011440,Lahore
VEH000016,Ahmad Sayyid,77889-8793853-0,,1970-02-15,4500,18833353,Lahore
VEH000017,احمد Sayed,77889-8793853-0,Mohammed Imran سید,1970-02-15,4500,15728534,Lahore
VEH000018,احمد سید,77889-8793853-0,عمران Syed,,4500,17007859,Lahore
VEH000019,حرا Shaikh,64377-7838382-5,Imran Shaikh,1984-07-02,2000,8371535,Lahore
VEH000020,Hamzah چوہدری,73654-1486955-6,Mohammed عثمان Choudhary,,800,2771091,Islamabad
VEH000021,Mohammed حسن ملک,42411-4344717-0,Faysal ملک,1964-04-05,1600,6235573,Karachi
VEH000022,Hamza بٹ,89415-2921542-2,Husain Bhatti,1961-10-01,2200,9156528,Islamabad
VEH000023,Hamza Choudhary,54608-5691890-9,Muhammed Husain Choudhary,1990-01-17,700,2691342,Islamabad
VEH000024,Hamzah چوہدری,54608-5691890-9,Husain Chaudhry,1990-01-17,900,3516480,Islamabad
VEH000025,Ahmad Raja,38361-9123504-4,فیصل Raja,2003-09-20,1300,5009817,Lahore
VEH000026,Hamzah Malik,62757-5567533-8,,1986-08-03,1000,3820804,Rawalpindi
VEH000027,حرا قریشی,13390-2532210-3,فیصل Quraishi,1992-01-25,2000,7352965,Faisalabad
VEH000028,Mohammad فیصل Khan,78071-8419378-4,Ali خان,1992-07-21,3900,14816743,Lahore
VEH000029,Faisal خان,78021-8419378-4,,1992-07-21,3900,14318949,Lahore
VEH000030,Faysal Khan,78021-8419378-4,Muhammad Ali خان,1992-07-21,3900,13926602,Lahore
VEH000031,Zainab Syed,,Othman Sayyid,1981-12-16,2300,9241541,Islamabad
VEH000032,حمزہ Malick,52372-2944841-6,عمران ملک,1955-11-28,2300,8636967,Islamabad
VEH000033,Hamzah Malick,48254-9537455-4,Bilal ملک,1985-08-08,3400,13555990,Lahore
VEH000034,حمزہ Malick,48254-9537455-4,بلال Malick,1985-08-08,3000,10865486,Lahore
VEH000035,Fatima اعوان,55236-6577416-8,Imran Awan,1979-08-11,2700,10160016,Faisalabad
VEH000036,Fatimah اعوان,55236-6577416-8,Imran Awan,1979-08-11,2800,9374381,Faisalabad
VEH000037,Aysha Sheikh,53515-2683838-7,احمد Sheikh,1988-08-01,1200,4350140,Faisalabad
VEH000038,Hamza Shaikh,17028-6442103-0,Muhammed Hussain Shaikh,1977-06-14,1300,5375165,Islamabad
VEH000039,علی Shaikh,60140-5040453-7,Faisal Shaikh,1964-04-15,2500,9085708,Karachi
VEH000040,Zaynab Khan,98815-3650391-1,Hamza خان,,4500,15640121,Rawalpindi
VEH000041,Zainab Khan,98815-3650391-1,حمزہ Khan,,4500,18001531,Rawalpindi
VEH000042,Zaynab Khan,98815-3650391-1,,1977-10-10,4500,16293712,Rawalpindi
VEH000043,Zaynab Khan,98815-3650391-1,Muhammad Hamzah Khan,1977-10-10,4500,18728618,Rawalpindi
VEH000044,Mohammed Sayed,84177-1822825-9,Hamzah سید,1973-04-20,4500,17133870,Islamabad
VEH000045,Muhammad سید,84177-1822825-9,Hamzah Syed,1973-04-20,4500,17558547,Islamabad
VEH000046,محمد Sayyid,84177-1822825-9,,1973-04-20,4500,18711678,Islamabad
VEH000047,Hussain قریشی,36318-3217273-8,عثمان Quraishi,1988-09-09,1900,7077802,Rawalpindi
VEH000048,Hamza قریشی,59941-7232293-1,Mohammad حسن Qureshi,1985-01-20,4300,14283458,Islamabad
VEH000049,Hamza Quraishi,59948-7232293-1,حسن Quraishi,,4200,16084428,Islamabad
VEH000050,حمزہ Qureshi,57941-7232293-1,حسن قریشی,1985-01-20,4300,15407347,Islamabad
VEH000051,Hamza Malik,12799-1848566-5,حسن Malik,1963-10-07,1500,5550337,Lahore
VEH000052,Faisal Chaudhry,29340-1047572-4,علی Ch.,1963-09-09,1900,7195196,Lahore
VEH000053,Ahmad Sheikh,92978-6455706-6,,1988-05-15,1500,5178085,Islamabad
VEH000054,Mohammed Ahmad Shaikh,92978-6455706-6,Faysal Shaikh,1988-05-15,1300,4581157,Islamabad
VEH000055,عمران Chaudhry,39949-7942639-5,Hamzah چوہدری,1980-07-24,1900,7562057,Rawalpindi
VEH000056,فیصل راجہ,97819-3050700-6,Othman Raja,1997-07-28,4500,15673562,Faisalabad
VEH000057,Faysal Raja,97819-3050700-6,عثمان Raja,1997-07-28,4500,16399726,Faisalabad
VEH000058,فیصل راجہ,97819-3050700-6,عثمان Raja,1997-07-28,4500,17115753,Faisalabad
VEH000059,Mohammad Faisal Raja,97819-3050700-6,Usman Raja,1997-07-28,4500,17341332,Faisalabad
VEH000060,Ahmad Sayed,12456-8713396-1,Othman Sayed,1991-07-19,900,3482922,Karachi
VEH000061,Muhammed بلال Butt,53655-3820798-1,Imran Bhatti,,900,3163900,Islamabad
VEH000062,Faysal خان,19724-6207779-7,حمزہ خان,1957-01-12,2700,9395023,Islamabad
VEH000063,Faisal خان,19774-6207779-7,Hamzah خان,1957-01-12,2600,8459447,Islamabad
VEH000064,Faysal خان,,Hamza خان,1957-01-12,2700,10279121,Islamabad
VEH000065,فیصل Khan,19724-6207779-7,Mohammed حمزہ خان,1957-01-12,2500,8650457,Islamabad
VEH000066,Muhammed اعوان,21053-9464927-2,Muhammad Awan,1970-12-15,1400,5534339,Karachi
VEH000067,Fatima مغل,83259-7319630-5,Ali Moghul,1997-12-27,4500,15738289,Karachi
VEH000068,بلال Raja,57526-6181912-2,حسن راجہ,1976-08-07,1800,7075737,Islamabad
VEH000069,Muhammed Husain ملک,79013-1633997-5,Faysal ملک,1963-10-13,1400,5144648,Faisalabad
VEH000070,بلال Malick,55820-1447451-6,Mohammad Malick,1980-09-12,1500,5090843,Lahore
VEH000071,Hussain Choudhary,16258-5000351-6,فیصل Ch.,1984-02-04,2500,10455204,Islamabad
VEH000072,Imran قریشی,81313-9511546-8,Muhammed Imran قریشی,,4400,16905034,Karachi
VEH000073,Hamzah Awan,18270-8678589-0,حسین Awan,1967-01-26,700,2837039,Lahore
VEH000074,Hamzah اعوان,,Hussein اعوان,1967-01-26,700,2789457,Lahore
VEH000075,Ahmad Qureshi,67637-7486822-5,Ali Qureshi,,800,3260209,Rawalpindi
VEH000076,Ahmad سید,88964-4027557-8,Hussein Sayyid,1975-02-03,1000,4015341,Karachi
VEH000077,Muhammed Ahmad سید,99051-3684131-0,Mohammad Ali سید,1993-11-26,1700,6249272,Islamabad
VEH000078,Ahmad Sayed,99051-3684131-0,Ali Syed,1993-11-26,1600,5977105,Islamabad
VEH000079,Othman Malik,48058-6034437-2,علی ملک,,1300,4222949,Faisalabad
VEH000080,عثمان ملک,,,1978-09-08,1600,5370675,Faisalabad
VEH000081,Mohammad Hasan Awan,82616-7189302-7,Imran اعوان,1963-10-03,4300,16578250,Karachi
VEH000082,Muhammed حسن Awan,82616-7189302-7,,1963-10-03,4500,16642581,Karachi
VEH000083,Sana Syed,26426-6318841-1,Hamzah سید,1984-11-17,1900,6447296,Rawalpindi
VEH000084,Sana Syed,26426-6318841-1,Hamza سید,1984-11-17,2000,7607997,Rawalpindi
VEH000085,علی Sayyid,26274-9692311-2,Hussain Sayed,1965-03-11,4000,16010287,Faisalabad
VEH000086,Ali سید,26274-9692311-2,حسین Sayyid,1965-03-11,3400,12707566,Faisalabad
VEH000087,Faysal سید,13969-9355692-8,Hussein Sayed,1996-05-16,3700,12177939,Faisalabad
VEH000088,Faisal Syed,13969-9325692-8,Hussain Sayyid,1996-05-16,3500,12506286,Faisalabad
VEH000089,زینب اعوان,30719-8375356-6,Mohammad حمزہ Awan,1984-04-11,900,3254573,Karachi
VEH000090,Mohammed Ahmad خان,,,1975-10-24,2700,11320999,Islamabad
VEH000091,ثناء اعوان,75191-1088833-1,Bilal اعوان,1987-08-08,2300,7986058,Rawalpindi
VEH000092,بلال Quraishi,16705-4265774-5,Imran Qureshi,1973-02-13,4500,15786163,Karachi
VEH000093,Bilal Quraishi,,Imran Quraishi,1973-02-13,4500,17335070,Karachi
VEH000094,بلال قریشی,16705-4265774-5,عمران قریشی,1973-02-13,4500,18235056,Karachi
VEH000095,Mohammad Bilal قریشی,16705-4265774-5,Muhammad عمران قریشی,1973-02-13,4500,14941904,Karachi
VEH000096,فیصل Moghul,22672-7608607-5,,1990-06-25,1300,4887239,Karachi
VEH000097,علی سید,49221-6543410-8,Imran سید,1989-08-23,2600,10647340,Faisalabad
VEH000098,علی سید,49221-6643410-8,,1989-08-23,2900,9790649,Faisalabad
VEH000099,Aisha Qureshi,64590-6161977-0,,1985-05-21,1200,4899835,Islamabad
VEH000100,Muhammad Moghul,78712-7378535-2,Hasan Moghul,1957-10-23,1500,5704861,Rawalpindi
VEH000101,فیصل Awan,46569-6007984-3,,1973-12-07,1200,3947559,Lahore
VEH000102,Zainab Awan,,فیصل Awan,1998-09-13,1400,5736391,Islamabad
VEH000103,Ali Malik,86917-5014486-3,محمد Malik,1997-09-08,1600,6446066,Faisalabad
VEH000104,علی Malik,86917-5014486-3,Muhammed Malick,1997-09-08,2000,7144809,Faisalabad
VEH000105,Ahmad Sayyid,23178-3306314-0,عمران Sayed,1965-07-21,2500,8054826,Islamabad
VEH000106,Hira Chaudhry,47409-1992583-1,Mohammad Faisal Ch.,1969-09-24,800,2873776,Islamabad
VEH000107,Ali Sayed,62034-9311162-2,,1957-01-10,1000,4065707,Lahore
VEH000108,عثمان بٹ,27589-9459284-7,Hussain بٹ,1967-02-11,2600,9222949,Rawalpindi
VEH000109,احمد Butt,38947-4676367-2,Hamzah Butt,1964-08-24,1600,5962648,Islamabad
VEH000110,Muhammad احمد بٹ,38947-4676367-2,Hamzah Butt,1964-08-24,1400,5063855,Islamabad
VEH000111,Sana Choudhary,20730-9816538-7,عمران Chaudhry,2000-06-03,3200,12136729,Lahore
VEH000112,فیصل Raja,53007-9729882-7,احمد راجہ,1998-04-23,3600,14074856,Lahore
VEH000113,Muhammad فیصل راجہ,53007-9729882-7,Ahmed راجہ,1998-04-23,3800,12721444,Lahore
VEH000114,Faisal Raja,53007-9729882-7,,1998-04-23,3700,12833863,Lahore
VEH000115,Faysal Raja,53007-9529882-7,,1998-04-23,3900,14408565,Lahore
VEH000116,Imran اعوان,27294-9610869-6,Hamzah اعوان,1991-01-18,2100,7182600,Karachi
VEH000117,Bilal بٹ,85800-2225232-0,Bilal Bhatti,1977-12-03,2500,8692152,Karachi
VEH000118,Ayesha Raja,25549-3994290-8,Bilal راجہ,1988-03-24,1500,5937826,Lahore
VEH000119,Ayisha راجہ,,Muhammad بلال Raja,1988-03-24,1600,5836372,Lahore
VEH000120,Hassan خان,40715-4645172-0,Ali Khan,1987-05-08,3100,11780473,Rawalpindi
VEH000121,حسن Khan,40715-4645172-0,علی خان,1987-05-08,2900,9347263,Rawalpindi
VEH000122,حسن Khan,40715-4645172-0,Mohammed علی Khan,1987-05-08,2900,10852258,Rawalpindi
VEH000123,Hamzah Chaudhary,36805-7654381-3,عمران Chaudhry,,700,2558481,Faisalabad
VEH000124,علی Khan,,Muhammad Ali خان,1967-06-08,1000,3379815,Islamabad
VEH000125,ثناء Quraishi,94108-9230828-7,Ali Quraishi,2001-06-06,1700,7065361,Islamabad
VEH000126,عمران Bhatti,98346-8223819-2,Ahmed Butt,1961-09-05,1200,4257078,Karachi
VEH000127,عمران Butt,98346-8223819-2,Mohammed Ahmad Butt,,1000,3730536,Karachi
VEH000128,Muhammad Imran Mughal,51220-1262699-3,Faysal مغل,1964-12-27,1700,5943188,Karachi
VEH000129,عمران Sayed,99088-7374562-1,Mohammad فیصل Sayed,1973-04-23,4500,18451978,Rawalpindi
VEH000130,Muhammed عمران Sayed,99088-7376562-1,,1973-04-23,4500,14575264,Rawalpindi
VEH000131,عمران سید,99088-7376562-1,Muhammad فیصل Sayed,1973-04-23,4500,15055485,Rawalpindi
VEH000132,Imran Sayyid,99088-7376562-1,Faisal Sayed,,4500,18215074,Rawalpindi
VEH000133,Muhammad علی سید,23538-1440601-1,Othman Syed,,1600,6437145,Rawalpindi
VEH000134,Bilal Khan,60829-2421022-8,Hassan Khan,1991-09-06,1400,4698761,Islamabad
VEH000135,علی Bhatti,74634-3448380-1,علی بٹ,1982-05-14,4500,18892731,Islamabad
VEH000136,علی Butt,74634-3448380-1,,1982-05-14,4300,17671088,Islamabad
VEH000137,Ali Butt,74634-3448310-1,علی بٹ,1982-05-14,4500,15453829,Islamabad
VEH000138,Mohammad Ali Bhatti,74634-3448380-1,Ali Bhatti,1982-05-14,4500,14831323,Islamabad
VEH000139,حمزہ Quraishi,49378-6379868-9,,1985-06-06,3200,11442420,Rawalpindi
VEH000140,Mohammad Hamzah قریشی,49378-6379868-9,,1985-06-06,3300,12961321,Rawalpindi
VEH000141,Mohammed Hamzah Quraishi,49378-6379868-9,Hasan Qureshi,1985-06-06,3100,11414438,Rawalpindi
VEH000142,Hussein شیخ,19694-8539089-9,Hamza Shaykh,1992-07-18,3400,14220900,Rawalpindi
VEH000143,Sana Khan,,Hassan Khan,1997-11-12,700,2862143,Islamabad
VEH000144,Zaynab Sayed,,Muhammed عمران Syed,2002-09-18,1700,6431602,Karachi
VEH000145,زینب سید,22924-5340909-3,عمران Sayyid,,1400,4725232,Karachi
VEH000146,Ahmad Sheikh,54966-8639213-3,Muhammad Imran Shaikh,1985-06-16,3500,14192041,Islamabad
VEH000147,Zaynab Malick,25084-1378915-5,,1998-03-24,1800,6382847,Islamabad
VEH000148,Zainab Malik,25084-1378915-5,Ahmad Malick,1998-03-24,2100,7514027,Islamabad
VEH000149,Zainab Malik,25084-1378915-5,,1998-03-24,2100,8712439,Islamabad
VEH000150,Mohammad Hamzah مغل,10583-4603680-3,Hussain Moghul,2003-12-26,1200,5037579,Rawalpindi
VEH000151,Othman قریشی,,,1995-06-20,2200,7890392,Lahore
VEH000152,عثمان Quraishi,24536-5401559-7,Imran Quraishi,1995-06-20,2200,9214942,Lahore
VEH000153,Usman قریشی,24936-5401559-7,Muhammed عمران قریشی,1995-06-20,2300,7513048,Lahore
VEH000154,Osman Qureshi,24936-5401559-7,,1995-06-20,2300,8323400,Lahore
VEH000155,Osman Quraishi,98288-5990296-9,Faysal Qureshi,1960-11-05,1000,3554169,Rawalpindi
VEH000156,علی Qureshi,60916-8016887-9,Muhammed Ali Qureshi,1991-07-14,1100,3586627,Lahore
VEH000157,Hasan Butt,39470-5843084-2,,1991-12-25,4500,14400496,Karachi
VEH000158,Hassan بٹ,39470-5843084-2,Hamzah بٹ,1991-12-25,4500,18184268,Karachi
VEH000159,Mohammad حسن Butt,,Muhammad حمزہ Butt,1991-12-25,4500,15052480,Karachi
VEH000160,Hasan بٹ,39400-5843084-2,,1991-12-25,4500,15432897,Karachi
VEH000161,Hussain Khan,55688-2459332-7,,1970-04-26,1000,3357323,Rawalpindi
VEH000162,Muhammad Hussain Butt,77425-2597613-2,Muhammad Bilal Bhatti,1958-05-28,1600,5846568,Faisalabad
VEH000163,Marium Malik,77582-5667852-5,Hamzah Malick,1986-06-19,1300,5298987,Karachi
VEH000164,فاطمہ Shaikh,45916-2565985-5,Hussein Sheikh,1960-06-22,4500,15778159,Islamabad
VEH000165,فاطمہ Shaykh,45916-2565985-5,Hussein شیخ,1960-06-22,4500,15008583,Islamabad
VEH000166,Fatema شیخ,45976-2565985-5,Hussain Shaykh,,4500,16136678,Islamabad
VEH000167,Hira Butt,,Mohammed Butt,1968-08-03,1400,5248674,Lahore
VEH000168,Ahmed Qureshi,27973-7420993-2,Mohammed Ali قریشی,1959-09-19,2200,7440390,Islamabad
VEH000169,Zainab Raja,19567-1280001-9,Muhammed احمد Raja,1955-05-07,1100,4026590,Lahore
VEH000170,Ali Raja,86865-2109224-4,Muhammed بلال Raja,2001-04-02,1800,6883448,Islamabad
VEH000171,علی Raja,86865-2109227-4,Bilal Raja,2001-04-02,1700,7101614,Islamabad
VEH000172,Muhammad علی راجہ,86865-2109227-4,,2001-04-02,1700,7101516,Islamabad
VEH000173,عمران راجہ,58741-3129542-4,Ahmed راجہ,1956-06-26,1200,4673804,Islamabad
VEH000174,Faisal ملک,76949-7041876-0,Muhammad Hamzah ملک,1991-03-12,1200,3968023,Rawalpindi
VEH000175,علی Chaudhary,62550-2156393-7,Hussain Chaudhary,1974-06-03,1500,5252280,Faisalabad
VEH000176,Osman Ch.,49834-5069884-7,Osman چوہدری,1992-08-25,4500,16849170,Islamabad
VEH000177,Osman Choudhary,49834-5069884-7,Othman Chaudhry,1992-08-25,4500,14999533,Islamabad
VEH000178,Othman Ch.,49834-5069884-7,Usman Chaudhary,1992-08-25,4500,18119749,Islamabad
VEH000179,Usman چوہدری,,Muhammad Othman چوہدری,1992-08-25,4500,18569986,Islamabad
VEH000180,عمران خان,60911-6952633-2,Mohammed Ali Khan,1970-10-11,4500,17980729,Lahore
VEH000181,Ahmed Quraishi,44761-4517918-3,احمد قریشی,1977-05-26,1700,6653584,Rawalpindi
VEH000182,Osman Chaudhry,,Hussein چوہدری,1970-02-02,2800,9251223,Lahore
VEH000183,Mohammad Osman Chaudhry,82628-5450401-4,حسین Choudhary,1970-02-02,2800,9862782,Lahore
VEH000184,Fatimah خان,66047-2470159-4,,1985-04-04,1700,5734167,Islamabad
VEH000185,Fatema خان,66047-2470159-4,Mohammed Faysal Khan,1985-04-04,1700,5767416,Islamabad
VEH000186,احمد اعوان,62096-8901136-7,,1960-11-18,3700,13853806,Karachi
VEH000187,احمد Qureshi,87296-4817030-8,Mohammad Qureshi,1979-09-14,2500,8662846,Faisalabad
VEH000188,Mohammed Ahmad Quraishi,87496-4817030-8,Mohammad Qureshi,,2400,8727343,Faisalabad
VEH000189,عثمان خان,50756-5703436-7,Ahmed Khan,1969-03-10,2300,8654708,Islamabad
VEH000190,عثمان Khan,50756-5703436-7,Ahmed Khan,,2400,9120039,Islamabad
VEH000191,Hussain Syed,21703-4153037-7,,1981-12-16,4300,16905114,Faisalabad
VEH000192,Ahmad بٹ,16507-3733132-9,Hassan Butt,1969-11-08,1100,4504846,Karachi
VEH000193,Mohammad Raja,94848-5742531-4,Ahmed راجہ,1985-02-11,1600,6095119,Islamabad
VEH000194,Muhammed Hussain Bhatti,,Faisal Butt,1980-11-11,1700,6716467,Lahore
VEH000195,Aysha Shaykh,,Muhammad Hamzah Shaykh,1964-06-28,1000,3895378,Lahore
VEH000196,حمزہ Quraishi,93165-1973306-0,,1972-04-25,2000,7072012,Lahore
VEH000197,Hamza Quraishi,93165-1973306-0,Hamza قریشی,1972-04-25,1900,7027604,Lahore
VEH000198,Mohammed Qureshi,12348-1069186-3,Hassan Quraishi,1999-06-10,1700,5944759,Faisalabad
VEH000199,Mohammad Hamzah Qureshi,62863-1320859-3,Muhammed حسن قریشی,2001-03-07,2100,6843695,Lahore
VEH000200,حمزہ Qureshi,62873-1320859-3,Muhammad Hasan Qureshi,2001-03-07,2000,8095768,Lahore
VEH000201,Ahmad Qureshi,93928-5291430-8,فیصل قریشی,1958-10-02,2400,9805745,Karachi
VEH000202,Ahmed قریشی,93928-5291430-8,Faisal Quraishi,1958-10-02,2300,7447556,Karachi
VEH000203,Ahmed Quraishi,93928-5691430-8,,1958-10-02,1900,7545245,Karachi
VEH000204,Hamza Ch.,44471-9776935-3,,2000-07-10,1100,4585843,Faisalabad
VEH000205,Hamza Qureshi,11671-2493219-1,,1997-08-05,2400,8532559,Lahore
VEH000206,احمد Butt,48800-5431282-7,Muhammad بٹ,1961-03-28,800,3174652,Lahore
VEH000207,بلال Malick,11267-3321873-2,Muhammed Othman Malik,1977-08-20,1100,4246436,Karachi
VEH000208,Imran Mughal,,Imran Moghul,1999-12-20,1800,5972565,Faisalabad
VEH000209,Ahmad مغل,49924-9528492-8,Muhammed حسن Mughal,1996-11-15,2500,10338803,Faisalabad
VEH000210,Ahmad Mughal,46924-9528492-8,,1996-11-15,2500,9053940,Faisalabad
VEH000211,Muhammad عثمان قریشی,,Mohammad Qureshi,,4000,15989501,Islamabad
VEH000212,Usman Quraishi,78417-7272839-1,Muhammad Quraishi,1965-08-05,4200,16302527,Islamabad
VEH000213,Osman Qureshi,78417-7272839-1,Mohammad قریشی,1965-08-05,4500,17567430,Islamabad
VEH000214,Faysal Malik,,Mohammed Hamzah Malick,1955-09-24,1800,6605595,Rawalpindi
VEH000215,Sana Shaykh,26827-2737347-6,Mohammed Faisal شیخ,1993-06-17,4500,15530917,Faisalabad
VEH000216,Sana Sheikh,26827-2737347-6,فیصل Shaikh,1993-06-17,4500,14932345,Faisalabad
VEH000217,Mohammad عمران Choudhary,91810-5875114-5,Mohammed Ali Chaudhary,2000-11-06,800,3238460,Lahore
VEH000218,Mohammed Ahmad Qureshi,86389-8004117-8,,,1100,4449333,Faisalabad
VEH000219,Ayisha Moghul,94819-7524415-3,عمران Moghul,1999-05-23,2400,8360061,Faisalabad
VEH000220,مریم سید,17051-1217520-4,Mohammed Hasan Syed,1994-08-27,1400,4787162,Islamabad
VEH000221,Muhammed Shaikh,16665-6052539-7,فیصل Shaykh,1990-06-03,2300,7484087,Islamabad
VEH000222,فیصل Moghul,99463-6384429-6,Ahmad مغل,1979-05-18,1300,4691343,Lahore
VEH000223,عمران Qureshi,68400-9167227-0,,1996-04-11,1300,4496654,Faisalabad
VEH000224,عمران قریشی,61400-9167227-0,حسین Qureshi,1996-04-11,1100,4518648,Faisalabad
VEH000225,Imran راجہ,,Ahmad راجہ,,1900,7207846,Karachi
VEH000226,حرا Malick,70191-6565260-0,Ahmad Malik,1959-01-06,2200,7414560,Lahore
VEH000227,Hussein Chaudhry,64087-9599207-2,علی چوہدری,1966-04-20,2200,8707212,Islamabad
VEH000228,Faysal Sheikh,,,,2400,7870579,Faisalabad
VEH000229,Mohammad Faysal Shaikh,,Mohammad Ali شیخ,1955-06-08,2200,7756862,Faisalabad
VEH000230,عمران Sheikh,,عثمان شیخ,1957-04-25,1400,5236838,Rawalpindi
VEH000231,Faysal شیخ,43850-4020528-8,Mohammad Bilal شیخ,1993-10-21,1900,7952597,Karachi
VEH000232,احمد Choudhary,73133-3861635-3,Mohammad بلال چوہدری,1993-03-26,1200,4095944,Rawalpindi
VEH000233,حمزہ Sayyid,85513-2639417-6,Ali Sayyid,1971-08-25,2000,7286304,Islamabad
VEH000234,Mohammed Faisal راجہ,34775-1091762-0,Faysal راجہ,1988-02-17,2400,9198790,Rawalpindi
VEH000235,بلال Qureshi,65846-5255251-4,,1982-10-12,1600,6148828,Karachi
VEH000236,علی Sayed,29048-8913286-9,بلال Syed,1960-02-09,800,2637542,Karachi
VEH000237,Bilal سید,78289-5806156-9,Mohammed سید,1966-11-16,1700,6801935,Faisalabad
VEH000238,Ahmad Butt,97773-7629401-6,Mohammad Faysal بٹ,,3100,11322009,Rawalpindi
VEH000239,Muhammed Hussain Sheikh,83220-2214435-8,,1976-02-26,900,3317969,Rawalpindi
VEH000240,Hamza Sayyid,41886-6698561-7,Hamzah Sayed,1992-01-16,3300,13249561,Faisalabad
VEH000241,Muhammed Hamzah Chaudhary,44787-4469169-3,حسن Choudhary,1970-10-12,1800,6355707,Lahore
VEH000242,Mohammed حمزہ Ch.,44787-4469169-3,Hasan Choudhary,1970-10-12,1600,6633669,Lahore
VEH000243,Mohammed Hamzah Malik,51373-1141240-0,Hasan ملک,1979-10-04,1100,4322528,Faisalabad
VEH000244,Usman سید,,,1961-12-09,4500,14419238,Islamabad
VEH000245,Usman Sayed,33578-3200150-9,Hasan سید,1961-12-09,4500,18790697,Islamabad
VEH000246,Fatima شیخ,11276-3962978-6,,1963-11-17,4400,17913966,Lahore
VEH000247,فاطمہ Sheikh,11276-3962978-6,Hamza Shaykh,1963-11-17,4300,16520116,Lahore
VEH000248,حمزہ Quraishi,57226-5323737-5,,1981-02-12,1200,4946878,Islamabad
VEH000249,Faisal Moghul,47304-6957741-5,Imran مغل,1986-12-15,2400,8266942,Faisalabad
VEH000250,Faisal Mughal,47304-6957741-5,,1986-12-15,2400,9978100,Faisalabad
VEH000251,Muhammed Faysal Mughal,47304-6957941-5,Muhammad عمران Mughal,1986-12-15,2700,9734450,Faisalabad
VEH000252,فیصل مغل,47304-6957741-5,عمران Mughal,1986-12-15,2900,10800324,Faisalabad
VEH000253,Ahmed بٹ,21050-7540534-4,حسن Butt,1970-12-10,1400,4658816,Faisalabad
VEH000254,Ahmed Butt,21050-7540534-4,Hassan Butt,1970-12-10,1700,6138297,Faisalabad
VEH000255,Mohammad خان,,Husain Khan,1990-08-05,2500,9325838,Islamabad
VEH000256,Muhammad خان,72410-8838205-8,Hussain Khan,1990-08-05,2500,9611072,Islamabad
VEH000257,Mohammad Ahmed Shaykh,61435-2197636-8,Hamzah Sheikh,1966-04-27,1300,4195511,Karachi
VEH000258,احمد شیخ,61435-2197636-8,Hamza Shaykh,1966-04-27,1700,5486628,Karachi
VEH000259,عثمان خان,40921-8284023-5,Mohammad Khan,1965-05-19,1500,5376860,Lahore
VEH000260,Osman خان,40928-8284023-5,Mohammed Khan,1965-05-19,1300,5139008,Lahore
VEH000261,محمد مغل,58679-2501223-3,Ali Moghul,1986-02-22,1400,4614217,Rawalpindi
VEH000262,Hamzah Chaudhary,56945-9260430-4,Mohammed چوہدری,1986-12-15,1000,3933580,Karachi
VEH000263,Fatema Mughal,55569-6430463-7,Hussain Mughal,,1800,6686277,Lahore
VEH000264,Ahmed راجہ,78690-9347489-8,Ali Raja,1994-05-11,1000,3991846,Rawalpindi
VEH000265,Ahmed چوہدری,23267-4875838-8,Muhammad بلال Chaudhry,,1800,7322608,Faisalabad
VEH000266,Faisal Chaudhry,,Husain Choudhary,1978-08-15,4200,15355611,Faisalabad
VEH000267,فیصل Chaudhary,38039-7292514-8,Husain Ch.,1978-08-15,4200,16835659,Faisalabad
VEH000268,Husain Mughal,27705-6064062-0,Hussein مغل,1969-04-28,1800,5816067,Karachi
VEH000269,Muhammed Imran راجہ,84922-3595683-1,Muhammed راجہ,1984-06-05,1200,4139299,Faisalabad
VEH000270,Hasan بٹ,84774-7707501-9,Hasan Butt,2001-02-24,800,3170517,Islamabad
VEH000271,Muhammad بلال Sayed,95561-1191837-6,Muhammad Sayed,1974-09-02,1400,4857309,Karachi
VEH000272,Fatima Shaykh,72371-1827302-8,Bilal Shaikh,1971-02-13,2100,8612978,Islamabad
VEH000273,Ahmad Bhatti,99749-2503148-1,Muhammed Bilal بٹ,1982-06-12,1700,6692733,Rawalpindi
VEH000274,Muhammed Hussein Sheikh,67961-3446428-7,Mohammad شیخ,1969-04-22,1800,6516062,Islamabad
VEH000275,Ahmad Khan,29356-5826554-0,,1999-02-10,800,3309586,Lahore
VEH000276,بلال Moghul,43483-3857489-0,Mohammad حسین مغل,1967-12-20,900,3147858,Faisalabad
VEH000277,Ahmed Sayed,24141-1320081-4,بلال سید,1969-07-17,4000,14923774,Islamabad
VEH000278,Ahmad Sayed,24141-1320081-4,بلال Sayyid,1969-07-17,3800,14062614,Islamabad
VEH000279,Muhammed Bhatti,82737-5700872-3,Ali بٹ,1976-07-22,2000,6836125,Rawalpindi
VEH000280,Muhammed Bhatti,82737-5700872-3,علی بٹ,1976-07-22,1800,7336837,Rawalpindi
VEH000281,Ali Chaudhry,34215-1439533-9,,1972-10-19,2400,9192730,Karachi
VEH000282,Maryam شیخ,39658-1540722-6,,1972-07-08,800,3042672,Lahore
VEH000283,مریم Sheikh,39658-1540722-6,Mohammad شیخ,1972-07-08,1400,5824772,Lahore
VEH000284,Hasan Malick,90879-9219877-5,,1970-07-13,1700,6841321,Lahore
VEH000285,Mohammed عمران Sayyid,,Mohammad حمزہ Sayyid,1980-05-25,1800,6122618,Faisalabad
VEH000286,عمران سید,16461-4185160-4,حمزہ سید,1980-05-25,1900,6401086,Faisalabad
VEH000287,زینب Moghul,28643-8777564-7,احمد Mughal,2001-09-04,1400,5721632,Karachi
VEH000288,Mohammed Ahmed ملک,93109-7089179-1,Mohammed Imran Malick,,1800,6514115,Karachi
VEH000289,Muhammed حسین اعوان,25408-3207395-3,Mohammed اعوان,1994-05-01,1500,5545501,Islamabad
VEH000290,حمزہ Moghul,22206-6021328-5,Othman Mughal,1979-02-25,1000,3982056,Islamabad
VEH000291,Ali Chaudhary,98142-9038102-7,محمد Chaudhry,1996-03-16,1600,6707944,Islamabad
VEH000292,Ahmed شیخ,54453-7295495-8,علی Shaikh,1991-10-13,3300,11394412,Islamabad
VEH000293,احمد شیخ,54953-7295495-8,علی Sheikh,1991-10-13,3200,10644918,Islamabad
VEH000294,Ahmed Sheikh,54453-7295495-8,Ali Shaikh,1991-10-13,3200,10300637,Islamabad
VEH000295,Usman Shaykh,98698-3226624-3,محمد Sheikh,1984-07-23,2800,10832958,Karachi
VEH000296,Mohammad عثمان چوہدری,,Mohammad Hamzah چوہدری,1997-02-09,700,2768766,Lahore
VEH000297,Hamza Moghul,71377-2631802-7,,1998-11-23,4500,16438655,Lahore
VEH000298,Hamza Moghul,71377-2631802-7,Mohammed Hussain Moghul,1998-11-23,4500,18768213,Lahore
VEH000299,Muhammad Hamza Mughal,21377-2631802-7,Hussein Moghul,1998-11-23,4500,17027885,Lahore
VEH000300,Hamzah Moghul,71377-2631802-7,Hussein Mughal,,4500,18038429,Lahore
VEH000301,Hussain Raja,87402-7936404-3,فیصل Raja,1970-09-06,3000,9641542,Rawalpindi
VEH000302,Mohammad Hussain راجہ,87402-7936404-3,فیصل Raja,1970-09-06,3500,12946645,Rawalpindi
VEH000303,Husain راجہ,87402-7936404-3,Faisal راجہ,1970-09-06,3300,13132749,Rawalpindi
VEH000304,Husain Raja,87402-7936404-3,Faysal راجہ,1970-09-06,3300,11526542,Rawalpindi
VEH000305,زینب اعوان,38522-3330636-9,Muhammad اعوان,2003-03-22,2400,8261474,Karachi
VEH000306,Sana Mughal,36956-6311628-4,Faisal Mughal,1998-05-14,1700,6733704,Rawalpindi
VEH000307,Ali Awan,21097-3302174-6,Hamza Awan,1999-10-14,1500,4937606,Rawalpindi
VEH000308,Ali اعوان,21097-3302174-6,Hamzah Awan,1999-10-14,1300,4893524,Rawalpindi
VEH000309,Sana Sayyid,60425-6961066-3,علی Sayed,1982-10-01,1500,5801248,Faisalabad
VEH000310,Imran بٹ,14385-1635269-9,,2000-06-04,900,3367705,Rawalpindi
VEH000311,علی Raja,77757-2312558-8,Faisal راجہ,1960-04-16,1500,5434418,Islamabad
VEH000312,Faysal خان,13578-5811968-7,Ahmed Khan,1963-09-03,1500,5272813,Islamabad
VEH000313,Marium Chaudhary,78151-6660743-2,Muhammad عثمان چوہدری,1990-01-22,2800,9666359,Faisalabad
VEH000314,Muhammed احمد Sheikh,,Hussain Shaikh,1982-12-22,1000,4194463,Islamabad
VEH000315,Faisal سید,24212-3413781-8,,1968-10-21,1100,4047379,Lahore
VEH000316,فیصل Sayed,24212-3413781-8,,,1000,3781406,Lahore
VEH000317,Mohammad بلال بٹ,61292-1062138-8,Hamza بٹ,1985-07-13,2000,8012454,Lahore
VEH000318,Bilal Malik,70079-3499027-9,Muhammad Hassan Malik,1959-01-24,1600,5199414,Lahore
VEH000319,Sana Khan,41882-3889858-0,حسین خان,1961-08-20,1200,3992153,Lahore
VEH000320,عثمان Ch.,32734-6628818-1,احمد Ch.,1972-03-25,1900,7560273,Karachi
VEH000321,Faysal Shaikh,92207-6053293-5,Bilal Shaykh,,2000,6861077,Rawalpindi
VEH000322,Faisal Shaykh,92207-6053293-5,,1955-09-08,2200,7202658,Rawalpindi
VEH000323,Faisal Quraishi,38740-8788252-3,Hussein Quraishi,1958-04-04,2400,8681126,Faisalabad
VEH000324,Aisha Malik,33053-3651565-0,,1987-02-03,4500,14744614,Karachi
VEH000325,Ayesha Malick,33053-3651565-0,حمزہ Malik,1987-02-03,4500,17033500,Karachi
VEH000326,Aisha ملک,33053-3651565-0,,1987-02-03,4500,15291003,Karachi
VEH000327,Ayesha Malik,33053-3651565-0,Hamzah Malik,1987-02-03,4500,17044322,Karachi
VEH000328,Bilal Ch.,24435-6471590-3,Ahmad چوہدری,1970-12-14,1300,4943077,Islamabad
VEH000329,Muhammed Ahmed اعوان,17122-8312602-2,Hasan Awan,1994-08-06,1700,5661686,Faisalabad
VEH000330,حرا خان,53634-9907365-0,Hussain Khan,,1600,6575399,Karachi
VEH000331,Hamza Quraishi,94500-1360413-4,Muhammed Hasan Quraishi,1959-01-28,1100,3770372,Rawalpindi
VEH000332,عمران Bhatti,,Hamza Bhatti,1975-03-01,4000,16338125,Karachi
VEH000333,Imran بٹ,63026-9378825-2,,1975-03-01,3800,15305302,Karachi
VEH000334,Muhammed حسین Awan,97410-3467651-9,,1976-12-04,1400,5579823,Islamabad
VEH000335,Ali Raja,13250-7738231-9,,1983-06-03,2100,8420118,Karachi
VEH000336,Mohammad فیصل راجہ,35652-1378803-1,Mohammed عمران راجہ,1983-11-22,2900,10753433,Lahore
VEH000337,فیصل Raja,35652-1378303-1,Muhammed عمران Raja,1983-11-22,2900,9668243,Lahore
VEH000338,Fatimah Awan,89308-9582482-0,Usman Awan,1980-03-23,4500,14783621,Islamabad
VEH000339,Fatema اعوان,89308-9582482-0,Muhammed Othman Awan,1980-03-23,4500,17572878,Islamabad
VEH000340,Fatema اعوان,89308-9582482-0,Mohammad Othman اعوان,1980-03-23,4500,16534086,Islamabad
VEH000341,Fatimah Awan,89308-9582482-0,Usman Awan,1980-03-23,4500,18269133,Islamabad
VEH000342,Ahmed Mughal,10867-7869609-4,Bilal مغل,1966-09-15,4500,15448522,Rawalpindi
VEH000343,Mohammed Ahmed مغل,10867-7869609-4,,1966-09-15,4500,18049358,Rawalpindi
VEH000344,Ahmed Mughal,18867-7869609-4,,1966-09-15,4500,16437399,Rawalpindi
VEH000345,Ahmed مغل,10867-7862609-4,,,4500,15469731,Rawalpindi
VEH000346,Mohammad Hassan Shaykh,82596-9230660-0,Husain شیخ,1992-05-16,1100,3882271,Rawalpindi
VEH000347,Mohammad Malick,18745-7069317-9,,1991-07-28,1300,4617792,Islamabad
VEH000348,Mohammad Malick,18745-7069317-9,Muhammad حمزہ ملک,1991-07-28,1400,5308190,Islamabad
VEH000349,Othman راجہ,44018-3732123-9,Muhammad راجہ,1964-06-15,4500,15696913,Faisalabad
VEH000350,Osman راجہ,44018-3732123-9,,1964-06-15,4500,14853556,Faisalabad
VEH000351,Othman راجہ,44018-3732123-9,Muhammed Raja,1964-06-15,4500,18205680,Faisalabad
VEH000352,Usman Raja,44018-3732123-9,Mohammed Raja,1964-06-15,4500,17616498,Faisalabad
VEH000353,Muhammed Bhatti,,Hussain بٹ,1973-09-21,1900,7710047,Islamabad
VEH000354,Muhammad بٹ,93394-6972425-0,Hussain بٹ,1973-09-21,1700,5998671,Islamabad
VEH000355,Ali خان,46885-7258139-7,,,4200,17071472,Lahore
VEH000356,Ali خان,46885-7258139-7,بلال Khan,1976-03-04,4000,13329182,Lahore
VEH000357,عمران Mughal,82235-2912044-6,حمزہ مغل,1959-02-27,700,2886908,Faisalabad
VEH000358,Muhammad ملک,36922-4355853-2,Othman Malick,1956-02-05,2800,9781907,Karachi
VEH000359,Muhammad Malik,36922-4355853-2,,1956-02-05,2500,8834960,Karachi
VEH000360,Muhammad ملک,36922-4355853-2,Muhammad Osman Malik,1956-02-05,2800,9258014,Karachi
VEH000361,Hamza Choudhary,48088-8180005-3,,1985-11-12,1000,3413426,Faisalabad
VEH000362,Hira ملک,78506-2426162-1,علی Malik,1980-07-23,2200,7121031,Rawalpindi
VEH000363,Muhammed ملک,75291-1448771-2,,1993-11-11,1200,3902768,Karachi
VEH000364,Ali اعوان,50954-7527687-7,احمد اعوان,1991-11-16,1500,5493972,Rawalpindi
VEH000365,Usman Khan,15913-3150806-5,عثمان Khan,2002-10-01,3600,12612129,Karachi
VEH000366,Usman خان,15913-3150806-5,عثمان Khan,2002-10-01,4000,14761978,Karachi
VEH000367,عثمان خان,15913-3150806-5,Mohammed Osman Khan,2002-10-01,3500,13730627,Karachi
VEH000368,Aysha سید,,Hasan سید,1970-04-21,2500,8553109,Islamabad
VEH000369,Aisha Sayyid,63992-6893320-0,Muhammed Hasan Syed,1970-04-21,2200,7889044,Islamabad
VEH000370,حسین Malik,12583-6471332-0,,1997-07-19,2200,9168226,Islamabad
VEH000371,حمزہ Moghul,59510-7548160-5,Muhammad فیصل مغل,1961-08-04,1100,4077931,Karachi
VEH000372,Faisal Quraishi,84242-9909769-7,Bilal Quraishi,1968-06-26,1200,4877468,Islamabad
VEH000373,Imran Choudhary,29365-5032805-2,Mohammad Hussein Chaudhary,,2700,9480109,Islamabad
VEH000374,بلال Butt,43612-4961601-6,Muhammed Hasan Bhatti,1962-03-07,900,3085758,Islamabad
VEH000375,حمزہ اعوان,65314-1620819-3,Mohammad Ali اعوان,1972-03-01,1400,5264526,Faisalabad
VEH000376,Muhammed بلال Shaikh,84838-9392777-1,Mohammad Imran شیخ,1997-10-25,1800,7307266,Lahore
VEH000377,Bilal Shaykh,,Imran Shaikh,1997-10-25,2000,8218348,Lahore
VEH000378,حسن Moghul,53160-7542286-3,بلال مغل,1968-03-04,800,2827165,Karachi
VEH000379,Mariam Bhatti,74272-9950140-5,احمد بٹ,1975-09-14,3600,13555438,Faisalabad
VEH000380,مریم بٹ,,,1975-09-14,3800,14673673,Faisalabad
VEH000381,علی Qureshi,50392-1353566-9,Mohammad Quraishi,2002-11-26,1900,6580960,Rawalpindi
VEH000382,Ali Quraishi,50392-1353566-9,Mohammad قریشی,2002-11-26,2100,7701320,Rawalpindi
VEH000383,Husain ملک,37575-3688166-7,Muhammed Othman Malick,1996-07-26,2000,7309425,Lahore
VEH000384,Muhammad Ali Chaudhary,95089-3182997-9,بلال Ch.,1975-08-16,2300,7666506,Faisalabad
VEH000385,Muhammad علی Chaudhry,95089-3182597-9,بلال Chaudhary,1975-08-16,2400,9071209,Faisalabad
VEH000386,Ali Ch.,95089-3182597-9,,,2600,9732262,Faisalabad
VEH000387,Ali Ch.,95089-3182597-9,Mohammad Bilal Chaudhry,1975-08-16,2300,9389269,Faisalabad
VEH000388,Faysal Qureshi,21062-7954096-5,علی قریشی,1980-07-27,4500,18811703,Islamabad
VEH000389,Faisal Quraishi,,Ali Qureshi,1980-07-27,4500,17882114,Islamabad
VEH000390,Faysal قریشی,21062-7954096-5,Ali Quraishi,1980-07-27,4500,16828414,Islamabad
VEH000391,Faysal قریشی,21062-7954096-5,Ali Qureshi,1980-07-27,4500,16482778,Islamabad
VEH000392,حسین Awan,66532-4466272-9,Hassan Awan,1973-12-22,1100,3832833,Rawalpindi
VEH000393,Usman سید,65481-5298752-1,احمد سید,1990-01-02,1400,4562333,Lahore
VEH000394,عثمان سید,65481-5298752-1,Mohammad Ahmed سید,1990-01-02,1100,4526529,Lahore
VEH000395,فیصل Mughal,43247-9464810-9,Mohammed بلال Mughal,1974-07-22,2000,6998162,Karachi
VEH000396,فاطمہ Butt,15788-3145327-7,Hussein بٹ,2002-06-14,2000,7948333,Karachi
VEH000397,Hira بٹ,,فیصل بٹ,1983-06-24,4500,17156951,Faisalabad
VEH000398,حرا بٹ,10760-6526866-0,Faisal Butt,1983-06-24,4500,14718481,Faisalabad
VEH000399,Faisal شیخ,58863-9600893-3,Hamzah شیخ,1983-07-16,4500,16721216,Islamabad
VEH000400,Faysal Shaikh,58163-9600893-3,Hamzah Sheikh,,4500,15021065,Islamabad
VEH000401,Muhammad Faysal Shaykh,58163-9600893-3,Hamza Sheikh,1983-07-16,4500,14595849,Islamabad
VEH000402,فیصل شیخ,58163-9670893-3,Hamzah Sheikh,1983-07-16,4500,15002959,Islamabad
VEH000403,بلال Quraishi,66899-8147380-1,Muhammad Quraishi,1987-06-15,2500,10349457,Faisalabad
VEH000404,Mohammad Faysal بٹ,80041-1300567-0,Bilal Bhatti,1962-01-06,1300,5174550,Karachi
VEH000405,Muhammed Ahmad Shaikh,35008-2877580-0,Hassan Sheikh,1956-04-16,1300,4467476,Lahore
VEH000406,مریم اعوان,86706-5070650-3,Hussain اعوان,1991-07-02,900,3191562,Karachi
VEH000407,Fatema شیخ,,بلال Sheikh,1986-05-08,3400,12897735,Lahore
VEH000408,Osman Butt,32900-9446974-0,Ahmed Bhatti,1976-07-04,1300,4687688,Islamabad
VEH000409,عمران Ch.,54606-6959954-0,Muhammed عمران چوہدری,1972-03-28,2400,9545121,Rawalpindi
VEH000410,عثمان شیخ,76308-9361613-1,Ali Sheikh,,3200,10495263,Islamabad
VEH000411,Usman شیخ,76308-9361613-1,علی Sheikh,1996-06-11,3000,11261680,Islamabad
VEH000412,Hamzah Sayyid,72084-6726400-4,Mohammed عمران سید,,1400,5468073,Karachi
VEH000413,Mohammed Hamza Sayed,72084-6726400-4,Imran Syed,1965-02-09,1100,4289962,Karachi
VEH000414,Hassan شیخ,39908-3315160-6,Muhammed بلال Sheikh,1981-08-28,1000,4153881,Faisalabad
VEH000415,Faysal خان,64959-7744488-8,Hussein Khan,2001-12-11,1100,4421878,Faisalabad
VEH000416,Mohammad Faysal Khan,64959-7744480-8,,2001-12-11,1200,4214487,Faisalabad
VEH000417,Faisal خان,64959-7744488-8,,2001-12-11,1300,5191368,Faisalabad
VEH000418,Faysal Khan,64959-7744488-8,Hussain خان,2001-12-11,1000,4084502,Faisalabad
VEH000419,Fatema Bhatti,80442-6611860-6,علی بٹ,1988-09-10,3400,13655259,Karachi
VEH000420,فاطمہ بٹ,80442-6611860-6,Mohammed علی بٹ,1988-09-10,3400,13994486,Karachi
VEH000421,عمران قریشی,13655-5340101-3,Husain Qureshi,,800,2675187,Lahore
VEH000422,Hussein Raja,16256-3092954-7,Husain Raja,1991-12-01,4500,16921146,Islamabad
VEH000423,ثناء راجہ,44562-9368933-6,Hamzah راجہ,1999-08-24,2100,7115815,Faisalabad
VEH000424,Sana راجہ,44562-9368933-8,,1999-08-24,2100,7308462,Faisalabad
VEH000425,Sana Raja,44562-9368933-6,Hamzah Raja,1999-08-24,1800,6735536,Faisalabad
VEH000426,Imran Shaykh,26958-9609823-8,Ahmad Shaikh,1999-04-15,2000,6424010,Rawalpindi
VEH000427,Imran شیخ,26958-9609823-8,Mohammad Ahmad Shaykh,1999-04-15,2000,6517744,Rawalpindi
VEH000428,Ahmad مغل,25842-7200623-9,Hussain Moghul,1957-09-05,4500,17185996,Rawalpindi
VEH000429,احمد Mughal,25842-7200623-9,Mohammad حسین Moghul,1957-09-05,4500,17665403,Rawalpindi
VEH000430,Ayesha Malik,18855-1749647-6,Muhammed Hamza Malik,1991-05-19,4500,16100703,Faisalabad
VEH000431,عائشہ Malick,18855-1749647-6,حمزہ ملک,1991-05-19,4500,18142378,Faisalabad
VEH000432,Aisha ملک,18855-1749647-6,حمزہ Malick,1991-05-19,4500,15466012,Faisalabad
VEH000433,Mariam Mughal,76160-8733225-7,Mohammad حمزہ Mughal,1964-12-11,1300,5055586,Lahore
VEH000434,Mariam Ch.,80909-1768727-7,Muhammed Hussein Ch.,1996-02-28,3100,12513974,Rawalpindi
VEH000435,Maryam Chaudhry,80309-1768727-7,حسین Chaudhry,1996-02-28,2900,12010005,Rawalpindi
VEH000436,Mohammed عمران Malick,35221-1887084-9,Imran Malick,1967-08-17,2500,10269511,Faisalabad
VEH000437,Mohammad Bhatti,85963-8452933-1,عمران Butt,1993-06-13,2700,9986382,Lahore
VEH000438,محمد Bhatti,85963-8452933-1,,1993-06-13,2900,10019837,Lahore
VEH000439,Hamzah Raja,,حسن Raja,1956-05-18,2700,10748287,Rawalpindi
VEH000440,Hamzah Raja,73461-1484969-6,Hassan راجہ,1956-05-18,2300,9580380,Rawalpindi
VEH000441,حمزہ Raja,73461-1484969-6,حسن راجہ,1956-05-18,2700,9072322,Rawalpindi
VEH000442,Muhammad Imran شیخ,63313-8482340-1,Imran Sheikh,,2100,6907841,Islamabad
VEH000443,Muhammad حسن Raja,15477-1016794-7,,1973-11-06,1800,7145041,Rawalpindi
VEH000444,Imran خان,56267-7314548-9,Usman خان,1979-03-27,3300,13115161,Rawalpindi
VEH000445,Ahmed Awan,68271-1157090-3,محمد Awan,2003-05-22,2000,8359435,Islamabad
VEH000446,احمد اعوان,68271-1157090-3,Muhammed اعوان,2003-05-22,2200,7939515,Islamabad
VEH000447,احمد Awan,68271-1157090-3,Muhammad Awan,2003-05-22,2400,9845789,Islamabad
VEH000448,فیصل خان,19757-5194038-3,علی Khan,1976-05-03,1100,4074641,Lahore
VEH000449,Muhammad Awan,87664-6608665-4,Hasan اعوان,1961-08-08,2900,10203149,Rawalpindi
VEH000450,Mohammad اعوان,87664-6608665-4,Hassan Awan,1961-08-08,3000,11746060,Rawalpindi
VEH000451,Mohammad Faysal Chaudhry,,عثمان Choudhary,1981-08-24,1600,6468482,Faisalabad
VEH000452,حسن Sheikh,,بلال Sheikh,1987-11-25,1100,3732596,Karachi
VEH000453,حسن راجہ,65320-6768277-3,,,1700,5509692,Faisalabad
VEH000454,Hamza Chaudhry,40182-8827187-9,حسن Choudhary,1970-08-24,3600,13378382,Karachi
VEH000455,Hamza Chaudhry,40182-8827187-9,Hasan Chaudhary,1970-08-24,3300,13465512,Karachi
VEH000456,حمزہ چوہدری,40182-8827187-9,حسن Ch.,1970-08-24,3100,10316680,Karachi
VEH000457,Hamza Chaudhry,40182-8827187-9,حسن Choudhary,1970-08-24,3100,12460346,Karachi
VEH000458,Mohammad Shaikh,12751-3302564-6,احمد Sheikh,1976-04-10,900,2891391,Islamabad
VEH000459,Muhammad Shaykh,12751-3302564-6,Ahmed Sheikh,1976-04-10,1000,3591298,Islamabad
VEH000460,محمد Sheikh,12751-3302564-6,Ahmed شیخ,1976-04-10,800,2990142,Islamabad
VEH000461,Ali راجہ,18569-2987988-2,Ali راجہ,1967-04-18,2300,8139263,Faisalabad
VEH000462,Ali راجہ,18569-2987988-2,Ali Raja,1967-04-18,2100,8596994,Faisalabad
VEH000463,Mohammed عمران مغل,20670-8896486-9,احمد مغل,1965-09-13,2800,11447504,Rawalpindi
VEH000464,حسن چوہدری,40721-7642099-3,حسین چوہدری,1982-07-19,1500,5739385,Lahore
VEH000465,Hasan Quraishi,99592-5604751-3,Faisal Qureshi,1963-12-24,1600,5695665,Islamabad
VEH000466,Mohammad Butt,62928-7807497-9,Mohammad Bhatti,1985-11-17,2000,7159454,Islamabad
VEH000467,Mohammad Osman چوہدری,37470-8359842-7,,,2800,9044029,Rawalpindi
VEH000468,عثمان Chaudhry,37470-8359842-7,,1956-06-05,2600,9772690,Rawalpindi
VEH000469,Osman Choudhary,37470-8359842-7,عمران Chaudhary,1956-06-05,2500,9395749,Rawalpindi
VEH000470,Hussain خان,54541-4783105-6,Mohammed Bilal خان,1998-07-25,1600,5151365,Rawalpindi
VEH000471,فاطمہ مغل,87003-4405319-8,Muhammed حمزہ Moghul,1972-04-01,2100,7189287,Faisalabad
VEH000472,ثناء چوہدری,84609-9236918-7,Hamza Chaudhry,1991-01-24,1200,4462483,Faisalabad
VEH000473,Zainab Butt,64401-5179788-2,Mohammed Faisal بٹ,2001-07-15,4500,15403742,Rawalpindi
VEH000474,Zaynab Bhatti,64401-5179788-2,Mohammad Faysal Bhatti,2001-07-15,4500,15388885,Rawalpindi
VEH000475,Zainab Bhatti,,Faisal Butt,2001-07-15,4500,18793158,Rawalpindi
VEH000476,Zaynab بٹ,64401-5179788-2,Mohammed Faysal بٹ,2001-07-15,4500,14485348,Rawalpindi
VEH000477,بلال خان,45884-5897094-1,Hasan خان,1986-07-25,800,2716366,Lahore
VEH000478,Ahmad Malick,63752-8565450-2,,1968-09-02,2000,7881828,Faisalabad
VEH000479,Mariam Qureshi,61992-1633753-0,حسین Quraishi,1962-12-05,2300,8060952,Rawalpindi
VEH000480,Marium قریشی,,حسین قریشی,1962-12-05,2400,8963052,Rawalpindi
VEH000481,Maryam Qureshi,61992-1633753-0,,1962-12-05,2300,7530035,Rawalpindi
VEH000482,Mariam ملک,96112-5065012-7,Mohammad علی Malik,1985-05-27,1200,4933907,Karachi
VEH000483,مریم Malick,96117-5065012-7,,1985-05-27,900,2964161,Karachi
VEH000484,Fatema چوہدری,36212-2533209-0,Bilal Ch.,1956-01-11,3200,11687999,Islamabad
VEH000485,Hira Butt,53420-6750028-3,حسن بٹ,1989-01-22,1500,4910330,Karachi
VEH000486,Muhammed Osman Sayyid,,Imran Sayed,1994-12-14,2300,7653501,Rawalpindi
VEH000487,عثمان Sayyid,21697-8405061-6,,1994-12-14,2400,9981696,Rawalpindi
VEH000488,Aisha Qureshi,35652-3595845-3,Muhammad Quraishi,1955-09-24,2600,10561175,Lahore
VEH000489,Aisha Quraishi,35652-3595845-3,محمد Quraishi,1955-09-24,2400,8575082,Lahore
VEH000490,Marium Sayed,60336-9213304-4,Faisal Sayed,1959-07-02,4500,14634921,Rawalpindi
VEH000491,Marium Sayyid,60336-9213304-4,Faysal Sayyid,1959-07-02,4500,16554061,Rawalpindi
VEH000492,مریم Sayyid,60336-9213304-4,Muhammed Faysal سید,1959-07-02,4500,14723529,Rawalpindi
VEH000493,Hussein Syed,93418-0787134-1,Hussein Syed,1960-07-04,1100,3836057,Rawalpindi
VEH000494,Muhammed Qureshi,15997-6461406-7,,1993-08-13,1600,5441816,Karachi
VEH000495,Muhammed Othman سید,60444-5930202-9,حسن Syed,2000-03-28,1800,6922310,Rawalpindi
VEH000496,عثمان Sayyid,60444-5930202-9,Hasan سید,2000-03-28,1800,6430412,Rawalpindi
VEH000497,احمد Moghul,,Mohammed مغل,1974-01-19,1000,3243353,Islamabad
VEH000498,Marium Quraishi,78124-4726916-1,بلال قریشی,1955-09-28,2500,9809538,Islamabad
VEH000499,Hasan Awan,88835-5754542-2,Muhammad اعوان,1993-06-10,3200,10637786,Rawalpindi
VEH000500,Hassan اعوان,88835-5754942-2,Mohammed Awan,1993-06-10,3400,10971713,Rawalpindi
VEH000501,Muhammed Hassan Awan,88835-5754542-2,Mohammed Awan,1993-06-10,3400,13132048,Rawalpindi
VEH000502,Muhammad Shaykh,49203-3670819-0,Imran Shaykh,1980-06-14,1300,4403158,Rawalpindi
VEH000503,Muhammed Shaikh,,Imran Shaykh,1980-06-14,1600,6237983,Rawalpindi
VEH000504,احمد Khan,37030-3754659-1,عمران خان,1971-01-03,3700,13333840,Lahore
VEH000505,Imran Qureshi,76924-4520522-1,Muhammed قریشی,1970-01-07,1400,4872408,Faisalabad
VEH000506,Hasan Quraishi,94904-9580328-9,,1981-03-11,2300,7734854,Faisalabad
VEH000507,Faisal Choudhary,,Mohammad عمران Ch.,1981-02-11,2100,7867767,Karachi
VEH000508,Faisal چوہدری,26334-9916589-1,عمران چوہدری,1981-02-11,2100,8625089,Karachi
VEH000509,عثمان بٹ,45867-1165479-1,Muhammad بلال Bhatti,1969-07-04,2100,7155268,Lahore
VEH000510,Osman Bhatti,45867-1165479-1,بلال بٹ,1969-07-04,2200,8937382,Lahore
VEH000511,Muhammad Usman Butt,45867-1165479-1,بلال بٹ,1969-07-04,2100,7828740,Lahore
VEH000512,Muhammad علی Shaikh,16929-7210098-3,Mohammad Faysal Sheikh,1981-12-15,1700,6139524,Rawalpindi
VEH000513,علی Shaykh,16929-7210098-3,فیصل Sheikh,1981-12-15,1300,4609159,Rawalpindi
VEH000514,Ahmed چوہدری,85407-1963205-1,Mohammad Husain Chaudhary,1990-08-26,1400,4481740,Karachi
VEH000515,Imran Malick,73324-5924868-4,Mohammed حسن Malik,1955-12-21,2900,9747643,Islamabad
VEH000516,Imran ملک,73324-5964868-4,Hasan Malick,1955-12-21,3100,10206625,Islamabad
VEH000517,Mohammad Imran Malick,73324-5924868-4,,1955-12-21,3200,12316474,Islamabad
VEH000518,عثمان Shaykh,11161-2700165-6,Muhammad Hamza Shaykh,1967-02-17,2200,8701747,Rawalpindi
VEH000519,عثمان Shaykh,11161-2700165-6,Hamzah شیخ,1967-02-17,2100,7763200,Rawalpindi
VEH000520,Usman Shaykh,11161-2700165-3,Muhammed Hamzah Shaikh,1967-02-17,2300,7815629,Rawalpindi
VEH000521,Bilal Syed,31012-4338530-7,Husain سید,1962-07-16,1000,3841644,Islamabad
VEH000522,Usman Syed,60967-3204822-1,Mohammad Ahmad Syed,1956-03-05,1000,3379359,Faisalabad
VEH000523,Hassan Moghul,25789-3219555-6,Mohammed Mughal,1972-04-05,2500,8423148,Lahore
VEH000524,Hassan Bhatti,89498-2690500-6,,1971-08-12,4500,17319582,Rawalpindi
VEH000525,Hassan Butt,,Ali Butt,1971-08-12,4500,18007332,Rawalpindi
VEH000526,حسن بٹ,89498-2690500-6,Ali Bhatti,1971-08-12,4500,18239230,Rawalpindi
VEH000527,Hasan Butt,89498-2690500-6,Muhammed علی Butt,1971-08-12,4500,17222637,Rawalpindi
VEH000528,Mohammad عمران شیخ,57367-9872833-9,Othman شیخ,,1000,3376504,Islamabad
VEH000529,Muhammad Hamza Chaudhary,,Hassan چوہدری,1981-09-23,3600,14784518,Faisalabad
VEH000530,Mohammad Osman اعوان,18874-9100385-6,Imran اعوان,1987-01-06,900,3600979,Karachi
VEH000531,Husain Khan,34928-7668839-7,Imran Khan,1987-02-06,1800,7030517,Faisalabad
VEH000532,عثمان ملک,,Hussain Malik,1975-01-21,3500,12870774,Faisalabad
VEH000533,فاطمہ Quraishi,86239-7634775-2,حمزہ Qureshi,1969-12-24,1300,5315233,Islamabad
VEH000534,Mohammed حسین Shaykh,89668-4151566-1,Mohammed علی Shaykh,1959-07-08,3600,14411926,Lahore
VEH000535,Hussain Sheikh,89668-4151566-1,Ali Shaykh,1959-07-08,3400,12969160,Lahore
VEH000536,Mohammad علی اعوان,31383-6157064-5,,1964-04-02,3200,13408313,Faisalabad
VEH000537,علی Awan,31383-6157064-5,Hamzah اعوان,1964-04-02,3600,14622710,Faisalabad
VEH000538,عمران Malick,23476-5978445-1,Imran Malick,1981-03-01,2700,10358044,Karachi
VEH000539,Mohammad Imran Malick,23476-5978445-1,عمران Malik,1981-03-01,3000,12412320,Karachi
VEH000540,Imran Malick,23476-5978445-1,Imran ملک,1981-03-01,2900,10140890,Karachi
VEH000541,Hamzah اعوان,59868-3765293-0,Usman اعوان,1996-07-07,1100,4341331,Islamabad
VEH000542,Imran Chaudhary,45280-2426723-9,,1957-10-26,1200,4211615,Karachi
VEH000543,Osman Sayyid,75821-3519714-0,فیصل Sayed,1979-08-19,1100,4153430,Faisalabad
VEH000544,Usman Syed,75821-3519714-0,,1979-08-19,1300,5117387,Faisalabad
VEH000545,حمزہ شیخ,57227-8229326-0,Mohammed Bilal Shaykh,1970-04-20,1500,4999716,Islamabad
VEH000546,Ahmed Butt,,Ali بٹ,2000-08-09,1500,6195443,Faisalabad
VEH000547,Ahmad Bhatti,56316-2497018-1,علی بٹ,2000-08-09,1600,5576605,Faisalabad
VEH000548,Mohammed Hamzah Qureshi,51110-7269362-1,بلال قریشی,1987-08-09,2900,11631297,Faisalabad
VEH000549,فیصل خان,11041-3593123-1,Muhammad Husain خان,1979-03-19,1000,3956424,Lahore
VEH000550,Bilal ملک,65013-9804312-3,Hussain Malik,1966-01-03,2400,8332000,Islamabad
VEH000551,Mohammad Bhatti,26350-9374022-7,بلال Bhatti,1981-06-12,4500,15621850,Islamabad
VEH000552,محمد Butt,26350-9374022-7,Bilal بٹ,1981-06-12,4500,17248535,Islamabad
VEH000553,Mohammed Bhatti,26350-9374022-7,Mohammad بلال Butt,1981-06-12,4500,16315129,Islamabad
VEH000554,Muhammad Butt,26350-9374022-7,,1981-06-12,4500,17032689,Islamabad
VEH000555,Hamzah Raja,97518-5863789-6,Hasan راجہ,1969-08-18,900,3588640,Faisalabad
VEH000556,Aisha Quraishi,94523-7640565-0,عثمان Qureshi,1969-09-10,1300,5337176,Rawalpindi
VEH000557,Muhammad بلال Choudhary,14282-1260551-0,,1978-09-27,2800,11625700,Karachi
VEH000558,حرا Butt,52258-4418568-1,Ahmad Bhatti,,1200,4519454,Faisalabad
VEH000559,محمد Mughal,84946-7415688-0,Ali Mughal,1984-11-21,1200,4817503,Faisalabad
VEH000560,Muhammed علی Raja,35276-1495854-8,Muhammad راجہ,1988-09-25,3400,13104095,Islamabad
VEH000561,علی Raja,75276-1495854-8,Muhammed راجہ,1988-09-25,3700,14427035,Islamabad
VEH000562,علی Raja,35276-1495854-8,Mohammed Raja,1988-09-25,3500,12613184,Islamabad
VEH000563,Hasan Khan,38804-2399937-2,,1972-08-07,1900,6428313,Islamabad
VEH000564,فیصل Raja,,Osman راجہ,1982-03-12,1000,3947268,Islamabad
VEH000565,Osman Shaikh,11262-6345038-0,عثمان Shaykh,1968-08-19,1000,3644441,Islamabad
VEH000566,Muhammed بلال Bhatti,79109-4648430-1,Imran بٹ,1972-12-20,2300,9205159,Faisalabad
VEH000567,Hamza شیخ,87485-7423283-3,فیصل Shaykh,1956-05-01,2500,10281846,Faisalabad
VEH000568,حمزہ Bhatti,,محمد Bhatti,1976-11-01,2000,7665972,Lahore
VEH000569,Hamzah Butt,14850-9950091-8,Muhammad Bhatti,1976-11-01,2300,8755396,Lahore
VEH000570,حمزہ Butt,14850-9050091-8,Mohammed بٹ,,2200,7090921,Lahore
VEH000571,Hira بٹ,55327-7716663-1,عمران بٹ,1975-08-20,2500,9688049,Islamabad
VEH000572,حرا Bhatti,55327-7716663-1,Muhammad عمران Bhatti,1975-08-20,2500,9821191,Islamabad
VEH000573,Fatimah شیخ,58349-1082902-0,Muhammed Husain شیخ,1957-02-02,1700,6426397,Karachi
VEH000574,Mohammad Ahmad Bhatti,56269-5066398-3,Ahmed بٹ,1959-08-02,3200,10632479,Islamabad
VEH000575,Muhammed Ahmad Butt,56269-5066398-3,احمد Butt,1959-08-02,3500,13109789,Islamabad
VEH000576,عمران Malick,57663-7468887-7,Faisal Malik,1987-04-25,800,3031153,Lahore
VEH000577,ثناء Qureshi,45728-7203890-1,Mohammad Qureshi,1996-07-24,1600,6336850,Karachi
VEH000578,ثناء Qureshi,45728-7203890-1,Muhammed قریشی,1996-07-24,1600,5641778,Karachi
VEH000579,Hasan ملک,85396-5465729-3,,1989-02-09,1100,4219490,Karachi
VEH000580,احمد Shaikh,91542-8998677-4,Hassan Shaykh,1965-06-22,2200,9009330,Faisalabad
VEH000581,Fatema خان,53785-1349416-2,Muhammad Husain خان,,2400,8180565,Rawalpindi
VEH000582,Fatimah خان,53785-1349416-2,Mohammed Hussein خان,1959-03-22,2400,8338025,Rawalpindi
VEH000583,Mohammad Hamzah Mughal,42441-8928379-1,Mohammad Moghul,1956-10-22,3800,12694127,Karachi
VEH000584,Mohammad Hamzah Mughal,42441-8928379-1,Muhammad Moghul,1956-10-22,3700,14557712,Karachi
VEH000585,Hussain Khan,,Ahmad خان,1958-08-10,1600,6209745,Rawalpindi
VEH000586,Muhammad بٹ,47128-9422048-8,,1960-12-09,1000,4134043,Lahore
VEH000587,Sana Malik,14212-8938605-5,,1998-11-13,1400,5076621,Islamabad
VEH000588,Hussein Bhatti,32715-8311783-5,,1963-11-25,1800,5771862,Faisalabad
VEH000589,حسین Bhatti,32715-8311783-5,Faisal Butt,1963-11-25,2300,9217533,Faisalabad
VEH000590,عمران قریشی,66055-8827453-6,Bilal Qureshi,1984-01-18,3600,12990166,Rawalpindi
VEH000591,عمران قریشی,66055-8827453-6,Muhammad Bilal قریشی,1984-01-18,3600,12176385,Rawalpindi
VEH000592,Mohammad علی Moghul,86064-9093404-5,Ali مغل,1994-09-19,2300,8341469,Islamabad
VEH000593,Mohammad احمد خان,25864-9721175-1,حسن خان,1968-02-16,1600,6660756,Lahore
VEH000594,Muhammed Ahmad خان,,Hasan خان,1968-02-16,1500,5226403,Lahore
VEH000595,عثمان Shaykh,,Osman Shaykh,1987-09-07,1700,5674248,Rawalpindi
VEH000596,Sana ملک,56119-6692359-7,,1972-11-10,2800,9373934,Lahore
VEH000597,Sana ملک,56119-6692359-7,علی Malik,1972-11-10,2600,9923491,Lahore
VEH000598,Marium Awan,33642-9505716-8,,1963-12-11,1000,3342374,Faisalabad
VEH000599,Faysal مغل,15888-1495294-2,Mohammad Hasan Mughal,1961-11-04,1100,4256668,Rawalpindi
VEH000600,فیصل Mughal,15888-1495294-2,Hasan Mughal,1961-11-04,1100,3726448,Rawalpindi
VEH000601,Husain Awan,39556-4375454-2,Bilal اعوان,1988-04-03,1000,3327743,Rawalpindi
VEH000602,Fatimah چوہدری,75647-6907359-5,,1990-03-26,3000,11032990,Faisalabad
VEH000603,Fatima Chaudhry,75647-6907359-5,Muhammed فیصل Chaudhary,1990-03-26,3100,12995396,Faisalabad
VEH000604,Fatima Ch.,75647-6907359-5,Faysal Chaudhary,1990-03-26,3100,10836512,Faisalabad
VEH000605,علی چوہدری,53202-2045698-3,حمزہ Choudhary,1959-10-20,2000,7432708,Faisalabad
VEH000606,بلال Awan,42810-1928728-0,Hassan اعوان,1989-10-28,1200,3852946,Islamabad
VEH000607,Muhammad Othman Ch.,17592-4995838-3,Ahmad Ch.,1992-01-08,1600,5294118,Islamabad
VEH000608,Muhammad Qureshi,,علی Qureshi,1988-04-10,2300,8348671,Rawalpindi
VEH000609,احمد Quraishi,,Mohammed Ahmed Qureshi,1956-08-27,2900,10436372,Lahore
VEH000610,Zainab Malik,89920-7441381-7,Mohammed Malick,1979-07-15,2600,9959819,Karachi
VEH000611,Muhammad Faysal چوہدری,20155-9505007-7,Ahmad Chaudhary,1987-02-08,1400,5562299,Islamabad
VEH000612,Faysal خان,,Mohammad Faisal Khan,1956-02-20,700,2935209,Lahore
VEH000613,حسن Sayyid,96122-3517835-6,,1959-04-19,800,3063957,Faisalabad
VEH000614,ثناء Malick,89574-8924368-8,عمران ملک,1983-06-09,1800,6146622,Faisalabad
VEH000615,Osman اعوان,68847-8027140-3,Muhammed Faysal Awan,1963-09-08,2500,9137529,Faisalabad
VEH000616,Mohammed Hussein Malick,87526-2808110-0,احمد Malick,2002-06-15,4500,17190617,Islamabad
VEH000617,Hussain Malik,87526-2808110-0,احمد Malik,2002-06-15,4500,16710330,Islamabad
VEH000618,حسین Malik,,احمد Malik,2002-06-15,4500,16409507,Islamabad
VEH000619,Husain Malik,87526-2808110-0,,2002-06-15,4500,15377017,Islamabad
VEH000620,Ahmed Qureshi,25538-5829206-4,Hamza Quraishi,1983-04-06,1600,6074879,Islamabad
VEH000621,احمد Qureshi,25538-5829206-4,Muhammad حمزہ Qureshi,1983-04-06,1800,6258857,Islamabad
VEH000622,Mohammed حسن Bhatti,37111-9534539-2,Muhammed Butt,1993-01-18,2600,8697031,Lahore
VEH000623,Hasan Bhatti,37111-9534539-2,Mohammed بٹ,1993-01-18,2500,8844139,Lahore
VEH000624,Hasan Bhatti,,Mohammad Bhatti,1993-01-18,2900,10244488,Lahore
VEH000625,Mohammed Ahmad اعوان,,حسین Awan,,1300,4194975,Rawalpindi
VEH000626,Ahmed اعوان,44479-2457333-2,حسین Awan,2001-11-04,1400,4505233,Rawalpindi
VEH000627,Husain Awan,34524-9333686-4,Ali Awan,1967-11-03,3300,12793360,Lahore
VEH000628,Husain اعوان,34524-9333686-4,علی اعوان,1967-11-03,3000,11419502,Lahore
VEH000629,عثمان اعوان,33601-6034852-3,,,2100,6855392,Faisalabad
VEH000630,Imran Awan,38695-2885212-4,Mohammad بلال Awan,1983-06-08,1100,4439061,Islamabad
VEH000631,Mohammad علی اعوان,55557-7678830-2,حمزہ اعوان,1986-10-14,1300,4402588,Islamabad
VEH000632,Ali Bhatti,40137-5149152-0,Husain Bhatti,2002-02-27,1900,7827552,Islamabad
VEH000633,Mariam بٹ,39131-7817098-8,حسین Butt,1985-05-23,3600,12696884,Rawalpindi
VEH000634,مریم Bhatti,39131-7817098-8,Muhammad Hussain Butt,1985-05-23,3300,12317972,Rawalpindi
VEH000635,Sana Malik,28844-2403154-1,Mohammed Imran ملک,1965-04-28,1600,5517205,Islamabad
VEH000636,عثمان Awan,,Bilal اعوان,1963-01-06,1800,5871384,Rawalpindi
VEH000637,Mohammed Osman اعوان,23768-8142094-1,Muhammad بلال اعوان,1963-01-06,2500,9136087,Rawalpindi
VEH000638,Othman Awan,23768-8142094-1,بلال Awan,1963-01-06,2200,7529239,Rawalpindi
VEH000639,عثمان Awan,23768-8142094-1,Bilal Awan,1963-01-06,2200,7771562,Rawalpindi
VEH000640,حسین راجہ,58660-9713746-9,Hussain Raja,,1300,5406780,Lahore
VEH000641,Hussein راجہ,58660-9713746-9,,1985-08-07,1100,4189488,Lahore
VEH000642,Ali Sheikh,52380-2305056-0,,1987-08-14,2800,9201848,Rawalpindi
VEH000643,Hira قریشی,57931-8819455-5,Bilal Quraishi,1968-10-18,1700,5609357,Lahore
VEH000644,علی Awan,89761-4333354-8,Bilal اعوان,1966-11-24,2600,10488291,Karachi
VEH000645,Muhammed علی قریشی,12635-3840983-0,حسن Quraishi,,1300,4752849,Faisalabad
VEH000646,علی Qureshi,12635-3840983-0,Hassan قریشی,1995-06-15,1300,4538531,Faisalabad
VEH000647,Hussein Choudhary,43994-8355236-4,Mohammad Ahmed Choudhary,1986-06-19,1200,4257481,Lahore
VEH000648,Hassan Qureshi,95251-2522658-8,,1971-04-15,1600,5742977,Faisalabad
VEH000649,Faysal Raja,28290-3179206-5,Muhammad راجہ,1960-05-26,4500,16096589,Lahore
VEH000650,Faysal Raja,28290-3179206-5,,1960-05-26,4500,15284122,Lahore
VEH000651,Faisal راجہ,28290-3179206-5,محمد Raja,1960-05-26,4500,16459196,Lahore
VEH000652,فیصل Raja,28290-3179206-5,Muhammad راجہ,1960-05-26,4500,15889775,Lahore
VEH000653,Hira چوہدری,70749-5072535-1,Mohammad بلال Chaudhary,1963-06-25,4300,17623219,Rawalpindi
VEH000654,Hamzah Ch.,49575-8304810-1,Muhammad Othman Chaudhry,1979-11-06,1600,6237428,Karachi
VEH000655,Mohammed Hamzah Chaudhry,49575-8304810-1,Othman Chaudhary,1979-11-06,1300,5149094,Karachi
VEH000656,احمد Shaikh,98436-2342330-7,محمد شیخ,1976-12-19,1700,6136451,Rawalpindi
VEH000657,Bilal Raja,93458-6066483-6,Muhammed Bilal Raja,1956-03-24,2100,8108797,Karachi
VEH000658,فاطمہ سید,46287-9414832-0,Faisal Sayyid,1980-03-22,2300,7596213,Islamabad
VEH000659,Fatimah سید,46287-9414832-0,Faysal Sayed,1980-03-22,2500,9308081,Islamabad
VEH000660,محمد Sayyid,45003-8758476-9,,,2100,6971948,Lahore
VEH000661,Mohammad علی Moghul,91823-6899311-9,بلال Moghul,,3400,11447707,Faisalabad
VEH000662,Ali Moghul,91823-6899311-9,Muhammad Bilal Mughal,1981-01-25,3200,11835972,Faisalabad
VEH000663,Mohammed علی Mughal,,Mohammed Bilal مغل,1981-01-25,3200,11172816,Faisalabad
VEH000664,علی مغل,91823-6899311-9,Mohammad Bilal Moghul,1981-01-25,3700,14716005,Faisalabad
VEH000665,علی سید,56140-4653282-6,Faisal Sayyid,1972-06-25,3800,14221310,Faisalabad
VEH000666,زینب Choudhary,36186-6414413-2,,1959-01-07,1500,5643930,Lahore
VEH000667,Fatema Moghul,33183-8741111-8,احمد Mughal,1993-06-28,1400,5156821,Rawalpindi
VEH000668,Marium Malik,,Mohammad Usman Malick,1981-11-11,2200,8753317,Karachi
VEH000669,Zaynab Awan,46083-1599695-2,Muhammad Ali Awan,1988-05-01,1400,4727968,Islamabad
VEH000670,Hasan قریشی,92103-2658260-5,Imran Quraishi,1959-05-18,2500,9366439,Karachi
VEH000671,Mohammed Awan,,علی اعوان,,1400,5342977,Faisalabad
VEH000672,Muhammed اعوان,42502-5105254-4,,1999-11-28,1500,5900831,Faisalabad
VEH000673,Fatema Khan,82348-5655284-1,Hasan خان,2001-02-05,1700,5740099,Faisalabad
VEH000674,Aysha Awan,93221-8654679-0,Husain Awan,2003-07-20,1100,3775660,Lahore
VEH000675,عمران Awan,94578-6027079-4,Imran Awan,1970-06-09,1600,5866115,Faisalabad
VEH000676,Imran Awan,,Imran اعوان,1970-06-09,1500,5766457,Faisalabad
VEH000677,Ahmad اعوان,33941-4247993-1,Muhammad Hasan اعوان,1968-05-17,1500,5294963,Islamabad
VEH000678,Ayisha Bhatti,84843-3593718-7,Ali Butt,,1000,4007441,Faisalabad
VEH000679,Usman Raja,45308-4877345-4,Hamza راجہ,1974-06-05,2200,7246896,Rawalpindi
VEH000680,Muhammed Chaudhary,48639-7265873-0,Usman Chaudhary,1982-07-11,2000,6463614,Lahore
VEH000681,Muhammad Chaudhary,48639-7265873-0,عثمان Ch.,1982-07-11,2100,7860124,Lahore
VEH000682,حسن مغل,45908-2792386-1,حسن Moghul,1965-06-24,1200,3931767,Faisalabad
VEH000683,Ahmad اعوان,52538-7942032-2,Ali Awan,1992-05-19,1500,5995418,Lahore
VEH000684,عثمان Mughal,44172-9909162-4,Muhammed مغل,1963-02-28,3200,13117111,Faisalabad
VEH000685,Usman Moghul,44172-9909162-4,Muhammed Moghul,1963-02-28,3100,10615404,Faisalabad
VEH000686,Usman Moghul,44172-9909162-4,Mohammad Moghul,,2800,10031760,Faisalabad
VEH000687,Muhammed Moghul,76088-6487324-4,,1973-10-11,1600,5731745,Rawalpindi
VEH000688,Mohammed Faysal Malik,79699-3654556-8,Ahmed ملک,1991-08-20,1100,4442750,Faisalabad
VEH000689,عائشہ سید,,Muhammed Syed,1969-06-14,1200,4848165,Faisalabad
VEH000690,Ali Raja,52920-6290464-3,حسن Raja,,2200,8381948,Islamabad
VEH000691,عثمان Khan,26136-7293367-0,حمزہ Khan,2002-12-07,2000,6839275,Lahore
VEH000692,Mohammed Othman Khan,26136-7293367-0,Mohammad Hamza خان,2002-12-07,1600,6115517,Lahore
VEH000693,Fatimah Chaudhry,22170-3937636-8,,2001-09-04,1000,4049692,Rawalpindi
VEH000694,Hira مغل,64411-4204131-3,احمد Mughal,,1000,4168658,Islamabad
VEH000695,Aisha خان,62469-2678829-5,Osman خان,1974-02-14,3600,12304415,Rawalpindi
VEH000696,Ayisha خان,62469-2678829-5,Usman Khan,1974-02-14,3700,15487334,Rawalpindi
VEH000697,Muhammad Khan,71669-0574162-2,Bilal Khan,1957-09-13,2500,9345851,Islamabad
VEH000698,محمد Sheikh,31218-7656588-5,,,1600,5621147,Karachi
VEH000699,Mariam Awan,49320-1005932-1,Mohammad Hussain اعوان,2000-09-22,800,2773072,Islamabad
VEH000700,Mariam Awan,49320-1005932-1,,2000-09-22,700,2823651,Islamabad
VEH000701,Muhammad Sayyid,73036-3688598-3,Mohammed Bilal سید,1965-11-14,1700,5813493,Lahore
VEH000702,Mohammad Syed,,Bilal Syed,1965-11-14,1600,6186951,Lahore
VEH000703,محمد Malick,78713-2721547-9,Hamzah Malick,1969-11-15,2300,7575806,Faisalabad
VEH000704,محمد Malik,78713-2721547-9,Hamza Malik,1969-11-15,2000,6981560,Faisalabad
VEH000705,Mohammad Faisal Shaikh,22950-5903591-6,Mohammad Sheikh,2001-08-28,1600,5350064,Karachi
VEH000706,Faysal Sheikh,22950-5903591-6,Muhammed Shaikh,2001-08-28,1600,5586316,Karachi
VEH000707,بلال Quraishi,,Faisal قریشی,1989-12-26,2900,10912642,Lahore
VEH000708,Muhammad Othman Awan,,احمد Awan,1967-10-10,3500,12579457,Islamabad
VEH000709,Osman اعوان,32091-6415010-0,احمد اعوان,1967-10-10,3400,11433869,Islamabad
VEH000710,عثمان Awan,32091-6415010-0,Ahmad Awan,1967-10-10,3500,12251647,Islamabad
VEH000711,Imran راجہ,91064-2273983-3,Mohammed Ahmed راجہ,1960-12-20,2500,9572122,Lahore
VEH000712,عمران Raja,91064-2273983-3,Ahmad راجہ,1960-12-20,2700,9942955,Lahore
VEH000713,عثمان چوہدری,92231-3600666-4,محمد Ch.,1986-04-27,1300,5335599,Rawalpindi
VEH000714,Muhammed حسن Choudhary,69054-1208345-4,Hassan Chaudhary,1956-10-16,1900,6712008,Rawalpindi
VEH000715,Bilal Sheikh,62378-7494523-4,Muhammad Othman شیخ,1971-07-12,2600,10697333,Faisalabad
VEH000716,عثمان Raja,27628-6396602-3,عمران Raja,1992-03-04,4500,17168291,Islamabad
VEH000717,Osman راجہ,,Muhammed Imran راجہ,1992-03-04,4500,15422954,Islamabad
VEH000718,Sana قریشی,,Hasan Quraishi,1984-05-19,1100,4201614,Karachi
VEH000719,Mariam Mughal,32458-1371031-8,Hamzah مغل,1990-11-02,3300,12399458,Rawalpindi
VEH000720,Maryam مغل,32458-1371031-8,Hamza مغل,1990-11-02,3300,13594702,Rawalpindi
VEH000721,احمد قریشی,,Faysal قریشی,1986-07-23,3100,11998344,Karachi
VEH000722,احمد Qureshi,,Faysal Quraishi,1986-07-23,2800,9362054,Karachi
VEH000723,فاطمہ Awan,98430-6111364-5,Hasan اعوان,1991-09-14,1100,4034510,Islamabad
VEH000724,Mariam سید,54996-4070056-1,Mohammed Hussein Syed,1977-03-23,1100,4140597,Rawalpindi
VEH000725,Ali بٹ,39707-6892169-1,عثمان بٹ,1983-02-17,1600,5157097,Rawalpindi
VEH000726,Ali بٹ,39706-6892169-1,Mohammad عثمان بٹ,1983-02-17,1500,5919541,Rawalpindi
VEH000727,علی Bhatti,39706-6892169-1,Muhammed Usman بٹ,1983-02-17,1500,5219885,Rawalpindi
VEH000728,Muhammed Ali بٹ,39706-6892169-1,Osman Bhatti,,1300,4745842,Rawalpindi
VEH000729,Ahmad Shaikh,75300-4049874-8,Hassan Shaykh,1977-02-28,1200,4533133,Lahore
VEH000730,Husain Bhatti,99526-4026890-9,عمران Butt,1965-02-16,1500,5353180,Karachi
VEH000731,Hamza Raja,27254-2098296-5,Hassan Raja,1978-03-08,4500,15712298,Rawalpindi
VEH000732,Muhammad Hamzah راجہ,25254-2098296-5,Hassan Raja,1978-03-08,4500,14559206,Rawalpindi
VEH000733,Hamza راجہ,25254-2098296-5,,1978-03-08,4500,15668779,Rawalpindi
VEH000734,Ayesha Qureshi,96462-2657259-8,احمد Qureshi,1997-11-11,4500,16979828,Karachi
VEH000735,Ayisha Qureshi,96462-2657259-8,Ahmed قریشی,1997-11-11,4500,15908615,Karachi
VEH000736,Aisha Qureshi,96462-2657259-8,Ahmed قریشی,1997-11-11,4500,15710123,Karachi
VEH000737,Ayisha Qureshi,96462-2657259-8,احمد قریشی,1997-11-11,4500,17596086,Karachi
VEH000738,حسن اعوان,93941-1261602-0,Bilal اعوان,1968-12-04,4500,17100930,Lahore
VEH000739,Hassan اعوان,93941-1261602-0,بلال Awan,,4500,16681194,Lahore
VEH000740,Hassan اعوان,93941-1261602-0,Muhammad بلال Awan,1968-12-04,4500,16757368,Lahore
VEH000741,Hasan Awan,93941-1261602-0,Bilal Awan,,4500,16192585,Lahore
VEH000742,Osman Shaikh,58730-7743748-0,Mohammad علی Shaikh,1964-10-08,4000,16351895,Rawalpindi
VEH000743,Othman شیخ,58730-7743748-0,,1964-10-08,4100,13927569,Rawalpindi
VEH000744,Muhammad عثمان Sheikh,,علی شیخ,1964-10-08,4300,16513199,Rawalpindi
VEH000745,Osman شیخ,58730-7743748-0,علی Shaykh,1964-10-08,4000,14463687,Rawalpindi
VEH000746,Ayisha شیخ,31937-5303341-6,حسین Shaykh,1989-05-10,4500,15763966,Faisalabad
VEH000747,Aysha Shaikh,31937-5303341-6,حسین Shaikh,1989-05-10,4500,16720685,Faisalabad
VEH000748,Ayesha Shaykh,,حسین شیخ,1989-05-10,4500,18148790,Faisalabad
VEH000749,Ayesha Shaikh,31937-5303341-6,حسین شیخ,1989-05-10,4500,17627174,Faisalabad
VEH000750,Hasan Mughal,82987-3702775-2,Imran Mughal,1975-01-04,900,3126719,Faisalabad
VEH000751,بلال مغل,92350-1590477-9,Imran Moghul,1959-01-21,1400,5328345,Karachi
VEH000752,Sana قریشی,47599-3925160-6,Husain Qureshi,1965-06-24,1400,4975433,Lahore
VEH000753,Mohammed Awan,62121-3097558-5,Hassan اعوان,1980-07-14,1400,4693669,Rawalpindi
VEH000754,Mariam Qureshi,97211-7692147-2,عمران قریشی,1968-04-07,3400,12527989,Islamabad
VEH000755,Marium Qureshi,97211-7692147-2,,1968-04-07,3600,13044582,Islamabad
VEH000756,Hamzah قریشی,79545-1592263-1,,1960-01-01,2600,9805954,Faisalabad
VEH000757,Mariam Sayyid,12615-7079798-7,,1991-03-15,2000,7795495,Rawalpindi
VEH000758,Maryam Sayyid,59170-6631019-5,,1982-07-23,1000,3900162,Karachi
VEH000759,Imran Chaudhary,,Ahmad چوہدری,1997-06-28,1400,5265586,Rawalpindi
VEH000760,Ahmad Chaudhry,58940-2089834-2,فیصل چوہدری,1970-02-28,1600,6427033,Karachi
VEH000761,احمد Ch.,58940-2089834-2,Faisal Chaudhry,1970-02-28,1700,5488765,Karachi
VEH000762,Mohammad Faisal Sayed,47408-4661765-6,Hussain Syed,1977-12-08,1000,3434729,Faisalabad
VEH000763,Hussain Sheikh,18229-9286653-5,Mohammed Shaykh,,1600,5314516,Karachi
VEH000764,Mohammed Hussein Shaykh,18229-9286653-5,Muhammad Shaikh,1994-07-03,1700,5865860,Karachi
VEH000765,Aysha Malick,57379-2105263-9,Husain ملک,2001-06-15,4100,13453544,Islamabad
VEH000766,عائشہ Malick,57379-2105263-9,Hussein Malik,2001-06-15,3700,13789682,Islamabad
VEH000767,Ayisha Malick,57379-2105263-9,حسین Malik,2001-06-15,3800,14770016,Islamabad
VEH000768,Marium شیخ,56316-2778577-1,,2000-08-20,2100,7120247,Rawalpindi
VEH000769,Mariam Shaikh,,,2000-08-20,1700,6422580,Rawalpindi
VEH000770,فیصل Mughal,74040-8881139-0,Usman Moghul,1987-02-13,1500,5904103,Lahore
VEH000771,فاطمہ Ch.,56683-9095897-8,علی Choudhary,1972-06-16,1200,4254917,Karachi
VEH000772,Muhammad حسن Mughal,48747-2016077-3,Mohammad Imran مغل,1987-05-08,2000,7707116,Faisalabad
VEH000773,Mohammed Hussein Bhatti,48810-1424190-0,Bilal Bhatti,1960-06-15,4100,14801841,Lahore
VEH000774,Mohammad Hussain Butt,48810-1424190-0,بلال Bhatti,,4500,17342569,Lahore
VEH000775,حسین Butt,48810-1424190-0,بلال Bhatti,1960-06-15,4300,15594341,Lahore
VEH000776,حرا سید,87836-8451420-5,Ahmed Sayyid,1972-08-09,900,3085714,Faisalabad
VEH000777,Muhammad Chaudhry,15528-4674225-3,Mohammed علی Ch.,1963-09-11,1400,5271568,Rawalpindi
VEH000778,محمد چوہدری,15528-4674225-3,علی چوہدری,1963-09-11,1600,5359906,Rawalpindi
VEH000779,حسن راجہ,11620-4630984-2,عثمان Raja,,1200,4851471,Karachi
VEH000780,ثناء Shaykh,83509-5787252-3,احمد شیخ,,4500,14929929,Rawalpindi
VEH000781,Sana شیخ,83509-5787252-3,Ahmad Sheikh,1994-02-01,4500,16400818,Rawalpindi
VEH000782,Sana Shaikh,83509-5787252-3,Ahmad Shaykh,1994-02-01,4500,18230599,Rawalpindi
VEH000783,Husain خان,,,1978-04-21,3000,10445645,Islamabad
VEH000784,Muhammed Ahmad بٹ,48989-1587080-1,Muhammed حسین بٹ,1964-05-15,3000,12141339,Rawalpindi
VEH000785,Muhammed احمد خان,11880-2888892-1,Hassan خان,1984-10-23,1300,5371540,Rawalpindi
VEH000786,Mohammad Hassan Choudhary,95220-1740262-9,Bilal Ch.,1990-12-16,2500,10067300,Rawalpindi
VEH000787,Mohammad حسن Choudhary,95220-1740262-9,بلال Choudhary,1990-12-16,2300,9347129,Rawalpindi
VEH000788,Husain Qureshi,58142-8654730-7,Imran Qureshi,1965-06-22,3200,11360532,Karachi
VEH000789,حسین قریشی,58142-8654730-7,عمران قریشی,1965-06-22,3300,12619015,Karachi
VEH000790,حسین قریشی,58142-8654730-7,Muhammad Imran قریشی,1965-06-22,3300,11527165,Karachi
VEH000791,Hussain Quraishi,98142-8654730-7,,1965-06-22,3300,10665967,Karachi
VEH000792,Osman Qureshi,86049-7740736-5,Mohammad Hamzah Quraishi,1977-05-05,2400,9703027,Rawalpindi
VEH000793,Hassan Sayed,25664-9411821-8,Muhammad سید,,900,3724732,Karachi
VEH000794,Bilal مغل,93259-1702543-7,Muhammad مغل,1986-06-12,1200,4831456,Faisalabad
VEH000795,بلال Mughal,93259-1702543-7,Mohammed Mughal,1986-06-12,1300,4430845,Faisalabad
VEH000796,Muhammed بلال Mughal,93259-1702543-7,Mohammad Moghul,1986-06-12,1400,5704679,Faisalabad
VEH000797,Ahmad چوہدری,69787-6660342-3,فیصل Chaudhary,1985-01-11,2400,9904609,Karachi
VEH000798,Mohammad Ahmad چوہدری,,فیصل Chaudhry,1985-01-11,2900,11825820,Karachi
VEH000799,Muhammad Ahmad چوہدری,,Muhammed Faisal Choudhary,1985-01-11,2600,9385100,Karachi
VEH000800,Mohammad احمد Chaudhry,59787-6660342-3,,1985-01-11,2700,8691575,Karachi
VEH000801,Bilal ملک,36099-9089070-7,Hasan Malik,1955-07-25,1100,4025252,Lahore
VEH000802,Mohammed Bilal Khan,39284-6705434-9,حمزہ خان,1969-12-15,2000,6580269,Islamabad
VEH000803,بلال خان,39284-6705434-9,Muhammed Hamzah خان,1969-12-15,1900,7573605,Islamabad
VEH000804,بلال خان,39284-6705434-9,حمزہ خان,,2300,8182467,Islamabad
VEH000805,Faisal شیخ,92001-7068696-3,,1981-01-25,1500,4889699,Lahore
VEH000806,Ayisha چوہدری,68959-4770193-2,Hamza Chaudhry,1994-09-14,1000,3868465,Islamabad
VEH000807,Mohammed Hasan اعوان,,Hasan Awan,1968-10-26,3200,13035050,Faisalabad
VEH000808,Mohammed Hasan Awan,32729-2966470-4,حسن Awan,1968-10-26,3300,12891747,Faisalabad
VEH000809,Ahmad Syed,10428-2116463-0,Muhammad Hussain Sayyid,1986-08-18,1300,4617963,Faisalabad
VEH000810,Osman خان,67958-4447207-5,علی خان,,1500,5813656,Rawalpindi
VEH000811,عثمان خان,65958-4447207-5,علی خان,2000-02-20,1500,5002745,Rawalpindi
VEH000812,Mohammed Othman خان,67958-4447207-5,علی خان,2000-02-20,1400,5144953,Rawalpindi
VEH000813,Muhammad Hasan خان,45695-9610837-0,Muhammad Imran خان,1987-01-13,2600,9472064,Islamabad
VEH000814,علی Chaudhary,85217-5685491-7,Mohammed Hassan Choudhary,1984-03-23,2200,7910724,Faisalabad
VEH000815,Muhammad Ali Ch.,85217-5685491-7,Muhammad Hasan Ch.,1984-03-23,2000,7358711,Faisalabad
VEH000816,ثناء Awan,89366-7798104-4,عمران اعوان,1981-03-17,4000,13114110,Faisalabad
VEH000817,Muhammed Hassan ملک,49117-2938375-9,Mohammad Bilal Malik,1979-07-10,2100,6815849,Faisalabad
VEH000818,Muhammed Hasan Malick,49817-2938375-9,بلال Malik,1979-07-10,1700,6982950,Faisalabad
VEH000819,Muhammad Hussein قریشی,70960-7485347-6,احمد Qureshi,1993-05-12,2900,11356496,Karachi
VEH000820,حسین Qureshi,70960-7485347-6,Ahmed Qureshi,1993-05-12,2800,11392451,Karachi
VEH000821,Muhammed بلال Raja,37605-1009512-1,Ali راجہ,1957-05-24,1000,3693211,Faisalabad
VEH000822,فاطمہ Awan,97741-8710913-5,,2001-06-28,1100,4144843,Karachi
VEH000823,Hamzah Sayyid,49366-5322520-1,علی Syed,1990-04-28,4500,15216851,Karachi
VEH000824,Hamzah سید,49366-5322520-1,,1990-04-28,4500,16012554,Karachi
VEH000825,Hamza Syed,49366-5372520-1,Ali Sayed,1990-04-28,4500,17340495,Karachi
VEH000826,Hamza Sayed,49366-5362520-1,علی سید,1990-04-28,4500,17197875,Karachi
VEH000827,Hamza شیخ,76301-7090010-6,,1981-10-11,2500,9650145,Karachi
VEH000828,Hamza Shaikh,76301-7090010-6,بلال Shaykh,,2400,9154466,Karachi
VEH000829,Mohammad Usman Mughal,31655-6197034-5,احمد Moghul,1957-10-03,2900,10882922,Karachi
VEH000830,Muhammed علی راجہ,89493-4754605-4,,1980-06-22,1500,5773034,Karachi
VEH000831,Hamzah مغل,80620-8657731-0,,1976-01-14,1400,4638723,Faisalabad
VEH000832,Hamzah Sayed,,Muhammad Husain Sayyid,,4100,15254318,Rawalpindi
VEH000833,Hamzah Sayyid,51311-4739633-7,Hussein Syed,1974-11-28,3900,15059741,Rawalpindi
VEH000834,Mohammad Hamzah سید,51311-4739633-7,Mohammed حسین Sayyid,1974-11-28,3700,12898847,Rawalpindi
VEH000835,Hussain Raja,18990-2278856-2,احمد Raja,1955-04-03,700,2474248,Faisalabad
VEH000836,Ali ملک,25917-9396377-8,Hamzah ملک,1987-02-16,1500,5771408,Rawalpindi
VEH000837,Ahmed قریشی,33120-7507557-3,Mohammed Imran Quraishi,1971-12-01,2000,7644607,Karachi
VEH000838,Muhammad احمد Quraishi,33120-7507557-1,Imran Quraishi,1971-12-01,1800,6178261,Karachi
VEH000839,Mohammed Hamzah راجہ,52233-7188625-3,Muhammed راجہ,1957-08-07,1700,6410442,Rawalpindi
VEH000840,Mariam Raja,54656-3009122-9,Mohammad راجہ,1995-06-08,800,3155718,Faisalabad
VEH000841,Mohammed Malick,97139-3297127-4,Bilal ملک,,1200,4594527,Karachi
VEH000842,ثناء Malik,87444-5153632-1,Osman Malick,1965-03-21,1900,7430396,Islamabad
VEH000843,محمد Awan,32199-9551086-3,Muhammad Bilal اعوان,1955-11-17,1300,4803993,Lahore
VEH000844,Muhammad Awan,,بلال Awan,,1400,5233492,Lahore
VEH000845,حمزہ Raja,66324-4540118-9,Bilal راجہ,1967-09-10,1700,5967429,Lahore
VEH000846,Hussain Shaikh,93993-3012883-3,Ali شیخ,2000-01-08,4000,14443187,Faisalabad
VEH000847,Hussein Shaikh,93993-3012883-3,علی Sheikh,2000-01-08,4100,15224849,Faisalabad
VEH000848,Zaynab Chaudhry,14082-5595236-6,Muhammad Chaudhry,1971-01-14,1400,5875961,Lahore
VEH000849,زینب Chaudhry,74082-5595236-6,محمد Chaudhary,1971-01-14,1700,5906189,Lahore
VEH000850,Mohammed Hamza Raja,64185-2852481-4,علی راجہ,,1800,7098884,Islamabad
VEH000851,Faysal اعوان,94443-4763393-7,Hasan Awan,1999-05-27,1800,6275720,Islamabad
VEH000852,Mohammad Hasan بٹ,97614-9890570-2,Hamzah Bhatti,1988-01-05,4500,18333784,Islamabad
VEH000853,Hasan Bhatti,97614-9890570-2,Hamzah بٹ,1988-01-05,4500,14627326,Islamabad
VEH000854,حسن بٹ,,,1988-01-05,4300,13852590,Islamabad
VEH000855,Faysal Ch.,22594-7374025-7,,1967-04-11,900,3721527,Rawalpindi
VEH000856,حسن Sayed,71221-7918250-8,Muhammed احمد سید,1961-11-18,900,3166662,Karachi
VEH000857,حسن Quraishi,43614-1196256-9,,1962-05-21,2400,8694496,Karachi
VEH000858,Fatima Malik,90186-2992782-1,Muhammad Hussain Malik,,2300,7999180,Islamabad
VEH000859,فاطمہ ملک,90186-2992782-1,Husain Malik,1993-09-24,1800,6226944,Islamabad
VEH000860,Muhammed اعوان,31893-1106646-7,حسن Awan,,2000,7125152,Islamabad
VEH000861,Muhammed Awan,,Hassan Awan,,2100,8155611,Islamabad
VEH000862,Muhammad Imran اعوان,,Mohammed Imran Awan,1969-03-08,1800,7269405,Rawalpindi
VEH000863,Hasan راجہ,54448-9809311-8,Ahmed راجہ,,4000,13658432,Faisalabad
VEH000864,Muhammed Hasan Raja,,Muhammad Ahmed راجہ,1971-05-11,4300,13988122,Faisalabad
VEH000865,Hassan Raja,54448-9809311-8,Muhammed Ahmed راجہ,1971-05-11,4100,13366092,Faisalabad
VEH000866,محمد Syed,28312-4649507-1,Imran Syed,1964-10-15,2000,7857634,Rawalpindi
VEH000867,Mohammad Syed,28312-4699507-1,عمران سید,1964-10-15,1800,6803269,Rawalpindi
VEH000868,فیصل Khan,51005-7359320-1,Imran خان,1996-05-25,2000,6738187,Lahore
VEH000869,Faysal Mughal,47641-9229948-8,Ahmed Moghul,1964-03-27,1000,3680993,Faisalabad
VEH000870,Bilal Quraishi,57378-9655209-4,Imran Qureshi,1964-07-13,2100,8799906,Islamabad
VEH000871,Imran خان,63311-4488260-3,Mohammad بلال خان,1993-10-18,1800,7344655,Rawalpindi
VEH000872,فیصل Raja,18456-2018574-4,Muhammad Raja,1962-07-09,1600,6483596,Lahore
VEH000873,Faisal راجہ,18456-2018574-4,Muhammed Raja,1962-07-09,1800,6834306,Lahore
VEH000874,Hussain بٹ,72081-9362556-3,عمران Bhatti,1967-07-23,1700,5798911,Lahore
VEH000875,بلال Bhatti,41813-2043070-2,Usman بٹ,2001-12-28,1100,4552069,Lahore
VEH000876,Ahmed بٹ,70550-1684155-6,Muhammed Husain Butt,1995-07-06,900,3459078,Islamabad
VEH000877,Muhammed Ahmad Awan,63895-5694057-4,عمران اعوان,1991-09-17,3700,13036180,Rawalpindi
VEH000878,Ahmad Awan,63895-5694057-4,Imran اعوان,1991-09-17,3900,13882118,Rawalpindi
VEH000879,Ahmed اعوان,63895-5694057-4,Imran اعوان,1991-09-17,3800,13252117,Rawalpindi
VEH000880,Ahmed اعوان,,Imran اعوان,1991-09-17,3600,13480685,Rawalpindi
VEH000881,Usman Khan,48191-5006686-3,حسن خان,1968-06-07,2000,7596110,Islamabad
VEH000882,Mohammed عمران خان,41600-2533751-3,Hamza Khan,1968-03-13,2300,9167504,Faisalabad
VEH000883,Imran Khan,41600-2537751-3,Hamzah خان,1968-03-13,2600,10807858,Faisalabad
VEH000884,Imran خان,41700-2533751-3,Hamzah خان,1968-03-13,2300,7641281,Faisalabad
VEH000885,Muhammed عمران خان,41600-2533751-3,Hamzah خان,1968-03-13,2300,7585689,Faisalabad
VEH000886,Mohammed Sayyid,20992-9470588-7,Othman Sayed,1979-02-15,3500,14548317,Karachi
VEH000887,محمد Sayed,20992-9470588-7,Osman Sayyid,1979-02-15,3100,11744963,Karachi
VEH000888,Mohammed سید,20992-9470588-7,Muhammed عثمان Syed,1979-02-15,3200,13416804,Karachi
VEH000889,علی Sheikh,88900-9486798-2,Ahmed Shaikh,1970-08-09,3000,10761638,Lahore
VEH000890,علی Shaykh,88900-9486798-2,احمد Shaykh,1970-08-09,3000,12148404,Lahore
VEH000891,Husain Khan,78115-9994349-6,Mohammad Khan,1978-11-01,4500,17814334,Islamabad
VEH000892,Hussein Khan,78115-9994349-6,Muhammed خان,1978-11-01,4500,15319792,Islamabad
VEH000893,Hussain خان,78115-9994349-6,Mohammad Khan,1978-11-01,4500,16000553,Islamabad
VEH000894,عمران Chaudhary,62144-2482766-0,Bilal Ch.,1964-11-15,1200,4610341,Islamabad
VEH000895,Faysal ملک,97428-7217012-7,محمد Malik,1993-01-17,1600,5674704,Karachi
VEH000896,ثناء Moghul,82443-8653803-1,عمران Moghul,1973-03-18,4500,16126727,Rawalpindi
VEH000897,ثناء مغل,82443-8653803-1,,1973-03-18,4500,16294594,Rawalpindi
VEH000898,Sana مغل,82443-8653803-1,عمران Mughal,,4500,18321317,Rawalpindi
VEH000899,ثناء Mughal,82443-8653803-1,Imran Moghul,,4500,18433544,Rawalpindi
VEH000900,علی Quraishi,48588-1356900-8,Hussain Qureshi,1991-10-26,1900,6617044,Faisalabad
VEH000901,علی Quraishi,,Husain Quraishi,1991-10-26,1800,6037471,Faisalabad
VEH000902,Muhammed قریشی,28672-8283798-5,Mohammad قریشی,1990-03-13,800,2810534,Rawalpindi
VEH000903,Fatimah Khan,66917-7554404-6,Mohammed Ahmad Khan,1958-02-27,1200,4607692,Karachi
VEH000904,حرا اعوان,31098-2120619-4,Muhammed اعوان,1980-09-22,2000,7805109,Rawalpindi
VEH000905,حرا Awan,31098-2120619-4,Mohammed Awan,1980-09-22,2200,8850011,Rawalpindi
VEH000906,Muhammad Hasan Choudhary,48423-2496306-2,Usman Chaudhry,1977-12-06,1400,5834881,Lahore
VEH000907,Aisha Awan,70850-1178532-3,Ali اعوان,1998-02-03,1100,4377812,Faisalabad
VEH000908,بلال Malick,,علی ملک,1984-08-18,1600,5669251,Lahore
VEH000909,Ahmad سید,,عمران Syed,1965-03-03,1200,3988128,Rawalpindi
VEH000910,حرا Mughal,65839-4886086-8,Hasan مغل,1962-09-06,2500,10273570,Rawalpindi
VEH000911,Hira Mughal,65839-4886086-8,حسن مغل,,2500,9276297,Rawalpindi
VEH000912,Bilal Khan,85028-8543762-0,Hamzah Khan,1999-10-18,1700,5882854,Islamabad
VEH000913,بلال Khan,,Mohammad Hamza خان,1999-10-18,1700,6430552,Islamabad
VEH000914,Mariam ملک,18007-7755502-7,Muhammed حسن ملک,1980-09-25,3900,15748338,Rawalpindi
VEH000915,Mariam Malick,18007-7755502-7,,1980-09-25,4300,15833969,Rawalpindi
VEH000916,Mariam Malick,18007-7755502-7,حسن Malick,1980-09-25,4100,15827510,Rawalpindi
VEH000917,Marium Malick,18007-7755502-7,Mohammad Hasan Malick,1980-09-25,4200,17630526,Rawalpindi
VEH000918,Bilal Qureshi,80657-8504152-1,,1980-10-05,4100,13811117,Karachi
VEH000919,Mohammed بلال Qureshi,80657-8504152-1,Husain Qureshi,1980-10-05,4400,14649180,Karachi
VEH000920,Mohammad بلال قریشی,80657-8504152-1,Husain Quraishi,1980-10-05,3900,15887567,Karachi
VEH000921,Ahmed Mughal,84431-7676164-7,Faysal Moghul,1957-09-19,3000,9742922,Lahore
VEH000922,احمد مغل,84431-7676164-7,Faisal مغل,1957-09-19,3000,10626948,Lahore
VEH000923,Mohammed حسن Syed,81022-5845328-8,Muhammad سید,1965-03-02,4500,17434636,Faisalabad
VEH000924,Muhammed Hasan Syed,81022-5845328-8,,1965-03-02,4500,17172514,Faisalabad
VEH000925,Hasan Syed,81022-5845328-8,محمد Sayyid,1965-03-02,4500,18241156,Faisalabad
VEH000926,Muhammad Hassan Sayed,81022-5845328-8,Mohammed سید,1965-03-02,4500,15179624,Faisalabad
VEH000927,عمران Sayed,42869-9512108-4,Muhammad Ali Sayyid,1974-10-11,1300,5367635,Faisalabad
VEH000928,Imran سید,72600-4288145-8,Ali Sayyid,1956-10-15,1000,4191716,Rawalpindi
VEH000929,Muhammed Malik,81010-3951233-5,Othman ملک,1972-05-06,2300,8941113,Lahore
VEH000930,محمد Malik,81010-3951233-5,Osman Malik,1972-05-06,2200,8276446,Lahore
VEH000931,Bilal چوہدری,25051-2729774-5,Bilal Ch.,1965-05-03,3900,12771910,Lahore
VEH000932,بلال Chaudhry,85051-2729774-5,Mohammed بلال Chaudhry,1965-05-03,3800,14499469,Lahore
VEH000933,Ali راجہ,33317-6760468-6,علی راجہ,1991-03-13,1800,7129573,Islamabad
VEH000934,حسین خان,37549-7619127-4,Ahmed خان,1975-05-15,3300,11620013,Karachi
VEH000935,Ahmad Ch.,91183-4598169-6,Hamzah Chaudhry,2001-09-04,1500,5895492,Lahore
VEH000936,محمد خان,29619-2830473-4,احمد Khan,1957-06-06,2300,9426862,Faisalabad
VEH000937,Mohammad Khan,29619-2830473-4,احمد خان,,2600,10393325,Faisalabad
VEH000938,فیصل Raja,89307-3208458-7,,1972-06-05,1100,4336655,Rawalpindi
VEH000939,Bilal Shaikh,83060-8183194-6,محمد شیخ,1975-10-17,4500,18234164,Lahore
VEH000940,Bilal شیخ,,Muhammad Shaikh,1975-10-17,4500,18271496,Lahore
VEH000941,بلال Shaykh,83060-8183194-6,Mohammed Sheikh,1975-10-17,4500,17772309,Lahore
VEH000942,Faysal سید,90432-5832385-2,Imran Sayyid,1963-05-20,2900,9970016,Islamabad
VEH000943,Zaynab Khan,15164-1719322-2,Hussain Khan,1978-11-08,800,2783951,Lahore
VEH000944,Fatimah چوہدری,,Ali Chaudhry,1985-07-17,1600,5540481,Faisalabad
VEH000945,Osman راجہ,64771-3049446-7,Mohammed حمزہ راجہ,2002-12-16,1100,4269099,Islamabad
VEH000946,Muhammad Hamzah Ch.,46428-2011816-2,Faisal Choudhary,1994-01-15,1700,5825056,Faisalabad
VEH000947,Hussain شیخ,,Muhammed Shaikh,1962-01-20,1400,5343571,Karachi
VEH000948,Hussain Sheikh,47415-1543296-3,Muhammad Shaykh,1962-01-20,1400,5467839,Karachi
VEH000949,Muhammed Ahmad قریشی,21067-4279796-8,Mohammad قریشی,1981-08-04,1700,5454272,Karachi
VEH000950,Ahmad Quraishi,21067-4279706-8,Muhammad Qureshi,1981-08-04,1800,6015074,Karachi
VEH000951,Ahmed قریشی,21067-4279706-8,Muhammad Quraishi,1981-08-04,1700,5944070,Karachi
VEH000952,محمد خان,33819-6854133-8,Imran خان,1998-06-15,3100,11362815,Faisalabad
VEH000953,Muhammad Khan,33819-6854133-8,عمران خان,1998-06-15,3200,12758514,Faisalabad
VEH000954,Zainab Sayyid,29518-2324282-5,Faysal Sayed,1959-09-08,1600,6563095,Rawalpindi
VEH000955,Muhammad عمران راجہ,92716-5552403-9,Mohammad Raja,1975-04-22,2300,9262637,Karachi
VEH000956,احمد Butt,65511-2887319-5,Muhammad بلال بٹ,,1200,4473131,Karachi
VEH000957,عائشہ Butt,29882-2086491-7,Mohammed بٹ,1964-09-11,1000,3375583,Rawalpindi
VEH000958,Faysal خان,43886-7630163-7,Mohammad علی خان,2003-09-15,2300,9395753,Rawalpindi
VEH000959,Faysal Khan,43886-7630163-7,Muhammed Ali خان,2003-09-15,2200,7452253,Rawalpindi
VEH000960,Mohammed Faysal خان,,Muhammed علی خان,2003-09-15,2400,9066906,Rawalpindi
VEH000961,بلال خان,21689-6031481-1,Mohammad Hasan Khan,,800,3285985,Faisalabad
VEH000962,عمران Shaykh,,Imran Sheikh,,1000,3551412,Islamabad
VEH000963,Ahmed بٹ,45503-7940725-8,,1969-06-20,1400,5445141,Karachi
VEH000964,Usman Qureshi,51098-1827125-1,Mohammad Ahmad Quraishi,,2400,7875662,Faisalabad
VEH000965,Osman Qureshi,,Mohammed قریشی,1956-10-21,1500,5235727,Faisalabad
VEH000966,علی بٹ,,حسین Butt,1979-07-22,4500,18190233,Faisalabad
VEH000967,Ali Bhatti,42796-4001906-0,,,4500,15546820,Faisalabad
VEH000968,Ali Bhatti,42796-4001906-0,حسین Butt,1979-07-22,4500,17460890,Faisalabad
VEH000969,Ali بٹ,42796-4001906-0,Mohammad Husain بٹ,1979-07-22,4500,15495593,Faisalabad
VEH000970,Mariam اعوان,52844-8311577-4,علی Awan,1955-05-11,2300,9059483,Rawalpindi
VEH000971,Maryam اعوان,35671-2327617-2,فیصل اعوان,1993-06-15,4500,14954868,Faisalabad
VEH000972,Marium Awan,35674-2327617-2,فیصل اعوان,1993-06-15,4500,17271650,Faisalabad
VEH000973,مریم اعوان,35674-2327617-2,فیصل اعوان,1993-06-15,4500,16466816,Faisalabad
VEH000974,Hamzah شیخ,31510-8130118-1,,2001-02-06,1300,5233233,Rawalpindi
VEH000975,Husain Raja,26766-3070407-8,Hassan Raja,1987-06-09,1800,6543856,Lahore
VEH000976,Mohammad Khan,50042-7164406-4,Muhammed Hamzah Khan,,1400,4516213,Rawalpindi
VEH000977,Mohammad Khan,50042-7164406-4,حمزہ Khan,1976-12-05,1100,3633020,Rawalpindi
VEH000978,Ahmed Sheikh,68648-5789324-8,Mohammad فیصل Shaykh,2003-12-24,1900,6895793,Lahore
VEH000979,Muhammad بلال قریشی,43305-5268011-5,Muhammad Hussain Qureshi,1971-07-02,4500,14807041,Lahore
VEH000980,Bilal Qureshi,43305-5268011-5,حسین Quraishi,1971-07-02,4500,18836529,Lahore
VEH000981,بلال Qureshi,43305-5268011-5,حسین Quraishi,,4500,15925020,Lahore
VEH000982,Ahmad Awan,38500-8555391-8,Mohammad Ahmed Awan,1955-11-22,900,3340951,Faisalabad
VEH000983,Hamza مغل,23717-5600997-7,Ali Moghul,1971-07-08,1900,7536451,Lahore
VEH000984,Hira Bhatti,27327-4418107-8,حسن Bhatti,,2000,8346803,Lahore
VEH000985,Hira Butt,27327-4418107-8,Mohammed حسن بٹ,1992-08-06,2000,6454121,Lahore
VEH000986,Muhammed عمران Butt,94037-2426942-9,عمران Butt,2003-01-26,1600,5216955,Islamabad
VEH000987,Hassan قریشی,87162-6308180-1,Muhammad Qureshi,1955-04-24,1400,4672356,Islamabad
VEH000988,Husain Khan,23182-7691144-9,Faysal خان,1972-10-16,800,3228975,Rawalpindi
VEH000989,Hamza Raja,57721-1513967-5,,1982-03-12,1600,5761855,Rawalpindi
VEH000990,Mariam خان,,علی خان,1982-12-25,2300,8369892,Faisalabad
VEH000991,حسین Malik,,بلال Malick,1972-03-06,3200,12671123,Faisalabad
VEH000992,Husain Malik,87623-7758079-2,Bilal Malick,1972-03-06,3000,11602135,Faisalabad
VEH000993,Mohammad Husain ملک,87623-7758079-2,Muhammed بلال ملک,1972-03-06,3300,13610432,Faisalabad
VEH000994,عمران Mughal,,حسین Moghul,1963-02-27,2100,7371911,Karachi
VEH000995,عمران مغل,16998-5434785-5,Muhammed حسین مغل,1963-02-27,2200,7451950,Karachi
VEH000996,Mohammad Khan,66385-6266537-0,Mohammad Khan,1985-05-23,2900,10889607,Rawalpindi
VEH000997,بلال شیخ,,حمزہ Sheikh,1983-05-23,2700,10963216,Faisalabad
VEH000998,Bilal Sheikh,53363-6603464-0,Mohammad Hamzah Sheikh,1983-05-23,2800,9826242,Faisalabad
VEH000999,Mohammed Osman Malick,,Ali Malick,2001-01-20,1600,5319054,Islamabad
VEH001000,Faisal Khan,48657-8468968-6,,1998-12-06,1200,4929079,Lahore
VEH001001,حسن Qureshi,99468-3971689-0,,1997-03-06,1200,4879135,Islamabad
VEH001002,Mohammad حسن Qureshi,99468-3971689-0,Mohammed احمد Qureshi,1997-03-06,1100,3980761,Islamabad
VEH001003,محمد Khan,16655-2324391-5,Ahmad خان,1976-04-28,1500,5930713,Lahore
VEH001004,Aysha خان,73818-1218912-0,,1991-07-27,1500,5548324,Karachi
VEH001005,Muhammed حسن Chaudhary,,محمد Chaudhry,1991-01-21,1800,6038472,Islamabad
VEH001006,Marium اعوان,90775-1008971-4,Muhammed Osman Awan,1984-06-25,1800,6505612,Lahore
VEH001007,Maryam اعوان,90775-1108971-4,عثمان اعوان,1984-06-25,2200,7775254,Lahore
VEH001008,Mariam اعوان,90775-1108971-4,Mohammed Usman Awan,1984-06-25,2200,8277713,Lahore
VEH001009,مریم Awan,,,1984-06-25,2000,7325170,Lahore
VEH001010,Mohammed Sheikh,56353-9735237-2,Ahmed Sheikh,1971-08-15,2000,7197288,Rawalpindi
VEH001011,Muhammed بلال ملک,67216-4547307-8,Mohammed Osman Malick,1976-09-18,1300,4631621,Karachi
VEH001012,حمزہ راجہ,18803-7298799-9,Ali Raja,1987-10-16,1900,7444145,Faisalabad
VEH001013,Hamza Raja,18803-7298799-9,علی راجہ,1987-10-16,2100,8602076,Faisalabad
VEH001014,Mohammad عثمان بٹ,77359-3316968-2,,1965-01-02,1600,6512078,Karachi
VEH001015,Muhammed Osman Butt,77359-3316968-2,,1965-01-02,1700,5506940,Karachi
VEH001016,Ali راجہ,65241-7038145-9,Faysal راجہ,2000-04-23,1600,5580718,Karachi
VEH001017,Mohammad علی Khan,46306-3504296-3,Mohammad علی Khan,1963-12-15,2200,8182168,Lahore
VEH001018,Hussein بٹ,,حسین بٹ,1993-04-23,2900,11744824,Karachi
VEH001019,حسین Butt,66555-7568552-3,Muhammed حسین Butt,1993-04-23,3200,12504925,Karachi
VEH001020,Hussain Moghul,69456-4183858-2,,1979-03-14,1800,7245000,Rawalpindi
VEH001021,علی Butt,97223-3305951-5,عمران بٹ,1999-06-09,2700,8779771,Lahore
VEH001022,عمران راجہ,74617-2645611-9,Bilal Raja,1964-11-08,2500,10170189,Karachi
VEH001023,Faysal مغل,,Mohammed Osman مغل,1970-03-24,4500,18283803,Rawalpindi
VEH001024,Mohammed Faysal Mughal,38914-4372441-8,Othman Moghul,1970-03-24,4500,16383382,Rawalpindi
VEH001025,Mohammed فیصل Moghul,38913-4372441-8,Osman مغل,1970-03-24,4500,16482541,Rawalpindi
VEH001026,Faisal Mughal,38914-4372441-8,Mohammed Usman Moghul,1970-03-24,4500,16348547,Rawalpindi
VEH001027,عمران خان,91045-6139691-8,Ahmed خان,1976-03-25,800,2752190,Faisalabad
VEH001028,Hasan شیخ,79452-6313929-4,Muhammad Hassan Sheikh,2000-01-15,1000,3276152,Rawalpindi
VEH001029,Imran اعوان,46811-6340785-2,Hasan Awan,,2800,10201855,Karachi
VEH001030,Bilal Raja,45003-9355981-0,Ahmed راجہ,1986-04-21,1600,5908419,Rawalpindi
VEH001031,عمران سید,39171-8460988-7,,1963-10-14,1100,3958206,Islamabad
VEH001032,Mohammed Osman Raja,13318-3549852-7,علی راجہ,2001-03-03,3200,10807573,Karachi
VEH001033,عثمان Raja,13318-3549852-7,Ali Raja,2001-03-03,2900,9918901,Karachi
VEH001034,عثمان راجہ,13318-3549852-7,علی راجہ,2001-03-03,3100,11075219,Karachi
VEH001035,Osman Raja,13318-3549852-7,Ali Raja,2001-03-03,2900,10318687,Karachi
VEH001036,Mohammed Ahmed Syed,49468-4803548-9,Ahmad سید,,3700,12097548,Karachi
VEH001037,احمد Sayyid,49468-4803548-9,Ahmed Syed,1968-07-17,3600,13748012,Karachi
VEH001038,Maryam Malick,70177-1764398-8,,1979-10-16,2100,6734926,Karachi
VEH001039,Marium Malik,70177-1762398-8,Mohammed Ali Malik,1979-10-16,2200,7624287,Karachi
VEH001040,Mohammad Hassan سید,11855-9244193-1,Ali Syed,1980-02-12,1200,4231869,Karachi
VEH001041,Muhammad Ali Shaykh,30023-3376230-2,Imran Shaikh,1956-11-04,1700,5969136,Lahore
VEH001042,Muhammad ملک,32874-7732573-0,Imran Malick,1973-11-13,2400,9895864,Lahore
VEH001043,Ahmad Sayed,55555-8157670-0,Hussein Sayed,1976-01-01,1100,3637249,Lahore
VEH001044,حمزہ Ch.,60609-5570107-9,Muhammad Bilal چوہدری,1994-03-15,700,2251814,Karachi
VEH001045,Faysal راجہ,45338-2673677-3,Ali Raja,,1300,4706566,Faisalabad
VEH001046,Muhammed شیخ,15682-9035115-5,Husain Shaykh,1988-06-07,1200,4096582,Karachi
VEH001047,Zaynab قریشی,26470-1625661-3,Mohammed قریشی,1957-05-09,1500,4990943,Rawalpindi
VEH001048,Aisha Raja,85191-4664158-1,,,1700,6840488,Rawalpindi
VEH001049,عائشہ Raja,85191-4664158-1,Muhammed Hussein راجہ,2000-06-18,1800,6136573,Rawalpindi
VEH001050,بلال Sayyid,19499-4738337-8,Imran Syed,1978-01-07,1700,6493078,Lahore
VEH001051,بلال Sayyid,19499-4738337-8,عمران Sayyid,1978-01-07,1500,6046793,Lahore
VEH001052,Fatima شیخ,35546-6201396-7,حسین Shaikh,1966-05-14,1000,4129866,Karachi
VEH001053,Hassan اعوان,76117-7647888-3,Muhammad Awan,1957-09-26,1600,5287057,Faisalabad
VEH001054,Mohammad علی مغل,86358-1840925-2,,1996-11-16,1000,3800234,Islamabad
VEH001055,زینب Choudhary,37241-6344163-0,علی Chaudhary,1969-09-26,1400,4770655,Karachi
VEH001056,Ali Shaikh,46743-8082070-6,Osman Shaikh,,1800,7207994,Faisalabad
VEH001057,علی شیخ,46743-8082070-6,Mohammad Othman شیخ,1966-08-25,1600,6385901,Faisalabad
VEH001058,Hasan Choudhary,30095-4922062-0,Muhammad Ali Choudhary,1956-03-11,3600,13615356,Lahore
VEH001059,Hassan Chaudhry,30095-4922062-0,,1956-03-11,3500,14570491,Lahore
VEH001060,Hassan چوہدری,30095-4922062-0,Mohammad علی Choudhary,1956-03-11,3500,11410900,Lahore
VEH001061,Muhammad Hasan Khan,38765-4309617-4,بلال Khan,1984-08-03,4500,14529758,Lahore
VEH001062,Hassan خان,,,1984-08-03,4500,14615908,Lahore
VEH001063,Ali Bhatti,17346-2312681-2,حسن Butt,2002-10-18,2000,7052417,Islamabad
VEH001064,علی بٹ,17346-2312681-2,,2002-10-18,2000,6551305,Islamabad
VEH001065,Hassan Khan,27276-1782937-2,,1973-08-03,2800,11707998,Lahore
VEH001066,Hassan خان,,Imran خان,,2300,8161433,Lahore
VEH001067,Hassan Khan,27276-1786937-2,Imran Khan,1973-08-03,2500,9298965,Lahore
VEH001068,احمد Awan,96758-3221349-4,محمد Awan,1978-01-15,4500,17779554,Lahore
VEH001069,Muhammed Ahmad اعوان,,,,4500,15416614,Lahore
VEH001070,احمد Awan,96758-3221349-4,,1978-01-15,4400,18119959,Lahore
VEH001071,Ahmad اعوان,,Muhammad Awan,1978-01-15,4400,16479615,Lahore
VEH001072,احمد Raja,40894-6815916-8,بلال راجہ,2002-10-02,1900,7517903,Rawalpindi
VEH001073,احمد Raja,40894-6815916-8,Muhammed بلال راجہ,2002-10-02,1600,5234719,Rawalpindi
VEH001074,حمزہ Khan,14725-4783854-9,Ali خان,1977-02-19,4500,16854761,Rawalpindi
VEH001075,حمزہ خان,14725-4783854-9,Muhammed علی Khan,1977-02-19,4500,17877093,Rawalpindi
VEH001076,Muhammad Hamza Khan,14725-4783854-9,Mohammed علی Khan,1977-02-19,4500,16390346,Rawalpindi
VEH001077,Hamza Khan,,Ali خان,1977-02-19,4500,16097310,Rawalpindi
VEH001078,Hassan راجہ,31436-1360106-5,Mohammad Hussein راجہ,1964-03-04,900,2948704,Rawalpindi
VEH001079,Hussain راجہ,76659-6546440-0,Hussain راجہ,1984-01-26,2500,9114187,Faisalabad
VEH001080,حسین Raja,76659-6546440-0,Husain Raja,1984-01-26,2100,7860053,Faisalabad
VEH001081,Sana Quraishi,51054-4178720-7,Hamza Quraishi,1971-10-23,2600,8325101,Karachi
VEH001082,Usman Moghul,,,1975-07-07,1300,4562966,Lahore
VEH001083,حسن Choudhary,,Hussain Chaudhary,1991-09-28,3800,13182794,Karachi
VEH001084,حسن Ch.,95816-1678596-0,حسین Choudhary,1991-09-28,3900,12559916,Karachi
VEH001085,حسین Raja,61047-6189258-4,,1998-01-02,4500,18502449,Faisalabad
VEH001086,Hussein راجہ,61047-6189258-4,علی راجہ,1998-01-02,4500,16828175,Faisalabad
VEH001087,Muhammad Hussein Raja,61047-6189258-4,Ali Raja,1998-01-02,4500,17808696,Faisalabad
VEH001088,حسین Raja,61047-6189758-4,علی Raja,1998-01-02,4500,17718540,Faisalabad
VEH001089,مریم Raja,,,1995-07-10,2500,9047427,Rawalpindi
VEH001090,Muhammad حسین اعوان,24669-2510748-7,Faisal Awan,1983-03-27,2700,8725611,Faisalabad
VEH001091,Hussain اعوان,24669-2510748-7,Muhammad فیصل Awan,1983-03-27,2600,9857956,Faisalabad
VEH001092,Ali خان,55591-4300220-2,Imran Khan,1976-04-18,1300,4854377,Karachi
VEH001093,Osman خان,45409-5098200-8,Hasan Khan,1990-12-01,1700,5460484,Islamabad
VEH001094,Bilal مغل,90145-2047699-0,Muhammed حمزہ Mughal,1980-09-23,1800,6964544,Lahore
VEH001095,Mohammed بلال Moghul,90145-2047699-0,Hamza مغل,1980-09-23,1500,6017167,Lahore
VEH001096,Fatima Chaudhary,37106-9415479-9,Muhammed بلال Choudhary,,1100,4420348,Lahore
VEH001097,Mohammed Malik,97008-9486611-2,Hassan Malick,1969-12-20,2000,8053844,Lahore
VEH001098,Hamza Sheikh,61221-7322835-5,Bilal Shaykh,1989-07-25,1600,6455185,Karachi
VEH001099,Hamzah Shaykh,61221-7322835-5,Mohammed بلال Shaikh,1989-07-25,1500,5797422,Karachi
VEH001100,احمد اعوان,61951-9127407-0,عمران اعوان,1955-09-26,1000,4181219,Faisalabad
VEH001101,Hamza Bhatti,,حسین Bhatti,1959-09-07,1300,4575260,Faisalabad
VEH001102,Muhammed Qureshi,97393-4975549-9,Mohammad فیصل Qureshi,2002-08-09,1800,6847102,Rawalpindi
VEH001103,Hira Syed,88176-6970859-3,,1977-07-10,1600,6240245,Karachi
VEH001104,Husain شیخ,15670-7600067-7,Husain Shaykh,1997-06-14,2200,7520228,Faisalabad
VEH001105,Fatimah Quraishi,34148-4033321-1,Faisal قریشی,1955-06-08,2300,7531610,Rawalpindi
VEH001106,Fatema Bhatti,36630-1614835-5,حسن Butt,1986-09-18,4500,15026484,Islamabad
VEH001107,Fatema بٹ,36610-1614835-5,Hasan بٹ,1986-09-18,4500,15193416,Islamabad
VEH001108,Fatima Butt,36630-1614835-5,حسن Butt,1986-09-18,4500,15798817,Islamabad
VEH001109,Mohammad Ali Malik,63555-6481363-3,Osman ملک,2001-04-16,4500,17129834,Rawalpindi
VEH001110,علی Malick,63555-6481363-3,Osman Malik,2001-04-16,4500,16315583,Rawalpindi
VEH001111,علی Malik,63555-6481363-3,,2001-04-16,4500,16057095,Rawalpindi
VEH001112,علی Malick,63555-6481363-3,Mohammad Othman Malik,2001-04-16,4500,15811653,Rawalpindi
VEH001113,احمد Raja,56693-8127897-7,حسن راجہ,1973-05-28,1300,4184059,Faisalabad
VEH001114,Ahmed Raja,56693-8127897-7,Hassan راجہ,1973-05-28,1100,3947108,Faisalabad
VEH001115,Bilal Syed,16902-1486424-0,,1958-09-20,2000,6946022,Islamabad
VEH001116,Fatima مغل,40664-6710639-2,Ahmed Moghul,2000-02-18,900,3644386,Karachi
VEH001117,Husain Shaykh,46298-9633551-8,Muhammed حسین Shaykh,1994-11-20,2800,11697451,Islamabad
VEH001118,Hussain Sheikh,,,1994-11-20,3100,11291857,Islamabad
VEH001119,Hamzah شیخ,,عثمان Sheikh,2003-09-05,3600,13777952,Faisalabad
VEH001120,ثناء ملک,85554-1190530-0,Faisal ملک,1997-12-19,2000,7250610,Islamabad
VEH001121,Sana ملک,85554-1190530-0,Faisal Malick,1997-12-19,2200,8742934,Islamabad
VEH001122,Mohammad Ahmed Awan,58549-6295273-2,عمران اعوان,1982-07-19,800,2578569,Rawalpindi
VEH001123,عثمان خان,37810-8734943-3,بلال خان,1959-06-23,1200,4795532,Lahore
VEH001124,Zainab Khan,14911-4169373-8,Muhammed عمران خان,1955-03-16,1700,7046560,Islamabad
VEH001125,Faisal Shaykh,80330-5667750-9,عمران Shaykh,,3200,10366001,Lahore
VEH001126,Marium Qureshi,40675-4597858-6,,,4300,14733000,Faisalabad
VEH001127,مریم قریشی,40675-4597858-6,Hussein قریشی,2003-08-15,4400,16243557,Faisalabad
VEH001128,مریم Quraishi,40675-4597858-6,حسین قریشی,2003-08-15,4500,16057585,Faisalabad
VEH001129,Marium Quraishi,40675-4597858-6,Muhammed Husain Qureshi,,4400,15501681,Faisalabad
VEH001130,Muhammad Mughal,24774-6857037-3,Imran Mughal,1995-07-01,2200,8982483,Karachi
VEH001131,Ahmed Mughal,,عمران Mughal,1996-02-02,1600,5186008,Lahore
VEH001132,Muhammed Awan,81585-7700086-7,Ali اعوان,1958-03-25,1500,4917892,Karachi
VEH001133,بلال Syed,,بلال سید,1989-10-01,2800,10991652,Lahore
VEH001134,بلال Syed,,بلال سید,1989-10-01,2900,11350391,Lahore
VEH001135,Ayesha Moghul,18965-8951745-0,Muhammad Hamza Mughal,1971-05-08,1100,4211760,Lahore
VEH001136,Imran Khan,55212-7024535-9,عمران Khan,,4200,16308573,Lahore
VEH001137,عمران خان,55212-7024535-9,عمران Khan,1977-02-13,4200,14395250,Lahore
VEH001138,Mohammad Imran Khan,55212-7024535-9,Imran Khan,1977-02-13,4200,14222250,Lahore
VEH001139,Zaynab Awan,77331-8068258-2,Hasan اعوان,1984-07-02,1500,5250348,Faisalabad
VEH001140,حسین Awan,77000-4870860-7,Imran Awan,1960-10-04,1300,5010040,Islamabad
VEH001141,Zainab Moghul,21239-6334717-4,محمد Mughal,1958-07-19,1000,4046639,Faisalabad
VEH001142,Ahmad Sheikh,,Mohammed Usman Shaykh,1976-01-07,2600,8577544,Lahore
VEH001143,Muhammed Raja,42593-5893759-6,Hamza راجہ,1970-10-04,2100,8640357,Faisalabad
VEH001144,Bilal مغل,,Hamza مغل,2002-10-22,1900,7005392,Lahore
VEH001145,محمد Khan,87265-9641104-4,حسن خان,1970-07-04,1800,7152632,Karachi
VEH001146,Hamza Malick,21162-6340871-1,Faysal Malik,1990-11-12,2100,7848187,Karachi
VEH001147,عمران Shaykh,29671-1306860-3,Husain Sheikh,1997-01-03,3500,11434162,Faisalabad
VEH001148,Mohammad راجہ,19178-9336274-4,عثمان راجہ,1963-08-08,1900,7173394,Islamabad
VEH001149,Imran Shaykh,13882-2505437-2,Hassan Shaikh,1963-10-24,4500,16688735,Rawalpindi
VEH001150,عمران شیخ,13882-2505437-2,Mohammed Hassan شیخ,,4500,17848735,Rawalpindi
VEH001151,عمران Shaykh,13882-2505437-2,Hasan Sheikh,1963-10-24,4500,16618526,Rawalpindi
VEH001152,Imran شیخ,13882-2505437-2,Hassan Sheikh,1963-10-24,4500,15878409,Rawalpindi
VEH001153,Aysha ملک,53633-4969452-0,Muhammad Usman ملک,1986-12-24,1900,7315562,Faisalabad
VEH001154,Aysha Malik,53633-4969452-0,Usman Malick,1986-12-24,1800,6617257,Faisalabad
VEH001155,Aysha Malick,53633-4969452-0,Usman ملک,1986-12-24,2000,7761232,Faisalabad
VEH001156,Hamza Shaykh,55838-8077565-1,Hamzah Shaykh,1981-09-06,1300,4665448,Islamabad
VEH001157,Fatimah Shaikh,91448-8414351-6,عمران Shaykh,1983-09-28,1000,3409588,Islamabad
VEH001158,Fatima شیخ,91448-8414351-6,Muhammed عمران Shaykh,1983-09-28,900,3684544,Islamabad
VEH001159,عمران مغل,29080-3106447-3,Usman Moghul,,1800,7158419,Rawalpindi
VEH001160,عمران Shaykh,10330-8198004-3,Mohammed Hussein Shaikh,1969-06-22,2100,7825284,Rawalpindi
VEH001161,Mohammad Ali چوہدری,,Faysal Chaudhry,2002-09-14,3400,12434395,Karachi
VEH001162,Mohammed علی Ch.,62618-1854928-4,Faisal Chaudhary,2002-09-14,3200,10244687,Karachi
VEH001163,Ali Choudhary,62618-1854928-4,Muhammed Faysal چوہدری,2002-09-14,3000,12297381,Karachi
VEH001164,Ali Ch.,62618-1854928-4,,2002-09-14,3100,12463011,Karachi
VEH001165,Mohammad احمد ملک,11730-4520809-4,حمزہ ملک,,2500,8199617,Islamabad
VEH001166,احمد ملک,11730-4820809-4,حمزہ Malik,1962-04-04,2300,8641159,Islamabad
VEH001167,Ahmed ملک,11730-4520809-4,,1962-04-04,2600,9096850,Islamabad
VEH001168,Ahmad ملک,11730-4520809-4,Hamza Malik,1962-04-04,2300,7808978,Islamabad
VEH001169,Muhammed Hasan اعوان,54262-9893755-2,احمد Awan,1956-08-06,1400,5442497,Islamabad
VEH001170,Hasan اعوان,,احمد اعوان,1956-08-06,1400,4977791,Islamabad
VEH001171,ثناء خان,71338-1943518-3,حمزہ خان,1962-07-04,3800,15106585,Rawalpindi
VEH001172,Bilal Awan,67269-2986324-3,Muhammed فیصل Awan,1978-12-24,1500,5837855,Islamabad
VEH001173,Othman خان,49084-3435911-6,,1955-08-01,2100,6916792,Karachi
VEH001174,Osman Khan,,,1955-08-01,1900,6402419,Karachi
VEH001175,مریم قریشی,48115-7782690-3,Hasan Quraishi,1997-10-28,900,3754583,Faisalabad
VEH001176,Ahmad Khan,25530-5632814-7,,1971-03-16,1400,5194630,Islamabad
VEH001177,Mohammed Ahmad Khan,25530-5632814-7,Bilal Khan,1971-03-16,1600,6611976,Islamabad
VEH001178,Ahmed Khan,25530-5632814-7,بلال خان,1971-03-16,1300,5151580,Islamabad
VEH001179,Hussein Sayyid,28526-1615362-5,Ahmad Sayyid,1983-02-01,2900,11899478,Rawalpindi
VEH001180,حسین چوہدری,34341-8420570-4,Muhammad احمد چوہدری,1974-09-28,1100,3664897,Faisalabad
VEH001181,Hira Choudhary,18860-4464951-5,Hasan چوہدری,2001-09-13,4500,18508896,Lahore
VEH001182,حرا Chaudhary,,,2001-09-13,4500,15802093,Lahore
VEH001183,Hira Chaudhry,18860-4464951-5,Muhammed حسن Ch.,2001-09-13,4500,18502942,Lahore
VEH001184,Imran راجہ,33116-1965266-5,,1970-05-01,2400,8534224,Rawalpindi
VEH001185,بلال اعوان,75561-8774115-7,عثمان Awan,1977-05-06,1200,4117241,Karachi
VEH001186,Muhammad Hassan Raja,31714-9000330-3,بلال راجہ,2002-03-15,3200,10442831,Islamabad
VEH001187,Hasan راجہ,33714-9000330-3,Bilal راجہ,,3400,12673681,Islamabad
VEH001188,Hamzah Malik,17498-5941359-2,Faysal Malick,,4500,15442020,Rawalpindi
VEH001189,حمزہ Malik,17498-5941359-2,Mohammed Faisal ملک,1989-06-04,4500,16875545,Rawalpindi
VEH001190,Hamza ملک,17498-5941359-2,Muhammad فیصل Malik,1989-06-04,4500,16347626,Rawalpindi
VEH001191,Mohammed Ali خان,84532-1233441-1,Muhammed حسین خان,1966-11-13,4500,16205022,Lahore
VEH001192,Ali Khan,84532-1233441-1,حسین Khan,,4500,16860221,Lahore
VEH001193,علی خان,84532-1233441-1,Hussain خان,1966-11-13,4500,15252101,Lahore
VEH001194,علی خان,84532-1233441-1,Mohammad حسین خان,1966-11-13,4500,17614838,Lahore
VEH001195,Muhammad خان,35989-4501045-2,بلال Khan,1984-03-09,1600,5336076,Islamabad
VEH001196,Hamzah Sheikh,30980-2977579-6,Hassan Shaykh,1977-11-02,1200,4182359,Faisalabad
VEH001197,Hamzah شیخ,30980-2977579-6,حسن Shaikh,1977-11-02,1300,5192433,Faisalabad
VEH001198,Bilal اعوان,12844-3846190-0,Imran اعوان,1955-11-23,2200,8396189,Islamabad
VEH001199,عثمان قریشی,24879-4795712-5,Hussein Quraishi,1976-12-22,1400,5746444,Islamabad
VEH001200,Mohammed بلال Sheikh,27335-1121508-8,Muhammad شیخ,,1200,4105839,Faisalabad
VEH001201,بلال Shaikh,27335-1121508-8,Mohammad Sheikh,1977-10-24,1000,4061629,Faisalabad
VEH001202,Faisal Shaykh,68502-2275295-3,احمد شیخ,1985-06-08,2400,8339074,Lahore
VEH001203,Muhammad بلال Bhatti,29810-9534201-6,Husain بٹ,1979-02-05,2300,8853205,Rawalpindi
VEH001204,Bilal Bhatti,29810-9534501-6,Husain Bhatti,1979-02-05,2400,7771959,Rawalpindi
VEH001205,بلال Bhatti,29810-9534501-6,Mohammed Hussain Bhatti,1979-02-05,2300,8030954,Rawalpindi
VEH001206,Aysha اعوان,10591-3656490-8,Mohammed Hussein اعوان,,1100,4517708,Lahore
VEH001207,Ahmad Quraishi,56481-1166649-5,احمد Quraishi,1972-04-24,4500,17242563,Lahore
VEH001208,Ahmed Quraishi,56481-1166649-5,Ahmed Qureshi,,4500,17719766,Lahore
VEH001209,Husain شیخ,75761-4963902-4,,1999-09-26,1900,6283440,Lahore
VEH001210,Mohammed Hussein Sheikh,,Osman Shaykh,,1900,6996723,Lahore
VEH001211,Mohammad عثمان Syed,68618-3887414-8,Muhammed بلال سید,1967-10-25,1700,5836368,Lahore
VEH001212,احمد شیخ,45851-2462797-4,Faisal Shaikh,1991-03-20,1600,6180014,Lahore
VEH001213,فاطمہ Choudhary,21813-8460708-6,Ali Choudhary,1969-11-04,3500,11834787,Islamabad
VEH001214,Fatima Choudhary,21813-8460708-6,Ali Chaudhry,1969-11-04,3400,13490243,Islamabad
VEH001215,فاطمہ چوہدری,21813-8460708-6,Ali Ch.,1969-11-04,3100,12171147,Islamabad
VEH001216,Ahmed Raja,12591-2451944-7,فیصل Raja,1994-10-07,2200,7875289,Faisalabad
VEH001217,Mohammad احمد راجہ,12591-2451944-7,,1994-10-07,2400,7702760,Faisalabad
VEH001218,Hasan Raja,68803-1180862-2,,1973-09-12,1000,4051012,Rawalpindi
VEH001219,Ahmed خان,54420-4810713-8,Othman Khan,1995-06-16,1200,4187670,Karachi
VEH001220,Muhammed Ali Malik,40730-6390302-9,Faisal Malik,,1700,5752751,Rawalpindi
VEH001221,Mohammed Ali Malik,40730-6390302-9,,1956-01-19,1500,5580153,Rawalpindi
VEH001222,Mohammad علی Malik,40730-6390302-9,فیصل Malick,1956-01-19,1500,5809202,Rawalpindi
VEH001223,Ayisha بٹ,63988-8187437-0,Othman Butt,1957-04-23,4500,15135190,Lahore
VEH001224,Aysha بٹ,63988-8197437-0,Usman Bhatti,1957-04-23,4500,15409920,Lahore
VEH001225,Sana راجہ,13545-7649784-7,حمزہ راجہ,1997-04-01,1700,6041641,Lahore
VEH001226,Sana راجہ,38577-9428560-5,Faisal Raja,1957-07-16,3100,10058750,Rawalpindi
VEH001227,ثناء Raja,38577-9428560-5,Muhammed فیصل Raja,1957-07-16,3200,11201419,Rawalpindi
VEH001228,Sana راجہ,38577-9448560-5,,1957-07-16,3000,11459932,Rawalpindi
VEH001229,Sana Raja,38577-9428560-5,فیصل راجہ,1957-07-16,3100,10994969,Rawalpindi
VEH001230,Hussein Shaykh,90991-9450935-7,بلال Shaykh,1956-12-28,2400,8091860,Faisalabad
VEH001231,عمران Syed,,Faisal Syed,1973-03-01,1900,7101804,Islamabad
VEH001232,ثناء شیخ,54561-8368372-3,Mohammad شیخ,1978-05-20,1000,3336793,Karachi
VEH001233,Hassan راجہ,46429-5116418-0,علی Raja,,1300,5040055,Faisalabad
VEH001234,Muhammad Osman Raja,23494-7368860-4,,2001-11-05,2200,8245940,Faisalabad
VEH001235,Osman راجہ,23494-7368860-4,Faysal راجہ,2001-11-05,2200,7732758,Faisalabad
VEH001236,Osman Khan,16079-2919945-7,Muhammed خان,1993-03-14,3500,14255451,Lahore
VEH001237,Mohammed حمزہ خان,77263-1527567-8,احمد Khan,1984-03-13,1400,5538457,Lahore
VEH001238,Mohammad فیصل Sheikh,21641-2262686-6,,1955-07-19,2300,8328235,Rawalpindi
VEH001239,Faysal Sheikh,21641-2262686-6,Imran Sheikh,1955-07-19,2100,7174375,Rawalpindi
VEH001240,Ayesha Shaykh,61368-3221835-0,عمران Shaikh,1957-09-05,4500,15923219,Rawalpindi
VEH001241,Aisha Shaykh,61368-3221835-0,Imran Shaykh,1957-09-05,4500,14911582,Rawalpindi
VEH001242,Aysha شیخ,61368-3221835-0,عمران Shaikh,1957-09-05,4500,17984084,Rawalpindi
VEH001243,Ayesha شیخ,,Imran Shaykh,1957-09-05,4500,16071972,Rawalpindi
VEH001244,محمد Qureshi,65694-5292319-8,Ahmad قریشی,1999-09-27,1900,6535521,Islamabad
VEH001245,Mohammad Ch.,,Usman Choudhary,2000-10-15,1400,5376177,Rawalpindi
VEH001246,Hussein Syed,35897-3133610-3,بلال سید,1957-07-13,2500,8393510,Rawalpindi
VEH001247,Zaynab مغل,58867-6207848-9,Muhammed حمزہ Moghul,,1000,3568261,Karachi
VEH001248,ثناء Mughal,34791-6783989-6,فیصل Mughal,1992-10-22,2000,7487952,Rawalpindi
VEH001249,Aisha بٹ,43398-9811257-2,Mohammed Bhatti,1988-05-20,2100,7187571,Karachi
VEH001250,حمزہ سید,17826-6116374-3,Muhammad Sayyid,1973-12-19,1100,3729651,Lahore
VEH001251,Muhammad Butt,74323-5322272-1,علی بٹ,1975-04-03,1500,5842226,Lahore
VEH001252,Muhammed Bhatti,74323-5322272-1,علی بٹ,1975-04-03,1600,5593978,Lahore
VEH001253,Mohammed Husain Awan,,Muhammed Hamzah اعوان,1982-01-15,1600,5600199,Islamabad
VEH001254,Fatimah Choudhary,,Othman Chaudhary,1959-10-03,2700,10031625,Islamabad
VEH001255,Fatema Choudhary,10673-8892606-6,,1959-10-03,2700,10938908,Islamabad
VEH001256,فاطمہ Choudhary,10673-8892606-6,Osman Choudhary,1959-10-03,2700,11028692,Islamabad
VEH001257,Fatimah Choudhary,,Usman Chaudhry,1959-10-03,2600,8430134,Islamabad
VEH001258,Zaynab Bhatti,97697-7136189-3,Faysal Butt,1997-02-13,800,2877790,Faisalabad
VEH001259,Ayisha Khan,87048-5124342-0,Hussain خان,1975-05-04,1200,4691120,Islamabad
VEH001260,Ayesha خان,87048-2124342-0,Hussein خان,1975-05-04,1100,3670553,Islamabad
VEH001261,Muhammed Hasan Raja,82703-7699806-4,Mohammad Raja,1997-08-18,3700,12464863,Islamabad
VEH001262,حسن راجہ,,Mohammed Raja,1997-08-18,3600,11563274,Islamabad
VEH001263,Hassan راجہ,82703-7699816-4,Muhammad Raja,1997-08-18,3700,15374858,Islamabad
VEH001264,Hasan راجہ,82703-7699816-4,Mohammed راجہ,1997-08-18,3800,14244140,Islamabad
VEH001265,Hassan Quraishi,36222-1931030-3,فیصل Qureshi,1984-05-09,2200,8891947,Rawalpindi
VEH001266,Hasan Qureshi,,Faisal Qureshi,1984-05-09,2100,7502689,Rawalpindi
VEH001267,بلال Awan,89314-9102857-0,فیصل اعوان,1965-01-22,2500,10045062,Karachi
VEH001268,بلال اعوان,89314-9102857-0,,,2800,10355892,Karachi
VEH001269,Imran خان,62342-5042786-2,,1962-10-21,1700,7030672,Islamabad
VEH001270,Othman Sheikh,49612-2259185-3,حسن Sheikh,1992-06-10,2500,9171807,Lahore
VEH001271,حسن Qureshi,,عمران Quraishi,1955-06-22,1200,4215560,Faisalabad
VEH001272,Fatimah Chaudhary,89128-9037259-3,Ali Ch.,,1400,5034946,Lahore
VEH001273,Mohammed ملک,39878-3939153-8,Hussein ملک,1973-03-07,1000,4015441,Rawalpindi
VEH001274,Mohammad بلال خان,67202-2165010-3,Imran Khan,1969-02-01,1100,4262376,Rawalpindi
VEH001275,Bilal خان,67202-2165010-3,عمران خان,1969-02-01,700,2588848,Rawalpindi
VEH001276,Hasan Ch.,66688-3525773-2,حمزہ Ch.,1983-08-15,1100,3791352,Lahore
VEH001277,Hasan سید,90525-6254488-2,فیصل سید,1987-05-05,700,2904340,Karachi
VEH001278,فیصل ملک,76333-8168054-4,فیصل Malik,2002-10-11,2400,8906277,Islamabad
VEH001279,Hassan Butt,19598-4061044-7,Bilal بٹ,2002-12-06,1900,6963960,Karachi
VEH001280,Hassan Bhatti,19598-4061044-7,بلال بٹ,2002-12-06,2000,8315450,Karachi
VEH001281,Hamzah بٹ,24696-7672159-7,,1999-08-03,2500,10425816,Lahore
VEH001282,فاطمہ Ch.,16641-1995794-9,Ali Choudhary,1981-02-13,2300,8282977,Rawalpindi
VEH001283,Zainab Quraishi,99703-9498791-6,,1976-08-22,1800,5798214,Islamabad
VEH001284,Hussain Sheikh,94277-7898996-0,Ali Shaikh,1957-12-11,1400,5394823,Lahore
VEH001285,Muhammed Mughal,37864-5514997-9,Mohammad Moghul,1992-07-21,2400,8072055,Islamabad
VEH001286,Muhammad Moghul,37864-5514997-9,Mohammed مغل,1992-07-21,2400,8151192,Islamabad
VEH001287,Muhammad Mughal,,Muhammed مغل,,2000,8305029,Islamabad
VEH001288,ثناء اعوان,54123-3564507-8,,1962-04-12,1100,3789931,Lahore
VEH001289,Imran سید,89909-7128711-1,حسین سید,1959-09-14,1000,3752379,Rawalpindi
VEH001290,حسن Khan,26926-6368709-8,بلال خان,1999-09-26,2300,9429882,Faisalabad
VEH001291,Hamza Mughal,13535-3541821-2,Hasan Mughal,1985-11-27,1900,6180390,Faisalabad
VEH001292,عثمان ملک,23076-3595205-9,عمران Malick,1988-11-13,3700,15370805,Faisalabad
VEH001293,Othman ملک,23076-3595205-9,Imran Malick,1988-11-13,3400,11898605,Faisalabad
VEH001294,Muhammad Imran Shaykh,10923-7740917-6,Faisal Shaikh,1957-02-02,1100,4568232,Karachi
VEH001295,Hassan قریشی,,Hassan Quraishi,,1300,4965484,Islamabad
VEH001296,Mohammad Ahmad Butt,73359-1862453-1,Ali Butt,1969-11-26,2200,8476847,Karachi
VEH001297,Maryam Moghul,28628-4394340-4,Hussein مغل,1977-07-17,3800,13068313,Rawalpindi
VEH001298,Maryam Moghul,28628-4894340-4,Mohammad Hussein مغل,1977-07-17,4000,14012859,Rawalpindi
VEH001299,Maryam Moghul,,Muhammed Hussein Mughal,1977-07-17,3800,12514646,Rawalpindi
VEH001300,Marium مغل,28628-4894340-4,حسین Mughal,1977-07-17,3900,15901864,Rawalpindi
VEH001301,ثناء بٹ,65477-8168450-4,Mohammad Butt,1959-07-07,1100,3929792,Karachi
VEH001302,Maryam Sayed,10196-3341257-5,,1970-05-06,4500,16212577,Rawalpindi
VEH001303,مریم Sayed,,Bilal Syed,1970-05-06,4500,17302579,Rawalpindi
VEH001304,Maryam Sayed,10196-3341257-5,بلال Sayyid,1970-05-06,4500,17577751,Rawalpindi
VEH001305,Marium سید,10196-3341257-5,بلال Sayed,1970-05-06,4500,15314945,Rawalpindi
VEH001306,Ali Shaykh,90441-1664676-1,Hassan Sheikh,2001-08-14,1700,5462492,Lahore
VEH001307,بلال Moghul,86368-3649973-2,Muhammad Hamza Mughal,1998-08-13,1400,5712030,Islamabad
VEH001308,Mohammad Hamza Ch.,43120-7059883-4,Bilal Choudhary,2001-12-23,1200,3912542,Lahore
VEH001309,بلال Raja,66074-4320590-3,Ahmed راجہ,1978-05-06,2000,7422663,Karachi
VEH001310,Bilal راجہ,66074-4320590-3,Ahmed راجہ,1978-05-06,2000,8390146,Karachi
VEH001311,Mohammad Quraishi,,,,1300,4189528,Lahore
VEH001312,احمد Butt,84237-3376786-0,,1980-07-08,1500,5169970,Islamabad
VEH001313,Ahmad Butt,84237-3376786-5,Ahmed Butt,1980-07-08,1800,7162807,Islamabad
VEH001314,Mohammed حسن Moghul,39861-3924425-5,Ali Mughal,1988-07-04,4500,14855235,Karachi
VEH001315,Hassan Mughal,39861-3924425-5,Ali Moghul,1988-07-04,4500,16551447,Karachi
VEH001316,حسن Moghul,39861-3924425-5,,1988-07-04,4500,14730354,Karachi
VEH001317,Muhammad Hassan Mughal,39861-3924225-5,,1988-07-04,4500,18133627,Karachi
VEH001318,Osman Sayyid,26546-4639581-4,Muhammed علی Syed,1987-07-10,4500,16744427,Islamabad
VEH001319,Mariam خان,86500-9589914-6,Bilal Khan,1967-05-06,1300,4759466,Lahore
VEH001320,Bilal Mughal,40819-8407668-4,Muhammed بلال Moghul,1982-12-11,700,2508306,Islamabad
VEH001321,Hassan خان,72126-3194438-6,Muhammad Khan,1985-12-06,1100,4336903,Rawalpindi
VEH001322,Mohammad Ali ملک,35750-5997097-7,Muhammad Bilal Malik,1966-06-21,1600,6030858,Islamabad
VEH001323,Mohammed چوہدری,76273-2340899-1,Muhammad Ali Choudhary,1996-07-23,1300,4286341,Rawalpindi
VEH001324,Muhammed Chaudhary,76273-2340899-3,Mohammad علی Chaudhry,1996-07-23,1400,4746483,Rawalpindi
VEH001325,Mohammad Choudhary,76273-2340899-1,,,1700,6261520,Rawalpindi
VEH001326,Mohammad Choudhary,76273-2340899-1,Ali Ch.,1996-07-23,1400,4671522,Rawalpindi
VEH001327,Aysha مغل,98111-1429074-6,Imran Mughal,1969-04-11,1300,4554597,Rawalpindi
VEH001328,Aisha مغل,98111-1429074-6,عمران مغل,1969-04-11,1400,4494584,Rawalpindi
VEH001329,Mohammed خان,15066-3525342-8,عمران خان,1981-07-04,1200,4935015,Islamabad
VEH001330,Muhammed Khan,15066-3525342-8,Imran خان,1981-07-04,1100,4191297,Islamabad
VEH001331,Mohammad Khan,,,1981-07-04,1300,4194235,Islamabad
VEH001332,حمزہ مغل,81243-7411540-0,Ahmed Mughal,1975-08-04,1200,4975980,Karachi
VEH001333,Ayesha چوہدری,,Ali Chaudhary,1974-08-22,2100,7112767,Lahore
VEH001334,Muhammad Osman بٹ,41125-2382462-5,Muhammad Hassan Butt,1976-01-14,2900,12057618,Karachi
VEH001335,حرا Shaikh,63283-5249180-5,Osman شیخ,,3800,15917296,Rawalpindi
VEH001336,Muhammad Bilal اعوان,37290-7134091-5,Mohammad Imran Awan,1973-03-28,4200,17106232,Islamabad
VEH001337,Mohammed Bilal اعوان,37290-7134091-5,Muhammad Imran Awan,1973-03-28,4200,15393611,Islamabad
VEH001338,Ahmed Butt,39161-1085457-6,Muhammed Imran Butt,1996-07-28,1000,3565014,Islamabad
VEH001339,Ayisha خان,63631-1959763-4,احمد Khan,1986-03-18,1900,6966221,Karachi
VEH001340,Hasan Raja,56029-3706798-2,Hassan Raja,1964-09-05,2600,8585514,Karachi
VEH001341,حسن راجہ,56029-3706798-2,حسن راجہ,1964-09-05,2300,7794007,Karachi
VEH001342,Hasan Qureshi,35459-6346637-7,Muhammed علی Qureshi,1965-11-17,1500,6035187,Karachi
VEH001343,Hassan Qureshi,35459-6346637-7,,1965-11-17,1500,5327491,Karachi
VEH001344,Bilal بٹ,74143-1686773-9,Muhammed حمزہ Bhatti,,1800,6689087,Karachi
VEH001345,Bilal Bhatti,,Muhammad Hamzah بٹ,1988-04-01,2000,7773116,Karachi
VEH001346,Faisal اعوان,62756-1200532-5,Osman Awan,1990-06-12,3200,11247023,Islamabad
VEH001347,Faisal اعوان,,Muhammed Usman اعوان,1990-06-12,3200,11504812,Islamabad
VEH001348,Mohammad فیصل اعوان,62756-1230532-5,Usman Awan,1990-06-12,3300,11149738,Islamabad
VEH001349,Mohammed راجہ,85486-1011118-6,Mohammed Faysal Raja,1982-10-21,2100,7306855,Islamabad
VEH001350,فیصل Sayyid,49491-8714700-7,Mohammad علی Sayyid,1975-01-18,900,2962232,Islamabad
VEH001351,Faisal سید,49491-8714700-7,Ali سید,1975-01-18,900,3252621,Islamabad
VEH001352,Hussain Shaykh,71146-1079984-0,Husain Shaykh,1960-08-23,1100,3629882,Lahore
VEH001353,عثمان Choudhary,52942-9968716-5,عثمان Chaudhary,1984-05-28,2000,6964408,Rawalpindi
VEH001354,Ahmed قریشی,33080-7813566-6,Faisal Qureshi,,3700,14436390,Lahore
VEH001355,Ahmed قریشی,33080-7813566-6,فیصل قریشی,1968-08-28,3800,12236088,Lahore
VEH001356,Ahmed Quraishi,33080-7813566-6,Muhammed Faysal قریشی,1968-08-28,3800,12524942,Lahore
VEH001357,Ahmed قریشی,33080-7813566-6,Faysal Quraishi,1968-08-28,3700,15408045,Lahore
VEH001358,Ali قریشی,25874-4869297-9,Ali Quraishi,1987-01-10,1000,3571722,Karachi
VEH001359,Mohammed Usman چوہدری,20858-7460415-7,Muhammad Hamzah Chaudhary,1989-02-10,1400,5382089,Lahore
VEH001360,Usman چوہدری,20858-7460415-7,Hamzah چوہدری,1989-02-10,1500,6151073,Lahore
VEH001361,علی Sheikh,98496-2910542-6,Hamza شیخ,1995-09-22,2200,7448804,Lahore
VEH001362,حرا Sayyid,,Mohammad حسن Sayed,,1100,4500743,Lahore
VEH001363,احمد Shaykh,94819-9600483-5,بلال Sheikh,1969-08-03,900,2907551,Rawalpindi
VEH001364,Bilal قریشی,63835-5365057-8,Mohammad Hamzah قریشی,1987-05-19,1700,6610979,Rawalpindi
VEH001365,Sana Quraishi,98102-1909939-6,علی Qureshi,2003-08-14,3000,9865561,Karachi
VEH001366,Sana Qureshi,98102-1909939-6,علی Quraishi,2003-08-14,3000,10941717,Karachi
VEH001367,ثناء Quraishi,98102-1909939-6,Ali Qureshi,2003-08-14,3200,13365187,Karachi
VEH001368,Sana Qureshi,98102-9909939-6,علی Quraishi,2003-08-14,3100,12588386,Karachi
VEH001369,Faysal Chaudhry,,حسن Ch.,1971-11-09,1500,5338441,Islamabad
VEH001370,حسین Sayyid,34385-3472026-3,Muhammad Husain سید,1986-08-18,3300,11726050,Islamabad
VEH001371,Hussein Sayed,34385-3472026-3,Husain Syed,1986-08-18,3100,11727979,Islamabad
VEH001372,Husain Syed,34385-3452026-3,Hussein سید,,3500,11631553,Islamabad
VEH001373,Husain قریشی,27949-7267637-1,Imran Qureshi,1973-12-21,2600,9473961,Rawalpindi
VEH001374,Hussein قریشی,27949-7267637-1,Imran قریشی,,2400,9253439,Rawalpindi
VEH001375,محمد مغل,18392-7622093-7,Bilal Mughal,2001-08-01,800,3162916,Islamabad
VEH001376,Mohammad علی Raja,10569-2892868-1,,1964-01-27,4500,17333300,Rawalpindi
VEH001377,Ali Raja,10569-2892868-1,Muhammad علی Raja,1964-01-27,4500,15088471,Rawalpindi
VEH001378,علی راجہ,10569-2892868-1,علی Raja,1964-01-27,4500,17109447,Rawalpindi
VEH001379,Ali Raja,10569-2892868-1,علی راجہ,1964-01-27,4500,18247923,Rawalpindi
VEH001380,Imran Bhatti,43177-4414838-3,,1982-08-22,1400,5865182,Lahore
VEH001381,Imran Sheikh,,حسن شیخ,1979-01-28,1500,5350319,Faisalabad
VEH001382,Aysha اعوان,94185-2006874-8,محمد Awan,,2300,9290351,Islamabad
VEH001383,Hussein Bhatti,46942-2030722-4,حسن Butt,1959-06-13,1600,5512886,Karachi
VEH001384,حمزہ Malick,23985-7137334-8,Bilal Malick,1982-09-14,2300,9551754,Rawalpindi
VEH001385,حمزہ Malik,,بلال ملک,1982-09-14,2200,9048450,Rawalpindi
VEH001386,عمران اعوان,80145-8917191-2,Mohammed اعوان,1995-08-25,1900,6128464,Lahore
VEH001387,Hamzah اعوان,25198-3027871-8,حسین اعوان,1963-06-05,1200,4738775,Rawalpindi
VEH001388,Mariam Malik,,Mohammed Faisal ملک,1995-08-04,1400,5062169,Faisalabad
VEH001389,Marium ملک,65993-3018458-9,فیصل Malick,1995-08-04,1400,5603921,Faisalabad
VEH001390,Muhammad Hamza مغل,26670-2480480-9,Ahmed Mughal,2003-05-08,4500,18433024,Lahore
VEH001391,Hamzah مغل,26670-2480480-9,,2003-05-08,4500,16248855,Lahore
VEH001392,Muhammad Ahmed Qureshi,15748-2161701-6,Muhammed علی Qureshi,1981-01-01,1100,3975032,Karachi
VEH001393,عمران مغل,,Mohammed Hamzah Mughal,1990-04-08,1500,5452113,Lahore
VEH001394,مریم Quraishi,28610-6207277-6,Imran Qureshi,1976-05-28,1700,6572024,Lahore
VEH001395,Mariam Quraishi,28610-6207277-6,عمران Qureshi,,1500,5056843,Lahore
VEH001396,Hasan Ch.,95911-4641837-6,Muhammed فیصل چوہدری,2000-04-26,1400,4663038,Islamabad
VEH001397,Muhammed Faysal خان,40151-1828273-4,Hasan Khan,1995-08-14,1000,3687527,Faisalabad
VEH001398,حمزہ Bhatti,55545-4695819-1,Ahmad Butt,1957-06-22,3700,15496035,Rawalpindi
VEH001399,حسن خان,75168-4402469-9,Muhammed Hamza Khan,1994-09-10,1900,6862466,Faisalabad
VEH001400,Hussain شیخ,72176-7848323-5,Muhammad شیخ,2003-12-04,4000,16483299,Rawalpindi
VEH001401,Husain Shaikh,72176-7848323-5,,2003-12-04,3900,15225713,Rawalpindi
VEH001402,حسین Shaikh,72176-7848323-5,Mohammad Shaykh,2003-12-04,4000,13532790,Rawalpindi
VEH001403,Muhammed Husain Shaikh,72176-6848323-5,Muhammed Shaikh,2003-12-04,4200,13959244,Rawalpindi
VEH001404,Hira Malik,72746-7679487-2,Mohammed Imran Malick,1989-04-14,4500,17258941,Faisalabad
VEH001405,حرا Malick,72746-7679487-2,عمران Malik,1989-04-14,4500,17334858,Faisalabad
VEH001406,حرا Malik,72746-7679487-2,Mohammed Imran Malik,1989-04-14,4500,16586323,Faisalabad
VEH001407,حرا Malick,,Imran Malik,1989-04-14,4500,16462758,Faisalabad
VEH001408,Faisal Chaudhry,21223-7629911-9,,,1900,6970578,Rawalpindi
VEH001409,حمزہ بٹ,41698-6335805-9,عمران بٹ,1961-03-11,3300,12598767,Faisalabad
VEH001410,Hamzah Bhatti,,Mohammad عمران Bhatti,1961-03-11,3300,11752014,Faisalabad
VEH001411,علی Mughal,55995-2557136-8,Muhammed Imran Moghul,1983-02-21,2300,9582663,Islamabad
VEH001412,Muhammad Malik,91993-1606142-7,Hussain Malik,1965-10-25,3400,11540045,Faisalabad
VEH001413,Muhammed ملک,91993-1606142-7,Hussain ملک,1965-10-25,3200,12474431,Faisalabad
VEH001414,Mohammed Malik,91993-1606142-7,Mohammad حسین Malick,1965-10-25,3400,12279515,Faisalabad
VEH001415,Mohammad Malik,,,,3300,11279822,Faisalabad
VEH001416,Ahmed بٹ,81954-8026853-5,عمران Butt,1967-11-24,3700,14859966,Rawalpindi
VEH001417,Ahmad Butt,81954-8026853-5,عمران Bhatti,1967-11-24,4000,13027367,Rawalpindi
VEH001418,Ahmed Bhatti,81954-8026853-5,Imran Bhatti,,3700,12155675,Rawalpindi
VEH001419,Ahmed Butt,81954-8026853-5,Muhammed Imran Bhatti,1967-11-24,3700,14276041,Rawalpindi
VEH001420,علی خان,,Muhammad خان,1987-10-10,1400,5353623,Rawalpindi
VEH001421,Sana راجہ,49422-5091208-6,Muhammad فیصل راجہ,1999-06-28,1000,3367013,Lahore
VEH001422,Ahmed Quraishi,93365-1081630-4,Othman Quraishi,1956-11-06,2600,9499165,Karachi
VEH001423,Ahmed قریشی,93365-1081630-4,عثمان Qureshi,1956-11-06,2700,10252066,Karachi
VEH001424,Ali Raja,31009-6770456-1,Muhammad راجہ,1988-06-16,1200,4944636,Rawalpindi
VEH001425,Hira Butt,50981-4689637-7,Mohammad Butt,2003-07-05,1100,3763569,Islamabad
VEH001426,Muhammad Bilal اعوان,67968-5197320-6,Ahmad اعوان,1963-02-22,1300,4822989,Lahore
VEH001427,بلال اعوان,67968-5197320-6,Ahmed اعوان,1963-02-22,1000,3655588,Lahore
VEH001428,Mariam Shaykh,91452-1993391-6,,1969-02-20,4500,14465108,Karachi
VEH001429,مریم شیخ,91452-1993391-6,Mohammed Faisal Shaykh,,4500,15442252,Karachi
VEH001430,مریم شیخ,91452-1993391-6,Faisal شیخ,,4500,16775713,Karachi
VEH001431,Mariam Sheikh,91452-1993391-6,Mohammed Faysal Sheikh,,4500,15443686,Karachi
VEH001432,فیصل Mughal,67124-9289149-0,Mohammad Husain مغل,1976-01-23,1600,6195240,Islamabad
VEH001433,Mohammed شیخ,83460-9294106-8,Faysal Sheikh,1957-04-24,1000,3868421,Rawalpindi
VEH001434,Ali Mughal,62398-8593184-6,Mohammed Mughal,1970-11-25,1900,7458451,Islamabad
VEH001435,علی Moghul,62398-8593184-6,Mohammad Mughal,,1900,6100892,Islamabad
VEH001436,Hussein Sayed,49006-2154396-8,Ali Syed,1970-07-18,2900,10717810,Rawalpindi
VEH001437,Mohammad Husain Syed,49006-2158396-8,Ali Sayed,1970-07-18,2500,8287735,Rawalpindi
VEH001438,Ali Sheikh,40804-9982809-8,,1978-04-06,2500,9530349,Karachi
VEH001439,Muhammed عمران Mughal,33632-4635481-7,محمد Moghul,1988-06-03,1500,5121843,Islamabad
VEH001440,Mohammad Imran Mughal,33632-4635481-7,محمد Mughal,1988-06-03,1600,5998467,Islamabad
VEH001441,Faysal Shaykh,75341-2312772-3,,1983-12-22,3500,12360186,Rawalpindi
VEH001442,Fatima Sayyid,56448-7724174-1,Mohammad Ali Sayyid,,1100,4326941,Lahore
VEH001443,Mohammad Shaykh,95888-5843410-6,Ahmad شیخ,1974-05-26,1400,4821286,Lahore
VEH001444,Othman Shaykh,,بلال Sheikh,1989-12-14,1800,6265885,Islamabad
VEH001445,Bilal Raja,10391-1474909-4,عمران Raja,1969-08-22,1100,4278579,Faisalabad
VEH001446,فاطمہ Sheikh,,Muhammad عمران Shaikh,1967-01-03,1300,5270575,Faisalabad
VEH001447,Hira Mughal,72974-6614760-7,عمران Moghul,1994-12-26,2000,6996382,Rawalpindi
VEH001448,Hira Mughal,,عمران Mughal,1994-12-26,1800,6651809,Rawalpindi
VEH001449,Ayesha Malik,63637-6632977-6,عثمان ملک,1988-12-04,1200,4864669,Islamabad
VEH001450,Zaynab قریشی,64318-2734021-6,فیصل Qureshi,1974-10-14,4300,17500396,Rawalpindi
VEH001451,Zaynab Quraishi,64318-2734021-6,فیصل Qureshi,,4400,17897596,Rawalpindi
VEH001452,زینب Qureshi,64318-2734021-6,فیصل قریشی,1974-10-14,4400,17812994,Rawalpindi
VEH001453,Ahmed مغل,87329-1898452-6,عمران Mughal,1965-12-02,1200,4403232,Lahore
VEH001454,Ahmed مغل,82329-1898452-6,عمران مغل,1965-12-02,1000,3540995,Lahore
VEH001455,Muhammad حمزہ Malick,55620-4162926-2,,1979-04-26,1500,4922223,Rawalpindi
VEH001456,Faysal قریشی,77618-6585274-8,حسن قریشی,1976-12-14,2800,11063291,Islamabad
VEH001457,Osman بٹ,82726-5222642-5,Muhammad حسن Butt,1961-06-13,1300,4643541,Karachi
VEH001458,Muhammad اعوان,78329-6665244-9,Mohammed Awan,1996-10-14,1000,3432969,Faisalabad
VEH001459,Mohammad Awan,78329-6665244-9,,1996-10-14,1000,3438963,Faisalabad
VEH001460,Marium Chaudhary,64858-7718605-8,Ahmad Chaudhary,1959-04-07,4500,15480582,Islamabad
VEH001461,مریم Choudhary,64858-7718605-8,Ahmad Chaudhry,1959-04-07,4500,16724334,Islamabad
VEH001462,Mariam Chaudhry,64858-7718605-8,Ahmad چوہدری,1959-04-07,4500,17548450,Islamabad
VEH001463,مریم Choudhary,64858-7718605-8,Mohammad Ahmed Chaudhary,1959-04-07,4500,14533352,Islamabad
VEH001464,Maryam خان,25862-9033296-3,حسین Khan,1955-12-06,1300,5430533,Rawalpindi
VEH001465,Ahmad راجہ,48035-5503935-2,Hussain Raja,2003-09-28,1500,5825641,Karachi
VEH001466,Hira ملک,45909-1135297-9,Muhammad Faysal Malick,1973-02-10,1000,3225680,Islamabad
VEH001467,Mohammed Shaikh,60099-7402264-6,Faisal Sheikh,1997-07-20,2400,7951218,Lahore
VEH001468,Hasan چوہدری,22225-5195115-1,احمد Choudhary,1995-09-26,4500,16800027,Faisalabad
VEH001469,Hasan Choudhary,,احمد Choudhary,1995-09-26,4500,16241386,Faisalabad
VEH001470,Mohammed Hassan Chaudhry,,Muhammed احمد Chaudhry,1995-09-26,4500,15971101,Faisalabad
VEH001471,Hasan Choudhary,,Mohammed Ahmad چوہدری,1995-09-26,4500,18865244,Faisalabad
VEH001472,بلال Ch.,98414-9680402-8,Muhammad Faisal Choudhary,1969-04-09,1700,6523097,Lahore
VEH001473,Muhammed بلال Chaudhry,98414-9680402-8,فیصل Choudhary,1969-04-09,1900,7202146,Lahore
VEH001474,Marium Moghul,76549-8293346-5,Hussain Moghul,1966-05-08,1300,4942530,Islamabad
VEH001475,بلال Moghul,53223-6763400-0,Hamza Moghul,1972-04-11,2700,8737367,Lahore
VEH001476,Muhammad Bilal Moghul,53223-6763400-0,Muhammad Hamza Mughal,1972-04-11,3000,12347255,Lahore
VEH001477,بلال مغل,53223-6763400-0,حمزہ Mughal,1972-04-11,2800,9622190,Lahore
VEH001478,Muhammad Hamza Malik,72971-7014574-6,Bilal Malik,2001-06-01,1900,7539736,Islamabad
VEH001479,Muhammed حمزہ Malick,72971-7014574-6,بلال Malik,2001-06-01,1900,6221363,Islamabad
VEH001480,Imran Raja,,,1997-05-09,1200,4411376,Rawalpindi
VEH001481,Muhammed Bilal Ch.,99129-5718741-3,Faisal Ch.,1971-07-17,1500,6053039,Islamabad
VEH001482,حسن Malick,98377-3525628-3,Muhammed Hassan ملک,1978-08-22,2400,8920302,Faisalabad
VEH001483,Bilal چوہدری,80540-6253981-0,Imran چوہدری,1994-09-20,2500,10346553,Rawalpindi
VEH001484,Hamza اعوان,41460-8989280-6,Hamzah Awan,1981-09-16,1200,4126494,Islamabad
VEH001485,Mohammad اعوان,,فیصل اعوان,1983-06-07,2300,7497869,Rawalpindi
VEH001486,Mohammed اعوان,56490-2350852-4,Faisal Awan,1983-06-07,2100,6835528,Rawalpindi
VEH001487,Mohammed Awan,56490-2350852-4,فیصل اعوان,1983-06-07,2400,9278044,Rawalpindi
VEH001488,Mohammad Butt,84792-2320054-1,Muhammed Bhatti,2002-04-27,2700,8879399,Rawalpindi
VEH001489,Bilal Malik,88361-9419884-9,Faysal ملک,2002-07-27,1600,5610624,Karachi
VEH001490,Hussein Shaikh,10473-4027962-9,,1986-07-10,3400,12303668,Lahore
VEH001491,Hussain Shaikh,10473-4027962-9,Ali شیخ,1986-07-10,3500,12564746,Lahore
VEH001492,Hussein Shaykh,10473-4027962-9,Ali Shaykh,1986-07-10,3400,13467768,Lahore
VEH001493,مریم Khan,50708-8567652-3,Muhammad حسن خان,1990-10-27,1400,5150161,Islamabad
VEH001494,Muhammad Hasan Raja,56838-2377186-8,بلال Raja,1981-05-28,3200,12532923,Rawalpindi
VEH001495,Hasan راجہ,56838-2377186-8,Bilal راجہ,1981-05-28,3200,11989986,Rawalpindi
VEH001496,عثمان مغل,85672-9766338-4,Ahmed مغل,1965-09-13,1000,3383909,Faisalabad
VEH001497,Usman مغل,85672-9766338-4,Muhammad احمد Moghul,,1000,3719578,Faisalabad
VEH001498,حسن خان,39288-1654167-3,محمد Khan,1974-05-01,1500,5307929,Karachi
VEH001499,عثمان Butt,34086-2648873-2,بلال Butt,1994-10-09,1600,5274594,Karachi
VEH001500,Osman Butt,34086-2644873-2,بلال Butt,1994-10-09,1300,5444765,Karachi
VEH001501,احمد Mughal,64965-2755593-6,,1999-10-03,1100,4588179,Karachi
VEH001502,Hassan راجہ,28972-6866122-1,Husain راجہ,1976-03-23,1300,4648627,Rawalpindi
VEH001503,Aysha Bhatti,97216-8503048-1,Faysal بٹ,1994-01-07,2100,7056763,Rawalpindi
VEH001504,Ayesha Bhatti,97216-8503048-1,,1994-01-07,1900,6625075,Rawalpindi
VEH001505,Husain راجہ,42229-3826766-9,Husain Raja,1974-02-19,2100,7776632,Faisalabad
VEH001506,Muhammad Husain راجہ,42229-3826766-9,Husain راجہ,1974-02-19,1800,7359994,Faisalabad
VEH001507,Mohammed Hussain Raja,42229-3826766-9,,1974-02-19,1900,7918916,Faisalabad
VEH001508,Mohammed Husain اعوان,,Mohammed حسین Awan,1983-03-18,2800,10562936,Faisalabad
VEH001509,Muhammed Ali Raja,10211-2858631-8,Hassan راجہ,1964-04-12,2000,7146125,Lahore
VEH001510,علی Raja,,حسن Raja,1964-04-12,2100,7412376,Lahore
VEH001511,Bilal Raja,73564-7870380-7,عمران Raja,1956-10-13,2200,7307827,Islamabad
VEH001512,Hamza Qureshi,88603-3661549-8,Faisal Qureshi,1986-05-18,1700,5930796,Islamabad
VEH001513,Hamzah قریشی,,فیصل قریشی,1986-05-18,1700,6832062,Islamabad
VEH001514,Mohammed Faisal Moghul,43708-6614414-3,Husain Mughal,1994-07-12,2200,7513597,Rawalpindi
VEH001515,Faysal Moghul,43708-6614414-3,Mohammed حسین Mughal,,2400,8783628,Rawalpindi
VEH001516,Othman بٹ,,Mohammad Faysal Bhatti,1964-07-02,1800,7375475,Islamabad
VEH001517,Marium بٹ,74981-3282255-0,Othman Butt,2002-04-13,2300,8810501,Rawalpindi
VEH001518,Muhammad احمد Bhatti,54440-4456251-1,Bilal Bhatti,1972-10-18,1700,6251239,Faisalabad
VEH001519,بلال مغل,10350-5456556-9,Mohammed مغل,1986-07-23,700,2537771,Lahore
VEH001520,Maryam Khan,44405-2972292-3,بلال خان,1965-04-07,3300,12661262,Lahore
VEH001521,Marium Khan,44405-2972292-3,,1965-04-07,3500,11553900,Lahore
VEH001522,Mariam خان,44405-2972292-3,Bilal Khan,1965-04-07,3700,12640078,Lahore
VEH001523,حمزہ Moghul,48121-3088521-8,Muhammad Othman Mughal,2000-06-19,1300,4724858,Rawalpindi
VEH001524,Muhammad Hamza Bhatti,14860-3057913-7,,1967-10-27,1700,5786416,Islamabad
VEH001525,Hamza Raja,79337-6244575-5,احمد راجہ,1980-12-05,3400,11976494,Rawalpindi
VEH001526,حمزہ Raja,79337-6244575-5,,1980-12-05,3500,12676517,Rawalpindi
VEH001527,عمران Moghul,62665-5194080-5,Hassan Mughal,1982-08-08,1000,3866386,Rawalpindi
VEH001528,عمران Mughal,62665-5194082-5,حسن Mughal,1982-08-08,900,3395824,Rawalpindi
VEH001529,عمران Mughal,74100-1969604-7,علی مغل,1963-09-18,2400,9330502,Rawalpindi
VEH001530,حمزہ بٹ,66651-7797936-3,عثمان Butt,1985-12-25,1200,4981215,Faisalabad
VEH001531,مریم ملک,12929-4288623-0,Mohammed ملک,1984-11-24,1000,3591300,Islamabad
VEH001532,Zaynab Raja,13301-9617888-2,Othman راجہ,1966-11-14,2300,8673145,Lahore
VEH001533,حمزہ Malik,97917-3257862-2,,1959-05-22,2400,7841990,Islamabad
VEH001534,عائشہ Raja,59442-3412314-9,عثمان راجہ,1955-08-14,2100,6982974,Lahore
VEH001535,Bilal شیخ,29304-1701231-4,عمران Shaikh,1988-09-13,3000,11330223,Karachi
VEH001536,Ahmad راجہ,15861-4794808-2,,1974-11-11,1400,5643421,Rawalpindi
VEH001537,Ahmad Raja,15861-4794808-2,Muhammed بلال راجہ,1974-11-11,1400,4812642,Rawalpindi
VEH001538,Maryam بٹ,90330-2397786-6,Muhammad Butt,1975-12-22,2200,7507471,Karachi
VEH001539,Bilal بٹ,83997-9162832-0,حسن Butt,1974-03-11,4500,18032605,Faisalabad
VEH001540,Bilal بٹ,83997-9162832-0,Hasan Bhatti,,4500,18218245,Faisalabad
VEH001541,Bilal بٹ,83997-9162832-0,,1974-03-11,4500,14858463,Faisalabad
VEH001542,Bilal بٹ,83990-9162832-0,حسن بٹ,1974-03-11,4500,18311478,Faisalabad
VEH001543,عثمان Moghul,74589-9270231-1,Hamza Mughal,1999-01-07,1200,4786584,Rawalpindi
VEH001544,Othman Moghul,74589-9770231-1,Mohammed Hamzah مغل,1999-01-07,1200,3967312,Rawalpindi
VEH001545,عائشہ مغل,26982-5255527-6,Muhammed مغل,1976-02-13,1300,5365509,Islamabad
VEH001546,Aisha Mughal,26982-5255527-6,Muhammed Mughal,1976-02-13,800,3334357,Islamabad
VEH001547,Mohammad Sayed,50653-6445840-9,حمزہ Syed,1998-11-22,3000,11760296,Islamabad
VEH001548,Muhammad Syed,50653-6445840-9,Hamzah سید,1998-11-22,2700,9450299,Islamabad
VEH001549,زینب Qureshi,49609-5712823-8,Muhammed Quraishi,,1800,6001072,Karachi
VEH001550,Faisal بٹ,25383-2764731-1,محمد Bhatti,1985-10-16,1000,3661732,Rawalpindi
VEH001551,حسین Qureshi,70468-3514200-8,Faisal قریشی,1984-03-06,1700,6088274,Rawalpindi
VEH001552,بلال خان,87349-4053391-6,احمد Khan,1968-09-05,2900,9809242,Rawalpindi
VEH001553,Muhammad Hassan چوہدری,28756-4618428-9,Muhammad Faisal چوہدری,1969-05-09,1500,5228066,Lahore
VEH001554,Muhammad حسن چوہدری,28756-4618428-9,فیصل Chaudhary,1969-05-09,1600,5188113,Lahore
VEH001555,Zaynab Sheikh,21841-3290763-8,Othman شیخ,1970-08-23,2200,8808049,Faisalabad
VEH001556,Zaynab Bhatti,54083-5819564-8,Hamza Butt,,1500,5684105,Faisalabad
VEH001557,Muhammad Husain شیخ,50765-3402037-8,محمد Sheikh,1975-04-15,2000,7409887,Islamabad
VEH001558,Osman قریشی,,Mohammed عمران Qureshi,1995-08-18,700,2731956,Karachi
VEH001559,Muhammad Shaikh,50923-6678674-1,Ali Shaikh,1956-03-22,1400,5732910,Faisalabad
VEH001560,Zainab Butt,40121-7681408-0,Hamzah بٹ,,2200,9115618,Lahore
VEH001561,Mohammad بلال Khan,53984-8473146-9,Ali Khan,1969-03-13,1000,3427073,Karachi
VEH001562,بلال Khan,53984-8473146-9,Ali Khan,1969-03-13,1300,4765451,Karachi
VEH001563,Ali Bhatti,41224-7912974-2,Muhammad Bilal Butt,1963-06-20,4500,18655173,Faisalabad
VEH001564,Ali Bhatti,,بلال Butt,,4500,15242097,Faisalabad
VEH001565,علی Butt,41224-7912974-2,Mohammad Bilal بٹ,1963-06-20,4500,17343951,Faisalabad
VEH001566,احمد Shaikh,71581-8541891-3,,2000-08-16,2100,7059624,Islamabad
VEH001567,بلال Bhatti,98650-1721598-2,Muhammad Faysal Bhatti,1991-01-25,2400,9280835,Lahore
VEH001568,Hussein Shaikh,86176-8025655-0,محمد Sheikh,2001-01-19,900,3234265,Islamabad
VEH001569,Hira Qureshi,72636-7965894-2,Husain Qureshi,1965-07-13,4200,15439223,Rawalpindi
VEH001570,حرا Qureshi,72636-7965894-2,حسین Qureshi,1965-07-13,4500,16556881,Rawalpindi
VEH001571,Hira قریشی,72636-7965894-2,Mohammad Hussain Qureshi,1965-07-13,4100,13993713,Rawalpindi
VEH001572,حرا Qureshi,72636-7965894-2,Muhammad حسین Qureshi,1965-07-13,4100,15800237,Rawalpindi
VEH001573,Mohammad Husain Khan,29439-8830949-3,احمد خان,2000-02-25,4100,13596167,Karachi
VEH001574,Hussein خان,29439-8830949-3,Ahmed خان,2000-02-25,3800,12400269,Karachi
VEH001575,Husain خان,29439-8830949-3,Muhammed Ahmed Khan,2000-02-25,3800,14863248,Karachi
VEH001576,Husain خان,29439-8830949-3,Ahmad خان,2000-02-25,3800,15275840,Karachi
VEH001577,زینب Malick,,Muhammed Malick,1955-11-03,1400,4826395,Islamabad
VEH001578,حسین Awan,52525-1177801-0,,1964-10-19,1400,5371963,Lahore
VEH001579,Mohammed Usman Butt,33073-5170552-1,,,1600,6514931,Karachi
VEH001580,Osman Bhatti,33073-5170552-1,Bilal Bhatti,,1800,7473634,Karachi
VEH001581,Muhammad Imran ملک,11581-9076583-3,Husain Malick,1976-04-21,2300,9046726,Lahore
VEH001582,عمران ملک,12581-9076583-3,Husain Malick,1976-04-21,2400,9392869,Lahore
VEH001583,عمران Malik,12581-9076583-3,Hussein Malik,1976-04-21,2400,7779366,Lahore
VEH001584,حسن Awan,41683-4861301-5,,1975-02-13,1700,6719092,Lahore
VEH001585,Hassan Awan,41683-4861301-5,محمد اعوان,1975-02-13,1600,6110224,Lahore
VEH001586,Muhammad عثمان قریشی,,,1986-09-03,2400,9859676,Karachi
VEH001587,Othman Quraishi,52040-4901880-8,Muhammed قریشی,1986-09-03,2300,9233504,Karachi
VEH001588,Usman Quraishi,52040-4901880-8,Mohammed Quraishi,1986-09-03,2400,8468899,Karachi
VEH001589,عثمان اعوان,,Imran Awan,1995-11-05,4400,18139445,Karachi
VEH001590,Osman اعوان,66654-4869062-2,عمران اعوان,1995-11-05,4200,15269681,Karachi
VEH001591,Ayesha قریشی,30164-1918300-5,,1990-11-13,2300,8837658,Karachi
VEH001592,ثناء اعوان,50417-4185111-3,بلال اعوان,1956-09-02,1700,5917029,Rawalpindi
VEH001593,Imran مغل,46837-7555515-1,,1970-09-17,1200,4084707,Lahore
VEH001594,Bilal راجہ,59832-9030128-2,عمران راجہ,1957-01-16,4500,16690572,Faisalabad
VEH001595,بلال راجہ,59832-9030128-2,Imran Raja,1957-01-16,4500,15777845,Faisalabad
VEH001596,محمد راجہ,68645-3589358-3,Muhammed حمزہ Raja,1968-06-14,1200,4222470,Karachi
VEH001597,Maryam Raja,,Ahmad Raja,1990-06-25,4500,15566931,Faisalabad
VEH001598,مریم Raja,64769-8540358-5,Muhammed Ahmad راجہ,1990-06-25,4500,18288039,Faisalabad
VEH001599,مریم Raja,,Ahmad Raja,1990-06-25,4500,15967498,Faisalabad
VEH001600,Mariam راجہ,64769-8540358-5,,1990-06-25,4500,15536563,Faisalabad
VEH001601,عثمان Bhatti,13116-1969781-5,Hussain Bhatti,1992-01-17,1500,5881071,Islamabad
VEH001602,فیصل اعوان,41051-9731339-8,Mohammed Hamzah اعوان,1963-05-13,1500,5252347,Rawalpindi
VEH001603,بلال خان,26697-5191144-0,Ali Khan,1969-05-02,1100,4289773,Karachi
VEH001604,Imran خان,64108-7753616-6,Mohammed خان,2000-09-26,2400,9846812,Islamabad
VEH001605,عمران Khan,64108-7753616-6,Mohammad خان,2000-09-26,2700,9081130,Islamabad
VEH001606,Imran خان,64108-7753616-6,Muhammed خان,,2500,9939626,Islamabad
VEH001607,Hamzah Raja,46098-9152287-9,محمد راجہ,1992-09-13,1300,4347506,Faisalabad
VEH001608,Aysha Sayed,44562-8620212-1,عمران سید,1991-12-04,4200,14622613,Karachi
VEH001609,Ayesha Sayed,44562-8620212-1,Imran Sayed,1991-12-04,4200,15169088,Karachi
VEH001610,Ayesha سید,48562-8620212-1,Mohammed عمران Sayyid,1991-12-04,3800,13973721,Karachi
VEH001611,عائشہ Sayyid,,Imran Syed,1991-12-04,3900,13987982,Karachi
VEH001612,Muhammad Hamzah Quraishi,17163-8633531-4,,,3200,11531275,Rawalpindi
VEH001613,Hamza قریشی,17163-8633531-4,Mohammed Quraishi,,2900,11593916,Rawalpindi
VEH001614,Mohammed حمزہ قریشی,,Mohammed Qureshi,1969-04-28,2800,10506804,Rawalpindi
VEH001615,Hamzah Bhatti,70801-6038426-8,,1995-11-19,1500,5599063,Faisalabad
VEH001616,Mohammed Hamza بٹ,,Muhammad Bilal Bhatti,1995-11-19,1300,4747219,Faisalabad
VEH001617,عمران Malik,95148-5134851-6,Ahmad ملک,,1500,5204189,Rawalpindi
VEH001618,Hamza Awan,51051-6199969-9,Mohammad Hassan Awan,1967-01-15,4500,18593420,Lahore
VEH001619,Hamzah Awan,51051-6199969-9,Muhammad Hasan Awan,1967-01-15,4500,14885623,Lahore
VEH001620,Mohammad احمد Awan,65459-1873603-0,Hussain Awan,1994-01-06,2000,7475580,Karachi
VEH001621,احمد قریشی,65426-8511812-4,Hassan Qureshi,1969-04-22,1800,6894184,Islamabad
VEH001622,احمد قریشی,65426-8511812-4,حسن Quraishi,1969-04-22,2000,7863963,Islamabad
VEH001623,Faysal Sayed,31202-4838824-9,Ahmed Syed,1985-11-01,4500,15562159,Islamabad
VEH001624,Faisal Syed,31202-1838824-9,Muhammad Ahmad سید,1985-11-01,4500,16371069,Islamabad
VEH001625,فیصل Sayed,,Ahmed Sayyid,1985-11-01,4500,15240032,Islamabad
VEH001626,فیصل Sayed,,Mohammad Ahmad سید,1985-11-01,4500,16891412,Islamabad
VEH001627,Mohammed Hassan Khan,90896-4021783-6,بلال خان,1977-04-24,900,3171067,Karachi
VEH001628,Hira Syed,97003-2551704-4,احمد Sayed,1970-05-19,1600,6371308,Faisalabad
VEH001629,عثمان Bhatti,62513-4520162-9,Mohammad Imran Bhatti,1999-10-15,4500,18096880,Rawalpindi
VEH001630,Muhammad Osman بٹ,,Muhammed عمران بٹ,1999-10-15,4500,14455031,Rawalpindi
VEH001631,Othman Butt,62513-4500162-9,,1999-10-15,4500,17913888,Rawalpindi
VEH001632,Osman Awan,88551-4981854-4,Ali اعوان,1985-12-27,3900,13094283,Karachi
VEH001633,Othman اعوان,88551-4981854-4,Ali Awan,1985-12-27,3800,13988021,Karachi
VEH001634,Mohammed Khan,97454-1929168-1,Osman Khan,1982-02-14,1200,4330427,Karachi
VEH001635,Hasan راجہ,85099-1859563-8,Mohammed Bilal Raja,1985-03-07,1600,6323145,Islamabad
VEH001636,Ahmad خان,79366-3094953-7,Mohammed حمزہ Khan,1995-04-21,3000,9857170,Islamabad
VEH001637,Mohammad Ahmad Khan,79366-3094953-7,حمزہ Khan,1995-04-21,3100,11595489,Islamabad
VEH001638,Othman سید,28153-3121398-1,Imran سید,1990-03-05,1000,4093907,Karachi
VEH001639,Sana Chaudhary,,Hamza Ch.,1982-05-01,3300,12360732,Rawalpindi
VEH001640,عمران Butt,81057-8298194-8,Mohammad Ahmad Bhatti,1962-02-10,1600,6194583,Lahore
VEH001641,Muhammad Imran Butt,,احمد Butt,1962-02-10,1600,5461529,Lahore
VEH001642,بلال بٹ,78123-1411407-5,عمران Bhatti,1986-08-03,2200,8638215,Karachi
VEH001643,Hassan قریشی,19497-9978954-0,,1994-06-12,2100,6910172,Faisalabad
VEH001644,Muhammad عثمان Sayed,23641-2734933-2,Osman Sayyid,1990-05-24,900,2998294,Rawalpindi
VEH001645,Zaynab Butt,29575-4085195-0,Mohammed حمزہ Butt,1963-01-03,2200,7679737,Faisalabad
VEH001646,Hassan Syed,,Osman Sayed,1957-03-24,1700,5875995,Karachi
VEH001647,Hassan سید,27647-3164293-3,Mohammad Othman Sayed,1957-03-24,1700,6431296,Karachi
VEH001648,Hassan سید,,عثمان Sayyid,1957-03-24,1900,7958234,Karachi
VEH001649,Mariam Bhatti,,Muhammad Bhatti,1992-03-10,1300,5118044,Lahore
VEH001650,Usman Qureshi,67069-4046155-7,حمزہ Qureshi,2000-09-18,1100,3581143,Faisalabad
VEH001651,Ayesha Chaudhary,46223-9917496-9,,1970-01-09,3400,12579534,Karachi
VEH001652,Ayisha Chaudhary,46223-9917496-9,Muhammed Choudhary,1970-01-09,3600,12134719,Karachi
VEH001653,عائشہ Choudhary,46223-9917496-9,Mohammed Ch.,1970-01-09,3600,11612451,Karachi
VEH001654,عائشہ Ch.,,Muhammed Ch.,1970-01-09,3600,13925278,Karachi
VEH001655,Faisal Awan,66592-2130901-4,,1966-10-08,1400,5791277,Karachi
VEH001656,Mohammad Ahmad Chaudhary,17401-6124603-5,حمزہ Ch.,1981-03-15,4000,14936037,Rawalpindi
VEH001657,علی ملک,59665-9752470-9,Bilal Malik,1958-01-17,2200,9189624,Lahore
VEH001658,Ali Malick,59665-9752470-9,بلال Malik,1958-01-17,2300,8879302,Lahore
VEH001659,علی Malik,,Bilal ملک,,2200,7461677,Lahore
VEH001660,Ali Raja,86901-4813147-0,Hamza راجہ,1972-07-04,3200,13419743,Faisalabad
VEH001661,فیصل مغل,71150-2763831-5,Muhammad Bilal Mughal,1958-04-07,1800,5832564,Rawalpindi
VEH001662,Fatimah Awan,90671-5986002-4,Mohammed Osman Awan,1984-11-21,1300,5050968,Faisalabad
VEH001663,Fatima Awan,90671-5986002-4,عثمان اعوان,1984-11-21,1200,4665338,Faisalabad
VEH001664,Mohammad Hussain ملک,62820-3858105-6,Ali ملک,1979-11-25,1800,6637803,Karachi
VEH001665,Hamza Qureshi,59599-9001915-8,حسین Qureshi,1968-05-22,1700,6160252,Rawalpindi
VEH001666,Hamza Raja,60843-3629362-2,حسن Raja,1967-12-23,1200,4545300,Faisalabad
VEH001667,Ahmed Ch.,44795-7047367-9,,1985-07-04,1500,5704781,Rawalpindi
VEH001668,Ahmed Chaudhry,44795-7047367-9,Husain Chaudhary,,1200,4250815,Rawalpindi
VEH001669,فیصل ملک,98735-1239396-6,Othman ملک,1956-08-24,1400,5786496,Lahore
VEH001670,Mohammad حسین سید,,Mohammad بلال Sayyid,1991-07-24,1300,5213373,Karachi
VEH001671,بلال Mughal,,Muhammad مغل,1991-08-12,1600,5533111,Karachi
VEH001672,عائشہ اعوان,66579-8754886-0,Mohammad Ahmed Awan,,1100,3736525,Faisalabad
VEH001673,Ayesha اعوان,66579-8754886-0,احمد Awan,1976-11-04,1200,4057435,Faisalabad
VEH001674,Muhammed Hasan چوہدری,93256-2217490-9,Mohammad علی Ch.,1991-07-26,1700,6804499,Faisalabad
VEH001675,Ahmad خان,13262-9059505-1,علی Khan,1966-07-02,4500,18442762,Islamabad
VEH001676,احمد Khan,18262-9059505-1,Ali Khan,1966-07-02,4500,15882586,Islamabad
VEH001677,Ahmad خان,,,,4500,15961498,Islamabad
VEH001678,Ahmed Khan,13262-9059505-1,,1966-07-02,4500,16948939,Islamabad
VEH001679,Hamzah Raja,31825-3437617-0,Muhammad بلال Raja,1967-03-06,700,2702228,Faisalabad
VEH001680,حمزہ راجہ,31825-3437617-0,Bilal Raja,1967-03-06,800,2963106,Faisalabad
VEH001681,Hamza Raja,31825-3437617-0,بلال Raja,1967-03-06,800,3354602,Faisalabad
VEH001682,احمد Shaikh,48159-5345035-6,Mohammed Bilal Sheikh,1978-09-19,2200,9092219,Rawalpindi
VEH001683,حمزہ Sayed,65651-1326358-6,Hussain Syed,1983-03-23,2400,9924261,Karachi
VEH001684,Mohammed Bilal بٹ,13518-1021974-5,Hassan بٹ,1986-02-21,1500,6089750,Karachi
VEH001685,Mohammed Bilal Sayed,11386-4376662-1,,1979-05-16,2200,7972797,Faisalabad
VEH001686,Bilal Sayyid,11386-4376662-1,,1979-05-16,2100,6954447,Faisalabad
VEH001687,Muhammad Ahmad Sheikh,26149-3922594-4,Muhammed Ali Shaikh,1990-11-12,1700,6792937,Rawalpindi
VEH001688,Hamza بٹ,39633-4773789-6,عمران Butt,1992-06-24,4500,18259184,Karachi
VEH001689,Mohammed Hamzah بٹ,39633-4773789-6,Imran بٹ,1992-06-24,4500,14887145,Karachi
VEH001690,Mohammed حمزہ بٹ,39633-4773789-6,Imran بٹ,1992-06-24,4500,16976980,Karachi
VEH001691,Hamzah Bhatti,39633-4773789-6,Imran Butt,1992-06-24,4500,18360810,Karachi
VEH001692,Ahmed اعوان,57463-1471054-2,محمد Awan,1978-01-05,2200,7941821,Faisalabad
VEH001693,Fatema Chaudhary,14295-2374194-0,Muhammed Ali چوہدری,1994-08-12,1900,7687392,Faisalabad
VEH001694,Zainab Awan,88531-8084363-5,فیصل Awan,2002-08-24,1200,4313077,Islamabad
VEH001695,عثمان Shaykh,97680-3781050-0,Hussein Shaikh,1960-07-10,1600,5143696,Rawalpindi
VEH001696,Osman Shaykh,,Hussein Sheikh,1960-07-10,1700,6263690,Rawalpindi
VEH001697,Mohammed Hamza بٹ,22178-4148315-3,Hamza Butt,,900,3218883,Karachi
VEH001698,عمران خان,75970-7723767-2,Husain خان,2002-01-22,1800,6642977,Lahore
VEH001699,Muhammed Mughal,83117-8327108-3,Ali Mughal,1971-06-25,2600,9466332,Faisalabad
VEH001700,حرا Sayed,,حسن Syed,1965-02-08,1100,4518396,Faisalabad
VEH001701,ثناء Malick,,Hussain Malick,1993-12-18,2000,6778671,Faisalabad
VEH001702,زینب ملک,10559-2938551-9,Muhammed علی ملک,2001-10-23,4300,14714742,Lahore
VEH001703,زینب Malik,,,2001-10-23,4400,18009226,Lahore
VEH001704,Osman Moghul,69464-6584654-1,,1968-05-13,2500,9435959,Rawalpindi
VEH001705,احمد Shaykh,47531-5942667-7,فیصل شیخ,1970-07-24,2200,7744939,Islamabad
VEH001706,Ahmad شیخ,47531-5942667-7,Muhammad Faysal شیخ,1970-07-24,2500,8615273,Islamabad
VEH001707,Muhammed Usman Ch.,14603-3203178-2,Hamzah Chaudhry,1995-05-08,800,2733941,Karachi
VEH001708,Husain Malik,31659-9761958-2,,1963-02-06,4500,16929008,Faisalabad
VEH001709,Imran Butt,53035-3585627-0,,1960-11-08,1500,5946824,Rawalpindi
VEH001710,حسن Sheikh,73323-8230215-8,Hassan Shaikh,1972-08-03,4500,17270707,Karachi
VEH001711,Hasan Shaikh,71323-8530215-8,Mohammed Hassan Sheikh,1972-08-03,4500,16946357,Karachi
VEH001712,Mohammad حسن Shaykh,,حسن Sheikh,1972-08-03,4500,18034111,Karachi
VEH001713,Mohammad حسن شیخ,73323-8530215-8,حسن Shaikh,1972-08-03,4500,14626908,Karachi
VEH001714,عمران Chaudhry,93588-6821001-5,Hamzah Chaudhary,1970-06-14,1200,4657286,Lahore
VEH001715,محمد Shaykh,54269-5871327-6,Imran Shaykh,1993-12-26,2000,7520873,Islamabad
VEH001716,عثمان Raja,13802-1177292-6,Ali راجہ,1970-11-20,1600,5412027,Rawalpindi
VEH001717,حسن Chaudhary,13792-2968441-3,Imran Chaudhry,1986-02-28,1800,6106584,Faisalabad
VEH001718,زینب Chaudhary,70081-1355271-2,,1986-03-17,1700,7058353,Islamabad
VEH001719,Muhammad Bilal Quraishi,,Faisal Qureshi,1997-05-12,4500,15103958,Faisalabad
VEH001720,Mohammad بلال Quraishi,96514-7175540-7,Faysal Quraishi,1997-05-12,4500,18228054,Faisalabad
VEH001721,بلال قریشی,96514-7175540-7,Faisal قریشی,1997-05-12,4500,15443833,Faisalabad
VEH001722,Muhammed Bilal Quraishi,96514-7175540-7,فیصل Qureshi,1997-05-12,4500,16405172,Faisalabad
VEH001723,Hamzah Malik,57782-5802058-1,عمران Malick,1969-10-12,3300,12318048,Islamabad
VEH001724,Mohammad Hamza Malik,57782-5802058-1,,1969-10-12,3300,11402653,Islamabad
VEH001725,حسین اعوان,21605-3286658-3,Muhammed Ali اعوان,1975-05-14,1300,4216160,Faisalabad
VEH001726,Ahmed چوہدری,44339-9427858-5,Hamza چوہدری,1959-04-07,1600,5664211,Islamabad
VEH001727,Hira شیخ,81678-7979502-1,Muhammad علی Shaykh,1986-04-10,4100,16454034,Rawalpindi
VEH001728,حرا شیخ,,Ali Sheikh,1986-04-10,3900,13228632,Rawalpindi
VEH001729,Hira Sheikh,81678-7979502-1,Mohammed Ali Shaikh,1986-04-10,3800,14829934,Rawalpindi
VEH001730,Ali خان,21313-4419470-8,احمد خان,1969-01-03,1500,5964663,Lahore
VEH001731,Muhammed Ch.,22090-2931921-8,Hamza Choudhary,1973-01-11,2900,11337338,Faisalabad
VEH001732,Muhammed Chaudhry,22090-2931921-8,,1973-01-11,2800,9988905,Faisalabad
VEH001733,حسن Shaikh,45708-5420739-9,Othman Shaykh,1982-01-16,800,3042414,Karachi
VEH001734,مریم Qureshi,69478-6817540-2,,2000-11-15,1800,6342653,Karachi
VEH001735,Marium قریشی,69478-6817540-2,عثمان Quraishi,2000-11-15,1600,6166279,Karachi
VEH001736,حرا Chaudhry,13420-4285754-7,Mohammad عمران چوہدری,,1200,3960137,Karachi
VEH001737,Bilal Moghul,99970-5119887-2,,1968-12-15,1100,4085787,Rawalpindi
VEH001738,Osman Shaikh,73017-7704777-0,Ahmed Shaykh,,2600,10194827,Faisalabad
VEH001739,Ahmad سید,25500-2710898-4,,1956-04-13,900,3159691,Faisalabad
VEH001740,Mohammad Ahmed Syed,25500-2710898-4,بلال سید,1956-04-13,1300,4595905,Faisalabad
VEH001741,بلال خان,54516-5523361-6,Othman خان,1971-03-24,2600,10346421,Islamabad
VEH001742,Hussain Quraishi,98416-7883212-6,Mohammad قریشی,1955-04-01,4500,18426670,Faisalabad
VEH001743,Husain Qureshi,98416-7883212-6,Muhammad Quraishi,1955-04-01,4500,18145554,Faisalabad
VEH001744,Hira Shaykh,29639-4700156-8,Bilal Sheikh,1992-08-09,700,2451751,Lahore
VEH001745,محمد Ch.,92361-5225804-8,Husain Choudhary,,4500,16571745,Islamabad
VEH001746,Mohammed چوہدری,,Mohammed حسین Chaudhary,,4500,16990339,Islamabad
VEH001747,Mohammad احمد Syed,36829-5544983-4,Hamzah Sayed,,900,3172898,Karachi
VEH001748,Aisha Malik,83448-3179270-1,Imran ملک,1984-01-22,3900,16180926,Islamabad
VEH001749,عائشہ Malick,,عمران Malik,1984-01-22,3700,13180470,Islamabad
VEH001750,Ayisha Malick,83448-3179270-1,Imran Malick,1984-01-22,3700,12968281,Islamabad
VEH001751,Ayisha ملک,83448-3179270-1,Imran Malick,,4000,13607216,Islamabad
VEH001752,Muhammad احمد Khan,25203-7988077-1,Ahmad خان,1974-07-09,1100,4609061,Rawalpindi
VEH001753,Mohammad احمد مغل,17910-8675182-5,Mohammad Hussain مغل,1966-12-25,2200,8860971,Faisalabad
VEH001754,احمد خان,,Faysal خان,,4500,15704955,Karachi
VEH001755,احمد Khan,99504-8925331-0,Muhammed Faysal Khan,1956-08-02,4500,17130292,Karachi
VEH001756,عمران Quraishi,78109-4873487-7,Muhammad علی قریشی,1969-08-22,3100,10062628,Rawalpindi
VEH001757,Hassan اعوان,35888-4205914-3,Muhammed Hasan اعوان,1998-02-21,1100,4424452,Karachi
VEH001758,ثناء Raja,36762-5413648-2,,1990-04-21,3500,12806288,Islamabad
VEH001759,فاطمہ مغل,,حسین مغل,1955-04-18,2400,9256757,Faisalabad
VEH001760,Fatema شیخ,47366-9472362-7,Hussain Shaykh,1991-04-20,2400,8977533,Lahore
VEH001761,Ayisha Malick,14375-1174089-4,عمران Malick,1988-07-13,2000,6536895,Faisalabad
VEH001762,Aisha ملک,14375-1174089-4,Muhammed عمران Malik,1988-07-13,1600,5984180,Faisalabad
VEH001763,Faysal Quraishi,73483-8126710-0,Faysal قریشی,1997-01-20,1700,6594756,Islamabad
VEH001764,Othman خان,15908-9581612-9,Faisal Khan,1998-07-09,2900,10732169,Lahore
VEH001765,Muhammad Hussein Chaudhry,56966-5213351-8,Bilal Choudhary,,2300,7440456,Islamabad
VEH001766,حرا Moghul,65840-2360024-2,Muhammed علی مغل,1962-06-02,1700,5620807,Karachi
VEH001767,Hira مغل,,Muhammad علی مغل,1962-06-02,1800,6926703,Karachi
VEH001768,حرا Quraishi,63578-9434048-1,فیصل قریشی,1995-01-02,1000,4097869,Islamabad
VEH001769,Aysha Raja,89995-3476369-9,Hasan راجہ,,4500,17926909,Karachi
VEH001770,عائشہ راجہ,89995-3476369-9,Muhammed حسن Raja,2000-03-25,4500,14504292,Karachi
VEH001771,Aisha Raja,89995-3476369-9,Hasan راجہ,2000-03-25,4500,17962788,Karachi
VEH001772,احمد راجہ,,Ahmad راجہ,1962-11-24,2100,8586986,Rawalpindi
VEH001773,Mohammad چوہدری,78008-3054055-6,Hussain Choudhary,,4500,15347547,Rawalpindi
VEH001774,Ali Syed,68456-7510977-1,Muhammed Ahmed Sayed,2003-07-13,1100,4432536,Lahore
VEH001775,Maryam خان,88219-9759273-2,Hussain خان,1980-09-20,1900,7643788,Lahore
VEH001776,Muhammed Othman Syed,90297-4857678-4,علی Sayyid,1970-03-05,1400,4906420,Karachi
VEH001777,Osman Sayed,90297-4857678-4,Ali سید,1970-03-05,1500,5816605,Karachi
VEH001778,Muhammed Moghul,85845-5544401-4,Hasan Mughal,2001-02-26,1200,3887589,Karachi
VEH001779,Hussein Khan,77108-4732016-4,Hasan Khan,1998-11-15,1100,4287050,Faisalabad
VEH001780,Hussain Khan,25041-8165282-8,Mohammad علی خان,1969-02-07,900,3594832,Lahore
VEH001781,Fatima Qureshi,,Osman Qureshi,1963-07-07,1900,7013709,Islamabad
VEH001782,Sana راجہ,13308-6555250-4,Mohammad Hassan Raja,1971-06-12,800,2982632,Lahore
VEH001783,Muhammed عمران راجہ,,احمد راجہ,2001-11-05,1200,4270344,Rawalpindi
VEH001784,Ahmad Choudhary,89190-4180661-1,Usman Chaudhary,2003-12-05,2500,10292441,Rawalpindi
VEH001785,Faisal Moghul,,Hussein Mughal,1968-04-03,3600,13047771,Rawalpindi
VEH001786,Faysal Mughal,,Mohammad Hussain Mughal,1968-04-03,3400,11513943,Rawalpindi
VEH001787,Faisal Mughal,56206-8740350-4,Hussein Moghul,,3300,11668801,Rawalpindi
VEH001788,Mohammad Imran سید,78615-9499141-1,حمزہ Syed,1987-07-02,2500,9817081,Karachi
VEH001789,Imran Sayed,78615-9499141-1,حمزہ Sayyid,1987-07-02,2400,8201771,Karachi
VEH001790,Imran Syed,78615-9499141-1,Muhammed Hamza Sayyid,1987-07-02,2500,10046623,Karachi
VEH001791,Muhammed Ahmed قریشی,30112-9374197-9,Husain Qureshi,1968-08-14,2000,6485105,Faisalabad
VEH001792,Ahmed Qureshi,30112-9374197-9,Mohammad Husain Quraishi,1968-08-14,2300,8545812,Faisalabad
VEH001793,Ahmad قریشی,,حسین Qureshi,1968-08-14,1800,6001393,Faisalabad
VEH001794,Zaynab Khan,38990-7756005-6,,2003-06-13,900,2960876,Rawalpindi
VEH001795,Maryam Shaykh,,عمران Shaikh,,800,2802867,Lahore
VEH001796,Maryam شیخ,30270-3015718-2,Imran Shaykh,1963-02-19,900,3494214,Lahore
VEH001797,ثناء Shaikh,67719-3242498-6,حسین Shaikh,2000-04-20,1700,6797629,Rawalpindi
VEH001798,Sana Shaikh,67719-3242498-6,Mohammed Husain Shaikh,2000-04-20,1800,7035892,Rawalpindi
VEH001799,Usman Mughal,96803-1615455-6,Bilal Mughal,1997-07-02,900,3578274,Rawalpindi
VEH001800,Sana ملک,50229-4783677-6,Muhammad Hussein Malik,1995-09-04,1500,5939581,Rawalpindi
VEH001801,Faysal Quraishi,91975-7245694-9,Hussain Quraishi,1965-02-20,1800,7202811,Islamabad
VEH001802,Mohammed Ahmad Chaudhry,61626-6644759-9,Hamza Chaudhary,1966-08-13,1700,5598183,Rawalpindi
VEH001803,Hassan راجہ,95505-5995921-2,Mohammad Bilal راجہ,1986-03-07,1600,6442402,Karachi
VEH001804,Husain بٹ,64093-5212998-7,Faisal Bhatti,1965-02-09,1400,4905394,Lahore
VEH001805,Hussein بٹ,,Faysal Bhatti,1965-02-09,1500,5163729,Lahore
VEH001806,Hussein Butt,64053-5212998-7,Faisal Butt,,1300,4396896,Lahore
VEH001807,Muhammad راجہ,60393-5195801-7,Faisal راجہ,1956-05-27,1000,4075379,Rawalpindi
VEH001808,زینب چوہدری,53616-1452742-3,Muhammad Hamza Ch.,1977-05-18,1900,6085765,Faisalabad
VEH001809,Zaynab Chaudhry,53116-1452742-3,Hamzah Choudhary,1977-05-18,2500,9777486,Faisalabad
VEH001810,زینب Chaudhry,53616-1452742-3,حمزہ چوہدری,1977-05-18,2300,8726733,Faisalabad
VEH001811,Sana خان,79742-4622405-3,عمران Khan,1978-07-19,1200,4019203,Islamabad
VEH001812,ثناء Khan,,عمران خان,1978-07-19,1300,4434883,Islamabad
VEH001813,Sana Khan,79742-4622405-3,عمران خان,1978-07-19,1300,5154168,Islamabad
VEH001814,Marium Khan,27890-9148566-3,فیصل خان,1994-08-09,700,2692655,Lahore
VEH001815,Mohammed Faisal Butt,21637-1354809-2,Hamza بٹ,1982-01-16,3200,10740128,Karachi
VEH001816,Faisal Bhatti,21637-1354809-2,حمزہ بٹ,1982-01-16,3700,15333553,Karachi
VEH001817,Osman Khan,63725-1531910-2,,1956-12-13,1400,5423829,Islamabad
VEH001818,Mariam Khan,,Mohammed Faysal خان,1966-04-24,2000,7113603,Rawalpindi
VEH001819,Ahmed Ch.,,Muhammad Chaudhry,1976-12-17,1100,4462125,Lahore
VEH001820,Mohammed Hamzah راجہ,,Mohammed Hussain Raja,1988-06-15,1000,3685636,Islamabad
VEH001821,حسین Bhatti,83658-6292345-9,Hassan بٹ,1956-04-06,1400,5745687,Karachi
VEH001822,Bilal Khan,65486-1907396-1,Osman Khan,1965-04-27,4500,16955305,Islamabad
VEH001823,Muhammad Bilal خان,65486-1907396-1,Osman خان,1965-04-27,4500,17172987,Islamabad
VEH001824,Bilal خان,,,1965-04-27,4500,14993249,Islamabad
VEH001825,Bilal Khan,65486-1907396-1,,1965-04-27,4500,16161295,Islamabad
VEH001826,Muhammad Hussein خان,67693-2968629-5,حسین خان,1958-03-22,1200,4376066,Lahore
VEH001827,ثناء راجہ,54361-1688179-3,Muhammad راجہ,1987-02-19,2700,8640263,Karachi
VEH001828,ثناء Raja,54361-1688179-3,Mohammed Raja,1987-02-19,2800,10821437,Karachi
VEH001829,Osman Khan,27855-5283351-4,Bilal خان,2000-05-02,1700,5994175,Faisalabad
VEH001830,Mariam Mughal,56176-4528753-5,Muhammad Othman مغل,1987-09-03,2500,10307273,Islamabad
VEH001831,Marium Mughal,36176-4528753-5,Usman مغل,1987-09-03,2400,9773684,Islamabad
VEH001832,Bilal Bhatti,30059-9234577-2,حمزہ بٹ,1980-06-07,2400,8070319,Karachi
VEH001833,Bilal Bhatti,30059-9234577-2,Hamza Bhatti,1980-06-07,2300,9087638,Karachi
VEH001834,عمران Mughal,81607-6876398-0,احمد Mughal,1957-06-12,1900,6705700,Faisalabad
VEH001835,Hassan Chaudhry,41849-9384820-9,Mohammad چوہدری,1966-01-22,1100,4616209,Faisalabad
VEH001836,Sana Malik,66659-7781026-3,Hussein Malik,1963-12-01,2200,9092809,Rawalpindi
VEH001837,Sana Malik,66659-7781026-3,Hussein Malik,1963-12-01,2200,7978597,Rawalpindi
VEH001838,Sana Malick,66659-7781026-3,,1963-12-01,2300,7650646,Rawalpindi
VEH001839,عمران Malik,68147-6072636-4,,,1600,6583693,Faisalabad
VEH001840,مریم Syed,25956-4054488-2,فیصل سید,1964-04-22,3500,14352638,Faisalabad
VEH001841,Mariam Sayyid,,فیصل Sayyid,1964-04-22,3500,14537338,Faisalabad
VEH001842,Mohammed Syed,77460-7940293-7,Hussain Sayyid,2000-09-11,2600,10347066,Karachi
VEH001843,Usman قریشی,99979-6461852-7,,1996-11-26,2100,8389577,Faisalabad
VEH001844,ثناء Syed,10279-1907844-5,Osman Syed,,2600,10254196,Faisalabad
VEH001845,ثناء Sayed,10279-1907844-5,Osman سید,1959-12-05,2600,9814711,Faisalabad
VEH001846,بلال Quraishi,43186-3979157-0,,1973-03-03,1600,5587858,Lahore
VEH001847,Hasan شیخ,75628-8982486-6,بلال Shaikh,2000-04-06,4500,16206650,Lahore
VEH001848,حسن Shaykh,75628-8982886-6,Muhammed بلال شیخ,2000-04-06,4500,15030308,Lahore
VEH001849,Mohammed Hasan Shaikh,75628-8982486-6,بلال شیخ,2000-04-06,4500,15821452,Lahore
VEH001850,Hassan Sheikh,75628-8982486-6,Bilal شیخ,2000-04-06,4500,16078315,Lahore
VEH001851,Muhammed Chaudhary,17529-3415472-7,Usman Chaudhary,1962-01-01,2800,11417275,Rawalpindi
VEH001852,ثناء Awan,85896-1045975-5,Hamza اعوان,1959-02-06,4500,17252426,Karachi
VEH001853,Ali Malik,14203-3481445-4,Ali Malick,1980-11-09,1800,6925957,Faisalabad
VEH001854,Ahmad Sayyid,69092-8532522-0,,,2100,7332800,Islamabad
VEH001855,Mohammed Ahmad سید,69092-8532522-0,علی Sayyid,1961-08-01,2200,8484386,Islamabad
VEH001856,Muhammad Ahmad Sayyid,69092-8532522-0,,1961-08-01,2100,8397592,Islamabad
VEH001857,Hamzah Ch.,14001-2160805-0,Usman Choudhary,2001-06-27,1200,4617896,Faisalabad
VEH001858,ثناء راجہ,95257-2235402-7,Mohammed Faisal راجہ,1968-07-10,1800,5825932,Lahore
VEH001859,عمران Moghul,15657-7471091-5,حسین Moghul,1977-03-24,1000,3566560,Islamabad
VEH001860,Muhammad بلال Sheikh,24504-3686287-6,Mohammed Shaykh,2003-03-27,1400,5317073,Lahore
VEH001861,فیصل Butt,82842-2128152-7,Muhammad بٹ,1958-04-05,1900,6412513,Faisalabad
VEH001862,فیصل Butt,82842-2128152-7,Mohammed بٹ,1958-04-05,1900,6963892,Faisalabad
VEH001863,Zaynab Sayyid,68929-4393701-5,Faysal Sayyid,1978-07-23,1400,5102352,Karachi
VEH001864,Muhammad عمران Mughal,15883-1817182-7,Usman مغل,1961-07-15,1300,4733136,Lahore
VEH001865,Mohammad عمران Moghul,15883-1817182-7,Othman مغل,1961-07-15,1100,4207608,Lahore
VEH001866,Imran Moghul,15883-1817182-7,Usman Mughal,1961-07-15,1500,5627646,Lahore
VEH001867,حرا اعوان,80954-3024131-8,علی اعوان,2001-02-16,1300,4978984,Lahore
VEH001868,Muhammad عمران اعوان,76083-3078530-1,Ali اعوان,1990-03-13,1900,7393744,Islamabad
VEH001869,عمران Awan,76083-3078530-1,علی Awan,1990-03-13,2200,7045854,Islamabad
VEH001870,حسین Qureshi,40245-3771635-2,علی قریشی,1992-04-03,1600,5824303,Karachi
VEH001871,Fatimah مغل,,عمران Mughal,1979-08-01,4500,15413069,Islamabad
VEH001872,Fatema Moghul,36144-2684767-6,عمران Mughal,1979-08-01,4500,15074736,Islamabad
VEH001873,Fatima مغل,36144-2684767-6,,1979-08-01,4500,14455670,Islamabad
VEH001874,فاطمہ Mughal,36144-2684767-6,Muhammad عمران مغل,1979-08-01,4500,17411234,Islamabad
VEH001875,Hira Moghul,91557-4237187-5,Muhammed Hussein Moghul,,1600,5649962,Rawalpindi
VEH001876,Hassan Moghul,,Mohammed Hasan Moghul,1997-05-08,700,2744850,Islamabad
VEH001877,Faysal Qureshi,99807-1831937-0,Bilal Qureshi,1958-04-19,1600,5626655,Islamabad
VEH001878,Faysal Quraishi,,Mohammed بلال Quraishi,1958-04-19,1600,5606724,Islamabad
VEH001879,Bilal بٹ,54010-5526704-1,Hasan Bhatti,1968-11-07,2300,7722803,Karachi
VEH001880,Osman اعوان,84163-1998990-5,,2002-05-19,4500,15567456,Faisalabad
VEH001881,Mohammed Osman Awan,84163-1998990-5,علی Awan,2002-05-19,4500,18470136,Faisalabad
VEH001882,Usman اعوان,84163-1998990-5,Mohammed علی Awan,,4500,15962520,Faisalabad
VEH001883,Muhammad عثمان اعوان,84163-1998990-5,Mohammad Ali Awan,2002-05-19,4500,16358489,Faisalabad
VEH001884,Bilal Mughal,86085-3029994-4,,1981-06-05,2400,8864057,Faisalabad
VEH001885,Bilal Mughal,86085-3029994-4,Mohammed علی Moghul,1981-06-05,2500,10031060,Faisalabad
VEH001886,علی Ch.,67804-1660259-7,,1979-01-10,2700,10999114,Faisalabad
VEH001887,Ali Chaudhry,67804-1660259-7,Muhammad Hamza Chaudhry,1979-01-10,2500,8187383,Faisalabad
VEH001888,Mohammed علی چوہدری,67804-1660259-7,Mohammed Hamzah چوہدری,1979-01-10,2500,8067489,Faisalabad
VEH001889,Ali Chaudhary,67804-1660259-7,Muhammad حمزہ چوہدری,1979-01-10,2700,10475015,Faisalabad
VEH001890,Muhammad Mughal,,Othman Mughal,1972-03-14,800,3150525,Rawalpindi
VEH001891,حرا Raja,,Mohammad Bilal Raja,2003-12-25,1100,4391125,Faisalabad
VEH001892,فیصل راجہ,38774-2734791-8,Ali راجہ,1987-10-07,3100,10645904,Islamabad
VEH001893,Ahmad راجہ,58131-4947086-1,احمد راجہ,2001-07-22,1600,6167850,Faisalabad
VEH001894,Zainab Khan,48998-5740446-9,فیصل Khan,1994-07-07,4500,15349020,Faisalabad
VEH001895,Zaynab Khan,48998-5740446-9,فیصل خان,1994-07-07,4500,15936343,Faisalabad
VEH001896,زینب خان,48998-5741446-9,Faysal Khan,,4500,16567848,Faisalabad
VEH001897,Zaynab Khan,48998-5740446-9,Faysal خان,,4500,16240384,Faisalabad
VEH001898,Hira Syed,41153-1192682-5,فیصل Sayyid,1977-02-20,3100,12365885,Lahore
VEH001899,Osman بٹ,,احمد بٹ,1967-04-23,1400,4895350,Lahore
VEH001900,علی Chaudhry,28340-9656279-1,,1959-09-27,1200,4239457,Faisalabad
VEH001901,Ali چوہدری,28340-9656279-1,Hamza Ch.,1959-09-27,1200,4098015,Faisalabad
VEH001902,زینب راجہ,98802-1628047-0,علی Raja,1959-09-05,700,2830020,Islamabad
VEH001903,زینب Chaudhry,50034-3176160-1,Mohammad چوہدری,1981-06-03,2000,8177703,Lahore
VEH001904,Zaynab Ch.,50034-3176160-1,Muhammed Choudhary,1981-06-03,1800,6901802,Lahore
VEH001905,Fatimah Malik,20060-9770031-9,Imran ملک,1992-09-16,1300,4385647,Rawalpindi
VEH001906,عثمان Quraishi,76821-2417579-7,Mohammed حسن Quraishi,1972-02-18,900,3603845,Faisalabad
VEH001907,فیصل Sheikh,,,1981-04-17,1100,4155564,Rawalpindi
VEH001908,Aysha Sheikh,93215-2253315-5,Mohammad Hassan شیخ,1984-09-22,1700,5688129,Karachi
VEH001909,Ayisha Shaikh,93215-2253315-5,Hasan Shaikh,1984-09-22,1700,5999538,Karachi
VEH001910,Aisha Sheikh,93215-2253315-5,Hasan Sheikh,1984-09-22,2100,8539216,Karachi
VEH001911,عثمان قریشی,98312-6362174-4,Hussain Qureshi,2003-01-15,1500,5948850,Islamabad
VEH001912,حسن خان,27642-6166673-6,Bilal خان,1988-10-20,1100,4214093,Rawalpindi
VEH001913,فیصل خان,44181-4818153-8,Muhammad احمد Khan,1984-08-20,1100,3784590,Lahore
VEH001914,علی اعوان,20574-8962962-0,,1970-05-08,1900,6299263,Islamabad
VEH001915,Aisha Ch.,16915-1554463-5,Ali چوہدری,1966-02-22,2900,9856213,Rawalpindi
VEH001916,Faisal Awan,43980-5944083-2,Muhammad Usman اعوان,1966-05-23,1400,4955962,Lahore
VEH001917,فیصل Awan,43980-5944083-0,عثمان اعوان,1966-05-23,1400,4629230,Lahore
VEH001918,Mohammad Faysal Awan,43980-5944083-2,Usman Awan,1966-05-23,1300,4541908,Lahore
VEH001919,Hamzah Awan,83724-6899477-4,,,2200,8552043,Faisalabad
VEH001920,Hamza Awan,83724-6899477-4,بلال اعوان,1956-10-04,2300,8262636,Faisalabad
VEH001921,حمزہ اعوان,83724-6899477-4,Muhammad Bilal اعوان,1956-10-04,2100,7703371,Faisalabad
VEH001922,علی Butt,67718-3404576-6,علی Bhatti,1978-11-26,1600,6552610,Rawalpindi
VEH001923,Ali بٹ,,Ali Bhatti,1978-11-26,1300,4801810,Rawalpindi
VEH001924,Muhammed عثمان بٹ,56444-6939791-7,عمران Bhatti,1962-03-15,1700,6870600,Faisalabad
VEH001925,علی Raja,65050-9227012-7,Muhammed Husain Raja,1966-04-20,900,3589866,Lahore
VEH001926,Ali Raja,65050-9227012-7,Hussein راجہ,1966-04-20,800,3261557,Lahore
VEH001927,احمد Bhatti,,عثمان بٹ,1993-11-27,4500,16052110,Faisalabad
VEH001928,Ahmed Butt,16772-3682428-7,Osman Bhatti,1993-11-27,4500,16153466,Faisalabad
VEH001929,احمد Bhatti,16772-3682828-7,Osman Butt,1993-11-27,4500,15997068,Faisalabad
VEH001930,Mohammed Ahmed Butt,16772-3682828-7,Othman Butt,1993-11-27,4500,18508950,Faisalabad
VEH001931,Ayesha Shaykh,19881-6500452-9,Faysal Sheikh,1988-12-15,2200,8772981,Lahore
VEH001932,Hamzah مغل,31934-4298605-0,Imran Mughal,1988-09-02,4500,14775956,Karachi
VEH001933,حمزہ مغل,31934-4298605-0,عمران Moghul,1988-09-02,4500,16672716,Karachi
VEH001934,Hamza مغل,31934-4298605-0,,1988-09-02,4500,15635183,Karachi
VEH001935,Mariam Shaikh,22012-9455779-7,Faisal شیخ,1970-11-19,1000,3393418,Rawalpindi
VEH001936,Muhammed بلال قریشی,,Faysal Qureshi,1966-07-23,2200,8862830,Karachi
VEH001937,Bilal قریشی,,Faisal Qureshi,1966-07-23,1900,6198343,Karachi
VEH001938,Hassan Shaikh,54864-9326807-1,Ali Shaykh,1978-07-16,1300,4365599,Rawalpindi
VEH001939,Hasan Khan,54749-8681193-8,Mohammad Faisal Khan,1977-10-04,1300,5254688,Karachi
VEH001940,Ali Quraishi,12584-1115883-9,Imran Quraishi,2001-01-28,3200,12460836,Rawalpindi
VEH001941,Zainab Sayed,41406-5152705-7,محمد Syed,1958-05-24,1600,6116879,Karachi
VEH001942,Mohammed Usman Syed,19315-7096480-4,Ahmed Sayed,2001-08-21,1900,7035861,Rawalpindi
VEH001943,Ayisha بٹ,81834-4870054-9,Ahmad Bhatti,1961-07-22,1800,5772230,Islamabad
VEH001944,Aysha Bhatti,,Ahmad Butt,1961-07-22,1700,6279502,Islamabad
VEH001945,عمران قریشی,75553-6738192-2,Muhammed Faysal Qureshi,1982-05-11,4500,15916786,Lahore
VEH001946,Imran Qureshi,75553-6738192-2,Faisal Qureshi,1982-05-11,4500,16778019,Lahore
VEH001947,Muhammad Imran Qureshi,75553-6738192-2,Muhammed Faysal Quraishi,1982-05-11,4500,17354150,Lahore
VEH001948,عمران قریشی,75553-6738192-2,Muhammad Faisal Qureshi,1982-05-11,4500,17874054,Lahore
VEH001949,Hamzah قریشی,85133-9714201-7,عمران Qureshi,1963-10-18,900,3610286,Karachi
VEH001950,حرا Butt,95632-9957097-2,عثمان Bhatti,1998-07-02,1500,5373977,Karachi
VEH001951,Ali Sayed,,,1967-07-16,1400,5489444,Faisalabad
VEH001952,عمران اعوان,26856-3083730-5,,1991-01-21,1300,4171236,Lahore
VEH001953,Faysal Choudhary,78409-3611522-4,Hassan چوہدری,2001-03-13,1800,6182934,Islamabad
VEH001954,Muhammed شیخ,48997-4181403-5,Muhammed Shaikh,1986-05-12,4500,18500766,Islamabad
VEH001955,Mohammed Sheikh,48997-4181403-5,محمد Shaikh,1986-05-12,4500,14969654,Islamabad
VEH001956,Mohammed Shaykh,48997-4181403-5,محمد شیخ,1986-05-12,4500,16086877,Islamabad
VEH001957,Muhammad Shaykh,48997-4181403-5,,1986-05-12,4500,17205396,Islamabad
VEH001958,Hassan Shaikh,86579-8811985-0,Mohammad Ali Shaykh,1971-05-01,1500,4938251,Faisalabad
VEH001959,Hassan Shaykh,86579-8811985-0,Muhammad Ali شیخ,,1300,4747995,Faisalabad
VEH001960,محمد مغل,,Ali مغل,1970-11-11,2600,9593131,Karachi
VEH001961,Muhammad Ali اعوان,74162-8317637-5,Mohammed Usman Awan,,3300,11376046,Rawalpindi
VEH001962,Ali Awan,74162-8317637-5,,1971-08-13,3100,10376071,Rawalpindi
VEH001963,حمزہ Chaudhary,50630-2790788-4,Hamzah Chaudhry,,1100,4500697,Islamabad
VEH001964,Hamzah Chaudhary,50630-2790788-4,Hamzah چوہدری,1961-03-13,1100,4090547,Islamabad
VEH001965,Faysal Chaudhry,26716-5467033-2,Hamzah Choudhary,,1200,3992160,Faisalabad
VEH001966,احمد Ch.,95438-5186937-9,Muhammed چوہدری,1982-03-16,2200,8965610,Islamabad
VEH001967,Mohammad عمران Sheikh,72017-4169951-3,Faysal Sheikh,1959-03-20,2400,9404901,Islamabad
VEH001968,Faisal Malick,46189-5218276-3,Mohammed بلال Malick,,1500,5924623,Karachi
VEH001969,Hamzah سید,51834-3637555-7,Imran Sayed,1958-11-17,2700,10142484,Faisalabad
VEH001970,Bilal Quraishi,18527-6606690-4,Bilal Quraishi,,1800,7442225,Rawalpindi
VEH001971,Othman Malik,24185-9383533-6,Faysal Malick,1998-07-12,2200,8260776,Faisalabad
VEH001972,Muhammed Hussain اعوان,91749-1403445-0,حمزہ Awan,1987-03-10,2900,9917913,Rawalpindi
VEH001973,Husain Awan,,,1987-03-10,2800,11407159,Rawalpindi
VEH001974,Muhammad Hussein اعوان,91749-1403445-0,,1987-03-10,3000,11909724,Rawalpindi
VEH001975,Husain Awan,91749-1403445-0,,1987-03-10,3200,13270506,Rawalpindi
VEH001976,Muhammed Raja,85927-4032775-5,Mohammed Bilal Raja,1965-10-16,4500,17576423,Islamabad
VEH001977,محمد Raja,85927-4032775-5,Bilal راجہ,1965-10-16,4500,16121873,Islamabad
VEH001978,Mohammad راجہ,,بلال راجہ,,4500,18878421,Islamabad
VEH001979,Muhammed Raja,85927-4032775-5,Muhammed بلال Raja,,4500,15290193,Islamabad
VEH001980,Mohammed حسن شیخ,,Husain Sheikh,2000-07-18,1200,4588045,Islamabad
VEH001981,Ahmad Bhatti,,محمد Butt,1979-09-13,1800,6874978,Faisalabad
VEH001982,Ahmad راجہ,64668-2454208-3,Muhammed Hussein راجہ,,2400,7980542,Rawalpindi
VEH001983,Muhammad Ahmad Raja,,Hussain راجہ,1972-01-28,2100,7463903,Rawalpindi
VEH001984,حسین خان,33256-2334618-2,Hamza خان,1957-03-08,2000,7864349,Faisalabad
VEH001985,Muhammad حسین خان,33256-2334618-2,Hamzah خان,1957-03-08,1600,5600438,Faisalabad
VEH001986,مریم Shaikh,33977-6833165-9,Muhammad شیخ,1970-02-22,4500,17701474,Karachi
VEH001987,مریم Sheikh,33977-6833165-9,Muhammad Shaykh,1970-02-22,4500,17182775,Karachi
VEH001988,Mariam شیخ,33977-6833165-9,,1970-02-22,4500,16528713,Karachi
VEH001989,Mariam شیخ,33977-6833165-9,Mohammed شیخ,1970-02-22,4500,17715298,Karachi
VEH001990,Ali Qureshi,60381-3685329-5,Muhammad علی Qureshi,1996-01-06,4500,16274298,Lahore
VEH001991,Mohammad Ali Quraishi,60381-3687329-5,Muhammed Ali Qureshi,1996-01-06,4500,16472090,Lahore
VEH001992,Muhammed Ali Quraishi,60381-3687329-5,Ali Quraishi,1996-01-06,4500,18317449,Lahore
VEH001993,علی قریشی,60381-3687329-5,علی Quraishi,1996-01-06,4500,16452948,Lahore
VEH001994,Mohammad Bilal اعوان,24803-8264641-7,Imran Awan,1981-12-05,1700,5745417,Faisalabad
VEH001995,احمد Mughal,,,1957-07-11,1600,5668349,Faisalabad
VEH001996,Fatema Malick,,Muhammad Malick,1974-11-10,4500,17596549,Lahore
VEH001997,Fatema ملک,07341-8513357-9,,1974-11-10,4500,16155349,Lahore
VEH001998,Fatima ملک,17341-8513357-9,Mohammad ملک,1974-11-10,4500,17055664,Lahore
VEH001999,فاطمہ Malik,17341-8513357-9,Mohammed ملک,1974-11-10,4300,14607670,Lahore
VEH002000,Hasan راجہ,85700-2047582-1,احمد راجہ,2003-05-27,1800,6154472,Faisalabad
VEH002001,Aisha مغل,,Usman Mughal,1959-08-28,2100,8098672,Lahore
VEH002002,Ayisha مغل,68962-8082763-4,Mohammed Osman Moghul,1959-08-28,2200,7825441,Lahore
VEH002003,Ali Shaykh,10550-5220854-5,Muhammad حسن شیخ,1974-08-17,1700,5947100,Lahore
VEH002004,Osman Chaudhry,90906-6927613-9,علی Chaudhary,1989-05-17,1400,5609033,Lahore
VEH002005,Othman چوہدری,90906-6927613-9,Ali چوہدری,1989-05-17,1900,6184546,Lahore
VEH002006,عثمان Ch.,90906-6927613-9,Ali Ch.,1989-05-17,1700,5708001,Lahore
VEH002007,فاطمہ Qureshi,32891-8693689-2,Faisal Quraishi,,3000,10381015,Faisalabad
VEH002008,فاطمہ Qureshi,,Muhammed فیصل قریشی,1993-04-07,3100,10216625,Faisalabad
VEH002009,Fatimah قریشی,32891-9693689-2,Faysal قریشی,1993-04-07,3300,11871563,Faisalabad
VEH002010,Fatema قریشی,32891-8693689-2,فیصل قریشی,1993-04-07,3100,10472133,Faisalabad
VEH002011,حمزہ Khan,13933-5071469-9,عمران Khan,1980-11-14,4500,15710835,Lahore
VEH002012,Hamza Khan,13933-5071469-9,,1980-11-14,4500,16609508,Lahore
VEH002013,Mohammad Hamza خان,13933-5071469-9,Imran Khan,1980-11-14,4500,14834396,Lahore
VEH002014,Hamzah Khan,13933-5071469-9,Imran خان,1980-11-14,4500,15511728,Lahore
VEH002015,Mohammed Bilal Bhatti,,Muhammed Hasan Bhatti,,4500,17161765,Faisalabad
VEH002016,Muhammed بلال Butt,44939-3270211-7,,,4500,15638501,Faisalabad
VEH002017,بلال Butt,44939-3270211-7,Hasan بٹ,1992-09-08,4500,17331569,Faisalabad
VEH002018,Mohammad Bilal Butt,44939-3270211-7,Hassan بٹ,1992-09-08,4500,17879178,Faisalabad
VEH002019,Hasan Bhatti,92676-3651430-0,احمد Butt,,1500,6163954,Karachi
VEH002020,Muhammed Hassan Bhatti,92676-3651430-0,احمد Bhatti,1981-07-07,1900,6178653,Karachi
VEH002021,Hussein شیخ,,Othman Shaikh,1966-07-07,2000,7842348,Karachi
VEH002022,Fatimah Ch.,70210-1539463-4,حسین Choudhary,1972-06-12,1600,5376805,Lahore
VEH002023,Hassan بٹ,21016-2300169-1,,,1400,5018571,Islamabad
VEH002024,Muhammad Hamzah Butt,,Ali بٹ,1995-05-13,3000,10990865,Lahore
VEH002025,Hamzah بٹ,92808-9916731-4,Muhammed Ali بٹ,1995-05-13,3100,12146691,Lahore
VEH002026,زینب Moghul,41439-1035233-0,Hamza مغل,1975-02-09,2200,8537348,Karachi
VEH002027,عمران چوہدری,84558-3976649-3,محمد Ch.,1976-08-27,2400,8348647,Islamabad
VEH002028,عمران Chaudhary,84558-3976649-3,Muhammad Chaudhary,1976-08-27,2500,9449321,Islamabad
VEH002029,Ayesha Khan,41764-8480522-4,فیصل خان,,1800,7413471,Rawalpindi
VEH002030,Ayisha خان,,فیصل خان,1961-03-26,1700,7077069,Rawalpindi
VEH002031,Sana Butt,18081-2131603-4,Muhammed Ahmed بٹ,1972-05-05,800,3082211,Lahore
VEH002032,فیصل Moghul,52423-8894317-6,,,2800,9755628,Islamabad
VEH002033,محمد Qureshi,89330-5573373-8,Muhammad احمد Quraishi,1975-01-25,1400,5375984,Faisalabad
VEH002034,Maryam خان,,Hamza Khan,1980-01-16,1400,5276842,Faisalabad
VEH002035,Ahmad خان,48137-3173163-6,,,1300,5273118,Karachi
VEH002036,Othman Shaikh,71686-8602709-9,,1957-08-24,3700,11898593,Islamabad
VEH002037,Osman Shaykh,71686-8602709-9,,1957-08-24,3600,12285263,Islamabad
VEH002038,Usman شیخ,71686-8602709-9,Othman Sheikh,1957-08-24,3500,12186253,Islamabad
VEH002039,Osman Awan,43031-6915978-2,عثمان Awan,1959-03-06,1400,5371768,Lahore
VEH002040,Faysal Bhatti,66112-6498821-2,Muhammed حسن Bhatti,1994-07-16,1300,5186954,Faisalabad
VEH002041,Ali بٹ,83955-6366676-7,,1969-12-18,1700,6805591,Lahore
VEH002042,Mohammad Bhatti,56421-3361180-0,Bilal Bhatti,1970-04-09,1300,4330182,Karachi
VEH002043,Muhammad مغل,73635-7932270-7,Mohammad Hamza Mughal,1984-08-08,1900,7628090,Lahore
VEH002044,Mariam Butt,41163-6550308-9,Muhammed بٹ,1968-05-17,1100,3652156,Islamabad
VEH002045,Hasan Qureshi,16622-3343945-6,Faysal Quraishi,1968-10-11,1600,6333331,Karachi
VEH002046,Mohammed عمران مغل,42701-4164053-1,Hassan Moghul,1978-11-24,2100,8810089,Lahore
VEH002047,حمزہ Awan,59052-4032258-8,Mohammed Hussein Awan,1988-09-20,1800,7509919,Karachi
VEH002048,Mariam مغل,26375-6054323-6,حمزہ Mughal,1957-12-20,1800,6046500,Islamabad
VEH002049,Mariam Moghul,26375-6054323-6,حمزہ مغل,,2000,7038430,Islamabad
VEH002050,Bilal اعوان,15827-3150416-8,Muhammed Awan,1958-12-10,2300,7737738,Lahore
VEH002051,Sana Mughal,60507-5499558-5,Hamzah Mughal,1975-03-16,900,3038921,Lahore
VEH002052,Ali Raja,75814-6678223-1,Osman Raja,,2000,8070511,Rawalpindi
VEH002053,علی راجہ,75814-6678253-1,Othman راجہ,1998-01-14,2100,7788913,Rawalpindi
VEH002054,عثمان Quraishi,52611-7120423-6,Bilal Quraishi,1960-07-14,4500,17252457,Rawalpindi
VEH002055,Usman Quraishi,52611-7120423-6,بلال Qureshi,1960-07-14,4500,15348608,Rawalpindi
VEH002056,احمد Raja,61763-7779519-1,Faisal Raja,1963-02-05,1900,6249871,Lahore
VEH002057,Ahmad راجہ,61763-7779519-1,فیصل Raja,1963-02-05,1700,7136858,Lahore
VEH002058,ثناء اعوان,60834-9155137-8,Hussain اعوان,1988-08-19,1800,6167502,Islamabad
VEH002059,ثناء Awan,60834-9155137-8,,1988-08-19,2100,7874018,Islamabad
VEH002060,ثناء Shaykh,83845-2318372-6,Mohammad حسین Shaykh,1963-04-01,4500,18218140,Lahore
VEH002061,ثناء Shaikh,83845-2318372-6,Hussain Sheikh,1963-04-01,4500,18695020,Lahore
VEH002062,ثناء Shaikh,83845-2318372-6,Hussein Shaikh,1963-04-01,4500,15302362,Lahore
VEH002063,Sana شیخ,83845-2318372-6,Hussein Shaykh,1963-04-01,4500,14726796,Lahore
VEH002064,Muhammad Husain Raja,49925-7391063-3,Othman Raja,1963-11-24,1900,7798433,Lahore
VEH002065,Aisha Malik,29824-1215867-3,عمران ملک,1955-11-27,1000,3580577,Faisalabad
VEH002066,عمران Malick,,Mohammed Bilal Malick,1982-07-13,1100,4167266,Rawalpindi
VEH002067,Muhammed Hassan Khan,75709-8629855-8,Mohammad Khan,1984-02-05,4500,14466654,Islamabad
VEH002068,Muhammad Hasan Khan,75709-8629855-8,Muhammad Khan,1984-02-05,4500,18836612,Islamabad
VEH002069,حسن خان,75709-8629855-8,,1984-02-05,4300,15283961,Islamabad
VEH002070,Muhammed حسن خان,75709-8629855-8,Mohammed Khan,1984-02-05,4500,17955903,Islamabad
VEH002071,Muhammad حسین مغل,83757-6115729-8,Hussain Mughal,1992-05-07,2600,9992194,Karachi
VEH002072,Mohammed Mughal,87901-6816305-6,,1987-04-05,2800,11741722,Karachi
VEH002073,حمزہ Shaikh,94786-8445699-3,حسین Shaykh,1971-09-08,1600,5875096,Karachi
VEH002074,ثناء Malik,53321-4562561-1,Muhammad Ali Malik,,4500,17874375,Karachi
VEH002075,Sana ملک,53321-4562561-1,علی Malik,1992-03-14,4500,14926321,Karachi
VEH002076,ثناء Malick,53321-4562561-1,علی Malick,1992-03-14,4500,16380174,Karachi
VEH002077,Sana Malick,53321-4562561-1,,1992-03-14,4500,18168379,Karachi
VEH002078,Hussein اعوان,99970-1548033-9,,,1800,6930356,Faisalabad
VEH002079,Bilal ملک,71190-1218038-0,Muhammad Malik,1959-10-22,1600,5738462,Islamabad
VEH002080,Zaynab Chaudhary,85200-1544132-8,,1972-02-07,1400,5017501,Rawalpindi
VEH002081,Maryam Malick,,,1977-05-05,1700,5601227,Faisalabad
VEH002082,مریم Malick,28802-2832248-3,Muhammad Malik,,1700,5443774,Faisalabad
VEH002083,Ali Mughal,33781-6259884-9,Hamza Moghul,1994-10-24,1800,7457295,Islamabad
VEH002084,Muhammad Ali Choudhary,68675-8025252-7,Mohammad بلال Chaudhary,1982-01-21,700,2371286,Faisalabad
VEH002085,Ali Choudhary,68675-8025252-7,Bilal Chaudhry,1982-01-21,900,3600286,Faisalabad
VEH002086,Hussain Chaudhry,23096-9565329-3,بلال Chaudhry,1970-03-23,1300,4389550,Karachi
VEH002087,مریم Awan,,,1958-03-17,2000,6980618,Karachi
VEH002088,Marium اعوان,27902-3261128-0,حسن Awan,1958-03-17,1900,6938117,Karachi
VEH002089,Hamzah بٹ,75992-4115522-3,Mohammed Bhatti,1968-07-01,3900,14665768,Karachi
VEH002090,Hamzah بٹ,75992-4115522-3,,1968-07-01,3900,15701444,Karachi
VEH002091,حمزہ Butt,75992-4115522-3,Mohammed Butt,1968-07-01,4100,15643271,Karachi
VEH002092,عائشہ Moghul,88262-8921344-2,بلال Moghul,1975-06-25,2200,7880038,Lahore
VEH002093,Muhammad Osman اعوان,65110-9295417-0,Usman اعوان,1958-11-14,1900,7787505,Rawalpindi
VEH002094,Hasan Bhatti,28141-5679105-5,,1958-06-03,1900,7884398,Faisalabad
VEH002095,Hamza Raja,35215-9982764-8,Mohammed Raja,1995-04-26,1900,7468289,Lahore
VEH002096,Mohammad Hamzah Raja,35215-9982764-8,Muhammed Raja,1995-04-26,1900,6575324,Lahore
VEH002097,حمزہ Raja,35215-9982764-8,Muhammad Raja,1995-04-26,2000,7546942,Lahore
VEH002098,ثناء اعوان,79023-2610323-9,حسن اعوان,1962-10-05,2400,9176279,Lahore
VEH002099,ثناء Awan,79023-2610323-9,Hasan Awan,1962-10-05,2500,9465582,Lahore
VEH002100,حرا Sheikh,29367-7151970-0,,1981-03-28,1000,3726123,Karachi
VEH002101,بلال Bhatti,77576-5764423-7,,1991-02-21,1800,5955330,Faisalabad
VEH002102,Fatima Sheikh,,,1974-09-14,4200,13920091,Faisalabad
VEH002103,Osman Awan,,محمد اعوان,1966-11-09,2800,11397797,Lahore
VEH002104,Othman اعوان,19981-8223824-5,Muhammad اعوان,1966-11-09,2700,11260255,Lahore
VEH002105,علی چوہدری,93714-1510553-6,Mohammed بلال Chaudhry,1983-02-09,1800,6630672,Karachi
VEH002106,علی Chaudhry,,Muhammed بلال Choudhary,1983-02-09,2000,7242209,Karachi
VEH002107,Mohammed Raja,,Muhammed حمزہ Raja,1980-09-01,2500,8193833,Faisalabad
VEH002108,ثناء Syed,,Hamza Sayed,2002-04-23,1300,5228186,Lahore
VEH002109,Zaynab Malik,83181-2772073-8,محمد ملک,1967-07-17,2100,8380383,Lahore
VEH002110,زینب Malick,83181-2772073-8,محمد Malick,1967-07-17,2100,8502883,Lahore
VEH002111,Usman Shaikh,86759-5731833-0,Muhammed حسین Shaikh,1968-10-08,4500,17668514,Faisalabad
VEH002112,Mohammad Othman Shaykh,86759-5731833-0,,1968-10-08,4500,16416290,Faisalabad
VEH002113,Usman Shaykh,86759-5731833-0,Hussein Shaikh,1968-10-08,4500,15573520,Faisalabad
VEH002114,عثمان Shaikh,86759-5731883-0,Husain Sheikh,1968-10-08,4500,17995464,Faisalabad
VEH002115,Hassan Shaikh,71340-4971834-4,Mohammad Sheikh,1960-02-09,3700,12483309,Faisalabad
VEH002116,Hira Butt,45695-9211510-3,Hamza Bhatti,1984-01-09,3500,12642117,Rawalpindi
VEH002117,Muhammad فیصل سید,89056-6201442-5,Muhammed Bilal Sayed,1976-10-16,3000,10497189,Rawalpindi
VEH002118,Faisal Sayyid,89058-6201442-5,Bilal Sayed,1976-10-16,2800,10489020,Rawalpindi
VEH002119,Faysal سید,89056-6201442-5,Mohammed بلال Sayyid,1976-10-16,2800,10595892,Rawalpindi
VEH002120,Mohammed Raja,24353-9336813-5,بلال Raja,1994-11-09,1500,4856806,Karachi
VEH002121,Ahmed Raja,96737-8605569-1,بلال Raja,1991-10-04,2200,9103680,Faisalabad
VEH002122,Muhammed Ahmad Raja,96737-8615569-1,,1991-10-04,2100,8082562,Faisalabad
VEH002123,Hassan Sayyid,19193-2991702-0,Hussain Syed,1989-06-15,3100,10122871,Lahore
VEH002124,Hassan Sayed,19193-2991702-0,,1989-06-15,3000,10983102,Lahore
VEH002125,Maryam ملک,52951-9003755-2,عمران Malik,1959-09-05,3600,13787377,Lahore
VEH002126,Mariam ملک,52951-9003755-2,عمران Malick,1959-09-05,3500,14205687,Lahore
VEH002127,Marium Malick,52951-9003755-2,Mohammad عمران Malik,1959-09-05,3500,14039676,Lahore
VEH002128,فیصل Syed,48299-2676389-5,Mohammed Imran Sayed,,4000,14363406,Karachi
VEH002129,Faysal Syed,48299-2676389-5,Muhammed عمران سید,1976-06-07,4100,14339443,Karachi
VEH002130,Faysal سید,48299-2676389-5,,1976-06-07,3900,15231799,Karachi
VEH002131,Faysal Sayyid,,Mohammad Imran Sayyid,1976-06-07,4300,15962230,Karachi
VEH002132,Hassan Awan,,Usman اعوان,1991-07-16,1100,4565689,Rawalpindi
VEH002133,Fatema Moghul,33129-9444015-5,Muhammed Hussain Moghul,1964-08-07,3300,12216239,Rawalpindi
VEH002134,Mohammad فیصل اعوان,88339-3503192-5,,1996-10-16,1100,3631019,Faisalabad
VEH002135,Marium قریشی,58001-9535058-7,عمران Qureshi,1999-11-24,800,2806793,Islamabad
VEH002136,Mohammad Qureshi,28726-6949305-9,Muhammad Quraishi,1982-12-26,3300,12238239,Lahore
VEH002137,محمد Quraishi,28726-6949305-9,Muhammad Quraishi,1982-12-26,3200,10249494,Lahore
VEH002138,محمد Butt,,,1984-06-05,1200,4845709,Karachi
VEH002139,مریم سید,,Osman سید,1974-04-03,1600,5528422,Lahore
VEH002140,Ali ملک,39000-6619361-3,علی ملک,1987-12-14,2500,9664371,Rawalpindi
VEH002141,Ali Malik,39000-6619361-3,Mohammed Ali ملک,1987-12-14,2600,9025968,Rawalpindi
VEH002142,ثناء Raja,56779-6574204-5,Muhammad Ali راجہ,1981-02-11,2500,9333601,Rawalpindi
VEH002143,Usman اعوان,30504-7265980-0,عمران اعوان,1980-09-16,2400,9849911,Karachi
VEH002144,عثمان اعوان,30504-7265980-0,عمران Awan,1980-09-16,2700,8648668,Karachi
VEH002145,Bilal خان,94955-4138787-5,Othman Khan,1959-06-03,1200,4143823,Karachi
VEH002146,Imran Malik,,فیصل Malick,,1800,7140345,Lahore
VEH002147,عمران Raja,,محمد راجہ,1989-02-09,1200,4201103,Faisalabad
VEH002148,Faysal Quraishi,32565-7522861-0,فیصل Quraishi,1964-01-08,2000,7879668,Faisalabad
VEH002149,Ali Shaikh,71835-3478813-4,,1986-07-09,1300,4723580,Lahore
VEH002150,Bilal Shaikh,57560-1297462-2,بلال Shaikh,1997-10-10,900,3092293,Faisalabad
VEH002151,Ahmed ملک,,Hussain Malick,1970-12-15,2900,12044201,Karachi
VEH002152,Hussein اعوان,83458-5136994-5,Imran Awan,1993-05-15,2700,9381464,Islamabad
VEH002153,Sana Ch.,,Mohammad علی چوہدری,1996-11-02,800,2713606,Faisalabad
VEH002154,Hussein Sayed,97184-8955769-9,Mohammad Husain سید,1981-12-15,1200,4761836,Karachi
VEH002155,Mohammad Hussein Mughal,98993-8797486-9,,2000-08-18,1100,3792990,Faisalabad
VEH002156,علی Khan,94515-3069052-0,Mohammad Khan,1961-12-09,2100,7696250,Karachi
VEH002157,علی خان,94515-3069052-0,Muhammad خان,1961-12-09,1900,6272170,Karachi
VEH002158,Sana خان,,Hamzah Khan,1975-10-11,1200,4510981,Rawalpindi
VEH002159,Muhammad عمران Awan,30529-3927348-7,Mohammad Hussain اعوان,2001-12-19,2400,8884240,Lahore
VEH002160,Maryam Chaudhary,60856-6617119-8,Mohammad حمزہ Chaudhary,,1700,6019397,Islamabad
VEH002161,Hussain مغل,43654-1016936-7,Hamza مغل,1959-11-22,4500,15969804,Rawalpindi
VEH002162,Hussain مغل,43654-1016936-7,حمزہ مغل,1959-11-22,4500,18753543,Rawalpindi
VEH002163,Hussain Mughal,43654-1016936-7,Mohammad حمزہ Mughal,1959-11-22,4500,17905434,Rawalpindi
VEH002164,Husain Moghul,43654-1016936-7,حمزہ Mughal,1959-11-22,4500,18736301,Rawalpindi
VEH002165,Mohammed Ch.,35850-7490389-9,Muhammad Osman Choudhary,2000-03-12,1900,7450909,Lahore
VEH002166,مریم Butt,34040-7356509-1,Muhammed Hussein Butt,1994-12-21,3300,13713110,Rawalpindi
VEH002167,Hussein Raja,36801-7105995-3,Hamzah Raja,2002-11-22,1300,4855460,Karachi
VEH002168,Ahmed Quraishi,20956-3271762-9,Ahmad قریشی,1988-05-06,3000,12321921,Rawalpindi
VEH002169,Ahmed Mughal,21137-8934301-6,Muhammed عثمان مغل,1976-09-20,1600,6080811,Islamabad
VEH002170,Usman Moghul,73494-3628128-6,Imran Moghul,1997-05-28,1300,4955363,Rawalpindi
VEH002171,Othman Raja,51950-9888234-0,احمد Raja,1955-09-21,1600,6216195,Karachi
VEH002172,Maryam مغل,43244-9381021-6,Ahmad Moghul,1992-04-15,2400,9725874,Rawalpindi
VEH002173,Fatema Choudhary,30475-8220984-2,عمران Ch.,1962-10-03,2700,10172703,Rawalpindi
VEH002174,محمد بٹ,64218-1443264-9,Hamza بٹ,1996-10-14,900,2882707,Rawalpindi
VEH002175,عمران اعوان,88066-6810876-5,Hamza Awan,1962-04-04,4500,18578950,Islamabad
VEH002176,زینب Choudhary,20401-3375707-3,عمران چوہدری,1972-09-15,1000,3558191,Rawalpindi
VEH002177,حمزہ Raja,,بلال Raja,1970-01-19,4500,15158069,Faisalabad
VEH002178,حمزہ راجہ,72402-4193467-7,,1970-01-19,4500,15409603,Faisalabad
VEH002179,Hamza Raja,72402-4193467-7,Bilal راجہ,1970-01-19,4500,17738646,Faisalabad
VEH002180,حمزہ راجہ,72402-4193467-7,Bilal راجہ,1970-01-19,4500,17973724,Faisalabad
VEH002181,بلال Sayyid,84608-9380527-9,Hamzah Sayed,1987-06-11,1700,6981242,Rawalpindi
VEH002182,Hasan راجہ,35663-7574693-5,فیصل Raja,1995-08-05,1200,4318093,Karachi
VEH002183,Muhammed احمد بٹ,50655-2417190-3,,1961-08-08,1000,3678881,Faisalabad
VEH002184,Faysal Khan,79559-4019698-0,Bilal Khan,1990-05-22,1800,6885333,Faisalabad
VEH002185,Sana Malik,,Mohammad Bilal Malick,1982-06-22,1800,6681774,Rawalpindi
VEH002186,Faysal Chaudhary,59673-1231144-8,Ahmad Chaudhry,1982-11-27,1600,5121410,Karachi
VEH002187,Mohammed بلال Sayed,,Mohammad حسین Syed,1983-11-21,1000,3207009,Karachi
VEH002188,بلال Butt,91764-5060021-5,Bilal Bhatti,1996-06-24,1100,4424901,Faisalabad
VEH002189,بلال بٹ,91764-5060021-5,Bilal Bhatti,1996-06-24,800,2849662,Faisalabad
VEH002190,Hussein بٹ,64708-6586283-0,Husain بٹ,1971-02-12,1000,3512460,Rawalpindi
VEH002191,حمزہ Ch.,52632-3764568-4,علی Ch.,1985-11-14,1600,5486871,Faisalabad
VEH002192,احمد Bhatti,45423-1057075-2,بلال Bhatti,1999-02-07,1100,3789493,Rawalpindi
VEH002193,Usman Quraishi,83005-4312779-2,Muhammed بلال Quraishi,2001-03-27,1200,4670687,Rawalpindi
VEH002194,Fatema اعوان,,Muhammad Hussein Awan,1957-12-22,3500,11221026,Karachi
VEH002195,حرا Syed,,Imran Sayed,1962-10-21,4500,17612145,Rawalpindi
VEH002196,Hira Sayed,66939-6632834-8,Imran Syed,1962-10-21,4500,18311765,Rawalpindi
VEH002197,Hira Syed,66939-6632834-8,عمران Sayyid,1962-10-21,4500,15240639,Rawalpindi
VEH002198,حرا Syed,66939-6632834-8,عمران Sayyid,1962-10-21,4500,14580341,Rawalpindi
VEH002199,حرا Awan,99914-3534174-9,,1972-10-20,1700,6333278,Islamabad
VEH002200,Hira Awan,99914-3534174-9,حسین Awan,,1600,6338990,Islamabad
VEH002201,Muhammed احمد Awan,54766-5082328-4,Muhammed اعوان,1968-09-22,1400,5065766,Rawalpindi
VEH002202,Hasan Malik,,بلال Malick,1980-05-18,1200,3880915,Islamabad
VEH002203,Hasan Malick,77120-1263807-1,,1980-05-18,1300,5104747,Islamabad
VEH002204,Hassan ملک,77120-1263807-1,Muhammad بلال ملک,1980-05-18,1500,6174888,Islamabad
VEH002205,Fatima راجہ,88248-4725910-8,Mohammed عمران راجہ,1999-12-20,700,2461952,Karachi
VEH002206,Hassan Malik,46179-5042799-9,Hamzah Malik,1989-02-12,1400,5099676,Karachi
VEH002207,Mohammad Bhatti,28500-7885335-2,علی Butt,1974-08-18,1900,6777602,Rawalpindi
VEH002208,Mohammad علی قریشی,29191-8151482-1,Muhammed Hassan Quraishi,1976-01-14,1700,6932886,Karachi
VEH002209,علی قریشی,,Mohammed Hassan Quraishi,1976-01-14,1700,5616657,Karachi
VEH002210,Fatimah Syed,10953-3974119-4,حمزہ Sayed,1973-09-27,1400,4673752,Karachi
VEH002211,Faysal اعوان,43544-1623653-1,Hussain اعوان,1992-11-28,1000,3201869,Lahore
VEH002212,Hamza Qureshi,94001-2431391-8,عمران قریشی,1980-05-12,1000,3525433,Islamabad
VEH002213,حمزہ قریشی,94977-1286354-4,Muhammad Usman Quraishi,1989-04-18,2400,7925620,Islamabad
VEH002214,Hamzah Quraishi,,Othman Quraishi,1989-04-18,2100,7366442,Islamabad
VEH002215,حمزہ Quraishi,94977-1286354-4,,1989-04-18,1900,6159929,Islamabad
VEH002216,Hira Awan,86160-1909520-3,,,2200,8631242,Karachi
VEH002217,ثناء Syed,,Hussein سید,1980-01-03,3800,15670650,Islamabad
VEH002218,Sana Sayed,25142-1818072-1,Muhammad Husain Sayed,1980-01-03,3900,15540019,Islamabad
VEH002219,Sana Sayed,25142-1818072-1,حسین Syed,1980-01-03,3800,12597847,Islamabad
VEH002220,ثناء Syed,25142-1818072-1,Husain Sayyid,1980-01-03,3700,13178143,Islamabad
VEH002221,Ali Sayed,40291-2962454-6,احمد Sayed,1973-01-18,1700,6385106,Rawalpindi
VEH002222,Usman مغل,71845-8251085-3,Mohammed عثمان Moghul,1966-05-04,2500,9245864,Islamabad
VEH002223,Othman Mughal,71845-8251085-3,Othman مغل,1966-05-04,2400,8274381,Islamabad
VEH002224,علی Raja,22820-1911379-6,,1975-12-14,1100,3520198,Rawalpindi
VEH002225,Muhammed Hasan قریشی,68169-5824263-1,Husain Qureshi,1992-01-12,1900,6103906,Rawalpindi
VEH002226,Muhammed Bilal Raja,72567-2776536-5,Mohammad احمد راجہ,1960-02-09,1500,5391785,Lahore
VEH002227,بلال راجہ,72567-2776536-5,احمد راجہ,1960-02-09,1200,4716548,Lahore
VEH002228,Hussain Raja,50023-7987186-7,Hassan راجہ,1959-11-07,2500,9378178,Islamabad
VEH002229,Mohammed حمزہ خان,10975-3050947-1,Hamzah Khan,1980-02-15,1300,4381569,Lahore
VEH002230,Muhammed Ahmad Malik,37946-9929804-3,Ahmad Malik,1997-09-21,1400,5270080,Lahore
VEH002231,حسین Malick,72000-6320116-4,بلال Malik,1982-03-09,1500,5201864,Karachi
VEH002232,Muhammed حسن خان,26553-2229551-1,Bilal Khan,,1300,5376691,Rawalpindi
VEH002233,احمد Malik,95624-2748618-3,,1996-07-24,1600,6587423,Lahore
VEH002234,Mohammed Awan,99645-1763581-7,,1982-10-27,1100,4460921,Faisalabad
VEH002235,Husain ملک,,محمد ملک,1999-12-24,2400,8086020,Rawalpindi
VEH002236,Husain Malik,21846-6840441-4,محمد Malick,1999-12-24,2400,8695614,Rawalpindi
VEH002237,Muhammad Ahmad Shaykh,73706-9361247-2,Osman Sheikh,1955-12-23,2700,10032971,Islamabad
VEH002238,Muhammed مغل,14546-8370013-9,حسن مغل,1985-05-04,800,3014473,Islamabad
VEH002239,Mohammad مغل,14546-8370012-9,Hasan مغل,1985-05-04,1000,4021439,Islamabad
VEH002240,احمد Shaykh,,Ali شیخ,1957-09-16,1000,3810843,Lahore
VEH002241,Ahmed Shaikh,26528-4042713-3,علی شیخ,1957-09-16,1300,5325016,Lahore
VEH002242,Imran خان,93617-5669203-7,حسن Khan,,2800,9747390,Lahore
VEH002243,Imran خان,93617-5669203-7,Hassan خان,1989-02-04,2800,10169732,Lahore
VEH002244,Imran خان,93617-5669203-7,حسن خان,1989-02-04,2500,10118644,Lahore
VEH002245,Muhammed Imran Khan,84009-4898050-8,Mohammad Usman خان,1958-03-24,1400,4797783,Faisalabad
VEH002246,حسن Ch.,12115-7397582-6,بلال Choudhary,1998-08-02,1500,5168247,Karachi
VEH002247,بلال اعوان,25682-3170730-0,Mohammed Hamzah Awan,,1200,5018304,Faisalabad
VEH002248,حسن قریشی,80400-2656189-9,Faysal Quraishi,2003-07-18,2300,9243609,Islamabad
VEH002249,Hussain Quraishi,68549-2332825-7,Hussein Qureshi,1973-03-02,3400,12516339,Rawalpindi
VEH002250,Mohammed Hussain Qureshi,,Hussain Quraishi,1973-03-02,3500,14245496,Rawalpindi
VEH002251,Muhammad قریشی,,,1959-05-26,1500,4969036,Faisalabad
VEH002252,Muhammed قریشی,60803-9032177-0,Faisal Qureshi,1959-05-26,1600,5731477,Faisalabad
VEH002253,Hamzah Malick,19326-8261810-4,Hamzah Malik,,900,3498842,Rawalpindi
VEH002254,Mohammed Chaudhry,,Hamzah چوہدری,1958-03-12,1600,5625126,Lahore
VEH002255,Sana بٹ,59771-8036705-4,,2003-11-17,1200,4934692,Islamabad
VEH002256,Sana Butt,59771-8036705-4,Osman Butt,2003-11-17,1500,5713836,Islamabad
VEH002257,Hussein Bhatti,39875-4107481-8,,1960-04-28,1100,4284289,Karachi
VEH002258,Muhammed Khan,50571-7450655-5,عمران Khan,1971-07-08,2100,7875997,Faisalabad
VEH002259,Muhammed خان,50571-7450655-5,عمران خان,1971-07-08,1900,7138691,Faisalabad
VEH002260,Mohammad حسین Raja,83419-1306759-7,Mohammad Hasan راجہ,1985-07-22,1200,4834745,Faisalabad
VEH002261,Mariam Bhatti,36971-8596125-8,Muhammed بٹ,1975-04-09,800,2643323,Faisalabad
VEH002262,Faisal Malick,88825-4183083-5,Mohammad Ali ملک,1979-05-05,1500,4876522,Faisalabad
VEH002263,Muhammad Ahmad اعوان,12031-9907817-5,Mohammed بلال Awan,2003-08-11,1800,6795950,Rawalpindi
VEH002264,Osman بٹ,46985-1609307-9,Faysal Butt,1989-06-15,2300,9534189,Islamabad
VEH002265,Aysha Sayed,72678-9316976-7,عمران Syed,1971-03-09,700,2726506,Islamabad
VEH002266,Faysal Malick,61064-4238752-6,,1976-01-28,1000,3421561,Faisalabad
VEH002267,Ali Moghul,,Ahmed Moghul,1961-09-05,1100,3871829,Islamabad
VEH002268,Ahmed سید,16105-6536591-5,حسن Sayed,1965-07-15,1400,5024569,Lahore
VEH002269,Mohammed احمد سید,16105-6536591-5,Hassan Sayyid,1965-07-15,1400,4634041,Lahore
VEH002270,حسین Bhatti,71060-3408422-6,Muhammed عمران Bhatti,2000-08-25,4100,14665907,Faisalabad
VEH002271,Hussein Bhatti,71060-3408922-6,عمران بٹ,2000-08-25,4000,13845530,Faisalabad
VEH002272,حسین Bhatti,,,2000-08-25,3900,14048778,Faisalabad
VEH002273,حسین Bhatti,71060-3408922-6,,2000-08-25,4300,13859096,Faisalabad
VEH002274,Imran Raja,87924-2329731-2,Imran Raja,1982-08-06,1600,5621188,Faisalabad
VEH002275,بلال خان,10892-4101860-1,Hamzah Khan,1968-08-07,1600,5846875,Rawalpindi
VEH002276,Mohammed Ahmed خان,84144-3882405-6,Ali Khan,1959-09-20,1700,6136161,Karachi
VEH002277,Maryam Khan,21142-5544032-3,Osman خان,1989-12-02,2500,10241694,Lahore
VEH002278,Faisal Syed,73166-7815484-9,Hassan Sayyid,1999-05-26,2200,8962520,Karachi
VEH002279,Ali Shaikh,44201-1954560-6,,1971-11-24,1100,3925645,Islamabad
VEH002280,Bilal خان,12760-2269005-9,Hamzah Khan,1997-06-12,1900,6325535,Islamabad
VEH002281,احمد چوہدری,33170-7890520-8,Hussain Choudhary,1994-08-02,2900,10739274,Rawalpindi
VEH002282,احمد اعوان,80370-1100103-0,,1985-09-09,1700,6273950,Islamabad
VEH002283,Mohammed حمزہ شیخ,73606-9971384-3,Hassan Shaykh,1982-08-09,2600,8366756,Islamabad
VEH002284,Mohammed Hamza شیخ,73606-9971384-3,,1982-08-09,2300,9444237,Islamabad
VEH002285,Mohammad Ahmed شیخ,63084-3165141-0,Imran شیخ,1968-07-04,2000,8030843,Lahore
VEH002286,Imran Ch.,17330-1853853-0,Muhammed بلال Choudhary,1979-06-18,3700,14280978,Islamabad
VEH002287,Faisal خان,71273-9854612-5,,,1900,7374636,Islamabad
VEH002288,علی Awan,58277-2905593-3,,1998-01-11,4500,15203932,Rawalpindi
VEH002289,علی اعوان,58277-2905593-3,,,4500,18250634,Rawalpindi
VEH002290,Muhammad Ali Awan,58277-2905593-3,محمد اعوان,,4500,16600596,Rawalpindi
VEH002291,علی اعوان,,محمد Awan,1998-01-11,4500,15551408,Rawalpindi
VEH002292,Imran Bhatti,13212-7020608-1,Hussein Butt,1961-03-01,2800,10291988,Karachi
VEH002293,Imran Butt,13212-7020608-1,,1961-03-01,3300,12080111,Karachi
VEH002294,Imran Bhatti,13214-7020608-1,Hussain Butt,1961-03-01,2800,9697734,Karachi
VEH002295,Ahmad Bhatti,95601-2808399-8,Mohammed حمزہ بٹ,1994-09-19,900,3144094,Rawalpindi
VEH002296,Hasan Khan,11026-5717603-2,,,1300,4576848,Lahore
VEH002297,Mohammed بٹ,67084-7367529-6,Mohammed عمران Butt,1974-08-02,2200,8419669,Lahore
VEH002298,Muhammed Butt,67084-7367529-6,Imran Butt,1974-08-02,2200,7271643,Lahore
VEH002299,فاطمہ راجہ,78925-3470175-3,Muhammed حسن راجہ,1957-10-15,2800,9599478,Karachi
VEH002300,Fatema Raja,,حسن راجہ,1957-10-15,2300,8867708,Karachi
VEH002301,فاطمہ Raja,78925-3470105-3,Hasan راجہ,1957-10-15,2400,10043277,Karachi
VEH002302,Hussain Awan,92693-8830137-5,احمد اعوان,1988-12-13,1700,5859756,Rawalpindi
VEH002303,Sana Awan,26162-1692691-8,Mohammed Awan,,4100,14472395,Karachi
VEH002304,Sana Awan,26162-1692691-8,Mohammed Awan,1988-04-09,4200,15079988,Karachi
VEH002305,ثناء Awan,,Mohammad اعوان,1988-04-09,4100,13956775,Karachi
VEH002306,Hassan بٹ,80672-7327471-7,Mohammad علی Bhatti,1979-01-06,1100,3792111,Rawalpindi
VEH002307,Mohammad Ali Malik,,Muhammad Hamza ملک,1993-10-09,4500,14676409,Rawalpindi
VEH002308,Mohammed علی Malik,60816-3307293-4,Mohammed Hamzah Malick,1993-10-09,4500,17844437,Rawalpindi
VEH002309,علی Malick,,Hamzah Malick,1993-10-09,4500,16654734,Rawalpindi
VEH002310,احمد Awan,68927-4792184-0,Usman اعوان,1996-10-16,3000,10024103,Faisalabad
VEH002311,Ali بٹ,65300-7742773-7,,,1800,6810782,Islamabad
VEH002312,Ali بٹ,65300-7742774-7,Ali Butt,1994-03-19,1500,5591581,Islamabad
VEH002313,فاطمہ شیخ,65470-9405268-6,Ali شیخ,1991-07-14,1200,4004133,Islamabad
VEH002314,Fatema Sheikh,65470-9405268-6,Ali Shaykh,1991-07-14,1000,3368517,Islamabad
VEH002315,Muhammad بلال Shaykh,92168-7134294-0,Bilal Shaykh,1957-01-24,1800,6789143,Rawalpindi
VEH002316,بلال Sayed,52346-6182576-5,حسین سید,2001-04-02,1100,4338523,Islamabad
VEH002317,Mohammad Bilal Sayyid,52346-6182576-5,Hussein Sayyid,2001-04-02,1300,5371336,Islamabad
VEH002318,Hira Ch.,35990-3648214-1,بلال Ch.,1980-06-27,2000,8303592,Karachi
VEH002319,Muhammed Sheikh,12942-7830791-4,Mohammad علی Shaikh,1964-08-14,2500,8146911,Islamabad
VEH002320,Muhammed شیخ,12942-7830771-4,علی Sheikh,1964-08-14,2500,9083078,Islamabad
VEH002321,محمد شیخ,12942-7830771-4,Ali Shaikh,,2700,9316416,Islamabad
VEH002322,Faisal Bhatti,28369-8231916-5,,1975-04-10,900,3621948,Rawalpindi
VEH002323,Ahmad Malik,30573-9528624-5,Faysal Malick,1977-04-23,1900,6451350,Rawalpindi
VEH002324,Ahmad ملک,30577-9528624-5,,1977-04-23,2000,7718213,Rawalpindi
VEH002325,زینب Qureshi,83523-9280290-5,Faisal قریشی,,1600,6048590,Faisalabad
VEH002326,Othman Sheikh,31586-4832149-0,,1980-05-24,2400,8436437,Faisalabad
VEH002327,Ali Mughal,46601-5947807-4,Mohammed Hassan Moghul,1969-12-05,2200,7615684,Rawalpindi
VEH002328,Mohammad Ali Moghul,46601-5947807-4,حسن Mughal,1969-12-05,2400,9084818,Rawalpindi
VEH002329,علی Mughal,46601-5947807-4,Hasan مغل,1969-12-05,2200,8776419,Rawalpindi
VEH002330,علی Mughal,46601-5947807-4,حسن مغل,,2200,7771910,Rawalpindi
VEH002331,Muhammed خان,67972-5891820-4,Mohammed Ali خان,1994-09-06,2600,9935602,Faisalabad
VEH002332,Ahmed سید,25873-3158836-8,Mohammad علی Sayed,1982-06-17,700,2860967,Islamabad
VEH002333,عمران Butt,98938-6884501-6,Othman Butt,1962-11-05,1000,4016226,Lahore
VEH002334,حسین Bhatti,,Mohammed بلال بٹ,1996-04-03,2100,7712416,Karachi
VEH002335,Mohammed Husain Bhatti,13516-9625375-0,Bilal Bhatti,1996-04-03,2200,9017449,Karachi
VEH002336,Faisal بٹ,68956-5521161-5,Faysal بٹ,1956-12-16,3300,12398350,Lahore
VEH002337,فیصل Bhatti,68956-5521161-5,Faysal بٹ,1956-12-16,3000,9708558,Lahore
VEH002338,Faysal بٹ,68956-5521161-5,Faisal Butt,1956-12-16,3400,13507955,Lahore
VEH002339,Sana مغل,89202-9675717-7,Muhammad حمزہ Moghul,1997-06-06,1400,4713086,Lahore
VEH002340,ثناء Moghul,89202-9675717-7,Hamza Moghul,1997-06-06,1300,5374720,Lahore
VEH002341,Aisha خان,93427-3101119-5,Hassan خان,1987-11-02,4500,15458263,Islamabad
VEH002342,Aisha خان,93427-3101119-5,,1987-11-02,4500,17664974,Islamabad
VEH002343,عائشہ Khan,,Hassan Khan,,4500,15677491,Islamabad
VEH002344,Husain مغل,,Osman مغل,1998-10-25,1300,4215215,Islamabad
VEH002345,حسن راجہ,85326-3367380-7,Mohammed حمزہ راجہ,1997-02-28,800,2651876,Islamabad
VEH002346,Muhammed بلال Sayyid,63501-7751549-7,Bilal سید,1955-02-24,1000,3664511,Karachi
VEH002347,حمزہ Raja,29520-4395587-0,,1996-07-04,2400,8353659,Karachi
VEH002348,حمزہ Raja,29520-4395587-0,Muhammed فیصل Raja,1996-07-04,2600,10837461,Karachi
VEH002349,حرا Khan,45539-8049636-1,,,2400,9181136,Faisalabad
VEH002350,Mohammed Hassan Malik,63518-4926232-7,عمران Malick,1960-04-04,1700,6807706,Islamabad
VEH002351,Usman Malick,19772-5048491-6,Faysal Malik,1956-01-09,4500,18827675,Faisalabad
VEH002352,عثمان Malik,,,1956-01-09,4500,18343223,Faisalabad
VEH002353,Faysal Bhatti,83364-2562351-1,فیصل Butt,1998-03-14,3900,13253724,Lahore
VEH002354,Faisal Butt,83364-2562351-1,,1998-03-14,3800,15918286,Lahore
VEH002355,Muhammad Mughal,,عمران Moghul,1959-05-10,4200,14747096,Faisalabad
VEH002356,حرا Sayed,72509-8828184-2,Faysal Syed,1972-03-01,1100,4372941,Karachi
VEH002357,عثمان Butt,,Hassan بٹ,1988-11-01,800,2639448,Lahore
VEH002358,Muhammad Hamza Sayed,23061-7218604-1,Hasan سید,1994-09-25,4500,16698290,Faisalabad
VEH002359,Mohammed حمزہ سید,,Hassan سید,1994-09-25,4500,17157991,Faisalabad
VEH002360,Hamza سید,23061-7218604-1,Muhammad Hasan Sayed,,4500,18395284,Faisalabad
VEH002361,Hamzah Syed,23061-7218604-1,حسن سید,1994-09-25,4500,16793614,Faisalabad
VEH002362,علی Chaudhary,11825-9459747-3,,1986-04-04,4100,15367218,Rawalpindi
VEH002363,Ali چوہدری,11825-9459747-3,Mohammad فیصل Choudhary,,4100,16733097,Rawalpindi
VEH002364,Bilal Shaykh,63578-8720628-5,محمد Shaykh,1959-02-12,4000,13155197,Lahore
VEH002365,بلال Shaikh,63578-8721628-5,,1959-02-12,4200,16129733,Lahore
VEH002366,حرا خان,22511-5791535-7,Muhammad Hamzah خان,1976-07-28,1400,5539420,Lahore
VEH002367,فاطمہ اعوان,67616-8927894-0,Muhammed عمران Awan,1956-12-28,1000,3444622,Karachi
VEH002368,علی شیخ,,,1967-11-16,4500,15346758,Lahore
VEH002369,Ali شیخ,61163-6538074-7,Othman Shaykh,1967-11-16,4500,17651023,Lahore
VEH002370,Aysha سید,95484-4396012-9,Faisal Sayyid,1971-06-03,2300,8895762,Faisalabad
VEH002371,Aisha سید,95484-4396012-9,Faisal Sayyid,1971-06-03,1900,6510370,Faisalabad
VEH002372,Sana قریشی,17501-5118243-6,حسن Qureshi,1995-01-12,1200,4954918,Rawalpindi
VEH002373,Sana Qureshi,17501-5118843-6,Mohammad Hasan Qureshi,1995-01-12,1200,4668522,Rawalpindi
VEH002374,Fatima Qureshi,,علی قریشی,1968-06-06,800,2581943,Karachi
VEH002375,احمد Moghul,17185-6107482-3,Muhammad عمران مغل,1974-12-08,1700,5873052,Karachi
VEH002376,Ahmad مغل,17185-6107582-3,Imran مغل,1974-12-08,1600,6089729,Karachi
VEH002377,احمد Moghul,17185-6107482-3,Muhammed عمران Mughal,1974-12-08,1400,5141391,Karachi
VEH002378,Ahmed Moghul,17185-6107482-3,Mohammad Imran Mughal,,1500,5462789,Karachi
VEH002379,Zainab Awan,21992-4831878-1,احمد اعوان,1965-07-12,1300,4654839,Lahore
VEH002380,Aisha بٹ,28422-9286770-5,Imran بٹ,1989-09-03,1300,5351160,Lahore
VEH002381,Muhammad Sayed,44303-2952004-6,Mohammad Usman سید,1963-08-06,1400,5487523,Lahore
VEH002382,Mohammad Faisal Butt,46339-7512363-9,Bilal Bhatti,1960-12-08,2200,9054986,Karachi
VEH002383,مریم Shaykh,14761-5736848-5,Mohammad Shaykh,1999-12-19,1200,4148865,Rawalpindi
VEH002384,Muhammed Usman Chaudhary,,بلال چوہدری,2000-03-14,3300,11905078,Lahore
VEH002385,Osman Ch.,,Bilal چوہدری,2000-03-14,3400,13038774,Lahore
VEH002386,Othman Chaudhry,57503-1456716-1,,2000-03-14,3600,13655979,Lahore
VEH002387,Husain Moghul,25665-9142814-3,,1978-11-03,2800,11231100,Islamabad
VEH002388,Mohammad Awan,93587-4381218-5,Mohammed Faisal Awan,1995-11-14,1500,5813919,Islamabad
VEH002389,Muhammad Awan,93587-4381218-5,Faisal Awan,1995-11-14,1900,7115119,Islamabad
VEH002390,Mohammad Awan,93587-4381218-5,فیصل اعوان,1995-11-14,1800,6145167,Islamabad
VEH002391,Hasan Sayed,57435-9061707-4,حسن سید,,1400,4861347,Lahore
VEH002392,Mohammad بلال Bhatti,22803-9422238-1,Faisal Butt,1956-03-07,1200,4735941,Lahore
VEH002393,Ali Raja,89180-8235722-5,بلال Raja,1989-12-28,1200,4628950,Islamabad
VEH002394,فیصل اعوان,38558-2080897-4,Othman Awan,1992-06-12,1100,4054842,Islamabad
VEH002395,Mohammed Shaikh,65906-6873567-4,Hamza شیخ,1967-06-14,4500,16134714,Faisalabad
VEH002396,Mohammad Sheikh,65906-6873567-4,Mohammad Hamzah Sheikh,1967-06-14,4300,14166417,Faisalabad
VEH002397,Muhammad Shaikh,65906-6873567-4,Hamzah Shaikh,1967-06-14,4200,15746350,Faisalabad
VEH002398,Hussain Qureshi,25260-5431138-6,Muhammed Hussein Quraishi,,4500,15128614,Karachi
VEH002399,Hussein Quraishi,25260-5431138-6,,1983-01-05,4500,15540119,Karachi
VEH002400,حسین Qureshi,,حسین Qureshi,1983-01-05,4500,17032500,Karachi
VEH002401,Hussein Quraishi,25260-5431138-6,,1983-01-05,4500,15345039,Karachi
VEH002402,Zaynab ملک,66084-1213978-2,علی Malik,1978-03-11,1800,6971866,Rawalpindi
VEH002403,زینب Malick,,علی Malik,1978-03-11,2000,7370222,Rawalpindi
VEH002404,حسین خان,42417-8535168-9,Mohammed Khan,1977-09-09,1000,4185015,Karachi
VEH002405,Mohammed Husain Chaudhary,84027-3604540-5,Hamzah چوہدری,1955-10-19,1500,6298903,Faisalabad
VEH002406,Muhammed Chaudhary,47946-1311394-1,بلال Chaudhary,1995-08-15,2900,11371565,Faisalabad
VEH002407,محمد چوہدری,47946-1311394-1,بلال Chaudhry,1995-08-15,2800,9793550,Faisalabad
VEH002408,Faisal Malik,,Faysal ملک,1984-01-20,1200,3965014,Karachi
VEH002409,Hasan Malick,64152-9310409-6,فیصل Malik,1975-10-15,800,2730401,Islamabad
VEH002410,Mariam Raja,85617-9506299-7,Bilal Raja,1999-09-03,1500,5368812,Lahore
VEH002411,Aysha Qureshi,,Ali Qureshi,1998-05-06,4400,15444418,Karachi
VEH002412,Ayesha قریشی,23536-8898566-0,Ali Qureshi,1998-05-06,3900,14849527,Karachi
VEH002413,Hamza Butt,42687-9960925-0,Mohammad Ahmad Butt,1968-02-17,2100,8393424,Lahore
VEH002414,حمزہ بٹ,42687-9960925-0,Ahmad بٹ,1968-02-17,2100,7988722,Lahore
VEH002415,حمزہ Raja,58958-8274084-0,عمران Raja,1988-01-22,1600,5389769,Karachi
VEH002416,Hussain Syed,,,1960-05-19,1100,4222530,Karachi
VEH002417,Hassan اعوان,87263-4379310-8,Mohammad اعوان,1974-06-01,1900,7845390,Lahore
VEH002418,Imran Choudhary,24672-2357404-6,Hussein Ch.,1986-07-09,900,3062770,Islamabad
VEH002419,Fatimah راجہ,36668-0923620-7,علی Raja,,2600,8603833,Rawalpindi
VEH002420,Faysal Raja,39267-1970784-8,Ali Raja,1966-08-21,1800,7538980,Islamabad
VEH002421,فیصل Raja,39267-1970784-8,,1966-08-21,2000,6606830,Islamabad
VEH002422,Muhammed Faysal راجہ,39267-1970784-8,Ali راجہ,1966-08-21,1900,7183227,Islamabad
VEH002423,محمد اعوان,77066-7951201-1,Ahmad Awan,1976-07-26,4500,14993291,Lahore
VEH002424,Muhammad اعوان,77066-7951201-1,,1976-07-26,4500,16540953,Lahore
VEH002425,محمد Awan,77066-7951201-1,Ahmad اعوان,,4500,17810565,Lahore
VEH002426,محمد اعوان,77066-7951201-1,Muhammed Ahmad اعوان,,4500,14899799,Lahore
VEH002427,حسن Khan,82422-1492554-1,Mohammed فیصل خان,,1200,4209073,Rawalpindi
VEH002428,Fatema Shaikh,63376-1425031-6,Mohammad Hasan شیخ,1994-11-22,1000,3371853,Rawalpindi
VEH002429,Othman ملک,,Faisal Malik,1984-01-28,3900,15637545,Karachi
VEH002430,Othman Malik,64159-2705794-9,,1984-01-28,3800,12224848,Karachi
VEH002431,Othman Malik,64159-2705794-9,Muhammad فیصل Malik,1984-01-28,3900,15986701,Karachi
VEH002432,Faysal Choudhary,26764-6100113-0,علی چوہدری,1998-08-26,1100,3758417,Karachi
VEH002433,Muhammed ملک,68760-7104310-5,Muhammad Usman ملک,1985-05-17,900,3114573,Rawalpindi
VEH002434,Mohammed اعوان,61680-1995202-5,عثمان Awan,1985-04-17,1700,6648268,Karachi
VEH002435,Ahmad خان,10868-1481200-6,Mohammad بلال خان,1962-07-26,1300,4671443,Faisalabad
VEH002436,Imran ملک,40165-7493894-9,حمزہ Malick,1976-08-11,1400,5364549,Islamabad
VEH002437,Ahmed Bhatti,64923-4742275-4,Imran بٹ,1983-05-11,800,3016619,Karachi
VEH002438,Mariam قریشی,86365-2984241-2,Mohammed Qureshi,1993-05-11,1400,5833652,Islamabad
VEH002439,عمران Moghul,36657-9863771-2,بلال مغل,1992-08-13,900,3198338,Islamabad
VEH002440,عمران خان,64251-9777745-9,Faisal خان,1999-02-22,1200,4804379,Lahore
VEH002441,Imran اعوان,10055-8880122-5,Mohammad اعوان,1961-04-19,3000,11050085,Rawalpindi
VEH002442,Faisal Shaikh,69224-9021919-4,Bilal Shaikh,1970-02-25,4500,16655456,Islamabad
VEH002443,Faisal شیخ,69224-9021919-4,,1970-02-25,4500,17843048,Islamabad
VEH002444,Faisal Sheikh,69224-9021919-4,,1970-02-25,4500,17472731,Islamabad
VEH002445,فیصل Shaykh,69224-9021929-4,بلال Shaikh,,4500,17134205,Islamabad
VEH002446,Imran Sayed,63285-8375955-8,Bilal Syed,1959-07-08,1400,5822429,Lahore
VEH002447,Ahmad Shaykh,42706-5272525-8,Ali Sheikh,1989-01-01,1200,4126900,Faisalabad
VEH002448,Hamzah راجہ,76425-5760123-7,,,4400,17941826,Karachi
VEH002449,Hamza Raja,76425-5760123-7,Osman Raja,,4400,17194193,Karachi
VEH002450,عثمان Qureshi,56048-2309962-2,Mohammad قریشی,1980-10-01,2500,9023491,Islamabad
VEH002451,Ayisha Malik,55715-8622446-3,Mohammad Hamzah ملک,1964-06-08,2300,8598674,Faisalabad
VEH002452,Hamza Raja,79382-1255768-9,Muhammed Usman Raja,1985-03-24,1500,6065694,Rawalpindi
VEH002453,Mohammad Hamza Butt,30626-6358337-6,Hamzah Butt,1955-04-06,1000,3708716,Islamabad
VEH002454,زینب Raja,17006-1534594-2,محمد راجہ,1986-06-22,2900,12150838,Rawalpindi
VEH002455,زینب راجہ,17006-1534594-2,Mohammed راجہ,1986-06-22,2800,9741129,Rawalpindi
VEH002456,Zainab Raja,,Mohammed Raja,1986-06-22,2600,9992931,Rawalpindi
VEH002457,Mohammed Shaykh,45247-1218618-7,حسن Shaykh,1995-02-19,1100,4114401,Islamabad
VEH002458,Muhammad Ahmad ملک,,,1994-11-21,900,3707275,Lahore
VEH002459,Osman Sheikh,,Muhammed Shaykh,1989-04-04,2500,9149776,Rawalpindi
VEH002460,Mohammad Usman Sheikh,55089-7151685-2,Mohammed Shaykh,1989-04-04,2400,8790602,Rawalpindi
VEH002461,محمد Raja,51394-4590440-3,,1968-01-09,2100,7450781,Karachi
VEH002462,محمد Raja,51394-4590440-3,Husain Raja,1968-01-09,2200,8773351,Karachi
VEH002463,محمد Awan,13074-3582261-6,Hamzah اعوان,1977-06-09,1300,4729183,Karachi
VEH002464,زینب Malick,79337-3340450-5,Mohammed Ahmad ملک,1961-08-28,1700,6945454,Rawalpindi
VEH002465,Zaynab ملک,79337-3340450-5,Ahmad Malick,,1400,5365892,Rawalpindi
VEH002466,Zaynab Malick,79337-3340450-5,Mohammed احمد ملک,1961-08-28,1500,5797290,Rawalpindi
VEH002467,Zainab Sayed,,Mohammed Othman Sayed,1993-05-14,2500,8989562,Islamabad
VEH002468,حسن Awan,54930-3892299-5,Hamza Awan,1983-07-18,2400,9196933,Islamabad
VEH002469,Hira Awan,59011-2483731-6,Bilal Awan,1957-04-24,3800,15000163,Lahore
VEH002470,حرا Awan,59011-2483731-6,Mohammad بلال اعوان,1957-04-24,3700,14647396,Lahore
VEH002471,Hira Awan,59011-2483731-6,بلال Awan,1957-04-24,3700,14689535,Lahore
VEH002472,Hamza خان,98650-1284681-9,,2000-11-02,1300,5244157,Karachi
VEH002473,Osman Malik,59804-4732932-2,Hassan ملک,1958-11-10,1400,4633152,Faisalabad
VEH002474,Bilal شیخ,76696-2461117-5,Muhammad Bilal شیخ,1980-01-22,4500,15621486,Faisalabad
VEH002475,Bilal Shaikh,76696-2461117-5,Bilal Shaikh,1980-01-22,4500,14410138,Faisalabad
VEH002476,بلال شیخ,76696-2461117-5,بلال Shaikh,1980-01-22,4500,17098707,Faisalabad
VEH002477,بلال شیخ,76696-2461117-5,Bilal Shaikh,1980-01-22,4500,17995637,Faisalabad
VEH002478,فیصل Raja,,Hussain Raja,1967-05-27,800,3233460,Karachi
VEH002479,Faysal Raja,20990-9757292-3,حسین راجہ,1967-05-27,700,2837348,Karachi
VEH002480,فاطمہ Qureshi,,,1995-04-10,700,2242352,Rawalpindi
VEH002481,حسین راجہ,28331-8349730-7,Mohammad Hassan Raja,,2100,8668002,Lahore
VEH002482,Hussein اعوان,33868-3165222-4,Muhammed بلال اعوان,1994-07-17,1500,6143784,Rawalpindi
VEH002483,Usman راجہ,64524-8038158-4,Muhammed Imran Raja,1984-09-10,1100,4422494,Karachi
VEH002484,Fatima Raja,41195-7456436-5,Bilal Raja,1966-07-02,3400,11617439,Karachi
VEH002485,Fatimah Raja,41190-7456436-5,Muhammad Bilal Raja,1966-07-02,3500,13140795,Karachi
VEH002486,Faysal راجہ,78902-9580834-0,Muhammad راجہ,1999-04-01,1800,6672637,Karachi
VEH002487,Mohammad بلال Mughal,36878-8841285-6,بلال Mughal,1965-02-12,1100,4197127,Lahore
VEH002488,علی Awan,90627-2608578-4,,1971-09-03,1600,5748720,Faisalabad
VEH002489,Ali اعوان,90627-2608578-4,Muhammed Osman اعوان,1971-09-03,1500,6257599,Faisalabad
VEH002490,Hamza Sheikh,54195-9658470-4,Muhammad Imran Shaykh,2002-08-09,1200,4278425,Faisalabad
VEH002491,Muhammed Khan,96770-1377555-5,Hamza خان,1956-02-19,1600,6410853,Faisalabad
VEH002492,عمران Butt,10188-2743849-5,Mohammed Imran Butt,1962-03-25,1100,4214390,Rawalpindi
VEH002493,Imran اعوان,70041-7481689-3,Muhammad Awan,1998-09-07,2100,7670439,Rawalpindi
VEH002494,Muhammed حسین شیخ,30563-4267459-0,Usman شیخ,1991-08-12,1900,6349402,Karachi
VEH002495,Bilal Raja,65862-7451094-4,Imran راجہ,1985-09-06,1800,7197010,Islamabad
VEH002496,Mariam Malik,10761-2811009-6,Hamza ملک,1999-08-10,2400,9874978,Karachi
VEH002497,Marium Malick,10761-2811009-6,Muhammad Hamzah ملک,1999-08-10,2300,8621543,Karachi
VEH002498,Maryam ملک,10761-2811009-6,Muhammad حمزہ Malik,1999-08-10,2500,8808527,Karachi
VEH002499,مریم Malik,10761-2811009-6,Mohammed Hamzah ملک,1999-08-10,2300,7713360,Karachi
VEH002500,Husain Raja,87742-9720251-5,Mohammad Faisal Raja,1964-08-04,2000,6990432,Faisalabad
VEH002501,Sana بٹ,89227-4447616-4,Hamza Butt,1979-12-17,800,3350114,Rawalpindi
VEH002502,ثناء بٹ,89227-4447616-4,,1979-12-17,1200,4843400,Rawalpindi
VEH002503,Usman Moghul,67910-8104465-9,Othman Moghul,1978-10-28,1700,6575941,Islamabad
VEH002504,Sana ملک,75011-9697797-3,حمزہ ملک,1968-02-26,1400,5579620,Lahore
VEH002505,Muhammad Ali بٹ,75528-2301253-1,Bilal Bhatti,1966-12-15,1000,4166606,Islamabad
VEH002506,Mohammad Ali بٹ,75528-2301253-4,بلال Bhatti,1966-12-15,900,3383443,Islamabad
VEH002507,Aisha شیخ,22404-7039573-1,Mohammed Hussein شیخ,1998-11-24,1200,4409616,Islamabad
VEH002508,علی Sayyid,42219-6600260-4,Hamza سید,,1800,6376585,Karachi
VEH002509,Hamzah Chaudhry,10432-8731770-9,علی Chaudhry,1980-11-13,1000,3628851,Lahore
VEH002510,Hussein Butt,13437-2721172-7,Mohammed عثمان Butt,1955-06-14,3000,11633104,Rawalpindi
VEH002511,حسین Shaykh,,علی Sheikh,,2100,7997791,Karachi
VEH002512,علی Choudhary,11976-1456832-3,,1963-08-17,1700,6844912,Lahore
VEH002513,Faisal Khan,,,1986-04-04,1200,4563376,Rawalpindi
VEH002514,Mohammed فیصل Ch.,46640-7962262-2,Faysal چوہدری,1999-04-07,1000,3899323,Islamabad
VEH002515,Zaynab ملک,,Imran Malick,1983-09-21,2900,10477211,Islamabad
VEH002516,Zainab Malick,54827-4930731-3,Imran Malik,1983-09-21,2600,9392757,Islamabad
VEH002517,Osman سید,19398-3396368-6,,1983-07-21,1600,6237547,Lahore
VEH002518,Osman Sayed,15398-3396368-6,بلال Sayyid,1983-07-21,1700,6661826,Lahore
VEH002519,Usman Sayyid,19398-3396368-6,Mohammed بلال Sayyid,1983-07-21,1700,6290435,Lahore
VEH002520,Muhammad Hassan شیخ,51965-5540825-3,علی Sheikh,1981-11-03,1000,3514812,Karachi
VEH002521,Sana چوہدری,57861-5039453-1,,1965-06-06,1600,6218286,Karachi
VEH002522,ثناء Chaudhry,,Ali Chaudhry,,1600,5898670,Karachi
VEH002523,زینب مغل,61413-8776950-0,بلال Mughal,,1600,5964382,Rawalpindi
VEH002524,زینب Mughal,67413-8776950-0,Bilal Mughal,,1500,6278307,Rawalpindi
VEH002525,حسین Shaykh,92215-4905004-0,,1997-12-01,1100,4078740,Faisalabad
VEH002526,Ahmed Malik,50290-1331305-0,,1971-10-03,3600,15082570,Faisalabad
VEH002527,Ahmed Malick,50290-1331305-0,حسین Malik,1971-10-03,3800,12257247,Faisalabad
VEH002528,حمزہ Sheikh,48461-3902261-2,,1991-10-07,3100,11527208,Lahore
VEH002529,حمزہ Shaykh,,Hussain شیخ,1991-10-07,2900,10443716,Lahore
VEH002530,Mohammad Bhatti,19618-1989793-7,Muhammed Butt,1997-05-22,4500,17031984,Karachi
VEH002531,Mohammed Bhatti,19618-1989793-7,Muhammad Bhatti,1997-05-22,4500,17480080,Karachi
VEH002532,Muhammed Bhatti,19618-1989793-7,Muhammad Bhatti,1997-05-22,4500,16423602,Karachi
VEH002533,Muhammed Butt,19618-1989793-7,Mohammed Butt,1997-05-22,4500,18842507,Karachi
VEH002534,Ayisha Syed,92811-5274081-7,Ali Sayed,1975-06-07,3000,10262908,Islamabad
VEH002535,Aisha Syed,92811-5274081-7,علی سید,,2900,10513413,Islamabad
VEH002536,Aisha سید,92811-5274081-7,علی Syed,1975-06-07,3300,12206292,Islamabad
VEH002537,فاطمہ اعوان,29087-1115700-7,Muhammed علی اعوان,1975-12-02,1500,5558392,Karachi
VEH002538,Muhammad عثمان چوہدری,15108-2663900-0,فیصل Choudhary,2002-11-20,900,2954611,Lahore
VEH002539,Ali راجہ,,,1971-10-05,2200,9160301,Faisalabad
VEH002540,Hussein قریشی,63107-8153348-4,علی قریشی,1985-04-18,4500,17766782,Karachi
VEH002541,Muhammed Hussain قریشی,63107-8153348-4,,,4500,14889504,Karachi
VEH002542,Hussain Quraishi,63107-8153348-4,Ali Quraishi,1985-04-18,4500,17322999,Karachi
VEH002543,Mohammed Hussain Quraishi,63107-8153348-4,علی Qureshi,1985-04-18,4500,14556835,Karachi
VEH002544,Mariam Butt,20880-1629575-5,Ahmed بٹ,1965-10-21,1300,5368155,Faisalabad
VEH002545,مریم Raja,74640-1051081-8,,1971-01-17,1000,3218900,Karachi
VEH002546,Hamza Sayyid,64000-1346255-8,Mohammed Bilal سید,1969-04-07,2000,7669997,Rawalpindi
VEH002547,Muhammed سید,94248-9274467-6,Mohammed Syed,,900,3079461,Rawalpindi
VEH002548,عثمان خان,81879-4659331-0,بلال Khan,1995-10-06,2700,10774182,Faisalabad
VEH002549,عثمان خان,,Mohammad Bilal Khan,1995-10-06,2500,9836681,Faisalabad
VEH002550,Muhammed Faysal Malick,50697-4531509-6,,,2000,7025758,Faisalabad
VEH002551,Faisal قریشی,42478-7604560-0,Muhammed حسن قریشی,1992-01-07,1900,6993902,Karachi
VEH002552,Hasan Awan,10279-2940725-0,Hasan اعوان,1995-03-26,1900,7879688,Faisalabad
VEH002553,Mohammad Ahmad Sayed,,بلال Sayyid,1971-05-09,1100,3709279,Rawalpindi
VEH002554,Muhammed Quraishi,32200-7401597-0,,1988-11-10,4500,16317147,Islamabad
VEH002555,محمد قریشی,32200-7401597-0,علی قریشی,1988-11-10,4500,17652254,Islamabad
VEH002556,محمد Quraishi,32200-7401597-0,Muhammad Ali قریشی,1988-11-10,4500,16448158,Islamabad
VEH002557,Mohammad قریشی,32200-7401597-0,Ali Qureshi,1988-11-10,4500,18016764,Islamabad
VEH002558,Mohammad Ali Chaudhry,,Ahmed Choudhary,1965-02-25,1800,6376913,Islamabad
VEH002559,علی Quraishi,,Hasan Qureshi,,1700,5748030,Rawalpindi
VEH002560,Mohammed حسین بٹ,40482-7700848-3,عمران بٹ,1967-12-09,1100,4585060,Islamabad
VEH002561,Zainab Chaudhary,39220-2287289-5,Mohammad Hassan Chaudhary,,1200,3846422,Lahore
VEH002562,Faisal Khan,,Mohammed Khan,1959-06-02,2700,11115014,Islamabad
VEH002563,Hassan بٹ,33507-9855241-2,Muhammed فیصل Bhatti,1996-12-09,2100,8318376,Islamabad
VEH002564,Aysha Bhatti,71834-5711727-1,Usman Butt,2003-02-27,4500,16119465,Lahore
VEH002565,Ayesha Bhatti,71834-5711777-1,عثمان بٹ,2003-02-27,4500,17011532,Lahore
VEH002566,Ayisha Butt,71834-5711727-1,Mohammed عثمان بٹ,2003-02-27,4500,17452697,Lahore
VEH002567,Bilal Syed,76624-3621681-4,Muhammed حسن Sayyid,1981-05-18,1300,5278935,Karachi
VEH002568,Hassan Sayed,33750-1323670-9,Hussain Sayed,1983-01-11,800,2642512,Islamabad
VEH002569,Zaynab راجہ,96713-1187425-1,عمران راجہ,2001-11-15,1800,7484170,Lahore
VEH002570,Zainab Raja,96713-1187425-1,Muhammad عمران راجہ,2001-11-15,1800,6131174,Lahore
VEH002571,Muhammed Hamza خان,,Imran Khan,1983-02-28,1600,5322088,Islamabad
VEH002572,Mohammed Hussein Bhatti,27229-8820672-3,عمران بٹ,1975-05-09,4500,17197229,Lahore
VEH002573,مریم Malik,74912-4313305-1,,1956-12-21,1100,4114404,Lahore
VEH002574,Muhammad بلال Syed,65600-3845685-4,بلال Sayed,1994-12-18,1000,4113665,Rawalpindi
VEH002575,حمزہ Moghul,69782-7217678-2,Hassan Moghul,1975-03-20,1400,5223886,Lahore
VEH002576,Mohammed Ahmad قریشی,34338-4032184-1,Imran Quraishi,1962-10-11,900,3440510,Islamabad
VEH002577,احمد Qureshi,,Imran Quraishi,1962-10-11,1200,4557830,Islamabad
VEH002578,حمزہ خان,,Mohammad Hasan خان,1962-04-04,1400,5167082,Rawalpindi
VEH002579,Osman Chaudhary,35318-7715041-4,Ali Chaudhary,1977-06-01,1300,5114067,Faisalabad
VEH002580,Hasan شیخ,23137-3692680-5,Hussein Shaikh,1999-07-15,1200,4609791,Karachi
VEH002581,حسین Mughal,89338-7009017-9,Hamza Moghul,1985-01-08,1600,6323539,Faisalabad
VEH002582,Muhammad Osman سید,26508-7202383-8,Hassan Sayyid,1966-01-03,2300,8867519,Faisalabad
VEH002583,Usman سید,26508-7202383-8,Hasan Sayyid,1966-01-03,2500,9538405,Faisalabad
VEH002584,Othman Sayed,26508-7202383-8,,1966-01-03,2200,7087114,Faisalabad
VEH002585,عثمان بٹ,35293-7644631-7,Faisal Butt,1987-09-22,3100,10791595,Islamabad
VEH002586,عثمان Butt,35293-7644631-7,فیصل Bhatti,1987-09-22,2900,9544945,Islamabad
VEH002587,Othman Bhatti,35293-7644631-7,,,3100,10270433,Islamabad
VEH002588,Mohammed Sayed,73349-3843472-0,Faisal Sayed,1992-12-07,1400,4567141,Faisalabad
VEH002589,احمد Shaykh,77056-3533764-9,Faysal Sheikh,1987-04-19,2200,7190424,Karachi
VEH002590,بلال Raja,14996-6206949-0,Mohammad راجہ,1975-11-23,700,2333588,Karachi
VEH002591,Mohammed احمد قریشی,53564-3181923-9,,2003-11-16,900,3771880,Islamabad
VEH002592,حسن بٹ,37207-3115585-0,Mohammad Bhatti,1992-07-02,4500,16362037,Faisalabad
VEH002593,حسن بٹ,,Mohammad Butt,1992-07-02,4500,17960063,Faisalabad
VEH002594,Hasan Butt,37207-3115585-0,محمد Bhatti,1992-07-02,4500,14426886,Faisalabad
VEH002595,Mohammed Hasan بٹ,37207-3115585-0,Muhammed Bhatti,1992-07-02,4500,17953851,Faisalabad
VEH002596,حسن Khan,33470-6769483-6,Ali Khan,1974-11-18,1400,5102927,Islamabad
VEH002597,Faisal قریشی,76500-6574549-8,Muhammed Bilal Quraishi,1988-12-02,1300,4913418,Lahore
VEH002598,Ali Mughal,77472-9910192-9,Ali مغل,1975-09-27,1400,4825618,Karachi
VEH002599,ثناء Chaudhry,81346-1756410-3,,1956-04-15,800,3025290,Faisalabad
VEH002600,Fatema Qureshi,20265-5556130-4,احمد Quraishi,1964-11-23,4500,17996309,Islamabad
VEH002601,Fatema Qureshi,20265-5556130-4,Ahmad قریشی,1964-11-23,4500,17226041,Islamabad
VEH002602,Mohammad Ahmad Malik,40694-3643252-4,Mohammed ملک,1993-07-24,1200,4970428,Islamabad
VEH002603,Ahmed ملک,40694-3643252-4,Muhammed ملک,1993-07-24,1600,5933997,Islamabad
VEH002604,عائشہ Shaykh,64123-6009187-8,Ahmed Shaikh,,1400,5577055,Karachi
VEH002605,Imran Chaudhary,23023-5922958-3,Muhammed Hussein Chaudhry,1973-07-06,900,3452476,Rawalpindi
VEH002606,Fatima Quraishi,38662-2014393-2,Hussain قریشی,1959-04-01,1500,5194389,Lahore
VEH002607,Hussein سید,34237-2403406-4,,1984-11-16,2000,6661813,Islamabad
VEH002608,عثمان Qureshi,27450-9026600-7,محمد قریشی,1997-03-14,1200,4571173,Faisalabad
VEH002609,Mohammad Awan,91019-7380578-7,,1999-08-23,4500,15385288,Rawalpindi
VEH002610,Mohammed اعوان,91019-7380578-7,Ali اعوان,1999-08-23,4500,16541069,Rawalpindi
VEH002611,Muhammed اعوان,91019-7380508-7,Ali اعوان,,4500,15749389,Rawalpindi
VEH002612,ثناء Khan,,Husain Khan,,1600,5212759,Karachi
VEH002613,Sana خان,24835-2777708-9,Hussain خان,1986-06-02,1100,4280455,Karachi
VEH002614,Imran سید,62735-6057066-2,Hasan Sayed,1980-03-24,2900,10754269,Karachi
VEH002615,Imran Sayyid,62035-6057066-2,حسن سید,1980-03-24,3000,10978780,Karachi
VEH002616,بلال Moghul,,,1986-06-28,1900,7414165,Lahore
VEH002617,Mohammed Ali اعوان,94176-2717063-8,Mohammad عمران اعوان,1961-06-14,2100,8443846,Lahore
VEH002618,Mohammad Ali اعوان,94176-2717063-8,Imran Awan,1961-06-14,2400,8238600,Lahore
VEH002619,علی اعوان,94876-2717063-8,عمران Awan,1961-06-14,1800,6690034,Lahore
VEH002620,Hasan قریشی,55028-8351538-9,Muhammad حمزہ Quraishi,1995-01-24,1900,6871845,Islamabad
VEH002621,حسن قریشی,55025-8351538-9,حمزہ قریشی,1995-01-24,1500,4862916,Islamabad
VEH002622,Hassan قریشی,55025-8351538-9,Mohammad حمزہ Quraishi,1995-01-24,1500,4873627,Islamabad
VEH002623,Ahmed Shaykh,56064-3942887-1,,1991-11-18,1300,4742268,Rawalpindi
VEH002624,حسین خان,54817-3727688-5,احمد خان,1986-08-10,900,2959378,Islamabad
VEH002625,Mohammed شیخ,46071-2222123-0,Muhammad Bilal Shaikh,1973-10-13,800,3102936,Lahore
VEH002626,علی خان,77311-8739805-6,Mohammed خان,1994-07-15,4500,16581644,Karachi
VEH002627,علی خان,77311-8739805-6,Mohammed Khan,,4500,17617481,Karachi
VEH002628,Ali خان,77311-8739805-6,Muhammed Khan,1994-07-15,4500,17244867,Karachi
VEH002629,Mohammad علی Khan,,Mohammed خان,1994-07-15,4500,18713218,Karachi
VEH002630,Mohammed Qureshi,55531-1699213-6,Faisal Qureshi,1979-11-04,2600,9877917,Karachi
VEH002631,Muhammad Qureshi,55531-1699213-6,فیصل Quraishi,1979-11-04,2800,10206276,Karachi
VEH002632,Muhammed Qureshi,,Mohammed فیصل Qureshi,1979-11-04,2700,11279110,Karachi
VEH002633,Muhammad Quraishi,,Faysal Quraishi,1979-11-04,2500,9967964,Karachi
VEH002634,Imran راجہ,97745-6192788-2,,1980-05-19,1000,3424551,Islamabad
VEH002635,فیصل Sayed,,,1960-05-22,3400,12021472,Karachi
VEH002636,Faisal Sayed,78552-8221073-5,Hassan Sayed,1960-05-22,3400,11777946,Karachi
VEH002637,Faysal مغل,84240-4229252-6,Hamza Mughal,1973-03-18,800,3188414,Islamabad
VEH002638,Muhammad فیصل خان,74131-8800038-0,Ali Khan,1994-11-14,1100,3693050,Islamabad
VEH002639,بلال خان,56829-2449914-1,,,1200,4194153,Islamabad
VEH002640,Mohammad علی شیخ,89325-2195924-1,Mohammad احمد شیخ,1986-09-11,1400,4953526,Rawalpindi
VEH002641,حمزہ شیخ,63139-5885012-2,علی شیخ,1963-10-05,1800,7154826,Faisalabad
VEH002642,Hamza Shaykh,,علی Shaykh,1963-10-05,1900,7962839,Faisalabad
VEH002643,Ahmed Raja,,,1980-06-22,1100,4262307,Rawalpindi
VEH002644,Ahmed Raja,72705-7547513-1,,1980-06-22,1300,4168494,Rawalpindi
VEH002645,Usman Raja,67147-8262674-1,Muhammad حمزہ Raja,,700,2420436,Faisalabad
VEH002646,عمران چوہدری,,Ahmed Chaudhary,1977-11-19,2600,9842307,Lahore
VEH002647,عمران Chaudhary,77009-4659799-6,Ahmad Choudhary,1977-11-19,2700,10744520,Lahore
VEH002648,Imran Choudhary,,,1977-11-19,2500,8798381,Lahore
VEH002649,فیصل Sheikh,75968-5669460-9,,,1500,5655155,Lahore
VEH002650,Mohammad عمران Malik,90179-9427898-1,Muhammad بلال Malick,1959-11-17,1300,4954700,Faisalabad
VEH002651,Hamzah Shaikh,,حسن Shaikh,1964-06-02,3800,12692692,Lahore
VEH002652,Hamzah Sheikh,23357-6291094-5,حسن Sheikh,1964-06-02,3600,12734846,Lahore
VEH002653,Hamzah شیخ,23357-6291094-5,Hassan شیخ,1964-06-02,3400,12200824,Lahore
VEH002654,Mohammed Ali مغل,57381-2620723-1,Bilal Moghul,1976-12-25,1800,7413940,Rawalpindi
VEH002655,Mohammed علی Moghul,57381-2622723-1,Bilal Moghul,1976-12-25,2400,7705486,Rawalpindi
VEH002656,علی Mughal,57381-2620723-1,,1976-12-25,2100,8033633,Rawalpindi
VEH002657,Mohammad Hamza Qureshi,63228-7628941-4,,,2100,8082699,Lahore
VEH002658,Muhammad حمزہ Quraishi,63227-7628941-4,Hamzah Quraishi,1959-11-03,2000,8015412,Lahore
VEH002659,Muhammed بلال Choudhary,18303-7345439-7,بلال Ch.,1996-06-12,800,2842963,Rawalpindi
VEH002660,Hussain Shaykh,72858-4217853-8,,1997-12-28,4500,18272026,Karachi
VEH002661,Hussein شیخ,72858-4217853-8,Ahmed Sheikh,1997-12-28,4500,15392158,Karachi
VEH002662,Muhammad حسین Shaikh,72858-4217853-8,Ahmed Sheikh,1997-12-28,4500,15860998,Karachi
VEH002663,Husain شیخ,,Ahmed شیخ,1997-12-28,4500,18830079,Karachi
VEH002664,Faysal راجہ,33068-7193263-4,Faisal راجہ,1993-04-04,2100,8285900,Karachi
VEH002665,Aisha سید,45743-5043436-3,حمزہ Syed,1998-01-16,2100,8643113,Karachi
VEH002666,Ayisha Sayed,45743-5043436-3,حمزہ Sayyid,1998-01-16,2000,7528928,Karachi
VEH002667,عائشہ Syed,45743-5043436-3,,1998-01-16,2400,10061158,Karachi
VEH002668,عائشہ سید,45743-5043436-3,حمزہ Syed,1998-01-16,2200,9136499,Karachi
VEH002669,Bilal Awan,78294-5356398-7,Mohammed اعوان,1981-10-25,4500,17413601,Karachi
VEH002670,بلال اعوان,75294-5356398-7,Muhammad اعوان,1981-10-25,4500,18511014,Karachi
VEH002671,Bilal Awan,75294-5356398-7,محمد Awan,1981-10-25,4500,16644506,Karachi
VEH002672,بلال اعوان,,Muhammad Awan,1981-10-25,4500,18783517,Karachi
VEH002673,Muhammad Bhatti,66365-3847148-9,Mohammed Hassan بٹ,1959-10-25,2400,8489486,Karachi
VEH002674,Sana اعوان,60479-5325951-7,حسین Awan,1955-02-20,4500,15145697,Islamabad
VEH002675,ثناء اعوان,60479-5325951-7,Hussain اعوان,,4500,18378766,Islamabad
VEH002676,ثناء Awan,60479-5325951-7,Hussein اعوان,1955-02-20,4500,18145740,Islamabad
VEH002677,ثناء Awan,60479-5325951-7,Husain اعوان,1955-02-20,4500,15957328,Islamabad
VEH002678,عمران قریشی,76465-9771972-2,Hasan قریشی,1962-04-05,900,3037304,Islamabad
VEH002679,مریم Raja,36564-7021888-8,,1994-10-04,4500,15411217,Lahore
VEH002680,Maryam راجہ,36564-7021888-8,Osman راجہ,1994-10-04,4500,16796770,Lahore
VEH002681,Mariam Raja,36564-7021888-8,Othman Raja,1994-10-04,4500,14489436,Lahore
VEH002682,مریم Raja,36564-7021888-8,Muhammad Othman Raja,1994-10-04,4500,17881403,Lahore
VEH002683,Maryam Ch.,77084-7573456-9,,,1200,4408194,Faisalabad
VEH002684,Zaynab Chaudhry,53625-6823313-3,Faisal Ch.,1972-06-26,1600,6680955,Islamabad
VEH002685,عمران Sheikh,80532-7929084-3,Muhammed Sheikh,1993-10-24,800,3123486,Faisalabad
VEH002686,Muhammed Imran Shaykh,80532-7929084-3,Mohammed Sheikh,1993-10-24,900,3668964,Faisalabad
VEH002687,Osman Butt,59854-4883331-0,Hamzah بٹ,1997-08-19,2100,7334038,Rawalpindi
VEH002688,Osman Butt,59854-4883331-0,Muhammad Hamza Butt,1997-08-19,2100,7603434,Rawalpindi
VEH002689,Mohammed راجہ,21691-4497271-0,احمد Raja,1982-01-13,2100,8702381,Lahore
VEH002690,Muhammad Ali قریشی,41427-7001339-6,,1972-11-03,3600,13089335,Rawalpindi
VEH002691,عثمان بٹ,78599-7554726-3,,1991-12-13,1700,6791023,Rawalpindi
VEH002692,Hassan Raja,55231-6556614-2,,,4500,14402676,Islamabad
VEH002693,Hasan Raja,55231-6556614-2,Mohammad Raja,1959-01-22,4500,18736341,Islamabad
VEH002694,حسن راجہ,55231-6556614-2,محمد راجہ,1959-01-22,4500,14440223,Islamabad
VEH002695,Muhammed Hasan راجہ,55231-6556914-2,Mohammed Raja,,4500,15697586,Islamabad
VEH002696,علی Quraishi,60741-8204418-6,عمران قریشی,1994-10-06,1600,6018375,Karachi
VEH002697,بلال Quraishi,18379-3870540-9,Muhammed Osman قریشی,1993-01-19,1600,5128538,Rawalpindi
VEH002698,Mohammed Othman Sayed,56385-8187539-4,حمزہ سید,1982-07-19,4500,15111484,Islamabad
VEH002699,Zaynab قریشی,59028-1088005-5,Faisal Quraishi,1963-06-14,1200,4259815,Karachi
VEH002700,زینب قریشی,59028-1088005-5,Faisal Quraishi,1963-06-14,1100,4574474,Karachi
VEH002701,Bilal بٹ,90914-6991311-0,,1958-05-23,1800,6018527,Rawalpindi
VEH002702,Othman Malik,53097-5627131-5,عمران ملک,1993-04-24,2000,6450952,Lahore
VEH002703,Mohammed Usman Malik,53097-5627131-5,,1993-04-24,1800,6984727,Lahore
VEH002704,Faysal اعوان,,Hamza اعوان,1978-09-07,900,3194579,Islamabad
VEH002705,Osman مغل,21666-1276464-4,Ali مغل,1956-11-17,1200,4813916,Islamabad
VEH002706,Imran Syed,84746-1604657-7,,1983-03-11,4500,17346303,Islamabad
VEH002707,Imran Sayyid,84746-1604657-7,عمران Sayed,1983-03-11,4500,16186504,Islamabad
VEH002708,عمران Sayyid,84746-0604657-7,Mohammed Imran سید,1983-03-11,4500,18644182,Islamabad
VEH002709,عمران سید,84746-1604651-7,Imran Syed,1983-03-11,4500,14996893,Islamabad
VEH002710,احمد Quraishi,16311-4640364-7,Osman Quraishi,1983-08-01,4300,17729660,Karachi
VEH002711,احمد Qureshi,16311-4440364-7,Usman Qureshi,,4000,16164920,Karachi
VEH002712,Ahmad Qureshi,16311-4440364-7,عثمان Quraishi,1983-08-01,4100,15239210,Karachi
VEH002713,Ahmed Qureshi,16311-4440164-7,Usman قریشی,1983-08-01,4000,15086413,Karachi
VEH002714,Ali Sayyid,24472-7284551-6,Faysal Sayed,,4500,18110501,Faisalabad
VEH002715,Ali Syed,24472-7284551-6,Faisal Sayed,1998-11-09,4500,17671678,Faisalabad
VEH002716,Ali Syed,,Muhammad فیصل Sayyid,1998-11-09,4500,18004930,Faisalabad
VEH002717,Ali Sayed,,Faisal Syed,1998-11-09,4500,17789785,Faisalabad
VEH002718,عائشہ راجہ,65668-3087391-0,,1965-12-08,1700,7074667,Lahore
VEH002719,حسن Raja,11356-2895794-8,Imran راجہ,1960-11-26,1500,5214474,Rawalpindi
VEH002720,Muhammed Husain Butt,96351-5013490-5,Ahmad بٹ,1993-08-17,2000,7512259,Faisalabad
VEH002721,Hussain بٹ,96351-5013490-5,احمد Butt,1993-08-17,2100,7083863,Faisalabad
VEH002722,Bilal بٹ,72365-2869137-0,Hussein Bhatti,,1500,5724506,Faisalabad
VEH002723,Sana Shaikh,75275-4745196-3,Hassan شیخ,1977-09-04,800,2828698,Islamabad
VEH002724,Muhammed Malik,90373-9162253-6,Muhammed بلال Malik,,1700,5673525,Islamabad
VEH002725,مریم خان,31512-1730759-8,علی خان,1961-03-09,1700,5524643,Karachi
VEH002726,مریم Butt,60970-3556272-9,Ali بٹ,1962-12-08,1500,6166873,Islamabad
VEH002727,Mohammed Bhatti,72345-5928239-2,Ahmed بٹ,1970-10-04,4500,16396934,Lahore
VEH002728,Zainab Butt,90641-4601321-7,حمزہ Butt,1985-03-24,4500,16040109,Faisalabad
VEH002729,زینب Bhatti,,حمزہ Butt,1985-03-24,4500,14649498,Faisalabad
VEH002730,Zainab بٹ,90641-4601321-7,Hamzah بٹ,1985-03-24,4500,18523412,Faisalabad
VEH002731,زینب بٹ,90641-4601320-7,Hamzah Butt,1985-03-24,4500,15313164,Faisalabad
VEH002732,Husain Malick,72233-3305936-2,,,1200,4400603,Lahore
VEH002733,زینب Choudhary,98446-1871707-6,حسن Chaudhry,1965-04-20,4500,14492229,Rawalpindi
VEH002734,Zainab Ch.,98446-1871707-6,حسن Chaudhry,1965-04-20,4500,14493245,Rawalpindi
VEH002735,زینب چوہدری,98446-1871707-6,Hassan Chaudhry,1965-04-20,4500,17788304,Rawalpindi
VEH002736,Zaynab Choudhary,98446-1871707-6,Hasan Chaudhry,1965-04-20,4500,18830996,Rawalpindi
VEH002737,مریم Chaudhary,30879-2626896-0,,,4500,17489089,Lahore
VEH002738,Maryam Ch.,30879-2626896-0,عمران Ch.,1976-09-07,4500,16537540,Lahore
VEH002739,Maryam Choudhary,30879-2626896-0,Muhammed عمران چوہدری,1976-09-07,4500,14838925,Lahore
VEH002740,Marium Chaudhry,,عمران چوہدری,1976-09-07,4500,18522538,Lahore
VEH002741,Imran Shaikh,30855-2469840-8,Faysal Sheikh,1972-06-04,1800,5867052,Rawalpindi
VEH002742,Imran Moghul,97557-2565806-8,احمد Mughal,1961-10-20,700,2261231,Faisalabad
VEH002743,حرا راجہ,27682-1034726-6,Muhammed Husain راجہ,1967-04-22,1400,4946452,Lahore
VEH002744,Osman Chaudhry,34587-5761242-9,حمزہ Choudhary,2000-02-25,1400,5622981,Islamabad
VEH002745,حمزہ Bhatti,72231-4972428-8,Husain Butt,1983-11-27,1800,7126447,Lahore
VEH002746,عثمان راجہ,39736-1796213-2,Ahmad راجہ,1966-10-26,1400,5826957,Karachi
VEH002747,Muhammad Osman Raja,39736-1796213-2,,1966-10-26,1800,6552503,Karachi
VEH002748,Fatimah اعوان,24838-2566508-2,فیصل Awan,1997-09-02,1100,4007715,Lahore
VEH002749,بلال Mughal,58573-6935465-9,Muhammad Mughal,1968-07-11,1500,5449730,Karachi
VEH002750,Muhammed بلال Mughal,58573-6937465-9,,1968-07-11,1300,4646737,Karachi
VEH002751,علی Choudhary,43506-8331453-6,Hamzah Choudhary,1979-12-28,1000,3345328,Rawalpindi
VEH002752,Marium Malick,94412-8385587-9,Muhammed Malick,1972-06-25,4500,18613001,Rawalpindi
VEH002753,Maryam Malik,94412-8385587-9,,1972-06-25,4500,18887946,Rawalpindi
VEH002754,Maryam Malik,94412-8385587-9,محمد Malick,1972-06-25,4500,16537886,Rawalpindi
VEH002755,Marium Malik,94412-8385587-9,Mohammed Malick,1972-06-25,4500,15318969,Rawalpindi
VEH002756,Ahmed Sayyid,55610-7376612-5,Muhammed Hasan Syed,1991-10-12,1600,6572636,Karachi
VEH002757,بلال Bhatti,93053-8521781-5,,1983-10-19,4500,15442053,Islamabad
VEH002758,بلال Butt,91053-8521781-5,Faysal بٹ,1983-10-19,4500,16984676,Islamabad
VEH002759,بلال Butt,93053-8521781-5,Faisal Bhatti,1983-10-19,4500,18543776,Islamabad
VEH002760,بلال Bhatti,93053-8521781-5,Muhammed Faysal Bhatti,,4500,15759650,Islamabad
VEH002761,Ali قریشی,,Hasan قریشی,1979-09-06,3400,12408997,Islamabad
VEH002762,Ali Quraishi,92843-1970164-4,حسن Qureshi,1979-09-06,3400,11287168,Islamabad
VEH002763,Mohammad Ali بٹ,19309-3588769-7,عثمان Bhatti,1965-04-15,4500,17701040,Rawalpindi
VEH002764,علی Butt,19309-3588769-7,Osman Bhatti,1965-04-15,4500,16866207,Rawalpindi
VEH002765,علی Bhatti,,,,4500,15099025,Rawalpindi
VEH002766,Mohammad Hassan شیخ,42202-7312770-1,حسن شیخ,1998-11-01,1200,4095386,Karachi
VEH002767,Sana Chaudhry,87518-5465564-0,Ahmad Ch.,1960-08-03,4400,18112059,Lahore
VEH002768,ثناء Choudhary,87518-5465564-0,احمد Chaudhry,1960-08-03,4400,16415923,Lahore
VEH002769,Sana Ch.,87518-5465564-0,Ahmed Ch.,1960-08-03,4300,17956286,Lahore
VEH002770,ثناء Ch.,,Ahmad Choudhary,1960-08-03,4100,15512917,Lahore
VEH002771,Mohammad حمزہ Khan,23283-9875599-4,بلال Khan,1984-10-02,1400,5604564,Faisalabad
VEH002772,Hamzah خان,23283-9875599-4,Bilal خان,1984-10-02,1300,5014403,Faisalabad
VEH002773,Ayisha Malik,27336-7214173-6,بلال Malik,2002-02-18,1400,4840261,Faisalabad
VEH002774,Bilal Raja,,Mohammed Raja,1962-02-25,2400,9872623,Lahore
VEH002775,Bilal Raja,15483-6345741-1,Muhammad راجہ,1962-02-25,2400,7864336,Lahore
VEH002776,Mohammad شیخ,43008-3320597-6,Mohammed Hassan Sheikh,1970-06-06,700,2400012,Islamabad
VEH002777,Hussein راجہ,,Mohammed Raja,,1800,6781438,Rawalpindi
VEH002778,Mohammed Chaudhry,64436-8543246-6,حمزہ Chaudhary,1972-05-17,3100,10894799,Karachi
VEH002779,مریم سید,32889-7347525-0,Ali Sayyid,2000-10-28,1500,5952689,Rawalpindi
VEH002780,بلال Quraishi,25471-5112387-7,احمد Qureshi,1977-04-09,4200,15961505,Rawalpindi
VEH002781,Mohammad Bilal Quraishi,25471-5112387-7,Ahmed Qureshi,1977-04-09,4100,15256883,Rawalpindi
VEH002782,Muhammad Bilal Qureshi,,Ahmed Quraishi,1977-04-09,4200,13955454,Rawalpindi
VEH002783,Mohammad بلال Qureshi,25471-5112387-7,Mohammad Ahmad Qureshi,1977-04-09,4100,15061361,Rawalpindi
VEH002784,Muhammed علی Awan,47963-8186447-4,Usman اعوان,1995-05-21,4400,17856026,Islamabad
VEH002785,علی اعوان,47963-8186447-4,عثمان Awan,1995-05-21,4500,15642195,Islamabad
VEH002786,علی اعوان,47963-8186447-4,Othman Awan,1995-05-21,4500,16125323,Islamabad
VEH002787,علی اعوان,82562-1142955-8,علی Awan,1979-04-06,4500,16595738,Rawalpindi
VEH002788,علی Awan,82562-1142955-8,علی Awan,1979-04-06,4500,16264269,Rawalpindi
VEH002789,Muhammed علی اعوان,82562-1142955-8,Muhammad Ali اعوان,1979-04-06,4500,16932779,Rawalpindi
VEH002790,Muhammad علی Awan,82562-1142955-8,,1979-04-06,4500,15031765,Rawalpindi
VEH002791,Ayisha Malick,79041-6397618-4,,1968-10-24,4500,14827172,Rawalpindi
VEH002792,عائشہ Malick,79041-6397618-4,,1968-10-24,4500,16794235,Rawalpindi
VEH002793,Ayisha ملک,79041-6397618-4,عثمان Malik,,4500,14916067,Rawalpindi
VEH002794,Aisha Malik,79041-6397618-4,عثمان Malick,1968-10-24,4500,18459476,Rawalpindi
VEH002795,Hamza Mughal,60375-3148368-6,Muhammed Faisal Moghul,1966-04-08,2300,7534518,Faisalabad
VEH002796,Hamza مغل,60375-3148368-6,Mohammad Faisal Mughal,,2300,7452648,Faisalabad
VEH002797,Ayisha Malick,25331-2048754-7,Usman Malik,1962-08-08,1000,3586309,Lahore
VEH002798,عائشہ Malick,25331-2048754-7,Muhammed Osman ملک,1962-08-08,1200,4249359,Lahore
VEH002799,ثناء بٹ,73099-6545110-1,Muhammed عثمان Butt,1969-07-22,2700,10004492,Lahore
VEH002800,Sana بٹ,73029-6545110-1,Osman بٹ,1969-07-22,3000,11440543,Lahore
VEH002801,ثناء بٹ,73099-6545110-1,عثمان Bhatti,1969-07-22,2900,11192841,Lahore
VEH002802,Mohammad Hasan Syed,40263-7196258-1,Imran Sayyid,1975-03-05,2200,8710392,Lahore
VEH002803,Usman Butt,73886-1066712-7,حسین Bhatti,1976-11-25,4500,15904134,Islamabad
VEH002804,Mohammad Othman Bhatti,13886-1066712-7,,1976-11-25,4500,17425352,Islamabad
VEH002805,عثمان Butt,13886-1066712-7,Hussein Butt,1976-11-25,4500,16441069,Islamabad
VEH002806,Othman Bhatti,13886-1066712-7,حسین بٹ,1976-11-25,4500,15253186,Islamabad
VEH002807,Hamza خان,13044-8658524-6,Bilal خان,1982-01-13,1200,4528891,Lahore
VEH002808,Hamzah خان,13044-8658524-6,Bilal Khan,1982-01-13,800,2783229,Lahore
VEH002809,علی Sayed,45539-2800115-4,Ahmed Sayed,1966-11-09,3900,16122086,Islamabad
VEH002810,Ali سید,45539-2800115-4,Ahmed Syed,,3900,12701237,Islamabad
VEH002811,Hasan مغل,,فیصل Mughal,1979-01-01,1700,5921524,Rawalpindi
VEH002812,Hamza ملک,76316-4697461-8,,1994-09-16,1500,5288161,Faisalabad
VEH002813,Hamzah Malick,,احمد Malik,1994-09-16,1600,6514000,Faisalabad
VEH002814,Zainab Khan,19700-8807387-5,,1981-12-01,2800,10549705,Karachi
VEH002815,Zainab Khan,19700-8807387-5,Hamza Khan,1981-12-01,2700,11197059,Karachi
VEH002816,زینب Khan,19700-8807387-5,,,2800,8979589,Karachi
VEH002817,حرا Awan,26533-7903772-2,Muhammed Husain Awan,1993-02-11,1000,3514965,Islamabad
VEH002818,Muhammad Ali راجہ,67210-6653851-1,Hamza Raja,,2400,9856621,Karachi
VEH002819,Ali Raja,67210-6653851-1,Mohammed Hamzah راجہ,1986-04-03,2100,8817060,Karachi
VEH002820,Ali راجہ,67210-6653851-1,Muhammed Hamzah راجہ,1986-04-03,2300,7467252,Karachi
VEH002821,Zaynab Moghul,41364-6471990-2,Hamzah Moghul,1998-07-26,3300,13779228,Lahore
VEH002822,احمد سید,24380-8646405-2,حمزہ سید,1961-06-09,4500,16524800,Lahore
VEH002823,Ahmad Syed,24380-8646405-2,Hamzah Sayyid,1961-06-09,4500,18661128,Lahore
VEH002824,Mohammed احمد Syed,24380-8646405-2,حمزہ Sayyid,1961-06-09,4500,18031088,Lahore
VEH002825,Muhammed Ahmad Raja,90583-3967778-1,علی Raja,1976-06-17,1900,6087751,Rawalpindi
VEH002826,Mariam Butt,17613-4656408-1,عثمان Butt,1959-04-10,3800,14208349,Karachi
VEH002827,Faysal Choudhary,67750-9170386-7,حسین Chaudhry,1974-02-02,2500,9807659,Lahore
VEH002828,Faysal چوہدری,67750-9170386-7,Hussain Ch.,1974-02-02,2700,11196780,Lahore
VEH002829,Mohammad فیصل Chaudhary,67750-9170386-7,Muhammed Hussein Ch.,1974-02-02,2500,10330657,Lahore
VEH002830,Ahmad Khan,61716-5721741-6,Usman Khan,1961-09-09,1900,6693980,Rawalpindi
VEH002831,حرا Moghul,55830-9398177-7,Faisal Moghul,2001-06-15,800,2888119,Rawalpindi
VEH002832,عائشہ ملک,21351-8685711-9,Husain Malik,1981-02-21,1500,5511038,Islamabad
VEH002833,Sana شیخ,56445-2617893-0,,1996-12-25,1000,3895236,Lahore
VEH002834,Ali Awan,61443-9727947-6,عمران اعوان,1997-10-19,1000,3928299,Faisalabad
VEH002835,Mohammed خان,60497-6552571-0,Mohammad Hassan خان,,1300,4601699,Lahore
VEH002836,Mohammed اعوان,,Muhammad عثمان اعوان,1966-10-10,1800,5980281,Rawalpindi
VEH002837,حسن ملک,14179-9720856-5,Mohammad Faysal Malick,,4500,17087850,Lahore
VEH002838,Hassan Malik,14179-9720856-5,Faisal ملک,1957-05-02,4500,16393071,Lahore
VEH002839,Hasan Malick,14179-9720856-5,Faysal ملک,1957-05-02,4500,16785984,Lahore
VEH002840,حسن Malick,14179-9720856-5,Muhammed Faisal ملک,1957-05-02,4500,15124943,Lahore
VEH002841,Mohammad Imran Sheikh,21389-9755474-5,محمد Shaykh,2001-08-22,1100,4314776,Karachi
VEH002842,احمد Mughal,32505-9076945-1,Muhammad Hussain مغل,1977-08-02,4500,16856096,Rawalpindi
VEH002843,Mohammad Ahmed مغل,32505-9076945-1,Hussein Mughal,1977-08-02,4500,14703554,Rawalpindi
VEH002844,Ahmad مغل,32505-9076945-1,حسین Mughal,1977-08-02,4500,16779962,Rawalpindi
VEH002845,Muhammad احمد Moghul,32505-9076945-1,Muhammed Hussein مغل,1977-08-02,4500,15151001,Rawalpindi
VEH002846,Mohammed Ahmed Mughal,,Mohammad بلال مغل,,1200,3948832,Faisalabad
VEH002847,Muhammad Hasan خان,,Muhammed خان,1981-05-14,2500,8506773,Karachi
VEH002848,فیصل Malick,81145-6100742-9,Imran Malick,1986-12-09,3100,10070754,Faisalabad
VEH002849,زینب Quraishi,47610-6497547-7,Bilal قریشی,1975-04-01,1300,4306316,Rawalpindi
VEH002850,Mohammad Bilal Butt,76226-2872750-3,Ali بٹ,1964-03-12,1700,6806406,Lahore
VEH002851,Sana Sayyid,88873-9089143-1,عمران سید,1959-10-02,2400,8865057,Rawalpindi
VEH002852,Bilal راجہ,39841-4644147-0,عثمان راجہ,1968-12-16,700,2849765,Faisalabad
VEH002853,بلال Ch.,33918-5436041-7,Mohammad Bilal Choudhary,1968-10-18,2500,8900430,Islamabad
VEH002854,Hira راجہ,11473-8802657-2,عمران راجہ,1998-12-10,3100,10695622,Islamabad
VEH002855,Zainab Butt,52151-4940134-6,Hussain بٹ,1994-10-13,1200,3924067,Lahore
VEH002856,حرا Moghul,,Ali Moghul,2003-01-16,1600,6567932,Karachi
VEH002857,Muhammed بلال مغل,20600-6838149-5,عمران Mughal,1977-10-08,4500,18741083,Faisalabad
VEH002858,Muhammed Bilal Moghul,20600-6838149-5,,,4500,15158513,Faisalabad
VEH002859,بلال مغل,20600-6838149-5,Muhammad عمران Moghul,1977-10-08,4500,14535628,Faisalabad
VEH002860,Bilal مغل,20600-6838149-5,عمران Moghul,1977-10-08,4500,18600710,Faisalabad
VEH002861,حسین Malik,84948-7268303-1,Muhammad حمزہ ملک,1980-10-20,1000,3854344,Lahore
VEH002862,عمران بٹ,87887-5056936-8,Muhammad Bilal Bhatti,1977-05-15,1200,4304367,Islamabad
VEH002863,Imran Bhatti,87887-5056936-8,Bilal Bhatti,1977-05-15,1200,3893856,Islamabad
VEH002864,عمران Butt,87887-5056936-8,Bilal بٹ,1977-05-15,1300,5202494,Islamabad
VEH002865,Mohammed قریشی,86600-6179678-4,بلال قریشی,1961-06-01,4500,15348111,Rawalpindi
VEH002866,محمد Qureshi,,بلال Quraishi,1961-06-01,4500,15682668,Rawalpindi
VEH002867,Mohammad Qureshi,86600-6179678-4,,1961-06-01,4500,15459665,Rawalpindi
VEH002868,Muhammad Qureshi,86600-6179678-4,بلال Qureshi,1961-06-01,4500,17645846,Rawalpindi
VEH002869,Zainab چوہدری,84311-1699056-3,,1964-02-23,1900,6547979,Rawalpindi
VEH002870,Aisha Moghul,28099-8643180-6,Muhammed حسین Mughal,1986-02-25,2900,11333629,Karachi
VEH002871,Ayisha Moghul,68099-8643180-6,Hussein مغل,1986-02-25,2700,9690022,Karachi
VEH002872,Hamzah Awan,,Mohammad اعوان,1994-09-08,1700,6270480,Lahore
VEH002873,Muhammad Faisal ملک,78107-2920303-5,Muhammed احمد Malick,1973-05-14,1700,6708256,Islamabad
VEH002874,Hussein Qureshi,93072-7694861-3,,,1600,5174028,Islamabad
VEH002875,Muhammed Hussein Sayyid,77728-4920784-6,Mohammed حسن Sayyid,2000-06-18,2300,9631133,Lahore
VEH002876,Mohammed Hassan ملک,92568-4349758-1,حسن ملک,1977-07-04,2500,8428354,Islamabad
VEH002877,حسن Malik,,حسن ملک,1977-07-04,3000,9817840,Islamabad
VEH002878,Hasan Malick,92568-4349758-1,Hasan ملک,1977-07-04,2700,10578608,Islamabad
VEH002879,حسن Malick,92568-4349758-1,حسن Malik,1977-07-04,2900,11952258,Islamabad
VEH002880,Hassan ملک,99322-9314428-4,,1988-08-10,1700,6492088,Lahore
VEH002881,Bilal Malick,47901-5404727-2,Muhammad Osman Malick,1962-02-17,4100,13274287,Faisalabad
VEH002882,Bilal Malick,47901-5404727-2,Othman Malick,1962-02-17,3600,14266821,Faisalabad
VEH002883,بلال Malick,47901-5404727-2,عثمان Malik,1962-02-17,4400,17888965,Faisalabad
VEH002884,بلال Malick,47901-5424727-2,Muhammed Osman ملک,1962-02-17,4000,14681601,Faisalabad
VEH002885,Muhammad Ahmed Sayyid,16285-7385983-4,,1962-05-10,1200,4936746,Karachi
VEH002886,Hira Qureshi,22631-7029946-6,,1961-05-14,2800,9931394,Lahore
VEH002887,عثمان Malik,56980-2654870-4,Faysal Malik,1999-11-12,2100,8090562,Islamabad
VEH002888,Hasan راجہ,60150-6216605-8,,1984-12-06,4100,15512396,Faisalabad
VEH002889,Muhammed Hasan راجہ,60190-6216605-8,Mohammad علی Raja,1984-12-06,3700,14173640,Faisalabad
VEH002890,فیصل Moghul,12291-6229967-6,Hussein Mughal,1971-06-01,1000,4161292,Karachi
VEH002891,حرا Khan,26302-1798227-8,احمد خان,1987-08-08,1300,4832670,Islamabad
VEH002892,Hussain Ch.,15877-6569203-9,Mohammed Chaudhry,1971-08-08,1300,4625135,Lahore
VEH002893,حسین Chaudhary,15877-6569203-9,Mohammed Chaudhary,1971-08-08,1500,5884704,Lahore
VEH002894,Hasan Raja,57185-8759448-9,فیصل Raja,,1800,7230574,Islamabad
VEH002895,Mohammed عثمان راجہ,,Hamza Raja,1972-08-11,1100,4043458,Faisalabad
VEH002896,Mariam Qureshi,51246-2713528-2,,1987-11-20,800,2858251,Rawalpindi
VEH002897,Faysal Sayyid,83652-3133971-5,,1978-05-07,1400,4838937,Faisalabad
VEH002898,Muhammed Raja,15098-4579217-0,علی راجہ,1966-02-23,1700,6094836,Karachi
VEH002899,Muhammad راجہ,,Ali راجہ,,1500,5372815,Karachi
VEH002900,Muhammed Raja,15098-4579217-0,علی راجہ,1966-02-23,1500,5724495,Karachi
VEH002901,محمد راجہ,15098-4579217-0,Ali Raja,1966-02-23,2000,7164558,Karachi
VEH002902,احمد Shaykh,88159-9590345-3,علی Shaikh,1967-03-18,2700,11269793,Karachi
VEH002903,Ali Sheikh,92301-3232359-6,,1962-05-09,1100,3786613,Rawalpindi
VEH002904,Ahmed Quraishi,37270-3996601-6,,1974-03-07,4100,14004495,Faisalabad
VEH002905,Ahmad Qureshi,,Imran Qureshi,1974-03-07,4500,17625254,Faisalabad
VEH002906,Ahmed Quraishi,,,1974-03-07,4400,16782924,Faisalabad
VEH002907,Mohammad Ali Awan,71511-8332314-2,,1955-03-07,1700,5474557,Faisalabad
VEH002908,Bilal قریشی,90707-5245618-7,Hassan قریشی,1994-07-24,2200,7585801,Karachi
VEH002909,Mohammed بلال Qureshi,90707-5245618-7,Hasan Qureshi,1994-07-24,1900,6088249,Karachi
VEH002910,Muhammed Othman Malick,48240-1035771-5,Muhammed Malick,1990-06-01,2700,8709435,Islamabad
VEH002911,Osman Malik,48248-1035771-5,محمد ملک,1990-06-01,2900,10982967,Islamabad
VEH002912,Muhammed Faisal Awan,12006-8303487-3,Osman Awan,1961-11-11,1200,4797026,Faisalabad
VEH002913,حمزہ Qureshi,25374-1379657-0,Ali Quraishi,1997-06-07,1700,6202850,Lahore
VEH002914,Aysha Awan,99738-2927070-5,,1970-04-01,1900,6238837,Lahore
VEH002915,عائشہ Awan,99738-2927070-5,حسن اعوان,1970-04-01,1700,7020314,Lahore
VEH002916,ثناء Chaudhry,80698-6052219-2,,1981-11-14,1700,5888797,Faisalabad
VEH002917,بلال Sayyid,,بلال Syed,2000-04-11,900,3100017,Rawalpindi
VEH002918,Faisal اعوان,37751-5289247-9,,1977-08-15,2100,7950171,Faisalabad
VEH002919,Othman Sheikh,75037-1002068-6,حسین شیخ,1955-07-10,2200,7333575,Karachi
VEH002920,Muhammed Osman Butt,50392-5383713-7,,1968-01-15,2600,10794415,Karachi
VEH002921,Fatema Shaikh,34847-5518021-9,Muhammed Ahmad Sheikh,1971-02-28,1500,4883806,Rawalpindi
VEH002922,مریم Shaikh,35491-1079967-1,,1968-04-05,1300,4947057,Rawalpindi
VEH002923,Ahmad Awan,94014-7996666-7,احمد Awan,1993-10-13,1500,5482334,Karachi
VEH002924,Faysal Malick,25679-6170657-7,,1982-02-14,1200,4743457,Faisalabad
VEH002925,بلال Malick,11412-7381427-6,Muhammed Ahmad ملک,1998-06-20,1300,4980285,Islamabad
VEH002926,Muhammad Husain Awan,34118-1826549-2,Hamza اعوان,1968-01-27,2200,8760097,Karachi
VEH002927,عمران بٹ,92082-3069658-9,Muhammed Imran بٹ,1999-08-05,2800,9987496,Faisalabad
VEH002928,عمران Bhatti,92082-3069658-9,Imran Bhatti,1999-08-05,2800,10959708,Faisalabad
VEH002929,Ahmed Chaudhary,77858-5558113-3,,1992-02-10,1200,4945970,Karachi
VEH002930,عمران Raja,,Ali Raja,1970-09-04,1000,3716135,Islamabad
VEH002931,Ahmad Quraishi,80010-4528832-8,Usman Quraishi,,3400,11182465,Lahore
VEH002932,احمد Khan,95050-2694511-5,Imran Khan,1998-06-22,900,3644373,Lahore
VEH002933,Bilal Choudhary,74904-7418070-6,Muhammad Choudhary,,1100,3807235,Karachi
VEH002934,بلال چوہدری,74904-7418170-6,Mohammed چوہدری,1964-08-04,1500,5592114,Karachi
VEH002935,Sana راجہ,71411-9599735-7,احمد راجہ,1989-02-28,2300,9584177,Faisalabad
VEH002936,Mohammad حسین اعوان,55624-2488469-0,Hussein Awan,1985-04-01,1800,6192362,Rawalpindi
VEH002937,Husain Awan,55624-2458469-0,Hussein Awan,1985-04-01,2300,9419770,Rawalpindi
VEH002938,Fatema Butt,12790-2534061-9,Hamza Butt,1981-09-24,1200,4944581,Faisalabad
VEH002939,Hasan Bhatti,18019-5333889-1,فیصل بٹ,1978-02-22,1700,6282467,Islamabad
VEH002940,Muhammad Hassan بٹ,18019-5333889-1,Mohammad فیصل Butt,,1400,4739023,Islamabad
VEH002941,Imran ملک,,,1969-05-09,1900,7438696,Faisalabad
VEH002942,Imran Malik,85247-7596732-9,علی Malick,1969-05-09,2000,8089530,Faisalabad
VEH002943,Muhammad Imran Mughal,,Hussain مغل,1985-01-25,1600,6051300,Lahore
VEH002944,Imran Moghul,77318-5197505-0,Hussein Mughal,,1600,5726853,Lahore
VEH002945,Imran مغل,77318-5187505-0,Mohammed حسین Mughal,1985-01-25,1700,6767641,Lahore
VEH002946,Imran Khan,18595-9455389-6,عمران Khan,2002-04-25,1200,4388717,Faisalabad
VEH002947,عمران Khan,18595-9455389-6,,,1000,3390098,Faisalabad
VEH002948,علی Shaykh,97220-9321239-8,Usman Shaikh,1968-03-27,1500,5720473,Faisalabad
VEH002949,Mohammad Imran چوہدری,44959-9902508-8,حسن Chaudhry,1979-03-14,3200,10615255,Faisalabad
VEH002950,Imran Chaudhry,44959-9902508-8,,,3400,11703337,Faisalabad
VEH002951,Imran چوہدری,44959-9902508-8,Hasan Chaudhary,1979-03-14,3200,11409489,Faisalabad
VEH002952,عمران Chaudhry,44959-9902508-8,Hassan Ch.,1979-03-14,3100,12041541,Faisalabad
VEH002953,Mohammed Ali Sayyid,56860-5564466-8,Faysal Syed,1984-09-18,3200,10326524,Faisalabad
VEH002954,Sana خان,19959-9404704-4,بلال Khan,1983-07-03,1200,4061303,Faisalabad
VEH002955,Sana خان,19959-9404704-4,Bilal Khan,1983-07-03,1000,3683214,Faisalabad
VEH002956,Ali Raja,,Mohammad Raja,1956-01-25,4500,15515488,Karachi
VEH002957,Ali راجہ,69458-6761812-5,محمد راجہ,,4500,18604336,Karachi
VEH002958,Mohammad Ali راجہ,69458-6761812-5,Mohammad راجہ,1956-01-25,4500,18771137,Karachi
VEH002959,Bilal Syed,59069-8530043-2,,1978-07-05,4500,15418982,Lahore
VEH002960,بلال Sayed,59069-8530043-2,,1978-07-05,4500,17959249,Lahore
VEH002961,Mohammad Shaikh,51853-4000996-8,Muhammad حسن Sheikh,1991-12-01,3800,12399156,Karachi
VEH002962,Muhammad Shaikh,51853-4000996-8,Muhammad Hassan Shaykh,1991-12-01,3600,14383800,Karachi
VEH002963,Maryam خان,58443-3767557-2,,1974-02-24,1400,5555100,Karachi
VEH002964,Mohammed علی Awan,38090-2354397-8,,1958-03-03,1200,3966520,Karachi
VEH002965,Muhammad راجہ,99885-6285570-5,Mohammed Osman Raja,1983-11-16,2800,10333875,Islamabad
VEH002966,Mohammad Ali راجہ,89485-2145745-3,علی راجہ,1997-12-03,1200,4596088,Lahore
VEH002967,فاطمہ Shaykh,51371-9564350-4,عثمان Shaikh,1982-03-16,2900,10797442,Faisalabad
VEH002968,Aysha Sheikh,61429-9811747-4,Osman Shaykh,1991-09-20,1500,5054590,Islamabad
VEH002969,Hira قریشی,84202-9383571-2,Hussein Qureshi,1972-05-13,1700,5638945,Faisalabad
VEH002970,Hira Qureshi,,Husain قریشی,1972-05-13,1800,7320860,Faisalabad
VEH002971,Ali Raja,15620-3898378-7,Muhammad Hussain Raja,1992-04-22,2800,9167279,Islamabad
VEH002972,Mohammad علی راجہ,55620-3898378-7,,,3200,12947481,Islamabad
VEH002973,Ali راجہ,15620-3898378-7,Mohammad Husain Raja,1992-04-22,3400,11976859,Islamabad
VEH002974,Mohammed Imran Qureshi,60237-9553140-4,Mohammad Quraishi,1975-05-27,2500,8911920,Karachi
VEH002975,Imran Quraishi,60237-9550140-4,Mohammed Qureshi,,2700,9576196,Karachi
VEH002976,عمران Quraishi,60237-9550140-4,Mohammed قریشی,1975-05-27,2600,10027230,Karachi
VEH002977,حسین چوہدری,73059-4961440-0,عثمان Choudhary,1990-06-18,1500,5472600,Rawalpindi
VEH002978,ثناء Awan,98313-1696128-2,Hussain Awan,,2200,7315577,Lahore
VEH002979,ثناء Awan,,,1965-07-26,2200,8458036,Lahore
VEH002980,Faisal قریشی,79355-9864053-0,,1982-07-03,4500,15731003,Rawalpindi
VEH002981,Mohammad Faisal Quraishi,79355-9864053-0,حسین قریشی,1982-07-03,4500,17215865,Rawalpindi
VEH002982,Faisal قریشی,,Muhammad Husain Qureshi,1982-07-03,4500,16673193,Rawalpindi
VEH002983,محمد سید,70688-2020050-5,Ali Sayed,1972-02-22,4500,15303156,Lahore
VEH002984,Mohammad Husain قریشی,54867-5629556-1,Mohammad Hamzah Quraishi,1986-07-12,1000,4185486,Karachi
VEH002985,Aisha Shaikh,20356-1638631-8,علی Shaikh,1979-03-21,1400,5024950,Rawalpindi
VEH002986,Ayisha Sheikh,20356-1638631-8,Ali Shaikh,1979-03-21,1200,4082151,Rawalpindi
VEH002987,فیصل Qureshi,23150-2425117-8,Ali Qureshi,1990-10-05,2400,8390136,Rawalpindi
VEH002988,Zainab راجہ,38753-7057339-8,Mohammad Hasan راجہ,1956-10-16,3200,10331215,Rawalpindi
VEH002989,Fatima ملک,27647-9415379-9,بلال ملک,1992-02-17,1100,4484441,Islamabad
VEH002990,Ali Khan,54345-6756708-8,,1958-01-07,4500,16560161,Rawalpindi
VEH002991,علی Khan,54345-6756708-8,Hassan خان,1958-01-07,4500,17100378,Rawalpindi
VEH002992,علی Khan,54345-6756708-8,,,4500,14479824,Rawalpindi
VEH002993,Mohammed Imran Awan,92102-5190700-4,Husain Awan,1994-02-24,4500,15317201,Islamabad
VEH002994,عمران اعوان,92102-5120700-4,,,4500,16253408,Islamabad
VEH002995,عمران اعوان,92102-5120700-4,Mohammed Husain Awan,,4500,17971685,Islamabad
VEH002996,Imran Awan,,Hussein Awan,1994-02-24,4500,15524507,Islamabad
VEH002997,Muhammad Hassan بٹ,41456-2433491-9,علی Bhatti,1983-12-06,4500,15237028,Faisalabad
VEH002998,Hassan Bhatti,41456-2433499-9,علی بٹ,1983-12-06,4500,15011971,Faisalabad
VEH002999,حسن Butt,41456-2433491-9,Mohammed Ali بٹ,1983-12-06,4500,15476199,Faisalabad
VEH003000,حسن بٹ,,علی Bhatti,1983-12-06,4500,18602809,Faisalabad
VEH003001,Mariam Malik,39610-5772954-0,Mohammad Ali Malik,,2900,10302573,Karachi
VEH003002,Usman اعوان,72092-2513213-8,Hussain اعوان,1995-09-01,2300,7512807,Islamabad
VEH003003,Muhammad Hasan Moghul,56560-2308844-9,Ali Moghul,1984-08-05,1100,4282152,Lahore
VEH003004,حرا سید,59468-2266679-8,Hussein Syed,,1900,6945561,Islamabad
VEH003005,Mohammed Faysal Shaykh,76965-4761948-3,Muhammed Imran Shaikh,1963-12-13,1800,6566218,Faisalabad
VEH003006,Faisal Sheikh,76965-4761948-3,Imran Shaykh,1963-12-13,1900,7348776,Faisalabad
VEH003007,فیصل Shaikh,76965-4761948-3,Imran Sheikh,1963-12-13,1600,5943703,Faisalabad
VEH003008,فیصل اعوان,,بلال اعوان,,1900,6297475,Rawalpindi
VEH003009,فیصل Chaudhary,47031-2565912-2,بلال Chaudhary,1986-09-17,1000,3561961,Islamabad
VEH003010,Mohammad حمزہ Chaudhary,44277-7755161-0,Othman Chaudhry,1964-02-15,1900,6571078,Faisalabad
VEH003011,Hamza چوہدری,44277-7755161-0,Mohammed عثمان Chaudhry,1964-02-15,1900,6287245,Faisalabad
VEH003012,حسین Chaudhry,91874-2320971-9,Mohammad Hamza چوہدری,1974-08-01,2400,8042777,Islamabad
VEH003013,Husain Chaudhry,,Muhammed بلال Chaudhary,,1400,5698220,Rawalpindi
VEH003014,Muhammad Husain Choudhary,16162-5204563-1,,1964-11-23,1200,4234745,Rawalpindi
VEH003015,Muhammed Ahmed Quraishi,68827-2037931-1,Mohammad Faysal Qureshi,1959-09-15,1700,6554969,Rawalpindi
VEH003016,Muhammad احمد قریشی,68827-2037931-1,Faisal Quraishi,1959-09-15,1500,5304001,Rawalpindi
VEH003017,Ali Malick,82778-7670460-0,Muhammad Othman Malik,1957-04-10,2500,9177222,Lahore
VEH003018,علی Malik,82778-7670460-0,Osman ملک,1957-04-10,2400,8910944,Lahore
VEH003019,Mohammad Chaudhary,40499-9598844-6,Husain Ch.,1987-07-11,1800,7289061,Rawalpindi
VEH003020,Bilal Sayed,91961-9051117-7,Mohammad Imran Syed,,4500,16009113,Faisalabad
VEH003021,Mohammad بلال Sayyid,91961-9051117-7,عمران Syed,,4500,14718707,Faisalabad
VEH003022,بلال Sayed,91961-9051117-7,,1995-02-27,4500,18756168,Faisalabad
VEH003023,حسن چوہدری,20789-7263627-3,Othman Chaudhry,1982-03-23,3200,12029276,Islamabad
VEH003024,حسن Ch.,,Mohammad Osman Choudhary,1982-03-23,3400,13443715,Islamabad
VEH003025,حسن چوہدری,20789-7263627-3,Usman Chaudhary,1982-03-23,3300,13082938,Islamabad
VEH003026,Fatima سید,73990-1065574-3,عمران Syed,1982-11-10,2300,7917202,Lahore
VEH003027,Bilal راجہ,54617-5217352-1,Muhammad حسین Raja,1976-03-17,3600,14786267,Karachi
VEH003028,Bilal راجہ,54617-5217352-1,,1976-03-17,3900,16084527,Karachi
VEH003029,Ahmed خان,,Bilal Khan,1999-06-06,4500,18071874,Islamabad
VEH003030,Ahmad خان,86837-6025568-0,بلال Khan,1999-06-06,4500,15095728,Islamabad
VEH003031,Ahmad Khan,86837-6025568-0,بلال خان,1999-06-06,4500,16719268,Islamabad
VEH003032,Muhammed Ahmad Syed,,Muhammad Hamzah Syed,1983-02-09,2400,7890697,Lahore
VEH003033,علی Chaudhry,74371-2375726-3,Mohammed Choudhary,,2200,8144540,Islamabad
VEH003034,Muhammed Ali چوہدری,,Muhammad Chaudhry,2001-03-16,2300,7872520,Islamabad
VEH003035,Muhammed Ali چوہدری,74371-2375726-3,Muhammad Chaudhry,2001-03-16,2400,7833348,Islamabad
VEH003036,Mohammad علی قریشی,12026-3815635-2,Muhammed حمزہ قریشی,1993-09-26,1300,4550359,Karachi
VEH003037,ثناء Moghul,42457-6586112-9,Husain مغل,1968-03-14,1500,6254897,Faisalabad
VEH003038,Mohammad راجہ,56942-2413704-2,Ali Raja,1996-09-14,1900,6672820,Islamabad
VEH003039,Muhammed راجہ,56942-2473704-2,,1996-09-14,2100,8355454,Islamabad
VEH003040,Muhammed حسن Sayed,74008-5162496-7,علی Sayed,,1500,6254604,Islamabad
VEH003041,Hassan Sayed,,,1999-06-20,1400,5713661,Islamabad
VEH003042,حسن Sayed,74008-5162496-7,,1999-06-20,1700,6839023,Islamabad
VEH003043,احمد Sheikh,85472-8148323-8,Husain Shaykh,1988-12-07,1100,4463419,Islamabad
VEH003044,Faisal اعوان,65887-9224835-1,Osman Awan,1974-11-28,4500,17392033,Faisalabad
VEH003045,Faisal اعوان,,Muhammed Othman Awan,1974-11-28,4500,18418769,Faisalabad
VEH003046,فیصل اعوان,65887-9224835-1,Mohammad Osman Awan,1974-11-28,4500,14542599,Faisalabad
VEH003047,Faysal Moghul,20711-6067049-7,حمزہ Moghul,1958-01-15,1700,5952003,Islamabad
VEH003048,Muhammad چوہدری,38697-7737944-3,Osman Ch.,1994-03-04,2100,6807351,Islamabad
VEH003049,Fatima Ch.,54355-2453863-5,Mohammed Usman Chaudhry,1989-12-18,1100,4179250,Islamabad
VEH003050,Muhammed احمد راجہ,54302-5308216-9,Ahmed راجہ,1994-03-24,1700,5853341,Faisalabad
VEH003051,Muhammad Ahmed راجہ,54302-5308216-9,Mohammad Ahmed Raja,1994-03-24,2100,8616096,Faisalabad
VEH003052,Faysal Quraishi,36905-4905340-6,Bilal Qureshi,1982-05-18,800,3096533,Karachi
VEH003053,Husain بٹ,60389-6827267-4,Faysal بٹ,2001-06-03,1700,7068862,Lahore
VEH003054,حسین بٹ,,Mohammad Faisal بٹ,2001-06-03,1700,6145908,Lahore
VEH003055,Muhammed حسین Bhatti,60389-6827267-4,Faisal بٹ,2001-06-03,1800,7020081,Lahore
VEH003056,Faysal اعوان,,Ahmad Awan,1983-10-04,900,3751289,Faisalabad
VEH003057,ثناء Raja,45352-7160349-9,Muhammed Hussain راجہ,1989-10-07,800,2815477,Karachi
VEH003058,محمد Raja,19105-1561353-0,بلال راجہ,,2200,9143422,Karachi
VEH003059,Mohammed راجہ,19105-1561353-0,بلال Raja,1992-06-13,2400,9984077,Karachi
VEH003060,محمد راجہ,,بلال Raja,1992-06-13,2300,9233223,Karachi
VEH003061,Mohammed راجہ,19105-1561353-0,Mohammad Bilal Raja,1992-06-13,2200,9161614,Karachi
VEH003062,Muhammad فیصل Raja,34991-2438808-6,حمزہ Raja,1992-03-13,2800,9858530,Lahore
VEH003063,Muhammad Awan,54141-1454318-6,,1956-09-04,1500,5262406,Islamabad
VEH003064,Mohammad Faysal ملک,58434-2643344-0,,1993-03-27,3700,15535373,Rawalpindi
VEH003065,Faisal Malik,58434-2643344-0,عثمان Malik,1993-03-27,3500,13468599,Rawalpindi
VEH003066,Faisal Malik,58434-2643344-0,Usman ملک,,3500,11401973,Rawalpindi
VEH003067,مریم Quraishi,42212-5290988-7,Imran Quraishi,1961-03-25,1500,5526515,Islamabad
VEH003068,محمد Awan,92205-4997939-2,محمد اعوان,1960-10-15,1300,4492570,Faisalabad
VEH003069,Mohammed اعوان,92205-4997939-2,محمد اعوان,1960-10-15,1500,5255758,Faisalabad
VEH003070,Hamza Raja,65551-3157207-3,Ali راجہ,1975-06-17,4500,18752033,Karachi
VEH003071,Hussain شیخ,71380-8293658-0,محمد Shaykh,1971-11-05,1100,4411017,Islamabad
VEH003072,مریم Qureshi,34068-6680916-4,حسین Qureshi,1977-09-10,2100,8811364,Rawalpindi
VEH003073,Ahmed Mughal,43327-1299269-1,Hussein Moghul,1956-12-19,1800,6340580,Rawalpindi
VEH003074,Mohammed حسین Shaykh,23603-6381550-7,Faisal Shaykh,1992-08-01,1200,4467478,Karachi
VEH003075,عثمان Sheikh,21123-8736181-7,علی Sheikh,1981-06-11,1000,4010086,Rawalpindi
VEH003076,Osman شیخ,21123-8736181-7,Muhammed Ali Shaykh,1981-06-11,1000,3438137,Rawalpindi
VEH003077,علی Sayyid,53970-5361388-2,Hamzah Sayyid,,4500,17743442,Karachi
VEH003078,علی Sayyid,53970-5361378-2,,1955-02-22,4500,16316354,Karachi
VEH003079,Ali Sayyid,,Muhammed Hamza سید,1955-02-22,4500,14677511,Karachi
VEH003080,علی سید,53970-5361378-2,Hamzah Syed,1955-02-22,4500,17313510,Karachi
VEH003081,Bilal Syed,37425-1790971-3,Mohammad علی سید,1965-02-14,1700,6988868,Lahore
VEH003082,بلال Sayyid,,Mohammed علی Sayed,,1600,5261502,Lahore
VEH003083,بلال Sayyid,37425-1790971-3,Ali Sayyid,1965-02-14,1700,6964253,Lahore
VEH003084,Hamza Khan,30439-2403922-5,Othman Khan,1986-05-26,1400,5609783,Karachi
VEH003085,زینب Sayyid,32638-4492856-0,Muhammed Sayed,1963-03-10,4500,16934817,Islamabad
VEH003086,زینب Sayyid,32638-4492256-0,Mohammed Syed,1963-03-10,4500,18025726,Islamabad
VEH003087,Zainab Syed,32638-4492856-0,Mohammed Sayed,,4500,15660433,Islamabad
VEH003088,زینب Syed,32638-4492856-0,Muhammad Sayyid,1963-03-10,4500,18189068,Islamabad
VEH003089,Ayisha Sayyid,39883-4644104-3,,1960-10-20,1100,3696682,Rawalpindi
VEH003090,Husain Moghul,64735-9973177-6,عثمان Moghul,1960-01-07,1500,5367421,Islamabad
VEH003091,حسن اعوان,,Muhammed Faysal Awan,1966-12-20,1100,3644032,Lahore
VEH003092,Mohammad عمران شیخ,37981-5472271-4,,1973-05-15,1800,6818209,Lahore
VEH003093,Imran Butt,97543-7628349-9,حسین Bhatti,1974-06-03,1500,5515319,Faisalabad
VEH003094,Imran بٹ,97143-7628349-9,Hussain Butt,1974-06-03,1200,3946381,Faisalabad
VEH003095,Othman ملک,64330-3233254-7,Muhammad عمران Malick,1976-07-25,2700,11072311,Karachi
VEH003096,Othman ملک,54330-3233254-7,Muhammed Imran ملک,1976-07-25,2800,11616662,Karachi
VEH003097,Hamza Sayyid,33219-6196934-3,,,700,2901369,Lahore
VEH003098,Mohammad احمد Bhatti,69295-6753706-3,,,2000,7610072,Faisalabad
VEH003099,Othman قریشی,10432-2497512-2,Mohammed علی قریشی,1963-02-20,4500,18767561,Islamabad
VEH003100,Usman Qureshi,10432-2497512-2,,1963-02-20,4500,18137440,Islamabad
VEH003101,عثمان Quraishi,10432-2497512-2,علی Qureshi,1963-02-20,4500,18046301,Islamabad
VEH003102,Osman Qureshi,10432-2497512-2,علی Quraishi,1963-02-20,4500,16896835,Islamabad
VEH003103,Muhammed مغل,29862-1664080-2,Hussain مغل,1959-08-14,3600,12575918,Lahore
VEH003104,محمد Moghul,,Mohammed Husain مغل,1959-08-14,3400,14252416,Lahore
VEH003105,Mohammed Moghul,29862-1664080-2,Hussain Mughal,1959-08-14,3500,12684175,Lahore
VEH003106,محمد Mughal,29862-1664000-2,Muhammad Hussein Mughal,1959-08-14,3600,12563794,Lahore
VEH003107,Muhammed مغل,39017-6498604-4,Mohammad فیصل Moghul,1997-07-06,900,3104695,Rawalpindi
VEH003108,Othman Qureshi,60791-5783878-5,Muhammad قریشی,1977-09-27,1500,5819457,Karachi
VEH003109,Fatema Sheikh,46952-4343740-9,Muhammad Ali Shaikh,,1200,4195975,Faisalabad
VEH003110,Ahmad Syed,12341-8725958-2,Hamzah Syed,1971-12-05,1600,5125613,Lahore
VEH003111,Ahmed Sayyid,12341-8725958-2,Hamza سید,1971-12-05,1700,6292630,Lahore
VEH003112,Muhammad Ahmed سید,12341-8725958-2,حمزہ Sayed,1971-12-05,1300,4424281,Lahore
VEH003113,Mohammad بٹ,86768-2682736-5,فیصل بٹ,1956-12-12,2800,10976919,Faisalabad
VEH003114,Marium Moghul,,,1965-03-19,2600,9277454,Islamabad
VEH003115,مریم Mughal,,Faisal Mughal,1965-03-19,2400,9741600,Islamabad
VEH003116,Hira Moghul,62162-9782849-4,Mohammad مغل,1974-12-16,1900,6359594,Karachi
VEH003117,Mariam Raja,36997-8436951-1,بلال راجہ,1973-04-13,1900,7335848,Islamabad
VEH003118,Maryam راجہ,36997-8436951-1,بلال راجہ,1973-04-13,1900,7765700,Islamabad
VEH003119,Marium Raja,36997-8436951-1,Bilal Raja,1973-04-13,1600,5185429,Islamabad
VEH003120,Ahmed Sayed,87025-7233179-2,Hussein Syed,1959-08-04,1400,5872433,Faisalabad
VEH003121,Ahmad Sayyid,87025-7233179-2,حسین Sayed,1959-08-04,1400,5558267,Faisalabad
VEH003122,Ali Raja,25364-5495195-9,احمد راجہ,1972-02-02,2100,8630342,Faisalabad
VEH003123,علی Chaudhary,34392-2136461-2,,1975-12-18,2800,10021431,Faisalabad
VEH003124,Ali Chaudhry,34392-2136461-2,Hussein Chaudhry,1975-12-18,2600,8608794,Faisalabad
VEH003125,حرا Khan,75280-1724774-9,علی خان,1984-09-21,4300,13899835,Faisalabad
VEH003126,Mohammed بلال Bhatti,45980-3994127-4,,1958-03-13,1700,6456158,Lahore
VEH003127,Faisal Bhatti,70004-1926615-4,,1984-06-03,3500,13404304,Karachi
VEH003128,فیصل Butt,70004-1926615-4,Mohammad حسین بٹ,1984-06-03,3700,13041395,Karachi
VEH003129,Mohammed فیصل بٹ,70004-1926615-4,,1984-06-03,3700,13657778,Karachi
VEH003130,Muhammad فیصل شیخ,32287-3029088-2,عمران Shaykh,1990-02-13,1100,3650115,Lahore
VEH003131,Mohammed Ali Chaudhary,33128-9424046-4,Bilal Chaudhary,2003-07-04,2900,10392895,Lahore
VEH003132,علی چوہدری,33128-9424046-4,Bilal Ch.,2003-07-04,3100,10624227,Lahore
VEH003133,Hira Qureshi,44073-6783772-5,حسین Quraishi,1971-08-05,700,2745824,Lahore
VEH003134,Fatema Khan,43169-9642115-5,Mohammed Khan,1988-04-26,2000,7895279,Lahore
VEH003135,Fatema خان,43169-9642115-5,,1988-04-26,2100,8430643,Lahore
VEH003136,Mohammed Ali خان,96342-1074344-8,حسن خان,1955-11-15,1400,5827228,Karachi
VEH003137,Ali خان,96342-1074344-8,Hassan خان,1955-11-15,1900,7793247,Karachi
VEH003138,Marium Quraishi,86726-9704181-7,حمزہ قریشی,1960-12-24,1700,5490423,Faisalabad
VEH003139,حسن Ch.,75737-4554619-7,,1957-03-08,3100,10079257,Islamabad
VEH003140,Hassan Chaudhry,75737-4554619-7,,1957-03-08,3300,13314261,Islamabad
VEH003141,Mohammed قریشی,99003-8692313-6,Mohammed Ahmed Qureshi,1994-03-15,900,3273632,Rawalpindi
VEH003142,علی Khan,30282-5695334-8,Mohammad خان,1991-10-12,900,3612576,Rawalpindi
VEH003143,حمزہ قریشی,68965-5117938-7,Ali قریشی,1958-02-16,1300,4760921,Rawalpindi
VEH003144,Muhammed Ahmed ملک,93631-6538328-5,,1984-08-28,1000,3576518,Rawalpindi
VEH003145,Faysal Ch.,76788-1163850-3,عثمان Ch.,1972-04-04,1800,7258920,Karachi
VEH003146,Mariam راجہ,15583-4734264-8,احمد راجہ,1979-10-03,1200,4140028,Rawalpindi
VEH003147,Fatimah اعوان,24365-9538403-4,Muhammed Bilal Awan,1956-06-07,1900,6164252,Rawalpindi
VEH003148,Mariam Chaudhry,52681-5050576-9,Mohammad Chaudhary,1989-02-03,4500,14811884,Rawalpindi
VEH003149,Mariam Ch.,52681-5050576-9,Muhammad Choudhary,1989-02-03,4500,15730939,Rawalpindi
VEH003150,Mariam Chaudhary,52681-5050576-9,Mohammed چوہدری,1989-02-03,4500,16630596,Rawalpindi
VEH003151,حمزہ Bhatti,,حسین بٹ,1985-03-15,1700,5635379,Islamabad
VEH003152,علی خان,,Faysal Khan,1989-03-07,1000,3493976,Rawalpindi
VEH003153,Usman مغل,81382-9260109-8,حمزہ Mughal,1991-01-20,1100,4161643,Lahore
VEH003154,Hussain Ch.,,Hussein Chaudhry,1956-12-04,1500,4814806,Rawalpindi
VEH003155,Hamzah Mughal,66497-8826393-8,Hasan مغل,1956-04-04,2600,10001373,Rawalpindi
VEH003156,Muhammed مغل,72334-6877311-1,Hasan Moghul,1986-07-22,1600,5840665,Faisalabad
VEH003157,Hira Awan,83863-1183462-7,عثمان Awan,1960-07-07,1100,3741332,Faisalabad
VEH003158,حرا اعوان,,Usman اعوان,1960-07-07,1500,6014740,Faisalabad
VEH003159,Hamza Shaykh,24596-9380781-6,Hussein Shaykh,1989-01-07,4000,14981168,Lahore
VEH003160,Hamza شیخ,24596-9380781-6,,1989-01-07,4000,14867547,Lahore
VEH003161,Mohammed عمران Bhatti,,علی Bhatti,1963-09-08,4500,14458348,Faisalabad
VEH003162,Mohammad عمران Butt,19298-5551462-9,Ali Butt,1963-09-08,4500,16292048,Faisalabad
VEH003163,Imran بٹ,19298-5551462-9,Ali بٹ,1963-09-08,4500,15882524,Faisalabad
VEH003164,عمران Butt,19298-5551462-9,علی Butt,1963-09-08,4500,16556912,Faisalabad
VEH003165,Usman سید,42892-8497012-9,بلال Syed,1961-03-14,2200,7761014,Lahore
VEH003166,زینب Qureshi,35495-8931340-9,Mohammad Faisal Qureshi,1997-08-18,2800,9184140,Faisalabad
VEH003167,Bilal Qureshi,69499-1860109-1,عثمان قریشی,1979-03-13,2400,8266132,Lahore
VEH003168,Imran Khan,69060-3507771-0,,1990-06-09,3300,13356092,Islamabad
VEH003169,حرا Butt,62392-7741622-4,فیصل بٹ,1967-03-08,1700,5659358,Rawalpindi
VEH003170,Mohammad Imran Raja,39718-2491457-4,فیصل راجہ,1970-11-05,1100,4079513,Lahore
VEH003171,Mohammad Faisal شیخ,35787-1133955-6,Mohammed Bilal Sheikh,1982-06-07,1700,6103468,Faisalabad
VEH003172,Muhammad مغل,29877-2382855-0,Mohammed Mughal,,1900,6879823,Karachi
VEH003173,مریم ملک,,حسین ملک,1974-12-20,1900,6493218,Rawalpindi
VEH003174,Mohammad Malik,85221-2953385-5,Mohammed حسن Malik,1978-04-15,2400,9446335,Lahore
VEH003175,Muhammad ملک,85221-2953385-5,Hasan Malik,1978-04-15,2600,9776730,Lahore
VEH003176,Mohammed Hasan Raja,97688-1812880-7,Mohammed راجہ,1962-08-15,1100,4429630,Karachi
VEH003177,Mohammad حسن Raja,97688-1812880-7,,1962-08-15,1200,4331352,Karachi
VEH003178,Muhammad Ahmed Shaikh,25111-6349518-3,Hussein Sheikh,1993-08-13,900,3183731,Lahore
VEH003179,حرا سید,85719-4137519-3,,,3300,13128862,Faisalabad
VEH003180,Hira سید,85719-4137519-3,Mohammad فیصل Syed,2000-08-22,3500,11817044,Faisalabad
VEH003181,احمد شیخ,97922-2358013-4,فیصل Shaikh,2000-10-12,3200,11105153,Karachi
VEH003182,Hussain قریشی,23137-5358556-5,Ali قریشی,1959-01-05,2200,7546691,Faisalabad
VEH003183,Husain Quraishi,23137-5358556-5,,,1700,7123910,Faisalabad
VEH003184,Hussein Quraishi,23137-5358556-5,Ali Quraishi,1959-01-05,2000,7025938,Faisalabad
VEH003185,Zaynab Butt,98828-6555770-6,Muhammed عمران Bhatti,1979-03-06,1600,5357431,Lahore
VEH003186,Muhammed حسین Khan,12586-1920120-8,Hamza Khan,1980-09-10,4500,16735949,Faisalabad
VEH003187,حسین Khan,12586-1920120-8,,1980-09-10,4100,14453807,Faisalabad
VEH003188,Ali Chaudhary,45993-8551041-1,Muhammad Hussain Chaudhary,1966-12-01,2400,7876415,Faisalabad
VEH003189,Ali Chaudhry,45993-8551041-1,Hussain Choudhary,1966-12-01,2400,7895326,Faisalabad
VEH003190,Hamzah اعوان,18178-8288489-5,Imran Awan,1977-09-05,4500,15069529,Rawalpindi
VEH003191,Hamzah اعوان,18178-8288489-5,,1977-09-05,4300,15927369,Rawalpindi
VEH003192,حمزہ Awan,18178-8288489-5,Imran Awan,1977-09-05,4300,17297202,Rawalpindi
VEH003193,Mohammed حمزہ اعوان,18178-8288489-5,Imran Awan,1977-09-05,4400,17723717,Rawalpindi
VEH003194,Hussain Sayed,18890-6793172-8,Muhammad Faisal Sayyid,1986-04-21,1100,4170605,Faisalabad
VEH003195,Sana Quraishi,45171-6233885-2,Muhammed Faysal Quraishi,1988-12-07,1200,4257410,Faisalabad
VEH003196,Sana Qureshi,45170-6233885-2,فیصل قریشی,1988-12-07,1400,5640096,Faisalabad
VEH003197,Mohammed Faysal Khan,,Mohammed Ahmad خان,1961-12-12,1500,5426820,Rawalpindi
VEH003198,عمران Raja,18406-9187248-1,عمران Raja,1983-03-19,3200,11586768,Faisalabad
VEH003199,Ali Sayed,94113-2960855-5,Muhammed Bilal Sayyid,1965-11-28,1200,3911815,Faisalabad
VEH003200,Sana شیخ,48976-8507869-1,Mohammed فیصل Shaikh,2001-01-23,2000,6702458,Karachi
VEH003201,حرا Malik,42298-3114044-5,Hamzah ملک,1978-10-27,4500,15073317,Karachi
VEH003202,Muhammad چوہدری,90368-2030686-5,Mohammed Bilal Choudhary,2000-05-26,2000,7145975,Islamabad
VEH003203,حمزہ Shaikh,94676-5694902-6,Hassan شیخ,1959-02-17,1200,4019773,Karachi
VEH003204,Imran چوہدری,37341-5642024-4,Hassan Chaudhry,2001-08-04,700,2766688,Karachi
VEH003205,Hira Chaudhry,58881-4526520-5,محمد Choudhary,,1300,4741069,Faisalabad
VEH003206,Faisal Malick,,Hasan Malik,2000-11-10,1500,4894347,Faisalabad
VEH003207,Hasan Sheikh,75073-9343712-3,,1975-10-10,3300,11159408,Faisalabad
VEH003208,Hassan Shaykh,75273-9343712-3,حمزہ Shaikh,1975-10-10,3200,13414306,Faisalabad
VEH003209,Husain Moghul,98418-5373061-0,Bilal Mughal,1978-11-09,3000,11246667,Karachi
VEH003210,Husain Mughal,98418-5373061-0,بلال Mughal,1978-11-09,3300,10673849,Karachi
VEH003211,علی Sayed,88270-1294616-7,,1969-06-04,1400,4889278,Rawalpindi
VEH003212,حسن Khan,73824-7729577-0,Osman Khan,1991-07-15,1300,4295406,Faisalabad
VEH003213,Bilal Mughal,25026-3400511-6,فیصل مغل,1986-11-03,1300,4608786,Islamabad
VEH003214,Muhammad Ahmad Qureshi,,محمد Quraishi,1977-05-03,1500,5177384,Lahore
VEH003215,Mohammed فیصل Raja,26011-9070454-4,Muhammad Ali راجہ,1979-02-10,1000,4047708,Islamabad
VEH003216,Mohammed خان,33518-5281894-6,,2003-02-28,4500,14613186,Islamabad
VEH003217,Mohammed خان,33518-5281844-6,محمد Khan,2003-02-28,4500,18842381,Islamabad
VEH003218,Muhammad خان,33518-5281844-6,,2003-02-28,4500,15080822,Islamabad
VEH003219,Muhammad Khan,,Muhammad Khan,2003-02-28,4500,16166391,Islamabad
VEH003220,عمران Sayed,,Faysal سید,1977-11-15,4500,17867293,Rawalpindi
VEH003221,عمران Sayed,16918-5505598-2,Faysal سید,1977-11-15,4500,18828687,Rawalpindi
VEH003222,عمران سید,16918-5505598-2,Faysal سید,1977-11-15,4500,17030120,Rawalpindi
VEH003223,Imran سید,16918-5505598-2,Faysal Sayyid,,4500,14477654,Rawalpindi
VEH003224,Muhammad Othman بٹ,,علی بٹ,1969-06-19,4500,16169959,Karachi
VEH003225,عائشہ Quraishi,36770-9384504-0,بلال Quraishi,1964-08-05,900,3722788,Faisalabad
VEH003226,Marium Raja,64219-8625580-7,,1993-06-08,3000,10032241,Islamabad
VEH003227,مریم Raja,64219-8625580-7,,1993-06-08,3100,11912876,Islamabad
VEH003228,Mohammed فیصل Awan,90367-4510031-0,Hasan Awan,,2500,9388559,Islamabad
VEH003229,Hasan Sayyid,68906-9799363-0,Hassan Syed,1983-02-15,800,2762188,Faisalabad
VEH003230,بلال Chaudhry,82336-2901813-3,فیصل Ch.,,1000,3988353,Rawalpindi
VEH003231,حسین Shaikh,40265-9255836-9,Muhammed Faysal Sheikh,1990-03-01,1300,4582954,Karachi
VEH003232,Hamzah خان,40375-4370276-5,Mohammed حمزہ خان,,1900,7753131,Karachi
VEH003233,ثناء Sayyid,41397-3479259-6,Imran Syed,1969-02-08,1800,7541521,Islamabad
VEH003234,Sana Sayyid,,Muhammed عمران Sayed,1969-02-08,1600,5274716,Islamabad
VEH003235,Sana سید,41397-3479259-6,Muhammed Imran Syed,1969-02-08,2000,7012897,Islamabad
VEH003236,حمزہ سید,47820-7120375-6,Mohammad Ahmed Sayyid,1997-12-11,700,2707128,Karachi
VEH003237,احمد Khan,,علی خان,1965-04-03,1700,6239063,Rawalpindi
VEH003238,Ahmad خان,96699-3535496-9,,1965-04-03,1700,6891084,Rawalpindi
VEH003239,حرا Raja,54950-9768170-9,حسن راجہ,1996-11-05,2400,7695131,Faisalabad
VEH003240,Hira راجہ,54350-9768170-9,Mohammad Hasan راجہ,1996-11-05,2500,10035456,Faisalabad
VEH003241,حرا Raja,54950-9768170-9,Muhammad حسن راجہ,1996-11-05,2600,9374541,Faisalabad
VEH003242,Mohammed Imran Mughal,19836-1120461-7,علی Mughal,1969-03-24,4000,16682118,Faisalabad
VEH003243,Imran Mughal,19836-1120461-7,Ali Moghul,1969-03-24,4000,14506895,Faisalabad
VEH003244,زینب Awan,14537-2520879-9,,,900,3639599,Faisalabad
VEH003245,حسین Bhatti,42526-9149669-4,Ali Butt,1972-10-25,1400,5464776,Lahore
VEH003246,Imran Butt,15679-3605436-3,Faisal Bhatti,1963-09-22,1300,4782954,Rawalpindi
VEH003247,محمد Mughal,67563-2149517-9,Ahmad مغل,1955-05-21,1800,5918883,Karachi
VEH003248,Sana Shaikh,51940-3549937-8,عمران Shaykh,1956-01-10,1400,5867006,Islamabad
VEH003249,ثناء شیخ,51940-3549937-8,,1956-01-10,1000,3268891,Islamabad
VEH003250,زینب Shaikh,31110-3775009-8,Hussein Shaikh,1973-02-08,4000,15846163,Rawalpindi
VEH003251,زینب Shaikh,31110-3775009-8,حسین Shaikh,1973-02-08,4300,17322444,Rawalpindi
VEH003252,عثمان خان,71400-6204442-1,,1985-01-17,2600,8383254,Rawalpindi
VEH003253,Othman Khan,71400-6204442-1,عثمان Khan,1985-01-17,2600,9849751,Rawalpindi
VEH003254,Usman خان,71400-6204442-1,Mohammed عثمان Khan,1985-01-17,2600,10546961,Rawalpindi
VEH003255,فیصل Malik,29822-6157228-5,عثمان Malick,,800,3280255,Faisalabad
VEH003256,Faisal ملک,29822-6157228-5,Osman Malik,1983-12-10,900,3194001,Faisalabad
VEH003257,Hassan چوہدری,45681-1269637-3,Mohammad چوہدری,1997-11-27,1300,5403552,Lahore
VEH003258,عمران Malik,55850-4962809-5,Mohammad ملک,1982-03-20,2500,9448507,Islamabad
VEH003259,احمد Butt,87281-9496736-3,Hussain بٹ,1956-01-15,2400,7864375,Karachi
VEH003260,عمران Syed,96620-3660245-4,محمد Sayed,1996-11-02,4500,16860101,Karachi
VEH003261,Imran Sayyid,96620-3660245-4,Mohammed Sayyid,1996-11-02,4500,17720301,Karachi
VEH003262,Mohammed عمران Sayyid,96620-3660245-4,Mohammad Sayyid,1996-11-02,4500,17967342,Karachi
VEH003263,حمزہ Quraishi,79866-4824678-5,محمد Quraishi,1995-01-06,1300,4837125,Faisalabad
VEH003264,حمزہ Quraishi,79866-4824678-5,Muhammed قریشی,1995-01-06,1700,6867897,Faisalabad
VEH003265,محمد بٹ,91723-5570969-8,,1978-10-18,1500,5071810,Lahore
VEH003266,Sana Awan,38900-5010515-7,Hasan اعوان,1962-05-21,3600,13662386,Islamabad
VEH003267,Hamzah قریشی,,Ahmed Qureshi,1981-04-09,1500,5661411,Islamabad
VEH003268,Muhammad Imran راجہ,61661-2345254-3,Hamza Raja,1996-02-19,2500,8391987,Faisalabad
VEH003269,Imran راجہ,61662-2345254-3,,1996-02-19,2700,10773641,Faisalabad
VEH003270,Husain Quraishi,,احمد قریشی,1956-09-04,700,2865931,Faisalabad
VEH003271,Hussein Qureshi,31692-4953202-3,احمد Qureshi,1956-09-04,1200,3851920,Faisalabad
VEH003272,Osman Malik,96428-9460477-8,Ali Malick,1985-04-16,2100,8400974,Islamabad
VEH003273,Othman ملک,96428-9660477-8,علی Malick,1985-04-16,2100,6858816,Islamabad
VEH003274,فیصل سید,,Ahmad سید,1995-05-04,1200,4677258,Rawalpindi
VEH003275,Muhammad اعوان,,Muhammad بلال اعوان,1973-04-12,2600,9684910,Rawalpindi
VEH003276,محمد Awan,39742-8970034-3,Bilal اعوان,1973-04-12,2300,7529820,Rawalpindi
VEH003277,Muhammed Ali Malik,41977-1889811-7,Mohammad Malik,,2300,8255155,Islamabad
VEH003278,Husain Shaikh,38436-3502254-3,Ahmed Shaykh,1958-03-13,1000,3709981,Faisalabad
VEH003279,Mohammad Ahmad Awan,,Hussein اعوان,1971-08-16,4300,14941665,Rawalpindi
VEH003280,Ahmed اعوان,87294-5646615-1,Hussain Awan,1971-08-16,4500,14592996,Rawalpindi
VEH003281,Ahmad اعوان,87294-5646615-1,,1971-08-16,4500,16681139,Rawalpindi
VEH003282,Ahmad Awan,87294-5646615-1,حسین اعوان,,4500,17229906,Rawalpindi
VEH003283,Hussain قریشی,,Hamza قریشی,,1900,6396493,Lahore
VEH003284,Hasan Choudhary,19991-8950534-8,Hamzah Choudhary,,700,2296490,Faisalabad
VEH003285,Mohammad خان,68766-5379569-7,Mohammad فیصل خان,1965-10-08,1100,4192957,Faisalabad
VEH003286,حرا اعوان,40234-7294218-6,حسن Awan,,1700,6358065,Rawalpindi
VEH003287,Hamzah Quraishi,94629-3198758-0,Hamzah Quraishi,,2900,10408744,Lahore
VEH003288,Hamzah Quraishi,94629-3198758-0,Hamzah Qureshi,1993-01-16,2700,11303132,Lahore
VEH003289,Muhammad حمزہ قریشی,94629-3198758-0,Mohammed Hamza قریشی,1993-01-16,2700,10696463,Lahore
VEH003290,Muhammed حمزہ Quraishi,,Mohammad Bilal Quraishi,1977-08-27,3000,11391112,Faisalabad
VEH003291,Muhammed Hamzah قریشی,62165-7865845-2,,,2700,10363056,Faisalabad
VEH003292,مریم سید,33450-3686912-0,Muhammad Syed,1996-04-23,1000,3813979,Karachi
VEH003293,Muhammad علی Chaudhary,27890-5164731-5,,1966-03-01,900,3729778,Faisalabad
VEH003294,Mohammad Ali Bhatti,34371-4822168-2,,1965-06-09,3800,13728138,Islamabad
VEH003295,Ali Bhatti,34371-2822168-2,Muhammed Bhatti,1965-06-09,3800,12916459,Islamabad
VEH003296,علی Butt,34371-2822168-2,Muhammad Butt,1965-06-09,3800,14785415,Islamabad
VEH003297,Hamza سید,90405-4695886-6,Mohammed حسین Syed,,1400,5414714,Islamabad
VEH003298,حمزہ Syed,90405-4695886-6,Hussein Sayyid,1993-06-01,1500,6055101,Islamabad
VEH003299,Muhammed Hussain ملک,27472-4443410-2,محمد Malik,1957-12-28,3700,13201934,Karachi
VEH003300,Husain Malik,27472-4443410-2,Mohammad Malik,1957-12-28,3900,15859217,Karachi
VEH003301,Zainab Raja,34900-4744654-4,عمران Raja,1986-09-03,1500,4843090,Rawalpindi
VEH003302,زینب راجہ,34900-4744654-4,عمران Raja,,1100,4083982,Rawalpindi
VEH003303,Mohammed علی Malik,67404-5742281-6,,,2800,10267698,Karachi
VEH003304,علی Malik,67424-5742281-6,Hamza ملک,1975-08-08,2500,9710677,Karachi
VEH003305,علی Malik,67404-5742281-6,Hamza Malick,1975-08-08,2500,8163117,Karachi
VEH003306,Ali Malik,67404-5742281-6,Hamza Malik,,2600,10770996,Karachi
VEH003307,Mohammad Ahmad قریشی,69820-4185715-1,علی قریشی,1972-04-05,1800,6050693,Rawalpindi
VEH003308,Muhammed Husain Awan,70614-5594899-0,,1975-11-23,1200,3968947,Rawalpindi
VEH003309,Imran اعوان,53906-3071854-2,Mohammed Faisal اعوان,1978-02-20,2200,8140055,Lahore
VEH003310,Muhammad Imran اعوان,53906-3071854-2,فیصل اعوان,1978-02-20,1800,7559803,Lahore
VEH003311,Imran اعوان,53906-3071854-2,Mohammad Faisal اعوان,1978-02-20,2000,7437616,Lahore
VEH003312,Imran Quraishi,60284-9375570-9,Mohammad Hasan Quraishi,,1000,3797642,Islamabad
VEH003313,عمران Quraishi,60284-9375570-0,حسن قریشی,1962-07-28,800,3191354,Islamabad
VEH003314,Muhammad Othman Sayyid,82557-6661239-9,حمزہ Sayed,2003-02-07,1400,5823475,Rawalpindi
VEH003315,Mohammed Usman سید,82557-6661239-9,Hamzah Sayyid,2003-02-07,1600,6232794,Rawalpindi
VEH003316,Faisal راجہ,10144-7637180-0,علی راجہ,1979-10-25,3600,15104879,Islamabad
VEH003317,Faisal Raja,10144-7637180-0,Mohammad Ali راجہ,1979-10-25,3900,13949023,Islamabad
VEH003318,فیصل Raja,10144-7637180-0,Muhammed علی Raja,1979-10-25,3600,13890652,Islamabad
VEH003319,Mohammed Faysal راجہ,10144-7637180-0,,1979-10-25,3600,11913195,Islamabad
VEH003320,Faysal Bhatti,99072-3227186-1,Mohammad فیصل Bhatti,1988-10-20,2900,10071757,Karachi
VEH003321,Faisal Bhatti,99072-3227186-1,فیصل بٹ,1988-10-20,3000,9722231,Karachi
VEH003322,Ahmed Qureshi,50637-9628054-5,Muhammed قریشی,1964-11-10,3000,12568363,Islamabad
VEH003323,عمران Awan,49887-7382139-1,Muhammad عمران اعوان,1985-01-26,1000,3564938,Karachi
VEH003324,حمزہ چوہدری,44935-7541975-7,عمران چوہدری,1969-02-10,4000,13768043,Faisalabad
VEH003325,حمزہ Chaudhry,14935-7541975-7,Muhammad Imran Ch.,1969-02-10,3700,12223098,Faisalabad
VEH003326,حرا Butt,,Hamza Butt,1965-05-28,1300,5081203,Rawalpindi
VEH003327,Mohammad فیصل Sheikh,40213-3319251-4,Muhammad Shaykh,1980-02-17,900,3658368,Karachi
VEH003328,Mohammed بلال Khan,87134-3508613-7,,1978-01-12,2300,9244390,Islamabad
VEH003329,Muhammad بلال Khan,87134-3508613-7,Hussein خان,,2200,7711954,Islamabad
VEH003330,ثناء قریشی,,Faysal Qureshi,1961-04-09,2200,7654301,Faisalabad
VEH003331,Mohammed Husain خان,44910-2821264-4,Ali خان,1999-11-14,1000,3873981,Islamabad
VEH003332,بلال خان,,Muhammad Khan,1983-03-10,1100,4079293,Islamabad
VEH003333,علی Raja,23891-3241880-8,Mohammad Ali Raja,1982-02-06,700,2772313,Rawalpindi
VEH003334,Ali اعوان,21830-1179312-4,Mohammad اعوان,1990-07-16,4500,14867546,Islamabad
VEH003335,Ali Awan,21830-1179312-4,Mohammed Awan,1990-07-16,4500,17830425,Islamabad
VEH003336,Mohammed Imran Syed,78240-2203321-0,Mohammad بلال سید,1965-05-15,1300,4501318,Faisalabad
VEH003337,حمزہ Raja,70892-9111150-0,احمد راجہ,1981-10-13,4500,17681107,Rawalpindi
VEH003338,Hamza Raja,70892-9111150-0,Ahmed Raja,1981-10-13,4500,18150068,Rawalpindi
VEH003339,Hamzah راجہ,70892-9111150-0,,1981-10-13,4500,17007392,Rawalpindi
VEH003340,Hamzah راجہ,70892-9111150-0,Muhammad احمد راجہ,1981-10-13,4500,16173943,Rawalpindi
VEH003341,Hassan مغل,54155-9833783-8,Hassan Mughal,1965-03-12,4500,18378344,Faisalabad
VEH003342,حسن مغل,54155-9833788-8,Muhammad حسن Mughal,1965-03-12,4500,14790252,Faisalabad
VEH003343,حسن Mughal,54155-9833788-8,Hassan مغل,1965-03-12,4500,15300693,Faisalabad
VEH003344,حسن Mughal,54155-9833788-8,حسن Mughal,1965-03-12,4500,16940589,Faisalabad
VEH003345,Aisha مغل,98049-1965291-5,Hamzah مغل,1987-08-28,2900,10247357,Rawalpindi
VEH003346,Ayisha Mughal,98049-1965291-5,Hamza مغل,1987-08-28,2700,10333591,Rawalpindi
VEH003347,عائشہ Moghul,98049-1965291-5,Hamza مغل,1987-08-28,2800,8996640,Rawalpindi
VEH003348,علی اعوان,27543-9325224-3,Mohammed Awan,1962-10-20,2000,6869172,Faisalabad
VEH003349,بلال قریشی,72287-5901551-5,Bilal قریشی,1975-09-19,4500,17416475,Lahore
VEH003350,بلال Qureshi,72287-5901571-5,Bilal Qureshi,1975-09-19,4500,17763837,Lahore
VEH003351,Bilal قریشی,72287-5901551-5,بلال Qureshi,1975-09-19,4500,16749456,Lahore
VEH003352,Hira Sheikh,55058-8120070-1,Hassan شیخ,1996-01-05,1500,6079776,Faisalabad
VEH003353,Hira Shaikh,55058-8120070-1,حسن Sheikh,,1500,6069101,Faisalabad
VEH003354,زینب Chaudhary,86145-8252205-1,فیصل Ch.,1995-10-15,1700,5914170,Islamabad
VEH003355,Fatimah سید,91348-8041260-7,,1984-09-23,4400,17969486,Faisalabad
VEH003356,فاطمہ سید,,Muhammed Ali Sayyid,1984-09-23,4400,14952498,Faisalabad
VEH003357,فاطمہ Sayyid,91348-8041260-7,Ali Syed,1984-09-23,4500,18336152,Faisalabad
VEH003358,Fatimah Syed,91348-8041260-7,علی Sayyid,1984-09-23,4400,17999663,Faisalabad
VEH003359,علی Khan,71961-8528697-2,بلال Khan,,2800,9949285,Karachi
VEH003360,Ali Khan,71961-8528697-2,Mohammad Bilal Khan,1984-02-12,2800,10710501,Karachi
VEH003361,Hamza خان,91088-4546586-9,Muhammad Husain Khan,,800,3076556,Karachi
VEH003362,حسن خان,,عمران Khan,1980-09-28,1600,6416841,Karachi
VEH003363,Fatima Malick,46776-8198364-6,,,1300,5016313,Rawalpindi
VEH003364,فاطمہ Malik,46776-8198364-6,Mohammad عمران Malik,1985-11-26,1300,4551296,Rawalpindi
VEH003365,عائشہ Khan,23415-7577854-5,Muhammad Imran Khan,2000-01-18,900,3174712,Lahore
VEH003366,Usman Raja,97215-8887210-2,Faisal Raja,1960-10-08,2700,10767422,Karachi
VEH003367,Osman راجہ,97215-8887210-2,فیصل راجہ,1960-10-08,2500,10134384,Karachi
VEH003368,عمران بٹ,22554-6938081-9,Faysal بٹ,1995-12-06,1100,3891958,Karachi
VEH003369,محمد Mughal,98508-5654766-8,Mohammad Bilal Mughal,1959-09-07,1200,4782813,Rawalpindi
VEH003370,Othman قریشی,48617-4680527-2,Ahmed Qureshi,,1500,5130324,Faisalabad
VEH003371,Fatema ملک,37063-1222519-8,,1966-01-25,1700,6137264,Karachi
VEH003372,Hussein Chaudhry,41165-9991149-4,Ahmad Ch.,1976-04-03,3400,12091092,Karachi
VEH003373,Hira بٹ,98162-6622406-1,فیصل Bhatti,1977-05-09,2200,8171682,Islamabad
VEH003374,احمد اعوان,78586-8602063-4,,1975-04-03,1500,5995452,Karachi
VEH003375,Zainab Sayyid,68734-3260398-5,حسین Syed,1986-08-16,1200,4207297,Karachi
VEH003376,Ahmad Sayyid,21647-6787435-1,بلال سید,1973-10-04,1000,3360436,Faisalabad
VEH003377,حرا Syed,11792-2922640-7,Muhammed Hussein سید,1988-05-06,1400,5416748,Karachi
VEH003378,Mariam ملک,18167-7421043-4,Muhammed حمزہ Malick,1967-12-19,1700,6053014,Faisalabad
VEH003379,Ahmed Ch.,19067-7853022-9,Usman Chaudhary,1972-04-05,4500,14989050,Lahore
VEH003380,Ahmad چوہدری,19067-7853022-9,Usman Chaudhary,1972-04-05,4500,17236673,Lahore
VEH003381,احمد Chaudhry,19067-7853022-9,,,4500,16645787,Lahore
VEH003382,احمد Chaudhary,19067-7853022-9,Mohammad Usman Chaudhary,1972-04-05,4500,17220015,Lahore
VEH003383,Usman Qureshi,90888-9326217-8,,1967-11-16,2800,11312655,Karachi
VEH003384,محمد بٹ,75235-3025718-8,Imran Bhatti,1990-11-09,1000,4137448,Lahore
VEH003385,Mohammad Shaikh,56382-8181520-5,Hamzah شیخ,1965-11-07,700,2335255,Karachi
VEH003386,بلال Khan,66311-2172164-9,Muhammad احمد Khan,1970-12-28,1900,7542589,Karachi
VEH003387,Fatima Shaykh,50993-6949692-6,Hasan شیخ,1969-07-14,2800,9334345,Lahore
VEH003388,Fatima Sheikh,,Hassan Shaykh,1969-07-14,2900,9848691,Lahore
VEH003389,Mohammad حسن خان,12657-3600985-7,Muhammed Ahmad خان,1994-01-12,1800,6687804,Islamabad
VEH003390,حسن خان,12657-3600985-7,Mohammad احمد خان,,1600,5440215,Islamabad
VEH003391,حمزہ Mughal,53624-7324779-2,حسن Mughal,1968-01-19,900,3255394,Rawalpindi
VEH003392,فاطمہ Awan,,Hasan اعوان,2001-01-09,3900,14148104,Lahore
VEH003393,فاطمہ اعوان,38784-1165427-0,Mohammad حسن اعوان,2001-01-09,3800,13207220,Lahore
VEH003394,Fatimah Ch.,,,1963-11-17,2300,8531042,Islamabad
VEH003395,Faysal خان,94729-3585930-6,Mohammad احمد خان,1993-04-12,4200,14569045,Faisalabad
VEH003396,فیصل خان,94729-3585930-6,Muhammad Ahmad خان,1993-04-12,4400,16333779,Faisalabad
VEH003397,Faysal خان,94729-3585930-6,Mohammad Ahmad خان,1993-04-12,4300,13791878,Faisalabad
VEH003398,Faysal خان,94729-3585930-6,Muhammed احمد Khan,1993-04-12,4300,15150590,Faisalabad
VEH003399,Muhammad علی Mughal,13323-2501727-5,Muhammed Moghul,1985-07-06,1300,5110926,Karachi
VEH003400,حمزہ Shaykh,69894-4789896-5,Muhammad حمزہ شیخ,1961-11-07,1400,5073757,Lahore
VEH003401,Osman Mughal,25718-4283539-4,Ahmad مغل,1973-04-14,1900,7338343,Faisalabad
VEH003402,Husain بٹ,16528-7403910-9,Hassan Bhatti,1970-08-11,2200,9087554,Lahore
VEH003403,Othman Shaikh,55086-5008621-7,,1971-08-14,1100,3608304,Faisalabad
VEH003404,Mohammed Faysal راجہ,81877-4949586-5,Muhammed راجہ,1977-02-27,1600,5541179,Islamabad
VEH003405,Husain خان,57500-7086557-4,,1998-01-04,4500,15363632,Lahore
VEH003406,Hussein Khan,57500-7086557-4,,1998-01-04,4500,18215867,Lahore
VEH003407,Hussein خان,57500-7086557-4,,1998-01-04,4500,14662839,Lahore
VEH003408,محمد مغل,,Faysal مغل,1962-07-13,1100,4233226,Rawalpindi
VEH003409,Hamzah اعوان,,Osman اعوان,1995-05-07,900,3437267,Lahore
VEH003410,Mohammad Hasan راجہ,35056-1437804-0,Mohammad Hamzah Raja,2002-08-26,1100,3620350,Rawalpindi
VEH003411,Faisal Sayed,11423-7984575-6,Muhammad بلال Syed,1987-11-17,1500,5132005,Faisalabad
VEH003412,Faysal Sayyid,11423-7984575-6,بلال Sayed,1987-11-17,1700,5868910,Faisalabad
VEH003413,احمد بٹ,,حسن Butt,1972-07-20,1400,5640608,Karachi
VEH003414,حرا Chaudhary,42524-6310982-3,Hamzah Chaudhary,1966-06-24,3100,12237274,Faisalabad
VEH003415,حرا Chaudhary,42524-6310982-3,Hamza چوہدری,1966-06-24,3100,11935771,Faisalabad
VEH003416,حرا Ch.,42524-6310982-3,,,3100,10483361,Faisalabad
VEH003417,حسن Quraishi,,,1957-04-06,1800,7169369,Faisalabad
VEH003418,Hassan قریشی,84849-7932509-2,Mohammad قریشی,1957-04-06,1600,6213537,Faisalabad
VEH003419,Hussein Choudhary,72583-1052016-4,Muhammad Ahmad Chaudhry,1960-01-17,1200,4921343,Rawalpindi
VEH003420,فاطمہ قریشی,60449-4757969-3,Muhammad Hamza Qureshi,1967-05-07,2100,6819927,Rawalpindi
VEH003421,Fatima Qureshi,60449-4757969-3,Hamza Qureshi,1967-05-07,1800,6142752,Rawalpindi
VEH003422,Mohammad فیصل Khan,13210-3826904-4,Ali خان,1956-02-26,1100,4248926,Karachi
VEH003423,عمران Bhatti,73447-3942979-7,Muhammad Husain Bhatti,1995-03-03,4400,14278991,Lahore
VEH003424,Imran Butt,73447-3942979-7,Hussain Bhatti,1995-03-03,4100,15423020,Lahore
VEH003425,عمران Bhatti,73447-3942979-7,حسین Butt,1995-03-03,4200,15528360,Lahore
VEH003426,Hamza مغل,50170-6878784-5,Mohammad مغل,1992-08-08,1900,7852024,Islamabad
VEH003427,Hamza Mughal,,Muhammed Mughal,1992-08-08,2000,6969346,Islamabad
VEH003428,Hamzah Moghul,50170-6878784-5,Mohammad Mughal,1992-08-08,2100,8056889,Islamabad
VEH003429,Faysal راجہ,,Hussain راجہ,1965-10-18,1900,7503001,Rawalpindi
VEH003430,Aisha راجہ,40434-3485442-3,Mohammad Usman راجہ,1961-02-08,800,3054407,Faisalabad
VEH003431,Ali Sheikh,85415-5801139-5,Hamza Sheikh,1956-04-03,700,2593231,Islamabad
VEH003432,Mohammad Hassan اعوان,46136-6760065-4,عثمان اعوان,,3400,11775701,Islamabad
VEH003433,Hasan اعوان,46136-6760065-4,Othman اعوان,1996-02-15,3200,12554173,Islamabad
VEH003434,Mohammed ملک,,Bilal Malick,1978-08-17,800,2720070,Rawalpindi
VEH003435,Aisha ملک,,,1998-03-20,2100,8555650,Rawalpindi
VEH003436,Ayisha Malick,49847-9115305-2,,1998-03-20,2200,7373244,Rawalpindi
VEH003437,علی راجہ,90211-6014924-0,Muhammed Ahmed راجہ,1976-05-23,2700,9654436,Islamabad
VEH003438,Ali Raja,90211-6014924-0,Ahmed Raja,1976-05-23,3100,11712274,Islamabad
VEH003439,Bilal Raja,54555-2500598-1,,,1600,6010597,Faisalabad
VEH003440,بلال راجہ,54555-2500598-1,Imran Raja,1990-11-03,1500,5380126,Faisalabad
VEH003441,عائشہ Butt,61921-4086511-6,,1991-03-05,1500,5845793,Karachi
VEH003442,Aysha Butt,61921-4086501-6,علی بٹ,1991-03-05,1200,3973141,Karachi
VEH003443,Muhammad Choudhary,97312-5055889-7,Mohammad حسین Chaudhary,1978-12-02,3100,10913805,Rawalpindi
VEH003444,Muhammad Choudhary,97312-5055889-7,Husain Chaudhary,1978-12-02,3200,10822475,Rawalpindi
VEH003445,Mohammad چوہدری,97312-5055889-7,Hussain چوہدری,,3200,13228646,Rawalpindi
VEH003446,Mohammad Chaudhry,97312-5055889-7,Hussein Ch.,1978-12-02,3300,11169274,Rawalpindi
VEH003447,Muhammed سید,83881-5368033-8,Ahmed Syed,1983-01-09,1900,6863059,Faisalabad
VEH003448,Muhammad بٹ,,Muhammed Imran Bhatti,1990-12-06,2400,8208672,Rawalpindi
VEH003449,Mohammed Ahmed خان,85172-4642834-2,احمد خان,1956-04-13,1700,6951413,Lahore
VEH003450,عمران خان,34651-1492172-7,Ahmed خان,,1700,6928389,Lahore
VEH003451,Mohammad Quraishi,13265-3214918-7,Mohammed عثمان قریشی,1998-10-18,2600,9792565,Islamabad
VEH003452,Muhammad قریشی,13265-3214918-7,Mohammad عثمان Quraishi,1998-10-18,2300,9617307,Islamabad
VEH003453,عمران Malik,46718-9493648-8,Husain Malik,1981-11-15,3500,12375045,Faisalabad
VEH003454,Imran Malick,46718-9493648-8,Mohammed Husain Malick,1981-11-15,3800,13408624,Faisalabad
VEH003455,Mohammed Imran Malik,46718-9493648-8,,1981-11-15,3600,12638081,Faisalabad
VEH003456,Hasan Shaikh,43288-3769628-5,,,1500,4886002,Faisalabad
VEH003457,Hira اعوان,29420-2242073-4,,1960-02-09,3200,11031953,Lahore
VEH003458,علی Awan,,Hamza اعوان,1958-07-22,1500,5857805,Karachi
VEH003459,علی شیخ,22748-8065933-4,Muhammad Shaykh,1956-05-28,1500,4824779,Islamabad
VEH003460,Ali Bhatti,19110-5711754-5,بلال Bhatti,1974-07-13,4500,17712979,Karachi
VEH003461,علی Bhatti,99110-5711754-5,Bilal بٹ,1974-07-13,4500,18870068,Karachi
VEH003462,علی Butt,39110-5711754-5,Bilal بٹ,1974-07-13,4500,17812025,Karachi
VEH003463,Ali بٹ,39110-5711754-5,Mohammad بلال Bhatti,1974-07-13,4500,16520526,Karachi
VEH003464,Faisal Malik,73081-7924597-5,Muhammed Hasan Malik,1994-08-19,1000,3395901,Faisalabad
VEH003465,Usman بٹ,,Muhammed Butt,1963-12-23,2600,10157489,Islamabad
VEH003466,Muhammad Usman Bhatti,37457-8210971-4,Muhammed Butt,1963-12-23,2700,10610332,Islamabad
VEH003467,علی شیخ,53595-6390789-0,Muhammad Hassan Shaykh,1961-03-26,3000,10313455,Karachi
VEH003468,حسن Shaykh,97894-5175359-2,Muhammad Osman Shaykh,1967-09-07,4500,18563804,Faisalabad
VEH003469,Mohammad Faisal Malik,19253-8019922-5,,1974-09-04,1400,5631586,Rawalpindi
VEH003470,Faisal Malik,19253-8019922-5,احمد Malik,1974-09-04,1500,6291692,Rawalpindi
VEH003471,Bilal Raja,,,1970-08-01,1300,5169064,Rawalpindi
VEH003472,بلال راجہ,59727-2937862-1,Hamza Raja,1970-08-01,1100,4381666,Rawalpindi
VEH003473,علی Butt,97342-7395282-6,Bilal بٹ,,2600,9736397,Lahore
VEH003474,علی Butt,,Bilal بٹ,1963-10-04,2600,8833064,Lahore
VEH003475,علی Butt,97342-7395282-6,بلال Bhatti,1963-10-04,2800,9641701,Lahore
VEH003476,Ali بٹ,97342-7395282-6,Bilal بٹ,1963-10-04,2700,10286234,Lahore
VEH003477,Hira Malick,54985-5617487-9,عمران Malick,,1500,5807639,Lahore
VEH003478,ثناء Butt,55893-2862204-8,Mohammed Butt,1998-01-15,1000,3285939,Karachi
VEH003479,Ayisha Shaikh,78312-9161848-9,Mohammed Shaykh,1976-01-16,2700,10541876,Lahore
VEH003480,Aysha شیخ,78312-9661848-9,,1976-01-16,2200,7210482,Lahore
VEH003481,حمزہ Sheikh,99488-9872495-5,,1970-07-14,1000,3311383,Faisalabad
VEH003482,Mohammed Faisal Moghul,,Usman Mughal,1957-07-18,4500,14676323,Lahore
VEH003483,Faysal Moghul,47220-3192634-3,Mohammad عثمان Mughal,,4500,14407667,Lahore
VEH003484,فیصل Moghul,47220-3192634-3,,1957-07-18,4500,17488963,Lahore
VEH003485,Faisal مغل,47220-3192634-3,Mohammed Usman Moghul,1957-07-18,4500,16373504,Lahore
VEH003486,حسن ملک,76111-7468242-5,Faysal Malik,,2500,9904881,Faisalabad
VEH003487,Hassan Malick,75111-7468242-5,Muhammed فیصل Malick,1966-08-20,2900,10593042,Faisalabad
VEH003488,Mohammed Faisal Malik,86985-5417336-1,Hassan ملک,1980-05-10,1400,5146621,Karachi
VEH003489,Mohammed Imran Sheikh,99632-7325535-1,Hamzah شیخ,1996-03-12,1000,3492996,Lahore
VEH003490,Hussain Shaykh,93771-9506522-0,Husain Sheikh,1978-06-20,1400,4634403,Rawalpindi
VEH003491,احمد Sheikh,50082-6172677-7,Osman شیخ,1982-12-24,2000,6440164,Karachi
VEH003492,ثناء Qureshi,,Hussain Qureshi,1978-03-09,1100,4387334,Karachi
VEH003493,ثناء Qureshi,29405-8256992-2,حسین Qureshi,1978-03-09,1300,5000493,Karachi
VEH003494,Maryam خان,92666-5755881-5,,1975-06-27,1200,4055995,Lahore
VEH003495,Marium Khan,92666-5755881-5,عمران خان,1975-06-27,1400,4682882,Lahore
VEH003496,مریم خان,92666-5755881-5,عمران خان,1975-06-27,1500,5825617,Lahore
VEH003497,عائشہ Ch.,64240-7596350-3,Imran Chaudhary,1982-11-23,2000,7354469,Karachi
VEH003498,Aysha Chaudhary,64240-7596350-3,Imran Chaudhary,1982-11-23,2300,9547444,Karachi
VEH003499,Hasan قریشی,21326-5517084-9,Hamza Quraishi,1971-06-01,1400,4673681,Karachi
VEH003500,Muhammad Ahmed قریشی,33905-5365783-0,Ali Quraishi,1983-09-26,2100,7371391,Islamabad
VEH003501,Ahmad Quraishi,33905-5365783-0,Mohammad Ali Quraishi,1983-09-26,1900,7155336,Islamabad
VEH003502,Aysha Awan,73994-7432692-6,,1955-11-28,2700,10859160,Karachi
VEH003503,Bilal Khan,55020-2005180-6,Muhammed Husain خان,1956-06-04,1600,5832357,Rawalpindi
VEH003504,محمد Malick,15335-8622505-9,Mohammed Malik,1972-04-17,1700,6948115,Islamabad
VEH003505,Othman چوہدری,34923-3456824-4,Bilal Choudhary,1961-06-22,3400,13459259,Karachi
VEH003506,Othman Chaudhry,34923-3456824-4,بلال Chaudhary,1961-06-22,3300,13096333,Karachi
VEH003507,Osman Chaudhary,34923-3456824-4,Muhammed Bilal Ch.,,3300,12667288,Karachi
VEH003508,Imran Ch.,71829-5024264-8,حسن چوہدری,,1500,5018907,Islamabad
VEH003509,Bilal خان,,Hussein Khan,,1700,6934775,Rawalpindi
VEH003510,Bilal Khan,52604-7805871-8,Husain Khan,1983-01-20,1500,6169757,Rawalpindi
VEH003511,Bilal Khan,52604-7805871-8,Hussain Khan,1983-01-20,2000,7732082,Rawalpindi
VEH003512,Mohammed Hamza مغل,53306-2740587-2,Hassan مغل,1993-12-09,4300,17175205,Faisalabad
VEH003513,Muhammad Hamza Mughal,53306-2740587-2,Hasan مغل,1993-12-09,4400,17599176,Faisalabad
VEH003514,Hussein Bhatti,40186-3250570-5,Bilal بٹ,1985-03-03,2900,10852316,Islamabad
VEH003515,Hussain Bhatti,40186-3250570-5,,1985-03-03,2900,10991478,Islamabad
VEH003516,Muhammed Hussain بٹ,40186-3250570-5,Muhammad Bilal Bhatti,1985-03-03,2700,10443353,Islamabad
VEH003517,ثناء Ch.,83884-4886362-5,Hussein چوہدری,1989-09-03,1200,4288231,Karachi
VEH003518,فاطمہ شیخ,19455-1684129-3,Hamzah Shaikh,1985-08-08,4500,14891616,Rawalpindi
VEH003519,Fatema Shaykh,19455-1684129-3,حمزہ Shaikh,1985-08-08,4500,17416237,Rawalpindi
VEH003520,Fatema Shaikh,19455-1684129-3,Hamzah شیخ,1985-08-08,4500,17309057,Rawalpindi
VEH003521,Sana Raja,76370-5013424-2,Ahmad Raja,1994-02-22,3100,10703285,Faisalabad
VEH003522,Muhammad بلال Bhatti,47121-6237719-6,,,4500,16708811,Islamabad
VEH003523,Mohammed بلال بٹ,47121-6237719-6,Ali بٹ,1971-01-28,4500,18166532,Islamabad
VEH003524,بلال Bhatti,47121-6237719-6,Ali بٹ,1971-01-28,4500,14798339,Islamabad
VEH003525,Mohammed Bilal Butt,47121-6237719-6,,1971-01-28,4500,16595622,Islamabad
VEH003526,Mohammed احمد Syed,65678-7485867-4,Ahmed Syed,1986-01-02,700,2514604,Lahore
VEH003527,Marium Ch.,51301-9758841-6,Mohammad Choudhary,1960-12-11,1000,3823381,Islamabad
VEH003528,ثناء Ch.,13551-2135789-6,Husain Chaudhary,1989-11-11,2000,6872133,Rawalpindi
VEH003529,Sana Chaudhary,13551-2135789-6,حسین چوہدری,1989-11-11,1900,7812239,Rawalpindi
VEH003530,Mohammed Bilal Sheikh,84332-2930624-5,Mohammed Hasan Shaikh,2002-11-24,2000,8166823,Islamabad
VEH003531,Ahmed Khan,,,,4500,16341430,Rawalpindi
VEH003532,Ahmed خان,85063-8831052-8,,1979-02-17,4500,16394820,Rawalpindi
VEH003533,Ahmad Khan,85063-6831052-8,Ahmed Khan,1979-02-17,4500,15764113,Rawalpindi
VEH003534,عمران Awan,,,2003-12-07,2300,9401295,Faisalabad
VEH003535,Imran اعوان,17460-4811831-7,Hussein Awan,2003-12-07,2200,8921592,Faisalabad
VEH003536,احمد بٹ,22780-9818014-9,Ahmad بٹ,,1500,5055159,Lahore
VEH003537,Imran مغل,70433-4811482-7,,1978-07-24,3100,11733187,Rawalpindi
VEH003538,Muhammed عثمان قریشی,59083-6431318-4,Faisal قریشی,2000-05-26,1100,3830498,Lahore
VEH003539,Fatema Chaudhary,91325-1907969-8,Ali Choudhary,2002-02-07,4500,16129303,Rawalpindi
VEH003540,فاطمہ Ch.,91325-1907969-8,علی Choudhary,2002-02-07,4500,14827397,Rawalpindi
VEH003541,Fatimah Chaudhry,91325-1907969-8,علی چوہدری,2002-02-07,4500,15883638,Rawalpindi
VEH003542,Fatimah چوہدری,91325-1907969-8,Ali چوہدری,2002-02-07,4500,17371526,Rawalpindi
VEH003543,Faysal راجہ,31197-1299973-8,,1990-10-14,2100,7279505,Rawalpindi
VEH003544,Faysal راجہ,31197-1299973-8,,1990-10-14,1600,5619226,Rawalpindi
VEH003545,Ali Sayed,44154-6781144-9,Mohammad Sayed,1987-11-03,900,3713431,Lahore
VEH003546,Hamza ملک,15669-7444917-1,,1971-01-06,1400,5538481,Karachi
VEH003547,Faysal Sayed,55974-9741277-5,Mohammed Osman Syed,1966-03-25,900,3561579,Karachi
VEH003548,Mohammad مغل,38111-8296545-0,Mohammed Husain مغل,,1700,6190681,Islamabad
VEH003549,Hira ملک,74978-5748435-5,Hamzah ملک,2002-06-15,2100,8554359,Faisalabad
VEH003550,حرا Chaudhary,,Faysal Ch.,1997-08-08,900,2906637,Rawalpindi
VEH003551,Hasan Syed,14392-8804005-7,Hussein Syed,1982-08-26,3200,11119764,Islamabad
VEH003552,Hasan Syed,14592-8804005-7,Mohammad Hussein Sayyid,1982-08-26,3200,13333837,Islamabad
VEH003553,Mohammad Mughal,52004-6670100-5,محمد Mughal,1962-12-22,1700,6819216,Rawalpindi
VEH003554,Mohammed Moghul,52004-6970100-5,محمد Moghul,1962-12-22,1700,6027311,Rawalpindi
VEH003555,Mohammed Hasan ملک,,فیصل Malik,1982-12-08,1200,3970925,Rawalpindi
VEH003556,حسن Butt,61278-6084036-0,احمد Butt,1976-12-17,1800,6032043,Karachi
VEH003557,Bilal Chaudhary,20976-1771498-7,,2000-11-11,900,3402278,Lahore
VEH003558,Bilal Chaudhary,20976-1771498-7,Imran Choudhary,2000-11-11,1000,3670535,Lahore
VEH003559,فاطمہ Qureshi,79729-9869677-6,عمران Quraishi,2003-04-11,1900,7465949,Rawalpindi
VEH003560,Fatima Quraishi,,,2003-04-11,2300,9231587,Rawalpindi
VEH003561,Fatema Qureshi,79729-9869677-6,,,2100,7609716,Rawalpindi
VEH003562,فاطمہ قریشی,79729-9869677-6,Mohammad عمران Quraishi,2003-04-11,1900,6628727,Rawalpindi
VEH003563,حمزہ Bhatti,24554-6821545-7,Ali بٹ,1983-05-22,900,3127972,Islamabad
VEH003564,Hamza Butt,24554-6221545-7,علی Butt,1983-05-22,900,3503603,Islamabad
VEH003565,Muhammad Osman Quraishi,38760-8364105-3,Muhammad Faisal قریشی,1998-10-15,3500,11523580,Islamabad
VEH003566,عثمان قریشی,38760-8364105-3,Mohammad فیصل Quraishi,,3600,12790163,Islamabad
VEH003567,بلال Choudhary,69985-8579243-5,Othman Chaudhary,1971-12-17,900,3458392,Lahore
VEH003568,Hira Sayed,85013-4433180-9,Muhammad Faysal Sayed,2002-03-16,4400,17172824,Rawalpindi
VEH003569,Hira Sayyid,85013-4433180-9,Faisal Sayed,2002-03-16,4300,17953410,Rawalpindi
VEH003570,فیصل Quraishi,44177-7631317-7,Hussain Quraishi,1971-06-14,2400,9427984,Lahore
VEH003571,Imran Raja,85775-6557247-4,Hamzah راجہ,,2300,8499210,Karachi
VEH003572,عمران راجہ,85775-6557247-4,حمزہ راجہ,1973-03-01,2700,9104208,Karachi
VEH003573,Imran Raja,85775-6557247-4,Muhammed حمزہ Raja,1973-03-01,2600,10274460,Karachi
VEH003574,Hassan Butt,22330-5969012-2,Muhammed Hussain Bhatti,1967-11-17,1500,6218978,Lahore
VEH003575,Hasan Bhatti,22330-5969012-2,Hussein Butt,1967-11-17,1400,5834049,Lahore
VEH003576,Ahmed Chaudhary,,علی Choudhary,1989-09-28,1500,5645676,Rawalpindi
VEH003577,Ahmad Chaudhary,96507-5572561-9,علی Choudhary,1989-09-28,1700,6129133,Rawalpindi
VEH003578,ثناء سید,39214-9873546-5,حسن Sayed,1995-08-11,2300,8563932,Islamabad
VEH003579,Mohammed Hassan شیخ,35002-8783877-8,Muhammad Shaikh,1958-07-18,4500,14890081,Karachi
VEH003580,Muhammed Hassan Shaikh,35002-8783977-8,محمد Shaikh,1958-07-18,4500,17323901,Karachi
VEH003581,حسن Sheikh,35002-8783877-8,,1958-07-18,4500,16725713,Karachi
VEH003582,Hassan شیخ,,محمد Sheikh,1958-07-18,4500,18174628,Karachi
VEH003583,زینب Sheikh,83448-7074501-5,Osman شیخ,1957-08-21,700,2906713,Faisalabad
VEH003584,Muhammad شیخ,45230-2423010-6,Ahmed Shaikh,1958-12-25,900,3473233,Lahore
VEH003585,حسن شیخ,53073-9043354-8,حسین شیخ,1997-03-27,1000,3663877,Karachi
VEH003586,Mohammad حسین Chaudhry,95531-6111457-1,Faisal Ch.,1991-08-20,2700,9515602,Islamabad
VEH003587,Husain Ch.,95535-6111457-1,Faysal Ch.,1991-08-20,2600,10749101,Islamabad
VEH003588,Muhammed حسین چوہدری,95535-6111457-1,,1991-08-20,2700,10589524,Islamabad
VEH003589,Faisal Awan,93635-3118499-0,Osman Awan,1979-06-14,1200,4597775,Lahore
VEH003590,محمد Syed,81839-9549183-7,Imran Syed,1982-02-19,2200,9007407,Faisalabad
VEH003591,Muhammed Sayed,81839-9549183-7,Muhammed عمران Sayed,1982-02-19,2300,7457732,Faisalabad
VEH003592,Mohammed Sayyid,81839-9549183-7,Imran Sayyid,1982-02-19,2500,8520302,Faisalabad
VEH003593,حمزہ خان,49467-8734936-1,Muhammad حمزہ Khan,1964-10-04,1100,3590241,Islamabad
VEH003594,Bilal Mughal,37441-2977718-0,,1958-09-11,1600,5337991,Rawalpindi
VEH003595,Bilal سید,62690-6199910-0,,,1900,6598133,Islamabad
VEH003596,بلال Sayed,,,1968-04-13,1500,5120473,Islamabad
VEH003597,Muhammad Hassan Sayed,,Hamzah سید,1999-07-14,1000,3742326,Islamabad
VEH003598,Hira Malick,13672-3624319-2,,,1800,6967493,Rawalpindi
VEH003599,Hasan Bhatti,47446-6693407-7,Mohammad Ali Bhatti,1972-12-09,1300,4522971,Faisalabad
VEH003600,حسن بٹ,43446-6693407-7,علی بٹ,1972-12-09,1400,5246223,Faisalabad
VEH003601,Mohammad Hamza سید,34099-8091495-1,Hussain Sayyid,1988-11-03,3000,12167886,Islamabad
VEH003602,Muhammed حمزہ راجہ,42015-4416539-8,Mohammed Raja,1986-01-08,2000,6779445,Karachi
VEH003603,بلال Mughal,15624-4259828-0,Imran Mughal,1992-08-28,1900,6243078,Karachi
VEH003604,حسین خان,22801-7520960-1,,1980-11-21,4500,17010643,Islamabad
VEH003605,حسین خان,22801-7520960-1,Muhammad بلال خان,1980-11-21,4500,17353401,Islamabad
VEH003606,Bilal Choudhary,78966-6862751-3,Faisal Choudhary,1981-02-21,4500,16385886,Islamabad
VEH003607,Muhammad بلال چوہدری,,Faysal Choudhary,1981-02-21,4500,16169971,Islamabad
VEH003608,Muhammad Bilal Choudhary,78966-6862751-3,,1981-02-21,4500,14753065,Islamabad
VEH003609,بلال Choudhary,78966-6862751-3,Faisal چوہدری,1981-02-21,4500,16676597,Islamabad
VEH003610,Muhammed Hussain Raja,83650-1162177-5,Hamza راجہ,1971-11-19,2400,9813625,Karachi
VEH003611,Hamzah Moghul,97741-5719054-4,Hussain مغل,1976-09-24,3700,12739314,Lahore
VEH003612,Muhammed حمزہ مغل,97741-5719054-4,Husain Mughal,1976-09-24,3800,12422650,Lahore
VEH003613,حمزہ مغل,97741-5719054-4,,1976-09-24,3600,13817017,Lahore
VEH003614,Bilal راجہ,,Muhammed Raja,2001-12-21,1800,6701675,Lahore
VEH003615,Ayesha Shaikh,62609-6195212-5,Hasan Shaykh,1962-11-27,1300,4597380,Islamabad
VEH003616,Hamzah خان,60545-1682526-8,Faisal Khan,,1400,4579264,Karachi
VEH003617,حسن قریشی,45629-3146387-0,,1964-09-24,900,3563549,Karachi
VEH003618,Ahmad Malick,92986-7332874-7,Mohammed عمران Malick,1977-09-15,1100,3611507,Islamabad
VEH003619,Muhammed حمزہ خان,69372-9289884-4,Bilal خان,1972-04-17,1200,4447273,Lahore
VEH003620,Hamza Khan,69372-9289884-4,Mohammed بلال خان,1972-04-17,1100,3994484,Lahore
VEH003621,Mohammad Hamza Khan,69372-9289884-4,بلال خان,1972-04-17,900,2912481,Lahore
VEH003622,عمران Raja,98129-8565826-0,حسین Raja,,3300,11772954,Lahore
VEH003623,Mohammad عمران Raja,98129-8565826-0,Hussain Raja,1972-12-25,3100,11190124,Lahore
VEH003624,Maryam Raja,68203-2037197-5,Muhammad Hussein راجہ,1971-06-26,900,3568300,Karachi
VEH003625,Mohammad Husain Moghul,81614-1111673-8,,1971-06-19,2800,9275035,Karachi
VEH003626,حسین Mughal,81614-1111673-8,Hamzah مغل,1971-06-19,2800,10605937,Karachi
VEH003627,Husain مغل,,,1971-06-19,3100,12375874,Karachi
VEH003628,Ahmad خان,72980-7523754-8,Bilal Khan,1993-12-09,1400,5492491,Islamabad
VEH003629,Ahmed سید,18196-5363756-1,Hamzah سید,1990-11-15,1400,4870338,Islamabad
VEH003630,Mohammed قریشی,35431-3176029-6,Muhammed علی Quraishi,1972-07-07,2700,10218973,Rawalpindi
VEH003631,Muhammad Qureshi,35481-3176029-6,Ali Quraishi,1972-07-07,2700,9819428,Rawalpindi
VEH003632,Hamza Raja,40502-6623999-7,عمران Raja,1979-07-13,1400,4754002,Rawalpindi
VEH003633,Hamzah Raja,40502-6623999-7,عمران Raja,1979-07-13,1700,5904643,Rawalpindi
VEH003634,Ali Chaudhry,76793-1340880-4,Mohammed Hamzah Chaudhary,2000-04-05,2600,9145548,Lahore
VEH003635,علی Chaudhry,76793-1340880-4,,2000-04-05,2300,8347739,Lahore
VEH003636,Mohammed Imran Khan,28655-8795152-8,بلال خان,1962-02-17,1500,6292684,Faisalabad
VEH003637,عمران Butt,49261-7080042-4,فیصل Bhatti,1966-09-16,2000,8391632,Lahore
VEH003638,Hussain راجہ,66782-2330275-2,,1975-03-22,1400,5097267,Lahore
VEH003639,Mohammad سید,44130-7158634-6,Bilal Syed,1986-01-07,2600,8504434,Rawalpindi
VEH003640,Muhammad Sayed,,بلال Sayed,1986-01-07,2400,9567055,Rawalpindi
VEH003641,ثناء Malick,81629-2356931-8,,1986-06-26,900,3286769,Karachi
VEH003642,Mohammad علی Choudhary,68474-8106025-2,Hasan Choudhary,1962-12-28,2400,7934434,Rawalpindi
VEH003643,Muhammad Malik,28542-2706700-4,Imran ملک,,2700,11042550,Lahore
VEH003644,فاطمہ راجہ,82218-1299209-3,Muhammed احمد راجہ,1992-07-23,1200,4030861,Karachi
VEH003645,Sana Moghul,56696-4417878-6,محمد Moghul,1955-05-27,3000,10197129,Rawalpindi
VEH003646,Ahmed بٹ,88310-3721158-0,Mohammed بٹ,1992-02-25,900,3556609,Lahore
VEH003647,Muhammad مغل,23768-7964467-3,علی Moghul,1990-11-23,3700,14618415,Rawalpindi
VEH003648,Mohammad مغل,23768-7964467-8,Ali مغل,1990-11-23,4200,15010352,Rawalpindi
VEH003649,Muhammed Mughal,23768-7964467-8,Mohammad Ali Mughal,1990-11-23,3900,13608740,Rawalpindi
VEH003650,Muhammad Moghul,23768-7964567-8,Ali Mughal,1990-11-23,4100,14364258,Rawalpindi
VEH003651,Sana سید,51503-5230665-1,Hassan Syed,1955-01-24,3800,15387797,Karachi
VEH003652,Sana سید,,,1955-01-24,3600,12710920,Karachi
VEH003653,ثناء سید,51503-5230663-1,حسن Sayed,1955-01-24,3500,13177330,Karachi
VEH003654,Muhammad بلال Malik,50007-2382057-0,,1987-12-22,4500,17901424,Faisalabad
VEH003655,Muhammed Bilal Malick,50007-2382057-0,علی Malick,1987-12-22,4500,15044650,Faisalabad
VEH003656,Mohammed Bilal Malik,50007-2382057-0,,1987-12-22,4500,16982245,Faisalabad
VEH003657,Faysal Syed,10598-3963547-6,Hussein Syed,2003-10-28,1700,5747585,Lahore
VEH003658,علی چوہدری,38860-3491751-5,علی چوہدری,1982-01-02,1100,4484338,Karachi
VEH003659,Muhammed علی Raja,17860-9745891-2,Mohammad بلال Raja,1984-01-07,1900,6860282,Rawalpindi
VEH003660,Mohammed قریشی,76321-2225735-1,Imran قریشی,1978-06-15,800,2881390,Faisalabad
VEH003661,Hamzah Awan,,حمزہ اعوان,1959-01-28,2000,7455760,Islamabad
VEH003662,Hasan Butt,51245-2019553-7,حسین Butt,,1100,3532182,Rawalpindi
VEH003663,Ayisha Qureshi,77751-1441328-2,Othman Quraishi,2002-06-24,2000,8055458,Karachi
VEH003664,Fatema Awan,13349-8414298-0,Mohammed Hussain اعوان,1962-10-01,1200,4235496,Faisalabad
VEH003665,Osman Khan,20797-5168251-7,حسین Khan,2000-05-27,2900,10717973,Lahore
VEH003666,Muhammad Osman خان,20797-5168251-7,Hussein خان,2000-05-27,2700,9616231,Lahore
VEH003667,Zaynab خان,22987-6426952-0,Mohammad Khan,1985-05-18,1200,4243490,Lahore
VEH003668,مریم Malik,57251-9507707-8,Ahmed Malick,1988-09-26,2600,8810253,Rawalpindi
VEH003669,Maryam Malick,57251-9507707-8,احمد ملک,1988-09-26,2300,7569541,Rawalpindi
VEH003670,Maryam Malick,57251-4507707-8,احمد Malik,1988-09-26,2500,8071843,Rawalpindi
VEH003671,Ali Raja,50997-2424447-0,عمران Raja,1984-08-04,2800,11061150,Faisalabad
VEH003672,علی Raja,50997-2424447-0,Mohammed Imran Raja,1984-08-04,2900,10079964,Faisalabad
VEH003673,حرا Ch.,86261-1016769-3,Muhammed Imran Ch.,1959-09-14,2000,6933899,Islamabad
VEH003674,Hira Ch.,86261-1016769-3,عمران Choudhary,,1900,7317212,Islamabad
VEH003675,Mohammed Hussein راجہ,94358-7401735-0,احمد Raja,1969-02-01,900,3720842,Rawalpindi
VEH003676,Fatima بٹ,20398-3068495-5,Muhammad حمزہ Butt,1961-09-05,1300,4617588,Islamabad
VEH003677,Maryam ملک,,عمران ملک,2001-08-14,800,2714483,Lahore
VEH003678,Sana Choudhary,16271-3832340-8,Muhammed علی Chaudhry,1991-08-14,1700,7002016,Faisalabad
VEH003679,Sana Chaudhry,16271-3832340-8,Ali Ch.,1991-08-14,1700,6289904,Faisalabad
VEH003680,Hamzah Malick,57965-1464940-3,Muhammad حسن Malick,1981-07-17,2100,8473460,Karachi
VEH003681,Mohammad Faysal Shaykh,65887-8979774-7,Mohammed Husain Shaikh,1973-08-07,4500,18682399,Rawalpindi
VEH003682,Faysal Shaykh,65887-8979774-7,,1973-08-07,4500,17840331,Rawalpindi
VEH003683,Faysal شیخ,61887-8979774-7,Muhammad Husain شیخ,1973-08-07,4500,15085429,Rawalpindi
VEH003684,Faysal شیخ,65887-8979774-7,Hussein Shaikh,1973-08-07,4500,15587946,Rawalpindi
VEH003685,Hussain Malick,22159-9022132-9,Ahmad Malik,1986-02-13,4500,18790342,Lahore
VEH003686,Hussain Malick,22179-9022132-7,Ahmed Malik,1986-02-13,4500,14732794,Lahore
VEH003687,Hussain Butt,34662-7350490-3,Ali بٹ,1972-08-02,3200,12414095,Lahore
VEH003688,Bilal راجہ,28483-5114431-9,Faysal Raja,1985-11-15,1200,4423450,Lahore
VEH003689,Osman Bhatti,90176-9511901-5,Faysal Butt,1956-02-16,2500,10058256,Rawalpindi
VEH003690,Osman بٹ,90176-9511901-5,Faysal بٹ,1956-02-16,2600,10910691,Rawalpindi
VEH003691,Othman Butt,90176-9511901-5,Muhammad Faisal Bhatti,1956-02-16,2700,9544616,Rawalpindi
VEH003692,Muhammad Khan,57985-7076192-0,حسین خان,1992-11-08,1600,5935394,Karachi
VEH003693,Hasan Sheikh,,Mohammad Usman Sheikh,1979-08-05,1100,4071557,Lahore
VEH003694,حسین Chaudhry,15766-4638089-2,Ali Chaudhary,1964-11-15,2700,8996231,Lahore
VEH003695,Hussain Chaudhry,15766-4638089-2,Ali Chaudhry,1964-11-15,2600,9531833,Lahore
VEH003696,حسین Chaudhary,15766-4638089-2,علی چوہدری,1964-11-15,2700,11017139,Lahore
VEH003697,Mohammad Imran چوہدری,98009-2201511-7,حسن Chaudhary,1956-10-27,2400,7905211,Islamabad
VEH003698,Imran Chaudhary,98009-2201511-7,Hassan Chaudhry,1956-10-27,2500,10184662,Islamabad
VEH003699,عمران Malick,28790-5848282-2,حسین Malick,1962-03-20,2200,7469047,Faisalabad
VEH003700,Zainab Shaikh,76621-4822723-2,Mohammad Sheikh,2003-10-08,900,3259278,Lahore
VEH003701,فیصل راجہ,89447-3956222-9,حسن راجہ,1981-08-15,3200,10582339,Karachi
VEH003702,Faisal Raja,,Hassan Raja,1981-08-15,2600,9647931,Karachi
VEH003703,فیصل Raja,,Hasan Raja,1981-08-15,2900,10164306,Karachi
VEH003704,Muhammad فیصل Raja,89447-3956222-9,Hasan راجہ,1981-08-15,2800,10817341,Karachi
VEH003705,Mohammed Husain قریشی,87867-6229136-4,Hussein Qureshi,,2200,7302078,Islamabad
VEH003706,Husain قریشی,,حسین Quraishi,2001-05-05,2400,8810631,Islamabad
VEH003707,Hassan Choudhary,31875-7239860-5,Muhammad Ch.,1962-04-11,3200,11543289,Islamabad
VEH003708,Hasan Bhatti,40541-8400662-3,Ali Bhatti,1956-11-21,1500,4910060,Karachi
VEH003709,Mohammed ملک,,Mohammad Bilal Malik,1957-07-18,1100,4237463,Rawalpindi
VEH003710,Maryam Chaudhry,12161-7931573-4,Muhammed عمران Chaudhry,1989-07-26,900,3111679,Karachi
VEH003711,Ali Moghul,86264-4482787-8,Hassan Mughal,1975-01-27,1400,4501027,Faisalabad
VEH003712,Hamza قریشی,90962-7518978-9,Hussain Quraishi,,1100,3901128,Lahore
VEH003713,Mohammed ملک,61947-6447729-3,Hassan Malik,1965-04-20,1400,5829166,Lahore
VEH003714,Mohammad Malick,61947-6417729-3,Hassan ملک,1965-04-20,1600,5459206,Lahore
VEH003715,ثناء Malick,59448-7378077-4,Ahmad Malick,1959-06-03,4500,18318570,Karachi
VEH003716,ثناء Malik,59448-7378077-4,,1959-06-03,4500,14768837,Karachi
VEH003717,Sana Malick,59448-7378077-4,احمد ملک,1959-06-03,4500,16987016,Karachi
VEH003718,Sana Malik,59448-7378077-4,,1959-06-03,4500,17236763,Karachi
VEH003719,بلال قریشی,35149-7968462-5,فیصل قریشی,1985-09-05,1600,5647412,Faisalabad
VEH003720,Bilal قریشی,35149-7968462-5,فیصل Qureshi,1985-09-05,1700,6079946,Faisalabad
VEH003721,Bilal قریشی,35149-7968462-5,فیصل Qureshi,1985-09-05,1900,7680014,Faisalabad
VEH003722,Mohammad بٹ,36097-4142803-2,Muhammad Bilal Butt,1957-12-01,3600,11647654,Rawalpindi
VEH003723,محمد Bhatti,36097-4142803-2,Mohammad بلال Bhatti,1957-12-01,3600,14152067,Rawalpindi
VEH003724,Muhammad Bhatti,36097-4142803-2,بلال Bhatti,1957-12-01,3500,11725865,Rawalpindi
VEH003725,محمد Bhatti,36097-4142803-2,,1957-12-01,3600,14356470,Rawalpindi
VEH003726,Ahmed Shaykh,11068-6218205-4,Mohammed علی Sheikh,1987-03-08,1100,4463471,Faisalabad
VEH003727,Muhammad Ahmed Shaykh,22762-7071355-1,,1981-01-28,1000,3330221,Karachi
VEH003728,عمران Syed,45856-3375868-2,,,900,3387748,Lahore
VEH003729,Faysal راجہ,36204-1447694-3,احمد راجہ,1982-10-14,1700,5912076,Faisalabad
VEH003730,Ali Sayyid,48268-6797424-1,Muhammad Ahmed Sayyid,1983-07-22,4500,16460728,Faisalabad
VEH003731,علی سید,48268-6797424-1,احمد Sayed,1983-07-22,4500,16946859,Faisalabad
VEH003732,علی Sayyid,48268-6797424-1,Ahmad Sayyid,1983-07-22,4500,14773697,Faisalabad
VEH003733,علی Sayed,48268-6797424-1,Mohammed احمد Syed,1983-07-22,4500,17760353,Faisalabad
VEH003734,Hamza خان,21629-7341428-7,Hamza Khan,1991-09-07,1700,5797492,Islamabad
VEH003735,Ali Khan,45188-4202296-3,Mohammed خان,1986-08-19,2100,7723574,Lahore
VEH003736,Mohammad Ali Malick,,عمران Malick,1974-01-28,1000,3248142,Islamabad
VEH003737,Bilal قریشی,55621-2432486-2,Muhammed Bilal قریشی,1975-05-16,3700,14786682,Karachi
VEH003738,بلال Quraishi,55621-2432486-2,Bilal قریشی,1975-05-16,3700,13837708,Karachi
VEH003739,Bilal قریشی,55621-2432486-2,بلال قریشی,1975-05-16,3700,14951615,Karachi
VEH003740,محمد خان,54708-5548113-5,Mohammed Khan,,1300,4744240,Faisalabad
VEH003741,Bilal Khan,10748-4465261-7,Bilal خان,1958-03-21,1600,5427708,Rawalpindi
VEH003742,Hamza Chaudhry,61852-8034234-8,محمد چوہدری,1970-02-14,3700,12393040,Rawalpindi
VEH003743,Usman Mughal,83324-8359938-9,عمران مغل,1964-07-21,1900,7020371,Karachi
VEH003744,Bilal Chaudhary,86296-2477750-6,احمد Ch.,1981-10-07,1300,5098316,Islamabad
VEH003745,Zainab Butt,76938-2599276-6,Husain بٹ,1992-05-14,4500,17859979,Islamabad
VEH003746,زینب Bhatti,76938-2599276-6,Mohammad Hussain Butt,,4500,14664854,Islamabad
VEH003747,زینب Butt,,Mohammad حسین بٹ,1992-05-14,4500,18557981,Islamabad
VEH003748,Zaynab Butt,76938-2599276-6,Hussain بٹ,1992-05-14,4500,17842277,Islamabad
VEH003749,Faisal ملک,65320-1275412-8,Ahmed ملک,1963-06-15,1500,5491150,Rawalpindi
VEH003750,Mohammed Khan,24832-8563582-9,Hamza Khan,2003-12-14,800,2791672,Karachi
VEH003751,Hussein راجہ,20756-7769798-5,بلال Raja,1959-03-10,1900,6590965,Rawalpindi
VEH003752,Husain Raja,20756-7769798-5,Muhammed بلال Raja,1959-03-10,2000,6852784,Rawalpindi
VEH003753,عثمان Raja,93608-3248873-7,Ali راجہ,1994-02-15,1400,4966013,Karachi
VEH003754,Osman راجہ,93608-3248873-7,Mohammad Ali Raja,1994-02-15,1500,5738783,Karachi
VEH003755,بلال چوہدری,49507-5282148-6,Mohammed Choudhary,,1300,5334149,Karachi
VEH003756,بلال Ch.,49507-5282148-6,Muhammad Chaudhry,1984-09-03,1400,5278489,Karachi
VEH003757,Husain Moghul,96820-9558686-3,,2000-03-01,2000,8340766,Faisalabad
VEH003758,فیصل Qureshi,31879-9629603-4,Usman Qureshi,1996-02-05,4500,17689592,Islamabad
VEH003759,Mohammad Faisal Quraishi,31879-9629603-4,Usman Quraishi,1996-02-05,4500,15370241,Islamabad
VEH003760,عمران اعوان,95435-4386788-1,Muhammad Awan,1983-05-19,1900,6593125,Faisalabad
VEH003761,Imran اعوان,45435-4386788-1,محمد Awan,1983-05-19,1800,6021690,Faisalabad
VEH003762,Imran Awan,45435-4386788-1,Muhammed اعوان,1983-05-19,1900,7004902,Faisalabad
VEH003763,مریم Bhatti,38429-1075887-0,,1965-01-27,2500,8122643,Lahore
VEH003764,Marium بٹ,38429-1075887-0,فیصل Butt,1965-01-27,2500,8573272,Lahore
VEH003765,زینب Qureshi,,بلال Quraishi,1998-08-03,900,3229611,Lahore
VEH003766,Ayisha ملک,87398-9676860-1,Mohammed Husain ملک,2000-03-21,3000,10336286,Faisalabad
VEH003767,Ayisha Malick,,حسین ملک,2000-03-21,3100,12002333,Faisalabad
VEH003768,Aysha Malick,87398-9676860-1,Mohammed Husain ملک,2000-03-21,3100,10632404,Faisalabad
VEH003769,عائشہ Malick,87398-9676860-1,,2000-03-21,3100,12614301,Faisalabad
VEH003770,Muhammad Ahmed Shaikh,59737-1780294-0,فیصل Shaykh,1993-10-04,1500,5600561,Karachi
VEH003771,Fatima راجہ,42750-6464782-4,,1989-02-20,1500,5088906,Islamabad
VEH003772,Muhammed خان,40549-7559079-3,Hamzah خان,1998-06-16,1900,7970300,Lahore
VEH003773,Usman Malik,,,1969-04-25,900,3375661,Faisalabad
VEH003774,Muhammad Husain Bhatti,56578-7113524-7,Othman Bhatti,1969-02-02,1000,3228828,Rawalpindi
VEH003775,Ali Quraishi,91234-2639233-6,Osman Qureshi,1967-10-27,2400,8293644,Islamabad
VEH003776,Husain قریشی,34810-3499729-4,,1963-04-02,2200,7548228,Lahore
VEH003777,Muhammad حسین Quraishi,34810-3499729-4,Mohammad Qureshi,1963-04-02,2400,7997529,Lahore
VEH003778,Husain Qureshi,,Muhammed قریشی,1963-04-02,2300,9171524,Lahore
VEH003779,حرا Butt,,Muhammad Hasan بٹ,1963-05-19,800,3045599,Faisalabad
VEH003780,Mohammad Faisal Sayed,,Faisal Syed,1959-02-25,1000,3301789,Rawalpindi
VEH003781,حسین اعوان,70721-7949371-2,,1985-05-24,1900,6922662,Faisalabad
VEH003782,Husain سید,48389-7478871-7,حسین سید,,1200,4063357,Karachi
VEH003783,Faysal Awan,40429-2751849-1,Hassan اعوان,1956-08-08,3500,11255349,Faisalabad
VEH003784,Faysal Awan,20429-2751849-1,Hasan Awan,1956-08-08,3500,11971313,Faisalabad
VEH003785,Faysal اعوان,20429-2751849-1,,1956-08-08,3700,13287679,Faisalabad
VEH003786,Ali اعوان,21166-6944461-1,فیصل Awan,1983-11-01,1400,5820842,Karachi
VEH003787,Mohammed Hassan Moghul,87442-9245031-9,Hassan Moghul,1981-09-14,2600,8323749,Faisalabad
VEH003788,Mariam Quraishi,35049-4570823-7,Bilal Qureshi,,4500,15170257,Rawalpindi
VEH003789,Bilal Butt,96568-7964355-7,Muhammad Hamzah Butt,1968-01-03,1100,3770190,Lahore
VEH003790,Mohammad عثمان Shaikh,41372-5741814-0,Hamza شیخ,1959-12-24,2000,7019555,Rawalpindi
VEH003791,Bilal Qureshi,57770-1021291-3,Bilal Quraishi,1968-11-26,1300,4202288,Faisalabad
VEH003792,حمزہ قریشی,92791-5931000-3,Mohammad Ali Quraishi,1966-12-14,2700,10697457,Karachi
VEH003793,Hira خان,12385-8903033-1,,2002-06-13,3800,14259023,Lahore
VEH003794,فیصل Sheikh,85735-3013591-9,Bilal Shaikh,1974-03-28,2000,7142097,Karachi
VEH003795,حسن Sayed,52378-2329416-9,احمد سید,2000-07-02,2200,7448379,Islamabad
VEH003796,حسن Sayed,52378-2329416-9,احمد Sayed,2000-07-02,2400,10013653,Islamabad
VEH003797,Mohammed Hassan Syed,52378-2329416-9,احمد Sayed,2000-07-02,2400,7904596,Islamabad
VEH003798,Hamza بٹ,32765-9527812-7,بلال بٹ,1986-01-22,1600,5656474,Karachi
VEH003799,Hamza Bhatti,32765-9527812-7,Muhammad بلال Bhatti,1986-01-22,1600,5181772,Karachi
VEH003800,فیصل Khan,,Muhammed خان,1976-12-04,3300,11173757,Islamabad
VEH003801,فیصل خان,51984-3621025-6,Muhammed Khan,1976-12-04,3400,12084715,Islamabad
VEH003802,حسن اعوان,99917-3488425-1,علی اعوان,1955-10-14,1500,4823302,Islamabad
VEH003803,Hasan اعوان,,Muhammed Ali اعوان,1955-10-14,1600,6290883,Islamabad
VEH003804,Hassan Sheikh,,محمد Shaikh,1969-02-12,4500,18840532,Rawalpindi
VEH003805,Muhammed Hassan شیخ,27565-6705773-1,,1969-02-12,4500,15909032,Rawalpindi
VEH003806,Mohammed Hassan Shaykh,27565-6705773-1,Muhammad شیخ,1969-02-12,4500,15160344,Rawalpindi
VEH003807,حسن Sheikh,27565-6705773-1,Muhammed Shaikh,1969-02-12,4500,15187222,Rawalpindi
VEH003808,ثناء راجہ,65693-5927612-1,Mohammed راجہ,1987-01-20,1300,4780659,Rawalpindi
VEH003809,Sana راجہ,65693-5927612-1,محمد Raja,1987-01-20,900,2987426,Rawalpindi
VEH003810,Muhammed Othman اعوان,43846-4405964-4,Faysal Awan,1960-08-26,2000,6504992,Karachi
VEH003811,Othman Awan,43846-4405964-4,Mohammed Faysal Awan,1960-08-26,1800,6157227,Karachi
VEH003812,Othman Awan,43846-4405964-4,,1960-08-26,2100,7271774,Karachi
VEH003813,زینب Malick,28458-7462311-8,علی ملک,1984-03-11,1600,5276316,Islamabad
VEH003814,Bilal مغل,10937-9309586-0,Hamza Moghul,1967-10-20,2000,7106149,Lahore
VEH003815,Bilal Mughal,,Hamzah Moghul,1967-10-20,1900,7505548,Lahore
VEH003816,Bilal Chaudhry,18902-8292796-0,Muhammed Hassan Chaudhry,1962-03-03,1900,6289648,Faisalabad
VEH003817,بلال چوہدری,18902-8292796-0,Hassan Ch.,1962-03-03,1900,7317123,Faisalabad
VEH003818,Hussain Shaykh,20332-6228726-5,Husain Sheikh,1958-04-05,1000,3283563,Lahore
VEH003819,Hussain Shaikh,20332-6228726-5,Muhammad حسین Sheikh,,1200,4425383,Lahore
VEH003820,Muhammed حمزہ Butt,97923-2770689-4,Imran Bhatti,1979-03-20,1300,4468351,Islamabad
VEH003821,Aisha بٹ,85969-4777088-6,Mohammad عمران بٹ,2001-08-02,2300,7718678,Karachi
VEH003822,Aysha Butt,85966-4777098-6,Imran Butt,2001-08-02,2300,8620088,Karachi
VEH003823,Ahmad راجہ,47096-5345113-0,Mohammad Raja,1958-06-09,4000,14139052,Islamabad
VEH003824,Ahmad Raja,47097-5345113-0,,1958-06-09,3700,14219778,Islamabad
VEH003825,Ahmed Raja,47097-5345113-0,Muhammed راجہ,1958-06-09,4000,16628983,Islamabad
VEH003826,احمد Sheikh,,Ali Shaikh,1969-03-15,1500,5288760,Lahore
VEH003827,Hassan Shaikh,71988-8975252-4,علی شیخ,1965-11-14,2100,7340292,Islamabad
VEH003828,Imran Butt,25968-5809541-5,Hussein بٹ,2001-11-13,700,2483459,Lahore
VEH003829,Mohammed Bilal ملک,28270-6980429-1,Faysal Malik,1984-04-27,2200,7070622,Rawalpindi
VEH003830,Fatima Butt,,,1983-08-01,4500,17927073,Karachi
VEH003831,Fatima Butt,40520-7642708-7,,1983-08-01,4500,18833759,Karachi
VEH003832,Fatema Bhatti,40520-7642708-7,,1983-08-01,4500,17520166,Karachi
VEH003833,Fatema Butt,40520-7642708-7,Bilal Bhatti,1983-08-01,4500,14598595,Karachi
VEH003834,زینب Bhatti,80620-8946989-7,,1995-05-11,2200,9089475,Karachi
VEH003835,زینب Butt,,حمزہ Butt,1995-05-11,2100,8243201,Karachi
VEH003836,احمد Raja,59685-9646922-0,عمران Raja,1992-09-17,2100,8340495,Faisalabad
VEH003837,Muhammed Hassan Mughal,56046-6394484-2,عثمان Mughal,1956-01-25,1300,4742065,Karachi
VEH003838,Muhammad احمد Choudhary,25960-5622245-2,Faisal Chaudhry,1981-08-07,2400,8623430,Karachi
VEH003839,احمد Ch.,25960-5622545-2,فیصل Chaudhry,1981-08-07,2500,8841010,Karachi
VEH003840,علی Awan,91225-3053680-7,بلال اعوان,1975-06-17,2900,10198698,Rawalpindi
VEH003841,Mohammad Hasan اعوان,94119-9243160-0,Faisal Awan,1997-05-04,2800,11739868,Lahore
VEH003842,Muhammad Hassan Khan,90233-4103627-5,بلال Khan,1970-11-03,4500,17300331,Faisalabad
VEH003843,Muhammed حسن Khan,90233-4103627-5,Mohammed Bilal خان,,4500,15222050,Faisalabad
VEH003844,Mohammed Hassan Khan,90233-4103627-5,Bilal خان,1970-11-03,4500,17599303,Faisalabad
VEH003845,Muhammad علی ملک,16537-9537378-0,Husain ملک,1958-03-15,4500,16846050,Islamabad
VEH003846,Ali Malick,16537-9537378-0,Muhammed Husain Malik,1958-03-15,4500,17538838,Islamabad
VEH003847,علی Malick,,,1958-03-15,4500,15405827,Islamabad
VEH003848,Mohammed Bilal Quraishi,10320-3553491-3,عمران قریشی,1997-08-20,1400,4923513,Lahore
VEH003849,Muhammed Ali بٹ,91121-5189435-0,Imran Butt,1985-02-07,2600,9866544,Faisalabad
VEH003850,Imran راجہ,19014-2738018-2,Muhammad Ahmad Raja,1997-03-13,1300,4499400,Karachi
VEH003851,بلال Malick,84910-7541104-7,Husain Malik,1981-12-20,1000,3766408,Karachi
VEH003852,Mohammed حسین مغل,67116-4906684-9,Hassan Moghul,1999-05-18,2100,7754615,Lahore
VEH003853,Imran بٹ,41693-5850623-3,Ahmad Bhatti,1991-01-26,4500,18296022,Karachi
VEH003854,عمران Butt,41693-5850623-3,احمد بٹ,1991-01-26,4500,18560103,Karachi
VEH003855,Imran بٹ,41693-5850623-3,Ahmad Butt,,4500,17560072,Karachi
VEH003856,عمران Bhatti,41693-5850623-3,احمد بٹ,1991-01-26,4500,16438378,Karachi
VEH003857,حمزہ چوہدری,91091-9651607-6,حمزہ Choudhary,1976-11-18,2500,10271235,Islamabad
VEH003858,عمران شیخ,80803-8867577-7,بلال Shaikh,1983-12-03,1000,3660997,Karachi
VEH003859,Mohammad Imran Sheikh,,بلال Shaykh,1983-12-03,1200,5013135,Karachi
VEH003860,Hussain ملک,38929-1035000-9,Mohammed Ahmed ملک,1964-12-16,1500,5597541,Karachi
VEH003861,Mohammad Hasan Moghul,70114-3648583-7,Muhammed مغل,,1500,5948069,Lahore
VEH003862,Imran Sayed,41816-4539164-9,Muhammad Othman سید,1971-04-09,3800,13425622,Faisalabad
VEH003863,Mohammad عمران Sayed,41816-4539169-9,Usman سید,1971-04-09,4100,14082982,Faisalabad
VEH003864,Mohammad عمران سید,,Othman سید,1971-04-09,3800,13902260,Faisalabad
VEH003865,عمران Sayed,41816-4539164-9,عثمان Sayed,1971-04-09,3700,13607153,Faisalabad
VEH003866,حرا ملک,,عمران Malick,1971-01-28,1700,6160332,Lahore
VEH003867,Osman Mughal,55874-6741274-6,حمزہ Mughal,1972-07-10,1400,5694367,Islamabad
VEH003868,Hamzah اعوان,41397-9561592-0,,1983-01-04,4500,15290517,Faisalabad
VEH003869,Hamzah اعوان,,Mohammad Husain Awan,1983-01-04,4500,15375775,Faisalabad
VEH003870,Hamzah Awan,41397-9561592-0,Muhammad Husain اعوان,,4500,16065033,Faisalabad
VEH003871,حمزہ اعوان,,Hussain Awan,1983-01-04,4500,18474156,Faisalabad
VEH003872,Mariam Khan,24216-2645723-7,Mohammed فیصل خان,1991-08-01,2100,8792325,Islamabad
VEH003873,Maryam Khan,24216-2645723-7,Faysal Khan,1991-08-01,1800,7245535,Islamabad
VEH003874,Fatema Malik,,Ahmed Malik,1969-07-06,3100,10884972,Karachi
VEH003875,ثناء Malik,66803-1507082-7,Mohammad Malick,1994-05-03,2600,9115766,Faisalabad
VEH003876,ثناء ملک,66803-1507082-7,,1994-05-03,2500,8901558,Faisalabad
VEH003877,Mohammad قریشی,11224-7101152-3,حسین Quraishi,1986-05-19,1900,6968551,Lahore
VEH003878,محمد Quraishi,11224-7101152-3,,1986-05-19,2000,6970082,Lahore
VEH003879,حمزہ راجہ,73027-2651327-5,علی راجہ,,4200,15108105,Karachi
VEH003880,Hamza راجہ,73027-2651327-5,,,4200,16188834,Karachi
VEH003881,حمزہ راجہ,73027-2651327-5,,1963-08-08,4300,16953214,Karachi
VEH003882,Muhammed Hamza راجہ,73027-2651327-5,علی راجہ,1963-08-08,4300,16024895,Karachi
VEH003883,Osman راجہ,,Mohammed Usman Raja,1964-05-21,2300,8117314,Karachi
VEH003884,Osman Raja,76440-2589483-0,Usman Raja,1964-05-21,2100,7646822,Karachi
VEH003885,Hamzah راجہ,50720-3985388-1,Mohammed Ahmed راجہ,2000-04-21,4500,16586043,Lahore
VEH003886,Hamza راجہ,50720-3985388-1,Mohammad Ahmed راجہ,2000-04-21,4500,15317429,Lahore
VEH003887,Hamza راجہ,50720-3985388-1,Ahmad Raja,2000-04-21,4500,18720837,Lahore
VEH003888,Hamza راجہ,50720-3985388-1,احمد راجہ,2000-04-21,4500,18011052,Lahore
VEH003889,Muhammed حسن Malick,31324-9141468-9,Ahmad Malick,1962-01-22,900,3659558,Islamabad
VEH003890,Muhammed Raja,69908-9302080-9,Hassan Raja,1971-09-07,4300,13858279,Faisalabad
VEH003891,Muhammed راجہ,69908-9302080-9,Hassan راجہ,1971-09-07,4400,17653190,Faisalabad
VEH003892,Muhammad Raja,69908-9302080-9,Hasan Raja,1971-09-07,4400,15304045,Faisalabad
VEH003893,زینب Khan,64813-9642403-1,Othman Khan,,1500,5182994,Lahore
VEH003894,Ali شیخ,61280-4869258-4,Hassan Sheikh,1993-12-16,1100,3630999,Karachi
VEH003895,Muhammed Ali Sheikh,28939-4241723-7,Muhammed Shaikh,1997-04-05,1000,4084546,Lahore
VEH003896,حمزہ Shaykh,97138-4323957-4,Hassan Shaikh,1980-10-03,2200,8447900,Lahore
VEH003897,Hassan Raja,67122-2490345-9,احمد Raja,1988-01-19,1800,7085914,Karachi
VEH003898,Hasan Raja,67122-2490345-9,,1988-01-19,1900,6844496,Karachi
VEH003899,Hussein خان,44003-5806238-8,Hamza Khan,1956-04-18,700,2482449,Islamabad
VEH003900,حمزہ بٹ,88777-1373848-7,Faysal Bhatti,1966-04-05,3000,12279210,Rawalpindi
VEH003901,حمزہ Bhatti,88777-1373848-7,فیصل بٹ,1966-04-05,3600,13521497,Rawalpindi
VEH003902,عمران Sayed,39059-7008264-6,Hassan Sayed,,1400,4623944,Lahore
VEH003903,علی Shaikh,48283-1962432-9,Mohammed Hasan Shaikh,,4500,16752157,Islamabad
VEH003904,Muhammed Ali Shaykh,48283-1962432-9,Mohammed Hassan Shaikh,1971-03-13,4500,15847903,Islamabad
VEH003905,علی Sheikh,48283-1962432-9,Hassan Shaikh,1971-03-13,4500,18233742,Islamabad
VEH003906,علی شیخ,48283-1962432-9,Muhammed Hasan شیخ,1971-03-13,4500,16174111,Islamabad
VEH003907,بلال چوہدری,49257-4528187-0,حسین Ch.,1962-01-28,1300,4470257,Islamabad
VEH003908,Hira راجہ,35513-6194120-5,Hamzah راجہ,1962-01-15,1200,4343979,Karachi
VEH003909,Hira راجہ,35413-6194120-5,Hamza Raja,1962-01-15,1000,3961686,Karachi
VEH003910,Zaynab قریشی,66020-6089466-7,,,1700,6591174,Karachi
VEH003911,Mohammed Ali خان,68457-7619171-5,Hamza خان,1991-07-13,2400,8401792,Lahore
VEH003912,Ali خان,68457-7619171-5,Hamza Khan,1991-07-13,2400,9910322,Lahore
VEH003913,Hassan Bhatti,45521-8776963-7,Mohammad Bilal Bhatti,2002-03-08,1600,5264854,Lahore
VEH003914,Hasan بٹ,45521-8776963-7,بلال Butt,2002-03-08,1600,6110122,Lahore
VEH003915,Mohammed Butt,13995-7641898-9,علی Butt,1977-02-24,2200,8396383,Faisalabad
VEH003916,Hassan Moghul,20666-6029297-1,Ali Mughal,,1900,6150226,Rawalpindi
VEH003917,حسن Moghul,20666-6029297-1,Mohammad Ali Moghul,1956-02-03,2000,6928795,Rawalpindi
VEH003918,Hassan Mughal,20666-6029297-1,علی مغل,1956-02-03,2000,6680162,Rawalpindi
VEH003919,Faysal Awan,49771-1162999-0,عمران Awan,1962-02-27,2500,9772402,Lahore
VEH003920,Faisal اعوان,,عمران اعوان,1962-02-27,2600,10556682,Lahore
VEH003921,Faysal Awan,49771-1162999-0,,1962-02-27,2800,10241692,Lahore
VEH003922,Faisal Awan,49771-1162999-0,عمران Awan,1962-02-27,2800,9554762,Lahore
VEH003923,علی Bhatti,,عمران بٹ,1979-12-26,2700,11271652,Karachi
VEH003924,زینب قریشی,,,1968-02-02,1300,4800415,Lahore
VEH003925,Zainab Quraishi,,Hasan قریشی,1968-02-02,1200,3876269,Lahore
VEH003926,Mohammad Malik,36221-1900063-1,,1967-06-25,1300,5271396,Karachi
VEH003927,Hassan Raja,34855-6789722-6,Ali Raja,1999-05-04,1200,4387906,Faisalabad
VEH003928,Imran Quraishi,63485-8322750-5,Ali Qureshi,1962-07-28,2400,7791602,Faisalabad
VEH003929,Imran Qureshi,,Ali Quraishi,1962-07-28,2400,8733922,Faisalabad
VEH003930,Mohammad Hamzah راجہ,79848-4747375-5,Muhammad علی راجہ,1979-03-24,2400,8772399,Faisalabad
VEH003931,علی Ch.,66524-9225282-3,Bilal Choudhary,1999-06-22,3200,10644339,Lahore
VEH003932,بلال چوہدری,48714-2603001-8,فیصل Choudhary,1969-09-19,3200,10392423,Karachi
VEH003933,Bilal Choudhary,,فیصل Chaudhry,1969-09-19,3200,12058845,Karachi
VEH003934,Bilal چوہدری,48714-2603001-9,,1969-09-19,3000,11309224,Karachi
VEH003935,Hussain Khan,,عثمان Khan,1973-07-19,4500,15139973,Faisalabad
VEH003936,Hussain خان,53973-7627455-3,عثمان خان,1973-07-19,4500,17982445,Faisalabad
VEH003937,مریم Sheikh,86215-8124975-6,Hasan شیخ,1992-01-28,1100,3625362,Islamabad
VEH003938,Maryam Chaudhry,92303-2411490-2,Ali چوہدری,1988-01-01,1900,6212078,Lahore
VEH003939,Marium Ch.,92303-2411490-2,,1988-01-01,1800,5910698,Lahore
VEH003940,عائشہ Shaykh,38516-4386344-8,Ahmad شیخ,1990-10-09,2900,10906914,Lahore
VEH003941,مریم Malick,27431-4693507-7,Mohammad Malick,1992-01-08,1500,5478109,Lahore
VEH003942,زینب بٹ,11308-2402111-5,حسن Bhatti,1969-10-11,900,3713860,Lahore
VEH003943,زینب بٹ,11308-2402111-5,Muhammed حسن Butt,1969-10-11,1000,4043774,Lahore
VEH003944,Hassan Bhatti,,Osman بٹ,1980-02-05,1500,5984829,Rawalpindi
VEH003945,حمزہ Mughal,,Mohammad Ali مغل,1998-11-01,4500,17239659,Faisalabad
VEH003946,Mohammad حمزہ Moghul,58721-5100200-4,,1998-11-01,4500,16618268,Faisalabad
VEH003947,حمزہ مغل,58721-5100200-4,علی Moghul,,4500,15788461,Faisalabad
VEH003948,عثمان Chaudhry,,محمد Chaudhary,1972-11-14,2500,9660681,Karachi
VEH003949,Hussein ملک,30643-4942146-9,حمزہ Malick,1971-03-09,2100,8109350,Islamabad
VEH003950,عثمان راجہ,91827-6300111-9,Hamzah Raja,2003-05-14,2600,8778975,Faisalabad
VEH003951,بلال قریشی,24434-7642494-0,Muhammed Hassan Quraishi,1966-11-18,2500,9605094,Rawalpindi
VEH003952,Mohammed Imran راجہ,11364-9880273-2,Hasan راجہ,1961-05-07,2800,9253287,Lahore
VEH003953,Imran Raja,11364-9880273-2,حسن Raja,1961-05-07,2800,11221081,Lahore
VEH003954,Mohammed Imran راجہ,11364-1880273-2,,1961-05-07,2900,12116403,Lahore
VEH003955,حرا راجہ,67079-2186286-6,Mohammed Ahmed Raja,,2000,6509306,Islamabad
VEH003956,Fatema Sayyid,,Ahmed Sayed,,3400,11588722,Karachi
VEH003957,Zainab Khan,82249-5829757-4,Usman Khan,1961-12-26,1300,4385168,Karachi
VEH003958,عمران Awan,87498-5240972-6,Muhammad حمزہ Awan,1977-07-18,2100,7451113,Karachi
VEH003959,بلال Khan,90744-5784042-9,,1972-08-21,1900,7626235,Rawalpindi
VEH003960,Muhammad Hussain قریشی,61091-9963399-7,Othman Qureshi,1959-02-20,900,3333933,Islamabad
VEH003961,مریم Bhatti,46896-2729907-2,Bilal Bhatti,1971-01-11,2100,7159936,Karachi
VEH003962,Ali Moghul,27679-8760430-6,Muhammed Faysal مغل,1999-08-07,900,3213307,Lahore
VEH003963,عثمان Awan,76858-8257025-4,Osman Awan,1998-04-05,4500,17182277,Lahore
VEH003964,Muhammad Usman Awan,,Usman اعوان,1998-04-05,4400,17098441,Lahore
VEH003965,Usman Awan,76858-8227025-2,عثمان اعوان,,4000,13158539,Lahore
VEH003966,بلال مغل,43774-4724851-9,Muhammad Hussein Moghul,1977-11-06,900,3654147,Karachi
VEH003967,عمران Khan,44307-9244043-0,,2000-07-27,2000,7452902,Islamabad
VEH003968,Fatima Malik,63206-8645920-2,Osman Malick,1974-01-15,3400,11555393,Karachi
VEH003969,Muhammad بلال راجہ,46554-4622458-2,,1960-03-15,1100,4515603,Lahore
VEH003970,Maryam بٹ,80264-5443660-3,Hamzah Bhatti,1989-11-18,1400,4984054,Lahore
VEH003971,Mariam Butt,80264-5443660-3,,1989-11-18,1200,4837246,Lahore
VEH003972,مریم Butt,80264-5443660-3,,1989-11-18,1300,4182119,Lahore
VEH003973,Muhammad حسن ملک,67828-1796229-5,,1995-05-18,3700,14275608,Rawalpindi
VEH003974,Zainab Ch.,73300-4628747-2,Mohammad Imran Ch.,1995-05-12,2100,7723754,Islamabad
VEH003975,علی شیخ,,Mohammed Sheikh,1990-03-05,1800,6491926,Faisalabad
VEH003976,Mohammad Faysal Bhatti,36593-5309422-9,Muhammed حمزہ Bhatti,1984-06-21,1500,5798345,Karachi
VEH003977,حسین مغل,93868-4052289-8,,1998-08-07,3000,10339394,Karachi
VEH003978,Faisal Sayyid,50694-3589542-0,Ahmed Sayed,1990-12-27,1700,6223126,Karachi
VEH003979,Muhammad فیصل اعوان,91317-9736407-0,بلال اعوان,1975-08-05,4000,14959402,Lahore
VEH003980,Ahmad Syed,,Muhammad Hassan Sayed,1966-11-09,2300,7594200,Islamabad
VEH003981,Ali ملک,,علی Malick,1992-03-08,800,2668550,Rawalpindi
VEH003982,حمزہ Syed,95689-5229604-0,Mohammed Sayed,1961-11-17,1400,4535665,Rawalpindi
VEH003983,Hussein قریشی,59786-2006135-9,Bilal Qureshi,2002-01-01,1200,5034687,Faisalabad
VEH003984,Sana Butt,41641-4554194-6,احمد Bhatti,1990-10-04,2900,10392806,Lahore
VEH003985,Zaynab Awan,28968-9261862-8,Ahmad اعوان,,1400,5685324,Lahore
VEH003986,Hussein Awan,98407-4979505-8,,1965-07-27,900,2965265,Rawalpindi
VEH003987,بلال ملک,70586-9118233-1,بلال ملک,2003-05-03,1400,4963511,Faisalabad
VEH003988,Marium چوہدری,65308-7498271-7,Muhammad Osman Choudhary,1959-10-14,4500,18682806,Faisalabad
VEH003989,Maryam Chaudhry,65308-7498371-7,Muhammed عثمان Ch.,1959-10-14,4500,17524957,Faisalabad
VEH003990,مریم Chaudhry,65308-7498271-7,Muhammad Osman Choudhary,1959-10-14,4400,16371343,Faisalabad
VEH003991,Mariam Chaudhary,65608-7498271-7,عثمان Chaudhry,1959-10-14,4400,17007156,Faisalabad
VEH003992,حرا قریشی,38769-1233318-8,Hasan Qureshi,1968-07-25,2100,6938573,Karachi
VEH003993,Hira Qureshi,38769-1233318-8,,1968-07-25,2000,6807662,Karachi
VEH003994,زینب قریشی,94533-7628219-6,Hasan Quraishi,1991-05-01,2000,7690650,Islamabad
VEH003995,Hamza Qureshi,78287-3635636-7,Hamza Quraishi,1978-10-10,4500,16616306,Faisalabad
VEH003996,Mohammad Hamzah قریشی,78287-3635636-7,Hamzah Qureshi,1978-10-10,4500,18890318,Faisalabad
VEH003997,Mohammed Hamzah Quraishi,78287-3635636-7,Hamza Quraishi,1978-10-10,4500,17888106,Faisalabad
VEH003998,Hamzah قریشی,78287-3635636-7,Muhammed Hamzah Qureshi,1978-10-10,4500,15478021,Faisalabad
VEH003999,Mohammad علی اعوان,87451-3530580-4,Muhammad Bilal Awan,1984-06-20,3300,11294800,Karachi
VEH004000,علی اعوان,87451-3530580-4,Muhammed Bilal اعوان,1984-06-20,3200,11177365,Karachi
VEH004001,Ali اعوان,87451-3530580-4,Mohammad بلال اعوان,1984-06-20,3100,11834557,Karachi
VEH004002,Ali Awan,87451-3530580-4,بلال اعوان,1984-06-20,3000,11365377,Karachi
VEH004003,Muhammad راجہ,15489-4419947-7,,1959-04-11,1200,4831519,Karachi
VEH004004,محمد Malik,29419-3817213-3,,1994-03-12,1400,5273368,Islamabad
VEH004005,Sana Sayed,59742-8004090-0,Ahmed Syed,1960-07-12,1300,5334809,Islamabad
VEH004006,Hamzah راجہ,65298-2913648-0,Muhammad Faysal Raja,,1500,6089591,Lahore
VEH004007,حمزہ Raja,65298-2913648-0,Faysal راجہ,1998-10-24,1500,5823662,Lahore
VEH004008,Fatimah Malik,,Faisal ملک,1962-07-11,1800,7374763,Faisalabad
VEH004009,محمد Malick,79336-1198311-0,عثمان ملک,1966-10-20,2600,9566948,Faisalabad
VEH004010,Mohammed Mughal,25861-1514490-7,Imran مغل,1955-12-27,2300,9634045,Faisalabad
VEH004011,Muhammad Hamza راجہ,69714-1660929-1,احمد Raja,1987-11-02,900,3601595,Islamabad
VEH004012,Aysha Choudhary,73020-6472316-0,بلال Choudhary,1956-06-02,1100,4510090,Rawalpindi
VEH004013,Ahmed Malick,96543-9029278-8,,1977-11-15,2400,9870359,Rawalpindi
VEH004014,Ahmad Malick,96543-9029278-8,,1977-11-15,2100,8399553,Rawalpindi
VEH004015,Mohammad Mughal,20655-2170099-0,علی مغل,1991-04-20,3000,9871868,Rawalpindi
VEH004016,Faisal Raja,18395-4538112-0,حسن راجہ,1965-10-05,2000,7113537,Karachi
VEH004017,Mohammed علی ملک,48324-4420764-3,Mohammed Ali Malick,1960-04-27,1600,6148344,Lahore
VEH004018,Imran اعوان,,Usman Awan,1964-01-01,4500,15779995,Lahore
VEH004019,Muhammad عمران اعوان,32255-1401224-7,Usman Awan,1964-01-01,4500,15525169,Lahore
VEH004020,عمران Awan,32255-1441224-7,Usman Awan,1964-01-01,4500,15399899,Lahore
VEH004021,Mohammad Bilal مغل,77035-8252662-0,بلال مغل,2000-03-08,2800,9423239,Lahore
VEH004022,Mohammed Bilal مغل,77035-8252662-0,بلال Moghul,2000-03-08,2900,9814566,Lahore
VEH004023,حمزہ سید,14585-9223388-6,,1995-03-11,2900,10131004,Lahore
VEH004024,Hamzah سید,,Hasan Syed,1995-03-11,2700,10668866,Lahore
VEH004025,Mohammad Ali Malik,16402-5812415-1,بلال ملک,,2500,8158914,Lahore
VEH004026,عثمان Qureshi,44298-9003157-0,Mohammed Hassan Qureshi,1963-02-17,1200,4768192,Faisalabad
VEH004027,Mohammed Raja,77733-5688592-2,,1997-06-20,1200,4652614,Faisalabad
VEH004028,Fatema Choudhary,21011-9039251-2,Muhammad Hamzah Chaudhary,1972-12-18,3000,11010875,Islamabad
VEH004029,حمزہ خان,88482-5452921-4,Mohammad بلال خان,1961-08-08,1600,5986963,Islamabad
VEH004030,علی Chaudhary,98240-9528533-6,فیصل Ch.,1994-11-17,3600,13689723,Lahore
VEH004031,Ali Chaudhary,98240-9528533-6,Faisal Choudhary,1994-11-17,3500,12669511,Lahore
VEH004032,حسین راجہ,93322-6214914-6,Othman راجہ,1971-02-23,1500,6235097,Islamabad
VEH004033,علی Moghul,65639-2381452-3,Muhammad عمران Mughal,1966-12-04,4500,17754433,Rawalpindi
VEH004034,علی Mughal,65639-2381452-3,Imran مغل,1966-12-04,4400,18341617,Rawalpindi
VEH004035,Mohammed Ali مغل,65639-2381452-3,عمران Mughal,1966-12-04,4500,18632693,Rawalpindi
VEH004036,Ali Malick,66437-8438715-8,علی Malik,1968-11-19,900,3616031,Faisalabad
VEH004037,Maryam قریشی,99766-7655160-3,حمزہ Qureshi,1990-08-27,1500,5086040,Faisalabad
VEH004038,مریم Qureshi,99766-7665160-3,Muhammad Hamza Qureshi,1990-08-27,1400,5416295,Faisalabad
VEH004039,Muhammed Othman Malick,50101-4653913-8,Mohammed Ali Malick,1977-01-02,4400,16837835,Islamabad
VEH004040,عثمان ملک,,Mohammed علی Malick,1977-01-02,4000,14486852,Islamabad
VEH004041,Muhammad Othman Malik,50101-4653913-8,Ali Malik,1977-01-02,4100,13471726,Islamabad
VEH004042,Osman Malick,,علی ملک,1977-01-02,4100,15645874,Islamabad
VEH004043,Muhammed Hamza Malik,14982-5838485-0,,1983-01-21,4400,14882751,Rawalpindi
VEH004044,Mohammed Hamzah Malick,14982-5838485-0,علی Malick,1983-01-21,4500,18301934,Rawalpindi
VEH004045,Hira Malick,41556-8092579-8,Muhammad Imran Malick,1980-05-22,900,3747817,Islamabad
VEH004046,Fatima Quraishi,25366-4899638-3,Ahmad Qureshi,1960-12-05,1600,6675229,Islamabad
VEH004047,Mohammad Hussain Moghul,12372-5010711-0,حسن Mughal,1969-08-19,2300,9608526,Rawalpindi
VEH004048,Mohammed قریشی,65794-2456153-4,Muhammed قریشی,1979-10-24,2100,6913190,Rawalpindi
VEH004049,عثمان Mughal,70498-7759305-1,Hussein Moghul,1955-11-09,900,2989707,Islamabad
VEH004050,Muhammad احمد Butt,78895-3313369-1,بلال Bhatti,1990-06-01,1300,4727169,Faisalabad
VEH004051,حرا Malik,66015-1595819-3,Hasan Malik,1988-12-05,2500,8260161,Karachi
VEH004052,Hira ملک,66015-1595819-3,Mohammad حسن ملک,1988-12-05,2600,10309858,Karachi
VEH004053,عمران Shaykh,59021-4555051-7,Muhammad Othman Sheikh,1975-11-16,2400,8857850,Lahore
VEH004054,عمران Shaikh,59021-4555051-7,Osman Shaykh,1975-11-16,2000,7135965,Lahore
VEH004055,Sana Quraishi,29587-5379464-6,Faisal Qureshi,1967-11-14,1300,5202573,Lahore
VEH004056,فیصل Quraishi,30445-7760001-9,Usman Quraishi,1964-10-25,1600,6607190,Karachi
VEH004057,Faysal Quraishi,30415-7760001-9,عثمان Quraishi,,1500,6004376,Karachi
VEH004058,Othman مغل,36513-4076363-5,Hamzah Moghul,1956-11-25,1000,3737277,Karachi
VEH004059,Hamza Chaudhary,89372-9192522-4,علی Chaudhry,1995-07-01,1300,5013834,Faisalabad
VEH004060,Muhammad شیخ,59114-2836354-4,حسن Shaikh,1975-04-26,3200,12980784,Rawalpindi
VEH004061,فیصل Qureshi,,Hamzah Qureshi,1958-04-14,1100,3878129,Rawalpindi
VEH004062,Mohammad Ahmed Chaudhary,30516-1523237-3,Hamza چوہدری,2003-04-21,2300,8216385,Karachi
VEH004063,Ahmed Choudhary,30516-1523237-3,Mohammed Hamzah Chaudhry,2003-04-21,2300,8895578,Karachi
VEH004064,Ahmad بٹ,,Muhammad حسن Butt,1966-03-28,4500,15194557,Rawalpindi
VEH004065,Mohammed Ahmad Bhatti,,Mohammed حسن بٹ,1966-03-28,4500,15468459,Rawalpindi
VEH004066,Ahmad بٹ,44100-2768925-9,Hasan Butt,1966-03-28,4500,15838386,Rawalpindi
VEH004067,Mohammed احمد بٹ,44100-2768925-9,Hasan Bhatti,1966-03-28,4500,16919197,Rawalpindi
VEH004068,محمد Butt,,,1975-01-03,2400,8507433,Rawalpindi
VEH004069,Mohammed Bhatti,11499-7717366-2,علی Bhatti,1975-01-03,2400,9228274,Rawalpindi
VEH004070,محمد بٹ,11499-7717366-2,Ali Bhatti,1975-01-03,2200,8727969,Rawalpindi
VEH004071,علی اعوان,83064-5132860-1,Ahmed Awan,1965-12-28,1400,5430267,Lahore
VEH004072,علی ملک,88852-9990878-7,Muhammad Malick,1962-07-05,900,3772502,Faisalabad
VEH004073,Ali ملک,88352-9990878-7,Mohammed Malik,1962-07-05,1400,5830160,Faisalabad
VEH004074,فیصل Awan,39457-3044216-5,,1963-11-15,700,2440775,Faisalabad
VEH004075,فیصل Chaudhry,25183-2698288-6,Muhammed Othman Choudhary,1972-06-19,1000,4016738,Faisalabad
VEH004076,Fatima Khan,51446-3199905-7,Muhammed Faisal Khan,1976-09-21,4500,17825541,Faisalabad
VEH004077,Fatema خان,51466-3199905-7,فیصل Khan,1976-09-21,4500,18736168,Faisalabad
VEH004078,Fatema خان,51446-3199905-7,Faysal Khan,,4500,16544491,Faisalabad
VEH004079,Fatima خان,51446-3199905-7,Faysal Khan,1976-09-21,4500,15793935,Faisalabad
VEH004080,Muhammed Quraishi,47036-6650405-2,عمران Qureshi,1962-04-09,4500,14721549,Lahore
VEH004081,محمد Qureshi,,Imran قریشی,1962-04-09,4500,17265658,Lahore
VEH004082,Mohammed Qureshi,47036-6650405-2,,1962-04-09,4500,15143609,Lahore
VEH004083,Mohammed قریشی,47036-6650405-2,عمران Quraishi,1962-04-09,4500,17101599,Lahore
VEH004084,Fatima خان,98076-3150905-5,,1959-04-02,1900,6592718,Islamabad
VEH004085,Fatima Khan,98076-3150905-5,Osman خان,1959-04-02,2100,8023481,Islamabad
VEH004086,Fatema Moghul,97229-7834853-4,فیصل Moghul,1986-08-01,1000,3715275,Islamabad
VEH004087,Bilal Sheikh,57096-6545092-2,Hamzah Shaykh,,3300,11262572,Karachi
VEH004088,Bilal Shaykh,57096-6545092-2,Hamza Shaikh,1971-03-28,3000,10267586,Karachi
VEH004089,محمد سید,,Hassan Sayed,1962-06-12,2400,8679765,Karachi
VEH004090,Zaynab Malick,,Hamzah ملک,2002-05-05,800,2673224,Islamabad
VEH004091,Muhammed Hamzah Malick,63802-8231663-0,Faysal Malik,1956-04-23,1100,3837604,Faisalabad
VEH004092,Sana Raja,34562-2212176-8,Ahmad Raja,1965-09-21,4400,14769987,Lahore
VEH004093,Sana راجہ,34562-2212176-8,,1965-09-21,4200,17102600,Lahore
VEH004094,ثناء Raja,34562-2212176-8,Ahmad راجہ,1965-09-21,4200,14872603,Lahore
VEH004095,Hussain Bhatti,,Hussein Butt,1968-08-11,3300,11195838,Karachi
VEH004096,Hussein Butt,59492-7039043-7,Hussain Bhatti,1968-08-11,3300,13236014,Karachi
VEH004097,Muhammed عمران بٹ,68646-4174410-5,Ali بٹ,1979-05-02,1300,5287349,Islamabad
VEH004098,Mohammad فیصل Malick,15440-5440861-6,,1964-08-10,1900,6998343,Lahore
VEH004099,بلال Bhatti,37663-2127659-2,Faisal Bhatti,1958-04-17,4500,15103741,Islamabad
VEH004100,Bilal Bhatti,37663-2127609-2,Faysal بٹ,,4500,17532437,Islamabad
VEH004101,Bilal Bhatti,37663-2127609-2,Muhammad Faysal Butt,1958-04-17,4500,16451080,Islamabad
VEH004102,Bilal بٹ,37663-2127609-2,Faisal بٹ,1958-04-17,4500,16359896,Islamabad
VEH004103,عمران Butt,21060-2460873-8,حمزہ Butt,1999-05-06,1500,5521430,Lahore
VEH004104,Imran بٹ,21060-2460873-8,Hamza Bhatti,1999-05-06,1200,4567456,Lahore
VEH004105,Aysha راجہ,80099-7198276-4,Hassan راجہ,1980-03-21,1300,5449607,Karachi
VEH004106,ثناء شیخ,31069-1838740-0,حسن شیخ,1994-02-13,1800,6510666,Rawalpindi
VEH004107,Sana Shaikh,31069-1838740-0,Hassan Shaykh,1994-02-13,1900,7809905,Rawalpindi
VEH004108,Ahmed Malick,14399-6033654-0,Husain ملک,2000-08-18,3300,11865522,Karachi
VEH004109,Ahmed ملک,14399-6033654-0,Mohammad حسین Malik,2000-08-18,3300,10796346,Karachi
VEH004110,احمد ملک,14399-6033654-0,Mohammad Hussein Malik,2000-08-18,3500,13734864,Karachi
VEH004111,فاطمہ Awan,16460-7268542-2,Mohammed Ahmad Awan,2001-11-15,1200,4887994,Islamabad
VEH004112,Mohammad اعوان,73312-1942461-1,بلال Awan,1998-04-04,2000,8120370,Lahore
VEH004113,بلال Bhatti,82014-9783925-8,Husain Butt,1995-05-09,1000,4136063,Faisalabad
VEH004114,ثناء قریشی,,Muhammed عمران Quraishi,1998-06-14,1200,4181810,Karachi
VEH004115,Imran Awan,64116-2906961-5,Hussein Awan,1984-02-26,1400,5234717,Islamabad
VEH004116,Mohammad Usman Sheikh,77710-5258444-5,Faisal Shaikh,,1400,5535927,Lahore
VEH004117,بلال قریشی,86173-4509428-3,,,1100,3585171,Faisalabad
VEH004118,ثناء Awan,13183-3329644-7,Mohammad Hamza اعوان,2002-02-10,1300,4282220,Lahore
VEH004119,Sana Awan,,Muhammed Hamzah Awan,2002-02-10,1300,4840820,Lahore
VEH004120,بلال Butt,75172-2680074-7,Hassan Butt,1982-02-17,4500,18704529,Karachi
VEH004121,Muhammad بلال Bhatti,75172-2680074-7,Mohammad حسن بٹ,1982-02-17,4500,16925811,Karachi
VEH004122,بلال بٹ,75172-2680074-7,Hassan بٹ,1982-02-17,4500,14765519,Karachi
VEH004123,Mohammed Bilal Butt,75172-2680074-7,حسن بٹ,,4500,17611939,Karachi
VEH004124,Muhammad احمد راجہ,32132-6469375-4,عمران راجہ,1996-06-05,1900,6813191,Karachi
VEH004125,علی ملک,,Muhammad حسن Malik,,2300,9439322,Islamabad
VEH004126,Mohammad Osman بٹ,19782-1675700-9,علی Bhatti,,1100,4610769,Islamabad
VEH004127,Mohammad حسن شیخ,62001-2479398-6,Mohammed حسن شیخ,,900,2992918,Rawalpindi
VEH004128,Bilal خان,,Mohammad Ahmad Khan,1967-01-02,1600,6414742,Rawalpindi
VEH004129,Othman Sheikh,63151-1820021-2,Hassan شیخ,1997-11-06,1000,3386819,Karachi
VEH004130,Hamza خان,,,1989-12-01,1100,4539357,Lahore
VEH004131,Ahmed اعوان,71773-4755594-9,حسن Awan,1982-10-08,1500,6017719,Faisalabad
VEH004132,Muhammed حسین مغل,52406-3253971-4,,1967-08-24,4500,15768525,Lahore
VEH004133,Muhammed Hussein Moghul,52406-3253971-4,Faisal مغل,1967-08-24,4500,15762367,Lahore
VEH004134,Muhammed حسین مغل,52406-3253971-4,Faisal Mughal,1967-08-24,4500,16702111,Lahore
VEH004135,Ahmad اعوان,82859-6578207-1,Muhammad اعوان,1970-11-01,2300,7943829,Rawalpindi
VEH004136,بلال Mughal,42043-9452006-9,احمد Moghul,1961-05-21,1700,5657074,Karachi
VEH004137,Mohammed بلال Mughal,42063-9452006-9,Ahmed Moghul,1961-05-21,1600,5261275,Karachi
VEH004138,Maryam Butt,12399-7172927-7,Mohammed عثمان Butt,1979-09-27,1100,4506840,Karachi
VEH004139,Muhammad Hasan Sheikh,,Osman Shaykh,2002-06-14,1700,5753657,Faisalabad
VEH004140,بلال Sayyid,82009-1890394-4,Faysal Syed,1972-01-13,1400,5856958,Faisalabad
VEH004141,Mohammed Hussain Syed,53440-8769142-1,Hamza Syed,1997-10-05,4000,13291567,Islamabad
VEH004142,Hussain Sayed,53440-8769142-1,Mohammad Hamza Syed,1997-10-05,4000,14596317,Islamabad
VEH004143,Mohammed Othman Awan,97284-4348559-1,Osman اعوان,1963-11-13,900,3117592,Lahore
VEH004144,حرا ملک,29649-3233079-5,Muhammad Malik,1993-12-04,4500,15182780,Rawalpindi
VEH004145,حرا Malik,29649-3233079-5,,1993-12-04,4500,18051679,Rawalpindi
VEH004146,Hira Malik,29649-3233079-5,Mohammad Malik,1993-12-04,4500,16450280,Rawalpindi
VEH004147,Hira ملک,29649-3233079-5,محمد ملک,1993-12-04,4500,18464975,Rawalpindi
VEH004148,بلال Mughal,,Faysal Moghul,1991-11-03,2200,8384063,Faisalabad
VEH004149,Mohammad Bilal مغل,,Muhammad Faysal Mughal,1991-11-03,2400,9565451,Faisalabad
VEH004150,Bilal Mughal,37008-3803321-0,Muhammad فیصل Moghul,1991-11-03,2200,7347411,Faisalabad
VEH004151,Imran Choudhary,14930-8015891-1,عمران Chaudhry,,1600,5155423,Faisalabad
VEH004152,Faysal شیخ,67993-1665820-1,Imran Shaikh,,1700,6612322,Karachi
VEH004153,حمزہ سید,58994-2020699-2,Ahmed سید,1987-07-09,2400,8196471,Islamabad
VEH004154,Hamzah Sayed,,Ahmad سید,1987-07-09,2500,8051310,Islamabad
VEH004155,Aisha خان,23071-2432970-3,Mohammad Khan,1969-03-06,1100,3593828,Rawalpindi
VEH004156,Ali Chaudhry,73935-3400970-4,,1971-04-19,1300,4512708,Faisalabad
VEH004157,Mohammed فیصل مغل,70113-4192025-9,Ahmad Moghul,1955-06-04,1800,6676309,Rawalpindi
VEH004158,Mohammed Usman Chaudhary,90877-3463007-8,Hasan Choudhary,1996-06-08,1000,3355501,Lahore
VEH004159,Imran Malick,30261-6658647-5,Mohammed احمد Malik,1965-07-13,2600,9460678,Faisalabad
VEH004160,Maryam Khan,86825-7749707-3,احمد خان,1981-06-28,3800,12390520,Lahore
VEH004161,مریم خان,86825-7749707-3,Muhammed احمد Khan,1981-06-28,3900,16228101,Lahore
VEH004162,Muhammed Raja,48943-9281519-8,Muhammad Bilal راجہ,1967-06-23,1600,5155429,Rawalpindi
VEH004163,Hasan ملک,,فیصل Malik,1990-03-05,2000,8237579,Faisalabad
VEH004164,عمران Chaudhry,63357-3349749-3,Ali Ch.,1975-11-25,1300,5015499,Islamabad
VEH004165,Muhammad مغل,35329-3845138-4,Hassan Mughal,1967-12-11,1700,5948686,Islamabad
VEH004166,Husain Chaudhry,91156-1336438-2,Othman Chaudhry,1972-08-24,1200,4695916,Lahore
VEH004167,Sana خان,42914-6188032-8,Osman Khan,1996-07-26,1200,4350479,Rawalpindi
VEH004168,Mohammed Ahmad Sayyid,28345-8178695-8,Mohammed حسین Syed,1998-10-14,1200,4670913,Karachi
VEH004169,Zaynab مغل,93196-3199725-7,Osman مغل,1961-04-03,2500,8386820,Lahore
VEH004170,زینب Mughal,93196-3199725-7,Muhammad Osman مغل,1961-04-03,2400,8267259,Lahore
VEH004171,Zainab Mughal,93196-3199725-7,Mohammed Osman Moghul,1961-04-03,2600,9994260,Lahore
VEH004172,Zaynab Moghul,93196-2199725-7,,,2600,10620956,Lahore
VEH004173,محمد اعوان,55302-5129123-9,Hasan Awan,1972-02-04,4200,13483602,Faisalabad
VEH004174,Muhammed Awan,55302-5129123-9,Muhammed حسن Awan,,4200,14601483,Faisalabad
VEH004175,Muhammed اعوان,55302-5121123-9,Hassan Awan,1972-02-04,4100,13342212,Faisalabad
VEH004176,Ayesha Qureshi,15686-5657730-7,Imran Qureshi,1983-11-03,1900,6292241,Islamabad
VEH004177,حسن Moghul,87486-2030678-9,Usman Mughal,1973-08-03,1200,4666759,Faisalabad
VEH004178,Mohammed احمد Sayed,,عمران سید,1991-10-13,2500,8789116,Faisalabad
VEH004179,احمد خان,97719-8906921-0,,,700,2673756,Karachi
VEH004180,عثمان Choudhary,95834-8685350-3,Hussein Chaudhry,1960-06-05,1500,6240113,Karachi
VEH004181,احمد Sheikh,42211-4369061-0,Mohammed Faisal Shaykh,1973-04-26,3100,10225808,Faisalabad
VEH004182,Hasan Khan,23422-6773230-7,احمد خان,1980-02-20,1400,5209593,Lahore
VEH004183,حسن Khan,23422-6773230-7,,1980-02-20,1300,4831455,Lahore
VEH004184,Mohammed Hassan Khan,23422-6773230-7,Ahmed خان,1980-02-20,1400,4690498,Lahore
VEH004185,Fatimah چوہدری,96067-5844341-4,Ahmed Choudhary,1989-06-22,4500,18256016,Faisalabad
VEH004186,Mohammed Hussain اعوان,10247-8140896-9,Hasan Awan,2000-11-10,1500,4989925,Rawalpindi
VEH004187,Hussein Awan,10247-8140896-9,Hasan اعوان,2000-11-10,1400,5298684,Rawalpindi
VEH004188,Mohammed Faisal Malik,17347-3862842-6,Hassan Malik,1992-11-02,3100,12225010,Karachi
VEH004189,Faysal Malik,17347-3862842-6,Mohammad حسن ملک,1992-11-02,3200,12479575,Karachi
VEH004190,Faysal Moghul,40540-5566001-8,Imran Moghul,1970-05-01,2300,8799883,Karachi
VEH004191,عائشہ خان,66621-7583688-5,Hussain خان,1957-07-12,4500,15621309,Faisalabad
VEH004192,عائشہ Khan,66621-7583688-5,,,4500,17179370,Faisalabad
VEH004193,عثمان Bhatti,21251-4208969-7,Muhammad Ahmad Bhatti,1987-04-23,1500,5671445,Lahore
VEH004194,Bilal بٹ,61933-2997774-5,Mohammed Bhatti,,2400,9552862,Rawalpindi
VEH004195,بلال Butt,61933-2197774-5,Mohammed Butt,1959-09-14,2000,6906638,Rawalpindi
VEH004196,بلال Bhatti,61933-2997774-5,Mohammed بٹ,1959-09-14,2200,8017648,Rawalpindi
VEH004197,مریم خان,96042-8798447-0,محمد Khan,1987-03-13,2300,7741692,Lahore
VEH004198,Muhammed بلال Butt,,Muhammad Hamza Bhatti,1971-08-14,1000,3702256,Rawalpindi
VEH004199,عمران Chaudhry,40083-1227066-1,Bilal Choudhary,1987-05-19,1900,7049309,Islamabad
VEH004200,عثمان Awan,23547-8681241-1,,1973-12-01,4100,15051504,Islamabad
VEH004201,زینب سید,24847-2785452-0,Ahmed Syed,1984-07-13,1400,5552519,Rawalpindi
VEH004202,Sana Malik,19913-6769204-4,محمد ملک,1994-09-22,1700,6375788,Lahore
VEH004203,ثناء Malick,98430-8444761-8,Faisal Malick,1976-04-27,1500,5603605,Lahore
VEH004204,Husain Sheikh,30983-2589444-8,علی Shaikh,1989-09-24,2000,7096020,Karachi
VEH004205,Hussain Shaykh,30983-2589444-8,Muhammad Ali Shaikh,1989-09-24,2200,7934066,Karachi
VEH004206,Hussein Sheikh,,علی شیخ,,2200,8329618,Karachi
VEH004207,Muhammad عثمان Bhatti,94553-6370333-4,Mohammed حسن Bhatti,1968-03-03,1200,4141739,Rawalpindi
VEH004208,Muhammad حسن چوہدری,58785-2675274-0,,1968-09-12,1400,4950502,Rawalpindi
VEH004209,حسین چوہدری,72567-5789298-1,,1973-11-01,3500,12462990,Islamabad
VEH004210,Usman Malik,,Hussain ملک,1957-10-14,2000,7014748,Lahore
VEH004211,بلال Shaykh,,Mohammad حمزہ Sheikh,1992-08-15,1400,4653892,Lahore
VEH004212,Hassan اعوان,75765-6307279-0,Hamza اعوان,1991-12-01,800,2597430,Faisalabad
VEH004213,Hussain Khan,22805-6054911-5,,1996-09-13,1900,7291372,Karachi
VEH004214,Mohammed Ahmed Awan,74506-1274432-7,Hussein اعوان,1993-11-24,900,3188203,Islamabad
VEH004215,بلال Qureshi,13471-2224278-5,علی Quraishi,1994-06-02,1700,6114065,Faisalabad
VEH004216,Fatimah اعوان,95991-9396000-5,Muhammed Osman Awan,1986-08-19,1400,5731892,Lahore
VEH004217,Muhammad Bilal Quraishi,,Muhammed فیصل Quraishi,1982-08-05,900,3050459,Rawalpindi
VEH004218,Osman Quraishi,66477-7056171-9,فیصل Qureshi,,1400,4496196,Karachi
VEH004219,Zainab Shaykh,77289-8149950-9,,2002-06-22,4500,16580131,Islamabad
VEH004220,Zaynab Shaikh,77289-8149950-9,Hamza Sheikh,2002-06-22,4500,16310051,Islamabad
VEH004221,Zaynab Shaykh,77289-8149950-9,Hamza Sheikh,2002-06-22,4500,18721143,Islamabad
VEH004222,زینب Shaikh,77289-8149950-9,حمزہ Sheikh,2002-06-22,4500,17919016,Islamabad
VEH004223,Ayesha Awan,49350-1765867-9,,1999-06-17,2000,6890655,Islamabad
VEH004224,Aysha Qureshi,81479-9568652-7,Faisal Quraishi,,3600,14255592,Rawalpindi
VEH004225,Ayisha Quraishi,81479-9568652-7,Faysal قریشی,1967-05-27,3800,14029264,Rawalpindi
VEH004226,Aisha قریشی,81479-9568652-7,Muhammad Faisal قریشی,1967-05-27,3800,14525113,Rawalpindi
VEH004227,Sana Sheikh,91153-8399551-6,Hussain شیخ,1996-07-16,4500,18225496,Karachi
VEH004228,Sana شیخ,91753-8399551-6,حسین شیخ,1996-07-16,4500,17162718,Karachi
VEH004229,عائشہ Mughal,17097-6165358-2,Mohammed Hasan Moghul,1964-07-24,1300,4986599,Karachi
VEH004230,Aysha Moghul,17097-6165358-2,Hassan Mughal,1964-07-24,1700,6544999,Karachi
VEH004231,Hamzah خان,69519-9059998-4,Mohammed حسین Khan,1960-11-14,4500,18634953,Karachi
VEH004232,Hamza Khan,69519-9059998-4,Hussein Khan,1960-11-14,4500,18595592,Karachi
VEH004233,حمزہ خان,69519-9059998-4,Hussain خان,1960-11-14,4500,18616505,Karachi
VEH004234,حمزہ Khan,69519-9059998-4,Hussein Khan,1960-11-14,4500,17508937,Karachi
VEH004235,احمد Butt,11818-1201909-4,محمد بٹ,,1600,5195533,Islamabad
VEH004236,Mohammad Sayed,86733-6436421-4,حسین Syed,1955-09-01,1400,5395768,Islamabad
VEH004237,Muhammad راجہ,72746-9021986-2,عثمان راجہ,1962-09-17,1000,3478992,Lahore
VEH004238,Hassan Raja,75157-9871989-2,Muhammad Imran راجہ,1965-08-12,1700,6514472,Lahore
VEH004239,Hasan راجہ,75157-9871989-2,عمران Raja,1965-08-12,2100,8476272,Lahore
VEH004240,Hassan راجہ,75157-9871989-2,عمران راجہ,1965-08-12,1500,5928013,Lahore
VEH004241,Marium راجہ,85383-2169603-0,عثمان Raja,1962-12-08,2900,10653377,Karachi
VEH004242,Mariam راجہ,85383-2149603-0,Usman Raja,1962-12-08,3100,10270448,Karachi
VEH004243,Osman Malick,33332-5921164-7,Ahmad Malik,1988-12-15,2800,9531679,Karachi
VEH004244,Muhammed عثمان Malick,33332-5921164-7,Muhammed Ahmad Malick,1988-12-15,2800,10543352,Karachi
VEH004245,فیصل Ch.,35358-4316921-2,,1956-07-28,1300,4195644,Karachi
VEH004246,علی راجہ,17218-3395597-1,Mohammed Hassan Raja,1982-11-03,1200,4027122,Rawalpindi
VEH004247,حسن Shaikh,99267-9470365-7,Husain Shaikh,1998-11-10,1200,3942952,Lahore
VEH004248,Mohammed اعوان,74115-2726852-3,Usman Awan,1998-10-20,1300,4423864,Karachi
VEH004249,Ahmed Shaykh,86474-9394631-5,Ahmed Shaikh,,2200,7885701,Faisalabad
VEH004250,Ahmed Shaykh,86474-9394631-5,Ahmed Shaikh,1960-09-24,2500,9194409,Faisalabad
VEH004251,Mohammed Ahmad Shaykh,86474-9394631-5,Ahmad Sheikh,1960-09-24,2500,8011251,Faisalabad
VEH004252,Osman Bhatti,19858-2695772-2,بلال Butt,1963-06-25,900,3221985,Lahore
VEH004253,Ali Mughal,83514-1408412-3,Hamza مغل,1993-07-23,1800,5914927,Rawalpindi
VEH004254,Muhammad Ali Moghul,83514-1408412-5,Hamza مغل,1993-07-23,1800,5790735,Rawalpindi
VEH004255,Hira چوہدری,31370-1602472-1,عمران Chaudhry,1990-10-15,2200,8195011,Lahore
VEH004256,فیصل اعوان,15078-3943597-8,بلال Awan,,3100,12949921,Rawalpindi
VEH004257,Faisal اعوان,15078-3743597-8,Bilal Awan,1982-12-27,3100,12212466,Rawalpindi
VEH004258,Fatima Malick,76807-5488555-8,Usman Malick,1976-08-23,1400,4779085,Karachi
VEH004259,عمران بٹ,56482-2782349-0,احمد بٹ,1974-06-06,1700,6855120,Rawalpindi
VEH004260,Muhammad Syed,39581-6718280-5,فیصل Sayed,1994-08-04,4500,15146837,Karachi
VEH004261,Muhammad Syed,39581-6718280-5,Faysal سید,1994-08-04,4500,16131474,Karachi
VEH004262,Mohammed Sayyid,39581-6718280-5,,1994-08-04,4500,18545686,Karachi
VEH004263,Muhammad احمد Sayed,17743-2324256-6,Mohammed Ali Syed,1975-10-11,1800,6897553,Rawalpindi
VEH004264,Mohammed شیخ,99414-5008922-6,Husain شیخ,2000-07-12,3500,11362246,Rawalpindi
VEH004265,Muhammed قریشی,32687-4180023-7,Osman Qureshi,1974-04-11,1800,7227518,Lahore
VEH004266,Osman Raja,84769-9133946-8,Muhammad Hussain راجہ,1983-10-04,1100,3701377,Faisalabad
VEH004267,Maryam قریشی,20594-5753490-4,حسین قریشی,1977-01-28,2100,7802990,Faisalabad
VEH004268,مریم قریشی,20594-5753490-4,Hussain قریشی,1977-01-28,2100,8698135,Faisalabad
VEH004269,مریم قریشی,20594-5753490-4,Hussein قریشی,1977-01-28,2500,9542817,Faisalabad
VEH004270,Mohammed Ahmad شیخ,94243-2890632-4,علی Shaykh,1986-05-05,1800,5967968,Islamabad
VEH004271,Osman مغل,49295-6558991-8,علی Mughal,1985-04-15,1000,3607564,Rawalpindi
VEH004272,Hassan Sayed,86850-6636435-7,Ahmad Sayed,1985-09-07,900,3213309,Faisalabad
VEH004273,Muhammad عثمان سید,20685-6395772-8,فیصل Sayyid,1980-09-19,1900,7918794,Islamabad
VEH004274,Hira Shaykh,71489-5848501-7,Hasan Sheikh,1960-02-28,4500,17245147,Lahore
VEH004275,Hira Shaykh,71489-5848506-7,Hassan Shaykh,1960-02-28,4500,14818065,Lahore
VEH004276,حرا Shaikh,71489-5848501-7,,1960-02-28,4500,18629536,Lahore
VEH004277,Mohammad Bhatti,63270-2600057-1,Mohammad Hasan بٹ,1970-07-06,1100,4582718,Faisalabad
VEH004278,حمزہ Khan,81257-7838021-7,Ahmad Khan,1991-07-12,2300,7706643,Karachi
VEH004279,Muhammed Shaykh,90539-9816195-0,Hassan شیخ,1963-11-22,1600,5497004,Rawalpindi
VEH004280,Imran Choudhary,19367-8414753-5,Bilal Chaudhary,1986-04-25,700,2461201,Faisalabad
VEH004281,Ali Khan,96247-4700560-0,,1992-03-09,1100,3742816,Islamabad
VEH004282,حمزہ Butt,33151-5669348-1,Imran بٹ,1968-11-27,2600,9882170,Faisalabad
VEH004283,Hamzah بٹ,33151-5669348-1,,1968-11-27,2100,7177194,Faisalabad
VEH004284,Hamzah بٹ,33151-5669348-1,Imran Bhatti,1968-11-27,2200,8117900,Faisalabad
VEH004285,Hamza Butt,,عمران بٹ,1968-11-27,2500,8649673,Faisalabad
VEH004286,Muhammad Osman Shaikh,05786-1632394-9,بلال Shaikh,,2500,8008770,Rawalpindi
VEH004287,Usman Shaikh,55786-1632394-9,Bilal Shaikh,1957-04-02,2400,9736140,Rawalpindi
VEH004288,Mohammed Bilal Mughal,94016-7952281-3,Ali Mughal,,1100,4451044,Lahore
VEH004289,Mohammed Hamzah Sayyid,38646-5156908-9,Mohammed Faysal سید,1986-02-06,3900,13693029,Lahore
VEH004290,Hamza Syed,38646-5156908-9,Faisal Sayyid,1986-02-06,3900,14367404,Lahore
VEH004291,Hamzah Sayyid,38646-5156908-9,فیصل سید,1986-02-06,4000,14660306,Lahore
VEH004292,Mohammad بلال Malik,68310-8835192-0,بلال ملک,1962-10-17,2300,9629797,Faisalabad
VEH004293,Bilal ملک,68310-8835192-0,Muhammed Bilal Malik,1962-10-17,2400,8676949,Faisalabad
VEH004294,Aysha خان,87599-9590553-8,Ali Khan,1971-08-23,1300,4530405,Rawalpindi
VEH004295,Zaynab Quraishi,44937-1878248-1,Mohammed علی Quraishi,1979-09-09,4300,18059242,Lahore
VEH004296,زینب Qureshi,44937-1878248-1,علی Quraishi,1979-09-09,4000,12877087,Lahore
VEH004297,زینب قریشی,44937-1878248-1,Ali قریشی,1979-09-09,4300,16508954,Lahore
VEH004298,زینب Qureshi,44937-1878248-1,,1979-09-09,4100,13567652,Lahore
VEH004299,Bilal بٹ,94967-1158207-6,Osman Bhatti,1994-04-04,1600,6293402,Lahore
VEH004300,Hussein شیخ,31804-7938497-7,Hasan Shaikh,1988-11-25,1200,4795531,Karachi
VEH004301,Muhammad حمزہ خان,,Hassan خان,1995-01-25,1900,7971822,Islamabad
VEH004302,حمزہ خان,13760-3681002-7,Hassan خان,1995-01-25,2100,8347759,Islamabad
VEH004303,Hamzah خان,13760-3681002-7,Muhammad حسن Khan,1995-01-25,2000,6682076,Islamabad
VEH004304,Muhammad Imran شیخ,11110-1633266-3,فیصل شیخ,1955-02-04,900,3139215,Karachi
VEH004305,عثمان راجہ,78179-4804885-7,Mohammed Ahmad راجہ,1999-06-17,1200,4841583,Lahore
VEH004306,Muhammad احمد راجہ,42810-3967738-8,Imran راجہ,,1500,6298392,Karachi
VEH004307,Ahmed راجہ,42810-3967738-8,Mohammed Imran راجہ,1962-06-03,2000,8017827,Karachi
VEH004308,حرا Chaudhary,,حسن Chaudhary,1984-10-21,2800,11326593,Faisalabad
VEH004309,Usman Qureshi,82375-9103075-6,Imran Quraishi,1974-11-27,2100,7999169,Rawalpindi
VEH004310,عثمان Qureshi,82375-9103075-6,Imran Quraishi,1974-11-27,2400,7734480,Rawalpindi
VEH004311,عثمان Quraishi,82375-9103075-6,,1974-11-27,2100,6779759,Rawalpindi
VEH004312,حمزہ Ch.,84042-4842247-2,,1978-05-09,3900,15960182,Faisalabad
VEH004313,Mohammed Hamza Chaudhry,84042-4842247-2,Muhammed Faisal Chaudhry,1978-05-09,4000,15633706,Faisalabad
VEH004314,Hamza چوہدری,84042-4842247-2,فیصل Chaudhry,1978-05-09,4200,14214293,Faisalabad
VEH004315,حمزہ چوہدری,84042-4842247-2,Faysal Chaudhry,1978-05-09,3800,13041805,Faisalabad
VEH004316,ثناء راجہ,83772-7465456-2,عمران راجہ,1981-08-10,4500,18190645,Faisalabad
VEH004317,ثناء Raja,,Imran راجہ,1981-08-10,4500,16058040,Faisalabad
VEH004318,Sana راجہ,83772-7465456-2,Muhammed Imran Raja,1981-08-10,4500,18291826,Faisalabad
VEH004319,ثناء راجہ,,Muhammed Imran Raja,1981-08-10,4500,18360615,Faisalabad
VEH004320,Mohammad Imran Khan,52907-4705001-9,Osman خان,1968-02-24,1300,4318325,Lahore
VEH004321,Ahmad بٹ,96754-9114478-5,Ahmad Bhatti,1983-05-08,4500,17965117,Faisalabad
VEH004322,احمد Bhatti,96754-9114478-5,Ahmed بٹ,1983-05-08,4500,15651646,Faisalabad
VEH004323,Muhammed Ahmed Bhatti,,احمد Butt,1983-05-08,4500,18063611,Faisalabad
VEH004324,Ahmad Butt,96754-9114478-5,احمد Bhatti,1983-05-08,4500,15119782,Faisalabad
VEH004325,Mohammad Awan,30912-6948084-4,Mohammad Imran اعوان,1980-02-21,4300,15180626,Islamabad
VEH004326,Muhammed اعوان,30912-6948084-4,Imran Awan,1980-02-21,4400,16646244,Islamabad
VEH004327,Muhammed اعوان,30912-6948084-4,عمران اعوان,1980-02-21,4000,15230231,Islamabad
VEH004328,حمزہ Malik,70676-8805641-0,Mohammed حسن Malik,1995-08-04,2500,8921321,Karachi
VEH004329,Hamzah Malik,70676-8805641-0,Hassan ملک,1995-08-04,2800,11178537,Karachi
VEH004330,Mohammed حمزہ Malick,70676-8805641-0,Hassan Malik,1995-08-04,2900,11103346,Karachi
VEH004331,Mohammed عثمان Moghul,53307-3980111-4,Mohammad علی Mughal,1985-12-11,1300,4366154,Faisalabad
VEH004332,Mohammed Othman Moghul,54301-3980111-4,علی Moghul,1985-12-11,1200,3973004,Faisalabad
VEH004333,احمد Sayed,35843-7563983-4,Hussein Sayyid,1969-02-13,4500,17027176,Karachi
VEH004334,Ahmad Sayyid,35843-7563983-4,Mohammad حسین Sayyid,1969-02-13,4500,18602548,Karachi
VEH004335,Ahmad Sayyid,35843-7563983-4,Husain Syed,1969-02-13,4500,15613925,Karachi
VEH004336,احمد Awan,50363-3120244-6,Muhammad اعوان,1967-03-01,1200,4503908,Faisalabad
VEH004337,Faysal راجہ,28661-2930559-0,,1992-08-28,1700,5878964,Karachi
VEH004338,Faysal Raja,28661-2930559-0,Usman راجہ,1992-08-28,2000,6777924,Karachi
VEH004339,Muhammad Husain بٹ,61988-1121295-2,عثمان بٹ,1981-08-08,2100,6731495,Lahore
VEH004340,Faysal Malick,,,1993-12-11,3400,13659093,Rawalpindi
VEH004341,Zainab Quraishi,60391-2346563-3,Husain قریشی,1966-09-05,3800,14558911,Rawalpindi
VEH004342,Osman Sayyid,69748-3908154-3,Muhammad Ali Sayyid,1995-07-24,2200,8981902,Karachi
VEH004343,Zainab Moghul,32810-1792603-9,,1996-07-17,3700,12997807,Faisalabad
VEH004344,Zainab مغل,32810-1792603-9,,1996-07-17,4000,13137574,Faisalabad
VEH004345,Hussein Shaikh,32725-1369082-3,Muhammad Shaykh,1982-12-11,4500,15043416,Karachi
VEH004346,Mohammad Hussein Shaykh,32725-1369082-3,,1982-12-11,4500,18607811,Karachi
VEH004347,Hussain Shaikh,32725-1369082-3,,1982-12-11,4500,17154523,Karachi
VEH004348,Husain Sheikh,32725-1369082-3,,1982-12-11,4500,18644636,Karachi
VEH004349,Ali راجہ,37190-4669634-4,,1956-11-25,2400,9206763,Rawalpindi
VEH004350,Ahmad Chaudhry,,Hussein Chaudhry,2000-03-04,1500,5791483,Rawalpindi
VEH004351,Mohammed Usman Raja,93523-1311738-7,Ali Raja,1962-08-28,1200,4969077,Islamabad
VEH004352,Mohammed فیصل Khan,15993-5399402-4,,1960-11-20,800,2675991,Islamabad
VEH004353,Fatima مغل,16580-9046590-0,Mohammad Mughal,1994-08-10,900,3359350,Islamabad
VEH004354,حرا راجہ,78627-6417791-9,Ahmad راجہ,1971-12-13,2400,9924646,Lahore
VEH004355,Hira Raja,78627-6417791-9,Ahmad راجہ,1971-12-13,2200,7244440,Lahore
VEH004356,Mariam سید,18781-1837950-0,Faysal سید,1962-09-23,1500,5891874,Lahore
VEH004357,احمد Raja,56550-3079817-4,Mohammad احمد Raja,1994-08-23,4500,14943335,Faisalabad
VEH004358,احمد Raja,56550-3079817-4,Ahmed راجہ,1994-08-23,4500,16672820,Faisalabad
VEH004359,Ahmed Raja,56550-3079817-4,Mohammed احمد Raja,1994-08-23,4500,15035469,Faisalabad
VEH004360,Muhammad Ahmed راجہ,56550-3079817-4,,1994-08-23,4500,17757220,Faisalabad
VEH004361,Imran Raja,68269-8721100-1,,1960-04-20,1300,4781011,Islamabad
VEH004362,عمران Raja,68969-8731100-1,فیصل Raja,,1600,5729115,Islamabad
VEH004363,فاطمہ Sayed,66366-2488663-2,Hussein Sayed,1963-01-10,1400,5819960,Karachi
VEH004364,Muhammed Awan,,Faysal اعوان,1972-11-02,3600,14790663,Lahore
VEH004365,Muhammed Awan,99046-5929391-9,Muhammad Faisal اعوان,1972-11-02,4000,13513605,Lahore
VEH004366,Muhammed اعوان,,,1972-11-02,3600,13935224,Lahore
VEH004367,Muhammed شیخ,54822-9233871-0,حسن شیخ,1974-10-07,1000,3225587,Lahore
VEH004368,Faisal Quraishi,86805-9883402-4,,1999-04-10,1100,3534698,Lahore
VEH004369,عثمان Butt,91991-4655747-4,Hussain بٹ,2000-02-20,1400,5553473,Rawalpindi
VEH004370,Fatimah Khan,51212-3291421-2,Hamza خان,1960-10-05,2700,10691062,Islamabad
VEH004371,Aysha خان,37545-8904661-7,محمد خان,1972-04-03,1100,3787747,Karachi
VEH004372,Ahmed Sayyid,77223-9467918-3,Mohammed علی Sayed,,3100,11034651,Lahore
VEH004373,Muhammad Ahmed Syed,77223-9467918-3,علی Syed,1987-10-20,3700,12831777,Lahore
VEH004374,Ahmad Syed,,Ali Sayed,1987-10-20,3300,13593272,Lahore
VEH004375,Bilal Sayed,84664-2816984-1,Ali سید,1987-02-10,3200,12025181,Karachi
VEH004376,Bilal Sayed,84664-2816984-1,Muhammad علی Sayyid,,3300,11331395,Karachi
VEH004377,Sana خان,15137-6508527-5,Hassan خان,1956-10-14,4500,15694024,Karachi
VEH004378,ثناء Khan,15137-6508527-5,Hassan خان,1956-10-14,4500,14476227,Karachi
VEH004379,ثناء Khan,15137-6508527-5,Hasan خان,1956-10-14,4500,16451596,Karachi
VEH004380,Sana Khan,15137-6508527-5,Mohammed حسن Khan,1956-10-14,4500,16623589,Karachi
VEH004381,Sana Shaikh,62783-3423069-8,Muhammed Shaykh,1974-02-15,4500,16428643,Rawalpindi
VEH004382,ثناء Sheikh,62783-3423069-8,Mohammad Shaykh,1974-02-15,4500,17467618,Rawalpindi
VEH004383,Sana شیخ,62783-3423069-8,,1974-02-15,4500,14452901,Rawalpindi
VEH004384,Sana Shaikh,62783-3423069-8,Muhammed Sheikh,1974-02-15,4500,15745238,Rawalpindi
VEH004385,عثمان Awan,66821-2399486-9,Usman Awan,,1200,4258662,Rawalpindi
VEH004386,Ali Raja,53499-8514572-6,Ali راجہ,1997-04-13,2600,10771904,Karachi
VEH004387,حرا Malik,10258-3395383-4,عمران Malik,1997-12-26,1600,6489955,Lahore
VEH004388,Hira Malik,10258-3395383-4,Imran Malik,1997-12-26,1400,5437838,Lahore
VEH004389,Ali Qureshi,,Imran قریشی,1957-07-23,1200,4141732,Rawalpindi
VEH004390,عمران Moghul,,علی Moghul,1965-06-02,800,2576508,Lahore
VEH004391,Fatema قریشی,39335-6921631-4,عثمان Qureshi,2000-10-19,900,3059217,Islamabad
VEH004392,Fatimah مغل,80596-3649366-8,Bilal Moghul,1979-02-19,2100,8640426,Rawalpindi
VEH004393,Fatema Moghul,80596-3649366-8,,1979-02-19,2200,7889067,Rawalpindi
VEH004394,Fatimah مغل,80596-3649366-8,Mohammad بلال مغل,1979-02-19,2200,8579715,Rawalpindi
VEH004395,ثناء بٹ,94980-2109299-1,Mohammad Butt,1981-08-01,4500,17104325,Islamabad
VEH004396,Sana Butt,94980-2109299-1,,,4500,17537585,Islamabad
VEH004397,Sana بٹ,94960-2109299-1,Mohammad Bhatti,1981-08-01,4500,17863343,Islamabad
VEH004398,Sana Butt,,محمد Bhatti,1981-08-01,4500,17126126,Islamabad
VEH004399,Hassan خان,21757-8707247-0,Faysal خان,1992-12-10,1700,6276036,Karachi
VEH004400,Hasan خان,21757-8707247-0,Faysal خان,1992-12-10,1800,5763276,Karachi
VEH004401,Mohammed Hasan خان,21757-8707247-0,Faisal خان,1992-12-10,1900,6952910,Karachi
VEH004402,حسن خان,21757-8707247-0,,1992-12-10,1900,7323330,Karachi
VEH004403,Imran Quraishi,20050-1957370-6,Muhammed حمزہ Quraishi,,2300,8774579,Lahore
VEH004404,Imran قریشی,20050-1957370-6,Hamzah Quraishi,,2300,7416714,Lahore
VEH004405,Mohammed علی Quraishi,26104-3169320-7,Ahmad قریشی,1985-08-08,1600,5478976,Faisalabad
VEH004406,Hamza راجہ,55134-3159987-8,,1973-02-14,2700,8757356,Karachi
VEH004407,Fatima Malick,58694-3126066-5,Bilal ملک,1984-07-23,1100,4434705,Faisalabad
VEH004408,Ali Bhatti,,Mohammad Bilal Butt,1991-08-14,2600,8767505,Lahore
VEH004409,Faysal خان,42834-6811490-6,Mohammed خان,1998-12-20,4500,14531156,Faisalabad
VEH004410,Faisal Khan,42834-6811490-6,محمد Khan,1998-12-20,4500,14481629,Faisalabad
VEH004411,Ahmed مغل,93948-9057618-3,Usman Moghul,1960-06-22,3700,14420089,Rawalpindi
VEH004412,Mohammed احمد Moghul,93948-9057618-3,,1960-06-22,3600,14182327,Rawalpindi
VEH004413,Ahmed Moghul,93948-9057618-3,Usman مغل,1960-06-22,3800,12486973,Rawalpindi
VEH004414,Sana Raja,51116-9547254-3,علی Raja,1982-11-19,1400,5783530,Karachi
VEH004415,Sana Raja,51116-9547254-3,Muhammad Ali Raja,1982-11-19,1600,6235195,Karachi
VEH004416,Mohammad Bilal Chaudhry,67544-9720604-2,Ahmad Choudhary,2002-01-20,1900,6203685,Karachi
VEH004417,بلال Chaudhry,67544-9720604-2,Ahmed Ch.,2002-01-20,1900,6498377,Karachi
VEH004418,عمران راجہ,29068-7376195-7,Faisal Raja,,3300,13803576,Lahore
VEH004419,Imran Raja,29068-7376195-7,Faysal راجہ,1959-12-07,3500,14305660,Lahore
VEH004420,Muhammad Othman راجہ,14954-6009856-8,,,1000,3349044,Rawalpindi
VEH004421,بلال راجہ,23245-3881475-2,Imran Raja,1993-09-11,4500,14600117,Islamabad
VEH004422,Mohammad بلال راجہ,23245-3881475-2,عمران Raja,1993-09-11,4500,14984323,Islamabad
VEH004423,Bilal Raja,23245-3881475-2,عمران Raja,1993-09-11,4500,15411443,Islamabad
VEH004424,بلال Raja,23245-3881475-2,Imran راجہ,1993-09-11,4500,14968431,Islamabad
VEH004425,Ahmed بٹ,22408-5201893-2,Bilal بٹ,1984-04-13,1300,5033681,Lahore
VEH004426,عثمان Choudhary,44461-4758278-0,Mohammed Imran Ch.,1956-05-11,1000,4086245,Karachi
VEH004427,Muhammed Hamzah Malik,24628-3546720-7,علی Malik,1974-02-20,4500,15133604,Lahore
VEH004428,حمزہ Malik,24628-3546710-7,Ali Malick,1974-02-20,4500,14864538,Lahore
VEH004429,Hamza ملک,24628-3546710-7,Muhammad علی Malik,1974-02-20,4500,18169330,Lahore
VEH004430,حمزہ Malick,24628-3546710-7,Ali Malik,1974-02-20,4500,17574917,Lahore
VEH004431,Mohammed حسین سید,,Othman سید,,4500,14766252,Lahore
VEH004432,Husain Syed,45091-4143463-4,عثمان Sayyid,2001-08-21,4500,14852449,Lahore
VEH004433,Husain Syed,,Usman Sayed,2001-08-21,4500,17424453,Lahore
VEH004434,حسین سید,,Muhammad Osman Sayyid,2001-08-21,4500,16401447,Lahore
VEH004435,Faisal Chaudhry,70006-5613286-3,Imran Chaudhry,,2400,9012170,Faisalabad
VEH004436,Faysal Awan,,Othman Awan,1997-08-25,1700,5472552,Lahore
VEH004437,Muhammed Osman Moghul,66836-5198868-1,,1956-01-17,1300,5181865,Faisalabad
VEH004438,Bilal Qureshi,,Hamza Quraishi,1957-06-16,2100,8244851,Islamabad
VEH004439,Mohammed Ahmed Quraishi,50256-5554363-9,Muhammed احمد Qureshi,1976-11-01,2400,9260764,Faisalabad
VEH004440,Ahmad قریشی,,احمد قریشی,,2400,8558910,Faisalabad
VEH004441,Sana Butt,02368-3755930-8,Ahmad بٹ,1978-06-03,1000,3880306,Rawalpindi
VEH004442,Muhammed Faisal Mughal,28307-6295407-2,Muhammad Mughal,1972-04-02,1600,6351689,Lahore
VEH004443,Imran قریشی,13953-7224224-0,,1985-06-20,3100,10166410,Rawalpindi
VEH004444,عمران Quraishi,13993-7224224-0,Usman Quraishi,1985-06-20,2700,10595477,Rawalpindi
VEH004445,Hassan Mughal,98452-2385726-8,Imran Mughal,1995-11-22,800,2619699,Lahore
VEH004446,Husain Raja,56916-3894688-9,Ahmed راجہ,1999-09-19,1300,5217320,Islamabad
VEH004447,Hussain Raja,56916-3894688-9,Ahmad راجہ,1999-09-19,1200,4021786,Islamabad
VEH004448,علی شیخ,,,1999-12-01,1000,3585940,Lahore
VEH004449,Mohammed Hamzah Khan,25637-3168634-5,,1963-08-19,1900,6812851,Lahore
VEH004450,Hussein Khan,24380-1940850-3,Mohammad خان,1962-01-02,1300,4197821,Lahore
VEH004451,Muhammed علی Quraishi,11130-4544066-5,Ahmed Qureshi,1997-12-18,1600,6014340,Islamabad
VEH004452,Ali قریشی,11130-4544066-5,Ahmad Quraishi,1997-12-18,1500,5426622,Islamabad
VEH004453,حرا Moghul,63117-2332215-6,Mohammed حسین مغل,1979-07-13,1400,5679440,Karachi
VEH004454,Fatima قریشی,48847-9558697-4,Usman Quraishi,1966-05-01,1200,4402318,Rawalpindi
VEH004455,Fatema Quraishi,,Othman قریشی,1966-05-01,1600,6497405,Rawalpindi
VEH004456,Hasan Sheikh,,Faisal Shaykh,1980-06-21,1600,6377508,Rawalpindi
VEH004457,Maryam Raja,31939-9397424-1,Muhammad راجہ,,2400,8551996,Karachi
VEH004458,Mohammed سید,59357-9378766-0,Ali سید,2002-02-10,1100,3928713,Islamabad
VEH004459,حمزہ Raja,10139-2686036-0,حمزہ راجہ,1984-11-05,1500,4907833,Lahore
VEH004460,Osman Butt,19883-8691594-8,Mohammed بٹ,1989-09-11,3900,13608534,Faisalabad
VEH004461,Mohammed Bilal Syed,39790-7307903-7,احمد Sayed,1990-04-05,2700,9987490,Lahore
VEH004462,بلال Sayyid,39790-7307903-7,احمد Sayyid,1990-04-05,2400,9235395,Lahore
VEH004463,عمران Sheikh,34055-6122400-9,Muhammed Ahmed Shaykh,1972-09-11,2600,10736005,Rawalpindi
VEH004464,Imran Shaikh,34055-6122400-9,Ahmad Sheikh,1972-09-11,2500,9445742,Rawalpindi
VEH004465,بلال Malick,89581-3384413-4,Muhammed Ali Malik,1979-03-17,2600,8504656,Lahore
VEH004466,بلال Malick,89581-7384413-4,Mohammad Ali Malik,1979-03-17,2500,8871023,Lahore
VEH004467,Zainab Chaudhary,,Osman چوہدری,1977-08-24,1900,6368698,Karachi
VEH004468,Mohammed شیخ,69297-3096963-8,,1972-05-01,1800,6768125,Rawalpindi
VEH004469,Mohammed Sheikh,69297-3096963-8,,1972-05-01,1600,5428494,Rawalpindi
VEH004470,علی بٹ,15404-6548747-4,Muhammed Ahmad Butt,1957-09-26,4500,17617310,Lahore
VEH004471,Ali Bhatti,,Muhammad احمد Bhatti,1957-09-26,4500,16374464,Lahore
VEH004472,ثناء Syed,48823-3338282-6,حسن Sayyid,2001-04-23,1800,6923570,Rawalpindi
VEH004473,حسین Mughal,70394-6177531-6,Hussain Moghul,1990-08-21,3100,9935240,Rawalpindi
VEH004474,Imran Malick,43099-4788136-1,Ali Malick,1962-12-18,4500,17947243,Rawalpindi
VEH004475,Muhammed عمران ملک,43099-4788136-1,Ali Malik,1962-12-18,4500,15682265,Rawalpindi
VEH004476,عمران ملک,,Ali ملک,1962-12-18,4500,18487247,Rawalpindi
VEH004477,Imran Malick,43099-4788136-1,علی Malik,1962-12-18,4500,15072083,Rawalpindi
VEH004478,Faysal Raja,16776-5076248-9,Hussein راجہ,1986-06-18,2900,9586037,Faisalabad
VEH004479,حسین بٹ,77557-1732939-1,Muhammed Faisal بٹ,1971-11-01,2000,8208018,Lahore
VEH004480,Hussain Bhatti,77557-1738939-1,Faisal Butt,1971-11-01,2100,7214875,Lahore
VEH004481,Ahmad Awan,24228-9209106-1,Muhammad Usman اعوان,2003-05-27,1100,4380471,Rawalpindi
VEH004482,Muhammed Quraishi,26547-5006667-6,Muhammad Qureshi,1983-07-18,1700,6035029,Lahore
VEH004483,Hira مغل,67843-1077517-0,,1980-07-14,1900,7131787,Lahore
VEH004484,Maryam Chaudhary,40406-8645312-0,حسین Chaudhry,1994-09-07,1300,4236695,Faisalabad
VEH004485,Ahmad Bhatti,20304-1114338-8,Faisal Bhatti,2001-09-15,2400,10037685,Karachi
VEH004486,Ahmed Bhatti,20304-1114338-8,Muhammed Faysal Butt,2001-09-15,2000,7205082,Karachi
VEH004487,Muhammad Othman مغل,22732-4361838-7,Hassan مغل,1992-03-28,1400,4615622,Islamabad
VEH004488,عائشہ Shaykh,31802-5991359-0,,1964-09-26,900,3053478,Faisalabad
VEH004489,Ali خان,13977-1652778-9,Husain Khan,1997-04-13,1200,4153476,Islamabad
VEH004490,Hamzah Quraishi,44551-4134742-2,,1968-07-01,1000,3209079,Islamabad
VEH004491,بلال Moghul,,,1956-12-17,2500,9154066,Islamabad
VEH004492,Muhammad Bilal Mughal,,,1956-12-17,2600,9184492,Islamabad
VEH004493,Muhammad بلال مغل,16681-8907350-1,Hassan مغل,1956-12-17,2700,10860398,Islamabad
VEH004494,Hamza Malick,,Muhammad Ali Malik,,2200,8935355,Rawalpindi
VEH004495,زینب Mughal,38557-4413350-4,بلال Mughal,1983-01-12,1700,6501702,Islamabad
VEH004496,Hira Bhatti,,,1993-06-14,1800,6458716,Karachi
VEH004497,فیصل بٹ,93990-7582746-1,عمران Bhatti,1958-03-17,2500,9695929,Faisalabad
VEH004498,Ahmed Awan,14369-9033520-2,,1971-09-23,3800,13616825,Islamabad
VEH004499,احمد اعوان,14369-9033520-2,Muhammed Awan,,4200,16179210,Islamabad
VEH004500,Muhammad Ahmad اعوان,14369-9033520-2,Mohammed Awan,1971-09-23,4100,16151074,Islamabad
VEH004501,Muhammed عمران Sheikh,19287-3097154-9,Ali Shaykh,,4500,18019781,Karachi
VEH004502,Imran شیخ,19287-3097154-9,Ali Shaikh,1976-01-14,4500,15140200,Karachi
VEH004503,Imran شیخ,19287-3097154-9,علی Sheikh,1976-01-14,4500,18734104,Karachi
VEH004504,Imran Malik,47719-7594318-4,عمران Malik,,1100,4423624,Karachi
VEH004505,Hamza Khan,40772-1367326-9,عمران Khan,1970-10-06,2700,10326330,Rawalpindi
VEH004506,احمد Mughal,39516-3188750-0,,1980-01-16,3500,13752063,Rawalpindi
VEH004507,احمد Moghul,39516-3188750-0,Hassan Mughal,1980-01-16,3200,12860538,Rawalpindi
VEH004508,Mohammed Ahmad Mughal,,,1980-01-16,3400,11736028,Rawalpindi
VEH004509,Mohammad خان,66087-8341311-1,Mohammad Othman خان,1979-11-13,1600,5683493,Islamabad
VEH004510,محمد خان,66087-8341311-1,عثمان خان,1979-11-13,1700,6725760,Islamabad
VEH004511,حسین راجہ,16216-5649504-5,Mohammed راجہ,1978-08-07,2100,7377638,Lahore
VEH004512,Mohammad Husain راجہ,16216-5649504-5,,1978-08-07,1900,6374957,Lahore
VEH004513,Hussain بٹ,77620-5208251-5,عمران بٹ,1968-02-22,2100,7488623,Lahore
VEH004514,Imran Awan,48765-7005934-3,Ali Awan,1999-09-05,1600,6066645,Islamabad
VEH004515,Ali Malick,26299-2293396-1,Muhammed Malick,2001-06-12,1800,7311131,Islamabad
VEH004516,Hira مغل,32413-5133399-4,Ahmed Mughal,,2100,7724788,Islamabad
VEH004517,عائشہ Chaudhary,92967-9093248-1,Muhammad Usman Ch.,1960-04-28,4500,15384070,Karachi
VEH004518,Ayesha Chaudhry,92967-9093248-1,Muhammad Othman Ch.,,4500,16256579,Karachi
VEH004519,Ayesha چوہدری,92967-9093248-1,,1960-04-28,4500,17892029,Karachi
VEH004520,Ayisha Chaudhry,92967-9093248-1,Othman Choudhary,1960-04-28,4500,14831272,Karachi
VEH004521,ثناء Khan,,حسن خان,1986-07-27,4200,15081315,Karachi
VEH004522,ثناء Khan,74097-4196915-6,Hassan Khan,1986-07-27,4300,14958697,Karachi
VEH004523,محمد Raja,14921-3994458-1,Faysal راجہ,1962-03-22,900,3238711,Rawalpindi
VEH004524,Mohammad Raja,14921-3994458-1,Faysal Raja,,1000,3867046,Rawalpindi
VEH004525,حرا Bhatti,91073-7852840-8,,1965-05-18,1700,6374551,Islamabad
VEH004526,Hasan Malik,80692-6057618-8,Hamza ملک,,1200,3980899,Rawalpindi
VEH004527,Mohammed Ahmad بٹ,50491-9679404-8,Mohammad Butt,,1200,3940257,Rawalpindi
VEH004528,Muhammed احمد Bhatti,50491-9679404-8,,,1200,4686424,Rawalpindi
VEH004529,Bilal بٹ,56479-7158812-3,,1975-11-23,2300,9585247,Rawalpindi
VEH004530,Bilal بٹ,56479-7158812-3,,1975-11-23,2400,8261185,Rawalpindi
VEH004531,Usman Moghul,15927-7560543-7,,1977-02-11,1000,3479641,Karachi
VEH004532,Hamzah Chaudhry,,عثمان Chaudhry,,4500,18762111,Lahore
VEH004533,حمزہ چوہدری,87854-6428861-7,Usman Ch.,1959-03-28,4500,18581180,Lahore
VEH004534,Hamza Chaudhry,87854-6428861-7,Mohammed عثمان Chaudhary,1959-03-28,4500,18866062,Lahore
VEH004535,حمزہ Chaudhry,87854-6428861-7,Usman چوہدری,,4500,16243853,Lahore
VEH004536,Ali Khan,94715-1655758-1,Othman Khan,1981-04-08,1800,5813059,Rawalpindi
VEH004537,Usman مغل,,Faysal Moghul,1982-04-17,3900,14988077,Lahore
VEH004538,Aisha Syed,20303-8608139-5,Osman Syed,1997-05-27,1700,6364558,Faisalabad
VEH004539,عائشہ Syed,20303-8608139-5,عثمان Sayyid,1997-05-27,1200,4751527,Faisalabad
VEH004540,Osman Malik,14046-1643036-1,Mohammed Malik,2002-06-18,1000,4103236,Karachi
VEH004541,Muhammed احمد Bhatti,49222-3303427-4,Faysal Butt,1997-05-03,1200,4710844,Islamabad
VEH004542,Muhammad Malick,27990-6131212-1,فیصل ملک,1986-06-01,900,3050452,Lahore
VEH004543,Muhammad Malik,27990-6131212-1,Faysal ملک,1986-06-01,1000,3352119,Lahore
VEH004544,Fatimah چوہدری,,Husain Chaudhary,1994-09-23,1900,6365964,Faisalabad
VEH004545,Hussain قریشی,58384-6981331-9,احمد Qureshi,1975-02-16,1200,4704808,Karachi
VEH004546,Muhammed Husain قریشی,58384-6981031-9,Mohammad Ahmed قریشی,1975-02-16,1700,6518569,Karachi
VEH004547,Mohammed Husain قریشی,58384-6981031-9,Ahmad Qureshi,1975-02-16,1100,4324415,Karachi
VEH004548,Faisal Khan,32849-3433799-3,,1965-06-07,1000,3490920,Rawalpindi
VEH004549,Muhammed Ali مغل,90720-4855426-0,Mohammad Faisal Mughal,1999-10-17,1200,4617200,Islamabad
VEH004550,Muhammed حسن شیخ,37032-3810555-8,Ali Sheikh,1968-04-05,4000,15464110,Karachi
VEH004551,Mohammad Hasan Ch.,13529-8025419-3,عثمان Ch.,1991-10-21,1800,7092663,Lahore
VEH004552,Bilal اعوان,38917-2699891-7,Mohammed Usman اعوان,1957-09-04,1700,6811751,Karachi
VEH004553,Fatimah راجہ,96551-2406559-6,فیصل Raja,,700,2886626,Islamabad
VEH004554,حرا Choudhary,72404-5952923-4,Hassan Ch.,1969-09-26,800,2973278,Lahore
VEH004555,Hussain Malick,87796-4619574-9,فیصل Malik,1997-02-03,1100,3914826,Islamabad
VEH004556,Mohammed Syed,,عمران Sayyid,1973-03-17,1200,4313334,Rawalpindi
VEH004557,Hira مغل,,Ahmed Mughal,2002-01-08,1600,6701719,Islamabad
VEH004558,Hira Moghul,86144-1325701-0,Ahmad مغل,2002-01-08,1700,6793142,Islamabad
VEH004559,Muhammad Hasan Sheikh,89654-1708070-6,عمران Shaykh,1971-01-02,1600,5456678,Faisalabad
VEH004560,فاطمہ Mughal,26279-4968374-0,,1993-10-10,4500,17203425,Lahore
VEH004561,Fatema Mughal,26279-4968374-0,Hassan مغل,1993-10-10,4500,16887929,Lahore
VEH004562,Fatima Mughal,26272-4968374-0,Hassan Moghul,1993-10-10,4500,14607517,Lahore
VEH004563,فاطمہ Mughal,26279-4968374-0,Mohammed Hassan Moghul,,4500,15313927,Lahore
VEH004564,Ahmed Chaudhry,36823-6198637-2,Ali Chaudhry,1989-10-19,900,3669363,Lahore
VEH004565,Ahmad Chaudhry,36823-6198637-2,Ali چوہدری,1989-10-19,800,2616219,Lahore
VEH004566,عثمان Qureshi,38057-4269148-6,Osman Qureshi,1972-06-08,1000,3362994,Rawalpindi
VEH004567,Hasan Butt,58567-8029258-4,,1964-08-07,1000,3223023,Rawalpindi
VEH004568,Zainab Moghul,67848-3729160-7,Mohammad Bilal Moghul,1993-09-04,2100,7851604,Karachi
VEH004569,ثناء Awan,84873-7609895-7,Mohammad Hussain Awan,1997-08-28,700,2683182,Karachi
VEH004570,Mohammed احمد Syed,90393-9060044-0,بلال Sayed,2002-07-28,4200,16157337,Lahore
VEH004571,Usman Bhatti,,Faysal Bhatti,1969-08-10,2000,6623600,Islamabad
VEH004572,Ahmed Syed,48943-6172346-0,Mohammed Syed,1994-01-08,1100,3630837,Lahore
VEH004573,Bilal Choudhary,54115-6729748-6,Husain چوہدری,1966-03-13,2000,7641306,Faisalabad
VEH004574,Mohammad Hamzah Quraishi,,Muhammad فیصل Qureshi,1955-09-02,2600,10884063,Faisalabad
VEH004575,Ahmad Sayed,54560-1623332-6,Osman سید,1983-04-28,1600,6274960,Faisalabad
VEH004576,علی Chaudhry,83463-3498655-8,Hamzah Choudhary,,1300,5400959,Lahore
VEH004577,Ali Ch.,83463-3498655-8,Mohammed حمزہ چوہدری,1988-12-26,1000,3822446,Lahore
VEH004578,Aysha اعوان,,Muhammad Usman Awan,1963-10-03,1200,4623732,Faisalabad
VEH004579,Zaynab خان,40157-3415834-7,Muhammed Hamza Khan,2000-07-19,2400,7954470,Faisalabad
VEH004580,زینب خان,,,2000-07-19,2700,10706428,Faisalabad
VEH004581,زینب Khan,40157-3415834-7,Hamza Khan,2000-07-19,2600,8640413,Faisalabad
VEH004582,Hasan Malick,47621-1774054-9,عمران Malick,2002-07-26,1900,7397263,Karachi
VEH004583,Mohammed Raja,99885-9742365-6,,1983-09-26,2100,8789562,Rawalpindi
VEH004584,عمران Chaudhry,,Bilal Choudhary,2000-02-28,4500,18403534,Rawalpindi
VEH004585,عمران چوہدری,21455-7672250-0,Bilal Ch.,2000-02-28,4200,16227527,Rawalpindi
VEH004586,عمران Choudhary,21455-7672250-0,Mohammad Bilal Chaudhary,,4500,15256435,Rawalpindi
VEH004587,Imran Chaudhry,21455-7672250-0,Bilal چوہدری,2000-02-28,4500,17900865,Rawalpindi
VEH004588,Muhammad چوہدری,86963-6880923-7,Hasan Choudhary,1957-01-20,2800,11631068,Islamabad
VEH004589,Muhammed Choudhary,86963-6880923-7,Hassan Chaudhry,1957-01-20,3000,10084789,Islamabad
VEH004590,Mohammed Choudhary,86963-6880923-7,Muhammed Hassan چوہدری,1957-01-20,2900,10943790,Islamabad
VEH004591,علی Bhatti,49222-4222681-1,احمد Butt,1974-06-01,4500,16399760,Faisalabad
VEH004592,Faysal Raja,65081-9854497-4,عمران Raja,1955-12-17,1300,5216972,Rawalpindi
VEH004593,ثناء Raja,,حمزہ Raja,1963-11-12,900,3556299,Lahore
VEH004594,Hasan Khan,49724-8468644-1,Bilal Khan,1968-05-09,1200,4813603,Islamabad
VEH004595,Bilal Raja,87442-7275883-5,Ali Raja,1991-10-04,1000,3290702,Faisalabad
VEH004596,Mohammed Faysal Malik,73006-1700301-8,حسن Malick,1964-04-18,1300,4899178,Rawalpindi
VEH004597,Hamza Butt,65012-9493297-8,Muhammed Faisal Bhatti,1982-09-06,700,2476479,Faisalabad
VEH004598,Hamza Butt,65012-9493297-8,Muhammad Faisal Butt,1982-09-06,800,3231742,Faisalabad
VEH004599,Sana Sayed,54158-6605104-0,Bilal Sayyid,1985-03-17,2500,8665562,Lahore
VEH004600,Muhammad عثمان Sheikh,87772-2373862-9,فیصل Shaikh,1988-07-05,4500,17934863,Lahore
VEH004601,عثمان Sheikh,87772-2373862-9,,1988-07-05,4500,16275837,Lahore
VEH004602,Marium Malick,,Hassan Malick,1997-11-20,1600,5484998,Faisalabad
VEH004603,عائشہ Awan,10581-6301431-3,Faisal اعوان,1971-08-15,4100,13377014,Lahore
VEH004604,Aysha Awan,10581-6301431-3,Faysal Awan,1971-08-15,4000,15322909,Lahore
VEH004605,Maryam Malick,34587-7241863-7,حسن Malick,1999-01-07,2900,11467427,Karachi
VEH004606,Maryam Malick,34587-7251863-7,,1999-01-07,2900,10292644,Karachi
VEH004607,مریم Malik,34587-7251863-7,Hasan Malik,,3100,10591699,Karachi
VEH004608,Bilal چوہدری,88682-4798728-8,Hussein چوہدری,1999-06-15,1300,4531125,Lahore
VEH004609,Bilal Choudhary,,Muhammed Hussein Choudhary,,1200,4071545,Lahore
VEH004610,Mohammad Hassan شیخ,46350-9247344-1,Mohammed احمد Shaykh,1989-06-13,1000,3955825,Rawalpindi
VEH004611,Zainab Syed,52293-2714755-6,Ahmad Sayed,1963-12-25,3100,10941650,Rawalpindi
VEH004612,حرا ملک,27803-7589582-3,Hassan Malik,1993-04-02,700,2710431,Karachi
VEH004613,حرا Quraishi,,Hasan Quraishi,1955-01-19,900,2970279,Faisalabad
VEH004614,حرا Raja,20588-5464823-9,Muhammed Raja,1999-09-18,4500,18825202,Faisalabad
VEH004615,حرا Raja,20588-5464823-9,Muhammed Raja,1999-09-18,4500,18072266,Faisalabad
VEH004616,Hira راجہ,20588-5464823-9,Muhammed راجہ,1999-09-18,4500,15016363,Faisalabad
VEH004617,Hira راجہ,20588-5464823-9,Mohammad راجہ,1999-09-18,4500,15677813,Faisalabad
VEH004618,احمد شیخ,92246-1210450-8,Muhammad Ali Shaikh,1998-08-07,1500,6294883,Karachi
VEH004619,Ahmed Shaykh,92246-1210456-8,Mohammed Ali Sheikh,1998-08-07,1700,5992654,Karachi
VEH004620,عمران Sheikh,95490-6330230-0,Hussain Shaikh,1973-07-11,2500,8610722,Lahore
VEH004621,Imran Bhatti,46782-5868078-1,بلال Bhatti,1988-07-01,1200,4893740,Faisalabad
VEH004622,فاطمہ Butt,,Hasan Butt,1957-09-07,1600,5691655,Faisalabad
VEH004623,Faisal Khan,18581-6333403-4,علی Khan,1965-02-18,4500,15722534,Karachi
VEH004624,Mohammed فیصل Khan,18581-6333403-4,علی Khan,1965-02-18,4400,17624332,Karachi
VEH004625,Ahmed Khan,84623-1794555-2,Usman خان,1986-04-23,1400,5722493,Rawalpindi
VEH004626,حرا اعوان,,محمد Awan,1994-06-07,800,2905920,Lahore
VEH004627,Husain Malick,58219-4870881-3,بلال ملک,1956-03-18,3400,13718207,Islamabad
VEH004628,Husain ملک,58219-4870881-3,بلال Malick,1956-03-18,3200,11360553,Islamabad
VEH004629,Hussain Malick,58219-4870881-3,,1956-03-18,3400,12902680,Islamabad
VEH004630,مریم Quraishi,36090-7266942-9,Husain قریشی,1973-07-27,1400,5659430,Rawalpindi
VEH004631,Mariam Qureshi,36090-7266942-9,Husain Quraishi,1973-07-27,1400,5625788,Rawalpindi
VEH004632,Hassan Qureshi,65821-3619469-0,Muhammad بلال Qureshi,1981-06-05,900,3648496,Rawalpindi
VEH004633,حسن Quraishi,65821-3619469-0,Bilal Quraishi,1981-06-05,700,2825274,Rawalpindi
VEH004634,عثمان Awan,71362-7425576-6,Imran Awan,1958-01-26,3500,13460132,Faisalabad
VEH004635,Othman Awan,71362-7425576-6,Imran اعوان,1958-01-26,3800,12545653,Faisalabad
VEH004636,علی اعوان,41342-8803535-2,Bilal Awan,2003-06-03,1600,6696675,Lahore
VEH004637,Ali Awan,41342-8803535-2,Muhammed بلال اعوان,2003-06-03,1900,7592605,Lahore
VEH004638,Imran قریشی,58968-3188450-3,Husain Quraishi,1995-01-06,1800,6019417,Rawalpindi
VEH004639,بلال بٹ,91882-8369561-7,Mohammed فیصل Bhatti,1973-05-27,1100,3892453,Lahore
VEH004640,Ahmed Moghul,72827-8767305-1,محمد Mughal,1988-07-13,800,2797440,Karachi
VEH004641,Mohammed Ahmed Moghul,72827-8767505-1,Muhammed Mughal,1988-07-13,700,2894127,Karachi
VEH004642,حمزہ Moghul,17220-3141739-8,Hassan Moghul,1992-03-15,1300,5066057,Lahore
VEH004643,Sana Moghul,71866-9625471-6,Faysal Mughal,1955-11-07,1100,3727591,Islamabad
VEH004644,Ahmed Sheikh,90730-2711056-6,Mohammad Hamza شیخ,,1900,6153064,Faisalabad
VEH004645,Muhammed Ali Awan,58536-4969516-8,,1968-05-25,1100,3582550,Karachi
VEH004646,Ali Awan,58536-4669516-8,Muhammad Imran اعوان,1968-05-25,1100,4619639,Karachi
VEH004647,حرا اعوان,,Othman اعوان,2003-07-16,1500,6088687,Faisalabad
VEH004648,Hira اعوان,89706-5555138-1,,2003-07-16,1700,5708878,Faisalabad
VEH004649,Muhammed Hussein Ch.,50605-4551713-6,,1976-03-07,2500,10255949,Rawalpindi
VEH004650,Hamzah اعوان,77339-8820983-1,Muhammed Bilal اعوان,1997-04-10,1100,4145941,Lahore
VEH004651,محمد Malick,76811-5857193-3,,1960-02-06,1300,4999941,Karachi
VEH004652,ثناء Awan,54205-3900554-7,Bilal Awan,1997-10-14,4500,18765628,Islamabad
VEH004653,ثناء اعوان,,,,4500,14469468,Islamabad
VEH004654,Mohammed Ali Raja,74008-8308399-6,حسن راجہ,1983-09-18,1100,4079175,Lahore
VEH004655,Mohammed عمران Sheikh,96150-5843943-0,Mohammed Ali Shaikh,,1700,6040001,Karachi
VEH004656,Faisal Khan,71007-4940255-1,حسن Khan,1967-02-22,1000,3921489,Faisalabad
VEH004657,محمد اعوان,95584-5089942-6,Muhammad Bilal اعوان,1993-01-05,2400,9401939,Faisalabad
VEH004658,Bilal قریشی,27972-9733666-0,بلال Qureshi,1999-06-04,1000,3432783,Karachi
VEH004659,علی Moghul,10103-8207381-5,Hassan Moghul,1996-07-13,900,3433712,Lahore
VEH004660,Zainab Sayyid,26418-7521763-6,Mohammad Hassan سید,1956-06-19,1100,3560505,Islamabad
VEH004661,حرا راجہ,59514-9496208-6,Mohammed بلال Raja,,2500,9158661,Karachi
VEH004662,حرا Raja,,Muhammed بلال Raja,2003-01-20,2500,9892310,Karachi
VEH004663,حرا راجہ,59514-9496208-6,Bilal Raja,2003-01-20,2800,10914733,Karachi
VEH004664,محمد Awan,64945-4520224-8,Muhammad بلال Awan,2001-03-08,2600,10570788,Islamabad
VEH004665,Mohammad Awan,64945-4520224-8,بلال Awan,2001-03-08,2700,10976959,Islamabad
VEH004666,محمد اعوان,64945-4520224-8,بلال Awan,2001-03-08,2400,7747514,Islamabad
VEH004667,Fatema Bhatti,95291-9360963-4,Faisal Bhatti,1984-05-17,2600,10813789,Karachi
VEH004668,Muhammed Sayyid,83493-3988926-4,Hamzah Sayed,1997-10-26,3300,12078171,Karachi
VEH004669,Muhammad Syed,,حمزہ سید,1997-10-26,3300,11685697,Karachi
VEH004670,Muhammed Syed,83493-3988926-4,Muhammad Hamza سید,1997-10-26,3200,12596263,Karachi
VEH004671,Hamza ملک,75307-1249232-2,Faisal Malik,1985-03-16,3200,10482388,Rawalpindi
VEH004672,فیصل Butt,,Faisal Butt,2002-08-06,2200,7947640,Islamabad
VEH004673,Ali چوہدری,36509-3593080-5,Mohammed بلال Choudhary,1976-09-09,1100,3849339,Faisalabad
VEH004674,Othman Mughal,18349-6869033-8,Mohammad Mughal,1987-05-19,4400,14218299,Karachi
VEH004675,Osman Moghul,12349-6869033-8,Muhammed Mughal,1987-05-19,4100,14596658,Karachi
VEH004676,Mohammed Othman مغل,18349-6869033-8,Muhammad Mughal,1987-05-19,4100,13857012,Karachi
VEH004677,Mohammad Othman Mughal,18349-6869043-8,Muhammad مغل,1987-05-19,4100,16141959,Karachi
VEH004678,حمزہ Sayyid,73351-4779772-8,Muhammed حمزہ Syed,1963-05-18,1200,4617484,Rawalpindi
VEH004679,Muhammed Usman مغل,24684-7854341-9,,1969-08-12,2600,8759820,Lahore
VEH004680,Muhammed Hamza خان,92463-4223666-1,,1966-07-23,1200,4957419,Lahore
VEH004681,Hamzah خان,,,1966-07-23,1500,5121803,Lahore
VEH004682,Hamzah Khan,62463-4223656-1,فیصل Khan,1966-07-23,1300,5091979,Lahore
VEH004683,Imran Moghul,21652-8628624-4,Muhammed Hussein مغل,1994-05-12,2800,11437419,Faisalabad
VEH004684,Maryam چوہدری,22724-2797610-2,Mohammad Ahmed چوہدری,1991-07-03,1600,5784973,Faisalabad
VEH004685,Mohammed خان,28017-4109157-7,Muhammad Ahmad Khan,1989-03-05,3600,14213167,Karachi
VEH004686,Othman خان,43183-5615859-2,Husain خان,1967-09-08,2200,8087507,Islamabad
VEH004687,بلال Malik,53540-6809518-4,Mohammed فیصل Malick,1982-10-23,1000,3559494,Faisalabad
VEH004688,عمران Khan,94625-1733421-8,Hussain خان,1982-02-15,3200,10770055,Lahore
VEH004689,Imran خان,94625-1733421-8,,1982-02-15,3200,11957417,Lahore
VEH004690,عمران Khan,,عمران Khan,1997-07-11,1800,6183443,Karachi
VEH004691,حرا Sayed,95607-6731429-7,,1961-09-09,1300,4904188,Rawalpindi
VEH004692,Hassan راجہ,90828-1385301-0,Mohammad Bilal راجہ,,4500,15996846,Karachi
VEH004693,Hasan Raja,90828-1385301-0,Mohammed Bilal Raja,,4500,15274818,Karachi
VEH004694,حسن Raja,,Bilal Raja,1980-07-08,4500,14668571,Karachi
VEH004695,Muhammed Hasan Raja,90828-1386301-0,بلال راجہ,1980-07-08,4500,16813254,Karachi
VEH004696,Mariam Moghul,28542-1191804-5,عمران Mughal,1977-10-06,2100,8549632,Islamabad
VEH004697,مریم مغل,28542-1191804-5,,1977-10-06,1800,6103402,Islamabad
VEH004698,Ahmed Malik,13800-9656166-8,Muhammad بلال Malik,1996-03-25,3300,11224000,Karachi
VEH004699,Mariam ملک,11379-2271714-2,Muhammed Hussein ملک,1987-05-28,1900,6164127,Faisalabad
VEH004700,حمزہ سید,35619-4208279-6,Faisal Syed,1968-10-01,2200,9032379,Islamabad
VEH004701,احمد خان,70218-4896702-3,Imran خان,,1700,5644927,Islamabad
VEH004702,Aysha Quraishi,48607-4255298-5,,1978-07-11,2500,8184184,Islamabad
VEH004703,Mohammed Hussain Malik,57775-8183483-7,حسن Malik,1990-06-28,1300,5153209,Faisalabad
VEH004704,احمد Khan,,Hamza Khan,1997-06-07,700,2316658,Islamabad
VEH004705,Muhammed عمران اعوان,71114-6182008-4,Mohammad Hasan Awan,1980-04-06,1800,7279132,Islamabad
VEH004706,Mohammad Chaudhry,61968-8591839-7,Imran Chaudhry,2000-02-16,2200,8146729,Lahore
VEH004707,Mohammad Ch.,61968-8531839-7,Muhammed عمران Chaudhary,2000-02-16,2400,7726575,Lahore
VEH004708,Maryam Awan,29845-7378008-5,,1984-10-17,2600,9529181,Faisalabad
VEH004709,Mariam Awan,29845-7378008-5,Faisal اعوان,1984-10-17,2400,9232650,Faisalabad
VEH004710,Marium Awan,29845-7377008-5,Faysal Awan,1984-10-17,2600,8980858,Faisalabad
VEH004711,Fatima خان,22819-2890835-1,Mohammad Hussain خان,1966-04-02,1100,4314384,Karachi
VEH004712,Sana مغل,,Muhammad Mughal,1961-08-24,1400,4698671,Rawalpindi
VEH004713,عمران خان,51209-6692559-4,Husain خان,,1300,4531698,Faisalabad
VEH004714,Ali Butt,,,1973-09-12,2300,9315096,Lahore
VEH004715,Ahmed راجہ,32199-5691605-9,Hasan راجہ,1972-08-08,2300,7804883,Islamabad
VEH004716,Muhammad Imran خان,92848-6143147-2,عثمان خان,1990-08-28,1200,4312572,Rawalpindi
VEH004717,Mohammed Imran Shaikh,57504-4811313-7,Muhammed Ali Sheikh,1972-03-02,2200,9065468,Islamabad
VEH004718,فیصل Malik,50562-4212614-4,فیصل ملک,2001-07-15,1500,5717960,Rawalpindi
VEH004719,Zaynab Malik,27653-9558933-7,Muhammad ملک,1971-09-11,1400,5676879,Faisalabad
VEH004720,زینب Malick,27653-9558933-7,Mohammad Malick,1971-09-11,1800,7177375,Faisalabad
VEH004721,Hira بٹ,91900-8516489-9,Ahmed Butt,1980-12-04,1800,6285675,Faisalabad
VEH004722,Mohammed علی اعوان,11956-1843854-1,Osman Awan,1986-04-24,1100,3998908,Rawalpindi
VEH004723,Ahmed مغل,43587-4522916-7,Othman Moghul,1985-05-14,1200,4065424,Karachi
VEH004724,Hamza Ch.,18248-6144263-4,Ali چوہدری,1959-01-06,1400,4888295,Karachi
VEH004725,حسین خان,82742-4496417-8,Ahmed Khan,1998-04-11,1600,5934388,Rawalpindi
VEH004726,بلال Mughal,87660-2675280-0,,1993-03-22,2800,10013245,Rawalpindi
VEH004727,عمران Moghul,76549-3714390-5,Ahmed Mughal,1985-12-10,2900,10435174,Rawalpindi
VEH004728,عثمان قریشی,56806-4208438-4,Bilal Qureshi,1955-06-18,4000,13541770,Faisalabad
VEH004729,Muhammad Osman Qureshi,56806-4208438-4,Muhammad Bilal قریشی,,3900,12749330,Faisalabad
VEH004730,Othman Qureshi,56806-4208438-4,,,3800,13323516,Faisalabad
VEH004731,احمد Mughal,39082-7912453-1,Hassan مغل,1986-08-11,800,2756902,Islamabad
VEH004732,Mohammed فیصل ملک,42723-7367501-8,Osman Malik,1990-07-22,3700,14621114,Lahore
VEH004733,فیصل ملک,42723-7367501-8,Osman Malik,,3800,13348681,Lahore
VEH004734,Ahmed Malik,89182-4662083-9,علی ملک,2000-11-02,2400,9771274,Islamabad
VEH004735,Mohammed Ahmad Malick,89182-4662083-9,Mohammed علی ملک,2000-11-02,2300,7418950,Islamabad
VEH004736,Muhammed Ahmad Bhatti,83122-4176926-0,Muhammed حسن Bhatti,1989-07-02,1000,3505876,Islamabad
VEH004737,Osman Malik,25360-3204008-1,Imran ملک,1972-01-16,1600,5953115,Lahore
VEH004738,Mohammed Husain Moghul,81733-3967013-4,Muhammed Hasan Mughal,1967-07-27,3400,11676009,Karachi
VEH004739,Marium Awan,87902-8565802-6,Hussain اعوان,1973-04-08,2600,9267471,Faisalabad
VEH004740,Hira Malick,72900-2033129-3,Mohammad Ahmed Malik,1963-09-14,4200,14477573,Islamabad
VEH004741,حرا Malik,72900-2033129-3,Ahmed Malik,1963-09-14,4400,16580922,Islamabad
VEH004742,Hira ملک,45030-8852413-6,علی Malick,1963-03-03,1800,7241060,Faisalabad
VEH004743,Muhammad علی اعوان,83722-6605094-5,Ahmad Awan,1982-09-22,1000,3286965,Rawalpindi
VEH004744,احمد Raja,46786-7000176-6,Husain Raja,1995-09-23,1500,5146586,Islamabad
VEH004745,حرا Sayyid,55321-7988274-4,Mohammed Sayed,1975-09-16,1800,6572651,Karachi
VEH004746,Hassan Awan,,Mohammad Hussein Awan,1995-01-25,1900,7431585,Lahore
VEH004747,Hasan اعوان,81226-9212319-2,Mohammed Hussein Awan,1995-01-25,2000,6842179,Lahore
VEH004748,حسن اعوان,81226-9212319-2,Hussein Awan,1995-01-25,1900,7839074,Lahore
VEH004749,Ali Butt,43691-1100701-5,Mohammed Bhatti,1999-05-19,2300,9608015,Lahore
VEH004750,Ali Butt,43691-1100701-5,Mohammed Butt,,2300,7969191,Lahore
VEH004751,Fatema Shaykh,84281-4147258-4,Muhammed Imran Shaikh,1985-06-12,1400,5036253,Rawalpindi
VEH004752,Husain راجہ,46058-8487780-9,Faysal Raja,1969-02-18,1800,5947929,Lahore
VEH004753,زینب Bhatti,68745-1939805-6,,1990-04-13,1000,3810124,Lahore
VEH004754,Bilal مغل,,,1970-12-02,3100,11290353,Rawalpindi
VEH004755,Mohammed بلال Mughal,85352-3113386-8,,1970-12-02,3500,13604958,Rawalpindi
VEH004756,Bilal Moghul,85352-3113386-8,Bilal مغل,1970-12-02,3400,11383416,Rawalpindi
VEH004757,بلال Moghul,85350-3113386-8,,1970-12-02,3200,13144301,Rawalpindi
VEH004758,Hira سید,43124-1753489-6,Mohammed Hussein Syed,1979-03-15,900,3720477,Karachi
VEH004759,علی Moghul,54017-3555994-9,بلال Moghul,1971-09-22,1800,7459438,Rawalpindi
VEH004760,فیصل راجہ,92035-7846791-1,Mohammed Ahmad راجہ,1968-10-12,800,2823829,Faisalabad
VEH004761,Othman Bhatti,96491-4098023-5,عثمان Bhatti,2000-09-02,2800,9881622,Karachi
VEH004762,عثمان Bhatti,96491-4098023-5,,,2700,10558916,Karachi
VEH004763,عثمان Bhatti,96491-4098023-5,,2000-09-02,2900,10450613,Karachi
VEH004764,حمزہ راجہ,,عمران راجہ,1984-04-14,1000,4038754,Rawalpindi
VEH004765,Mohammad Choudhary,56747-4949241-9,Faisal Ch.,1975-03-11,1100,3978681,Islamabad
VEH004766,علی Shaikh,20989-6847131-5,احمد Sheikh,1975-02-11,3900,12982200,Islamabad
VEH004767,Zainab شیخ,28911-1192107-4,Ali Sheikh,1973-01-17,1200,4246766,Rawalpindi
VEH004768,Ayesha Mughal,,Hassan مغل,1968-11-16,1300,4742931,Faisalabad
VEH004769,Bilal Ch.,46795-8824629-6,حمزہ Chaudhary,1967-01-02,1000,3695644,Lahore
VEH004770,Ahmad مغل,,Usman مغل,1972-04-17,1700,6314810,Karachi
VEH004771,Bilal Choudhary,33832-4870538-7,بلال Chaudhry,1968-05-11,4500,17205051,Lahore
VEH004772,Bilal چوہدری,33832-4870538-7,,,4500,18192464,Lahore
VEH004773,Muhammad Bilal Chaudhary,33832-4870538-7,بلال Choudhary,1968-05-11,4500,15212114,Lahore
VEH004774,Mohammed بلال Chaudhry,,,1968-05-11,4500,17738003,Lahore
VEH004775,مریم Sayed,84221-7832393-5,Hussain Sayyid,1977-12-24,2200,7635573,Rawalpindi
VEH004776,Muhammad Osman بٹ,54254-2163194-7,Bilal Bhatti,1974-03-10,1200,3953518,Islamabad
VEH004777,Imran Khan,78103-3659063-0,Bilal Khan,1973-07-01,2400,8411841,Lahore
VEH004778,Imran خان,78103-3659063-0,,1973-07-01,2200,7144186,Lahore
VEH004779,عمران Khan,78103-3659063-0,Bilal خان,1973-07-01,2300,9268322,Lahore
VEH004780,Mohammed Imran Khan,78103-3659063-0,Bilal خان,1973-07-01,2300,9578815,Lahore
VEH004781,Faisal راجہ,,فیصل Raja,,2200,8715707,Karachi
VEH004782,Aisha Khan,28298-7036162-1,عمران خان,1987-07-21,2100,8324889,Islamabad
VEH004783,ثناء Khan,68776-4725898-0,حمزہ Khan,2002-08-16,1200,4034989,Islamabad
VEH004784,فاطمہ ملک,33065-4301824-8,Ahmad Malick,1980-06-03,2700,9578388,Lahore
VEH004785,Fatema Malick,33065-4301824-8,احمد ملک,1980-06-03,2500,10103514,Lahore
VEH004786,Hassan شیخ,30898-3562618-8,Hussain Shaykh,1955-07-10,800,3073569,Faisalabad
VEH004787,عمران Awan,89558-9157978-0,عمران اعوان,1983-05-25,4500,14987946,Faisalabad
VEH004788,عمران Awan,89558-9157978-0,عمران Awan,1983-05-25,4500,16529875,Faisalabad
VEH004789,Imran Awan,89558-9157978-0,عمران اعوان,1983-05-25,4500,14827357,Faisalabad
VEH004790,Muhammed Moghul,24253-5503817-3,Muhammad Usman Mughal,1979-11-21,1300,4680180,Karachi
VEH004791,عمران Shaikh,95810-2188789-1,Muhammed Ahmad Shaykh,,3100,12456162,Lahore
VEH004792,Sana Qureshi,72819-2308856-6,Hassan Qureshi,1974-05-16,1100,4410218,Rawalpindi
VEH004793,Hassan Awan,45475-9347139-1,Mohammed Hasan اعوان,1959-05-27,1500,5497399,Karachi
VEH004794,Hassan اعوان,,Hasan اعوان,1959-05-27,1500,5495550,Karachi
VEH004795,زینب ملک,74904-6166674-5,Muhammed Malick,1961-11-27,2200,7162857,Islamabad
VEH004796,زینب ملک,74904-6166674-5,Mohammed Malick,1961-11-27,2200,8132103,Islamabad
VEH004797,Usman Moghul,42468-2205917-8,Osman Moghul,1985-12-03,1100,4495002,Islamabad
VEH004798,فیصل Awan,20933-1362556-8,Faysal اعوان,1999-12-16,1600,5379310,Rawalpindi
VEH004799,Faysal اعوان,10933-1362556-8,Faysal اعوان,1999-12-16,1700,5518140,Rawalpindi
VEH004800,Faisal Khan,68312-3063855-8,,1999-08-08,1100,3999050,Islamabad
VEH004801,احمد راجہ,12368-9766292-1,,1972-09-16,1300,4931559,Faisalabad
VEH004802,Ahmed راجہ,12368-9766292-1,Bilal راجہ,,1200,5027767,Faisalabad
VEH004803,Mohammad فیصل Sheikh,34855-9481033-2,Mohammad Faysal Sheikh,,4500,15266512,Karachi
VEH004804,محمد Awan,38239-2973108-4,Othman Awan,1971-12-25,2400,7997942,Islamabad
VEH004805,Muhammad اعوان,38239-2973108-4,Usman اعوان,1971-12-25,2700,10347953,Islamabad
VEH004806,محمد اعوان,38239-2973108-4,عثمان اعوان,1971-12-25,2500,8881069,Islamabad
VEH004807,Mohammad اعوان,38239-2943108-4,Usman اعوان,1971-12-25,2700,8818959,Islamabad
VEH004808,زینب Chaudhary,,بلال Choudhary,1961-02-25,2300,7949996,Islamabad
VEH004809,زینب Ch.,,Bilal Chaudhry,1961-02-25,2200,7894246,Islamabad
VEH004810,Zainab Chaudhary,62517-3588410-9,Muhammad بلال چوہدری,1961-02-25,2400,8846997,Islamabad
VEH004811,Zainab Chaudhry,62517-3588410-9,,1961-02-25,2300,9571692,Islamabad
VEH004812,Hassan Chaudhary,42295-2097976-2,Husain Chaudhary,1981-12-16,1800,6742898,Faisalabad
VEH004813,عثمان Malick,87675-6544758-2,,1985-09-26,2500,8408444,Islamabad
VEH004814,Osman ملک,87675-6544758-2,Mohammad Hamzah Malick,1985-09-26,2000,7541871,Islamabad
VEH004815,حسن Shaikh,80303-1650831-8,بلال Shaikh,,4300,16782979,Rawalpindi
VEH004816,حسن Sheikh,,بلال شیخ,1980-04-23,4100,14450620,Rawalpindi
VEH004817,حسن Shaykh,88303-1650801-8,Bilal Shaykh,1980-04-23,4100,15866498,Rawalpindi
VEH004818,عائشہ Awan,69519-5832683-6,بلال اعوان,1965-12-25,2100,7970697,Rawalpindi
VEH004819,Aysha Awan,69519-5832683-6,بلال Awan,1965-12-25,2100,7727798,Rawalpindi
VEH004820,حرا Syed,25159-6858319-6,Usman Syed,1987-09-13,1600,6046424,Faisalabad
VEH004821,Hira Sayed,25159-6858319-6,Mohammad Osman Sayyid,1987-09-13,1600,5472520,Faisalabad
VEH004822,Muhammad Hamza Bhatti,82413-2277785-8,محمد Bhatti,1971-12-02,4500,16361172,Lahore
VEH004823,Muhammed Hamzah Bhatti,82413-2277785-8,Mohammed Bhatti,1971-12-02,4500,16789333,Lahore
VEH004824,Hamzah Bhatti,82413-2277785-8,محمد Butt,1971-12-02,4500,16759442,Lahore
VEH004825,حمزہ Butt,82413-2277785-8,Mohammad Bhatti,1971-12-02,4500,14785329,Lahore
VEH004826,Fatema Mughal,53468-4720253-2,علی Moghul,,1700,6754515,Islamabad
VEH004827,Muhammad احمد Quraishi,63942-2588544-7,Othman Qureshi,1991-07-07,2300,8154778,Karachi
VEH004828,Mohammad علی Awan,93270-7277372-1,حسین Awan,2001-12-05,900,3205140,Lahore
VEH004829,Marium مغل,19505-8479934-0,Mohammad Mughal,1997-01-04,4200,15927176,Islamabad
VEH004830,Bilal راجہ,,,1968-11-15,3800,15844852,Faisalabad
VEH004831,Muhammad Imran ملک,12513-4109137-6,,1964-12-12,1100,4392701,Islamabad
VEH004832,ثناء خان,35990-5443257-4,,1998-01-21,3100,10839678,Rawalpindi
VEH004833,ثناء خان,35990-5743257-4,Imran خان,,2800,10025546,Rawalpindi
VEH004834,Mohammed فیصل Butt,47613-4283455-1,Mohammad Usman Butt,1966-01-27,2300,7395200,Rawalpindi
VEH004835,Othman راجہ,87358-3358392-5,Ahmed راجہ,1981-12-28,1400,5394235,Karachi
VEH004836,Osman راجہ,87358-3358392-5,Ahmed Raja,1981-12-28,1500,4945348,Karachi
VEH004837,مریم Shaikh,62284-5619753-1,محمد Sheikh,1958-02-05,1000,3457271,Rawalpindi
VEH004838,Faysal شیخ,92424-4917014-1,Mohammad Sheikh,1987-04-23,900,3563774,Karachi
VEH004839,فاطمہ Sayyid,71087-9459872-8,Muhammad Ali سید,1993-04-22,4500,17483352,Lahore
VEH004840,Fatima سید,71087-9459872-8,Ali سید,1993-04-22,4500,15359225,Lahore
VEH004841,Fatimah Sayyid,,,1993-04-22,4500,16215763,Lahore
VEH004842,Fatima Syed,71087-9459872-8,Mohammad Ali Syed,1993-04-22,4500,14713159,Lahore
VEH004843,Mohammad Hussein مغل,27744-6898937-2,Ali Moghul,1988-01-08,1600,5800434,Karachi
VEH004844,حرا ملک,,Muhammad عمران Malik,1986-11-26,4500,16347876,Lahore
VEH004845,حرا Malik,49555-9108386-7,Mohammad Imran Malick,1986-11-26,4500,15463963,Lahore
VEH004846,Hira Malik,,,1986-11-26,4500,17412306,Lahore
VEH004847,Hira Malik,49555-9108386-7,عمران Malik,1986-11-26,4500,17280316,Lahore
VEH004848,Bilal قریشی,57052-3240610-8,Muhammad Hussein قریشی,1970-01-10,2500,8883814,Islamabad
VEH004849,Bilal Quraishi,56052-3240610-8,Hussain Qureshi,1970-01-10,2400,10047653,Islamabad
VEH004850,Sana Raja,,محمد راجہ,,700,2482194,Rawalpindi
VEH004851,Muhammad Othman Mughal,40054-8499179-4,Ahmed Moghul,1999-02-22,1000,3977205,Rawalpindi
VEH004852,فیصل Moghul,45692-2507685-2,Husain مغل,1992-06-13,4500,15368367,Faisalabad
VEH004853,Faysal مغل,45692-2507685-2,Husain مغل,1992-06-13,4500,15859847,Faisalabad
VEH004854,Mohammad فیصل Mughal,45692-2507685-2,Husain Mughal,1992-06-13,4500,14632278,Faisalabad
VEH004855,فیصل مغل,45692-2507685-2,حسین مغل,1992-06-13,4500,17062307,Faisalabad
VEH004856,حمزہ مغل,85001-1721735-3,علی Moghul,2002-09-22,1800,6978722,Lahore
VEH004857,Aysha Raja,14362-7374461-7,Ahmed Raja,1972-09-28,1700,7067013,Islamabad
VEH004858,Mohammad سید,31090-9605284-8,فیصل Sayyid,1997-02-14,1800,6181644,Lahore
VEH004859,Muhammad Sayyid,31090-9605284-8,Mohammad Faysal Sayed,1997-02-14,1800,6693556,Lahore
VEH004860,Mohammed Ali مغل,62064-6293901-8,عثمان مغل,1961-04-16,4500,14527640,Faisalabad
VEH004861,Osman Moghul,30401-9140375-4,Mohammed Bilal Mughal,1997-12-14,1000,3977197,Faisalabad
VEH004862,Sana قریشی,68504-8006376-0,Othman Qureshi,1987-08-18,1700,6947609,Islamabad
VEH004863,Fatimah مغل,89180-7552808-4,,1987-03-04,1800,6334799,Karachi
VEH004864,Aysha Qureshi,56456-9462383-1,Husain Qureshi,1997-08-19,1300,4691571,Karachi
VEH004865,Hussein خان,42571-8379028-3,,1979-01-18,1300,4660320,Faisalabad
VEH004866,Mohammed Shaykh,59791-6639837-8,Mohammed شیخ,1955-01-21,1900,7086586,Rawalpindi
VEH004867,ثناء Mughal,73289-9273344-7,Muhammad مغل,1974-03-12,1300,5388716,Lahore
VEH004868,Hasan Chaudhary,86561-9959993-0,,,1100,4216919,Faisalabad
VEH004869,Mohammed Ahmed Quraishi,91704-9396749-7,Muhammed قریشی,,1300,5286707,Faisalabad
VEH004870,Ahmed قریشی,91704-9396749-7,,1972-07-05,1500,5830443,Faisalabad
VEH004871,Mohammad Hassan Sayyid,38704-1763563-1,Mohammad Ahmad Syed,2001-12-14,1100,3523616,Faisalabad
VEH004872,Mohammad Ahmad ملک,87213-3854679-1,Imran Malick,1970-02-23,900,3009994,Faisalabad
VEH004873,Ahmed Malick,87213-3854679-1,Muhammad Imran ملک,1970-02-23,900,3448348,Faisalabad
VEH004874,Maryam Shaikh,86124-6784521-0,Mohammed حسن Sheikh,,2400,8046786,Rawalpindi
VEH004875,مریم Shaykh,86124-6784521-0,حسن Shaikh,1975-06-17,2300,7808314,Rawalpindi
VEH004876,Maryam Mughal,50100-4079326-2,Mohammed Moghul,1965-05-09,2600,10528788,Rawalpindi
VEH004877,Marium Moghul,50100-4079326-2,,1965-05-09,2400,7896433,Rawalpindi
VEH004878,Maryam Mughal,50100-4079326-2,Mohammed مغل,1965-05-09,2200,9008506,Rawalpindi
VEH004879,Maryam Mughal,50100-4079326-2,Mohammad مغل,1965-05-09,2100,8704384,Rawalpindi
VEH004880,علی Ch.,,,1971-11-04,3900,14252480,Rawalpindi
VEH004881,Muhammad Ali Ch.,27059-5514220-0,Mohammed علی چوہدری,1971-11-04,4100,13185450,Rawalpindi
VEH004882,Ali Choudhary,27059-5514220-0,Ali Ch.,1971-11-04,3900,14907131,Rawalpindi
VEH004883,Mohammad Imran Bhatti,92453-4098236-6,Hussain بٹ,1956-06-27,2300,8641228,Lahore
VEH004884,Mohammed احمد Moghul,58031-7009254-2,Ahmad مغل,1973-07-05,3200,12007187,Karachi
VEH004885,Muhammed Mughal,24192-7465763-9,Ali مغل,1959-08-16,3000,10876979,Islamabad
VEH004886,Muhammed Mughal,24192-7465763-9,علی Mughal,1959-08-16,3300,13432450,Islamabad
VEH004887,Mohammed مغل,24192-7465763-9,علی Moghul,,3400,12515896,Islamabad
VEH004888,Marium Malik,88961-4972020-0,Muhammad Malik,1979-02-21,1600,6270501,Rawalpindi
VEH004889,Hussein بٹ,,Hassan بٹ,,2500,9001025,Islamabad
VEH004890,Muhammad Hamzah Quraishi,21437-9591896-6,عثمان قریشی,1979-02-09,700,2488673,Faisalabad
VEH004891,Usman اعوان,87071-8353738-8,Muhammad حسن Awan,1995-05-03,1300,5097561,Rawalpindi
VEH004892,عثمان Awan,87071-8353738-8,Hassan Awan,1995-05-03,1200,4826868,Rawalpindi
VEH004893,عمران چوہدری,72521-4556785-0,حمزہ Ch.,1961-02-02,3700,14394997,Islamabad
VEH004894,Imran چوہدری,72521-4556785-0,Muhammad Hamza Chaudhry,1961-02-02,4000,12931250,Islamabad
VEH004895,حرا Sheikh,15232-5273545-6,Usman Shaykh,1983-09-09,1700,6221399,Karachi
VEH004896,حرا Shaikh,15232-5273545-6,عثمان شیخ,1983-09-09,1500,5900253,Karachi
VEH004897,حرا شیخ,15232-5273545-6,Osman Shaikh,,1800,7253017,Karachi
VEH004898,Fatema اعوان,18350-3274683-4,Muhammad اعوان,,1400,5533732,Karachi
VEH004899,Zaynab Ch.,,Mohammad عثمان Chaudhry,1958-04-15,1400,5716638,Rawalpindi
VEH004900,Hasan بٹ,98172-8218081-5,فیصل بٹ,1962-06-08,2000,6431984,Islamabad
VEH004901,Faisal Quraishi,,حسن قریشی,1985-01-09,1700,5682099,Rawalpindi
VEH004902,علی سید,43155-1179331-0,Mohammad احمد Syed,1985-05-26,1000,3587036,Islamabad
VEH004903,Sana Awan,25702-8277912-4,,1958-03-10,1300,5411717,Rawalpindi
VEH004904,مریم Quraishi,95705-8923887-6,حسن قریشی,,2100,7058642,Lahore
VEH004905,Marium Quraishi,98705-8923887-6,حسن Qureshi,1958-08-06,2200,8541611,Lahore
VEH004906,Mohammad Ahmed Chaudhary,59715-2001406-7,Faisal چوہدری,1965-08-10,2100,7203264,Lahore
VEH004907,Ahmad چوہدری,,Muhammad Faysal Chaudhary,1965-08-10,1900,7393659,Lahore
VEH004908,Mohammed Ali Sheikh,45364-6054866-6,حسن Shaykh,1994-07-28,4500,17131156,Lahore
VEH004909,علی شیخ,45364-6054866-6,Hassan شیخ,1994-07-28,4500,15489690,Lahore
VEH004910,Ali Shaykh,45364-6054866-6,Muhammad Hassan شیخ,1994-07-28,4500,15281904,Lahore
VEH004911,علی شیخ,45364-6054866-6,Hasan Shaikh,1994-07-28,4500,17118081,Lahore
VEH004912,Othman Moghul,45410-8256906-7,Faysal Mughal,1971-09-22,3000,10263775,Faisalabad
VEH004913,Bilal اعوان,85010-5812899-8,Mohammad عثمان Awan,1995-07-10,3400,14101153,Islamabad
VEH004914,بلال Awan,85010-5812899-8,Usman Awan,1995-07-10,3600,11813328,Islamabad
VEH004915,بلال اعوان,,Muhammad Othman اعوان,1995-07-10,3400,13140471,Islamabad
VEH004916,Mohammed عثمان Malick,58433-8633148-2,,1990-02-13,4500,17815569,Islamabad
VEH004917,Othman Malik,58033-8633148-2,علی Malick,1990-02-13,4500,16696125,Islamabad
VEH004918,Mohammad Osman Malick,58033-8633148-2,علی Malick,,4500,17042121,Islamabad
VEH004919,Usman Malick,58033-8633148-2,Mohammed علی Malik,1990-02-13,4500,16649370,Islamabad
VEH004920,Muhammad Faysal Syed,28272-7446169-7,Ahmed Sayed,,1300,4252870,Karachi
VEH004921,Faisal Awan,99283-4687292-1,,1990-02-05,4500,17876797,Rawalpindi
VEH004922,Faisal اعوان,99283-4687292-1,Husain اعوان,1990-02-05,4500,16366635,Rawalpindi
VEH004923,Muhammed Faysal اعوان,99283-4687292-1,Husain Awan,1990-02-05,4500,18414101,Rawalpindi
VEH004924,Faisal Awan,,حسین Awan,1990-02-05,4500,14418438,Rawalpindi
VEH004925,Hussain Malick,55957-4601719-6,Ali ملک,1982-04-19,1200,4345762,Faisalabad
VEH004926,Muhammed Hamza Malick,68450-3802522-5,,,2400,8190247,Lahore
VEH004927,Hamzah ملک,,,2002-09-16,2400,9762397,Lahore
VEH004928,محمد Raja,98802-9109867-8,Muhammad Hamzah Raja,,3400,14065523,Rawalpindi
VEH004929,Hamza Butt,85494-5442887-3,Ali Bhatti,1959-06-23,1200,4560083,Lahore
VEH004930,Faysal Sheikh,16709-9103244-3,فیصل Shaikh,1970-08-02,4300,16908185,Rawalpindi
VEH004931,Mohammed فیصل شیخ,16709-9103244-3,Mohammad فیصل Sheikh,1970-08-02,4100,15814756,Rawalpindi
VEH004932,بلال اعوان,50904-1060258-0,فیصل Awan,,3500,14028667,Islamabad
VEH004933,Bilal اعوان,50304-1060258-0,فیصل اعوان,1985-05-19,3400,13515375,Islamabad
VEH004934,Bilal Awan,50304-1060258-0,Faisal اعوان,1985-05-19,3600,12311291,Islamabad
VEH004935,Bilal اعوان,50304-1060258-0,Faisal اعوان,1985-05-19,3900,12936365,Islamabad
VEH004936,حسن شیخ,74715-3464422-5,حمزہ Shaikh,1976-03-06,1400,5132312,Karachi
VEH004937,حسن شیخ,74715-3464422-5,,1976-03-06,1400,5456778,Karachi
VEH004938,Hussain راجہ,51494-3105350-2,,1968-01-28,4500,17898125,Lahore
VEH004939,Husain راجہ,51494-3905350-2,Muhammed Faysal Raja,1968-01-28,4500,15388231,Lahore
VEH004940,Hussain راجہ,51494-3905350-2,,1968-01-28,4500,15388766,Lahore
VEH004941,Hussein Raja,51494-3905350-2,Faisal Raja,,4500,16768820,Lahore
VEH004942,احمد Malik,74783-3819192-0,Muhammad حمزہ Malik,1985-01-12,1900,7837904,Karachi
VEH004943,Mohammed Faisal اعوان,38745-4606929-5,,1978-08-07,2200,7916932,Islamabad
VEH004944,Faisal Awan,38845-4606929-5,Muhammed بلال اعوان,,2200,8978411,Islamabad
VEH004945,Hamza مغل,73606-5048577-3,Muhammed حسن Mughal,1989-11-03,4500,14572373,Karachi
VEH004946,Hamza مغل,73606-5048577-3,Hassan Mughal,,4500,16885447,Karachi
VEH004947,Mohammad حمزہ مغل,73606-5048577-3,Hasan Moghul,,4500,16131074,Karachi
VEH004948,Mohammad Hamzah مغل,73606-5048579-3,Mohammed حسن Mughal,1989-11-03,4500,16586102,Karachi
VEH004949,Mohammed حسن Quraishi,62886-6768329-2,Ali Quraishi,1988-10-15,4500,18852200,Islamabad
VEH004950,Hasan Qureshi,62886-6768329-2,Mohammed علی Qureshi,1988-10-15,4500,14556454,Islamabad
VEH004951,Hasan Qureshi,62886-6768329-2,Mohammed علی قریشی,1988-10-15,4500,15358754,Islamabad
VEH004952,Mohammad Hassan Quraishi,62886-6768329-2,Ali قریشی,1988-10-15,4500,14858041,Islamabad
VEH004953,Hira Ch.,70630-6656516-4,Mohammed Chaudhary,1976-06-12,4500,17215846,Lahore
VEH004954,Hussein Raja,37248-7644601-2,Mohammed عمران Raja,,2600,9635710,Islamabad
VEH004955,Muhammed اعوان,81433-7535951-3,,1987-07-28,1200,5005259,Rawalpindi
VEH004956,Mohammad Usman بٹ,64512-1587270-7,عمران Butt,1958-06-10,1200,4479197,Rawalpindi
VEH004957,Usman بٹ,64512-1587270-7,,1958-06-10,1600,5614027,Rawalpindi
VEH004958,Fatimah Malik,98138-1677046-3,Hasan Malik,1961-06-05,2500,10286322,Islamabad
VEH004959,فاطمہ ملک,98138-1677046-3,Hasan ملک,1961-06-05,2600,10544796,Islamabad
VEH004960,فاطمہ Malick,98138-1677046-3,Mohammed حسن Malick,1961-06-05,2900,11310920,Islamabad
VEH004961,Hasan Bhatti,75366-9166744-9,Muhammed Osman Bhatti,1965-07-18,2900,11339106,Islamabad
VEH004962,عمران Shaykh,51638-5412435-2,Hasan Shaikh,,1700,6265821,Rawalpindi
VEH004963,Muhammad Shaykh,65250-6111004-2,,2002-06-19,3100,10062664,Islamabad
VEH004964,Muhammed Hussain Mughal,84068-9456537-7,بلال Mughal,1971-01-25,1700,5509768,Lahore
VEH004965,Aysha Malick,54264-7132347-1,محمد ملک,2003-06-25,2500,8631250,Islamabad
VEH004966,Zainab اعوان,20880-3561594-3,Muhammed Usman Awan,1996-11-17,2600,9218044,Faisalabad
VEH004967,Zainab Awan,20880-3561594-3,Muhammad عثمان اعوان,1996-11-17,2600,9590483,Faisalabad
VEH004968,Sana Malick,86520-2911862-0,Hamza Malik,2000-07-09,1300,4232990,Islamabad
VEH004969,Faisal قریشی,41500-5985965-1,Muhammed قریشی,1966-05-01,3100,12524724,Karachi
VEH004970,Muhammad Faisal Syed,72858-5940222-0,,1993-05-06,2000,7509670,Lahore
VEH004971,Ali Khan,40623-1139430-0,Bilal Khan,1966-04-02,3700,13481347,Islamabad
VEH004972,Hamzah Raja,74149-4289194-4,عثمان Raja,1984-12-28,900,2964499,Lahore
VEH004973,حرا Quraishi,73017-6238997-9,,1990-09-08,1600,6708330,Lahore
VEH004974,Imran Sayed,76917-5260926-0,احمد سید,1990-06-03,2300,8778362,Karachi
VEH004975,Hussain Shaykh,96788-3979456-5,Muhammed Hassan Shaikh,1972-01-09,1900,7492505,Karachi
VEH004976,ثناء Qureshi,26238-4550152-9,,2000-06-08,1100,4330549,Rawalpindi
VEH004977,Fatimah Ch.,87512-9173105-5,Hamzah Chaudhry,1985-09-20,2900,11384720,Faisalabad
VEH004978,فاطمہ Chaudhary,87512-9173105-5,حمزہ Choudhary,1985-09-20,3300,13582406,Faisalabad
VEH004979,Fatima Chaudhary,87512-9173105-5,Hamza Chaudhry,1985-09-20,3300,12908666,Faisalabad
VEH004980,Mohammad خان,89170-1591724-0,Hussein Khan,,1000,4121049,Faisalabad
VEH004981,Mohammed Ahmad Raja,,حمزہ راجہ,1969-02-02,2000,7961630,Faisalabad
VEH004982,Othman Qureshi,85943-7156023-1,Hassan Qureshi,2002-03-06,1500,5848130,Islamabad
VEH004983,Mariam Quraishi,80899-1434919-1,حمزہ Qureshi,1995-12-24,3800,13972567,Karachi
VEH004984,Mohammad Bilal مغل,14856-5714261-5,حمزہ مغل,1989-09-09,1700,6165365,Islamabad
VEH004985,Bilal Moghul,14856-5714261-5,حمزہ Moghul,1989-09-09,1300,4285697,Islamabad
VEH004986,Muhammad Hassan سید,76419-7206693-8,Bilal Sayed,1994-08-27,3500,11419541,Islamabad
VEH004987,حسن Khan,77177-2628318-1,Hamza خان,2001-05-11,2100,8356549,Lahore
VEH004988,احمد Shaikh,,Imran Shaikh,,900,3685158,Karachi
VEH004989,Sana Malik,,,1994-06-27,1600,6011606,Faisalabad
VEH004990,Muhammed Othman Awan,46305-8976991-5,Muhammed Usman Awan,1995-03-17,4500,15219841,Islamabad
VEH004991,Osman Awan,46305-8976991-5,عثمان Awan,1995-03-17,4500,16164963,Islamabad
VEH004992,Hussain Bhatti,95602-1820297-1,Mohammed Butt,1960-07-22,2000,6959847,Faisalabad
VEH004993,Mohammed بٹ,90567-9995236-9,Muhammad Hasan Bhatti,,2100,8612432,Lahore
VEH004994,حمزہ Malik,26571-4539428-3,Ahmad Malik,1966-09-21,2400,7900707,Karachi
VEH004995,Hamzah Malick,,Ahmed Malik,1966-09-21,2400,7931677,Karachi
VEH004996,Muhammed علی Qureshi,56830-6425719-7,,1966-05-27,2700,10917189,Islamabad
VEH004997,Fatema بٹ,,Hussain Bhatti,1997-04-03,1800,6861725,Islamabad
VEH004998,Osman Qureshi,85932-8522797-5,Osman Qureshi,1992-04-07,1900,6667108,Rawalpindi
VEH004999,Muhammad Usman Quraishi,,Usman Qureshi,1992-04-07,1600,5639212,Rawalpindi
VEH005000,Muhammed عمران راجہ,85062-8573265-5,حسن راجہ,1988-05-15,3200,12669348,Islamabad
VEH005001,Ahmad خان,,Mohammad Hussain خان,1957-06-14,900,3689356,Rawalpindi
VEH005002,Muhammed Ahmad Khan,61379-5589628-5,Hussain خان,1957-06-14,1000,3729738,Rawalpindi
VEH005003,Husain راجہ,38182-8907485-6,,1987-10-11,4500,16858879,Faisalabad
VEH005004,Muhammed Hussain Raja,38182-8907485-6,,1987-10-11,4500,17163232,Faisalabad
VEH005005,Hussain Raja,38182-8907485-6,Hasan Raja,,4500,17713437,Faisalabad
VEH005006,Mohammed Hussain Sayyid,28361-6286879-3,محمد سید,1955-10-25,3000,10714380,Karachi
VEH005007,حسین Sayed,28361-6286879-3,محمد Sayyid,1955-10-25,2800,9255555,Karachi
VEH005008,Bilal Sayyid,35770-1505570-6,Muhammed Hamzah Sayed,1967-09-16,2200,7433327,Rawalpindi
VEH005009,Bilal Syed,35770-1505570-6,حمزہ Sayed,1967-09-16,2200,8186912,Rawalpindi
VEH005010,حرا چوہدری,,Ahmed Chaudhry,1983-08-28,1700,6824736,Rawalpindi
VEH005011,Mohammed حسن شیخ,87262-2636024-8,Mohammad Shaikh,1998-03-05,4400,17454771,Islamabad
VEH005012,حسن شیخ,87262-2636024-0,Muhammed Shaykh,1998-03-05,4500,18087207,Islamabad
VEH005013,Hassan Shaykh,87262-2636024-0,محمد Shaykh,1998-03-05,4300,15786055,Islamabad
VEH005014,Ahmad Moghul,26036-1730204-3,Mohammed Mughal,2002-11-12,1400,5009379,Faisalabad
VEH005015,Zainab خان,37111-2528296-3,Hussein خان,1961-10-04,4500,14954853,Rawalpindi
VEH005016,زینب Khan,37111-2528296-3,,1961-10-04,4500,14558167,Rawalpindi
VEH005017,Zainab خان,37111-2528296-3,Hussain خان,1961-10-04,4500,14464961,Rawalpindi
VEH005018,Zaynab Khan,37111-2528296-3,Husain Khan,1961-10-04,4500,18741514,Rawalpindi
VEH005019,عمران Khan,16640-3685095-6,علی Khan,1969-11-08,1500,5146047,Faisalabad
VEH005020,Aisha Moghul,11174-3211629-0,حمزہ Moghul,1994-01-13,3600,14282012,Lahore
VEH005021,Aysha Mughal,11274-3211629-0,حمزہ Moghul,1994-01-13,3400,12858127,Lahore
VEH005022,فیصل Quraishi,11871-4286198-5,علی Qureshi,1973-12-22,2300,8315002,Rawalpindi
VEH005023,Mohammed Faysal Quraishi,11871-4286198-9,,1973-12-22,2500,10143911,Rawalpindi
VEH005024,Hussain Malik,98134-9637203-4,علی ملک,1994-11-22,1400,4721948,Faisalabad
VEH005025,Faisal Bhatti,85055-1118619-5,Bilal Butt,1985-10-24,4500,18615666,Faisalabad
VEH005026,Mohammed فیصل Bhatti,85055-1118619-5,بلال Butt,1985-10-24,4500,14407224,Faisalabad
VEH005027,فیصل Bhatti,85055-1118619-5,,1985-10-24,4500,14516478,Faisalabad
VEH005028,زینب مغل,91150-7549566-1,,1974-12-02,4500,15406171,Karachi
VEH005029,Zainab Mughal,91150-7549526-1,,1974-12-02,4500,16663473,Karachi
VEH005030,Muhammad Bilal Chaudhary,96750-1985967-1,,1980-04-07,2500,8298545,Lahore
VEH005031,Hasan Awan,19956-9310192-9,عمران Awan,1973-05-21,2000,7157241,Lahore
VEH005032,Othman Raja,95212-5507452-8,,1967-02-28,1700,6872226,Rawalpindi
VEH005033,عثمان راجہ,95212-5507452-8,عثمان راجہ,1967-02-28,1600,6558467,Rawalpindi
VEH005034,Muhammad Hussain Sayed,17056-2931628-4,Faisal Syed,1960-04-08,1800,6432869,Islamabad
VEH005035,Hussein Sayyid,17056-2931628-4,,1960-04-08,1600,6179270,Islamabad
VEH005036,Hamza Shaikh,24425-7501892-3,Ahmad Shaikh,1976-08-15,2300,8509988,Rawalpindi
VEH005037,Mohammad Ahmed بٹ,68968-2663202-0,Mohammed Ali بٹ,2002-07-20,2200,8554850,Faisalabad
VEH005038,Ahmad Butt,68968-2663202-0,Ali بٹ,2002-07-20,2600,10241543,Faisalabad
VEH005039,Ali Raja,61163-7665232-9,,,3600,14625992,Faisalabad
VEH005040,Mohammad Butt,71264-8210155-9,Hamza Bhatti,1984-11-27,2400,8944900,Islamabad
VEH005041,Mohammad Bhatti,71264-8214155-9,,1984-11-27,2900,11426858,Islamabad
VEH005042,Mohammad بٹ,71264-8210155-9,Hamza Butt,1984-11-27,2500,9498768,Islamabad
VEH005043,Hamzah خان,26157-4817792-2,Hassan Khan,1979-06-27,2300,9252058,Lahore
VEH005044,Usman شیخ,93816-3661180-5,Muhammad Shaykh,1989-04-28,1300,4750463,Faisalabad
VEH005045,Hamza بٹ,74972-8577480-2,Mohammad Butt,1971-04-19,1600,6236972,Lahore
VEH005046,ثناء قریشی,37627-6010039-7,Osman Quraishi,1990-06-01,2000,8006590,Rawalpindi
VEH005047,ثناء Qureshi,37627-6010039-7,Usman قریشی,1990-06-01,1800,7422012,Rawalpindi
VEH005048,زینب سید,,Imran Sayed,1995-03-06,1800,7005341,Faisalabad
VEH005049,Zainab مغل,77767-2134980-6,Hussain مغل,1998-09-10,1100,3625680,Faisalabad
VEH005050,Mohammad Osman مغل,23349-3495572-8,محمد مغل,1998-10-09,1200,3891297,Islamabad
VEH005051,Usman Ch.,95170-1503442-9,حسین Choudhary,1981-08-10,2900,11993454,Islamabad
VEH005052,Sana Syed,,بلال Sayed,2000-06-04,1100,4153037,Faisalabad
VEH005053,Hassan Qureshi,38918-7614099-8,Bilal Quraishi,1956-07-16,2400,9008903,Karachi
VEH005054,حسن قریشی,,Bilal قریشی,1956-07-16,2100,7627062,Karachi
VEH005055,Muhammad عثمان مغل,93472-8671692-7,Husain Mughal,1970-05-02,900,3776960,Islamabad
VEH005056,Osman Shaykh,53576-5280552-1,Muhammed Sheikh,1984-04-15,4500,18385394,Faisalabad
VEH005057,Muhammad عثمان Sheikh,53576-5280552-1,Muhammad شیخ,,4500,17269419,Faisalabad
VEH005058,Othman Shaykh,53576-5280552-1,Muhammed شیخ,1984-04-15,4500,14476356,Faisalabad
VEH005059,Usman Shaykh,53576-5280552-1,Mohammad Shaikh,1984-04-15,4500,17564069,Faisalabad
VEH005060,Hamzah Chaudhry,22079-6542184-3,Muhammad Husain Chaudhry,1988-05-05,2100,8235904,Islamabad
VEH005061,Husain Raja,78841-4792882-9,Muhammad راجہ,,1600,6326610,Faisalabad
VEH005062,Bilal مغل,,Hasan مغل,1989-08-11,1400,4965377,Karachi
VEH005063,Husain سید,19906-3456225-2,Usman Sayed,1990-01-09,4500,17666122,Karachi
VEH005064,Hussain سید,19906-3456225-2,Osman سید,1990-01-09,4500,16061938,Karachi
VEH005065,Hussain سید,19906-3456225-2,Muhammad Othman Syed,1990-01-09,4500,18234930,Karachi
VEH005066,Hussein Sayed,19906-3456225-2,Othman Sayed,1990-01-09,4500,16184364,Karachi
VEH005067,Faisal Quraishi,10386-7072982-5,فیصل Qureshi,1980-08-24,2200,7590884,Karachi
VEH005068,Faysal قریشی,10386-7072982-5,فیصل Qureshi,1980-08-24,2100,7921537,Karachi
VEH005069,Fatima Ch.,65118-6935079-7,Ali چوہدری,,3400,10957013,Faisalabad
VEH005070,فاطمہ Choudhary,65118-6935079-7,Muhammed Ali Chaudhary,,3700,14055832,Faisalabad
VEH005071,فاطمہ Chaudhary,65118-6935079-7,Ali Choudhary,2003-05-28,3500,12724776,Faisalabad
VEH005072,Hamzah Awan,35702-2401680-4,Muhammed Faisal اعوان,1976-01-10,1300,4539170,Islamabad
VEH005073,حمزہ سید,95162-2649637-5,Muhammad سید,1999-08-20,900,2926550,Islamabad
VEH005074,Hussain Sheikh,82917-9109972-9,,1970-06-16,1700,6573266,Islamabad
VEH005075,Fatimah Awan,71426-7537248-0,,1999-10-10,1000,3642783,Rawalpindi
VEH005076,Mohammad Faisal Sheikh,25412-3033157-6,Hamzah Sheikh,1986-05-15,2000,6882453,Lahore
VEH005077,فیصل راجہ,34523-9813062-3,Hamzah راجہ,2001-08-28,2700,9167757,Faisalabad
VEH005078,Faisal راجہ,34523-9813062-3,حمزہ Raja,,2900,11004419,Faisalabad
VEH005079,Faisal Raja,34523-9813062-3,حمزہ Raja,2001-08-28,3200,10583248,Faisalabad
VEH005080,Faysal Raja,34523-9813062-3,,2001-08-28,2800,9895731,Faisalabad
VEH005081,Muhammed حسن Qureshi,55502-2364987-5,,1991-03-16,3000,9912910,Rawalpindi
VEH005082,Hasan Quraishi,55502-2364987-5,Mohammad Ahmed Quraishi,1991-03-16,2600,10397242,Rawalpindi
VEH005083,Hasan Qureshi,,احمد Quraishi,,2900,11042158,Rawalpindi
VEH005084,Muhammad Hassan بٹ,17064-7322571-6,بلال Bhatti,1980-01-09,1500,5729791,Lahore
VEH005085,Ahmed شیخ,10736-2973694-1,Mohammad Faisal شیخ,1963-11-21,1000,4070278,Lahore
VEH005086,Muhammed قریشی,69939-9275694-5,Muhammed حسن قریشی,1959-03-17,3000,11701994,Lahore
VEH005087,Mariam Raja,66759-4841479-0,محمد راجہ,1985-11-06,3300,12904237,Karachi
VEH005088,Mariam Raja,66759-4841479-0,,1985-11-06,3300,12840687,Karachi
VEH005089,حرا Quraishi,39833-3705590-1,Mohammad عمران قریشی,1961-01-18,4500,16331540,Lahore
VEH005090,Hira Quraishi,39833-3705590-1,Mohammad Imran قریشی,1961-01-18,4500,15354781,Lahore
VEH005091,حرا قریشی,39833-3705590-1,,1961-01-18,4500,17816252,Lahore
VEH005092,Hira Quraishi,39833-3905590-1,,1961-01-18,4500,18845194,Lahore
VEH005093,Muhammed علی Mughal,,Muhammed Hamza Moghul,1973-10-08,1000,4147328,Islamabad
VEH005094,Mariam Shaikh,20926-8792239-7,Muhammad Shaikh,1986-08-05,2100,6954987,Faisalabad
VEH005095,Faysal سید,24076-8133602-2,Muhammad سید,1970-02-12,2300,8897258,Rawalpindi
VEH005096,Muhammed Faisal Syed,24076-8133602-2,Mohammad Sayyid,1970-02-12,2300,9276264,Rawalpindi
VEH005097,فاطمہ Malik,14039-6965067-9,Bilal ملک,1962-07-01,2100,8082053,Islamabad
VEH005098,Ali Shaykh,29024-1254335-0,Bilal شیخ,1975-06-13,1000,3370629,Faisalabad
VEH005099,Muhammed Faisal Awan,83965-7686414-1,,1973-03-22,4500,16689919,Lahore
VEH005100,Faysal Awan,83935-7686414-1,Muhammad Ali Awan,1973-03-22,4500,15736326,Lahore
VEH005101,Faisal اعوان,83935-7686414-1,Mohammed Ali Awan,,4500,16923081,Lahore
VEH005102,فیصل Awan,83935-7686414-1,علی Awan,1973-03-22,4500,14652889,Lahore
VEH005103,Mohammed Bilal Malik,,Bilal Malick,1957-06-07,2800,10095538,Rawalpindi
VEH005104,Bilal Malick,41089-5094250-6,بلال ملک,1957-06-07,3200,13267419,Rawalpindi
VEH005105,Husain Quraishi,90485-1283353-5,,2001-02-08,2200,8609022,Lahore
VEH005106,Mohammad Hussein قریشی,90485-1283353-5,Mohammad Hussain Qureshi,2001-02-08,2200,7476536,Lahore
VEH005107,Muhammed Chaudhry,,Mohammad عمران Choudhary,1955-06-21,1900,6847697,Islamabad
VEH005108,Muhammed Ch.,63215-2471428-2,Mohammed Imran Ch.,1955-06-21,2100,7474363,Islamabad
VEH005109,محمد Chaudhary,63215-2471428-2,Mohammed عمران Chaudhary,1955-06-21,1700,5824407,Islamabad
VEH005110,Hasan Shaykh,92340-6615224-6,Muhammad Shaykh,1958-02-02,2700,8704948,Lahore
VEH005111,Hasan شیخ,92340-6615224-6,Mohammad شیخ,1958-02-02,3100,10611770,Lahore
VEH005112,فیصل Raja,83111-9444522-9,احمد راجہ,1987-12-13,3400,12806903,Rawalpindi
VEH005113,فیصل Raja,83111-9444522-9,Mohammad Ahmad Raja,1987-12-13,3700,12397758,Rawalpindi
VEH005114,علی Bhatti,46378-4224736-1,علی Bhatti,,900,3745961,Rawalpindi
VEH005115,Ali بٹ,46378-4224736-1,Muhammad علی بٹ,1971-01-05,1300,4710861,Rawalpindi
VEH005116,حرا Bhatti,,بلال بٹ,1961-11-17,3000,12256706,Rawalpindi
VEH005117,Hira Butt,48147-1540397-3,Bilal Bhatti,1961-11-17,3200,10442942,Rawalpindi
VEH005118,حرا Bhatti,48147-1540397-3,Bilal Butt,1961-11-17,2900,11507095,Rawalpindi
VEH005119,Muhammed Ali Raja,24738-3549206-9,Usman راجہ,1972-04-04,1000,3848078,Islamabad
VEH005120,عثمان Syed,60912-1186808-1,,1989-03-27,4100,15830488,Islamabad
VEH005121,Osman Sayed,60912-1186808-1,Muhammad Hamzah Syed,,4400,16715744,Islamabad
VEH005122,Muhammed بلال Raja,90756-9735162-5,Ahmad Raja,1977-06-21,900,3619918,Faisalabad
VEH005123,Othman Choudhary,78054-2673904-3,Hamzah Chaudhary,1957-03-14,4400,17912882,Islamabad
VEH005124,Othman Chaudhary,78054-2673904-3,Mohammad Hamza Chaudhary,,4400,17550625,Islamabad
VEH005125,Aisha Awan,13752-4803491-1,Mohammad اعوان,1978-12-20,1400,4594800,Rawalpindi
VEH005126,Sana سید,49145-5622262-7,Mohammad حسین Sayyid,1979-10-06,1200,4401861,Rawalpindi
VEH005127,Hussain Sayed,45956-1986417-3,Othman Syed,1964-07-05,4500,15769247,Islamabad
VEH005128,Muhammad اعوان,44952-5035496-7,Ahmed اعوان,1958-01-28,1500,5585394,Faisalabad
VEH005129,Hassan مغل,,Imran Moghul,1957-07-07,1300,5051345,Karachi
VEH005130,Ayesha Raja,82321-4965467-0,,1979-12-08,1100,3934112,Lahore
VEH005131,Mohammed علی سید,12413-8392203-9,Muhammad Husain Sayed,,2100,8720299,Rawalpindi
VEH005132,علی سید,12413-8392203-9,,1959-05-25,2300,8468851,Rawalpindi
VEH005133,Husain Khan,11579-9242810-9,Husain Khan,1993-09-01,3400,13029764,Karachi
VEH005134,Hussein خان,11579-9242810-9,حسین Khan,1993-09-01,3200,13320795,Karachi
VEH005135,حسین Khan,11579-9242810-9,حسین Khan,1993-09-01,3500,12034502,Karachi
VEH005136,Faysal Sayed,,Ali Sayed,1960-01-16,1400,4748845,Karachi
VEH005137,علی بٹ,69591-2951025-2,Ali Butt,1974-07-26,2400,8831367,Rawalpindi
VEH005138,علی Butt,69591-2951025-2,Ali Butt,1974-07-26,2000,8203892,Rawalpindi
VEH005139,Muhammed Ali Bhatti,69591-2951825-2,Muhammad علی Butt,1974-07-26,2300,9202927,Rawalpindi
VEH005140,علی Bhatti,,Ali Butt,1974-07-26,2200,8984245,Rawalpindi
VEH005141,حرا Sayyid,18336-8442132-0,علی Sayyid,1985-08-25,4100,17005401,Rawalpindi
VEH005142,حرا Syed,18336-8442132-0,Ali سید,1985-08-25,3800,12544539,Rawalpindi
VEH005143,Hira Sayed,18336-8442132-0,Muhammed علی Sayed,1985-08-25,3800,13882765,Rawalpindi
VEH005144,عائشہ Malik,99042-9278748-7,Muhammed Osman ملک,1981-06-17,1500,5144948,Karachi
VEH005145,Muhammed Bilal شیخ,96910-7404214-6,Imran Shaikh,1956-06-03,4500,16012719,Faisalabad
VEH005146,بلال Shaikh,96910-7404214-6,Mohammed Imran Shaikh,1956-06-03,4500,14901420,Faisalabad
VEH005147,Mohammad Bilal شیخ,96910-7404214-6,Imran Shaykh,1956-06-03,4500,18359808,Faisalabad
VEH005148,Ali Qureshi,35119-7036149-1,Mohammed Imran Qureshi,1968-08-26,2000,7267164,Rawalpindi
VEH005149,Ali Quraishi,35119-7036149-1,Imran قریشی,1968-08-26,2100,7188582,Rawalpindi
VEH005150,Imran اعوان,87260-1663157-0,علی Awan,2002-01-17,1900,7138218,Islamabad
VEH005151,Muhammed Imran Awan,87260-1663157-0,Ali اعوان,2002-01-17,2100,8383372,Islamabad
VEH005152,Hasan Bhatti,91849-3886107-4,Muhammed بٹ,1955-02-24,1100,3880046,Rawalpindi
VEH005153,Ahmad قریشی,51541-7681458-2,Bilal Qureshi,1991-11-11,1300,4986956,Islamabad
VEH005154,Mohammed Othman راجہ,23721-7178732-9,,1970-06-16,2600,10661924,Rawalpindi
VEH005155,عثمان Raja,23721-7178732-9,Mohammad Raja,,2500,8560710,Rawalpindi
VEH005156,فاطمہ شیخ,20211-4997496-9,Muhammad Ali Shaikh,1992-11-09,3900,13219443,Islamabad
VEH005157,Hussain بٹ,52841-8277241-4,Muhammad Ali Butt,1980-05-27,900,3417803,Faisalabad
VEH005158,Mohammed Osman Moghul,24870-2235152-6,,1970-02-27,1800,6340606,Karachi
VEH005159,Usman Mughal,,Ahmed مغل,1970-02-27,1700,5973167,Karachi
VEH005160,حسن اعوان,87978-4216010-2,حمزہ اعوان,1980-07-12,3100,11162398,Karachi
VEH005161,Ali مغل,19911-9494213-9,Mohammed Hassan مغل,1970-02-20,1500,5745124,Faisalabad
VEH005162,Usman راجہ,,Mohammed Hamza راجہ,1991-02-07,2400,8326520,Islamabad
VEH005163,علی Sheikh,99242-7034976-9,Mohammad Husain شیخ,1986-02-10,1000,3252189,Rawalpindi
VEH005164,Muhammad Hasan Butt,16213-7612863-6,حسین بٹ,1983-10-20,2700,10582474,Karachi
VEH005165,حسن بٹ,16213-7612863-6,Muhammed Hussein Bhatti,1983-10-20,2800,11667843,Karachi
VEH005166,Mohammed Raja,17219-1500581-7,,1970-08-28,1400,4696177,Lahore
VEH005167,Mohammed Raja,,عثمان Raja,1970-08-28,1200,4294063,Lahore
VEH005168,Muhammad راجہ,,Osman Raja,1970-08-28,1500,4919539,Lahore
VEH005169,Osman ملک,85636-3228956-0,,1959-11-16,4500,17268182,Rawalpindi
VEH005170,Usman Malik,,Usman Malick,1959-11-16,4500,16177612,Rawalpindi
VEH005171,Osman ملک,,Usman Malik,1959-11-16,4500,14498084,Rawalpindi
VEH005172,Usman Malick,85636-3228956-0,Othman Malik,1959-11-16,4500,18211904,Rawalpindi
VEH005173,Aisha Bhatti,87312-8533249-6,,1973-09-27,1500,5844756,Islamabad
VEH005174,Marium Syed,30489-1317042-3,Hussain سید,1983-11-06,2900,9382976,Faisalabad
VEH005175,Maryam Sayyid,30489-1317042-3,Hussein Sayyid,1983-11-06,2500,8272984,Faisalabad
VEH005176,Mariam Syed,30489-1317042-3,Muhammad حسین سید,1983-11-06,2600,10586615,Faisalabad
VEH005177,حسین بٹ,92895-1661990-7,Hamzah Butt,1967-09-23,900,3529806,Islamabad
VEH005178,Muhammad Mughal,,Mohammed مغل,,1300,5184864,Lahore
VEH005179,Hira Choudhary,45148-5597845-8,,1958-04-04,1300,4379036,Faisalabad
VEH005180,Zaynab Butt,59429-9602376-0,Usman بٹ,1965-05-11,2300,8758821,Rawalpindi
VEH005181,Zainab بٹ,59429-9602376-0,Mohammed Osman Bhatti,1965-05-11,1900,7172337,Rawalpindi
VEH005182,زینب Bhatti,,,1965-05-11,2300,7560546,Rawalpindi
VEH005183,زینب Bhatti,59429-9602376-0,Usman Butt,1965-05-11,2300,8016701,Rawalpindi
VEH005184,Muhammed احمد اعوان,94142-5829136-9,Muhammad Othman Awan,1964-11-16,1300,4483754,Karachi
VEH005185,Hassan Shaikh,67229-5252651-2,Bilal Shaikh,1999-06-03,2000,8142699,Lahore
VEH005186,Marium Sheikh,61561-7965199-3,عثمان Sheikh,1955-06-26,4500,15455853,Karachi
VEH005187,Maryam Shaykh,61561-7965199-3,Mohammed Osman شیخ,1955-06-26,4500,16445818,Karachi
VEH005188,Maryam Shaykh,61561-7965199-3,,1955-06-26,4500,18801803,Karachi
VEH005189,Mariam شیخ,61561-7965199-3,Othman Sheikh,1955-06-26,4500,18636996,Karachi
VEH005190,Muhammed عثمان Sayed,,,1991-02-27,1000,4097982,Lahore
VEH005191,Sana Choudhary,19250-6676515-7,Ahmad Chaudhry,1974-12-13,2300,8766327,Islamabad
VEH005192,Sana Choudhary,19250-6676515-7,Muhammad Ahmed Chaudhry,1974-12-13,2200,8661296,Islamabad
VEH005193,Mohammed Hassan Qureshi,92058-8607245-0,Muhammed Faisal Quraishi,1980-06-01,1000,3225162,Islamabad
VEH005194,حسن قریشی,92058-8607245-0,,1980-06-01,1200,4909638,Islamabad
VEH005195,فاطمہ چوہدری,36797-3841513-9,Hamzah Choudhary,1996-07-28,800,3106018,Faisalabad
VEH005196,فاطمہ Ch.,36797-3841513-9,Mohammed Hamza چوہدری,,1000,3667920,Faisalabad
VEH005197,حسین Shaikh,58060-6023439-1,,1992-06-27,1000,3353755,Lahore
VEH005198,Muhammad بلال Raja,29174-1412616-6,,1983-02-06,1400,5169658,Islamabad
VEH005199,Hussain راجہ,,Imran راجہ,,2400,8113646,Islamabad
VEH005200,Mohammed حسین Raja,29286-1459190-9,عمران راجہ,1995-11-14,2600,8882073,Islamabad
VEH005201,Mohammad حسین راجہ,29286-1459190-9,Imran Raja,1995-11-14,2700,10447319,Islamabad
VEH005202,Fatimah Malick,11755-4867602-5,Hamza Malik,1971-04-08,1800,6164721,Lahore
VEH005203,Fatema Malick,11755-4867602-5,حمزہ ملک,1971-04-08,1900,6805276,Lahore
VEH005204,Hassan Mughal,39687-1033247-4,Muhammad Moghul,1984-05-04,700,2662041,Rawalpindi
VEH005205,Mariam Ch.,36761-7567940-7,حسین Chaudhary,1981-11-07,1600,6611610,Karachi
VEH005206,Mariam Khan,16307-4289951-8,Hassan Khan,1973-12-07,1300,4952712,Islamabad
VEH005207,Mohammed Ali Malik,78792-1323251-3,Ali Malick,,1700,5531656,Faisalabad
VEH005208,Hamza Ch.,88214-9518048-7,Hasan Ch.,1974-07-18,1100,3752927,Islamabad
VEH005209,فیصل ملک,28068-2908546-4,حمزہ ملک,1991-06-20,3500,11426774,Faisalabad
VEH005210,Muhammad Faysal Malik,28068-2908546-4,Hamza Malick,1991-06-20,3400,12147879,Faisalabad
VEH005211,Hussein راجہ,87220-1172281-2,فیصل Raja,1957-02-17,1100,4467406,Karachi
VEH005212,Husain Khan,84412-5535083-8,,1968-02-17,3400,11587930,Rawalpindi
VEH005213,Husain Khan,84412-5505083-8,Imran Khan,1968-02-17,3100,12707283,Rawalpindi
VEH005214,Husain Khan,84418-5505083-8,عمران Khan,1968-02-17,3500,12520294,Rawalpindi
VEH005215,حرا خان,,Mohammed Hassan خان,1967-10-25,1100,4360117,Islamabad
VEH005216,Ayisha Bhatti,94463-7620320-1,Mohammad Faysal Butt,1988-05-08,4500,17799961,Karachi
VEH005217,Ayesha Bhatti,94463-7620320-1,Faysal Bhatti,1988-05-08,4500,14628218,Karachi
VEH005218,Ali Khan,57799-5980818-4,,1989-02-08,3100,10455219,Lahore
VEH005219,علی خان,,Muhammed Khan,1989-02-08,2800,10869359,Lahore
VEH005220,Ali Khan,57799-5980818-4,Muhammed Khan,,2900,10876154,Lahore
VEH005221,Mohammed Hamza Raja,,Husain راجہ,1986-11-28,2000,8065347,Faisalabad
VEH005222,Muhammad Ali Khan,81177-6110474-1,Mohammad عمران Khan,1995-09-19,1900,6504505,Faisalabad
VEH005223,Ali خان,81177-6110474-1,Muhammed عمران خان,1995-09-19,1800,5809864,Faisalabad
VEH005224,Ahmad Awan,10347-6335784-2,احمد اعوان,1976-07-06,3600,13852651,Lahore
VEH005225,Ahmed Awan,10347-6335784-2,Mohammad Ahmed اعوان,1976-07-06,3500,13445585,Lahore
VEH005226,Ahmed اعوان,10347-6335784-2,احمد اعوان,1976-07-06,3600,14760211,Lahore
VEH005227,Mohammad احمد اعوان,12347-6335784-2,,1976-07-06,3800,13924190,Lahore
VEH005228,Maryam Malick,92393-8264986-9,Muhammed احمد Malik,1983-02-11,1000,3220155,Islamabad
VEH005229,Mohammed Ali خان,50178-5947403-4,بلال خان,1963-08-09,4100,14182336,Islamabad
VEH005230,Ali خان,50178-5947403-4,,1963-08-09,4400,17892396,Islamabad
VEH005231,Ali Khan,50178-5947403-4,بلال خان,1963-08-09,4300,17920874,Islamabad
VEH005232,Ali خان,50178-5947403-4,بلال خان,1963-08-09,4200,16577103,Islamabad
VEH005233,Zaynab سید,49831-8272995-4,Mohammed Faisal سید,1958-06-23,3800,12369262,Rawalpindi
VEH005234,حسن Sayed,10000-7790649-9,Muhammed حمزہ Sayed,1965-03-12,800,3038387,Faisalabad
VEH005235,Muhammad Hassan ملک,14846-8559084-2,Bilal Malik,1974-03-16,1500,5609930,Lahore
VEH005236,Hasan Malick,14846-8559084-2,Muhammad Bilal Malick,,1600,6414827,Lahore
VEH005237,Hasan Malick,14846-8559084-2,Muhammad Bilal Malick,1974-03-16,1200,4359694,Lahore
VEH005238,فیصل سید,74018-2412550-6,Usman سید,1968-06-09,900,3496191,Islamabad
VEH005239,Ali چوہدری,48641-5097699-2,Mohammad Husain چوہدری,1955-09-23,700,2468845,Islamabad
VEH005240,Ahmad Sayed,98766-7421032-8,Mohammed Imran Sayed,2002-03-16,1700,6733019,Faisalabad
VEH005241,Mohammed Hamza بٹ,43959-5781397-8,Faisal Bhatti,1993-09-18,1300,4631497,Lahore
VEH005242,Hussain Raja,,,1973-02-04,1600,5535790,Islamabad
VEH005243,Hussain راجہ,,Muhammed راجہ,1973-02-04,2000,7470482,Islamabad
VEH005244,Hussein Raja,64655-4052166-5,Mohammad Raja,1973-02-04,1800,7185064,Islamabad
VEH005245,Bilal Malik,81844-4128216-6,Imran ملک,,4500,15015289,Islamabad
VEH005246,Mohammed Bilal ملک,,Imran ملک,1961-12-02,4500,14403349,Islamabad
VEH005247,Bilal Malik,81844-9128216-6,Muhammad Imran Malick,1961-12-02,4500,15254695,Islamabad
VEH005248,Bilal ملک,81844-4128216-6,Imran Malik,1961-12-02,4500,15147364,Islamabad
VEH005249,Fatema Qureshi,35207-3216256-3,حسین Quraishi,1966-10-02,1500,6029015,Lahore
VEH005250,Fatimah Quraishi,35207-3216256-3,حسین قریشی,1966-10-02,1800,6898110,Lahore
VEH005251,Muhammad Mughal,92232-6472966-2,Mohammad حسن مغل,1969-07-07,2000,6949460,Karachi
VEH005252,Maryam Malik,75572-1996357-4,Muhammed علی ملک,1995-02-25,800,2914091,Rawalpindi
VEH005253,Sana Mughal,94369-5494947-8,Faisal مغل,1958-05-09,2300,8809380,Lahore
VEH005254,Sana Moghul,94369-5494947-8,فیصل Moghul,1958-05-09,2300,8617145,Lahore
VEH005255,Ali Syed,,Mohammed Sayyid,1997-03-23,1900,7684781,Rawalpindi
VEH005256,علی Sayed,,Muhammed سید,1997-03-23,2100,6761559,Rawalpindi
VEH005257,Ali سید,46241-7155560-7,Mohammad سید,1997-03-23,2100,7460441,Rawalpindi
VEH005258,Hussain راجہ,15718-7239793-4,,1964-08-08,2400,9231465,Karachi
VEH005259,Mohammad سید,97935-4973844-3,Usman سید,1967-07-17,4500,17181287,Islamabad
VEH005260,Muhammed Sayyid,97935-4973844-3,Muhammad عثمان Syed,1967-07-17,4500,16324783,Islamabad
VEH005261,Muhammad Sayed,97935-4973844-3,Mohammed عثمان سید,1967-07-17,4500,17329933,Islamabad
VEH005262,Muhammed سید,97935-4973844-3,,1967-07-17,4500,18186214,Islamabad
VEH005263,Imran خان,50609-2607906-2,Muhammed Bilal خان,2002-01-07,2000,6928783,Karachi
VEH005264,Hamza Khan,,Mohammad بلال خان,1995-12-12,2500,8762735,Faisalabad
VEH005265,Ahmad Khan,69874-5220639-8,Hamza خان,,3000,9713122,Lahore
VEH005266,Hasan راجہ,96563-5008289-5,Faisal راجہ,,1500,5578222,Karachi
VEH005267,Mohammad Imran Qureshi,85181-3384947-2,بلال Qureshi,1979-06-21,1800,5869375,Lahore
VEH005268,Hussain راجہ,76983-7703257-5,Mohammed Hamza راجہ,1959-11-09,900,3477883,Faisalabad
VEH005269,Fatima Raja,39251-1017938-8,,1963-12-22,1600,6248591,Faisalabad
VEH005270,Fatimah راجہ,39251-1017938-8,احمد راجہ,1963-12-22,1500,6206665,Faisalabad
VEH005271,Imran Butt,71647-1854586-1,حمزہ Butt,2000-05-27,4500,16367948,Lahore
VEH005272,Imran بٹ,71647-1854586-1,Hamzah بٹ,,4500,18707165,Lahore
VEH005273,Imran Bhatti,71647-1854586-1,حمزہ بٹ,2000-05-27,4500,17582926,Lahore
VEH005274,Imran Butt,71647-1854586-1,Mohammad حمزہ Butt,2000-05-27,4500,18373897,Lahore
VEH005275,Muhammad حسن سید,88941-9827881-9,Ahmad Sayyid,1973-07-18,800,3249415,Islamabad
VEH005276,فیصل سید,,Faysal Sayyid,1979-03-19,1800,5954432,Faisalabad
VEH005277,Faisal Sayyid,85154-5887018-6,Faysal Sayed,1979-03-19,1900,6961308,Faisalabad
VEH005278,Muhammed عمران Khan,65333-6955402-6,Ahmad خان,1960-09-21,2400,8910447,Rawalpindi
VEH005279,عمران خان,65333-6955402-6,Ahmad Khan,1960-09-21,2700,9241714,Rawalpindi
VEH005280,Imran خان,65333-6955402-6,,1960-09-21,2500,8110498,Rawalpindi
VEH005281,Mohammad Ahmed Shaikh,94075-7487674-2,Muhammad بلال شیخ,1976-04-07,1100,3964105,Karachi
VEH005282,Ali Bhatti,98426-7567016-8,Imran بٹ,1957-11-24,3600,14939196,Karachi
VEH005283,علی بٹ,98426-7567016-8,عمران بٹ,1957-11-24,3300,13456812,Karachi
VEH005284,Osman Malick,,Hasan Malick,1960-12-10,1600,5905780,Karachi
VEH005285,Usman راجہ,79077-3466832-5,Muhammad عمران راجہ,1977-08-23,3000,11809483,Lahore
VEH005286,Mohammad Usman راجہ,79077-3466832-5,,1977-08-23,2800,10340699,Lahore
VEH005287,عثمان راجہ,79077-3466832-5,عمران راجہ,,2600,10126716,Lahore
VEH005288,Fatimah Quraishi,20208-5065537-6,Bilal قریشی,,2100,6938829,Islamabad
VEH005289,فاطمہ Qureshi,20208-5065537-6,Bilal Quraishi,1981-02-25,1900,6847742,Islamabad
VEH005290,Muhammed Moghul,46049-7192532-9,Muhammed عثمان مغل,1975-03-04,2000,6812318,Rawalpindi
VEH005291,Muhammad مغل,46049-7192532-9,Osman مغل,1975-03-04,2200,8137239,Rawalpindi
VEH005292,Muhammad Mughal,46049-7192532-9,Osman مغل,1975-03-04,1900,7961876,Rawalpindi
VEH005293,Muhammad Usman ملک,89994-4730815-3,Hamza Malik,1963-06-03,1100,4125279,Faisalabad
VEH005294,Fatima Mughal,55634-5848509-6,,1964-12-07,1500,4879943,Faisalabad
VEH005295,Muhammad Ali Quraishi,39234-5558296-0,عثمان قریشی,1967-04-19,1500,6291565,Rawalpindi
VEH005296,Ali Qureshi,,Usman Quraishi,1967-04-19,1500,5055586,Rawalpindi
VEH005297,Ali Qureshi,39234-5558296-0,Usman Quraishi,1967-04-19,1300,4731153,Rawalpindi
VEH005298,علی سید,29745-8295082-6,,1956-10-08,1300,4638739,Islamabad
VEH005299,Ali سید,,Othman Sayyid,1956-10-08,1200,3887968,Islamabad
VEH005300,Mohammad حسین Mughal,62968-2807006-6,حسین Mughal,1999-09-07,1900,7386550,Rawalpindi
VEH005301,Muhammad Hussain Mughal,62968-2807006-6,Husain مغل,1999-09-07,2300,8014861,Rawalpindi
VEH005302,Muhammed Hussain Moghul,,Hussein Mughal,1999-09-07,2200,8742504,Rawalpindi
VEH005303,Hussain Qureshi,45697-2975690-4,Usman Quraishi,2002-09-06,1300,5074557,Faisalabad
VEH005304,Muhammad Hussein Quraishi,45697-2375690-4,Othman Qureshi,2002-09-06,1500,6125533,Faisalabad
VEH005305,Faysal خان,14432-9240602-0,Mohammad Faysal خان,2002-09-13,2200,7638037,Rawalpindi
VEH005306,Mohammed Ahmed Butt,62732-7265353-8,Osman Butt,1975-12-25,1800,7332815,Lahore
VEH005307,Hira اعوان,46078-3042469-6,Mohammad اعوان,1997-08-03,4000,15514983,Islamabad
VEH005308,عثمان Sayyid,87131-8168828-2,,1993-06-09,1300,4987187,Rawalpindi
VEH005309,Muhammad Ahmed Butt,71145-5719104-7,Muhammed Osman Bhatti,1957-03-13,2500,8444548,Islamabad
VEH005310,Ahmad Butt,71145-5719104-7,Othman Bhatti,1957-03-13,2000,7713227,Islamabad
VEH005311,Ahmad Butt,71145-5719104-7,,1957-03-13,2500,9174114,Islamabad
VEH005312,ثناء Shaikh,,,1956-11-06,3000,10557277,Lahore
VEH005313,Zaynab راجہ,75904-5272230-0,,1963-08-19,2400,8010084,Karachi
VEH005314,Zaynab Butt,69627-3754811-2,,1961-12-27,1800,6258190,Lahore
VEH005315,حسین Khan,18501-3732121-9,Mohammad Husain خان,,2100,8590699,Karachi
VEH005316,Hussain خان,18501-3732121-9,Muhammad Hussain خان,1988-07-20,1800,6738920,Karachi
VEH005317,فیصل قریشی,95054-5733034-0,Hasan Qureshi,2003-06-06,4500,18374513,Lahore
VEH005318,Maryam Raja,58776-9067620-5,Mohammed راجہ,1999-11-13,1300,5300170,Islamabad
VEH005319,Maryam راجہ,59776-9067620-5,Mohammed راجہ,,1200,4957473,Islamabad
VEH005320,Hussein Khan,40739-5962898-0,Mohammed Ali خان,,2500,8288821,Rawalpindi
VEH005321,Muhammad Hussain Khan,40739-5962898-0,علی خان,1994-03-13,2500,10245916,Rawalpindi
VEH005322,Mohammad Hussain Khan,,Mohammad Ali خان,1994-03-13,2600,9211507,Rawalpindi
VEH005323,Mohammad Ahmad Sayyid,13671-9148859-3,Hamzah Sayed,2003-05-10,1400,5430608,Rawalpindi
VEH005324,Hira Qureshi,39394-8611635-2,,1955-02-23,1500,4938122,Islamabad
VEH005325,حرا Qureshi,39394-8611635-2,,1955-02-23,900,3050711,Islamabad
VEH005326,Hamza مغل,82371-2769703-3,فیصل Moghul,1988-03-19,900,3321741,Karachi
VEH005327,Imran Malik,59435-7963701-4,Usman Malick,1968-04-24,1600,5248980,Islamabad
VEH005328,Mohammad Shaikh,,Ali Shaykh,1988-08-10,1000,4077324,Lahore
VEH005329,حسن قریشی,27682-2977758-3,Ahmad قریشی,1989-11-09,2400,9319401,Faisalabad
VEH005330,Hassan قریشی,27682-2977758-3,احمد Quraishi,1989-11-09,2200,7638509,Faisalabad
VEH005331,عمران قریشی,99935-3166646-4,Mohammad Hussein Quraishi,1986-09-18,1800,6720156,Islamabad
VEH005332,Mohammed عثمان Raja,36087-8936394-1,محمد راجہ,,1100,4181675,Faisalabad
VEH005333,Usman راجہ,36087-8936394-1,Muhammad Raja,1968-06-21,700,2513875,Faisalabad
VEH005334,Mohammed علی Butt,88310-4913997-8,Faysal Butt,1976-01-05,800,2818044,Rawalpindi
VEH005335,Hussein Chaudhary,80059-3908387-4,,1967-09-17,1500,5047412,Islamabad
VEH005336,Hussein Ch.,80059-3908387-4,Osman Choudhary,1967-09-17,1500,5637901,Islamabad
VEH005337,حسین Malik,77377-2489581-4,Muhammad Hamzah Malik,1998-12-18,4500,17862421,Faisalabad
VEH005338,Hussain Malick,77377-2489581-4,,1998-12-18,4500,17876636,Faisalabad
VEH005339,Sana بٹ,20618-3459978-9,حسن Butt,1968-08-06,1400,4998909,Faisalabad
VEH005340,Sana بٹ,20618-3459978-9,Muhammad Hasan Bhatti,1968-08-06,1700,5507577,Faisalabad
VEH005341,حمزہ Sayed,11044-2496699-1,علی Syed,1956-06-04,1600,6136874,Lahore
VEH005342,Zainab قریشی,73626-9744135-5,Muhammed Qureshi,1978-11-04,4500,18695994,Karachi
VEH005343,زینب Qureshi,73626-9744135-5,Muhammad Qureshi,1978-11-04,4500,17361399,Karachi
VEH005344,Zaynab Quraishi,73626-9744135-5,,1978-11-04,4500,18575149,Karachi
VEH005345,زینب Quraishi,,Mohammed قریشی,1978-11-04,4500,17545427,Karachi
VEH005346,Ayesha Malik,58714-1485174-8,Muhammed ملک,1982-03-24,4500,15514059,Lahore
VEH005347,Aisha Malik,58714-1485174-8,Muhammad Malik,1982-03-24,4500,15525964,Lahore
VEH005348,Ayisha ملک,58714-1485174-8,Mohammed Malik,1982-03-24,4500,16853145,Lahore
VEH005349,Ayisha Malik,58714-1485174-8,محمد Malik,1982-03-24,4500,18142139,Lahore
VEH005350,Hasan Awan,64421-3488038-2,حسن Awan,1992-09-06,1300,5183264,Islamabad
VEH005351,فاطمہ مغل,84995-9085343-2,Hussain مغل,1963-03-15,900,3283721,Islamabad
VEH005352,بلال شیخ,72213-6765645-2,Ali Shaykh,1983-08-11,4500,16088256,Faisalabad
VEH005353,Bilal Shaikh,72213-6765645-2,,1983-08-11,4500,14424210,Faisalabad
VEH005354,Ayesha Butt,54176-5187587-9,Muhammed Hasan بٹ,,1700,6213684,Lahore
VEH005355,عمران خان,40270-6954603-9,Hussain Khan,1987-03-16,800,3106314,Rawalpindi
VEH005356,Aysha Chaudhry,18123-7264313-6,Hassan Ch.,,2500,8498600,Faisalabad
VEH005357,Maryam Moghul,44214-4802626-9,,1967-02-18,1100,4615229,Lahore
VEH005358,Ahmed Butt,,Hussein Bhatti,1985-03-15,1100,3806799,Karachi
VEH005359,Faisal قریشی,82908-5072755-5,حسن قریشی,1969-07-05,1500,4920288,Islamabad
VEH005360,Zaynab Khan,72818-4629148-2,Othman Khan,1978-05-19,2100,7524688,Rawalpindi
VEH005361,Zaynab خان,72818-4629148-2,,1978-05-19,1900,7147726,Rawalpindi
VEH005362,Imran Butt,62304-3682714-3,Mohammad فیصل Bhatti,1959-04-20,700,2707806,Islamabad
VEH005363,Fatima Quraishi,11964-7127368-3,Hasan Qureshi,1973-12-24,3000,10456921,Lahore
VEH005364,مریم Shaykh,,Osman Shaykh,1999-11-21,1300,5413839,Islamabad
VEH005365,Mariam Sheikh,97511-4667645-0,Othman Shaykh,1999-11-21,1200,4003561,Islamabad
VEH005366,عمران خان,63318-4419227-7,بلال خان,2002-10-15,1000,3526739,Islamabad
VEH005367,Mariam Raja,75826-6619732-3,Hamza راجہ,1995-09-08,1800,6726180,Lahore
VEH005368,Mohammed Hussein Moghul,41298-5951792-0,علی Mughal,1959-07-09,2500,8614152,Rawalpindi
VEH005369,Hussain Moghul,41298-5951792-0,علی Moghul,,2700,10550472,Rawalpindi
VEH005370,Mohammad حسین مغل,45298-5951792-0,,1959-07-09,2500,9930110,Rawalpindi
VEH005371,Hussein مغل,41298-5951792-0,علی Mughal,1959-07-09,2800,11590084,Rawalpindi
VEH005372,Hira اعوان,42717-5634438-2,,1989-07-05,1700,7017377,Karachi
VEH005373,Mohammed Bilal Chaudhary,48850-1519616-0,,1978-06-06,1600,5175912,Faisalabad
VEH005374,Bilal چوہدری,48850-1519616-0,,1978-06-06,1800,7309202,Faisalabad
VEH005375,Zaynab Bhatti,62872-9215106-9,Ali Butt,1981-09-18,1000,3626148,Rawalpindi
VEH005376,Muhammed Usman راجہ,66748-7891796-3,Muhammad Raja,1991-06-24,4500,15150935,Karachi
VEH005377,Muhammed عثمان راجہ,66748-7891796-3,Mohammad راجہ,1991-06-24,4500,18334873,Karachi
VEH005378,Usman Raja,66748-7891796-3,محمد Raja,1991-06-24,4500,15194055,Karachi
VEH005379,عثمان Raja,66748-7891796-3,محمد راجہ,1991-06-24,4500,17374348,Karachi
VEH005380,Mohammad Ch.,96468-6080929-7,عمران Choudhary,1992-02-08,1100,4551156,Rawalpindi
VEH005381,زینب Khan,74129-8071351-7,Muhammed Khan,1999-05-03,1100,3825947,Islamabad
VEH005382,Muhammad علی قریشی,62954-2033858-5,Mohammad Hamzah Qureshi,1993-10-08,1100,4467407,Lahore
VEH005383,Mohammed Bilal خان,14284-9045356-3,Hamza خان,1983-02-25,900,3268596,Islamabad
VEH005384,حسین Sheikh,26044-4023435-5,حسن Sheikh,1965-03-01,2300,7628187,Karachi
VEH005385,Hussein Shaikh,26044-4023435-5,حسن Sheikh,1965-03-01,2600,10628156,Karachi
VEH005386,Muhammed Ahmed Awan,23682-5806095-4,Ali Awan,1962-05-27,4500,17226382,Lahore
VEH005387,Ahmad Awan,23682-5806095-4,Mohammed علی اعوان,1962-05-27,4500,17586695,Lahore
VEH005388,Ahmed Awan,23682-5806095-4,Muhammad علی Awan,1962-05-27,4500,17352825,Lahore
VEH005389,Ahmad Awan,23682-5806095-4,,1962-05-27,4500,18050592,Lahore
VEH005390,Mohammed Usman Awan,44071-4159161-7,,1993-12-11,3400,11332565,Rawalpindi
VEH005391,Osman اعوان,,Ali اعوان,1993-12-11,3800,12639457,Rawalpindi
VEH005392,Muhammad Othman Awan,44071-4159161-7,,1993-12-11,3600,13535466,Rawalpindi
VEH005393,Usman Awan,44071-4159161-7,Muhammed Ali اعوان,,3700,15287793,Rawalpindi
VEH005394,Muhammad Raja,46497-4308396-8,Bilal Raja,1976-03-14,4500,18262607,Karachi
VEH005395,Muhammad Raja,46497-4308396-8,Bilal Raja,1976-03-14,4500,17889132,Karachi
VEH005396,Muhammad Raja,,بلال Raja,1976-03-14,4500,17735750,Karachi
VEH005397,Mohammad راجہ,46497-4308396-8,Muhammad Bilal Raja,1976-03-14,4500,15086644,Karachi
VEH005398,Hira Khan,,,1955-06-18,1700,6631796,Islamabad
VEH005399,Hassan Sayyid,64804-6318517-6,عثمان Sayed,1981-07-13,1400,4499427,Faisalabad
VEH005400,Muhammad علی Qureshi,71403-4486763-1,بلال Qureshi,1983-07-20,2600,10779473,Islamabad
VEH005401,علی قریشی,71403-4486763-1,,1983-07-20,2700,10215035,Islamabad
VEH005402,علی Quraishi,71403-4486763-1,Mohammed بلال Qureshi,,2600,9262289,Islamabad
VEH005403,Ali قریشی,71403-4486763-1,Muhammed بلال Quraishi,1983-07-20,2600,8329355,Islamabad
VEH005404,عمران Khan,47574-6832840-4,بلال خان,1993-07-13,800,3186703,Karachi
VEH005405,Marium Qureshi,62336-1446958-8,Ahmed Qureshi,2001-03-12,1800,6582810,Faisalabad
VEH005406,Maryam Quraishi,62336-1446958-8,Ahmed قریشی,2001-03-12,1800,7043219,Faisalabad
VEH005407,مریم قریشی,,Muhammad Ahmed قریشی,2001-03-12,1900,7610119,Faisalabad
VEH005408,احمد Sayed,18120-7676887-1,Osman Sayyid,,1600,6368562,Faisalabad
VEH005409,Hassan Malik,40921-8828622-5,Mohammad فیصل Malick,1964-07-04,2000,8149761,Islamabad
VEH005410,Mohammed Osman اعوان,68436-4487924-2,Ahmed اعوان,1996-06-10,1200,3950355,Islamabad
VEH005411,Zaynab Malick,63406-2917830-9,,,1800,6190272,Faisalabad
VEH005412,Zaynab Malik,,Muhammed Faysal Malick,1987-10-01,1700,5775971,Faisalabad
VEH005413,Sana راجہ,,Ahmed Raja,,2100,6854406,Karachi
VEH005414,ثناء Raja,81916-9653484-7,Mohammed احمد Raja,1955-07-19,1700,5552803,Karachi
VEH005415,Othman Malick,55567-9889792-9,علی Malick,1998-07-28,1300,5128170,Islamabad
VEH005416,عثمان Malik,55567-9889792-9,علی Malick,1998-07-28,1100,3639626,Islamabad
VEH005417,Sana Choudhary,38209-2846511-9,,1982-11-02,2200,8193194,Islamabad
VEH005418,Sana Chaudhary,38209-2846511-9,,1982-11-02,2400,8546575,Islamabad
VEH005419,Mohammed Hasan Khan,93851-4622860-3,احمد خان,1998-06-10,1600,5896815,Lahore
VEH005420,Mohammed عمران Quraishi,,Hasan Qureshi,1975-05-28,1800,6663251,Karachi
VEH005421,Imran Quraishi,90174-9294370-0,Hassan Quraishi,,2200,7517476,Karachi
VEH005422,Mohammed Usman اعوان,14800-2796237-1,Ahmed اعوان,1982-12-19,4500,18335457,Karachi
VEH005423,Usman اعوان,,احمد Awan,1982-12-19,4500,15097171,Karachi
VEH005424,عثمان Awan,14800-8796237-1,,1982-12-19,4500,17236290,Karachi
VEH005425,Usman Awan,14800-8796237-1,احمد اعوان,1982-12-19,4500,18237059,Karachi
VEH005426,Aisha ملک,68212-7117880-7,,1967-02-26,3000,10270275,Karachi
VEH005427,Ayesha Malik,68212-7117880-7,Osman Malik,1967-02-26,2900,10649555,Karachi
VEH005428,Ayesha Malik,68212-7117880-7,Osman Malick,1967-02-26,2800,9467328,Karachi
VEH005429,Aysha Malick,68212-7117880-7,Muhammed Osman ملک,1967-02-26,2900,10111334,Karachi
VEH005430,Hira Shaykh,77573-9192915-5,Mohammad عمران Sheikh,1995-06-26,1100,4477068,Faisalabad
VEH005431,ثناء ملک,35978-2724586-6,,1989-11-18,1300,5336904,Rawalpindi
VEH005432,Mohammad Raja,42267-3926611-4,احمد Raja,1964-06-10,900,2979304,Karachi
VEH005433,Muhammad احمد چوہدری,80261-7138864-9,بلال Ch.,1988-02-19,4500,16808691,Lahore
VEH005434,Ahmad Chaudhary,80261-7138864-3,بلال Chaudhary,1988-02-19,4500,18162603,Lahore
VEH005435,Muhammed Ahmed چوہدری,,Muhammad Bilal Choudhary,1988-02-19,4500,17116511,Lahore
VEH005436,احمد Ch.,80261-7138864-3,,1988-02-19,4500,17316724,Lahore
VEH005437,مریم Sayed,84376-7929507-7,احمد Sayyid,1991-12-23,1400,5163067,Rawalpindi
VEH005438,مریم Sayed,84376-7989507-7,Ahmed سید,1991-12-23,1200,4590468,Rawalpindi
VEH005439,حمزہ اعوان,,حسین اعوان,1957-07-04,2100,7835312,Islamabad
VEH005440,Hamza Awan,84939-3904950-8,Hussain Awan,1957-07-04,1800,6583222,Islamabad
VEH005441,Hamza Awan,64939-3904950-8,Husain اعوان,1957-07-04,1800,7104745,Islamabad
VEH005442,Ali Shaikh,,Imran Shaykh,1962-10-25,2500,8101309,Islamabad
VEH005443,حسن قریشی,,,1984-06-19,2300,7460943,Islamabad
VEH005444,زینب Moghul,88663-2515025-7,عثمان Moghul,1985-09-09,900,3479260,Islamabad
VEH005445,زینب مغل,88663-2515025-7,Muhammad Osman مغل,1985-09-09,800,2793359,Islamabad
VEH005446,ثناء راجہ,42296-5606273-8,Mohammed احمد Raja,1982-10-11,2500,9847497,Karachi
VEH005447,فاطمہ Chaudhary,,فیصل Choudhary,1987-04-02,1500,5963604,Karachi
VEH005448,Mohammed Ahmed Shaykh,62547-4178432-8,Hamza Shaykh,1958-08-22,1500,5713953,Lahore
VEH005449,Mohammad Faisal Sheikh,25507-7316674-9,Hamza Shaykh,1985-06-05,2000,6584040,Karachi
VEH005450,فیصل Shaykh,25507-7316674-9,Mohammad حمزہ Shaykh,1985-06-05,2000,7295098,Karachi
VEH005451,Mohammad فیصل Sheikh,,Hamza Shaikh,1985-06-05,2100,8224496,Karachi
VEH005452,حسن Raja,82191-8558551-1,Bilal Raja,1971-05-12,2500,10015946,Rawalpindi
VEH005453,فیصل Moghul,34616-8765028-9,,1987-06-16,1500,5805135,Lahore
VEH005454,Faisal قریشی,95563-3070361-0,Hamza قریشی,1973-05-08,3700,12645901,Lahore
VEH005455,فیصل Qureshi,95563-3070361-0,Muhammad حمزہ Quraishi,1973-05-08,3800,14156533,Lahore
VEH005456,علی Shaikh,86288-8166944-0,Muhammad Usman Shaikh,1968-12-27,1900,6188858,Lahore
VEH005457,Mohammad Bilal Butt,23060-9350446-3,Ahmad Bhatti,1997-04-11,1000,3305834,Rawalpindi
VEH005458,Hamzah Bhatti,64048-5402808-6,Hassan Butt,1977-12-27,4500,15001786,Faisalabad
VEH005459,Hamza Bhatti,64048-5402808-6,Hasan بٹ,1977-12-27,4500,14867808,Faisalabad
VEH005460,حمزہ Butt,64048-5402808-6,Muhammad Hasan Butt,1977-12-27,4500,18306944,Faisalabad
VEH005461,Hamzah Butt,64048-5402808-6,,1977-12-27,4500,15604902,Faisalabad
VEH005462,Mohammad ملک,,Usman ملک,,3600,14975145,Faisalabad
VEH005463,Mohammed ملک,78162-6095833-8,عثمان Malick,,3500,14174792,Faisalabad
VEH005464,محمد Malick,78169-6095833-8,,1968-10-08,3500,11614703,Faisalabad
VEH005465,Othman اعوان,95496-6111580-3,,1976-06-08,1200,4308861,Karachi
VEH005466,بلال Sayyid,80758-3851515-6,Mohammed Hussain Sayyid,1989-02-08,2200,8775248,Islamabad
VEH005467,Mohammad بلال Sayed,80758-3851515-6,Hussein Sayyid,1989-02-08,2100,7910226,Islamabad
VEH005468,Ali Butt,92639-5410214-9,Mohammed بلال بٹ,1987-06-14,1800,5775619,Lahore
VEH005469,Ali ملک,62067-6154009-8,Mohammed Hussein ملک,,1500,5856689,Islamabad
VEH005470,Muhammed Imran Chaudhry,85955-8881617-0,Mohammad Choudhary,1972-12-01,4500,17005654,Faisalabad
VEH005471,Bilal Khan,95465-9929411-2,Hassan Khan,1961-11-10,3100,12685848,Rawalpindi
VEH005472,Mohammad علی اعوان,68628-1608411-1,Bilal اعوان,,4500,15807151,Karachi
VEH005473,Ali اعوان,68628-1608311-1,Muhammed Bilal Awan,1996-04-20,4500,18803736,Karachi
VEH005474,Muhammed Ali Awan,68628-1608311-1,بلال Awan,1996-04-20,4300,14404655,Karachi
VEH005475,Ali اعوان,68628-1608311-1,Bilal Awan,1996-04-20,4500,18175815,Karachi
VEH005476,Hussain Shaykh,66193-4823993-4,,1979-01-16,700,2731234,Karachi
VEH005477,Mohammad حسن اعوان,,,,2300,8221039,Karachi
VEH005478,بلال Quraishi,57857-9181064-2,,1968-11-03,2800,10060734,Rawalpindi
VEH005479,Bilal Qureshi,57857-9181064-2,Mohammad Faisal قریشی,,2900,9881491,Rawalpindi
VEH005480,Bilal Raja,91595-9103309-5,بلال Raja,1992-09-18,1100,3663403,Faisalabad
VEH005481,حسین Moghul,67347-5700382-6,فیصل Moghul,2002-03-08,2600,10450469,Islamabad
VEH005482,Mohammad Hussain مغل,67347-5700382-6,Faisal Moghul,,2900,11871465,Islamabad
VEH005483,عائشہ ملک,41938-5413474-3,Hasan Malik,1986-09-23,800,2893533,Rawalpindi
VEH005484,Muhammed Faysal خان,86157-7547393-9,Muhammad خان,1980-12-21,2400,9613775,Rawalpindi
VEH005485,Imran اعوان,73052-7602269-2,Mohammed Usman Awan,1991-10-25,900,3015976,Karachi
VEH005486,فیصل Shaikh,47173-3751593-5,Ahmed Shaikh,1993-05-21,1400,5704724,Rawalpindi
VEH005487,بلال Raja,36897-4406588-3,Mohammed Ahmed Raja,1993-12-22,1400,4648470,Lahore
VEH005488,Muhammed Hussein Sayyid,89754-4226706-7,حسن Sayyid,1963-09-06,3700,14490748,Rawalpindi
VEH005489,Hussain Sayyid,89754-4226706-7,Hasan Sayyid,,3500,12387314,Rawalpindi
VEH005490,Hasan Shaykh,50333-7734396-5,حسین Shaykh,1973-10-20,2000,8200943,Karachi
VEH005491,Hassan Shaikh,,,1973-10-20,1900,6139881,Karachi
VEH005492,Hussain شیخ,33894-4576956-1,Muhammad Othman Sheikh,1989-10-20,2300,7839727,Faisalabad
VEH005493,عثمان Awan,56927-7802292-1,,1975-08-06,1500,5734182,Faisalabad
VEH005494,ثناء Moghul,30406-7301009-6,Mohammed حمزہ مغل,1998-07-11,2400,9180777,Islamabad
VEH005495,Hassan Raja,36336-4398815-4,Mohammed Hassan راجہ,1964-07-11,4500,17639451,Karachi
VEH005496,Mohammad حمزہ اعوان,80858-3333903-8,Mohammad Awan,1996-08-24,1700,6353758,Rawalpindi
VEH005497,مریم بٹ,14623-6696043-8,عمران Butt,1982-10-04,2200,7621871,Lahore
VEH005498,Maryam بٹ,14623-6696043-8,Imran بٹ,1982-10-04,2200,8413817,Lahore
VEH005499,Marium Butt,14623-6696043-8,Muhammad Imran بٹ,,2300,9241875,Lahore
VEH005500,Mohammed Hassan اعوان,88182-9487256-4,,,1000,4147703,Lahore
VEH005501,Muhammed Qureshi,,محمد Qureshi,1985-10-02,1600,5269664,Rawalpindi
VEH005502,Muhammed Hamzah سید,,,1978-11-12,1400,4487996,Lahore
VEH005503,حمزہ Sayyid,96531-6066183-1,حمزہ سید,,700,2556155,Islamabad
VEH005504,Muhammad Ahmed Sayed,64936-5525669-7,Muhammad Syed,,1200,4862397,Islamabad
VEH005505,Hussain Awan,63906-5832394-6,,,1200,4986341,Islamabad
VEH005506,Usman چوہدری,31203-2092880-4,بلال Chaudhary,1994-07-17,4200,14369667,Faisalabad
VEH005507,عثمان Ch.,31203-2092880-4,Bilal Chaudhary,,4100,13454653,Faisalabad
VEH005508,Marium Ch.,,Hussain Choudhary,1997-04-21,1300,4954895,Faisalabad
VEH005509,Mohammad حسن قریشی,44901-5774979-5,Hamzah Qureshi,,2000,7040289,Lahore
VEH005510,Hasan قریشی,44901-5774979-5,Hamzah Quraishi,1981-09-18,2200,7318977,Lahore
VEH005511,حمزہ Raja,81364-7477195-7,Ahmed Raja,,2200,9092352,Faisalabad
VEH005512,Mohammad مغل,34309-7908280-7,Muhammad حمزہ Mughal,1966-03-16,1000,3835789,Lahore
VEH005513,Fatima Chaudhry,31949-1110366-7,Usman Chaudhry,,1900,7304177,Lahore
VEH005514,فاطمہ Chaudhry,31949-1110366-7,عثمان Chaudhry,1998-12-14,1900,7069224,Lahore
VEH005515,Ahmad Sayyid,19981-1410605-9,Muhammed عمران Syed,1970-12-02,3700,13360721,Faisalabad
VEH005516,Ahmad Syed,19981-1410605-9,,1970-12-02,4000,15475058,Faisalabad
VEH005517,احمد Sayyid,19981-1410605-9,Muhammad عمران Syed,,4100,16079313,Faisalabad
VEH005518,Ahmad سید,,Muhammad Imran Sayyid,,3800,14306599,Faisalabad
VEH005519,Hassan بٹ,,بلال بٹ,1997-05-13,1400,4981808,Lahore
VEH005520,Mohammed Hasan بٹ,91564-6701437-0,,1997-05-13,1000,4054002,Lahore
VEH005521,عثمان ملک,10921-8955704-2,Imran ملک,1991-11-18,2400,9872640,Rawalpindi
VEH005522,Osman Malick,10921-8955704-2,Imran Malik,1991-11-18,2300,9131754,Rawalpindi
VEH005523,Zaynab سید,,Muhammed Osman Sayed,1959-08-03,3000,11100271,Rawalpindi
VEH005524,محمد Khan,44136-2769210-8,Ahmed خان,,4500,17541252,Islamabad
VEH005525,Mohammad خان,,Ahmed خان,,4500,16448743,Islamabad
VEH005526,Mohammed Hamzah Khan,51106-9602954-6,,1998-11-27,2400,9755255,Karachi
VEH005527,Fatimah Mughal,59160-5535296-3,Muhammad عمران Mughal,,1100,4177634,Karachi
VEH005528,Fatema Moghul,59160-5535296-3,Imran Mughal,1997-05-05,1100,4462541,Karachi
VEH005529,Husain Shaikh,55293-3581561-8,Osman شیخ,1998-04-07,3200,11123109,Islamabad
VEH005530,Mohammad Hussain شیخ,55293-3581561-8,Mohammad Osman Shaikh,1998-04-07,3200,11895709,Islamabad
VEH005531,Hussain Sheikh,55293-3581561-8,Othman شیخ,1998-04-07,3300,10574583,Islamabad
VEH005532,Husain Shaikh,55293-3581561-8,Othman شیخ,1998-04-07,3400,11604397,Islamabad
VEH005533,Mohammad Faisal Malik,56773-1276813-7,احمد Malick,1982-03-15,1100,4164681,Islamabad
VEH005534,Mohammad Osman Quraishi,32194-3259954-7,Hamza Quraishi,1989-03-07,1200,4938700,Rawalpindi
VEH005535,Husain Khan,69215-6968125-1,عثمان Khan,1965-12-11,2600,10467255,Islamabad
VEH005536,Maryam Awan,42233-1917926-1,عمران Awan,1968-12-26,3000,11677453,Faisalabad
VEH005537,فیصل خان,,Mohammed علی Khan,1968-11-21,900,3036698,Rawalpindi
VEH005538,حسن Chaudhry,85969-5097355-3,Imran Chaudhry,1998-10-04,1200,4846454,Rawalpindi
VEH005539,Hussain Raja,61088-6303902-9,حسن Raja,,2000,7680806,Faisalabad
VEH005540,Mohammed قریشی,66470-6083161-3,Faisal Quraishi,1960-12-17,2400,9764016,Rawalpindi
VEH005541,Sana Syed,95377-5735503-7,Muhammed Osman سید,1988-07-24,1200,5027048,Rawalpindi
VEH005542,Hasan Chaudhry,29055-5485134-8,Faisal Ch.,1958-01-01,2800,10066592,Lahore
VEH005543,Muhammed فیصل Chaudhry,95163-7830603-1,Husain Chaudhry,1984-04-07,800,3160770,Faisalabad
VEH005544,Muhammed Syed,85034-7274824-3,Husain Syed,1961-01-08,2400,9253546,Lahore
VEH005545,محمد Sayed,85034-7274824-3,Hussein Sayyid,1961-01-08,2800,11073413,Lahore
VEH005546,Zainab Quraishi,,علی Qureshi,1966-01-25,4500,18208275,Islamabad
VEH005547,Zainab Quraishi,47767-6132903-6,,,4500,14597900,Islamabad
VEH005548,زینب قریشی,47767-6132903-6,Ali Qureshi,,4500,14420015,Islamabad
VEH005549,زینب Qureshi,47767-6132903-6,علی قریشی,1966-01-25,4500,15641072,Islamabad
VEH005550,Sana Mughal,72119-6816897-3,Imran مغل,1957-11-06,3200,10725373,Faisalabad
VEH005551,Mohammed Usman Qureshi,74391-8129406-1,Hasan Qureshi,1998-01-17,1800,7004375,Islamabad
VEH005552,Mohammed خان,65826-3855691-0,فیصل خان,1994-12-02,1500,5485396,Karachi
VEH005553,ثناء خان,11667-9520299-5,Ali Khan,1976-10-10,2800,11034558,Faisalabad
VEH005554,ثناء خان,11667-9520299-5,Ali خان,1976-10-10,2900,11866221,Faisalabad
VEH005555,زینب سید,,Mohammad Husain سید,1962-04-09,1500,5322401,Faisalabad
VEH005556,Othman Quraishi,56496-7212285-2,,1994-03-03,1800,7530242,Islamabad
VEH005557,Hassan Butt,81779-8689935-9,Othman Bhatti,1984-04-14,1300,4871393,Karachi
VEH005558,Hasan Butt,81779-8689935-9,Osman Butt,1984-04-14,1200,4735855,Karachi
VEH005559,بلال Butt,78058-6501263-8,Muhammed بٹ,1997-11-13,4500,15321853,Karachi
VEH005560,بلال Bhatti,78058-6501263-8,Mohammed بٹ,1997-11-13,4500,16812538,Karachi
VEH005561,Mohammad بلال Bhatti,78058-6501263-8,,1997-11-13,4500,18092321,Karachi
VEH005562,بلال بٹ,78058-6501263-8,Muhammad Bhatti,1997-11-13,4500,18422909,Karachi
VEH005563,Hasan بٹ,88962-9112102-9,Muhammed عثمان Butt,1988-03-22,2200,8700811,Faisalabad
VEH005564,Muhammed Hassan Bhatti,88962-9110102-9,Mohammad عثمان بٹ,1988-03-22,2300,8068380,Faisalabad
VEH005565,Faysal Mughal,97239-1458119-5,Ali Mughal,1961-06-05,1200,3967378,Faisalabad
VEH005566,Faysal Moghul,,Ali Moghul,1961-06-05,1500,5234210,Faisalabad
VEH005567,احمد مغل,85931-2370904-5,Hassan Mughal,1972-11-14,3600,13136414,Lahore
VEH005568,Ahmed مغل,85931-2370904-5,حسن Mughal,1972-11-14,3700,15442229,Lahore
VEH005569,Ahmed Moghul,85931-2370904-5,Hassan مغل,1972-11-14,3600,12493678,Lahore
VEH005570,احمد مغل,85931-2370904-5,Mohammad Hasan Moghul,1972-11-14,3600,12243096,Lahore
VEH005571,Mohammad Sheikh,36326-9037341-4,حسین Shaikh,2002-03-12,1600,6022537,Rawalpindi
VEH005572,Muhammad شیخ,36326-3037341-4,حسین Shaikh,2002-03-12,1700,6839259,Rawalpindi
VEH005573,Mohammad Shaikh,36326-3037341-4,,2002-03-12,1900,6113359,Rawalpindi
VEH005574,احمد Khan,10398-7120141-3,حمزہ خان,1958-11-24,1400,4779591,Faisalabad
VEH005575,حرا ملک,88993-4002733-8,Imran Malik,1968-03-05,4200,15459354,Rawalpindi
VEH005576,Hira Malick,88993-4002733-8,,1968-03-05,4400,17936111,Rawalpindi
VEH005577,حرا ملک,88993-4002733-8,Imran Malik,,4500,16353264,Rawalpindi
VEH005578,Hira ملک,88993-4002733-8,Muhammed Imran Malik,1968-03-05,4400,17804333,Rawalpindi
VEH005579,Hamza Bhatti,32541-3846657-0,حمزہ بٹ,1958-08-07,900,3275085,Rawalpindi
VEH005580,Aisha Qureshi,35334-6301758-1,حسن قریشی,1975-11-24,1400,4566420,Islamabad
VEH005581,Hamza Sayyid,87842-9729075-8,,1992-07-17,1900,6381020,Rawalpindi
VEH005582,محمد مغل,,علی Moghul,1992-07-14,1100,3658371,Karachi
VEH005583,محمد Mughal,49717-4340684-4,Ali مغل,,1600,6008179,Karachi
VEH005584,Mohammed Moghul,,علی Moghul,1992-07-14,1000,3294445,Karachi
VEH005585,Muhammad عمران Raja,79104-3552839-1,بلال راجہ,,3900,14173951,Islamabad
VEH005586,Imran Raja,79104-3552839-1,Bilal راجہ,,4200,16632565,Islamabad
VEH005587,Muhammad Imran راجہ,79104-3552839-1,Mohammed بلال راجہ,1971-03-02,4100,14317258,Islamabad
VEH005588,عمران راجہ,79104-3552839-1,بلال راجہ,,4300,17252146,Islamabad
VEH005589,فیصل شیخ,48952-8188436-7,Hasan Shaykh,1968-02-02,4300,17999489,Faisalabad
VEH005590,فیصل Shaikh,48952-8188436-7,Muhammad Hasan Sheikh,1968-02-02,4000,15762097,Faisalabad
VEH005591,Faisal Sheikh,48952-8188436-7,Mohammed Hassan Shaykh,1968-02-02,4200,14010359,Faisalabad
VEH005592,Fatima Malik,95719-4552041-8,محمد Malik,1975-09-14,4400,14390663,Islamabad
VEH005593,عائشہ Sayed,,بلال Sayed,,1300,4463478,Lahore
VEH005594,Aysha Syed,60620-3570676-6,Bilal Sayed,2002-06-16,1500,5707226,Lahore
VEH005595,عائشہ Sayed,60620-3570676-6,,2002-06-16,1500,5290652,Lahore
VEH005596,Zaynab اعوان,77178-1367998-2,,1996-03-27,1700,5771361,Islamabad
VEH005597,فیصل ملک,32202-7550557-5,علی Malick,1997-11-24,4500,18705715,Islamabad
VEH005598,Faysal Malick,32202-7550557-5,,1997-11-24,4500,14498005,Islamabad
VEH005599,Muhammad فیصل Malik,32203-7550557-5,Ali Malick,1997-11-24,4500,17209390,Islamabad
VEH005600,Zainab Raja,61031-7917252-2,,1986-08-03,2100,6883984,Karachi
VEH005601,Muhammad Ahmad اعوان,,,1962-02-23,2700,10544411,Karachi
VEH005602,Muhammed احمد اعوان,44948-7203702-4,Husain Awan,1962-02-23,2400,9670245,Karachi
VEH005603,Ahmad Awan,44948-7203702-4,حسین Awan,1962-02-23,2500,9157822,Karachi
VEH005604,Faisal Sheikh,,Muhammad Ali Shaikh,1972-01-24,1400,5096442,Lahore
VEH005605,Faysal Sheikh,86107-1940400-3,Ali Shaykh,1972-01-24,1200,4110631,Lahore
VEH005606,فیصل شیخ,86167-1940400-3,علی Shaykh,1972-01-24,1300,5006128,Lahore
VEH005607,حرا Sayed,90196-2765955-3,Muhammed علی Sayed,1980-02-10,700,2610066,Islamabad
VEH005608,Usman قریشی,,Hussain Qureshi,1983-07-11,4500,15444011,Rawalpindi
VEH005609,Mohammed Othman Qureshi,92654-9848074-7,حسین Quraishi,1983-07-11,4500,15936644,Rawalpindi
VEH005610,Usman Qureshi,92654-9848074-7,Muhammad Hussain Qureshi,1983-07-11,4500,14614078,Rawalpindi
VEH005611,Mohammed عثمان Qureshi,92654-9848074-7,Husain Quraishi,,4500,15965985,Rawalpindi
VEH005612,Usman خان,98460-5714753-4,Hussein Khan,1982-09-22,1800,6106296,Rawalpindi
VEH005613,فیصل Khan,52614-6292254-2,Faysal خان,1989-01-15,1600,5137774,Faisalabad
VEH005614,حرا Quraishi,18438-8352716-0,Faysal Qureshi,1962-02-16,3200,11741644,Lahore
VEH005615,حرا Quraishi,18438-8352716-0,Muhammed Faisal Qureshi,1962-02-16,3300,11873803,Lahore
VEH005616,Faysal Shaykh,74863-7258634-8,Muhammed عثمان Shaikh,1983-01-26,1600,6137152,Karachi
VEH005617,Faysal Shaikh,74863-7258634-8,Othman شیخ,1983-01-26,1500,4971886,Karachi
VEH005618,عثمان مغل,89419-5016809-4,حسن Moghul,1985-01-06,2400,9310450,Faisalabad
VEH005619,Muhammed عثمان Mughal,89419-5016809-4,Hasan Mughal,1985-01-06,2300,7767733,Faisalabad
VEH005620,Mohammed Ahmad Awan,20022-5205360-7,حمزہ اعوان,1990-01-20,1200,3849540,Lahore
VEH005621,حمزہ Sayed,88057-5015326-7,,1999-12-22,1200,3926026,Karachi
VEH005622,حمزہ Sayed,88057-5015326-7,Ahmed سید,1999-12-22,1100,3849138,Karachi
VEH005623,Mohammed Malik,,Mohammed ملک,1997-06-10,1000,3291891,Karachi
VEH005624,بلال Awan,34325-2413903-5,Husain اعوان,1971-07-27,1600,6529551,Karachi
VEH005625,علی Raja,21396-2386519-8,,1970-09-03,1500,6274882,Islamabad
VEH005626,Muhammad Ali Raja,21396-2386519-8,عثمان Raja,1970-09-03,1400,5723727,Islamabad
VEH005627,Mohammed Ali راجہ,21396-2386519-8,Othman Raja,1970-09-03,1600,5869902,Islamabad
VEH005628,Ahmed مغل,63169-6340525-3,محمد Mughal,1997-05-17,1700,5875734,Faisalabad
VEH005629,Ahmed Mughal,63169-6340525-3,Muhammed Moghul,1997-05-17,1900,7474274,Faisalabad
VEH005630,عائشہ Awan,97338-4065917-1,Othman اعوان,1980-12-01,1900,6332807,Lahore
VEH005631,Usman Shaykh,80276-3018041-0,Bilal Shaikh,1992-07-04,700,2454816,Karachi
VEH005632,Hussein چوہدری,20190-2557085-0,Mohammed علی Chaudhary,2002-04-10,800,3161719,Islamabad
VEH005633,Mohammed راجہ,44393-1752597-9,Hassan Raja,1956-07-26,3900,15582239,Karachi
VEH005634,Muhammad Raja,44393-1752597-9,Hasan Raja,1956-07-26,3500,14317630,Karachi
VEH005635,Mohammed راجہ,44393-1752597-9,Hassan Raja,1956-07-26,3800,15339931,Karachi
VEH005636,Mohammad Raja,44393-1752597-9,Hasan راجہ,1956-07-26,3800,14727815,Karachi
VEH005637,عمران Shaykh,97230-2368183-4,Imran Shaikh,1973-07-08,1200,4934645,Rawalpindi
VEH005638,Faisal سید,73672-6211413-4,Hasan Syed,2002-05-05,1900,6569339,Karachi
VEH005639,Hassan Awan,14078-4043215-5,Hassan Awan,1976-04-20,4500,18223593,Lahore
VEH005640,Hassan Awan,14078-4043215-5,,1976-04-20,4500,15283957,Lahore
VEH005641,Muhammad Hasan اعوان,14078-4043215-5,Hasan Awan,1976-04-20,4500,15355760,Lahore
VEH005642,احمد Choudhary,83838-9688126-4,,1994-09-26,2700,9399791,Islamabad
VEH005643,Mohammed احمد Chaudhary,83838-9688126-4,Mohammad Ahmed Chaudhary,1994-09-26,2800,11251623,Islamabad
VEH005644,بلال ملک,79873-1365747-1,فیصل Malick,1968-10-09,1200,4566039,Islamabad
VEH005645,Aisha Ch.,41691-2951777-5,Faysal Ch.,1968-11-27,1400,5189216,Islamabad
VEH005646,Hassan Chaudhary,73186-7777008-0,Ali Chaudhary,1955-05-04,4500,16514586,Faisalabad
VEH005647,Mohammad حسن Ch.,73186-7777008-0,علی Choudhary,1955-05-04,4500,15596095,Faisalabad
VEH005648,حسن Choudhary,73186-7777008-0,علی Choudhary,1955-05-04,4500,15558037,Faisalabad
VEH005649,حسن Choudhary,73186-7777008-0,Ali Ch.,1955-05-04,4500,17743775,Faisalabad
VEH005650,Ahmed Malick,16406-5292100-7,Ali Malik,1984-12-01,1400,5768464,Lahore
VEH005651,عثمان Qureshi,47001-4911518-6,Mohammad قریشی,1974-02-04,2100,6980299,Karachi
VEH005652,Usman Qureshi,47001-4911918-6,محمد Quraishi,1974-02-04,2100,8537966,Karachi
VEH005653,Muhammad Raja,16364-5962979-5,احمد Raja,1963-07-23,1400,5109543,Rawalpindi
VEH005654,Sana Bhatti,73251-7440084-1,محمد Bhatti,1992-03-12,2200,7794966,Islamabad
VEH005655,Mohammad علی Raja,45249-9769440-8,Ahmad راجہ,1997-12-24,2600,10767620,Rawalpindi
VEH005656,Ali راجہ,45249-9769440-8,,1997-12-24,2300,9105981,Rawalpindi
VEH005657,حرا اعوان,14999-1680687-7,Muhammad Faisal اعوان,1990-06-03,2400,8252748,Karachi
VEH005658,Hira اعوان,14999-1680687-7,Faisal Awan,1990-06-03,2200,8548509,Karachi
VEH005659,Imran خان,86053-8312031-9,,1995-08-26,1300,4764870,Islamabad
VEH005660,Hasan Sheikh,14302-4712947-9,Hussain شیخ,1964-04-12,2200,8761702,Faisalabad
VEH005661,Hasan شیخ,14302-4712947-9,Husain Sheikh,1964-04-12,2300,8763107,Faisalabad
VEH005662,عثمان ملک,64382-9457246-3,Hassan Malik,1960-08-26,1400,5299233,Karachi
VEH005663,ثناء Khan,89670-6685224-6,Ali Khan,1969-09-04,2100,8363144,Rawalpindi
VEH005664,Ayisha Ch.,31025-7906958-2,Mohammed Imran Chaudhry,1983-04-10,1900,7054238,Rawalpindi
VEH005665,حرا ملک,31082-5802585-1,Mohammed Ahmad ملک,1960-12-25,1200,4523329,Faisalabad
VEH005666,Zainab بٹ,39816-6484384-8,Husain Butt,1966-05-14,3700,14650267,Islamabad
VEH005667,Hira اعوان,69904-9440913-8,Ahmad اعوان,1969-06-21,1600,5471564,Karachi
VEH005668,Zaynab Syed,53204-4033940-4,بلال سید,1995-11-13,1300,4390003,Lahore
VEH005669,زینب Sayed,53204-4033940-4,Bilal Sayed,1995-11-13,1400,4999481,Lahore
VEH005670,Aisha Chaudhary,77853-1013228-7,Hassan Chaudhry,,2000,7881787,Faisalabad
VEH005671,Aisha Choudhary,77853-1013228-7,حسن Choudhary,1980-11-22,2300,9045273,Faisalabad
VEH005672,عائشہ Choudhary,77853-1013228-7,Hassan Choudhary,1980-11-22,2000,7659627,Faisalabad
VEH005673,زینب Khan,27439-3618364-6,Hasan خان,,800,2681176,Karachi
VEH005674,Zainab خان,,Hassan Khan,,700,2696495,Karachi
VEH005675,عمران Qureshi,,فیصل قریشی,1995-05-13,1500,4988511,Rawalpindi
VEH005676,عمران Qureshi,,فیصل Qureshi,1995-05-13,1200,4503359,Rawalpindi
VEH005677,Mohammed Ali Malick,79642-1234671-8,,1979-03-04,1900,6847109,Rawalpindi
VEH005678,مریم Moghul,,Hassan مغل,1968-12-19,1800,6572673,Islamabad
VEH005679,ثناء Malik,,Ali Malik,1977-07-22,1100,3705711,Faisalabad
VEH005680,عمران Shaikh,30739-4274316-8,Ahmad Sheikh,2002-10-13,2400,9426847,Islamabad
VEH005681,بلال چوہدری,17875-7492750-7,فیصل چوہدری,1962-01-09,1400,5149582,Lahore
VEH005682,Hamzah Mughal,36303-3509878-1,Mohammed بلال Mughal,1964-09-06,1200,3998274,Faisalabad
VEH005683,Zainab Sayed,17614-5749988-5,عمران Sayyid,1993-05-11,1600,5911786,Rawalpindi
VEH005684,Husain Raja,97970-3043964-0,بلال Raja,1960-06-22,4200,16325132,Islamabad
VEH005685,بلال Syed,90931-3936989-8,,1960-01-22,3000,11212460,Rawalpindi
VEH005686,Ali Shaikh,62070-3777248-9,Mohammed Osman Sheikh,1966-11-07,1600,6383475,Islamabad
VEH005687,Muhammad Quraishi,33046-9294039-0,Imran Quraishi,1986-03-11,1200,4912514,Karachi
VEH005688,Muhammad Qureshi,33046-9294039-0,عمران Qureshi,1986-03-11,1100,4300710,Karachi
VEH005689,Othman خان,34738-4154919-3,Faysal Khan,2003-06-20,3200,11745982,Rawalpindi
VEH005690,Hira Choudhary,37014-8118809-0,Usman Choudhary,1985-05-16,2000,7904342,Faisalabad
VEH005691,مریم اعوان,21253-1659559-0,Muhammed Othman اعوان,1962-02-03,1600,5469923,Karachi
VEH005692,Mariam اعوان,,,1962-02-03,1600,6153207,Karachi
VEH005693,Mohammad Usman Raja,57257-2111926-2,,1972-09-22,900,3257398,Rawalpindi
VEH005694,Muhammad بلال Choudhary,10418-7907562-7,,1983-04-18,4200,15368488,Islamabad
VEH005695,Bilal Chaudhry,14618-7907562-7,Imran Chaudhary,1983-04-18,4300,16494107,Islamabad
VEH005696,Muhammad Bilal Choudhary,10618-7907562-7,Imran Chaudhary,1983-04-18,4200,16052437,Islamabad
VEH005697,Bilal Chaudhry,10618-7907562-7,Muhammed Imran Ch.,1983-04-18,4200,17623053,Islamabad
VEH005698,Muhammad Ali Sayyid,27927-4322938-9,Bilal Syed,1981-09-16,2200,7848976,Faisalabad
VEH005699,Muhammad Ali Sayed,27927-4322938-9,,1981-09-16,2000,7806149,Faisalabad
VEH005700,علی Sayyid,27927-4322938-9,بلال Syed,1981-09-16,2100,7317584,Faisalabad
VEH005701,Bilal Chaudhry,77215-8336273-8,,1990-11-17,1600,6396718,Karachi
VEH005702,Mohammed Usman سید,43196-9104596-6,,,2200,7238308,Lahore
VEH005703,Ayesha Sayed,,عثمان Sayyid,1974-09-01,1500,5802304,Lahore
VEH005704,Muhammed حمزہ Shaykh,77281-8488746-0,Imran Shaykh,,2400,9621419,Lahore
VEH005705,Faisal راجہ,93120-6971074-9,محمد راجہ,,2900,10569676,Karachi
VEH005706,Faisal Raja,93120-6171074-9,Muhammad راجہ,1996-01-26,3200,12762480,Karachi
VEH005707,Ahmad Syed,92866-5758384-0,Imran سید,1982-04-02,1100,4164056,Lahore
VEH005708,Bilal Chaudhry,54426-5356130-0,Ahmed Chaudhary,1964-04-14,800,3298200,Karachi
VEH005709,Hamza Syed,14197-2741280-6,Hamzah سید,,1400,4897525,Karachi
VEH005710,ثناء Malik,16355-6373547-3,,1968-05-20,1800,7384419,Lahore
VEH005711,Bilal Sayed,41658-3264991-6,,1988-10-04,2600,9625153,Karachi
VEH005712,بلال Sayyid,41658-3264991-6,Ali Sayyid,1988-10-04,2600,9339791,Karachi
VEH005713,حسین Qureshi,27455-5263770-1,Bilal Qureshi,1959-07-25,1800,7248649,Lahore
VEH005714,Muhammed Imran Malick,98275-8261783-7,Muhammed حسن ملک,1968-05-10,4500,17458086,Lahore
VEH005715,Imran Malick,98275-8261783-7,Hassan Malik,,4500,17899230,Lahore
VEH005716,عمران ملک,98275-8261783-7,Muhammad Hasan Malik,1968-05-10,4500,16009889,Lahore
VEH005717,عمران Malick,,Hasan ملک,1968-05-10,4500,17290415,Lahore
VEH005718,حمزہ راجہ,61717-7060352-4,فیصل Raja,1978-03-16,2100,8250082,Faisalabad
VEH005719,علی Khan,39324-4907992-1,Mohammed Khan,1970-04-15,800,3300495,Lahore
VEH005720,Ayesha Mughal,50517-4902217-1,بلال Mughal,1993-02-23,1300,4879827,Karachi
VEH005721,علی Quraishi,23185-2266968-8,Usman قریشی,1964-09-15,2200,7686375,Islamabad
VEH005722,حسن ملک,87996-1234017-6,Mohammed ملک,1972-07-15,3500,12650665,Karachi
VEH005723,Muhammad Hasan Malick,,Mohammad Malick,1972-07-15,3700,15053445,Karachi
VEH005724,بلال Moghul,22277-6607476-3,Hassan Moghul,2001-10-26,900,3655498,Karachi
VEH005725,Hasan Choudhary,33605-6586905-3,Mohammad Hassan Chaudhry,1994-08-21,2100,8582506,Karachi
VEH005726,Mohammed خان,39409-9609658-6,حسین خان,1992-11-20,1400,5095588,Faisalabad
VEH005727,حمزہ Moghul,27269-9821159-9,عمران مغل,1961-09-12,4500,15673922,Lahore
VEH005728,Hamza Moghul,27269-9821159-9,Mohammad Imran مغل,1961-09-12,4500,17373426,Lahore
VEH005729,Faisal ملک,45085-5382674-2,,1980-10-05,1300,5402153,Faisalabad
VEH005730,بلال Quraishi,23618-4395115-0,,1999-07-16,2100,7300475,Lahore
VEH005731,بلال قریشی,23618-4395115-0,Othman Quraishi,1999-07-16,2400,8432119,Lahore
VEH005732,Othman Qureshi,90843-7066706-0,Hussain Quraishi,1960-09-03,800,3261509,Islamabad
VEH005733,Zainab بٹ,94819-8811280-0,Muhammad Faisal Butt,1987-11-07,2100,7534475,Lahore
VEH005734,Zaynab بٹ,94819-8811280-0,فیصل Bhatti,1987-11-07,2200,9160750,Lahore
VEH005735,Hassan Choudhary,40577-8978284-1,Hassan Chaudhary,1966-08-19,1200,4759266,Faisalabad
VEH005736,Mariam ملک,78164-2038272-8,Mohammed Hussein Malik,1999-09-20,3300,13518537,Rawalpindi
VEH005737,مریم Malik,78164-2038272-8,Husain Malick,,3100,12392708,Rawalpindi
VEH005738,Fatimah بٹ,33074-9231432-2,علی بٹ,1963-01-27,2000,7244362,Lahore
VEH005739,Marium اعوان,46995-6182165-9,Ahmed Awan,1983-10-06,2300,7377193,Lahore
VEH005740,Marium اعوان,46995-6182165-9,Ahmad اعوان,1983-10-06,2600,10219022,Lahore
VEH005741,Ahmed Bhatti,61806-3104765-4,حمزہ Butt,1975-12-15,1300,4813990,Islamabad
VEH005742,Ayisha سید,34456-8342092-7,Muhammad Usman Sayyid,1995-07-10,1800,7080133,Faisalabad
VEH005743,Muhammed Awan,21944-1187690-4,Mohammed Hasan Awan,1971-11-14,1400,5523898,Lahore
VEH005744,بلال راجہ,96085-1025585-4,علی Raja,1983-05-20,1400,5672969,Rawalpindi
VEH005745,بلال راجہ,,Ali Raja,1983-05-20,1500,5600232,Rawalpindi
VEH005746,Ayisha چوہدری,13543-9634131-8,Muhammed Choudhary,1971-11-28,3100,12781947,Lahore
VEH005747,Mohammed Sayed,64228-4286074-2,Hussain Sayed,2000-03-01,2400,9105121,Rawalpindi
VEH005748,Hira Awan,,Husain Awan,1962-07-10,1800,7135185,Rawalpindi
VEH005749,Hira اعوان,82704-2185173-3,Husain اعوان,1962-07-10,1700,5925848,Rawalpindi
VEH005750,حرا Awan,,Hussein Awan,,1900,7512072,Rawalpindi
VEH005751,Sana چوہدری,,Bilal Choudhary,1999-09-25,900,2978315,Karachi
VEH005752,Bilal Quraishi,58794-2297200-6,Bilal قریشی,1998-04-26,2600,9877782,Karachi
VEH005753,Bilal Qureshi,58794-2297200-6,بلال Qureshi,1998-04-26,2400,10050438,Karachi
VEH005754,Mohammad Husain چوہدری,47078-2206773-7,Mohammed Ch.,1976-03-17,1100,4578085,Faisalabad
VEH005755,Mohammed Hasan خان,99819-2597640-9,,1955-03-14,2100,7442531,Karachi
VEH005756,علی ملک,24964-8187463-1,بلال Malick,1996-05-16,3400,14079559,Islamabad
VEH005757,Ali ملک,74964-8187463-1,Muhammad بلال Malick,1996-05-16,3600,12051834,Islamabad
VEH005758,Hira Mughal,49481-4111052-0,Hamzah Moghul,1978-03-27,2500,9346397,Karachi
VEH005759,Muhammad Faysal Mughal,31472-3757884-9,Muhammed مغل,,1400,5269127,Rawalpindi
VEH005760,Faysal خان,39448-3172702-9,Hamzah Khan,1976-12-08,3300,11825842,Rawalpindi
VEH005761,Imran راجہ,,علی Raja,1977-10-17,1000,3224540,Rawalpindi
VEH005762,Mohammad Bilal Sayyid,73018-3906607-4,Hasan Syed,1989-01-24,1600,5880837,Rawalpindi
VEH005763,Muhammad Bilal Sayyid,73018-3906607-4,حسن Sayed,1989-01-24,1700,5955693,Rawalpindi
VEH005764,Hasan اعوان,58203-1454363-7,,1969-11-10,1800,6381222,Rawalpindi
VEH005765,Othman Butt,38495-9191680-4,علی Bhatti,1958-03-22,1600,5311709,Lahore
VEH005766,Othman Butt,,علی Bhatti,1958-03-22,1800,6492146,Lahore
VEH005767,عثمان بٹ,38495-9191680-4,Ali Butt,1958-03-22,2100,8104362,Lahore
VEH005768,حسن Sheikh,95605-2557636-9,احمد Shaykh,1956-11-25,700,2742326,Karachi
VEH005769,Bilal ملک,,,1986-04-18,4500,17481977,Rawalpindi
VEH005770,Bilal Malik,80613-3732855-3,Ali Malik,1986-04-18,4200,15064117,Rawalpindi
VEH005771,Hamzah Mughal,20973-5121384-9,Hamzah Moghul,1969-02-21,900,2929387,Rawalpindi
VEH005772,حمزہ مغل,,,1969-02-21,900,3470208,Rawalpindi
VEH005773,Imran Butt,,Faysal بٹ,1974-05-07,2500,9889433,Islamabad
VEH005774,عمران بٹ,24882-2172740-2,Faisal Bhatti,1974-05-07,2700,9899273,Islamabad
VEH005775,Bilal شیخ,46491-9956427-8,Ahmad شیخ,1993-01-26,1800,6571034,Karachi
VEH005776,Muhammad Usman خان,97355-4655960-7,Imran Khan,1970-09-12,1600,6116837,Faisalabad
VEH005777,Muhammed Osman Khan,97355-4655960-7,,1970-09-12,1400,4904738,Faisalabad
VEH005778,Fatima Khan,19318-2237713-3,Mohammed حسین خان,1982-09-22,2200,8191540,Faisalabad
VEH005779,بلال مغل,54609-5602049-2,Bilal Moghul,1958-03-14,1800,5999590,Karachi
VEH005780,Bilal Mughal,,بلال مغل,1958-03-14,1700,6139483,Karachi
VEH005781,Muhammad Usman بٹ,,Faysal Bhatti,1960-10-16,3500,13123010,Islamabad
VEH005782,Muhammed Faisal Bhatti,50049-2044149-5,بلال Butt,1978-06-22,1000,3324851,Islamabad
VEH005783,علی اعوان,,Muhammed Bilal اعوان,,3400,11752790,Rawalpindi
VEH005784,Ali اعوان,,Muhammad Bilal اعوان,1996-12-24,3100,10810770,Rawalpindi
VEH005785,Mohammad Sheikh,,Imran Shaikh,1999-10-24,1300,4245053,Rawalpindi
VEH005786,Muhammad Hassan Raja,65006-6181872-5,عمران Raja,,1200,4165964,Rawalpindi
VEH005787,مریم ملک,79504-1344102-6,Muhammad Husain ملک,1985-03-28,2400,8615120,Rawalpindi
VEH005788,Marium ملک,79504-1344102-6,Husain Malick,1985-03-28,2500,8083023,Rawalpindi
VEH005789,Mariam Malik,79504-1344102-6,حسین Malik,1985-03-28,2700,9412273,Rawalpindi
VEH005790,Mohammad Butt,64091-5864003-2,Bilal Butt,1958-05-01,2600,10424164,Faisalabad
VEH005791,Mohammed Bhatti,64091-5864003-2,,1958-05-01,2600,8813583,Faisalabad
VEH005792,Muhammad بٹ,64091-5864003-2,Bilal بٹ,1958-05-01,2800,10744362,Faisalabad
VEH005793,Mohammed Faisal شیخ,41661-9920916-2,Bilal Shaikh,,1000,3771674,Faisalabad
VEH005794,Mohammed Faysal Mughal,44454-6462514-0,Hamzah Mughal,2002-09-09,1100,3815482,Faisalabad
VEH005795,Faisal Moghul,,Mohammed Hamza Moghul,2002-09-09,900,3482527,Faisalabad
VEH005796,عمران Chaudhry,92351-7487910-8,Mohammed بلال Chaudhary,1999-03-23,1600,6614107,Karachi
VEH005797,زینب خان,29261-3716297-3,Hussein خان,1994-03-14,2800,9108042,Faisalabad
VEH005798,زینب خان,29261-3716297-3,,1994-03-14,3100,12091889,Faisalabad
VEH005799,Zaynab Khan,29261-3716297-3,,1994-03-14,3200,12141806,Faisalabad
VEH005800,Zaynab Khan,29261-3716297-3,,,3400,11907805,Faisalabad
VEH005801,علی Sheikh,,علی شیخ,1973-06-05,1800,7315108,Islamabad
VEH005802,علی Sheikh,,Mohammed علی Sheikh,1973-06-05,1800,6327772,Islamabad
VEH005803,Mohammad Imran راجہ,37962-9752205-1,Ahmad Raja,1961-09-10,1800,7529423,Rawalpindi
VEH005804,Mohammad عمران راجہ,37962-9752205-1,Mohammed احمد راجہ,1961-09-10,1700,5540047,Rawalpindi
VEH005805,حسن سید,31320-5458780-9,,1983-12-05,3000,11522317,Faisalabad
VEH005806,Hasan Syed,31320-5458780-9,حسین Sayyid,1983-12-05,3300,11821144,Faisalabad
VEH005807,Ahmad Bhatti,58830-2989058-2,,1971-12-24,2300,8644421,Faisalabad
VEH005808,Muhammad Ahmad Butt,58830-2989058-2,Muhammad Faysal Butt,1971-12-24,2000,8370653,Faisalabad
VEH005809,Ahmad Butt,58830-2989058-2,,,2100,6805379,Faisalabad
VEH005810,Muhammad Othman Raja,,Mohammad راجہ,2002-07-19,4500,14704492,Faisalabad
VEH005811,Osman Raja,78757-9580380-4,Mohammad راجہ,2002-07-19,4400,16979601,Faisalabad
VEH005812,Osman راجہ,78757-9580380-4,Muhammed راجہ,2002-07-19,4500,17421991,Faisalabad
VEH005813,Muhammad Usman راجہ,78757-9580380-4,,2002-07-19,4500,15860830,Faisalabad
VEH005814,Ali Malick,39485-5263180-1,محمد Malick,1975-10-16,1200,4436488,Faisalabad
VEH005815,علی Malik,,Mohammad Malick,1975-10-16,1400,5690192,Faisalabad
VEH005816,Mohammad Imran اعوان,17476-1034314-8,Imran Awan,1999-04-19,4200,17320907,Lahore
VEH005817,عمران اعوان,17476-1034314-8,عمران Awan,1999-04-19,4200,16342840,Lahore
VEH005818,Hussein اعوان,85590-3533354-3,,1976-04-13,3000,10517145,Lahore
VEH005819,Hussein Awan,85590-3533354-3,,1976-04-13,2700,10787482,Lahore
VEH005820,Faisal Malick,32623-6074729-6,علی ملک,1985-02-25,2300,7768608,Lahore
VEH005821,Mohammed Faisal Malick,,Ali Malick,1985-02-25,2100,6854304,Lahore
VEH005822,Muhammad Khan,,Mohammed Khan,1985-10-12,1300,4653037,Rawalpindi
VEH005823,بلال Raja,27371-9820389-8,فیصل Raja,,2100,7563356,Rawalpindi
VEH005824,بلال Raja,27371-9820389-8,,1986-08-16,2000,6895994,Rawalpindi
VEH005825,محمد Chaudhary,54748-4286800-2,Mohammed حسین Chaudhry,1967-09-09,3600,13024332,Rawalpindi
VEH005826,Mohammed Chaudhry,54748-4286800-2,Husain Chaudhry,1967-09-09,3200,10668925,Rawalpindi
VEH005827,Mohammed چوہدری,54748-4286800-2,Muhammed Husain Ch.,1967-09-09,3300,13328520,Rawalpindi
VEH005828,فاطمہ Awan,,عمران Awan,1967-03-21,4500,17207891,Karachi
VEH005829,Fatima Awan,85281-6837771-4,Imran Awan,1967-03-21,4500,15716025,Karachi
VEH005830,Fatima اعوان,85281-6837771-4,عمران اعوان,1967-03-21,4500,15662787,Karachi
VEH005831,Fatimah Awan,85281-6837771-4,Muhammed Imran Awan,1967-03-21,4500,16045085,Karachi
VEH005832,Muhammad Moghul,76874-5305401-1,Hamza مغل,1969-07-05,3000,11683305,Rawalpindi
VEH005833,حسن شیخ,75248-7756376-5,عمران Sheikh,1960-08-19,3700,11895186,Islamabad
VEH005834,حسن Shaikh,75248-7756376-5,Imran Shaikh,,3600,12080188,Islamabad
VEH005835,Hassan Shaikh,75248-7756376-5,Mohammad Imran Shaikh,1960-08-19,3700,13194013,Islamabad
VEH005836,Hasan Shaikh,75248-7756376-5,عمران Sheikh,1960-08-19,3800,12196952,Islamabad
VEH005837,علی Butt,44840-7045269-8,بلال بٹ,1983-03-21,1500,4868239,Rawalpindi
VEH005838,Husain Malick,55145-3016214-8,Hussein Malick,1958-07-07,3900,13682270,Karachi
VEH005839,Hussein Malik,55145-3016214-8,Hussein ملک,1958-07-07,3700,15475852,Karachi
VEH005840,Aysha Qureshi,35707-4287566-0,Muhammed فیصل Quraishi,1967-07-15,1800,6355086,Faisalabad
VEH005841,Ayesha Qureshi,35707-4287566-0,فیصل Quraishi,1967-07-15,1800,6871234,Faisalabad
VEH005842,بلال Raja,50106-1428528-3,Muhammad Bilal Raja,1998-12-26,4500,15097730,Lahore
VEH005843,بلال راجہ,,بلال Raja,1998-12-26,4500,17209660,Lahore
VEH005844,بلال راجہ,50106-1428528-3,بلال راجہ,1998-12-26,4500,18796243,Lahore
VEH005845,بلال Raja,50106-1428528-3,,1998-12-26,4500,17243824,Lahore
VEH005846,Hamza خان,,Muhammed Khan,,1800,7126334,Faisalabad
VEH005847,Mohammad حمزہ Quraishi,33261-6962840-4,Mohammed حمزہ قریشی,1995-02-27,1500,5527820,Karachi
VEH005848,علی راجہ,87792-2666067-4,Muhammed Faisal راجہ,1977-12-06,2400,9776340,Faisalabad
VEH005849,Ali Raja,,Faisal راجہ,1977-12-06,1900,6665219,Faisalabad
VEH005850,Ali راجہ,87792-2666067-4,فیصل Raja,1977-12-06,2000,8068931,Faisalabad
VEH005851,فیصل Qureshi,95441-2447099-4,Hasan Quraishi,1957-09-24,2100,8143545,Faisalabad
VEH005852,Ahmad Awan,70720-9226261-9,علی Awan,1977-02-20,1700,5940666,Islamabad
VEH005853,حرا Shaykh,33224-2544816-5,Mohammed عمران Sheikh,1959-05-16,1900,7953087,Rawalpindi
VEH005854,Fatima اعوان,30955-8538580-5,Muhammed Ahmed اعوان,1968-02-26,1100,3533102,Islamabad
VEH005855,Mohammed Ahmad Khan,24893-7999597-3,احمد Khan,1969-02-04,1100,4142944,Karachi
VEH005856,فیصل Malick,64311-2915948-2,Imran ملک,1977-11-12,2500,10015337,Rawalpindi
VEH005857,Faisal بٹ,29877-9451509-9,Imran Bhatti,1963-05-25,1700,6392109,Karachi
VEH005858,Othman Malik,73902-5452062-6,Hassan Malick,2003-05-19,4500,16925894,Islamabad
VEH005859,Muhammad Usman ملک,73902-5452062-6,Hasan Malick,2003-05-19,4500,16692523,Islamabad
VEH005860,Usman ملک,73902-5452062-6,Hasan Malick,2003-05-19,4500,15993913,Islamabad
VEH005861,Usman Malick,73902-5452062-6,Muhammad حسن Malik,,4500,16270052,Islamabad
VEH005862,Muhammad Hamzah ملک,61624-4493598-3,Mohammed بلال Malik,2002-07-04,1300,4872123,Karachi
VEH005863,عثمان Malik,48612-9027162-2,عمران Malick,1971-02-06,2700,8662578,Islamabad
VEH005864,Mohammed Othman Malick,48617-9027162-2,,1971-02-06,3000,12072587,Islamabad
VEH005865,Usman ملک,,,1971-02-06,2700,10766233,Islamabad
VEH005866,عثمان Malick,48612-9027162-2,عمران Malick,1971-02-06,3000,11756329,Islamabad
VEH005867,عمران قریشی,12616-1379740-1,فیصل قریشی,1990-04-13,2600,9935688,Islamabad
VEH005868,Aysha Khan,88255-5998474-5,Othman Khan,2003-02-14,2800,11655342,Islamabad
VEH005869,Aysha Khan,88255-5998474-5,Usman خان,2003-02-14,2500,10362089,Islamabad
VEH005870,Hira مغل,37397-9785373-2,Muhammed حسن Mughal,1965-12-18,4500,15481036,Islamabad
VEH005871,Hira مغل,37397-9785373-2,حسن Mughal,1965-12-18,4500,15963673,Islamabad
VEH005872,Hira Mughal,,Hasan Mughal,1965-12-18,4500,15885027,Islamabad
VEH005873,حرا Mughal,37397-9785373-2,,1965-12-18,4500,16805264,Islamabad
VEH005874,Faysal قریشی,73268-2890624-7,Muhammed عثمان Quraishi,,1600,5349686,Islamabad
VEH005875,Mohammed فیصل Quraishi,83268-2890624-7,Othman Quraishi,1989-05-22,1500,6051360,Islamabad
VEH005876,Aysha Moghul,34182-3905668-1,حمزہ مغل,1973-08-16,1700,5499017,Rawalpindi
VEH005877,Maryam Awan,71755-2784597-8,حمزہ اعوان,1962-09-26,1500,5345812,Karachi
VEH005878,Mariam Awan,71755-2784517-8,Hamza اعوان,1962-09-26,1800,7275647,Karachi
VEH005879,Mohammed ملک,25113-8123552-2,علی Malick,1981-01-22,1800,5840300,Faisalabad
VEH005880,Muhammad احمد چوہدری,83459-6745164-9,Imran چوہدری,1963-08-26,4500,18810642,Islamabad
VEH005881,Muhammad بلال ملک,60994-6734154-0,Mohammed عمران Malik,1966-06-23,2100,7053725,Karachi
VEH005882,Mohammad Usman Sayyid,82224-4652154-7,Faysal Syed,2001-06-06,3400,12160275,Lahore
VEH005883,Hassan Mughal,22344-1423722-2,بلال Mughal,1999-05-07,3300,12574570,Lahore
VEH005884,حسن Mughal,22344-1423722-2,Bilal Moghul,1999-05-07,3400,12547258,Lahore
VEH005885,حسن Moghul,22344-1423722-2,Muhammad Bilal مغل,1999-05-07,3300,13140599,Lahore
VEH005886,Muhammad Khan,29322-1527787-7,,1967-12-10,900,3651324,Lahore
VEH005887,Imran سید,26809-7001010-6,Muhammad Hasan Syed,1983-12-19,4500,15034479,Faisalabad
VEH005888,Imran سید,26809-7001010-6,Hassan Syed,1983-12-19,4500,16178022,Faisalabad
VEH005889,عمران Sayyid,26809-7001010-6,Hassan Sayyid,1983-12-19,4500,17421671,Faisalabad
VEH005890,Mohammad Imran Raja,32016-6752636-0,Faysal Raja,2001-07-12,1700,5760051,Karachi
VEH005891,احمد Awan,25993-7076904-9,Hassan اعوان,1959-07-10,700,2823286,Karachi
VEH005892,Usman خان,39015-0814827-0,Imran خان,1960-06-27,4000,15513956,Rawalpindi
VEH005893,عثمان Khan,39015-3814827-0,عمران خان,1960-06-27,4000,13846741,Rawalpindi
VEH005894,Mohammed Osman Khan,39015-3814827-0,عمران Khan,1960-06-27,4300,17165225,Rawalpindi
VEH005895,Osman خان,39015-3814827-0,Imran خان,1960-06-27,4100,16627314,Rawalpindi
VEH005896,فیصل Shaykh,86081-4536799-0,عثمان شیخ,1992-10-15,2600,10061099,Faisalabad
VEH005897,Mohammed علی Malik,62636-3575605-0,Ali Malik,1978-05-06,2700,9775465,Lahore
VEH005898,Ali ملک,62636-3575605-0,علی Malik,1978-05-06,2800,10307753,Lahore
VEH005899,Ali ملک,62636-3575605-0,Ali ملک,1978-05-06,2200,9169515,Lahore
VEH005900,Ali Malick,,علی Malik,1978-05-06,2600,10838434,Lahore
VEH005901,Hassan ملک,77972-1611485-3,علی Malick,1987-03-04,4100,14284608,Faisalabad
VEH005902,Hasan Shaykh,42935-6429340-4,Muhammad Ahmed Shaikh,2000-10-03,2800,9194320,Islamabad
VEH005903,Hassan شیخ,42935-6429340-4,,2000-10-03,2400,9616123,Islamabad
VEH005904,Hasan Shaikh,42936-6429340-4,Muhammad احمد شیخ,2000-10-03,2800,9288484,Islamabad
VEH005905,Zainab Sayed,15043-2918023-7,Hussein سید,1955-10-13,4500,16977395,Rawalpindi
VEH005906,Zainab Sayed,15043-2918023-7,Husain Sayyid,1955-10-13,4500,16186213,Rawalpindi
VEH005907,Zainab سید,15043-2918023-7,Muhammed حسین Sayyid,1955-10-13,4500,14455543,Rawalpindi
VEH005908,Zainab Sayyid,15043-2918023-7,Hussain Sayed,1955-10-13,4500,14843834,Rawalpindi
VEH005909,Sana Sayyid,64691-5201454-9,Mohammed Usman سید,1974-05-03,2900,9835625,Karachi
VEH005910,ثناء Sayed,64691-5201454-9,Osman Syed,1974-05-03,3200,13130628,Karachi
VEH005911,Hamza Butt,74912-4659571-0,Muhammad حسین بٹ,1981-12-08,3000,12077638,Faisalabad
VEH005912,حمزہ Bhatti,74912-4659571-0,Mohammed Hussain Bhatti,1981-12-08,2800,11653551,Faisalabad
VEH005913,Hamza Butt,74912-4659571-0,Mohammad Hussein Bhatti,1981-12-08,2900,9866228,Faisalabad
VEH005914,حمزہ Bhatti,74913-4659571-0,Mohammed Hussain بٹ,1981-12-08,2800,10440749,Faisalabad
VEH005915,زینب چوہدری,52139-9367044-6,,1978-05-02,4500,14422935,Islamabad
VEH005916,Hassan Quraishi,42834-4190868-3,Imran Qureshi,1997-05-04,1600,6173163,Lahore
VEH005917,Mariam Qureshi,,Mohammad Quraishi,1960-11-20,1900,6676708,Karachi
VEH005918,عمران Mughal,99576-9156231-5,حمزہ Mughal,1992-01-21,3700,15252788,Lahore
VEH005919,Mohammad عمران مغل,99576-9156231-5,Hamzah Mughal,,3400,12862592,Lahore
VEH005920,Zainab Butt,13033-4405346-9,,,1100,4135980,Karachi
VEH005921,زینب Bhatti,23033-4405346-9,Hussain Bhatti,,700,2475934,Karachi
VEH005922,Hussain خان,88104-6744896-6,Muhammad علی Khan,1976-09-20,2000,7332475,Faisalabad
VEH005923,Hussein خان,88104-6704896-6,,1976-09-20,2500,9903026,Faisalabad
VEH005924,Osman Quraishi,91362-1768197-5,Mohammed Usman Qureshi,1994-11-28,1700,6617793,Lahore
VEH005925,Muhammed Imran راجہ,,عمران Raja,2003-06-25,4500,18732306,Islamabad
VEH005926,Imran راجہ,50497-5261802-4,Muhammed عمران راجہ,2003-06-25,4500,18018308,Islamabad
VEH005927,عمران Raja,50497-5261892-4,,,4500,15286530,Islamabad
VEH005928,Imran راجہ,50497-5261802-4,,2003-06-25,4500,18515207,Islamabad
VEH005929,حمزہ Sheikh,84819-6880125-9,احمد شیخ,1981-10-14,1500,5318379,Rawalpindi
VEH005930,Muhammad احمد Malick,46432-1913063-7,حسین Malik,1956-06-06,3300,11572677,Karachi
VEH005931,Muhammad Osman Quraishi,68994-6426469-3,,1982-03-08,1400,5415914,Faisalabad
VEH005932,حرا ملک,51904-2990475-9,Faysal Malik,1994-11-08,900,3760353,Lahore
VEH005933,Muhammad Hamzah اعوان,14149-5032361-2,,1985-02-15,1600,6647416,Rawalpindi
VEH005934,عمران Syed,82422-4072162-2,Hasan Sayed,1976-02-14,4500,18576119,Karachi
VEH005935,Sana Sayyid,,محمد Sayyid,,1200,4734991,Karachi
VEH005936,Sana Sayyid,42996-3829605-2,Mohammed Sayyid,1967-12-20,1400,5036911,Karachi
VEH005937,حمزہ مغل,26771-5584538-1,Mohammed Husain Moghul,1956-07-03,4500,18118136,Rawalpindi
VEH005938,Mohammad حمزہ Mughal,26771-5584538-1,Hussein Mughal,1956-07-03,4500,17174518,Rawalpindi
VEH005939,Mohammad Hamza Moghul,26771-4584538-1,Muhammad Husain مغل,1956-07-03,4500,16380892,Rawalpindi
VEH005940,حمزہ Moghul,26771-5584538-1,Mohammad Hussain Moghul,1956-07-03,4500,15815416,Rawalpindi
VEH005941,احمد Butt,,Hasan Butt,1988-10-16,1300,4744045,Lahore
VEH005942,بلال Quraishi,89293-6517383-4,Muhammad Qureshi,,1800,6923847,Karachi
VEH005943,Mohammed Osman Quraishi,85304-8797395-2,بلال قریشی,1968-02-15,1200,3910981,Karachi
VEH005944,Bilal Shaykh,66374-2580681-3,Imran Sheikh,1980-08-21,4500,17880020,Karachi
VEH005945,Muhammad بلال Shaikh,66374-2580681-3,,,4500,18061947,Karachi
VEH005946,Bilal Sheikh,66374-2580681-3,عمران شیخ,1980-08-21,4500,16549806,Karachi
VEH005947,بلال Shaikh,66374-2580681-0,Imran Shaykh,1980-08-21,4500,17390461,Karachi
VEH005948,Mohammad Ch.,59569-4670771-3,حسین Choudhary,,2300,8400679,Islamabad
VEH005949,Muhammad Chaudhry,59569-4670771-3,حسین Chaudhry,1984-06-23,2500,9957770,Islamabad
VEH005950,عمران Quraishi,38563-3007992-3,Muhammed عمران Quraishi,1984-01-09,2600,9070459,Faisalabad
VEH005951,Muhammad Imran قریشی,38563-3007992-3,عمران Qureshi,,2100,7052587,Faisalabad
VEH005952,Ahmad قریشی,14730-8438790-8,حمزہ Qureshi,1963-11-05,2100,7499706,Faisalabad
VEH005953,Ali خان,68952-1681919-8,Mohammad Hussain Khan,1955-06-18,1200,4612017,Rawalpindi
VEH005954,Mohammad Osman Quraishi,72528-3251791-8,Faysal Qureshi,1966-05-22,1800,6155021,Islamabad
VEH005955,Zaynab Sayyid,,عمران Sayed,,1900,6620599,Rawalpindi
VEH005956,Faysal اعوان,11146-9204399-8,Ali Awan,1998-10-19,1700,6253136,Rawalpindi
VEH005957,Muhammed Faisal Awan,11146-9204399-8,Ali Awan,1998-10-19,1200,4774960,Rawalpindi
VEH005958,Mariam راجہ,,,1955-12-08,4500,16221171,Karachi
VEH005959,مریم راجہ,66867-6205775-8,Bilal Raja,1955-12-08,4500,15242303,Karachi
VEH005960,مریم Raja,66867-6205775-8,Mohammed Bilal راجہ,1955-12-08,4500,17355829,Karachi
VEH005961,Mariam Raja,66867-6205775-8,Muhammad بلال راجہ,,4500,17511625,Karachi
VEH005962,Muhammad احمد خان,18602-1631057-2,Imran خان,1955-09-21,1900,7024953,Lahore
VEH005963,Ahmed Khan,18602-1631057-3,Imran Khan,,1600,6123779,Lahore
VEH005964,بلال بٹ,39899-4230123-6,Mohammed Hussain Butt,1958-12-05,1200,3896144,Faisalabad
VEH005965,Muhammad Hamza Mughal,16225-3729885-6,Ali مغل,,1400,5606321,Karachi
VEH005966,Hamzah مغل,16225-3729885-6,Mohammad علی مغل,2001-04-26,1300,5044601,Karachi
VEH005967,علی Khan,72000-4437470-8,Faysal خان,1993-03-03,2000,7200582,Karachi
VEH005968,علی Khan,72000-4437470-8,,1993-03-03,1800,7535311,Karachi
VEH005969,Faisal Malick,36598-2953892-3,Hussein Malick,1965-11-28,1800,6292665,Faisalabad
VEH005970,Muhammad فیصل ملک,36598-2953892-3,Mohammed Hussain Malick,1965-11-28,2000,7191046,Faisalabad
VEH005971,Muhammad سید,79493-9495958-3,Muhammed علی Sayyid,1970-12-28,1100,3901876,Karachi
VEH005972,Mohammad Malik,,حسین ملک,1973-07-05,1400,5406867,Islamabad
VEH005973,Hira Butt,,احمد Bhatti,1973-12-07,1600,6467856,Karachi
VEH005974,Ahmad سید,,Hamzah Sayed,1972-07-17,1200,4841918,Islamabad
VEH005975,Muhammed بلال Shaikh,48152-7073858-7,Mohammed حسن Shaykh,2002-01-20,1400,4792270,Islamabad
VEH005976,Ali ملک,66879-1625052-0,Usman Malick,2000-08-17,4500,15013113,Karachi
VEH005977,علی ملک,66879-1625052-0,Othman Malik,2000-08-17,4500,15579816,Karachi
VEH005978,علی ملک,66879-1625052-0,Osman Malik,2000-08-17,4500,17592849,Karachi
VEH005979,Ali Malik,66879-1625052-0,,2000-08-17,4500,14869706,Karachi
VEH005980,محمد Shaykh,96615-1096225-9,Hussain شیخ,,1100,3779915,Rawalpindi
VEH005981,Muhammad احمد Awan,57776-4567208-9,Hasan اعوان,1999-05-12,2400,8838349,Islamabad
VEH005982,Zaynab راجہ,35015-3465704-9,Hussain راجہ,1964-12-27,4500,15537529,Rawalpindi
VEH005983,زینب راجہ,35011-3465704-9,Husain راجہ,,4500,14510447,Rawalpindi
VEH005984,Zainab Raja,35011-3465704-9,Mohammad Husain Raja,1964-12-27,4500,18414658,Rawalpindi
VEH005985,زینب راجہ,35011-3465704-9,Husain Raja,1964-12-27,4500,18261709,Rawalpindi
VEH005986,Hussain Sheikh,55920-6799303-9,Mohammad علی Shaikh,1980-12-21,2500,10353222,Islamabad
VEH005987,Husain Shaikh,55920-6799303-9,Mohammad علی Shaykh,1980-12-21,2500,8764251,Islamabad
VEH005988,Mohammad Hamza Malick,58276-6285988-5,Mohammed حسین Malik,1958-12-22,2600,9205307,Karachi
VEH005989,حمزہ Malik,58276-6285988-5,Muhammed Hussain Malik,1958-12-22,2300,8749089,Karachi
VEH005990,Hasan Choudhary,63509-1457392-8,Muhammed بلال Choudhary,1966-03-14,1100,4148099,Faisalabad
VEH005991,Ayesha مغل,14889-2370842-6,,1982-01-28,3800,14287149,Karachi
VEH005992,Ayesha Moghul,,,1982-01-28,3800,13768311,Karachi
VEH005993,Ayisha Mughal,14889-2370842-6,Hasan مغل,1982-01-28,3800,12838722,Karachi
VEH005994,Faisal Chaudhary,57147-1799877-9,Muhammad Chaudhry,,2700,10961902,Faisalabad
VEH005995,Faysal Chaudhry,57147-1799877-9,Mohammed چوہدری,,2900,10554414,Faisalabad
VEH005996,Mohammad Faisal چوہدری,57147-1799877-9,Muhammed چوہدری,1968-09-06,2800,10233294,Faisalabad
VEH005997,Ali اعوان,92799-8908011-0,Hamza Awan,1961-05-26,1100,4174157,Faisalabad
VEH005998,Ali Awan,92799-8908011-0,حمزہ اعوان,1961-05-26,1000,3661853,Faisalabad
VEH005999,Hamzah Malick,,Muhammad Faysal Malik,1961-10-18,4500,17144913,Karachi
VEH006000,Hamza Malik,56456-6556080-5,Faisal ملک,1961-10-18,4500,15403316,Karachi
VEH006001,Bilal Khan,25294-5037047-3,Muhammad حمزہ خان,2002-06-11,1000,3546753,Rawalpindi
VEH006002,Ali اعوان,34582-7553026-9,Muhammed Hamza اعوان,1959-10-27,1300,4282149,Rawalpindi
VEH006003,Muhammad احمد چوہدری,,Mohammad Hasan Ch.,1968-07-25,3400,14030904,Islamabad
VEH006004,Ahmed Chaudhary,39082-1525233-6,Hasan Choudhary,1968-07-25,3300,11964950,Islamabad
VEH006005,Zaynab خان,92706-4378540-6,Muhammed Khan,1993-04-13,900,3315132,Islamabad
VEH006006,زینب خان,92706-4378540-6,Muhammed خان,1993-04-13,1200,4556472,Islamabad
VEH006007,Ahmed Awan,,Imran Awan,1995-01-26,900,3389357,Rawalpindi
VEH006008,Mohammed Hamza بٹ,72378-2535939-6,,1968-12-11,3100,10264299,Rawalpindi
VEH006009,Hamza Bhatti,,,1968-12-11,2800,10263560,Rawalpindi
VEH006010,Muhammad Hamza Butt,72378-2535939-6,Muhammed Butt,1968-12-11,2900,12014074,Rawalpindi
VEH006011,Hamza بٹ,,Mohammed بٹ,1968-12-11,2800,9356336,Rawalpindi
VEH006012,Mohammed عثمان Bhatti,31624-9663301-8,Usman بٹ,1999-02-10,1700,5809119,Rawalpindi
VEH006013,Ali Choudhary,,Mohammad بلال چوہدری,1983-09-16,4500,15697272,Islamabad
VEH006014,علی چوہدری,19251-4380667-5,Muhammed بلال چوہدری,1983-09-16,4500,16838005,Islamabad
VEH006015,Ali Choudhary,19251-4380667-5,بلال Chaudhary,,4500,16751448,Islamabad
VEH006016,Ali Chaudhary,19251-4380667-5,Bilal Ch.,1983-09-16,4500,15954422,Islamabad
VEH006017,Sana Choudhary,55756-4382839-6,Mohammed Ahmed Chaudhry,1956-06-03,1400,5169397,Islamabad
VEH006018,Usman قریشی,,Muhammed Usman Quraishi,1977-06-04,2500,10166707,Karachi
VEH006019,محمد اعوان,57380-1066179-7,Ali Awan,1969-09-21,3000,10765116,Islamabad
VEH006020,محمد Awan,57380-1036179-7,Muhammed Ali اعوان,,3200,11087259,Islamabad
VEH006021,محمد اعوان,57380-1066179-7,علی Awan,1969-09-21,3100,11734380,Islamabad
VEH006022,Muhammad اعوان,57380-1066179-7,علی Awan,1969-09-21,3100,12184333,Islamabad
VEH006023,Bilal ملک,46450-8723346-3,Husain ملک,2002-04-05,1500,5501189,Rawalpindi
VEH006024,Fatima Sayed,45829-6674545-7,Imran سید,1995-10-13,800,3136732,Rawalpindi
VEH006025,Mohammed Ali قریشی,89908-9636285-3,Ahmad Quraishi,1998-06-01,4500,15604833,Islamabad
VEH006026,حرا Sayed,31287-1441061-4,,,3100,12758997,Lahore
VEH006027,Hira Sayyid,31287-1441061-4,,1979-03-27,3000,12553616,Lahore
VEH006028,Hira Sayed,31287-1441061-4,Ali Sayed,1979-03-27,3000,10666649,Lahore
VEH006029,فاطمہ اعوان,77096-5529577-6,Faysal اعوان,1980-03-12,1600,5224664,Islamabad
VEH006030,Fatimah Awan,77096-5529577-6,فیصل اعوان,1980-03-12,1600,5886149,Islamabad
VEH006031,بلال قریشی,26444-5004083-1,,1965-09-08,1200,4834528,Rawalpindi
VEH006032,Bilal Qureshi,26444-5004083-3,بلال قریشی,1965-09-08,1300,5260109,Rawalpindi
VEH006033,Ahmad Shaykh,82306-6993578-2,Mohammed Sheikh,1989-11-03,4400,15807385,Lahore
VEH006034,Ahmed Shaikh,82306-6993578-2,Muhammad Shaykh,1989-11-03,4400,16331171,Lahore
VEH006035,Ahmad Shaykh,82306-6993578-2,,1989-11-03,4500,15447997,Lahore
VEH006036,Ahmed شیخ,82306-6993578-2,,1989-11-03,4500,17183184,Lahore
VEH006037,زینب خان,82078-1322581-8,Mohammad Osman خان,1993-11-20,1800,6276068,Rawalpindi
VEH006038,Imran راجہ,93913-5941491-1,بلال راجہ,1985-12-05,1100,4068590,Lahore
VEH006039,Ahmad مغل,51519-8836629-6,Muhammad Mughal,1962-02-21,1700,5746808,Rawalpindi
VEH006040,Mohammad Ali راجہ,47557-7456695-5,Faisal Raja,1974-01-05,800,2699854,Karachi
VEH006041,مریم مغل,80756-2950667-9,Bilal Moghul,1981-09-10,700,2934998,Lahore
VEH006042,حسن Moghul,32294-4157715-5,بلال Moghul,1968-01-20,1500,5176790,Karachi
VEH006043,Mohammad فیصل Awan,61483-4509466-8,محمد Awan,2001-07-24,2800,10538769,Faisalabad
VEH006044,Hassan Sayed,37056-2154557-2,عمران سید,1987-03-22,2000,7199351,Faisalabad
VEH006045,علی Khan,14207-9650987-3,Hussein Khan,1974-08-10,1100,3738273,Islamabad
VEH006046,ثناء Ch.,85107-3422392-6,حمزہ Ch.,,1100,4194860,Faisalabad
VEH006047,Mohammad Hussain Raja,32942-4576692-4,Muhammad علی راجہ,1964-12-07,1500,5792785,Islamabad
VEH006048,Usman سید,33711-4166359-8,عثمان Sayed,1997-01-19,1300,4175844,Lahore
VEH006049,Osman Sayed,03711-4166359-8,Othman Syed,1997-01-19,1100,4247239,Lahore
VEH006050,Imran اعوان,44665-3662654-2,Muhammed اعوان,1968-08-16,2400,9086081,Rawalpindi
VEH006051,Ahmad اعوان,97432-7895636-7,Hamzah اعوان,1977-10-12,1700,6656047,Karachi
VEH006052,علی ملک,35053-3337907-3,Hamza ملک,,2000,7598920,Islamabad
VEH006053,ثناء Chaudhary,87459-9316260-1,علی Ch.,1977-02-13,4500,16215839,Karachi
VEH006054,ثناء چوہدری,,Mohammed Ali Ch.,1977-02-13,4500,17092723,Karachi
VEH006055,Sana چوہدری,,,1977-02-13,4500,14593388,Karachi
VEH006056,ثناء Choudhary,87459-9316260-1,Ali Choudhary,,4500,18854249,Karachi
VEH006057,Zainab Ch.,44428-1744845-9,علی چوہدری,1968-01-04,1000,3513521,Islamabad
VEH006058,Zaynab Awan,44861-3898632-6,Hamza اعوان,1962-11-08,1200,4594159,Islamabad
VEH006059,Ahmad Quraishi,77398-4709082-4,علی قریشی,1974-02-03,1300,4370844,Rawalpindi
VEH006060,Muhammed Mughal,11929-2222814-2,بلال Mughal,1981-01-24,1400,4967951,Lahore
VEH006061,Mohammad Mughal,11929-2222814-2,Bilal Moghul,1981-01-24,1700,6237159,Lahore
VEH006062,Muhammad Choudhary,37681-1846793-6,حسن Choudhary,1971-05-08,1200,3991601,Lahore
VEH006063,Fatimah Khan,53439-9974172-5,Mohammed Hassan خان,1968-02-22,900,2979912,Islamabad
VEH006064,Imran Sayyid,97548-1926443-3,بلال Sayed,1968-11-15,1300,4305101,Faisalabad
VEH006065,Aisha Syed,40172-6672762-9,,1982-07-05,1600,6240061,Lahore
VEH006066,Hamzah Moghul,73108-3720734-7,Imran Moghul,2000-01-06,2100,8727852,Faisalabad
VEH006067,حمزہ Moghul,73108-3720534-7,عمران مغل,2000-01-06,2400,9380825,Faisalabad
VEH006068,Hamza Moghul,73108-3720734-7,,2000-01-06,2100,7221141,Faisalabad
VEH006069,Imran Sayed,27002-7269081-4,Hasan سید,,700,2424684,Lahore
VEH006070,احمد Chaudhry,54189-8986126-9,,1994-11-06,3300,11700548,Rawalpindi
VEH006071,Ahmed Chaudhary,,Hamza Choudhary,1994-11-06,3200,12772188,Rawalpindi
VEH006072,حرا Sheikh,35692-5396860-3,علی شیخ,1964-12-01,2800,11185213,Faisalabad
VEH006073,Mohammed Faysal بٹ,69642-3503926-8,علی بٹ,1979-02-17,2500,8826020,Islamabad
VEH006074,ثناء شیخ,55107-9512881-4,Muhammad فیصل شیخ,1990-07-01,2100,8058445,Rawalpindi
VEH006075,Hamzah Mughal,58621-9795387-1,احمد Moghul,1990-07-08,2200,8332327,Islamabad
VEH006076,Bilal Khan,71091-8236852-4,Faysal خان,1956-04-23,3300,12709206,Rawalpindi
VEH006077,Bilal خان,71091-8236852-4,Mohammed Faisal Khan,1956-04-23,3400,11642537,Rawalpindi
VEH006078,بلال خان,71091-8236852-4,Faysal خان,1956-04-23,3500,13160898,Rawalpindi
VEH006079,Mohammad Imran Mughal,88650-9309435-0,Hamzah Moghul,,1200,4476281,Islamabad
VEH006080,Osman Chaudhry,83828-8044187-1,Ali Ch.,1995-12-24,1200,3875016,Faisalabad
VEH006081,Muhammad عثمان Ch.,83828-8044187-1,Muhammad Ali Choudhary,1995-12-24,1200,4606242,Faisalabad
VEH006082,Mohammed علی Malik,36030-3222752-8,Mohammed Hamza Malick,,3400,11332300,Islamabad
VEH006083,Fatema قریشی,94942-4879513-9,Ahmad Quraishi,1968-06-02,1500,4942659,Faisalabad
VEH006084,Hassan Sheikh,87517-2324972-6,Bilal Shaykh,1997-02-02,1400,5776572,Lahore
VEH006085,Muhammed Shaykh,,,2003-04-06,1100,3521600,Islamabad
VEH006086,Muhammad حمزہ Khan,46237-8307035-0,Muhammed فیصل Khan,1973-06-13,1800,7220842,Faisalabad
VEH006087,احمد Malick,30203-5761573-1,محمد Malick,2000-03-25,1100,4262523,Faisalabad
VEH006088,Marium Sheikh,83481-5165307-2,Husain Shaykh,1989-04-12,1100,4171791,Karachi
VEH006089,Ali Raja,11348-6797424-0,,1984-05-27,700,2530027,Faisalabad
VEH006090,عثمان راجہ,83123-8871509-0,Hamza راجہ,,3200,10707556,Karachi
VEH006091,علی Malick,33792-2729258-9,,1973-04-26,2600,9904563,Karachi
VEH006092,Ali Malick,33792-2729258-9,,1973-04-26,2600,9477698,Karachi
VEH006093,Muhammed علی ملک,33792-2729258-9,Ahmad Malick,1973-04-26,2600,10566527,Karachi
VEH006094,علی Khan,64167-9089146-1,Faisal خان,1961-12-19,3500,14587813,Faisalabad
VEH006095,Mohammed علی Khan,64167-9089146-1,Mohammad Faisal Khan,1961-12-19,3700,11966280,Faisalabad
VEH006096,Ali Khan,64167-9089146-1,Faysal خان,1961-12-19,3500,11404245,Faisalabad
VEH006097,علی Sayed,67374-6693272-3,,2001-11-11,1400,4835628,Faisalabad
VEH006098,علی Sayyid,67374-6693272-3,Faisal Sayyid,2001-11-11,1300,4851171,Faisalabad
VEH006099,زینب Moghul,93156-4191702-0,حسین Mughal,1981-06-24,1700,5914158,Faisalabad
VEH006100,زینب Moghul,,Muhammed Hussain مغل,,1700,7053702,Faisalabad
VEH006101,Faysal Ch.,50055-8484991-0,,1985-12-06,3900,12557007,Karachi
VEH006102,Hussein اعوان,47951-4175507-1,Ali Awan,1980-05-16,4300,15529637,Faisalabad
VEH006103,Husain اعوان,47951-4175507-1,علی Awan,1980-05-16,4300,16451726,Faisalabad
VEH006104,حسین Awan,47951-4175507-1,Ali اعوان,1980-05-16,4500,15669140,Faisalabad
VEH006105,Hussain Awan,47951-4175507-1,,1980-05-16,4400,17086231,Faisalabad
VEH006106,مریم Raja,26891-7371709-9,Muhammed Raja,1970-06-19,3200,12328100,Lahore
VEH006107,Mariam Raja,26891-7371709-9,Muhammed Raja,1970-06-19,3600,12466301,Lahore
VEH006108,Bilal مغل,49470-9340841-6,Hussain Moghul,1958-06-20,1000,3424934,Karachi
VEH006109,Aisha Syed,97951-2682385-6,علی Syed,1966-01-07,1700,5829730,Islamabad
VEH006110,حسن Raja,42993-9347904-7,احمد Raja,1996-07-25,2600,9572490,Faisalabad
VEH006111,حسن راجہ,42993-9347904-7,احمد Raja,1996-07-25,2700,9987206,Faisalabad
VEH006112,فیصل راجہ,40320-3864947-5,Muhammad Hussein Raja,1965-09-14,3900,14828888,Faisalabad
VEH006113,Mohammed Faisal Raja,40320-3864947-5,Hussein راجہ,1965-09-14,3700,12883342,Faisalabad
VEH006114,فیصل Raja,40320-3864947-5,,1965-09-14,3600,13453434,Faisalabad
VEH006115,Faisal راجہ,40320-3864947-5,Muhammad حسین Raja,1965-09-14,3700,14813421,Faisalabad
VEH006116,Husain Moghul,63056-8216794-1,حسین Mughal,1966-06-17,1500,5517820,Islamabad
VEH006117,Hussain Mughal,63056-8216794-1,حسین Moghul,1966-06-17,1600,6490837,Islamabad
VEH006118,علی Raja,29200-6042226-7,Ahmed راجہ,1978-03-16,4500,18420114,Islamabad
VEH006119,علی Raja,29200-6042226-7,Ahmad راجہ,1978-03-16,4500,18427165,Islamabad
VEH006120,علی Raja,29200-6042226-7,Ahmed Raja,1978-03-16,4500,18795857,Islamabad
VEH006121,Mohammad Ali Raja,29200-6042226-7,Ahmad راجہ,1978-03-16,4500,15377457,Islamabad
VEH006122,Aisha Bhatti,39013-5728941-0,عثمان Butt,1963-11-19,2300,8628834,Rawalpindi
VEH006123,Aisha بٹ,39013-5728941-0,Othman Bhatti,1963-11-19,2500,8524696,Rawalpindi
VEH006124,عائشہ Butt,39013-5728941-0,Usman Bhatti,1963-11-19,2500,8305554,Rawalpindi
VEH006125,Ayesha Bhatti,39013-5728941-0,Usman Bhatti,1963-11-19,2500,9255786,Rawalpindi
VEH006126,Sana قریشی,56314-7673744-0,Mohammed عثمان Quraishi,,1500,5633233,Lahore
VEH006127,Sana Choudhary,39549-6818788-6,فیصل Ch.,1992-02-24,2400,8742437,Lahore
VEH006128,حمزہ شیخ,59062-7343041-2,Faysal Shaikh,1965-02-05,700,2604269,Rawalpindi
VEH006129,حرا Raja,52241-8050796-5,عمران راجہ,1966-04-23,1100,4389348,Rawalpindi
VEH006130,Ali Sayyid,92405-2149946-7,Faysal Sayyid,1959-07-24,1800,6621337,Rawalpindi
VEH006131,ثناء Bhatti,22404-2473768-2,Usman بٹ,1980-08-08,1400,5465987,Faisalabad
VEH006132,Bilal سید,77681-3179068-3,Faysal Sayed,1966-05-12,2700,10140063,Faisalabad
VEH006133,Bilal سید,77681-3179068-3,Faysal Sayyid,1966-05-12,2800,10841282,Faisalabad
VEH006134,بلال سید,77681-3179068-3,,1966-05-12,2700,8970754,Faisalabad
VEH006135,بلال Chaudhary,,حسین Chaudhary,,1100,4155263,Faisalabad
VEH006136,Hira شیخ,,بلال Sheikh,1992-01-24,1900,6295485,Rawalpindi
VEH006137,حرا شیخ,,بلال شیخ,1992-01-24,2000,7276438,Rawalpindi
VEH006138,حرا Shaykh,34561-1527881-5,Bilal Sheikh,1992-01-24,1900,7191721,Rawalpindi
VEH006139,Imran چوہدری,35734-3460181-1,Hussain Ch.,1964-11-07,4500,14995494,Karachi
VEH006140,Imran Chaudhary,35734-3460181-1,Hussein Ch.,1964-11-07,4500,17772290,Karachi
VEH006141,Imran Choudhary,35734-3460181-1,Hussein Ch.,1964-11-07,4500,15498245,Karachi
VEH006142,Imran Chaudhry,35734-3460181-1,Hussain Choudhary,1964-11-07,4500,14840764,Karachi
VEH006143,Hamza Quraishi,23303-1013714-3,,1971-05-04,1400,5171963,Karachi
VEH006144,Mohammed Raja,43106-3570032-6,فیصل Raja,2003-06-01,1200,4210629,Karachi
VEH006145,ثناء Butt,,,1960-07-28,3300,11447874,Rawalpindi
VEH006146,Sana Butt,40581-8414867-5,بلال بٹ,1960-07-28,3600,13059768,Rawalpindi
VEH006147,Sana Bhatti,40581-8414867-5,بلال Butt,1960-07-28,3300,11781739,Rawalpindi
VEH006148,ثناء Bhatti,,,1960-07-28,3700,14563825,Rawalpindi
VEH006149,Hussain Chaudhary,43142-8779900-4,Mohammad چوہدری,1962-12-10,4500,16806736,Rawalpindi
VEH006150,حسین Ch.,43142-8779900-4,محمد چوہدری,1962-12-10,4500,15348317,Rawalpindi
VEH006151,Mohammed Othman Bhatti,61585-5914474-5,,2003-10-06,1100,4252633,Lahore
VEH006152,حسن Sayed,69708-8999110-6,,1956-12-08,2100,7951744,Faisalabad
VEH006153,Hassan راجہ,69729-6802494-0,Hamza راجہ,1996-01-18,4500,16748775,Lahore
VEH006154,Hasan Raja,69729-6842494-0,حمزہ Raja,1996-01-18,4500,15755484,Lahore
VEH006155,Mohammed Hassan Raja,69729-6802494-0,Muhammed حمزہ Raja,1996-01-18,4500,15679021,Lahore
VEH006156,Hassan Raja,69729-6802494-0,حمزہ راجہ,1996-01-18,4500,15319189,Lahore
VEH006157,Hussain چوہدری,28815-6592421-7,Muhammad Hamza Ch.,1996-06-27,3100,11822450,Faisalabad
VEH006158,Hussain Chaudhary,28815-6592421-7,Hamza Chaudhary,1996-06-27,2800,10042280,Faisalabad
VEH006159,Mohammed حسین Bhatti,91906-4922088-4,Osman Bhatti,1971-07-06,1200,3980431,Islamabad
VEH006160,Aysha Awan,92773-4402393-3,فیصل Awan,2000-04-20,1600,5168988,Faisalabad
VEH006161,Hasan Qureshi,,Ali Quraishi,1956-04-14,1600,6569756,Faisalabad
VEH006162,Mohammad اعوان,78414-2392945-1,Bilal Awan,2003-03-13,900,3748775,Islamabad
VEH006163,Mohammad Ali Awan,49715-3267316-7,Bilal اعوان,1995-06-04,700,2427216,Karachi
VEH006164,Muhammad خان,62570-8989590-4,حسین Khan,1982-03-12,3200,11606195,Faisalabad
VEH006165,Muhammad حمزہ راجہ,95109-1241882-0,,,2900,11274613,Faisalabad
VEH006166,Hamzah راجہ,95109-1241882-0,حمزہ راجہ,1959-12-20,2700,8798728,Faisalabad
VEH006167,Mohammed حمزہ راجہ,95105-1241882-0,Hamza راجہ,1959-12-20,2800,10297517,Faisalabad
VEH006168,Hamzah Raja,95109-1241882-0,Hamza Raja,,3000,12458584,Faisalabad
VEH006169,محمد ملک,12997-7973522-9,Muhammad عثمان Malick,2002-05-16,3500,14430405,Faisalabad
VEH006170,Mohammed Malik,12997-7973522-9,عثمان Malick,2002-05-16,3500,14474683,Faisalabad
VEH006171,Muhammad Malick,12997-7973522-9,Othman Malick,2002-05-16,3300,12444491,Faisalabad
VEH006172,Muhammad Hassan ملک,,Mohammed عمران Malik,1977-03-25,1200,4424502,Islamabad
VEH006173,Mohammad سید,72277-6600660-9,Hassan Sayed,2002-08-16,1000,3626277,Rawalpindi
VEH006174,Hira Awan,40203-5058516-2,Muhammed Hussein Awan,1989-03-16,2100,7709698,Lahore
VEH006175,Hira اعوان,40203-5058516-2,Husain اعوان,1989-03-16,1700,5554209,Lahore
VEH006176,حرا Awan,40203-0058516-2,,1989-03-16,1700,6308918,Lahore
VEH006177,ثناء Ch.,26783-7627859-0,,1977-06-12,1300,4329598,Karachi
VEH006178,Hira Mughal,46053-3059740-7,Ali Mughal,1961-10-03,700,2399388,Rawalpindi
VEH006179,Muhammad Khan,75739-8551275-2,Bilal Khan,,1600,6087507,Faisalabad
VEH006180,Faisal Awan,67181-3932433-7,Mohammad Ahmed اعوان,2003-03-03,700,2373368,Islamabad
VEH006181,Mohammed علی Sayed,10524-1545460-9,,1971-02-16,1600,5353563,Rawalpindi
VEH006182,Ali Syed,10524-1545460-9,,,1600,5304882,Rawalpindi
VEH006183,Mohammad Ali Sayyid,,احمد Sayyid,1971-02-16,1700,6405145,Rawalpindi
VEH006184,Ali خان,,,1993-11-09,1200,4410385,Karachi
VEH006185,Maryam Qureshi,90510-7657403-6,Mohammed حمزہ قریشی,1961-05-24,1700,6005390,Faisalabad
VEH006186,Marium قریشی,90510-7657403-6,Hamzah Qureshi,1961-05-24,1500,5755918,Faisalabad
VEH006187,Fatimah Mughal,77203-6149756-5,Mohammed Hamzah Moghul,1973-10-09,1900,6100303,Rawalpindi
VEH006188,Fatema Quraishi,78911-8596843-2,احمد Quraishi,1973-08-15,3200,12494267,Islamabad
VEH006189,Fatima Qureshi,78911-8596243-2,Mohammed Ahmed Quraishi,1973-08-15,3200,12370515,Islamabad
VEH006190,فاطمہ Qureshi,78911-8596843-2,احمد Qureshi,1973-08-15,3300,11492996,Islamabad
VEH006191,Fatima Quraishi,,Muhammed احمد Quraishi,1973-08-15,2700,9846489,Islamabad
VEH006192,Marium Qureshi,24986-9129939-7,محمد Quraishi,1958-11-20,2600,10299783,Lahore
VEH006193,Marium Quraishi,24986-9129939-7,Mohammed Quraishi,1958-11-20,2400,8746861,Lahore
VEH006194,Aysha Chaudhry,41149-7435092-5,Muhammed Hamza چوہدری,1982-02-02,1900,7186317,Lahore
VEH006195,Mohammad علی Choudhary,39347-3666196-8,Mohammad علی Ch.,1988-11-18,4300,17599709,Islamabad
VEH006196,علی Chaudhary,,علی Choudhary,1988-11-18,4400,14761818,Islamabad
VEH006197,Imran Awan,,Faisal اعوان,1961-05-17,1000,3985499,Rawalpindi
VEH006198,عمران اعوان,,Faisal اعوان,1961-05-17,1000,4113135,Rawalpindi
VEH006199,زینب Qureshi,69376-7927459-7,فیصل Quraishi,1962-01-13,3000,10839590,Faisalabad
VEH006200,Zaynab Quraishi,69376-7927459-7,,,2700,8824856,Faisalabad
VEH006201,Zaynab Qureshi,69376-7927459-7,Faysal Qureshi,1962-01-13,3200,12369226,Faisalabad
VEH006202,Zaynab Qureshi,,Mohammed Faisal Quraishi,1962-01-13,2800,11414909,Faisalabad
VEH006203,بلال بٹ,44678-8521941-8,,1992-10-12,1600,6478519,Islamabad
VEH006204,Hasan مغل,67115-5510219-5,Muhammad Husain مغل,1980-07-01,4500,18654899,Rawalpindi
VEH006205,حسن Mughal,67115-5510219-5,Hussain Moghul,1980-07-01,4500,16307710,Rawalpindi
VEH006206,Hasan مغل,67115-5510219-5,حسین Moghul,,4500,15101180,Rawalpindi
VEH006207,Hassan Mughal,,Hussain مغل,1980-07-01,4500,17162692,Rawalpindi
VEH006208,Hamza راجہ,,Hamza راجہ,1968-08-22,1100,3604888,Rawalpindi
VEH006209,Imran سید,12454-1593110-5,Hamza Syed,1993-07-10,2500,9144797,Faisalabad
VEH006210,عمران سید,12454-1593110-5,,1993-07-10,2400,8198281,Faisalabad
VEH006211,Mohammed عمران Syed,12454-1593110-5,Muhammed Hamza Sayed,1993-07-10,2200,8078469,Faisalabad
VEH006212,Sana Ch.,,Muhammed علی Ch.,1970-09-03,1100,4449467,Karachi
VEH006213,Maryam Qureshi,,حسین قریشی,1958-02-28,2100,7607179,Lahore
VEH006214,Imran بٹ,,,1970-04-16,1900,7212800,Rawalpindi
VEH006215,علی Qureshi,60724-5854888-9,,1972-05-20,700,2919209,Faisalabad
VEH006216,علی Qureshi,60724-5854888-9,Ali Qureshi,1972-05-20,1000,3878444,Faisalabad
VEH006217,علی Mughal,44538-7704952-6,Hussain Moghul,1990-12-23,4500,15587322,Lahore
VEH006218,Ali مغل,44538-7704952-6,Husain Moghul,1990-12-23,4500,15403144,Lahore
VEH006219,علی مغل,44538-7704952-6,Husain مغل,1990-12-23,4500,18675841,Lahore
VEH006220,Ali Mughal,44538-7704952-6,,1990-12-23,4500,16765257,Lahore
VEH006221,حسن شیخ,50692-2888422-4,Mohammed Shaykh,1977-08-12,1000,3746154,Islamabad
VEH006222,Mohammed فیصل Awan,94409-1217724-9,حسن اعوان,1967-08-15,1200,4747838,Islamabad
VEH006223,Imran Quraishi,69097-5700657-1,بلال Quraishi,1971-08-03,2400,9316501,Lahore
VEH006224,Imran Quraishi,69097-5700657-1,Bilal قریشی,1971-08-03,2400,9448695,Lahore
VEH006225,عمران Qureshi,69097-5700657-1,Muhammad Bilal قریشی,1971-08-03,2700,9966432,Lahore
VEH006226,احمد Sheikh,92896-9882053-5,,1960-07-08,2200,8734668,Faisalabad
VEH006227,حمزہ Raja,50172-7635934-4,Hasan راجہ,1987-12-24,4500,16143168,Lahore
VEH006228,Mohammad حمزہ Raja,50172-7635934-4,Muhammad Hasan Raja,1987-12-24,4500,15211672,Lahore
VEH006229,Mohammed Hamza Raja,50172-7635934-4,Hassan Raja,1987-12-24,4500,17295936,Lahore
VEH006230,Muhammed Hamzah Raja,50172-7635934-4,Hassan راجہ,1987-12-24,4500,17309454,Lahore
VEH006231,Mohammad Bilal خان,47463-9594903-2,Muhammad Hamzah خان,1965-03-01,1400,5194445,Karachi
VEH006232,Imran Khan,47215-4025150-0,احمد Khan,2000-05-06,2300,7446285,Rawalpindi
VEH006233,Faisal Awan,64180-2373290-1,عمران Awan,1976-08-27,1500,5501009,Lahore
VEH006234,محمد Sayed,33977-5022017-4,Muhammad Ahmad Sayyid,1981-09-15,2200,7372163,Islamabad
VEH006235,Hasan ملک,31706-8364773-7,Hassan Malick,1962-07-10,4500,18372558,Karachi
VEH006236,Hasan Malik,30706-8364773-7,Muhammed حسن Malik,1962-07-10,4500,18603286,Karachi
VEH006237,حسن ملک,30706-8364773-7,Hassan Malick,1962-07-10,4500,14439798,Karachi
VEH006238,Muhammed Hassan Malik,30706-8364773-7,Muhammed Hasan Malick,1962-07-10,4500,14686607,Karachi
VEH006239,Hussain Raja,44325-8377732-3,Ahmad Raja,1991-08-17,1000,3731179,Faisalabad
VEH006240,Usman Chaudhary,,Hasan Ch.,1980-11-28,4500,17342602,Lahore
VEH006241,Mohammad Osman Chaudhry,98363-1236510-5,Hassan چوہدری,1980-11-28,4500,14457727,Lahore
VEH006242,Usman Choudhary,78363-1236510-5,Hasan چوہدری,1980-11-28,4500,18325680,Lahore
VEH006243,Othman Chaudhry,,Muhammad Hassan Choudhary,1980-11-28,4500,16444736,Lahore
VEH006244,Hussein Awan,98297-3198039-1,Bilal Awan,1955-11-25,2400,8822433,Faisalabad
VEH006245,Muhammed Shaikh,89832-1663326-9,Hasan Sheikh,1956-06-25,2900,11987626,Islamabad
VEH006246,Ahmed Raja,75382-8343791-5,Muhammad Ahmad راجہ,2003-12-28,2700,9751080,Islamabad
VEH006247,Hasan Quraishi,34855-9268075-2,Hasan Quraishi,1960-06-16,2200,7772165,Islamabad
VEH006248,Muhammad Hassan Qureshi,34855-9268075-2,Muhammad Hassan Quraishi,1960-06-16,2200,8400280,Islamabad
VEH006249,حسن Qureshi,34855-9268075-2,Muhammad حسن قریشی,1960-06-16,2500,10365718,Islamabad
VEH006250,Muhammed Imran Khan,51503-2027051-2,Othman خان,1972-09-06,1500,6272320,Faisalabad
VEH006251,حرا Butt,59071-6373342-3,Hamza Butt,,800,2806647,Rawalpindi
VEH006252,Usman Khan,89475-2564105-2,Faysal Khan,1988-08-23,1500,5933288,Lahore
VEH006253,Mohammad Othman Malick,42400-2753882-8,Muhammad Imran Malick,1976-07-03,1200,4744053,Islamabad
VEH006254,Aisha Sheikh,47531-4914570-3,Imran Shaikh,1963-09-11,2300,9249715,Islamabad
VEH006255,Aisha Shaikh,,Imran Shaikh,1963-09-11,2100,6968439,Islamabad
VEH006256,Ayisha شیخ,07531-4914570-3,Muhammed عمران Sheikh,,2200,7177623,Islamabad
VEH006257,Ayisha Shaykh,47531-4914570-3,Muhammed عمران شیخ,1963-09-11,2300,9569732,Islamabad
VEH006258,فاطمہ Awan,81546-3596318-9,بلال Awan,1962-02-17,1000,4125415,Karachi
VEH006259,Ahmad Sheikh,,Usman شیخ,1971-03-06,2200,7607419,Islamabad
VEH006260,Sana Qureshi,46833-9990475-2,Hamza Quraishi,1967-05-20,1100,3535365,Karachi
VEH006261,Ahmad Awan,20384-9562917-1,,1969-05-22,2400,7853485,Rawalpindi
VEH006262,عمران مغل,36331-8962691-1,,1984-03-15,1100,4479901,Karachi
VEH006263,Mariam Raja,97087-3569211-3,احمد Raja,1976-07-04,2400,8222626,Islamabad
VEH006264,Zainab ملک,96717-1248580-8,,1978-07-28,1700,5967252,Faisalabad
VEH006265,Mohammed Ahmed Malick,,محمد ملک,1994-02-25,1000,3629571,Faisalabad
VEH006266,بلال اعوان,59406-9404640-0,Muhammed Hassan اعوان,1993-01-16,3800,14873271,Rawalpindi
VEH006267,Muhammed Bilal Malik,77499-1694025-4,,1981-03-14,1700,6070427,Karachi
VEH006268,حرا Malik,17652-4821344-2,Mohammed Malik,1977-04-24,1800,6399916,Faisalabad
VEH006269,حرا Malik,17652-4821342-2,Mohammed ملک,1977-04-24,2200,7346947,Faisalabad
VEH006270,عمران راجہ,48656-7785457-1,Ahmad راجہ,1969-03-19,1900,6898604,Rawalpindi
VEH006271,Muhammed Imran راجہ,48656-7485457-1,Muhammad Ahmad Raja,1969-03-19,1900,6871705,Rawalpindi
VEH006272,Mohammad حمزہ خان,,Faysal خان,1985-07-03,3000,12027557,Karachi
VEH006273,حمزہ Khan,66879-4494148-1,Faisal Khan,1985-07-03,2800,9666566,Karachi
VEH006274,Bilal خان,49772-3731857-9,محمد خان,2001-07-05,1300,4968600,Karachi
VEH006275,زینب اعوان,93682-8791966-4,Hussain اعوان,,1300,4838404,Rawalpindi
VEH006276,حسن Shaykh,60477-1705528-3,Hussain Shaikh,1990-05-15,2100,8188000,Lahore
VEH006277,Hasan Shaykh,60477-1705528-3,حسین Sheikh,1990-05-15,2000,7350243,Lahore
VEH006278,Hasan Sheikh,,Muhammad Hussein شیخ,1990-05-15,2400,8365758,Lahore
VEH006279,Mohammed Butt,97901-5310699-5,Hamzah Butt,1959-03-21,900,3448096,Rawalpindi
VEH006280,Mohammed Hamza شیخ,88571-1901198-1,,1972-07-13,1200,4369984,Karachi
VEH006281,حمزہ Shaykh,88571-1901198-1,Muhammed Usman Shaykh,1972-07-13,1300,5295488,Karachi
VEH006282,Zainab Malik,92475-5465163-5,Hasan Malik,,2300,9614760,Faisalabad
VEH006283,Muhammad Ali Malick,15170-4726275-2,Muhammad Malik,1979-06-13,1700,6331740,Faisalabad
VEH006284,Fatimah اعوان,44118-9760367-1,Ali Awan,1991-02-16,2600,9430287,Rawalpindi
VEH006285,Fatema Awan,44118-9760367-1,Muhammad Ali اعوان,1991-02-16,2900,10600776,Rawalpindi
VEH006286,Fatima اعوان,44118-9760367-1,Muhammed Ali Awan,1991-02-16,2800,9865311,Rawalpindi
VEH006287,Muhammed عمران راجہ,17281-8337740-7,Muhammed بلال راجہ,1983-03-16,2400,9498453,Lahore
VEH006288,Othman Malik,89256-3871907-2,Mohammed عمران Malick,1991-11-05,1800,6488478,Islamabad
VEH006289,عمران Butt,35956-2810729-7,Hussein بٹ,1985-01-22,2200,7529943,Karachi
VEH006290,Imran Butt,35956-2810729-7,Hussain بٹ,1985-01-22,1900,7047982,Karachi
VEH006291,عمران Bhatti,35956-2810729-7,Hussain Bhatti,1985-01-22,2100,6784640,Karachi
VEH006292,عمران Quraishi,,Muhammad قریشی,,1300,4437676,Karachi
VEH006293,Fatema سید,92699-8053396-1,Ali Sayed,2001-07-26,2800,11163665,Karachi
VEH006294,Fatema Sayyid,92699-8053396-1,علی Syed,2001-07-26,2800,9199203,Karachi
VEH006295,Fatema Syed,92699-8053396-1,علی Syed,2001-07-26,2600,8997432,Karachi
VEH006296,Osman خان,38942-7491169-7,حمزہ Khan,1984-07-07,3400,11524883,Islamabad
VEH006297,Hamzah Sheikh,63572-1793323-5,بلال Shaikh,,1000,3397144,Rawalpindi
VEH006298,Hassan Khan,95587-8164311-5,Mohammed Hamzah خان,1966-05-28,1500,5357066,Karachi
VEH006299,Usman Sheikh,78057-1851129-2,Ali شیخ,1976-11-03,900,2881955,Karachi
VEH006300,حرا Mughal,52439-6238186-9,Bilal مغل,1957-02-11,900,3227428,Karachi
VEH006301,حمزہ Khan,82968-9185592-4,,1969-04-12,1100,3647457,Islamabad
VEH006302,Mohammad اعوان,55034-1602999-3,Mohammed Faysal Awan,1988-06-23,2700,9702892,Rawalpindi
VEH006303,Mohammed Khan,34414-4417554-4,احمد Khan,1973-04-05,4500,14432976,Karachi
VEH006304,Mohammed Khan,34414-4417554-4,Ahmed Khan,1973-04-05,4500,15561824,Karachi
VEH006305,محمد خان,,Muhammed Ahmed خان,1973-04-05,4500,14650719,Karachi
VEH006306,Muhammad خان,34414-4417554-4,Ahmad Khan,,4500,18092742,Karachi
VEH006307,Othman Awan,64189-5879872-2,,1969-04-18,2100,6807760,Islamabad
VEH006308,Othman Awan,20649-6260220-8,بلال اعوان,1984-11-14,2700,10634739,Rawalpindi
VEH006309,عثمان Awan,20647-6260220-8,,1984-11-14,2700,9173528,Rawalpindi
VEH006310,عثمان Qureshi,22734-3259159-4,حسین قریشی,1970-03-06,900,3321034,Islamabad
VEH006311,Mohammed Ahmad Qureshi,45370-3476009-1,Hussein Qureshi,1977-02-02,2100,7984412,Karachi
VEH006312,عثمان شیخ,14668-7531402-3,Hassan Shaykh,1970-09-22,3700,13921678,Karachi
VEH006313,Mohammad Khan,20978-4550947-1,Faysal Khan,1990-06-27,1300,5162135,Rawalpindi
VEH006314,Muhammad خان,,,1990-06-27,1400,5629446,Rawalpindi
VEH006315,Hamza Qureshi,77826-9029702-1,Mohammed Qureshi,1974-03-17,1200,5031561,Karachi
VEH006316,عمران Mughal,22698-9770375-2,Hamza Mughal,1982-10-15,1900,6145949,Faisalabad
VEH006317,Bilal خان,,Muhammed Husain خان,1971-11-15,3900,15847898,Karachi
VEH006318,Bilal خان,47597-1374789-8,Hussein خان,1971-11-15,4200,14054705,Karachi
VEH006319,علی Butt,53509-3814480-9,Mohammed علی بٹ,1985-09-13,4300,15245749,Lahore
VEH006320,Muhammed علی بٹ,53509-3814480-9,Ali Bhatti,1985-09-13,4300,16237544,Lahore
VEH006321,Ali Bhatti,,,1985-09-13,4000,15241955,Lahore
VEH006322,Ali Butt,53509-3814480-9,Ali Bhatti,1985-09-13,4200,14356764,Lahore
VEH006323,Muhammed حسن اعوان,44853-6325192-3,حمزہ Awan,1974-09-07,4100,14091966,Faisalabad
VEH006324,Muhammed بلال Awan,79271-1767712-2,Muhammad Ali اعوان,1964-06-26,700,2642984,Islamabad
VEH006325,Bilal Awan,79271-1767712-2,علی Awan,1964-06-26,900,2915443,Islamabad
VEH006326,حرا Sheikh,22150-6048564-7,Mohammed بلال شیخ,2003-12-17,800,2876226,Islamabad
VEH006327,Faysal Raja,74427-9119003-5,Muhammed حسن Raja,1992-04-19,1500,4871970,Lahore
VEH006328,Muhammed حمزہ خان,15730-9888464-5,علی خان,1964-04-05,900,3597515,Rawalpindi
VEH006329,Hamza خان,15730-9888464-5,علی خان,1964-04-05,900,3121744,Rawalpindi
VEH006330,زینب Sayed,11581-1079534-9,Husain سید,1986-09-11,2300,9114837,Faisalabad
VEH006331,Fatima Sheikh,68225-6679386-8,,1966-12-21,1700,6564997,Islamabad
VEH006332,عمران Sayyid,46743-7594503-9,Hassan Syed,,4500,15981236,Islamabad
VEH006333,عمران Sayyid,46743-7594503-9,Hassan Syed,1996-03-17,4500,14781533,Islamabad
VEH006334,Muhammad Imran Sayyid,46743-7594503-9,Hassan Sayed,1996-03-17,4500,17158335,Islamabad
VEH006335,Imran سید,46743-7594503-9,حسن Syed,1996-03-17,4500,16519056,Islamabad
VEH006336,Imran ملک,76051-4839298-3,Mohammed Bilal ملک,1975-03-17,1000,4104777,Lahore
VEH006337,Hussain خان,33527-7658581-3,Mohammad حمزہ Khan,1956-12-06,3600,13742844,Karachi
VEH006338,Muhammad Hussain Khan,33527-7658581-3,Mohammed Hamzah Khan,1956-12-06,3600,13565570,Karachi
VEH006339,بلال Syed,28590-6785550-0,Mohammed حسن Sayyid,,1200,5030225,Faisalabad
VEH006340,Muhammad علی Bhatti,40109-7664670-3,بلال بٹ,1974-08-14,1900,7459059,Lahore
VEH006341,Sana Awan,38928-6000286-4,عثمان اعوان,1974-01-06,1400,5288242,Karachi
VEH006342,Sana Awan,38928-6000286-4,Osman اعوان,1974-01-06,1300,4938912,Karachi
VEH006343,Muhammad Hussain Moghul,61745-4414918-8,محمد Moghul,1962-04-13,2500,9348698,Rawalpindi
VEH006344,زینب Raja,17793-7646718-9,علی راجہ,1965-08-13,4500,18136627,Islamabad
VEH006345,زینب Raja,17743-7646718-9,Ali Raja,1965-08-13,4500,18507387,Islamabad
VEH006346,زینب Raja,17793-7646718-9,علی راجہ,1965-08-13,4500,16350775,Islamabad
VEH006347,Zainab Raja,17793-7646718-9,Ali Raja,,4500,16600568,Islamabad
VEH006348,Ahmad مغل,68064-9768932-1,Hassan Moghul,1983-11-04,1700,5622224,Karachi
VEH006349,Aysha بٹ,12587-6615945-0,Hussain بٹ,1972-06-25,2200,7570876,Faisalabad
VEH006350,Fatema مغل,89942-9079018-7,,1969-02-05,1500,4801540,Islamabad
VEH006351,Mohammad Ahmad خان,84735-2765567-4,Mohammed Usman Khan,1979-07-15,2600,8373145,Karachi
VEH006352,Zainab Moghul,74597-4481958-1,,1970-01-14,1400,5350220,Karachi
VEH006353,Muhammed Hassan Shaykh,28856-1273642-1,Hussein شیخ,1977-11-07,2500,8187346,Faisalabad
VEH006354,Ali Qureshi,,حسین Qureshi,1990-11-20,3000,10833853,Islamabad
VEH006355,Mohammad Ali قریشی,61888-6012496-4,Husain Qureshi,1990-11-20,3100,12391107,Islamabad
VEH006356,Ayisha ملک,49806-8091790-4,حمزہ ملک,1963-12-01,1100,4601957,Karachi
VEH006357,Muhammed بلال قریشی,13270-1629570-4,,1958-08-21,3000,10716239,Lahore
VEH006358,Muhammed Hussein شیخ,,Hasan Shaikh,,1100,3880635,Lahore
VEH006359,Hira ملک,59367-2666611-6,Muhammad علی Malick,1987-09-25,1600,6466639,Karachi
VEH006360,حرا ملک,59667-2666611-6,Ali ملک,1987-09-25,1300,4500285,Karachi
VEH006361,Hira Malik,59367-2666611-6,Muhammed Ali ملک,1987-09-25,1500,5833836,Karachi
VEH006362,Zaynab خان,56658-1671739-6,,1992-09-11,4500,16126913,Faisalabad
VEH006363,Zaynab خان,,Muhammad علی خان,1992-09-11,4500,14749708,Faisalabad
VEH006364,Zainab خان,,علی Khan,,4500,18509110,Faisalabad
VEH006365,Zainab Khan,56658-1671739-6,علی Khan,1992-09-11,4500,17194366,Faisalabad
VEH006366,Hasan شیخ,58822-1164467-2,Mohammad فیصل Sheikh,,4500,16047446,Faisalabad
VEH006367,Hasan Shaykh,58832-1164467-2,,1995-02-01,4500,15628759,Faisalabad
VEH006368,Hasan Shaikh,58832-1164467-2,Faysal شیخ,1995-02-01,4500,15262270,Faisalabad
VEH006369,Hassan Shaykh,58832-1164467-2,Muhammad Faysal Shaikh,1995-02-01,4500,15744502,Faisalabad
VEH006370,محمد Malick,72836-7937057-0,Muhammad Ali Malik,1968-05-25,1100,4291641,Lahore
VEH006371,زینب مغل,18891-2417825-3,Muhammad Hussein Moghul,1968-07-28,900,3009894,Islamabad
VEH006372,Muhammed Awan,75407-3911705-3,Hussain Awan,1963-12-24,3000,10143579,Lahore
VEH006373,Mohammad Awan,75407-3911705-3,Husain اعوان,1963-12-24,3300,12884897,Lahore
VEH006374,Mohammad Awan,,Hussain Awan,,3200,11241919,Lahore
VEH006375,Muhammed اعوان,75407-3911705-3,Mohammad حسین Awan,1963-12-24,3200,11371426,Lahore
VEH006376,احمد Shaykh,43309-2463501-2,Hamzah Shaykh,1976-12-09,3600,13639877,Islamabad
VEH006377,Ahmed شیخ,43309-2463501-2,حمزہ شیخ,1976-12-09,3700,14939939,Islamabad
VEH006378,محمد Bhatti,10240-3382709-1,,1987-06-25,3000,11559109,Lahore
VEH006379,Hassan بٹ,43876-4216290-9,حمزہ بٹ,1962-02-25,1200,4909813,Karachi
VEH006380,Mohammad عمران Raja,,Mohammad Hasan Raja,1957-02-12,1500,4812953,Islamabad
VEH006381,عمران راجہ,48803-3531840-6,حسن Raja,1957-02-12,1300,5311678,Islamabad
VEH006382,بلال Moghul,83527-1426909-6,احمد Mughal,1994-01-04,1800,5971789,Rawalpindi
VEH006383,حسن ملک,57929-9755948-9,Osman Malik,1969-07-14,1400,4643383,Rawalpindi
VEH006384,Mariam Sayyid,17658-7227571-0,Hasan Sayed,1958-06-27,3900,14356865,Lahore
VEH006385,Ahmad Awan,,محمد اعوان,1995-08-24,1800,7075159,Rawalpindi
VEH006386,ثناء Choudhary,,,1963-06-10,1100,4218122,Faisalabad
VEH006387,Muhammed Sayed,70434-5117998-9,علی Sayyid,1999-03-08,1000,3406102,Lahore
VEH006388,حمزہ Awan,48568-2620216-1,Hamza Awan,1958-12-24,900,3140419,Faisalabad
VEH006389,Usman Shaykh,22971-4825492-4,Ahmed شیخ,1970-06-27,2700,10715175,Karachi
VEH006390,Ahmad Awan,75262-2871525-7,Mohammad Faisal Awan,1999-11-10,1200,4813763,Rawalpindi
VEH006391,Muhammed Hamzah Butt,36051-3818228-4,علی Bhatti,1995-03-08,2400,8326926,Lahore
VEH006392,Mohammad Hamza Bhatti,36051-3818228-4,Mohammad علی بٹ,,2500,10029455,Lahore
VEH006393,حمزہ Bhatti,36051-3818228-4,Ali Bhatti,1995-03-08,2500,8139169,Lahore
VEH006394,Imran سید,31144-9858129-4,احمد Syed,,2300,8915649,Lahore
VEH006395,Mohammed عمران Sayed,31144-9858129-4,,1989-06-27,2400,9748244,Lahore
VEH006396,Mohammad قریشی,41308-9793971-4,Hussein Qureshi,1970-09-20,4200,13527340,Lahore
VEH006397,Mohammed Quraishi,41308-9793971-4,Hussein Quraishi,1970-09-20,4400,14529671,Lahore
VEH006398,Hussein راجہ,21517-7814652-7,Mohammad بلال راجہ,1973-06-02,2500,9081307,Karachi
VEH006399,Mohammad حسین راجہ,21517-7814652-7,Bilal راجہ,1973-06-02,2200,8493002,Karachi
VEH006400,Muhammed Hussain راجہ,21514-7814652-7,Bilal Raja,1973-06-02,2400,9959930,Karachi
VEH006401,Hussein Raja,21517-7814652-7,Muhammad Bilal Raja,1973-06-02,2500,8336158,Karachi
VEH006402,Hamza خان,,Osman خان,1993-09-26,800,2899197,Karachi
VEH006403,حسن Malik,62417-5860628-4,Muhammad بلال ملک,1985-12-27,900,3611958,Faisalabad
VEH006404,Maryam Sheikh,86779-9094747-8,Imran Shaikh,1968-02-27,4500,16555535,Faisalabad
VEH006405,Mariam Shaykh,86779-9094747-8,,,4500,18073970,Faisalabad
VEH006406,Marium Sheikh,86779-9094747-8,Muhammed عمران شیخ,1968-02-27,4500,15764959,Faisalabad
VEH006407,مریم Shaikh,,Imran Sheikh,1968-02-27,4500,18554757,Faisalabad
VEH006408,Mohammad علی Bhatti,63354-1084541-4,عمران Bhatti,1988-06-24,4300,14533019,Islamabad
VEH006409,Mohammed Faysal Khan,65868-1071287-0,Muhammad Usman خان,2000-05-01,2500,9490132,Faisalabad
VEH006410,Fatima Raja,27603-6159326-5,,1974-02-09,4000,15908021,Islamabad
VEH006411,Fatema Raja,27603-6159326-5,علی Raja,1974-02-09,4000,13811537,Islamabad
VEH006412,Fatema راجہ,,Muhammad علی Raja,1974-02-09,3900,14834603,Islamabad
VEH006413,Fatema راجہ,27603-6159326-5,Ali Raja,1974-02-09,4300,17947771,Islamabad
VEH006414,علی Ch.,79977-1662640-1,Husain چوہدری,1994-07-02,900,3654542,Islamabad
VEH006415,حسین Bhatti,38566-9655945-0,Muhammed عثمان بٹ,1997-08-20,2100,8210439,Rawalpindi
VEH006416,حسن Choudhary,38935-5504761-8,Hussein Ch.,1962-01-19,1100,4551373,Lahore
VEH006417,Fatimah راجہ,48508-7331266-6,Imran Raja,1968-02-24,3000,10820040,Lahore
VEH006418,Muhammad Ahmed Ch.,25881-5584172-2,Hamza Chaudhary,1985-04-22,2900,11630753,Rawalpindi
VEH006419,احمد Choudhary,25881-5584272-2,Muhammed Hamza Chaudhry,1985-04-22,2800,9884018,Rawalpindi
VEH006420,Hasan بٹ,36707-4024437-9,Faysal Bhatti,1984-03-14,3500,12433361,Lahore
VEH006421,Faisal سید,54822-3040641-8,Ahmad Sayyid,1970-04-17,3500,12888791,Karachi
VEH006422,Faisal سید,54822-3040641-8,Ahmad Sayyid,1970-04-17,3400,13048663,Karachi
VEH006423,Mohammed فیصل سید,54822-3040641-8,Muhammad Ahmed Sayyid,1970-04-17,3500,14098128,Karachi
VEH006424,فیصل Sayed,54822-3040641-9,,1970-04-17,3800,15955647,Karachi
VEH006425,عمران Awan,52996-3465579-2,Imran اعوان,1984-04-28,2100,6770688,Faisalabad
VEH006426,Ahmad Chaudhary,52640-1342543-2,Ahmed Chaudhary,1968-06-04,4500,18049735,Lahore
VEH006427,Hassan ملک,42528-4244607-3,Mohammed Ahmad ملک,1966-02-14,2200,7109699,Rawalpindi
VEH006428,Muhammed Hassan Raja,56886-4302112-2,Mohammed راجہ,1987-09-17,1400,5557671,Faisalabad
VEH006429,فاطمہ اعوان,10006-1847495-6,Hussain اعوان,1959-04-21,2400,8409719,Islamabad
VEH006430,Muhammad مغل,66475-8323210-6,,1961-08-22,4200,16514857,Lahore
VEH006431,عمران سید,37004-1707146-3,Mohammad احمد Syed,1982-04-19,2200,9060649,Karachi
VEH006432,Hamzah راجہ,,Muhammed Othman Raja,1967-04-12,1500,6156398,Lahore
VEH006433,Muhammad Hamza راجہ,16542-8339149-6,Osman Raja,,2000,6488085,Lahore
VEH006434,Zainab Chaudhary,93425-9309455-7,بلال Ch.,1993-09-12,2100,6899693,Karachi
VEH006435,Ayisha Awan,68706-9609100-9,Mohammed حسین Awan,1979-06-06,1000,4068427,Karachi
VEH006436,Hussein Ch.,82870-3281509-0,,1960-08-27,1300,4801103,Rawalpindi
VEH006437,Sana Sayyid,67604-1725027-7,Ali Syed,1974-02-07,2300,9385495,Lahore
VEH006438,ثناء Sayed,67604-1725027-7,علی سید,1974-02-07,2500,9136809,Lahore
VEH006439,Mohammed Husain Bhatti,71536-7928039-0,Hamzah Butt,,4500,15853711,Islamabad
VEH006440,Hussain بٹ,71536-7928039-0,Hamzah بٹ,,4500,17691165,Islamabad
VEH006441,Hussein Butt,,حمزہ Butt,1985-06-11,4500,15825916,Islamabad
VEH006442,Hussain Butt,71536-7928039-0,,1985-06-11,4500,16559493,Islamabad
VEH006443,Faysal Shaykh,58093-3873906-7,Hamzah Shaykh,1994-08-25,3100,12671259,Lahore
VEH006444,Faysal Sheikh,58093-3873906-7,حمزہ Shaykh,1994-08-25,3000,10456560,Lahore
VEH006445,Mohammad Faysal شیخ,58093-3873906-7,,1994-08-25,3500,13409015,Lahore
VEH006446,Ayisha Syed,89077-2225341-3,Ali Syed,1958-11-27,1700,5483829,Islamabad
VEH006447,Mohammed Usman راجہ,69994-7478557-0,Ahmad Raja,1983-03-21,1500,5725468,Rawalpindi
VEH006448,Othman راجہ,69994-7478557-0,احمد راجہ,,1600,5962995,Rawalpindi
VEH006449,Osman Ch.,32106-7233411-5,Hassan Choudhary,1971-07-26,1400,5873904,Faisalabad
VEH006450,Osman Butt,91044-6087223-4,Husain Bhatti,1984-08-05,900,3455665,Faisalabad
VEH006451,علی Sayed,,Mohammad Husain Syed,1963-10-17,2100,8476007,Rawalpindi
VEH006452,Ali اعوان,70824-2820295-8,Hussain اعوان,1994-07-05,2400,8728784,Islamabad
VEH006453,عثمان Mughal,43562-8215674-9,Bilal مغل,1973-09-26,800,2844325,Faisalabad
VEH006454,Fatema Khan,66115-4232171-9,Mohammed Faysal خان,1993-09-20,4500,18339878,Islamabad
VEH006455,Fatema خان,66115-4232175-9,Mohammad فیصل خان,1993-09-20,4500,17679726,Islamabad
VEH006456,Fatimah خان,66115-4232175-9,Faysal Khan,1993-09-20,4500,18122515,Islamabad
VEH006457,Fatema خان,66115-4232175-9,فیصل خان,1993-09-20,4500,14958175,Islamabad
VEH006458,حمزہ Qureshi,13794-3920792-6,Mohammed حسن Qureshi,1977-11-07,1400,4992529,Faisalabad
VEH006459,Marium Quraishi,37059-8132474-3,Muhammad حمزہ Qureshi,2002-08-05,1900,6522330,Karachi
VEH006460,مریم Qureshi,37259-8132474-3,Hamzah Qureshi,2002-08-05,1700,7137001,Karachi
VEH006461,Zaynab خان,65509-4665038-6,,1995-05-01,3200,11675300,Rawalpindi
VEH006462,Zaynab خان,65509-4665038-6,,1995-05-01,2700,9044927,Rawalpindi
VEH006463,Hussain Bhatti,36809-8591182-3,احمد بٹ,1968-04-21,1500,5979301,Islamabad
VEH006464,Hira Khan,21937-9226636-7,,1963-12-06,1600,6152988,Faisalabad
VEH006465,Usman Raja,95071-2684088-2,حمزہ راجہ,1986-02-01,2300,8855489,Karachi
VEH006466,حسن Moghul,66697-6850942-0,Imran Moghul,1985-12-02,1200,4952962,Karachi
VEH006467,زینب Raja,54675-1141185-1,Hamzah راجہ,1957-08-21,1400,5864795,Islamabad
VEH006468,عمران قریشی,66572-3471610-5,Osman Qureshi,1982-11-07,800,2729077,Islamabad
VEH006469,Hassan راجہ,28704-2413569-1,,1976-06-14,2400,7864873,Faisalabad
VEH006470,Mohammad حسن بٹ,46512-8647550-0,Mohammed حسن Butt,,4500,16437938,Islamabad
VEH006471,Hasan Bhatti,46512-8647550-0,Hasan بٹ,1967-11-16,4500,15733212,Islamabad
VEH006472,Hasan بٹ,46512-8647550-0,,1967-11-16,4500,15786910,Islamabad
VEH006473,Muhammed Hasan Butt,46512-8647550-0,,1967-11-16,4500,18720532,Islamabad
VEH006474,علی Shaykh,41270-6080530-8,,1970-06-01,1100,3900480,Islamabad
VEH006475,Mohammad بلال راجہ,95476-4232934-2,عمران Raja,1963-01-15,2200,8551858,Lahore
VEH006476,عمران Chaudhry,28684-6247306-2,Mohammad Ahmad Chaudhry,1963-03-21,1200,4316290,Rawalpindi
VEH006477,احمد Bhatti,60787-5403423-9,Mohammad احمد بٹ,,2400,9037175,Lahore
VEH006478,Muhammad Usman مغل,60258-3346543-9,Hussein Moghul,1979-04-14,2100,7033074,Karachi
VEH006479,فاطمہ شیخ,64004-5426434-9,عمران Shaykh,1979-09-07,1100,3996046,Faisalabad
VEH006480,Mohammed راجہ,10254-5766725-4,Imran Raja,1995-06-12,2000,7647266,Rawalpindi
VEH006481,Mohammed Raja,10254-5766725-4,Muhammad Imran راجہ,,2200,7565920,Rawalpindi
VEH006482,Mohammed Ch.,,عثمان Ch.,1981-02-28,1800,6468483,Karachi
VEH006483,علی سید,,Muhammed Faysal Sayyid,1985-11-03,3400,13132239,Rawalpindi
VEH006484,Ali سید,89382-3570940-2,Mohammed فیصل سید,1985-11-03,3400,13941079,Rawalpindi
VEH006485,عمران Malick,33168-7422284-9,Muhammad Ali ملک,1973-04-20,1500,5864723,Islamabad
VEH006486,Faisal Sayyid,40962-1329450-9,Hasan سید,1969-06-08,1900,7842013,Faisalabad
VEH006487,Mohammad راجہ,64830-5559263-1,Mohammad Ali راجہ,,2100,6968877,Lahore
VEH006488,عثمان Awan,33291-2045412-9,Imran Awan,1976-11-06,2300,8405005,Islamabad
VEH006489,Othman خان,66585-6313528-7,عمران Khan,1999-05-21,3200,11442854,Karachi
VEH006490,Muhammed Othman Khan,66585-6313528-7,,1999-05-21,3100,11101237,Karachi
VEH006491,Othman خان,66585-6313528-7,Mohammad Imran خان,1999-05-21,3000,11676971,Karachi
VEH006492,Muhammed Osman Khan,66585-6313528-7,Imran Khan,1999-05-21,3200,10576778,Karachi
VEH006493,Sana Choudhary,31977-9538165-7,Imran Ch.,1995-09-27,4500,16031979,Rawalpindi
VEH006494,ثناء Ch.,31977-9538865-7,Imran Chaudhary,1995-09-27,4500,16407778,Rawalpindi
VEH006495,ثناء Choudhary,31977-9538165-7,عمران Chaudhary,1995-09-27,4500,16808848,Rawalpindi
VEH006496,ثناء Chaudhry,31977-9538165-7,Muhammad Imran چوہدری,1995-09-27,4500,14502457,Rawalpindi
VEH006497,علی خان,27310-8020466-4,Hassan Khan,1967-06-16,1200,4214166,Rawalpindi
VEH006498,Aisha Quraishi,14912-1470531-6,Hussein Quraishi,1959-12-18,2600,9531528,Faisalabad
VEH006499,Aisha Quraishi,14912-1470531-6,Muhammed حسین Quraishi,1959-12-18,2700,9051047,Faisalabad
VEH006500,عائشہ قریشی,14912-1470531-6,حسین قریشی,1959-12-18,2400,8126802,Faisalabad
VEH006501,عائشہ Quraishi,14912-1470531-6,Husain Qureshi,1959-12-18,2300,9399299,Faisalabad
VEH006502,احمد خان,11400-3205827-0,Bilal Khan,1987-07-02,1900,7710037,Rawalpindi
VEH006503,Hira Bhatti,40717-4087106-4,Mohammed علی بٹ,1982-05-23,900,2904335,Rawalpindi
VEH006504,Aisha Butt,78327-4363852-6,,1979-08-09,1000,3505100,Faisalabad
VEH006505,Hassan Sayed,76152-3371422-4,Ali Syed,1977-09-22,700,2816363,Lahore
VEH006506,Ayisha Sayed,98152-3272583-5,Imran Sayyid,,3000,10820238,Faisalabad
VEH006507,Hamzah Qureshi,72890-6510806-9,Bilal قریشی,1972-10-11,1400,4502346,Rawalpindi
VEH006508,Mohammed Ahmad Raja,79273-9045596-3,Hamzah راجہ,1979-04-15,2100,7366519,Islamabad
VEH006509,Muhammed Imran Awan,31100-8787445-9,Husain اعوان,,1600,5261245,Lahore
VEH006510,Fatimah اعوان,81514-9969372-3,,,1700,7065606,Rawalpindi
VEH006511,Mohammed بلال مغل,48707-7306485-3,حمزہ Moghul,1957-08-23,2000,8386784,Rawalpindi
VEH006512,Bilal Moghul,48707-7306485-3,Hamzah Mughal,1957-08-23,2200,7867675,Rawalpindi
VEH006513,بلال Moghul,48707-7306485-3,حمزہ مغل,1957-08-23,2300,8735369,Rawalpindi
VEH006514,بلال مغل,,Hamzah Mughal,,2100,6784370,Rawalpindi
VEH006515,Maryam اعوان,23866-2833670-7,,1999-08-03,1700,5460401,Faisalabad
VEH006516,Maryam Awan,20866-2833670-7,,1999-08-03,1700,5581069,Faisalabad
VEH006517,Muhammad Hasan Raja,23536-9644167-0,Imran Raja,1958-05-13,1200,4621825,Lahore
VEH006518,عثمان خان,66918-7599744-4,Ali خان,1983-12-16,1700,7084504,Islamabad
VEH006519,Ahmad راجہ,52052-5821280-8,علی Raja,1996-04-24,3600,12443236,Karachi
VEH006520,Mohammad احمد Raja,,علی Raja,1996-04-24,3300,13547448,Karachi
VEH006521,Ahmed Raja,52052-5821280-8,Mohammad علی Raja,1996-04-24,3100,9935518,Karachi
VEH006522,Ahmad Raja,52052-5821280-8,علی Raja,1996-04-24,3500,14441743,Karachi
VEH006523,Muhammed ملک,42924-3416756-5,فیصل Malik,1987-04-26,1700,5926131,Faisalabad
VEH006524,Mohammed ملک,42924-3416756-5,Faysal ملک,1987-04-26,1700,6214914,Faisalabad
VEH006525,Maryam Quraishi,73049-6680340-4,Muhammad Quraishi,1982-09-05,2800,9606136,Rawalpindi
VEH006526,Imran قریشی,,Mohammad علی قریشی,1976-08-15,1200,4756583,Lahore
VEH006527,Imran قریشی,45496-6005223-1,Muhammed علی Quraishi,,800,2755124,Lahore
VEH006528,فیصل Moghul,12614-7796423-4,Mohammad Moghul,1966-12-25,4500,14678026,Lahore
VEH006529,فیصل مغل,12614-7796423-4,محمد مغل,,4500,17695241,Lahore
VEH006530,فیصل مغل,12614-7796423-4,,1966-12-25,4500,15208012,Lahore
VEH006531,Faisal Moghul,12614-7796423-4,Muhammad مغل,1966-12-25,4500,14714735,Lahore
VEH006532,Aisha سید,19671-6433672-9,Imran Sayyid,1999-06-22,1800,6059215,Islamabad
VEH006533,Ayesha Syed,79671-6433672-9,Mohammad عمران Syed,1999-06-22,1900,7325969,Islamabad
VEH006534,Ayesha سید,,Imran سید,1999-06-22,1700,5573701,Islamabad
VEH006535,Aysha Syed,,عمران سید,1999-06-22,1700,6160317,Islamabad
VEH006536,Muhammad حسین قریشی,39953-2211410-8,علی قریشی,2000-11-10,1000,4063548,Lahore
VEH006537,Muhammad Hussein قریشی,22357-2387408-6,Mohammed Hussein Quraishi,1971-07-18,1100,4607748,Islamabad
VEH006538,Hasan Malik,84171-4166339-6,Hamzah Malik,1977-07-22,1200,4314046,Lahore
VEH006539,Muhammed Bhatti,95438-6634964-5,Mohammed بلال Bhatti,2003-04-03,2400,8499065,Rawalpindi
VEH006540,Muhammed بٹ,95438-6634964-5,,2003-04-03,2400,8146934,Rawalpindi
VEH006541,Muhammad Butt,95438-6634964-5,Muhammed Bilal بٹ,2003-04-03,1900,6349715,Rawalpindi
VEH006542,Ahmad Mughal,76807-8524894-6,عمران مغل,1993-11-22,1400,5072717,Faisalabad
VEH006543,Fatimah Bhatti,34792-9546370-7,,1961-07-16,1000,3790587,Lahore
VEH006544,Ali Chaudhary,63838-8904000-1,Hussein Ch.,1964-06-10,2100,8054223,Faisalabad
VEH006545,Ali Choudhary,63838-8904000-1,Husain Choudhary,1964-06-10,2100,7294495,Faisalabad
VEH006546,Mariam سید,79287-7494929-8,Muhammad Sayed,1961-11-03,2300,7730754,Karachi
VEH006547,Fatimah Shaikh,84747-1178412-5,فیصل شیخ,1988-02-05,800,2933611,Faisalabad
VEH006548,Fatimah سید,86844-3951443-4,Husain Syed,1976-03-14,1600,6602068,Faisalabad
VEH006549,Mohammad Ahmad Awan,21764-1189521-5,Ali اعوان,1974-10-01,1200,4194924,Faisalabad
VEH006550,Hamzah Moghul,32323-7401001-8,Mohammad Hussein Mughal,1977-08-17,1100,4033001,Faisalabad
VEH006551,علی Mughal,24477-5320015-8,Ahmad مغل,1967-08-05,2900,10302083,Faisalabad
VEH006552,Ali مغل,,Ahmed Moghul,1967-08-05,3200,11656587,Faisalabad
VEH006553,Mohammed Ahmed Ch.,96303-9408713-1,بلال چوہدری,1986-04-09,3200,12729341,Faisalabad
VEH006554,Hassan Chaudhry,,,1971-04-04,1300,5178517,Islamabad
VEH006555,مریم شیخ,84577-4674790-3,Muhammed حمزہ Sheikh,1963-05-02,3100,12289619,Rawalpindi
VEH006556,زینب Quraishi,74398-3213128-7,بلال Quraishi,1991-02-19,1700,6994695,Faisalabad
VEH006557,Zainab Qureshi,,Bilal Qureshi,1991-02-19,1500,6094793,Faisalabad
VEH006558,Hussain Quraishi,88917-3622040-2,Hassan قریشی,1957-11-13,2600,9418026,Islamabad
VEH006559,حسین مغل,91099-2807766-5,حسین Mughal,1965-06-24,2200,7837201,Karachi
VEH006560,Hussain Mughal,91099-2807766-5,Husain مغل,1965-06-24,2300,8030980,Karachi
VEH006561,عائشہ بٹ,71204-9060091-9,Ali Bhatti,1992-10-13,1100,4587287,Faisalabad
VEH006562,Mohammad Hamzah Malick,,Osman ملک,1979-11-05,1200,4716478,Karachi
VEH006563,Husain راجہ,10449-1891989-5,بلال راجہ,2002-03-22,4500,18666790,Faisalabad
VEH006564,Hussein راجہ,13449-1891989-5,بلال راجہ,2002-03-22,4500,17518904,Faisalabad
VEH006565,Muhammed Husain Raja,10449-1891989-5,Muhammed بلال Raja,2002-03-22,4500,15190873,Faisalabad
VEH006566,حسین راجہ,10449-1891989-5,بلال Raja,2002-03-22,4500,17541668,Faisalabad
VEH006567,Mohammad Moghul,35111-3929149-1,حمزہ مغل,1972-01-14,3700,14463591,Rawalpindi
VEH006568,بلال ملک,38354-3289046-2,,2001-02-23,2300,7979153,Rawalpindi
VEH006569,بلال ملک,38354-3289046-2,Muhammed Hamzah Malik,2001-02-23,2100,7117199,Rawalpindi
VEH006570,Muhammed Hamza راجہ,25000-2650499-1,Mohammed Usman راجہ,1975-02-20,2600,10694667,Faisalabad
VEH006571,حمزہ Raja,25000-2650499-1,Othman راجہ,1975-02-20,2700,9892280,Faisalabad
VEH006572,Ahmed Qureshi,92044-7595316-4,Mohammad قریشی,1979-05-03,1600,6480106,Karachi
VEH006573,Mohammad حسن Syed,33949-9142445-4,Hasan Sayed,1977-02-28,2700,9976921,Rawalpindi
VEH006574,Hasan Sayyid,33949-9142445-4,Muhammad Hasan Sayyid,1977-02-28,2800,11739791,Rawalpindi
VEH006575,عمران Khan,15140-2636623-9,Osman Khan,1962-06-17,1200,4619142,Lahore
VEH006576,بلال اعوان,,Hassan اعوان,1986-12-18,1500,5796637,Faisalabad
VEH006577,Bilal اعوان,51804-2038230-6,,,1400,5671891,Faisalabad
VEH006578,عائشہ خان,,Muhammad عمران Khan,1976-10-21,1000,3237244,Islamabad
VEH006579,Hussain Chaudhry,29728-3352757-1,حسین چوہدری,1994-12-10,1400,5406767,Lahore
VEH006580,Usman Shaykh,99733-8752860-8,بلال Shaykh,1988-08-27,1100,4412159,Karachi
VEH006581,حسن Shaykh,42721-7047755-5,Othman Shaikh,1959-10-18,1600,5148338,Karachi
VEH006582,Hamza Syed,85314-1214684-5,,,1700,6816900,Islamabad
VEH006583,Ahmed خان,,Muhammed فیصل خان,1976-02-13,1700,6618290,Rawalpindi
VEH006584,Ahmed راجہ,56862-4355164-0,Bilal Raja,1989-03-12,1400,5149311,Karachi
VEH006585,Bilal Qureshi,84409-7359331-6,Ali Quraishi,1962-10-01,2300,7521820,Faisalabad
VEH006586,Mohammad علی Awan,90518-8335294-3,Muhammed حمزہ اعوان,1980-12-01,1200,4104857,Islamabad
VEH006587,Faisal Shaykh,58591-6919653-4,Othman Sheikh,1969-12-09,1100,3750163,Faisalabad
VEH006588,Faisal Shaykh,58591-6919653-4,عثمان شیخ,1969-12-09,1200,4317356,Faisalabad
VEH006589,عثمان Raja,,Mohammed Hasan راجہ,1971-03-10,2400,9900461,Islamabad
VEH006590,Muhammad Hamzah Sheikh,13375-2145876-4,Hamza Sheikh,1964-11-05,4500,14950544,Islamabad
VEH006591,Mohammad Hamza Shaykh,13375-2145876-4,Hamza شیخ,1964-11-05,4500,16528983,Islamabad
VEH006592,حرا راجہ,45099-7485150-1,Imran راجہ,1976-08-05,1200,4351407,Karachi
VEH006593,Fatema Chaudhry,,Hussain Ch.,1965-01-03,4100,15550821,Faisalabad
VEH006594,Fatema Chaudhary,,,1965-01-03,4000,16512320,Faisalabad
VEH006595,Muhammad خان,38897-2455370-6,Muhammed Hamza خان,1997-06-26,1100,3596499,Rawalpindi
VEH006596,Faisal Qureshi,85576-7677229-7,Muhammed حمزہ قریشی,1976-06-20,2300,7515509,Rawalpindi
VEH006597,عمران Chaudhary,12389-2618659-4,حسن Chaudhary,1969-02-18,4500,15084199,Lahore
VEH006598,عمران چوہدری,12389-2618699-4,,,4500,17579722,Lahore
VEH006599,Imran Choudhary,,Muhammad Hassan Chaudhry,1969-02-18,4500,14915146,Lahore
VEH006600,Mohammed Imran Chaudhry,,Hasan Ch.,,4500,18139666,Lahore
VEH006601,Muhammad Hamzah Awan,26252-6546638-6,حمزہ Awan,,800,3205647,Islamabad
VEH006602,Mohammad Syed,26910-5337006-2,Ahmad Syed,2003-05-13,4500,18887331,Karachi
VEH006603,Muhammed Syed,26910-5337006-2,Ahmad Syed,2003-05-13,4500,16299398,Karachi
VEH006604,علی شیخ,23802-8796492-0,Mohammed Faisal شیخ,,800,3265937,Islamabad
VEH006605,حسن Awan,99070-5140786-1,فیصل اعوان,1976-04-04,2800,9629691,Islamabad
VEH006606,حسن اعوان,,Faisal اعوان,1976-04-04,3100,10724631,Islamabad
VEH006607,Hassan Awan,,فیصل اعوان,1976-04-04,2900,9889099,Islamabad
VEH006608,عائشہ Ch.,59374-8263341-7,Mohammed Ali چوہدری,1957-02-16,1700,5693758,Islamabad
VEH006609,Ahmed Syed,73085-3885922-0,Mohammad Usman سید,1995-10-07,1300,4773613,Rawalpindi
VEH006610,Hamza سید,59211-2682496-1,Hamzah Sayyid,,2000,6628778,Karachi
VEH006611,Husain راجہ,46306-9352109-0,Mohammed Ahmed Raja,,4300,15950365,Lahore
VEH006612,Mohammed Hussein راجہ,46306-9352109-0,احمد راجہ,1961-11-25,4300,16748652,Lahore
VEH006613,Muhammed Hussain راجہ,46306-9352109-0,Muhammed Ahmed Raja,1961-11-25,4400,15147509,Lahore
VEH006614,حسین Raja,46306-9352109-0,,1961-11-25,4400,15948058,Lahore
VEH006615,Imran مغل,93522-2700150-5,,1983-09-02,4500,14523895,Karachi
VEH006616,عمران Moghul,93522-2700150-5,Othman Moghul,,4500,15444702,Karachi
VEH006617,عمران Mughal,93522-2700150-5,,,4500,18045150,Karachi
VEH006618,Imran مغل,93522-2700150-5,Othman مغل,,4500,18885346,Karachi
VEH006619,Ali راجہ,66717-7242921-8,Bilal راجہ,1972-12-01,2000,8253616,Karachi
VEH006620,علی Raja,66717-7242921-8,Muhammed Bilal راجہ,1972-12-01,1900,7585728,Karachi
VEH006621,Aisha Malik,91677-8584951-1,Mohammad Faysal ملک,1956-08-04,2000,6700300,Karachi
VEH006622,فیصل Raja,,,1968-02-05,1400,5487021,Karachi
VEH006623,عمران Bhatti,98781-7996614-4,Ali بٹ,1958-01-19,2000,6851158,Lahore
VEH006624,Mohammed عمران Butt,98781-7996614-4,Ali بٹ,1958-01-19,2000,7209479,Lahore
VEH006625,Hussein راجہ,57911-6860093-0,Muhammed Ali Raja,1978-12-24,1300,4948197,Islamabad
VEH006626,ثناء ملک,20435-5803828-0,Husain ملک,1992-12-06,2600,8824896,Islamabad
VEH006627,Sana ملک,20435-5803828-0,حسین ملک,1992-12-06,2400,8620753,Islamabad
VEH006628,حرا مغل,17959-7367519-2,Osman مغل,1972-06-05,2100,6919721,Islamabad
VEH006629,Muhammad فیصل راجہ,10665-9028960-6,,1981-01-17,1800,6663778,Islamabad
VEH006630,ثناء خان,97489-8338331-6,,1965-01-13,1500,5939224,Rawalpindi
VEH006631,ثناء خان,,حسن Khan,1965-01-13,1700,5539797,Rawalpindi
VEH006632,زینب Awan,,حسین Awan,1971-04-20,3900,14421829,Islamabad
VEH006633,زینب Awan,97861-4708938-0,Husain Awan,1971-04-20,4000,13759175,Islamabad
VEH006634,Zaynab Awan,97801-4708938-0,Hussain Awan,1971-04-20,4100,15164842,Islamabad
VEH006635,Muhammad عثمان Malik,53176-7554746-2,,1992-01-20,4500,17645037,Islamabad
VEH006636,Osman Malik,53176-7554746-2,احمد Malick,1992-01-20,4500,18554626,Islamabad
VEH006637,Muhammed احمد اعوان,93457-1114538-8,Muhammad Awan,1955-11-13,1200,4830537,Islamabad
VEH006638,Mohammed Ahmed Awan,93457-1111538-8,Muhammed Awan,1955-11-13,1300,4660662,Islamabad
VEH006639,Mohammed علی سید,36830-5121203-1,Hasan Sayed,1966-03-27,2200,9122906,Faisalabad
VEH006640,علی سید,36830-5121203-1,Hassan Syed,1966-03-27,2400,8984059,Faisalabad
VEH006641,Ayesha سید,83803-5939223-0,فیصل Sayyid,1974-11-17,1600,6346993,Islamabad
VEH006642,Ayisha Syed,83873-5939223-0,Faisal سید,1974-11-17,1600,6319003,Islamabad
VEH006643,Mohammed عمران شیخ,96707-3590202-4,Hassan Sheikh,,2900,10635874,Lahore
VEH006644,عمران شیخ,96707-3590212-4,Hasan Shaykh,1956-12-18,3200,11277604,Lahore
VEH006645,Mohammad Imran شیخ,,حسن Shaikh,1956-12-18,3000,12177043,Lahore
VEH006646,ثناء Khan,67730-2242854-3,Ahmed Khan,1983-05-16,2500,9243063,Faisalabad
VEH006647,Husain Butt,94523-6771065-6,فیصل بٹ,1998-05-10,4500,16183708,Lahore
VEH006648,Hussain Bhatti,94523-4771065-6,فیصل Butt,1998-05-10,4500,15568371,Lahore
VEH006649,Muhammed Hussein Butt,94523-6771065-6,Faysal Butt,1998-05-10,4500,16961591,Lahore
VEH006650,عمران راجہ,,Muhammed Raja,1961-05-10,4500,15370306,Rawalpindi
VEH006651,Fatema Shaikh,24767-4767867-7,فیصل شیخ,,1500,5575089,Lahore
VEH006652,Ahmad Mughal,80870-6027511-4,Faisal Mughal,1957-10-21,1100,4057412,Faisalabad
VEH006653,Usman سید,,,,4500,14836705,Karachi
VEH006654,Muhammed Osman سید,11035-3128631-0,عمران Sayed,,4500,16464902,Karachi
VEH006655,Muhammad Osman Sayyid,11035-3128631-0,Imran Sayed,1955-06-13,4500,17435423,Karachi
VEH006656,Osman سید,11035-3128631-0,Muhammed Imran Syed,,4500,16690502,Karachi
VEH006657,عمران قریشی,16360-7903259-1,Mohammed عمران Quraishi,1988-01-10,1000,3295969,Karachi
VEH006658,Faisal Ch.,85438-1151807-6,,1977-10-22,2500,10420047,Karachi
VEH006659,Hamzah Awan,96206-2050473-6,Faysal Awan,1999-07-27,2500,10027570,Faisalabad
VEH006660,ثناء Malick,,Mohammed فیصل Malik,1983-07-25,4000,15061240,Rawalpindi
VEH006661,ثناء Malik,69818-5247856-9,Mohammad فیصل ملک,1983-07-25,4100,14236404,Rawalpindi
VEH006662,Sana Malik,69818-5247856-9,Faisal Malik,,3700,12306581,Rawalpindi
VEH006663,ثناء ملک,69818-5247856-9,Mohammed فیصل ملک,1983-07-25,4100,15187026,Rawalpindi
VEH006664,Muhammed احمد Moghul,,Hamza مغل,1963-01-03,4500,15880098,Islamabad
VEH006665,Muhammed احمد Moghul,,حمزہ Mughal,1963-01-03,4500,17287059,Islamabad
VEH006666,احمد Mughal,18566-7114301-1,,1963-01-03,4500,15050573,Islamabad
VEH006667,Mohammed Osman Quraishi,42531-7260217-5,حسن قریشی,1992-07-26,1800,6077739,Islamabad
VEH006668,Imran Bhatti,45889-4578797-0,Muhammed Faysal Bhatti,1959-03-22,3100,12647922,Islamabad
VEH006669,عمران بٹ,45889-4598797-0,Mohammad Faysal Bhatti,1959-03-22,3500,14647001,Islamabad
VEH006670,Mohammad عمران بٹ,45889-4578797-0,Faisal Bhatti,1959-03-22,3500,12953178,Islamabad
VEH006671,Hamza راجہ,28402-8899372-2,Mohammed بلال راجہ,1986-01-26,1000,3640702,Islamabad
VEH006672,Ali Khan,94520-7922274-5,Mohammed Hussein خان,2003-09-17,4500,18885882,Karachi
VEH006673,علی خان,94520-7922274-5,Hussein خان,2003-09-17,4500,14487134,Karachi
VEH006674,Ali خان,94520-7922274-5,Husain Khan,,4500,17021430,Karachi
VEH006675,حسن Bhatti,53126-6496939-2,Mohammed Othman Bhatti,1997-11-02,2700,8644093,Islamabad
VEH006676,Muhammad Bilal Ch.,49783-4998701-3,Muhammad حسن Chaudhry,1977-07-10,3800,14071034,Lahore
VEH006677,Bilal Ch.,49783-4998701-3,Hassan Chaudhary,1977-07-10,3700,12329880,Lahore
VEH006678,Mohammad بلال چوہدری,49783-4998701-3,Hassan Choudhary,1977-07-10,3900,12526758,Lahore
VEH006679,Ayesha خان,46665-9763194-1,حسین Khan,1959-09-26,1900,7900055,Islamabad
VEH006680,Aisha خان,46665-9763194-1,حسین خان,1959-09-26,2400,9746010,Islamabad
VEH006681,عائشہ خان,46665-9763194-1,Hussain خان,1959-09-26,2300,9341580,Islamabad
VEH006682,Faisal Mughal,37584-9406191-3,Ahmed Mughal,1996-10-08,2300,9636358,Faisalabad
VEH006683,Hassan Chaudhry,51821-1076006-3,عمران Choudhary,1990-09-03,3500,13721102,Islamabad
VEH006684,Hassan Chaudhry,51821-1076006-3,Muhammad Imran Chaudhary,1990-09-03,3800,14225122,Islamabad
VEH006685,Hasan Chaudhry,51821-1076006-3,عمران Ch.,,3700,15378447,Islamabad
VEH006686,Hasan Chaudhary,51821-1076006-3,Mohammad Imran Chaudhry,1990-09-03,3700,14958316,Islamabad
VEH006687,زینب Chaudhry,79320-5472359-5,Muhammed Imran Chaudhry,1975-08-08,3900,14759423,Islamabad
VEH006688,Zaynab چوہدری,79350-5472359-5,Imran Choudhary,1975-08-08,3700,14808786,Islamabad
VEH006689,Ali Shaykh,44705-2132577-7,Hussein Shaikh,1964-03-15,2100,7338748,Faisalabad
VEH006690,Mohammad Shaykh,,عمران Shaykh,1959-10-23,2000,6519634,Faisalabad
VEH006691,Mohammed Shaykh,31354-1383362-5,عمران Shaikh,1959-10-23,2400,8169426,Faisalabad
VEH006692,حسین Sayyid,75350-8444409-9,احمد Syed,,2300,7556500,Karachi
VEH006693,حرا Mughal,87379-6197780-9,Ahmed Moghul,1956-06-02,4500,16753751,Lahore
VEH006694,حرا Moghul,87379-6197780-9,Ahmad Moghul,1956-06-02,4500,16054690,Lahore
VEH006695,Hira Mughal,87379-6197780-9,Mohammed احمد Moghul,1956-06-02,4500,15041071,Lahore
VEH006696,Hira Mughal,87379-6197780-9,احمد Mughal,1956-06-02,4500,16926036,Lahore
VEH006697,عثمان Mughal,87259-3824543-9,Hussain Moghul,2000-01-05,4500,18368010,Lahore
VEH006698,Osman Mughal,87259-3824543-9,Hussain Mughal,2000-01-05,4500,15827672,Lahore
VEH006699,Mohammad Othman Mughal,87259-3824543-9,Muhammad Hussain مغل,2000-01-05,4500,17879250,Lahore
VEH006700,Usman Moghul,87259-3824543-9,Muhammad Hussain Mughal,2000-01-05,4500,15111313,Lahore
VEH006701,Muhammad Hussain Khan,28046-8527103-4,عثمان Khan,1993-02-01,3200,11319265,Islamabad
VEH006702,ثناء خان,50493-4507767-6,Hamza خان,1978-03-27,3200,11603380,Islamabad
VEH006703,Hasan Sheikh,78675-8421701-8,Muhammad Sheikh,1997-10-19,2400,7878426,Lahore
VEH006704,حسن شیخ,78675-8421701-8,Mohammad Shaykh,1997-10-19,2600,8579707,Lahore
VEH006705,Mohammad Hassan Sheikh,78672-8421701-8,Mohammed Shaikh,1997-10-19,2300,9006735,Lahore
VEH006706,Ahmed Shaikh,71904-3977276-3,,1956-02-26,3300,11441131,Lahore
VEH006707,Muhammad Ahmad شیخ,71904-3977276-3,حسن Sheikh,1956-02-26,3000,10744250,Lahore
VEH006708,Ali Qureshi,81973-4088366-2,Imran Qureshi,2003-01-04,2500,9234829,Rawalpindi
VEH006709,Muhammad علی Qureshi,81973-4088366-2,,2003-01-04,2400,8431251,Rawalpindi
VEH006710,Hamzah اعوان,50382-3241876-7,Faisal Awan,1988-04-15,4500,18089309,Islamabad
VEH006711,Hamzah Awan,,فیصل Awan,1988-04-15,4500,15899405,Islamabad
VEH006712,Mohammed Moghul,,,1968-05-20,2000,6631767,Islamabad
VEH006713,Mohammed Moghul,85789-8125937-6,Muhammad Hasan Moghul,1968-05-20,2200,8617274,Islamabad
VEH006714,ثناء Mughal,99373-3998454-5,Hamzah Mughal,1978-07-13,2300,7714146,Islamabad
VEH006715,Sana Mughal,99373-3998454-5,,1978-07-13,2300,9452041,Islamabad
VEH006716,Sana Moghul,99373-3998454-5,حمزہ Moghul,1978-07-13,2200,7087253,Islamabad
VEH006717,ثناء مغل,99373-3998454-5,Mohammad حمزہ Mughal,1978-07-13,2200,8191387,Islamabad
VEH006718,Ayesha Chaudhry,89173-3591020-7,Mohammad Hussain چوہدری,1975-10-23,4000,15417200,Karachi
VEH006719,Ayisha Ch.,,,1975-10-23,3800,14747906,Karachi
VEH006720,Ayisha Chaudhry,89173-3591020-7,Hussein Ch.,1975-10-23,3700,15376501,Karachi
VEH006721,Ayesha Choudhary,89173-3591020-7,Muhammad Hussein Chaudhary,1975-10-23,3700,14973623,Karachi
VEH006722,Muhammed بلال Khan,44682-9885587-7,Mohammed خان,1965-11-10,2800,10277717,Lahore
VEH006723,علی خان,59233-6401211-4,Hussein Khan,1967-12-06,1900,6113416,Rawalpindi
VEH006724,Ali Khan,59233-6401211-4,,1967-12-06,2000,8084982,Rawalpindi
VEH006725,Mohammad Ali Khan,59233-6401211-4,Husain خان,1967-12-06,1500,6184263,Rawalpindi
VEH006726,Mohammed Ali خان,59233-6401211-4,حسین Khan,1967-12-06,1700,6013502,Rawalpindi
VEH006727,Fatimah Khan,13814-2368689-3,Husain Khan,,1900,7810403,Rawalpindi
VEH006728,Ahmed Moghul,45426-8639422-6,Mohammed احمد Moghul,1963-04-17,4000,16273221,Faisalabad
VEH006729,احمد Moghul,,Muhammed Ahmed Moghul,1963-04-17,3800,13505021,Faisalabad
VEH006730,Fatima Malik,52947-3917841-3,Muhammed علی ملک,1971-04-28,2300,7855014,Karachi
VEH006731,Fatimah ملک,52947-3917841-3,Mohammad علی Malik,1971-04-28,2500,9052864,Karachi
VEH006732,Fatema Malick,52947-3917841-3,,1971-04-28,2700,10658624,Karachi
VEH006733,ثناء Malick,71207-9572993-3,Mohammad بلال ملک,1966-11-20,2400,8669545,Karachi
VEH006734,ثناء ملک,,بلال ملک,1966-11-20,2700,10340653,Karachi
VEH006735,ثناء Malick,71207-9172993-3,Bilal Malik,1966-11-20,2900,10950269,Karachi
VEH006736,Sana ملک,71207-9172993-3,Mohammed Bilal Malick,1966-11-20,2600,9257133,Karachi
VEH006737,Zaynab Sheikh,11216-7404121-8,Muhammad Shaikh,1981-04-14,4400,17936836,Islamabad
VEH006738,Zaynab Shaikh,11276-7404121-8,Muhammad Shaikh,1981-04-14,4500,18374089,Islamabad
VEH006739,Muhammed Ali Ch.,95551-6744201-5,Bilal Choudhary,1987-07-26,2600,9421144,Karachi
VEH006740,Ayesha Ch.,93847-7372127-1,Mohammad Hamza چوہدری,1973-12-03,2600,10640402,Karachi
VEH006741,Marium Mughal,48611-9854141-8,Ali Mughal,1973-08-12,3400,13691946,Islamabad
VEH006742,Mohammed Ahmed Khan,67646-9930589-8,,1964-07-23,3600,11731482,Rawalpindi
VEH006743,حمزہ Mughal,40458-1869249-6,Muhammed Moghul,1969-12-20,2400,9953274,Lahore
VEH006744,حمزہ مغل,40458-1869249-6,Mohammad Moghul,1969-12-20,2300,9441767,Lahore
VEH006745,Hamzah Mughal,40458-1869249-6,Mohammed Mughal,1969-12-20,2300,8847941,Lahore
VEH006746,Marium Moghul,37452-5112908-9,Ahmad Moghul,1968-09-08,3300,12751843,Rawalpindi
VEH006747,Mariam Mughal,,Muhammad Ahmed مغل,1968-09-08,3100,10132461,Rawalpindi
VEH006748,Mariam مغل,37402-5112908-9,,1968-09-08,3400,10999457,Rawalpindi
VEH006749,Usman Khan,48660-1510703-9,Hamza Khan,1990-12-28,2200,7986342,Islamabad
VEH006750,حسن Khan,25918-2442397-3,عمران خان,1995-01-01,2000,7610440,Islamabad
VEH006751,Muhammad Bilal قریشی,,حسن قریشی,1971-01-18,2200,7910087,Rawalpindi
VEH006752,Zaynab Chaudhary,50152-9812979-2,حمزہ چوہدری,,2100,7580547,Karachi
VEH006753,Zaynab چوہدری,50152-9817979-2,حمزہ Chaudhry,,2300,7716448,Karachi
VEH006754,علی Moghul,33842-8518119-2,Hasan Moghul,,2100,8654905,Faisalabad
VEH006755,Othman Mughal,20047-5648045-2,Muhammad Moghul,1998-12-20,2200,7424952,Faisalabad
VEH006756,Usman Mughal,,محمد Moghul,1998-12-20,2500,8823794,Faisalabad
VEH006757,Muhammed Hasan قریشی,32710-4067053-1,Bilal قریشی,1997-12-19,3200,12162036,Rawalpindi
VEH006758,Sana Malick,77489-2382951-0,علی Malick,1984-05-26,2500,10310060,Lahore
VEH006759,Zainab خان,44414-5688999-2,Othman خان,1959-10-17,2000,7494938,Rawalpindi
VEH006760,Bilal Moghul,60040-3908623-3,Bilal Moghul,1970-07-22,3700,12492347,Karachi
VEH006761,Mohammed بلال مغل,60050-3908623-3,Bilal Moghul,1970-07-22,3900,14514543,Karachi
VEH006762,Muhammad Husain Moghul,73611-5035562-7,Muhammad Mughal,1964-02-18,3500,13849085,Karachi
VEH006763,ثناء شیخ,55685-4482632-3,,1960-08-10,3200,12886686,Faisalabad
VEH006764,ثناء شیخ,55685-4482632-3,Mohammed Ali شیخ,1960-08-10,3300,13240987,Faisalabad
VEH006765,Othman Sheikh,21614-6999378-8,حسن Shaikh,1966-12-26,3200,11396877,Faisalabad
VEH006766,Osman Shaikh,21614-6999378-8,حسن Sheikh,1966-12-26,3000,11539430,Faisalabad
VEH006767,علی Bhatti,75847-6202176-2,,1979-10-16,4500,16078672,Islamabad
VEH006768,Mohammed Ali Bhatti,75847-6202776-2,Faysal بٹ,,4500,18278004,Islamabad
VEH006769,Mohammed علی Butt,75847-6202176-2,Muhammed Faisal Butt,1979-10-16,4500,15531220,Islamabad
VEH006770,علی Butt,75847-6202176-2,Faysal بٹ,,4500,17631346,Islamabad
VEH006771,فاطمہ Shaykh,33109-7635633-8,Bilal Shaikh,,1400,5795877,Lahore
VEH006772,فاطمہ Shaykh,33109-7635633-8,بلال Shaikh,1992-04-19,1600,5557808,Lahore
VEH006773,فاطمہ Sheikh,33109-7635633-8,,1992-04-19,1700,6995471,Lahore
VEH006774,Ahmed Quraishi,29244-9049520-1,Muhammed Ali قریشی,1987-01-15,1600,5635337,Faisalabad
VEH006775,Muhammed بلال اعوان,57763-7486003-0,علی اعوان,1981-12-07,4500,18660989,Islamabad
VEH006776,Bilal اعوان,57763-7486003-0,علی Awan,1981-12-07,4500,16298835,Islamabad
VEH006777,بلال اعوان,57763-7486003-0,Mohammad Ali Awan,1981-12-07,4500,18746040,Islamabad
VEH006778,Bilal اعوان,57763-7486003-0,Ali اعوان,1981-12-07,4500,15621099,Islamabad
VEH006779,Hamzah Bhatti,48398-3498408-2,عمران بٹ,1998-09-16,4500,16772016,Faisalabad
VEH006780,حمزہ Bhatti,45398-3498408-2,Imran Bhatti,,4500,16920495,Faisalabad
VEH006781,Hamzah Bhatti,,عمران Butt,1998-09-16,4500,17202098,Faisalabad
VEH006782,حمزہ بٹ,48398-3498008-2,Mohammed Imran Butt,1998-09-16,4500,17198974,Faisalabad
VEH006783,Muhammed Ali Bhatti,61332-8087122-9,Usman Bhatti,1969-05-17,4500,17539244,Faisalabad
VEH006784,علی بٹ,61332-8087122-9,,1969-05-17,4500,15822822,Faisalabad
VEH006785,Ali Butt,61332-8087122-9,عثمان Bhatti,1969-05-17,4500,14657746,Faisalabad
VEH006786,Mohammed علی بٹ,61332-8087122-9,عثمان Butt,1969-05-17,4500,18564502,Faisalabad
VEH006787,مریم خان,56408-2575190-3,Hamza خان,1984-10-22,4500,17081035,Rawalpindi
VEH006788,Mariam Khan,56408-2575190-3,,1984-10-22,4500,16950437,Rawalpindi
VEH006789,Marium خان,,حمزہ خان,1984-10-22,4500,16003720,Rawalpindi
VEH006790,Maryam خان,56408-2575190-3,حمزہ Khan,1984-10-22,4500,18132035,Rawalpindi
VEH006791,Imran Shaikh,,Muhammed Osman شیخ,1963-06-12,4500,15361234,Karachi
VEH006792,Mohammed عمران Shaykh,19255-2135475-6,عثمان شیخ,1963-06-12,4500,16129955,Karachi
VEH006793,Imran شیخ,19255-2135475-6,Muhammad Othman Sheikh,1963-06-12,4500,18394787,Karachi
VEH006794,Imran شیخ,19255-2135475-6,Osman Shaikh,1963-06-12,4500,15696910,Karachi
VEH006795,Hamzah راجہ,,Mohammad Hassan Raja,1970-03-08,1600,6248089,Faisalabad
VEH006796,Muhammad Hamzah Raja,61934-9414029-5,Hassan Raja,1970-03-08,1700,6280148,Faisalabad
VEH006797,Ahmed Raja,28579-1038854-1,Mohammed بلال Raja,,1800,7490213,Faisalabad
VEH006798,حرا Chaudhry,30994-5201285-3,Muhammed Ali Chaudhry,1986-06-10,2900,10866321,Karachi
VEH006799,Hira Chaudhary,30994-5201285-3,Mohammed Ali Ch.,1986-06-10,2800,9898308,Karachi
VEH006800,Hasan Ch.,10477-5761924-3,علی Choudhary,1975-05-24,2800,10135408,Karachi
VEH006801,Hassan Chaudhry,17477-5761924-3,علی Ch.,1975-05-24,2700,9797663,Karachi
VEH006802,Mohammed Hassan Choudhary,17477-5761924-3,علی چوہدری,1975-05-24,2700,10766145,Karachi
VEH006803,Ahmed Raja,43212-0674991-4,Muhammed Othman Raja,2000-01-06,3100,10062137,Rawalpindi
VEH006804,Mohammad Hamza راجہ,99788-2062813-8,حمزہ راجہ,,3100,11264963,Rawalpindi
VEH006805,بلال خان,,Bilal خان,1962-04-25,1500,5971640,Islamabad
VEH006806,Hira Malik,33734-9897424-8,Usman Malick,2000-12-02,2500,8392357,Faisalabad
VEH006807,Hassan Moghul,56341-5745004-6,بلال مغل,1975-03-23,3200,11562871,Rawalpindi
VEH006808,Mohammad Hasan مغل,56341-5745004-6,بلال Moghul,,2900,10963343,Rawalpindi
VEH006809,Hasan مغل,56341-5745004-6,Bilal Moghul,1975-03-23,3100,12912475,Rawalpindi
VEH006810,Muhammad Syed,63644-6574173-8,Muhammad Hassan Sayyid,1985-08-16,2500,9837128,Rawalpindi
VEH006811,Mohammed عمران Moghul,25922-9467051-8,Othman Moghul,1969-01-10,1900,6209832,Rawalpindi
VEH006812,عمران مغل,25922-9467051-8,Usman Moghul,,1800,6305092,Rawalpindi
VEH006813,Hasan راجہ,20134-6822490-3,Muhammed Hasan Raja,1992-12-06,4200,16559109,Lahore
VEH006814,Hamzah Chaudhary,40692-3109996-6,عثمان Chaudhary,1991-04-17,1800,6895345,Lahore
VEH006815,Hasan Butt,26625-1669827-5,حسین بٹ,1992-09-11,4000,15384283,Faisalabad
VEH006816,ثناء Malik,12153-6981459-8,,1977-09-04,1500,4989885,Lahore
VEH006817,مریم Butt,69398-8199481-2,Mohammed Imran Butt,2001-09-07,2300,7690774,Karachi
VEH006818,Mohammed خان,58947-6026973-5,Faisal خان,1999-05-17,3000,10941865,Lahore
VEH006819,Muhammad خان,,Muhammad فیصل خان,1999-05-17,2700,10166193,Lahore
VEH006820,Mohammad خان,58947-6026973-5,Muhammad Faysal Khan,1999-05-17,3100,10070297,Lahore
VEH006821,Muhammed Khan,58947-6026973-5,Mohammed Faysal Khan,1999-05-17,2600,9497535,Lahore
VEH006822,Mohammed عمران ملک,44434-6912567-5,Mohammed حسن Malik,1957-05-01,2600,8521878,Faisalabad
VEH006823,Imran ملک,49434-6912567-5,Hassan Malick,1957-05-01,2700,9666898,Faisalabad
VEH006824,Imran Malick,44434-6912567-5,Muhammad حسن Malik,1957-05-01,2200,7295067,Faisalabad
VEH006825,Ahmad Malik,69393-4563037-0,,1963-10-05,2500,10287568,Faisalabad
VEH006826,فیصل چوہدری,61154-6835924-9,Hussein چوہدری,,4000,16353691,Islamabad
VEH006827,Muhammed فیصل چوہدری,61154-6835924-9,Hussein Chaudhary,1965-02-24,3900,12743318,Islamabad
VEH006828,فیصل مغل,15993-8365030-1,,1983-07-12,2900,10265480,Islamabad
VEH006829,Faisal Mughal,15993-8365030-1,Muhammad Hamza مغل,1983-07-12,2800,11759831,Islamabad
VEH006830,فیصل Mughal,88112-1725894-3,علی Mughal,1960-08-11,2100,8553571,Rawalpindi
VEH006831,Faysal Mughal,88112-1725894-3,,1960-08-11,1500,4809375,Rawalpindi
VEH006832,Ahmed Mughal,93984-2154074-2,حسن Moghul,1989-05-26,2200,7766551,Rawalpindi
VEH006833,Hassan راجہ,,,1986-04-09,3400,11514831,Faisalabad
VEH006834,حسن Raja,41433-1729814-3,Hamzah Raja,1986-04-09,3200,11926234,Faisalabad
VEH006835,Muhammed Hamza Quraishi,57276-5735365-3,,2000-12-25,3200,12173557,Lahore
VEH006836,Muhammed حمزہ قریشی,,,2000-12-25,3000,12331043,Lahore
VEH006837,Aisha راجہ,95819-7094496-0,احمد Raja,1971-05-20,1600,6193458,Rawalpindi
VEH006838,Mohammed راجہ,,,1965-03-12,1900,7425432,Rawalpindi
VEH006839,Mohammad راجہ,82500-6765286-6,محمد راجہ,1965-03-12,1700,6411511,Rawalpindi
VEH006840,مریم راجہ,64446-5808831-5,Mohammed Hamza Raja,1955-06-23,3500,11727627,Lahore
VEH006841,Marium Raja,64446-5808831-5,Mohammed Hamza Raja,1955-06-23,3800,13517862,Lahore
VEH006842,Fatima خان,61939-6260946-2,Mohammad Hussein خان,,2000,7659959,Karachi
VEH006843,Hamzah خان,22615-5097932-0,,1970-05-11,2000,8277848,Karachi
VEH006844,Hamza Khan,22615-5097932-0,Muhammad Hamza Khan,1970-05-11,1800,7248206,Karachi
VEH006845,Hamzah Khan,,Hamza خان,1970-05-11,1700,5794717,Karachi
VEH006846,Imran Malick,97886-4150184-0,Hussain Malik,,2000,8016728,Karachi
VEH006847,Ali Raja,64001-2721563-3,Imran راجہ,1960-03-19,1400,4722347,Islamabad
VEH006848,Mohammad خان,39538-7114663-5,Muhammed Khan,1980-04-27,4500,16211147,Islamabad
VEH006849,محمد خان,39538-7114663-5,Muhammad خان,1980-04-27,4500,15862912,Islamabad
VEH006850,Muhammed Khan,39538-7111663-5,Muhammed خان,1980-04-27,4500,17453659,Islamabad
VEH006851,Mohammed خان,39538-7114663-5,Mohammad خان,1980-04-27,4500,16485481,Islamabad
VEH006852,Muhammad Khan,,,1990-10-10,4500,14914951,Islamabad
VEH006853,Mohammad خان,46989-2977956-2,,1990-10-10,4500,17468460,Islamabad
VEH006854,Mohammed Khan,46989-2977956-2,Mohammad Hassan Khan,1990-10-10,4500,15438157,Islamabad
VEH006855,Muhammad Khan,46989-2977956-2,Hassan Khan,1990-10-10,4500,15894319,Islamabad
VEH006856,Hira Qureshi,52334-3524845-2,,1978-08-26,1700,6935060,Faisalabad
VEH006857,Zaynab قریشی,60839-2612374-9,Ahmed قریشی,1999-11-17,1900,7082132,Faisalabad
VEH006858,محمد Raja,21834-8542583-8,Muhammad عثمان Raja,1992-11-26,1200,4178603,Islamabad
VEH006859,Muhammed Imran Raja,75992-9197891-9,Muhammad فیصل Raja,2002-11-09,1500,5724191,Islamabad
VEH006860,Hassan Bhatti,59668-7471113-9,Imran Butt,1995-12-23,4100,16189812,Karachi
VEH006861,Mohammed Bilal بٹ,78969-1463337-7,فیصل بٹ,1999-03-25,4000,14742585,Karachi
VEH006862,Muhammed Bilal بٹ,78969-1493337-7,Faysal Butt,1999-03-25,3800,13155522,Karachi
VEH006863,Muhammed Bilal Butt,78969-1493337-7,Faisal Bhatti,1999-03-25,3900,15772004,Karachi
VEH006864,Bilal Butt,,Faysal بٹ,1999-03-25,4100,16175163,Karachi
VEH006865,زینب Chaudhary,15522-7276252-3,Muhammad Imran Ch.,1993-05-10,2200,8287883,Lahore
VEH006866,Bilal قریشی,39515-8591450-4,Muhammad Hamzah قریشی,1970-10-12,2100,7933574,Lahore
VEH006867,Bilal قریشی,39515-8591450-4,Hamza قریشی,1970-10-12,2100,7384342,Lahore
VEH006868,Bilal قریشی,,Mohammad Hamza Qureshi,,2100,6959182,Lahore
VEH006869,Bilal Quraishi,39515-8591450-4,Hamza قریشی,1970-10-12,2400,9558106,Lahore
VEH006870,Maryam قریشی,18735-4254404-3,,1971-02-25,2200,8537013,Lahore
VEH006871,Hamza اعوان,,Mohammed Hussein اعوان,,1500,6118532,Islamabad
VEH006872,Marium اعوان,64747-4472520-0,Mohammed Hussain Awan,1957-04-11,1600,6398424,Islamabad
VEH006873,Bilal سید,51941-4168798-8,عثمان Sayed,1965-12-25,1600,5424998,Karachi
VEH006874,Hassan Sayyid,,محمد Sayed,1981-04-26,1600,5604004,Karachi
VEH006875,Faisal Shaikh,70581-2868842-2,,1963-09-16,2700,10939366,Islamabad
VEH006876,Marium اعوان,90112-1884447-2,Imran Awan,,2900,11590777,Islamabad
VEH006877,Marium اعوان,90112-1884447-2,Imran اعوان,1986-08-13,2900,11006660,Islamabad
VEH006878,Mariam Awan,90112-1884447-2,عمران اعوان,1986-08-13,2700,10623832,Islamabad
VEH006879,Ayesha اعوان,22435-5871526-3,Hamza اعوان,1972-06-10,3000,11511783,Islamabad
VEH006880,Othman Raja,11868-6447963-6,,1966-07-03,1700,5677441,Faisalabad
VEH006881,Mohammed Osman Butt,,Imran Bhatti,1971-11-22,1500,4840179,Islamabad
VEH006882,Muhammad Othman بٹ,16135-8047447-1,عمران بٹ,1971-11-22,1600,6696008,Islamabad
VEH006883,عائشہ Sayyid,29984-5025950-8,Muhammad Sayed,1971-05-26,4000,16322817,Lahore
VEH006884,Aysha Sayyid,29984-5025950-8,,1971-05-26,4400,14204263,Lahore
VEH006885,Hamzah Malik,,Othman Malik,1995-10-02,4500,15999154,Lahore
VEH006886,Mohammed حمزہ Malik,36433-5404553-4,Mohammed Othman Malick,1995-10-02,4500,17035160,Lahore
VEH006887,حمزہ Malik,49572-9974970-9,Ali ملک,1959-11-06,4500,15732937,Lahore
VEH006888,حمزہ Malik,49572-9474970-9,علی Malik,1959-11-06,4500,14711722,Lahore
VEH006889,Muhammed حمزہ Malik,49572-9974970-9,Ali Malik,1959-11-06,4500,17626519,Lahore
VEH006890,حسن اعوان,,,1993-12-18,4500,17649682,Islamabad
VEH006891,Mohammad فیصل Sayed,33975-4781855-2,فیصل سید,1955-04-16,2900,10959964,Rawalpindi
VEH006892,Faysal Syed,,فیصل Sayyid,1955-04-16,2700,10849651,Rawalpindi
VEH006893,Sana ملک,64246-7051878-2,Othman ملک,1978-03-21,3000,10667596,Karachi
VEH006894,Sana Malik,64246-7051878-2,Osman ملک,1978-03-21,3100,11102942,Karachi
VEH006895,Mohammad Hamzah Mughal,90898-5819264-1,Muhammad Bilal مغل,1983-10-13,2200,8846499,Islamabad
VEH006896,Muhammed حمزہ Moghul,90898-5819264-1,Bilal مغل,1983-10-13,2400,7740282,Islamabad
VEH006897,Muhammed Mughal,52387-2438640-4,Muhammad Mughal,1977-04-22,4500,16428051,Islamabad
VEH006898,Faysal Quraishi,28094-1501533-7,احمد Qureshi,1964-12-23,4500,17283430,Islamabad
VEH006899,علی Butt,87318-5001450-2,عثمان Bhatti,1997-08-13,4500,15054973,Karachi
VEH006900,علی Bhatti,87318-5001450-2,,1997-08-13,4500,18796690,Karachi
VEH006901,علی Bhatti,87318-5001450-2,,1997-08-13,4500,17570941,Karachi
VEH006902,Ali Butt,87318-5001450-2,,1997-08-13,4500,15146696,Karachi
VEH006903,Aysha بٹ,33974-4131091-4,حمزہ بٹ,1972-01-27,4500,17640853,Karachi
VEH006904,Aysha Butt,33974-4131091-4,Hamza بٹ,1972-01-27,4500,18852922,Karachi
VEH006905,Aisha Bhatti,33974-4131091-4,Hamza Butt,,4500,17041120,Karachi
VEH006906,عائشہ Bhatti,,Hamzah Bhatti,1972-01-27,4500,14918590,Karachi
VEH006907,Husain Shaykh,,Muhammed Bilal شیخ,1991-08-23,3600,12666930,Islamabad
VEH006908,Hussein Shaikh,,,1991-08-23,3900,14696176,Islamabad
VEH006909,Mohammed Husain Shaikh,49554-7340202-8,Mohammed Bilal Shaykh,1991-08-23,3800,13165180,Islamabad
VEH006910,حسین Sheikh,49554-7340202-8,بلال Shaykh,1991-08-23,3500,11249531,Islamabad
VEH006911,Maryam بٹ,86300-3309197-6,,1955-03-12,4000,15026574,Lahore
VEH006912,Mariam Butt,86300-3309197-6,Mohammed Butt,,4100,14691544,Lahore
VEH006913,Mariam بٹ,86300-3309197-6,Muhammed Bhatti,1955-03-12,4100,15582552,Lahore
VEH006914,Mariam Bhatti,,,1959-04-21,4200,17298211,Lahore
VEH006915,مریم بٹ,40118-6610603-4,,1959-04-21,4300,17750383,Lahore
VEH006916,Mariam Butt,40118-6610603-4,Hassan Bhatti,1959-04-21,4200,16673933,Lahore
VEH006917,Ahmad Shaykh,,Faysal شیخ,1968-07-18,3700,15026578,Rawalpindi
VEH006918,Mohammad Ahmed Shaykh,19285-5907430-5,Faysal شیخ,1968-07-18,3800,13021249,Rawalpindi
VEH006919,Ahmed Shaikh,19985-5907430-5,Mohammad فیصل شیخ,1968-07-18,3700,12675460,Rawalpindi
VEH006920,مریم شیخ,71830-7119276-1,Ahmed شیخ,1995-03-06,1500,5770441,Faisalabad
VEH006921,Mohammed Choudhary,,فیصل Ch.,2000-08-13,4500,15303006,Faisalabad
VEH006922,زینب Chaudhry,24417-6293227-7,,1986-04-05,4500,16201456,Faisalabad
VEH006923,Zainab چوہدری,24417-6293227-7,Hassan Choudhary,1986-04-05,4500,14635455,Faisalabad
VEH006924,Zaynab Ch.,24417-6293227-7,Mohammed حسن Chaudhary,1986-04-05,4500,16787067,Faisalabad
VEH006925,Zaynab Chaudhry,24417-6293227-7,Hasan Chaudhary,1986-04-05,4500,18765226,Faisalabad
VEH006926,Bilal راجہ,39191-2762458-7,Mohammad Raja,1987-05-23,2600,8569239,Karachi
VEH006927,علی Raja,71767-3870957-7,,1980-12-03,2900,10132891,Islamabad
VEH006928,Fatima سید,,Muhammad سید,1973-04-03,2900,10246420,Lahore
VEH006929,Fatima Sayed,19691-3129417-2,Mohammed سید,1973-04-03,2900,11629235,Lahore
VEH006930,Fatema Sayyid,19691-3329417-2,,1973-04-03,3200,11430879,Lahore
VEH006931,Muhammad Ahmed ملک,71699-8402723-7,عثمان Malick,2002-11-08,2000,6473446,Rawalpindi
VEH006932,Fatima Raja,92258-1651651-6,بلال Raja,2002-12-18,4000,14889567,Faisalabad
VEH006933,Fatima راجہ,92258-1651651-6,Bilal راجہ,2002-12-18,3900,15535660,Faisalabad
VEH006934,Fatima Raja,92258-1651651-6,Bilal راجہ,2002-12-18,3900,15734441,Faisalabad
VEH006935,Fatimah Raja,92258-1651651-6,بلال Raja,2002-12-18,3900,16163177,Faisalabad
VEH006936,Imran Malik,63806-8835769-2,عثمان Malik,1992-10-03,2700,8707882,Islamabad
VEH006937,عمران ملک,63806-8835769-2,Othman ملک,1992-10-03,2800,10205194,Islamabad
VEH006938,Imran Malick,,Muhammad عثمان Malick,1992-10-03,2700,11216547,Islamabad
VEH006939,حرا اعوان,62693-4876701-4,Mohammed اعوان,1972-12-06,2100,7509515,Rawalpindi
VEH006940,حرا Awan,62693-4876701-4,Mohammed Awan,1972-12-06,1900,6914732,Rawalpindi
VEH006941,حرا اعوان,62693-4876701-4,Muhammad Awan,,1900,6723570,Rawalpindi
VEH006942,عائشہ Choudhary,24727-5728344-6,Ahmed Choudhary,,2000,6713899,Rawalpindi
VEH006943,Aysha Chaudhary,24727-5728344-6,Ahmad Chaudhry,1991-09-22,2200,9218218,Rawalpindi
VEH006944,Muhammed Ahmed Ch.,28574-3773482-5,Othman چوہدری,1961-02-25,2700,10929473,Lahore
VEH006945,Ahmed Ch.,28574-3773482-5,,1961-02-25,3100,10385508,Lahore
VEH006946,ثناء ملک,80097-5491415-1,فیصل ملک,1985-04-28,1500,6215989,Rawalpindi
VEH006947,ثناء Malik,80097-5491415-1,,1985-04-28,1400,5411856,Rawalpindi
VEH006948,عمران Mughal,86881-7229859-3,Ahmed مغل,1986-09-18,4500,16514666,Karachi
VEH006949,عمران Mughal,86881-7229859-3,Ahmed مغل,1986-09-18,4500,14830783,Karachi
VEH006950,عمران Moghul,86881-7229859-3,احمد Mughal,1986-09-18,4500,16201444,Karachi
VEH006951,عمران Mughal,,Ahmad Moghul,1986-09-18,4500,18755527,Karachi
VEH006952,بلال راجہ,58854-1559706-7,Osman راجہ,1976-09-20,3300,13618746,Faisalabad
VEH006953,بلال Raja,58854-1559706-7,Usman Raja,1976-09-20,3600,11938809,Faisalabad
VEH006954,Hasan خان,31199-6701741-4,Usman Khan,1982-06-14,1700,6397403,Islamabad
VEH006955,حسن خان,,Muhammed Usman Khan,1982-06-14,1900,6114546,Islamabad
VEH006956,Imran بٹ,14918-6459345-9,,1974-11-22,2300,8676185,Islamabad
VEH006957,Hamzah مغل,96436-6483612-2,,1980-03-15,2700,11130128,Karachi
VEH006958,Muhammed Hamzah مغل,96436-6483612-2,محمد Mughal,1980-03-15,2800,11512933,Karachi
VEH006959,Hamza Mughal,96436-6483612-2,Mohammed مغل,,2800,11544833,Karachi
VEH006960,Muhammad Ahmad راجہ,95420-5751656-4,Muhammad Faisal Raja,1994-07-06,4500,14622526,Karachi
VEH006961,Ahmed Raja,95420-5751656-4,Faysal راجہ,1994-07-06,4500,15611903,Karachi
VEH006962,Muhammad Ahmed Raja,95422-5751656-4,Muhammad فیصل راجہ,1994-07-06,4500,18033149,Karachi
VEH006963,ثناء Shaykh,92378-2053141-1,Mohammad Ahmed شیخ,1966-07-04,2500,8925093,Lahore
VEH006964,عمران قریشی,01047-4275914-0,Faisal Quraishi,1959-11-07,2900,11867032,Rawalpindi
VEH006965,Imran Qureshi,61047-4275914-0,Faisal Quraishi,1959-11-07,2900,11917581,Rawalpindi
VEH006966,Fatima Moghul,75088-9420245-9,حسین Moghul,2003-12-20,4500,18715660,Karachi
VEH006967,Fatimah مغل,75088-9420245-9,,2003-12-20,4500,14826169,Karachi
VEH006968,فاطمہ Mughal,75088-9420245-9,,2003-12-20,4500,16685329,Karachi
VEH006969,Fatima Mughal,,Mohammed حسین Moghul,2003-12-20,4500,17851368,Karachi
VEH006970,احمد اعوان,96046-4476333-6,عمران اعوان,2003-01-06,2900,9392065,Islamabad
VEH006971,Ahmad اعوان,96046-4476333-6,,2003-01-06,2600,9657582,Islamabad
VEH006972,Ahmed Awan,96046-4476333-6,Imran Awan,2003-01-06,2500,9224818,Islamabad
VEH006973,Mohammed Ahmed اعوان,48971-9333528-9,Hassan Awan,1998-02-05,2700,9520381,Islamabad
VEH006974,احمد Awan,48971-9333528-9,,1998-02-05,2700,10025632,Islamabad
VEH006975,Usman اعوان,53827-3597026-8,Hasan Awan,1989-04-16,2700,8844361,Islamabad
VEH006976,Usman اعوان,53827-3597026-9,Mohammed Hassan Awan,1989-04-16,2300,9142003,Islamabad
VEH006977,Usman راجہ,52726-8103019-8,Imran Raja,1969-03-04,2000,6918480,Rawalpindi
VEH006978,Muhammed Othman Raja,52726-4103019-8,عمران راجہ,1969-03-04,2100,7814823,Rawalpindi
VEH006979,Usman راجہ,52726-4103019-8,عمران Raja,1969-03-04,1900,6560084,Rawalpindi
VEH006980,Mohammed بلال بٹ,98685-4933209-5,Hasan Bhatti,2003-12-07,2500,10110716,Lahore
VEH006981,بلال Bhatti,98685-4933209-5,Hassan Bhatti,2003-12-07,3200,10717081,Lahore
VEH006982,Bilal Bhatti,98685-4933209-5,,2003-12-07,3300,13679340,Lahore
VEH006983,Mohammad Bilal بٹ,98685-4933209-5,حسن Butt,2003-12-07,2800,11477941,Lahore
VEH006984,بلال Butt,50127-2226596-0,Faysal بٹ,1962-08-22,4500,17450618,Islamabad
VEH006985,Mohammed بلال بٹ,,Mohammed Faisal Butt,1962-08-22,4500,15780874,Islamabad
VEH006986,بلال بٹ,50127-2226596-0,,,4500,18699001,Islamabad
VEH006987,بلال Bhatti,,Faisal بٹ,1962-08-22,4500,16367210,Islamabad
VEH006988,زینب قریشی,,Imran Qureshi,1963-09-11,4500,17308635,Faisalabad
VEH006989,Imran Raja,17039-7271058-3,Hussein Raja,1978-01-13,4500,17290112,Rawalpindi
VEH006990,عمران راجہ,17039-7271058-3,حسین راجہ,1978-01-13,4500,15975276,Rawalpindi
VEH006991,محمد راجہ,50808-6410637-2,Hassan Raja,2003-01-04,4500,15147758,Rawalpindi
VEH006992,Mohammad Raja,50808-6410647-2,حسن راجہ,2003-01-04,4500,16333104,Rawalpindi
VEH006993,Mohammed راجہ,50808-6410637-2,Mohammed Hassan Raja,2003-01-04,4500,16203682,Rawalpindi
VEH006994,Muhammed راجہ,50808-6410637-6,Hassan Raja,2003-01-04,4500,14913923,Rawalpindi
VEH006995,Zainab سید,20638-7024730-3,Mohammed Ali Syed,1976-12-12,2500,8280664,Lahore
VEH006996,Bilal Butt,14668-7061464-9,Bilal بٹ,1981-01-26,1700,5998855,Islamabad
VEH006997,Sana Butt,60845-9817427-0,Hassan Bhatti,1961-09-10,1600,5851449,Islamabad
VEH006998,Mariam Malick,60039-3390574-0,Ahmad Malick,1986-08-06,2000,7747538,Faisalabad
VEH006999,علی خان,68446-2165958-4,Husain Khan,1993-08-24,4500,16005153,Lahore
VEH007000,علی خان,68446-2165958-4,,1993-08-24,4500,14489795,Lahore
VEH007001,علی Khan,68446-2165958-4,,1993-08-24,4500,17687682,Lahore
VEH007002,Muhammed علی Khan,68446-2165958-4,حسین خان,1993-08-24,4500,17235105,Lahore
VEH007003,مریم Shaykh,18074-1093317-5,Hussain Shaikh,1971-04-24,2100,8366707,Rawalpindi
VEH007004,Mariam شیخ,18074-1093317-5,Hussain Shaykh,1971-04-24,1900,7229282,Rawalpindi
VEH007005,عمران Malik,57296-4997006-5,Ali ملک,1982-08-04,2400,9006878,Rawalpindi
VEH007006,Imran ملک,57296-4997006-5,Mohammad علی Malik,1982-08-04,2500,8170744,Rawalpindi
VEH007007,عثمان ملک,19390-5848141-4,,1997-09-24,2500,9009974,Islamabad
VEH007008,Zainab ملک,79218-3889052-6,Ali Malik,1971-03-18,2100,8461390,Islamabad
VEH007009,عائشہ Bhatti,,Faisal Butt,1955-09-03,3900,14773130,Islamabad
VEH007010,Hira Choudhary,,Hussein Ch.,2001-08-26,1500,5922622,Rawalpindi
VEH007011,Ali چوہدری,18487-1005016-1,Hamzah Chaudhry,1989-03-19,1500,5978942,Rawalpindi
VEH007012,Ali Chaudhary,53730-9863158-7,Mohammed Chaudhary,2002-03-18,2600,10918489,Faisalabad
VEH007013,علی Chaudhary,,Mohammed Ch.,2002-03-18,2200,8064411,Faisalabad
VEH007014,Maryam مغل,,Mohammad عمران Mughal,1993-11-13,3800,15109028,Rawalpindi
VEH007015,مریم Mughal,88379-3219621-8,عمران Mughal,1993-11-13,3900,14691496,Rawalpindi
VEH007016,Imran Malik,54310-1417740-3,Hamzah Malick,1987-07-23,4500,17610036,Lahore
VEH007017,Imran ملک,54310-1417740-3,,1987-07-23,4500,18277865,Lahore
VEH007018,Muhammed عمران Malik,54310-1417740-3,Mohammed Hamzah Malick,1987-07-23,4500,16385755,Lahore
VEH007019,عمران Malik,54310-1417740-3,Hamzah Malik,1987-07-23,4500,16754657,Lahore
VEH007020,Hussein ملک,,Hussein Malik,2000-10-21,4500,16195066,Lahore
VEH007021,Hussain ملک,64290-8660592-2,Hussain Malick,2000-10-21,4500,17713371,Lahore
VEH007022,Hussain ملک,64290-8660792-2,Husain Malick,2000-10-21,4500,15486570,Lahore
VEH007023,Husain Malik,64290-8660592-2,Husain ملک,2000-10-21,4500,16023084,Lahore
VEH007024,Osman Chaudhry,58408-3635060-4,Mohammad Osman Chaudhary,1971-06-18,4500,15605191,Islamabad
VEH007025,Usman Chaudhary,58408-3635060-4,,1971-06-18,4500,18646176,Islamabad
VEH007026,Ali راجہ,28038-6573132-9,,1969-07-05,3200,10910385,Lahore
VEH007027,علی راجہ,28038-5573132-9,Mohammed Ahmad راجہ,1969-07-05,3500,12087532,Lahore
VEH007028,Ali راجہ,28038-5573132-9,احمد راجہ,1969-07-05,3300,11900569,Lahore
VEH007029,Hamza خان,81700-1594203-1,Muhammad خان,1974-01-07,1900,7917340,Rawalpindi
VEH007030,Mohammad Hamza خان,81700-1594203-1,Muhammad خان,1974-01-07,2200,7420494,Rawalpindi
VEH007031,Muhammad Hamza بٹ,12819-8340804-6,عمران بٹ,2002-05-06,2200,8770259,Lahore
VEH007032,Hamza Butt,12819-8340804-6,Imran Bhatti,2002-05-06,2100,7388891,Lahore
VEH007033,Sana خان,,Husain خان,1999-05-28,4500,17078264,Faisalabad
VEH007034,Sana Khan,72629-1748676-4,,1999-05-28,4500,15893735,Faisalabad
VEH007035,ثناء خان,72629-1748676-4,,1999-05-28,4500,14853035,Faisalabad
VEH007036,ثناء خان,72629-1748696-4,Hussain Khan,1999-05-28,4500,15925135,Faisalabad
VEH007037,Ali Shaikh,23360-5758036-5,Ali Shaikh,1989-10-02,4500,16781408,Rawalpindi
VEH007038,علی Sheikh,,,1989-10-02,4500,17492791,Rawalpindi
VEH007039,Muhammed علی Shaikh,23360-5758036-5,Mohammed Ali Shaikh,1989-10-02,4500,17951309,Rawalpindi
VEH007040,علی Shaikh,23360-5758036-5,علی Shaikh,1989-10-02,4500,18703594,Rawalpindi
VEH007041,Ahmed Awan,,علی اعوان,1995-01-17,1500,6175871,Karachi
VEH007042,Ahmad Awan,41937-1092284-3,Ali Awan,1995-01-17,1700,6293879,Karachi
VEH007043,Ahmed Awan,41927-1092284-3,علی اعوان,1995-01-17,1900,6096702,Karachi
VEH007044,احمد Awan,,,1995-01-17,1900,7884359,Karachi
VEH007045,بلال راجہ,12029-6170899-1,Ali راجہ,1994-02-21,4300,14188855,Faisalabad
VEH007046,Zaynab اعوان,18153-8851751-3,بلال اعوان,2000-09-23,2300,7903284,Rawalpindi
VEH007047,Zainab اعوان,18153-8851751-3,Bilal اعوان,2000-09-23,2400,9320722,Rawalpindi
VEH007048,Ali Qureshi,66370-3832702-6,Hamzah قریشی,1994-10-09,2900,9776190,Lahore
VEH007049,Ali Qureshi,66370-3832702-6,,1994-10-09,2600,10250323,Lahore
VEH007050,Fatema Chaudhry,70163-6003892-1,Ahmad چوہدری,1998-09-01,3800,15688700,Faisalabad
VEH007051,Fatima Chaudhry,70163-6003892-1,Ahmed Chaudhary,1998-09-01,3900,12718868,Faisalabad
VEH007052,Imran Quraishi,12777-6674126-7,,,3000,12177100,Islamabad
VEH007053,Mohammad عمران Quraishi,12777-6674126-7,حسین قریشی,1987-08-05,3300,12527334,Islamabad
VEH007054,ثناء ملک,72332-8293609-3,محمد Malik,1994-02-22,1800,7372328,Rawalpindi
VEH007055,مریم راجہ,52340-9380391-1,حمزہ Raja,1973-02-10,3900,15403137,Faisalabad
VEH007056,Marium Raja,52340-9380391-1,حمزہ راجہ,1973-02-10,4000,15356355,Faisalabad
VEH007057,Mohammed Bilal Raja,69286-1682627-2,محمد راجہ,1998-09-16,3800,15580840,Faisalabad
VEH007058,بلال راجہ,69286-1682627-2,Muhammed Raja,1998-09-16,3700,13633114,Faisalabad
VEH007059,Muhammad Bilal Raja,69286-1582627-2,محمد Raja,,3600,13897800,Faisalabad
VEH007060,عائشہ Quraishi,58004-1648304-0,Hamzah Quraishi,1959-08-04,4500,15303643,Faisalabad
VEH007061,Aysha Qureshi,58004-1648304-0,Hamzah قریشی,1959-08-04,4500,15966939,Faisalabad
VEH007062,Aysha قریشی,58004-1648304-0,Hamzah قریشی,1959-08-04,4500,18263392,Faisalabad
VEH007063,Aysha قریشی,58004-1648304-0,Mohammed حمزہ Qureshi,1959-08-04,4500,15161414,Faisalabad
VEH007064,Aysha قریشی,97576-3373851-8,Mohammad Othman Qureshi,1984-04-03,4500,15030294,Faisalabad
VEH007065,Aisha Quraishi,,Usman Quraishi,1984-04-03,4500,17894950,Faisalabad
VEH007066,Aisha قریشی,97576-3373851-8,Usman قریشی,1984-04-03,4500,16386661,Faisalabad
VEH007067,Aysha قریشی,97576-3373851-8,,1984-04-03,4500,16255927,Faisalabad
VEH007068,Hassan مغل,84490-5206889-1,حسین Mughal,,1700,5981848,Faisalabad
VEH007069,حمزہ شیخ,82103-9681697-4,Ali شیخ,1998-12-09,3300,13853232,Faisalabad
VEH007070,Hamzah Shaikh,82103-9681697-4,Ali Shaykh,1998-12-09,3200,11939275,Faisalabad
VEH007071,فاطمہ Khan,,Imran خان,1992-11-25,1400,4561074,Faisalabad
VEH007072,Hassan خان,43255-4243595-4,Muhammed Ali خان,2000-09-05,1500,4885572,Faisalabad
VEH007073,حسن Khan,43255-4243595-4,Ali خان,2000-09-05,1500,5717788,Faisalabad
VEH007074,علی Raja,72085-3234955-4,,1994-10-13,3000,9812155,Karachi
VEH007075,Muhammad Hamzah Malik,72405-1547005-3,Mohammed Malick,1993-09-03,2000,8341377,Islamabad
VEH007076,عائشہ Malick,14500-8129409-2,,2000-06-27,2200,8518126,Islamabad
VEH007077,Hasan Sayyid,47996-3422173-2,Hasan سید,1955-08-07,4400,15804789,Islamabad
VEH007078,Hasan Sayed,47996-3402173-2,Hasan سید,1955-08-07,4300,16533172,Islamabad
VEH007079,Hassan Sayed,47996-3402173-2,حسن Sayyid,1955-08-07,4500,18330450,Islamabad
VEH007080,عمران Mughal,72519-9401741-4,Othman Mughal,,1600,6716041,Karachi
VEH007081,Muhammad Bilal Moghul,54563-2403221-8,Muhammad Hassan Mughal,1955-01-01,1600,5870631,Karachi
VEH007082,Mariam خان,67786-3466923-5,علی خان,2000-02-03,3300,11879328,Lahore
VEH007083,مریم Khan,,Ali Khan,2000-02-03,3500,11956145,Lahore
VEH007084,Hamzah خان,55272-5832741-7,Muhammed Bilal خان,1974-04-11,3500,12503358,Lahore
VEH007085,Hamza Khan,55272-5832741-7,بلال خان,1974-04-11,3600,12646095,Lahore
VEH007086,عمران خان,,Ali Khan,1997-04-09,2300,9010691,Faisalabad
VEH007087,Imran مغل,95745-7261947-9,Ahmad Moghul,1989-01-26,4500,15112956,Rawalpindi
VEH007088,Mohammed Imran مغل,95745-5261947-9,Ahmad Moghul,1989-01-26,4500,15718825,Rawalpindi
VEH007089,Mohammed عمران Mughal,95745-7261947-9,احمد مغل,1989-01-26,4500,16958979,Rawalpindi
VEH007090,Hassan ملک,31403-8131681-1,,1983-11-11,4500,18386532,Islamabad
VEH007091,Hassan ملک,,Imran Malik,1983-11-11,4500,14778092,Islamabad
VEH007092,Hassan Malik,31403-8131681-1,عمران ملک,1983-11-11,4500,17954765,Islamabad
VEH007093,Hassan Malik,31403-8131681-1,عمران ملک,,4500,17628149,Islamabad
VEH007094,Hira ملک,40396-9786253-9,Faysal Malik,1998-02-01,4500,15267049,Islamabad
VEH007095,حرا ملک,40346-9786253-9,Faisal ملک,1998-02-01,4500,14980997,Islamabad
VEH007096,Hira Malik,40396-9786253-9,فیصل Malick,1998-02-01,4500,16660479,Islamabad
VEH007097,حرا Malik,40396-9786253-9,Faisal Malik,1998-02-01,4500,14559355,Islamabad
VEH007098,Fatima مغل,44007-5813713-6,Mohammed Osman Mughal,1966-10-13,2600,10377322,Islamabad
VEH007099,فاطمہ Mughal,,Mohammed Othman مغل,1966-10-13,2500,8784147,Islamabad
VEH007100,Muhammed Husain Khan,29035-6701622-7,Hamza خان,1958-05-05,2300,7505287,Karachi
VEH007101,حرا Malick,39928-9912166-9,احمد ملک,1972-07-11,1800,6398118,Lahore
VEH007102,حرا Shaykh,45956-1633127-4,Hasan Sheikh,1980-09-04,2400,9838567,Faisalabad
VEH007103,مریم Ch.,,Mohammad Osman چوہدری,1992-08-12,4500,17329111,Karachi
VEH007104,Mariam چوہدری,28368-8316460-6,Othman چوہدری,1992-08-12,4500,15018380,Karachi
VEH007105,مریم Chaudhry,28368-8416460-6,Othman Chaudhry,1992-08-12,4500,15388277,Karachi
VEH007106,مریم چوہدری,28368-8416460-6,عثمان Choudhary,1992-08-12,4500,15705884,Karachi
VEH007107,Zainab چوہدری,81982-1383621-3,Muhammed عمران چوہدری,1981-08-22,4500,14946002,Karachi
VEH007108,Zaynab Chaudhary,,Muhammad Imran چوہدری,1981-08-22,4500,16264773,Karachi
VEH007109,Zaynab Chaudhary,81982-1383621-3,Imran چوہدری,1981-08-22,4500,16719248,Karachi
VEH007110,زینب چوہدری,81982-1383621-3,Imran Chaudhry,1981-08-22,4500,15364598,Karachi
VEH007111,Hassan مغل,21821-6464510-4,Muhammad مغل,1967-08-20,2700,9017545,Karachi
VEH007112,Muhammad Hassan Moghul,21821-6464510-4,,1967-08-20,3300,11823215,Karachi
VEH007113,Mariam Choudhary,19270-4319780-4,Husain چوہدری,1962-02-14,2900,10246717,Karachi
VEH007114,Mariam Ch.,19270-4319780-4,Hussain Ch.,1962-02-14,2800,10487200,Karachi
VEH007115,Bilal Qureshi,33435-5614673-0,Mohammad Quraishi,1965-03-04,3200,11386791,Faisalabad
VEH007116,Bilal Quraishi,43435-5614673-0,Muhammad Qureshi,,3200,11161691,Faisalabad
VEH007117,Mohammad بلال قریشی,33435-5614673-0,Mohammed قریشی,,3400,14151398,Faisalabad
VEH007118,Hasan خان,,عمران Khan,,4500,15151486,Faisalabad
VEH007119,حسن Khan,58371-6658665-3,Imran Khan,1973-10-20,4500,17773311,Faisalabad
VEH007120,Muhammad Hassan خان,58371-6558665-3,عمران خان,1973-10-20,4500,17546682,Faisalabad
VEH007121,Aisha Sheikh,,Hussein Shaikh,1995-06-04,4500,17580947,Lahore
VEH007122,Ayesha Sheikh,80686-7461885-5,Muhammed حسین شیخ,1995-06-04,4500,18344588,Lahore
VEH007123,عائشہ Shaykh,80686-7461885-5,Muhammad Hussain شیخ,1995-06-04,4500,15894067,Lahore
VEH007124,Bilal Ch.,66349-6187378-2,علی چوہدری,1969-04-02,2100,7115223,Rawalpindi
VEH007125,Bilal Chaudhry,66349-6187378-2,Ali Choudhary,,2000,7560380,Rawalpindi
VEH007126,Bilal Choudhary,66349-6187378-2,علی Choudhary,1969-04-02,2400,9239502,Rawalpindi
VEH007127,ثناء راجہ,38336-5995163-5,,1988-07-05,4500,15834303,Karachi
VEH007128,Sana راجہ,38336-5995163-5,Imran راجہ,1988-07-05,4400,18359024,Karachi
VEH007129,Sana راجہ,38336-5995167-5,Imran Raja,1988-07-05,4300,17033402,Karachi
VEH007130,حسین Moghul,25454-4703496-5,Imran Moghul,1955-03-18,2200,7775524,Islamabad
VEH007131,Hussein Malick,38939-7724201-7,Hamzah Malick,1975-05-27,4500,15705327,Karachi
VEH007132,Hussain ملک,38939-7724201-7,Muhammed Hamza ملک,1975-05-27,4500,18336085,Karachi
VEH007133,حمزہ راجہ,11739-9811936-8,Mohammad راجہ,1980-01-20,2400,8108439,Rawalpindi
VEH007134,ثناء Khan,25930-8157003-7,Ahmad Khan,1971-03-19,2300,9191420,Islamabad
VEH007135,علی Khan,79600-6684879-0,Mohammed Hussain خان,1974-05-06,2500,8518362,Islamabad
VEH007136,Ali Khan,79600-6684879-0,Hussein خان,1974-05-06,2500,9736650,Islamabad
VEH007137,Ayesha Syed,27897-7798468-2,Muhammad سید,1982-01-11,2000,8265148,Lahore
VEH007138,فیصل Sayyid,98265-5985930-6,Imran سید,1978-02-06,1800,6404228,Lahore
VEH007139,Sana مغل,,Mohammed Bilal Mughal,1967-12-18,2100,8435024,Rawalpindi
VEH007140,ثناء مغل,25179-3958837-1,Muhammed بلال Mughal,1967-12-18,2500,8967576,Rawalpindi
VEH007141,Fatima Mughal,,Muhammad Moghul,1959-11-14,2300,8833019,Rawalpindi
VEH007142,Fatema Moghul,85650-5019932-9,محمد مغل,1959-11-14,2400,7778786,Rawalpindi
VEH007143,فاطمہ Mughal,85650-5019932-9,Muhammed مغل,1959-11-14,2500,9933512,Rawalpindi
VEH007144,Muhammad Ali Moghul,47004-6400283-6,Muhammad مغل,1984-02-16,4500,17029111,Islamabad
VEH007145,Muhammad علی مغل,47004-6400283-6,Muhammad Mughal,1984-02-16,4500,14617719,Islamabad
VEH007146,Imran Mughal,46215-7430865-3,,1967-10-13,4500,18075842,Islamabad
VEH007147,Muhammad Imran Moghul,46215-7430865-3,عمران Mughal,1967-10-13,4400,15254460,Islamabad
VEH007148,Ahmed Ch.,,Faisal Chaudhry,1981-10-13,2000,8013441,Rawalpindi
VEH007149,Muhammed Osman Ch.,91715-2113132-1,,1986-04-08,1700,6225179,Rawalpindi
VEH007150,Hussein چوہدری,38125-4821393-3,Mohammed Imran Ch.,1968-01-06,4500,17594984,Faisalabad
VEH007151,Husain Chaudhry,38125-4821393-3,Mohammed عمران Chaudhry,,4500,14418116,Faisalabad
VEH007152,Husain بٹ,70845-5582299-7,,1978-02-06,4200,16631070,Islamabad
VEH007153,Bilal Khan,37992-7782665-0,Bilal خان,1971-02-02,3500,14541207,Rawalpindi
VEH007154,بلال خان,37692-7782665-0,,,3500,14353510,Rawalpindi
VEH007155,Bilal خان,,بلال خان,1971-02-02,3500,12592696,Rawalpindi
VEH007156,بلال Khan,37692-7782765-0,بلال Khan,1971-02-02,3700,14660720,Rawalpindi
VEH007157,Ahmed Qureshi,80763-5442189-8,حمزہ Qureshi,1980-10-25,3300,13054641,Lahore
VEH007158,Ahmed Qureshi,80763-5442189-8,حمزہ Quraishi,1980-10-25,3100,10979875,Lahore
VEH007159,Ahmad Quraishi,80763-5442189-8,,1980-10-25,3100,12766059,Lahore
VEH007160,Hamza Moghul,17195-4366560-0,Muhammad Faysal مغل,1964-08-26,1600,5297794,Faisalabad
VEH007161,Hamzah Moghul,17195-4366560-0,فیصل Moghul,,1900,7962321,Faisalabad
VEH007162,بلال Khan,37534-4725147-5,عمران Khan,1987-12-22,3500,13271116,Islamabad
VEH007163,Bilal خان,,Mohammad Imran خان,1987-12-22,3300,10685496,Islamabad
VEH007164,بلال Khan,37534-4725147-5,Muhammad عمران Khan,,3500,13539889,Islamabad
VEH007165,Bilal Khan,37534-4725147-5,Mohammed Imran Khan,,3300,10855964,Islamabad
VEH007166,Othman Mughal,69634-9879607-4,Faysal Mughal,2001-12-23,1100,3825950,Rawalpindi
VEH007167,زینب مغل,74987-4244085-8,حسن Moghul,1997-07-20,1500,5733186,Rawalpindi
VEH007168,حمزہ Raja,,حسن راجہ,1973-02-01,2200,7829738,Islamabad
VEH007169,حسین Raja,,Hamzah Raja,1969-11-02,2200,9236591,Islamabad
VEH007170,Mohammed حسین Sayyid,79744-7860349-8,Faysal سید,1992-04-04,2100,7798647,Lahore
VEH007171,Othman قریشی,69301-6121468-7,Muhammad بلال Qureshi,2003-07-23,2500,8954272,Rawalpindi
VEH007172,Osman Quraishi,69301-6121468-7,Muhammed بلال قریشی,2003-07-23,2300,8276281,Rawalpindi
VEH007173,Faysal Quraishi,54854-1665875-1,Bilal Qureshi,1957-08-01,2400,9954252,Rawalpindi
VEH007174,Faysal Qureshi,54854-1665875-1,Mohammad بلال Quraishi,1957-08-01,2500,8689595,Rawalpindi
VEH007175,Muhammed Raja,28413-5363556-8,فیصل Raja,1965-08-08,1800,6463348,Rawalpindi
VEH007176,حمزہ شیخ,96809-2647318-8,حسین شیخ,1980-04-17,1500,4853450,Lahore
VEH007177,Mohammed Hamza Quraishi,15112-4548927-2,Mohammad Hussein قریشی,1995-07-11,2000,7530780,Islamabad
VEH007178,Hamza Quraishi,15112-4548927-2,Hussein Quraishi,1995-07-11,2000,6987164,Islamabad
VEH007179,Hamza Quraishi,15112-4548927-2,حسین Qureshi,,2400,9263179,Islamabad
VEH007180,Aysha Qureshi,37064-8677134-3,,1966-01-22,2500,8744136,Islamabad
VEH007181,Hasan Sayed,90466-3442936-9,Usman Sayyid,1965-08-23,1900,6216194,Lahore
VEH007182,Mariam Syed,46174-5795663-7,Usman سید,1957-04-06,2100,8125933,Lahore
VEH007183,Fatimah Quraishi,,عمران قریشی,1985-09-10,2500,9394449,Lahore
VEH007184,Fatima قریشی,35827-3583418-2,Imran Qureshi,1985-09-10,2600,10649414,Lahore
VEH007185,Fatimah Quraishi,35827-3589418-2,عمران Quraishi,1985-09-10,2600,10249347,Lahore
VEH007186,Mohammad Sayyid,49333-4035352-0,Bilal Sayed,1995-04-03,2500,10399332,Faisalabad
VEH007187,محمد Butt,48242-6077271-0,Muhammed Faysal Butt,1988-12-10,3900,13082737,Faisalabad
VEH007188,Mohammad Bhatti,48222-6077271-0,Mohammad Faysal Butt,1988-12-10,4000,13824034,Faisalabad
VEH007189,محمد Bhatti,48242-6077271-0,Faysal Bhatti,1988-12-10,4200,16097680,Faisalabad
VEH007190,Muhammad Bhatti,48242-6077271-0,Faysal Butt,1988-12-10,4000,13560880,Faisalabad
VEH007191,Aysha Bhatti,15827-2765017-3,,1961-06-13,3800,14666466,Faisalabad
VEH007192,Aysha Butt,15827-2765017-3,Hasan Bhatti,1961-06-13,3900,16074267,Faisalabad
VEH007193,Aisha Butt,15827-2765017-3,Hassan Butt,1961-06-13,4000,12831700,Faisalabad
VEH007194,ثناء Bhatti,22737-3363091-1,عمران بٹ,1978-02-19,1500,5270127,Lahore
VEH007195,ثناء Bhatti,22737-3363091-1,Mohammed عمران Butt,1978-02-19,1500,5476980,Lahore
VEH007196,عائشہ Syed,34126-4916643-7,,1993-05-21,2200,7763323,Faisalabad
VEH007197,Aysha Syed,34126-4916643-7,Mohammed Usman Sayyid,1993-05-21,2300,7631582,Faisalabad
VEH007198,Muhammad عثمان اعوان,46692-4667308-5,Bilal اعوان,1978-04-02,4500,14436760,Karachi
VEH007199,Othman اعوان,46692-4667308-5,Muhammed Bilal اعوان,1978-04-02,4500,14612534,Karachi
VEH007200,Osman Awan,46692-4667308-5,,1978-04-02,4500,18654400,Karachi
VEH007201,Osman Awan,46692-4617308-5,Muhammed بلال Awan,1978-04-02,4500,16207907,Karachi
VEH007202,Fatima قریشی,60602-2751689-1,Bilal قریشی,1996-12-03,4000,15630650,Lahore
VEH007203,Fatima قریشی,61602-2751689-1,Bilal Qureshi,1996-12-03,4000,14987198,Lahore
VEH007204,Fatema قریشی,61602-2751689-1,Bilal Qureshi,1996-12-03,3900,13283745,Lahore
VEH007205,Imran Sayyid,57777-6245549-5,Muhammed سید,2002-09-27,3800,15539328,Lahore
VEH007206,Mohammed Bilal Quraishi,44632-8488161-7,Hasan قریشی,1995-03-19,4500,16188087,Rawalpindi
VEH007207,بلال Quraishi,44632-8488161-7,حسن Quraishi,1995-03-19,4500,15582073,Rawalpindi
VEH007208,بلال Quraishi,44632-8488161-7,Hassan Qureshi,1995-03-19,4500,17816353,Rawalpindi
VEH007209,بلال Qureshi,44632-8488161-7,,1995-03-19,4500,17998891,Rawalpindi
VEH007210,Zaynab Qureshi,83448-6034703-5,,1997-04-05,4500,17695084,Rawalpindi
VEH007211,زینب Quraishi,83448-6034703-5,Osman Qureshi,1997-04-05,4500,17017135,Rawalpindi
VEH007212,زینب Qureshi,83448-6034703-5,Usman Qureshi,1997-04-05,4500,14766694,Rawalpindi
VEH007213,Zainab قریشی,83448-6034703-5,Usman Quraishi,1997-04-05,4500,17566304,Rawalpindi
VEH007214,ثناء Khan,65850-6462942-5,حسن Khan,1999-11-07,2400,9320789,Rawalpindi
VEH007215,Sana Khan,65850-6462942-5,Hassan خان,1999-11-07,2300,9398921,Rawalpindi
VEH007216,محمد Syed,89190-5412605-9,Mohammed علی سید,1986-04-23,2300,7450491,Islamabad
VEH007217,محمد Sayyid,89190-5412605-3,,,2400,9507087,Islamabad
VEH007218,Mariam خان,25392-7233417-0,Husain خان,1969-01-26,2400,9691137,Islamabad
VEH007219,Maryam Khan,25392-7233417-0,Mohammed Husain خان,,2600,9217411,Islamabad
VEH007220,احمد Sayed,76688-9337094-3,Faisal Sayed,1978-10-26,2500,8786490,Rawalpindi
VEH007221,Hussein Choudhary,,Faisal Choudhary,1982-02-02,2000,8238183,Islamabad
VEH007222,Muhammad حسن Sayyid,50395-6323097-8,حمزہ سید,1957-08-24,4400,14330847,Faisalabad
VEH007223,حسن سید,50395-6324097-8,Hamzah Syed,1957-08-24,4500,16506085,Faisalabad
VEH007224,Mohammed علی چوہدری,22898-6909159-7,عمران Chaudhry,1988-09-21,2700,11061748,Lahore
VEH007225,Hira Moghul,36554-5713458-9,Mohammad Mughal,1978-05-25,3500,12336300,Rawalpindi
VEH007226,حرا Moghul,36554-5713458-9,Mohammad Moghul,1978-05-25,3600,11975801,Rawalpindi
VEH007227,Muhammad مغل,65517-3123435-5,Muhammad Hassan Moghul,1976-06-18,3300,11727545,Rawalpindi
VEH007228,Mohammad مغل,65517-3123435-5,حسن Moghul,1976-06-18,3400,13658706,Rawalpindi
VEH007229,Mohammad مغل,68517-3123435-5,Mohammed Hasan مغل,1976-06-18,3400,13222228,Rawalpindi
VEH007230,Mohammad Moghul,85517-3123435-5,Mohammed Hassan Moghul,1976-06-18,3100,12695788,Rawalpindi
VEH007231,علی Mughal,32864-7672668-0,,1957-03-28,4400,17514694,Lahore
VEH007232,علی Mughal,,Hamza Mughal,1957-03-28,4400,14478478,Lahore
VEH007233,علی مغل,,,1957-03-28,4400,18349953,Lahore
VEH007234,Muhammad Malik,32262-6563670-8,Mohammad ملک,1990-03-17,3000,9924567,Karachi
VEH007235,Fatema Malik,10619-5966048-0,Muhammed ملک,,3300,11456238,Karachi
VEH007236,احمد Mughal,80664-3253442-6,Husain Moghul,1984-02-12,1500,5777143,Karachi
VEH007237,Husain بٹ,76908-6430760-8,بلال Bhatti,1969-10-18,3700,13692825,Rawalpindi
VEH007238,Muhammad Hussein Butt,76908-6430760-8,بلال Butt,1969-10-18,4200,14746846,Rawalpindi
VEH007239,حسین بٹ,76908-6430760-8,Bilal Butt,1969-10-18,4100,14395488,Rawalpindi
VEH007240,Mohammed Imran Moghul,60481-2842376-8,Muhammad Moghul,1997-12-04,2700,10793904,Rawalpindi
VEH007241,عمران Moghul,,,,2700,10698759,Rawalpindi
VEH007242,Mohammed عمران مغل,,Mohammed Mughal,,2700,10708840,Rawalpindi
VEH007243,فاطمہ خان,75620-2093032-1,Muhammad Khan,1976-06-17,3200,11267097,Rawalpindi
VEH007244,Fatima خان,75620-2093032-1,,1976-06-17,3300,10820732,Rawalpindi
VEH007245,Fatima خان,75620-2093032-1,Muhammed خان,1976-06-17,3200,12764900,Rawalpindi
VEH007246,Fatimah خان,75620-2093032-1,Muhammed Khan,1976-06-17,3400,11065138,Rawalpindi
VEH007247,Bilal Khan,20540-2144406-6,Hassan Khan,,3200,11895837,Rawalpindi
VEH007248,Bilal Khan,20540-2144406-6,Mohammad Hasan Khan,1980-06-04,2900,11161683,Rawalpindi
VEH007249,Bilal Moghul,47114-8393189-0,Husain مغل,1958-07-06,3900,14802118,Faisalabad
VEH007250,زینب مغل,66995-6803525-6,,2002-07-17,2200,8870276,Karachi
VEH007251,Fatema خان,,احمد خان,1986-12-18,2700,10105670,Rawalpindi
VEH007252,Fatima خان,36033-1204805-5,Ahmed Khan,1986-12-18,2500,9254048,Rawalpindi
VEH007253,Ahmad Qureshi,43963-5321943-7,Ahmed Quraishi,1977-07-07,2400,8251799,Islamabad
VEH007254,Ayesha Khan,77850-3541461-9,Imran خان,1975-08-17,3200,10694667,Lahore
VEH007255,Ayesha Khan,77850-3541461-9,عمران خان,1975-08-17,3500,14501626,Lahore
VEH007256,Othman Sayyid,65856-8925553-7,احمد Sayed,1990-06-15,2800,11445830,Islamabad
VEH007257,Fatima Awan,21126-2555668-9,,1973-06-06,1600,6013264,Rawalpindi
VEH007258,Mohammad Faisal شیخ,80599-1211844-7,محمد Shaykh,1981-09-05,3500,13749206,Lahore
VEH007259,Faisal Shaykh,30599-1211844-2,Muhammad Shaikh,1981-09-05,3800,14405120,Lahore
VEH007260,Fatimah مغل,55378-3646143-4,,,3400,13474091,Islamabad
VEH007261,فاطمہ Mughal,55378-3646143-4,Mohammad Hussein Moghul,1976-04-09,3500,12104817,Islamabad
VEH007262,ثناء Moghul,,Mohammed Bilal مغل,1968-01-11,3300,12049027,Islamabad
VEH007263,حسین Butt,99321-1919494-6,Muhammad حسین Bhatti,1992-08-26,4500,17250317,Lahore
VEH007264,Mohammed Hussein بٹ,99321-1919494-6,Muhammad Husain Butt,1992-08-26,4500,18758091,Lahore
VEH007265,حسین بٹ,99321-1919494-6,Husain Butt,1992-08-26,4500,15422092,Lahore
VEH007266,Hussein Butt,99321-1919494-6,Mohammad حسین Bhatti,1992-08-26,4500,16502002,Lahore
VEH007267,فاطمہ Moghul,58350-9691447-2,Faisal مغل,1955-10-01,4500,16233131,Rawalpindi
VEH007268,فاطمہ Moghul,58350-9691447-2,,1955-10-01,4500,18364958,Rawalpindi
VEH007269,فاطمہ Mughal,58350-9691447-2,Faysal Moghul,1955-10-01,4500,16484309,Rawalpindi
VEH007270,Fatima مغل,58350-9691447-2,فیصل مغل,,4500,17536267,Rawalpindi
VEH007271,Mohammed ملک,,Hasan Malick,1978-01-28,2200,7486102,Rawalpindi
VEH007272,Muhammad علی Malick,54855-6878217-8,عمران ملک,2000-07-14,2400,8770412,Rawalpindi
VEH007273,Ali Malick,54855-6878217-8,Muhammed عمران ملک,2000-07-14,2000,7195591,Rawalpindi
VEH007274,Fatimah Khan,43745-6634746-6,Muhammed عمران خان,1969-12-01,3000,9853855,Rawalpindi
VEH007275,فیصل Raja,40141-3333392-0,علی Raja,1989-06-26,3600,12449607,Lahore
VEH007276,Maryam Butt,87364-1060721-4,عثمان بٹ,1961-09-18,4500,15122943,Lahore
VEH007277,Mariam Butt,87364-1060721-4,Othman Bhatti,1961-09-18,4500,15067776,Lahore
VEH007278,Mariam Bhatti,87364-1060721-4,عثمان بٹ,1961-09-18,4500,17058243,Lahore
VEH007279,Maryam Bhatti,,Usman Bhatti,1961-09-18,4500,18799952,Lahore
VEH007280,عائشہ شیخ,59046-9153217-3,Mohammed حمزہ شیخ,1994-12-01,2400,8513632,Islamabad
VEH007281,عائشہ شیخ,59046-9153217-3,حمزہ شیخ,1994-12-01,2600,8875906,Islamabad
VEH007282,Mohammed Faisal Syed,25302-1519444-4,,1970-07-21,3000,10835563,Karachi
VEH007283,Faysal Sayyid,25302-1519444-4,بلال سید,1970-07-21,3000,10310419,Karachi
VEH007284,عثمان Bhatti,,Osman Bhatti,1968-07-08,4500,15844654,Islamabad
VEH007285,Mohammed Osman Butt,93667-4555943-2,Osman بٹ,1968-07-08,4500,16080657,Islamabad
VEH007286,Mohammad Osman بٹ,93667-4555943-2,Mohammed عثمان Butt,1968-07-08,4500,16747502,Islamabad
VEH007287,Othman Bhatti,93667-4555943-2,Muhammed Osman بٹ,1968-07-08,4500,18292865,Islamabad
VEH007288,Mariam بٹ,,احمد Bhatti,1990-06-14,4500,17122488,Islamabad
VEH007289,Marium بٹ,66097-0706803-6,Ahmed Butt,1990-06-14,4500,16580548,Islamabad
VEH007290,Maryam Butt,66097-3706803-6,,1990-06-14,4500,16285526,Islamabad
VEH007291,مریم Bhatti,66897-3706803-6,Ahmed بٹ,1990-06-14,4500,16767984,Islamabad
VEH007292,Hasan Qureshi,99340-7942072-4,عمران قریشی,1977-01-19,4300,15574744,Karachi
VEH007293,Hasan Chaudhary,10866-3580922-7,عثمان Chaudhry,1986-09-05,2100,8610469,Lahore
VEH007294,Mohammed Hasan Chaudhary,10866-3580922-7,Mohammed عثمان Ch.,1986-09-05,2000,7401247,Lahore
VEH007295,Hassan چوہدری,10866-3580922-7,Othman Ch.,1986-09-05,2000,8068004,Lahore
VEH007296,Faysal بٹ,58291-8842221-7,Hamzah بٹ,2001-09-15,3800,15638197,Lahore
VEH007297,Muhammed Faysal Bhatti,58291-8842221-7,Hamzah Bhatti,2001-09-15,3800,15801972,Lahore
VEH007298,Faysal Bhatti,58291-8842221-7,حمزہ Butt,2001-09-15,3800,13395530,Lahore
VEH007299,Faisal بٹ,58291-8842221-7,Hamzah بٹ,2001-09-15,3700,13107376,Lahore
VEH007300,Mohammad حمزہ قریشی,78806-7933447-0,Husain قریشی,,2200,7081263,Faisalabad
VEH007301,Muhammed Quraishi,84664-4994271-6,Muhammad بلال Quraishi,1967-01-24,2000,8064412,Faisalabad
VEH007302,زینب بٹ,87931-7112602-9,Mohammed Faisal بٹ,2003-11-16,1500,6295004,Rawalpindi
VEH007303,Zaynab Bhatti,35709-9480130-5,Muhammed Usman بٹ,1975-01-08,2500,9336933,Lahore
VEH007304,Zainab بٹ,35709-9480130-5,عثمان Bhatti,1975-01-08,2500,8499442,Lahore
VEH007305,Fatimah Shaikh,34103-5748775-6,Muhammad Osman Sheikh,,2800,10374627,Lahore
VEH007306,فاطمہ Shaikh,34103-5748775-6,عثمان Shaikh,1983-04-26,2800,11189163,Lahore
VEH007307,Fatima شیخ,34103-5748775-6,عثمان شیخ,1983-04-26,2900,10731234,Lahore
VEH007308,فاطمہ Sheikh,34103-7748775-6,Usman Shaykh,1983-04-26,3200,11690852,Lahore
