entity_id,display_name,city,estimated_income_pkr,declared_income_pkr,filer_status,tax_paid_pkr,expected_tax_pkr,tax_gap_pkr,rule_deviation_score,band
37,M Kareem Arain,Hyderabad,69873200,211468,filer,0,23720620,23720620,99,high
702,Kiran Gondal,Rawalpindi,81120800,0,absent,0,27657280,27657280,99,high
3173,Hina Bibi,Karachi,72841600,0,absent,0,24759560,24759560,99,high
1426,Younis Gujjar,Lahore,60016200,0,absent,0,20270670,20270670,99,high
5792,Mishal Sial,Multan,79814400,544044,filer,0,27200040,27200040,99,high
4262,Muhammed Usama Niazi,Gujranwala,63262400,0,absent,0,21406840,21406840,99,high
332,Muhammad Ali Kayani,Bahawalpur,72348200,0,absent,0,24586870,24586870,99,high
772,Shaista Arain,Hyderabad,73684200,0,absent,0,25054470,25054470,99,high
2170,Zafar Yusufzai,Lahore,60895000,490933,filer,0,20578250,20578250,99,high
1809,Shaista Beeg,Lahore,72221200,706810,filer,5340,24542420,24537080,99,high
3333,Aslam Gujjar,Rawalpindi,84551000,112007,filer,0,28857850,28857850,99,high
6557,Raza Jutt,Karachi,58393800,0,absent,0,19702830,19702830,99,high
3476,Saeed Akhtar,Gujranwala,64852200,217525,filer,0,21963270,21963270,99,high
1247,Durdana Durrani,Karachi,69909000,0,absent,0,23733150,23733150,99,high
3599,Jamil Beg,Rawalpindi,61236200,0,absent,0,20697670,20697670,99,high
240,Bilal Gujjar,Faisalabad,65261000,495525,filer,0,22106350,22106350,99,high
6040,Maira Raja,Bahawalpur,61420000,0,absent,0,20762000,20762000,99,high
2957,Irfan Afridi,Sialkot,60951600,0,absent,0,20598060,20598060,99,high
3698,Waqar Gondal,Gujranwala,69901200,674254,filer,3713,23730420,23726707,99,high
3748,Hina Begg,Karachi,65409000,422615,filer,0,22158150,22158150,99,high
828,Bushra Satti,Karachi,68338600,0,absent,0,23183510,23183510,99,high
2205,Muhammad Bilal Abbasi,Karachi,58741000,0,absent,0,19824350,19824350,99,high
1793,Zubair Cheema,Quetta,72345200,0,absent,0,24585820,24585820,99,high
1796,Mohd Rizwan Rizvi,Hyderabad,74279200,0,absent,0,25262720,25262720,99,high
1801,Hira Gondal,Lahore,67961400,99603,filer,0,23051490,23051490,99,high
3325,Farhan Baig,Peshawar,60364800,97108,filer,0,20392680,20392680,99,high
417,Sameena Arain,Lahore,77073200,0,absent,0,26240620,26240620,99,high
3844,Irfan Wattoo,Karachi,61391000,584745,filer,0,20751850,20751850,99,high
1537,Umar Awan,Karachi,59678600,0,absent,0,20152510,20152510,99,high
3905,Muhammad Adnan Bhatti,Karachi,76262400,0,absent,0,25956840,25956840,99,high
1086,Hamid Lodhi,Lahore,81454600,700553,filer,5028,27774110,27769082,99,high
10301,Lubna Begum,Gujranwala,58843800,93815,filer,0,19860330,19860330,99,high
3979,Sana Wattoo,Karachi,63156600,402571,filer,0,21369810,21369810,99,high
4082,Mohammad Nawaz Warraich,Karachi,68138200,0,absent,0,23113370,23113370,99,high
1048,Mishal Bhutto,Karachi,74098400,0,absent,0,25199440,25199440,99,high
4110,Riaz Sila,Faisalabad,81834600,723727,filer,6186,27907110,27900924,99,high
5015,Iqbal Hamdani,Hyderabad,59263200,448477,filer,0,20007120,20007120,99,high
4127,Mohammad Zobair Gilani,Lahore,66093200,8381,filer,0,22397620,22397620,99,high
5580,Eman Bhatti,Karachi,83700200,347202,filer,0,28560070,28560070,99,high
4553,Zoya Khokhar,Gujranwala,70444200,0,absent,0,23920470,23920470,99,high
95,Eman Bibi,Quetta,70366200,603386,filer,169,23893170,23893001,99,high
2239,Faraz Virk,Peshawar,67705200,0,absent,0,22961820,22961820,99,high
2249,Zoya Akhtar,Hyderabad,63021600,0,absent,0,21322560,21322560,99,high
4169,Rukhsana Baig,Lahore,71896200,0,absent,0,24428670,24428670,99,high
1593,Mohd Faysal Hashmi,Karachi,59549600,741315,filer,7066,20107360,20100294,99,high
1603,محمد اسلم ہاشمی,Faisalabad,79471600,0,absent,0,27080060,27080060,99,high
4224,Rida Niazi,Peshawar,71565800,543450,filer,0,24313030,24313030,99,high
4246,Muhammad Nadim Soomro,Karachi,64468800,549714,filer,0,21829080,21829080,99,high
994,Muhammad Ghulam Mirza,Multan,59536600,446953,filer,0,20102810,20102810,99,high
2600,Danish Arain,Karachi,62799000,0,absent,0,21244650,21244650,99,high
3991,Iqra Khattak,Karachi,64134400,0,absent,0,21712040,21712040,99,high
4278,Mohammed Shahzad Shah,Karachi,69151400,0,absent,0,23467990,23467990,99,high
878,M Younis Rizvi,Lahore,62095000,396187,filer,0,20998250,20998250,99,high
2319,Mansoor Durrani,Quetta,61675000,446616,filer,0,20851250,20851250,99,high
973,Bilal Gujjar,Rawalpindi,63353000,566655,filer,0,21438550,21438550,99,high
10538,Mohammad Ayaz Niazi,Rawalpindi,71220800,689705,filer,4485,24192280,24187795,99,high
940,Farah Warraich,Lahore,75912800,0,absent,0,25834480,25834480,99,high
2515,Laiba Gilani,Hyderabad,59143000,196482,filer,0,19965050,19965050,99,high
5766,Muhammad Fahad Durrani,Sialkot,67448800,738699,filer,6935,22872080,22865145,99,high
4462,Muhammad Daniish Akhtar,Bahawalpur,65704800,0,absent,0,22261680,22261680,99,high
115,Noman Jamali,Islamabad,69227200,0,absent,0,23494520,23494520,99,high
2419,Sadia Janjua,Lahore,81864000,0,absent,0,27917400,27917400,99,high
5222,Iqbal Wattoo,Hyderabad,80126600,0,absent,0,27309310,27309310,99,high
3171,Muhammed Asif Mugal,Lahore,63873600,227610,filer,0,21620760,21620760,99,high
710,Yasir Rajpuut,Karachi,63411000,0,absent,0,21458850,21458850,99,high
655,Muhammad Zeeshan Soomro,Rawalpindi,67220000,678205,filer,3910,22792000,22788090,99,high
5263,Javed Raja,Quetta,50903000,232491,filer,0,17081050,17081050,98,high
1858,Sufyan Mirza,Karachi,41628574,575314,filer,0,13835001,13835001,98,high
2090,Maira Kayani,Karachi,40847281,0,absent,0,13561548,13561548,98,high
2069,Liaquat Kakar,Islamabad,42873600,593568,filer,0,14270760,14270760,98,high
6321,M Mudassar Mughal,Islamabad,49899400,0,absent,0,16729790,16729790,98,high
2057,Muhammed Waleed Gujjar,Islamabad,56808600,0,absent,0,19148010,19148010,98,high
1881,M Imran Awan,Rawalpindi,37334614,0,absent,0,12332115,12332115,98,high
705,Ahmad Bhatti,Lahore,42871000,73706,filer,0,14269850,14269850,98,high
5344,Mazhar Khokhar,Multan,44708600,224397,filer,0,14913010,14913010,98,high
646,Khalid Gujjar,Rawalpindi,43144669,681427,filer,4071,14365634,14361563,98,high
5331,Maira Naqvi,Karachi,40652147,0,absent,0,13493251,13493251,98,high
5301,Rabia Wattoo,Lahore,38252400,0,absent,0,12653340,12653340,98,high
5036,Muhammad Taimur Lodhi,Islamabad,35606327,0,absent,0,11727214,11727214,98,high
4986,Jamil Niazi,Sialkot,36563973,27187,filer,0,12062391,12062391,98,high
1367,Mohammed Abdullah Janjua,Lahore,47646400,301343,filer,0,15941240,15941240,98,high
3167,Usman Khan,Faisalabad,44012400,566849,filer,0,14669340,14669340,98,high
3144,Muhammad Faraz Khan,Lahore,44223380,367993,filer,0,14743183,14743183,98,high
292,Abida Raaja,Karachi,41467800,763702,filer,8185,13778730,13770545,98,high
3102,Aiman Bibi,Lahore,47220361,0,absent,0,15792126,15792126,98,high
3092,Aleena Hashmi,Hyderabad,53682000,0,absent,0,18053700,18053700,98,high
674,Faraz Abbas,Peshawar,43125600,425518,filer,0,14358960,14358960,98,high
5209,Mahnoor Begum,Multan,38788272,0,absent,0,12840895,12840895,98,high
10514,Salman Sial,Karachi,44798200,775538,filer,8777,14944370,14935593,98,high
5196,Fathima Bibi,Sialkot,39300526,0,absent,0,13020184,13020184,98,high
5186,Bushra Begum,Lahore,44000000,0,absent,0,14665000,14665000,98,high
2024,Muhammad Jahangir Butt,Sialkot,57652800,0,absent,0,19443480,19443480,98,high
1891,Bushra Begum,Gujranwala,35825725,0,absent,0,11804004,11804004,98,high
2004,Javeria Hamdani,Peshawar,39632400,242291,filer,0,13136340,13136340,98,high
1703,Nida Durrani,Karachi,56320000,728116,filer,6406,18977000,18970594,98,high
122,Tahira Raja,Gujranwala,50469600,0,absent,0,16929360,16929360,98,high
5346,Zubair Tareen,Bahawalpur,38681576,0,absent,0,12803552,12803552,98,high
1721,Hina Begum,Karachi,44161343,0,absent,0,14721470,14721470,98,high
2367,Farhan Kazmi,Lahore,39961200,0,absent,0,13251420,13251420,98,high
898,Kareem Magsi,Faisalabad,38083200,635990,filer,1800,12594120,12592320,98,high
895,Hussein Bhutto,Lahore,54017200,0,absent,0,18171020,18171020,98,high
6107,Maira Gilani,Karachi,40876336,73564,filer,0,13571718,13571718,98,high
4486,Komal Chaudhary,Lahore,56583600,0,absent,0,19069260,19069260,98,high
5740,Aiman Begum,Gujranwala,56646400,788112,filer,9406,19091240,19081834,98,high
546,Iqra Begum,Faisalabad,48595120,0,absent,0,16273292,16273292,98,high
5727,Nimra Sandhu,Multan,40713400,48099,filer,0,13514690,13514690,98,high
5705,Taimur Abbasi,Lahore,52331800,0,absent,0,17581130,17581130,98,high
907,Muhammed Zeeshan Naqvi,Quetta,43968800,616869,filer,843,14654080,14653237,98,high
2497,Anika Begum,Bahawalpur,48516800,545653,filer,0,16245880,16245880,98,high
2496,Noor Gondal,Karachi,46966000,0,absent,0,15703100,15703100,98,high
5890,Hina Bibi,Peshawar,35898600,0,absent,0,11829510,11829510,98,high
2491,Rizwan Sandhu,Lahore,45430200,0,absent,0,15165570,15165570,98,high
2486,Muhammad Moin Mirza,Faisalabad,55755200,0,absent,0,18779320,18779320,98,high
1686,Anwar Ansari,Lahore,36543800,41777,filer,0,12055330,12055330,98,high
1684,Khadija Begum,Lahore,38503904,0,absent,0,12741366,12741366,98,high
4515,Saba Mengal,Gujranwala,41989400,0,absent,0,13961290,13961290,98,high
2442,Pervez Warraich,Hyderabad,37378496,0,absent,0,12347474,12347474,98,high
4448,Fatima Lodhi,Faisalabad,37498400,293355,filer,0,12389440,12389440,98,high
4436,Yousuf Kakar,Gujranwala,36933000,311563,filer,0,12191550,12191550,98,high
920,Ramsha Begum,Rawalpindi,39024886,0,absent,0,12923710,12923710,98,high
4412,Liaquat Awan,Karachi,40534421,412348,filer,0,13452047,13452047,98,high
2535,Eman Bibi,Islamabad,39846657,0,absent,0,13211330,13211330,98,high
2039,Ghulam Kayani,Peshawar,42700600,0,absent,0,14210210,14210210,98,high
2514,Areeba Begum,Faisalabad,37944503,0,absent,0,12545576,12545576,98,high
6828,Yasmin Begum,Quetta,38596439,0,absent,0,12773754,12773754,98,high
936,Shabana Jutt,Lahore,53976600,484658,filer,0,18156810,18156810,98,high
4334,Mohd Wasim Gillani,Karachi,48472015,0,absent,0,16230205,16230205,98,high
950,Javed Jamali,Islamabad,38652861,0,absent,0,12793501,12793501,98,high
5835,Nawaz Bhattti,Islamabad,43141000,0,absent,0,14364350,14364350,98,high
4158,Anika Siddiqui,Gujranwala,35666128,0,absent,0,11748145,11748145,98,high
5809,Javid Rajput,Karachi,46246000,34528,filer,0,15451100,15451100,98,high
975,ندیم عباسی,Rawalpindi,40009200,0,absent,0,13268220,13268220,98,high
963,Khadeeja Bibi,Lahore,40706646,0,absent,0,13512326,13512326,98,high
4295,Maryam Bibi,Gujranwala,36423844,0,absent,0,12013345,12013345,98,high
569,Naveed Mengal,Rawalpindi,38478564,513734,filer,0,12732497,12732497,98,high
5569,Nasreen Khan,Rawalpindi,42458247,0,absent,0,14125386,14125386,98,high
5560,Mohd Saad Raja,Rawalpindi,54286800,470342,filer,0,18265380,18265380,98,high
5558,Owais Sial,Rawalpindi,37750600,0,absent,0,12477710,12477710,98,high
2364,Mohammad Hammad Sandhu,Gujranwala,41420200,0,absent,0,13762070,13762070,98,high
2354,Danish Bhutto,Rawalpindi,43265200,342015,filer,0,14407820,14407820,98,high
2307,Muhammad Kashif Kazmi,Gujranwala,39466600,0,absent,0,13078310,13078310,98,high
1754,Danish Bajwa,Faisalabad,45291000,0,absent,0,15116850,15116850,98,high
1753,Eman Begg,Rawalpindi,49295000,0,absent,0,16518250,16518250,98,high
1749,Uzma Bibi,Bahawalpur,38272528,0,absent,0,12660385,12660385,98,high
4543,Shagufta Begum,Lahore,49531543,0,absent,0,16601040,16601040,98,high
4527,Faiza Lodhi,Faisalabad,51359000,94386,filer,0,17240650,17240650,98,high
5629,Amna Satti,Faisalabad,46554400,0,absent,0,15559040,15559040,98,high
5603,M Irfan Rajput,Peshawar,47405800,0,absent,0,15857030,15857030,98,high
4287,Riaz Bhutto,Gujranwala,42524600,0,absent,0,14148610,14148610,98,high
4269,Mohammad Hassan Niazi,Gujranwala,48054000,0,absent,0,16083900,16083900,98,high
10449,Mohammad Naveed Arain,Rawalpindi,41652822,996257,filer,19813,13843488,13823675,98,high
509,Mahnoor Kakar,Hyderabad,38721700,0,absent,0,12817595,12817595,98,high
4264,Warda Bgum,Lahore,40825168,0,absent,0,13553809,13553809,98,high
1611,Imran Durrani,Islamabad,48649200,0,absent,0,16292220,16292220,98,high
6825,Zubaida Bibi,Karachi,36678774,0,absent,0,12102571,12102571,98,high
2340,Eman Abbas,Peshawar,54051200,388863,filer,0,18182920,18182920,98,high
4235,Fahad Virk,Lahore,45438659,552191,filer,0,15168531,15168531,98,high
5917,Kamran Abbas,Peshawar,54671800,27682,filer,0,18400130,18400130,98,high
488,Naila Bibi,Islamabad,38939235,0,absent,0,12893732,12893732,98,high
5904,Farah Begum,Lahore,38270545,0,absent,0,12659691,12659691,98,high
5886,Yousuf Memon,Sialkot,41443600,0,absent,0,13770260,13770260,98,high
4229,Mehwish Begum,Faisalabad,35663915,0,absent,0,11747370,11747370,98,high
5442,Rehan Arain,Peshawar,44427421,1162727,filer,28136,14814597,14786461,98,high
1602,M Osman Bajwa,Karachi,36178000,348734,filer,0,11927300,11927300,98,high
2650,Sehrish Bibi,Lahore,38252403,0,absent,0,12653341,12653341,98,high
6800,Muhammad Fawad Bhutto,Lahore,43575105,1178104,filer,28905,14516287,14487382,98,high
6788,Nasrin Bibi,Peshawar,36801112,0,absent,0,12145389,12145389,98,high
4188,Muhammad Sohail Siddiqui,Gujranwala,42636400,460073,filer,0,14187740,14187740,98,high
5960,Talha Khan,Quetta,49905359,316092,filer,0,16731876,16731876,98,high
6824,Fatimah Begum,Karachi,39408711,0,absent,0,13058049,13058049,98,high
4170,Mudassar Magsi,Lahore,36043800,0,absent,0,11880330,11880330,98,high
4581,Nazia Awan,Gujranwala,51682000,0,absent,0,17353700,17353700,98,high
585,Aleena Bibi,Islamabad,42207784,0,absent,0,14037724,14037724,98,high
854,Karim Baig,Multan,38535792,540364,filer,0,12752527,12752527,98,high
852,Fawad Awan,Lahore,49353200,0,absent,0,16538620,16538620,98,high
2284,Rabia Yousafzai,Hyderabad,36524400,49363,filer,0,12048540,12048540,98,high
2280,Mohd Ibrahim Khokhar,Karachi,49354200,125875,filer,0,16538970,16538970,98,high
2244,Arif Mughal,Karachi,42629000,769440,filer,8472,14185150,14176678,98,high
5777,Muhammad Sohel Janjua,Lahore,43500800,0,absent,0,14490280,14490280,98,high
2235,Raza Niazi,Sialkot,38427400,0,absent,0,12714590,12714590,98,high
5061,Moin Mughal,Karachi,51306200,295321,filer,0,17222170,17222170,98,high
572,Sohail Arain,Lahore,40619600,280971,filer,0,13481860,13481860,98,high
5606,Shoaib Kakar,Quetta,51612218,363239,filer,0,17329276,17329276,98,high
2731,Durdana Gujjar,Rawalpindi,39339800,91249,filer,0,13033930,13033930,98,high
2717,Arif Gondal,Rawalpindi,41196600,0,absent,0,13683810,13683810,98,high
4123,Muhammad Mazhar Khattak,Lahore,55040200,0,absent,0,18529070,18529070,98,high
4093,Ayesha Lodhi,Peshawar,57080400,0,absent,0,19243140,19243140,98,high
4087,Uzma Naqvi,Karachi,39932180,655891,filer,2795,13241263,13238468,98,high
6022,Kiran Sandhu,Gujranwala,46411600,0,absent,0,15509060,15509060,98,high
3993,Mohd Bilawal Shah,Karachi,42176014,0,absent,0,14026605,14026605,98,high
1066,Toooba Bibi,Gujranwala,41803746,0,absent,0,13896311,13896311,98,high
1061,M Fawad Bhatti,Peshawar,41038567,503940,filer,0,13628498,13628498,98,high
1058,Raza Soomro,Faisalabad,57591800,103964,filer,0,19422130,19422130,98,high
3980,Ghulam Magsi,Lahore,55614400,0,absent,0,18730040,18730040,98,high
4686,Bushra Siddiqui,Hyderabad,48596990,0,absent,0,16273946,16273946,98,high
2808,Hina Abbas,Multan,49968000,0,absent,0,16753800,16753800,98,high
1544,Shabana Begum,Peshawar,44774279,0,absent,0,14935998,14935998,98,high
6708,M Arif Kakar,Multan,47704200,147845,filer,0,15961470,15961470,98,high
2776,Mohammad Nadeem Qureishi,Karachi,40176000,575365,filer,0,13326600,13326600,98,high
2773,Robina Magsi,Multan,46018800,0,absent,0,15371580,15371580,98,high
6763,Ramsha Begum,Islamabad,39564216,0,absent,0,13112476,13112476,98,high
6762,Javeria Bibi,Faisalabad,42049942,0,absent,0,13982480,13982480,98,high
2757,Ghulam Siddiqui,Islamabad,39498000,0,absent,0,13089300,13089300,98,high
6375,Zeeshan Abbas,Karachi,37224711,0,absent,0,12293649,12293649,98,high
450,Hassan Mughal,Rawalpindi,53283000,0,absent,0,17914050,17914050,98,high
6149,Asif Zaidi,Rawalpindi,39540000,0,absent,0,13104000,13104000,98,high
3871,Rabia Begum,Islamabad,36089400,0,absent,0,11896290,11896290,98,high
3433,Aleena Bibi,Sialkot,46782149,0,absent,0,15638752,15638752,98,high
2871,Ibrahim Dar,Rawalpindi,50826600,491329,filer,0,17054310,17054310,98,high
2869,Younis Bajwa,Karachi,49505600,0,absent,0,16591960,16591960,98,high
2849,Mohammed Aamir Malik,Rawalpindi,44042800,0,absent,0,14679980,14679980,98,high
3849,Komal Bibi,Faisalabad,45359981,0,absent,0,15140993,15140993,98,high
6179,Naveed Yousafzai,Gujranwala,45651600,211069,filer,0,15243060,15243060,98,high
3817,Muhammad Mazhar Kakar,Rawalpindi,42429400,0,absent,0,14115290,14115290,98,high
1127,Komal Khattak,Karachi,41370800,186222,filer,0,13744780,13744780,98,high
4145,Mohd Sajid Yusufzai,Gujranwala,54254800,0,absent,0,18254180,18254180,98,high
1147,Mohd Naveed Gujjar,Lahore,55442200,489658,filer,0,18669770,18669770,98,high
3766,Ayaz Baig,Rawalpindi,47897400,486834,filer,0,16029090,16029090,98,high
4651,Mohammed Khalid Janjua,Hyderabad,38338000,0,absent,0,12683300,12683300,98,high
1772,Khadija Begum,Karachi,38027983,0,absent,0,12574794,12574794,98,high
2223,Jamil Lodhi,Lahore,36217045,496043,filer,0,11940966,11940966,98,high
2221,Adnan Bhatti,Lahore,45330400,107034,filer,0,15130640,15130640,98,high
1794,Yousuf Khokhar,Hyderabad,58079400,0,absent,0,19592790,19592790,98,high
1810,Tahira Lodhi,Faisalabad,36286800,0,absent,0,11965380,11965380,98,high
834,Mohammed Danish Rizvi,Karachi,36783968,0,absent,0,12139389,12139389,98,high
4644,Nawaz Yusufzai,Faisalabad,41816400,661434,filer,3072,13900740,13897668,98,high
2847,Samina Begum,Peshawar,36795743,0,absent,0,12143510,12143510,98,high
4582,Hamid Durrani,Karachi,42780800,676553,filer,3828,14238280,14234452,98,high
1164,Muhammad Talha Dar,Lahore,57962800,0,absent,0,19551980,19551980,98,high
3733,Sidra Jutt,Peshawar,46038600,0,absent,0,15378510,15378510,98,high
2909,Muhammad Liaquat Paracha,Bahawalpur,41589800,719031,filer,5952,13821430,13815478,98,high
5798,Tahira Gilani,Karachi,47950000,0,absent,0,16047500,16047500,98,high
6736,Saba Begum,Gujranwala,37490794,0,absent,0,12386778,12386778,98,high
6733,Muhammad Nawaz Arain,Gujranwala,52610400,0,absent,0,17678640,17678640,98,high
228,Ibrahim Abbasi,Rawalpindi,38423400,0,absent,0,12713190,12713190,98,high
1170,Nasir Yousafzai,Peshawar,51644600,0,absent,0,17340610,17340610,98,high
3706,Nasreen Begum,Lahore,36399600,0,absent,0,12004860,12004860,98,high
3695,Uzma Mirza,Islamabad,38572400,0,absent,0,12765340,12765340,98,high
6233,Sehrish Qureishi,Lahore,37439400,0,absent,0,12368790,12368790,98,high
6231,Tahira Gilani,Rawalpindi,46167600,0,absent,0,15423660,15423660,98,high
6005,Shabana Afridi,Karachi,45420600,719134,filer,5957,15162210,15156253,98,high
2986,Akram Mengal,Lahore,52254800,0,absent,0,17554180,17554180,98,high
2965,Bashir Jutt,Karachi,40505000,0,absent,0,13441750,13441750,98,high
2950,Pervez Soomro,Rawalpindi,35642240,158206,filer,0,11739784,11739784,98,high
2943,Muhammad Sajid Jamali,Peshawar,43793600,0,absent,0,14592760,14592760,98,high
6725,Shagufta Begum,Hyderabad,45617199,0,absent,0,15231020,15231020,98,high
1489,Iqbal Kayani,Islamabad,41355894,155073,filer,0,13739563,13739563,98,high
1205,Ashraf Shiekh,Lahore,40704000,0,absent,0,13511400,13511400,98,high
1197,Bushra Kakar,Hyderabad,42825800,295505,filer,0,14254030,14254030,98,high
1209,Aamir Gondal,Faisalabad,36565200,0,absent,0,12062820,12062820,98,high
3636,M Adnan Lodhi,Islamabad,37825057,0,absent,0,12503770,12503770,98,high
6327,عمران لودھی,Hyderabad,54771600,533874,filer,0,18435060,18435060,98,high
387,Aiman Arain,Karachi,38055469,123089,filer,0,12584414,12584414,98,high
384,Muhammad Waleed Bhutto,Karachi,43139105,0,absent,0,14363687,14363687,98,high
5695,Muhammed Karim Lodhi,Islamabad,38789113,478248,filer,0,12841190,12841190,98,high
6707,Rukhsana Bibi,Lahore,45630110,0,absent,0,15235538,15235538,98,high
6700,طاہرہ بی بی,Karachi,43112550,0,absent,0,14354392,14354392,98,high
1944,Ibrahim Sial,Islamabad,35657738,0,absent,0,11745208,11745208,98,high
251,M Mubashir Warraich,Karachi,56479431,2649676,filer,292419,19032801,18740382,98,high
243,Mohammad Ghulam Afridi,Quetta,38581000,0,absent,0,12768350,12768350,98,high
1459,Mehmood Baig,Islamabad,46135000,0,absent,0,15412250,15412250,98,high
2991,Bilal Sial,Lahore,55849000,699207,filer,4960,18812150,18807190,98,high
2988,Noman Gujjar,Quetta,41565400,4611,filer,0,13812890,13812890,98,high
3536,Zainab Qureshi,Karachi,36233430,0,absent,0,11946700,11946700,98,high
6342,M Saad Mughal,Islamabad,37202544,453558,filer,0,12285890,12285890,98,high
369,Riaz Lodhi,Islamabad,42981000,591566,filer,0,14308350,14308350,98,high
6345,Mehwish Bibi,Lahore,44263799,0,absent,0,14757330,14757330,98,high
1248,Liaquat Kakar,Lahore,43686400,0,absent,0,14555240,14555240,98,high
3014,Muhammad Abdullah Mengal,Faisalabad,40438602,300103,filer,0,13418511,13418511,98,high
3006,Lubna Ansari,Lahore,37051600,0,absent,0,12233060,12233060,98,high
3493,Yasir Baig,Peshawar,41199600,0,absent,0,13684860,13684860,98,high
1273,Zainab Malik,Islamabad,39161953,349916,filer,0,12971684,12971684,98,high
6740,Mohammad Tanvir Memon,Hyderabad,35866000,0,absent,0,11818100,11818100,98,high
3447,Ahmed Mirza,Multan,49349200,79098,filer,0,16537220,16537220,98,high
1275,Komal Khan,Faisalabad,56728400,393246,filer,0,19119940,19119940,98,high
1296,Muhammad Hammad Chaudhry,Rawalpindi,54407600,0,absent,0,18307660,18307660,98,high
6050,Imran Zaidi,Peshawar,53971600,0,absent,0,18155060,18155060,98,high
3404,Abdullah Jutt,Islamabad,40560800,0,absent,0,13461280,13461280,98,high
6532,Farah Begum,Lahore,37083944,0,absent,0,12244380,12244380,98,high
1305,Zubaida Bibi,Karachi,39153486,0,absent,0,12968720,12968720,98,high
3318,M Liaquat Maggsi,Islamabad,42438400,746881,filer,7344,14118440,14111096,98,high
333,M Zubair Abbasi,Faisalabad,37476200,660982,filer,3049,12381670,12378621,98,high
738,Tooba Dar,Gujranwala,48619200,115637,filer,0,16281720,16281720,98,high
735,Muhammd Jahangir Akhtar,Karachi,39176200,0,absent,0,12976670,12976670,98,high
5366,Ejaz Awan,Faisalabad,50274200,176925,filer,0,16860970,16860970,98,high
754,Sufyan Soomro,Karachi,45419800,0,absent,0,15161930,15161930,98,high
768,Rukhsana Malik,Islamabad,54476200,0,absent,0,18331670,18331670,98,high
4805,Sajid Sandhu,Hyderabad,47461800,0,absent,0,15876630,15876630,98,high
4782,Abdullah Raja,Bahawalpur,44123000,265698,filer,0,14708050,14708050,98,high
10298,Muhammad Karim Afridi,Faisalabad,43524400,122024,filer,0,14498540,14498540,98,high
5396,Talha Gujjar,Faisalabad,43582600,49283,filer,0,14518910,14518910,98,high
4450,Mubashir Siddiqui,Lahore,43245261,0,absent,0,14400841,14400841,98,high
4688,Anwar Kakkar,Gujranwala,47151400,0,absent,0,15767990,15767990,98,high
598,Ahmed Raza Khan,Rawalpindi,56000000,600000,filer,0,18865000,18865000,98,high
5470,Faiza Akhtar,Karachi,41746000,41069,filer,0,13876100,13876100,98,high
3294,Hina Bibi,Islamabad,46706477,0,absent,0,15612267,15612267,98,high
1412,Muhammad Imran Paracha,Gujranwala,57432200,0,absent,0,19366270,19366270,98,high
3047,Yousuf Khan,Karachi,53048800,0,absent,0,17832080,17832080,98,high
4874,Rabia Shah,Faisalabad,38954600,0,absent,0,12899110,12899110,98,high
3255,Saied Afridi,Islamabad,52278800,456049,filer,0,17562580,17562580,98,high
3245,Tanveer Raja,Quetta,44645200,0,absent,0,14890820,14890820,98,high
1363,Sadiya Kakar,Karachi,57124000,0,absent,0,19258400,19258400,98,high
3209,Naila Mengal,Gujranwala,55053200,0,absent,0,18533620,18533620,98,high
4939,M Mubashir Niazi,Rawalpindi,38313861,0,absent,0,12674851,12674851,98,high
6640,Mohammed Waleed Khattak,Hyderabad,36092186,0,absent,0,11897265,11897265,98,high
3183,Haroon Satti,Islamabad,51016000,0,absent,0,17120600,17120600,98,high
696,Waqar Awan,Lahore,57832400,63730,filer,0,19506340,19506340,98,high
4257,Ismail Abbas,Lahore,39362600,0,absent,0,13041910,13041910,98,high
1987,Mohammad Hussian Afridi,Rawalpindi,37180000,0,absent,0,12278000,12278000,98,high
1909,Fawad Sial,Karachi,51522000,373299,filer,0,17297700,17297700,98,high
1980,Hamid Akhtar,Lahore,46032400,0,absent,0,15376340,15376340,98,high
24,Laiba Geelani,Karachi,31859220,712913,filer,5646,10415727,10410081,97,high
15,M Danish Rajput,Islamabad,31786200,0,absent,0,10390170,10390170,97,high
695,Mohd Shuaib Lodhi,Rawalpindi,32500400,227624,filer,0,10640140,10640140,97,high
28,Shuaiib Jamali,Hyderabad,32379459,383772,filer,0,10597811,10597811,97,high
2005,Shaista Abbasi,Quetta,34977600,0,absent,0,11507160,11507160,97,high
693,Sana Memon,Bahawalpur,26990853,289250,filer,0,8711799,8711799,97,high
2050,Islam Afridi,Gujranwala,29948800,0,absent,0,9747080,9747080,97,high
708,Bilawal Sandhu,Rawalpindi,35568023,2033130,filer,154970,11713808,11558838,97,high
647,Samina Mirza,Karachi,34650469,0,absent,0,11392664,11392664,97,high
5335,Eman Bibi,Hyderabad,30445415,0,absent,0,9920895,9920895,97,high
730,Abid Soomro,Faisalabad,27125097,0,absent,0,8758784,8758784,97,high
4995,Muhammad Danish Lodhi,Rawalpindi,28294000,0,absent,0,9167900,9167900,97,high
4959,Tanvir Bhatti,Gujranwala,31493665,1203261,filer,30489,10287783,10257294,97,high
4953,Mahnoor Begum,Gujranwala,32632055,0,absent,0,10686219,10686219,97,high
1805,Saba Tareen,Karachi,27102000,376836,filer,0,8750700,8750700,97,high
2165,Nimra Begum,Islamabad,27605261,0,absent,0,8926841,8926841,97,high
1825,M Kareem Awan,Lahore,33534509,0,absent,0,11002078,11002078,97,high
6654,Shaista Bibi,Sialkot,26060065,0,absent,0,8386023,8386023,97,high
6647,Warda Begum,Sialkot,33560608,0,absent,0,11011213,11011213,97,high
6646,Hira Begum,Rawalpindi,31647156,0,absent,0,10341505,10341505,97,high
6645,Fariha Begum,Faisalabad,33686786,0,absent,0,11055375,11055375,97,high
3185,M Sajid Bhutto,Peshawar,30768039,1214209,filer,32131,10033814,10001683,97,high
1372,Aiman Bibi,Karachi,29877667,0,absent,0,9722183,9722183,97,high
10225,Fawad Sandhu,Faisalabad,30645000,209719,filer,0,9990750,9990750,97,high
2975,Mohammad Rehan Kakar,Karachi,27734600,539887,filer,0,8972110,8972110,97,high
3137,Fariha Janjua,Gujranwala,39746127,2521087,filer,260272,13176144,12915872,97,high
3121,Qasim Gilani,Karachi,28513550,484831,filer,0,9244742,9244742,97,high
6676,Hina Bibi,Peshawar,32388136,0,absent,0,10600848,10600848,97,high
3058,Anika Bibi,Islamabad,30038006,0,absent,0,9778302,9778302,97,high
3924,Areeba Begum,Gujranwala,28927077,0,absent,0,9389477,9389477,97,high
3229,Ramsha Begum,Islamabad,31933938,0,absent,0,10441878,10441878,97,high
328,Muhammad Ali Bhatti,Lahore,30876769,1061935,filer,23097,10071869,10048772,97,high
3189,Faraz Sial,Karachi,34503239,0,absent,0,11341134,11341134,97,high
2148,Rabia Begum,Faisalabad,34030923,0,absent,0,11175823,11175823,97,high
2143,Laiba Gilani,Islamabad,27509600,0,absent,0,8893360,8893360,97,high
2142,Ankia Begum,Multan,33673650,0,absent,0,11050778,11050778,97,high
62,Saba Begum,Karachi,29294259,0,absent,0,9517991,9517991,97,high
55,Rukhsana Begum,Karachi,26664159,0,absent,0,8597456,8597456,97,high
2137,Aamir Marwat,Rawalpindi,30766331,0,absent,0,10033216,10033216,97,high
1837,Ayesha Bibi,Rawalpindi,29564287,0,absent,0,9612500,9612500,97,high
2116,Mohammad Umar Geelani,Gujranwala,28405800,0,absent,0,9207030,9207030,97,high
4938,Komal Lodhi,Multan,28305757,621768,filer,1088,9172015,9170927,97,high
2823,Shagufta Niazi,Lahore,30341647,0,absent,0,9884576,9884576,97,high
5368,Adnan Kakar,Karachi,34272000,0,absent,0,11260200,11260200,97,high
3322,Ayaz Qureshi,Lahore,28124600,0,absent,0,9108610,9108610,97,high
3317,Farah Begum,Karachi,28607626,0,absent,0,9277669,9277669,97,high
6564,Muhammad Faysal Sial,Bahawalpur,27176400,0,absent,0,8776740,8776740,97,high
3310,Durdana Bibi,Rawalpindi,30026301,0,absent,0,9774205,9774205,97,high
3304,Mehwish Bibi,Karachi,35519665,0,absent,0,11696883,11696883,97,high
1343,Tooba Bibi,Rawalpindi,29120106,0,absent,0,9457037,9457037,97,high
1332,Uzma Begum,Karachi,32857804,0,absent,0,10765231,10765231,97,high
3087,Muhammad Aslam Awan,Quetta,34613000,536588,filer,0,11379550,11379550,97,high
3085,Rida Begum,Quetta,34361574,0,absent,0,11291551,11291551,97,high
260,Mohammed Rehan Gujjar,Sialkot,33635800,736658,filer,6833,11037530,11030697,97,high
275,Bushra Begum,Quetta,27562015,0,absent,0,8911705,8911705,97,high
271,Javid Bajwa,Lahore,34702000,642950,filer,2148,11410700,11408552,97,high
6678,Eman Bibi,Multan,29924548,0,absent,0,9738592,9738592,97,high
357,Nimra Begum,Islamabad,27462194,0,absent,0,8876768,8876768,97,high
3440,Ayaz Wattoo,Peshawar,38337171,1773390,filer,116008,12683010,12567002,97,high
3438,Amna Bibi,Karachi,27848103,0,absent,0,9011836,9011836,97,high
1292,Sadia Bibi,Rawalpindi,30017544,0,absent,0,9771140,9771140,97,high
3419,Hira Bibi,Lahore,31147784,0,absent,0,10166724,10166724,97,high
352,Owais Hamdani,Karachi,32673000,0,absent,0,10700550,10700550,97,high
3377,Tooba Malik,Lahore,31625600,0,absent,0,10333960,10333960,97,high
3348,Muhammad Wasim Arain,Faisalabad,34167400,0,absent,0,11223590,11223590,97,high
5362,Fatima Begum,Lahore,29080586,0,absent,0,9443205,9443205,97,high
756,Hira Bibi,Lahore,33857845,0,absent,0,11115246,11115246,97,high
747,Shuaib Cheema,Islamabad,32430009,576701,filer,0,10615503,10615503,97,high
746,Ramsha Bibi,Karachi,52077430,3766780,filer,600034,17492100,16892066,97,high
744,Abid Raja,Peshawar,29823800,0,absent,0,9703330,9703330,97,high
4879,Lubna Begum,Bahawalpur,32156898,0,absent,0,10519914,10519914,97,high
4790,Muhammad Adnan Khokhar,Peshawar,28022815,0,absent,0,9072985,9072985,97,high
4788,Mahnoor Bibi,Hyderabad,32700867,0,absent,0,10710303,10710303,97,high
5443,Fariha Jamali,Faisalabad,31428800,0,absent,0,10265080,10265080,97,high
5414,Komal Begum,Karachi,27180882,0,absent,0,8778309,8778309,97,high
4758,Waqar Hamdani,Multan,31513800,0,absent,0,10294830,10294830,97,high
4745,Muhammad Fahad Shah,Karachi,27769489,0,absent,0,8984321,8984321,97,high
6686,Sadiya Bibi,Lahore,33222046,0,absent,0,10892716,10892716,97,high
6680,Nailab Ibi,Islamabad,28746873,0,absent,0,9326406,9326406,97,high
6420,Komal Mirza,Peshawar,36001467,1405608,filer,60841,11865513,11804672,97,high
6218,Aiman Gondal,Faisalabad,31425800,0,absent,0,10264030,10264030,97,high
1443,Rashid Gujjar,Rawalpindi,32567051,0,absent,0,10663468,10663468,97,high
1438,Sana Begum,Rawalpindi,31007551,0,absent,0,10117643,10117643,97,high
2999,Uzma Arain,Faisalabad,29384335,0,absent,0,9549517,9549517,97,high
3506,Hussain Rajput,Karachi,33206400,393781,filer,0,10887240,10887240,97,high
367,Muhammad Sohail Gilani,Karachi,32519600,0,absent,0,10646860,10646860,97,high
358,Sufyan Khattak,Sialkot,27157400,650541,filer,2527,8770090,8767563,97,high
1457,Shagufta Begum,Lahore,25861288,0,absent,0,8316451,8316451,97,high
2992,Khaled Shah,Peshawar,38063290,2259049,filer,194762,12587152,12392390,97,high
6422,Samina Gondal,Rawalpindi,29544451,288587,filer,0,9605558,9605558,97,high
6413,Naila Begum,Karachi,31930065,0,absent,0,10440523,10440523,97,high
375,Sufyan Chaudhary,Karachi,26229400,91686,filer,0,8445290,8445290,97,high
6386,Danish Lodhi,Karachi,26347771,0,absent,0,8486720,8486720,97,high
1258,Warda Lodhi,Islamabad,27110350,0,absent,0,8753622,8753622,97,high
6695,Hina Begum,Lahore,33639881,0,absent,0,11038958,11038958,97,high
6694,Nida Bibi,Peshawar,30634900,0,absent,0,9987215,9987215,97,high
6692,Shahzad Cheema,Karachi,27254079,1149891,filer,27495,8803928,8776433,97,high
4731,Waqar Baig,Islamabad,31735116,0,absent,0,10372291,10372291,97,high
4700,Zoya Bibi,Karachi,28517740,0,absent,0,9246209,9246209,97,high
5978,Rabia Bibi,Lahore,26154783,0,absent,0,8419174,8419174,97,high
4687,Muhammad Mansoor Begg,Karachi,34306474,635451,filer,1773,11272266,11270493,97,high
5486,Aleena Virk,Gujranwala,34275000,0,absent,0,11261250,11261250,97,high
5454,Kiran Bibi,Rawalpindi,26049546,0,absent,0,8382341,8382341,97,high
1780,Kiran Bibi,Quetta,31523058,1683918,filer,102588,10298070,10195482,97,high
1778,Farah Biibi,Quetta,25991310,0,absent,0,8361958,8361958,97,high
5295,Nadim Mughal,Faisalabad,30786646,944420,filer,17221,10040326,10023105,97,high
10271,Pervez Dar,Sialkot,31442200,424904,filer,0,10269770,10269770,97,high
2194,Robina Khan,Karachi,29036274,236033,filer,0,9427696,9427696,97,high
73,Abida Ebgum,Rawalpindi,29520856,0,absent,0,9597300,9597300,97,high
2484,Asad Paracha,Faisalabad,32755200,375587,filer,0,10729320,10729320,97,high
237,Javeria Begum,Lahore,31569662,0,absent,0,10314382,10314382,97,high
6711,Fariha Bibi,Karachi,29378789,0,absent,0,9547576,9547576,97,high
2923,Hamid Afridi,Rawalpindi,27513373,0,absent,0,8894681,8894681,97,high
1204,Tooba Bibi,Gujranwala,27486265,1565,filer,0,8885193,8885193,97,high
4149,Muhammad Nadeem Naqvi,Sialkot,32771021,1686624,filer,102994,10734857,10631863,97,high
1241,Bashir Abbasi,Peshawar,31303000,0,absent,0,10221050,10221050,97,high
5014,Muhammad Arif Gondal,Islamabad,31637942,0,absent,0,10338280,10338280,97,high
6706,M Umar Dar,Lahore,28319333,0,absent,0,9176767,9176767,97,high
246,Nawaz Soomro,Sialkot,31012200,206798,filer,0,10119270,10119270,97,high
244,Faraz Awan,Lahore,35343200,0,absent,0,11635120,11635120,97,high
1461,Shafiq Bajwa,Rawalpindi,30438131,0,absent,0,9918346,9918346,97,high
1460,Sana Khattak,Lahore,34677727,0,absent,0,11402204,11402204,97,high
6730,Sadia Begum,Islamabad,26702472,0,absent,0,8610865,8610865,97,high
2892,Mohd Sajid Shah,Rawalpindi,34975200,597911,filer,0,11506320,11506320,97,high
3728,Mubashir Magsi,Multan,31362600,0,absent,0,10241910,10241910,97,high
1598,Warda Chaudhary,Rawalpindi,34623279,0,absent,0,11383148,11383148,97,high
3724,Muhammad Omer Tarar,Peshawar,39338885,1991335,filer,148700,13033610,12884910,97,high
401,Bushra Bajwa,Islamabad,34510800,586648,filer,0,11343780,11343780,97,high
2954,Ayaz Cheema,Peshawar,25898771,0,absent,0,8329570,8329570,97,high
2931,Amna Bibi,Peshawar,31469775,0,absent,0,10279421,10279421,97,high
5547,Waqar Wattoo,Islamabad,27715759,0,absent,0,8965516,8965516,97,high
839,Mohd Mehmood Ansari,Gujranwala,31290731,28654,filer,0,10216756,10216756,97,high
4595,Areeba Bibi,Karachi,34821293,0,absent,0,11452453,11452453,97,high
5524,Umar Awan,Faisalabad,28727400,0,absent,0,9319590,9319590,97,high
4568,Ghulam Soomro,Karachi,28791200,0,absent,0,9341920,9341920,97,high
2282,Fariha Rajput,Gujranwala,34522200,0,absent,0,11347770,11347770,97,high
2281,Saied Cheema,Karachi,38823210,2365340,filer,221335,12853124,12631789,97,high
2252,Mohamed Mudassar Mirza,Karachi,26753800,0,absent,0,8628830,8628830,97,high
88,Naila Mirza,Rawalpindi,33835312,18661,filer,0,11107359,11107359,97,high
87,Rehan Akhtar,Peshawar,37834983,2429253,filer,237313,12507244,12269931,97,high
2234,Mahmood Sidiqui,Gujranwala,31964141,0,absent,0,10452449,10452449,97,high
5212,Muhammad Asad Kakar,Lahore,28009600,0,absent,0,9068360,9068360,97,high
1145,Mudassar Satti,Gujranwala,27984751,0,absent,0,9059663,9059663,97,high
6187,Zoya Bibi,Sialkot,27120957,0,absent,0,8757335,8757335,97,high
6182,Mohammed Navid Mengal,Islamabad,33064600,0,absent,0,10837610,10837610,97,high
1162,Muhammad Waleed Memon,Lahore,30556970,0,absent,0,9959940,9959940,97,high
1159,Mahnoor Bibi,Rawalpindi,34783805,0,absent,0,11439332,11439332,97,high
3735,Saied Begg,Lahore,28843200,0,absent,0,9360120,9360120,97,high
1486,Muhammad Ali Mughal,Sialkot,32093400,698092,filer,4905,10497690,10492785,97,high
1484,Zoya Bibi,Faisalabad,31491614,0,absent,0,10287065,10287065,97,high
6739,Jamil Satti,Sialkot,35234800,0,absent,0,11597180,11597180,97,high
227,Tooba Yousafzai,Gujranwala,27716600,0,absent,0,8965810,8965810,97,high
6749,Mehwish Bibi,Faisalabad,33091139,0,absent,0,10846899,10846899,97,high
6745,Nimra Bibi,Sialkot,27952399,0,absent,0,9048340,9048340,97,high
2815,Rabia Shah,Lahore,27887792,0,absent,0,9025727,9025727,97,high
3854,Tooba Begum,Peshawar,34387826,0,absent,0,11300739,11300739,97,high
3845,Lubna Begum,Bahawalpur,25992433,0,absent,0,8362352,8362352,97,high
426,Warda Begum,Multan,27837693,0,absent,0,9008193,9008193,97,high
6173,Amna Nqavi,Karachi,35058899,2001782,filer,150267,11535615,11385348,97,high
6164,Hira Begum,Karachi,34991810,0,absent,0,11512134,11512134,97,high
1137,Mohd Taimur Gujjar,Gujranwala,41449342,2811318,filer,332830,13772270,13439440,97,high
5576,Abid Warraich,Rawalpindi,28539600,0,absent,0,9253860,9253860,97,high
6464,Muhammad Ejaz Hamdani,Rawalpindi,35287075,0,absent,0,11615476,11615476,97,high
4299,Areeba Kayani,Peshawar,33529000,0,absent,0,11000150,11000150,97,high
2352,Mohammed Zafar Lodhi,Peshawar,31754400,45758,filer,0,10379040,10379040,97,high
1740,Rukhsana Bibi,Faisalabad,33258694,0,absent,0,10905543,10905543,97,high
10477,Danish Khan,Islamabad,28503800,711161,filer,5558,9241330,9235772,97,high
109,Faiza Gondal,Rawalpindi,28391200,614371,filer,719,9201920,9201201,97,high
2306,Eman Gilani,Quetta,29423019,0,absent,0,9563057,9563057,97,high
1744,Faiza Begum,Islamabad,31511593,722739,filer,6137,10294058,10287921,97,high
2287,Anika Bibi,Hyderabad,28664542,0,absent,0,9297590,9297590,97,high
447,Shahzad Memon,Sialkot,31739600,185170,filer,0,10373860,10373860,97,high
440,Javed Tareen,Rawalpindi,32315828,0,absent,0,10575540,10575540,97,high
6099,Tanveer Rajput,Lahore,30180550,0,absent,0,9828192,9828192,97,high
1106,Eman Awan,Multan,30027048,0,absent,0,9774467,9774467,97,high
1524,Nida Bibi,Faisalabad,29452682,0,absent,0,9573439,9573439,97,high
1517,Anwar Qureshi,Lahore,41165482,2746103,filer,316526,13672919,13356393,97,high
2839,Anika Khokhar,Karachi,29194234,634552,filer,1728,9482982,9481254,97,high
6754,Sana Begm,Lahore,26979584,0,absent,0,8707854,8707854,97,high
213,Nasreen Bibi,Gujranwala,27093114,0,absent,0,8747590,8747590,97,high
884,Pervez Warraich,Karachi,33725392,214134,filer,0,11068887,11068887,97,high
5651,Saad Arain,Rawalpindi,34894400,0,absent,0,11478040,11478040,97,high
564,Muhammad Shafique Khan,Rawalpindi,30171208,72248,filer,0,9824923,9824923,97,high
5641,Sadia Bibi,Hyderabad,30339756,0,absent,0,9883915,9883915,97,high
5630,Nooman Butt,Rawalpindi,29544800,0,absent,0,9605680,9605680,97,high
10278,Muhammed Waqar Ansari,Rawalpindi,33941197,628482,filer,1424,11144419,11142995,97,high
1689,Shazia Begum,Multan,25812600,0,absent,0,8299410,8299410,97,high
2411,Shoaib Yousafzai,Faisalabad,27204400,0,absent,0,8786540,8786540,97,high
463,Zubaair Mirza,Karachi,33891800,0,absent,0,11127130,11127130,97,high
461,Hammad Sial,Rawalpindi,31885755,0,absent,0,10425014,10425014,97,high
6055,Khadijah Bibi,Peshawar,27119703,0,absent,0,8756896,8756896,97,high
1084,Mehwish Magsi,Rawalpindi,33354388,126091,filer,0,10939036,10939036,97,high
3955,Fathima Magsi,Rawalpindi,27065460,907596,filer,15380,8737911,8722531,97,high
3796,Eman Bibi,Faisalabad,30835617,0,absent,0,10057466,10057466,97,high
2790,Sajid Abbas,Rawalpindi,34991280,162961,filer,0,11511948,11511948,97,high
5390,Wasim Abbas,Islamabad,29253194,224681,filer,0,9503618,9503618,97,high
192,Maira Tarar,Gujranwala,27197675,0,absent,0,8784186,8784186,97,high
6765,Ayesha Bibi,Quetta,25797846,0,absent,0,8294246,8294246,97,high
6868,Bashir Jamali,Karachi,27129400,0,absent,0,8760290,8760290,97,high
119,Muhammad Rafique Jamali,Lahore,26138982,0,absent,0,8413644,8413644,97,high
893,Waleed Satti,Bahawalpur,35259800,0,absent,0,11605930,11605930,97,high
4490,Yousuf Kakar,Islamabad,25792000,0,absent,0,8292200,8292200,97,high
5772,Ayaz Abbas,Gujranwala,29406810,791061,filer,9553,9557384,9547831,97,high
10460,Zubaida Afridi,Peshawar,43415959,2930646,filer,362662,14460586,14097924,97,high
10346,Zubayr Malik,Lahore,36116400,799853,filer,9993,11905740,11895747,97,high
2463,Sana Bibi,Quetta,27951548,0,absent,0,9048042,9048042,97,high
2735,Mahnoor Memon,Islamabad,31195320,0,absent,0,10183362,10183362,97,high
1574,Muhammed Ali Jamali,Bahawalpur,29117600,0,absent,0,9456160,9456160,97,high
1571,Kiran Qureshi,Rawalpindi,31216298,0,absent,0,10190704,10190704,97,high
2720,Pervez Mengal,Lahore,34563600,654808,filer,2740,11362260,11359520,97,high
2712,Zahid Bhatti,Rawalpindi,37877431,2232335,filer,188084,12522101,12334017,97,high
4089,Ali Cheema,Peshawar,33512038,486105,filer,0,10994213,10994213,97,high
6030,Kareem Rajput,Bahawalpur,33101200,0,absent,0,10850420,10850420,97,high
1051,Fatima Marwat,Islamabad,27487976,2086,filer,0,8885792,8885792,97,high
2449,Ayaz Durrani,Lahore,30776080,0,absent,0,10036628,10036628,97,high
132,Shahid Abbas,Peshawar,34363000,0,absent,0,11292050,11292050,97,high
4463,Owais Cheema,Rawalpindi,35132400,550118,filer,0,11561340,11561340,97,high
921,Mohd Shoaib Shah,Gujranwala,30065800,569704,filer,0,9788030,9788030,97,high
4416,Zafar Magsi,Lahore,31226713,639626,filer,1981,10194350,10192369,97,high
4403,Farah Malik,Karachi,25734400,0,absent,0,8272040,8272040,97,high
4399,Noman Yusufzai,Multan,29257800,0,absent,0,9505230,9505230,97,high
5779,Nida Bibi,Multan,28409499,0,absent,0,9208325,9208325,97,high
944,Tahira Chaudhry,Rawalpindi,31733361,0,absent,0,10371676,10371676,97,high
1658,Liaquat Satti,Bahawalpur,32890253,478752,filer,0,10776589,10776589,97,high
5669,Faraz Geelani,Faisalabad,26482400,0,absent,0,8533840,8533840,97,high
4209,Muhammad Irfan Paracha,Karachi,32342800,631083,filer,1554,10584980,10583426,97,high
3821,Asif Abbasi,Lahore,34396000,137654,filer,0,11303600,11303600,97,high
5961,Kareem Butt,Karachi,29880210,0,absent,0,9723074,9723074,97,high
10243,Mohammed Junaid Raja,Faisalabad,32999903,201977,filer,0,10814966,10814966,97,high
1019,Mohammad Umar Geelani,Bahawalpur,34405398,1297558,filer,44634,11306889,11262255,97,high
6777,Rukhsana Bibi,Lahore,27748415,0,absent,0,8976945,8976945,97,high
6774,Hina Begum,Rawalpindi,28311229,0,absent,0,9173930,9173930,97,high
1002,Aiman Bibi,Karachi,31923766,0,absent,0,10438318,10438318,97,high
4241,Noorr Bibi,Islamabad,27916112,0,absent,0,9035639,9035639,97,high
1005,Uzma Begum,Rawalpindi,29185915,0,absent,0,9480070,9480070,97,high
1586,M Moin Choudhry,Islamabad,34687400,0,absent,0,11405590,11405590,97,high
2698,Zoya Hamdani,Sialkot,33467759,0,absent,0,10978716,10978716,97,high
2667,Komal Gillani,Hyderabad,28106800,474344,filer,0,9102380,9102380,97,high
5161,Muhammad Tanveer Cheema,Faisalabad,25923049,0,absent,0,8338067,8338067,97,high
6806,Nida Begum,Karachi,30780354,0,absent,0,10038124,10038124,97,high
6787,Marium Begum,Multan,26087051,0,absent,0,8395468,8395468,97,high
2635,Muhammad Nawaz Marwat,Quetta,31543200,657594,filer,2880,10305120,10302240,97,high
141,Iqbal Satti,Quetta,29833600,0,absent,0,9706760,9706760,97,high
134,Mohammad Tanveer Hamdani,Lahore,32655800,0,absent,0,10694530,10694530,97,high
1672,Sidra Bibi,Hyderabad,33008357,0,absent,0,10817925,10817925,97,high
4344,Saeed Mughal,Hyderabad,26995948,0,absent,0,8713582,8713582,97,high
4339,Saba Bibi,Peshawar,33042328,0,absent,0,10829815,10829815,97,high
6668,Eman Bibi,Karachi,31396512,0,absent,0,10253779,10253779,97,high
2440,Laiba Magsi,Islamabad,30697878,1294966,filer,44245,10009257,9965012,97,high
4281,Noor Begum,Karachi,31493497,0,absent,0,10287724,10287724,97,high
1512,Shagufta Bibi,Peshawar,32010000,50020,filer,0,10468500,10468500,97,high
6370,Shagufta Gujjar,Rawalpindi,30654106,0,absent,0,9993937,9993937,97,high
2604,Javed Warraich,Lahore,27396600,0,absent,0,8853810,8853810,97,high
2596,Samina Marwat,Gujranwala,32449800,0,absent,0,10622430,10622430,97,high
3792,Zahid Baig,Rawalpindi,31062819,2565,filer,0,10136987,10136987,97,high
4752,Muhammad Moin Gujjar,Multan,28965825,274581,filer,0,9403039,9403039,97,high
159,Yousuf Sandhu,Lahore,34878694,2069775,filer,160466,11472543,11312077,97,high
6816,Nimra Begum,Karachi,28236837,0,absent,0,9147893,9147893,97,high
6811,Fariha Bibi,Karachi,27339528,0,absent,0,8833835,8833835,97,high
2558,M Younis Raja,Lahore,30406000,495112,filer,0,9907100,9907100,97,high
2555,Nasrin Bibi,Karachi,26761184,0,absent,0,8631414,8631414,97,high
2550,Naila Bgeum,Gujranwala,28919540,0,absent,0,9386839,9386839,97,high
5255,Bushra Begum,Karachi,28634413,0,absent,0,9287045,9287045,97,high
5079,M Sufyan Satti,Multan,48569652,3024856,filer,386214,16264378,15878164,97,high
5071,Muhammed Salman Virk,Quetta,27683800,29979,filer,0,8954330,8954330,97,high
2112,Sana Malik,Sialkot,35057370,0,absent,0,11535080,11535080,97,high
5038,Maira Begum,Gujranwala,28288809,0,absent,0,9166083,9166083,97,high
6137,Mohammad Ahmed Niazi,Lahore,39367556,2111463,filer,166719,13043645,12876926,97,high
2081,Aiman Bibi,Rawalpindi,28690214,0,absent,0,9306575,9306575,97,high
2068,Farah Memon,Islamabad,29167400,0,absent,0,9473590,9473590,97,high
2054,Shahzad Gondal,Karachi,31433505,0,absent,0,10266727,10266727,97,high
6666,Aiman Bibi,Islamabad,34951496,0,absent,0,11498024,11498024,97,high
286,Tooba Begum,Rawalpindi,28904163,0,absent,0,9381457,9381457,97,high
1926,Muhammad Kamran Arain,Karachi,30689364,0,absent,0,10006277,10006277,97,high
1923,Saba Menngal,Peshawar,32706200,0,absent,0,10712170,10712170,97,high
1963,Komal Abbasi,Peshawar,26014372,0,absent,0,8370030,8370030,97,high
1945,Tahira Bibi,Karachi,32114018,0,absent,0,10504906,10504906,97,high
2022,M Nawaz Naqvi,Peshawar,43974539,3201601,filer,430480,14656089,14225609,96,high
2029,Shoib Afridi,Islamabad,29837786,2211021,filer,182755,9708225,9525470,96,high
5422,Saad Kazmi,Lahore,25105000,0,absent,0,8051750,8051750,96,high
671,Mohd Omar Ajnjua,Peshawar,34484749,2561413,filer,270353,11334662,11064309,96,high
5253,Tariq Paracha,Islamabad,23780094,0,absent,0,7588033,7588033,96,high
13,Shaista Awan,Lahore,23251800,0,absent,0,7403130,7403130,96,high
1937,Amna Bibi,Karachi,25409774,0,absent,0,8158421,8158421,96,high
1921,Mohd Ashraf Bhutto,Hyderabad,24310481,286358,filer,0,7773668,7773668,96,high
1400,Hira Khan,Karachi,38098902,2781594,filer,325398,12599616,12274218,96,high
6658,Shagufta Bibi,Karachi,23510036,0,absent,0,7493513,7493513,96,high
2071,Liaquat Durrani,Lahore,23618087,328722,filer,0,7531330,7531330,96,high
3320,Mudassar Khokhar,Faisalabad,22250600,354005,filer,0,7052710,7052710,96,high
5276,Laiba Bibi,Lahore,21907386,0,absent,0,6932585,6932585,96,high
4897,Fahad Khan,Quetta,22460552,0,absent,0,7126193,7126193,96,high
5119,Shagufta Rajput,Quetta,23955328,502599,filer,0,7649365,7649365,96,high
691,Muhammed Abid Paracha,Gujranwala,40334828,3769159,filer,600748,13382190,12781442,96,high
2012,Maria Mughal,Multan,25320000,0,absent,0,8127000,8127000,96,high
1617,Ejaz Mengal,Karachi,25426708,0,absent,0,8164348,8164348,96,high
5853,Tooba Begum,Faisalabad,23764215,0,absent,0,7582475,7582475,96,high
5883,Mohammad Hassan Jutt,Karachi,24115200,411347,filer,0,7705320,7705320,96,high
4265,Uzma Begum,Islamabad,22283267,0,absent,0,7064143,7064143,96,high
983,Moin Sandhu,Peshawar,21455800,128174,filer,0,6774530,6774530,96,high
4268,Junaid Sial,Karachi,26079511,2116698,filer,167505,8392829,8225324,96,high
5828,Zoya Begum,Faisalabad,22907790,0,absent,0,7282726,7282726,96,high
4337,Anika Begum,Lahore,23652235,0,absent,0,7543282,7543282,96,high
1666,Zubaida Gilani,Islamabad,25710242,1217035,filer,32555,8263585,8231030,96,high
6833,Nida Bibi,Faisalabad,24000000,0,absent,0,7665000,7665000,96,high
6834,Bushra Bibi,Quetta,24000000,0,absent,0,7665000,7665000,96,high
2526,Shazia Bibi,Hyderabad,20884380,0,absent,0,6574533,6574533,96,high
6802,Mariam Begum,Lahore,23168361,0,absent,0,7373926,7373926,96,high
2678,Noor Marwat,Quetta,22663800,477768,filer,0,7197330,7197330,96,high
497,Ayaz Mirza,Lahore,22898800,172115,filer,0,7279580,7279580,96,high
1001,Sana Bibi,Karachi,24706558,0,absent,0,7912295,7912295,96,high
4260,Nazia Afridi,Peshawar,34244635,2884832,filer,351208,11250622,10899414,96,high
2541,Mishal Begum,Gujranwala,24998876,0,absent,0,8014607,8014607,96,high
6780,Tahira Begum,Rawalpindi,24573785,0,absent,0,7865825,7865825,96,high
1560,Muhammed Arif Mengal,Faisalabad,30291126,2103642,filer,165546,9866894,9701348,96,high
2064,Muhammad Riyaz Qureshi,Lahore,47743801,3854795,filer,626438,15975330,15348892,96,high
2749,Anwar Jutt,Multan,30559140,1922892,filer,138434,9960699,9822265,96,high
1022,Sameena Begum,Karachi,23389801,0,absent,0,7451430,7451430,96,high
5185,Bashir Zaidi,Peshawar,22698600,552407,filer,0,7209510,7209510,96,high
4180,Aiman Begum,Lahore,21971529,0,absent,0,6955035,6955035,96,high
6000,Aleena Bibi,Karachi,24174446,0,absent,0,7726056,7726056,96,high
4204,Warda Bibi,Karachi,23242011,0,absent,0,7399704,7399704,96,high
1651,Yasmin Begum,Islamabad,24415305,0,absent,0,7810357,7810357,96,high
10473,Muhammad Hamid Soomro,Bahawalpur,22092800,1954,filer,0,6997480,6997480,96,high
536,Robina Bibi,Gujranwala,23023373,0,absent,0,7323181,7323181,96,high
4434,Haroon Paracha,Peshawar,21692000,0,absent,0,6857200,6857200,96,high
10520,Hina Malik,Lahore,40946373,3137936,filer,414484,13596231,13181747,96,high
3994,Marium Begum,Rawalpindi,23391977,0,absent,0,7452192,7452192,96,high
4079,Aleena Satti,Quetta,20869800,0,absent,0,6569430,6569430,96,high
4085,Javeri Begum,Islamabad,25462127,0,absent,0,8176744,8176744,96,high
471,Farah Bibi,Islamabad,22239385,0,absent,0,7048785,7048785,96,high
6032,Aleena Begum,Islamabad,23514078,0,absent,0,7494927,7494927,96,high
6035,Aleena Begum,Karachi,23126606,0,absent,0,7359312,7359312,96,high
4118,Nida Bibi,Islamabad,24855402,0,absent,0,7964391,7964391,96,high
2727,Ramsha Bhutto,Peshawar,24566607,0,absent,0,7863312,7863312,96,high
1677,Hina Begum,Islamabad,20967810,0,absent,0,6603734,6603734,96,high
5336,Javid Niazi,Hyderabad,40377809,2962206,filer,370552,13397233,13026681,96,high
2480,Asma Bibi,Karachi,24019771,0,absent,0,7671920,7671920,96,high
903,Saba Bibi,Karachi,25639535,0,absent,0,8238837,8238837,96,high
538,Saba Kazmi,Rawalpindi,24101400,0,absent,0,7700490,7700490,96,high
544,Lubna Bibi,Lahore,21120832,0,absent,0,6657291,6657291,96,high
1720,Tanvir Wattoo,Islamabad,24553520,0,absent,0,7858732,7858732,96,high
118,Asad Malik,Karachi,43571626,3191346,filer,427836,14515069,14087233,96,high
1085,Sidra Warraich,Lahore,34637522,2745974,filer,316494,11388133,11071639,96,high
2751,Abida Begum,Hyderabad,23460236,0,absent,0,7476083,7476083,96,high
2802,Nida Begum,Gujranwala,24409075,0,absent,0,7808176,7808176,96,high
451,Mohammad Tariq Abbas,Lahore,20344000,0,absent,0,6385400,6385400,96,high
454,Muhammad Haroon Sheikh,Karachi,21246018,400143,filer,0,6701106,6701106,96,high
2643,Warda Bibi,Hyderabad,21280397,0,absent,0,6713139,6713139,96,high
1704,Faiza Bibi,Karachi,23970352,0,absent,0,7654623,7654623,96,high
6177,Riaz Arain,Sialkot,24327400,600518,filer,26,7779590,7779564,96,high
901,Asif Chaudhary,Multan,23555244,738840,filer,6942,7509335,7502393,96,high
5596,Anika Begum,Quetta,21960273,0,absent,0,6951096,6951096,96,high
5625,Samina Bibi,Gujranwala,21072085,0,absent,0,6640230,6640230,96,high
560,Mohammed Saaad Quraishi,Karachi,24917871,0,absent,0,7986255,7986255,96,high
4497,Mohd Kashif Baig,Faisalabad,25042725,1919722,filer,137958,8029954,7891996,96,high
4529,Rabia Begum,Rawalpindi,24157770,0,absent,0,7720220,7720220,96,high
2848,Iqra Begum,Islamabad,20419510,0,absent,0,6411828,6411828,96,high
1529,Muhammed Tanvir Qureishi,Karachi,23486600,0,absent,0,7485310,7485310,96,high
2874,Uzma Bibi,Hyderabad,21351157,0,absent,0,6737905,6737905,96,high
1107,Mohd Rizwan Kayani,Hyderabad,23472800,0,absent,0,7480480,7480480,96,high
3926,Asma Bibi,Lahore,22628677,0,absent,0,7185037,7185037,96,high
3933,Naila Bibi,Lahore,22053152,0,absent,0,6983603,6983603,96,high
3947,Kiran Bajwa,Multan,24587200,0,absent,0,7870520,7870520,96,high
102,Uzma Bibi,Hyderabad,22658221,0,absent,0,7195377,7195377,96,high
2363,Bushra Bibi,Rawalpindi,21353000,0,absent,0,6738550,6738550,96,high
5430,عدنان صدیقی,Karachi,20434149,652765,filer,2638,6416952,6414314,96,high
865,Nadeem Bhutto,Peshawar,21965800,0,absent,0,6953030,6953030,96,high
599,Mehwish Begum,Peshawar,25441530,0,absent,0,8169535,8169535,96,high
5195,Muhammed Talha Jamali,Lahore,22875101,0,absent,0,7271285,7271285,96,high
3802,Yasmin Begum,Gujranwala,25315733,0,absent,0,8125507,8125507,96,high
1123,Javeria Bibi,Karachi,24368677,0,absent,0,7794037,7794037,96,high
1134,Muhammad Younis Bhutto,Multan,21151400,362744,filer,0,6667990,6667990,96,high
6168,Mehwish Bibi,Rawalpindi,24000000,0,absent,0,7665000,7665000,96,high
3825,Salman Akhtar,Lahore,27080653,1996000,filer,149400,8743229,8593829,96,high
1120,Laiba Begum,Karachi,21479530,0,absent,0,6782836,6782836,96,high
6747,Fariha Begum,Peshawar,23154064,0,absent,0,7368922,7368922,96,high
6742,Zoya Bibi,Karachi,25058671,0,absent,0,8035535,8035535,96,high
6744,Amna Bibi,Lahore,20504161,0,absent,0,6441456,6441456,96,high
2906,Robina Bibi,Peshawar,22482635,0,absent,0,7133922,7133922,96,high
2912,Mehwish Bibi,Hyderabad,23698554,0,absent,0,7559494,7559494,96,high
1153,Farah Gujjar,Peshawar,22919677,0,absent,0,7286887,7286887,96,high
851,Naveed Mirza,Peshawar,24132089,0,absent,0,7711231,7711231,96,high
2237,Sadia Bibi,Peshawar,24241600,0,absent,0,7749560,7749560,96,high
4941,Laiba Begum,Lahore,25041949,0,absent,0,8029682,8029682,96,high
4587,Nazia Ansari,Lahore,21224600,619806,filer,990,6693610,6692620,96,high
843,Muhammad Zahid Tarar,Islamabad,21979714,799501,filer,9975,6957900,6947925,96,high
6716,Shabana Bibi,Quetta,25054143,0,absent,0,8033950,8033950,96,high
6717,Durdana Bibi,Karachi,20944700,0,absent,0,6595645,6595645,96,high
3690,Fariha Begum,Rawalpindi,20391884,0,absent,0,6402159,6402159,96,high
6287,Zoya Sheikh,Gujranwala,21353686,127147,filer,0,6738790,6738790,96,high
1175,Ghulam Abbas,Faisalabad,31751010,2522107,filer,260527,10377854,10117327,96,high
3730,Fawad Magsi,Rawalpindi,23982543,1118344,filer,25917,7658890,7632973,96,high
3851,Tooba Naqvi,Faisalabad,24393972,1120466,filer,26023,7802890,7776867,96,high
1501,Hina Bibi,Sialkot,23955115,0,absent,0,7649290,7649290,96,high
6709,Mishal Bibi,Lahore,22914691,0,absent,0,7285142,7285142,96,high
3558,Rida Begum,Peshawar,20432966,0,absent,0,6416538,6416538,96,high
386,Nazai Bibi,Lahore,20484871,0,absent,0,6434705,6434705,96,high
3591,Saba Begum,Lahore,24629071,0,absent,0,7885175,7885175,96,high
4650,Farah Bibi,Karachi,21802500,0,absent,0,6895875,6895875,96,high
5467,Nasir Lodhi,Islamabad,38776915,2863689,filer,345922,12836920,12490998,96,high
5123,Rizwan Lodhi,Lahore,24801000,713998,filer,5700,7945350,7939650,96,high
6689,Aleena Begum,Multan,23640981,0,absent,0,7539343,7539343,96,high
3524,Shaista Paracha,Rawalpindi,24423735,782227,filer,9111,7813307,7804196,96,high
10480,Saeed Gujjar,Karachi,38707850,3587489,filer,546247,12812748,12266501,96,high
6351,سعدیہ بیگم,Islamabad,24854371,0,absent,0,7964030,7964030,96,high
6387,Nazia Begum,Lahore,36741846,2624288,filer,286072,12124646,11838574,96,high
3554,Mehwish Naqvi,Rawalpindi,41765606,3511016,filer,523305,13882962,13359657,96,high
3462,Mohammed Rizwan Qureshi,Rawalpindi,23460400,0,absent,0,7476140,7476140,96,high
3963,Mohammad Jahangir Hashmi,Karachi,30755783,1944413,filer,141662,10029524,9887862,96,high
3495,Mohammed Sohel Akhtar,Karachi,36470374,2812357,filer,333089,12029631,11696542,96,high
3033,Tahira Begum,Karachi,22970341,0,absent,0,7304619,7304619,96,high
6679,Farah Begum,Islamabad,23601062,0,absent,0,7525372,7525372,96,high
6685,Sadia Begum,Karachi,24000000,0,absent,0,7665000,7665000,96,high
5230,Nimra Bibi,Lahore,21140213,0,absent,0,6664075,6664075,96,high
4796,Anika Begum,Karachi,25626890,0,absent,0,8234411,8234411,96,high
4906,Mohammed Ghulam Shah,Sialkot,24079400,0,absent,0,7692790,7692790,96,high
4907,Fathima Bibi,Lahore,20690444,0,absent,0,6506655,6506655,96,high
3378,Nazia Begum,Peshawar,23928371,0,absent,0,7639930,7639930,96,high
1314,Hira Bibi,Rawalpindi,24517845,0,absent,0,7846246,7846246,96,high
3384,Ali Afridi,Lahore,22500600,0,absent,0,7140210,7140210,96,high
1053,Farah Begum,Karachi,22917114,0,absent,0,7285990,7285990,96,high
3411,Shaista Bibi,Lahore,30518193,2030860,filer,154629,9946368,9791739,96,high
1290,Yasmin Begum,Karachi,22407377,0,absent,0,7107582,7107582,96,high
3432,Uzma Lodhi,Faisalabad,24197506,484726,filer,0,7734127,7734127,96,high
6424,Nimra Bibi,Rawalpindi,20399040,0,absent,0,6404664,6404664,96,high
261,Kamran Cheema,Rawalpindi,23711800,0,absent,0,7564130,7564130,96,high
6591,Mohdo Wais Memon,Lahore,25282494,0,absent,0,8113873,8113873,96,high
1323,Nasr Mengal,Sialkot,21936600,426091,filer,0,6942810,6942810,96,high
634,Zeeshan Warraich,Karachi,33009051,2652690,filer,293172,10818168,10524996,96,high
4925,Eman Mengal,Multan,21198800,310454,filer,0,6684580,6684580,96,high
739,Saba Rizvi,Hyderabad,21645424,263655,filer,0,6840898,6840898,96,high
4947,Saba Bibi,Hyderabad,24985926,0,absent,0,8010074,8010074,96,high
64,Sufyan Kakar,Lahore,45558856,3369661,filer,480898,15210600,14729702,96,high
6655,Khadeeja Bibi,Hyderabad,23915819,0,absent,0,7635537,7635537,96,high
3195,Samina Bibi,Peshawar,23713510,0,absent,0,7564728,7564728,96,high
3196,M Danish Akhtar,Faisalabad,20613397,0,absent,0,6479689,6479689,96,high
3199,Sana Begum,Hyderabad,21686400,314494,filer,0,6855240,6855240,96,high
3212,Usman Bhutto,Bahawalpur,23193400,18118,filer,0,7382690,7382690,96,high
6623,Nasreen Begum,Rawalpindi,25432331,0,absent,0,8166316,8166316,96,high
322,Mohammed Tanvir Jamali,Gujranwala,21778200,0,absent,0,6887370,6887370,96,high
6629,Amna Soommro,Islamabad,30636139,2163099,filer,174465,9987649,9813184,96,high
3226,Jamil Kazmi,Quetta,31305490,2414733,filer,233683,10221922,9988239,96,high
10320,Zoya Rizvi,Islamabad,29544308,2238409,filer,189602,9605508,9415906,96,high
3118,Asma Bibi,Islamabad,24000000,0,absent,0,7665000,7665000,96,high
4358,محمد وقار ہاشمی,Gujranwala,21949135,770337,filer,8517,6947197,6938680,96,high
1392,Liaquat Paracha,Multan,24884400,0,absent,0,7974540,7974540,96,high
3159,Mohammed Moin Jamali,Karachi,25450801,161297,filer,0,8172780,8172780,96,high
1376,Nimra Soomro,Islamabad,24929195,1166618,filer,28331,7990218,7961887,96,high
6643,Robina Begum,Multan,24300273,0,absent,0,7770096,7770096,96,high
2149,Mehwish Niazi,Karachi,25681580,0,absent,0,8253553,8253553,96,high
2267,Muhammad Yousuf Memon,Karachi,24954170,0,absent,0,7998960,7998960,96,high
5025,Muhammad Saied Baig,Multan,24415787,0,absent,0,7810525,7810525,96,high
5055,Aleena Bibi,Karachi,22871622,0,absent,0,7270068,7270068,96,high
2035,Raza Kakar,Lahore,24077690,0,absent,0,7692192,7692192,96,high
3548,Asif Khan,Hyderabad,23055000,439168,filer,0,7334250,7334250,96,high
5159,Warda Bibi,Rawalpindi,25215012,0,absent,0,8090254,8090254,96,high
5166,Amna Begum,Lahore,25001968,0,absent,0,8015689,8015689,96,high
1979,Ibrahim Memon,Lahore,22667600,0,absent,0,7198660,7198660,96,high
104,Hina Begum,Bahawalpur,20367984,0,absent,0,6393794,6393794,96,high
1910,M Younis Butt,Karachi,26862200,2583014,filer,275754,8666770,8391016,95,high
5975,Nida Cheema,Islamabad,38049908,4214369,filer,740029,12582468,11842439,95,high
1070,Nasir Satti,Hyderabad,22943943,1634310,filer,95146,7295380,7200234,95,high
1067,Asma Butt,Karachi,43767929,4454800,filer,824180,14583775,13759595,95,high
6079,Aleena Sandhu,Lahore,38482200,4010726,filer,673218,12733770,12060552,95,high
6053,Anika Bibi,Multan,19769542,0,absent,0,6184340,6184340,95,high
3954,Mohd Owais Jutt,Karachi,40199600,3902106,filer,640632,13334860,12694228,95,high
4247,Anika Abbasi,Lahore,43382184,4099312,filer,699794,14448764,13748970,95,high
5889,Anwar Kayani,Karachi,17067532,373389,filer,0,5238636,5238636,95,high
5888,Shaista Begum,Karachi,17233700,0,absent,0,5296795,5296795,95,high
2200,M Akram Satti,Rawalpindi,19575451,0,absent,0,6116408,6116408,95,high
5215,Tanveer Khan,Islamabad,28877863,3020992,filer,385248,9372252,8987004,95,high
5201,Sidra Begum,Bahawalpur,17313825,0,absent,0,5324839,5324839,95,high
685,Komal Mengal,Karachi,19204600,0,absent,0,5986610,5986610,95,high
5172,Muhammad Zeeshan Soomro,Karachi,19534600,0,absent,0,6102110,6102110,95,high
692,Eman Kayani,Faisalabad,27284748,2842520,filer,340630,8814662,8474032,95,high
3918,Muhammad Jamil Akhtar,Hyderabad,34258815,3378583,filer,483575,11255585,10772010,95,high
1110,Ayaz Kazmi,Karachi,17206000,0,absent,0,5287100,5287100,95,high
4141,Nida Satti,Karachi,21226613,1296166,filer,44425,6694315,6649890,95,high
2546,Suhail Khokhar,Hyderabad,16980852,0,absent,0,5208298,5208298,95,high
1756,Komal Begum,Multan,17297300,0,absent,0,5319055,5319055,95,high
5134,Muhammad Mazhar Tarar,Rawalpindi,27424000,2830903,filer,337726,8863400,8525674,95,high
2231,Adnan Soomro,Lahore,19631580,1593851,filer,89078,6136053,6046975,95,high
2227,Kiran Begum,Lahore,18818348,0,absent,0,5851422,5851422,95,high
4309,Areeba Khokhar,Karachi,19430400,0,absent,0,6065640,6065640,95,high
1150,Bilawal Yousafzai,Gujranwala,37755301,3921777,filer,646533,12479355,11832822,95,high
3729,Maryam Cheema,Quetta,23667184,2277758,filer,199440,7548514,7349074,95,high
954,Aiman Begum,Karachi,19646500,0,absent,0,6141275,6141275,95,high
4311,Nida Bibi,Gujranwala,19229719,0,absent,0,5995402,5995402,95,high
1174,Asif Mirza,Gujranwala,17884800,0,absent,0,5524680,5524680,95,high
3708,Shabana Bibi,Lahore,18831232,0,absent,0,5855931,5855931,95,high
4346,Muhammad Younis Butt,Peshawar,39180800,4136796,filer,712879,12978280,12265401,95,high
1194,Shafique Janjua,Lahore,31274130,3332698,filer,469809,10210946,9741137,95,high
3686,Moin Butt,Rawalpindi,17716705,0,absent,0,5465847,5465847,95,high
3682,Mahnoor Memon,Faisalabad,30299614,3005127,filer,381282,9869865,9488583,95,high
3678,Sameena Khokhar,Lahore,19254300,0,absent,0,6004005,6004005,95,high
2421,Asif Satti,Rawalpindi,20205852,166887,filer,0,6337048,6337048,95,high
1706,Tahira Begum,Lahore,19707196,0,absent,0,6162519,6162519,95,high
704,Zoya Afridi,Quetta,17500600,0,absent,0,5390210,5390210,95,high
5040,Khadijah Bibi,Rawalpindi,18250500,0,absent,0,5652675,5652675,95,high
5513,Asma Khattak,Lahore,18507640,477053,filer,0,5742674,5742674,95,high
5754,Noor Warraich,Rawalpindi,19358800,232256,filer,0,6040580,6040580,95,high
3556,Yousuf Kazmi,Islamabad,21840235,2047136,filer,157070,6909082,6752012,95,high
1239,Nida Khattak,Lahore,42175444,4130436,filer,710653,14026405,13315752,95,high
6341,Karim Butt,Quetta,20130387,0,absent,0,6310635,6310635,95,high
3525,Salman Memon,Islamabad,20165200,94628,filer,0,6322820,6322820,95,high
3496,Nida Begum,Islamabad,17476613,0,absent,0,5381815,5381815,95,high
4460,Samina Begum,Gujranwala,18673100,0,absent,0,5800585,5800585,95,high
6109,M Rehan Memon,Rawalpindi,18212000,0,absent,0,5639200,5639200,95,high
4415,Tooba Yousafzai,Karachi,28361051,2854036,filer,343509,9191368,8847859,95,high
3420,Saied Paracha,Peshawar,25632585,2145186,filer,171778,8236405,8064627,95,high
6558,Mubashir Satti,Karachi,18847901,774280,filer,8714,5861765,5853051,95,high
4488,Junaid Satti,Lahore,35247600,3478108,filer,513432,11601660,11088228,95,high
537,Mohammed Rasheed Niazi,Rawalpindi,25532327,2488020,filer,252005,8201314,7949309,95,high
5662,Muhamed Usman Dar,Islamabad,28677437,3140048,filer,415012,9302103,8887091,95,high
6614,Saeed Hamdani,Islamabad,23217621,1933610,filer,140042,7391167,7251125,95,high
5030,Iqra Bibi,Hyderabad,29366886,2601725,filer,280431,9543410,9262979,95,high
2511,Naveed Mirza,Lahore,17094297,0,absent,0,5248004,5248004,95,high
6829,Hira Bibi,Lahore,16998000,0,absent,0,5214300,5214300,95,high
1322,Suhail Niazi,Multan,18656800,0,absent,0,5794880,5794880,95,high
343,Waleed Janjua,Bahawalpur,38903644,4304458,filer,771560,12881275,12109715,95,high
6573,Sajid Gilani,Peshawar,28961441,3078128,filer,399532,9401504,9001972,95,high
3288,Uthman Tarar,Quetta,24331540,2353236,filer,218309,7781039,7562730,95,high
3234,Mudassar Gujjar,Hyderabad,17074800,0,absent,0,5241180,5241180,95,high
321,Liaquat Satti,Peshawar,32906608,3466842,filer,510053,10782313,10272260,95,high
6620,Islam Baig,Lahore,19526444,188096,filer,0,6099255,6099255,95,high
6653,Shaista Begum,Karachi,19416200,0,absent,0,6060670,6060670,95,high
6651,Samina Bibi,Lahore,19677500,0,absent,0,6152125,6152125,95,high
3170,Robina Marwat,Rawalpindi,21852206,2175383,filer,176307,6913272,6736965,95,high
2610,Asad Satti,Islamabad,33290213,3646256,filer,563877,10916575,10352698,95,high
732,Shazia Wattoo,Karachi,30798000,3101983,filer,405496,10044300,9638804,95,high
630,Naila Bibi,Multan,19959290,0,absent,0,6250752,6250752,95,high
1642,Warda Lodhi,Sialkot,34396011,3782441,filer,604732,11303604,10698872,95,high
6659,Shagufta Begum,Karachi,19406464,0,absent,0,6057262,6057262,95,high
3072,Sufyan Arin,Lahore,31315622,3108982,filer,407246,10225468,9818222,95,high
583,Muhammad Waleed Gillani,Gujranwala,41900087,4062002,filer,688601,13930030,13241429,95,high
5502,Robina Raja,Multan,18457008,0,absent,0,5724953,5724953,95,high
6675,Asma Begum,Quetta,16876400,0,absent,0,5171740,5171740,95,high
6674,Zubaida Begum,Karachi,17892043,0,absent,0,5527215,5527215,95,high
6691,Shagufta Bibi,Lahore,18278147,0,absent,0,5662351,5662351,95,high
6683,Abida Bibi,Rawalpindi,18666740,0,absent,0,5798359,5798359,95,high
6710,Bashir Abbasi,Hyderabad,17381848,798548,filer,9927,5348647,5338720,95,high
4607,Karim Virk,Karachi,39451499,3841655,filer,622496,13073025,12450529,95,high
165,Mohd Shahid Zaidi,Sialkot,18271834,0,absent,0,5660142,5660142,95,high
6791,Maira Begum,Peshawar,17808869,0,absent,0,5498104,5498104,95,high
4887,Adnan Lodhi,Multan,24579369,1939552,filer,140933,7867779,7726846,95,high
10364,Mohd Javed Rajput,Sialkot,19913000,412171,filer,0,6234550,6234550,95,high
10535,Mohammed Farhan Zaidi,Islamabad,32102400,3158232,filer,419558,10500840,10081282,95,high
4876,Aiman Bibi,Lahore,18710934,0,absent,0,5813827,5813827,95,high
1466,Mohammed Junaid Hamdani,Lahore,30392712,2999048,filer,379762,9902449,9522687,95,high
6729,Iqra Bibi,Peshawar,19887551,0,absent,0,6225643,6225643,95,high
4673,Uzma Gilani,Islamabad,23992905,2489392,filer,252348,7662517,7410169,95,high
4646,Raza Qureshi,Bahawalpur,37789761,4165694,filer,722993,12491416,11768423,95,high
10368,Mohammad Zahid Siddiqui,Faisalabad,17639200,585580,filer,0,5438720,5438720,95,high
1482,Noor Bibi,Peshawar,18837338,0,absent,0,5858068,5858068,95,high
5481,Mohd Fahad Durrani,Islamabad,30359842,3313776,filer,464133,9890945,9426812,95,high
2836,M Hammad Sandhu,Rawalpindi,37225962,3596480,filer,548944,12294087,11745143,95,high
2833,Robina Begum,Karachi,18023534,0,absent,0,5573237,5573237,95,high
3756,Zubaida Niazi,Lahore,17157200,0,absent,0,5270020,5270020,95,high
6756,Amna Bibi,Islamabad,17690378,0,absent,0,5456632,5456632,95,high
2708,Sehrish Begum,Gujranwala,19324061,0,absent,0,6028421,6028421,95,high
2699,Ashraf Abbas,Sialkot,32417161,3121212,filer,410303,10611006,10200703,95,high
4850,Nasrin Bhutto,Islamabad,35583734,3695207,filer,578562,11719307,11140745,95,high
4844,Hina Begum,Islamabad,17187900,0,absent,0,5280765,5280765,95,high
4832,Muhammad Sufyan Hamdani,Quetta,30899076,3312447,filer,463734,10079677,9615943,95,high
782,Yasmin Bibi,Islamabad,19187232,0,absent,0,5980531,5980531,95,high
2829,Areeba Begum,Karachi,18435453,0,absent,0,5717409,5717409,95,high
3046,Irqa Bibi,Faisalabad,16899054,0,absent,0,5179669,5179669,95,high
196,Navid Jutt,Bahawalpur,19814840,0,absent,0,6200194,6200194,95,high
5768,Owais Butt,Karachi,18249872,0,absent,0,5652455,5652455,95,high
6770,Hina Bibi,Islamabad,19053019,0,absent,0,5933557,5933557,95,high
6760,Areeba Bibi,Islamabad,17395359,0,absent,0,5353376,5353376,95,high
785,Raza Bhutto,Lahore,38525000,4013163,filer,673949,12748750,12074801,95,high
4710,Tariq Chaudhary,Islamabad,28822205,2891485,filer,352871,9352772,8999901,95,high
1556,Mehwiish Begum,Faisalabad,17086750,0,absent,0,5245362,5245362,95,high
1554,Mohammad Younis Niazi,Gujranwala,17187600,0,absent,0,5280660,5280660,95,high
6775,Nazia Bibi,Lahore,19057839,0,absent,0,5935244,5935244,95,high
5433,Javeria Begum,Hyderabad,17600064,0,absent,0,5425022,5425022,95,high
6773,Iqra Begum,Lahore,17486622,0,absent,0,5385318,5385318,95,high
6771,Zenab Bibi,Karachi,19459496,0,absent,0,6075824,6075824,95,high
2713,Muhammed Bashir Bajwa,Hyderabad,33446286,3599009,filer,549703,10971200,10421497,95,high
5411,Rabia Bibi,Lahore,18465571,0,absent,0,5727950,5727950,95,high
4121,Nawaz Qureshi,Karachi,26343054,2660763,filer,295191,8485069,8189878,95,high
4106,Yasmin Magsi,Islamabad,18117428,0,absent,0,5606100,5606100,95,high
1044,Uzma Bibi,Karachi,18897155,0,absent,0,5879004,5879004,95,high
4059,Muhammad Rashid Ansari,Karachi,23912400,1961831,filer,144275,7634340,7490065,95,high
2107,Kashif Siddiqui,Faisalabad,20514766,1031253,filer,21563,6445168,6423605,95,high
1857,Mazhar Awan,Gujranwala,22143117,1948837,filer,142326,7015091,6872765,95,high
2073,Sajid Rajput,Rawalpindi,19007888,830908,filer,11545,5917761,5906216,95,high
49,Zafar Janjua,Lahore,19049600,351255,filer,0,5932360,5932360,95,high
2026,Mohd Rafiq Qureshi,Karachi,20199800,0,absent,0,6334930,6334930,95,high
669,Irfan Niazi,Islamabad,19051800,0,absent,0,5933130,5933130,95,high
1997,Noor Dar,Peshawar,32133800,3061947,filer,395487,10511830,10116343,95,high
1994,Komal Kazmi,Lahore,26643844,2818518,filer,334630,8590345,8255715,95,high
1972,Komal Kakar,Rawalpindi,15000000,0,absent,0,4515000,4515000,94,high
1808,Ayesha Begum,Islamabad,15000000,0,absent,0,4515000,4515000,94,high
1807,Nida Begum,Lahore,15000000,0,absent,0,4515000,4515000,94,high
2171,Sidra Begum,Hyderabad,14754800,0,absent,0,4429180,4429180,94,high
1819,Warda Bibi,Gujranwala,15000000,0,absent,0,4515000,4515000,94,high
5152,Mahnoor Bibi,Islamabad,15000000,0,absent,0,4515000,4515000,94,high
5151,Irfan Cheema,Karachi,15000000,0,absent,0,4515000,4515000,94,high
5144,Durdana Begum,Lahore,15000000,0,absent,0,4515000,4515000,94,high
1111,Sehrish Bibi,Gujranwala,15000000,0,absent,0,4515000,4515000,94,high
10463,Zoya Begum,Karachi,18875400,2048202,filer,157230,5871390,5714160,94,high
3837,Abid Raja,Peshawar,15000000,0,absent,0,4515000,4515000,94,high
3836,Shabana Khattak,Rawalpindi,15000000,0,absent,0,4515000,4515000,94,high
3482,Khalid Khan,Karachi,35159772,4020514,filer,676154,11570920,10894766,94,high
3827,Shazia Begum,Rawalpindi,15000000,0,absent,0,4515000,4515000,94,high
6180,Kamran Dar,Lahore,16724358,0,absent,0,5118525,5118525,94,high
425,Durdana Bibi,Lahore,15000000,0,absent,0,4515000,4515000,94,high
512,Rizwan Cheema,Karachi,33534800,4436841,filer,817894,11002180,10184286,94,high
6766,Shazia Bibi,Rawalpindi,15007306,0,absent,0,4517557,4517557,94,high
4723,Hussain Tarar,Lahore,38947633,4889432,filer,976301,12896672,11920371,94,high
3887,Hira Begum,Karachi,15000000,0,absent,0,4515000,4515000,94,high
1561,Muhammed Kamran Marwat,Karachi,15000000,858580,filer,12929,4515000,4502071,94,high
1558,Jamil Satti,Sialkot,15000000,0,absent,0,4515000,4515000,94,high
5451,Hina Bibi,Lahore,15854409,0,absent,0,4814043,4814043,94,high
610,Mishal Bibi,Lahore,15000000,0,absent,0,4515000,4515000,94,high
5429,Muhammed Rehan Mirza,Karachi,15000000,0,absent,0,4515000,4515000,94,high
5426,Nida Janjua,Sialkot,15000000,0,absent,0,4515000,4515000,94,high
5406,Shabana Jutt,Lahore,15000000,342453,filer,0,4515000,4515000,94,high
793,Sidra Warraich,Hyderabad,40868124,4779872,filer,937955,13568843,12630888,94,high
1576,Rizwan Raja,Karachi,15000000,0,absent,0,4515000,4515000,94,high
1567,Tooba Bibi,Karachi,15000000,0,absent,0,4515000,4515000,94,high
1563,Uzma Begum,Rawalpindi,30198008,3875474,filer,632642,9834303,9201661,94,high
1025,Muhammed Taimur Sial,Gujranwala,15000000,0,absent,0,4515000,4515000,94,high
4159,Mohd Junaid Rajput,Karachi,15000000,0,absent,0,4515000,4515000,94,high
3038,Iqra Bibi,Gujranwala,15908300,0,absent,0,4832905,4832905,94,high
10424,M Noman Afridi,Gujranwala,18563600,1844141,filer,126621,5762260,5635639,94,high
6748,Abida Bibi,Karachi,14794126,0,absent,0,4442944,4442944,94,high
1590,Anika Begum,Gujranwala,15000000,0,absent,0,4515000,4515000,94,high
1581,Laiba Begum,Lahore,16604800,0,absent,0,5076680,5076680,94,high
1580,Warda Shiekh,Islamabad,17025533,1528563,filer,79284,5223937,5144653,94,high
2685,Rizwan Sandhu,Karachi,15000000,671511,filer,3576,4515000,4511424,94,high
5545,Wasim Kakar,Peshawar,15000000,0,absent,0,4515000,4515000,94,high
2671,Amna Begum,Rawalpindi,15000000,0,absent,0,4515000,4515000,94,high
4818,Mehwish Begum,Faisalabad,15823200,0,absent,0,4803120,4803120,94,high
781,Ismail Durrani,Gujranwala,29575962,3835928,filer,620778,9616587,8995809,94,high
4801,Bushra Yusufzai,Lahore,15000000,0,absent,0,4515000,4515000,94,high
2661,Iqbla Begg,Karachi,15000000,0,absent,0,4515000,4515000,94,high
2806,Shazia Sandhu,Multan,15000000,0,absent,0,4515000,4515000,94,high
2762,Rabia Begum,Faisalabad,15000000,0,absent,0,4515000,4515000,94,high
202,Muhammed Arif Sandhu,Quetta,15000000,740569,filer,7028,4515000,4507972,94,high
10235,Bashir Shiekh,Rawalpindi,20737349,2269851,filer,197463,6523072,6325609,94,high
2944,Kiran Begum,Karachi,15000000,0,absent,0,4515000,4515000,94,high
2927,Khadijah Bibi,Rawalpindi,14509080,0,absent,0,4343178,4343178,94,high
6728,Tooba Bibi,Lahore,14458821,0,absent,0,4325587,4325587,94,high
6721,Zubaida Bibi,Karachi,14809152,0,absent,0,4448203,4448203,94,high
2924,Javid Janjua,Lahore,24947906,2866856,filer,346714,7996767,7650053,94,high
829,Laiba Bibi,Karachi,15000000,0,absent,0,4515000,4515000,94,high
2908,Muhammad Kashif Sh,Rawalpindi,15000000,0,absent,0,4515000,4515000,94,high
223,Mohd Zeeshan Naqvi,Peshawar,15000000,359915,filer,0,4515000,4515000,94,high
2890,Shahid Hashmi,Faisalabad,15000000,0,absent,0,4515000,4515000,94,high
1504,Muhammad Danish Zaidi,Hyderabad,15000000,0,absent,0,4515000,4515000,94,high
2865,Tooba Jamali,Hyderabad,39196167,4793196,filer,942619,12983658,12041039,94,high
1520,Saeed Awan,Faisalabad,28086043,3431471,filer,499441,9095115,8595674,94,high
4697,Nasir Zaidi,Quetta,15000000,0,absent,0,4515000,4515000,94,high
10389,Muhammad Sajid Zaidi,Lahore,15756201,976094,filer,18805,4779670,4760865,94,high
5466,Muhammad Asif Sandhu,Faisalabad,15000000,0,absent,0,4515000,4515000,94,high
4635,Younis Malik,Rawalpindi,22382886,2306945,filer,206736,7099010,6892274,94,high
4618,Durdana Bibi,Lahore,15000000,0,absent,0,4515000,4515000,94,high
842,Shazia Bibi,Karachi,15000000,0,absent,0,4515000,4515000,94,high
6699,Bushra Begum,Hyderabad,16795300,0,absent,0,5143355,5143355,94,high
2655,Muhammad Aamir Qureshi,Quetta,15000000,0,absent,0,4515000,4515000,94,high
6807,Shaista Bibi,Faisalabad,15840100,0,absent,0,4809035,4809035,94,high
6805,Marium Bibi,Rawalpindi,15596679,0,absent,0,4723838,4723838,94,high
752,Nadeem Bhutto,Lahore,15000000,0,absent,0,4515000,4515000,94,high
4902,Jamil Kayani,Sialkot,15000000,755491,filer,7775,4515000,4507225,94,high
2629,Muhammad Nasir Memon,Lahore,15000000,0,absent,0,4515000,4515000,94,high
2628,Mohammed Mehmood Niazi,Rawalpindi,15000000,0,absent,0,4515000,4515000,94,high
2625,Sufyan Soomro,Karachi,15000000,0,absent,0,4515000,4515000,94,high
2621,Mazhar Janjua,Peshawar,15000000,1051856,filer,22593,4515000,4492407,94,high
2614,Farah Gondal,Karachi,15000000,0,absent,0,4515000,4515000,94,high
2987,Kiran Begum,Lahore,15000000,0,absent,0,4515000,4515000,94,high
2956,Liaquat Gujjar,Karachi,15000000,0,absent,0,4515000,4515000,94,high
1419,فرحان گیلانی,Karachi,15000000,0,absent,0,4515000,4515000,94,high
279,Zubaida Durrani,Islamabad,15000000,138022,filer,0,4515000,4515000,94,high
4569,M Yousuf Khokhar,Lahore,15000000,0,absent,0,4515000,4515000,94,high
5520,Mohd Raza Marwat,Hyderabad,15000000,0,absent,0,4515000,4515000,94,high
10309,Mubashir Abbasi,Multan,15000000,168997,filer,0,4515000,4515000,94,high
5505,Nazia Faridi,Rawalpindi,33241372,4150914,filer,717820,10899480,10181660,94,high
3052,Shabana Ch,Faisalabad,15000000,0,absent,0,4515000,4515000,94,high
3042,Muhammad Hussain Magsi,Hyderabad,15000000,0,absent,0,4515000,4515000,94,high
6049,Warda Begum,Lahore,15000000,0,absent,0,4515000,4515000,94,high
3037,Ayesha Begum,Islamabad,15000000,0,absent,0,4515000,4515000,94,high
6684,Tooba Bibi,Sialkot,16726645,0,absent,0,5119326,5119326,94,high
268,Laiba Begum,Faisalabad,33360048,3875004,filer,632501,10941017,10308516,94,high
3026,Pervez Kazmi,Faisalabad,15000000,0,absent,0,4515000,4515000,94,high
1446,Robina Begum,Karachi,15000000,0,absent,0,4515000,4515000,94,high
1441,Shabana Dar,Faisalabad,29601800,3597921,filer,549376,9625630,9076254,94,high
2528,Rida Marwat,Rawalpindi,34722000,4197489,filer,734121,11417700,10683579,94,high
3136,Shafique Jutt,Faisalabad,15000000,0,absent,0,4515000,4515000,94,high
6670,زینب بی بی,Hyderabad,15497553,0,absent,0,4689144,4689144,94,high
2602,Sadia Kakar,Karachi,15000000,0,absent,0,4515000,4515000,94,high
2598,Zeeshan Arain,Lahore,15000000,0,absent,0,4515000,4515000,94,high
2571,Shahid Bhutto,Faisalabad,15000000,0,absent,0,4515000,4515000,94,high
6827,Rukhsana Bibi,Quetta,16269328,0,absent,0,4959265,4959265,94,high
6821,ثنا بی بی,Rawalpindi,16210753,0,absent,0,4938764,4938764,94,high
6813,Areeba Begum,Hyderabad,15461900,0,absent,0,4676665,4676665,94,high
736,Shabana Begum,Karachi,15000000,0,absent,0,4515000,4515000,94,high
4942,Muhammed Noman Dar,Karachi,25940634,2893663,filer,353416,8344222,7990806,94,high
10247,Durdana Begum,Multan,44451505,5402061,filer,1155721,14823027,13667306,94,high
635,Warda Begum,Rawalpindi,15365400,0,absent,0,4642890,4642890,94,high
6862,Muhammad Ayaz Gujjar,Quetta,15130400,513867,filer,0,4560640,4560640,94,high
1641,Shabana Bibi,Faisalabad,15580500,0,absent,0,4718175,4718175,94,high
6665,Naila Bibi,Quetta,14671598,0,absent,0,4400059,4400059,94,high
5643,Nimra Butt,Multan,22872370,2420602,filer,235150,7270330,7035180,94,high
6627,Noman Hashmi,Lahore,15000000,0,absent,0,4515000,4515000,94,high
4551,Mohammad Sufyan Qureshi,Multan,16812944,0,absent,0,5149530,5149530,94,high
873,Mohammad Waqar Wattoo,Islamabad,16271703,0,absent,0,4960096,4960096,94,high
4547,Rukhsana Begum,Lahore,15000000,0,absent,0,4515000,4515000,94,high
3217,Kiran Begum,Lahore,15736798,0,absent,0,4772879,4772879,94,high
1362,Muhammad Javed Abbas,Faisalabad,16222600,0,absent,0,4942910,4942910,94,high
5311,Hina Begum,Lahore,15000000,0,absent,0,4515000,4515000,94,high
6638,Amna Akhtar,Karachi,37191167,4884767,filer,974668,12281908,11307240,94,high
3184,Muhammad Shoaib Wattoo,Karachi,15000000,0,absent,0,4515000,4515000,94,high
3182,Taiumr Magsi,Gujranwala,15000000,0,absent,0,4515000,4515000,94,high
3161,Rehan Gujjar,Lahore,15000000,0,absent,0,4515000,4515000,94,high
1380,Shabana Gondal,Quetta,16810185,1376344,filer,56452,5148565,5092113,94,high
853,Nasreen Bibi,Islamabad,14460100,0,absent,0,4326035,4326035,94,high
4565,Junaid Dar,Multan,15000000,0,absent,0,4515000,4515000,94,high
575,Durdana Abbasi,Karachi,35699049,4278376,filer,762432,11759667,10997235,94,high
5574,Zoya Begum,Lahore,15000000,0,absent,0,4515000,4515000,94,high
6577,Muhammad Irfan Bhatti,Faisalabad,15000000,0,absent,0,4515000,4515000,94,high
882,Rabia Hamdani,Faisalabad,20868968,2280387,filer,200097,6569139,6369042,94,high
877,Hussain Soomro,Faisalabad,15000000,160085,filer,0,4515000,4515000,94,high
4521,Mohd Tariq Bhutto,Lahore,15000000,0,absent,0,4515000,4515000,94,high
5327,Ismail Lodhi,Karachi,15000000,78092,filer,0,4515000,4515000,94,high
5611,Waqar Kayani,Lahore,15000000,0,absent,0,4515000,4515000,94,high
5601,Muhammad Umar Dar,Lahore,15000000,0,absent,0,4515000,4515000,94,high
5592,Nida Sial,Bahawalpur,30219824,3959965,filer,657990,9841938,9183948,94,high
3298,Robina Bibi,Rawalpindi,16740396,0,absent,0,5124139,5124139,94,high
3289,Lubna Bibi,Karachi,15000000,0,absent,0,4515000,4515000,94,high
3283,Abbdullah Virk,Lahore,18880353,2084159,filer,162624,5873124,5710500,94,high
3281,Lubna Bibi,Islamabad,15000000,0,absent,0,4515000,4515000,94,high
3276,Muhammad Ejaz Baig,Multan,15000000,0,absent,0,4515000,4515000,94,high
3270,M Hasan Virk,Multan,15000000,0,absent,0,4515000,4515000,94,high
1348,Ismail Sandhu,Rawalpindi,33827000,3905361,filer,641608,11104450,10462842,94,high
3240,Abida Begum,Islamabad,16091355,0,absent,0,4896974,4896974,94,high
2551,Yousuf Memon,Sialkot,15000000,0,absent,0,4515000,4515000,94,high
2549,Naila Begum,Gujranwala,15000000,0,absent,0,4515000,4515000,94,high
2545,Bilal Soomro,Rawalpindi,15000000,0,absent,0,4515000,4515000,94,high
4155,Kiran Bibi,Karachi,16573312,0,absent,0,5065659,5065659,94,high
5306,Mohammad Asad Tareen,Bahawalpur,15000000,0,absent,0,4515000,4515000,94,high
5298,Aiman Begum,Peshawar,15000000,0,absent,0,4515000,4515000,94,high
722,Mohd Iqbal Jamali,Islamabad,15000000,0,absent,0,4515000,4515000,94,high
718,Noor Bibi,Karachi,15000000,0,absent,0,4515000,4515000,94,high
5002,Warda Soomro,Lahore,24225932,2954689,filer,368672,7744076,7375404,94,high
4944,Laiba Begum,Faisalabad,15000000,0,absent,0,4515000,4515000,94,high
741,Javid Butt,Islamabad,41325030,4912365,filer,984328,13728760,12744432,94,high
6836,Nida Begum,Rawalpindi,15274900,0,absent,0,4611215,4611215,94,high
3336,Aleena Rizvi,Karachi,15000000,0,absent,0,4515000,4515000,94,high
3332,Samina Begum,Gujranwala,15000000,0,absent,0,4515000,4515000,94,high
1327,Saadia Bibi,Bahawalpur,15135600,0,absent,0,4562460,4562460,94,high
1325,Rabiaqureishi,Karachi,15000000,0,absent,0,4515000,4515000,94,high
3458,Nasrin Bibi,Multan,15000000,0,absent,0,4515000,4515000,94,high
1299,Bilal Zaidi,Hyderabad,15000000,0,absent,0,4515000,4515000,94,high
4451,Kashif Sandhu,Karachi,15000000,0,absent,0,4515000,4515000,94,high
4422,Komal Bibi,Rawalpindi,15000000,0,absent,0,4515000,4515000,94,high
1288,Sadia Bibi,Faisalabad,15000000,0,absent,0,4515000,4515000,94,high
6550,Mohd Fahad Durrani,Islamabad,15000000,0,absent,0,4515000,4515000,94,high
10279,M Farhan Khokhar,Lahore,15000000,154870,filer,0,4515000,4515000,94,high
4487,Sehrish Virk,Faisalabad,15000000,0,absent,0,4515000,4515000,94,high
542,Fariha Begum,Islamabad,15000000,0,absent,0,4515000,4515000,94,high
5716,Moin Memon,Sialkot,15000000,0,absent,0,4515000,4515000,94,high
5714,Muhammad Jahangir Jutt,Bahawalpur,15000000,924177,filer,16209,4515000,4498791,94,high
4475,Tariq Khattak,Islamabad,15000000,0,absent,0,4515000,4515000,94,high
4271,Nda Begum,Bahawalpur,15000000,0,absent,0,4515000,4515000,94,high
3368,Mohammad Abid Arain,Karachi,18376296,1441376,filer,66206,5696704,5630498,94,high
3344,Uzma Bibi,Lahore,15000000,0,absent,0,4515000,4515000,94,high
2554,Kiran Begum,Islamabad,15000000,0,absent,0,4515000,4515000,94,high
3670,Muhammad Aslamdar,Karachi,15000000,0,absent,0,4515000,4515000,94,high
3634,Saeed Cheema,Lahore,15000000,379104,filer,0,4515000,4515000,94,high
1226,Saba Sandhu,Faisalabad,47547995,5964424,filer,1352548,15906798,14554250,94,high
531,Mohammed Bilal Dar,Lahore,15000000,0,absent,0,4515000,4515000,94,high
5761,Muhammed Moin Shaikh,Gujranwala,15000000,0,absent,0,4515000,4515000,94,high
4381,Warda Begum,Multan,16689004,0,absent,0,5106151,5106151,94,high
6291,Noman Kayani,Peshawar,29054652,3458197,filer,507459,9434128,8926669,94,high
3567,Taimur Mirza,Karachi,26721528,3497422,filer,519227,8617535,8098308,94,high
1237,Shaista Begum,Multan,15000000,0,absent,0,4515000,4515000,94,high
3552,Mohd Kamran Gondal,Karachi,15000000,0,absent,0,4515000,4515000,94,high
374,Bashir Sh,Islamabad,15000000,0,absent,0,4515000,4515000,94,high
10350,Waleed Khokhar,Lahore,38289875,4657950,filer,895282,12666456,11771174,94,high
3504,Nasreen Bibi,Lahore,16284713,0,absent,0,4964650,4964650,94,high
1269,Hassan Beg,Faisalabad,15318797,0,absent,0,4626579,4626579,94,high
3481,Tahira Butt,Multan,48713555,6329377,filer,1480282,16314744,14834462,94,high
3470,Zeeshan Khattak,Sialkot,15000000,0,absent,0,4515000,4515000,94,high
4355,Bushra Begum,Lahore,15000000,0,absent,0,4515000,4515000,94,high
1192,Shazia Begum,Rawalpindi,15000000,0,absent,0,4515000,4515000,94,high
3673,Mohd Asif Janjua,Lahore,15000000,0,absent,0,4515000,4515000,94,high
2508,Mohammad Rashid Annsari,Bahawalpur,15000000,0,absent,0,4515000,4515000,94,high
2506,Asma Bibi,Islamabad,15000000,0,absent,0,4515000,4515000,94,high
2501,Mohammed Pervez Gujjar,Quetta,15797169,782763,filer,9138,4794009,4784871,94,high
2476,Yasmin Bibi,Karachi,15000000,0,absent,0,4515000,4515000,94,high
1683,Fariha Bibi,Multan,15000000,0,absent,0,4515000,4515000,94,high
2461,Zubair Chohan,Bahawalpur,15000000,0,absent,0,4515000,4515000,94,high
5338,Mishal Bhati,Quetta,29307200,3443898,filer,503169,9522520,9019351,94,high
2444,Ibrahim Durrani,Rawalpindi,15000000,0,absent,0,4515000,4515000,94,high
2428,Sohel Virk,Faisalabad,15000000,0,absent,0,4515000,4515000,94,high
1708,Khadija Hashmi,Islamabad,15000000,0,absent,0,4515000,4515000,94,high
639,Sehrish Bibi,Peshawar,15000000,0,absent,0,4515000,4515000,94,high
3672,Faiza Bibi,Lahore,15000000,0,absent,0,4515000,4515000,94,high
1217,Faiza Begum,Karachi,14712857,0,absent,0,4414500,4414500,94,high
6183,Mohd Hamid Tarar,Rawalpindi,19483532,2250721,filer,192680,6084236,5891556,94,high
3752,Shoib Rizvi,Karachi,15000000,0,absent,0,4515000,4515000,94,high
3734,Zubaida Bibi,Quetta,15000000,0,absent,0,4515000,4515000,94,high
4332,Mohammad Zafar Khattak,Lahore,15000000,0,absent,0,4515000,4515000,94,high
5837,Muhammed Haroon Afridi,Islamabad,43471849,5409458,filer,1158310,14480147,13321837,94,high
5830,Mohd Mudassar Mengal,Lahore,15000000,0,absent,0,4515000,4515000,94,high
517,Muhammad Ibrahim Mirza,Rawalpindi,15000000,0,absent,0,4515000,4515000,94,high
5815,Mohd Yasir Jutt,Peshawar,15000000,0,absent,0,4515000,4515000,94,high
3717,Hira Bibi,Lahore,15000000,0,absent,0,4515000,4515000,94,high
1186,Riaz Tareen,Islamabad,15000000,305699,filer,0,4515000,4515000,94,high
1181,Fawad Tareen,Rawalpindi,41469050,5277275,filer,1112046,13779168,12667122,94,high
6251,Farah Begum,Quetta,15000000,0,absent,0,4515000,4515000,94,high
945,Komal Warraich,Karachi,15000000,0,absent,0,4515000,4515000,94,high
932,Pervez Hashmi,Hyderabad,15000000,0,absent,0,4515000,4515000,94,high
4370,Mohammad Tariq Shah,Islamabad,15000000,0,absent,0,4515000,4515000,94,high
4368,Nasreen Begum,Islamabad,15000000,0,absent,0,4515000,4515000,94,high
1124,Muhammad Nadeem Paracha,Multan,15000000,0,absent,0,4515000,4515000,94,high
3803,Shahid Mengal,Islamabad,15546167,0,absent,0,4706158,4706158,94,high
3793,Nimra Bibi,Islamabad,15241428,0,absent,0,4599500,4599500,94,high
3782,Durdana Bibi,Islamabad,15000000,0,absent,0,4515000,4515000,94,high
3780,Zoya Begum,Peshawar,15000000,0,absent,0,4515000,4515000,94,high
3778,Muhammad Nawaz Arain,Gujranwala,15000000,0,absent,0,4515000,4515000,94,high
978,Shaista Muhal,Rawalpindi,15000000,0,absent,0,4515000,4515000,94,high
4280,Younis Malik,Karachi,25885635,3372091,filer,481627,8324972,7843345,94,high
4267,Sana Bibi,Karachi,15000000,0,absent,0,4515000,4515000,94,high
6220,Ghulam Gujjar,Lahore,15851800,0,absent,0,4813130,4813130,94,high
6219,Mudassar Baig,Sialkot,15000000,0,absent,0,4515000,4515000,94,high
424,Jahangir Magssi,Faisalabad,16494000,0,absent,0,5037900,5037900,94,high
422,Sufyan Arain,Multan,40231291,5186630,filer,1080320,13345952,12265632,94,high
421,Mishal Khokhar,Karachi,15000000,78019,filer,0,4515000,4515000,94,high
6361,Zaynab Bibi,Islamabad,15000000,0,absent,0,4515000,4515000,94,high
6184,Khadija Hashmi,Islamabad,15000000,0,absent,0,4515000,4515000,94,high
503,Zubayr Mengal,Lahore,15000000,0,absent,0,4515000,4515000,94,high
5850,Yousuf Mughal,Rawalpindi,15000000,0,absent,0,4515000,4515000,94,high
5846,Kiran Beguum,Lahore,15000000,0,absent,0,4515000,4515000,94,high
997,Wasim Rajput,Lahore,24695828,2865716,filer,346429,7908540,7562111,94,high
2390,Muhammad Bilal Bajwa,Sialkot,15000000,0,absent,0,4515000,4515000,94,high
2321,Muhammed Ashraf Zaidi,Gujranwala,31914700,3603603,filer,551081,10435145,9884064,94,high
2320,M Fawad Bhutto,Lahore,15000000,0,absent,0,4515000,4515000,94,high
2248,Iqra Bibi,Karachi,15000000,0,absent,0,4515000,4515000,94,high
2911,Jamil Ansari,Quetta,15000000,0,absent,0,4515000,4515000,94,high
2242,Mohammad Hamid Janjua,Karachi,25550577,2948762,filer,367190,8207702,7840512,94,high
10423,Farah Bhatti,Gujranwala,17067000,1710859,filer,106629,5238450,5131821,94,high
5142,Sameena Bibi,Karachi,15000000,0,absent,0,4515000,4515000,94,high
650,Rafique Hashmi,Hyderabad,15663000,0,absent,0,4747050,4747050,94,high
2225,Mudassar Magsi,Lahore,15000000,0,absent,0,4515000,4515000,94,high
1777,Nimra Bibi,Karachi,15998683,0,absent,0,4864539,4864539,94,high
6170,Sehrish Bibi,Faisalabad,15601005,0,absent,0,4725352,4725352,94,high
5972,Hina Begum,Gujranwala,15000000,0,absent,0,4515000,4515000,94,high
5872,Hammad Magsi,Karachi,15000000,753668,filer,7683,4515000,4507317,94,high
5,Nimra Chohan,Lahore,15000000,0,absent,0,4515000,4515000,94,high
8,Bushra Magsi,Faisalabad,15000000,0,absent,0,4515000,4515000,94,high
10299,Shabana Bibi,Rawalpindi,29261800,3457571,filer,507271,9506630,8999359,94,high
4037,Muhammed Waleed Jutt,Sialkot,15000000,215307,filer,0,4515000,4515000,94,high
3974,Noor Begum,Hyderabad,16663357,0,absent,0,5097175,5097175,94,high
457,Nida Bibi,Faisalabad,15000000,0,absent,0,4515000,4515000,94,high
6051,Faiza Bibi,Gujranwala,15000000,0,absent,0,4515000,4515000,94,high
3960,Rehan Hashmi,Rawalpindi,15000000,0,absent,0,4515000,4515000,94,high
4041,Muhammad Ejaz Ansari,Sialkot,18086900,1818401,filer,122760,5595415,5472655,94,high
486,Bilawal Bhutto,Rawalpindi,24269200,3112379,filer,408095,7759220,7351125,94,high
5892,Anwar Sandhu,Rawalpindi,15000000,0,absent,0,4515000,4515000,94,high
1802,Zubaida Begum,Islamabad,15000000,0,absent,0,4515000,4515000,94,high
1789,Ayesha Begum,Faisalabad,15000000,0,absent,0,4515000,4515000,94,high
1788,Bushra Bibi,Rawalpindi,15000000,0,absent,0,4515000,4515000,94,high
6031,Owais Hceema,Rawalpindi,15000000,0,absent,0,4515000,4515000,94,high
10272,Sehrish Bibi,Quetta,15000000,95684,filer,0,4515000,4515000,94,high
465,Kashif Gujjar,Rawalpindi,15000000,63197,filer,0,4515000,4515000,94,high
1007,Rabia Begum,Karachi,15000000,0,absent,0,4515000,4515000,94,high
1006,Faiza Bibi,Karachi,15000000,0,absent,0,4515000,4515000,94,high
2728,Mehwish Bibi,Faisalabad,15000000,0,absent,0,4515000,4515000,94,high
4187,ثنا بی بی,Hyderabad,15000000,0,absent,0,4515000,4515000,94,high
6018,Muhammad Adnan Khokhhar,Peshawar,15000000,0,absent,0,4515000,4515000,94,high
4061,Mohd Noman Akhtar,Karachi,15000000,667930,filer,3396,4515000,4511604,94,high
2101,Nasreen Bibi,Rawalpindi,15000000,0,absent,0,4515000,4515000,94,high
1846,Shahzad Cheema,Karachi,15000000,0,absent,0,4515000,4515000,94,high
2088,Mohd Sohel Khan,Hyderabad,15000000,679204,filer,3960,4515000,4511040,94,high
2464,Mahnoor Niazi,Karachi,15000000,0,absent,0,4515000,4515000,94,high
39,Areeba Bibi,Multan,15000000,0,absent,0,4515000,4515000,94,high
2045,Moin Kazmi,Islamabad,15000000,0,absent,0,4515000,4515000,94,high
1932,Bushra Begum,Gujranwala,16284184,0,absent,0,4964464,4964464,94,high
1973,Mohammad Javed Paracha,Islamabad,15000000,1297448,filer,44617,4515000,4470383,93,high
1905,Rasha Virk,Karachi,33640225,4542045,filer,854716,11039079,10184363,93,high
6657,Maryam Bibi,Karachi,13742391,0,absent,0,4074837,4074837,93,high
65,Sajid Kazmi,Islamabad,15000000,1172568,filer,28628,4515000,4486372,93,high
69,Aslam Arain,Karachi,35817768,4834781,filer,957173,11801219,10844046,93,high
483,Talha Satti,Islamabad,26326312,3640953,filer,562286,8479209,7916923,93,high
364,Shahzad Soomro,Islamabad,24137866,3403133,filer,490940,7713253,7222313,93,high
4954,Sufyan Siddiqui,Gujranwala,18921096,2392714,filer,228178,5887384,5659206,93,high
10478,Amna Abbasi,Peshawar,28986437,4348740,filer,787059,9410253,8623194,93,high
4541,Saad Arain,Peshawar,16962080,2138823,filer,170823,5201728,5030905,93,high
319,Muhammad Waleed Kakar,Lahore,29969600,4010944,filer,673283,9754360,9081077,93,high
3309,Ayaz Sidiqui,Rawalpindi,15000000,1400574,filer,60086,4515000,4454914,93,high
5619,M Asif Kakar,Rawalpindi,29304000,3962960,filer,658888,9521400,8862512,93,high
6322,Maira Bibi,Karachi,14048529,0,absent,0,4181985,4181985,93,high
385,Komal Paracha,Karachi,15000000,1259726,filer,38959,4515000,4476041,93,high
5797,Nazia Paracha,Karachi,38954454,5632092,filer,1236232,12899059,11662827,93,high
4556,Muhammad Shahid Kayani,Faisalabad,38250600,5092689,filer,1047441,12652710,11605269,93,high
4194,Ayesha Akhtar,Peshawar,24427800,3229256,filer,438777,7814730,7375953,93,high
470,Faiza Marwat,Peshawar,15000000,1139783,filer,26989,4515000,4488011,93,high
3068,Muhammad Aamir Cheema,Multan,15000000,1363005,filer,54451,4515000,4460549,93,high
1413,Nasir Ansari,Gujranwala,37089000,5581903,filer,1218666,12246150,11027484,93,high
4018,Muhammed Tariq Bhatti,Karachi,15000000,1409629,filer,61444,4515000,4453556,93,high
10342,Arif Malik,Lahore,15000000,1315855,filer,47378,4515000,4467622,93,high
1401,Aslam Geelani,Peshawar,15000000,1661500,filer,99225,4515000,4415775,93,high
6660,Shaista Begum,Lahore,24000000,3487362,filer,516209,7665000,7148791,93,high
6662,Abida Begum,Lahore,13340617,0,absent,0,3934216,3934216,93,high
6687,Eman Begum,Rawalpindi,14101909,0,absent,0,4200668,4200668,93,high
4352,Aiman Begum,Multan,14381934,0,absent,0,4298677,4298677,93,high
5050,Mohammad Wasim Gilani,Karachi,32814262,4385013,filer,799755,10749992,9950237,93,high
3650,Hina Bibi,Gujranwala,31487904,4293790,filer,767826,10285766,9517940,93,high
6271,Zubaida Soomro,Sialkot,15000000,1665245,filer,99787,4515000,4415213,93,high
397,Muhammad Mansoor Yousafzai,Lahore,21829600,3240264,filer,442079,6905360,6463281,93,high
1266,Muhammad Ayaz Mughal,Karachi,36019079,4927558,filer,989645,11871678,10882033,93,high
1183,Muhammed Danish Satti,Rawalpindi,33913468,5058696,filer,1035544,11134714,10099170,93,high
6698,Noor Bibi,Karachi,14404606,0,absent,0,4306612,4306612,93,high
10264,Sidra Bibi,Hyderabad,31344421,4582308,filer,868808,10235547,9366739,93,high
4701,Mohd Noman Khan,Lahore,47177572,6806347,filer,1647221,15777150,14129929,93,high
5802,Danish Zaidi,Islamabad,15000000,1386860,filer,58029,4515000,4456971,93,high
2366,Jahangir Shah,Multan,23706013,3279932,filer,453980,7562105,7108125,93,high
10240,Shabana Chohan,Faisalabad,21921485,3110644,filer,407661,6937520,6529859,93,high
6004,Junaid Jutt,Islamabad,28087249,4106410,filer,702244,9095537,8393293,93,high
4657,Eman Bibi,Sialkot,13951449,0,absent,0,4148007,4148007,93,high
817,Aleena Rizvi,Gujranwala,29994600,4320855,filer,777299,9763110,8985811,93,high
4682,Nadim Abbas,Gujranwala,47074246,6188861,filer,1431101,15740986,14309885,93,high
6720,Farah Begum,Islamabad,13844181,0,absent,0,4110463,4110463,93,high
6726,Anika Begum,Quetta,13420029,0,absent,0,3962010,3962010,93,high
2972,Mohd Danish Sandhu,Rawalpindi,15000000,1238155,filer,35723,4515000,4479277,93,high
2993,Asma Bhatti,Karachi,20008681,2827435,filer,336859,6268038,5931179,93,high
3769,M Saeed Marwat,Karachi,15000000,1504153,filer,75623,4515000,4439377,93,high
6047,Muhammed Bilawal Awan,Lahore,34746225,5167433,filer,1073602,11426179,10352577,93,high
2426,Khalid Kazmi,Karachi,16524188,2077608,filer,161641,5048466,4886825,93,high
6844,Sana Bibi,Karachi,12981847,0,absent,0,3808646,3808646,93,high
6077,Shagufta Begum,Karachi,12695397,0,absent,0,3708389,3708389,93,high
462,Noor Jutt,Faisalabad,15000000,1251386,filer,37708,4515000,4477292,93,high
4077,Mazhar Sandhu,Karachi,33796265,4637571,filer,888150,11093693,10205543,93,high
5459,Muhammad Uthman Virk,Karachi,15000000,1587288,filer,88093,4515000,4426907,93,high
802,Sehrish Begum,Faisalabad,13439136,0,absent,0,3968698,3968698,93,high
2844,Mansoor Soomro,Hyderabad,39055353,5441261,filer,1169441,12934374,11764933,93,high
224,Marium Soomro,Karachi,15000000,1688685,filer,103303,4515000,4411697,93,high
4289,Mohammed Shahzad Khattak,Lahore,15000000,1651779,filer,97767,4515000,4417233,93,high
621,Mehmood Warraich,Karachi,16518766,1786509,filer,117976,5046568,4928592,93,high
6785,Ramsha Begum,Faisalabad,13719200,0,absent,0,4066720,4066720,93,high
1555,Muhammad Taimur Mirza,Faisalabad,15000000,1120900,filer,26045,4515000,4488955,93,high
6764,Hira Begum,Lahore,13576900,0,absent,0,4016915,4016915,93,high
2760,Nida Ansari,Rawalpindi,34208327,4726510,filer,919278,11237914,10318636,93,high
510,Muhammad Asf Tarar,Lahore,31788511,4521372,filer,847480,10390979,9543499,93,high
979,Muhammed Farhan Siddiqui,Rawalpindi,24755471,3662282,filer,568685,7929415,7360730,93,high
2470,Hina Janjua,Lahore,29382018,4330750,filer,780762,9548706,8767944,93,high
3874,Sadiya Bibi,Gujranwala,37379276,5312737,filer,1124458,12347747,11223289,93,high
5912,Amna Bibi,Rawalpindi,14081045,0,absent,0,4193366,4193366,93,high
2474,Muhammad Sohail Memon,Gujranwala,41058124,5927051,filer,1339468,13635343,12295875,93,high
6837,Faiza Bibi,Peshawar,13911588,0,absent,0,4134056,4134056,93,high
5042,Nadeem Beg,Lahore,18689200,2477014,filer,249254,5806220,5556966,93,high
1079,Iqra Awan,Karachi,15000000,1607765,filer,91165,4515000,4423835,93,high
6790,Faiza Bibi,Karachi,13828098,0,absent,0,4104834,4104834,93,high
2693,Javeria Tareen,Sialkot,15000000,1676563,filer,101484,4515000,4413516,93,high
438,Nasreen Sial,Rawalpindi,18235400,2289787,filer,202447,5647390,5444943,93,high
5052,Maira Rizvi,Karachi,22946087,3103801,filer,405950,7296130,6890180,93,high
3846,Mohd Rashid Lodhi,Lahore,42092400,5700800,filer,1260280,13997340,12737060,93,high
164,Kamran Abbasi,Faisalabad,19399435,2527765,filer,261941,6054802,5792861,93,high
4449,M Adnan Rizvi,Karachi,33603408,4666931,filer,898426,11026193,10127767,93,high
2574,Mohammad Saad Memon,Islamabad,15000000,1400727,filer,60109,4515000,4454891,93,high
3852,Mohammad Jamil Abbasi,Multan,48880603,7153435,filer,1768702,16373211,14604509,93,high
3855,Bushra Memon,Multan,22481476,2950624,filer,367656,7133517,6765861,93,high
6096,Muhammed Ali Khokhar,Karachi,15000000,1498963,filer,74844,4515000,4440156,93,high
2520,Shoaib Gondal,Karachi,17041000,2104687,filer,165703,5229350,5063647,93,high
623,Muhammed Zeeshan Qureshi,Faisalabad,24225600,3154752,filer,418688,7743960,7325272,93,high
5378,Muhammad Shoib Paracha,Quetta,36803966,5462899,filer,1177015,12146388,10969373,93,high
3649,Zubaida Mengal,Karachi,15000000,1170253,filer,28513,4515000,4486487,93,high
5522,Saad Zaidi,Faisalabad,22486026,2960094,filer,370024,7135109,6765085,93,high
6853,Abida Bibi,Lahore,12745300,0,absent,0,3725855,3725855,93,high
1244,Zubaida Bajwa,Quetta,41411714,5714612,filer,1265114,13759100,12493986,93,high
6595,Sehrish Bibi,Rawalpindi,13156956,0,absent,0,3869935,3869935,93,high
3366,Mohammad Faysal Yousafzai,Islamabad,15000000,1546402,filer,81960,4515000,4433040,93,high
3375,Shoaib Raja,Karachi,20435468,2800667,filer,330167,6417414,6087247,93,high
5686,Saeed Janjua,Rawalpindi,28403057,3887938,filer,636381,9206070,8569689,93,high
354,Mahmood Bhatti,Peshawar,15000000,1593503,filer,89025,4515000,4425975,93,high
10325,Saba Satti,Rawalpindi,14839617,1348579,filer,52287,4458866,4406579,93,high
4470,Maira Butt,Rawalpindi,45113967,6315549,filer,1475442,15054888,13579446,93,high
10305,Muhammad Ali Ansari,Rawalpindi,14768702,1194141,filer,29707,4434046,4404339,93,high
6430,Yousuf Akhtar,Hyderabad,23267600,2974852,filer,373713,7408660,7034947,93,high
1988,Rabia Bhutto,Islamabad,20441189,2866613,filer,346653,6419416,6072763,93,high
5216,Zubaida Soomro,Sialkot,16213143,1894317,filer,134148,4939600,4805452,93,high
2023,Zubair Rizvi,Lahore,15000000,1628206,filer,94231,4515000,4420769,93,high
1877,Muhamad Shahid Dar,Islamabad,15000000,1497878,filer,74682,4515000,4440318,93,high
10283,Mohammed Mansoor Cheema,Lahore,14744949,1115767,filer,25788,4425732,4399944,93,high
2084,Waseem Gondal,Lahore,25106649,4003968,filer,671190,8052327,7381137,92,high
6504,Adnan Warraich,Lahore,15000000,1752534,filer,112880,4515000,4402120,92,high
10433,Mazhar Raja,Gujranwala,12000000,0,absent,0,3465000,3465000,92,high
10531,Mohd Yasir Dar,Gujranwala,12000000,0,absent,0,3465000,3465000,92,high
6439,Amna Bibi,Islamabad,12524917,0,absent,0,3648721,3648721,92,high
10233,Ramsha Magsi,Karachi,24636227,3972683,filer,661805,7887679,7225874,92,high
3439,Fawad Zaidi,Karachi,30332405,4936240,filer,992684,9881342,8888658,92,high
925,Muhammad Ashraf Memon,Lahore,21162838,3399520,filer,489856,6671993,6182137,92,high
5981,Mohammad Nawaz Tareen,Gujranwala,26697194,4165881,filer,723058,8609018,7885960,92,high
5931,Muhammad Zafar Kazmi,Karachi,15000000,1808636,filer,121295,4515000,4393705,92,high
10371,Uthman Gondal,Islamabad,12000000,0,absent,0,3465000,3465000,92,high
5353,Mishal Begum,Karachi,12376418,0,absent,0,3596746,3596746,92,high
6484,Danish Bhatti,Quetta,15000000,1733016,filer,109952,4515000,4405048,92,high
3338,Tahira Sial,Rawalpindi,23596800,3684520,filer,575356,7523880,6948524,92,high
5373,M Omar Tarar,Peshawar,15000000,1933962,filer,140094,4515000,4374906,92,high
329,Nimra Mirza,Peshawar,15398774,1945806,filer,141871,4654571,4512700,92,high
4384,Shafique Magsi,Lahore,38362000,6184273,filer,1429496,12691700,11262204,92,high
6696,Shagufta Begum,Bahawalpur,12000000,0,absent,0,3465000,3465000,92,high
6856,Rabia Begum,Rawalpindi,12000000,0,absent,0,3465000,3465000,92,high
6854,Sidra Bibi,Gujranwala,12000000,0,absent,0,3465000,3465000,92,high
6814,Tahria Begum,Hyderabad,12000000,0,absent,0,3465000,3465000,92,high
6809,Shazia Begum,Islamabad,12000000,0,absent,0,3465000,3465000,92,high
4963,Mehmud Malik,Lahore,27163826,4395724,filer,803503,8772339,7968836,92,high
6094,Ayesha Begum,Karachi,12000000,0,absent,0,3465000,3465000,92,high
6842,Yasmeen Bibi,Sialkot,12000000,0,absent,0,3465000,3465000,92,high
6841,Amna Begum,Karachi,12000000,0,absent,0,3465000,3465000,92,high
6840,Samina Bibi,Gujranwala,12000000,0,absent,0,3465000,3465000,92,high
137,Eman Malik,Quetta,26965301,4456349,filer,824722,8702855,7878133,92,high
3811,Muhammed Ghulam Magsi,Lahore,38156450,6096944,filer,1398930,12619758,11220828,92,high
3808,Eman Niazi,Lahore,24947566,4057135,filer,687140,7996648,7309508,92,high
6642,Rukhsana Begum,Gujranwala,12000000,0,absent,0,3465000,3465000,92,high
2575,Shagufta Janjua,Hyderabad,22684690,3797475,filer,609242,7204642,6595400,92,high
6822,Kiran Begum,Multan,12000000,0,absent,0,3465000,3465000,92,high
6819,Shagufta Bibi,Islamabad,12000000,0,absent,0,3465000,3465000,92,high
1118,Muhammad Naveed Akhtar,Rawalpindi,18479555,2708979,filer,307245,5732844,5425599,92,high
427,Muhammad Asad Yousafzai,Peshawar,12341800,505880,filer,0,3584630,3584630,92,high
6818,Mehwish Bibi,Quetta,12000000,0,absent,0,3465000,3465000,92,high
6817,Samia Begum,Peshawar,12000000,0,absent,0,3465000,3465000,92,high
4275,Pervez Virk,Islamabad,29873733,4884263,filer,974492,9720807,8746315,92,high
984,Uzma Akhtar,Bahawalpur,15000000,1890613,filer,133592,4515000,4381408,92,high
6772,Yasmeen Begum,Rawalpindi,12000000,0,absent,0,3465000,3465000,92,high
4382,Mohammad Moin Kakar,Lahore,24306436,3709231,filer,582769,7772253,7189484,92,high
4858,Mohd Sohail Sandhu,Bahawalpur,15000000,2147655,filer,172148,4515000,4342852,92,high
4836,Abid Zaidi,Islamabad,12359714,0,absent,0,3590900,3590900,92,high
6804,Bushra Bibi,Lahore,12609789,0,absent,0,3678426,3678426,92,high
6799,Warda Bibi,Islamabad,12000000,0,absent,0,3465000,3465000,92,high
6794,Maira Bibi,Faisalabad,12602836,0,absent,0,3675993,3675993,92,high
6793,Sehrish Bibi,Karachi,12000000,0,absent,0,3465000,3465000,92,high
3969,Mohammed Nasir Marwat,Faisalabad,19389875,3043746,filer,390936,6051456,5660520,92,high
3950,Noman Hashmi,Lahore,19754200,2918092,filer,359523,6178970,5819447,92,high
6839,Umar Tarar,Karachi,11863287,0,absent,0,3417150,3417150,92,high
6831,Aleena Bibi,Karachi,12000000,0,absent,0,3465000,3465000,92,high
2504,Mohd Iqbal Arain,Peshawar,15000000,2222385,filer,185596,4515000,4329404,92,high
5922,Sehrish Bibi,Faisalabad,12000000,0,absent,0,3465000,3465000,92,high
5884,Muhammad Zeeshan Khattak,Peshawar,22893209,3420950,filer,496285,7277623,6781338,92,high
2460,Tariq Sheikh,Islamabad,33920837,5559373,filer,1210781,11137293,9926512,92,high
111,Rukhsana Bibi,Rawalpindi,12098200,0,absent,0,3499370,3499370,92,high
6789,Sidra Begum,Karachi,12000000,0,absent,0,3465000,3465000,92,high
1619,Yousuf Soomro,Karachi,15000000,2083699,filer,162555,4515000,4352445,92,high
6767,Sana Bibi,Islamabad,12000000,0,absent,0,3465000,3465000,92,high
6761,Rukhsana Begum,Islamabad,12000000,0,absent,0,3465000,3465000,92,high
4742,Fariha Bibi,Faisalabad,12000000,0,absent,0,3465000,3465000,92,high
6783,Mohd Bilal Bajwa,Sialkot,29435929,4909022,filer,983158,9567575,8584417,92,high
6781,Aleena Bibi,Lahore,12000000,0,absent,0,3465000,3465000,92,high
6779,Sana Bibi,Islamabad,12000000,0,absent,0,3465000,3465000,92,high
6778,Nazia Begum,Gujranwala,12000000,0,absent,0,3465000,3465000,92,high
6776,Sana Begum,Islamabad,12000000,0,absent,0,3465000,3465000,92,high
611,Bilawal Khokhar,Rawalpindi,15000000,1727643,filer,109146,4515000,4405854,92,high
4305,Imran Rizvi,Lahore,24212608,4103373,filer,701181,7739413,7038232,92,high
1168,Muhammad Moin Lodhi,Karachi,26385949,4431771,filer,816120,8500082,7683962,92,high
225,Mohammed Taimur Satti,Rawalpindi,18557400,2622210,filer,285552,5760090,5474538,92,high
6732,Ramsha Begum,Multan,12000000,0,absent,0,3465000,3465000,92,high
2859,Ashraf Paracha,Multan,15000000,1962110,filer,144316,4515000,4370684,92,high
6759,Laiba Bibi,Islamabad,12000000,0,absent,0,3465000,3465000,92,high
6757,Zoya Begum,Peshawar,12000000,0,absent,0,3465000,3465000,92,high
6755,Shaista Begum,Peshawar,12000000,0,absent,0,3465000,3465000,92,high
6752,Khadija Bibi,Islamabad,12307759,0,absent,0,3572716,3572716,92,high
1728,Karim Shiekh,Lahore,15000000,2098051,filer,164708,4515000,4350292,92,high
6851,Rukhsana Begum,Rawalpindi,12000000,0,absent,0,3465000,3465000,92,high
6850,Khadija Begum,Peshawar,12000000,0,absent,0,3465000,3465000,92,high
6849,Uzma Begum,Sialkot,12000000,0,absent,0,3465000,3465000,92,high
6847,Mahnoor Begum,Hyderabad,12000000,0,absent,0,3465000,3465000,92,high
6846,Areeba Begum,Peshawar,12000000,0,absent,0,3465000,3465000,92,high
6845,Rabia Bibi,Rawalpindi,12000000,0,absent,0,3465000,3465000,92,high
6843,Nazia Bibi,Peshawar,12000000,0,absent,0,3465000,3465000,92,high
5085,Sajid Memon,Faisalabad,22631800,3642101,filer,562630,7186130,6623500,92,high
5241,Faiza Begum,Lahore,12000000,0,absent,0,3465000,3465000,92,high
6750,Sana Begum,Rawalpindi,12000000,0,absent,0,3465000,3465000,92,high
1151,M Ashraf Wattoo,Lahore,15000000,2026945,filer,154042,4515000,4360958,92,high
3770,M Akram Tarar,Bahawalpur,21084600,3484790,filer,515437,6644610,6129173,92,high
2951,Ibrahim Qureshi,Sialkot,56218117,8637945,filer,2288281,18941341,16653060,92,high
6722,Yasmin Bibi,Peshawar,12000000,0,absent,0,3465000,3465000,92,high
6719,Hira Begum,Lahore,12000000,0,absent,0,3465000,3465000,92,high
6718,Zubaida Begum,Rawalpindi,12000000,0,absent,0,3465000,3465000,92,high
6713,Nimra Begum,Sialkot,12000000,0,absent,0,3465000,3465000,92,high
10256,Rabia Ansari,Rawalpindi,12000000,0,absent,0,3465000,3465000,92,high
5290,Ejaz Warraich,Islamabad,34001725,5463119,filer,1177092,11165604,9988512,92,high
6023,Lubna Begum,Karachi,12000000,0,absent,0,3465000,3465000,92,high
644,Kiran Abbasi,Karachi,19952119,2914061,filer,358515,6248242,5889727,92,high
637,Mohd Ayaz Jutt,Islamabad,21706730,3277664,filer,453299,6862356,6409057,92,high
10246,Muhammad Jahangir Marwat,Hyderabad,22603729,3782953,filer,604886,7176305,6571419,92,high
8874,Asma Begum,Sialkot,12000000,0,absent,0,3465000,3465000,92,high
6869,Mahnoro Bibi,Rawalpindi,12000000,0,absent,0,3465000,3465000,92,high
6867,Yasmin Bibi,Gujranwala,12000000,0,absent,0,3465000,3465000,92,high
6865,Maryam Begum,Karachi,12000000,0,absent,0,3465000,3465000,92,high
6864,Mahnoor Begum,Bahawalpur,12000000,0,absent,0,3465000,3465000,92,high
6863,Uzma Bibi,Rawalpindi,12000000,0,absent,0,3465000,3465000,92,high
6860,Rabia Begum,Gujranwala,12000000,0,absent,0,3465000,3465000,92,high
1485,Mohammed Aamir Baig,Lahore,25787772,4164932,filer,722726,8290720,7567994,92,high
4320,Durdana Bibi,Karachi,12000000,0,absent,0,3465000,3465000,92,high
5839,Shabana Warraich,Faisalabad,23124800,3675811,filer,572743,7358680,6785937,92,high
3021,Imran Bhatti,Hyderabad,33642400,5460404,filer,1176141,11039840,9863699,92,high
3012,Osman Wattoo,Karachi,34916400,5827273,filer,1304546,11485740,10181194,92,high
6705,Tahira Begum,Lahore,12000000,0,absent,0,3465000,3465000,92,high
6703,Fatima Begum,Hyderabad,12000000,0,absent,0,3465000,3465000,92,high
2994,Maira Bibi,Karachi,12000000,0,absent,0,3465000,3465000,92,high
3712,Asifs Oomro,Sialkot,28237147,4497690,filer,839192,9148001,8308809,92,high
3701,Zoya Bhutto,Lahore,15000000,2006436,filer,150965,4515000,4364035,92,high
5421,Sohel Kakar,Multan,36063250,5785113,filer,1289790,11887138,10597348,92,high
404,Abid Naqvi,Peshawar,15000000,2209960,filer,182490,4515000,4332510,92,high
6677,Zubaida Bibi,Peshawar,12000000,0,absent,0,3465000,3465000,92,high
5552,Bushra Jamali,Rawalpindi,15000000,1765522,filer,114828,4515000,4400172,92,high
5548,Noor Begum,Karachi,12000000,0,absent,0,3465000,3465000,92,high
586,Mohammad Abdullah Khokhar,Islamabad,15000000,1786784,filer,118018,4515000,4396982,92,high
3060,Qasim Ansari,Karachi,24904744,4124179,filer,708463,7981660,7273197,92,high
6261,Zoya Gilani,Faisalabad,15000000,1788617,filer,118293,4515000,4396707,92,high
6234,Shaista Bibi,Islamabad,12000000,0,absent,0,3465000,3465000,92,high
5188,Usman Siddiqi,Rawalpindi,27524821,4301243,filer,770435,8898687,8128252,92,high
957,Fawad Chaudhry,Faisalabad,29648074,4573747,filer,865811,9641826,8776015,92,high
3053,Faiza Begum,Islamabad,12000000,0,absent,0,3465000,3465000,92,high
6682,عائشہ بی بی,Hyderabad,12000000,0,absent,0,3465000,3465000,92,high
1447,Moin Akhtar,Peshawar,15349000,2237719,filer,189430,4637150,4447720,92,high
6663,Lubna Begum,Lahore,12000000,0,absent,0,3465000,3465000,92,high
6661,Sadia Bibi,Islamabad,12000000,0,absent,0,3465000,3465000,92,high
3095,Nida Dar,Karachi,23447600,3927087,filer,648126,7471660,6823534,92,high
1420,Muhammad Talha Akhtar,Gujranwala,15000000,2250473,filer,192618,4515000,4322382,92,high
3064,Sana Bibi,Lahore,12000000,0,absent,0,3465000,3465000,92,high
2132,Anika Bibi,Islamabad,12000000,0,absent,0,3465000,3465000,92,high
4175,Ramsha Begum,Multan,12000000,0,absent,0,3465000,3465000,92,high
4100,Nida Bibi,Karachi,20791678,3266962,filer,450089,6542087,6091998,92,high
10220,Fariha Bibi,Gujranwala,12000000,0,absent,0,3465000,3465000,92,high
10219,Mehmood Bajwa,Gujranwala,12000000,0,absent,0,3465000,3465000,92,high
10216,M Ashraf Memon,Lahore,12000000,0,absent,0,3465000,3465000,92,high
10392,Mohammad Jamil Bhatti,Peshawar,15000000,1902861,filer,135429,4515000,4379571,92,high
6873,Mahnoor Begum,Quetta,12000000,0,absent,0,3465000,3465000,92,high
6872,Hira Bibi,Lahore,12000000,0,absent,0,3465000,3465000,92,high
6870,Khadijah Bibi,Gujranwala,12000000,0,absent,0,3465000,3465000,92,high
2300,Farah Akhtar,Islamabad,26881439,4339257,filer,783740,8673504,7889764,92,high
2285,Akram Begg,Sialkot,18486200,2599469,filer,279867,5735170,5455303,92,high
1760,Fatima Bibi,Peshawar,12000000,0,absent,0,3465000,3465000,92,high
10267,Muhammad Shafiq Butt,Islamabad,12000000,0,absent,0,3465000,3465000,92,high
10258,Maira Bibi,Faisalabad,12000000,0,absent,0,3465000,3465000,92,high
3691,Sadiya Memon,Hyderabad,24391278,3942377,filer,652713,7801947,7149234,92,high
5942,Muhammad Yousuf Khokhar,Lahore,17249970,2411934,filer,232984,5302490,5069506,92,high
1219,Fahad Dar,Karachi,17638392,2600756,filer,280189,5438437,5158248,92,high
3658,Uzma Jamali,Hyderabad,27973122,4566739,filer,863359,9055593,8192234,92,high
6652,Nasreen Begum,Lahore,12000000,0,absent,0,3465000,3465000,92,high
6650,Mudassar Baig,Sialkot,43417720,7080286,filer,1743100,14461202,12718102,92,high
6649,Areeba Begum,Lahore,12000000,0,absent,0,3465000,3465000,92,high
6644,Naila Bibi,Faisalabad,12000000,0,absent,0,3465000,3465000,92,high
9597,Hussain Memon,Bahawalpur,15000000,2241120,filer,190280,4515000,4324720,92,high
855,Samina Bibi,Rawalpindi,12000000,0,absent,0,3465000,3465000,92,high
6672,Komal Begum,Karachi,12000000,0,absent,0,3465000,3465000,92,high
1224,Mohd Moin Gondal,Lahore,23552400,3789270,filer,606781,7508340,6901559,92,high
3568,Lubna Begum,Faisalabad,12000000,0,absent,0,3465000,3465000,92,high
6671,Hina Bibi,Karachi,12000000,0,absent,0,3465000,3465000,92,high
6669,Shabana Bibi,Lahore,12000000,0,absent,0,3465000,3465000,92,high
5634,Hira Begum,Karachi,12000000,0,absent,0,3465000,3465000,92,high
6630,Mohammed Mazhar Bhutto,Islamabad,33132445,5276905,filer,1111917,10861356,9749439,92,high
326,Ismail Siddiqui,Islamabad,34963176,5523327,filer,1198164,11502112,10303948,92,high
4545,Aleena Begum,Karachi,12000000,0,absent,0,3465000,3465000,92,high
883,M Kashif Soomro,Faisalabad,30887523,4727266,filer,919543,10075633,9156090,92,high
5759,Zoya Bibi,Karachi,12000000,0,absent,0,3465000,3465000,92,high
3413,M Fahad Ansari,Karachi,23231111,3689741,filer,576922,7395889,6818967,92,high
355,Mohammed Zafar Babas,Rawalpindi,15000000,2070058,filer,160509,4515000,4354491,92,high
10464,M Asif Gujjar,Rawalpindi,12000000,0,absent,0,3465000,3465000,92,high
2204,Faiza Begum,Karachi,12284274,0,absent,0,3564496,3564496,92,high
10310,Ibrahim Qureishi,Sialkot,12000000,0,absent,0,3465000,3465000,92,high
10290,Nawaz Gilani,Lahore,12000000,0,absent,0,3465000,3465000,92,high
2141,Waleed Hashmi,Gujranwala,32490600,5002595,filer,1015908,10636710,9620802,92,high
2138,Mohammad Mubashir Rajput,Faisalabad,15000000,2026623,filer,153993,4515000,4361007,92,high
10367,Muhammad Karim Khokhar,Peshawar,12000000,0,absent,0,3465000,3465000,92,high
10355,Sehrish Quraishi,Lahore,12000000,0,absent,0,3465000,3465000,92,high
10347,Hina Hashmi,Peshawar,12000000,0,absent,0,3465000,3465000,92,high
2135,Hussain Rizvi,Rawalpindi,15000000,1989450,filer,148418,4515000,4366582,92,high
1355,Yasmeen Bibi,Hyderabad,12000000,0,absent,0,3465000,3465000,92,high
3187,Irfan Bhatti,Multan,15000000,2089944,filer,163492,4515000,4351508,92,high
6656,Nida Begum,Karachi,12000000,0,absent,0,3465000,3465000,92,high
10476,Danish Cheema,Sialkot,12000000,0,absent,0,3465000,3465000,92,high
2082,Tahira Raja,Rawalpindi,26902401,4553910,filer,858868,8680840,7821972,92,high
1861,Mahnoor Rajput,Faisalabad,17250968,2401709,filer,230427,5302839,5072412,92,high
10405,Bashir Hashhmi,Peshawar,12000000,0,absent,0,3465000,3465000,92,high
10401,Nida Ansari,Rawalpindi,12000000,0,absent,0,3465000,3465000,92,high
10399,Shazia Lodhi,Rawalpindi,12000000,0,absent,0,3465000,3465000,92,high
10395,Muhammed Abid Gondal,Peshawar,12000000,0,absent,0,3465000,3465000,92,high
10377,Asad Hasmhi,Karachi,12000000,0,absent,0,3465000,3465000,92,high
5873,Nida Bibi,Karachi,12000000,0,absent,0,3465000,3465000,92,high
4852,Tahira Begum,Quetta,12000000,0,absent,0,3465000,3465000,92,high
3543,Jamil Siddiqui,Karachi,19981134,3203841,filer,431152,6258397,5827245,92,high
6399,Muhammad Bashir Wattoo,Bahawalpur,31626348,5133966,filer,1061888,10334222,9272334,92,high
3519,Mohd Aamir Magsi,Multan,15000000,1763346,filer,114502,4515000,4400498,92,high
6578,Rabia Begum,Faisalabad,12000000,0,absent,0,3465000,3465000,92,high
1907,Hamid Virk,Lahore,28883954,4990495,filer,1011673,9374384,8362711,91,high
10396,Nida Gondal,Sialkot,10500000,0,absent,0,2940000,2940000,91,high
10432,Jami Lsiddiqui,Karachi,10500000,0,absent,0,2940000,2940000,91,high
2065,Talha Niazi,Peshawar,25184167,4512698,filer,844444,8079458,7235014,91,high
10426,Ibrahim Yousafzai,Faisalabad,10500000,0,absent,0,2940000,2940000,91,high
10419,Lubnas Hah,Bahawalpur,10500000,0,absent,0,2940000,2940000,91,high
5243,M Zahid Begg,Karachi,33395928,5695606,filer,1258462,10953575,9695113,91,high
6431,Noor Paracha,Karachi,27011669,4841133,filer,959397,8719084,7759687,91,high
499,Mohammad Tariq Afridi,Karachi,21128800,3711305,filer,583392,6660080,6076688,91,high
4429,Muhammed Bilawal Marwat,Peshawar,27135012,4866587,filer,968305,8762254,7793949,91,high
5428,Wasim Qureishi,Gujranwala,32086800,5741860,filer,1274651,10495380,9220729,91,high
1101,Mohd Haroon Mengal,Lahore,36528078,6467372,filer,1528580,12049827,10521247,91,high
3750,Ahmed Arain,Karachi,27867776,5151859,filer,1068151,9018722,7950571,91,high
2777,Muhammad Iqbal Kakar,Gujranwala,15000000,2326816,filer,211704,4515000,4303296,91,high
2766,Mohammed Jahangir Shah,Multan,36972801,6344694,filer,1485643,12205480,10719837,91,high
6064,Faraz Wattoo,Lahore,15000000,2460949,filer,245237,4515000,4269763,91,high
3872,Muhammad Javed Khokhar,Lahore,31127469,5387005,filer,1150452,10159614,9009162,91,high
4292,Wasim Gondal,Karachi,38614731,6820709,filer,1652248,12780156,11127908,91,high
5492,M Jamil Butt,Hyderabad,25854040,4571945,filer,865181,8313914,7448733,91,high
5485,Mohd Abdullah Jamali,Islamabad,15000000,2415831,filer,233958,4515000,4281042,91,high
6615,Mohd Ali Lodhi,Karachi,22365032,4077091,filer,693127,7092761,6399634,91,high
896,Nimra Siddiqi,Peshawar,10500000,205486,filer,0,2940000,2940000,91,high
4945,Muhammed Zeeshan Baig,Islamabad,27294600,4646390,filer,891236,8818110,7926874,91,high
2518,Ramsha Virk,Rawalpindi,23216750,4162410,filer,721844,7390862,6669018,91,high
6701,Muhammed Pervez Malik,Islamabad,15000000,2545805,filer,266451,4515000,4248549,91,high
3868,Raza Rajpt,Islamabad,33375424,5659132,filer,1245696,10946398,9700702,91,high
2928,Taimur Sidiqui,Quetta,15000000,2425313,filer,236328,4515000,4278672,91,high
10259,M Nawaz Marwat,Hyderabad,29674487,5138144,filer,1063350,9651070,8587720,91,high
3723,Saeed Wattoo,Karachi,15000000,2289897,filer,202474,4515000,4312526,91,high
6735,Moin Memon,Sialkot,19949617,3638815,filer,561644,6247366,5685722,91,high
2953,Mohd Rafique Khokhar,Islamabad,34441321,6403314,filer,1506160,11319462,9813302,91,high
2919,M Zahid Awan,Karachi,19257338,3474339,filer,512302,6005068,5492766,91,high
1491,Muhammad Mazhar Marwat,Karachi,20131218,3444082,filer,503225,6310926,5807701,91,high
10482,Nasreen Bibi,Islamabad,14716776,2387740,filer,226935,4415872,4188937,91,high
249,Faraz Niazi,Lahore,15930551,2486900,filer,251725,4840693,4588968,91,high
1188,M Javed Khokhar,Rawalpindi,42223800,7724307,filer,1968507,14043330,12074823,91,high
3696,Nimra Akhtar,Islamabad,25425294,4550603,filer,857711,8163853,7306142,91,high
2328,Mohammad Fahad Niazi,Faisalabad,22014216,3813897,filer,614169,6969976,6355807,91,high
2482,Shahid Abbas,Sialkot,31749729,5724065,filer,1268423,10377405,9108982,91,high
10234,Amna Shiekh,Karachi,10500000,0,absent,0,2940000,2940000,91,high
3039,Anwar Shah,Multan,36469849,6772881,filer,1635508,12029447,10393939,91,high
6690,Eman Zaidi,Hyderabad,22591600,3927500,filer,648250,7172060,6523810,91,high
4111,Muhammad Zahid Jamali,Gujranwala,28433393,5086025,filer,1045109,9216688,8171579,91,high
4131,Zafar Rizvi,Karachi,15000000,2427565,filer,236891,4515000,4278109,91,high
2126,Rashid Siddiqui,Sialkot,15000000,2445830,filer,241458,4515000,4273542,91,high
6076,Zeeshan Mirza,Karachi,15000000,2591099,filer,277775,4515000,4237225,91,high
582,Warda Cheema,Karachi,35666221,6103537,filer,1401238,11748177,10346939,91,high
6410,Mohammad Khalid Rizvi,Islamabad,26454987,4664164,filer,897457,8524245,7626788,91,high
727,Yousuf Janjua,Islamabad,18739000,3299984,filer,459995,5823650,5363655,91,high
3094,Muhammad Ejaz Paracha,Karachi,32100685,5983878,filer,1359357,10500240,9140883,91,high
3622,Muhammad Bilal Soomro,Karachi,10386600,708634,filer,5432,2900310,2894878,91,high
2245,Zeeshan Ansari,Rawalpindi,37331400,6424304,filer,1513506,12330990,10817484,91,high
553,Samina Khan,Lahore,19202200,3512007,filer,523602,5985770,5462168,91,high
3301,Arif Memon,Islamabad,16844342,2884696,filer,351174,5160520,4809346,91,high
3295,Saad Khokhar,Lahore,12652952,1883644,filer,132547,3693533,3560986,91,high
929,Hammad Mughal,Rawalpindi,28786532,5324100,filer,1128435,9340286,8211851,91,high
1398,M Sajid Chaudhary,Gujranwala,15000000,2417046,filer,234262,4515000,4280738,91,high
5270,Zahid Tareen,Gujranwala,18872983,3182729,filer,425682,5870544,5444862,91,high
5258,Sana Sandhu,Lahore,23230200,4314273,filer,774996,7395570,6620574,91,high
10254,Faraz Mughal,Karachi,40114669,6879673,filer,1672886,13305134,11632248,91,high
3176,Mubashir Abbasi,Peshawar,28763003,4986433,filer,1010252,9332051,8321799,91,high
3140,Rehan Niazi,Multan,15000000,2355880,filer,218970,4515000,4296030,91,high
4560,Muhammad Bilawal Loodhi,Quetta,18708356,3304530,filer,461359,5812925,5351566,91,high
4215,Nawaz Gillani,Multan,15000000,2452749,filer,243187,4515000,4271813,91,high
10302,Muhammad Mazha Rlodhi,Bahawalpur,10500000,0,absent,0,2940000,2940000,91,high
5984,Muhammad Hamid Sh,Lahore,15000000,2449901,filer,242475,4515000,4272525,91,high
1783,Younis Mughal,Karachi,15006526,2534396,filer,263599,4517284,4253685,91,high
10306,Muhammad Naveed Cheema,Sialkot,34491200,6023916,filer,1373371,11336920,9963549,91,high
3259,Shabana Arain,Karachi,32832000,5774241,filer,1285984,10756200,9470216,91,high
3251,Bilawal Khattak,Lahore,18858800,3184264,filer,426066,5865580,5439514,91,high
3535,Ramsha Bibi,Islamabad,33035600,5787913,filer,1290770,10827460,9536690,91,high
10291,Bushra Ch,Rawalpindi,10500000,0,absent,0,2940000,2940000,91,high
5854,Tariq Niazi,Faisalabad,15000000,2384258,filer,226064,4515000,4288936,91,high
4777,Bilawal Soomro,Multan,33844720,5910567,filer,1333698,11110652,9776954,91,high
30,Muhammad Ibrahim Tareen,Lahore,30380089,5666511,filer,1248279,9898031,8649752,91,high
6174,Bilawal Hamdani,Faisalabad,15314317,2501143,filer,255286,4625011,4369725,91,high
437,Muhammad Ibrahim Mengal,Gujranwala,27813846,4837741,filer,958209,8999846,8041637,91,high
2357,Mohmamad Nadeem Kayani,Peshawar,34421246,5914224,filer,1334978,11312436,9977458,91,high
508,Akram Virk,Lahore,16588770,2880686,filer,350172,5071070,4720898,91,high
4266,Mohd Khaled Dar,Bahawalpur,41938870,7792802,filer,1992481,13943604,11951123,91,high
1955,Abid Dar,Lahore,40722428,7164295,filer,1772503,13517850,11745347,91,high
2031,Faiza Begum,Karachi,23114111,4067428,filer,690228,7354939,6664711,91,high
10530,Tooba Soomro,Karachi,10500000,0,absent,0,2940000,2940000,91,high
10307,Muhammad Waseem Niazi,Lahore,23855400,4671871,filer,900155,7614390,6714235,90,high
3387,Farah Chaudhry,Lahore,31659427,6017114,filer,1370990,10345799,8974809,90,high
4712,Ayaz Marwat,Lahore,30672542,6259388,filer,1455786,10000390,8544604,90,high
3746,Shafiq Rizvi,Peshawar,15000000,2835630,filer,338908,4515000,4176092,90,high
10509,Muhammed Junaid Hashmi,Karachi,15000000,2720021,filer,310005,4515000,4204995,90,high
173,Muhammad Talha Lodhi,Islamabad,29546604,5989653,filer,1361379,9606311,8244932,90,high
750,Muhammad Usama Sandhu,Karachi,15616080,3023926,filer,385982,4730628,4344646,90,high
2613,Waqar Niazi,Hyderabad,25618000,5258222,filer,1105378,8231300,7125922,90,high
10277,Nadeem Mengal,Lahore,30837400,5796376,filer,1293732,10058090,8764358,90,high
10428,Mahnoor Ch,Karachi,15000000,2716275,filer,309069,4515000,4205931,90,high
5914,Hussain Khokhar,Karachi,10798166,1305894,filer,45884,3044358,2998474,90,high
494,Mohd Aamir Soomro,Gujranwala,15000000,2852030,filer,343008,4515000,4171992,90,high
3906,Mohammed Zafar Janjua,Hyderabad,15000000,2745700,filer,316425,4515000,4198575,90,high
5323,Zoya Bhatti,Faisalabad,50690673,9671121,filer,2649892,17006736,14356844,90,high
2427,M Fahad Magsi,Karachi,15000000,2723209,filer,310802,4515000,4204198,90,high
4676,Mehmood Bajwa,Gujranwala,15000000,2691103,filer,302776,4515000,4212224,90,high
6226,Muhammad Bashir Geelani,Faisalabad,15000000,2793538,filer,328384,4515000,4186616,90,high
1161,M Jamil Magsi,Hyderabad,36770945,7000645,filer,1715226,12134831,10419605,90,high
6758,Muhammad Asif Janjua,Lahore,49288730,9332793,filer,2531478,16516055,13984577,90,high
2201,Mohd Haroon Soomro,Peshawar,37433606,7664045,filer,1947416,12366762,10419346,90,high
6529,Mohammad Ashid Zaidi,Peshawar,15665507,2872073,filer,348018,4747927,4399909,90,high
5751,Anika Khan,Lahore,33690350,6663932,filer,1597376,11056622,9459246,90,high
2594,Salman Rajput,Faisalabad,25941600,5036408,filer,1027743,8344560,7316817,90,high
3357,Pervez Hashmi,Hyderabad,23415795,4527889,filer,849761,7460528,6610767,90,high
3347,Anika Afridi,Lahore,28706000,5540150,filer,1204052,9312100,8108048,90,high
3341,Mohd Abdullah Awan,Multan,40001048,7753434,filer,1978702,13265367,11286665,90,high
3494,Zahid Mirza,Multan,15000000,2839985,filer,339996,4515000,4175004,90,high
3486,Muhammad Mahmood Yousafzai,Peshawar,34085099,6537726,filer,1553204,11194785,9641581,90,high
1169,Danish Raja,Islamabad,26742600,5321573,filer,1127551,8624910,7497359,90,high
2903,Saba Bibi,Islamabad,15000000,2623484,filer,285871,4515000,4229129,90,high
816,Muhammad Haroon Kayani,Islamabad,37896245,7536198,filer,1902669,12528686,10626017,90,high
827,Rida Mughal,Peshawar,27340661,5320033,filer,1127012,8834231,7707219,90,high
709,Muhammad Faysal Khan,Hyderabad,39424911,7808739,filer,1998059,13063719,11065660,90,high
4632,Mudassar Dar,Gujranwala,21961564,4307944,filer,772780,6951547,6178767,90,high
1723,Ramsha Khattak,Gujranwala,15167200,2953208,filer,368302,4573520,4205218,90,high
524,Saied Mengal,Karachi,24597302,4922347,filer,987821,7874056,6886235,90,high
5745,Yousuf Raja,Lahore,28054285,5374382,filer,1146034,9084000,7937966,90,high
1774,Khadija Khattak,Rawalpindi,25548536,4849584,filer,962354,8206988,7244634,90,high
6596,Nida Magsi,Peshawar,26583800,5139113,filer,1063690,8569330,7505640,90,high
2959,Mohammad Fawad Durrani,Rawalpindi,23888443,4890093,filer,976533,7625955,6649422,90,high
5016,Sehrish Butt,Multan,32312000,6504429,filer,1541550,10574200,9032650,90,high
960,Muhammad Kamran Siddiqi,Gujranwala,15000000,2703036,filer,305759,4515000,4209241,90,high
1422,Sehrish Warraich,Gujranwala,26605200,5050796,filer,1032779,8576820,7544041,90,high
3032,Faiza Begg,Faisalabad,17059561,3304332,filer,461300,5235846,4774546,90,high
10274,Muhammad Asif Sandhu,Faisalabad,15000000,2866283,filer,346571,4515000,4168429,90,high
1815,Kashif Kayani,Karachi,30839258,5867269,filer,1318544,10058740,8740196,90,high
342,Warda Warraich,Islamabad,27335816,5381136,filer,1148398,8832536,7684138,90,high
334,Mohammed Yasir Jutt,Lahore,15000000,2609560,filer,282390,4515000,4232610,90,high
10323,Tahirah Cheema,Lahore,35332600,7153461,filer,1768711,11631410,9862699,90,high
1253,Muhammad Anwar Cheema,Faisalabad,21975929,4356737,filer,789858,6956575,6166717,90,high
1840,Mohammad Rasheed Afridi,Islamabad,14887106,2699746,filer,304936,4475487,4170551,90,high
4643,Javreia Niazi,Peshawar,15000000,2777063,filer,324266,4515000,4190734,90,high
2257,Hira Begum,Gujranwala,34376665,6947071,filer,1696475,11296833,9600358,90,high
5272,Rabia Gujjar,Gujranwala,17962507,3456160,filer,506848,5551877,5045029,90,high
3603,Mansoor Abbas,Faisalabad,40656600,8355933,filer,2189577,13494810,11305233,90,high
3578,Rukhsana Bibi,Rawalpindi,50404831,10231891,filer,2846162,16906691,14060529,90,high
5478,Aleena Sheikh,Faisalabad,15000000,2679520,filer,299880,4515000,4215120,90,high
4297,Mohammad Akram Soomro,Karachi,17568507,3506189,filer,521857,5413977,4892120,90,high
1659,M Owais Niazi,Rawalpindi,35775880,6959410,filer,1700794,11786558,10085764,90,high
2704,Yasmin Bajwa,Islamabad,15000000,2884416,filer,351104,4515000,4163896,90,high
1578,Moin Malik,Islamabad,22792112,4383116,filer,799091,7242239,6443148,90,high
3621,Asma Kayani,Bahawalpur,15000000,2658948,filer,294737,4515000,4220263,90,high
6323,Owais Janjua,Faisalabad,15000000,2721558,filer,310390,4515000,4204610,90,high
1758,Zeeshan Jamali,Lahore,29371220,5547463,filer,1206612,9544927,8338315,90,high
10522,Zafar Sandhu,Faisalabad,29476204,5833670,filer,1306784,9581671,8274887,90,high
5593,Nazia Mengal,Hyderabad,33800190,6733072,filer,1621575,11095066,9473491,90,high
5730,Shabana Khan,Bahawalpur,20218312,4088113,filer,696434,6341409,5644975,90,high
3381,Muhammad Raza Abbas,Rawalpindi,33415133,6296454,filer,1468759,10960297,9491538,90,high
1349,Younis Raja,Gujranwala,44856193,8848359,filer,2361926,14964668,12602742,90,high
1829,Tariq Bhatti,Lahore,41877200,8212312,filer,2139309,13922020,11782711,90,high
93,Karim Cheema,Rawalpindi,28643883,5437519,filer,1168132,9290359,8122227,90,high
1850,Kashif Zaidi,Karachi,15000000,2689797,filer,302449,4515000,4212551,90,high
1845,Khadija Hashmi,Islamabad,15000000,2632904,filer,288226,4515000,4226774,90,high
2066,Farah Arain,Rawalpindi,28652919,5646692,filer,1241342,9293522,8052180,90,high
3772,M Asif Akhtar,Lahore,37104170,7100548,filer,1750192,12251460,10501268,90,high
10265,Imran Hamdani,Multan,30939790,6147296,filer,1416554,10093926,8677372,90,high
466,Mazhar Abbas,Karachi,21225262,4371598,filer,795059,6693842,5898783,90,high
2033,M Anwar Bhutto,Rawalpindi,33335295,6817250,filer,1651038,10932353,9281315,90,high
46,Farhan Magsi,Karachi,17689585,3893254,filer,637976,5456355,4818379,89,high
1965,Aslam Jamali,Peshawar,15000000,3002512,filer,380628,4515000,4134372,89,high
10434,Sajid Sanduh,Hyderabad,9000000,0,absent,0,2415000,2415000,89,high
433,Abid Soomro,Karachi,15000000,3119031,filer,409758,4515000,4105242,89,high
4124,Hina Naqvi,Lahore,38682892,8249973,filer,2152491,12804012,10651521,89,high
10504,Asad Abbasi,Hyderabad,9000000,0,absent,0,2415000,2415000,89,high
10487,Hussain Baig,Peshawar,9000000,0,absent,0,2415000,2415000,89,high
10386,Rukhsana Bibi,Rawalpindi,9000000,0,absent,0,2415000,2415000,89,high
4940,Rehan Dar,Lahore,15000000,2998520,filer,379630,4515000,4135370,89,high
10475,Muhammad Mansoor Gondal,Gujranwala,23639960,4943430,filer,995200,7538986,6543786,89,high
10455,M Ali Lodhi,Karachi,9000000,0,absent,0,2415000,2415000,89,high
10273,Arif Mughal,Karachi,9000000,0,absent,0,2415000,2415000,89,high
2825,Iqbal Rizvi,Bahawalpur,37021795,7740456,filer,1974160,12222628,10248468,89,high
2177,Muhammed Abid Raja,Islamabad,36703925,7638987,filer,1938645,12111374,10172729,89,high
899,Ayesha Bibi,Rawalpindi,15000000,3000121,filer,380030,4515000,4134970,89,high
2091,Aiman Paracha,Hyderabad,28471893,6129298,filer,1410254,9230163,7819909,89,high
10252,Mohammed Yasir Mengal,Faisalabad,9000000,0,absent,0,2415000,2415000,89,high
663,Anwar Sandhu,Rawalpindi,15000000,3170694,filer,422674,4515000,4092326,89,high
6372,Zafar Khan,Islamabad,15000000,3237752,filer,441326,4515000,4073674,89,high
5565,Mohammed Hassan Cheema,Lahore,24541400,5079092,filer,1042682,7854490,6811808,89,high
1060,Zubair Mughal,Quetta,20630600,4509402,filer,843291,6485710,5642419,89,high
4629,Abida Raja,Faisalabad,28317076,6210687,filer,1438740,9175977,7737237,89,high
4633,Sidra Arain,Islamabad,37745600,7946226,filer,2046179,12475960,10429781,89,high
3129,Zoya Baig,Lahore,31927400,6938200,filer,1693370,10439590,8746220,89,high
2238,Usama Sial,Gujranwala,19128600,4120271,filer,707095,5960010,5252915,89,high
3987,Saied Tarar,Bahawalpur,15283687,3099754,filer,404938,4614290,4209352,89,high
3530,Akram Afridi,Lahore,31832497,7029458,filer,1725310,10406374,8681064,89,high
1652,Mohammad Hammad Satti,Karachi,25355020,5496094,filer,1188633,8139257,6950624,89,high
1591,Navid Durrani,Sialkot,35869226,7972254,filer,2055289,11819229,9763940,89,high
2560,Muhammad Zafar Abbas,Gujranwala,15000000,3054201,filer,393550,4515000,4121450,89,high
1647,Mudassar Wattoo,Rawalpindi,34882767,7358306,filer,1840407,11473968,9633561,89,high
3620,Tanveer Wattoo,Lahore,15000000,3217514,filer,435254,4515000,4079746,89,high
10512,Raza Shiekh,Sialkot,34367017,7155360,filer,1769376,11293456,9524080,89,high
6331,Mohammed Adnan Malik,Lahore,24976621,5526976,filer,1199442,8006817,6807375,89,high
10489,Maryam Siddiqui,Multan,28209610,6185544,filer,1429940,9138364,7708424,89,high
10214,Muhammad Yasir Khan,Rawalpindi,9000000,0,absent,0,2415000,2415000,89,high
4908,Muhammad Aamir Durrani,Karachi,42472200,9310975,filer,2523841,14130270,11606429,89,high
10441,Muhammad Adnan Mughal,Islamabad,9000000,0,absent,0,2415000,2415000,89,high
5229,Qasem Wattoo,Lahore,15000000,3133796,filer,413449,4515000,4101551,89,high
9238,Muhammed Kamran Satti,Rawalpindi,15000000,3189297,filer,427324,4515000,4087676,89,high
3395,Farah Watttoo,Gujranwala,15579800,3290045,filer,457014,4717930,4260916,89,high
5401,Bilawal Bhatti,Bahawalpur,15000000,3118085,filer,409521,4515000,4105479,89,high
4753,Aleena Niazi,Karachi,19223183,4151217,filer,717926,5993114,5275188,89,high
4244,Pervez Abbasi,Peshawar,15000000,3204981,filer,431494,4515000,4083506,89,high
2770,Taimur Khokhar,Karachi,15000000,3130704,filer,412676,4515000,4102324,89,high
787,Rasheed Dar,Islamabad,40715920,9050607,filer,2432712,13515572,11082860,89,high
2561,M Abdullah Cheema,Karachi,19209400,4187948,filer,730782,5988290,5257508,89,high
2437,Zahid Warraich,Lahore,26766859,5843380,filer,1310183,8633401,7323218,89,high
1526,Javed Marwat,Islamabad,50266482,10946199,filer,3096170,16858269,13762099,89,high
5456,Mohd Sufayn Gondal,Karachi,15000000,3066558,filer,396640,4515000,4118360,89,high
5048,Hira Begum,Rawalpindi,27554400,5848974,filer,1312141,8909040,7596899,89,high
10003,Mohammed Asad Durrani,Peshawar,15000000,3057309,filer,394327,4515000,4120673,89,high
3354,Laiba Kakar,Faisalabad,15000000,3052512,filer,393128,4515000,4121872,89,high
1600,Abida Jutt,Lahore,38937168,8213299,filer,2139655,12893009,10753354,89,high
4480,Osman Khan,Hyderabad,24173400,5385660,filer,1149981,7725690,6575709,89,high
10314,Tooba Lodhi,Sialkot,9000000,0,absent,0,2415000,2415000,89,high
10322,Muhammad Navid Abbas,Karachi,9000000,0,absent,0,2415000,2415000,89,high
10294,Hussain Khan,Multan,9000000,0,absent,0,2415000,2415000,89,high
1495,M Shafiq Butt,Islamabad,21083890,4358089,filer,790331,6644362,5854031,89,high
6154,M Rashid Tarar,Lahore,36121777,7779262,filer,1987742,11907622,9919880,89,high
2513,Rehan Khattak,Lahore,29370600,6100093,filer,1400033,9544710,8144677,89,high
2488,Kiran Wattoo,Islamabad,24316200,5227573,filer,1094651,7775670,6681019,89,high
2811,M Saied Hashmi,Rawalpindi,22950530,4886495,filer,975273,7297686,6322413,89,high
6712,Bilal Virk,Gujranwala,40328800,8844880,filer,2360708,13380080,11019372,89,high
6087,Qasim Gondal,Karachi,15000000,3130070,filer,412518,4515000,4102482,89,high
1072,Mazhar Raja,Gujranwala,15000000,3123819,filer,410955,4515000,4104045,89,high
2876,Irfan Memon,Hyderabad,30448600,6380196,filer,1498069,9922010,8423941,89,high
5833,Ashraf Kazmi,Lahore,36529902,7945623,filer,2045968,12050466,10004498,89,high
5495,Mudassar Memon,Karachi,25024101,5236334,filer,1097717,8023435,6925718,89,high
6603,Ghulam Kazmi,Rawalpindi,25677200,5626689,filer,1234341,8252020,7017679,89,high
992,Sehrish Virk,Faisalabad,8697840,0,absent,0,2309244,2309244,89,high
6731,Fawad Akhtar,Karachi,19126946,4117927,filer,706274,5959431,5253157,89,high
1499,Rabia Awan,Peshawar,32975878,7013997,filer,1719899,10806557,9086658,89,high
4675,Jahangir Begg,Faisalabad,24280339,5057445,filer,1035106,7763119,6728013,89,high
1738,Rukhsana Durrani,Peshawar,23687022,5158304,filer,1070406,7555458,6485052,89,high
9051,Nasir Tarar,Gujranwala,15000000,3123810,filer,410952,4515000,4104048,89,high
5312,Wasim Dar,Lahore,15000000,3192529,filer,428132,4515000,4086868,89,high
10321,Tariq Hamdani,Bahawalpur,27734000,6174343,filer,1426020,8971900,7545880,89,high
822,Mishal Warracih,Lahore,35378600,7306854,filer,1822399,11647510,9825111,89,high
6307,Samina Paracha,Multan,41529800,8555250,filer,2259338,13800430,11541092,89,high
1011,Shafiq Abbas,Lahore,15000000,3252641,filer,445792,4515000,4069208,89,high
6301,Mohd Sajid Janjua,Lahore,15000000,3235661,filer,440698,4515000,4074302,89,high
1828,Muhammad Ismail Tareen,Multan,29865405,6363035,filer,1492062,9717892,8225830,89,high
1236,Nida Bhatti,Karachi,50402271,11157924,filer,3170273,16905795,13735522,89,high
6201,Nazia Abbas,Islamabad,21598600,4811710,filer,949098,6824510,5875412,89,high
1158,Usama Virk,Gujranwala,36371946,7672183,filer,1950264,11995181,10044917,89,high
891,Muhammad Irfan Chaudhry,Karachi,15000000,3262000,filer,448600,4515000,4066400,89,high
2578,Taimur Naqvi,Quetta,24618501,5129854,filer,1060449,7881475,6821026,89,high
5490,Muhammad Wasim Paracha,Faisalabad,18195739,3727145,filer,588144,5633509,5045365,89,high
1635,Lubna Begum,Faisalabad,31816400,6989137,filer,1711198,10400740,8689542,89,high
5437,Mohammad Mazhar Butt,Hyderabad,22076600,5050946,filer,1032831,6991810,5958979,88,high
9300,Bilal Khan,Rawalpindi,15000000,3450056,filer,505017,4515000,4009983,88,high
2910,Farhan Hamdani,Karachi,39609348,9122205,filer,2457772,13128272,10670500,88,high
5995,Anwar Kayani,Rawalpindi,34380905,7957064,filer,2049972,11298317,9248345,88,high
1854,Nasreen Begum,Peshawar,29208800,6534276,filer,1551997,9488080,7936083,88,high
4394,Muhammad Haroon Warraich,Islamabad,25931430,6163143,filer,1422100,8341000,6918900,88,high
4750,Javaid Niazi,Lahore,23534033,5480230,filer,1183080,7501912,6318832,88,high
5894,Muhammad Waqar Shaikh,Lahore,15000000,3292161,filer,457648,4515000,4057352,88,high
4550,Shahid Qureshi,Islamabad,33037673,7456672,filer,1874835,10828186,8953351,88,high
3511,Tooba Cheema,Gujranwala,18819050,4263016,filer,757056,5851668,5094612,88,high
3892,Asma Hamdani,Islamabad,36002553,8284479,filer,2164568,11865894,9701326,88,high
4903,Mohammed Abdullah Bhatti,Islamabad,15000000,3365491,filer,479647,4515000,4035353,88,high
1122,Nasrin Akhtar,Karachi,15197000,3424088,filer,497226,4583950,4086724,88,high
1073,Anika Kakar,Karachi,35379572,7924807,filer,2038682,11647850,9609168,88,high
19,Ghulam Abbas,Islamabad,21240870,5037723,filer,1028203,6699304,5671101,88,high
121,Ibrahim Mirza,Faisalabad,30486000,7143875,filer,1765356,9935100,8169744,88,high
112,Arif Bhatti,Hyderabad,23987526,5386803,filer,1150381,7660634,6510253,88,high
626,Khalid Gondal,Karachi,15000000,3328508,filer,468552,4515000,4046448,88,high
5519,Shahid Shah,Faisalabad,15000000,3337847,filer,471354,4515000,4043646,88,high
2939,Muhammad Shahzad Paracha,Faisalabad,30197748,6788507,filer,1640977,9834212,8193235,88,high
10462,Areeba Zaidi,Multan,25800993,5759394,filer,1280788,8295348,7014560,88,high
3108,Mehwish Ansari,Peshawar,32038961,7348792,filer,1837077,10478636,8641559,88,high
3097,Adnan Wattoo,Lahore,15000000,3539960,filer,531988,4515000,3983012,88,high
4203,Jahangir Hamdani,Rawalpindi,18207000,4162070,filer,721724,5637450,4915726,88,high
2162,Mohammed Hamid Cheema,Gujranwala,15000000,3310273,filer,463082,4515000,4051918,88,high
3660,Shagufta Mirza,Multan,26942400,6459643,filer,1525875,8694840,7168965,88,high
6570,Mohammed Waleed Bajwa,Islamabad,15000000,3463573,filer,509072,4515000,4005928,88,high
2070,Waqar Niazi,Karachi,45838761,11056202,filer,3134671,15308566,12173895,88,high
6232,Lubna Virk,Islamabad,27691242,6451219,filer,1522927,8956935,7434008,88,high
4353,Fahad Rajput,Hyderabad,34075414,8174992,filer,2126247,11191395,9065148,88,high
278,Muhammad Ismail Baig,Gujranwala,33785200,7925160,filer,2038806,11089820,9051014,88,high
2559,Muhammad Saeed Sial,Sialkot,15000000,3484796,filer,515439,4515000,3999561,88,high
339,Faisal Akhtar,Islamabad,37425000,8849925,filer,2362474,12363750,10001276,88,high
2014,Akraam Khattak,Rawalpindi,24920800,5781176,filer,1288412,7987280,6698868,88,high
1281,Mohammed Hammad Khan,Gujranwala,15000000,3327653,filer,468296,4515000,4046704,88,high
1115,Ayaz Satti,Lahore,40994691,9482441,filer,2583854,13613142,11029288,88,high
500,Mohd Rafique Malik,Hyderabad,30945933,7129469,filer,1760314,10096077,8335763,88,high
824,Mudassar Zaidi,Lahore,43191035,10068724,filer,2789053,14381862,11592809,88,high
5174,Mohd Jahangir Bhatti,Rawalpindi,15000000,3392895,filer,487868,4515000,4027132,88,high
4031,Fatima Paracha,Islamabad,13135400,2962101,filer,370525,3862390,3491865,88,high
131,Fawad Rizvi,Karachi,15573950,3499707,filer,519912,4715882,4195970,88,high
3962,Husain Mirza,Rawalpindi,17913600,4304697,filer,771644,5534760,4763116,88,high
1508,Rehan Bhatti,Karachi,31110000,7304261,filer,1821491,10153500,8332009,88,high
3719,Usama Sandhu,Lahore,15000000,3514902,filer,524471,4515000,3990529,88,high
819,Shahad Lodhi,Hyderabad,18537400,4416396,filer,810739,5753090,4942351,88,high
6601,Hina Magsi,Peshawar,39294528,9136017,filer,2462606,13018085,10555479,88,high
6013,Waleed Memon,Lahore,32941018,7471019,filer,1879857,10794356,8914499,88,high
1052,Mansoor Jutt,Karachi,15000000,3338186,filer,471456,4515000,4043544,88,high
1525,Mohd Aslam Gilani,Karachi,15000000,3501660,filer,520498,4515000,3994502,88,high
4186,Mohammed Nawaz Kazmi,Rawalpindi,15000000,3476911,filer,513073,4515000,4001927,88,high
2356,Rabia Bibi,Karachi,38423134,8613627,filer,2279769,12713097,10433328,88,high
848,Saeed Malik,Karachi,24106329,5515600,filer,1195460,7702215,6506755,88,high
5590,Mohd Saied Sial,Karachi,19843558,4447440,filer,821604,6210245,5388641,88,high
2358,Muhammad Nadim Janjua,Karachi,31773400,7605306,filer,1926857,10385690,8458833,88,high
1055,Ramsha Sial,Lahore,38851643,8758123,filer,2330343,12863075,10532732,88,high
6254,Mubashir Siddiqi,Lahore,15000000,3461248,filer,508374,4515000,4006626,88,high
2150,Shafique Kazmi,Gujranwala,15000000,3314054,filer,464216,4515000,4050784,88,high
712,Mohammed Asad Magsi,Islamabad,54360803,12614107,filer,3679937,18291281,14611344,88,high
1692,Ayaz Afridi,Islamabad,15107400,3430419,filer,499126,4552590,4053464,88,high
1176,Yasir Ansari,Sialkot,32798006,7650598,filer,1942709,10744302,8801593,88,high
4685,Anwar Rajput,Karachi,15000000,3438078,filer,501423,4515000,4013577,88,high
3248,Ibrahim Ansari,Lahore,20200488,4777049,filer,936967,6335171,5398204,88,high
10211,Ghulam Yusufzai,Islamabad,34955449,8261138,filer,2156398,11499407,9343009,88,high
3075,Mohammad Abdullah Kayani,Peshawar,15000000,3684597,filer,575379,4515000,3939621,87,high
3076,Farhan Gilani,Karachi,39529200,9641472,filer,2639515,13100220,10460705,87,high
6592,Shahid Khokhar,Multan,15000000,3679309,filer,573793,4515000,3941207,87,high
3015,Muhammad Zubayr Ansari,Islamabad,15000000,3700779,filer,580234,4515000,3934766,87,high
1765,Said Arain,Rawalpindi,15113336,3821464,filer,616439,4554668,3938229,87,high
4019,Zubaida Mughal,Karachi,20187697,5037935,filer,1028277,6330694,5302417,87,high
5615,Riaz Warraich,Lahore,37204744,9153624,filer,2468768,12286660,9817892,87,high
3593,Fariha Mughal,Karachi,15542065,3970644,filer,661193,4704723,4043530,87,high
2703,Muhamma Aamir Kayani,Bahawalpur,33115400,8325739,filer,2179009,10855390,8676381,87,high
1646,Abdullah Soomro,Gujranwala,9000000,1622612,filer,93392,2415000,2321608,87,high
2188,Mohammad Sufyan Lodhi,Islamabad,15000000,3617466,filer,555240,4515000,3959760,87,high
3722,M Usama Marwat,Karachi,24972819,6291127,filer,1466894,8005487,6538593,87,high
3455,Asad Kakar,Gujranwala,15950400,4061230,filer,688369,4847640,4159271,87,high
288,Pervez Baig,Lahore,36031800,8860939,filer,2366329,11876130,9509801,87,high
2036,Taimur Soomro,Peshawar,30962475,7692439,filer,1957354,10101866,8144512,87,high
5354,Sufyan Ansari,Karachi,15000000,3556187,filer,536856,4515000,3978144,87,high
2115,Muhammed Waqar Afridi,Islamabad,37041589,9546417,filer,2606246,12229556,9623310,87,high
1030,Bashir Kayani,Peshawar,27481142,6700742,filer,1610260,8883400,7273140,87,high
527,Nida Ansari,Quetta,16769645,4265592,filer,757957,5134376,4376419,87,high
3975,M Akram Kazmi,Hyderabad,29360200,7258108,filer,1805338,9541070,7735732,87,high
6080,Ramsha Gujjar,Gujranwala,17606600,4349672,filer,787385,5427310,4639925,87,high
4302,Ghulam Abbas,Islamabad,30391200,7392705,filer,1852447,9901920,8049473,87,high
1978,Muhammad Hussein Raja,Lahore,23153400,5736020,filer,1272607,7368690,6096083,87,high
280,Hina Begum,Karachi,27071168,6579411,filer,1567794,8739909,7172115,87,high
3713,Nimra Bibi,Hyderabad,32322400,7953024,filer,2048558,10577840,8529282,87,high
1353,Mohammad Rashid Yousafzai,Faisalabad,18447800,4733224,filer,921628,5721730,4800102,87,high
5021,Khadija Gondal,Multan,27540200,6839182,filer,1658714,8904070,7245356,87,high
3961,M Akram Virk,Multan,18718971,4551329,filer,857965,5816640,4958675,87,high
6088,Muhammad Aamir Chaudhry,Quetta,15000000,3597550,filer,549265,4515000,3965735,87,high
6122,Zeeshan Khattak,Sialkot,23662200,5798258,filer,1294390,7546770,6252380,87,high
3951,Mansoor Bajwa,Karachi,13527498,3187879,filer,426970,3999624,3572654,87,high
1873,Rukhsana Begum,Karachi,25799521,6284526,filer,1464584,8294832,6830248,87,high
6857,Imran Gilani,Peshawar,7875000,0,absent,0,2021250,2021250,87,high
1515,Bilal Dar,Lahore,19088630,4709190,filer,913216,5946020,5032804,87,high
5992,Riaz Yousafzai,Multan,15000000,3653764,filer,566129,4515000,3948871,87,high
1429,Jahangir Warraich,Rawalpindi,15000000,3566479,filer,539944,4515000,3975056,87,high
6223,M Tanveer Abbasi,Gujranwala,16261200,4165002,filer,722751,4956420,4233669,87,high
2860,Shabana Qureshi,Lahore,28267000,7260688,filer,1806241,9158450,7352209,87,high
4659,Zafar Arain,Lahore,15000000,3564361,filer,539308,4515000,3975692,87,high
4393,Ramsha Khan,Quetta,24124013,5959267,filer,1350743,7708405,6357662,87,high
821,Sufyan Lodhi,Faisalabad,15000000,3621361,filer,556408,4515000,3958592,87,high
4677,Bushra Wattoo,Sialkot,32692800,8408537,filer,2207988,10707480,8499492,87,high
414,Yousuf Sial,Gujranwala,15000000,3795360,filer,608608,4515000,3906392,87,high
2800,Salman Khattak,Lahore,15000000,3707121,filer,582136,4515000,3932864,87,high
6619,Karim Khan,Islamabad,29090749,7508319,filer,1892912,9446762,7553850,87,high
205,Aiman Janjua,Faisalabad,19638706,4845867,filer,961053,6138547,5177494,87,high
5796,Muhammad Bilawal Mengal,Lahore,23469553,5729417,filer,1270296,7479344,6209048,87,high
3517,M Usman Paracha,Faisalabad,15000000,3774772,filer,602432,4515000,3912568,87,high
5923,Rabia Shah,Lahore,37944621,9757227,filer,2680029,12545617,9865588,87,high
162,Muhammad Hassan Kakar,Karachi,24811600,6141823,filer,1414638,7949060,6534422,87,high
3835,Mishal Malik,Islamabad,15558813,3801857,filer,610557,4710585,4100028,87,high
5348,Muhammad Kashif Tareen,Karachi,15000000,3740266,filer,592080,4515000,3922920,87,high
2645,Abid Gondal,Gujranwala,35409000,9015593,filer,2420458,11658150,9237692,87,high
6533,Mudassar Bhatti,Gujranwala,23959911,5811254,filer,1298939,7650969,6352030,87,high
4408,Khalid Mirza,Quetta,29881269,7595243,filer,1923335,9723444,7800109,87,high
6556,Bushra Yusufzai,Lahore,28673063,7263063,filer,1807072,9300572,7493500,87,high
919,Hussein Paracha,Rawalpindi,15000000,3648261,filer,564478,4515000,3950522,87,high
2106,Hammad Siddiqui,Rawalpindi,29973243,7444931,filer,1870726,9755635,7884909,87,high
10451,Mohammad Kareem Malik,Peshawar,7500000,0,absent,0,1890000,1890000,86,high
2078,Muhammad Shafiq Marwat,Rawalpindi,15000000,3918715,filer,645614,4515000,3869386,86,high
4738,Muhammed Irfan Durrani,Karachi,7339272,0,absent,0,1833745,1833745,86,high
1566,Mohammad Abid Zaidi,Lahore,37279400,10070211,filer,2789574,12312790,9523216,86,high
4715,Asad Abbasi,Hyderabad,41517020,11532340,filer,3301319,13795957,10494638,86,high
1557,Yasmeen Niazi,Multan,35639071,9361332,filer,2541466,11738675,9197209,86,high
4763,Mohammed Shafiq Mughal,Peshawar,17410600,4690111,filer,906539,5358710,4452171,86,high
10454,Sehrish Marwat,Lahore,20974000,5749953,filer,1277484,6605900,5328416,86,high
4231,Muhammad Bilal Sandhu,Hyderabad,42406595,11457897,filer,3275264,14107308,10832044,86,high
4747,Muhammed Mansoor Rizvi,Faisalabad,15000000,3900484,filer,640145,4515000,3874855,86,high
4736,Kiran Jutt,Lahore,15000000,4017796,filer,675339,4515000,3839661,86,high
3180,Shahzad Kamzi,Karachi,15000000,3841879,filer,622564,4515000,3892436,86,high
800,Zahid Khattak,Quetta,22939600,6167708,filer,1423698,7293860,5870162,86,high
2495,Aiman Warraich,Peshawar,29557200,7661940,filer,1946679,9610020,7663341,86,high
10296,Mohammad Adnan Jamali,Gujranwala,13862932,3576927,filer,543078,4117026,3573948,86,high
5950,Komal Janjua,Islamabad,30753325,8054077,filer,2083927,10028664,7944737,86,high
4786,Sohel Magsi,Lahore,15000000,3826920,filer,618076,4515000,3896924,86,high
1103,Rabia Mengal,Karachi,41046378,11316215,filer,3225675,13631232,10405557,86,high
1500,Mohd Mubashir Naqvi,Gujranwala,29363200,7661858,filer,1946650,9542120,7595470,86,high
4703,Muhammad Abid Khokhar,Lahore,15000000,3904246,filer,641274,4515000,3873726,86,high
10496,Hina Begum,Islamabad,27648182,7469973,filer,1879491,8941864,7062373,86,high
10407,Laiba Soomro,Karachi,11089484,2658522,filer,294630,3146319,2851689,86,high
114,Usama Soomro,Rawalpindi,26533000,6920899,filer,1687315,8551550,6864235,86,high
2995,Mohammed Shahid Marwat,Lahore,35185489,9322409,filer,2527843,11579921,9052078,86,high
6268,M Zafar Dar,Lahore,15000000,3967024,filer,660107,4515000,3854893,86,high
2311,Mohammed Hussian Memon,Islamabad,19350999,5038263,filer,1028392,6037850,5009458,86,high
10237,Javeria Kakar,Gujranwala,7500000,0,absent,0,1890000,1890000,86,high
4060,Ismail Gujjar,Karachi,15000000,3915525,filer,644658,4515000,3870342,86,high
10217,Hasan Kayani,Peshawar,7500000,0,absent,0,1890000,1890000,86,high
2672,Muhammad Tariq Gondal,Islamabad,20441050,5517670,filer,1196184,6419368,5223184,86,high
3077,Mohammed Hussain Arain,Islamabad,28985370,7522530,filer,1897886,9409880,7511994,86,high
4356,Kashif Geelani,Lahore,15000000,4081578,filer,694473,4515000,3820527,86,high
3612,Aslam Khokhar,Karachi,15000000,3921989,filer,646597,4515000,3868403,86,high
3605,Yousuf Satti,Sialkot,13884600,3647002,filer,564101,4124610,3560509,86,high
6753,Sehrish Akhtar,Karachi,15000000,3860791,filer,628237,4515000,3886763,86,high
4827,Fariha Mengal,Lahore,21332800,5808487,filer,1297970,6731480,5433510,86,high
10268,Muhammed Imran Mughal,Karachi,7500000,0,absent,0,1890000,1890000,86,high
10262,Mazhar Awan,Gujranwala,7500000,0,absent,0,1890000,1890000,86,high
284,Komal Hamdani,Lahore,33540000,8742267,filer,2324793,11004000,8679207,86,high
5121,Nadeem Dar,Lahore,15000000,4004113,filer,671234,4515000,3843766,86,high
5573,Iqra Lodhi,Quetta,15958800,4141547,filer,714541,4850580,4136039,86,high
1009,Noor Khokhar,Lahore,32492822,8434508,filer,2217078,10637488,8420410,86,high
10312,Tahira Kakar,Lahore,7500000,0,absent,0,1890000,1890000,86,high
5795,Nadim Gujjar,Islamabad,15000000,4086059,filer,695818,4515000,3819182,86,high
528,Nazia Begum,Peshawar,33805000,8855781,filer,2364523,11096750,8732227,86,high
1125,Saad Lodhhi,Lahore,15000000,3827357,filer,618207,4515000,3896793,86,high
4921,Owais Butt,Lahore,15000000,3968313,filer,660494,4515000,3854506,86,high
3242,Ramsha Arain,Peshawar,22752664,6007538,filer,1367638,7228432,5860794,86,high
4528,Muhammad Pervez Bajwa,Lahore,23694600,6177050,filer,1426968,7558110,6131142,86,high
10324,Tahirah Cheema,Lahore,7500000,0,absent,0,1890000,1890000,86,high
10316,Yousuf Akhtar,Hyderabad,7500000,0,absent,0,1890000,1890000,86,high
10289,Mohammad Mansoor Jutt,Karachi,7500000,0,absent,0,1890000,1890000,86,high
2122,Mohammed Kamran Arain,Lahore,15000000,3883858,filer,635157,4515000,3879843,86,high
1337,Junaid Tarar,Islamabad,27734208,7266596,filer,1808309,8971973,7163664,86,high
10370,Ismail Durrani,Gujranwala,7500000,0,absent,0,1890000,1890000,86,high
10362,Zubaida Bajwa,Quetta,7500000,0,absent,0,1890000,1890000,86,high
6582,Said Rajput,Islamabad,24293400,6314562,filer,1475097,7767690,6292593,86,high
10340,Hira Khan,Karachi,7500000,0,absent,0,1890000,1890000,86,high
10335,Muhammad Rehan Siddiqui,Hyderabad,7500000,0,absent,0,1890000,1890000,86,high
1264,Imran Mengal,Lahore,25284623,6939341,filer,1693769,8114618,6420849,86,high
6505,محمد اکرم نقوی,Islamabad,15000000,3918540,filer,645562,4515000,3869438,86,high
4096,Jamil Warraich,Lahore,22996782,6245125,filer,1450794,7313874,5863080,86,high
476,Nasreen Bhatti,Hyderabad,26560802,7071028,filer,1739860,8561281,6821421,86,high
10485,Zeeshan Khattak,Sialkot,7500000,0,absent,0,1890000,1890000,86,high
1928,Muhammad Suhail Paracha,Multan,20846743,5513928,filer,1194875,6561360,5366485,86,high
1936,Arif Malik,Rawalpindi,36970146,9697515,filer,2659130,12204551,9545421,86,high
12,Muhammad Ayaz Hashmi,Karachi,39339679,10895444,filer,3078405,13033888,9955483,86,high
10529,Khadija Lodhi,Karachi,7500000,0,absent,0,1890000,1890000,86,high
2099,Naila Marwat,Faisalabad,26753424,7813433,filer,1999702,8628698,6628996,85,high
667,Mohammad Riyaz Afridi,Lahore,22276603,6411680,filer,1509088,7061811,5552723,85,high
1627,Mishal Jutt,Rawalpindi,28081800,7966112,filer,2053139,9093630,7040491,85,high
1285,Muhammed Usama Lodhi,Islamabad,32459000,9554969,filer,2609239,10625650,8016411,85,high
2647,Mansoor Sandhu,Karachi,15000000,4211230,filer,738930,4515000,3776070,85,high
5365,M Kashif Bhatti,Karachi,15000000,4124384,filer,708534,4515000,3806466,85,high
1914,Rabia Arain,Lahore,19115400,5262155,filer,1106754,5955390,4848636,85,high
1889,Ghulam Baig,Karachi,13740570,3749447,filer,594834,4074200,3479366,85,high
4846,Bashir Abbasi,Lahore,22831803,6591430,filer,1572000,7256131,5684131,85,high
4982,Raza Virk,Hyderabad,19035412,5216420,filer,1090747,5927394,4836647,85,high
446,Mazhar Khan,Peshawar,15000000,4158600,filer,720510,4515000,3794490,85,high
3349,Asif Sandhu,Karachi,15000000,4205228,filer,736830,4515000,3778170,85,high
677,Aiman Khan,Lahore,30472937,8488354,filer,2235924,9930528,7694604,85,high
5936,Arif Durrni,Islamabad,15000000,4152399,filer,718340,4515000,3796660,85,high
3510,Iqbal Lodhi,Multan,40938126,11693026,filer,3357559,13593344,10235785,85,high
3516,Umar Sandhu,Peshawar,15544364,4397045,filer,803966,4705527,3901561,85,high
2804,Saeed Shah,Lahore,46196548,13563591,filer,4012257,15433792,11421535,85,high
1324,Bilawal Sandhu,Karachi,34405780,9905357,filer,2731875,11307023,8575148,85,high
3491,Ahmed Paracha,Lahore,15000000,4300545,filer,770191,4515000,3744809,85,high
6832,Zeeshan Arain,Lahore,9000000,2080179,filer,162027,2415000,2252973,85,high
1157,Hussain Begg,Peshawar,24373967,6841297,filer,1659454,7795888,6136434,85,high
2251,Mahnoor Bibi,Lahore,15000000,4233676,filer,746787,4515000,3768213,85,high
6852,Muhammad Sohail Akhtar,Islamabad,19306800,5539397,filer,1203789,6022380,4818591,85,high
1608,Saad Mengal,Karachi,33848757,9732925,filer,2671524,11112065,8440541,85,high
6390,Zubaida Chaudhary,Gujranwala,27006800,7630480,filer,1935668,8717380,6781712,85,high
491,Mohd Zafar Khan,Karachi,15345022,4313027,filer,774559,4635758,3861199,85,high
6017,Maira Gilani,Peshawar,25889861,7419981,filer,1861993,8326451,6464458,85,high
4662,Areeba Rajput,Lahore,25409837,7205941,filer,1787079,8158443,6371364,85,high
6314,Talha Malik,Gujranwala,37868441,11092559,filer,3147396,12518954,9371558,85,high
857,Bilawal Malik,Multan,28306800,8275384,filer,2161384,9172380,7010996,85,high
1490,Qasim Bajwa,Peshawar,15272802,4285137,filer,764798,4610481,3845683,85,high
1693,Muhammed Moin Sheikh,Gujranwala,18621257,5378786,filer,1147575,5782440,4634865,85,high
1999,Muhammad Pervez Satti,Islamabad,15000000,4179629,filer,727870,4515000,3787130,85,high
2420,M Waseem Afridi,Rawalpindi,37771800,10552727,filer,2958454,12485130,9526676,85,high
3809,Asma Jamali,Lahore,31076800,8978548,filer,2407492,10141880,7734388,85,high
5284,Muhammed Liaquat Cheema,Faisalabad,26106092,7305476,filer,1821917,8402132,6580215,85,high
1128,Muhammad Nasir Memon,Lahore,15000000,4254552,filer,754093,4515000,3760907,85,high
1098,Imran Warraich,Gujranwala,15000000,4204270,filer,736494,4515000,3778506,85,high
823,Mohammed Rashid Ansari,Bahawalpur,18141094,5252609,filer,1103413,5614383,4510970,85,high
2322,Hussain Cheema,Karachi,15000000,4342937,filer,785028,4515000,3729972,85,high
4078,Ayaz Paracha,Multan,38326279,10974456,filer,3106060,12679198,9573138,85,high
143,Saad Jutt,Lahore,38597800,11397343,filer,3254070,12774230,9520160,85,high
5515,Rehan Gujjar,Sialkot,39620800,11687759,filer,3355716,13132280,9776564,85,high
6082,Mohammad Tariq Sial,Lahore,15000000,4111002,filer,703851,4515000,3811149,85,high
1407,Hammad Gujjar,Lahore,15000000,4311630,filer,774070,4515000,3740930,85,high
1282,Nadim Kakar,Lahore,17178086,5136671,filer,1062835,5277330,4214495,84,high
1251,Aleena Mirza,Gujranwala,47956130,14918075,filer,4486326,16049645,11563319,84,high
1589,M Waqar Hashmi,Rawalpindi,16811000,4995874,filer,1013556,5148850,4135294,84,high
2011,Muhammad Sufyan Mughal,Lahore,15000000,4417729,filer,811205,4515000,3703795,84,high
2538,Rafiq Naqvi,Rawalpindi,30361005,9289768,filer,2516419,9891352,7374933,84,high
6418,Suhail Bhatti,Gujranwala,15725600,4722113,filer,917740,4768960,3851220,84,high
4886,Kashif Niazi,Karachi,34446066,10808429,filer,3047950,11321123,8273173,84,high
3437,Hira Begum,Islamabad,30318004,9457684,filer,2575189,9876301,7301112,84,high
1319,Nida Soomro,Lahore,15642800,4657291,filer,895052,4739980,3844928,84,high
347,Muhammad Karim Khokhar,Peshawar,13815800,4041502,filer,682451,4100530,3418079,84,high
4895,Danish Raja,Gujranwala,15000000,4463290,filer,827152,4515000,3687848,84,high
6319,Sufya Arain,Faisalabad,24919024,7446149,filer,1871152,7986658,6115506,84,high
6723,Maira Memon,Islamabad,30111800,9248782,filer,2502074,9804130,7302056,84,high
868,Aiman Gilani,Rawalpindi,18883800,5511964,filer,1194187,5874330,4680143,84,high
3518,M Talha Virk,Lahore,41811000,13183654,filer,3879279,13898850,10019571,84,high
320,Lubna Marwat,Peshawar,30299296,9388962,filer,2551137,9869754,7318617,84,high
5202,Ibrahim Satti,Peshawar,15000000,4418519,filer,811482,4515000,3703518,84,high
1673,Saeed Afridi,Hyderabad,15000000,4450031,filer,822511,4515000,3692489,84,high
6147,Hamid Khan,Karachi,23464352,6905725,filer,1682004,7477523,5795519,84,high
1421,Aleena Awan,Faisalabad,33140427,10237265,filer,2848043,10864149,8016106,84,high
5752,Naia Butt,Faisalabad,34962082,10734116,filer,3021941,11501729,8479788,84,high
3112,Anika Rizvi,Lahore,15000000,4549401,filer,857290,4515000,3657710,84,high
3570,Ismail Khan,Quetta,29273017,9091614,filer,2447065,9510556,7063491,84,high
3619,Mohammad Mubashir Awan,Islamabad,20165774,6152630,filer,1418420,6323021,4904601,84,high
2256,Mohd Adnan Awan,Faisalabad,15000000,4393177,filer,802612,4515000,3712388,84,high
6664,Ismail Gilani,Lahore,28350790,8481692,filer,2233592,9187776,6954184,84,high
4495,Hassan Shiekh,Lahore,15000000,4554150,filer,858952,4515000,3656048,84,high
4533,Fariha Zaidi,Hyderabad,33443400,10358589,filer,2890506,10970190,8079684,84,high
4217,Mohd Jamil Malik,Lahore,35475400,10672867,filer,3000503,11681390,8680887,84,high
977,Aslam Khokhar,Karachi,24040800,7204270,filer,1786494,7679280,5892786,84,high
4282,Muhammed Mehmood Gondal,Karachi,15000000,4476538,filer,831788,4515000,3683212,84,high
398,Ibrahim Durrani,Rawalpindi,36976842,11602431,filer,3325851,12206895,8881044,84,high
5537,Kashif Dar,Islamabad,25599907,7876066,filer,2021623,8224967,6203344,84,high
6681,Naila Bibi,Islamabad,6467550,0,absent,0,1528642,1528642,84,high
10269,Rukhsana Marwat,Multan,23462340,7200335,filer,1785117,7476819,5691702,84,high
127,Khaled Awan,Gujranwala,15000000,4378918,filer,797621,4515000,3717379,84,high
4630,Javeria Begum,Karachi,30472216,9185412,filer,2479894,9930276,7450382,84,high
3898,Rabia Mirza,Lahore,39326986,11854322,filer,3414013,13029445,9615432,84,high
955,Hina Warraich,Karachi,33109104,10166219,filer,2823177,10853186,8030009,84,high
10223,Farhan Sandhu,Karachi,40886400,12266875,filer,3558406,13575240,10016834,84,high
5781,Saba Rizvi,Gujranwala,38647907,11640758,filer,3339265,12791767,9452502,84,high
10266,Nida Gilani,Lahore,21325097,6218771,filer,1441570,6728784,5287214,84,high
5075,Muhammad Raza Dar,Multan,15000000,4346967,filer,786438,4515000,3728562,84,high
5345,Muhammad Faisal Wattoo,Karachi,15000000,4386064,filer,800122,4515000,3714878,84,high
3820,Aiman Tarar,Lahore,23924234,7070901,filer,1739815,7638482,5898667,84,high
1991,Ghulam Gondal,Gujranwala,21096917,6320564,filer,1477197,6648921,5171724,84,high
2020,Irfan Yousafzai,Peshawar,38822829,11772675,filer,3385436,12852990,9467554,84,high
2041,Mohammad Yasir Dar,Gujranwala,11747232,3414470,filer,494341,3376531,2882190,84,high
1917,Ashraf Mengal,Lahore,15000000,4526638,filer,849323,4515000,3665677,84,high
1958,Muhammed Bashir Jutt,Gujranwala,32383765,10364712,filer,2892649,10599318,7706669,83,high
2385,Sana Warraich,Gujranwala,29411587,9477406,filer,2582092,9559055,6976963,83,high
5962,Farhan Sandhu,Islamabad,29271242,9479842,filer,2582945,9509935,6926990,83,high
3054,Umar Cheema,Gujranwala,32045646,10092409,filer,2797343,10480976,7683633,83,high
4343,Muhammad Anwar Jutt,Gujranwala,15000000,4633621,filer,886767,4515000,3628233,83,high
6163,Ayaz Rajput,Karachi,20447400,6581584,filer,1568554,6421590,4853036,83,high
1509,Mewish Dar,Karachi,23983000,7506683,filer,1892339,7659050,5766711,83,high
1178,Ahmed Durrani,Lahore,24937244,7961159,filer,2051406,7993035,5941629,83,high
10540,Nida Khokhar,Faisalabad,6429300,0,absent,0,1515255,1515255,83,high
2410,Muhammad Junaid Baig,Gujranwala,31875242,10434334,filer,2917017,10421335,7504318,83,high
2817,Anwar Tarar,Karachi,37043990,11870044,filer,3419515,12230396,8810881,83,high
1286,Muhammed Hassan Choudhry,Gujranwala,15000000,4637746,filer,888211,4515000,3626789,83,high
6667,Mansoor Bhatti,Karachi,15000000,4750596,filer,927709,4515000,3587291,83,high
10469,Saadia Afridi,Rawalpindi,15000000,4657272,filer,895045,4515000,3619955,83,high
5491,Muhammad Younis Memon,Quetta,15000000,4789652,filer,941378,4515000,3573622,83,high
615,Mohammad Haroon Bajwa,Rawalpindi,15000000,4672049,filer,900217,4515000,3614783,83,high
3788,Muhammad Aamir Durrani,Quetta,31652967,10226711,filer,2844349,10343538,7499189,83,high
5300,Danish Zaidi,Karachi,15000000,4739841,filer,923944,4515000,3591056,83,high
188,Muhammad Kashif Cheema,Islamabad,15000000,4743451,filer,925208,4515000,3589792,83,high
2726,Junaid Qureshi,Rawalpindi,6422579,0,absent,0,1512903,1512903,83,high
803,Anwar Gondal,Peshawar,27432977,8763994,filer,2332398,8866542,6534144,83,high
1257,Muhammad Hassan Virk,Karachi,15000000,4704902,filer,911716,4515000,3603284,83,high
5187,Abida Niazi,Peshawar,40602500,13437607,filer,3968162,13475875,9507713,83,high
1839,Shafiq Lodhi,Peshawar,24938800,8117781,filer,2106223,7993580,5887357,83,high
2157,Eman Abbas,Faisalabad,24194700,7564720,filer,1912652,7733145,5820493,83,high
698,Zainab Memon,Rawalpindi,28639070,9227892,filer,2494762,9288674,6793912,83,high
2121,Ayesha Shah,Karachi,22614091,7343440,filer,1835204,7179932,5344728,83,high
1039,Hira Mughal,Faisalabad,18737744,6023363,filer,1373177,5823210,4450033,83,high
4107,Bilal Soomro,Rawalpindi,38578884,12284730,filer,3564656,12767609,9202953,83,high
4833,Durdana Cheema,Lahore,21715400,6866734,filer,1668357,6865390,5197033,83,high
10303,Muhammed Tariq Malik,Lahore,38302000,12113942,filer,3504880,12670700,9165820,83,high
5970,Muhammed Jahangir Warraich,Hyderabad,16152929,5043987,filer,1030395,4918525,3888130,83,high
5946,Uzma Bibi,Lahore,35145800,11373201,filer,3245620,11566030,8320410,83,high
348,Komal Bibi,Gujranwala,24927307,7994069,filer,2062924,7989557,5926633,83,high
1284,Muhammad Navid Abbas,Karachi,43454000,14336479,filer,4282768,14473900,10191132,83,high
916,Husain Mirza,Islamabad,30103000,9629442,filer,2635305,9801050,7165745,83,high
187,Muhammad Salman Akhtar,Islamabad,15000000,4672491,filer,900372,4515000,3614628,83,high
871,Mansoor Niazi,Faisalabad,38738764,12459895,filer,3625963,12823567,9197604,83,high
6606,Abida Gujjar,Rawalpindi,26845400,8760479,filer,2331168,8660890,6329722,83,high
2212,Muhammad Umar Virk,Multan,27301200,8803517,filer,2346231,8820420,6474189,83,high
4549,Rehan Marwat,Multan,18209913,5691090,filer,1256882,5638470,4381588,83,high
3870,Nasreen Begum,Faisalabad,35955936,11789850,filer,3391448,11849578,8458130,83,high
6021,Fawad Niazi,Rawalpindi,25297135,7986560,filer,2060296,8118997,6058701,83,high
5438,Hussain Dar,Lahore,15000000,4592961,filer,872536,4515000,3642464,83,high
5561,Yousuf Mughal,Rawalpindi,33895684,10656609,filer,2994813,11128489,8133676,83,high
3101,Farhan Jamali,Lahore,15000000,4754354,filer,929024,4515000,3585976,83,high
4431,Khaled Zaidi,Quetta,11070600,3408540,filer,492562,3139710,2647148,83,high
10286,Muhammad Mehmood Niazi,Islamabad,15000000,4607305,filer,877557,4515000,3637443,83,high
3929,Mahnoor Abbas,Lahore,6000000,346644,filer,0,1365000,1365000,82,high
5866,Nida Bibi,Multan,6000000,0,absent,0,1365000,1365000,82,high
5856,Mahnoor Virk,Faisalabad,6000000,557629,filer,0,1365000,1365000,82,high
996,Uthman Niazi,Bahawalpur,15000000,5049569,filer,1032349,4515000,3482651,82,high
6172,Bilawal Gondal,Karachi,20968600,7165602,filer,1772961,6604010,4831049,82,high
1632,Muhammed Islam Bhutto,Rawalpindi,15000000,5049264,filer,1032242,4515000,3482758,82,high
1882,Mohammed Talha Kazmi,Rawalpindi,6000000,626992,filer,1350,1365000,1363650,82,high
10516,Muhammad Nasir Memon,Lahore,6000000,0,absent,0,1365000,1365000,82,high
10436,Muhammad Zobair Gillani,Lahore,6000000,0,absent,0,1365000,1365000,82,high
10435,Komal Rizvi,Bahawalpur,6000000,0,absent,0,1365000,1365000,82,high
2040,Mehwish Butt,Peshawar,6000000,0,absent,0,1365000,1365000,82,high
5244,Saeed Tarar,Peshawar,6000000,543609,filer,0,1365000,1365000,82,high
10467,Hina Bibi,Gujranwala,6000000,0,absent,0,1365000,1365000,82,high
10495,Hira Tareen,Faisalabad,6000000,0,absent,0,1365000,1365000,82,high
1071,Owais Butt,Islamabad,6000000,580687,filer,0,1365000,1365000,82,high
5077,Shagufta Bibi,Bahawalpur,28215000,9719256,filer,2666740,9140250,6473510,82,high
3948,Anwar Rajput,Karachi,6000000,0,absent,0,1365000,1365000,82,high
4578,Areeba Dar,Karachi,6000000,0,absent,0,1365000,1365000,82,high
252,Muhammad Nadim Yousafzai,Islamabad,32234600,11100939,filer,3150329,10547110,7396781,82,high
3703,Hina Magsi,Peshawar,6000000,0,absent,0,1365000,1365000,82,high
2819,Fatima Niazi,Islamabad,6000000,0,absent,0,1365000,1365000,82,high
1538,Nida Hamdani,Gujranwala,15000000,4952040,filer,998214,4515000,3516786,82,high
1717,Anwar Marwat,Peshawar,6000000,704185,filer,5209,1365000,1359791,82,high
2383,Uzma Begum,Rawalpindi,6000000,0,absent,0,1365000,1365000,82,high
2377,Bahir Jamali,Karachi,6000000,0,absent,0,1365000,1365000,82,high
6741,Rabia Qureshi,Karachi,16277061,5379623,filer,1147868,4961971,3814103,82,high
2940,Muhammad Taimur Wattoo,Islamabad,26486753,8986199,filer,2410170,8535364,6125194,82,high
640,Asma Khan,Lahore,15000000,4839760,filer,958916,4515000,3556084,82,high
5829,Sajid Rajput,Gujranwala,6000000,717189,filer,5859,1365000,1359141,82,high
10453,Areeba Khokhar,Lahore,6000000,0,absent,0,1365000,1365000,82,high
3,Farah Begum,Islamabad,6000000,0,absent,0,1365000,1365000,82,high
10468,Sehrish Warraich,Gujranwala,6000000,0,absent,0,1365000,1365000,82,high
10515,Javid Bhatti,Karachi,6000000,0,absent,0,1365000,1365000,82,high
10304,Arif Faridi,Karachi,6000000,694018,filer,4701,1365000,1360299,82,high
3069,Jamil Dar,Karachi,6000000,564935,filer,0,1365000,1365000,82,high
3063,Mohammed Arif Gujjar,Hyderabad,6000000,0,absent,0,1365000,1365000,82,high
90,Muhammad Younis Dar,Karachi,39139805,13628481,filer,4034968,12963932,8928964,82,high
5107,Rabia Soomro,Quetta,6000000,745662,filer,7283,1365000,1357717,82,high
4022,M Jahangir Arain,Islamabad,6000000,482040,filer,0,1365000,1365000,82,high
3985,Mohd Younis Kayani,Karachi,6000000,516916,filer,0,1365000,1365000,82,high
3972,Mazhar Kakar,Hyderabad,15000000,5046879,filer,1031408,4515000,3483592,82,high
5523,Ismail Geelani,Lahore,6000000,0,absent,0,1365000,1365000,82,high
6253,Sana Begum,Karachi,6000000,0,absent,0,1365000,1365000,82,high
3694,Mishal Chaudhary,Gujranwala,6000000,0,absent,0,1365000,1365000,82,high
4367,Muhammad Zeeshan Gujjar,Islamabad,6000000,0,absent,0,1365000,1365000,82,high
10115,Anika Kakar,Hyderabad,6000000,834698,filer,11735,1365000,1353265,82,high
4340,Fawad Quraishi,Multan,6000000,0,absent,0,1365000,1365000,82,high
1201,Rabia Bibi,Faisalabad,27616600,9399538,filer,2554838,8930810,6375972,82,high
408,Mohammad Kamran Niazi,Lahore,6000000,589555,filer,0,1365000,1365000,82,high
2441,Kiran Paracha,Lahore,6000000,0,absent,0,1365000,1365000,82,high
2970,Sehrish Khokhar,Karachi,41279400,14041364,filer,4179477,13712790,9533313,82,high
2376,Muhammad Younis Soomro,Faisalabad,6000000,813459,filer,10673,1365000,1354327,82,high
2349,Muhammed Raza Khan,Karachi,6000000,0,absent,0,1365000,1365000,82,high
1731,Tariq Cheema,Bahawalpur,26596443,9018152,filer,2421353,8573755,6152402,82,high
1734,Muhammad Bilawal Rizvi,Islamabad,6000000,0,absent,0,1365000,1365000,82,high
10232,Mohd Abid Arain,Karachi,6000000,0,absent,0,1365000,1365000,82,high
10226,Mohd Sohail Geelani,Islamabad,6000000,0,absent,0,1365000,1365000,82,high
2443,Muhammed Taimur Jutt,Quetta,6000000,0,absent,0,1365000,1365000,82,high
2873,Muhammad Kamrangondal,Karachi,6000000,0,absent,0,1365000,1365000,82,high
2864,Maira Khattak,Rawalpindi,6000000,0,absent,0,1365000,1365000,82,high
4330,M Zafar Khan,Faisalabad,6000000,0,absent,0,1365000,1365000,82,high
6048,Warda Begum,Lahore,43042191,14609252,filer,4378238,14329767,9951529,82,high
10222,Eman Abbas,Peshawar,6000000,0,absent,0,1365000,1365000,82,high
6199,Bashir Awan,Gujranwala,6000000,0,absent,0,1365000,1365000,82,high
6221,Salman Shiekh,Rawalpindi,6000000,0,absent,0,1365000,1365000,82,high
982,Khalid Butt,Islamabad,34992346,12190564,filer,3531697,11512321,7980624,82,high
32,Zainab Gillani,Multan,6000000,0,absent,0,1365000,1365000,82,high
1364,Aiman Gondal,Faisalabad,6000000,0,absent,0,1365000,1365000,82,high
989,Talha Malik,Lahore,26540800,8908892,filer,2383112,8554280,6171168,82,high
4296,Noman Chohan,Islamabad,6000000,0,absent,0,1365000,1365000,82,high
5286,Sehris Hbajwa,Hyderabad,6000000,602324,filer,116,1365000,1364884,82,high
6106,Muhammad Faraz Afridi,Islamabad,23610873,8068696,filer,2089044,7528806,5439762,82,high
3786,Fawad Tarar,Rawalpindi,37044360,12824479,filer,3753568,12230526,8476958,82,high
2769,Kiran Begum,Peshawar,6000000,0,absent,0,1365000,1365000,82,high
2784,Rida Bhatti,Gujranwala,6000000,0,absent,0,1365000,1365000,82,high
5986,Bilal Virk,Gujranwala,6000000,0,absent,0,1365000,1365000,82,high
6320,Muhammad Salman Malik,Karachi,6000000,0,absent,0,1365000,1365000,82,high
658,Nair Warraich,Karachi,6000000,0,absent,0,1365000,1365000,82,high
2801,Lubna Janjua,Bahawalpur,6000000,0,absent,0,1365000,1365000,82,high
5493,Fawad Akhtar,Karachi,6000000,0,absent,0,1365000,1365000,82,high
2744,Jahangir Butt,Karachi,38030005,13336882,filer,3932909,12575502,8642593,82,high
1216,Islam Bajwa,Karachi,6000000,0,absent,0,1365000,1365000,82,high
273,Akram Afridi,Lahore,6000000,0,absent,0,1365000,1365000,82,high
4576,Eman Zaidi,Hyderabad,6000000,0,absent,0,1365000,1365000,82,high
6334,Yousuf Magsi,Karachi,6000000,733531,filer,6677,1365000,1358323,82,high
10388,Umar Qureishi,Rawalpindi,6000000,646532,filer,2327,1365000,1362673,82,high
1229,Muhammad Irfan Wattoo,Rawalpindi,6000000,0,absent,0,1365000,1365000,82,high
5256,Navvid Abbasi,Multan,6000000,684370,filer,4218,1365000,1360782,82,high
8885,Areeba Mirza,Rawalpindi,6000000,786415,filer,9321,1365000,1355679,82,high
5269,Kamran Naqvi,Karachi,6000000,761235,filer,8062,1365000,1356938,82,high
651,Sidra Memon,Faisalabad,6000000,0,absent,0,1365000,1365000,82,high
3096,Muhammad Haroon Mughal,Karachi,15000000,4907826,filer,982739,4515000,3532261,82,high
10280,Hussein Tarar,Lahore,6000000,0,absent,0,1365000,1365000,82,high
2270,Ramsha Butt,Gujranwala,6000000,638477,filer,1924,1365000,1363076,82,high
2747,Hammad Ansari,Quetta,6000000,0,absent,0,1365000,1365000,82,high
1553,Muhammad Sajid Hamdani,Bahawalpur,6000000,667998,filer,3400,1365000,1361600,82,high
4248,Mansoor Raja,Karachi,6000000,0,absent,0,1365000,1365000,82,high
5024,Adnan Soomro,Lahore,6000000,0,absent,0,1365000,1365000,82,high
1579,Abdullah Raja,Peshawar,6000000,645421,filer,2271,1365000,1362729,82,high
10343,Shaista Mughal,Rawalpindi,6000000,0,absent,0,1365000,1365000,82,high
10326,Zaynab Gilani,Multan,6000000,0,absent,0,1365000,1365000,82,high
4536,Mohd Mazhar Yusufzai,Lahore,17519358,5789817,filer,1291436,5396775,4105339,82,high
70,Zubair Ansari,Lahore,20439967,6642648,filer,1589927,6418988,4829061,82,high
10308,Bushra Tareen,Islamabad,6000000,0,absent,0,1365000,1365000,82,high
1791,Tanveer Siddiqui,Gujranwala,22866955,7645820,filer,1941037,7268434,5327397,82,high
1813,Kiran Sandhu,Gujranwala,6000000,0,absent,0,1365000,1365000,82,high
4523,Arif Shah,Islamabad,6000000,772242,filer,8612,1365000,1356388,82,high
4505,Kasim Arain,Islamabad,6000000,0,absent,0,1365000,1365000,82,high
10282,Nida Bhatti,Karachi,6000000,0,absent,0,1365000,1365000,82,high
3266,Rizwan Chaudhry,Lahore,6000000,0,absent,0,1365000,1365000,82,high
4554,Naveed Bbas,Faisalabad,23933318,8221923,filer,2142673,7641661,5498988,82,high
3156,Mohd Taimur Mughal,Karachi,6000000,470669,filer,0,1365000,1365000,82,high
1375,Shahzad Raja,Karachi,6000000,834126,filer,11706,1365000,1353294,82,high
3783,Robina Bibi,Multan,32659200,11376661,filer,3246831,10695720,7448889,82,high
792,Rizwan Bhatti,Islamabad,6000000,751091,filer,7555,1365000,1357445,82,high
6155,Muhammed Tanveer Kakar,Lahore,6000000,0,absent,0,1365000,1365000,82,high
5588,Fawad Naqvi,Sialkot,6000000,509469,filer,0,1365000,1365000,82,high
4196,Noor Bhatti,Lahore,6000000,0,absent,0,1365000,1365000,82,high
379,Rehan Buhtto,Gujranwala,6000000,765705,filer,8285,1365000,1356715,82,high
10353,Mohammed Sohail Sandhu,Bahawalpur,6000000,0,absent,0,1365000,1365000,82,high
3544,Muhammed Faraz Afridi,Islamabad,6000000,0,absent,0,1365000,1365000,82,high
10361,Muhammad Pervez Rajput,Lahore,6000000,0,absent,0,1365000,1365000,82,high
10359,Muhammad Ali Lodhi,Faisalabad,6000000,0,absent,0,1365000,1365000,82,high
6378,Muhammed Waleed Naqvi,Karachi,27974422,9559525,filer,2610834,9056048,6445214,82,high
190,Hussian Dar,Lahore,6000000,0,absent,0,1365000,1365000,82,high
4719,Tooba Yousafzai,Lahore,33090928,11233810,filer,3196834,10846825,7649991,82,high
4891,Fawad Zaidi,Karachi,6000000,0,absent,0,1365000,1365000,82,high
633,Asad Abbasi,Quetta,30561346,10609498,filer,2978324,9961471,6983147,82,high
5381,Rabia Bibi,Islamabad,6000000,0,absent,0,1365000,1365000,82,high
1297,Muhammad Abid Baig,Lahore,6000000,707900,filer,5395,1365000,1359605,82,high
912,Mohammad Kamran Arain,Karachi,6000000,0,absent,0,1365000,1365000,82,high
904,Anwar Kayani,Karachi,6000000,0,absent,0,1365000,1365000,82,high
5160,Wasimr Ajput,Lahore,6000000,0,absent,0,1365000,1365000,82,high
5156,Farhan Gondal,Gujranwala,6000000,0,absent,0,1365000,1365000,82,high
5720,Abida Bibi,Karachi,6000000,0,absent,0,1365000,1365000,82,high
5726,Jahangir Magsi,Faisalabad,6000000,0,absent,0,1365000,1365000,82,high
4585,Adnan Siddiqui,Karachi,31941400,10809410,filer,3048294,10444490,7396196,82,high
1818,Ismail Memon,Lahore,6000000,0,absent,0,1365000,1365000,82,high
2156,Mohd Fawad Durrani,Islamabad,6000000,0,absent,0,1365000,1365000,82,high
3339,Tanvir Dar,Islamabad,26027986,8911865,filer,2384153,8374795,5990642,82,high
10417,Zobaiir Cheema,Quetta,6000000,0,absent,0,1365000,1365000,82,high
1968,Shabana Mengal,Lahore,6000000,0,absent,0,1365000,1365000,82,high
1276,Akram Mengal,Lahore,6000000,0,absent,0,1365000,1365000,82,high
1983,Mohd Mudassar Mengal,Lahore,41791400,14299824,filer,4269938,13891990,9622052,82,high
10532,Nimra Mirza,Peshawar,6000000,0,absent,0,1365000,1365000,82,high
6540,Muhammad Asad Magsi,Islamabad,6000000,0,absent,0,1365000,1365000,82,high
4122,Ahmed Kakar,Faisalabad,6000000,0,absent,0,1365000,1365000,82,high
478,Nimra Paracha,Lahore,28404848,9706492,filer,2662272,9206697,6544425,82,high
4105,Noor Naqvi,Bahawalpur,33322988,11608003,filer,3327801,10928046,7600245,82,high
4840,Bashir Abbasi,Hyderabad,6000000,0,absent,0,1365000,1365000,82,high
350,زبیر چوہدری,Bahawalpur,6000000,0,absent,0,1365000,1365000,82,high
7674,Salman Lodhi,Gujranwala,6000000,753229,filer,7661,1365000,1357339,82,high
6457,Laiba Janjua,Karachi,6000000,0,absent,0,1365000,1365000,82,high
5239,Fatima Dar,Multan,25447371,8574207,filer,2265972,8171580,5905608,82,high
3834,Nasir Naqvi,Faisalabad,6000000,0,absent,0,1365000,1365000,82,high
5236,Areeba Mirza,Rawalpindi,6000000,0,absent,0,1365000,1365000,82,high
2579,فرح زیدی,Bahawalpur,6000000,476314,filer,0,1365000,1365000,82,high
2079,Shahzad Tarar,Multan,6000000,0,absent,0,1365000,1365000,82,high
1865,Saba Kazmi,Islamabad,15000000,4888990,filer,976146,4515000,3538854,82,high
2061,Mahnoor Cheema,Islamabad,6000000,773742,filer,8687,1365000,1356313,82,high
10430,M Sohail Memon,Gujranwala,6000000,0,absent,0,1365000,1365000,82,high
1694,Muhammad Asad Durrani,Rawalpindi,6000000,874611,filer,13731,1365000,1351269,81,high
2408,Muhammad Nadeem Abbasi,Bahawalpur,34881200,12344701,filer,3585645,11473420,7887775,81,high
673,M Kashif Sheikh,Rawalpindi,39362050,14141119,filer,4214392,13041718,8827326,81,high
4507,Faiza Durrani,Islamabad,31027600,10887063,filer,3075472,10124660,7049188,81,high
4853,Mohammed Abid Sandhu,Quetta,15000000,5100421,filer,1050147,4515000,3464853,81,high
3134,Zubair Janjua,Gujranwala,6000000,942216,filer,17111,1365000,1347889,81,high
6905,Kashif Khattak,Karachi,6000000,990381,filer,19519,1365000,1345481,81,high
6197,Shafiq Cheema,Islamabad,6000000,1037218,filer,21861,1365000,1343139,81,high
10157,Muhammed Aamir Gondal,Lahore,6000000,1039895,filer,21995,1365000,1343005,81,high
2375,Muhammed Taimur Janjua,Lahore,6000000,845636,filer,12282,1365000,1352718,81,high
3841,Muhammad Nawaz Kayani,Bahawalpur,6000000,1060147,filer,23007,1365000,1341993,81,high
2048,Aslam Arain,Karachi,17474658,6044032,filer,1380411,5381130,4000719,81,high
5183,Muhammad Feisal Abbas,Islamabad,6000000,1088239,filer,24412,1365000,1340588,81,high
699,Shoib Niazi,Lahore,6000000,1211635,filer,31745,1365000,1333255,81,high
2489,Rabia Ssiddiqui,Islamabad,32540436,11848486,filer,3411970,10654153,7242183,81,high
2505,Lubna Bibi,Islamabad,23091009,8174540,filer,2126089,7346853,5220764,81,high
5103,Kiran Bibi,Islamabad,45449792,16505183,filer,5041814,15172427,10130613,81,high
3624,Mohammad Mubashir Wattoo,Islamabad,21052388,7310241,filer,1823584,6633336,4809752,81,high
1452,Mohammed Yousuf Hamdani,Lahore,6000000,870718,filer,13536,1365000,1351464,81,high
6245,Mohd Kashif Soomro,Sialkot,6000000,1216466,filer,32470,1365000,1332530,81,high
4526,M Mehmood Khan,Islamabad,42247200,15585726,filer,4720004,14051520,9331516,81,high
946,Moin Warraich,Karachi,20046800,7041136,filer,1729398,6281380,4551982,81,high
2002,Rukhsana Mengal,Peshawar,19635400,6891117,filer,1676891,6137390,4460499,81,high
3992,Adnan Jamali,Islamabad,6000000,1217694,filer,32654,1365000,1332346,81,high
10523,Mohammad Jahangir Bhatti,Islamabad,6000000,983322,filer,19166,1365000,1345834,81,high
128,Bilawal Sandhu,Karachi,6000000,1080520,filer,24026,1365000,1340974,81,high
4020,Amna Shiekh,Karachi,23916977,8532664,filer,2251432,7635942,5384510,81,high
713,Durdana Afridi,Islamabad,25546200,9085220,filer,2444827,8206170,5761343,81,high
170,Mohammed Bilal Butt,Lahore,6000000,1157300,filer,27865,1365000,1337135,81,high
1638,Ghulam Mirza,Islamabad,17800200,6092308,filer,1397308,5495070,4097762,81,high
4069,Raza Bajwa,Lahore,6000000,966165,filer,18308,1365000,1346692,81,high
4030,Naveed Marwat,Karachi,6000000,1013535,filer,20677,1365000,1344323,81,high
5933,Anwar Niazi,Karachi,38000000,13916945,filer,4135931,12565000,8429069,81,high
1250,Muhammad Zahid Jutt,Lahore,15665000,5383838,filer,1149343,4747750,3598407,81,high
1249,Shabana Shah,Multan,29508050,10698434,filer,3009452,9592818,6583366,81,high
5605,Bilawal Mirza,Islamabad,6000000,884900,filer,14245,1365000,1350755,81,high
7446,M Adnan Gilani,Islamabad,6000000,1092604,filer,24630,1365000,1340370,81,high
5589,Faiza Bibi,Lahore,6000000,1112107,filer,25605,1365000,1339395,81,high
204,Eman Bibi,Lahore,26334657,9539296,filer,2603754,8482130,5878376,81,high
6751,Rehan Hashmi,Rawalpindi,37576799,13287945,filer,3915781,12416880,8501099,81,high
219,Mubashir Memon,Peshawar,15000000,5089023,filer,1046158,4515000,3468842,81,high
2695,Fawad Zaidi,Multan,16838336,5851788,filer,1313126,5158418,3845292,81,high
5667,Abida Sial,Rawalpindi,6000000,843127,filer,12156,1365000,1352844,81,high
2729,Khadija Kayani,Quetta,27569200,9783703,filer,2689296,8914220,6224924,81,high
1584,Mishal Naqvi,Islamabad,34103768,12128652,filer,3510028,11201319,7691291,81,high
3214,Iqbal Cheema,Karachi,21667974,7708332,filer,1962916,6848791,4885875,81,high
5674,Fawad Tarar,Lahore,26148384,9340083,filer,2534029,8416934,5882905,81,high
324,Bashir Tareen,Faisalabad,15000000,5257425,filer,1105099,4515000,3409901,81,high
5724,Iqra Rajput,Karachi,6000000,1102112,filer,25106,1365000,1339894,81,high
5742,Sufyan Lodhi,Lahore,6000000,857100,filer,12855,1365000,1352145,81,high
6264,Muhammad Raza Marwat,Lahore,15000000,5126813,filer,1059385,4515000,3455615,81,high
2821,Aslam Memon,Lahore,31397600,11179968,filer,3177989,10254160,7076171,81,high
9746,Shafiq Magsi,Rawalpindi,6000000,981426,filer,19071,1365000,1345929,81,high
353,Asma Paracha,Gujranwala,15000000,5248048,filer,1101817,4515000,3413183,81,high
2620,Nasir Zaidi,Quetta,17199463,6012336,filer,1369318,5284812,3915494,81,high
4743,Muhammad Sufyan Paracha,Lahore,6000000,848344,filer,12417,1365000,1352583,81,high
3150,Lubna Tarar,Islamabad,30803692,10954827,filer,3099189,10046292,6947103,81,high
1545,Mansoor Sial,Peshawar,15000000,5236635,filer,1097822,4515000,3417178,81,high
5869,Mohammad Ejaz Siddiqui,Gujranwala,6000000,942066,filer,17103,1365000,1347897,81,high
2837,Tooba Begum,Faisalabad,15000000,5126360,filer,1059226,4515000,3455774,81,high
841,Muhammed Qasim Hamdani,Karachi,15000000,5081191,filer,1043417,4515000,3471583,81,high
5908,Rukhsana Gilani,Hyderabad,6000000,1096688,filer,24834,1365000,1340166,81,high
8944,Muhammad Ibrahim Magsi,Karachi,6000000,961075,filer,18054,1365000,1346946,81,high
1848,Liaquat Bhutto,Peshawar,6000000,1128928,filer,26446,1365000,1338554,81,high
3264,Mohammed Riaz Wattoo,Karachi,6000000,927014,filer,16351,1365000,1348649,81,high
6328,Muhammad Rasheed Rizvi,Hyderabad,6000000,901924,filer,15096,1365000,1349904,81,high
378,Faiza Bibi,Faisalabad,16739800,5839709,filer,1308898,5123930,3815032,81,high
1494,Lubn Bibi,Rawalpindi,18437445,6513466,filer,1544713,5718106,4173393,81,high
3223,Zubair Paracha,Gujranwala,6000000,1136385,filer,26819,1365000,1338181,81,high
1361,Mazhar Raja,Peshawar,6000000,1208255,filer,31238,1365000,1333762,81,high
6336,Faisal Gondal,Faisalabad,37152733,13321812,filer,3927634,12268457,8340823,81,high
4467,Arif Soomro,Rawalpindi,15000000,5279131,filer,1112696,4515000,3402304,81,high
906,Shahzad Chaudhry,Hyderabad,15000000,5237298,filer,1098054,4515000,3416946,81,high
10391,Zinab Kayani,Lahore,15000000,5266025,filer,1108109,4515000,3406891,81,high
10244,Ramsha Kayani,Gujranwala,37224200,13666112,filer,4048139,12293470,8245331,81,high
1113,Shagufta Baig,Peshawar,27499800,9966253,filer,2753189,8889930,6136741,81,high
5249,Fatima Rizvi,Faisalabad,19884000,6974669,filer,1706134,6224400,4518266,81,high
1949,Mahmood Mughal,Karachi,6000000,990881,filer,19544,1365000,1345456,81,high
6143,Nazia Abbas,Lahore,6000000,858474,filer,12924,1365000,1352076,81,high
3093,Nasreen Janjua,Bahawalpur,26215857,9337863,filer,2533252,8440550,5907298,81,high
11,Mohd Faisal Naqvi,Islamabad,24737200,9139910,filer,2463968,7923020,5459052,80,high
2968,Muhammad Waleed Kayani,Karachi,25382015,9616054,filer,2630619,8148705,5518086,80,high
2344,Muhammad Hussain Arain,Gujranwala,39647000,14803714,filer,4446300,13141450,8695150,80,high
2386,Muhammed Kamran Janjua,Karachi,15000000,5401163,filer,1155407,4515000,3359593,80,high
2597,Nasreen Kayani,Rawalpindi,29214287,10851868,filer,3063154,9490000,6426846,80,high
5383,Faisal Khattak,Peshawar,6000000,1321594,filer,48239,1365000,1316761,80,high
1099,Fariha Bajwa,Karachi,18735600,6876699,filer,1671845,5822460,4150615,80,high
103,Shoaib Rizvi,Bahawalpur,15000000,5392420,filer,1152347,4515000,3362653,80,high
5516,M Hamid Qureshi,Hyderabad,15000000,5313984,filer,1124894,4515000,3390106,80,high
5105,Mishal Butt,Rawalpindi,15000000,5516988,filer,1195946,4515000,3319054,80,high
3597,Mohammed Hamid Bhatti,Rawalpindi,32117112,12309765,filer,3573418,10505989,6932571,80,high
6190,Asif Afridi,Peshawar,18354910,6732996,filer,1621549,5689218,4067669,80,high
10224,M Rashid Khan,Sialkot,15000000,5370201,filer,1144570,4515000,3370430,80,high
6838,Omer Tarar,Karachi,15000000,5435287,filer,1167350,4515000,3347650,80,high
4665,Sana Durrani,Karachi,39342400,15081369,filer,4543479,13034840,8491361,80,high
60,Rukhsana Satti,Lahore,15000000,5496875,filer,1188906,4515000,3326094,80,high
3181,Younis Meomn,Rawalpindi,17149400,6136775,filer,1412871,5267290,3854419,80,high
952,Muhammad Nasir Arain,Lahore,27450574,10380391,filer,2898137,8872701,5974564,80,high
1669,Farhan Sh,Multan,25259000,9449910,filer,2572468,8105650,5533182,80,high
608,Waleed Raja,Lahore,15000000,5345100,filer,1135785,4515000,3379215,80,high
3848,Owais Hamdani,Karachi,17537450,6499574,filer,1539851,5403108,3863257,80,high
2851,Sidra Khattak,Multan,19357838,6983989,filer,1709396,6040243,4330847,80,high
845,Junaid Cheema,Gujranwala,23762400,8922316,filer,2387811,7581840,5194029,80,high
1317,Muhammad Zubair Kakar,Lahore,26343614,9864083,filer,2717429,8485265,5767836,80,high
761,Muhammad Riaz Janjua,Karachi,23598305,8761982,filer,2331694,7524407,5192713,80,high
3154,Asif Bhutto,Lahore,42142836,15724196,filer,4768469,14014993,9246524,80,high
6303,Aleena Zaidi,Karachi,29123200,10730279,filer,3020598,9458120,6437522,80,high
403,Faiza Bibi,Lahore,48142570,17997679,filer,5564188,16114899,10550711,80,high
267,Tooba Mengal,Gujranwala,6000000,1317874,filer,47681,1365000,1317319,80,high
1047,Ramsha Durrani,Gujranwala,15000000,5444400,filer,1170540,4515000,3344460,80,high
3856,Laiba Afridi,Peshawar,27971751,10286714,filer,2865350,9055113,6189763,80,high
7033,Usama Abbasi,Rawalpindi,6000000,1249097,filer,37365,1365000,1327635,80,high
2663,Hussain Khokhar,Islamabad,32232063,11923045,filer,3438066,10546222,7108156,80,high
207,Mohammad Mansoor Chaudhry,Lahore,21858544,8064699,filer,2087645,6915490,4827845,80,high
215,محمد زبیر بیگ,Islamabad,22332000,8248931,filer,2152126,7081200,4929074,80,high
2764,Fatima Bhatti,Karachi,19972676,7298753,filer,1819564,6255437,4435873,80,high
5007,Nadim Gondal,Rawalpindi,6000000,1325726,filer,48859,1365000,1316141,80,high
67,Muhammed Usman Khattak,Karachi,36740447,13698638,filer,4059523,12124156,8064633,80,high
1986,Muhammad Nasir Durrani,Karachi,15000000,5458146,filer,1175351,4515000,3339649,80,high
301,Hussein Mirza,Lahore,6000000,1336779,filer,50517,1365000,1314483,80,high
5744,Rabia Lodhi,Quetta,6000000,1253509,filer,38026,1365000,1326974,80,high
5747,Muhammed Bilal Afridi,Rawalpindi,6000000,1322711,filer,48407,1365000,1316593,80,high
591,Muhammed Mansoor Jamali,Lahore,34667011,13170730,filer,3874756,11398454,7523698,80,high
3382,Friha Tareen,Karachi,30196800,11347071,filer,3236475,9833880,6597405,80,high
4768,Younis Khattak,Gujranwala,30785890,11766403,filer,3383241,10040062,6656821,80,high
10242,Abdullah Abbas,Peshawar,23394464,8645547,filer,2290941,7453062,5162121,80,high
3380,Asifn Iazi,Karachi,24964600,9195919,filer,2483572,8002610,5519038,80,high
3340,Junaid Abbasi,Gujranwala,28492982,10863191,filer,3067117,9237544,6170427,80,high
2155,Mohammad Usama Khattak,Peshawar,15387400,5608256,filer,1227890,4650590,3422700,80,high
801,Fahad Chaudhry,Faisalabad,15000000,5314594,filer,1125108,4515000,3389892,80,high
2297,Iqbal Gilani,Karachi,6000000,1319644,filer,47947,1365000,1317053,80,high
8607,Pervez Awan,Karachi,15000000,5331795,filer,1131128,4515000,3383872,80,high
4979,Rabia Hamdani,Karachi,6000000,1315381,filer,47307,1365000,1317693,80,high
5655,Mohd Imran Warraich,Gujranwala,34667966,12832155,filer,3756254,11398788,7642534,80,high
5685,Nasreen Amrwat,Lahore,6000000,1352750,filer,52912,1365000,1312088,80,high
4171,Nimra Mengal,Peshawar,6000000,1386933,filer,58040,1365000,1306960,80,high
7474,Asif Tarar,Karachi,6000000,1266986,filer,40048,1365000,1324952,80,high
3740,Aleena Lodhi,Lahore,37793800,14062261,filer,4186791,12492830,8306039,80,high
1710,Hammad Hashmi,Karachi,6000000,1360995,filer,54149,1365000,1310851,80,high
4957,Muhammad Asad Abbasi,Faisalabad,29894746,10944497,filer,3095574,9728161,6632587,80,high
5299,Abdullah Chohan,Karachi,25511200,9523950,filer,2598382,8193920,5595538,80,high
8600,Riaz Tareen,Islamabad,6000000,1359892,filer,53984,1365000,1311016,80,high
4208,Zubaida Chaudhry,Karachi,23554600,9023759,filer,2423316,7509110,5085794,79,high
5771,Farah Begum,Karachi,7500000,2420392,filer,235098,1890000,1654902,79,high
1000,Muhammed Waleed Rizvi,Karachi,15000000,5630654,filer,1235729,4515000,3279271,79,high
813,Ahmed Gondal,Hyderabad,30915898,12182989,filer,3529046,10085564,6556518,79,high
4286,Muhammed Jahangir Qureshi,Rawalpindi,26168222,10212106,filer,2839237,8423878,5584641,79,high
2261,Rafiq Kayain,Karachi,22510800,8526874,filer,2249406,7143780,4894374,79,high
5326,Mohd Naveed Gilani,Faisalabad,30338109,11934510,filer,3442078,9883338,6441260,79,high
2219,Zahid Bhutto,Bahawalpur,16294611,6290667,filer,1466733,4968114,3501381,79,high
1901,Muhammad Zafar Khattak,Lahore,24301959,9381087,filer,2548380,7770686,5222306,79,high
44,Nadeem Shah,Islamabad,27143975,10725383,filer,3018884,8765391,5746507,79,high
34,Muhammad Owais Khokhar,Islamabad,6000000,1517313,filer,77597,1365000,1287403,79,high
4930,M Jahangir Butt,Lahore,21073200,8215878,filer,2140557,6640620,4500063,79,high
5637,Fawad Kazmi,Multan,24718143,9713442,filer,2664705,7916350,5251645,79,high
3074,Zobair Bajwa,Islamabad,15000000,5734892,filer,1272212,4515000,3242788,79,high
779,Muhammad Omer Lodhi,Multan,23896474,9400946,filer,2555331,7628766,5073435,79,high
2203,Mohd Waqar Khokhar,Hyderabad,21353232,8305935,filer,2172077,6738631,4566554,79,high
2586,Mohd Asad Satti,Rawalpindi,27346000,10761389,filer,3031486,8836100,5804614,79,high
1634,Muhammed Wasim Khokhar,Rawalpindi,35279520,14002284,filer,4165799,11612832,7447033,79,high
4539,Fawad Cheema,Quetta,12542800,4648695,filer,892043,3654980,2762937,79,high
4655,Tooba Chohan,Sialkot,6000000,1421442,filer,63216,1365000,1301784,79,high
6528,Rabia Bibi,Islamabad,26838228,10394860,filer,2903201,8658380,5755179,79,high
458,Liaquat Abbasi,Bahawalpur,21102009,7990723,filer,2061753,6650703,4588950,79,high
2015,Muhammad Jamil Ansari,Peshawar,6000000,1516784,filer,77518,1365000,1287482,79,high
714,Tahira Abbas,Hyderabad,23218585,9129346,filer,2460271,7391505,4931234,79,high
809,Robina Baig,Faisalabad,34753000,13887820,filer,4125737,11428550,7302813,79,high
10445,Muhammed Farhan Lodhi,Faisalabad,19072800,7372506,filer,1845377,5940480,4095103,79,high
3688,Noman Rizvi,Quetta,15000000,5655111,filer,1244289,4515000,3270711,79,high
5099,Muhammad Pervez Mughal,Gujranwala,23053400,9012141,filer,2419249,7333690,4914441,79,high
3657,Tahirah Kakar,Lahore,39561434,15528133,filer,4699847,13111502,8411655,79,high
10332,Rida Hamdani,Islamabad,26931000,10345324,filer,2885863,8690850,5804987,79,high
4479,Kashif Hashmi,Karachi,30970600,11983190,filer,3459116,10104710,6645594,79,high
2313,Hira Maalik,Rawalpindi,15000000,5669209,filer,1249223,4515000,3265777,79,high
6476,Nadeem Durrani,Peshawar,6000000,1526957,filer,79044,1365000,1285956,79,high
3342,Zubair Rajput,Faisalabad,18542350,7086888,filer,1745411,5754822,4009411,79,high
6115,Riaz Marwat,Multan,6000000,1404803,filer,60720,1365000,1304280,79,high
10410,Imran Mirza,Peshawar,17600800,6587827,filer,1570739,5425280,3854541,79,high
6359,Hassan Awan,Karachi,6000000,1543948,filer,81592,1365000,1283408,79,high
3653,Mubashir Paracha,Islamabad,15000000,5757758,filer,1280215,4515000,3234785,79,high
2260,Muhammad Waqar Sial,Lahore,31413800,12453006,filer,3623552,10259830,6636278,79,high
6440,Hamid Afridi,Islamabad,6000000,1493040,filer,73956,1365000,1291044,79,high
10499,M Zafar Tareen,Gujranwala,21411340,8200047,filer,2135016,6758969,4623953,79,high
4138,Mohd Kamran Lodhi,Islamabad,28058165,11087630,filer,3145670,9085358,5939688,79,high
5929,Durdana Sial,Multan,21455452,8232838,filer,2146493,6774408,4627915,79,high
1354,Mohammad Nadeem Sial,Karachi,6000000,1464319,filer,69648,1365000,1295352,79,high
4465,Rashid Jamali,Lahore,15000000,5618211,filer,1231374,4515000,3283626,79,high
622,Rizwan Virk,Islamabad,26135322,10160172,filer,2821060,8412363,5591303,79,high
485,M F Awad Kazmi,Gujranwala,15000000,5695651,filer,1258478,4515000,3256522,79,high
2556,Ayaz Wattoo,Multan,33024367,12740584,filer,3724204,10823528,7099324,79,high
5175,Waleed Khattak,Islamabad,15000000,5654457,filer,1244060,4515000,3270940,79,high
2429,Nadim Niazi,Rawalpindi,24561251,9346765,filer,2536368,7861438,5325070,79,high
3222,Talha Sandhu,Islamabad,27445200,10742963,filer,3025037,8870820,5845783,79,high
5420,Muhammad Usama Niazi,Karachi,15000000,5603210,filer,1226124,4515000,3288876,79,high
4588,Mohd Taimur Jutt,Quetta,17796466,6771846,filer,1635146,5493763,3858617,79,high
10409,Muhammad Saad Dar,Islamabad,6000000,1441001,filer,66150,1365000,1298850,79,high
3034,Ahmed Arain,Karachi,15000000,5757579,filer,1280153,4515000,3234847,79,high
1956,Faiza Dar,Rawalpindi,20015000,7817575,filer,2001151,6270250,4269099,79,high
7313,Muhammad Danish Qureshi,Islamabad,15000000,5618761,filer,1231566,4515000,3283434,79,high
3031,Qasim Jamlai,Peshawar,15854585,6003698,filer,1366294,4814105,3447811,79,high
1776,Muhammad Arif Gujjar,Hyderabad,6000000,1467197,filer,70080,1365000,1294920,79,high
2707,Muhammad Akram Jamali,Lahore,15000000,5669121,filer,1249192,4515000,3265808,79,high
1548,Muhammad Shoib Tarar,Rawalpindi,15000000,5700239,filer,1260084,4515000,3254916,79,high
5308,Moin Malik,Peshawar,6000000,1594516,filer,89177,1365000,1275823,78,high
3078,M Nasir Begg,Lahore,24347000,9729089,filer,2670181,7786450,5116269,78,high
3142,Farhan Sial,Karachi,28991622,11834829,filer,3407190,9412068,6004878,78,high
1235,Muhammed Anwar Siddiqui,Karachi,35138800,14489978,filer,4336492,11563580,7227088,78,high
3452,Mohd Moin Wattoo,Hyderabad,19126000,7481980,filer,1883693,5959100,4075407,78,high
1582,Hassan Warraich,Lahore,15000000,5836616,filer,1307816,4515000,3207184,78,high
5994,Zubaida Janjua,Rawalpindi,22990600,9431208,filer,2565923,7311710,4745787,78,high
3527,Shabana Mengal,Lahore,35896200,14892621,filer,4477417,11828670,7351253,78,high
4049,Mahnoor Khattak,Lahore,34765600,14076317,filer,4191711,11432960,7241249,78,high
5418,Rafiq Virk,Peshawar,25681000,10348739,filer,2887059,8253350,5366291,78,high
1762,Sohel Marwat,Lahore,43037223,18025213,filer,5573825,14328028,8754203,78,high
6045,Sufyan Shah,Rawalpindi,23608028,9384997,filer,2549749,7527810,4978061,78,high
10431,Mohammed Mubashir Rajput,Sialkot,28883685,11807098,filer,3397484,9374290,5976806,78,high
9725,Faiza Cheema,Gujranwala,6000000,1661925,filer,99289,1365000,1265711,78,high
6522,Muhammed Hussain Warraich,Faisalabad,26293200,10574952,filer,2966233,8467620,5501387,78,high
1543,Fawad Jutt,Faisalabad,52184826,21732809,filer,6871483,17529689,10658206,78,high
5059,Hassan Begg,Islamabad,36790600,15473244,filer,4680635,12141710,7461075,78,high
588,Noor Khattak,Rawalpindi,18752200,7505460,filer,1891911,5828270,3936359,78,high
535,Muhammad Usama Wattoo,Rawalpindi,15000000,5971475,filer,1355016,4515000,3159984,78,high
5733,Junaid Soomro,Islamabad,15000000,5882619,filer,1323917,4515000,3191083,78,high
4532,Mohammed Haroon Bajwa,Gujranwala,29299000,12033896,filer,3476864,9519650,6042786,78,high
1369,Shafiq Gondal,Lahore,15000000,5790317,filer,1291611,4515000,3223389,78,high
459,Iqra Gondal,Karachi,25221114,10249939,filer,2852479,8092390,5239911,78,high
5783,Owais Soomro,Hyderabad,15000000,5947340,filer,1346569,4515000,3168431,78,high
649,Areeba Qureshi,Karachi,28709931,11582597,filer,3318909,9313476,5994567,78,high
2043,Saeed Akhtar,Peshawar,22466800,9187147,filer,2480501,7128380,4647879,78,high
2342,Maryam Afrdii,Rawalpindi,38473000,16123088,filer,4908081,12730550,7822469,78,high
6274,Nazia Jutt,Multan,6000000,1706716,filer,106007,1365000,1258993,78,high
3267,M Liaquat Mirza,Gujranwala,25321400,10114448,filer,2805057,8127490,5322433,78,high
3191,Fawad Raja,Lahore,16358400,6538315,filer,1553410,4990440,3437030,78,high
59,Muhammed Umar Awan,Multan,29282883,11920666,filer,3437233,9514009,6076776,78,high
3919,Talha Sandhu,Karachi,15000000,5900049,filer,1330017,4515000,3184983,78,high
6354,Moin Raja,Rawalpindi,15000000,5871943,filer,1320180,4515000,3194820,78,high
3216,Aamir Butt,Hyderabad,33444200,13730886,filer,4070810,10970470,6899660,78,high
1908,Mohd Noman Virk,Quetta,26310000,10769591,filer,3034357,8473500,5439143,78,high
8531,Mansoor Niazi,Lahore,6000000,1618438,filer,92766,1365000,1272234,78,high
6028,Mohammad Mudassar Tareen,Islamabad,21637200,8691617,filer,2307066,6838020,4530954,78,high
4789,Hammad Mirza,Peshawar,35270000,14395893,filer,4303563,11609500,7305937,78,high
624,Hamid Ansari,Karachi,41395800,17530335,filer,5400617,13753530,8352913,78,high
5192,Mohd Javid Qureshi,Bahawalpur,6000000,1647282,filer,97092,1365000,1267908,78,high
3243,Muhammed Rafique Memon,Lahore,15000000,5868257,filer,1318890,4515000,3196110,78,high
1943,Nawaz Begg,Quetta,28571200,11731433,filer,3371002,9264920,5893918,78,high
10537,Tooba Rizvi,Karachi,31415400,13048924,filer,3832123,10260390,6428267,78,high
10373,Aisha Lodhi,Rawalpindi,32299200,13316892,filer,3925912,10569720,6643808,78,high
930,Tahirah Zaidi,Lahore,40733800,17094369,filer,5248029,13521830,8273801,78,high
840,Mohammed Rizwan Abbas,Karachi,30253052,12642794,filer,3689978,9853568,6163590,78,high
5514,Muhammad Haroon Tarar,Lahore,6000000,1616976,filer,92546,1365000,1272454,78,high
2074,Noor Khan,Faisalabad,29800800,12124320,filer,3508512,9695280,6186768,78,high
2338,Muhammad Moin Akhtar,Lahore,41322855,17036923,filer,5227923,13727999,8500076,78,high
892,Ibrahim Zaidi,Rawalpindi,6000000,1627629,filer,94144,1365000,1270856,78,high
8013,Rizwan Bhatti,Islamabad,5029800,0,absent,0,1025430,1025430,77,high
5271,Shagufta Qureshi,Lahore,24270558,10141808,filer,2814633,7759695,4945062,77,high
1366,Mazhar Marwat,Peshawar,15000000,6128084,filer,1409829,4515000,3105171,77,high
3757,Muhammmed Ali Satti,Islamabad,28154847,12031410,filer,3475994,9119196,5643202,77,high
3035,Mohammad Ejaz Kakar,Lahore,16002800,6580692,filer,1568242,4865980,3297738,77,high
264,Rashid Marwat,Faisalabad,32386000,14142601,filer,4214910,10600100,6385190,77,high
1959,Fatimah Jamali,Lahore,6000000,1736296,filer,110444,1365000,1254556,77,high
2309,Asma Memon,Lahore,30987995,13340732,filer,3934256,10110798,6176542,77,high
2098,Junaid Mirza,Lahore,17479236,7208356,filer,1787925,5382733,3594808,77,high
3151,Zainab Rizvi,Bahawalpur,19550533,8244889,filer,2150711,6107687,3956976,77,high
3795,Ghulam Virk,Faisalabad,15000000,6134036,filer,1411913,4515000,3103087,77,high
6189,Younis Magsi,Karachi,27778306,11658717,filer,3345551,8987407,5641856,77,high
9185,Muhammad Rashid Niazi,Karachi,15000000,6051255,filer,1382939,4515000,3132061,77,high
400,Fatima Geelani,Hyderabad,31273000,13505367,filer,3991878,10210550,6218672,77,high
1344,Noor Zaidi,Islamabad,16828400,6863572,filer,1667250,5154940,3487690,77,high
3794,Sufyan Butt,Rawalpindi,38141494,16482101,filer,5033735,12614523,7580788,77,high
2888,Rabia Soomro,Islamabad,15331252,6179652,filer,1427878,4630938,3203060,77,high
6068,M Nawaz Kakar,Lahore,24977800,10707852,filer,3012748,8007230,4994482,77,high
1851,Bilawal Sandhu,Gujranwala,24108400,10275445,filer,2861406,7702940,4841534,77,high
7057,Ahmad Virk,Quetta,6000000,1782387,filer,117358,1365000,1247642,77,high
6433,Mohd Hassan Jamali,Karachi,6000000,1845637,filer,126846,1365000,1238154,77,high
6423,Mansoor Zaidi,Rawalpindi,15000000,6061971,filer,1386690,4515000,3128310,77,high
3190,Noman Tarar,Sialkot,31066262,13458855,filer,3975599,10138192,6162593,77,high
5463,Ahmed Niazi,Lahore,31913331,13475987,filer,3981595,10434666,6453071,77,high
613,Mohammed Khalid Akhtar,Sialkot,16453800,6756444,filer,1629755,5023830,3394075,77,high
2391,Aslam Cheema,Gujranwala,15000000,6182662,filer,1428932,4515000,3086068,77,high
1737,Zubayr Yousafzai,Rawalpindi,6000000,1803806,filer,120571,1365000,1244429,77,high
4566,Abdullah Mughal,Sialkot,19092200,7836527,filer,2007784,5947270,3939486,77,high
5343,Mishal Bibi,Sialkot,6000000,1818991,filer,122849,1365000,1242151,77,high
5342,Javed Kakar,Hyderabad,38157400,16797694,filer,5144193,12620090,7475897,77,high
2459,Mishal Gondal,Islamabad,19748293,8159612,filer,2120864,6176903,4056039,77,high
3813,Khalid Lodhi,Karachi,35233000,15363090,filer,4642082,11596550,6954468,77,high
5363,Taimur Chaudhry,Lahore,15000000,6207361,filer,1437576,4515000,3077424,77,high
2452,Muhammad Faisal Bajwa,Karachi,15000000,6106615,filer,1402315,4515000,3112685,77,high
1478,Ibrahim Yousafzai,Faisalabad,17115200,7029799,filer,1725430,5255320,3529890,77,high
10421,Muhammad Khalid Marwat,Quetta,35327851,15462863,filer,4677002,11629748,6952746,77,high
2076,Saadia Rajput,Peshawar,39152000,17266225,filer,5308179,12968200,7660021,77,high
5132,Riaz Afridi,Lahore,22554600,9620110,filer,2632038,7159110,4527072,77,high
5407,Muhammed Younis Janjua,Karachi,19384529,7917886,filer,2036260,6049585,4013325,77,high
9961,Khalid Janjua,Lahore,15000000,6090180,filer,1396563,4515000,3118437,77,high
1633,Muhammad Khalid Jamali,Lahore,23593662,10015610,filer,2770464,7522782,4752318,77,high
175,Junaid Akhtar,Hyderabad,19474696,7988512,filer,2060979,6081144,4020165,77,high
3424,Sohail Dar,Lahore,23024200,9793524,filer,2692733,7323470,4630737,77,high
6616,Mohammad Hussein Malik,Faisalabad,6000000,1758445,filer,113767,1365000,1251233,77,high
3430,Mohd Zafar Paracha,Karachi,32664865,14281132,filer,4263396,10697703,6434307,77,high
7612,Waleed Abbas,Lahore,6000000,1743547,filer,111532,1365000,1253468,77,high
10292,Muhammad Ayaz Virk,Sialkot,25234200,10466811,filer,2928384,8096970,5168586,77,high
862,Mazhar Dar,Lahore,17551400,7105083,filer,1751779,5407990,3656211,77,high
4312,Muhammad Waqar Mirza,Karachi,27293893,11648268,filer,3341894,8817863,5475969,77,high
142,Khadeeja Bibi,Faisalabad,33482600,14455643,filer,4324475,10983910,6659435,77,high
2552,Muhammed Usama Bhatti,Peshawar,28296828,12059206,filer,3485722,9168890,5683168,77,high
345,Muhammed Rizwan Beg,Rawalpindi,24208500,10244307,filer,2850507,7737975,4887468,77,high
4741,Robina Dar,Multan,36033811,15830998,filer,4805849,11876834,7070985,77,high
1012,Hammad Bajwa,Gujranwala,39894400,17247561,filer,5301646,13228040,7926394,77,high
6539,Mohd Javaid Sidiqui,Lahore,6000000,1803835,filer,120575,1365000,1244425,77,high
720,Javed Siddiqui,Rawalpindi,36295268,15733310,filer,4771658,11968344,7196686,77,high
4917,Muhammad Suhail Gilani,Islamabad,15000000,6096294,filer,1398703,4515000,3116297,77,high
3529,Mohammed Faysal Awan,Islamabad,15380829,6190513,filer,1431680,4648290,3216610,77,high
5654,M Saeed Afridi,Faisalabad,15000000,6232363,filer,1446327,4515000,3068673,77,high
4157,Mariam Begum,Islamabad,27335305,11728880,filer,3370108,8832357,5462249,77,high
766,M Abdullahrajput,Lahore,6000000,1804115,filer,120617,1365000,1244383,77,high
4163,Nida Gilani,Karachi,6000000,1877630,filer,131644,1365000,1233356,77,high
4841,Zubaida Gillani,Bahawalpur,41945284,18105813,filer,5602035,13945849,8343814,77,high
4074,Mohd Ayaz Soomro,Gujranwala,24144000,9959865,filer,2750953,7715400,4964447,77,high
1614,Zafar Butt,Hyderabad,36020385,15313415,filer,4624695,11872135,7247440,77,high
1612,Muhammad Kamran Awan,Hyderabad,24340865,10222309,filer,2842808,7784303,4941495,77,high
5292,Lubna Begum,Lahore,30998600,13323776,filer,3928322,10114510,6186188,77,high
657,Muhammed Riaz Gondal,Peshawar,35597600,15055608,filer,4534463,11724160,7189697,77,high
670,Yousuf Abbas,Karachi,15000000,6182438,filer,1428853,4515000,3086147,77,high
3773,Iqbal Mengal,Gujranwala,6000000,1832624,filer,124894,1365000,1240106,77,high
5282,Muhammad Ghulam Wattoo,Lahore,33132000,14059826,filer,4185939,10861200,6675261,77,high
2308,Yousuf Virk,Peshawar,22740800,10090379,filer,2796633,7224280,4427647,76,high
3823,Mohammad Wasim Wattoo,Lahore,12768534,5368094,filer,1143833,3733987,2590154,76,high
4150,Areeba Hamdani,Faisalabad,6000000,1920782,filer,138117,1365000,1226883,76,high
1964,Mohd Sufyan Arain,Islamabad,27061400,11845314,filer,3410860,8736490,5325630,76,high
4883,Shabana Hashmi,Hyderabad,15000000,6265736,filer,1458008,4515000,3056992,76,high
3512,M Khalid Cheema,Karachi,15000000,6253640,filer,1453774,4515000,3061226,76,high
194,Asma Bibi,Peshawar,15000000,6413779,filer,1509823,4515000,3005177,76,high
3443,Shafiq Malik,Rawalpindi,6000000,1902945,filer,135442,1365000,1229558,76,high
5621,Abid Raja,Bahawalpur,42220800,19017679,filer,5921188,14042280,8121092,76,high
2191,Anwar Magsi,Lahore,33867298,14961785,filer,4501625,11118554,6616929,76,high
274,M Hussain Mughal,Peshawar,25078175,10862469,filer,3066864,8042361,4975497,76,high
4148,Mubashir Yousafzai,Bahawalpur,22019400,9455736,filer,2574508,6971790,4397282,76,high
308,Umar Chohan,Rawalpindi,26710679,11753098,filer,3378584,8613738,5235154,76,high
10285,Muhammed Aamir Sial,Lahore,15000000,6388986,filer,1501145,4515000,3013855,76,high
4178,فاطمہ گیلانی,Islamabad,6000000,1959017,filer,143853,1365000,1221147,76,high
35,Shaista Bibi,Faisalabad,15000000,6302174,filer,1470761,4515000,3044239,76,high
4924,Muhammad Ibrahim Jamali,Gujranwala,6000000,2033789,filer,155068,1365000,1209932,76,high
247,Bushra Khan,Hyderabad,6000000,1953111,filer,142967,1365000,1222033,76,high
3402,Jahangir Bhutto,Karachi,6000000,2011875,filer,151781,1365000,1213219,76,high
4608,Zubaida Ansari,Multan,21879000,9539194,filer,2603718,6922650,4318932,76,high
6425,Mudassar Lodhi,Lahore,6000000,1964895,filer,144734,1365000,1220266,76,high
10500,Ejaz Naqvi,Peshawar,20743088,9020479,filer,2422168,6525081,4102913,76,high
5118,Javeria Bibi,Islamabad,6000000,1961254,filer,144188,1365000,1220812,76,high
6025,Muhammad Hussain Abbasi,Hyderabad,6000000,2031217,filer,154683,1365000,1210317,76,high
390,Farah Dar,Quetta,15000000,6399071,filer,1504675,4515000,3010325,76,high
5849,Muhammad Tariq Abbas,Rawalpindi,15000000,6404641,filer,1506624,4515000,3008376,76,high
797,Kareem Wattoo,Islamabad,6000000,2042686,filer,156403,1365000,1208597,76,high
3218,Muhammad Sufyan Rizvi,Lahore,15000000,6287706,filer,1465697,4515000,3049303,76,high
1940,Muhammad Hammad Butt,Faisalabad,6000000,2023504,filer,153526,1365000,1211474,76,high
7,Muhammad Faraz Rajput,Multan,15000000,6286965,filer,1465438,4515000,3049562,76,high
2058,Abid Satti,Peshawar,15000000,6436141,filer,1517649,4515000,2997351,76,high
56,Muhammad Asif Warraich,Peshawar,11199998,4669348,filer,899272,3184999,2285727,76,high
3236,Uzma Kazmi,Rawalpindi,6000000,1918475,filer,137771,1365000,1227229,76,high
2465,Muhammad Sohail Malik,Rawalpindi,30245400,13481991,filer,3983697,9850890,5867193,76,high
74,Usman Satti,Karachi,23038200,9967293,filer,2753553,7328370,4574817,76,high
3957,Hasan Kayani,Karachi,15000000,6396284,filer,1503699,4515000,3011301,76,high
6257,Javeria Akhtar,Multan,6000000,1920811,filer,138122,1365000,1226878,76,high
5434,Khaled Magsi,Faisalabad,6000000,2033463,filer,155019,1365000,1209981,76,high
5180,Kashif Ansari,Karachi,15000000,6350256,filer,1487590,4515000,3027410,76,high
8711,Farhan Raja,Hyderabad,6000000,1967625,filer,145144,1365000,1219856,76,high
2905,Mohammad Tariq Kazmi,Karachi,21276324,9400755,filer,2555264,6711713,4156449,76,high
4580,Nimra Akhtar,Gujranwala,18751600,8177713,filer,2127200,5828060,3700860,76,high
3707,Faysal Khattak,Lahore,15000000,6326905,filer,1479417,4515000,3035583,76,high
5184,Mohd Jahangir Mughal,Rawalpindi,32461781,14756217,filer,4429676,10626623,6196947,76,high
4485,Muhammad Ali Warraich,Karachi,15000000,6328643,filer,1480025,4515000,3034975,76,high
2907,Faraz Sheikh,Hyderabad,6396400,2230322,filer,187580,1503740,1316160,76,high
4808,Hina Bibi,Rawalpindi,28637800,12844083,filer,3760429,9288230,5527801,76,high
3609,Javed Zaidi,Gujranwala,17415800,7570461,filer,1914661,5360530,3445869,76,high
4398,Jahangir Soomro,Multan,15000000,6435951,filer,1517583,4515000,2997417,76,high
10533,Zubaida Begum,Rawalpindi,22147174,9496951,filer,2588933,7016511,4427578,76,high
4097,Maira Quraishi,Karachi,37285613,16746770,filer,5126370,12314965,7188595,76,high
3594,Muhammed Bashir Abbasi,Rawalpindi,15000000,6322994,filer,1478048,4515000,3036952,76,high
5595,Fahad Satti,Hyderabad,23386096,10104747,filer,2801661,7450134,4648473,76,high
10317,Sajid Wattoo,Rawalpindi,15482800,6563092,filer,1562082,4683980,3121898,76,high
2768,Waqar Gondal,Islamabad,19088156,8297841,filer,2169244,5945855,3776611,76,high
3896,Imran Hamdani,Rawalpindi,15000000,6403668,filer,1506284,4515000,3008716,76,high
6547,Zubaida Qureshi,Peshawar,20076600,8630157,filer,2285555,6291810,4006255,76,high
1893,Uthmanm Ughal,Lahore,32816419,14812530,filer,4449386,10750747,6301361,76,high
1620,Durdana Bibi,Lahore,6000000,2057928,filer,158689,1365000,1206311,75,high
6098,Durdana Butt,Gujranwala,6000000,2076717,filer,161508,1365000,1203492,75,high
2631,Waqar Tareen,Gujranwala,15671000,6821927,filer,1652674,4749850,3097176,75,high
2694,Liaquat Bajwa,Hyderabad,17058000,7502594,filer,1890908,5235300,3344392,75,high
4199,Muhammad Asif Gujjar,Rawalpindi,22620600,10081523,filer,2793533,7182210,4388677,75,high
4843,Muhammed Liaquat Akhtar,Lahore,10462181,4516129,filer,845645,2926763,2081118,75,high
3028,Rizwan Wattoo,Lahore,6000000,2165074,filer,174761,1365000,1190239,75,high
184,Akram Dar,Islamabad,34734000,16002201,filer,4865770,11421900,6556130,75,high
78,M Kashif Janjua,Peshawar,17416000,7688402,filer,1955941,5360600,3404659,75,high
3293,Mohammad Rizwan Afridi,Peshawar,24141000,10966440,filer,3103254,7714350,4611096,75,high
10360,Muhammad Shahzad Raja,Multan,26056200,11782670,filer,3388934,8384670,4995736,75,high
10539,Nida Khokhar,Faisalabad,15000000,6578197,filer,1567369,4515000,2947631,75,high
10486,Ali Cheema,Sialkot,45283559,21717007,filer,6865952,15114246,8248294,75,high
4950,Ali Sandhu,Lahore,6000000,2171259,filer,175689,1365000,1189311,75,high
216,Ayesha Sidiqui,Islamabad,31926800,14830805,filer,4455782,10439380,5983598,75,high
2882,Muhammad Javid Kayani,Bahawalpur,32852600,15455388,filer,4674386,10763410,6089024,75,high
1395,Faraz Hamdani,Lahore,15000000,6583493,filer,1569223,4515000,2945777,75,high
3070,Yasir Malik,Islamabad,6000000,2111058,filer,166659,1365000,1198341,75,high
6150,Mohammad Bilawal Marwat,Faisalabad,26684800,12005006,filer,3466752,8604680,5137928,75,high
3213,Kamran Abbas,Sialkot,15000000,6535713,filer,1552500,4515000,2962500,75,high
8875,Muhammed Wasim Lodhi,Sialkot,6000000,2194952,filer,179243,1365000,1185757,75,high
5562,Nimra Gilani,Rawalpindi,15835533,6879813,filer,1672935,4807437,3134502,75,high
1856,Lubna Begum,Karachi,27393399,12697152,filer,3709003,8852690,5143687,75,high
5136,Mohammed Ali Yousafzai,Karachi,21811600,9694418,filer,2658046,6899060,4241014,75,high
3965,Marium Yousafzai,Karachi,20148400,9098161,filer,2449356,6316940,3867584,75,high
3286,Muhammad Mubashir Begg,Lahore,15000000,6538976,filer,1553642,4515000,2961358,75,high
6210,Bilal Khattak,Faisalabad,6000000,2119683,filer,167952,1365000,1197048,75,high
1542,Rehan Magsi,Multan,15000000,6498427,filer,1539449,4515000,2975551,75,high
7100,Hussain Gujjar,Lahore,15000000,6547764,filer,1556717,4515000,2958283,75,high
968,Nawaz Bhatti,Lahore,24439990,11080663,filer,3143232,7818996,4675764,75,high
2125,Ismail Jamali,Islamabad,6000000,2172658,filer,175899,1365000,1189101,75,high
4728,Hussian Rizvi,Islamabad,6000000,2058867,filer,158830,1365000,1206170,75,high
4631,Ramsha Gilani,Islamabad,25533699,11588766,filer,3321068,8201795,4880727,75,high
2289,Liaquat Gujjar,Karachi,21899926,9879341,filer,2722769,6929974,4207205,75,high
10297,Lubna Janjua,Karachi,20132000,8879640,filer,2372874,6311200,3938326,75,high
2983,Faiza Bibi,Gujranwala,38684200,18352721,filer,5688452,12804470,7116018,75,high
6555,Nawaz Shah,Hyderabad,6000000,2054117,filer,158118,1365000,1206882,75,high
2542,Tanveer Paracha,Gujranwala,6000000,2088708,filer,163306,1365000,1201694,75,high
2787,Owais Sheikh,Rawalpindi,6000000,2069101,filer,160365,1365000,1204635,75,high
313,Adnan Bhutto,Karachi,24583600,11187007,filer,3180452,7869260,4688808,75,high
1962,Mansoor Tarar,Rawalpindi,15000000,6520276,filer,1547097,4515000,2967903,75,high
2664,Asif Mughal,Karachi,23247800,10662780,filer,2996973,7401730,4404757,75,high
3472,Muhammed Sufyan Bhatti,Multan,6000000,2120276,filer,168041,1365000,1196959,75,high
10351,Maira Gondal,Karachi,20105314,8913960,filer,2384886,6301860,3916974,75,high
4510,Sajid Virk,Gujranwala,25208800,12032319,filer,3476312,8088080,4611768,74,high
4336,Mohd Liaquat Kayani,Lahore,15000000,6912940,filer,1684529,4515000,2830471,74,high
10385,Muhammad Asad Sial,Bahawalpur,4500000,0,absent,0,840000,840000,74,high
6228,Mohd Umar Akhtar,Lahore,6000000,2213484,filer,183371,1365000,1181629,74,high
10218,Muhammed Suhail Geelani,Karachi,4500000,0,absent,0,840000,840000,74,high
6058,Muhammed Ghulam Arain,Lahore,21359400,10049740,filer,2782409,6740790,3958381,74,high
540,M Danish Khattak,Islamabad,35662600,17424803,filer,5363681,11746910,6383229,74,high
6260,Bilal Rizvi,Karachi,15000000,6742471,filer,1624865,4515000,2890135,74,high
4025,Robina Kayani,Rawalpindi,15994734,7320305,filer,1827107,4863157,3036050,74,high
4056,M Nadeem Sandhu,Sialkot,30834744,14821538,filer,4452538,10057160,5604622,74,high
4976,Farhan Gilani,Lahore,22616400,10786373,filer,3040231,7180740,4140509,74,high
5193,Mohd Pervez Memon,Karachi,27227600,13164031,filer,3872411,8794660,4922249,74,high
412,Naveed Quraishi,Lahore,15000000,6890885,filer,1676810,4515000,2838190,74,high
1626,Ibrahiim Siddiqui,Hyderabad,43975257,21326346,filer,6729221,14656340,7927119,74,high
10479,Mohammed Kashif Mengal,Karachi,19048400,8886211,filer,2375174,5931940,3556766,74,high
221,Mohd Haroon Kakar,Karachi,17026800,7798674,filer,1994536,5224380,3229844,74,high
5661,Mohd Jamil Abbas,Islamabad,15000000,6724076,filer,1618427,4515000,2896573,74,high
3790,Noman Bhutto,Gujranwala,25300789,11859802,filer,3415931,8120276,4704345,74,high
551,Iqra Begum,Quetta,6000000,2233187,filer,188297,1365000,1176703,74,high
3269,Mohammad Kashif Ansari,Rawalpindi,17979200,8228195,filer,2144868,5557720,3412852,74,high
31,Mohd Zubair Sandhu,Lahore,29307400,14021347,filer,4172471,9522590,5350119,74,high
10447,Muhammad Osman Megnal,Karachi,4500000,0,absent,0,840000,840000,74,high
3484,Muhammad Asad Bhatti,Gujranwala,38949800,18639076,filer,5788677,12897430,7108753,74,high
5181,Nimra Begum,Lahore,29393200,13905800,filer,4132030,9552620,5420590,74,high
10443,Rukhsana Satti,Lahore,4500000,0,absent,0,840000,840000,74,high
10446,Muhammad Rizwan Kayani,Hyderabad,4500000,0,absent,0,840000,840000,74,high
10439,Mohd Moin Virk,Hyderabad,4500000,0,absent,0,840000,840000,74,high
10541,Muhammad Asif Sheikh,Rawalpindi,15748000,7105804,filer,1752031,4776800,3024769,74,high
1394,Mohammad Kashif Baig,Lahore,24582800,11635543,filer,3337440,7868980,4531540,74,high
10465,M Anwar Cheema,Faisalabad,4500000,0,absent,0,840000,840000,74,high
3239,Muhammed Kamran Tarar,Islamabad,15000000,6747509,filer,1626628,4515000,2888372,74,high
643,Riaz Jutt,Hyderabad,6000000,2235737,filer,188934,1365000,1176066,74,high
6812,Muhammad Ibrahim Bajwa,Karachi,27105800,12996671,filer,3813835,8752030,4938195,74,high
5044,Mohammed Zahid Gondal,Karachi,15000000,6820954,filer,1652334,4515000,2862666,74,high
717,Mohd Sajid Zaidi,Karachi,15000000,6839191,filer,1658717,4515000,2856283,74,high
2948,Umar Paracha,Karachi,42506200,20435930,filer,6417576,14142170,7724594,74,high
3041,Tariq Awan,Islamabad,6000000,2274392,filer,198598,1365000,1166402,74,high
108,Nida Paracha,Islamabad,6000000,2261970,filer,195492,1365000,1169508,74,high
10536,Zafar Janjua,Lahore,4500000,0,absent,0,840000,840000,74,high
10318,Mohd Waleed Yousafzai,Rawalpindi,4500000,0,absent,0,840000,840000,74,high
10390,Shaistabibi,Faisalabad,4500000,0,absent,0,840000,840000,74,high
10315,Tariq Choudhry,Islamabad,4500000,0,absent,0,840000,840000,74,high
5895,Asad Arain,Sialkot,6000000,2296428,filer,204107,1365000,1160893,74,high
9264,Sana Jutt,Bahawalpur,6000000,2217265,filer,184316,1365000,1180684,74,high
6508,Kashif Chohan,Faisalabad,15000000,6918642,filer,1686525,4515000,2828475,74,high
3045,Haroon Niazi,Faisalabad,15000000,6887375,filer,1675581,4515000,2839419,74,high
3029,Adnan Paracha,Lahore,6000000,2216088,filer,184022,1365000,1180978,74,high
4624,Tooba Jamali,Faisalabad,15047983,6786547,filer,1640291,4531794,2891503,74,high
5122,Tooba Gillani,Karachi,6000000,2218571,filer,184643,1365000,1180357,74,high
700,Mohd Farhan Kazmi,Lahore,31744538,15484051,filer,4684418,10375588,5691170,74,high
2382,M Faisal Niazi,Karachi,23545591,11149317,filer,3167261,7505957,4338696,74,high
6348,Fatima Rizvi,Lahore,38564200,18539364,filer,5753777,12762470,7008693,74,high
10275,Usman Hamdani,Hyderabad,4500000,0,absent,0,840000,840000,74,high
4404,Ramsha Jutt,Karachi,32524000,15680812,filer,4753284,10648400,5895116,74,high
2077,Usama Paracha,Islamabad,21256400,9758823,filer,2680588,6704740,4024152,74,high
5948,Sufyan Gondal,Rawalpindi,32141406,15600382,filer,4725134,10514492,5789358,74,high
10238,Farhan Gondal,Gujranwala,20291000,9789443,filer,2691305,6366850,3675545,73,high
241,Shafiq Jutt,Karachi,15000000,6976097,filer,1706634,4515000,2808366,73,high
5624,Rabia Magsi,Faisalabad,15000000,6993163,filer,1712607,4515000,2802393,73,high
312,Tariq Kazmi,Rawalpindi,15000000,6925480,filer,1688918,4515000,2826082,73,high
9600,M Ismail Abbas,Rawalpindi,6000000,2382713,filer,225678,1365000,1139322,73,high
6803,Hassan Paracha,Lahore,18017400,8485054,filer,2234769,5571090,3336321,73,high
5546,Wasim Kakar,Peshawar,4426362,0,absent,0,814227,814227,73,high
3828,Haroon Mirza,Rawalpindi,27128000,13561756,filer,4011615,8759800,4748185,73,high
10415,Nida Warraich,Karachi,36691400,18161393,filer,5621488,12106990,6485502,73,high
4502,Anwar Akhtar,Quetta,15000000,7095022,filer,1748258,4515000,2766742,73,high
5116,Muhammad Ibrahim Mengal,Karachi,6000000,2390937,filer,227734,1365000,1137266,73,high
2866,Mohammed Ahmed Virk,Faisalabad,19064300,9085182,filer,2444814,5937505,3492691,73,high
2310,Muhammad Shahid Rizvi,Lahore,25595800,12737042,filer,3722965,8223530,4500565,73,high
2277,Noman Dar,Karachi,15000000,6972445,filer,1705356,4515000,2809644,73,high
791,Shoaib Warraich,Peshawar,37619400,18902680,filer,5880938,12431790,6550852,73,high
2878,Mohd Iqbal Soomro,Bahawalpur,25273016,12393447,filer,3602706,8110556,4507850,73,high
113,Muhammad Ibrahim Tareen,Lahore,15000000,7008628,filer,1718020,4515000,2796980,73,high
6366,Khadija Gujjar,Islamabad,27444988,13427207,filer,3964522,8870746,4906224,73,high
1342,Warda Afridi,Bahawalpur,34044200,17004639,filer,5216624,11180470,5963846,73,high
2124,Anika Begum,Peshawar,37630200,19150280,filer,5967598,12435570,6467972,73,high
92,Zubaida Tareen,Lahore,15000000,7002564,filer,1715897,4515000,2799103,73,high
3662,Asma Wattoo,Islamabad,39399709,20157345,filer,6320071,13054898,6734827,73,high
1166,Muhammad Qasim Raja,Islamabad,25124200,12079136,filer,3492698,8058470,4565772,73,high
5386,Muhammad Noman Jutt,Hyderabad,27440400,13327285,filer,3929550,8869140,4939590,73,high
3953,M Fawad Gondal,Peshawar,20085400,9594755,filer,2623164,6294890,3671726,73,high
6252,Adnan Begg,Karachi,20617200,10067582,filer,2788654,6481020,3692366,73,high
961,Zoya Sh,Faisalabad,30140000,14904324,filer,4481513,9814000,5332487,73,high
6250,Zubair Mengal,Lahore,15000000,7042197,filer,1729769,4515000,2785231,73,high
3710,Jahangir Dar,Islamabad,25099118,12173542,filer,3525740,8049691,4523951,73,high
1351,Muhammed Mudassar Sandhu,Hyderabad,6000000,2356951,filer,219238,1365000,1145762,73,high
3743,Arif Hashmi,Rawalpindi,6000000,2369042,filer,222260,1365000,1142740,73,high
1896,Pervez Warraich,Quetta,15000000,7149331,filer,1767266,4515000,2747734,73,high
10414,Adnan Zaidi,Sialkot,15000000,7031642,filer,1726075,4515000,2788925,73,high
2964,Faraz Jutt,Islamabad,15000000,7098769,filer,1749569,4515000,2765431,73,high
1365,Asad Abbasi,Islamabad,19536400,9490317,filer,2586611,6102740,3516129,73,high
1976,Nida Bhutto,Multan,21846137,10658775,filer,2995571,6911148,3915577,73,high
6202,Muhammad Pervez Ansari,Gujranwala,20057386,9868156,filer,2718855,6285085,3566230,72,high
1462,M Saad Kayani,Gujranwala,26945400,13527907,filer,3999767,8695890,4696123,72,high
1424,Iqbal Magsi,Gujranwala,30347426,15664516,filer,4747581,9886599,5139018,72,high
3163,Muhammad Pervez Bhutto,Faisalabad,15000000,7338537,filer,1833488,4515000,2681512,72,high
1981,Shahzad Bhutto,Karachi,22378000,11053520,filer,3133732,7097300,3963568,72,high
5859,Muhammad Salman Shah,Peshawar,15000000,7170710,filer,1774748,4515000,2740252,72,high
2796,Riaz Gujjar,Faisalabad,22306200,11207291,filer,3187552,7072170,3884618,72,high
2946,Muhammad Anwar Siddiqui,Lahore,6000000,2478923,filer,249731,1365000,1115269,72,high
4520,Iqra Bibi,Bahawalpur,31356100,15882280,filer,4823798,10239635,5415837,72,high
3290,Kashif Kayani,Karachi,15000000,7233080,filer,1796578,4515000,2718422,72,high
1130,Muhammed Shahid Rajput,Lahore,40540000,21241939,filer,6699679,13454000,6754321,72,high
661,M Riaz Mirza,Multan,17604658,8774644,filer,2336125,5426630,3090505,72,high
3798,Mhammed Rafiq Khattak,Islamabad,15000000,7177080,filer,1776978,4515000,2738022,72,high
389,M Zeeshan Lodhi,Gujranwala,35410000,18254536,filer,5654088,11658500,6004412,72,high
58,Mohd Faisal Khattak,Peshawar,38352000,20225511,filer,6343929,12688200,6344271,72,high
1523,Muhammed Rashid Baig,Faisalabad,28207606,14189363,filer,4231277,9137662,4906385,72,high
1516,Talha Mirza,Gujranwala,30185919,15393207,filer,4652622,9830072,5177450,72,high
4718,M Junaid Marwat,Lahore,20879600,10483659,filer,2934281,6572860,3638579,72,high
4255,Shafiq Kazmi,Gujranwala,28659186,14572547,filer,4365391,9295715,4930324,72,high
1331,M Talha Gilani,Karachi,15000000,7299772,filer,1819920,4515000,2695080,72,high
1768,Fawad Marwat,Hyderabad,15000000,7213056,filer,1789570,4515000,2725430,72,high
742,Komal Rizvi,Bahawalpur,15000000,7358446,filer,1840456,4515000,2674544,72,high
3500,Asad Hashmi,Karachi,15000000,7216430,filer,1790750,4515000,2724250,72,high
1414,Maryam Shah,Quetta,21588807,10735149,filer,3022302,6821082,3798780,72,high
3550,Mohammed Rashid Butt,Faisalabad,31526200,16130927,filer,4910824,10299170,5388346,72,high
3879,Muhammad Haroon Marwat,Karachi,28740368,14596894,filer,4373913,9324129,4950216,72,high
2283,Yasmeen Shah,Rawalpindi,28992686,14623648,filer,4383277,9412440,5029163,72,high
3343,Mohammad Asad Shah,Islamabad,15000000,7250916,filer,1802821,4515000,2712179,72,high
1747,Said Sial,Lahore,23867200,12072671,filer,3490435,7618520,4128085,72,high
3927,Mohammad Zubair Malik,Bahawalpur,22648200,11364353,filer,3242524,7191870,3949346,72,high
6861,Kashif Niazi,Karachi,5091000,1656544,filer,98482,1046850,948368,72,high
281,Muhammed Zafar Malik,Karachi,15000000,7338395,filer,1833438,4515000,2681562,72,high
242,Bushra Magsi,Faisalabad,15000000,7185720,filer,1780002,4515000,2734998,72,high
4129,Ibrahim Mughal,Islamabad,29424200,14933716,filer,4491801,9563470,5071669,72,high
1040,Javeria Baig,Lahore,38531950,20156428,filer,6319750,12751182,6431432,72,high
3453,Fariha Khattak,Rawalpindi,24470800,12256610,filer,3554814,7829780,4274966,72,high
5760,Shaista Rajput,Hyderabad,6000000,2444470,filer,241118,1365000,1123882,72,high
1148,Rizwan Abbas,Karachi,15000000,7367172,filer,1843510,4515000,2671490,72,high
4863,Javid Shah,Islamabad,15000000,7180465,filer,1778163,4515000,2736837,72,high
3414,Mudassar Kakar,Hyderabad,18649200,9144674,filer,2465636,5792220,3326584,72,high
1287,Ghulam Sandhu,Karachi,23222959,11596176,filer,3323662,7393036,4069374,72,high
5678,Sadiya Chaudhry,Sialkot,23532900,11785259,filer,3389841,7501515,4111674,72,high
2163,Moin Memon,Rawalpindi,16274621,7842477,filer,2009867,4961117,2951250,72,high
7688,M Younis Raja,Quetta,15000000,7321253,filer,1827439,4515000,2687561,72,high
6784,Muhammad Yasir Awan,Karachi,6000000,2443269,filer,240817,1365000,1124183,72,high
2152,Amna Afridi,Lahore,29949400,15827348,filer,4804572,9747290,4942718,71,high
5906,Kashif Hamdani,Islamabad,39503400,21371006,filer,6744852,13091190,6346338,71,high
4456,Usama Bhutto,Gujranwala,6000000,2523964,filer,260991,1365000,1104009,71,high
1411,Areeba Bhutto,Rawalpindi,6000000,2513877,filer,258469,1365000,1106531,71,high
1191,Mohammed Adnan Mughal,Islamabad,9023400,4325582,filer,778954,2423190,1644236,71,high
1228,M Waqar Durrani,Lahore,6000000,2497210,filer,254302,1365000,1110698,71,high
3562,Talha Shah,Hyderabad,37205517,19847126,filer,6211494,12286931,6075437,71,high
3964,Mohammad Islam Rajput,Rawalpindi,6000000,2538359,filer,264590,1365000,1100410,71,high
5357,Aamir Raja,Karachi,16730447,8324619,filer,2178617,5120656,2942039,71,high
222,Anwar Gujjar,Lahore,41426960,22508242,filer,7142885,13764436,6621551,71,high
1597,Muhammad Zubayr Kazmi,Karachi,15000000,7501479,filer,1890518,4515000,2624482,71,high
146,Komal Jutt,Lahore,19566734,10100233,filer,2800082,6113357,3313275,71,high
183,Naila Yousafzai,Hyderabad,25008740,13156094,filer,3869633,8018059,4148426,71,high
567,Danish Akhtar,Rawalpindi,36548250,19405626,filer,6056969,12056888,5999919,71,high
5242,Ashraf Kazmi,Islamabad,31550415,16900401,filer,5180140,10307645,5127505,71,high
2255,Shahzad Gillani,Karachi,24266288,12491880,filer,3637158,7758201,4121043,71,high
10494,Robina Bibi,Multan,22569800,11584472,filer,3319565,7164430,3844865,71,high
1309,Haroon Durrani,Quetta,34031400,18253256,filer,5653640,11175990,5522350,71,high
1852,M Riaz Warraich,Sialkot,16281200,8237124,filer,2147993,4963420,2815427,71,high
1423,Areeba Mughal,Multan,6000000,2575333,filer,273833,1365000,1091167,71,high
4360,Warda Qureishi,Peshawar,6000000,2502491,filer,255623,1365000,1109377,71,high
2067,Muhammad Taimur Rizvi,Karachi,35045000,18754786,filer,5829175,11530750,5701575,71,high
3858,Saba Mughal,Quetta,15000000,7544285,filer,1905500,4515000,2609500,71,high
2789,Muhammed Javed Sidiuqi,Karachi,6000000,2561171,filer,270293,1365000,1094707,71,high
9439,Mohammed Naveed Shah,Karachi,6000000,2526343,filer,261586,1365000,1103414,71,high
4559,Ejaz Mughal,Hyderabad,27391400,14265152,filer,4257803,8851990,4594187,71,high
10528,Rasheed Shah,Bahawalpur,13401600,6654626,filer,1594119,3955560,2361441,71,high
2595,Shoaib Soomro,Karachi,6000000,2520921,filer,260230,1365000,1104770,71,high
2718,Laiba Sial,Karachi,39150400,21056355,filer,6634724,12967640,6332916,71,high
338,Zeeshan Bhatti,Karachi,23066000,12081068,filer,3493374,7338100,3844726,71,high
7491,Amna Baig,Hyderabad,6000000,2561766,filer,270442,1365000,1094558,71,high
8926,Muhammad Mudassar Khattak,Islamabad,19767182,10128922,filer,2810123,6183514,3373391,71,high
1313,Qasim Yusufzai,Rawalpindi,15000000,7518396,filer,1896439,4515000,2618561,71,high
10502,Mohammed Noman Bhutto,Lahore,28247969,14971650,filer,4505078,9151789,4646711,71,high
195,Faraz Niazi,Rawalpindi,31810350,16635853,filer,5087549,10398622,5311073,71,high
3902,Muhammad Nawaz Memon,Multan,28023000,14981259,filer,4508441,9073050,4564609,71,high
9145,Mohd Nasir Rizvi,Karachi,4299200,971323,filer,18566,769720,751154,71,high
4617,Ramsha Awan,Quetta,21373800,11221625,filer,3192569,6745830,3553261,70,high
106,Zaynab Gondal,Lahore,15000000,7724859,filer,1968701,4515000,2546299,70,high
4821,Bushra Tarar,Lahore,23230400,12516170,filer,3645660,7395640,3749980,70,high
5232,Muhammad Imran Baig,Lahore,21217200,11238737,filer,3198558,6691020,3492462,70,high
887,Ghulam Tarar,Islamabad,19711800,10539193,filer,2953718,6164130,3210412,70,high
1430,Rehan Siddiqui,Lahore,21461800,11549594,filer,3307358,6776630,3469272,70,high
914,Amna Bibi,Lahore,20177400,10611442,filer,2979005,6327090,3348085,70,high
1966,Mudassar Kakar,Lahore,6000000,2599499,filer,279875,1365000,1085125,70,high
439,Mohammed Liaquat Mirza,Peshawar,21664137,11507343,filer,3292570,6847448,3554878,70,high
10295,Sajid Tarar,Karachi,19205400,10072940,filer,2790529,5986890,3196361,70,high
6566,Shahid Akhtar,Hyderabad,51127786,28931893,filer,9391163,17159725,7768562,70,high
962,Muhammad Javid Paracha,Lahore,15000000,7664483,filer,1947569,4515000,2567431,70,high
5787,Sadia Geelani,Karachi,18784268,9777289,filer,2687051,5839494,3152443,70,high
1606,Mohammad Rashid Hamdani,Faisalabad,27115800,14697856,filer,4409250,8755530,4346280,70,high
3505,Fahad Sial,Islamabad,15000000,7780252,filer,1988088,4515000,2526912,70,high
10281,M Fawad Wattoo,Faisalabad,15862800,8183256,filer,2129140,4816980,2687840,70,high
5652,Haroon Choudhry,Peshawar,18913000,9891715,filer,2727100,5884550,3157450,70,high
1155,Zubair Yousafzai,Gujranwala,15965400,8243604,filer,2150261,4852890,2702629,70,high
4870,Mohammad Ayaz Virk,Bahawalpur,6000000,2669198,filer,297300,1365000,1067700,70,high
9839,Mohammed Waqar Hashmi,Faisalabad,15000000,7617516,filer,1931131,4515000,2583869,70,high
4943,Muhammad Rafique Abbasi,Karachi,25034600,13625024,filer,4033758,8027110,3993352,70,high
124,Muhammad Husain Akhtar,Multan,24077200,13003797,filer,3816329,7692020,3875691,70,high
168,Fawad Butt,Faisalabad,6000000,2630633,filer,287658,1365000,1077342,70,high
5543,Muhammad Akram Qureshi,Faisalabad,6000000,2590607,filer,277652,1365000,1087348,70,high
126,Mohammad Junaid Memon,Lahore,27678800,15132483,filer,4561369,8952580,4391211,70,high
3611,Javed Wattoo,Karachi,28431200,15572110,filer,4715238,9215920,4500682,70,high
138,Nasir Janjua,Lahore,14704866,7646394,filer,1941238,4411703,2470465,70,high
2522,Laiba Jutt,Karachi,28328200,15280560,filer,4613196,9179870,4566674,70,high
445,Arif Bhatti,Peshawar,6000000,2673678,filer,298420,1365000,1066580,70,high
4489,M Aamir Durrani,Lahore,14331400,7468771,filer,1879070,4280990,2401920,69,medium
3201,Komal Begum,Rawalpindi,6000000,2680232,filer,300058,1365000,1064942,69,medium
43,Ghulam Durrani,Lahore,15000000,8040573,filer,2079201,4515000,2435799,69,medium
1451,Javed Soomro,Bahawalpur,24034000,13175949,filer,3876582,7676900,3800318,69,medium
6213,Junaid Bhutto,Karachi,6000000,2686833,filer,301708,1365000,1063292,69,medium
584,Younis Sheikh,Islamabad,32047378,18321277,filer,5677447,10481582,4804135,69,medium
1036,Laiba Janjua,Gujranwala,39372400,22535225,filer,7152329,13045340,5893011,69,medium
5638,Zainab Ansari,Rawalpindi,6000000,2750166,filer,317542,1365000,1047458,69,medium
1613,Muhammad Farhan Siddiqi,Islamabad,15000000,7835194,filer,2007318,4515000,2507682,69,medium
5535,Nasreen Ch,Karachi,10427103,5282649,filer,1113927,2914486,1800559,69,medium
3764,Noman Kazmi,Gujranwala,21321600,11578886,filer,3317610,6727560,3409950,69,medium
619,Younis Jutt,Karachi,15000000,7866075,filer,2018126,4515000,2496874,69,medium
5455,Umar Mengal,Peshawar,15761574,8327007,filer,2179452,4781551,2602099,69,medium
856,Farhan Durrain,Rawalpindi,15000000,7960793,filer,2051278,4515000,2463722,69,medium
2880,Waqar Paracha,Sialkot,28004800,15575103,filer,4716286,9066680,4350394,69,medium
6473,Kashif Tarar,Peshawar,6000000,2747029,filer,316757,1365000,1048243,69,medium
3617,Farhn Warraich,Hyderabad,28179400,15749689,filer,4777391,9127790,4350399,69,medium
110,Mohammed Iqbal Wattoo,Multan,16816200,8971633,filer,2405072,5150670,2745598,69,medium
3221,Ejaz Butt,Lahore,24797908,13826007,filer,4104102,7944268,3840166,69,medium
602,Mohammad Shafique Tarar,Lahore,15000000,8006451,filer,2067258,4515000,2447742,69,medium
3627,Muhammad Zobair Cheema,Bahawalpur,28250184,15822774,filer,4802971,9152564,4349593,69,medium
5834,Saeed Ansari,Lahore,15000000,7999940,filer,2064979,4515000,2450021,69,medium
1315,Saba Bibi,Bahawalpur,35447538,20254253,filer,6353989,11671638,5317649,69,medium
2832,Younis Gilani,Karachi,26189692,14757789,filer,4430226,8431392,4001166,69,medium
5966,Mohammed Usmna Mengal,Karachi,15000000,7928473,filer,2039966,4515000,2475034,69,medium
5806,Ibrahim Ch,Lahore,15000000,7856847,filer,2014896,4515000,2500104,69,medium
8989,Mehmood Magsi,Peshawar,6000000,2723174,filer,310794,1365000,1054206,69,medium
2609,Nadim Khokhar,Lahore,23562276,12885765,filer,3775018,7511797,3736779,69,medium
2585,Shuaib Dar,Lahore,32040235,18035872,filer,5577555,10479082,4901527,69,medium
3127,Javeria Kakar,Gujranwala,22008738,12156418,filer,3519746,6968058,3448312,69,medium
4461,Rukhsana Rizvi,Peshawar,17254000,9305815,filer,2522035,5303900,2781865,69,medium
1059,Saadia Awan,Lahore,6000000,2753864,filer,318466,1365000,1046534,69,medium
5659,Hassan Tarar,Islamabad,15000000,7968627,filer,2054019,4515000,2460981,69,medium
5746,Muhammad Hammad Siddiqui,Quetta,37149000,21043592,filer,6630257,12267150,5636893,69,medium
5725,Tooba Soomro,Karachi,25124600,13927905,filer,4139767,8058610,3918843,69,medium
5703,Muhammad Junaid Abbasi,Peshawar,6000000,2714077,filer,308519,1365000,1056481,69,medium
679,Kiran Yousafzai,Sialkot,14200000,7442265,filer,1869793,4235000,2365207,69,medium
226,Mohammad Waseem Khan,Islamabad,34990000,19939337,filer,6243768,11511500,5267732,69,medium
2224,Zeeshan Hamdani,Multan,40087400,22883274,filer,7274146,13295590,6021444,69,medium
7759,Farhan Shah,Karachi,6000000,2785284,filer,326321,1365000,1038679,68,medium
4,Shahzad Naqvi,Faisalabad,18821400,10495267,filer,2938343,5852490,2914147,68,medium
1995,Muhammed Hasan Yousafzai,Rawalpindi,15000000,8058133,filer,2085347,4515000,2429653,68,medium
5460,Ahmed Ch,Peshawar,35243200,20635045,filer,6487266,11600120,5112854,68,medium
6769,Mohammad Zubair Janjua,Hyderabad,32281200,18747538,filer,5826638,10563420,4736782,68,medium
6697,Salman Afridi,Bahawalpur,6000000,2798610,filer,329652,1365000,1035348,68,medium
4181,Muhammad Naveed Khokhar,Lahore,15000000,8238111,filer,2148339,4515000,2366661,68,medium
2133,Noman Baig,Islamabad,31083400,17868405,filer,5518942,10144190,4625248,68,medium
444,Mohammed Irfan Gondal,Karachi,24464641,14123033,filer,4208062,7827624,3619562,68,medium
1607,Hasan Cheema,Peshawar,15000000,8053087,filer,2083580,4515000,2431420,68,medium
2611,Uthman Gilani,Karachi,6000000,2807150,filer,331788,1365000,1033212,68,medium
160,Umar Quraishi,Rawalpindi,6000000,2832561,filer,338140,1365000,1026860,68,medium
5158,Taimur Wattoo,Faisalabad,30907958,17844457,filer,5510560,10082785,4572225,68,medium
10215,Zahid Kayani,Islamabad,10848400,5747089,filer,1276481,3061940,1785459,68,medium
2997,رضا قریشی,Peshawar,15000000,8216293,filer,2140703,4515000,2374297,68,medium
2952,Muhammed Owais Butt,Karachi,26030232,14992237,filer,4512283,8375581,3863298,68,medium
1356,M Kamran Soomro,Hyderabad,6000000,2775306,filer,323826,1365000,1041174,68,medium
5591,Shafique Dar,Multan,30419562,17497131,filer,5388996,9911847,4522851,68,medium
4834,Sufyan Jamali,Rawalpindi,15000000,8082047,filer,2093716,4515000,2421284,68,medium
652,Mohammed Zafar Malik,Islamabad,29497000,16930391,filer,5190637,9588950,4398313,68,medium
1687,Laiba Butt,Lahore,31034800,18079769,filer,5592919,10127180,4534261,68,medium
10327,Robina Khan,Multan,27628637,15698536,filer,4759488,8935023,4175535,68,medium
480,Moin Afridi,Islamabad,17946632,9872379,filer,2720333,5546321,2825988,68,medium
6275,Nimra Begum,Lahore,16555955,9172053,filer,2475219,5059584,2584365,68,medium
687,Muhammad Abid Bhutto,Lahore,6000000,2895659,filer,353915,1365000,1011085,67,medium
625,Nadeem Dar,Lahore,15000000,8389079,filer,2201178,4515000,2313822,67,medium
2348,Saba Khan,Lahore,15000000,8295986,filer,2168595,4515000,2346405,67,medium
1221,Muhammed Taimur Rizvi,Hyderabad,25372400,15000334,filer,4515117,8145340,3630223,67,medium
6962,Farhan Memon,Lahore,6000000,2888136,filer,352034,1365000,1012966,67,medium
10,M Fawad Mengal,Lahore,20921000,11941589,filer,3444556,6587350,3142794,67,medium
1234,Haroon Kayani,Islamabad,15000000,8427714,filer,2214700,4515000,2300300,67,medium
4051,Muhammed Anwar Mughal,Islamabad,15000000,8293658,filer,2167780,4515000,2347220,67,medium
5027,Riyaz Memon,Lahore,29499439,17556768,filer,5409869,9589804,4179935,67,medium
6641,Muhammed Riaz Niazi,Gujranwala,6000000,2934525,filer,363631,1365000,1001369,67,medium
1038,Farah Gilani,Bahawalpur,15000000,8338897,filer,2183614,4515000,2331386,67,medium
3471,Muhammad Taimur Janjua,Islamabad,15000000,8322785,filer,2177975,4515000,2337025,67,medium
10420,Muhammed Taimur Kazmi,Faisalabad,8569200,4535613,filer,852465,2264220,1411755,67,medium
1199,Muhammed Ali Sial,Rawalpindi,15000000,8310019,filer,2173507,4515000,2341493,67,medium
314,Tahira Akhtar,Rawalpindi,36934688,22381169,filer,7098409,12192141,5093732,67,medium
6480,Nasreen Durrani,Gujranwala,31767877,18901649,filer,5880577,10383757,4503180,67,medium
767,Muhammad Junaid Wattoo,Gujranwala,15000000,8273836,filer,2160843,4515000,2354157,67,medium
1198,Haroon Kazmi,Karachi,28134200,16665621,filer,5097967,9111970,4014003,67,medium
4197,Mohammed Jamil Malik,Islamabad,22638672,12999235,filer,3814732,7188535,3373803,67,medium
4221,Uthman Cheema,Lahore,32041800,19290370,filer,6016630,10479630,4463000,67,medium
1551,Mohammad Sufyan Khattak,Peshawar,6000000,2944845,filer,366211,1365000,998789,67,medium
4859,Ahmed Khattak,Karachi,17977400,10203452,filer,2836208,5557090,2720882,67,medium
98,Moin Baig,Lahore,17404800,9855251,filer,2714338,5356680,2642342,67,medium
2339,Moin Kayani,Gujranwala,15000000,8401321,filer,2205462,4515000,2309538,67,medium
942,Mohd Farhan Sheikh,Peshawar,40785629,24878771,filer,7972570,13539970,5567400,67,medium
1374,Mohammad Haroon Kazmi,Lahore,6000000,2867245,filer,346811,1365000,1018189,67,medium
6486,Kamran Bhatti,Peshawar,15000000,8310115,filer,2173540,4515000,2341460,67,medium
1379,Rashid Janjua,Rawalpindi,35277304,21442345,filer,6769821,11612056,4842235,67,medium
3158,Ali Hamdani,Lahore,15000000,8328004,filer,2179801,4515000,2335199,67,medium
3383,Hira Paracha,Quetta,32503800,19533849,filer,6101847,10641330,4539483,67,medium
10236,Tahira Gillani,Islamabad,20147773,11470572,filer,3279700,6316721,3037021,67,medium
3376,Noor Mengal,Islamabad,15000000,8284908,filer,2164718,4515000,2350282,67,medium
1091,Owais Zaidi,Bahawalpur,15000000,8293097,filer,2167584,4515000,2347416,67,medium
5450,Tahira Shah,Faisalabad,19522456,11076017,filer,3141606,6097860,2956254,67,medium
1549,Arif Rizvi,Sialkot,15000000,8313026,filer,2174559,4515000,2340441,67,medium
7555,Ibrahim Abbasi,Lahore,3921200,914101,filer,15705,646360,630655,67,medium
3397,Mohd Aamir Rizvi,Karachi,20816621,12043796,filer,3480329,6550817,3070488,67,medium
5084,Nida Yusufzai,Lahore,16664307,9337617,filer,2533166,5097507,2564341,67,medium
3036,Younis Kakar,Faisalabad,17910200,10261660,filer,2856581,5533570,2676989,67,medium
9591,Salman Butt,Karachi,15000000,8380404,filer,2198141,4515000,2316859,67,medium
3513,Rashid Janjua,Lahore,34855200,21178261,filer,6677391,11464320,4786929,67,medium
10313,Mohammad Zeeshan Abbasi,Karachi,22460200,13116635,filer,3855822,7126070,3270248,67,medium
5973,Zubayr Zaidi,Gujranwala,15000000,8617285,filer,2281050,4515000,2233950,66,medium
2404,Iqbal Chaudhry,Islamabad,21776200,12970943,filer,3804830,6886670,3081840,66,medium
1933,Muhammad Iqbal Tarar,Quetta,30166600,18649711,filer,5792399,9823310,4030911,66,medium
10284,Shafique Tareen,Lahore,33497000,20555815,filer,6459535,10988950,4529415,66,medium
6326,Bilal Quraishi,Lahore,15000000,8593349,filer,2272672,4515000,2242328,66,medium
4407,Mohammad Yasir Khan,Rawalpindi,25760200,15766865,filer,4783403,8281070,3497667,66,medium
6247,Imran Paracha,Islamabad,15000000,8631627,filer,2286069,4515000,2228931,66,medium
2425,Muhammad Zeeshan Hmadani,Karachi,15000000,8552240,filer,2258284,4515000,2256716,66,medium
3207,Moin Soomro,Quetta,16345800,9527611,filer,2599664,4986030,2386366,66,medium
4571,Lubna Bibi,Karachi,39752511,24675132,filer,7901296,13178379,5277083,66,medium
6403,Sufyan Satti,Multan,17383400,10196288,filer,2833701,5349190,2515489,66,medium
2028,Muhammad Nasir Kazmi,Rawalpindi,30214000,18492779,filer,5737473,9839900,4102427,66,medium
2774,Mohd Tariq Jamali,Lahore,27610971,16615505,filer,5080427,8928840,3848413,66,medium
522,Bushra Choahn,Rawalpindi,28472800,17299291,filer,5319752,9230480,3910728,66,medium
4648,Khalid Warraich,Karachi,23182600,13988408,filer,4160943,7378910,3217967,66,medium
84,Mohammed Talha Mirza,Islamabad,6000000,3009887,filer,382472,1365000,982528,66,medium
3249,Hassan Soomro,Karachi,22183053,13067902,filer,3838766,7029069,3190303,66,medium
1082,Mohd Aslam Begg,Lahore,15973469,9217498,filer,2491124,4855714,2364590,66,medium
4946,Shagufta Rizvi,Peshawar,20365200,12097351,filer,3499073,6392820,2893747,66,medium
4182,Usama Gujjar,Lahore,30456214,18495303,filer,5738356,9924675,4186319,66,medium
641,M Zeeshan Mengal,Islamabad,18345946,10694113,filer,3007940,5686081,2678141,66,medium
2469,Laiba Naqvi,Karachi,28807800,17658411,filer,5445444,9347730,3902286,66,medium
5064,Mohammad Kamran Warraich,Quetta,6000000,3043263,filer,390816,1365000,974184,66,medium
2563,Mohammed Yasir Ansari,Bahawalpur,15000000,8674087,filer,2300930,4515000,2214070,66,medium
1021,Nawaz Wattoo,Karachi,31144200,19061851,filer,5936648,10165470,4228822,66,medium
3488,Muhammad Anwar Hashmi,Gujranwala,6000000,3003587,filer,380897,1365000,984103,66,medium
3560,Yasir Afridi,Multan,29022400,17573236,filer,5415633,9422840,4007207,66,medium
5870,Nadeem Lodhi,Lahore,23208355,13714617,filer,4065116,7387924,3322808,66,medium
4094,Uzma Khan,Rawalpindi,21607639,13086997,filer,3845449,6827674,2982225,65,medium
574,Shazia Yousafzai,Karachi,31618568,19854386,filer,6214035,10331499,4117464,65,medium
6746,Mohammed Ibrahim Bhatti,Rawalpindi,4693200,2054447,filer,158167,907620,749453,65,medium
2013,Anika Abbas,Rawalpindi,25019600,15404367,filer,4656528,8021860,3365332,65,medium
5135,Muhammad Asif Marwat,Gujranwala,31554245,19945006,filer,6245752,10308986,4063234,65,medium
1096,Tariq Bajwa,Lahore,26821294,16773146,filer,5135601,8652453,3516852,65,medium
393,Danish Khattak,Sialkot,15015600,8878394,filer,2372438,4520460,2148022,65,medium
6599,Ejaz Shha,Sialkot,20250458,12191030,filer,3531860,6352660,2820800,65,medium
1592,Nimra Bhatti,Karachi,27737600,17474149,filer,5380952,8973160,3592208,65,medium
6796,Faraz Kazmi,Islamabad,3687000,726812,filer,6341,576100,569759,65,medium
1031,Muhammad Shahid Tarar,Karachi,33966000,21459154,filer,6775704,11153100,4377396,65,medium
1609,Ejaz Bhutto,Lahore,17490000,10543925,filer,2955374,5386500,2431126,65,medium
6095,Riaz Abbas,Karachi,6000000,3127515,filer,411879,1365000,953121,65,medium
2265,M Nadeem Durrani,Islamabad,13875735,8042395,filer,2079838,4121507,2041669,65,medium
1817,Moin Raja,Karachi,15000000,8800254,filer,2345089,4515000,2169911,65,medium
3749,Muhammed Shuaib Soomro,Gujranwala,15000000,8900514,filer,2380180,4515000,2134820,65,medium
1700,Hussein Naqvi,Karachi,15000000,8829803,filer,2355431,4515000,2159569,65,medium
6434,Ramsha Sial,Lahore,28837918,17997238,filer,5564033,9358271,3794238,65,medium
3936,Muhammad Pervez Mughal,Karachi,15000000,8795290,filer,2343352,4515000,2171648,65,medium
2537,Khalid Butt,Gujranwala,15199000,8860246,filer,2366086,4584650,2218564,65,medium
3461,Arif Shiekh,Lahore,15000000,8809407,filer,2348292,4515000,2166708,65,medium
10413,Shaista Abbasi,Lahore,20575458,12476242,filer,3631685,6466410,2834725,65,medium
3647,Shazia Lodhi,Rawalpindi,24590941,15076753,filer,4541864,7871829,3329965,65,medium
5487,Muhammed Qasem Tareen,Lahore,18791377,11386196,filer,3250169,5841982,2591813,65,medium
1812,Muhammad Bilal Janjua,Faisalabad,18626952,11235006,filer,3197252,5784433,2587181,65,medium
4213,Muhammad Zahid Qureshi,Karachi,15000000,8834886,filer,2357210,4515000,2157790,65,medium
435,Younis Hashmi,Peshawar,15000000,8738345,filer,2323421,4515000,2191579,65,medium
1568,Haroon Ansari,Karachi,15000000,8798161,filer,2344356,4515000,2170644,65,medium
2208,Mishal Begum,Bahawalpur,30026000,19039898,filer,5928964,9774100,3845136,65,medium
5529,Taimur Gondal,Multan,16950200,10078440,filer,2792454,5197570,2405116,65,medium
3211,Shafiq Jutt,Faisalabad,23130596,14108592,filer,4203007,7360709,3157702,65,medium
147,Muhammad Adnan Siddiqui,Rawalpindi,15000000,8792987,filer,2342545,4515000,2172455,65,medium
2530,Rukhsana Hamdani,Faisalabad,32870000,20750239,filer,6527584,10769500,4241916,65,medium
4373,Rukhsana Memon,Hyderabad,32111207,20352711,filer,6388449,10503922,4115473,65,medium
269,Pervezz Dar,Karachi,6000000,3059201,filer,394800,1365000,970200,65,medium
4128,Nawaz Jutt,Lahore,26927000,16990178,filer,5211562,8689450,3477888,64,medium
1736,Muhammad Waleed Mirza,Gujranwala,20651272,12757245,filer,3730036,6492945,2762909,64,medium
3995,Muhammad Taimur Naqvi,Karachi,6000000,3206651,filer,431995,1365000,933005,64,medium
5581,Mohammed Navid Wattoo,Islamabad,27145149,17366565,filer,5343298,8765802,3422504,64,medium
10239,Mohammad Farhan Janjua,Lahore,15701947,9575572,filer,2616450,4760681,2144231,64,medium
4091,Zubaida Bibi,Lahore,6000000,3172352,filer,423088,1365000,941912,64,medium
3753,Shoaib Rizvi,Karachi,32891400,21401339,filer,6755469,10776990,4021521,64,medium
3479,Akram Niazi,Islamabad,31519200,20579256,filer,6467740,10296720,3828980,64,medium
563,Ahmed Abbas,Lahore,15000000,9021496,filer,2422524,4515000,2092476,64,medium
3824,Yousuf Kakar,Lahore,17354200,10563400,filer,2962190,5338970,2376780,64,medium
5778,Khadija Akhtar,Karachi,11769400,6939652,filer,1693878,3384290,1690412,64,medium
2468,Mohammad Anwar Tarar,Peshawar,19131000,11692576,filer,3357402,5960850,2603448,64,medium
10518,Mehwish Begum,Lahore,6000000,3137800,filer,414450,1365000,950550,64,medium
10227,Rida Memon,Hyderabad,19057000,11732173,filer,3371261,5934950,2563689,64,medium
5687,Raza Lodhi,Lahore,6000000,3171524,filer,422881,1365000,942119,64,medium
1751,Mohammed Ejaz Bhatti,Hyderabad,16952000,10210024,filer,2838508,5198200,2359692,64,medium
4492,Muhammad Saied Naqvi,Peshawar,28170200,17982675,filer,5558936,9124570,3565634,64,medium
5805,Maira Magsi,Gujranwala,19974400,12535450,filer,3652408,6256040,2603632,63,medium
5769,Kiran Begum,Rawalpindi,15000000,9265947,filer,2508081,4515000,2006919,63,medium
7177,Salman Janjua,Hyderabad,15000000,9139322,filer,2463763,4515000,2051237,63,medium
1050,Waleed Raja,Lahore,25469400,16678121,filer,5102342,8179290,3076948,63,medium
4904,Irfan Khattak,Quetta,6000000,3251049,filer,445315,1365000,919685,63,medium
518,Rasheed Khattak,Islamabad,34216200,23082627,filer,7343919,11240670,3896751,63,medium
10544,Mohd Zobair Jamali,Karachi,15334400,9515307,filer,2595357,4632040,2036683,63,medium
3146,Muhammed Junaid Dar,Islamabad,23927200,15442129,filer,4669745,7639520,2969775,63,medium
937,Ismail Kayani,Rawalpindi,23028000,14999694,filer,4514893,7324800,2809907,63,medium
3160,Junaid Dar,Multan,21188400,13580883,filer,4018309,6680940,2662631,63,medium
3497,Durdana Kayani,Faisalabad,27286463,18036320,filer,5577712,8815262,3237550,63,medium
5200,M Farhan Arain,Rawalpindi,25320976,16310637,filer,4973723,8127342,3153619,63,medium
9010,Hussein Khattak,Karachi,6000000,3294253,filer,458276,1365000,906724,63,medium
1975,M Jahangir Magsi,Karachi,15000000,9129164,filer,2460207,4515000,2054793,63,medium
3073,Sufyan Arain,Lahore,3463800,0,absent,0,509140,509140,63,medium
3088,Faisal Zaidi,Islamabad,6000000,3236486,filer,440946,1365000,924054,63,medium
2857,M Salman Bhutto,Gujranwala,26440800,17272300,filer,5310305,8519280,3208975,63,medium
1534,Mubashir Kakar,Faisalabad,17252600,10884626,filer,3074619,5303410,2228791,63,medium
811,Ramsha Siddiqui,Lahore,34105225,22681585,filer,7203555,11201829,3998274,63,medium
6768,Mohammad Yasir Cheema,Faisalabad,22978400,14788887,filer,4441110,7307440,2866330,63,medium
3448,Muhammad Jamil Dar,Rawalpindi,6000000,3250603,filer,445181,1365000,919819,63,medium
372,Muhammed Jamil Sial,Karachi,21672400,13898129,filer,4129345,6850340,2720995,63,medium
4892,Mubashir Bajwa,Karachi,30488908,20367508,filer,6393628,9936118,3542490,63,medium
6510,Taimur Sheikh,Faisalabad,31748359,21121867,filer,6657653,10376926,3719273,63,medium
3853,Yasmin Bibi,Rawalpindi,6000000,3275446,filer,452634,1365000,912366,63,medium
3804,Fariha Butt,Islamabad,28155000,18582703,filer,5768946,9119250,3350304,63,medium
4444,Fawad Lodhi,Gujranwala,24518666,16029677,filer,4875387,7846533,2971146,63,medium
8791,Ali Warraich,Rawalpindi,3580400,1037329,filer,21866,544120,522254,62,medium
4737,Muhammed Irfan Durrani,Karachi,15863395,9936738,filer,2742858,4817188,2074330,62,medium
3296,Laiba Naqvi,Peshawar,15000000,9473698,filer,2580794,4515000,1934206,62,medium
4562,Muhammad Omer Sial,Lahore,30809410,20715671,filer,6515485,10048294,3532809,62,medium
2402,Muhammad Ibrahim Marwat,Karachi,15000000,9536029,filer,2602610,4515000,1912390,62,medium
3204,M Abid Awan,Rawalpindi,15000000,9536679,filer,2602838,4515000,1912162,62,medium
1480,Hina Cheema,Peshawar,26306000,17468002,filer,5378801,8472100,3093299,62,medium
6438,Junaid Yousafzai,Islamabad,40428529,28006155,filer,9067154,13414985,4347831,62,medium
10249,Maira Naqvi,Karachi,6000000,3306245,filer,461874,1365000,903126,62,medium
57,Mohammad Shahid Abbasi,Hyderabad,19871897,12983603,filer,3809261,6220164,2410903,62,medium
6310,Mudassar Magsi,Peshawar,15000000,9402461,filer,2555861,4515000,1959139,62,medium
5613,Muhammad Naveed Gondal,Lahore,15000000,9436269,filer,2567694,4515000,1947306,62,medium
4819,Mohammed Rafiq Kakar,Karachi,15000000,9406601,filer,2557310,4515000,1957690,62,medium
191,Zoya Arain,Rawalpindi,15509600,9773170,filer,2685610,4693360,2007750,62,medium
1822,Muhammed Rizwan Sidiqui,Islamabad,6000000,3364689,filer,479407,1365000,885593,62,medium
3754,Riaz Hashmi,Sialkot,17989161,11431312,filer,3265959,5561206,2295247,62,medium
3901,Nazia Wattoo,Quetta,16796400,10757709,filer,3030198,5143740,2113542,62,medium
6450,Hasan Raza Naqvi,Karachi,4400000,2000000,filer,150000,805000,655000,62,medium
6490,Mohammad Moin Paracha,Gujranwala,15000000,9390069,filer,2551524,4515000,1963476,62,medium
690,Muhammad Bashir Lodhi,Gujranwala,15000000,9452687,filer,2573440,4515000,1941560,62,medium
6175,Moin Hashmi,Faisalabad,20623400,13558548,filer,4010492,6483190,2472698,62,medium
4143,Mudassar Khokhar,Lahore,6000000,3330808,filer,469242,1365000,895758,62,medium
4574,Saeed Butt,Karachi,23045041,15060035,filer,4536012,7330764,2794752,62,medium
3110,Imran Qureshi,Rawalpindi,20060309,13168563,filer,3873997,6286108,2412111,62,medium
3178,M Nawaz Bajwa,Islamabad,38138215,26058080,filer,8385328,12613375,4228047,62,medium
2458,Saba Rizvi,Gujranwala,28713600,19323255,filer,6028139,9314760,3286621,62,medium
1531,Irfan Butt,Hyderabad,6000000,3319925,filer,465978,1365000,899022,62,medium
8221,Mohammed Javed Siddiqui,Karachi,3422400,0,absent,0,496720,496720,62,medium
6236,Mohammed Sufyan Cheema,Sialkot,45843992,31782627,filer,10388919,15310397,4921478,62,medium
6428,Muhammad Tanveer Arain,Islamabad,16714200,10923957,filer,3088385,5114970,2026585,61,medium
5623,Naila Shah,Peshawar,21877034,14585952,filer,4370083,6921962,2551879,61,medium
4092,Sehrish Bbii,Karachi,6000000,3373674,filer,482102,1365000,882898,61,medium
943,Mohammad Mansoor Sheikh,Multan,15000000,9705620,filer,2661967,4515000,1853033,61,medium
5628,Iqbal Hamdani,Gujranwala,6000000,3406103,filer,491831,1365000,873169,61,medium
48,Fariha Kakar,Karachi,30945200,21562149,filer,6811752,10095820,3284068,61,medium
5026,Areeba Dar,Karachi,26738807,18282788,filer,5663976,8623582,2959606,61,medium
4912,Mohammed Ali Choudhry,Karachi,22549200,15289560,filer,4616346,7157220,2540874,61,medium
8760,Amna Jamali,Karachi,6000000,3389279,filer,486784,1365000,878216,61,medium
4044,Kashif Durrani,Islamabad,23975467,16185419,filer,4929897,7656413,2726516,61,medium
79,Rafiq Raja,Peshawar,25768800,17601436,filer,5425503,8284080,2858577,61,medium
276,Mohammed Jahangir Paracha,Quetta,15000000,9616888,filer,2630911,4515000,1884089,61,medium
2730,Muhammed Faisal Gujjar,Rawalpindi,15000000,9718422,filer,2666448,4515000,1848552,61,medium
3483,Muhammad Kamran Magsi,Karachi,23084600,15434006,filer,4666902,7344610,2677708,61,medium
1800,Noman Bhatti,Bahawalpur,15121400,9735336,filer,2672368,4557490,1885122,61,medium
4011,Hina Hashmi,Peshawar,18502270,12201633,filer,3535572,5740794,2205222,61,medium
1436,Sana Memon,Karachi,21733061,14551659,filer,4358081,6871571,2513490,61,medium
1714,Iqra Choudhry,Lahore,6000000,3384620,filer,485386,1365000,879614,61,medium
484,Zafar Soomro,Islamabad,27298400,18753291,filer,5828652,8819440,2990788,61,medium
6365,Komal Akhtar,Rawalpindi,31210975,21850158,filer,6912555,10188841,3276286,61,medium
6743,Shabana Lodhi,Sialkot,15000000,9635663,filer,2637482,4515000,1877518,61,medium
1377,Mohammad Mubashir Jutt,Sialkot,22295817,14817343,filer,4451070,7068536,2617466,61,medium
5254,Laiba Baig,Sialkot,6000000,3440822,filer,502247,1365000,862753,61,medium
10442,Owais Gujjar,Rawalpindi,15162800,9719524,filer,2666833,4571980,1905147,61,medium
1630,Ashraf Qureishi,Hyderabad,15000000,9927424,filer,2739598,4515000,1775402,60,medium
1112,Mehwish Begum,Karachi,6000000,3497606,filer,519282,1365000,845718,60,medium
53,Muhammad Shahzad Wattoo,Peshawar,20451260,13891740,filer,4127109,6422941,2295832,60,medium
3122,M Aamir Qureshi,Quetta,39358263,28623002,filer,9283051,13040392,3757341,60,medium
6102,Nasreen Dar,Lahore,6000000,3459028,filer,507708,1365000,857292,60,medium
7375,Ibrahim Rajput,Karachi,3423800,1052012,filer,22601,497140,474539,60,medium
5845,Faysal Chaudhry,Multan,6000000,3471264,filer,511379,1365000,853621,60,medium
1368,Mohammed Yasir Tarar,Lahore,30743200,21970191,filer,6954567,10025120,3070553,60,medium
1875,Mohammed Asif Hamdani,Gujranwala,22216800,15268252,filer,4608888,7040880,2431992,60,medium
4026,Muhammad Akram Bhatti,Lahore,3600000,1300000,filer,45000,550000,505000,60,medium
889,Muhammad Rizwan Mughal,Karachi,6000000,3482917,filer,514875,1365000,850125,60,medium
1748,Faraz Mughal,Bahawalpur,15000000,9820331,filer,2702116,4515000,1812884,60,medium
413,Muhammad Sufyan Magsi,Karachi,21719200,14841942,filer,4459680,6866720,2407040,60,medium
2361,Muhammad Shoaib Rizvi,Peshawar,19177800,12927305,filer,3789557,5977230,2187673,60,medium
2856,Mohammed Mubashir Awan,Islamabad,26623800,18641741,filer,5789609,8583330,2793721,60,medium
4259,Robina Bhatti,Peshawar,6000000,3495046,filer,518514,1365000,846486,60,medium
1475,Nimra Bibi,Karachi,6000000,3456827,filer,507048,1365000,857952,60,medium
5096,Zobair Abbas,Rawalpindi,15000000,9860260,filer,2716091,4515000,1798909,60,medium
2854,Komal Kakar,Rawalpindi,17012654,11330489,filer,3230671,5219429,1988758,60,medium
3111,Farah Paracha,Karachi,15000000,9786643,filer,2690325,4515000,1824675,60,medium
706,Rabia Lodhi,Gujranwala,15000000,10068247,filer,2788886,4515000,1726114,59,medium
6559,Mohammad Hassan Zaidi,Karachi,15000000,10138935,filer,2813627,4515000,1701373,59,medium
3850,Uzma Bibi,Karachi,19630800,13500410,filer,3990144,6135780,2145636,59,medium
5435,Mansoor Khokhar,Islamabad,6000000,3533047,filer,529914,1365000,835086,59,medium
2120,Mohammed Sajid Gujjar,Rawalpindi,25418933,17974582,filer,5556104,8161627,2605523,59,medium
83,Noman Chaudhry,Islamabad,16465200,11238297,filer,3198404,5027820,1829416,59,medium
2228,Talha Marwat,Faisalabad,15000000,10124839,filer,2808694,4515000,1706306,59,medium
4227,Zeeshan Paracha,Faisalabad,29202541,21127834,filer,6659742,9485889,2826147,59,medium
9528,Jamil Hashmi,Karachi,6000000,3586120,filer,545836,1365000,819164,59,medium
3027,Khadija Khokhar,Gujranwala,26000330,18354378,filer,5689032,8365115,2676083,59,medium
3577,Mohammad Riaz Mughal,Bahawalpur,6000000,3559337,filer,537801,1365000,827199,59,medium
2462,Muhammad Tanvir Durrani,Gujranwala,15000000,10045937,filer,2781078,4515000,1733922,59,medium
2466,Sidra Mirza,Islamabad,15000000,10134185,filer,2811965,4515000,1703035,59,medium
5867,Asif Tarar,Hyderabad,15000000,10040170,filer,2779060,4515000,1735940,59,medium
6191,Muhammed Mubashir Rizvi,Karachi,21829651,15102693,filer,4550943,6905378,2354435,59,medium
606,Aleena Niazi,Multan,15000000,10291117,filer,2866891,4515000,1648109,58,medium
6801,Mohammed Mudassar Cheema,Sialkot,3151800,606369,filer,318,417950,417632,58,medium
3362,M Bilawal Qureishi,Lahore,15000000,10146038,filer,2816113,4515000,1698887,58,medium
1727,Muhammed Owais Abbasi,Faisalabad,6000000,3644634,filer,563390,1365000,801610,58,medium
1256,Muhammad Younis Bhutto,Rawalpindi,15000000,10335432,filer,2882401,4515000,1632599,58,medium
3646,Bilawal Mengal,Lahore,23241600,16683260,filer,5104141,7399560,2295419,58,medium
3895,Talha Mughal,Rawalpindi,6000000,3656628,filer,566988,1365000,798012,58,medium
5916,Naila Hamdani,Quetta,15000000,10200918,filer,2835321,4515000,1679679,58,medium
3441,Mohd Adnan Rajput,Lahore,15000000,10245371,filer,2850880,4515000,1664120,58,medium
784,Maira Cheema,Bahawalpur,6000000,3632963,filer,559889,1365000,805111,58,medium
5527,Raza Virk,Gujranwala,12725200,8477139,filer,2231999,3718820,1486821,58,medium
2229,Taimur Awan,Rawalpindi,35856373,26740046,filer,8624016,11814731,3190715,58,medium
7064,Junaid Wattoo,Islamabad,6000000,3603941,filer,551182,1365000,813818,58,medium
3785,Muhammad Khalid Khan,Hyderabad,15000000,10274916,filer,2861221,4515000,1653779,58,medium
6858,Naila Begum,Hyderabad,3106600,0,absent,0,406650,406650,58,medium
270,Mohammed Omer Afridi,Karachi,18260400,12873963,filer,3770887,5656140,1885253,58,medium
4323,Tariq Mengal,Hyderabad,15000000,10219162,filer,2841707,4515000,1673293,58,medium
1347,Mohammad Yasir Ansari,Multan,15059257,10321313,filer,2877460,4535740,1658280,58,medium
3263,Lubna Bibi,Islamabad,31404277,23000777,filer,7315272,10256497,2941225,58,medium
6461,Mohammed Rafiq Janjua,Lahore,15536400,10555464,filer,2959412,4702740,1743328,58,medium
17,Nadeem Kayani,Karachi,15000000,10390443,filer,2901655,4515000,1613345,57,medium
5979,Kashif Gondal,Lahore,6000000,3670981,filer,571294,1365000,793706,57,medium
10336,Muhammad Talha Marwat,Gujranwala,3360600,1276339,filer,41451,478180,436729,57,medium
1088,Jamil Khan,Karachi,27528400,20392114,filer,6402240,8899940,2497700,57,medium
3155,Saba Khokhar,Lahore,29276400,21683022,filer,6854058,9511740,2657682,57,medium
6782,Komal Bibi,Rawalpindi,22268200,16311072,filer,4973875,7058870,2084995,57,medium
3571,M Saied Butt,Multan,6000000,3703433,filer,581030,1365000,783970,57,medium
10437,Mohammed Jamil Memon,Gujranwala,18368200,13173425,filer,3875699,5693870,1818171,57,medium
6808,Shoaib Sandhu,Peshawar,6000000,3696528,filer,578958,1365000,786042,57,medium
3886,Liaquat Tarar,Karachi,15000000,10500725,filer,2940254,4515000,1574746,57,medium
4379,Arif Kakar,Hyderabad,21271862,15475927,filer,4681574,6710152,2028578,57,medium
2202,Mehmood Khan,Peshawar,25443998,18798249,filer,5844387,8170399,2326012,57,medium
642,Faraz Gondl,Gujranwala,28975977,21612116,filer,6829241,9406592,2577351,57,medium
3253,Zeeshan Mengal,Lahore,15000000,10473695,filer,2930793,4515000,1584207,57,medium
299,Hammad Abbasi,Lahore,18813000,13342723,filer,3934953,5849550,1914597,57,medium
1536,Mohammed Irfan Wattoo,Rawalpindi,15000000,10458824,filer,2925588,4515000,1589412,57,medium
4780,Fariha Mughal,Islamabad,19010528,13657711,filer,4045199,5918685,1873486,57,medium
1954,M Mansoor Magsi,Lahore,16981000,11935661,filer,3442481,5208350,1765869,57,medium
434,Naila Begum,Lahore,19899135,14393857,filer,4302850,6229697,1926847,57,medium
10526,Ramsha Virk,Karachi,3000000,0,absent,0,380000,380000,56,medium
10524,Anwar Gondal,Peshawar,3000000,0,absent,0,380000,380000,56,medium
10517,Amna Geelani,Karachi,3000000,0,absent,0,380000,380000,56,medium
10519,Muhammad Nasir Arain,Lahore,3000000,0,absent,0,380000,380000,56,medium
10456,Shahid Mengal,Islamabad,3000000,0,absent,0,380000,380000,56,medium
10461,Fatimah Lodhi,Faisalabad,3000000,0,absent,0,380000,380000,56,medium
4516,Muhammad Yasir Bhatti,Karachi,15000000,10584677,filer,2969637,4515000,1545363,56,medium
7878,Mohammed Javed Kakar,Quetta,3037700,0,absent,0,389425,389425,56,medium
10505,Rida Kazmi,Islamabad,3000000,0,absent,0,380000,380000,56,medium
10438,Fawad Lodhi,Gujranwala,3000000,0,absent,0,380000,380000,56,medium
10470,Muhammad Umar Ansari,Gujranwala,3000000,0,absent,0,380000,380000,56,medium
10471,Muhammad Raza Wattoo,Lahore,3000000,0,absent,0,380000,380000,56,medium
10230,Pervez Baig,Lahore,3000000,0,absent,0,380000,380000,56,medium
10231,Shoaib Memon,Lahore,3000000,0,absent,0,380000,380000,56,medium
10248,Muhammad Ghulam Shah,Sialkot,3000000,0,absent,0,380000,380000,56,medium
2087,Umar Magsi,Quetta,20823380,15238159,filer,4598356,6553183,1954827,56,medium
5094,Areeba Malik,Hyderabad,24406779,18112108,filer,5604238,7807373,2203135,56,medium
10210,Rizwan Sandhu,Karachi,3000000,0,absent,0,380000,380000,56,medium
3260,Bilal Rizvi,Faisalabad,15000000,10649480,filer,2992318,4515000,1522682,56,medium
10228,Faiza Begum,Karachi,3000000,0,absent,0,380000,380000,56,medium
4856,Sadiya Butt,Multan,3000000,0,absent,0,380000,380000,56,medium
10251,Imran Warraich,Gujranwala,3000000,0,absent,0,380000,380000,56,medium
10276,Tooba Chaudhry,Sialkot,3000000,0,absent,0,380000,380000,56,medium
10330,Aleena Virk,Gujranwala,3000000,0,absent,0,380000,380000,56,medium
10345,Tooba Mengal,Gujranwala,3000000,0,absent,0,380000,380000,56,medium
10356,Komal Khattak,Karachi,3000000,0,absent,0,380000,380000,56,medium
10357,Zeeshan Butt,Gujranwala,3000000,0,absent,0,380000,380000,56,medium
10358,Suhail Virk,Faisalabad,3000000,0,absent,0,380000,380000,56,medium
850,Usman Chaudhary,Rawalpindi,15000000,10684141,filer,3004449,4515000,1510551,56,medium
10381,Zoya Sh,Gujranwala,3000000,0,absent,0,380000,380000,56,medium
10394,Muhammad Tariq Bhutto,Lahore,3000000,0,absent,0,380000,380000,56,medium
10300,Naveed Mengal,Rawalpindi,3000000,0,absent,0,380000,380000,56,medium
1830,M Abdullah Magsi,Gujranwala,42466656,33230316,filer,10895611,14128330,3232719,56,medium
3774,Owais Gilani,Lahore,18056800,13009730,filer,3818406,5584880,1766474,56,medium
1707,Mohammed Jahangir Cheema,Lahore,15000000,10666259,filer,2998191,4515000,1516809,56,medium
1029,Muhammad Yasir Marwat,Lahore,23389600,17533859,filer,5401851,7451360,2049509,56,medium
6344,Muhammad Rasheed Arain,Lahore,15000000,10708020,filer,3012807,4515000,1502193,56,medium
1262,Shoaib Tareen,Lahore,15000000,10684758,filer,3004665,4515000,1510335,56,medium
9612,Ahmed Abbasi,Lahore,3000000,549949,filer,0,380000,380000,56,medium
4411,Muhammed Waleed Cheema,Karachi,15000000,10641948,filer,2989682,4515000,1525318,56,medium
2240,Mohd Saad Kayani,Lahore,3000000,0,absent,0,380000,380000,56,medium
10403,Shagufta Baig,Peshawar,3000000,0,absent,0,380000,380000,56,medium
917,Abida Kayani,Rawalpindi,6000000,3803232,filer,610970,1365000,754030,56,medium
10418,Mohammad Rashid Niazi,Rawalpindi,3000000,0,absent,0,380000,380000,56,medium
9863,Hammad Ansari,Quetta,3000000,0,absent,0,380000,380000,56,medium
5807,Mohammad Jamil Arain,Faisalabad,3000000,0,absent,0,380000,380000,56,medium
5774,Usama Sial,Rawalpindi,15000000,10595721,filer,2973502,4515000,1541498,56,medium
10543,Mohd Khalid Akhtar,Sialkot,3000000,0,absent,0,380000,380000,56,medium
10510,Ayesha Janjua,Multan,3000000,0,absent,0,380000,380000,56,medium
7817,Tanvir Gondal,Lahore,3000000,0,absent,0,380000,380000,56,medium
10493,Mansoor Akhtar,Multan,3000000,0,absent,0,380000,380000,56,medium
4476,Asma Jamali,Sialkot,13754798,9833502,filer,2706726,4079179,1372453,55,medium
5194,Zahid Memon,Islamabad,32151843,25203893,filer,8086363,10518145,2431782,55,medium
2633,M Haroon Satti,Peshawar,15000000,10741052,filer,3024368,4515000,1490632,55,medium
1637,Areeba Janjua,Peshawar,27914281,21381916,filer,6748671,9034998,2286327,55,medium
5468,Shahid Siddiqui,Faisalabad,25098429,19010808,filer,5918783,8049450,2130667,55,medium
1105,Taimur Awan,Sialkot,15000000,10836177,filer,3057662,4515000,1457338,55,medium
1660,Rafiq Dar,Hyderabad,21873400,16362770,filer,4991970,6920690,1928720,55,medium
760,Muhammed Rashid Abbas,Karachi,6000000,3856342,filer,626903,1365000,738097,55,medium
4810,Nadeem Tarar,Rawalpindi,6000000,3870543,filer,631163,1365000,733837,55,medium
3246,Riaz Abbas,Multan,27535800,21133085,filer,6661580,8902530,2240950,55,medium
5784,Tariq Malik,Sialkot,11609600,8146366,filer,2116228,3328360,1212132,55,medium
1895,Mudassar Arain,Karachi,15000000,10866922,filer,3068423,4515000,1446577,55,medium
3744,Abid Kakar,Karachi,15000000,10857007,filer,3064952,4515000,1450048,55,medium
2331,Danish Wattoo,Lahore,15000000,10846681,filer,3061338,4515000,1453662,55,medium
4804,Mariam Warraich,Lahore,28992424,22377110,filer,7096988,9412348,2315360,55,medium
2403,Komal Ch,Quetta,35478763,28187518,filer,9130631,11682567,2551936,55,medium
4133,Yousuf Gujjar,Islamabad,27774489,21886164,filer,6925157,8986071,2060914,54,medium
858,Mohd Shoib Memon,Lahore,15000000,10926055,filer,3089119,4515000,1425881,54,medium
1334,Zenab Bibi,Lahore,27917800,21766118,filer,6883141,9036230,2153089,54,medium
3751,Farah Ansari,Karachi,15483600,11422100,filer,3262735,4684260,1421525,54,medium
4795,Abida Niazi,Faisalabad,37550235,30224961,filer,9843736,12407582,2563846,54,medium
7092,Sidra Ansari,Gujranwala,6000000,3931852,filer,649556,1365000,715444,54,medium
1065,Mansoor Memon,Gujranwala,15000000,10978616,filer,3107516,4515000,1407484,54,medium
3909,Rabia Khan,Multan,15974023,11773740,filer,3385809,4855908,1470099,54,medium
4200,Warda Lodhi,Islamabad,21468201,16257692,filer,4955192,6778870,1823678,54,medium
1345,Khaled Abbasi,Karachi,17569807,13047633,filer,3831672,5414432,1582760,54,medium
5231,Irfan Bhatti,Lahore,15000000,10994179,filer,3112963,4515000,1402037,54,medium
8661,Muhammad Bashir Jutt,Gujranwala,2907000,0,absent,0,356750,356750,54,medium
10513,Bashir Khokhar,Peshawar,29695697,23417925,filer,7461274,9658494,2197220,54,medium
9459,Mohammad Talha Tarar,Karachi,15000000,10962371,filer,3101830,4515000,1413170,54,medium
1232,Mohd Younis Khattak,Rawalpindi,23051183,18084405,filer,5594542,7332914,1738372,53,medium
8825,Iqbal Wattoo,Rawalpindi,2849400,0,absent,0,342350,342350,53,medium
5410,Rashid Bhutto,Lahore,6000000,3969804,filer,660941,1365000,704059,53,medium
796,Muhammad Osman Butt,Rawalpindi,51745301,43331043,filer,14430865,17375855,2944990,53,medium
2675,Ashraf Baig,Islamabad,27850497,22313017,filer,7074556,9012674,1938118,53,medium
6381,Yasmin Jutt,Peshawar,15000000,11089221,filer,3146227,4515000,1368773,53,medium
3120,Arif Gillani,Karachi,6000000,3982059,filer,664618,1365000,700382,53,medium
844,Rukhsana Abbas,Karachi,15000000,11147675,filer,3166686,4515000,1348314,53,medium
10372,Feisal Yousafzai,Rawalpindi,22126600,17113320,filer,5254662,7009310,1754648,53,medium
5211,Shahzad Tarar,Hyderabad,15000000,11175961,filer,3176586,4515000,1338414,53,medium
2969,Mohammad Abdullah Sheikh,Faisalabad,17802600,13453898,filer,3973864,5495910,1522046,53,medium
3203,Muhammad Yasir Tareen,Karachi,6000000,3975788,filer,662736,1365000,702264,53,medium
7090,Saeed Gilani,Rawalpindi,15000000,11292914,filer,3217520,4515000,1297480,52,medium
5225,M Rafique Kayani,Lahore,15000000,11373917,filer,3245871,4515000,1269129,52,medium
1119,Naveed Marwat,Karachi,6000000,4040324,filer,682097,1365000,682903,52,medium
6432,Hassan Soomro,Multan,39103701,32798828,filer,10744590,12951295,2206705,52,medium
1521,Mohd Fahad Bhatti,Rawalpindi,6000000,4031811,filer,679543,1365000,685457,52,medium
1316,Owais Gujjar,Hyderabad,26461299,21356863,filer,6739902,8526455,1786553,52,medium
3537,Ghulam Wattoo,Gujranwala,15000000,11350828,filer,3237790,4515000,1277210,52,medium
6116,Muhammed Tanveer Hashmi,Multan,15000000,11390268,filer,3251594,4515000,1263406,52,medium
1255,Tariq Rajput,Gujranwala,29386600,23707110,filer,7562488,9550310,1987822,52,medium
1920,Ali Memon,Lahore,19857889,15450549,filer,4672692,6215261,1542569,52,medium
7396,Iqbal Awan,Islamabad,6000000,4075802,filer,692741,1365000,672259,52,medium
2897,Zafar Jutt,Gujranwala,15000000,11390205,filer,3251572,4515000,1263428,52,medium
4245,Saied Soomro,Karachi,23986087,19032615,filer,5926415,7660130,1733715,52,medium
3227,Mazhar Durrani,Gujranwala,35188254,29046233,filer,9431182,11580889,2149707,52,medium
6208,Liaaquat Tarar,Islamabad,21572400,17175860,filer,5276551,6815340,1538789,51,medium
533,Muhammad Rasheed Hamdani,Gujranwala,15000000,11461385,filer,3276485,4515000,1238515,51,medium
5399,M Ayaz Kakar,Peshawar,15000000,11576815,filer,3316885,4515000,1198115,51,medium
4365,Mhammed Mudassar Khokhar,Islamabad,6000000,4140461,filer,714161,1365000,650839,51,medium
2259,Ejaz Rajput,Lahore,21129400,16936142,filer,5192650,6660290,1467640,51,medium
600,Mohammed Haroon Rizvi,Peshawar,6000000,4132321,filer,711312,1365000,653688,51,medium
927,Aamir Siddiqui,Lahore,21647200,17389761,filer,5351416,6841520,1490104,51,medium
9494,Tooba Ch,Sialkot,2742200,0,absent,0,315550,315550,51,medium
5314,Yousuf Tareen,Peshawar,15000000,11587439,filer,3320604,4515000,1194396,51,medium
2721,Taimur Gujjar,Gujranwala,15649000,11988781,filer,3461073,4742150,1281077,51,medium
1425,Talha Khokhar,Islamabad,6000000,4113660,filer,704781,1365000,660219,51,medium
3262,Ahmed Malik,Lahore,24679563,20110246,filer,6303586,7902847,1599261,51,medium
8004,Tanveer Mirza,Hyderabad,6000000,4091819,filer,697546,1365000,667454,51,medium
1493,Iqra Hamdani,Rawalpindi,24868000,20283649,filer,6364277,7968800,1604523,51,medium
541,Rafiq Afridi,Islamabad,15000000,11665600,filer,3347960,4515000,1167040,50,medium
3705,Sana Sidiqui,Karachi,38092462,32720115,filer,10717040,12597362,1880322,50,medium
10213,Muhammad Faraz Bhatti,Gujranwala,17253224,13674353,filer,4051024,5303628,1252604,50,medium
5549,آصف ڈار,Karachi,15000000,11688650,filer,3356028,4515000,1158972,50,medium
10245,Mudassar Khokhar,Karachi,30148968,25084876,filer,8044707,9817139,1772432,50,medium
2264,Mohammad Umar Cheema,Gujranwala,15000000,11750139,filer,3377549,4515000,1137451,50,medium
5825,Muhammad Haroon Satti,Multan,15000000,11833823,filer,3406838,4515000,1108162,49,medium
6071,Arif Memon,Karachi,15000000,11860290,filer,3416102,4515000,1098898,49,medium
8427,Mohd Waqar Naqvi,Karachi,2614700,0,absent,0,283675,283675,49,medium
4109,Mohammad Imran Mirza,Lahore,15000000,11770289,filer,3384601,4515000,1130399,49,medium
10366,Mohd Nawaz Dar,Karachi,37524347,32584046,filer,10669416,12398521,1729105,49,medium
145,Muhammed Akram Hamdani,Lahore,6000000,4234798,filer,747179,1365000,617821,49,medium
4652,Javed Memon,Islamabad,29182569,24712305,filer,7914307,9478899,1564592,49,medium
235,Muhammad Kashif Baig,Karachi,21733000,17918735,filer,5536557,6871550,1334993,49,medium
4785,Waleed Jamali,Rawalpindi,14771167,11566780,filer,3313373,4434908,1121535,49,medium
2870,Muhammad Shahzad Magsi,Lahore,15000000,11904890,filer,3431712,4515000,1083288,49,medium
16,Mazhar Awan,Lahore,15000000,11781352,filer,3388473,4515000,1126527,49,medium
25,Muhammad Ayaz Sheikh,Islamabad,18506200,14961066,filer,4501373,5742170,1240797,49,medium
1298,Bilawal Janjua,Lahore,15000000,11943874,filer,3445356,4515000,1069644,48,medium
2564,Rabi Ansari,Rawalpindi,15000000,12062481,filer,3486868,4515000,1028132,48,medium
993,Nazia Paracha,Gujranwala,28905216,24668939,filer,7899129,9381826,1482697,48,medium
879,Warda Bibi,Hyderabad,15000000,11914401,filer,3435040,4515000,1079960,48,medium
96,Ibrahim Marwat,Multan,73484200,67777162,filer,22987007,24984470,1997463,47,medium
4443,Komal Sandhu,Faisalabad,33473275,29316178,filer,9525662,10980646,1454984,47,medium
1474,Ghulam Baig,Islamabad,15000000,12168373,filer,3523931,4515000,991069,47,medium
589,Noor Khokhar,Peshawar,16433400,13438255,filer,3968389,5016690,1048301,47,medium
636,Eajz Rajput,Rawalpindi,15000000,12081991,filer,3493697,4515000,1021303,47,medium
1042,Mohammad Rizwan Mengal,Lahore,72266600,66560180,filer,22561063,24558310,1997247,47,medium
4792,Mohd Moin Virk,Hyderabad,7672600,5747492,filer,1276622,1950410,673788,47,medium
1211,Salman Awan,Karachi,18358000,15153390,filer,4568686,5690300,1121614,47,medium
4032,Amna Gujjar,Rawalpindi,2500000,0,absent,0,255000,255000,46,medium
519,Mohammad Raza Shah,Gujranwala,2500000,331913,filer,0,255000,255000,46,medium
3379,Nawaz Arain,Karachi,2500000,0,absent,0,255000,255000,46,medium
2753,Rehan Khattak,Lahore,2500000,0,absent,0,255000,255000,46,medium
6160,Zeeshan Mughal,Lahore,2500000,0,absent,0,255000,255000,46,medium
4012,Mohammad Nadeem Virk,Rawalpindi,2500000,0,absent,0,255000,255000,46,medium
4482,Mansoor Akhtar,Multan,2500000,0,absent,0,255000,255000,46,medium
620,Usama Kayani,Gujranwala,2500000,0,absent,0,255000,255000,46,medium
4725,Hina Memon,Faisalabad,2500000,0,absent,0,255000,255000,46,medium
5739,Muhammad Iqbal Arain,Karachi,2500000,0,absent,0,255000,255000,46,medium
4439,Muhammad Fawad Kazmi,Lahore,2500000,0,absent,0,255000,255000,46,medium
3409,Tooba Shaikh,Lahore,2500000,0,absent,0,255000,255000,46,medium
3403,Kamran Memon,Islamabad,15000000,12257871,filer,3555255,4515000,959745,46,medium
5432,Faiza Khan,Multan,2500000,0,absent,0,255000,255000,46,medium
5000,M Yousuf Mirza,Lahore,2500000,0,absent,0,255000,255000,46,medium
3299,Mudassar Dar,Bahawalpur,2500000,0,absent,0,255000,255000,46,medium
6468,Mohammed Haroon Tareen,Karachi,2500000,0,absent,0,255000,255000,46,medium
4333,Adnan Soomro,Faisalabad,2500000,0,absent,0,255000,255000,46,medium
3297,Nazia Janjua,Karachi,2500000,0,absent,0,255000,255000,46,medium
91,Iqbal Sial,Faisalabad,2500000,0,absent,0,255000,255000,46,medium
4162,Muhammed Shafique Wattoo,Hyderabad,2500000,0,absent,0,255000,255000,46,medium
6633,Muhammed Javid Kazmi,Islamabad,2500000,0,absent,0,255000,255000,46,medium
4326,Ejaz Mirza,Rawalpindi,2500000,0,absent,0,255000,255000,46,medium
3584,Yasir Hashmi,Karachi,2500000,0,absent,0,255000,255000,46,medium
2330,Hammad Paracha,Islamabad,2500000,0,absent,0,255000,255000,46,medium
2855,Danish Cheema,Sialkot,17082986,14159059,filer,4220671,5244045,1023374,46,medium
672,Ashraf Begg,Lahore,2500000,0,absent,0,255000,255000,46,medium
4220,Uzma Afridi,Karachi,2500000,0,absent,0,255000,255000,46,medium
4783,Muhammad Jamil Shah,Gujranwala,2500000,0,absent,0,255000,255000,46,medium
4191,Mehwish Cheema,Peshawar,2500000,0,absent,0,255000,255000,46,medium
4042,Waleed Khokhar,Karachi,2500000,0,absent,0,255000,255000,46,medium
1294,Shabana Kakar,Rawalpindi,2500000,0,absent,0,255000,255000,46,medium
5690,Shoaib Kayani,Islamabad,2500000,0,absent,0,255000,255000,46,medium
5708,Usama Kazmi,Islamabad,2500000,0,absent,0,255000,255000,46,medium
5721,Aslam Kakar,Peshawar,2500000,0,absent,0,255000,255000,46,medium
6574,Muhammad Noman Sial,Lahore,2500000,0,absent,0,255000,255000,46,medium
2051,M Junaid Hamdani,Sialkot,2500000,0,absent,0,255000,255000,46,medium
4592,Nadim Kakar,Lahore,2500000,0,absent,0,255000,255000,46,medium
3428,Nazia Memon,Karachi,2500000,0,absent,0,255000,255000,46,medium
4590,Zubair Bhatti,Quetta,2500000,0,absent,0,255000,255000,46,medium
1798,Mohammed Hamid Awan,Faisalabad,2500000,0,absent,0,255000,255000,46,medium
1588,Mishal Abbasi,Lahore,2500000,0,absent,0,255000,255000,46,medium
6635,Javed Ch,Karachi,2500000,0,absent,0,255000,255000,46,medium
5544,Sadia Mengal,Peshawar,2500000,0,absent,0,255000,255000,46,medium
2557,Jamil Bhatti,Multan,2500000,0,absent,0,255000,255000,46,medium
2295,Hussain Arain,Lahore,2500000,0,absent,0,255000,255000,46,medium
1487,Nimra Abbas,Bahawalpur,2500000,0,absent,0,255000,255000,46,medium
6416,Aleena Virk,Faisalabad,2500000,0,absent,0,255000,255000,46,medium
381,Kashif Memon,Peshawar,2500000,0,absent,0,255000,255000,46,medium
6408,Amna Kakar,Karachi,2500000,0,absent,0,255000,255000,46,medium
283,Yasir Malik,Gujranwala,2500000,0,absent,0,255000,255000,46,medium
555,Zfar Soomro,Faisalabad,2500000,0,absent,0,255000,255000,46,medium
5663,Nida Begum,Bahawalpur,2500000,0,absent,0,255000,255000,46,medium
3465,Muhammad Iqbal Hamani,Lahore,2500000,0,absent,0,255000,255000,46,medium
4855,Muhammed Sohail Lodhi,Bahawalpur,2500000,0,absent,0,255000,255000,46,medium
3771,Mohammed Danish Tarar,Quetta,2500000,0,absent,0,255000,255000,46,medium
1750,سعدیہ قریشی,Gujranwala,2500000,575739,filer,0,255000,255000,46,medium
6526,Nazia Oldhi,Lahore,2500000,0,absent,0,255000,255000,46,medium
2742,Nimra Kazmi,Karachi,2500000,0,absent,0,255000,255000,46,medium
2398,Anwar Jamali,Rawalpindi,2500000,0,absent,0,255000,255000,46,medium
3814,Mohammed Shahid Satti,Karachi,2500000,0,absent,0,255000,255000,46,medium
1912,Shaista Baig,Lahore,2500000,0,absent,0,255000,255000,46,medium
431,Nazia Khokhar,Faisalabad,2500000,0,absent,0,255000,255000,46,medium
5903,Muhammed Zobair Virk,Multan,2500000,0,absent,0,255000,255000,46,medium
5907,Komal Gujjar,Gujranwala,2500000,0,absent,0,255000,255000,46,medium
5909,Eman Satti,Multan,2500000,0,absent,0,255000,255000,46,medium
680,Robina Tarar,Bahawalpur,2500000,0,absent,0,255000,255000,46,medium
2381,Mohammad Waqar Warraich,Islamabad,2500000,0,absent,0,255000,255000,46,medium
5324,Usman Tarar,Lahore,2500000,0,absent,0,255000,255000,46,medium
5296,Yasmin Rajput,Bahawalpur,2500000,0,absent,0,255000,255000,46,medium
5521,Nida Mengal,Faisalabad,2500000,0,absent,0,255000,255000,46,medium
1100,Jahangir Chaudhry,Karachi,2500000,0,absent,0,255000,255000,46,medium
3727,M Shafique Niazi,Islamabad,2500000,0,absent,0,255000,255000,46,medium
3654,Sohail Tareen,Lahore,15000000,12226260,filer,3544191,4515000,970809,46,medium
3607,Asif Gilani,Karachi,2500000,0,absent,0,255000,255000,46,medium
5500,Mohammed Zahid Bhatti,Karachi,2500000,0,absent,0,255000,255000,46,medium
4877,M Irfan Chaudhry,Lahore,2500000,0,absent,0,255000,255000,46,medium
5221,Mohammed Sohel Paracha,Lahore,2500000,0,absent,0,255000,255000,46,medium
1510,M Kashif Mengal,Multan,2500000,0,absent,0,255000,255000,46,medium
1866,Ali Hashmi,Islamabad,2500000,0,absent,0,255000,255000,46,medium
1880,Sajid Ansari,Peshawar,2500000,0,absent,0,255000,255000,46,medium
5998,Sidra Abbas,Karachi,2500000,0,absent,0,255000,255000,46,medium
5999,Tariq Magsi,Rawalpindi,2500000,0,absent,0,255000,255000,46,medium
3555,Maira Dar,Lahore,2500000,0,absent,0,255000,255000,46,medium
3553,Muhammad Riaz Shah,Hyderabad,2500000,0,absent,0,255000,255000,46,medium
152,Khalid Arain,Quetta,2500000,0,absent,0,255000,255000,46,medium
6855,Mansoor Raja,Multan,2520800,0,absent,0,260200,260200,46,medium
4625,Muhammad Jamil Chohan,Quetta,2500000,0,absent,0,255000,255000,46,medium
826,Mahnoor Wattoo,Lahore,2500000,0,absent,0,255000,255000,46,medium
1836,Waqar Lodhi,Multan,2500000,0,absent,0,255000,255000,46,medium
4300,Zafar Abbas,Lahore,2500000,0,absent,0,255000,255000,46,medium
1336,Khadijah Bibi,Gujranwala,2500000,0,absent,0,255000,255000,46,medium
1077,Karim Dar,Islamabad,2500000,0,absent,0,255000,255000,46,medium
8150,Bilal Raja,Multan,2500000,549212,filer,0,255000,255000,46,medium
5235,M Hamid Abbas,Karachi,2500000,0,absent,0,255000,255000,46,medium
3321,Shagufta Mengal,Gujranwala,2500000,0,absent,0,255000,255000,46,medium
5878,Adnan Paracha,Rawalpindi,2500000,0,absent,0,255000,255000,46,medium
144,Shahzadgondal,Lahore,2500000,0,absent,0,255000,255000,46,medium
5911,Hussain Mengal,Faisalabad,2500000,0,absent,0,255000,255000,46,medium
3819,Tahira Niazi,Faisalabad,2500000,0,absent,0,255000,255000,46,medium
5266,Osman Rajput,Lahore,2500000,0,absent,0,255000,255000,46,medium
5283,Eman Bhutto,Lahore,2500000,0,absent,0,255000,255000,46,medium
4335,Nazia Soomro,Lahore,2500000,0,absent,0,255000,255000,46,medium
231,Mohd Hamid Shah,Lahore,2500000,0,absent,0,255000,255000,46,medium
1265,M Talha Rizvi,Islamabad,2500000,0,absent,0,255000,255000,46,medium
5648,Muhammad Nawaz Rizvi,Hyderabad,2500000,0,absent,0,255000,255000,46,medium
3454,M Kamran Virk,Karachi,2500000,0,absent,0,255000,255000,46,medium
4112,Zoya Arain,Karachi,2500000,0,absent,0,255000,255000,46,medium
4911,Farah Arain,Karachi,2500000,0,absent,0,255000,255000,46,medium
748,Shahid Kayani,Lahore,2500000,0,absent,0,255000,255000,46,medium
1702,Saad Kakar,Faisalabad,2500000,0,absent,0,255000,255000,46,medium
3799,Rabia Kazmi,Karachi,2500000,0,absent,0,255000,255000,46,medium
6052,Ramsha Lodhi,Lahore,2500000,0,absent,0,255000,255000,46,medium
1464,Muhammad Sajid Rajput,Rawalpindi,2500000,0,absent,0,255000,255000,46,medium
4363,Muhammad Talha Paracha,Hyderabad,2500000,0,absent,0,255000,255000,46,medium
10288,Abida Kakar,Hyderabad,15000000,12240079,filer,3549028,4515000,965972,46,medium
3367,Zubaida Dar,Quetta,2500000,0,absent,0,255000,255000,46,medium
1272,Nida Janjua,Gujranwala,2500000,0,absent,0,255000,255000,46,medium
6702,Waqar Kyaani,Lahore,39756906,35764246,filer,11782486,13179917,1397431,46,medium
5352,Muhammed Jahangir Paracha,Multan,2500000,0,absent,0,255000,255000,46,medium
3352,Akram Satti,Lahore,2500000,0,absent,0,255000,255000,46,medium
5844,Muhammad Asif Memon,Bahawalpur,2500000,0,absent,0,255000,255000,46,medium
2841,Ayesha Marwat,Quetta,2500000,0,absent,0,255000,255000,46,medium
6462,Muhammad Imran Siddiqui,Faisalabad,2500000,0,absent,0,255000,255000,46,medium
3327,Manosor Bajwa,Rawalpindi,2500000,0,absent,0,255000,255000,46,medium
3326,Mhammad Saeed Lodhi,Islamabad,2500000,0,absent,0,255000,255000,46,medium
2332,Naveed Kakar,Karachi,2500000,0,absent,0,255000,255000,46,medium
5871,Ejaz Magsi,Karachi,2500000,0,absent,0,255000,255000,46,medium
1528,Owais Naqvi,Karachi,2500000,0,absent,0,255000,255000,46,medium
6485,Pervez Gujjar,Karachi,2500000,0,absent,0,255000,255000,46,medium
4640,نوید انصاری,Karachi,2500000,0,absent,0,255000,255000,46,medium
5140,Imran Khattak,Multan,2500000,0,absent,0,255000,255000,46,medium
1741,Mehmood Hamdani,Lahore,2500000,0,absent,0,255000,255000,46,medium
6074,Mohd Kashif Tarar,Karachi,2500000,0,absent,0,255000,255000,46,medium
266,Anika Ansari,Hyderabad,2500000,0,absent,0,255000,255000,46,medium
2483,Muhammad Omar Sial,Bahawalpur,2500000,0,absent,0,255000,255000,46,medium
3665,Mazhar Arain,Faisalabad,2500000,0,absent,0,255000,255000,46,medium
2258,Zoy Ahamdani,Gujranwala,2500000,0,absent,0,255000,255000,46,medium
1043,Rizwan Mengal,Lahore,15000000,12291437,filer,3567003,4515000,947997,46,medium
4081,Abid Khokhar,Lahore,15000000,12239847,filer,3548946,4515000,966054,46,medium
3522,M Bashr Khokhar,Hyderabad,2500000,0,absent,0,255000,255000,46,medium
1663,Nasir Zaidi,Islamabad,2500000,0,absent,0,255000,255000,46,medium
6073,Kamran Niazi,Multan,2500000,0,absent,0,255000,255000,46,medium
1171,Sehrish Begg,Gujranwala,2500000,0,absent,0,255000,255000,46,medium
683,Muhammad Islam Arain,Peshawar,2500000,0,absent,0,255000,255000,46,medium
4561,M Zeeshan Geelani,Islamabad,2500000,0,absent,0,255000,255000,46,medium
1985,Danish Arain,Hyderabad,2500000,0,absent,0,255000,255000,46,medium
2981,Husain Shah,Karachi,2500000,0,absent,0,255000,255000,46,medium
455,Mariam Rajput,Karachi,2500000,0,absent,0,255000,255000,46,medium
3011,Adnan Khan,Karachi,2500000,0,absent,0,255000,255000,46,medium
161,Ashraf Arain,Karachi,2500000,0,absent,0,255000,255000,46,medium
7444,Anwar Mughal,Lahore,2500000,0,absent,0,255000,255000,46,medium
1240,Fahad Ansari,Multan,2500000,0,absent,0,255000,255000,46,medium
186,Kiran Mengal,Quetta,2500000,0,absent,0,255000,255000,46,medium
3502,Rehan Arain,Lahore,2500000,0,absent,0,255000,255000,46,medium
6296,Jahangir Mughal,Hyderabad,2500000,0,absent,0,255000,255000,46,medium
6294,Mehwish Yousafzai,Peshawar,2500000,0,absent,0,255000,255000,46,medium
2648,Zahid Kazmi,Rawalpindi,2500000,0,absent,0,255000,255000,46,medium
5371,Owais Sandhu,Lahore,2500000,0,absent,0,255000,255000,46,medium
3153,Abida Yousafzai,Rawalpindi,2500000,0,absent,0,255000,255000,46,medium
3138,Bilal Tareen,Rawalpindi,20464877,17269834,filer,5309442,6427707,1118265,46,medium
6269,Muhammad Asad Sial,Peshawar,2500000,0,absent,0,255000,255000,46,medium
1440,Fariha Gujjar,Faisalabad,2500000,0,absent,0,255000,255000,46,medium
6514,Ali Malik,Faisalabad,2500000,0,absent,0,255000,255000,46,medium
4654,Aleena Bhutto,Multan,2500000,0,absent,0,255000,255000,46,medium
4680,Hira Sial,Gujranwala,2500000,0,absent,0,255000,255000,46,medium
6276,Riaz Butt,Bahawalpur,2500000,0,absent,0,255000,255000,46,medium
4671,Shagufta Bajwa,Karachi,2500000,0,absent,0,255000,255000,46,medium
4695,Zeeshan Baig,Peshawar,2500000,0,absent,0,255000,255000,46,medium
4270,Hamid Niazi,Karachi,2500000,0,absent,0,255000,255000,46,medium
10021,Ania Janjua,Peshawar,4328800,2847473,filer,341868,780080,438212,46,medium
5208,Khalid Sial,Peshawar,2500000,0,absent,0,255000,255000,46,medium
1719,Mohammed Arif Khattak,Gujranwala,2500000,0,absent,0,255000,255000,46,medium
3946,Anwar Mengal,Karachi,2500000,0,absent,0,255000,255000,46,medium
4251,Nazia Lodhi,Rawalpindi,2500000,0,absent,0,255000,255000,46,medium
3942,Taimur Akhtar,Lahore,2500000,541191,filer,0,255000,255000,46,medium
3930,Yasmeen Yousafzai,Rawalpindi,2500000,0,absent,0,255000,255000,46,medium
4424,Durdana Jamali,Karachi,2500000,0,absent,0,255000,255000,46,medium
1974,Nasir Qureshi,Islamabad,2500000,0,absent,0,255000,255000,46,medium
880,Asif Siddiqui,Karachi,2500000,0,absent,0,255000,255000,46,medium
5382,M Yousuf Bhutto,Bahawalpur,2500000,0,absent,0,255000,255000,46,medium
41,Kamran Memon,Karachi,2500000,0,absent,0,255000,255000,46,medium
3004,Nawaz Paracha,Multan,2500000,0,absent,0,255000,255000,46,medium
3003,Mohammed Rehan Soomro,Lahore,2500000,0,absent,0,255000,255000,46,medium
6090,Mohammad Zeeshan Naqvi,Lahore,2500000,0,absent,0,255000,255000,46,medium
6085,Usman Abbasi,Gujranwala,2500000,0,absent,0,255000,255000,46,medium
6139,Ramsha Zaidi,Rawalpindi,2500000,0,absent,0,255000,255000,46,medium
3103,Hassan Rajput,Islamabad,2500000,0,absent,0,255000,255000,46,medium
3125,Zeeshan Beg,Peshawar,2500000,0,absent,0,255000,255000,46,medium
1941,Muhammad Saad Bhutto,Gujranwala,2500000,0,absent,0,255000,255000,46,medium
436,Mohd Iqbal Abbasi,Gujranwala,2500000,0,absent,0,255000,255000,46,medium
1303,Maira Bhatti,Karachi,16989600,14261896,filer,4256664,5211360,954696,45,medium
3358,Zafar Gondal,Karachi,2500000,664461,filer,3223,255000,251777,45,medium
1792,Mohammad Bilal Mengal,Lahore,79142200,74284459,filer,25264561,26964770,1700209,45,medium
1682,Mohammad Faraz Khan,Gujranwala,2500000,688658,filer,4433,255000,250567,45,medium
6521,Mohammad Waleed Baig,Hyderabad,32726175,29271598,filer,9510059,10719161,1209102,45,medium
6593,Tariq Jamali,Lahore,15000000,12442539,filer,3619889,4515000,895111,45,medium
2786,Mohammed Taimur Niazi,Faisalabad,19512734,16582704,filer,5068946,6094457,1025511,45,medium
5227,Asma Qureshi,Lahore,2500000,723726,filer,6186,255000,248814,45,medium
4705,Javed Gondal,Hyderabad,50190600,46215909,filer,15440568,16831710,1391142,45,medium
479,Mohammad Talha Shah,Lahore,15000000,12439903,filer,3618966,4515000,896034,45,medium
1359,Moin Durrani,Rawalpindi,15000000,12400683,filer,3605239,4515000,909761,45,medium
10375,Rukhsana Niazi,Peshawar,41378156,37600018,filer,12425006,13747355,1322349,45,medium
1527,Saad Malik,Karachi,2500000,670314,filer,3516,255000,251484,45,medium
10363,Adnan Niazi,Karachi,24669200,21518012,filer,6796304,7899220,1102916,45,medium
1757,Muhammad Riyaz Siddiqui,Lahore,55849600,51470906,filer,17279817,18812360,1532543,45,medium
2705,Muhammad Tanveer Dar,Karachi,15000000,12369787,filer,3594425,4515000,920575,45,medium
174,Mohd Kashif Bhutto,Karachi,15000000,12518232,filer,3646381,4515000,868619,44,medium
1640,Muhammad Yousuf Raja,Karachi,2500000,804853,filer,10243,255000,244757,44,medium
2898,Usama Abbasi,Faisalabad,2500000,791484,filer,9574,255000,245426,44,medium
6379,Mohd Mazhar Lodhi,Bahawalpur,17361982,14737716,filer,4423201,5341694,918493,44,medium
4837,Mohd Hammad Abbas,Peshawar,22636146,19725897,filer,6169064,7187651,1018587,44,medium
1998,Eman Naqvi,Peshawar,15000000,12582625,filer,3668919,4515000,846081,44,medium
2498,Hina Tarar,Lahore,20794528,17928041,filer,5539814,6543085,1003271,44,medium
514,Muhammad Pervez Rajput,Lahore,40877600,37718373,filer,12466431,13572160,1105729,43,medium
3115,Riaz Babasi,Faisalabad,6000000,4537243,filer,853035,1365000,511965,43,medium
3425,Ejaz Arain,Islamabad,2500000,924520,filer,16226,255000,238774,43,medium
502,Iqra Khokhar,Islamabad,9100888,7298765,filer,1819568,2450311,630743,43,medium
4437,Muhammad Junaid Jutt,Faisalabad,6000000,4581168,filer,868409,1365000,496591,43,medium
1017,Muhammed Imran Niazi,Karachi,64177200,60361602,filer,20391561,21727020,1335459,43,medium
5876,Uzma Begum,Lahore,2500000,970194,filer,18510,255000,236490,42,medium
6402,Zafar Afridi,Multan,23472400,20845584,filer,6560954,7480340,919386,42,medium
7768,Muhammad Adnan Arain,Hyderabad,2500000,981690,filer,19084,255000,235916,42,medium
3687,Asad Awan,Gujranwala,16534400,14275553,filer,4261444,5052040,790596,42,medium
4813,Iqra Abbassi,Karachi,58941800,55507438,filer,18692603,19894630,1202027,42,medium
965,Ismail Khattak,Multan,15000000,12752959,filer,3728536,4515000,786464,42,medium
1790,Muhammad Mazhar Qureshi,Peshawar,28199409,25567028,filer,8213460,9134793,921333,42,medium
475,M Ahmed Malik,Hyderabad,2500000,1010719,filer,20536,255000,234464,42,medium
5697,Tooba Lodhi,Sialkot,23486600,21126559,filer,6659296,7485310,826014,41,medium
5899,Khalid Mirza,Gujranwala,2500000,1094727,filer,24736,255000,230264,41,medium
4730,Muhammad Nasir Siddiqi,Lahore,15000000,12924850,filer,3788698,4515000,726302,41,medium
4205,Mahnoor Kazmi,Lahore,23345000,20938289,filer,6593401,7435750,842349,41,medium
4234,Ashraf Gujjar,Rawalpindi,15000000,12991218,filer,3811926,4515000,703074,41,medium
10287,Muhammad Bilawal Mughal,Gujranwala,15000000,12912803,filer,3784481,4515000,730519,41,medium
2439,Riaz Khokhar,Lahore,87276400,84086211,filer,28695174,29811740,1116566,41,medium
934,Fariha Bibi,Gujranwala,16537151,14379166,filer,4297708,5053003,755295,41,medium
3940,Shafique Ansari,Lahore,20569580,18276800,filer,5661880,6464353,802473,41,medium
1003,Muhammad Abdullah Tareen,Karachi,22124200,19811869,filer,6199154,7008470,809316,41,medium
6206,Muhammed Javid Kakar,Quetta,6000000,4666451,filer,898258,1365000,466742,41,medium
4609,Ashraf Mirza,Rawalpindi,15000000,12902369,filer,3780829,4515000,734171,41,medium
6622,Komal Tarar,Karachi,6000000,4710313,filer,913610,1365000,451390,40,medium
2692,Ibrahim Bajwa,Islamabad,61204400,58321520,filer,19677532,20686540,1009008,40,medium
2651,Mohammed Aslam Durrani,Lahore,15000000,13075727,filer,3841504,4515000,673496,40,medium
5841,Muhammad Noman Khokhar,Lahore,6000000,4693011,filer,907554,1365000,457446,40,medium
2185,Nasir Janjua,Sialkot,58690400,55856550,filer,18814792,19806640,991848,40,medium
2743,Shaista Begum,Rawalpindi,56433200,53894834,filer,18128192,19016620,888428,39,low
3664,Hussein Kakar,Karachi,32506338,30277761,filer,9862216,10642218,780002,39,low
9984,Pervez Mughal,Peshawar,2915600,1697612,filer,104642,358900,254258,39,low
1970,Muhammad Fahad Kazmi,Rawalpindi,41997200,39540526,filer,13104184,13964020,859836,39,low
7532,Muhammad Aslam Jamali,Hyderabad,15000000,13132184,filer,3861264,4515000,653736,39,low
302,Imran Magsi,Quetta,15000000,13121439,filer,3857504,4515000,657496,39,low
1946,Aamir Sial,Karachi,15000000,13230043,filer,3895515,4515000,619485,38,low
6002,M Khallid Sial,Lahore,15000000,13238890,filer,3898612,4515000,616388,38,low
1481,Mohammed Nadeem Khattak,Peshawar,15000000,13268175,filer,3908861,4515000,606139,38,low
9582,Laiba Janjua,Karachi,2230800,420094,filer,0,187700,187700,38,low
3869,Muhammad Waseem Tareen,Karachi,15000000,13309175,filer,3923211,4515000,591789,38,low
2532,Mohammed Faisal Wattoo,Faisalabad,37583473,35525303,filer,11698856,12419216,720360,37,low
849,Muhammad Akram Gondal,Lahore,2500000,1328867,filer,49330,255000,205670,37,low
5167,Nademe Kakar,Lahore,6000000,4875464,filer,971412,1365000,393588,37,low
3939,Kamran Cheema,Lahore,17814400,16138525,filer,4913484,5500040,586556,37,low
54,Mohammed Fahad Bhatti,Karachi,6000000,4839975,filer,958991,1365000,406009,37,low
7372,M Pervez Bhutto,Faisalabad,2183800,0,absent,0,177570,177570,37,low
4040,Shafiq Paracha,Hyderabad,15000000,13320521,filer,3927182,4515000,587818,37,low
1184,Danish Yousafzai,Rawalpindi,15000000,13397740,filer,3954209,4515000,560791,37,low
5028,Taihra Abbasi,Gujranwala,2500000,1320364,filer,48055,255000,206945,37,low
6167,Sana Shah,Islamabad,30999897,29018836,filer,9421593,10114964,693371,37,low
7976,Hassan Bhutto,Rawalpindi,6000000,4883652,filer,974278,1365000,390722,36,low
9743,Waleed Shah,Rawalpindi,2500000,1356194,filer,53429,255000,201571,36,low
2686,Muhammad Aslam Tareen,Islamabad,15000000,13464360,filer,3977526,4515000,537474,36,low
3273,Tooba Raja,Quetta,2500000,1370810,filer,55622,255000,199378,36,low
4524,Rafiq Malik,Multan,2500000,1365086,filer,54763,255000,200237,36,low
6613,Muhammad Raza Marwat,Hyderabad,28268000,26555183,filer,8559314,9158800,599486,36,low
4290,Saba Bibi,Lahore,22058000,20396136,filer,6403648,6985300,581652,36,low
2136,Shafiq Yousafzai,Quetta,2500000,1344413,filer,51662,255000,203338,36,low
7083,Waqar Hashmi,Peshawar,2500000,1372419,filer,55863,255000,199137,36,low
495,M Zafar Warraich,Faisalabad,2500000,1365592,filer,54839,255000,200161,36,low
5757,Mohammad Hassan Arain,Rawalpindi,2500000,1371185,filer,55678,255000,199322,36,low
9885,Liaquat Bhutto,Peshawar,2125800,0,absent,0,168870,168870,36,low
2279,Shahzad Awan,Quetta,77245200,75192194,filer,25582268,26300820,718552,36,low
6119,Muhammed Javaid Abbasi,Karachi,2500000,1386130,filer,57920,255000,197080,35,low
7374,Laiba Niazi,Karachi,3000000,2008937,filer,151341,380000,228659,35,low
2834,Mansoor Kazmi,Gujranwala,2500000,1395205,filer,59281,255000,195719,35,low
5389,Mohammed Junaid Khattak,Lahore,2500000,1382029,filer,57304,255000,197696,35,low
1068,Muhammed Abdullah Awan,Rawalpindi,2500000,1395440,filer,59316,255000,195684,35,low
8803,Mohd Mazhar Sial,Rawalpindi,2308200,1169776,filer,28489,207050,178561,35,low
6126,Sana Shah,Karachi,2500000,1393259,filer,58989,255000,196011,35,low
5385,Shahzad Sidiui,Lahore,2500000,1403975,filer,60596,255000,194404,35,low
5782,Yasmin Awan,Lahore,2500000,1405307,filer,60796,255000,194204,35,low
1838,Nadim Arain,Islamabad,26469400,24815411,filer,7950394,8529290,578896,35,low
5274,Moin Ansari,Hyderabad,6000000,4959380,filer,1000783,1365000,364217,35,low
9329,Muhammad Bilawal Paracha,Karachi,2500000,1394235,filer,59135,255000,195865,35,low
3360,Salman Afridi,Rawalpindi,2500000,1393601,filer,59040,255000,195960,35,low
6118,Mohammed Aslam Magsi,Bahawalpur,2500000,1400051,filer,60008,255000,194992,35,low
6281,Owais Khan,Karachi,2500000,1400055,filer,60008,255000,194992,35,low
1887,Mohd Jnuaid Rajput,Karachi,46601899,44887667,filer,14975683,15575665,599982,35,low
1519,Hussain Kakar,Hyderabad,15000000,13578000,filer,4017300,4515000,497700,35,low
3949,Muhammad Mazhar Magsi,Hyderabad,2500000,1423957,filer,63594,255000,191406,34,low
5584,Irfan Warraich,Rawalpindi,2500000,1413039,filer,61956,255000,193044,34,low
1131,Owais Wattoo,Quetta,2500000,1410080,filer,61512,255000,193488,34,low
1010,Ayesha Gujjar,Quetta,2500000,1434918,filer,65238,255000,189762,34,low
2032,Rafique Rajput,Quetta,2500000,1440978,filer,66147,255000,188853,34,low
4174,Tooba Hamdani,Rawalpindi,47649800,45972017,filer,15355206,15942430,587224,34,low
2529,Asad Qureishi,Lahore,53517400,51842966,filer,17410038,17996090,586052,34,low
6470,Zeeshan Tarar,Faisalabad,2500000,1418693,filer,62804,255000,192196,34,low
3738,Aysha Begum,Gujranwala,2500000,1433790,filer,65068,255000,189932,34,low
6203,Zobair Jutt,Peshawar,2500000,1433588,filer,65038,255000,189962,34,low
2639,Raza Khattak,Faisalabad,2500000,1427214,filer,64082,255000,190918,34,low
3089,Shabana Bibi,Gujranwala,2500000,1426965,filer,64045,255000,190955,34,low
4724,Fatimah Afridi,Rawalpindi,28083400,26495805,filer,8538532,9094190,555658,34,low
6724,Taimur Memon,Multan,2961800,2004880,filer,150732,370450,219718,34,low
10137,Muhammad Owais Warraich,Hyderabad,6000000,5004352,filer,1016523,1365000,348477,34,low
3233,Irfan Bhutto,Islamabad,2500000,1433403,filer,65010,255000,189990,34,low
6995,Muhammad Sohail Awan,Rawalpindi,2500000,1444627,filer,66694,255000,188306,34,low
5095,Asif Abbasi,Bahawalpur,2500000,1433477,filer,65022,255000,189978,34,low
2926,Mahnoor Jamali,Rawalpindi,2500000,1431173,filer,64676,255000,190324,34,low
3883,Zafar Khan,Lahore,2500000,1421638,filer,63246,255000,191754,34,low
6346,Muhammad Ghulam Hashmi,Lahore,2500000,1438748,filer,65812,255000,189188,34,low
1834,Hasan Warraich,Islamabad,2500000,1423507,filer,63526,255000,191474,34,low
5078,Mubashir Kazmi,Karachi,2500000,1434121,filer,65118,255000,189882,34,low
4811,Mohammed Mansoor Jutt,Karachi,33053196,31499252,filer,10289738,10833619,543881,34,low
1289,Muhammad Iqbal Malik,Lahore,2500000,1413339,filer,62001,255000,192999,34,low
5008,M Ejaz Khan,Faisalabad,67056800,65507804,filer,22192731,22734880,542149,33,low
4781,Muhammed Iqbal Mughal,Faisalabad,2500000,1451956,filer,67793,255000,187207,33,low
1163,Zahid Gondal,Rawalpindi,15000000,13697563,filer,4059147,4515000,455853,33,low
2481,Faraz Bhatti,Rawalpindi,2500000,1466884,filer,70033,255000,184967,33,low
6243,Moahmmad Farhan Jutt,Karachi,2500000,1447257,filer,67089,255000,187911,33,low
5488,Muhammad Noman Tarar,Karachi,2500000,1470532,filer,70580,255000,184420,33,low
9092,Tanveer Wattoo,Islamabad,2500000,1475981,filer,71397,255000,183603,33,low
9609,Mohd Faisal Hamdani,Lahore,1989400,645174,filer,2259,148410,146151,33,low
8293,Khadijah Yousafzai,Karachi,2500000,1466693,filer,70004,255000,184996,33,low
4684,Fariha Kakar,Peshawar,2500000,1460283,filer,69042,255000,185958,33,low
10016,Noor Kakar,Karachi,2500000,1454203,filer,68130,255000,186870,33,low
8410,Kashif Hashmi,Gujranwala,2500000,1450419,filer,67563,255000,187437,33,low
970,Warda Tarar,Faisalabad,2500000,1474866,filer,71230,255000,183770,33,low
1971,Ibrahim Kazmi,Islamabad,2500000,1465377,filer,69807,255000,185193,33,low
573,Bilawal Soomro,Islamabad,15000000,13701176,filer,4060412,4515000,454588,33,low
8245,Khalid Gujjar,Lahore,2500000,1478366,filer,71755,255000,183245,33,low
42,Qasim Warraich,Gujranwala,2500000,1455182,filer,68277,255000,186723,33,low
5756,Mohammed Anwar Arain,Rawalpindi,2500000,1477387,filer,71608,255000,183392,33,low
8162,Mehwish Bibi,Faisalabad,2500000,1448572,filer,67286,255000,187714,33,low
1859,Asif Kazmi,Lahore,2500000,1473897,filer,71085,255000,183915,33,low
7928,Jamil Afridi,Islamabad,2001300,0,absent,0,150195,150195,33,low
6553,Jahangir Khan,Rawalpindi,2500000,1447051,filer,67058,255000,187942,33,low
5404,Mohd Usama Janjua,Islamabad,2500000,1451627,filer,67744,255000,187256,33,low
2588,Tahira Paracha,Gujranwala,2500000,1464707,filer,69706,255000,185294,33,low
581,Muhammad Nawaz Wattoo,Islamabad,6000000,5035002,filer,1027251,1365000,337749,33,low
737,Haroon Kakar,Bahawalpur,2500000,1462200,filer,69330,255000,185670,33,low
6786,Karim Butt,Lahore,2971600,2035145,filer,155272,372900,217628,33,low
4716,Nadim Janjua,Rawalpindi,2500000,1471922,filer,70788,255000,184212,33,low
6451,Javeria Qureishi,Peshawar,29249070,27819067,filer,9001673,9502174,500501,33,low
6585,Muhammed Junaid Bhatti,Lahore,2500000,1476247,filer,71437,255000,183563,33,low
6465,Muhammad Bilawal Kazmi,Multan,2500000,1508227,filer,76234,255000,178766,32,low
5901,Noor Marwat,Islamabad,2500000,1497932,filer,74690,255000,180310,32,low
6954,Mubashir Memon,Karachi,1940000,0,absent,0,141000,141000,32,low
3057,Mohammed Aamir Sandhu,Islamabad,2500000,1498422,filer,74763,255000,180237,32,low
3356,Mohd Moin Mughal,Peshawar,2500000,1481650,filer,72248,255000,182752,32,low
6117,Bashir Kayani,Islamabad,2500000,1486215,filer,72932,255000,182068,32,low
1434,Durdana Malik,Islamabad,21455000,20210836,filer,6338793,6774250,435457,32,low
6227,Younis Akhtar,Lahore,6000000,5099275,filer,1049746,1365000,315254,32,low
4899,Nimra Mengal,Islamabad,2500000,1481688,filer,72253,255000,182747,32,low
6371,Tahirah Durrani,Peshawar,2500000,1501798,filer,75270,255000,179730,32,low
2591,Laiba Paracha,Islamabad,2500000,1511465,filer,76720,255000,178280,32,low
5259,Muhammad Qasem Khattak,Gujranwala,2500000,1486599,filer,72990,255000,182010,32,low
7305,Uzma Sandhu,Islamabad,2500000,1494927,filer,74239,255000,180761,32,low
4347,Aiman Begum,Lahore,2500000,1513950,filer,77092,255000,177908,32,low
4099,Jamil Bhutto,Rawalpindi,2500000,1490492,filer,73574,255000,181426,32,low
7581,Sana Bajwa,Quetta,2500000,1496375,filer,74456,255000,180544,32,low
2359,Khaled Raja,Lahore,2500000,1495829,filer,74374,255000,180626,32,low
10010,Muhammed Rizwan Bhatti,Karachi,1931200,475334,filer,0,139680,139680,32,low
4010,Muhammad Rashid Naqvi,Sialkot,2500000,1509782,filer,76467,255000,178533,32,low
1404,Jamil Awan,Karachi,2500000,1491272,filer,73691,255000,181309,32,low
50,Tanveer Kakar,Lahore,2500000,1483466,filer,72520,255000,182480,32,low
1190,Hina Paracha,Rawalpindi,2500000,1492393,filer,73859,255000,181141,32,low
8147,Muhammed Tariq Rizvi,Hyderabad,2500000,1483458,filer,72519,255000,182481,32,low
1967,Sajid Naqvi,Multan,2500000,1515731,filer,77360,255000,177640,32,low
5681,Bilawal Bajwa,Islamabad,2500000,1528042,filer,79206,255000,175794,31,low
1625,Muhammad Zobair Durrani,Rawalpindi,2500000,1536469,filer,80470,255000,174530,31,low
2714,Muhammad Mansoor Niazi,Rawalpindi,2500000,1526280,filer,78942,255000,176058,31,low
1056,Aleena Afridi,Karachi,2500000,1551335,filer,82700,255000,172300,31,low
2653,M Mazhar Janjua,Quetta,2500000,1518253,filer,77738,255000,177262,31,low
2681,Mohammad Khalid Mengal,Bahawalpur,2500000,1535638,filer,80346,255000,174654,31,low
3445,Asma Hamdani,Hyderabad,2500000,1525880,filer,78882,255000,176118,31,low
248,Mohammad Anwar Jamali,Karachi,2500000,1541935,filer,81290,255000,173710,31,low
2269,Nasreen Akhtar,Bahawalpur,2500000,1529574,filer,79436,255000,175564,31,low
3633,Shazia Mughal,Islamabad,2500000,1544988,filer,81748,255000,173252,31,low
1664,Mohd Jahangir Kayani,Multan,2500000,1529446,filer,79417,255000,175583,31,low
612,Muhammed Shafiq Awan,Hyderabad,15000000,13877661,filer,4122181,4515000,392819,31,low
616,Amna Paracha,Faisalabad,2500000,1545907,filer,81886,255000,173114,31,low
9929,Owais Mughal,Multan,2500000,1541191,filer,81179,255000,173821,31,low
1109,Rabia Gujjar,Quetta,2500000,1531188,filer,79678,255000,175322,31,low
3355,Mohammed Mansoor Dar,Multan,15000000,13886861,filer,4125401,4515000,389599,31,low
6237,Uzma Bajwa,Karachi,2500000,1542084,filer,81313,255000,173687,31,low
5563,Muhammad Tariq Abbasi,Rawalpindi,2500000,1533578,filer,80037,255000,174963,31,low
3165,Faysal Rizvi,Karachi,2500000,1552902,filer,82935,255000,172065,31,low
4754,Uzma Abbasi,Lahore,2500000,1539352,filer,80903,255000,174097,31,low
4206,Waqar Zaidi,Gujranwala,2500000,1525881,filer,78882,255000,176118,31,low
1243,Zoya Jamali,Islamabad,2500000,1548000,filer,82200,255000,172800,31,low
171,Durdana Begum,Islamabad,2500000,1524860,filer,78729,255000,176271,31,low
5203,Muhammed Aslam Virk,Karachi,2500000,1521692,filer,78254,255000,176746,31,low
4591,Mohd Shuaib Soomro,Lahore,2500000,1528387,filer,79258,255000,175742,31,low
6489,Sufyan Hamdani,Lahore,2500000,1570998,filer,85650,255000,169350,30,low
2037,Nasir Memon,Peshawar,2500000,1576675,filer,86501,255000,168499,30,low
1996,Aisha Hashmi,Lahore,2500000,1575299,filer,86295,255000,168705,30,low
2206,Shabana Dar,Multan,2500000,1568937,filer,85341,255000,169659,30,low
4778,Muhammad Mubashir Memon,Islamabad,2500000,1557806,filer,83671,255000,171329,30,low
3083,Fatima Begum,Lahore,2500000,1562053,filer,84308,255000,170692,30,low
4815,Samina Hashmi,Islamabad,2500000,1562717,filer,84408,255000,170592,30,low
5657,Bushra Afridi,Multan,32070200,30867419,filer,10068597,10489570,420973,30,low
373,Mohammad Fawad Shiekh,Lahore,2500000,1559553,filer,83933,255000,171067,30,low
3891,Waqar Rizvi,Karachi,2500000,1583789,filer,87568,255000,167432,30,low
6382,Mubashir Durrani,Lahore,2500000,1557248,filer,83587,255000,171413,30,low
8367,Mohammed Hassan Sial,Hyderabad,2500000,1564204,filer,84631,255000,170369,30,low
3623,Robina Lodhi,Rawalpindi,2500000,1570341,filer,85551,255000,169449,30,low
9153,Fahad Memon,Karachi,2500000,1570467,filer,85570,255000,169430,30,low
5693,Mahnoor Mengal,Rawalpindi,2500000,1585140,filer,87771,255000,167229,30,low
1492,Mubashir Afridi,Faisalabad,2500000,1566241,filer,84936,255000,170064,30,low
2858,Tariq Raja,Rawalpindi,72745000,71486853,filer,24285399,24725750,440351,30,low
3563,Faiza Choudhry,Faisalabad,2500000,1567948,filer,85192,255000,169808,30,low
8452,Muhammed Ibrahim Jamali,Rawalpindi,2500000,1553923,filer,83088,255000,171912,30,low
2490,Mohammad Uthman Khattak,Hyderabad,63866000,62757547,filer,21230141,21618100,387959,29,low
371,M Saad Bhatti,Rawalpindi,2500000,1592729,filer,88909,255000,166091,29,low
2738,Shabana Mirza,Karachi,2500000,1601978,filer,90297,255000,164703,29,low
9972,Nadeem Warraich,Islamabad,2500000,1601051,filer,90158,255000,164842,29,low
6820,Mohammed Jamil Cheema,Karachi,5073200,4331339,filer,780969,1040620,259651,29,low
557,Saad Abbas,Lahore,2500000,1602599,filer,90390,255000,164610,29,low
5968,Danish Bhatti,Peshawar,2500000,1595133,filer,89270,255000,165730,29,low
5039,Rashid Chaudhry,Lahore,2500000,1590500,filer,88575,255000,166425,29,low
6401,Noman Shah,Peshawar,2500000,1622113,filer,93317,255000,161683,29,low
1739,Javeria Jamali,Lahore,2500000,1622467,filer,93370,255000,161630,29,low
4318,Hussian Arain,Peshawar,2500000,1620399,filer,93060,255000,161940,29,low
5579,Fariha Zaidi,Faisalabad,2500000,1599989,filer,89998,255000,165002,29,low
10133,Muhammad Adnan Chaudhary,Karachi,1806000,0,absent,0,120900,120900,29,low
6033,Muhammad Zafar Gondal,Bahawalpur,2500000,1625313,filer,93797,255000,161203,29,low
7032,Sana Emon,Islamabad,2500000,1617757,filer,92664,255000,162336,29,low
2378,Mohd Waseem Sidiqui,Gujranwala,2500000,1611925,filer,91789,255000,163211,29,low
4594,Muhammed Mehmood Sheikh,Karachi,6000000,5210240,filer,1088584,1365000,276416,29,low
2553,Anwar Butt,Karachi,2500000,1621674,filer,93251,255000,161749,29,low
4900,M Ali Mengal,Rawalpindi,2500000,1611612,filer,91742,255000,163258,29,low
5472,Noman Sandhu,Karachi,20807032,19790125,filer,6191544,6547461,355917,29,low
3638,Mubashir Ansari,Karachi,2500000,1599358,filer,89904,255000,165096,29,low
7642,Muhammad Younis Virk,Quetta,1832400,0,absent,0,124860,124860,29,low
5309,Zahid Sheikh,Bahawalpur,2500000,1623629,filer,93544,255000,161456,29,low
10466,Arif Bhutto,Islamabad,48077400,46989220,filer,15711227,16092090,380863,29,low
1699,Nida Rajput,Karachi,2500000,1597276,filer,89591,255000,165409,29,low
2192,M Taimur Begg,Lahore,15000000,14021284,filer,4172449,4515000,342551,29,low
861,Ejaz Yousafzai,Gujranwala,2500000,1609974,filer,91496,255000,163504,29,low
1428,Muhammad Mubashir Raja,Karachi,2500000,1621429,filer,93214,255000,161786,29,low
6086,Robina Khokhar,Lahore,2500000,1592384,filer,88858,255000,166142,29,low
7431,Noman Zaidi,Bahawalpur,1763000,0,absent,0,114450,114450,28,low
9397,Fariha Begg,Lahore,2856400,2103774,filer,165566,344100,178534,28,low
2798,Shahid Lodhi,Karachi,2500000,1659590,filer,98938,255000,156062,28,low
4831,Muhammad Imran Niazi,Gujranwala,2500000,1653563,filer,98034,255000,156966,28,low
89,Muhammad Said Baig,Islamabad,2500000,1628335,filer,94250,255000,160750,28,low
2325,Anika Sheikh,Lahore,2500000,1638793,filer,95819,255000,159181,28,low
4690,Fahad Hamdani,Islamabad,2500000,1633220,filer,94983,255000,160017,28,low
9529,Nawaz Kakar,Multan,2500000,1630652,filer,94598,255000,160402,28,low
1843,Liaquat Paracha,Faisalabad,2500000,1629268,filer,94390,255000,160610,28,low
7856,Kamran Marwat,Multan,2500000,1627427,filer,94114,255000,160886,28,low
9136,Maryam Gondal,Lahore,2500000,1641438,filer,96216,255000,158784,28,low
2298,Javed Afridi,Islamabad,2500000,1637449,filer,95617,255000,159383,28,low
6333,Mazhar Bhatti,Lahore,2500000,1655144,filer,98272,255000,156728,28,low
3885,Yasmin Abbasi,Karachi,2500000,1650709,filer,97606,255000,157394,28,low
5190,Kamran Butt,Gujranwala,2500000,1628502,filer,94275,255000,160725,28,low
2562,Suhail Khokhar,Hyderabad,15000000,14050015,filer,4182505,4515000,332495,28,low
3412,Ramsha Tareen,Karachi,6000000,5255905,filer,1104567,1365000,260433,28,low
139,Fawad Ansari,Karachi,2500000,1637144,filer,95572,255000,159428,28,low
7621,Anika Hashhmi,Lahore,1764800,0,absent,0,114720,114720,28,low
7176,Mohd Bashir Kazmi,Karachi,2500000,1662694,filer,99404,255000,155596,27,low
4849,Muhammed Adnan Janjua,Peshawar,2500000,1684952,filer,102743,255000,152257,27,low
4468,Mahmood Zaidi,Karachi,2500000,1679661,filer,101949,255000,153051,27,low
1862,Sehrish Malik,Bahawalpur,2500000,1696760,filer,104514,255000,150486,27,low
8466,Rizwan Bhutto,Bahawalpur,2500000,1673689,filer,101053,255000,153947,27,low
429,Komal Kakar,Bahawalpur,2500000,1692128,filer,103819,255000,151181,27,low
1667,Khadijah Lodhi,Karachi,22698000,21804494,filer,6896573,7209300,312727,27,low
6477,Abdullah Tarar,Bahawalpur,2500000,1698846,filer,104827,255000,150173,27,low
4774,Mohammad Ayaz Qureshi,Quetta,2500000,1682622,filer,102393,255000,152607,27,low
3515,Noman Hamdani,Hyderabad,2500000,1684785,filer,102718,255000,152282,27,low
3478,Arif Kayani,Quetta,2500000,1689256,filer,103388,255000,151612,27,low
3989,Rashid Qureshi,Multan,28057400,27156842,filer,8769895,9085090,315195,27,low
1470,Jamil Virk,Islamabad,2500000,1691948,filer,103792,255000,151208,27,low
4641,Younis Qureshi,Rawalpindi,15000000,14135837,filer,4212543,4515000,302457,27,low
5963,M Kamran Khan,Lahore,2500000,1688579,filer,103287,255000,151713,27,low
1601,Hussian Gondal,Gujranwala,2500000,1674543,filer,101181,255000,153819,27,low
5718,M Shahzad Mughal,Faisalabad,15000000,14102061,filer,4200721,4515000,314279,27,low
5700,Irfan Awan,Gujranwala,2500000,1689731,filer,103460,255000,151540,27,low
6810,Ghulam Hamdani,Karachi,1746876,0,absent,0,112031,112031,27,low
6153,Raza Mirza,Gujranwala,2500000,1684635,filer,102695,255000,152305,27,low
2750,M Shahid Kayani,Hyderabad,15000000,14142036,filer,4214713,4515000,300287,27,low
2895,Naila Sial,Peshawar,2500000,1663282,filer,99492,255000,155508,27,low
5530,Muhammad Hammad Mirza,Rawalpindi,2500000,1714319,filer,107148,255000,147852,26,low
4759,Amna Akhtar,Peshawar,2500000,1730531,filer,109580,255000,145420,26,low
6859,Samina Mirza,Multan,15000000,14207241,filer,4237534,4515000,277466,26,low
6209,Eman Memon,Lahore,2500000,1699976,filer,104996,255000,150004,26,low
7047,Robina Shah,Lahore,1695800,0,absent,0,104370,104370,26,low
7533,Mazhar Bhutto,Hyderabad,1703400,0,absent,0,105510,105510,26,low
8953,Salman Durrani,Gujranwala,2500000,1729680,filer,109452,255000,145548,26,low
525,Komal Dar,Islamabad,2500000,1721528,filer,108229,255000,146771,26,low
3894,Muhammad Yousuf Magsi,Karachi,2500000,1723780,filer,108567,255000,146433,26,low
7990,Noman Virk,Rawalpindi,1705200,0,absent,0,105780,105780,26,low
5511,Kashif Chaudhry,Lahore,2500000,1712936,filer,106940,255000,148060,26,low
5416,Mariam Bibi,Multan,2500000,1721323,filer,108198,255000,146802,26,low
3099,صبا صدیقی,Peshawar,2500000,1719343,filer,107901,255000,147099,26,low
2334,Muhammad Hasan Rizvi,Karachi,2500000,1723924,filer,108589,255000,146411,26,low
5148,Mehmood Memon,Karachi,2500000,1716759,filer,107514,255000,147486,26,low
7255,Muhammad Usama Mirza,Rawalpindi,2500000,1713864,filer,107080,255000,147920,26,low
3175,Mohd Yousuf Akhtar,Bahawalpur,2500000,1729422,filer,109413,255000,145587,26,low
2159,Moin Jutt,Karachi,2500000,1721310,filer,108196,255000,146804,26,low
4372,Tahira Mughal,Multan,2500000,1737464,filer,110620,255000,144380,25,low
4396,Muhammad Aslam Hamdani,Rawalpindi,2500000,1761533,filer,114230,255000,140770,25,low
7428,Maryam Hamdani,Gujranwala,1675000,0,absent,0,101250,101250,25,low
2111,M Imsail Akhtar,Lahore,2500000,1747581,filer,112137,255000,142863,25,low
3551,Nadeem Gondal,Lahore,2500000,1748529,filer,112279,255000,142721,25,low
262,Komal Rizvi,Karachi,2500000,1747196,filer,112079,255000,142921,25,low
4692,Anwar Kakar,Peshawar,12520400,11793593,filer,3392758,3647140,254382,25,low
3613,Bilal Akhtar,Rawalpindi,2500000,1741042,filer,111156,255000,143844,25,low
2097,Muhammad Kamran Zaidi,Bahawalpur,2500000,1761448,filer,114217,255000,140783,25,low
894,Nasreen Bibi,Multan,24257442,23462446,filer,7476856,7755105,278249,25,low
9688,Yasir Awan,Hyderabad,2500000,1742524,filer,111379,255000,143621,25,low
2094,M Waseem Khokhar,Karachi,6000000,5358748,filer,1140562,1365000,224438,25,low
4977,Muhammad Owais Virk,Lahore,2500000,1755131,filer,113270,255000,141730,25,low
8068,Asma Jutt,Multan,1683400,0,absent,0,102510,102510,25,low
8312,Junaid Gondal,Bahawalpur,2500000,1771364,filer,115705,255000,139295,25,low
7918,Muhammad Ibrahim Yousafzai,Peshawar,1683600,0,absent,0,102540,102540,25,low
340,Waqar Virk,Islamabad,21030990,20245816,filer,6351036,6625846,274810,25,low
5499,Fawad Begg,Gujranwala,2500000,1756435,filer,113465,255000,141535,25,low
1383,Abdullah Qureshi,Islamabad,2500000,1745503,filer,111825,255000,143175,25,low
5748,Usama Khattak,Lahore,2500000,1750723,filer,112608,255000,142392,25,low
1458,M Nawaz Sandhu,Lahore,2500000,1756170,filer,113426,255000,141574,25,low
4263,Muhammed Bashir Tarar,Gujranwala,2500000,1761275,filer,114191,255000,140809,25,low
980,Muhammad Waseem Lodhi,Bahawalpur,17928454,17174706,filer,5276147,5539959,263812,25,low
10221,Navid Warraich,Sialkot,4308000,3677507,filer,573252,772800,199548,25,low
4500,Mohd Ayaz Beg,Lahore,2500000,1787050,filer,118058,255000,136942,24,low
2105,Mehmood Khattak,Lahore,2500000,1780993,filer,117149,255000,137851,24,low
3080,Faiza Dar,Islamabad,2500000,1787699,filer,118155,255000,136845,24,low
3990,Samina Kayani,Faisalabad,2500000,1798703,filer,119805,255000,135195,24,low
5976,Faisal Awan,Hyderabad,2500000,1797568,filer,119635,255000,135365,24,low
6835,Tariq Afridi,Hyderabad,1752813,833966,filer,11698,112922,101224,24,low
3559,Hina Shah,Rawalpindi,2500000,1804794,filer,120719,255000,134281,24,low
2063,Lubna Soomro,Rawalpindi,2500000,1796339,filer,119451,255000,135549,24,low
5315,Yousuf Tareen,Peshawar,1619000,0,absent,0,92850,92850,24,low
6437,Muhammed Abdullah Ansari,Multan,2500000,1798454,filer,119768,255000,135232,24,low
1231,Raza Lodhi,Sialkot,15000000,14309594,filer,4273358,4515000,241642,24,low
1448,Javeria Soomro,Islamabad,2500000,1773481,filer,116022,255000,138978,24,low
3762,Asad Bajwa,Islamabad,2500000,1797146,filer,119572,255000,135428,24,low
2169,Muhammad Ashraf Soomro,Lahore,2500000,1803710,filer,120556,255000,134444,24,low
3596,Hamid Dar,Lahore,2500000,1780113,filer,117017,255000,137983,24,low
659,Fariha Tareen,Islamabad,15008400,14310931,filer,4273826,4517940,244114,24,low
2455,Muhammad Hammad Siddiqui,Lahore,2500000,1805753,filer,120863,255000,134137,24,low
2217,Muhammad Nawaz Janjua,Lahore,2500000,1783317,filer,117498,255000,137502,24,low
3600,Zubaida Mirza,Lahore,2500000,1817491,filer,122624,255000,132376,23,low
5728,Mubashir Jamali,Islamabad,2500000,1839028,filer,125854,255000,129146,23,low
778,Muhammad Ahmed Mengal,Multan,2500000,1811854,filer,121778,255000,133222,23,low
7606,Marium Bibi,Peshawar,2500000,1823749,filer,123562,255000,131438,23,low
5380,Mohd Bilawal Dar,Lahore,2500000,1811761,filer,121764,255000,133236,23,low
2822,Tooba Marwat,Islamabad,2500000,1841777,filer,126267,255000,128733,23,low
6,Mohammad Hussain Malik,Peshawar,19362311,18665734,filer,5798007,6041809,243802,23,low
6063,Nida Zaidi,Multan,2500000,1834765,filer,125215,255000,129785,23,low
2089,Muhammad Umar Zaidi,Islamabad,23094077,22404524,filer,7106583,7347927,241344,23,low
8120,Asma Bibi,Karachi,1595000,0,absent,0,89250,89250,23,low
4966,Mohd Bashir Abbasi,Karachi,2500000,1830835,filer,124625,255000,130375,23,low
7845,Asif Afridi,Islamabad,2500000,1836227,filer,125434,255000,129566,23,low
7519,Faiza Tareen,Gujranwala,2500000,1830675,filer,124601,255000,130399,23,low
7480,Irfan Bhutto,Peshawar,1579800,0,absent,0,86970,86970,22,low
7108,Mehwish Arain,Rawalpindi,2500000,1872030,filer,130804,255000,124196,22,low
627,Mohammed Shoaib Mughal,Islamabad,2500000,1848199,filer,127230,255000,127770,22,low
8287,Wasim Dar,Rawalpindi,2500000,1846985,filer,127048,255000,127952,22,low
2168,Nadeem Bajwa,Karachi,54449600,53814670,filer,18100134,18322360,222226,22,low
489,Sana Naqvi,Islamabad,2500000,1881755,filer,132263,255000,122737,22,low
5541,Rabia Afridi,Gujranwala,2500000,1853042,filer,127956,255000,127044,22,low
4997,Aamir Sial,Islamabad,2500000,1852538,filer,127881,255000,127119,22,low
2606,Rabia Geelani,Lahore,22066400,21413571,filer,6759750,6988240,228490,22,low
5413,M Iqbal Lodhi,Lahore,2500000,1874966,filer,131245,255000,123755,22,low
7485,Mohammed Shahzad Kazmi,Islamabad,2500000,1851805,filer,127771,255000,127229,22,low
8714,Muhammad Karan Warraich,Faisalabad,2500000,1859597,filer,128940,255000,126060,22,low
6536,Mohammad Kashif Hamdani,Karachi,2500000,1866552,filer,129983,255000,125017,22,low
5482,Mohd Ayaz Shah,Peshawar,2500000,1855803,filer,128370,255000,126630,22,low
5347,Ghulam Shah,Karachi,2500000,1894578,filer,134187,255000,120813,21,low
5861,Muhammed Tariq Rajput,Islamabad,2500000,1910173,filer,136526,255000,118474,21,low
4896,Mohammad Iqbal Paracha,Rawalpindi,32453400,31850993,filer,10412848,10623690,210842,21,low
6159,Muhammad Nasir Jamali,Lahore,2500000,1883946,filer,132592,255000,122408,21,low
7821,Mohammed Asif Mirza,Islamabad,2500000,1900604,filer,135091,255000,119909,21,low
3090,Kamran Khattak,Gujranwala,2500000,1905643,filer,135846,255000,119154,21,low
4321,Ali Tarar,Lahore,2500000,1889175,filer,133376,255000,121624,21,low
5098,Nida Janjua,Lahore,2500000,1914425,filer,137164,255000,117836,21,low
5947,Mohammed Anwar Dar,Rawalpindi,2500000,1891273,filer,133691,255000,121309,21,low
2941,Muhammad Ismail Kayani,Sialkot,11923540,11346474,filer,3236266,3438239,201973,21,low
5034,Saied Satti,Quetta,2500000,1890552,filer,133583,255000,121417,21,low
6242,Muhammad Ahmed Durrani,Rawalpindi,2500000,1896392,filer,134459,255000,120541,21,low
6061,Mohd Salman Lodhi,Faisalabad,2500000,1908492,filer,136274,255000,118726,21,low
1870,Zahid Janjua,Peshawar,20586318,19999863,filer,6264952,6470211,205259,21,low
2173,Rashid Kayani,Karachi,2500000,1903197,filer,135480,255000,119520,21,low
1653,Muhammad Waleed Jamali,Karachi,2500000,1899592,filer,134939,255000,120061,21,low
10028,Muhammad Karim Naqvi,Lahore,2500000,1895411,filer,134312,255000,120688,21,low
5656,Muhammad Noman Warraich,Karachi,2500000,1917570,filer,137636,255000,117364,21,low
3166,Sidra Paracha,Lahore,2500000,1899065,filer,134860,255000,120140,21,low
5440,Nawaz Sh,Islamabad,2500000,1893291,filer,133994,255000,121006,21,low
9615,Mohd Tariq Rajput,Islamabad,1546400,0,absent,0,81960,81960,21,low
10369,Muhammed Fawad Kazmi,Gujranwala,1500000,0,absent,0,75000,75000,20,low
8583,Mohammed Fahad Khan,Gujranwala,1500000,0,absent,0,75000,75000,20,low
10507,Tooba Yusufzai,Gujranwala,1500000,0,absent,0,75000,75000,20,low
10448,Fawad Tareen,Rawalpindi,1500000,0,absent,0,75000,75000,20,low
10416,Mohammad Yasir Kakar,Quetta,1500000,0,absent,0,75000,75000,20,low
10525,Mehmood Beg,Islamabad,1500000,0,absent,0,75000,75000,20,low
10382,Asad Ch,Faisalabad,1500000,0,absent,0,75000,75000,20,low
3335,Riaz Jutt,Islamabad,6000000,5525298,filer,1198854,1365000,166146,20,low
7433,Danish Sial,Rawalpindi,1491800,0,absent,0,73770,73770,20,low
8214,Zubaida Abbas,Lahore,2500000,1928020,filer,139203,255000,115797,20,low
10333,Shahid Satti,Rawalpindi,1500000,0,absent,0,75000,75000,20,low
10253,Mohd Zubair Gillani,Bahawalpur,1500000,0,absent,0,75000,75000,20,low
8049,Amna Yousafzai,Peshawar,2500000,1934516,filer,140177,255000,114823,20,low
10328,Waleed Gujjar,Peshawar,1500000,0,absent,0,75000,75000,20,low
10404,Mohd Mudassar Mengal,Hyderabad,1500000,0,absent,0,75000,75000,20,low
10458,Faraz Sh,Hyderabad,1500000,0,absent,0,75000,75000,20,low
10457,Mohd Irfan Wattoo,Rawalpindi,1500000,0,absent,0,75000,75000,20,low
10450,Shoib Qureishi,Karachi,1500000,0,absent,0,75000,75000,20,low
10501,Anika Sial,Karachi,1500000,0,absent,0,75000,75000,20,low
4929,Mahmood Mengal,Islamabad,2500000,1949949,filer,142492,255000,112508,20,low
10344,Mohammad Anwar Mughal,Islamabad,1500000,0,absent,0,75000,75000,20,low
10337,M Asif Tarar,Lahore,1500000,0,absent,0,75000,75000,20,low
7811,Mohammad Moin Niazi,Peshawar,1514200,0,absent,0,77130,77130,20,low
10270,Usama Soomro,Rawalpindi,1500000,0,absent,0,75000,75000,20,low
5755,Anika Khokhar,Quetta,2500000,1918860,filer,137829,255000,117171,20,low
3275,Fathima Khattak,Gujranwala,2500000,1923251,filer,138488,255000,116512,20,low
10488,Amna Jamali,Karachi,1500000,0,absent,0,75000,75000,20,low
7157,Sohel Virk,Quetta,6000000,5535982,filer,1202594,1365000,162406,20,low
7172,Abdullah Rajput,Lahore,2500000,1934421,filer,140163,255000,114837,20,low
10241,M Danish Mughal,Islamabad,1500000,0,absent,0,75000,75000,20,low
3718,Hira Bibi,Lahore,1500898,0,absent,0,75135,75135,20,low
1195,Farah Warraich,Peshawar,2500000,1941534,filer,141230,255000,113770,20,low
10503,Hamid Janua,Rawalpindi,1500000,0,absent,0,75000,75000,20,low
10534,Sadia Bibi,Peshawar,1500000,0,absent,0,75000,75000,20,low
5405,Ali Zaidi,Rawalpindi,2500000,1952246,filer,142837,255000,112163,20,low
9851,Waleed Janjua,Quetta,3000000,2512946,filer,258236,380000,121764,19,low
9516,Mohammed Ali Gujjar,Islamabad,6000000,5558030,filer,1210310,1365000,154690,19,low
3369,Khalid Cheema,Lahore,2500000,1965020,filer,144753,255000,110247,19,low
4880,Samina Qureshi,Islamabad,18000000,17500000,filer,5390000,5565000,175000,19,low
2794,Mohd Akramk Ayani,Faisalabad,2500000,1972710,filer,145906,255000,109094,19,low
6349,Maryam Durrani,Faisalabad,2500000,1963842,filer,144576,255000,110424,19,low
5731,Ejaz Dar,Sialkot,6000000,5564088,filer,1212431,1365000,152569,19,low
7710,Durdana Begum,Karachi,1457000,0,absent,0,68550,68550,19,low
5672,M Shuaib Janjua,Lahore,2500000,1970039,filer,145506,255000,109494,19,low
6727,Zubair Janjua,Multan,24826800,24316314,filer,7775710,7954380,178670,19,low
1844,Nimra Naqvi,Gujranwala,2500000,1984568,filer,147685,255000,107315,19,low
2677,Sameena Memon,Islamabad,3000000,2546249,filer,266562,380000,113438,18,low
4653,Mahnoor Bhatti,Karachi,2500000,1993601,filer,149040,255000,105960,18,low
4706,Faraz Kakar,Lahore,2500000,2011879,filer,151782,255000,103218,18,low
1769,Faisal Ch,Karachi,2500000,2015470,filer,152320,255000,102680,18,low
2622,Nimra Hamdani,Sialkot,2500000,1996237,filer,149436,255000,105564,18,low
5921,Muhammad Kashif Naqvi,Karachi,2500000,2022635,filer,153395,255000,101605,18,low
8582,Muhammad Fahad Khan,Gujranwala,1449000,0,absent,0,67350,67350,18,low
2278,M Haroon Wattoo,Karachi,2500000,2000175,filer,150026,255000,104974,18,low
9862,Muhammad Mansoor Memon,Sialkot,1446000,0,absent,0,66900,66900,18,low
9176,Arif Kayani,Gujranwala,1450200,0,absent,0,67530,67530,18,low
1989,Tahira Yousafzai,Multan,20104000,19635418,filer,6137396,6301400,164004,18,low
4161,Taimur Bajwa,Bahawalpur,2500000,2005332,filer,150800,255000,104200,18,low
10212,Rehan Qureshi,Peshawar,3000000,2553110,filer,268278,380000,111722,18,low
317,Muhammad Irfan Marwat,Faisalabad,2500000,1993627,filer,149044,255000,105956,18,low
4597,Iqra Bibi,Hyderabad,2500000,2027900,filer,154185,255000,100815,18,low
4972,Abdullah Abbas,Peshawar,2500000,2052664,filer,157900,255000,97100,17,low
1386,Imran Bhutto,Islamabad,2500000,2035274,filer,155291,255000,99709,17,low
2974,Muhammed Ayaz Awan,Karachi,2500000,2032716,filer,154907,255000,100093,17,low
5170,Muhammad Asad Sial,Karachi,2500000,2047579,filer,157137,255000,97863,17,low
2687,Rabi Sandhu,Karachi,2500000,2057207,filer,158581,255000,96419,17,low
6412,Irfan Awan,Rawalpindi,2500000,2059477,filer,158922,255000,96078,17,low
9070,Muhammad Ayaz Soomro,Karachi,15000000,14579441,filer,4367804,4515000,147196,17,low
6501,Aiman Rajput,Faisalabad,2500000,2059855,filer,158978,255000,96022,17,low
9748,Noor Khan,Quetta,1402200,0,absent,0,60330,60330,17,low
2973,Rehan Marwat,Lahore,15000000,14585872,filer,4370055,4515000,144945,17,low
664,Moin Akhtar,Karachi,2500000,2062583,filer,159387,255000,95613,17,low
6093,Akram Niazi,Karachi,2500000,2045607,filer,156841,255000,98159,17,low
5325,Asad Gillani,Karachi,2500000,2048555,filer,157283,255000,97717,17,low
5370,Zeeshan Hashmi,Sialkot,22330600,21902576,filer,6930902,7080710,149808,17,low
740,Anika Marwat,Multan,3000000,2587163,filer,276791,380000,103209,16,low
5568,Jahangir Bhatti,Bahawalpur,2500000,2068925,filer,160339,255000,94661,16,low
4980,Rabia Hamdni,Karachi,1388700,0,absent,0,58305,58305,16,low
2276,Nida Marwat,Lahore,2500000,2083306,filer,162496,255000,92504,16,low
8697,Mohammed Rehan Soomro,Lahore,1379600,0,absent,0,56940,56940,16,low
9880,Mohammad Bilawal Cheema,Rawalpindi,1384600,0,absent,0,57690,57690,16,low
5943,Hussein Afridi,Hyderabad,2500000,2098316,filer,164747,255000,90253,16,low
3373,Abida Gondal,Rawalpindi,2500000,2092668,filer,163900,255000,91100,16,low
3822,Ayaz Paracha,Rawalpindi,2500000,2066870,filer,160030,255000,94970,16,low
9187,Rukhsana Begum,Rawalpindi,2409000,1935022,filer,140253,232250,91997,16,low
5453,M Bashir Tarar,Rawalpindi,2500000,2086673,filer,163001,255000,91999,16,low
3023,Irfan Tareen,Karachi,2500000,2070864,filer,160630,255000,94370,16,low
2527,Akram Virk,Hyderabad,6000000,5631776,filer,1236122,1365000,128878,16,low
4473,Ashraf Paracha,Bahawalpur,2500000,2101245,filer,165187,255000,89813,16,low
7390,Naila Sial,Peshawar,1392000,0,absent,0,58800,58800,16,low
3172,Naila Virk,Karachi,2500000,2073842,filer,161076,255000,93924,16,low
81,Mohd Tanveer Marwat,Karachi,28905785,28521578,filer,9247552,9382025,134473,16,low
3371,Zubaida Malik,Sialkot,2500000,2122157,filer,168324,255000,86676,15,low
4214,Arif Kazmi,Islamabad,2500000,2125671,filer,168851,255000,86149,15,low
9236,Muhammad Ahmed Ansari,Lahore,1339200,0,absent,0,50880,50880,15,low
9122,Muhammed Asad Sh,Peshawar,1345200,0,absent,0,51780,51780,15,low
8752,Jamil Butt,Rawalpindi,3000000,2618116,filer,284529,380000,95471,15,low
4392,Rida Kazmi,Rawalpindi,2500000,2114707,filer,167206,255000,87794,15,low
5939,Mishal Niazi,Islamabad,2500000,2129312,filer,169397,255000,85603,15,low
4739,Mohammed Ismail Bhutto,Islamabad,3000000,2628530,filer,287132,380000,92868,15,low
5403,Muhammad Shahid Jamali,Gujranwala,2500000,2135030,filer,170254,255000,84746,15,low
4733,Zahid Akhtar,Multan,2500000,2133709,filer,170056,255000,84944,15,low
8426,Nimra Abbas,Bahawalpur,1364200,0,absent,0,54630,54630,15,low
256,Rizwan Begg,Gujranwala,2500000,2111620,filer,166743,255000,88257,15,low
4172,Ramsha Begum,Sialkot,2500000,2112808,filer,166921,255000,88079,15,low
9890,Durdana Begum,Lahore,2500000,2150137,filer,172521,255000,82479,14,none
4621,Kamran Raja,Karachi,1314400,0,absent,0,47160,47160,14,none
5111,Arif Abbasi,Gujranwala,2500000,2174878,filer,176232,255000,78768,14,none
10406,Nida Wattoo,Peshawar,1500000,981940,filer,19097,75000,55903,14,none
3224,Mohd Zeeshan Sheikh,Faisalabad,2500000,2161326,filer,174199,255000,80801,14,none
4108,Eman Tareen,Gujranwala,2500000,2144289,filer,171643,255000,83357,14,none
6216,Bushra Paracha,Peshawar,2500000,2155306,filer,173296,255000,81704,14,none
9809,Bilawal Ajwa,Lahore,1329200,0,absent,0,49380,49380,14,none
1034,Muhammed Zafar Kakar,Multan,2500000,2165906,filer,174886,255000,80114,14,none
9213,Ashraf Satti,Karachi,1336400,0,absent,0,50460,50460,14,none
7695,Yousuf Zaidi,Lahore,1325800,0,absent,0,48870,48870,14,none
1506,Komal Abasi,Karachi,2500000,2149836,filer,172475,255000,82525,14,none
5355,Nimra Marwat,Faisalabad,2500000,2169608,filer,175441,255000,79559,14,none
4298,Aslam Memon,Karachi,2500000,2154555,filer,173183,255000,81817,14,none
3860,Bilawal Niazi,Bahawalpur,3000000,2652568,filer,293142,380000,86858,14,none
5646,Muhammad Abid Hamdani,Islamabad,2500000,2166567,filer,174985,255000,80015,14,none
6196,Hussain Raza Naqvi,Karachi,2500000,2200000,filer,180000,255000,75000,13,none
6481,Shoib Mengal,Faisalabad,55964200,55670234,filer,18749582,18852470,102888,13,none
7329,Mohammed Mudassar Yousafzai,Islamabad,1312000,0,absent,0,46800,46800,13,none
8820,Mohammed Khalid Khattak,Karachi,2500000,2186234,filer,177935,255000,77065,13,none
3668,Umar Ansari,Lahore,2500000,2185294,filer,177794,255000,77206,13,none
4848,Laiba Bibi,Peshawar,2500000,2196831,filer,179525,255000,75475,13,none
7632,Muhammad Rizwan Yousafzai,Karachi,1294000,0,absent,0,44100,44100,13,none
9066,M Talha Cheema,Bahawalpur,1302600,0,absent,0,45390,45390,13,none
6826,Sadia Begum,Faisalabad,3390600,3099133,filer,404783,487180,82397,13,none
5029,Mansoor Kayani,Gujranwala,2500000,2200157,filer,180039,255000,74961,13,none
5018,Ejaz Butt,Faisalabad,2500000,2179156,filer,176873,255000,78127,13,none
5764,Muhammed Umar Abbas,Gujranwala,2500000,2203620,filer,180905,255000,74095,13,none
9198,Iqbal Abbas,Karachi,1294200,0,absent,0,44130,44130,13,none
2096,Javed Khattak,Lahore,2500000,2207730,filer,181932,255000,73068,13,none
8302,Salman Cheema,Karachi,1278000,0,absent,0,41700,41700,12,none
8433,M Danish Jutt,Quetta,1265200,0,absent,0,39780,39780,12,none
5780,Shahid Hashmi,Faisalabad,41917409,41658024,filer,13845308,13936093,90785,12,none
9826,Ramsha Rizvi,Karachi,1265600,0,absent,0,39840,39840,12,none
6492,Muhammad Rafique Hamdani,Faisalabad,2500000,2213736,filer,183434,255000,71566,12,none
1824,Muhammad Rashid Gondal,Peshawar,15000000,14738279,filer,4423398,4515000,91602,12,none
3123,Kiran Dar,Gujranwala,2500000,2230262,filer,187566,255000,67434,12,none
7452,Hamid Kazmi,Quetta,1274200,0,absent,0,41130,41130,12,none
505,Muhammad Ali Tarar,Peshawar,3000000,2696960,filer,304240,380000,75760,12,none
10508,Jahangir Ch,Karachi,3000000,2694042,filer,303510,380000,76490,12,none
5087,Hina Paracha,Multan,2500000,2233587,filer,188397,255000,66603,11,none
3198,Muhammad Tanvir Tarar,Gujranwala,2500000,2240490,filer,190122,255000,64878,11,none
8515,Mohd Yousuf Akhtar,Bahawalpur,1253000,0,absent,0,37950,37950,11,none
8027,Ismail Shah,Gujranwala,2500000,2241087,filer,190272,255000,64728,11,none
5097,Zafar Abbasi,Faisalabad,6000000,5767969,filer,1283789,1365000,81211,11,none
3062,Nadeem Kayani,Hyderabad,2500000,2239215,filer,189804,255000,65196,11,none
2046,Nazia Gilani,Lahore,39834059,39605563,filer,13126947,13206921,79974,11,none
1546,M Shahid Khattak,Islamabad,2500000,2251449,filer,192862,255000,62138,11,none
638,Faysal Rajptu,Peshawar,6000000,5778489,filer,1287471,1365000,77529,11,none
8863,Bilal Hamdani,Lahore,3000000,2721059,filer,310265,380000,69735,11,none
9161,Fatima Shah,Lahore,1247800,0,absent,0,37170,37170,11,none
5509,Muhammad Jamil Paracha,Lahore,2500000,2251245,filer,192811,255000,62189,11,none
3983,Pervez Tareen,Lahore,2500000,2241217,filer,190304,255000,64696,11,none
5471,Hasan Memon,Karachi,1243600,0,absent,0,36540,36540,11,none
9730,Hira Sheikh,Sialkot,1247800,0,absent,0,37170,37170,11,none
9225,M Salman Tarar,Gujranwala,1215200,0,absent,0,32280,32280,10,none
23,Irfan Bhuutto,Peshawar,2500000,2274876,filer,198719,255000,56281,10,none
4978,Asif Kazmi,Karachi,2500000,2265569,filer,196392,255000,58608,10,none
9037,Muhammad Javid Akhtar,Karachi,2052000,1703553,filer,105533,157800,52267,10,none
5684,Zubair Chaudhary,Bahawalpur,37098600,36878282,filer,12172399,12249510,77111,10,none
6562,M Raza Memon,Karachi,2500000,2265127,filer,196282,255000,58718,10,none
4681,Muhammad Zeeshan Gondal,Multan,2500000,2258831,filer,194708,255000,60292,10,none
4620,Kamran Raja,Karachi,2500000,2295520,filer,203880,255000,51120,9,none
8131,Shazia Bajwa,Lahore,1178800,0,absent,0,28940,28940,9,none
8745,Areeba Chaudhry,Rawalpindi,1189000,0,absent,0,29450,29450,9,none
7023,Rukhsana Bibi,Lahore,1165600,0,absent,0,28280,28280,9,none
6940,M Waleed Jamali,Karachi,1202000,0,absent,0,30300,30300,9,none
9409,Mohammad Haroon Siddiqui,Rawalpindi,1158000,0,absent,0,27900,27900,9,none
7302,Sohel Afridi,Gujranwala,1208400,546790,filer,0,31260,31260,9,none
7003,Komal Shah,Lahore,1176400,0,absent,0,28820,28820,9,none
7948,Zoya Siddiqui,Gujranwala,1184200,0,absent,0,29210,29210,9,none
6583,Maryam Warraich,Karachi,2500000,2279706,filer,199926,255000,55074,9,none
7898,Mohammed Taimur Baig,Multan,1205800,0,absent,0,30870,30870,9,none
9641,Mohammed Mansoor Awan,Hyderabad,1199400,0,absent,0,29970,29970,9,none
6866,Arif Niazi,Lahore,2389200,2161562,filer,174234,227300,53066,9,none
9973,Uzma Abbasi,Lahore,1180400,0,absent,0,29020,29020,9,none
8956,Nazia Bhatti,Lahore,2500000,2289312,filer,202328,255000,52672,9,none
909,Mohd Danish Shah,Faisalabad,1150800,0,absent,0,27540,27540,8,none
1427,Mohammad Adnan Hamdani,Sialkot,1095600,0,absent,0,24780,24780,8,none
9731,Asif Awan,Faisalabad,1107400,0,absent,0,25370,25370,8,none
2360,Mohammed Yasir Zaidi,Multan,2500000,2318554,filer,209638,255000,45362,8,none
8621,Usman Jamali,Rawalpindi,1097000,0,absent,0,24850,24850,8,none
966,Kashif Abbasi,Bahawalpur,2500000,2307070,filer,206768,255000,48232,8,none
5585,Ibrahim Parracha,Gujranwala,1100000,0,absent,0,25000,25000,8,none
2128,Muhammed Rizwan Warraich,Peshawar,2500000,2318080,filer,209520,255000,45480,8,none
6161,Mehmood Awan,Islamabad,1155600,0,absent,0,27780,27780,8,none
10067,Jamil Bhatti,Multan,1153400,0,absent,0,27670,27670,8,none
8858,Ahmmed Memon,Hyderabad,1098000,0,absent,0,24900,24900,8,none
8766,Naveed Kakar,Karachi,1104800,0,absent,0,25240,25240,8,none
7942,Umar Mirza,Rawalpindi,1148600,0,absent,0,27430,27430,8,none
8124,Muhammad Shafiq Durrani,Lahore,1146200,0,absent,0,27310,27310,8,none
4791,Samina Rizvi,Sialkot,1115000,0,absent,0,25750,25750,8,none
9431,Salman Irza,Lahore,1122000,0,absent,0,26100,26100,8,none
6534,Pervez Warraich,Sialkot,1145400,0,absent,0,27270,27270,8,none
6255,Ramsha Memon,Islamabad,2500000,2302483,filer,205621,255000,49379,8,none
6966,Aamir Dar,Lahore,1120800,0,absent,0,26040,26040,8,none
9179,Bushra Paracha,Sialkot,1136400,0,absent,0,26820,26820,8,none
9117,Mohd Sufyan Sheikh,Lahore,1092000,0,absent,0,24600,24600,8,none
6543,Zafar Mughal,Peshawar,1121600,0,absent,0,26080,26080,8,none
1456,Arif Siddiqi,Rawalpindi,9775799,9619537,filer,2631838,2686530,54692,8,none
1307,M Riaz Khan,Islamabad,1098400,0,absent,0,24920,24920,8,none
2456,Ghulam Khan,Islamabad,25349600,25185895,filer,8080063,8137360,57297,8,none
2453,Mohd Abdullah Awan,Multan,15000000,14829866,filer,4455453,4515000,59547,8,none
9633,Komal Kakar,Bahawalpur,1145200,0,absent,0,27260,27260,8,none
7005,Mohd Mubashir Mengal,Lahore,1121800,0,absent,0,26090,26090,8,none
9578,Areeba Siddiqui,Karachi,1094400,0,absent,0,24720,24720,8,none
4016,Robina Kayani,Multan,1064600,0,absent,0,23230,23230,7,none
5398,Hassan Memon,Sialkot,2500000,2343707,filer,215927,255000,39073,7,none
9322,Muhammad Yousuf Jamali,Lahore,2500000,2338446,filer,214612,255000,40388,7,none
7840,Shahid Soomro,Islamabad,1064200,0,absent,0,23210,23210,7,none
7949,M Yousuf Mirza,Lahore,1060800,0,absent,0,23040,23040,7,none
6266,Muhammad Bashir Abbasi,Faisalabad,2500000,2346427,filer,216607,255000,38393,7,none
9631,Danish Sial,Hyderabad,1067200,0,absent,0,23360,23360,7,none
6971,Mohammad Aya Zsandhu,Gujranwala,1039000,0,absent,0,21950,21950,7,none
3608,Aamir Abbas,Karachi,1021400,0,absent,0,21070,21070,7,none
9814,Muhammad Junaid Quraishi,Lahore,1068800,0,absent,0,23440,23440,7,none
7027,Aiman Sheikh,Multan,1024200,0,absent,0,21210,21210,7,none
7415,Wasim Malik,Islamabad,1062600,0,absent,0,23130,23130,7,none
1675,Salman Afridi,Peshawar,2500000,2339729,filer,214932,255000,40068,7,none
6114,Hira Bibi,Quetta,1026600,0,absent,0,21330,21330,7,none
4842,Moin Tarar,Islamabad,1042800,0,absent,0,22140,22140,7,none
654,Muhammad Tanvir Hamdani,Islamabad,23708130,23560847,filer,7511296,7562846,51550,7,none
1339,Mohammed Kasim Khan,Lahore,2500000,2346715,filer,216679,255000,38321,7,none
5732,Abid Virk,Karachi,31199600,31070989,filer,10139846,10184860,45014,7,none
376,Tariq Kakar,Karachi,1056800,0,absent,0,22840,22840,7,none
6734,Muhammed Bilal Dar,Lahore,49616816,49466867,filer,16578403,16630886,52483,7,none
7284,Javed Chohan,Karachi,1064400,0,absent,0,23220,23220,7,none
5969,Mehwish Magsi,Lahore,1033200,0,absent,0,21660,21660,7,none
6389,Muhammad Imran Kayani,Hyderabad,2500000,2329917,filer,212479,255000,42521,7,none
3981,Javeria Arain,Islamabad,2500000,2343911,filer,215978,255000,39022,7,none
9044,Maryam Malik,Faisalabad,1032400,0,absent,0,21620,21620,7,none
245,Mohd Zeeshan Raja,Hyderabad,17473200,17340463,filer,5334162,5380620,46458,7,none
7296,Salman Hsah,Lahore,1038300,0,absent,0,21915,21915,7,none
3580,Mansoor Satti,Karachi,1017800,0,absent,0,20890,20890,7,none
8806,Mansoor Marwat,Islamabad,1006200,0,absent,0,20310,20310,6,none
2487,Abdullah Akhtar,Islamabad,967400,0,absent,0,18370,18370,6,none
250,Taimur Tarar,Bahawalpur,954200,0,absent,0,17710,17710,6,none
7200,Mahnoor Cheema,Lahore,1013800,0,absent,0,20690,20690,6,none
1408,M Younis Virk,Quetta,6000000,5890573,filer,1326701,1365000,38299,6,none
8771,Mehmood Hamdani,Sialkot,1002000,0,absent,0,20100,20100,6,none
10144,Zubayr Bhatti,Quetta,974600,0,absent,0,18730,18730,6,none
496,Bilal Niazi,Hyderabad,2500000,2365831,filer,221458,255000,33542,6,none
9912,Shabana Kazmi,Lahore,1002200,0,absent,0,20110,20110,6,none
6815,آصف مرزا,Gujranwala,1284600,959478,filer,17974,42690,24716,6,none
8193,Mohammed Shafiq Paracha,Karachi,951800,0,absent,0,17590,17590,6,none
4307,Mohammad Yousuf Choudhry,Karachi,2500000,2357662,filer,219416,255000,35584,6,none
10492,Mohammed Talha Naqvi,Lahore,3000000,2861090,filer,345272,380000,34728,6,none
2962,Tooba Bibi,Faisalabad,952000,0,absent,0,17600,17600,6,none
8178,Muhammad Saied Mughal,Lahore,972800,0,absent,0,18640,18640,6,none
4987,Maryam Sh,Karachi,2500000,2368257,filer,222064,255000,32936,6,none
9029,Durdana Rizvi,Karachi,991600,0,absent,0,19580,19580,6,none
304,M Owais Jutt,Gujranwala,976400,0,absent,0,18820,18820,6,none
1575,Muhammad Pervez Awan,Karachi,2500000,2357289,filer,219322,255000,35678,6,none
8575,Owais Abbas,Rawalpindi,951400,0,absent,0,17570,17570,6,none
8815,Waleed Khokhar,Karachi,967000,0,absent,0,18350,18350,6,none
8878,Muhammed Haroon Wattoo,Karachi,955600,0,absent,0,17780,17780,6,none
2409,Muhammad Zafar Akhtar,Bahawalpur,964000,0,absent,0,18200,18200,6,none
9805,Laiba Wattoo,Islamabad,1010800,0,absent,0,20540,20540,6,none
9792,Fariha Rizvi,Islamabad,1012600,0,absent,0,20630,20630,6,none
4829,Mohd Bilal Qureshi,Gujranwala,1006600,0,absent,0,20330,20330,6,none
8522,Muhammad Mudassar Yousafzai,Islamabad,2500000,2347638,filer,216910,255000,38090,6,none
7741,Mohammad Nasir Shah,Lahore,1014600,0,absent,0,20730,20730,6,none
5264,Ghulam Magsi,Rawalpindi,951000,0,absent,0,17550,17550,6,none
9316,Abid Gondal,Multan,974200,0,absent,0,18710,18710,6,none
6419,Mohammed Arif Kazmi,Rawalpindi,2500000,2350439,filer,217610,255000,37390,6,none
2715,Shuaib Khattak,Karachi,15000000,14881377,filer,4473482,4515000,41518,6,none
6594,Farhan Naqvi,Lahore,982600,0,absent,0,19130,19130,6,none
9197,Rashid Ch,Lahore,1016000,0,absent,0,20800,20800,6,none
3359,Muhammad Taimur Cheema,Hyderabad,976200,0,absent,0,18810,18810,6,none
3726,Saeed Rajput,Faisalabad,985200,0,absent,0,19260,19260,6,none
5881,M Taimur Memon,Lahore,964800,0,absent,0,18240,18240,6,none
7144,Nasir Malik,Bahawalpur,997800,0,absent,0,19890,19890,6,none
9433,Muhammad Sufyan Satti,Islamabad,1014400,0,absent,0,20720,20720,6,none
3531,Tooba Abbas,Lahore,909000,0,absent,0,15450,15450,5,none
7715,Talha Virk,Lahore,883600,0,absent,0,14180,14180,5,none
4410,محمد جاوید شاہ,Quetta,15000000,14897408,filer,4479093,4515000,35907,5,none
3585,M Shahid Kakar,Lahore,919000,0,absent,0,15950,15950,5,none
151,Mohammed Ghulam Warraich,Peshawar,924200,0,absent,0,16210,16210,5,none
169,Mohammed Junaid Hashmi,Gujranwala,888000,0,absent,0,14400,14400,5,none
8445,Hussain Lodhi,Rawalpindi,931200,0,absent,0,16560,16560,5,none
8670,Usman Malik,Rawalpindi,2500000,2374711,filer,223678,255000,31322,5,none
2638,Robina Begum,Peshawar,943400,0,absent,0,17170,17170,5,none
7737,Moi Nafridi,Rawalpindi,901800,0,absent,0,15090,15090,5,none
410,Riyaz Khokhar,Gujranwala,917200,0,absent,0,15860,15860,5,none
9531,Muhammed Faraz Khokhar,Karachi,912800,0,absent,0,15640,15640,5,none
2049,Shahzad Warraich,Quetta,886600,0,absent,0,14330,14330,5,none
189,Muhammad Kashif Awan,Hyderabad,2500000,2385717,filer,226429,255000,28571,5,none
8303,Muhammad Anwar Hamdani,Rawalpindi,908000,0,absent,0,15400,15400,5,none
3501,Yasmin Magsi,Gujranwala,902400,0,absent,0,15120,15120,5,none
2095,Bushra Khan,Lahore,2500000,2381184,filer,225296,255000,29704,5,none
8870,Muhammad Asif Sial,Quetta,2500000,2393091,filer,228273,255000,26727,5,none
8694,Mohammed Shahzad Rajput,Lahore,889800,0,absent,0,14490,14490,5,none
9655,Saad Kakar,Faisalabad,894500,0,absent,0,14725,14725,5,none
1841,Kamran Afridi,Rawalpindi,911800,0,absent,0,15590,15590,5,none
382,Samina Warraich,Karachi,2500000,2373583,filer,223396,255000,31604,5,none
4814,Noor Khattak,Hyderabad,922600,0,absent,0,16130,16130,5,none
7459,Muhammad Mansoor Gujjar,Peshawar,882800,0,absent,0,14140,14140,5,none
7626,Muhammed Mansoor Chohan,Islamabad,924200,0,absent,0,16210,16210,5,none
1172,M Raza Afridi,Islamabad,2500000,2375954,filer,223988,255000,31012,5,none
8296,Mohammad Asad Shaikh,Quetta,889600,0,absent,0,14480,14480,5,none
2581,Shafiq Rajput,Lahore,2500000,2391470,filer,227868,255000,27132,5,none
3932,Fatima Virk,Rawalpindi,900400,0,absent,0,15020,15020,5,none
8620,Muhammed Kashif Marwat,Rawalpindi,910400,0,absent,0,15520,15520,5,none
8724,Mohammed Abdullah Hamdani,Rawalpindi,889600,0,absent,0,14480,14480,5,none
9964,Muhammad Abdullah Jamali,Rawalpindi,891800,0,absent,0,14590,14590,5,none
257,Sadia Jamali,Islamabad,946000,0,absent,0,17300,17300,5,none
9111,Sehrish Beg,Gujranwala,894400,0,absent,0,14720,14720,5,none
6551,M Sajid Hamdani,Karachi,2500000,2377253,filer,224313,255000,30687,5,none
4086,Mohammed Husain Baig,Rawalpindi,887200,0,absent,0,14360,14360,5,none
4083,Nida Durrani,Rawalpindi,897000,0,absent,0,14850,14850,5,none
1513,Mohammed Asif Gilani,Rawalpindi,889800,0,absent,0,14490,14490,5,none
2788,Mohammad Hussain Memon,Lahore,884200,0,absent,0,14210,14210,5,none
9207,Zeeshan Choudhry,Bahawalpur,906600,0,absent,0,15330,15330,5,none
6516,M Noman Awan,Faisalabad,907400,0,absent,0,15370,15370,5,none
6512,Zbuair Kayani,Lahore,926600,0,absent,0,16330,16330,5,none
7300,Muhammed Ejaz Sial,Lahore,894800,0,absent,0,14740,14740,5,none
7118,M Akram Qureishi,Peshawar,925400,0,absent,0,16270,16270,5,none
8685,Durdana Awan,Karachi,850800,0,absent,0,12540,12540,4,none
8219,Muhammed Kasim Rajput,Bahawalpur,857800,0,absent,0,12890,12890,4,none
3618,Mohammad Qasem Hamdani,Karachi,833400,0,absent,0,11670,11670,4,none
7015,Mohammed Faysal Durrani,Karachi,818200,0,absent,0,10910,10910,4,none
7723,Nida Abbasi,Karachi,859200,0,absent,0,12960,12960,4,none
7740,ریاض کاظمی,Lahore,839800,0,absent,0,11990,11990,4,none
8292,Muhammad Nawaz Chaudhary,Peshawar,866000,0,absent,0,13300,13300,4,none
3917,Usman Magsi,Karachi,840800,0,absent,0,12040,12040,4,none
5162,Javeria Begum,Karachi,825200,0,absent,0,11260,11260,4,none
6132,Ibrahim Warraich,Karachi,878400,0,absent,0,13920,13920,4,none
10182,Zubair Baig,Quetta,836200,0,absent,0,11810,11810,4,none
8604,Mohammad Jamil Malik,Lahore,880000,0,absent,0,14000,14000,4,none
3020,Mohd Zafar Shiekh,Karachi,880000,0,absent,0,14000,14000,4,none
8707,Mohd Arif Niazi,Rawalpindi,818600,0,absent,0,10930,10930,4,none
8037,Khadija Durrani,Islamabad,821000,0,absent,0,11050,11050,4,none
5109,Ayesha Tareen,Gujranwala,845200,0,absent,0,12260,12260,4,none
1472,Muhammed Ibrahim Kayani,Quetta,873000,0,absent,0,13650,13650,4,none
10141,Talha Paracha,Lahore,825800,0,absent,0,11290,11290,4,none
7536,Meehwish Durrani,Rawalpindi,850000,0,absent,0,12500,12500,4,none
8753,Farhan Afridi,Karachi,840600,0,absent,0,12030,12030,4,none
8860,Mohammad Fawad Jamali,Sialkot,877400,0,absent,0,13870,13870,4,none
8882,Younis Magsi,Islamabad,872200,0,absent,0,13610,13610,4,none
9080,Mohmamad Ayaz Mughal,Lahore,837400,0,absent,0,11870,11870,4,none
9000,Rida Bhutto,Sialkot,845000,0,absent,0,12250,12250,4,none
9083,Komal Gujjar,Rawalpindi,834400,0,absent,0,11720,11720,4,none
10125,Faiza Marwat,Karachi,860200,0,absent,0,13010,13010,4,none
9124,Marium Khan,Karachi,827000,0,absent,0,11350,11350,4,none
8175,Mohammed Shahid Raja,Gujranwala,834800,0,absent,0,11740,11740,4,none
733,Faraz Wattoo,Gujranwala,858000,0,absent,0,12900,12900,4,none
5224,Ibrahim Khan,Quetta,839000,0,absent,0,11950,11950,4,none
117,Muhammad Faraz Paracha,Sialkot,826800,0,absent,0,11340,11340,4,none
8488,Naveed Marwat,Karachi,874000,0,absent,0,13700,13700,4,none
9193,Riaz Baig,Rawalpindi,819000,0,absent,0,10950,10950,4,none
6884,Karim Khokhar,Lahore,858400,0,absent,0,12920,12920,4,none
9601,Ejaz Magsi,Karachi,855800,0,absent,0,12790,12790,4,none
7963,Shaista Abbasi,Islamabad,828600,0,absent,0,11430,11430,4,none
8012,Warda Durrani,Islamabad,838400,0,absent,0,11920,11920,4,none
3816,Nadim Abbasi,Gujranwala,820200,0,absent,0,11010,11010,4,none
2824,Bushra Soomro,Sialkot,861600,0,absent,0,13080,13080,4,none
6487,Sidra Begg,Islamabad,838200,0,absent,0,11910,11910,4,none
456,Faiza Janjua,Karachi,878200,0,absent,0,13910,13910,4,none
6998,Iqbal Virk,Islamabad,821000,0,absent,0,11050,11050,4,none
7130,Zubayr Lodhi,Islamabad,850600,0,absent,0,12530,12530,4,none
7189,Faraz Kazmi,Karachi,825400,0,absent,0,11270,11270,4,none
1892,Owais Qureshi,Peshawar,800000,0,absent,0,10000,10000,3,none
2009,Muhammad Rehan Mughal,Islamabad,800000,0,absent,0,10000,10000,3,none
933,Mohammed Mansoor Warraich,Lahore,800000,0,absent,0,10000,10000,3,none
1676,Iqra Cheema,Sialkot,800000,0,absent,0,10000,10000,3,none
618,Fariha Chaudhary,Rawalpindi,800000,0,absent,0,10000,10000,3,none
3659,Kashif Wattoo,Rawalpindi,800000,0,absent,0,10000,10000,3,none
3679,Faraz Khokhar,Karachi,800000,0,absent,0,10000,10000,3,none
2516,Saad Akhtar,Gujranwala,800000,0,absent,0,10000,10000,3,none
6989,Yousuf Naqvi,Sialkot,805400,0,absent,0,10270,10270,3,none
5333,Mohammad Riaz Lodhi,Lahore,800000,0,absent,0,10000,10000,3,none
5330,Jamil Abbas,Hyderabad,800000,0,absent,0,10000,10000,3,none
1208,Muhammed Zafar Bhutto,Bahawalpur,800000,0,absent,0,10000,10000,3,none
3667,M Sufyan Abbasi,Hyderabad,800000,0,absent,0,10000,10000,3,none
5483,Zahid Mirza,Hyderabad,800000,0,absent,0,10000,10000,3,none
5320,Mohammad Liaquat Arain,Peshawar,800000,0,absent,0,10000,10000,3,none
5341,Salman Mirza,Lahore,800000,0,absent,0,10000,10000,3,none
1165,Bilawal Gondal,Peshawar,800000,627282,filer,1364,10000,8636,3,none
7434,Waqar Dar,Lahore,802200,0,absent,0,10110,10110,3,none
4400,Aamir Quraishi,Lahore,800000,0,absent,0,10000,10000,3,none
6108,Mohd Talha Niazi,Lahore,800000,0,absent,0,10000,10000,3,none
6138,Waqar Janjua,Lahore,800000,0,absent,0,10000,10000,3,none
6130,Maryam Jamali,Karachi,800000,0,absent,0,10000,10000,3,none
415,Mohammad Mubashir Ansari,Peshawar,800000,0,absent,0,10000,10000,3,none
4390,Zubaida Kazmi,Karachi,800000,0,absent,0,10000,10000,3,none
4570,Muhammad Rehan Bhutto,Gujranwala,800000,0,absent,0,10000,10000,3,none
2448,Mohammed Imran Dar,Faisalabad,800000,0,absent,0,10000,10000,3,none
2447,Hira Begum,Karachi,800000,0,absent,0,10000,10000,3,none
3645,Muhammad Tariq Shah,Karachi,800000,0,absent,0,10000,10000,3,none
5473,Saba Baig,Multan,800000,0,absent,0,10000,10000,3,none
604,Nida Gilani,Islamabad,800000,0,absent,0,10000,10000,3,none
2533,Sana Kakar,Islamabad,800000,0,absent,0,10000,10000,3,none
1656,Hina Warraich,Karachi,800000,0,absent,0,10000,10000,3,none
7564,Mohammed Ayaz Bhatti,Rawalpindi,780800,0,absent,0,9040,9040,3,none
1701,Sana Khattak,Peshawar,800000,0,absent,0,10000,10000,3,none
1142,Amna Sheikh,Karachi,800000,0,absent,0,10000,10000,3,none
3148,Sajid Durrani,Islamabad,800000,0,absent,0,10000,10000,3,none
1442,Waleed Kazmi,Karachi,800000,0,absent,0,10000,10000,3,none
6277,Hina Gujjar,Quetta,800000,0,absent,0,10000,10000,3,none
3024,Riaz Mengal,Bahawalpur,800000,0,absent,0,10000,10000,3,none
3044,Shabana Malik,Bahawalpur,800000,0,absent,0,10000,10000,3,none
6256,M Usman Ansari,Karachi,800000,0,absent,0,10000,10000,3,none
4371,M Jahangir Niazi,Peshawar,800000,0,absent,0,10000,10000,3,none
2055,Waqar Soomro,Lahore,800000,0,absent,0,10000,10000,3,none
1888,Noor Kazmi,Gujranwala,800000,0,absent,0,10000,10000,3,none
2979,Mazhar Mirza,Islamabad,800000,0,absent,0,10000,10000,3,none
3169,Mahnoor Bibi,Lahore,800000,0,absent,0,10000,10000,3,none
3630,Sohail Malik,Hyderabad,800000,0,absent,0,10000,10000,3,none
1225,Moh Sufyan Warraich,Karachi,800000,0,absent,0,10000,10000,3,none
5494,محمد عثمان چوہدری,Islamabad,800000,0,absent,0,10000,10000,3,none
3779,Fawad Bhutto,Bahawalpur,800000,0,absent,0,10000,10000,3,none
2451,Zubair Ansari,Lahore,800000,0,absent,0,10000,10000,3,none
5280,Shabana Marwat,Islamabad,800000,0,absent,0,10000,10000,3,none
5277,M Usama Warraich,Bahawalpur,800000,0,absent,0,10000,10000,3,none
2424,Mishal Memon,Hyderabad,800000,0,absent,0,10000,10000,3,none
3777,Komal Raja,Karachi,800000,0,absent,0,10000,10000,3,none
5289,Aleena Janjua,Karachi,800000,0,absent,0,10000,10000,3,none
5285,Faisal Magsi,Peshawar,800000,0,absent,0,10000,10000,3,none
452,Muhammad Owais Arain,Islamabad,800000,0,absent,0,10000,10000,3,none
6293,Abdullah Marwat,Rawalpindi,810000,0,absent,0,10500,10500,3,none
4583,Javeria Warraich,Multan,800000,0,absent,0,10000,10000,3,none
4606,Fawad Kazmi,Karachi,800000,0,absent,0,10000,10000,3,none
4600,Aamir Mughal,Karachi,800000,0,absent,0,10000,10000,3,none
4599,M Haroon Magsi,Islamabad,800000,0,absent,0,10000,10000,3,none
4598,Komal Begum,Gujranwala,800000,0,absent,0,10000,10000,3,none
76,Muhammad Rafique Shaikh,Multan,800000,0,absent,0,10000,10000,3,none
3186,Asif Naqvi,Lahore,800000,0,absent,0,10000,10000,3,none
3829,Anwar Marwat,Karachi,800000,0,absent,0,10000,10000,3,none
3583,Sohelmagsi,Lahore,800000,0,absent,0,10000,10000,3,none
3601,Muhammed Raza Warraich,Lahore,800000,0,absent,0,10000,10000,3,none
120,Muhammad Yousuf Malik,Gujranwala,800000,0,absent,0,10000,10000,3,none
116,Sadiya Bibi,Karachi,800000,0,absent,0,10000,10000,3,none
6893,M Fawad Sheikh,Faisalabad,785600,0,absent,0,9280,9280,3,none
1230,Shaista Mughal,Hyderabad,800000,0,absent,0,10000,10000,3,none
5512,Wasim Marwat,Karachi,800000,0,absent,0,10000,10000,3,none
5534,Moin Gondal,Peshawar,800000,0,absent,0,10000,10000,3,none
5533,Muhammed Usama Shah,Karachi,800000,0,absent,0,10000,10000,3,none
3592,Rabia Memon,Islamabad,800000,0,absent,0,10000,10000,3,none
2566,M Zafar Khattak,Karachi,800000,0,absent,0,10000,10000,3,none
140,Ejaz Beg,Karachi,800000,0,absent,0,10000,10000,3,none
3801,Mehmud Ansari,Karachi,800000,0,absent,0,10000,10000,3,none
3800,M Fahad Virk,Rawalpindi,800000,0,absent,0,10000,10000,3,none
6034,Aslam Lodhi,Multan,800000,0,absent,0,10000,10000,3,none
6066,Muhammad Javed Mengal,Sialkot,800000,0,absent,0,10000,10000,3,none
1384,Muhammad Sohel Durrani,Quetta,800000,0,absent,0,10000,10000,3,none
6325,Mohammed Khaled Begg,Rawalpindi,800000,0,absent,0,10000,10000,3,none
6315,Muhammed Faraz Rajput,Islamabad,800000,0,absent,0,10000,10000,3,none
4345,Umar Shiekh,Multan,800000,0,absent,0,10000,10000,3,none
4614,Muhammad Mehmood Warraich,Faisalabad,800000,0,absent,0,10000,10000,3,none
2062,Rfaiq Bhatti,Multan,800000,0,absent,0,10000,10000,3,none
2347,Muhammad Imran Kayani,Lahore,800000,0,absent,0,10000,10000,3,none
3866,Shoaib Abbasi,Lahore,800000,0,absent,0,10000,10000,3,none
1104,Abida Virk,Rawalpindi,800000,0,absent,0,10000,10000,3,none
3859,Mohd Suhail Dar,Islamabad,800000,0,absent,0,10000,10000,3,none
5204,Komal Naqvi,Peshawar,800000,0,absent,0,10000,10000,3,none
5234,Muhammad Jahangir Mughal,Karachi,800000,0,absent,0,10000,10000,3,none
665,Mohammad Irfan Awan,Karachi,800000,0,absent,0,10000,10000,3,none
8005,Waleed Gilani,Islamabad,815200,0,absent,0,10760,10760,3,none
2388,Mohammad Ayaz Rajput,Bahawalpur,800000,0,absent,0,10000,10000,3,none
8003,Noor Wattoo,Sialkot,789800,0,absent,0,9490,9490,3,none
8052,Javid Rajput,Karachi,758200,0,absent,0,7910,7910,3,none
5553,M Hamid Ansari,Lahore,800000,0,absent,0,10000,10000,3,none
2580,Ali Raja,Lahore,800000,0,absent,0,10000,10000,3,none
2577,Mubashir Ch,Peshawar,800000,0,absent,0,10000,10000,3,none
154,Muhammad Zubair Cheema,Karachi,800000,0,absent,0,10000,10000,3,none
157,Adnan Abbasi,Lahore,800000,0,absent,0,10000,10000,3,none
6044,Eman Hsahmi,Lahore,800000,0,absent,0,10000,10000,3,none
3164,Mohd Iqbal Marwat,Lahore,800000,0,absent,0,10000,10000,3,none
3193,Hina Hashmi,Quetta,800000,0,absent,0,10000,10000,3,none
3192,Kiran Bibi,Rawalpindi,800000,0,absent,0,10000,10000,3,none
6330,Muhammad Kasim Warraich,Faisalabad,800000,0,absent,0,10000,10000,3,none
391,Nasrene Satti,Karachi,800000,0,absent,0,10000,10000,3,none
6337,Nadeem Bajwa,Lahore,800000,0,absent,0,10000,10000,3,none
4611,Hassan Khokhar,Faisalabad,800000,0,absent,0,10000,10000,3,none
4610,Hamidd Awan,Islamabad,800000,0,absent,0,10000,10000,3,none
846,Zobair Rizvi,Hyderabad,800000,0,absent,0,10000,10000,3,none
4324,Yasir Virk,Multan,800000,0,absent,0,10000,10000,3,none
2075,Mehwish Bibi,Karachi,800000,0,absent,0,10000,10000,3,none
1730,M Mansoor Shah,Islamabad,800000,0,absent,0,10000,10000,3,none
3576,Lubna Janjua,Rawalpindi,800000,0,absent,0,10000,10000,3,none
578,Waqar Afridi,Karachi,800000,0,absent,0,10000,10000,3,none
5572,Maira Sandhu,Karachi,800000,0,absent,0,10000,10000,3,none
3534,Noman Paracha,Faisalabad,800000,0,absent,0,10000,10000,3,none
150,Ali Bajwa,Sialkot,800000,0,absent,0,10000,10000,3,none
3884,Waqar Mughal,Faisalabad,800000,0,absent,0,10000,10000,3,none
3881,Muhammed Zafar Mughal,Faisalabad,800000,0,absent,0,10000,10000,3,none
676,Ayaz Khan,Rawalpindi,800000,0,absent,0,10000,10000,3,none
5219,Komal Shah,Bahawalpur,800000,0,absent,0,10000,10000,3,none
5207,Muhammed Kashif Satti,Islamabad,800000,0,absent,0,10000,10000,3,none
3923,Mubashir Geelani,Hyderabad,800000,0,absent,0,10000,10000,3,none
5157,Nasreen Bibi,Lahore,800000,0,absent,0,10000,10000,3,none
5155,Mohammed Shafique Khattak,Lahore,800000,626895,filer,1345,10000,8655,3,none
5182,Nida Hashmi,Islamabad,800000,0,absent,0,10000,10000,3,none
3908,Mishal Rajput,Islamabad,800000,0,absent,0,10000,10000,3,none
3907,Muhammad Ali Virk,Rawalpindi,800000,0,absent,0,10000,10000,3,none
3865,Muhammed Fawad Awan,Islamabad,800000,0,absent,0,10000,10000,3,none
1713,Noor Bibi,Lahore,800000,0,absent,0,10000,10000,3,none
2379,Mohammad Ibrahim Abbasi,Lahore,800000,0,absent,0,10000,10000,3,none
8122,Mohd Irfan Awan,Karachi,765000,0,absent,0,8250,8250,3,none
477,Zahid Abbas,Quetta,800000,0,absent,0,10000,10000,3,none
3210,Noor Abbsa,Rawalpindi,800000,0,absent,0,10000,10000,3,none
2966,Maira Hashmi,Multan,800000,0,absent,0,10000,10000,3,none
6368,Muhammad Mudassar Akhtar,Faisalabad,800000,0,absent,0,10000,10000,3,none
6026,Muhammad Younis Yusufzai,Karachi,800000,0,absent,0,10000,10000,3,none
7102,Ashraf Janjua,Lahore,800000,630936,filer,1547,10000,8453,3,none
4636,Eman Yousafzai,Islamabad,800000,0,absent,0,10000,10000,3,none
2123,Zoya Bibi,Lahore,800000,0,absent,0,10000,10000,3,none
8143,Aamir Raja,Sialkot,759200,0,absent,0,7960,7960,3,none
2590,Iqbal Virk,Islamabad,800000,0,absent,0,10000,10000,3,none
5557,Saeed Kakar,Karachi,800000,0,absent,0,10000,10000,3,none
1628,Tahira Rizvi,Gujranwala,800000,0,absent,0,10000,10000,3,none
5143,Kamran Butt,Peshawar,800000,0,absent,0,10000,10000,3,none
3916,Junaid Mirza,Faisalabad,800000,0,absent,0,10000,10000,3,none
1087,Naveed Janjua,Karachi,800000,0,absent,0,10000,10000,3,none
8416,Jahangir Cheema,Hyderabad,762600,0,absent,0,8130,8130,3,none
3944,Mohd Asad Virk,Hyderabad,800000,0,absent,0,10000,10000,3,none
5129,Rehan Ansari,Peshawar,800000,0,absent,0,10000,10000,3,none
5154,Mohammed Adnan Niazi,Bahawalpur,800000,0,absent,0,10000,10000,3,none
5153,Mohammed Hammad Bhutto,Peshawar,800000,0,absent,0,10000,10000,3,none
701,Ejaz Dar,Gujranwala,800000,0,absent,0,10000,10000,3,none
5171,Ismail Bajwa,Karachi,800000,0,absent,0,10000,10000,3,none
3545,M Zeeshan Rizvi,Sialkot,800000,0,absent,0,10000,10000,3,none
3539,Mohammed Waleed Malik,Faisalabad,800000,0,absent,0,10000,10000,3,none
5608,Faraz Akhtar,Rawalpindi,800000,0,absent,0,10000,10000,3,none
3528,Mohammad Shoaib Tareen,Peshawar,800000,0,absent,0,10000,10000,3,none
2616,M Husain Hamdani,Islamabad,800000,0,absent,0,10000,10000,3,none
1621,Aamir Tarar,Lahore,800000,0,absent,0,10000,10000,3,none
1094,Danish Jutt,Sialkot,800000,0,absent,0,10000,10000,3,none
6357,Muhammad Nasir Lodhi,Faisalabad,800000,0,absent,0,10000,10000,3,none
6355,Javeria Warraich,Bahawalpur,800000,0,absent,0,10000,10000,3,none
3238,Shahid Arain,Lahore,800000,0,absent,0,10000,10000,3,none
3232,Mohammed Kashif Bajwa,Peshawar,800000,0,absent,0,10000,10000,3,none
6020,Aamir Dar,Lahore,800000,0,absent,0,10000,10000,3,none
6019,Zoya Naqvi,Peshawar,800000,0,absent,0,10000,10000,3,none
6008,Sehrish Hamdani,Karachi,800000,0,absent,0,10000,10000,3,none
939,Ahmed Soomro,Peshawar,800000,0,absent,0,10000,10000,3,none
10185,Muhammad Raza Tareen,Rawalpindi,758600,0,absent,0,7930,7930,3,none
885,Durdana Mirza,Rawalpindi,800000,0,absent,0,10000,10000,3,none
4273,Sohail Mengal,Rawalpindi,800000,0,absent,0,10000,10000,3,none
974,Shazia Cheema,Quetta,800000,0,absent,0,10000,10000,3,none
1083,Faysal Satti,Quetta,800000,0,absent,0,10000,10000,3,none
2592,Mishal Bibi,Lahore,800000,0,absent,0,10000,10000,3,none
3526,Muhammad Talha Sandhu,Islamabad,800000,625134,filer,1257,10000,8743,3,none
5587,Saba Wattoo,Peshawar,800000,0,absent,0,10000,10000,3,none
5617,Ashraf Abbas,Lahore,800000,0,absent,0,10000,10000,3,none
2646,Ali Bhutto,Islamabad,800000,0,absent,0,10000,10000,3,none
5124,Akram Afridi,Islamabad,800000,0,absent,0,10000,10000,3,none
2333,M Khalid Warraich,Multan,800000,0,absent,0,10000,10000,3,none
4420,Yasmin Begum,Islamabad,800000,0,absent,0,10000,10000,3,none
1984,Sohail Khokhar,Lahore,800000,0,absent,0,10000,10000,3,none
2317,Taimur Ansari,Faisalabad,800600,0,absent,0,10030,10030,3,none
47,Irfan Butt,Lahore,800000,0,absent,0,10000,10000,3,none
6158,Muhammad Nadeem Mughal,Hyderabad,800000,0,absent,0,10000,10000,3,none
5076,Asad Bajwa,Quetta,800000,0,absent,0,10000,10000,3,none
3720,Fariha Bhutto,Islamabad,800000,0,absent,0,10000,10000,3,none
5106,Mubashir Tarar,Lahore,800000,0,absent,0,10000,10000,3,none
5102,Durdana Rizvi,Karachi,800000,0,absent,0,10000,10000,3,none
5100,Ismail Abbasi,Lahore,800000,0,absent,0,10000,10000,3,none
1092,Shahzad Dar,Hyderabad,800000,0,absent,0,10000,10000,3,none
818,Ramsha Kayani,Hyderabad,800000,0,absent,0,10000,10000,3,none
2899,Kashif Satti,Karachi,800000,0,absent,0,10000,10000,3,none
2921,Ghulam Shah,Peshawar,800000,0,absent,0,10000,10000,3,none
5989,Mohammed Waqar Abbas,Sialkot,800000,0,absent,0,10000,10000,3,none
2925,Robina Begum,Peshawar,800000,0,absent,0,10000,10000,3,none
2493,Qasim Mengal,Islamabad,800000,0,absent,0,10000,10000,3,none
1467,Mohammad Rizwan Rajput,Karachi,800000,0,absent,0,10000,10000,3,none
4691,Muhammad Saeed Sandhu,Lahore,800000,0,absent,0,10000,10000,3,none
2485,M Jamil Magsi,Peshawar,800000,0,absent,0,10000,10000,3,none
10000,Warda Warraich,Karachi,761600,0,absent,0,8080,8080,3,none
3507,Noor Wattoo,Bahawalpur,800000,0,absent,0,10000,10000,3,none
5612,Riyaz Mengal,Bahawalpur,800000,0,absent,0,10000,10000,3,none
5644,Junaid Durrani,Lahore,800000,0,absent,0,10000,10000,3,none
2673,Abid Arain,Karachi,800000,0,absent,0,10000,10000,3,none
239,Mohammad Hammad Mengal,Islamabad,800000,0,absent,0,10000,10000,3,none
238,Abdullah Marwat,Karachi,800000,0,absent,0,10000,10000,3,none
234,Taimur Baig,Islamabad,800000,0,absent,0,10000,10000,3,none
5635,Taimru Akhtar,Faisalabad,800000,0,absent,0,10000,10000,3,none
5092,Nimra Bibi,Lahore,800000,0,absent,0,10000,10000,3,none
5086,Qasim Memon,Lahore,800000,0,absent,0,10000,10000,3,none
5083,Khadeeja Rizvi,Faisalabad,800000,0,absent,0,10000,10000,3,none
1743,Muhammad Hamid Awan,Lahore,800000,0,absent,0,10000,10000,3,none
4006,Tahira Kakar,Peshawar,800000,0,absent,0,10000,10000,3,none
5633,محمد شاہد بھٹی,Karachi,800000,0,absent,0,10000,10000,3,none
5653,Iqra Paracha,Faisalabad,800000,0,absent,0,10000,10000,3,none
298,Muhammad Rafique Sandhu,Karachi,800000,0,absent,0,10000,10000,3,none
5412,Mohammad Asif Kakar,Lahore,800000,0,absent,0,10000,10000,3,none
2696,Shabana Zaidi,Rawalpindi,800000,0,absent,0,10000,10000,3,none
3480,Mohammed Rafiq Abbasi,Faisalabad,800000,0,absent,0,10000,10000,3,none
5063,Warda Beg,Quetta,800000,0,absent,0,10000,10000,3,none
5058,Sehrish Naqvi,Peshawar,800000,0,absent,0,10000,10000,3,none
711,Warda Janjua,Faisalabad,800000,0,absent,0,10000,10000,3,none
2299,Hassan Zaidi,Lahore,800000,0,absent,0,10000,10000,3,none
3683,Owais Baig,Gujranwala,800000,0,absent,0,10000,10000,3,none
10040,Areeba Rajput,Islamabad,795600,0,absent,0,9780,9780,3,none
5971,Bushra Gilani,Lahore,800000,0,absent,0,10000,10000,3,none
3220,Naveed Bajwa,Hyderabad,800000,0,absent,0,10000,10000,3,none
2937,Mohammad Aamir Arain,Gujranwala,800000,0,absent,0,10000,10000,3,none
6377,Fahad Gondal,Quetta,800000,0,absent,0,10000,10000,3,none
6405,Nida Hashmi,Karachi,800000,0,absent,0,10000,10000,3,none
4711,Danish Paracha,Karachi,800000,0,absent,0,10000,10000,3,none
4707,Mohammed Ali Arain,Bahawalpur,800000,0,absent,0,10000,10000,3,none
4729,Muhammed Raza Raja,Lahore,800000,0,absent,0,10000,10000,3,none
2130,محمد اکرم ڈار,Bahawalpur,800000,0,absent,0,10000,10000,3,none
3444,Shabana Begum,Gujranwala,800000,0,absent,0,10000,10000,3,none
3460,M Shahid Raja,Gujranwala,800000,0,absent,0,10000,10000,3,none
1564,Muhammed Zafar Satti,Lahore,800000,0,absent,0,10000,10000,3,none
6636,Mahnoor Sheikh,Lahore,800000,0,absent,0,10000,10000,3,none
297,اقبال نقوی,Rawalpindi,800000,0,absent,0,10000,10000,3,none
293,Shafiq Shah,Quetta,800000,0,absent,0,10000,10000,3,none
2711,Mohammed Junaid Shah,Lahore,800000,0,absent,0,10000,10000,3,none
3457,Shafique Sial,Multan,800000,0,absent,0,10000,10000,3,none
723,Hina Jamali,Islamabad,800000,0,absent,0,10000,10000,3,none
1062,Mohammad Akram Khattak,Karachi,800000,0,absent,0,10000,10000,3,none
9038,M Mehmood Butt,Rawalpindi,796600,0,absent,0,9830,9830,3,none
5658,Moin Satti,Lahore,800000,0,absent,0,10000,10000,3,none
1293,Riaz Rizvi,Rawalpindi,800000,0,absent,0,10000,10000,3,none
3450,Muhammad Bilawal Raja,Sialkot,800000,0,absent,0,10000,10000,3,none
2740,Ismail Mirza,Karachi,800000,0,absent,0,10000,10000,3,none
2734,Hassan Awan,Gujranwala,800000,0,absent,0,10000,10000,3,none
306,Mohammad Javid Mughal,Lahore,800000,0,absent,0,10000,10000,3,none
4039,Muhammed Taimur Kayani,Hyderabad,800000,0,absent,0,10000,10000,3,none
5009,Zubair Chaudhry,Gujranwala,800000,0,absent,0,10000,10000,3,none
8841,Rabia Awan,Islamabad,775000,0,absent,0,8750,8750,3,none
3337,Ismail Niazi,Gujranwala,800000,0,absent,0,10000,10000,3,none
6144,Junaid Durrani,Karachi,800000,0,absent,0,10000,10000,3,none
5664,Maira Shah,Faisalabad,800000,0,absent,0,10000,10000,3,none
4440,Ismail Sial,Gujranwala,800000,0,absent,0,10000,10000,3,none
4072,Zubaida Kayani,Quetta,800000,0,absent,0,10000,10000,3,none
4952,Muhammad Khalid Shah,Islamabad,800000,0,absent,0,10000,10000,3,none
4028,Muhammad Rashid Jamali,Gujranwala,800000,0,absent,0,10000,10000,3,none
4971,Robina Begum,Multan,813800,0,absent,0,10690,10690,3,none
4994,Muhammedz Ahid Bhutto,Karachi,800000,0,absent,0,10000,10000,3,none
4015,Taimur Ch,Islamabad,800000,0,absent,0,10000,10000,3,none
4043,Muhammad Adnan Dar,Karachi,800000,0,absent,0,10000,10000,3,none
4441,Samina Ansari,Gujranwala,800000,0,absent,0,10000,10000,3,none
8987,Talha Lodhi,Rawalpindi,801600,0,absent,0,10080,10080,3,none
2154,Shoaib Akhtar,Sialkot,800000,0,absent,0,10000,10000,3,none
370,Mohammad Ayaz Bhatti,Rawalpindi,800000,0,absent,0,10000,10000,3,none
6398,Liaquat Cheema,Rawalpindi,800000,0,absent,0,10000,10000,3,none
6395,Owais Bhutto,Islamabad,800000,0,absent,0,10000,10000,3,none
1496,Mohammed Usama Sandhu,Karachi,800000,0,absent,0,10000,10000,3,none
2914,Iqra Malik,Lahore,800000,0,absent,0,10000,10000,3,none
2913,Tooba Akhtar,Lahore,800000,0,absent,0,10000,10000,3,none
9942,Iqbal Abbasi,Islamabad,761000,0,absent,0,8050,8050,3,none
9173,Junaid Wattoo,Gujranwala,2500000,2421450,filer,235362,255000,19638,3,none
5915,Faiza Bibi,Karachi,800000,0,absent,0,10000,10000,3,none
487,Mohammed Younis Kakar,Rawalpindi,800000,0,absent,0,10000,10000,3,none
1771,Muhammad Moin Sandhu,Peshawar,800000,0,absent,0,10000,10000,3,none
1766,Muhammad Shafiq Magsi,Lahore,800000,0,absent,0,10000,10000,3,none
9041,Mohammed Aamir Cheema,Multan,800000,0,absent,0,10000,10000,3,none
1577,Ayazr Ajput,Faisalabad,800000,0,absent,0,10000,10000,3,none
5706,Muhammad Waqar Abbas,Gujranwala,800000,0,absent,0,10000,10000,3,none
5701,Fawad Khan,Karachi,800000,0,absent,0,10000,10000,3,none
3436,Ali Gujjar,Rawalpindi,800000,0,absent,0,10000,10000,3,none
3435,M Liaquat Marwat,Bahawalpur,800000,0,absent,0,10000,10000,3,none
9090,Shabana Virk,Islamabad,815600,0,absent,0,10780,10780,3,none
3084,Nasreen Mengal,Karachi,800000,0,absent,0,10000,10000,3,none
5926,Fatimah Hashmi,Rawalpindi,800000,0,absent,0,10000,10000,3,none
2902,نوید کاظمی,Rawalpindi,800000,0,absent,0,10000,10000,3,none
1505,M Said Kayani,Rawalpindi,800000,0,absent,0,10000,10000,3,none
1502,Yousuf Abbas,Islamabad,800000,0,absent,0,10000,10000,3,none
4756,Lubna Gilani,Faisalabad,800000,0,absent,0,10000,10000,3,none
4755,Usama Butt,Karachi,800000,0,absent,0,10000,10000,3,none
794,Muhammad Arif Dar,Islamabad,800000,0,absent,0,10000,10000,3,none
4207,Bilawal Hashmi,Islamabad,800000,0,absent,0,10000,10000,3,none
2863,Mohammed Younis Niazi,Lahore,800000,0,absent,0,10000,10000,3,none
3284,Bashir Jamali,Karachi,800000,0,absent,0,10000,10000,3,none
3306,Khalid Raja,Gujranwala,800000,0,absent,0,10000,10000,3,none
6498,Amna Sandhu,Sialkot,800000,0,absent,0,10000,10000,3,none
1530,Qasim Kayani,Gujranwala,800000,0,absent,0,10000,10000,3,none
5719,Mohammed Asad Zaidi,Faisalabad,814800,0,absent,0,10740,10740,3,none
3313,Talha Mengal,Islamabad,800000,0,absent,0,10000,10000,3,none
6589,Javed Paracha,Gujranwala,800000,0,absent,0,10000,10000,3,none
3324,Zubaida Awan,Islamabad,800000,0,absent,0,10000,10000,3,none
4962,Kamran Magsi,Lahore,800000,0,absent,0,10000,10000,3,none
4961,Tanveer Shah,Karachi,800000,0,absent,0,10000,10000,3,none
6544,Mohammad Iqbal Kayani,Faisalabad,800000,0,absent,0,10000,10000,3,none
6554,Sidra Ansari,Islamabad,800000,0,absent,0,10000,10000,3,none
6584,Khaled Raja,Lahore,800000,0,absent,0,10000,10000,3,none
6575,Fawad Memon,Quetta,800000,0,absent,0,10000,10000,3,none
6597,Mohammed Abid Dar,Karachi,800000,0,absent,0,10000,10000,3,none
5741,Muhammda Iqbal Memon,Multan,800000,0,absent,0,10000,10000,3,none
4190,Rafiq Mirza,Karachi,800000,0,absent,0,10000,10000,3,none
774,Rabia Warraich,Lahore,800000,0,absent,0,10000,10000,3,none
1054,Farah Raja,Karachi,800000,0,absent,0,10000,10000,3,none
2247,Muhammed Waseem Khokhar,Bahawalpur,800000,0,absent,0,10000,10000,3,none
2233,M Jahangir Bhutto,Lahore,800000,0,absent,0,10000,10000,3,none
3302,Sana Chaudhry,Bahawalpur,800000,0,absent,0,10000,10000,3,none
6429,Raza Mengal,Lahore,800000,0,absent,0,10000,10000,3,none
6421,Mohammed Yousuf Mengal,Islamabad,800000,0,absent,0,10000,10000,3,none
6447,Muhammed Shoaib Sandhu,Islamabad,800000,0,absent,0,10000,10000,3,none
6445,Mohd Danish Lodhi,Karachi,800000,0,absent,0,10000,10000,3,none
5831,Muhammad Hamid Sandhu,Lahore,800000,0,absent,0,10000,10000,3,none
5918,Mohd Rizwan Shah,Rawalpindi,800000,0,absent,0,10000,10000,3,none
9818,Mohammed Osman Mughal,Quetta,780400,0,absent,0,9020,9020,3,none
1013,Raza Magsi,Karachi,800000,0,absent,0,10000,10000,3,none
4776,Mohammed Saeed Raja,Bahawalpur,800000,0,absent,0,10000,10000,3,none
4775,Ghulam Bhatti,Peshawar,800000,0,absent,0,10000,10000,3,none
4772,Maryam Gujjar,Karachi,800000,624070,filer,1204,10000,8796,3,none
5913,Rida Cheema,Karachi,800000,0,absent,0,10000,10000,3,none
5910,Sajid Gondal,Rawalpindi,800000,0,absent,0,10000,10000,3,none
4136,Shahzad Awan,Rawalpindi,800000,0,absent,0,10000,10000,3,none
4126,Waleed Jamali,Lahore,800000,0,absent,0,10000,10000,3,none
751,Yasir Qureshi,Gujranwala,800000,0,absent,0,10000,10000,3,none
2210,Waqar Qureishi,Lahore,800000,0,absent,0,10000,10000,3,none
1786,Jahangir Choudhry,Multan,800000,0,absent,0,10000,10000,3,none
1779,Zahid Lodhi,Lahore,800000,0,absent,0,10000,10000,3,none
9203,Tooba Marwat,Bahawalpur,759400,0,absent,0,7970,7970,3,none
5827,Fatima Shaikh,Islamabad,800000,0,absent,0,10000,10000,3,none
5793,M Noman Durrani,Hyderabad,800000,0,absent,0,10000,10000,3,none
2782,Usman Paracha,Karachi,800000,0,absent,0,10000,10000,3,none
2765,Muhammed Ghulam Khan,Gujranwala,800000,0,absent,0,10000,10000,3,none
3393,Anwar Paracha,Karachi,800000,0,absent,0,10000,10000,3,none
5803,Tanvir Akhtar,Bahawalpur,800000,0,absent,0,10000,10000,3,none
5794,Muhammad Farhan Babasi,Quetta,800000,0,absent,0,10000,10000,3,none
3363,Eman Memon,Rawalpindi,800000,0,absent,0,10000,10000,3,none
6537,Muhammad Imran Gilani,Lahore,800000,0,absent,0,10000,10000,3,none
6531,Fathima Tareen,Lahore,800000,0,absent,0,10000,10000,3,none
6525,Sohail Hashmi,Islamabad,800000,0,absent,0,10000,10000,3,none
21,Mohammed Ibrahim Shah,Islamabad,800000,0,absent,0,10000,10000,3,none
5817,Hammad Rizvi,Karachi,800000,0,absent,0,10000,10000,3,none
2861,Rabia Abbasi,Bahawalpur,800000,0,absent,0,10000,10000,3,none
1522,Mohammed Iqbal Tareen,Lahore,800000,0,absent,0,10000,10000,3,none
6442,Farhan Warraich,Lahore,800000,0,absent,0,10000,10000,3,none
6472,Warda Ansari,Lahore,800000,0,absent,0,10000,10000,3,none
6463,Aamir Sandhu,Faisalabad,800000,0,absent,0,10000,10000,3,none
4770,Danish Niazi,Rawalpindi,800000,0,absent,0,10000,10000,3,none
4218,Nadim Ansari,Peshawar,800000,0,absent,0,10000,10000,3,none
4760,Mohammad Jamil Malik,Lahore,800000,0,absent,0,10000,10000,3,none
4793,Karim Jutt,Lahore,800000,0,absent,0,10000,10000,3,none
2183,Muhammad Adnan Virk,Karachi,800000,0,absent,0,10000,10000,3,none
1804,Mohammad Pervez Tareen,Quetta,800000,0,absent,0,10000,10000,3,none
905,Zubaida Bhutto,Hyderabad,800000,0,absent,0,10000,10000,3,none
3842,Muhammad Tariq Gilani,Multan,800000,0,absent,0,10000,10000,3,none
9574,Arif Beg,Multan,800200,0,absent,0,10010,10010,3,none
4838,Muhammad Naveed Dar,Quetta,800000,0,absent,0,10000,10000,3,none
4835,Mohd Asif Bajwa,Rawalpindi,800000,0,absent,0,10000,10000,3,none
4823,Mohammed Ayaz Virk,Peshawar,800000,0,absent,0,10000,10000,3,none
4822,Muhammed Mazhar Cheema,Sialkot,800000,0,absent,0,10000,10000,3,none
4862,Ibrahim Afridi,Hyderabad,800000,0,absent,0,10000,10000,3,none
4854,M Akram Mengal,Multan,800000,0,absent,0,10000,10000,3,none
4156,Shazia Bajwa,Islamabad,800000,0,absent,0,10000,10000,3,none
4881,Shoaib Rajput,Faisalabad,800000,0,absent,0,10000,10000,3,none
2214,Shahid Soomro,Karachi,800000,0,absent,0,10000,10000,3,none
1795,Javeria Begum,Rawalpindi,800000,0,absent,0,10000,10000,3,none
4458,Bilal Gilani,Karachi,800000,0,absent,0,10000,10000,3,none
3330,Muhammad Zafar Kakar,Islamabad,800000,0,absent,0,10000,10000,3,none
3345,Rafique Hamdani,Rawalpindi,800000,0,absent,0,10000,10000,3,none
2805,Shabana Zaidi,Faisalabad,800000,0,absent,0,10000,10000,3,none
2793,Zainab Sandhu,Multan,800000,0,absent,0,10000,10000,3,none
1547,آصف ملک,Multan,800000,0,absent,0,10000,10000,3,none
6493,Muhammad Shahzad Butt,Rawalpindi,800000,0,absent,0,10000,10000,3,none
4446,Nazia Bajwa,Karachi,800000,0,absent,0,10000,10000,3,none
6515,Nawaz Malik,Gujranwala,800000,0,absent,0,10000,10000,3,none
4484,Mohd Ashraf Chohan,Peshawar,800000,0,absent,0,10000,10000,3,none
9475,Yasir Bajwa,Peshawar,809200,0,absent,0,10460,10460,3,none
2840,Faiza Awan,Karachi,800000,0,absent,0,10000,10000,3,none
428,Ali Cheema,Sialkot,800000,0,absent,0,10000,10000,3,none
6494,Anika Akhtar,Hyderabad,800000,0,absent,0,10000,10000,3,none
6194,Zoya Dar,Bahawalpur,800000,0,absent,0,10000,10000,3,none
783,Shaista Sial,Rawalpindi,800000,0,absent,0,10000,10000,3,none
1026,Aleena Hashmi,Lahore,800000,0,absent,0,10000,10000,3,none
1020,Mhammad Jamil Khan,Hyderabad,800000,0,absent,0,10000,10000,3,none
4168,Ejaz Hamdani,Rawalpindi,800000,0,absent,0,10000,10000,3,none
4166,Faisal Awan,Hyderabad,800000,0,absent,0,10000,10000,3,none
1803,Mohammad Akram Butt,Faisalabad,800000,0,absent,0,10000,10000,3,none
2809,Muhammed Moin Shah,Lahore,800000,0,absent,0,10000,10000,3,none
3689,Irfan Butt,Lahore,800000,0,absent,0,10000,10000,3,none
4508,Rafiq Warraich,Lahore,800000,0,absent,0,10000,10000,3,none
4409,Mahnoor Jamali,Lahore,800000,0,absent,0,10000,10000,3,none
1915,Muhammad Adnan Butt,Lahore,800000,0,absent,0,10000,10000,3,none
1931,Sana Bajwa,Karachi,800000,630908,filer,1545,10000,8455,3,none
1916,Salman Chaudhry,Lahore,800000,0,absent,0,10000,10000,3,none
4406,Jahangir Jutt,Hyderabad,800000,0,absent,0,10000,10000,3,none
3716,Tariq Sial,Islamabad,800000,0,absent,0,10000,10000,3,none
900,Warda Begum,Karachi,800000,0,absent,0,10000,10000,3,none
922,Mohammed Karim Jutt,Rawalpindi,800000,0,absent,0,10000,10000,3,none
1415,Maira Qureishi,Karachi,800000,0,absent,0,10000,10000,3,none
6186,Muhammad Saeed Arain,Hyderabad,800000,0,absent,0,10000,10000,3,none
6178,Aisha Afridi,Lahore,800000,0,absent,0,10000,10000,3,none
3071,Muhammad Zeeshan Akhtar,Islamabad,800000,0,absent,0,10000,10000,3,none
4471,Nida Niazi,Sialkot,800000,0,absent,0,10000,10000,3,none
448,Moin Rajput,Karachi,800000,0,absent,0,10000,10000,3,none
3109,Sadiya Ch,Lahore,800000,0,absent,0,10000,10000,3,none
1193,Muhammad Ejaz Jamali,Karachi,800000,0,absent,0,10000,10000,3,none
7181,Iqbal Abbasi,Lahore,800800,0,absent,0,10040,10040,3,none
7247,Rafiq Satti,Karachi,791600,0,absent,0,9580,9580,3,none
4417,Nazia Rajput,Lahore,800000,0,absent,0,10000,10000,3,none
5449,Uzma Akhtar,Gujranwala,800000,0,absent,0,10000,10000,3,none
5446,Muhammad Kasim Jamali,Gujranwala,800000,0,absent,0,10000,10000,3,none
2502,Shagufta Shah,Gujranwala,800000,0,absent,0,10000,10000,3,none
869,Mohammed Adnan Niazi,Multan,800000,0,absent,0,10000,10000,3,none
7114,Muhammed Jamil Shah,Gujranwala,802200,0,absent,0,10110,10110,3,none
2019,Muhammed Waqar Hashmi,Bahawalpur,800000,0,absent,0,10000,10000,3,none
1900,Sajid Choudhry,Lahore,800000,0,absent,0,10000,10000,3,none
5379,Muhammed Fahad Kazmi,Rawalpindi,800000,0,absent,0,10000,10000,3,none
6146,Talha Kakar,Hyderabad,800000,0,absent,0,10000,10000,3,none
6145,Samina Begum,Rawalpindi,800000,0,absent,0,10000,10000,3,none
1418,Durdana Niazi,Multan,800000,0,absent,0,10000,10000,3,none
3098,Mohd Mazhar Khattak,Lahore,3000000,2960352,filer,370088,380000,9912,2,none
2475,Liaquat Ch,Gujranwala,18671065,18634319,filer,5787012,5799873,12861,2,none
7551,Ibrahim Gujjar,Karachi,725000,0,absent,0,6250,6250,2,none
2818,Muhammad Raza Sandhu,Islamabad,800000,637261,filer,1863,10000,8137,2,none
5823,M Shahid Cheema,Peshawar,800000,639681,filer,1984,10000,8016,2,none
2862,Sana Gujjar,Karachi,800000,647598,filer,2380,10000,7620,2,none
7014,Akram Paracha,Rawalpindi,731800,0,absent,0,6590,6590,2,none
7534,Waqar Janjua,Lahore,736600,0,absent,0,6830,6830,2,none
4377,Hira Butt,Karachi,2500000,2463752,filer,245938,255000,9062,2,none
6212,Lubna Bhuttto,Peshawar,800000,652623,filer,2631,10000,7369,2,none
5452,Salman Mughal,Islamabad,800000,663825,filer,3191,10000,6809,2,none
7063,Faiza Wattoo,Quetta,749400,0,absent,0,7470,7470,2,none
2407,Zahid Ansari,Hyderabad,800000,666100,filer,3305,10000,6695,2,none
7807,Mohd Talha Bhutto,Karachi,800000,669339,filer,3467,10000,6533,2,none
1868,Mohammad Nasir Magsi,Quetta,800000,676171,filer,3809,10000,6191,2,none
3147,Mohammad Umar Gilani,Karachi,800000,681811,filer,4091,10000,5909,2,none
7854,Aysha Shiekh,Karachi,752200,0,absent,0,7610,7610,2,none
3818,Muhammed Mehmud Apracha,Karachi,800000,682745,filer,4137,10000,5863,2,none
409,Khadija Niazi,Peshawar,800000,659966,filer,2998,10000,7002,2,none
6262,Usman Warraich,Karachi,800000,640621,filer,2031,10000,7969,2,none
3806,Aleena Khan,Karachi,800000,657243,filer,2862,10000,7138,2,none
9303,Mahnoor Wattoo,Lahore,706800,0,absent,0,5340,5340,2,none
9205,Muhammad Usama Chaudhary,Quetta,700800,0,absent,0,5040,5040,2,none
4137,Sufyan Lodhi,Karachi,800000,640391,filer,2020,10000,7980,2,none
3300,Mohd Ayaz Yousafzai,Quetta,800000,683868,filer,4193,10000,5807,2,none
8002,Rida Bibi,Peshawar,711000,0,absent,0,5550,5550,2,none
7935,Hamid Marwat,Sialkot,698800,0,absent,0,4940,4940,2,none
1670,Lubna Mengal,Sialkot,2500000,2447628,filer,241907,255000,13093,2,none
953,Saad Durrani,Faisalabad,800000,674299,filer,3715,10000,6285,2,none
3830,Iqra Bibi,Peshawar,800000,632756,filer,1638,10000,8362,2,none
7892,Nida Gilani,Islamabad,712800,0,absent,0,5640,5640,2,none
8134,Liaquat Kazmi,Quetta,704000,0,absent,0,5200,5200,2,none
5205,Hassan Memon,Gujranwala,800000,646569,filer,2328,10000,7672,2,none
6006,Eman Abbas,Sialkot,800000,682747,filer,4137,10000,5863,2,none
6306,Mohammed Waleed Gillani,Islamabad,800000,656010,filer,2800,10000,7200,2,none
3581,Bilawal Mengal,Hyderabad,800000,668520,filer,3426,10000,6574,2,none
4916,Waqar Hamdani,Karachi,800000,651523,filer,2576,10000,7424,2,none
5722,Tanvir Jamali,Rawalpindi,800000,652618,filer,2631,10000,7369,2,none
9078,Liaquat Gilani,Lahore,695800,0,absent,0,4790,4790,2,none
1498,Bilal Arain,Multan,800000,664416,filer,3221,10000,6779,2,none
9352,Mubashir Kakar,Karachi,727400,0,absent,0,6370,6370,2,none
2351,Faaiza Raja,Lahore,800000,682632,filer,4132,10000,5868,2,none
3899,M Fahad Satti,Rawalpindi,800000,666362,filer,3318,10000,6682,2,none
8167,M Qasim Raja,Gujranwala,708800,0,absent,0,5440,5440,2,none
8141,Warda Bhutto,Peshawar,720600,0,absent,0,6030,6030,2,none
6358,Ibrahim Mengal,Karachi,800000,660960,filer,3048,10000,6952,2,none
8686,Ayaz Khokhar,Multan,800000,644698,filer,2235,10000,7765,2,none
8703,Rafique Jamali,Karachi,717200,0,absent,0,5860,5860,2,none
2316,Mohammed Zeeshan Mengal,Sialkot,800000,669144,filer,3457,10000,6543,2,none
8587,Salman Chaudhry,Lahore,715600,0,absent,0,5780,5780,2,none
10150,Hasan Bhatti,Karachi,700200,0,absent,0,5010,5010,2,none
5610,Asif Durrani,Hyderabad,800000,678305,filer,3915,10000,6085,2,none
336,Mohammad Riaz Beg,Lahore,800000,643150,filer,2158,10000,7842,2,none
9058,Riaz Sila,Peshawar,699200,0,absent,0,4960,4960,2,none
3272,Nimra Begum,Lahore,800000,653067,filer,2653,10000,7347,2,none
9006,Kashif Ch,Lahore,710800,0,absent,0,5540,5540,2,none
6934,Muhammad Zafar Zaidi,Quetta,800000,678951,filer,3948,10000,6052,2,none
1759,Ayesha Lodhi,Quetta,800000,648254,filer,2413,10000,7587,2,none
9630,Islam Soomro,Hyderabad,800000,652142,filer,2607,10000,7393,2,none
5070,Wasim Mgasi,Lahore,800000,634971,filer,1749,10000,8251,2,none
987,Javeria Tareen,Islamabad,800000,666985,filer,3349,10000,6651,2,none
4258,Ramsha Rizvi,Lahore,800000,674590,filer,3730,10000,6270,2,none
9034,Mishal Gujjar,Lahore,705400,0,absent,0,5270,5270,2,none
8979,M Zeeshan Mughal,Peshawar,714000,0,absent,0,5700,5700,2,none
8939,Farah Arain,Karachi,748200,0,absent,0,7410,7410,2,none
4708,Usman Dar,Lahore,800000,683317,filer,4166,10000,5834,2,none
4261,Durdana Bhutto,Peshawar,800000,677255,filer,3863,10000,6137,2,none
4447,Zainab Quraishi,Multan,800000,639544,filer,1977,10000,8023,2,none
7316,Zahid Kazmi,Rawalpindi,750000,0,absent,0,7500,7500,2,none
4511,Zubaida Raja,Bahawalpur,800000,676044,filer,3802,10000,6198,2,none
4481,M Wasim Bhutto,Lahore,800000,661464,filer,3073,10000,6927,2,none
4800,Anika Baig,Sialkot,800000,635581,filer,1779,10000,8221,2,none
9642,Zahid Chohan,Lahore,725400,0,absent,0,6270,6270,2,none
9684,Tariq Malik,Faisalabad,800000,646768,filer,2338,10000,7662,2,none
7022,Hassan Gondal,Faisalabad,715200,0,absent,0,5760,5760,2,none
3674,Nazia Lodhi,Karachi,800000,641423,filer,2071,10000,7929,2,none
7163,Mohammad Khalid Shah,Islamabad,738600,0,absent,0,6930,6930,2,none
7104,Irfan Warraich,Rawalpindi,744800,0,absent,0,7240,7240,2,none
5402,Rida Afridi,Peshawar,800000,682684,filer,4134,10000,5866,2,none
1680,Muhammad Javed Jamali,Lahore,800000,677697,filer,3885,10000,6115,2,none
4472,Yasir Sandhu,Hyderabad,31810200,31780375,filer,10388131,10398570,10439,2,none
9835,Muhammed Hussian Chohan,Faisalabad,800000,720554,filer,6028,10000,3972,1,none
7089,Ismail Hamdani,Karachi,800000,736579,filer,6829,10000,3171,1,none
4534,Mohammad Abdullah Magsi,Lahore,800000,691111,filer,4556,10000,5444,1,none
10207,Zahid Kayani,Karachi,800000,733411,filer,6671,10000,3329,1,none
5457,Mehwish Rizvi,Lahore,800000,715117,filer,5756,10000,4244,1,none
2519,Sadia Gillani,Islamabad,800000,686476,filer,4324,10000,5676,1,none
3702,Muhammed Ashraf Shah,Sialkot,800000,696096,filer,4805,10000,5195,1,none
3731,Muhammad Ashraf Qureshi,Karachi,800000,719150,filer,5958,10000,4042,1,none
1681,Mohammad Ismail Virk,Lahore,800000,695146,filer,4757,10000,5243,1,none
9453,Bilawal Mengal,Bahawalpur,668800,0,absent,0,3440,3440,1,none
3334,Naveed Awan,Islamabad,800000,744032,filer,7202,10000,2798,1,none
9628,Nimra Shah,Hyderabad,666200,0,absent,0,3310,3310,1,none
9624,Durdana Khokhar,Multan,647400,0,absent,0,2370,2370,1,none
2843,Lubna Sial,Multan,2500000,2472700,filer,248175,255000,6825,1,none
1934,Nasreen Butt,Lahore,800000,748779,filer,7439,10000,2561,1,none
9504,Muhammad Sohail Sial,Lahore,800000,712189,filer,5609,10000,4391,1,none
3711,Shagufta Sandhu,Faisalabad,800000,687639,filer,4382,10000,5618,1,none
1961,Jamil Shah,Multan,800000,694540,filer,4727,10000,5273,1,none
9060,Tahira Kakar,Peshawar,642600,0,absent,0,2130,2130,1,none
10084,Laiba Siddiqui,Karachi,662800,0,absent,0,3140,3140,1,none
1352,Mohammed Kamran Gilani,Lahore,800000,739586,filer,6979,10000,3021,1,none
6400,Ashraf Paracha,Faisalabad,800000,748612,filer,7431,10000,2569,1,none
10076,Bushra Bibi,Karachi,636200,0,absent,0,1810,1810,1,none
285,Aamir Wattoo,Karachi,800000,729121,filer,6456,10000,3544,1,none
2684,Muhammad Saeed Jamali,Faisalabad,800000,692002,filer,4600,10000,5400,1,none
8957,Amna Baig,Lahore,636400,0,absent,0,1820,1820,1,none
721,Muhammad Saied Marwat,Rawalpindi,800000,691289,filer,4564,10000,5436,1,none
726,Sajid Paracha,Multan,800000,746702,filer,7335,10000,2665,1,none
8873,Pervez Khan,Lahore,645600,0,absent,0,2280,2280,1,none
4955,Muhammed Nasir Baig,Lahore,800000,741081,filer,7054,10000,2946,1,none
5104,Muhammed Ali Quraishi,Karachi,800000,719779,filer,5989,10000,4011,1,none
1090,Aysha Mughal,Lahore,800000,730336,filer,6517,10000,3483,1,none
3250,Muhammad Rafiq Siddiqui,Gujranwala,800000,687797,filer,4390,10000,5610,1,none
5954,Tanveer Naqvi,Quetta,800000,713904,filer,5695,10000,4305,1,none
4702,Omer Bhatti,Lahore,800000,744828,filer,7241,10000,2759,1,none
10018,زینب انصاری,Karachi,639800,0,absent,0,1990,1990,1,none
1267,Maira Satti,Rawalpindi,800000,699113,filer,4956,10000,5044,1,none
265,Faysal Naqvi,Karachi,800000,728813,filer,6441,10000,3559,1,none
5090,Zoya Zaidi,Islamabad,800000,723019,filer,6151,10000,3849,1,none
310,Muhammad Saad Khan,Karachi,800000,706721,filer,5336,10000,4664,1,none
5053,Kamran Raja,Quetta,800000,703521,filer,5176,10000,4824,1,none
8592,Navid Rajput,Gujranwala,800000,698228,filer,4911,10000,5089,1,none
4973,Irfan Rizvi,Karachi,800000,735055,filer,6753,10000,3247,1,none
1761,Aleena Lodhi,Gujranwala,800000,750336,filer,7517,10000,2483,1,none
9919,Zenab Kayani,Lahore,682400,0,absent,0,4120,4120,1,none
4744,Komal Paracha,Gujranwala,800000,742039,filer,7102,10000,2898,1,none
5934,Muhammed Mubashir Kazmi,Islamabad,800000,739029,filer,6951,10000,3049,1,none
5928,Durdana Bibi,Karachi,800000,747711,filer,7386,10000,2614,1,none
3417,Mudassar Kayani,Hyderabad,800000,700950,filer,5048,10000,4952,1,none
8629,Mohd Yasir Jutt,Faisalabad,800000,708962,filer,5448,10000,4552,1,none
9072,Yousuf Yousafzai,Faisalabad,648800,0,absent,0,2440,2440,1,none
2659,Muhammad Ali Dar,Rawalpindi,800000,716722,filer,5836,10000,4164,1,none
2938,Mohammad Haroon Gondal,Karachi,800000,684841,filer,4242,10000,5758,1,none
7001,Raza Jamali,Multan,800000,730027,filer,6501,10000,3499,1,none
969,Mohd Ali Bhutto,Peshawar,800000,706996,filer,5350,10000,4650,1,none
1252,Mansoor Lodhi,Rawalpindi,800000,695642,filer,4782,10000,5218,1,none
1261,Naila Bibi,Multan,800000,704562,filer,5228,10000,4772,1,none
2644,Muhammad Saeed Qureishi,Karachi,800000,710613,filer,5531,10000,4469,1,none
255,محمد حسین شیخ,Lahore,800000,701800,filer,5090,10000,4910,1,none
9981,Taimur Qureshi,Islamabad,800000,747766,filer,7388,10000,2612,1,none
2315,Mohammed Jamil Qureshi,Islamabad,800000,732143,filer,6607,10000,3393,1,none
8683,Muhammad Sajid Gondal,Rawalpindi,655800,0,absent,0,2790,2790,1,none
2955,Zobair Niazi,Bahawalpur,800000,709071,filer,5454,10000,4546,1,none
6332,Saba Satti,Islamabad,800000,704483,filer,5224,10000,4776,1,none
8375,Tooba Naqvi,Karachi,800000,698086,filer,4904,10000,5096,1,none
10098,Muhammad Asad Chaudhary,Lahore,637600,0,absent,0,1880,1880,1,none
10106,Fatimas H,Islamabad,639400,0,absent,0,1970,1970,1,none
5555,Iqra Khan,Gujranwala,800000,726738,filer,6337,10000,3663,1,none
571,Muhammad Riaz Warraich,Multan,800000,700983,filer,5049,10000,4951,1,none
8185,Ahmad Geelani,Islamabad,657600,0,absent,0,2880,2880,1,none
697,Khadija Satti,Quetta,800000,714936,filer,5747,10000,4253,1,none
2612,Zubaida Jutt,Karachi,800000,721665,filer,6083,10000,3917,1,none
1503,Karim Paracha,Bahawalpur,800000,731760,filer,6588,10000,3412,1,none
4202,Rabia Kakar,Quetta,800000,712697,filer,5635,10000,4365,1,none
4222,Khadijah Tarar,Islamabad,800000,730637,filer,6532,10000,3468,1,none
9715,Muhammed Rashid Kazmi,Peshawar,647200,0,absent,0,2360,2360,1,none
9108,Sufyan Lodhi,Hyderabad,657400,0,absent,0,2870,2870,1,none
6549,Mohammed Irfan Memon,Lahore,800000,715245,filer,5762,10000,4238,1,none
6588,Fawad Jamali,Karachi,800000,718460,filer,5923,10000,4077,1,none
4968,Shazia Bibi,Islamabad,800000,745068,filer,7253,10000,2747,1,none
4964,Yasmin Paracha,Islamabad,800000,721908,filer,6095,10000,3905,1,none
6572,Farhan Cheema,Faisalabad,800000,745969,filer,7298,10000,2702,1,none
3421,Ahmed Bhutto,Rawalpindi,800000,750500,filer,7525,10000,2475,1,none
566,Shagufta Marwat,Gujranwala,2500000,2475863,filer,248966,255000,6034,1,none
123,Bilawal Qureshi,Faisalabad,800000,692418,filer,4621,10000,5379,1,none
1629,Amna Soomro,Peshawar,800000,728741,filer,6437,10000,3563,1,none
392,Zeeshan Satti,Quetta,800000,724381,filer,6219,10000,3781,1,none
3579,Muhammad Mubashir Ch,Rawalpindi,800000,729801,filer,6490,10000,3510,1,none
9518,Zafar Rizvi,Faisalabad,800000,692362,filer,4618,10000,5382,1,none
5206,M Bashir Kazmi,Islamabad,800000,746038,filer,7302,10000,2698,1,none
5177,Mohammad Aamir Gondal,Faisalabad,800000,690459,filer,4523,10000,5477,1,none
682,Sufyan Mirza,Gujranwala,800000,740566,filer,7028,10000,2972,1,none
2380,Mt Noor Bibi,Islamabad,800000,687567,filer,4378,10000,5622,1,none
8135,Muhammed Adnan Niazi,Bahawalpur,691000,0,absent,0,4550,4550,1,none
8123,Warda Tareen,Karachi,685800,0,absent,0,4290,4290,1,none
7881,Mohammad Taimur Awan,Faisalabad,683000,0,absent,0,4150,4150,1,none
1378,Muhammad Hussian Kakar,Karachi,800000,732414,filer,6621,10000,3379,1,none
1449,Raza Mengal,Hyderabad,800000,722391,filer,6120,10000,3880,1,none
2984,Fawad Kakar,Lahore,800000,737056,filer,6853,10000,3147,1,none
2980,Muhammad Hammad Hamdani,Faisalabad,800000,735158,filer,6758,10000,3242,1,none
949,Muhammad Imran Rajput,Karachi,800000,721404,filer,6070,10000,3930,1,none
8099,Mohammad Jamil Khokhar,Peshawar,640800,0,absent,0,2040,2040,1,none
8098,Asad Wattoo,Islamabad,634400,0,absent,0,1720,1720,1,none
7927,Mohd Salman Raja,Rawalpindi,646800,0,absent,0,2340,2340,1,none
2207,Ejaz Lodhi,Gujranwala,800000,743777,filer,7189,10000,2811,1,none
8395,Saadia Akhtar,Islamabad,800000,722343,filer,6117,10000,3883,1,none
4101,Muhammad Aslam Niazi,Karachi,800000,733846,filer,6692,10000,3308,1,none
5919,Khalid Khattak,Islamabad,800000,737363,filer,6868,10000,3132,1,none
4905,Shahzad Arain,Multan,800000,709591,filer,5480,10000,4520,1,none
4095,Uzma Abbasi,Lahore,800000,743764,filer,7188,10000,2812,1,none
1035,Mohammed Ayaz Raja,Peshawar,800000,721723,filer,6086,10000,3914,1,none
4933,Muhammad Taimur Tarar,Karachi,800000,710386,filer,5519,10000,4481,1,none
9191,Zoya Bhatti,Peshawar,647800,0,absent,0,2390,2390,1,none
6530,Tahira Memon,Lahore,800000,712595,filer,5630,10000,4370,1,none
5810,Warda Begum,Islamabad,800000,703209,filer,5160,10000,4840,1,none
9342,Shazia Hamdani,Lahore,635000,0,absent,0,1750,1750,1,none
1233,Muhammad Bashir Bhatti,Bahawalpur,800000,713371,filer,5669,10000,4331,1,none
7725,Noor Bhutto,Gujranwala,671200,0,absent,0,3560,3560,1,none
3810,Tahira Naqvi,Rawalpindi,800000,728516,filer,6426,10000,3574,1,none
3149,Ismail Paracha,Bahawalpur,800000,716990,filer,5850,10000,4150,1,none
4572,Muhammad Sajid Qureshi,Peshawar,800000,745198,filer,7260,10000,2740,1,none
2092,Qasem Zaidi,Karachi,800000,721665,filer,6083,10000,3917,1,none
3826,Mohammed Salman Bhatti,Karachi,800000,692971,filer,4649,10000,5351,1,none
8513,Waqar Malik,Islamabad,800000,710013,filer,5501,10000,4499,1,none
5261,Hira Bibi,Faisalabad,800000,741808,filer,7090,10000,2910,1,none
2413,Sehrish Begum,Karachi,800000,729575,filer,6479,10000,3521,1,none
3598,Mohammed Nawaz Cheema,Gujranwala,800000,691608,filer,4580,10000,5420,1,none
7835,Muhammed Zafar Ch,Faisalabad,683800,0,absent,0,4190,4190,1,none
9820,Amna Awan,Rawalpindi,800000,748099,filer,7405,10000,2595,1,none
3040,Mishal Bibi,Karachi,800000,744928,filer,7246,10000,2754,1,none
6994,M Ejaz Bhatti,Hyderabad,676400,0,absent,0,3820,3820,1,none
8501,Muhammad Mubashir Khattak,Hyderabad,800000,740021,filer,7001,10000,2999,1,none
5501,Waqar Arain,Lahore,800000,710515,filer,5526,10000,4474,1,none
7620,Laiba Malik,Karachi,646200,0,absent,0,2310,2310,1,none
7643,Muhammed Nasir Kazmi,Quetta,677800,0,absent,0,3890,3890,1,none
7631,Haroon Sandhu,Karachi,655400,0,absent,0,2770,2770,1,none
5305,Nimra Begum,Karachi,800000,741576,filer,7079,10000,2921,1,none
2422,Pervez Bhatti,Karachi,800000,715845,filer,5792,10000,4208,1,none
7731,Hamid Niazi,Karachi,631600,0,absent,0,1580,1580,1,none
7729,Tahira Iazi,Faisalabad,657400,0,absent,0,2870,2870,1,none
7097,Muhammad Mansoor Tarar,Rawalpindi,800000,716193,filer,5810,10000,4190,1,none
3758,Naila Raja,Lahore,800000,716878,filer,5844,10000,4156,1,none
5317,Rashid Kakar,Karachi,800000,733910,filer,6696,10000,3304,1,none
7413,Jahangir Jutt,Hyderabad,667800,0,absent,0,3390,3390,1,none
6136,Mohammad Ayaz Yusufzai,Rawalpindi,800000,720932,filer,6047,10000,3953,1,none
4385,Hira Durrani,Islamabad,800000,751257,filer,7563,10000,2437,1,none
863,Ayesha Begum,Rawalpindi,800000,731224,filer,6561,10000,3439,1,none
9170,Aleena Bhutto,Karachi,800000,729187,filer,6459,10000,3541,1,none
7462,Ejaz Sandhu,Karachi,689400,0,absent,0,4470,4470,1,none
5469,Zoya Bibi,Rawalpindi,800000,721667,filer,6083,10000,3917,1,none
6469,Durdana Bibi,Peshawar,800000,736617,filer,6831,10000,3169,1,none
4211,Zeeshan Abbasi,Hyderabad,800000,741484,filer,7074,10000,2926,1,none
6478,Mohd Tariq Jamali,Karachi,800000,733913,filer,6696,10000,3304,1,none
9509,Ayesha Kazmi,Lahore,689600,0,absent,0,4480,4480,1,none
4117,Rida Begum,Faisalabad,800000,693471,filer,4674,10000,5326,1,none
4146,Imran Niazi,Lahore,800000,712750,filer,5638,10000,4362,1,none
5842,Zeeshan Rajput,Karachi,800000,700635,filer,5032,10000,4968,1,none
2772,Qasim Arain,Lahore,800000,732359,filer,6618,10000,3382,1,none
2792,M Rafiq Soomro,Peshawar,800000,724583,filer,6229,10000,3771,1,none
362,Muhammad Iqbal Jutt,Peshawar,800000,694382,filer,4719,10000,5281,1,none
6517,Shahzad Bhatti,Rawalpindi,800000,731134,filer,6557,10000,3443,1,none
6482,Liaquat Durrani,Islamabad,800000,697054,filer,4853,10000,5147,1,none
1403,Zeeshan Soomro,Islamabad,800000,686557,filer,4328,10000,5672,1,none
8570,Mohammed Fahad Memon,Peshawar,800000,717300,filer,5865,10000,4135,1,none
4428,Arif Magsi,Faisalabad,800000,730174,filer,6509,10000,3491,1,none
4503,Ghulam Niazi,Lahore,800000,722545,filer,6127,10000,3873,1,none
886,M Iqbal Awan,Peshawar,800000,709654,filer,5483,10000,4517,1,none
2001,Haroon Dar,Islamabad,800000,744140,filer,7207,10000,2793,1,none
3128,Mohammad Fawad Rizvi,Karachi,800000,735024,filer,6751,10000,3249,1,none
2492,Mohammad Arif Abbas,Multan,800000,738587,filer,6929,10000,3071,1,none
5409,Komal Sheikh,Rawalpindi,800000,700730,filer,5036,10000,4964,1,none
5408,Zahid Qureshi,Karachi,800000,719236,filer,5962,10000,4038,1,none
3700,Bilawal Rizvi,Islamabad,800000,719019,filer,5951,10000,4049,1,none
7212,M Ismail Malik,Gujranwala,675600,0,absent,0,3780,3780,1,none
7198,Mahnoor Mirza,Lahore,640000,0,absent,0,2000,2000,1,none
7262,Durdana Abbas,Rawalpindi,646800,0,absent,0,2340,2340,1,none
9712,Mehwish Jutt,Karachi,800000,726169,filer,6308,10000,3692,1,none
10665,Aslam Lodhi,Lahore,0,520460,filer,0,0,0,0,none
10697,Yasmin Bibi,Peshawar,0,401910,filer,0,0,0,0,none
10681,Muhammed Saad Khan,Islamabad,0,361241,filer,0,0,0,0,none
10680,Muhammad Nawaz Mughal,Karachi,0,705442,filer,5272,0,0,0,none
10383,Muhammad Ayaz Hashmi,Lahore,26865826,31517736,filer,10296208,8668039,0,0,none
10710,Mahnoor Warraich,Lahore,0,984535,filer,19227,0,0,0,none
10709,Arif Kayani,Gujranwala,0,1801956,filer,120293,0,0,0,none
10708,Areeba Siddiqui,Karachi,0,1821064,filer,123160,0,0,0,none
10707,Usama Kazmi,Gujranwala,0,868419,filer,13421,0,0,0,none
10706,Muhammad Salman Bhutto,Rawalpindi,0,633539,filer,1677,0,0,0,none
10651,Tooba Qureshi,Multan,0,295946,filer,0,0,0,0,none
10652,Ali Durrani,Islamabad,0,1162593,filer,28130,0,0,0,none
10701,Salman Chohan,Lahore,0,1062860,filer,23143,0,0,0,none
10702,Mohd Zeeshan Virk,Karachi,0,1425344,filer,63802,0,0,0,none
10703,Jahangir Niazi,Karachi,0,1131957,filer,26598,0,0,0,none
3561,Bilawal Raja,Karachi,20577400,51748205,filer,17376872,6467090,0,0,none
1935,Nida Hashmi,Lahore,500000,370570,filer,0,0,0,0,none
9364,M Saeed Abbasi,Karachi,500000,339973,filer,0,0,0,0,none
1938,M Arif Akhtar,Karachi,6000000,6890742,filer,1676760,1365000,0,0,none
1939,Noor Kazmi,Rawalpindi,500000,342848,filer,0,0,0,0,none
0,محمد شاہد بٹ,Islamabad,800000,1063325,filer,23166,10000,0,0,none
10682,Areeba Chohan,Rawalpindi,0,1666278,filer,99942,0,0,0,none
10683,Warda Bibi,Lahore,0,743017,filer,7151,0,0,0,none
10684,Muhammad Junaid Marwat,Hyderabad,0,645953,filer,2298,0,0,0,none
10653,Abid Lodhi,Faisalabad,0,243122,filer,0,0,0,0,none
10654,Mohammad Haroon Malik,Lahore,0,655378,filer,2769,0,0,0,none
4494,Mohammad Fahad Virk,Rawalpindi,27016200,59226809,filer,19994383,8720670,0,0,none
908,Raza Cheema,Bahawalpur,500000,355809,filer,0,0,0,0,none
910,Noor Gondal,Hyderabad,800000,811535,filer,10577,10000,0,0,none
3228,M Liaquat Hamdani,Islamabad,20722650,37952610,filer,12548414,6517928,0,0,none
911,Nasir Awan,Karachi,800000,914336,filer,15717,10000,0,0,none
913,Muhammed Adnan Kakar,Karachi,6000000,7149181,filer,1767213,1365000,0,0,none
10380,Muhammad Uthman Sial,Gujranwala,25408200,47700818,filer,15960286,8157870,0,0,none
915,Ashraf Zaidi,Rawalpindi,500000,347420,filer,0,0,0,0,none
4469,Shagufta Begum,Rawalpindi,500000,209912,filer,0,0,0,0,none
7025,Abid Naqvi,Islamabad,800000,1145866,filer,27293,10000,0,0,none
4452,Mohammad Saeed Hamdani,Islamabad,800000,816760,filer,10838,10000,0,0,none
4453,M Ahmed Abbas,Islamabad,800000,915824,filer,15791,10000,0,0,none
4454,Saba Khattak,Islamabad,500000,278689,filer,0,0,0,0,none
10669,Adnan Geelani,Faisalabad,0,1436435,filer,65465,0,0,0,none
10670,Kamran Kayani,Hyderabad,0,1199692,filer,29985,0,0,0,none
10671,Shafique Cheema,Peshawar,0,436257,filer,0,0,0,0,none
4474,Ejaz Bhatti,Bahawalpur,500000,231983,filer,0,0,0,0,none
4477,Naila Qureshi,Lahore,800000,946682,filer,17334,10000,0,0,none
4455,Bushra Begum,Lahore,500000,493526,filer,0,0,0,0,none
4457,Mohammed Sufyan Abbasi,Lahore,45143600,57467394,filer,19378588,15065260,0,0,none
4459,Fatima Niazi,Lahore,927400,1138539,filer,26927,16370,0,0,none
10354,Muhammad Ghulam Hashmi,Lahore,35158000,76555913,filer,26059570,11570300,0,0,none
4464,Muhammad Usmna Durrani,Sialkot,400000,0,absent,0,0,0,0,none
4466,Muhammad Zubair Memon,Faisalabad,822400,1292993,filer,43949,11120,0,0,none
902,Liaquat Butt,Karachi,15000000,17831761,filer,5506116,4515000,0,0,none
4433,زینب قریشی,Lahore,74575800,87264134,filer,29807447,25366530,0,0,none
4435,Mohammed Rashid Yusufzai,Karachi,400000,0,absent,0,0,0,0,none
4438,Muhammad Bashir Tarar,Karachi,800000,913129,filer,15656,10000,0,0,none
4478,Sidra Niazi,Hyderabad,800000,1023410,filer,21170,10000,0,0,none
4483,Rizwan Hamdani,Islamabad,21990000,58121353,filer,19607474,6961500,0,0,none
4491,Moin Niazi,Faisalabad,20249768,23795907,filer,7593567,6352419,0,0,none
4493,Mohammed Mazhar Marwat,Peshawar,800000,884777,filer,14239,10000,0,0,none
7618,Muhammad Javaid Magsi,Hyderabad,800000,1165460,filer,28273,10000,0,0,none
890,Yasir Memon,Gujranwala,500000,565603,filer,0,0,0,0,none
9595,Saied Begg,Lahore,906200,1168314,filer,28416,15310,0,0,none
4442,Hamid Paracha,Rawalpindi,500000,271757,filer,0,0,0,0,none
9514,Raza Engal,Peshawar,800000,753727,filer,7686,10000,2314,0,none
4445,Muhammad Sohail Chaudhary,Bahawalpur,800000,880970,filer,14048,10000,0,0,none
8922,Areeba Jamali,Quetta,500000,431693,filer,0,0,0,0,none
918,Nadeem Bajwa,Karachi,45705400,57849580,filer,19512353,15261890,0,0,none
7319,M Fahad Virk,Rawalpindi,500000,471056,filer,0,0,0,0,none
923,Mohammed Junaid Satti,Karachi,800000,857396,filer,12870,10000,0,0,none
897,Mohd Asad Cheema,Multan,500000,558825,filer,0,0,0,0,none
6878,Mudassar Hamdani,Lahore,500000,372412,filer,0,0,0,0,none
4496,Ahmed Bhatti,Rawalpindi,52886400,55996717,filer,18863851,17775240,0,0,none
4498,Ashraf Akhtar,Islamabad,500000,0,absent,0,0,0,0,none
4499,Maira Qureishi,Karachi,1028800,1269384,filer,40408,21440,0,0,none
4501,Aslam Durrani,Gujranwala,2500000,2573812,filer,273453,255000,0,0,none
4506,Mohammad Ali Yousafzai,Faisalabad,30275400,39004206,filer,12916472,9861390,0,0,none
924,Sana Chaudhry,Lahore,75803800,78958022,filer,26900308,25796330,0,0,none
926,Mohammed Imran Abbas,Islamabad,500000,93543,filer,0,0,0,0,none
928,Sufyan Gondal,Gujranwala,36497803,49440878,filer,16569307,12039231,0,0,none
4425,Anika Quraishi,Quetta,800000,846558,filer,12328,10000,0,0,none
4426,Muhammad Iqbal Kakar,Gujranwala,500000,436333,filer,0,0,0,0,none
4427,M Jamil Durrani,Karachi,35236800,56953085,filer,19198580,11597880,0,0,none
4430,Mohammad Saeed Akhtar,Lahore,500000,0,absent,0,0,0,0,none
4432,Zobair Lodhi,Quetta,500000,0,absent,0,0,0,0,none
4405,Mohammed Adnan Mirza,Faisalabad,52967800,75845527,filer,25810934,17803730,0,0,none
4509,Zubair Kazmi,Islamabad,400000,344426,filer,0,0,0,0,none
4512,Naveed Ansari,Karachi,27432736,62301433,filer,21070502,8866458,0,0,none
4513,Shahid Jamali,Hyderabad,500000,0,absent,0,0,0,0,none
4514,Mohammed Hassan Durrani,Karachi,800000,820298,filer,11015,10000,0,0,none
4517,Ramsha Sial,Hyderabad,800000,847057,filer,12353,10000,0,0,none
4518,Sadiya Sidiqui,Karachi,500000,386141,filer,0,0,0,0,none
4413,Durdana Abbasi,Karachi,54038800,79546736,filer,27106358,18178580,0,0,none
4414,Ramsha Yusufzai,Karachi,36993600,48923125,filer,16388094,12212760,0,0,none
4418,Mansoor Rajput,Peshawar,18626200,28498285,filer,9239400,5784170,0,0,none
4419,Asad Chaudhry,Karachi,37926200,44884202,filer,14974471,12539170,0,0,none
4421,Mohd Ali Bhutto,Lahore,800000,784444,filer,9222,10000,778,0,none
4423,Farhan Khan,Karachi,800000,950265,filer,17513,10000,0,0,none
4386,Ibrahim Soomro,Peshawar,800000,968459,filer,18423,10000,0,0,none
4387,Omer Ansari,Islamabad,800000,962506,filer,18125,10000,0,0,none
4388,Maryam Kazmi,Islamabad,800000,823614,filer,11181,10000,0,0,none
4389,Asma Kazmi,Gujranwala,400000,0,absent,0,0,0,0,none
881,Osman Paracha,Islamabad,1169000,1279923,filer,41988,28450,0,0,none
3056,M Fawad Hashmi,Faisalabad,22236520,41880002,filer,13923001,7047782,0,0,none
888,Mohammad Shoaib Bhatti,Karachi,500000,0,absent,0,0,0,0,none
4525,Sadia Jutt,Karachi,500000,289141,filer,0,0,0,0,none
4530,Bilawal Memon,Gujranwala,500000,0,absent,0,0,0,0,none
4504,Ismail Warraich,Karachi,500000,395183,filer,0,0,0,0,none
8914,Sadia Chaudhry,Sialkot,800000,970715,filer,18536,10000,0,0,none
4555,Haroon Bhutto,Peshawar,500000,139895,filer,0,0,0,0,none
4557,Rida Bibi,Gujranwala,500000,330803,filer,0,0,0,0,none
4558,Nida Abbas,Sialkot,500000,324937,filer,0,0,0,0,none
4531,Hammad Rajput,Rawalpindi,800000,769967,filer,8498,10000,1502,0,none
4535,Usman Akhtar,Karachi,500000,608767,filer,438,0,0,0,none
4537,Mohammed Omar Beg,Peshawar,400000,0,absent,0,0,0,0,none
4538,Muhammed Shoaib Awan,Hyderabad,500000,403677,filer,0,0,0,0,none
4540,Ismail Jutt,Lahore,500000,495638,filer,0,0,0,0,none
4542,Nadeem Naqvi,Islamabad,800000,1291588,filer,43738,10000,0,0,none
7616,Noman Memon,Karachi,800000,1270009,filer,40501,10000,0,0,none
4926,Muhammad Junaid Yusufzai,Karachi,31779600,46660536,filer,15596188,10387860,0,0,none
4544,Muhammad Qasim Bajwa,Faisalabad,800000,1308581,filer,46287,10000,0,0,none
4546,Eman Begum,Sialkot,500000,465238,filer,0,0,0,0,none
4519,Sana Begmu,Karachi,30641525,44766887,filer,14933410,9989534,0,0,none
4522,Abid Marwat,Sialkot,15000000,18247807,filer,5651732,4515000,0,0,none
4383,Muhammad Rashid Tareen,Rawalpindi,800000,773431,filer,8672,10000,1328,0,none
4361,Riaz Virk,Rawalpindi,800000,1215747,filer,32362,10000,0,0,none
4362,Ismail Mughal,Faisalabad,500000,0,absent,0,0,0,0,none
4391,Rafiq Tareen,Rawalpindi,500000,433917,filer,0,0,0,0,none
4395,Asif Bhatti,Rawalpindi,500000,0,absent,0,0,0,0,none
4397,Abida Yousafzai,Karachi,500000,241134,filer,0,0,0,0,none
4401,Talha Tarar,Gujranwala,800000,814535,filer,10727,10000,0,0,none
4749,Fahad Khokhar,Islamabad,42184551,65041580,filer,22029553,14029593,0,0,none
4402,Muhammad Tariq Arain,Lahore,6000000,6743041,filer,1625064,1365000,0,0,none
935,Yousuf Akhtar,Quetta,23703000,28976226,filer,9406679,7561050,0,0,none
870,Shahid Abbas,Karachi,500000,0,absent,0,0,0,0,none
872,Mazhar Mirza,Rawalpindi,500000,257138,filer,0,0,0,0,none
874,Muhammad Kashif Janjua,Karachi,500000,0,absent,0,0,0,0,none
875,Owais Tareen,Lahore,500000,0,absent,0,0,0,0,none
876,Adnan Khattak,Islamabad,23456228,51419173,filer,17261711,7474680,0,0,none
4552,Nasreen Kakar,Quetta,41687200,54395578,filer,18303452,13855520,0,0,none
4376,Sba Kakar,Islamabad,32770400,52748364,filer,17726927,10734640,0,0,none
931,Abida Gilani,Lahore,800000,1283654,filer,42548,10000,0,0,none
8088,Umar Lodhi,Rawalpindi,800000,1322379,filer,48357,10000,0,0,none
4338,Mohd Liaquat Sandhu,Faisalabad,500000,0,absent,0,0,0,0,none
2989,Nida Kayani,Karachi,23016625,23813286,filer,7599650,7320819,0,0,none
859,Rabia Memon,Rawalpindi,500000,0,absent,0,0,0,0,none
860,M Nawaz Malik,Faisalabad,500000,0,absent,0,0,0,0,none
4567,Zubaida Tarar,Islamabad,800000,931381,filer,16569,10000,0,0,none
864,Asif Rajput,Lahore,500000,428240,filer,0,0,0,0,none
866,Bilal Durrani,Islamabad,800000,1013563,filer,20678,10000,0,0,none
867,Muhammad Asad Bhatti,Karachi,28575600,71445278,filer,24270847,9266460,0,0,none
938,Warda Malik,Multan,500000,306730,filer,0,0,0,0,none
941,Muhammad Hassan Wattoo,Lahore,33436400,67604866,filer,22926703,10967740,0,0,none
947,Mohammed Waleed Hashmi,Gujranwala,20594200,29564909,filer,9612718,6472970,0,0,none
4378,Abid Abbasi,Karachi,6000000,6659756,filer,1595915,1365000,0,0,none
4380,Mahnoor Begum,Hyderabad,500000,574439,filer,0,0,0,0,none
4604,Nida Mughal,Karachi,500000,425158,filer,0,0,0,0,none
4605,Zeeshan Jutt,Karachi,500000,415750,filer,0,0,0,0,none
4573,Tooba Janjua,Karachi,500000,520108,filer,0,0,0,0,none
4575,Ghulam Raja,Islamabad,500000,341612,filer,0,0,0,0,none
4577,Ramsha Ansari,Karachi,800000,1374455,filer,56168,10000,0,0,none
4579,Mohd Ejaz Soomro,Faisalabad,800000,1340560,filer,51084,10000,0,0,none
7401,Muhammad Asif Mughal,Multan,800000,1355965,filer,53395,10000,0,0,none
4584,Shazia Sandhu,Lahore,500000,315003,filer,0,0,0,0,none
4586,Mohammed Ali Awan,Lahore,6000000,10803853,filer,3046349,1365000,0,0,none
4589,Farhan Afridi,Islamabad,500000,0,absent,0,0,0,0,none
4564,Mohammed Younis Virk,Multan,500000,0,absent,0,0,0,0,none
4364,Rehan Niazi,Karachi,56599800,70491144,filer,23936900,19074930,0,0,none
4366,Waleed Gujjar,Islamabad,500000,352184,filer,0,0,0,0,none
4369,Muhammad Moin Mughal,Bahawalpur,800000,1008280,filer,20414,10000,0,0,none
4374,Aleena Rizvi,Karachi,13773000,33923807,filer,11138332,4085550,0,0,none
4375,Mohammed Jamil Rizvi,Rawalpindi,800000,1015130,filer,20756,10000,0,0,none
4341,Shazia Butt,Lahore,800000,1107388,filer,25369,10000,0,0,none
4342,Muhammad Hammad Gillani,Bahawalpur,500000,485652,filer,0,0,0,0,none
9084,Mohammad Rafique Soomro,Karachi,500000,261710,filer,0,0,0,0,none
4348,M Mansoor Kayani,Gujranwala,571800,664191,filer,3210,0,0,0,none
4349,Muhammad Waleed Hashmi,Lahore,26890409,55254235,filer,18603982,8676643,0,0,none
4350,Javeria Begum,Rawalpindi,32803200,39912014,filer,13234205,10746120,0,0,none
4351,Mohammad Junaid Chaudhry,Lahore,800000,1203060,filer,30459,10000,0,0,none
4354,Muhammed Islam Durrani,Karachi,500000,494224,filer,0,0,0,0,none
4357,Muhammad Hassan Siddiqui,Karachi,800000,900558,filer,15028,10000,0,0,none
4359,Faraz Virk,Rawalpindi,37675622,74181778,filer,25228622,12451468,0,0,none
4327,Muhammad Nasir Sial,Rawalpindi,20361400,52488745,filer,17636061,6391490,0,0,none
4328,Mohammad Bilal Niazi,Peshawar,58089200,65396915,filer,22153920,19596220,0,0,none
4331,Ghulam Cheema,Lahore,800000,934158,filer,16708,10000,0,0,none
4601,Saba Awan,Gujranwala,29467400,41009089,filer,13618181,9578590,0,0,none
4602,Komal Bibi,Bahawalpur,15000000,17432329,filer,5366315,4515000,0,0,none
4603,Mehwish Jamali,Sialkot,500000,0,absent,0,0,0,0,none
956,Mehwish Malik,Gujranwala,885000,1110209,filer,25510,14250,0,0,none
958,Eman Gujjar,Karachi,2500000,2971455,filer,372864,255000,0,0,none
959,Maryam Naqvi,Peshawar,500000,0,absent,0,0,0,0,none
4308,Fawad Warraich,Karachi,22364497,24726503,filer,7919276,7092574,0,0,none
4310,Muhammad Ghulam Khattak,Gujranwala,6000000,7258508,filer,1805478,1365000,0,0,none
10484,Shahid Siddiqui,Karachi,26705678,34035110,filer,11177288,8611987,0,0,none
10261,Javeria Abbas,Karachi,61677800,69526983,filer,23599444,20852230,0,0,none
4612,Owais Malik,Karachi,800000,832502,filer,11625,10000,0,0,none
4613,Anika Mengal,Karachi,800000,1195855,filer,29793,10000,0,0,none
4615,Muhammad Mazhar Abbasi,Rawalpindi,500000,342484,filer,0,0,0,0,none
4616,Rida Arain,Islamabad,500000,237657,filer,0,0,0,0,none
835,Zahid Abbas,Lahore,500000,566857,filer,0,0,0,0,none
836,Muhammad Ali Siddiqui,Sialkot,500000,0,absent,0,0,0,0,none
837,Fahad Magsi,Lahore,800000,884243,filer,14212,10000,0,0,none
4593,Muhammad Rafiq Magsi,Islamabad,800000,1020244,filer,21012,10000,0,0,none
4596,Adnan Soomro,Faisalabad,2500000,2765882,filer,321470,255000,0,0,none
4314,Saba Afridi,Lahore,800000,972956,filer,18648,10000,0,0,none
4315,Hamid Geelani,Multan,500000,0,absent,0,0,0,0,none
4316,Mishal Rizvi,Lahore,800000,1252381,filer,37857,10000,0,0,none
4317,Faraz Mengal,Peshawar,500000,655566,filer,2778,0,0,0,none
4319,Mohammad Waqar Gondal,Lahore,500000,490009,filer,0,0,0,0,none
4322,M Islam Baig,Islamabad,500000,579750,filer,0,0,0,0,none
4325,Sufyan Kazmi,Karachi,500000,380450,filer,0,0,0,0,none
964,Muhammad Usman Bajwa,Lahore,800000,974366,filer,18718,10000,0,0,none
6299,Saad Kakar,Karachi,43603600,70626591,filer,23984307,14526260,0,0,none
847,Warda Abbasi,Karachi,800000,1257997,filer,38700,10000,0,0,none
4619,Shoib Sheikh,Peshawar,500000,0,absent,0,0,0,0,none
4622,Aslam Cheema,Hyderabad,800000,877438,filer,13872,10000,0,0,none
4623,Javaid Arain,Peshawar,877000,1063429,filer,23171,13850,0,0,none
10352,Kiran Cheema,Islamabad,17078706,17993945,filer,5562881,5242547,0,0,none
948,Mohammed Usman Mirza,Islamabad,500000,0,absent,0,0,0,0,none
951,Riaz Khokhar,Faisalabad,16148800,17837198,filer,5508019,4917080,0,0,none
10527,Noor Tarar,Bahawalpur,15000000,20559340,filer,6460769,4515000,0,0,none
4647,Rashid Butt,Rawalpindi,21756000,34150509,filer,11217678,6879600,0,0,none
4649,Mohd Omar Abbas,Karachi,15000000,21674659,filer,6851131,4515000,0,0,none
6240,Mohd Mazhar Chohan,Rawalpindi,18611584,20783651,filer,6539278,5779054,0,0,none
4626,Nasreen Wattoo,Lahore,500000,311157,filer,0,0,0,0,none
4627,Muhammad Mansoor Marwat,Lahore,800000,951942,filer,17597,10000,0,0,none
4628,Sadia Cheema,Faisalabad,800000,892456,filer,14623,10000,0,0,none
8960,Muhammad Abid Ch,Multan,800000,1313728,filer,47059,10000,0,0,none
10379,Muhammad Rafiq Khattak,Quetta,15145200,16757350,filer,5130072,4565820,0,0,none
4634,Muammed Abid Kayani,Karachi,500000,614953,filer,748,0,0,0,none
4637,Mohammed Rehan Mirza,Karachi,40842800,54069147,filer,18189201,13559980,0,0,none
4638,Uzma Memon,Lahore,800000,1330995,filer,49649,10000,0,0,none
9026,Warda Awan,Islamabad,500000,559531,filer,0,0,0,0,none
4639,Rida Raja,Rawalpindi,500000,0,absent,0,0,0,0,none
838,Mehwish Durrani,Lahore,54706800,57966093,filer,19553133,18412380,0,0,none
4313,M Rafiq Jamali,Rawalpindi,800000,974685,filer,18734,10000,0,0,none
4664,Asad Choudhry,Faisalabad,65263400,69657726,filer,23645204,22107190,0,0,none
4666,Tooba Mirza,Multan,500000,358191,filer,0,0,0,0,none
4667,Kamran Sial,Faisalabad,500000,449387,filer,0,0,0,0,none
4668,Mohd Sohel Arain,Islamabad,835800,1094065,filer,24703,11790,0,0,none
4669,Mohd Rafiq Cheema,Hyderabad,58773600,61746359,filer,20876226,19835760,0,0,none
10088,Mohd Qasim Khan,Rawalpindi,500000,377021,filer,0,0,0,0,none
6959,Muhammad Hamid Tareen,Rawalpindi,500000,582452,filer,0,0,0,0,none
4670,Faraz Tareen,Faisalabad,1000200,1311172,filer,46676,20010,0,0,none
4642,Mohd Javed Abbasi,Lahore,64541600,74314437,filer,25275053,21854560,0,0,none
825,Zainab Niazi,Karachi,800000,1122779,filer,26139,10000,0,0,none
830,Ramsha Memon,Rawalpindi,500000,594870,filer,0,0,0,0,none
831,Bilawal Jamali,Gujranwala,800000,1000961,filer,20048,10000,0,0,none
832,Sana Chaudhary,Islamabad,39568091,47745273,filer,15975846,13113832,0,0,none
833,Salman Shah,Lahore,6000000,10874571,filer,3071100,1365000,0,0,none
8568,Ahmed Gondal,Karachi,500000,167558,filer,0,0,0,0,none
4645,Muhammad Bilawal Janjua,Hyderabad,800000,997632,filer,19882,10000,0,0,none
4656,Mehwish Malik,Multan,800000,1145862,filer,27293,10000,0,0,none
4658,Komal Bajwa,Rawalpindi,800000,864999,filer,13250,10000,0,0,none
967,Amna Raja,Lahore,33801596,72522878,filer,24648007,11095559,0,0,none
971,Ghulam Gilani,Peshawar,800000,1226742,filer,34011,10000,0,0,none
972,Naveed Awan,Rawalpindi,500000,0,absent,0,0,0,0,none
976,Laiba Naqvi,Rawalpindi,800000,1012849,filer,20642,10000,0,0,none
4301,Mohammad Waleed Sandhu,Rawalpindi,500000,0,absent,0,0,0,0,none
4303,Imran Cheema,Peshawar,36793800,42131040,filer,14010864,12142830,0,0,none
4304,Durdana Begum,Karachi,800000,1216686,filer,32503,10000,0,0,none
4272,Muhammad Pervez Mengal,Lahore,500000,544147,filer,0,0,0,0,none
4274,Mohammed Asif Warraich,Multan,2500000,2642373,filer,290593,255000,0,0,none
4989,Mohammed Waqar Hamdani,Lahore,15000000,18778215,filer,5837375,4515000,0,0,none
4660,Ibrahim Raja,Karachi,500000,0,absent,0,0,0,0,none
4661,Mohammad Shahzad Chaudhary,Karachi,500000,580786,filer,0,0,0,0,none
4663,Mohammad Ahmed Mirza,Quetta,500000,399218,filer,0,0,0,0,none
8762,Sadia Paracha,Islamabad,2694000,3283693,filer,455108,303500,0,0,none
4279,Mians Ohel Gondal,Lahore,37329800,44443958,filer,14820385,12330430,0,0,none
4283,Mehwish Magsi,Karachi,500000,0,absent,0,0,0,0,none
4284,Naveed Mughal,Islamabad,500000,568912,filer,0,0,0,0,none
4285,Ali Cheema,Lahore,500000,0,absent,0,0,0,0,none
4288,Mohd Mudassar Mengal,Hyderabad,69000800,76062719,filer,25886952,23415280,0,0,none
4291,Sana Akhtar,Islamabad,500000,194229,filer,0,0,0,0,none
4294,Kiran Butt,Karachi,500000,645838,filer,2292,0,0,0,none
4256,Nawaz Hamdani,Peshawar,846600,950384,filer,17519,12330,0,0,none
7219,Mohammed Fahad Khan,Lahore,800000,837633,filer,11882,10000,0,0,none
814,Ayaz Sial,Rawalpindi,500000,447768,filer,0,0,0,0,none
815,Nadeem Naqvi,Islamabad,2500000,2532655,filer,263164,255000,0,0,none
7926,Sohail Paracha,Rawalpindi,880800,1387326,filer,58099,14040,0,0,none
820,Muhammed Yousuf Mengal,Islamabad,6000000,10292866,filer,2867503,1365000,0,0,none
4678,Rafiq Lodhi,Hyderabad,26968000,33421562,filer,10962547,8703800,0,0,none
4679,Fawad Rajput,Quetta,16626000,24536450,filer,7852758,5084100,0,0,none
4683,Muhammad Ali Khan,Karachi,30888200,77693543,filer,26457740,10075870,0,0,none
986,Akram Durrani,Multan,500000,640767,filer,2038,0,0,0,none
988,Mohammed Ejaz Baig,Rawalpindi,858200,1239679,filer,35952,12910,0,0,none
990,Anika Begum,Lahore,26317600,29861278,filer,9716447,8476160,0,0,none
4249,Salman Magsi,Bahawalpur,950800,1298940,filer,44841,17540,0,0,none
991,Sehrish Virk,Faisalabad,15343600,21623610,filer,6833264,4635260,0,0,none
995,Shahzad Jamail,Karachi,800000,833102,filer,11655,10000,0,0,none
4693,Zeeshan Tareen,Lahore,800000,1205389,filer,30808,10000,0,0,none
4694,Tanvir Lodhi,Karachi,34633000,49460712,filer,16576249,11386550,0,0,none
9325,Muhammed Hammad Malik,Islamabad,500000,334448,filer,0,0,0,0,none
4696,Farhan Raja,Peshawar,500000,0,absent,0,0,0,0,none
4698,Naveed Hamdani,Lahore,500000,0,absent,0,0,0,0,none
4699,Muhammad Sufyan Ansari,Lahore,800000,1068433,filer,23422,10000,0,0,none
4704,Yousuf Naqvi,Rawalpindi,800000,825190,filer,11260,10000,0,0,none
4672,Shahzad Zaidi,Islamabad,800000,828222,filer,11411,10000,0,0,none
7285,Yousuf Abbasi,Karachi,800000,905126,filer,15256,10000,0,0,none
4277,Hamid Marwat,Gujranwala,800000,954459,filer,17723,10000,0,0,none
9907,Mohd Nawaz Jutt,Lahore,500000,315953,filer,0,0,0,0,none
4726,Mansoor Sheikh,Lahore,400000,567491,filer,0,0,0,0,none
4727,M Usama Malik,Karachi,500000,454252,filer,0,0,0,0,none
799,Nazia Paracha,Lahore,500000,355778,filer,0,0,0,0,none
804,M Rehan Bajwa,Rawalpindi,500000,513079,filer,0,0,0,0,none
805,Nimra Kazmi,Lahore,17715000,20084612,filer,6294614,5465250,0,0,none
806,Mohammad Mudassar Ansari,Rawalpindi,500000,440623,filer,0,0,0,0,none
807,Ayaz Naqvi,Rawalpindi,500000,0,absent,0,0,0,0,none
808,Mazhar Lodhi,Islamabad,800000,1261873,filer,39281,10000,0,0,none
810,Kamran Bajwa,Gujranwala,51728800,78009185,filer,26568215,17370080,0,0,none
812,Anika Hashmi,Lahore,2500000,2689199,filer,302300,255000,0,0,none
4709,Iqra Geelani,Peshawar,18963600,37554594,filer,12409108,5902260,0,0,none
4689,Sidra Janjua,Hyderabad,500000,230844,filer,0,0,0,0,none
981,Mohammad Zeeshan Soomro,Bahawalpur,500000,129502,filer,0,0,0,0,none
10498,Rida Awan,Rawalpindi,24149000,25154114,filer,8068940,7717150,0,0,none
985,Zoya Durrani,Peshawar,857800,1324843,filer,48726,12890,0,0,none
4714,Robina Hashmi,Multan,500000,460522,filer,0,0,0,0,none
4717,Arif Butt,Gujranwala,500000,382836,filer,0,0,0,0,none
998,Bushra Chaudhry,Sialkot,800000,1217252,filer,32588,10000,0,0,none
999,Nadeem Malik,Karachi,500000,394118,filer,0,0,0,0,none
2131,Kashif Akhtar,Islamabad,6000000,13633664,filer,4036782,1365000,0,0,none
10019,Anika Jamali,Karachi,800000,802195,filer,10110,10000,0,0,none
4250,Anwar Ansari,Rawalpindi,800000,1141561,filer,27078,10000,0,0,none
8464,Iqbal Naqvi,Gujranwala,800000,1243760,filer,36564,10000,0,0,none
4252,Mohammad Sufyan Arain,Islamabad,45786823,78410848,filer,26708797,15290388,0,0,none
4253,Muhammed Jamil Mengal,Islamabad,800000,1096880,filer,24844,10000,0,0,none
4254,Suhail Afridi,Sialkot,800000,767911,filer,8396,10000,1604,0,none
4228,Khadeeja Hamdani,Karachi,500000,0,absent,0,0,0,0,none
4230,Muhammad Mahmood Durrani,Faisalabad,500000,0,absent,0,0,0,0,none
4720,Waleed Satti,Multan,500000,0,absent,0,0,0,0,none
4721,Mohds Hahid Yusufzai,Quetta,500000,282102,filer,0,0,0,0,none
4722,Muhammad Hamid Kayani,Islamabad,39446200,59165930,filer,19973076,13071170,0,0,none
4236,Javeria Bibi,Bahawalpur,500000,421055,filer,0,0,0,0,none
7603,Mazhar Jutt,Sialkot,800000,1040331,filer,22017,10000,0,0,none
4237,Liaquat Khattak,Karachi,500000,0,absent,0,0,0,0,none
6148,Javaid Bhatti,Karachi,55513400,74246127,filer,25251144,18694690,0,0,none
4238,Ramsha Rizvi,Rawalpindi,500000,0,absent,0,0,0,0,none
4240,Jahangir Memon,Rawalpindi,500000,377786,filer,0,0,0,0,none
4242,Amna Mirza,Lahore,800000,972818,filer,18641,10000,0,0,none
4243,Lubna Shah,Lahore,800000,911961,filer,15598,10000,0,0,none
1004,Asma Begum,Karachi,919000,1028515,filer,21426,15950,0,0,none
4734,Khaled Khan,Rawalpindi,500000,389141,filer,0,0,0,0,none
4740,Zubair Dar,Gujranwala,800000,1158556,filer,27928,10000,0,0,none
6894,Rashid Niazi,Rawalpindi,800000,1377175,filer,56576,10000,0,0,none
4746,Jamil Khan,Gujranwala,800000,1034255,filer,21713,10000,0,0,none
4748,Muhammad Rashid Rajput,Islamabad,500000,377526,filer,0,0,0,0,none
786,Sidra Abbas,Lahore,500000,0,absent,0,0,0,0,none
4713,Mohammad Adnan Raja,Sialkot,800000,781914,filer,9096,10000,904,0,none
1008,Sana Durrani,Karachi,800000,1155615,filer,27781,10000,0,0,none
9406,Ali Kazmi,Karachi,500000,202486,filer,0,0,0,0,none
4223,Mohammed Owais Jamali,Lahore,500000,533233,filer,0,0,0,0,none
9086,Muhammad Abid Jutt,Karachi,500000,287884,filer,0,0,0,0,none
4225,Wasim Ansari,Islamabad,500000,460387,filer,0,0,0,0,none
4226,Zainab Akhtar,Karachi,800000,1301095,filer,45164,10000,0,0,none
795,Sidra Tarar,Rawalpindi,25065600,43293442,filer,14417705,8037960,0,0,none
798,Ayaz Zaidi,Lahore,35375600,56712481,filer,19114368,11646460,0,0,none
8941,Navid Tarar,Peshawar,500000,611795,filer,590,0,0,0,none
4751,Mohammed Ismail Malik,Gujranwala,800000,945396,filer,17270,10000,0,0,none
4757,Kamran Lodhi,Peshawar,500000,0,absent,0,0,0,0,none
8510,Riaz Kayani,Rawalpindi,800000,1055651,filer,22783,10000,0,0,none
7622,Ayesha Begum,Karachi,800000,767918,filer,8396,10000,1604,0,none
4732,Mohd Feisal Afridi,Islamabad,500000,286475,filer,0,0,0,0,none
4232,Mohd Zafar Mirza,Rawalpindi,863400,1164831,filer,28242,13170,0,0,none
4233,Bushra Akhtar,Peshawar,500000,425052,filer,0,0,0,0,none
4764,Tooba Soomro,Sialkot,400000,0,absent,0,0,0,0,none
4210,Rza Raja,Lahore,500000,596673,filer,0,0,0,0,none
4212,Zeeshna Sidiqui,Quetta,38899000,83546150,filer,28506152,12879650,0,0,none
4216,Saad Khattak,Lahore,500000,262759,filer,0,0,0,0,none
4219,Abdullah Tareen,Lahore,500000,0,absent,0,0,0,0,none
9407,Hira Bibi,Hyderabad,500000,246414,filer,0,0,0,0,none
4183,Sameena Afridi,Faisalabad,46932168,68133787,filer,23111825,15691259,0,0,none
4184,Aamir Naqvi,Islamabad,500000,456102,filer,0,0,0,0,none
4765,Ayaz Paracha,Hyderabad,800000,965724,filer,18286,10000,0,0,none
4766,Javeria Kakar,Karachi,1040200,1343336,filer,51500,22010,0,0,none
4769,Mohd Imran Tareen,Quetta,71697400,74873042,filer,25470565,24359090,0,0,none
4771,Imran Hamdani,Karachi,400000,459112,filer,0,0,0,0,none
4773,Shahzad Baig,Karachi,500000,385058,filer,0,0,0,0,none
788,Shoaib Naqvi,Karachi,500000,639773,filer,1989,0,0,0,none
789,Muhammed Shahid Sial,Islamabad,800000,802124,filer,10106,10000,0,0,none
790,Zubaida Khattak,Islamabad,51288000,77218143,filer,26291350,17215800,0,0,none
4189,Mohammed Ayaz Bhutto,Islamabad,28372650,40706017,filer,13512106,9195428,0,0,none
4192,Muhammad Bashir Mengal,Lahore,500000,295233,filer,0,0,0,0,none
4193,Ejaz Choudhry,Lahore,500000,0,absent,0,0,0,0,none
4195,Muhammed Rehan Lodhi,Lahore,500000,625074,filer,1254,0,0,0,none
4201,Adnan Kazmi,Multan,500000,0,absent,0,0,0,0,none
1014,Mohammed Pervez Kayani,Faisalabad,800000,1124128,filer,26206,10000,0,0,none
1015,Muhammad Ashraf Warraich,Lahore,987000,1218267,filer,32740,19350,0,0,none
1016,Ramsha Abbasi,Lahore,500000,0,absent,0,0,0,0,none
4784,Taimur Mughal,Faisalabad,800000,1227947,filer,34192,10000,0,0,none
9841,Mohammed Tariq Bhutto,Karachi,500000,179757,filer,0,0,0,0,none
4787,Sana Niazi,Lahore,500000,0,absent,0,0,0,0,none
8577,Mudassar Khattak,Karachi,800000,844267,filer,12213,10000,0,0,none
4794,Zafar Wattoo,Lahore,15387400,18523886,filer,5748360,4650590,0,0,none
4797,Sufyan Akhtar,Peshawar,26844800,51398185,filer,17254365,8660680,0,0,none
4761,Mohd Asif Jamali,Sialkot,500000,0,absent,0,0,0,0,none
4762,Iqra Tarar,Karachi,73540200,78414570,filer,26710100,25004070,0,0,none
4817,Shafiq Qureshi,Faisalabad,6000000,14544010,filer,4355404,1365000,0,0,none
4820,Fariha Janjua,Karachi,500000,0,absent,0,0,0,0,none
4798,Imran Cheema,Gujranwala,500000,0,absent,0,0,0,0,none
4799,Ashraf Virk,Multan,1059200,1269985,filer,40498,22960,0,0,none
8896,Ejaz Memon,Peshawar,975400,1142034,filer,27102,18770,0,0,none
7699,Muhammad Faraz Bhatti,Gujranwala,500000,181024,filer,0,0,0,0,none
4802,Noman Gillani,Hyderabad,500000,603625,filer,181,0,0,0,none
4803,Muhammad Asad Cheema,Lahore,6000000,16113530,filer,4904736,1365000,0,0,none
4806,Rizwan Satti,Multan,500000,675220,filer,3761,0,0,0,none
4807,Mohammad Abid Akhtar,Lahore,500000,0,absent,0,0,0,0,none
4809,Robina Awan,Sialkot,500000,0,absent,0,0,0,0,none
773,Kamran Mirza,Islamabad,846800,992638,filer,19632,12340,0,0,none
775,Mohammed Mansoor Gondal,Lahore,52571800,58625587,filer,19783955,17665130,0,0,none
4779,Mohammed Asad Sial,Bahawalpur,61490200,62784498,filer,21239574,20786570,0,0,none
6823,Rashid Akhtar,Karachi,6000000,6182520,filer,1428882,1365000,0,0,none
4185,Bushra Tareen,Karachi,41880800,53263066,filer,17907073,13923280,0,0,none
4140,Mohd Sajid Soomro,Islamabad,500000,362755,filer,0,0,0,0,none
4142,Yasir Chaudhry,Islamabad,1012400,1276242,filer,41436,20620,0,0,none
7826,Ramsha Durrani,Lahore,500000,455776,filer,0,0,0,0,none
1018,Noman Tareen,Karachi,26448971,33433400,filer,10966690,8522140,0,0,none
7070,M Ahmed Khan,Faisalabad,800000,998134,filer,19907,10000,0,0,none
1023,Yousuf Siddiqi,Islamabad,500000,375241,filer,0,0,0,0,none
1024,Muhammad Taimur Sial,Gujranwala,18363200,36883815,filer,12174335,5692120,0,0,none
1027,M Qasim Bajwa,Multan,501000,616257,filer,813,0,0,0,none
1028,Sadia Gujjar,Gujranwala,800000,861650,filer,13082,10000,0,0,none
9309,Shaista Awan,Karachi,500000,570944,filer,0,0,0,0,none
4179,Muhammed Aamir Naqvi,Gujranwala,500000,428673,filer,0,0,0,0,none
4160,Naila Raja,Rawalpindi,500000,460397,filer,0,0,0,0,none
4198,Rabia Warraich,Karachi,48816000,54002346,filer,18165821,16350600,0,0,none
780,Muhammad Iqbal Gujjar,Lahore,500000,0,absent,0,0,0,0,none
4812,Muhammad Ksahif Gilani,Sialkot,800000,1041845,filer,22092,10000,0,0,none
4816,Said Virk,Karachi,500000,489011,filer,0,0,0,0,none
4860,Rehan Sandhu,Islamabad,56690400,80900341,filer,27580119,19106640,0,0,none
4861,Yasir Baig,Islamabad,500000,0,absent,0,0,0,0,none
4824,Muhammad Ashraf Memon,Karachi,500000,642866,filer,2143,0,0,0,none
4825,Yousuf Akhtar,Hyderabad,500000,499844,filer,0,0,0,0,none
4826,Faiza Tarar,Lahore,16013525,16523343,filer,5048170,4869734,0,0,none
4828,Shagufta Khattak,Gujranwala,800000,951332,filer,17567,10000,0,0,none
8758,Rabia Malik,Rawalpindi,500000,240198,filer,0,0,0,0,none
4839,Javed Bhatti,Islamabad,500000,0,absent,0,0,0,0,none
776,Ayaz Siddiqi,Karachi,843400,898308,filer,14915,12170,0,0,none
777,Mohammed Taimur Ansari,Lahore,800000,973275,filer,18664,10000,0,0,none
4164,Muhammad Saeed Butt,Lahore,32232200,49194992,filer,16483247,10546270,0,0,none
4165,Mohd Ashraf Mirza,Lahore,500000,475606,filer,0,0,0,0,none
4167,Rabia Malik,Karachi,800000,922269,filer,16113,10000,0,0,none
4173,Younis Khan,Peshawar,500000,501971,filer,0,0,0,0,none
4176,Ibrahim Warraich,Bahawalpur,500000,0,absent,0,0,0,0,none
4177,Hina Khokhar,Rawalpindi,800000,1197002,filer,29850,10000,0,0,none
10452,Muhammad Riaz Wattoo,Rawalpindi,21316521,25494061,filer,8187921,6725782,0,0,none
4845,Shahid Marwat,Gujranwala,25337400,53721406,filer,18067492,8133090,0,0,none
4847,Owais Raja,Hyderabad,800000,947926,filer,17396,10000,0,0,none
4144,Osman Magsi,Bahawalpur,500000,453046,filer,0,0,0,0,none
4147,Adnan Rajput,Sialkot,400000,0,absent,0,0,0,0,none
10250,Hira Bibi,Lahore,35743400,36333982,filer,11981894,11775190,0,0,none
4151,Jamil Arain,Peshawar,500000,507575,filer,0,0,0,0,none
4152,M Abdullah Hamdani,Rawalpindi,800000,1096885,filer,24844,10000,0,0,none
4153,Younis Hashmi,Hyderabad,500000,0,absent,0,0,0,0,none
4154,Muhammad Danish Mughal,Islamabad,47967000,62184408,filer,21029543,16053450,0,0,none
4116,Muhammad Nawaz Butt,Multan,500000,463733,filer,0,0,0,0,none
4119,Bilal Paracha,Islamabad,15000000,20193622,filer,6332768,4515000,0,0,none
4120,M Mubahsir Satti,Gujranwala,400000,509562,filer,0,0,0,0,none
4851,Sehrish Sial,Multan,800000,912381,filer,15619,10000,0,0,none
6888,Uzma Durrani,Peshawar,800000,1228421,filer,34263,10000,0,0,none
4857,Amna Virk,Lahore,500000,523257,filer,0,0,0,0,none
770,M Sufyan Paracha,Sialkot,16838000,17237789,filer,5298226,5158300,0,0,none
771,Talha Virk,Peshawar,800000,823503,filer,11175,10000,0,0,none
4878,Hussian Hamdani,Rawalpindi,500000,0,absent,0,0,0,0,none
4864,Rabia Abbasi,Karachi,500000,529468,filer,0,0,0,0,none
4865,Imran Kazmi,Gujranwala,531800,574670,filer,0,0,0,0,none
4866,Bilawal Khan,Quetta,500000,0,absent,0,0,0,0,none
4867,Muhammad Owais Gujjar,Faisalabad,500000,506545,filer,0,0,0,0,none
4868,Mohammad Abdullah Zaidi,Bahawalpur,500000,503240,filer,0,0,0,0,none
4869,Asad Gujjar,Karachi,500000,384736,filer,0,0,0,0,none
4871,Nasreen Niazi,Karachi,500000,284060,filer,0,0,0,0,none
4872,Owais Niazi,Islamabad,800000,903288,filer,15164,10000,0,0,none
4873,Bashir Baig,Bahawalpur,800000,947231,filer,17362,10000,0,0,none
4875,Kiran Raja,Rawalpindi,800000,778369,filer,8918,10000,1082,0,none
9662,Arif Chaudhry,Rawalpindi,15000000,16498698,filer,5039544,4515000,0,0,none
758,Nadeem Kazmi,Islamabad,500000,0,absent,0,0,0,0,none
759,Mohammed Junaid Khattak,Karachi,6000000,12439054,filer,3618669,1365000,0,0,none
4901,Kareem Chaudhry,Faisalabad,500000,518895,filer,0,0,0,0,none
9215,Muhammad Mudassar Mengal,Hyderabad,500000,441499,filer,0,0,0,0,none
762,Younis Bhutto,Karachi,800000,1065930,filer,23296,10000,0,0,none
4125,Areeba Durrani,Lahore,800000,1038111,filer,21906,10000,0,0,none
4130,Zeeshan Siddiqi,Quetta,500000,565736,filer,0,0,0,0,none
4132,Mariam Magsi,Lahore,800000,768355,filer,8418,10000,1582,0,none
4134,Tahira Malik,Karachi,500000,508071,filer,0,0,0,0,none
4135,Muhammad Farhan Arain,Islamabad,800000,1141387,filer,27069,10000,0,0,none
4139,Hammad Afridi,Multan,15000000,27523599,filer,8898260,4515000,0,0,none
6036,Muhammad Mudassar Bajwa,Karachi,52571200,78877667,filer,26872183,17664920,0,0,none
1032,Feisal Kayani,Karachi,15000000,21757803,filer,6880231,4515000,0,0,none
1033,Zobar Marwat,Faisalabad,800000,785439,filer,9272,10000,728,0,none
763,Fawad Jutt,Gujranwala,500000,474944,filer,0,0,0,0,none
764,Farah Bhatti,Lahore,47509800,59925076,filer,20238777,15893430,0,0,none
765,Muhammad Said Zaidi,Karachi,33656134,49005867,filer,16417053,11044647,0,0,none
769,Muhammed Mahmood Abbasi,Multan,800000,765751,filer,8288,10000,1712,0,none
4885,Qasim Dar,Rawalpindi,500000,321504,filer,0,0,0,0,none
7410,Muhammed Abid Sandhu,Bahawalpur,800000,753874,filer,7694,10000,2306,0,none
1037,Shuaib Abbas,Hyderabad,500000,0,absent,0,0,0,0,none
1245,Zainab Gilani,Multan,16667458,21017745,filer,6621211,5098610,0,0,none
4113,Nadeem Zaidi,Quetta,800000,830974,filer,11549,10000,0,0,none
4114,Muhammed Raza Shah,Islamabad,500000,291816,filer,0,0,0,0,none
7884,Waqar Hashmi,Lahore,500000,298490,filer,0,0,0,0,none
4115,Muhammed Feisal Warraich,Karachi,800000,847376,filer,12369,10000,0,0,none
8777,Eman Bibi,Lahore,868600,1324614,filer,48692,13430,0,0,none
4098,Mairra Paracha,Lahore,800000,1054074,filer,22704,10000,0,0,none
4888,Muhammed Taimur Ch,Karachi,51267400,71403270,filer,24256144,17208590,0,0,none
4889,Mohammad Ahmed Bhutto,Faisalabad,500000,650918,filer,2546,0,0,0,none
4893,Maira Begum,Islamabad,800000,773396,filer,8670,10000,1330,0,none
4894,Taimur Siddiqui,Rawalpindi,44508400,72182546,filer,24528891,14842940,0,0,none
8828,Navid Khan,Faisalabad,500000,456965,filer,0,0,0,0,none
4898,Hamid Niazi,Rawalpindi,500000,0,absent,0,0,0,0,none
4934,Shagufta Mughal,Sialkot,500000,0,absent,0,0,0,0,none
4935,Kashif Naqvi,Lahore,500000,569350,filer,0,0,0,0,none
4909,Haroon Zaidi,Hyderabad,500000,497484,filer,0,0,0,0,none
743,Mohammed Mansoor Lodhi,Islamabad,500000,0,absent,0,0,0,0,none
745,Lubna Kakar,Quetta,960000,1072187,filer,23609,18000,0,0,none
8418,M Liaquat Yousafzai,Rawalpindi,800000,1017500,filer,20875,10000,0,0,none
749,Ashraf Soomro,Lahore,500000,498352,filer,0,0,0,0,none
753,Muhammad Rasheed Virk,Lahore,43239000,62121919,filer,21007672,14398650,0,0,none
755,Noman Kayani,Multan,800000,946698,filer,17335,10000,0,0,none
757,Samina Abbas,Karachi,50615200,83338643,filer,28433525,16980320,0,0,none
4910,Farhan Arain,Karachi,500000,0,absent,0,0,0,0,none
4913,Mohammed Adnan Abbas,Faisalabad,800000,1035811,filer,21791,10000,0,0,none
4914,Areeba Rajput,Islamabad,800000,1093734,filer,24687,10000,0,0,none
4915,Muhammad Ibrahim Kayani,Sialkot,916200,1083355,filer,24168,15810,0,0,none
4882,Mehmud Kakar,Faisalabad,800000,972231,filer,18612,10000,0,0,none
4884,Mohammad Rashid Jamali,Karachi,500000,0,absent,0,0,0,0,none
4067,Muhammad Bashir Satti,Lahore,800000,1036599,filer,21830,10000,0,0,none
10229,Asad Niazi,Islamabad,36846200,53663784,filer,18047324,12161170,0,0,none
4102,Maryam Niazi,Islamabad,800000,912860,filer,15643,10000,0,0,none
4103,Mohammed Raza Isal,Peshawar,500000,225585,filer,0,0,0,0,none
4104,Muhammed Mudassar Afridi,Multan,800000,772346,filer,8617,10000,1383,0,none
8263,Yousuf Memon,Lahore,800000,915799,filer,15790,10000,0,0,none
1045,Muhammad Kashif Satti,Multan,800000,1166669,filer,28333,10000,0,0,none
1046,Muhammad Fawad Sial,Karachi,15235200,24167579,filer,7723653,4597320,0,0,none
1049,Shagufta Lodhi,Quetta,15375800,41104550,filer,13651592,4646530,0,0,none
4920,Yasmin Begum,Peshawar,500000,261327,filer,0,0,0,0,none
4922,Rida Niazi,Islamabad,500000,521682,filer,0,0,0,0,none
4923,Mehmood Warraich,Lahore,500000,0,absent,0,0,0,0,none
4927,Sufyan Baig,Islamabad,23184470,43207650,filer,14387678,7379564,0,0,none
4928,Mohammed Waseem Mirza,Sialkot,400000,0,absent,0,0,0,0,none
4931,Sana Malik,Gujranwala,1004200,1163157,filer,28158,20210,0,0,none
4932,Muhammad Bilawal Tarar,Lahore,800000,1097839,filer,24892,10000,0,0,none
4969,Muhammad Rehan Begg,Quetta,800000,1266620,filer,39993,10000,0,0,none
4936,Ramsha Jutt,Karachi,800000,1131877,filer,26594,10000,0,0,none
4937,Zenab Rajput,Karachi,500000,212886,filer,0,0,0,0,none
9671,Muhammad Faraz Shah,Islamabad,500000,388144,filer,0,0,0,0,none
7746,Naveed Sial,Lahore,500000,420374,filer,0,0,0,0,none
731,Mohammed Liaquat Rajput,Faisalabad,500000,0,absent,0,0,0,0,none
10459,Muhammad Ghulam Rajput,Multan,43847800,52871042,filer,17769865,14611730,0,0,none
734,Zafar Sial,Faisalabad,3000000,3199378,filer,429844,380000,0,0,none
4948,Talha Afridi,Karachi,6000000,7253931,filer,1803876,1365000,0,0,none
4949,Bashi Rrizvi,Hyderabad,800000,1010970,filer,20548,10000,0,0,none
4918,Zeeshan Bhutto,Islamabad,500000,317292,filer,0,0,0,0,none
4919,Fariha Jutt,Rawalpindi,500000,0,absent,0,0,0,0,none
4088,Pervez Afridi,Islamabad,800000,1309035,filer,46355,10000,0,0,none
4090,Mehmud Wattoo,Rawalpindi,25693200,31951501,filer,10448025,8257620,0,0,none
8721,M Bilal Tareen,Quetta,500000,288532,filer,0,0,0,0,none
4066,Mishal Bibi,Gujranwala,800000,956527,filer,17826,10000,0,0,none
4984,Mohammed Imran Bhutto,Islamabad,800000,802808,filer,10140,10000,0,0,none
4951,Mohd Shoaib Zaidi,Karachi,800000,833543,filer,11677,10000,0,0,none
4070,Ahmed Kakar,Faisalabad,800000,1146960,filer,27348,10000,0,0,none
4071,Muhammad Hassan Magsi,Peshawar,500000,465121,filer,0,0,0,0,none
4075,Muhammedfaraz Raja,Rawalpindi,27383800,52500207,filer,17640072,8849330,0,0,none
4076,M Hussain Khattak,Peshawar,800000,1150473,filer,27524,10000,0,0,none
4080,Rehan Lodhi,Lahore,60194200,60696991,filer,20508947,20332970,0,0,none
1041,Ali Virk,Rawalpindi,800000,1040921,filer,22046,10000,0,0,none
4045,Osman Hamdani,Hyderabad,54672200,61314555,filer,20725094,18400270,0,0,none
4046,Ayaz Hamdani,Islamabad,800000,870684,filer,13534,10000,0,0,none
4048,Owais Butt,Rawalpindi,35414124,55206594,filer,18587308,11659943,0,0,none
4956,Kamran Bajwa,Faisalabad,6000000,17035090,filer,5227282,1365000,0,0,none
4958,Tahira Naqvi,Lahore,500000,193163,filer,0,0,0,0,none
4960,Muhammed Asad Bajwa,Rawalpindi,1166200,1417563,filer,62634,28310,0,0,none
4965,Muhammad Raza Magsi,Lahore,400000,0,absent,0,0,0,0,none
4967,Tanveer Ansari,Lahore,867200,1215793,filer,32369,13360,0,0,none
8881,Khadijah Sial,Lahore,941200,1225894,filer,33884,17060,0,0,none
4050,Rizwan Warraich,Karachi,800000,993409,filer,19670,10000,0,0,none
4052,Mohammad Rehan Wattoo,Bahawalpur,21454800,32284634,filer,10564622,6774180,0,0,none
4053,Mubashir Mughal,Quetta,24970000,38942592,filer,12894907,8004500,0,0,none
4054,Bilawal Sheikh,Multan,800000,965090,filer,18254,10000,0,0,none
4055,Arif Qureshi,Lahore,2500000,2599134,filer,279784,255000,0,0,none
4057,M Usman Khokhar,Karachi,500000,426309,filer,0,0,0,0,none
4058,Yousuf Khan,Karachi,800000,921789,filer,16089,10000,0,0,none
4830,Jahangir Soomro,Bahawalpur,42123200,47251394,filer,15802988,14008120,0,0,none
4063,Aamir Khattak,Islamabad,21377442,27794253,filer,8992989,6747105,0,0,none
4064,Naila Arain,Karachi,800000,1067717,filer,23386,10000,0,0,none
4029,Moin Bhatti,Islamabad,500000,612377,filer,619,0,0,0,none
4974,Salman Raja,Islamabad,500000,562587,filer,0,0,0,0,none
4975,Mohd Akram Jamali,Faisalabad,800000,944670,filer,17234,10000,0,0,none
4981,Pervez Bhutto,Multan,24696800,65355532,filer,22139436,7908880,0,0,none
4983,Zahid Lodhi,Islamabad,800000,1192532,filer,29627,10000,0,0,none
4034,Muhammed Hussain Satti,Bahawalpur,500000,554445,filer,0,0,0,0,none
4035,Taimur Magsi,Gujranwala,21686600,28535377,filer,9252382,6855310,0,0,none
4036,Amna Wattoo,Gujranwala,500000,412101,filer,0,0,0,0,none
4038,Fahad Cheema,Lahore,800000,1067129,filer,23356,10000,0,0,none
4013,Jamil Warraich,Gujranwala,500000,0,absent,0,0,0,0,none
4014,Sufyan Bhutto,Karachi,800000,756202,filer,7810,10000,2190,0,none
4991,Farah Satti,Lahore,500000,0,absent,0,0,0,0,none
4992,Areeba Khokhar,Lahore,33856200,51800445,filer,17395156,11114670,0,0,none
4993,Mohammad Arif Mughal,Faisalabad,500000,0,absent,0,0,0,0,none
4996,Mohammad Faraz Abbasi,Islamabad,800000,1005835,filer,20292,10000,0,0,none
6982,Abid Mirza,Peshawar,500000,568281,filer,0,0,0,0,none
4998,Muhammed Usman Virk,Sialkot,500000,0,absent,0,0,0,0,none
4999,Muhammad Mudassar Arain,Islamabad,500000,285353,filer,0,0,0,0,none
9345,Ahmed Rizvi,Rawalpindi,500000,621778,filer,1089,0,0,0,none
5001,Rida Abbasi,Multan,800000,881399,filer,14070,10000,0,0,none
4970,Rabia Kayani,Peshawar,800000,775938,filer,8797,10000,1203,0,none
5003,Imrn Magsi,Gujranwala,400000,612731,filer,637,0,0,0,none
5004,Mohammed Zobair Bajwa,Bahawalpur,800000,784865,filer,9243,10000,757,0,none
5005,Mohammad Kashif Sial,Rawalpindi,500000,0,absent,0,0,0,0,none
5006,Mohd Salman Wattoo,Rawalpindi,500000,540191,filer,0,0,0,0,none
5010,Muhammad Usman Sandhu,Peshawar,500000,405479,filer,0,0,0,0,none
5011,Fawad Khokhar,Hyderabad,22888800,61896531,filer,20928786,7276080,0,0,none
5012,Muhammad Masoor Ansari,Peshawar,500000,313342,filer,0,0,0,0,none
5013,Muhammad Bilal Rizvi,Gujranwala,1105200,1437317,filer,65598,25260,0,0,none
5017,Mazhar Jamali,Rawalpindi,400000,0,absent,0,0,0,0,none
5019,Mohd Adnan Khattak,Islamabad,841600,1086903,filer,24345,12080,0,0,none
5022,M Khalid Niazi,Peshawar,500000,335911,filer,0,0,0,0,none
4985,Eman Paracha,Karachi,500000,0,absent,0,0,0,0,none
4988,Muhammed Shahid Hashmi,Karachi,500000,425943,filer,0,0,0,0,none
4990,Mohammad Fawad Rajput,Karachi,2500000,2575819,filer,273955,255000,0,0,none
4033,Jamil Jamai,Karachi,500000,521386,filer,0,0,0,0,none
10472,Sana Gondal,Peshawar,33653400,33760112,filer,11081039,11043690,0,0,none
8535,Zoya Mengal,Faisalabad,500000,282874,filer,0,0,0,0,none
4017,Fawad Sandhu,Peshawar,500000,446891,filer,0,0,0,0,none
4021,Tanveer Abbasi,Lahore,850200,962012,filer,18101,12510,0,0,none
4023,Islam Mirza,Lahore,400000,0,absent,0,0,0,0,none
4024,Nida Butt,Lahore,800000,1297521,filer,44628,10000,0,0,none
7437,Sana Hamdani,Gujranwala,500000,216275,filer,0,0,0,0,none
4027,Ahmad Jamali,Peshawar,45243200,84579766,filer,28867918,15100120,0,0,none
3998,Usama Dar,Rawalpindi,800000,1248433,filer,37265,10000,0,0,none
3999,Sidra Warraich,Peshawar,34673200,67022641,filer,22722924,11400620,0,0,none
4000,Aamir Siddiqui,Gujranwala,26863600,39177772,filer,12977220,8667260,0,0,none
724,Imran Bajwa,Hyderabad,800000,842551,filer,12128,10000,0,0,none
3776,Mudassar Awan,Peshawar,29921800,50878666,filer,17072533,9737630,0,0,none
725,Mishal Hamdani,Lahore,500000,361874,filer,0,0,0,0,none
728,Waleed Sidiqui,Rawalpindi,39322400,61492484,filer,20787369,13027840,0,0,none
729,Khaled Gujjar,Quetta,58625000,58783937,filer,19839378,19783750,0,0,none
5023,Areeba Bajwa,Karachi,43961600,56762686,filer,19131940,14651560,0,0,none
4002,Muhammad Akram Jutt,Karachi,500000,266774,filer,0,0,0,0,none
4003,Shafique Sheikh,Gujranwala,500000,0,absent,0,0,0,0,none
4004,Muhammad Zubayr Abbas,Faisalabad,800000,814989,filer,10749,10000,0,0,none
4005,Fahad Rizvi,Lahore,81131000,83649316,filer,28542261,27660850,0,0,none
8899,Mohammad Saad Durrani,Multan,550800,615027,filer,751,0,0,0,none
4007,Mohammad Liaquat Bhatti,Hyderabad,15000000,18816171,filer,5850660,4515000,0,0,none
4008,Adnan Tareen,Peshawar,500000,272878,filer,0,0,0,0,none
4009,Naila Awan,Karachi,800000,1098738,filer,24937,10000,0,0,none
1057,Arif Mengal,Islamabad,64454800,73701579,filer,25060553,21824180,0,0,none
5035,Ramsha Magsi,Islamabad,800000,1317970,filer,47696,10000,0,0,none
5037,Mishal Shah,Lahore,500000,0,absent,0,0,0,0,none
5041,Tanveer Tareen,Lahore,42586000,73367767,filer,24943718,14170100,0,0,none
5043,M Waqar Kakar,Karachi,500000,0,absent,0,0,0,0,none
5045,Warda Khattak,Karachi,1051400,1227139,filer,34071,22570,0,0,none
5046,Muhammad Irfan Warraich,Rawalpindi,500000,0,absent,0,0,0,0,none
719,Muhammed Moin Akhtar,Lahore,1008200,1230495,filer,34574,20410,0,0,none
5074,Bilal Geelani,Rawalpindi,28296166,33736383,filer,11072734,9168658,0,0,none
5047,Muhammad Shoib Niazi,Lahore,800000,1193418,filer,29671,10000,0,0,none
5049,Nazia Cheema,Sialkot,500000,395704,filer,0,0,0,0,none
5051,Nimra Kazmi,Karachi,25649000,70037596,filer,23778159,8242150,0,0,none
5054,Muhammad Mazhar Raja,Karachi,904600,1143633,filer,27182,15230,0,0,none
5057,Nasir Rizvi,Rawalpindi,33941400,36062951,filer,11887033,11144490,0,0,none
5060,Kashif Jamali,Karachi,515400,672540,filer,3627,0,0,0,none
5062,Zenab Akhtar,Islamabad,800000,1125835,filer,26292,10000,0,0,none
8533,Aamir Mengal,Peshawar,500000,540150,filer,0,0,0,0,none
5065,Uzma Gujjar,Rawalpindi,500000,244304,filer,0,0,0,0,none
5066,Noor Bhutto,Peshawar,35304784,68262640,filer,23156924,11621674,0,0,none
5067,Qasim Rizvi,Lahore,500000,0,absent,0,0,0,0,none
5031,Mehmood Durrani,Lahore,500000,541532,filer,0,0,0,0,none
5032,Robina Mughal,Sialkot,800000,1038345,filer,21917,10000,0,0,none
5033,Komal Mirza,Islamabad,800000,982667,filer,19133,10000,0,0,none
4001,Muhammad Waleed Kazmi,Rawalpindi,500000,672459,filer,3623,0,0,0,none
5069,Mohd Zubayr Marwat,Islamabad,800000,1283250,filer,42488,10000,0,0,none
1063,Amna Kazmi,Islamabad,25138600,37435673,filer,12367486,8063510,0,0,none
1064,Mohammad Tariq Khan,Lahore,500000,557350,filer,0,0,0,0,none
1069,Mohd Sajid Sial,Hyderabad,500000,0,absent,0,0,0,0,none
4068,Muhammad Jamil Memon,Rawalpindi,43691400,62413108,filer,21109588,14556990,0,0,none
3996,Zeeshan Cheema,Faisalabad,500000,197984,filer,0,0,0,0,none
3997,M Javed Kazmi,Islamabad,500000,573078,filer,0,0,0,0,none
3968,Faraz Marwat,Hyderabad,34258200,72888083,filer,24775829,11255370,0,0,none
3970,Kashif Bajwa,Karachi,800000,1033574,filer,21679,10000,0,0,none
5240,Muhammed Zeeshan Gondal,Lahore,15000000,16129752,filer,4910413,4515000,0,0,none
707,Hamid Raja,Rawalpindi,61585000,82932529,filer,28291385,20819750,0,0,none
9648,اقبال مغل,Rawalpindi,500000,205910,filer,0,0,0,0,none
715,Sajid Lodhi,Rawalpindi,500000,216604,filer,0,0,0,0,none
716,Talha Khokhar,Karachi,800000,756069,filer,7803,10000,2197,0,none
5072,Shabana Rizvi,Quetta,800000,961384,filer,18069,10000,0,0,none
5073,Hira Sheikh,Islamabad,500000,563831,filer,0,0,0,0,none
3977,Mohammed Arif Malik,Islamabad,500000,433283,filer,0,0,0,0,none
3978,Hussian Gujjar,Rawalpindi,500000,0,absent,0,0,0,0,none
3982,Areeba Biibi,Faisalabad,800000,1136349,filer,26817,10000,0,0,none
3984,Hina Akhtar,Islamabad,500000,473631,filer,0,0,0,0,none
3986,Muhammed Owais Abbas,Gujranwala,57182200,62111519,filer,21004032,19278770,0,0,none
3988,Sidra Rajput,Karachi,800000,1120243,filer,26012,10000,0,0,none
1074,Taimur Janjua,Karachi,800000,773647,filer,8682,10000,1318,0,none
1075,Mohammad Mudassar Awan,Islamabad,34111600,50469617,filer,16929366,11204060,0,0,none
1076,Naila Begum,Islamabad,800000,811759,filer,10588,10000,0,0,none
5082,Fahad Niazi,Islamabad,500000,433503,filer,0,0,0,0,none
7524,Ali Jamali,Lahore,6000000,10001589,filer,2765556,1365000,0,0,none
5088,Muhammad Qasim Awan,Lahore,800000,848564,filer,12428,10000,0,0,none
5089,Zubayr Zaidi,Lahore,874000,1213840,filer,32076,13700,0,0,none
5091,Taimur Mughal,Lahore,800000,805337,filer,10267,10000,0,0,none
5093,Fathima Bibi,Lahore,500000,489892,filer,0,0,0,0,none
5068,Mohammad Nadeem Hamdani,Islamabad,500000,529723,filer,0,0,0,0,none
5125,Nazia Bibi,Peshawar,500000,233113,filer,0,0,0,0,none
5126,Fahad Arain,Bahawalpur,500000,569599,filer,0,0,0,0,none
1078,Nasreen Niazi,Bahawalpur,500000,0,absent,0,0,0,0,none
1080,Muhammad Danish Gondal,Islamabad,54920400,80451808,filer,27423133,18487140,0,0,none
1081,Muhammad Zubayr Gilani,Bahawalpur,15000000,25237158,filer,8098005,4515000,0,0,none
3966,Warda Kazmi,Karachi,500000,634731,filer,1737,0,0,0,none
8174,Sidra Ibbi,Lahore,800000,960285,filer,18014,10000,0,0,none
3967,Taimur Khan,Bahawalpur,500000,199038,filer,0,0,0,0,none
1093,Muhammad Fawad Abbasi,Islamabad,43207800,65131389,filer,22060986,14387730,0,0,none
5101,محمد عارف عباس,Hyderabad,500000,0,absent,0,0,0,0,none
5108,Muhammed Danish Qureshi,Lahore,500000,506143,filer,0,0,0,0,none
5080,Muhammad Tanvir Mughal,Karachi,500000,554202,filer,0,0,0,0,none
5081,Tariq Gondal,Karachi,400000,0,absent,0,0,0,0,none
3971,Shafique Cheema,Karachi,500000,440484,filer,0,0,0,0,none
3973,Khadija Arain,Hyderabad,33411000,38530648,filer,12750727,10958850,0,0,none
3976,Jahangir Khan,Karachi,800000,855098,filer,12755,10000,0,0,none
5112,Muhammed Aslam Raja,Lahore,500000,488295,filer,0,0,0,0,none
5113,Kiran Mughal,Peshawar,800000,854649,filer,12732,10000,0,0,none
1095,Mohammad Javid Rizvi,Karachi,62867800,73839732,filer,25108906,21268730,0,0,none
1097,Mohammad Rehan Rizvi,Lahore,800000,961546,filer,18077,10000,0,0,none
3952,Sajid Gilani,Lahore,500000,412382,filer,0,0,0,0,none
3956,Abid Ch,Karachi,400000,0,absent,0,0,0,0,none
3958,Hina Rizvi,Islamabad,500000,426487,filer,0,0,0,0,none
3959,Qasim Janjua,Rawalpindi,500000,0,absent,0,0,0,0,none
3934,Mohammad Sajid Sandhu,Sialkot,27411400,74567681,filer,25363688,8858990,0,0,none
3935,Muhammed Salman Awan,Karachi,800000,1029470,filer,21474,10000,0,0,none
3937,Liaquat Jutt,Karachi,800000,1116488,filer,25824,10000,0,0,none
5114,Saad Kazmi,Karachi,800000,770546,filer,8527,10000,1473,0,none
5117,Zubaida Bibi,Faisalabad,500000,0,absent,0,0,0,0,none
5120,Shahzad Naqvi,Bahawalpur,500000,597907,filer,0,0,0,0,none
3781,Muhammad Mansoor Qureshi,Peshawar,6000000,8517220,filer,2246027,1365000,0,0,none
9675,Hina Kayani,Karachi,800000,863204,filer,13160,10000,0,0,none
3938,Iqbal Baig,Karachi,36935800,78882091,filer,26873732,12192530,0,0,none
3941,Owais Gujjar,Lahore,500000,0,absent,0,0,0,0,none
3943,Mohammed Ali Siddiqui,Islamabad,500000,0,absent,0,0,0,0,none
3945,Tahira Butt,Gujranwala,800000,969440,filer,18472,10000,0,0,none
4062,Muhammad Aslam Rajput,Karachi,33908200,34109552,filer,11203343,11132870,0,0,none
1089,Mohmamed Sajid Paracha,Karachi,41660200,79022505,filer,26922877,13846070,0,0,none
3920,Maira Gondal,Bahawalpur,500000,0,absent,0,0,0,0,none
5131,Muhammad Aslam Soomro,Lahore,800000,757336,filer,7867,10000,2133,0,none
5133,Farah Khan,Islamabad,800000,950322,filer,17516,10000,0,0,none
5137,Yasir Hamdani,Faisalabad,500000,0,absent,0,0,0,0,none
5138,Mohd Ghulam Abbas,Islamabad,500000,0,absent,0,0,0,0,none
5139,Kiran Warraich,Faisalabad,500000,401108,filer,0,0,0,0,none
7903,Mohd Saad Jutt,Karachi,800000,1134439,filer,26722,10000,0,0,none
5141,Muhammad Javaid Zaidi,Quetta,500000,588783,filer,0,0,0,0,none
5145,Farhan Magsi,Lahore,500000,373573,filer,0,0,0,0,none
5110,Shaista Dar,Peshawar,884600,1264628,filer,39694,14230,0,0,none
9951,Saad Siddiqi,Rawalpindi,800000,1235075,filer,35261,10000,0,0,none
5165,Muhammad Shafique Cheema,Islamabad,26501400,45854461,filer,15314061,8540490,0,0,none
5168,Moin Afridi,Rawalpindi,800000,1211616,filer,31742,10000,0,0,none
5169,M Wasim Wattoo,Karachi,15526600,17937255,filer,5543039,4699310,0,0,none
5173,M Mansoor Dar,Lahore,44284000,71672836,filer,24350493,14764400,0,0,none
5146,Mohammed Raza Tareen,Hyderabad,500000,0,absent,0,0,0,0,none
694,Ahmad Virk,Karachi,500000,601260,filer,63,0,0,0,none
9156,Muhammed Sohail Bhutto,Lahore,800000,1012535,filer,20627,10000,0,0,none
3361,Taimur Marwat,Peshawar,24714200,67008755,filer,22718064,7914970,0,0,none
703,Shaista Mughal,Lahore,26415400,61838073,filer,20908326,8510390,0,0,none
5147,Muhammad Ejaz Jamali,Gujranwala,15000000,21200921,filer,6685322,4515000,0,0,none
5149,Jamil Afridi,Bahawalpur,500000,0,absent,0,0,0,0,none
5150,Rizwan Shiekh,Lahore,800000,1257298,filer,38595,10000,0,0,none
5127,Shahzad Khan,Faisalabad,15000000,28782179,filer,9338763,4515000,0,0,none
5128,Komal Soomro,Karachi,800000,1102923,filer,25146,10000,0,0,none
5130,Mehmood Chaudhry,Multan,800000,1245253,filer,36788,10000,0,0,none
5191,Sad Khokhar,Lahore,6000000,9886268,filer,2725194,1365000,0,0,none
675,Muhammed Khaled Janjua,Lahore,800000,1051686,filer,22584,10000,0,0,none
7443,Mohammad Danish Bhutto,Lahore,800000,967090,filer,18354,10000,0,0,none
8385,Aleena Mengal,Islamabad,800000,822126,filer,11106,10000,0,0,none
3921,Muhammed Mudassar Malik,Multan,800000,1023389,filer,21169,10000,0,0,none
6933,Javeria Naqvi,Multan,800000,763786,filer,8189,10000,1811,0,none
3922,Sadia Begum,Hyderabad,800000,940743,filer,17037,10000,0,0,none
3925,Areeba Bhutto,Gujranwala,800000,759471,filer,7974,10000,2026,0,none
3928,Omar Bhatti,Hyderabad,22329000,52661334,filer,17696467,7080150,0,0,none
3931,Raza Shiekh,Lahore,500000,295439,filer,0,0,0,0,none
8447,Mohammad Imran Dar,Islamabad,500000,472886,filer,0,0,0,0,none
3897,Maryam Bibi,Karachi,800000,1056545,filer,22827,10000,0,0,none
3900,Shoaib Shah,Faisalabad,51656400,53074003,filer,17840901,17344740,0,0,none
9240,Muhammed Danish Abbasi,Karachi,800000,756603,filer,7830,10000,2170,0,none
5163,Ramsha Kazmi,Hyderabad,20459376,22821360,filer,7252476,6425782,0,0,none
5164,Mohd Taimur Hashmi,Hyderabad,800000,1473928,filer,71089,10000,0,0,none
5199,M Talha Arain,Hyderabad,6000000,13474643,filer,3981125,1365000,0,0,none
5176,Muhammad Fahad Satti,Gujranwala,2500000,3231875,filer,439562,255000,0,0,none
3903,Mohd Ejaz Baig,Multan,36736600,56635742,filer,19087510,12122810,0,0,none
3904,Kashif Arain,Sialkot,500000,0,absent,0,0,0,0,none
3910,Waseem Wattoo,Peshawar,500000,0,absent,0,0,0,0,none
3911,Saba Begum,Multan,37787200,40837407,filer,13558092,12490520,0,0,none
3912,Mohammed Iqbal Chaudhary,Quetta,800000,760110,filer,8006,10000,1994,0,none
3913,Rukhsana Qureshi,Multan,500000,0,absent,0,0,0,0,none
3914,Raza Kazmi,Lahore,800000,838705,filer,11935,10000,0,0,none
3915,Salman Mengal,Gujranwala,40032800,77042527,filer,26229884,13276480,0,0,none
3877,Abida Bajwa,Karachi,800000,1078786,filer,23939,10000,0,0,none
3878,Rehan Rizvi,Quetta,37025400,42453130,filer,14123596,12223890,0,0,none
3880,Mehwish Virk,Bahawalpur,500000,363506,filer,0,0,0,0,none
5178,Muhammed Imran Sial,Karachi,800000,841757,filer,12088,10000,0,0,none
5179,Muhammed Ejaz Magsi,Islamabad,500000,591075,filer,0,0,0,0,none
5189,Iqbal Tarar,Gujranwala,40079750,42159021,filer,14020657,13292912,0,0,none
5218,Mohammed Rizwan Malik,Lahore,1009800,1284838,filer,42726,20490,0,0,none
678,Mohd Adnan Khattak,Karachi,500000,0,absent,0,0,0,0,none
3882,Saba Paracha,Karachi,500000,492744,filer,0,0,0,0,none
7592,Maira Bibi,Gujranwala,500000,433674,filer,0,0,0,0,none
3888,Nimra Bhatti,Peshawar,500000,413903,filer,0,0,0,0,none
3889,Sehrish Mirza,Lahore,500000,0,absent,0,0,0,0,none
3890,Zeeshan Warraich,Karachi,500000,316986,filer,0,0,0,0,none
7186,Muhammad Aamir Sandhu,Karachi,500000,476624,filer,0,0,0,0,none
3864,Haroon Ch,Karachi,500000,595472,filer,0,0,0,0,none
681,Javeria Wattoo,Islamabad,500000,443433,filer,0,0,0,0,none
684,Hassan Niazi,Rawalpindi,500000,431855,filer,0,0,0,0,none
686,Mohammed Rashid Shah,Lahore,800000,1022672,filer,21134,10000,0,0,none
688,Raza Durrani,Multan,500000,671183,filer,3559,0,0,0,none
689,Muhammed Ibrahim Durrani,Peshawar,800000,978357,filer,18918,10000,0,0,none
5197,Haroon Kayani,Gujranwala,500000,539317,filer,0,0,0,0,none
5198,Ghulam Qureshi,Rawalpindi,846800,1096431,filer,24822,12340,0,0,none
3831,Muhammad Jamil Chaudhry,Quetta,2500000,2905016,filer,356254,255000,0,0,none
3832,Naila Butt,Karachi,500000,583394,filer,0,0,0,0,none
3833,Lubna Bhatti,Multan,800000,866024,filer,13301,10000,0,0,none
1102,Talha Marwat,Lahore,42856600,51363461,filer,17242211,14264810,0,0,none
1733,Mohd Fahad Khokhar,Rawalpindi,37940400,61345646,filer,20735976,12544140,0,0,none
1108,Hina Arain,Islamabad,800000,774728,filer,8736,10000,1264,0,none
3873,Mohd Anwar Wattoo,Lahore,400000,527350,filer,0,0,0,0,none
3875,Zahid Bajwa,Islamabad,500000,374613,filer,0,0,0,0,none
3876,Mohd Farhan Qureshi,Faisalabad,29463600,36551441,filer,12058004,9577260,0,0,none
3840,Mohd Waleed Abbas,Islamabad,500000,611937,filer,597,0,0,0,none
3843,Muhammad Nadeem Magsi,Gujranwala,500000,0,absent,0,0,0,0,none
5210,Sufyan Dar,Islamabad,500000,367115,filer,0,0,0,0,none
5213,Abid Qureshi,Multan,29011064,34339032,filer,11283661,9418872,0,0,none
5214,Mohammed Arif Abbasi,Quetta,500000,629718,filer,1486,0,0,0,none
8931,M Zafar Satti,Karachi,500000,330424,filer,0,0,0,0,none
5217,Mohd Owais Akhtar,Karachi,33358103,47254317,filer,15804011,10940336,0,0,none
5246,Kiran Bibi,Gujranwala,2500000,2867409,filer,346852,255000,0,0,none
5247,Zahid Arain,Lahore,500000,456086,filer,0,0,0,0,none
5220,Mohd Haroon Gondal,Hyderabad,500000,0,absent,0,0,0,0,none
7783,M Faisal Kakar,Peshawar,800000,1167138,filer,28357,10000,0,0,none
5223,Saad Paracha,Faisalabad,500000,395153,filer,0,0,0,0,none
5226,Nadeem Beg,Rawalpindi,800000,784955,filer,9248,10000,752,0,none
6897,Zaynab Memon,Rawalpindi,500000,356619,filer,0,0,0,0,none
5228,Muhammad Yasir Malik,Peshawar,500000,453703,filer,0,0,0,0,none
10412,Nida Hashmi,Karachi,54557800,54858627,filer,18465519,18360230,0,0,none
7708,Mazhar Zaidi,Rawalpindi,800000,1000148,filer,20007,10000,0,0,none
8146,Salman Bajwa,Rawalpindi,500000,396525,filer,0,0,0,0,none
3847,Mazhar Naqvi,Peshawar,800000,1200011,filer,30002,10000,0,0,none
3857,Saad Khan,Islamabad,800000,1015242,filer,20762,10000,0,0,none
3861,M Bilawal Khokhar,Karachi,500000,442567,filer,0,0,0,0,none
3862,Mohd Islam Raja,Karachi,500000,482729,filer,0,0,0,0,none
3863,Mohammed Aamir Bhatti,Islamabad,500000,0,absent,0,0,0,0,none
4306,Muhammad Usman Hashmi,Lahore,15000000,33931613,filer,11141065,4515000,0,0,none
3805,Muhammed Sufyan Jutt,Rawalpindi,800000,1114773,filer,25739,10000,0,0,none
1126,Jamil Abbasi,Bahawalpur,800000,846529,filer,12326,10000,0,0,none
7105,Talha Kazmi,Rawalpindi,800000,1429528,filer,64429,10000,0,0,none
1116,Mahnoor Mirza,Lahore,800000,815409,filer,10770,10000,0,0,none
10378,Liaquat Siddiqui,Islamabad,24659600,70734826,filer,24022189,7895860,0,0,none
1117,Nida Magsi,Gujranwala,500000,0,absent,0,0,0,0,none
1121,Pervez Marwat,Faisalabad,6000000,10608172,filer,2977860,1365000,0,0,none
10365,Aiman Warraich,Gujranwala,30922600,46918984,filer,15686644,10087910,0,0,none
3838,Aleena Gilani,Lahore,500000,229513,filer,0,0,0,0,none
3839,Muhammad Ismail Warraich,Rawalpindi,500000,641237,filer,2062,0,0,0,none
6069,Nasir Butt,Islamabad,19478200,28688272,filer,9305895,6082370,0,0,none
3815,Ibrahim Rajput,Peshawar,800000,821871,filer,11094,10000,0,0,none
666,Muhammad Owais Kakar,Gujranwala,500000,460690,filer,0,0,0,0,none
668,Mohammed Zahid Bajwa,Lahore,800000,1009865,filer,20493,10000,0,0,none
5245,Sohail Hamdani,Rawalpindi,800000,1039604,filer,21980,10000,0,0,none
5281,Kamran Khan,Multan,500000,350155,filer,0,0,0,0,none
648,Iqra Raja,Bahawalpur,500000,0,absent,0,0,0,0,none
5248,Danish Baig,Faisalabad,800000,960322,filer,18016,10000,0,0,none
5250,M Bilal Butt,Faisalabad,500000,0,absent,0,0,0,0,none
5251,Kiran Hashmi,Gujranwala,500000,636705,filer,1835,0,0,0,none
5252,Mohammad Mudassar Paracha,Islamabad,500000,298391,filer,0,0,0,0,none
5257,Aslam Bhatti,Islamabad,15000000,16482112,filer,5033739,4515000,0,0,none
10181,Muhammad Imran Bhutto,Islamabad,800000,833720,filer,11686,10000,0,0,none
5260,Kamran Hcaudhry,Rawalpindi,800000,954609,filer,17730,10000,0,0,none
5262,M Ahmed Khokhar,Sialkot,33641800,35956484,filer,11849769,11039630,0,0,none
5265,Mehmood Jutt,Lahore,800000,1341795,filer,51269,10000,0,0,none
5267,Maryam Yousafzai,Lahore,1199200,1276284,filer,41443,29960,0,0,none
5237,Marium Bibi,Quetta,800000,912963,filer,15648,10000,0,0,none
5238,M Danish Cheema,Lahore,800000,787614,filer,9381,10000,619,0,none
662,Arif Khattak,Karachi,24167000,60705341,filer,20511869,7723450,0,0,none
8171,Muhammad Karim Tarar,Karachi,2500000,3030532,filer,387633,255000,0,0,none
5273,Javeria Cheema,Hyderabad,800000,768124,filer,8406,10000,1594,0,none
6449,Ismail Sial,Karachi,41092400,80428902,filer,27415116,13647340,0,0,none
1129,Sameena Raja,Karachi,800000,974963,filer,18748,10000,0,0,none
1132,Hussian Khan,Multan,40916400,52888663,filer,17776032,13585740,0,0,none
1133,Muhammed Tariq Shah,Islamabad,15000000,21421998,filer,6762699,4515000,0,0,none
1135,Mudassar Kayani,Quetta,19232800,29038631,filer,9428521,5996480,0,0,none
1136,Zeeshan Yousafzai,Peshawar,500000,416842,filer,0,0,0,0,none
1138,Rida Shah,Rawalpindi,42508400,78648392,filer,26791937,14142940,0,0,none
3807,Muhammad Usman Rajput,Sialkot,858400,1109227,filer,25461,12920,0,0,none
3812,Riaz Kayani,Rawalpindi,800000,1042342,filer,22117,10000,0,0,none
8265,Mahnoor Rizvi,Peshawar,500000,348837,filer,0,0,0,0,none
3775,Muhammad Tanveer Niazi,Islamabad,800000,942184,filer,17109,10000,0,0,none
9449,Shazia Bibi,Karachi,500000,403738,filer,0,0,0,0,none
5275,M Aamir Rizvi,Karachi,800000,769892,filer,8495,10000,1505,0,none
5278,Javeria Wattoo,Peshawar,500000,476424,filer,0,0,0,0,none
5279,Shabana Yousafzai,Gujranwala,15000000,21149987,filer,6667495,4515000,0,0,none
3784,Irfan Baig,Bahawalpur,831800,993952,filer,19698,11590,0,0,none
3787,M Shafiq Raja,Karachi,500000,326044,filer,0,0,0,0,none
9158,Waqar Sial,Multan,800000,844426,filer,12221,10000,0,0,none
3789,Eman Butt,Lahore,500000,354524,filer,0,0,0,0,none
3791,Muhammad Usama Sial,Islamabad,800000,948144,filer,17407,10000,0,0,none
3797,Muhammad Younis Bhutto,Lahore,834600,1107768,filer,25388,11730,0,0,none
3765,Salman Butt,Karachi,34274400,54771193,filer,18434918,11261040,0,0,none
3767,Nida Shah,Lahore,34888600,48492088,filer,16237231,11476010,0,0,none
3768,Zenab Bibi,Islamabad,500000,479873,filer,0,0,0,0,none
656,Shagufta Rajput,Karachi,500000,0,absent,0,0,0,0,none
660,Abida Bibi,Rawalpindi,19092040,20791689,filer,6542091,5947214,0,0,none
5287,Zoya Janjua,Karachi,500000,172493,filer,0,0,0,0,none
5288,Muhammed Farhan Abbas,Lahore,500000,427339,filer,0,0,0,0,none
5291,Mohd Yousuf Jutt,Rawalpindi,500000,0,absent,0,0,0,0,none
5268,Zeeshan Jutt,Gujranwala,500000,0,absent,0,0,0,0,none
9132,فرح عباسی,Karachi,500000,378974,filer,0,0,0,0,none
1141,Nazia Ansari,Hyderabad,800000,1174627,filer,28731,10000,0,0,none
1143,Mohammed Karim Chaudhary,Peshawar,31310800,54508002,filer,18342801,10223780,0,0,none
1144,Muhammad Abid Gondal,Peshawar,13719800,17457757,filer,5375215,4066930,0,0,none
1146,Rashid Yousafzai,Sialkot,500000,556975,filer,0,0,0,0,none
1149,Mohd Khalid Jutt,Rawalpindi,43838200,77753384,filer,26478684,14608370,0,0,none
1152,Rabia Raja,Gujranwala,800000,902288,filer,15114,10000,0,0,none
3747,Fariha Begum,Faisalabad,500000,543533,filer,0,0,0,0,none
8231,Zafar Hamdani,Karachi,800000,785809,filer,9290,10000,710,0,none
5302,Mohammed Tariq Qureshi,Islamabad,6000000,11060373,filer,3136131,1365000,0,0,none
5303,Mohammed Noman Kazmi,Rawalpindi,28380400,48329293,filer,16180253,9198140,0,0,none
5304,Mohammed Bilawal Cheema,Lahore,500000,535398,filer,0,0,0,0,none
5307,Haroon Lodhi,Gujranwala,400000,0,absent,0,0,0,0,none
5310,Muhammad Imran Magsi,Faisalabad,500000,0,absent,0,0,0,0,none
5313,Mohammed Suhail Abbasi,Karachi,800000,851602,filer,12580,10000,0,0,none
5316,Durdana Wattoo,Lahore,800000,776394,filer,8820,10000,1180,0,none
653,Faraz Virk,Gujranwala,800000,1379302,filer,56895,10000,0,0,none
3760,Mahnoor Kayani,Karachi,500000,360174,filer,0,0,0,0,none
3761,Irfan Soomro,Islamabad,500000,539741,filer,0,0,0,0,none
3763,Fawad Abbasi,Lahore,38790600,57776510,filer,19486778,12841710,0,0,none
3739,Warda Durrani,Islamabad,800000,1320659,filer,48099,10000,0,0,none
3741,Fariha Khattak,Rawalpindi,500000,0,absent,0,0,0,0,none
5321,Maira Janjua,Karachi,800000,893936,filer,14697,10000,0,0,none
5322,Muhammad Ejaz Abbas,Rawalpindi,500000,422092,filer,0,0,0,0,none
5328,Aiman Bibi,Multan,800000,929186,filer,16459,10000,0,0,none
5329,Bilal Mughal,Quetta,400000,455570,filer,0,0,0,0,none
5334,Mohammed Waleed Kayani,Rawalpindi,6000000,12423125,filer,3613094,1365000,0,0,none
5337,Hamid Sheikh,Lahore,400000,0,absent,0,0,0,0,none
5293,Mohd Aslam Bhutto,Lahore,29721800,55224021,filer,18593407,9667630,0,0,none
5294,Aamir Kazmi,Quetta,500000,541432,filer,0,0,0,0,none
5297,Nazia Hamdani,Lahore,800000,891706,filer,14585,10000,0,0,none
1139,Moin Siddiqui,Bahawalpur,500000,284390,filer,0,0,0,0,none
1140,Mohd Faraz Kayani,Karachi,400000,0,absent,0,0,0,0,none
1154,Durdana Gujjar,Islamabad,500000,199067,filer,0,0,0,0,none
1156,Iqra Qureshi,Karachi,800000,1296572,filer,44486,10000,0,0,none
1160,Yasir Tarar,Islamabad,6000000,9390619,filer,2551717,1365000,0,0,none
3742,Muhammed Bilawal Zaidi,Rawalpindi,500000,201104,filer,0,0,0,0,none
3745,Hamid Soomro,Peshawar,800000,1015802,filer,20790,10000,0,0,none
3725,Younis Baig,Islamabad,2500000,2604678,filer,281170,255000,0,0,none
6968,Salman Hamdani,Gujranwala,800000,1265502,filer,39825,10000,0,0,none
645,Ahmed Bajwa,Rawalpindi,52725200,77596087,filer,26423630,17718820,0,0,none
5349,Muhammad Abdullah Hashmi,Bahawalpur,800000,1177908,filer,28895,10000,0,0,none
5350,Nida Jamali,Rawalpindi,500000,562046,filer,0,0,0,0,none
5318,Nimra Abbas,Islamabad,25900200,27850366,filer,9012628,8330070,0,0,none
5319,Naveed Chohan,Islamabad,800000,1053879,filer,22694,10000,0,0,none
6737,Mishal Raja,Rawalpindi,61585800,62899623,filer,21279868,20820030,0,0,none
3755,Anma Mughal,Rawalpindi,44010000,46315663,filer,15475482,14668500,0,0,none
9709,Javeria Zaidi,Peshawar,800000,937518,filer,16876,10000,0,0,none
3759,محمد ندیم عباسی,Karachi,500000,578695,filer,0,0,0,0,none
1177,Javed Mughal,Karachi,800000,844829,filer,12241,10000,0,0,none
3732,Ghulam Tareen,Lahore,42581000,50593417,filer,16972696,14168350,0,0,none
3736,M Bilal Shah,Hyderabad,800000,1005379,filer,20269,10000,0,0,none
3737,Zahid Janjua,Multan,15000000,33644191,filer,11040467,4515000,0,0,none
3704,Muhammad Rizwan Sandhu,Rawalpindi,22968118,25747530,filer,8276635,7303841,0,0,none
5356,Zubayr Zaidi,Rawalpindi,800000,1195223,filer,29761,10000,0,0,none
5358,Mazhar Gilani,Islamabad,500000,0,absent,0,0,0,0,none
5359,Jahangir Afridi,Islamabad,500000,0,absent,0,0,0,0,none
5360,Waqar Khattak,Lahore,800000,955326,filer,17766,10000,0,0,none
5361,Rafiq Rajput,Faisalabad,6000000,8019806,filer,2071932,1365000,0,0,none
5364,Muhammad Waqar Hashmi,Gujranwala,34351600,67735671,filer,22972485,11288060,0,0,none
5367,Taimur Virrk,Multan,500000,467257,filer,0,0,0,0,none
5369,Moin Marwat,Gujranwala,800000,818090,filer,10904,10000,0,0,none
5339,Saba Bibi,Karachi,42560600,60689845,filer,20506446,14161210,0,0,none
5340,Naila Sial,Rawalpindi,800000,1162928,filer,28146,10000,0,0,none
6441,Owais Gondal,Lahore,64273000,75974922,filer,25856223,21760550,0,0,none
3709,Asma Butt,Lahore,500000,0,absent,0,0,0,0,none
3714,Muhammad Waqar Sheikh,Gujranwala,46958600,82415541,filer,28110439,15700510,0,0,none
3715,Bashir Sandhu,Gujranwala,21218200,24450592,filer,7822707,6691370,0,0,none
7133,Muhammad Rehan Kakar,Islamabad,800000,1127453,filer,26373,10000,0,0,none
3721,Muhammad Noman Satti,Karachi,29416000,39866961,filer,13218436,9560600,0,0,none
3692,Muhammad Rashid Baig,Bahawalpur,26312400,57472742,filer,19380460,8474340,0,0,none
3693,Muhammad Junaid Kazmi,Lahore,15000000,19137052,filer,5962968,4515000,0,0,none
3697,Muhammad Zubayr Durrani,Quetta,18628114,28356606,filer,9189812,5784840,0,0,none
628,M Faisal Chaudhry,Karachi,500000,0,absent,0,0,0,0,none
629,Bashir Ch,Karachi,27991117,55571698,filer,18715094,9061891,0,0,none
631,Irfan Naqvi,Karachi,500000,0,absent,0,0,0,0,none
632,Muhammad Asif Abbas,Islamabad,500000,0,absent,0,0,0,0,none
5377,Mohammad Abid Mirza,Peshawar,2500000,2606225,filer,281556,255000,0,0,none
5351,Mansoor Gillani,Karachi,55012800,80975187,filer,27606315,18519480,0,0,none
1167,Muhammed Shahid Quraishi,Faisalabad,500000,358575,filer,0,0,0,0,none
1173,Saba Rajput,Lahore,800000,1097041,filer,24852,10000,0,0,none
5419,Irfan Ansari,Islamabad,500000,0,absent,0,0,0,0,none
5423,Muhammed Hamid Kazmi,Quetta,800000,966780,filer,18339,10000,0,0,none
5387,Jahangir Janjua,Lahore,500000,373395,filer,0,0,0,0,none
5388,Muhammed Nasir Marwat,Peshawar,500000,391541,filer,0,0,0,0,none
5391,Muhammad Pervez Shiekh,Bahawalpur,800000,785345,filer,9267,10000,733,0,none
5392,Nasrin Hashmi,Lahore,500000,407149,filer,0,0,0,0,none
5393,Robina Satti,Faisalabad,69474200,87632403,filer,29936341,23580970,0,0,none
5394,Mansoor Akhtar,Multan,12180400,25465021,filer,8177757,3528140,0,0,none
5395,Mohd Rashid Mengal,Gujranwala,800000,1135911,filer,26796,10000,0,0,none
5397,Muhammed Irfan Rizvi,Sialkot,500000,0,absent,0,0,0,0,none
6176,Zeeshan Kayani,Gujranwala,45792000,59653450,filer,20143708,15292200,0,0,none
5400,Arif Khan,Lahore,500000,456553,filer,0,0,0,0,none
7977,Akram Raja,Faisalabad,500000,493300,filer,0,0,0,0,none
5374,Danish Gondal,Peshawar,973200,1137677,filer,26884,18660,0,0,none
5375,Hira Janjua,Islamabad,500000,602037,filer,102,0,0,0,none
5376,Aiman Rajput,Lahore,500000,0,absent,0,0,0,0,none
1210,Muhammad Pervez Hashmi,Peshawar,800000,884085,filer,14204,10000,0,0,none
6956,Danish Abbas,Gujranwala,500000,542485,filer,0,0,0,0,none
9018,Sidra Kazmi,Karachi,800000,1139005,filer,26950,10000,0,0,none
1179,Zainab Memon,Bahawalpur,21915819,22251265,filer,7052943,6935537,0,0,none
1180,Warda Akhtar,Gujranwala,800000,1133163,filer,26658,10000,0,0,none
1182,Tanveer Khan,Karachi,500000,465411,filer,0,0,0,0,none
7379,Kiran Butt,Sialkot,500000,225578,filer,0,0,0,0,none
1185,Rehan Marwat,Islamabad,500000,493649,filer,0,0,0,0,none
1187,Muhammed Zubair Kazmi,Rawalpindi,500000,309716,filer,0,0,0,0,none
1189,Muhammed Feisal Jamali,Faisalabad,500000,517192,filer,0,0,0,0,none
3699,Robina Begum,Gujranwala,913200,1126392,filer,26320,15660,0,0,none
3684,Mohammad Zeeshan Zaidi,Islamabad,400000,0,absent,0,0,0,0,none
3685,M Nasir Gondal,Bahawalpur,801600,992729,filer,19636,10080,0,0,none
9842,Mohammed Irfan Mughal,Multan,500000,486401,filer,0,0,0,0,none
5415,Javed Jutt,Sialkot,1092000,1381813,filer,57272,24600,0,0,none
5417,Abdullah Mughal,Rawalpindi,500000,220269,filer,0,0,0,0,none
5445,Danish Malik,Bahawalpur,800000,1195027,filer,29751,10000,0,0,none
5447,Fatima Khan,Lahore,500000,322160,filer,0,0,0,0,none
5448,Qasim Zaidi,Rawalpindi,500000,548033,filer,0,0,0,0,none
5424,Bilal Niazi,Peshawar,500000,361958,filer,0,0,0,0,none
5425,Taimur Mughal,Faisalabad,800000,830029,filer,11501,10000,0,0,none
5427,Mohammed Mehmood Gillani,Rawalpindi,500000,362475,filer,0,0,0,0,none
5431,Bushra Bibi,Islamabad,800000,1145975,filer,27299,10000,0,0,none
5436,Raza Jamali,Lahore,2500000,3411612,filer,493484,255000,0,0,none
5439,Zoya Beg,Rawalpindi,800000,774619,filer,8731,10000,1269,0,none
5441,M Noman Zaidi,Karachi,500000,0,absent,0,0,0,0,none
609,Muhammed Haroon Rizvi,Karachi,800000,889533,filer,14477,10000,0,0,none
6912,M Waqar Memon,Rawalpindi,800000,1346284,filer,51943,10000,0,0,none
1196,عمران عباس,Lahore,800000,793191,filer,9660,10000,340,0,none
1200,Ismail Khokhar,Karachi,23810604,40046325,filer,13281214,7598711,0,0,none
1202,Shahzad Satti,Karachi,800000,1005436,filer,20272,10000,0,0,none
1203,Mohammed Ayaz Khokhar,Karachi,500000,539681,filer,0,0,0,0,none
6874,Lubna Janjua,Faisalabad,500000,205068,filer,0,0,0,0,none
614,Bilal Warraich,Lahore,800000,776151,filer,8808,10000,1192,0,none
1212,Muhammed Rasheed Abbasi,Karachi,21597482,21867943,filer,6918780,6824119,0,0,none
1213,Mohammed Irfan Niazi,Rawalpindi,500000,421228,filer,0,0,0,0,none
1214,Muhammed Tanveer Abbas,Karachi,35668200,45108319,filer,15052912,11748870,0,0,none
1215,Javaid Bhutto,Rawalpindi,500000,630011,filer,1501,0,0,0,none
1218,Aleena Jutt,Islamabad,28924400,53760273,filer,18081096,9388540,0,0,none
3675,Nimra Yusufzai,Karachi,500000,0,absent,0,0,0,0,none
3676,Robina Awan,Islamabad,800000,767914,filer,8396,10000,1604,0,none
3677,Rukhsana Hamdani,Multan,800000,1385517,filer,57828,10000,0,0,none
3680,Shahzad Marwat,Multan,500000,155731,filer,0,0,0,0,none
3681,Danish Niazi,Multan,6000000,9235544,filer,2497440,1365000,0,0,none
3661,M Taimur Janjua,Lahore,500000,509130,filer,0,0,0,0,none
3663,Khalid Akhtar,Gujranwala,35274000,59632963,filer,20136537,11610900,0,0,none
617,Mohd Abdullah Satti,Lahore,34570200,80714039,filer,27514914,11364570,0,0,none
5444,Muhammad Owais Cheema,Lahore,46382000,74966475,filer,25503266,15498700,0,0,none
7719,Muhammad Noman Baig,Karachi,2500000,2492140,filer,253035,255000,1965,0,none
6693,Rabia Bhatti,Rawalpindi,31451000,55506352,filer,18692223,10272850,0,0,none
8809,Lubna Khattak,Sialkot,800000,757779,filer,7889,10000,2111,0,none
3666,Zeeshan Paracha,Peshawar,500000,483090,filer,0,0,0,0,none
3669,Mahnoor Raaj,Bahawalpur,46448600,72116396,filer,24505739,15522010,0,0,none
3671,Waqar Kayani,Karachi,800000,793073,filer,9654,10000,346,0,none
1206,Nida Bibi,Hyderabad,521200,602167,filer,108,0,0,0,none
1207,Mohd Fawad Jamali,Lahore,500000,550095,filer,0,0,0,0,none
3641,M Hamid Mirza,Lahore,500000,308247,filer,0,0,0,0,none
3642,Iqra Mengal,Karachi,511400,675978,filer,3799,0,0,0,none
3643,Muhammad Owais Bajwa,Peshawar,400000,500772,filer,0,0,0,0,none
3644,Rasheed Gondal,Lahore,800000,1006765,filer,20338,10000,0,0,none
5458,Anika Bibi,Rawalpindi,500000,292573,filer,0,0,0,0,none
5461,Aamir Mughal,Islamabad,500000,0,absent,0,0,0,0,none
5464,Nazia Marwat,Islamabad,800000,1220239,filer,33036,10000,0,0,none
5465,Riaz Memon,Sialkot,800000,897663,filer,14883,10000,0,0,none
3651,Mohammed Javed Bajaw,Peshawar,500000,0,absent,0,0,0,0,none
10384,Fariha Gondal,Sialkot,57976600,65529032,filer,22200161,19556810,0,0,none
3652,Nida Kayani,Karachi,800000,1364386,filer,54658,10000,0,0,none
7796,M Fawad Jamali,Gujranwala,800000,771186,filer,8559,10000,1441,0,none
3655,Muhammed Faysal Mengl,Karachi,6000000,8677445,filer,2302106,1365000,0,0,none
3656,Zubayr Khokhar,Lahore,46935600,48352579,filer,16188403,15692460,0,0,none
3626,Sidra Virk,Islamabad,500000,509222,filer,0,0,0,0,none
3628,Rukhsana Shah,Lahore,500000,450827,filer,0,0,0,0,none
3629,Taimur Afridi,Islamabad,800000,994107,filer,19705,10000,0,0,none
5474,Muhammad Hamid Yousafzai,Karachi,500000,0,absent,0,0,0,0,none
5475,Mansoor Akhtar,Multan,6000000,6929561,filer,1690346,1365000,0,0,none
5476,Imran Hashmi,Karachi,800000,1174504,filer,28725,10000,0,0,none
5477,Mohd Zubair Bhutto,Islamabad,500000,385544,filer,0,0,0,0,none
5479,Mohammed Ashraf Jamali,Gujranwala,28361130,32751566,filer,10728048,9191396,0,0,none
5480,Warda Sidiqui,Gujranwala,800000,864881,filer,13244,10000,0,0,none
5484,Waqar Kayani,Hyderabad,800000,805613,filer,10281,10000,0,0,none
3631,Muhammad Taimur Qureishi,Islamabad,526800,650096,filer,2505,0,0,0,none
3632,Danish Ansari,Lahore,500000,446983,filer,0,0,0,0,none
8609,Tanveer Gujjar,Islamabad,800000,1059857,filer,22993,10000,0,0,none
3635,Mohammed Moin Virk,Lahore,37837400,74594462,filer,25373062,12508090,0,0,none
3637,Mohammad Bilawal Warraich,Karachi,500000,353921,filer,0,0,0,0,none
3639,Muhammed Ismail Durrani,Faisalabad,500000,463142,filer,0,0,0,0,none
3640,Muhammed Moin Marwat,Karachi,800000,1183642,filer,29182,10000,0,0,none
3606,Nomman Rajput,Hyderabad,39565200,44245068,filer,14750774,13112820,0,0,none
596,Pervez Tareen,Faisalabad,500000,366377,filer,0,0,0,0,none
597,Areeba Shah,Peshawar,1060600,1302916,filer,45437,23030,0,0,none
601,Tooba Raja,Lahore,500000,472619,filer,0,0,0,0,none
603,Mohammed Hamid Paracha,Islamabad,46923600,83802800,filer,28595980,15688260,0,0,none
605,Shagufta Hashmi,Lahore,45438600,52666527,filer,17698284,15168510,0,0,none
10444,Mohammad Junaid Hamdani,Lahore,32112400,40171869,filer,13325154,10504340,0,0,none
607,Ejaz Dar,Faisalabad,500000,449504,filer,0,0,0,0,none
3648,Muhammad Shahzad Tarar,Islamabad,800000,1173753,filer,28688,10000,0,0,none
3616,Sufyan Lodhi,Peshawar,500000,0,absent,0,0,0,0,none
3625,Mudassar Mughal,Karachi,500000,489941,filer,0,0,0,0,none
1222,Uzma Yousafzai,Karachi,50265600,78856500,filer,26864775,16857960,0,0,none
1223,M Naveed Cheema,Lahore,15000000,16687800,filer,5105730,4515000,0,0,none
5498,Mazhar Bhutto,Multan,500000,441793,filer,0,0,0,0,none
9933,Mohd Jamil Tarar,Karachi,500000,422813,filer,0,0,0,0,none
5503,Talha Mengal,Karachi,13851400,30946482,filer,10096269,4112990,0,0,none
5504,Muhammad Rashid Baig,Multan,500000,528656,filer,0,0,0,0,none
9930,Zenab Bibi,Lahore,800000,1119138,filer,25957,10000,0,0,none
5506,M Anwar Abbasi,Gujranwala,500000,262379,filer,0,0,0,0,none
5507,Rukhsana Khokhar,Faisalabad,800000,1219656,filer,32948,10000,0,0,none
5508,Muhammad Usama Durrani,Peshawar,888200,1301482,filer,45222,14410,0,0,none
592,Muhammad Taimur Janjua,Lahore,800000,1019309,filer,20965,10000,0,0,none
593,Saad Ansari,Islamabad,500000,665927,filer,3296,0,0,0,none
594,Mohd Sajid Khokhar,Peshawar,800000,1406747,filer,61012,10000,0,0,none
595,Tanveer Abbasi,Peshawar,15000000,16457773,filer,5025221,4515000,0,0,none
8103,Muhammad Hamid Naqvi,Lahore,500000,464878,filer,0,0,0,0,none
3602,Mohd Nadeem Tarar,Bahawalpur,15000000,20644931,filer,6490726,4515000,0,0,none
3604,Mohd Nawza Khan,Lahore,800000,1161430,filer,28072,10000,0,0,none
3582,Ayesha Begum,Karachi,500000,336027,filer,0,0,0,0,none
5517,Asad Kazmi,Faisalabad,800000,1058815,filer,22941,10000,0,0,none
5518,M Yousuf Khattak,Lahore,800000,859872,filer,12994,10000,0,0,none
7706,Muhammad Abdullah Gondal,Sialkot,500000,438051,filer,0,0,0,0,none
5525,Ramsha Kayani,Rawalpindi,800000,839840,filer,11992,10000,0,0,none
5526,Laiba Kayani,Bahawalpur,500000,0,absent,0,0,0,0,none
5528,Asad Gondal,Peshawar,865600,1062421,filer,23121,13280,0,0,none
5489,Mudassar Bajwa,Lahore,22490200,49978443,filer,16757455,7136570,0,0,none
5496,Hamid Wattoo,Karachi,500000,422984,filer,0,0,0,0,none
5497,Ejaz Sheikh,Sialkot,500000,370322,filer,0,0,0,0,none
3610,Javed Khokhar,Lahore,500000,0,absent,0,0,0,0,none
3614,Bilal Akhtar,Rawalpindi,593800,0,absent,0,0,0,0,none
3615,Muhammad Jahangir Hamdani,Karachi,500000,612909,filer,645,0,0,0,none
3589,Yasir Raja,Sialkot,38812907,55663423,filer,18747198,12849517,0,0,none
3590,Mohammad Islam Niazi,Multan,6000000,13697776,filer,4059222,1365000,0,0,none
3595,Saad Mengal,Hyderabad,500000,338030,filer,0,0,0,0,none
1220,Mohammad Noman Kakar,Rawalpindi,800000,766781,filer,8339,10000,1661,0,none
3564,Uzma Mengal,Rawalpindi,500000,507163,filer,0,0,0,0,none
3565,Faraz Mirza,Hyderabad,25049000,27768778,filer,8984072,8032150,0,0,none
3566,Karim Siddiqui,Islamabad,500000,0,absent,0,0,0,0,none
5536,Mohd Tariq Naqvi,Lahore,500000,287339,filer,0,0,0,0,none
5538,Ayaz Afridi,Sialkot,15000000,16770735,filer,5134757,4515000,0,0,none
5539,Fatimah Kakar,Rawalpindi,500000,463858,filer,0,0,0,0,none
6286,Hina Paracha,Sialkot,32278800,71725436,filer,24368903,10562580,0,0,none
5542,Nida Niazi,Islamabad,65806200,66089539,filer,22396339,22297170,0,0,none
577,Rashid Soomro,Lahore,500000,470239,filer,0,0,0,0,none
5510,Akram Jutt,Lahore,500000,321566,filer,0,0,0,0,none
1227,Bashir Mirza,Lahore,500000,660797,filer,3040,0,0,0,none
8493,Bashir Tarar,Hyderabad,500000,647952,filer,2398,0,0,0,none
580,Asif Qureshi,Karachi,500000,620674,filer,1034,0,0,0,none
3569,Ismail Cheema,Karachi,800000,911285,filer,15564,10000,0,0,none
3572,Muhammed Saeed Gujjar,Karachi,400000,0,absent,0,0,0,0,none
3573,Muhammad Younis Afridi,Rawalpindi,6000000,19250338,filer,6002618,1365000,0,0,none
3574,Ramsha Shaikh,Karachi,500000,539596,filer,0,0,0,0,none
3575,Fatima Paracha,Rawalpindi,400000,0,absent,0,0,0,0,none
10209,Anika Khokhar,Karachi,34062400,45561030,filer,15211360,11186840,0,0,none
590,Yousuf Sial,Gujranwala,33414200,42344031,filer,14085411,10959970,0,0,none
5550,Mubashir Magsi,Gujranwala,800000,1028239,filer,21412,10000,0,0,none
5551,Wasim Durrani,Karachi,800000,928756,filer,16438,10000,0,0,none
5554,Mohd Owais Cheema,Karachi,79905600,83141112,filer,28364389,27231960,0,0,none
5531,Rafiq Hashmi,Islamabad,500000,695561,filer,4778,0,0,0,none
5532,Danish Mughal,Bahawalpur,800000,799275,filer,9964,10000,36,0,none
3586,Nida Khan,Quetta,800000,1065264,filer,23263,10000,0,0,none
3587,Liaquat Khan,Bahawalpur,500000,0,absent,0,0,0,0,none
3588,Javeria Shah,Lahore,3000000,3033362,filer,388340,380000,0,0,none
5559,Mohd Ghulam Akhtar,Karachi,566800,664188,filer,3209,0,0,0,none
1238,Shahid Afridi,Multan,15627000,21149191,filer,6667217,4734450,0,0,none
1242,Khalid Niazi,Karachi,50983000,70798388,filer,24044436,17109050,0,0,none
1246,Ghulam Satti,Peshawar,800000,753242,filer,7662,10000,2338,0,none
3557,Mohammed Kashif Dar,Hyderabad,500000,0,absent,0,0,0,0,none
3532,Rida Bhutto,Sialkot,31809248,32439941,filer,10618979,10398237,0,0,none
3533,Muhammad Iqbal Kazmi,Rawalpindi,800000,1215717,filer,32358,10000,0,0,none
5564,Ramsha Begum,Sialkot,500000,344371,filer,0,0,0,0,none
5566,Pervez Sial,Rawalpindi,500000,192231,filer,0,0,0,0,none
5567,Jahangir Sial,Quetta,500000,450247,filer,0,0,0,0,none
5570,Ahmed Ansari,Karachi,800000,848610,filer,12430,10000,0,0,none
5571,Hassan Kakar,Hyderabad,500000,0,absent,0,0,0,0,none
5575,Hammad Butt,Islamabad,500000,496349,filer,0,0,0,0,none
5577,Zubaida Ansari,Karachi,500000,310721,filer,0,0,0,0,none
5578,Waqar Tareen,Faisalabad,800000,825138,filer,11257,10000,0,0,none
579,Shagufta Bibi,Lahore,500000,0,absent,0,0,0,0,none
3538,Tooba Khan,Hyderabad,500000,588101,filer,0,0,0,0,none
3540,Ibrahim Janjua,Lahore,500000,624832,filer,1242,0,0,0,none
3541,Talha Rizvi,Islamabad,58622600,84486546,filer,28835291,19782910,0,0,none
3542,Robina Siddiqui,Karachi,500000,0,absent,0,0,0,0,none
6909,Sehrish Bibi,Multan,800000,870954,filer,13548,10000,0,0,none
3546,Muhammad Hussein Magsi,Hyderabad,35405200,49070070,filer,16439524,11656820,0,0,none
3547,Rashid Sheikh,Faisalabad,6000000,9226243,filer,2494185,1365000,0,0,none
3549,Sehrish Sheikh,Rawalpindi,30365400,54732407,filer,18421342,9892890,0,0,none
3523,Warda Paracha,Sialkot,500000,531794,filer,0,0,0,0,none
5384,Mohammed Fawad Gujjar,Karachi,33535000,62651913,filer,21193170,11002250,0,0,none
568,Muhammad Ayaz Gujjar,Sialkot,38663600,68692627,filer,23307419,12797260,0,0,none
570,Hussain Sidiqui,Rawalpindi,800000,1095711,filer,24786,10000,0,0,none
576,Shhaid Jamali,Lahore,500000,614081,filer,704,0,0,0,none
5582,Zafar Bhutto,Karachi,15000000,17672971,filer,5450540,4515000,0,0,none
5583,Waleed Abbas,Islamabad,800000,913205,filer,15660,10000,0,0,none
5556,Salman Hamdani,Rawalpindi,800000,784622,filer,9231,10000,769,0,none
5586,Mohd Zahid Memon,Karachi,500000,0,absent,0,0,0,0,none
1254,Nawaz Khattak,Islamabad,500000,457881,filer,0,0,0,0,none
1259,Muhammad Suhail Baig,Peshawar,2500000,2834501,filer,338625,255000,0,0,none
8857,M Shoaib Tarar,Karachi,500000,373864,filer,0,0,0,0,none
3499,Adnan Cheema,Karachi,800000,856954,filer,12848,10000,0,0,none
5594,Mohd Rashid Gilani,Karachi,35360200,63833486,filer,21606720,11641070,0,0,none
5597,Kiran Niazi,Multan,866800,1249901,filer,37485,13340,0,0,none
5598,Shahzad Akhtar,Karachi,500000,0,absent,0,0,0,0,none
5599,Hussin Warraich,Lahore,800000,1031821,filer,21591,10000,0,0,none
5600,Mohammed Fawad Afridi,Gujranwala,500000,532382,filer,0,0,0,0,none
5602,Bashir Hashmi,Peshawar,31186000,46292225,filer,15467279,10180100,0,0,none
5604,Bushra Paracha,Bahawalpur,800000,892034,filer,14602,10000,0,0,none
5607,Mohammed Ayaz Abbasi,Lahore,500000,0,absent,0,0,0,0,none
5609,M Nasir Soomro,Karachi,1004600,1120377,filer,26019,20230,0,0,none
565,Naila Gujjar,Peshawar,19662289,31608178,filer,10327862,6146801,0,0,none
3025,Nazia Afridi,Peshawar,17331200,17655569,filer,5444449,5330920,0,0,none
5616,Taimur Malik,Peshawar,500000,390224,filer,0,0,0,0,none
3503,Muhammad Shoib Bhutto,Gujranwala,800000,918250,filer,15912,10000,0,0,none
3508,Fatimah Kakar,Lahore,800000,795630,filer,9782,10000,218,0,none
3514,Fatimah Arain,Peshawar,500000,631524,filer,1576,0,0,0,none
3520,Mohammad Ali Niazi,Peshawar,800000,821396,filer,11070,10000,0,0,none
3521,Muhammed Bilawal Kazmi,Sialkot,34683800,52023006,filer,17473052,11404330,0,0,none
3490,Muhammed Zobair Mughal,Multan,500000,572089,filer,0,0,0,0,none
1260,Yasmin Begum,Faisalabad,500000,539575,filer,0,0,0,0,none
5618,Zainab Butt,Quetta,500000,624162,filer,1208,0,0,0,none
5620,Rashid Butt,Hyderabad,500000,367980,filer,0,0,0,0,none
9346,Muhammad Javed Rajput,Peshawar,6000000,10091115,filer,2796890,1365000,0,0,none
7950,Ejaz Siddiqui,Sialkot,500000,460613,filer,0,0,0,0,none
5622,Warda Mirza,Karachi,800000,1311819,filer,46773,10000,0,0,none
5627,Hammad Malik,Karachi,500000,475894,filer,0,0,0,0,none
5631,Iqbal Ansari,Peshawar,500000,0,absent,0,0,0,0,none
5632,Bilal Shah,Hyderabad,800000,1216237,filer,32436,10000,0,0,none
1271,Muhammad Bashir Wattoo,Lahore,22999800,56619907,filer,19081967,7314930,0,0,none
3509,Noor Beg,Gujranwala,45965699,72239041,filer,24548664,15352995,0,0,none
1274,Ahmad Mughal,Rawalpindi,500000,597737,filer,0,0,0,0,none
3492,Muhammad Rizwan Paracha,Faisalabad,500000,0,absent,0,0,0,0,none
3498,Ibrahim Akhtar,Sialkot,500000,479760,filer,0,0,0,0,none
3468,Junaid Cheea,Gujranwala,15000000,15389621,filer,4651367,4515000,0,0,none
3469,Muhammad Riyaz Dar,Lahore,500000,336928,filer,0,0,0,0,none
8633,Muhammad Shafiq Butt,Gujranwala,500000,332672,filer,0,0,0,0,none
5639,Mohammed Zeeshan Bhatti,Rawalpindi,500000,0,absent,0,0,0,0,none
5640,Yosuuf Shah,Lahore,500000,458061,filer,0,0,0,0,none
5642,M Bilawal Tareen,Islamabad,800000,1221992,filer,33299,10000,0,0,none
5645,Mubashir Arain,Karachi,500000,0,absent,0,0,0,0,none
552,Muhammed Salman Malik,Islamabad,500000,673600,filer,3680,0,0,0,none
9465,Iqra Hamdani,Lahore,500000,576293,filer,0,0,0,0,none
554,Muhammed Naveed Mengal,Rawalpindi,81725400,86375053,filer,29496269,27868890,0,0,none
5614,Riaz Virk,Peshawar,6000000,8126695,filer,2109343,1365000,0,0,none
3475,Muhammad Jamil Jutt,Karachi,25317500,55839612,filer,18808864,8126125,0,0,none
3477,Ejaz Gujjar,Islamabad,800000,996834,filer,19842,10000,0,0,none
3485,Mohammed Moin Satti,Faisalabad,2500000,3001381,filer,380345,255000,0,0,none
3487,Shazia Marwat,Bahawalpur,800000,999897,filer,19995,10000,0,0,none
3489,Mansoor Tareen,Peshawar,400000,0,absent,0,0,0,0,none
3451,Pervez Naqvi,Quetta,65346000,70532172,filer,23951260,22136100,0,0,none
559,Mohd Ashraf Mirza,Islamabad,26326236,69051892,filer,23433162,8479183,0,0,none
561,Rehan Butt,Bahawalpur,800000,995170,filer,19758,10000,0,0,none
562,Anika Soomro,Multan,800000,898029,filer,14901,10000,0,0,none
5647,Mstt Saba Sandhu,Lahore,500000,0,absent,0,0,0,0,none
5649,Imran Mughal,Islamabad,500000,340201,filer,0,0,0,0,none
5650,Aiman Abbasi,Karachi,500000,274766,filer,0,0,0,0,none
10046,Muhammad Usama Bhutto,Karachi,800000,1108285,filer,25414,10000,0,0,none
1263,Rabia Butt,Sialkot,800000,919262,filer,15963,10000,0,0,none
1268,Muhammed Fahad Niazi,Rawalpindi,500000,0,absent,0,0,0,0,none
1270,Muhammad Husain Yousafzai,Peshawar,27754375,30903431,filer,10081201,8979031,0,0,none
3463,Yasir Khattak,Rawalpindi,23305000,60363287,filer,20392150,7421750,0,0,none
3464,Naila Naqvi,Peshawar,500000,409622,filer,0,0,0,0,none
3466,اسلم رضوی,Peshawar,800000,1173565,filer,28678,10000,0,0,none
3467,Nadeem Mengal,Gujranwala,800000,876939,filer,13847,10000,0,0,none
1277,Jamil Afridi,Islamabad,15000000,16741167,filer,5124408,4515000,0,0,none
5660,Muhammad Nadeem Bhatti,Karachi,400000,190428,filer,0,0,0,0,none
9527,Usama Mengal,Lahore,500000,536131,filer,0,0,0,0,none
5665,Muhammad Bashir Dar,Lahore,48209800,68141628,filer,23114570,16138430,0,0,none
5666,Mohd Zobair Memn,Karachi,500000,408860,filer,0,0,0,0,none
5668,Ayaz Shah,Sialkot,15000000,16211639,filer,4939074,4515000,0,0,none
5670,Sana Kazmi,Faisalabad,800000,879090,filer,13954,10000,0,0,none
5671,Nida Bibi,Faisalabad,500000,621646,filer,1082,0,0,0,none
556,Bashir Kazmi,Karachi,500000,366807,filer,0,0,0,0,none
558,Raza Janjua,Gujranwala,500000,602869,filer,143,0,0,0,none
3473,Sajid Khan,Karachi,500000,0,absent,0,0,0,0,none
3474,Shuaib Jutt,Lahore,800000,1369402,filer,55410,10000,0,0,none
8394,Ayesha Gujjar,Karachi,500000,566530,filer,0,0,0,0,none
1283,Komal Magsi,Karachi,500000,0,absent,0,0,0,0,none
7366,Aiman Begum,Lahore,500000,490329,filer,0,0,0,0,none
3446,Muhammad Zahid Mirza,Karachi,37870200,67471318,filer,22879961,12519570,0,0,none
9428,Usama Warraich,Quetta,500000,209616,filer,0,0,0,0,none
3449,Komal Gondal,Hyderabad,500000,526746,filer,0,0,0,0,none
1291,Muhammad Ali Hamdani,Sialkot,60383000,77252161,filer,26303256,20399050,0,0,none
5676,Muhammed Ismail Tareen,Lahore,500000,436081,filer,0,0,0,0,none
5677,Mohammed Ejaz Khokhar,Karachi,500000,0,absent,0,0,0,0,none
5679,Taimur Gondal,Gujranwala,500000,377540,filer,0,0,0,0,none
5680,Muhammad Mudassar Bajwa,Karachi,500000,316637,filer,0,0,0,0,none
5682,Zeeshan Niazi,Islamabad,500000,0,absent,0,0,0,0,none
5683,Muhammad Yasir Siddiqui,Lahore,6000000,13142748,filer,3864962,1365000,0,0,none
5688,Ismail Tareen,Sialkot,500000,312646,filer,0,0,0,0,none
3456,M Hassan Bhatti,Karachi,33540400,45865296,filer,15317854,11004140,0,0,none
3459,Shabana Naqvi,Karachi,500000,0,absent,0,0,0,0,none
3431,Fathima Cheema,Islamabad,500000,372967,filer,0,0,0,0,none
3434,Muhammad Waseem Tarar,Lahore,2500000,2598084,filer,279521,255000,0,0,none
3442,Zainab Janjua,Lahore,800000,810789,filer,10539,10000,0,0,none
3415,Zoya Naqvi,Peshawar,800000,1073574,filer,23679,10000,0,0,none
3416,Mohd Bilal Naqvi,Karachi,800000,924043,filer,16202,10000,0,0,none
5694,Naila Dar,Hyderabad,800000,1142088,filer,27104,10000,0,0,none
5696,Iqbal Rizvi,Islamabad,500000,343919,filer,0,0,0,0,none
5698,Moin Shaikh,Lahore,500000,489215,filer,0,0,0,0,none
5699,Muhammmad Haroon Sial,Lahore,800000,893248,filer,14662,10000,0,0,none
5702,Mohd Waqar Marwat,Rawalpindi,800000,1014086,filer,20704,10000,0,0,none
5704,Hammad Marwat,Rawalpindi,40148200,73722083,filer,25067729,13316870,0,0,none
5673,Muhammad Irfan Khokhar,Peshawar,800000,1018617,filer,20931,10000,0,0,none
5675,Hussain Siddiqui,Lahore,500000,254125,filer,0,0,0,0,none
1278,Sadia Tarar,Karachi,18886600,43117874,filer,14356256,5875310,0,0,none
1279,صبا صدیقی,Karachi,500000,594894,filer,0,0,0,0,none
1280,Anika Bajwa,Gujranwala,31589312,35821790,filer,11802626,10321259,0,0,none
7395,Areeba Magsi,Peshawar,800000,1200308,filer,30046,10000,0,0,none
5707,Muhammad Shafiq Kakar,Islamabad,534400,595884,filer,0,0,0,0,none
5709,Amna Bhutto,Quetta,500000,431786,filer,0,0,0,0,none
5710,Aiman Gilani,Hyderabad,59657400,81973952,filer,27955883,20145090,0,0,none
5711,Mohammad Saied Quraishi,Karachi,800000,1033171,filer,21659,10000,0,0,none
5712,Komal Bhatti,Karachi,500000,274026,filer,0,0,0,0,none
5713,Muhammed Pervez Shah,Peshawar,500000,521479,filer,0,0,0,0,none
5715,Hamid Bhutto,Islamabad,6000000,11417049,filer,3260967,1365000,0,0,none
5717,Anika Naqvi,Quetta,536000,604576,filer,229,0,0,0,none
5723,Farah Sial,Islamabad,2500000,3178944,filer,424736,255000,0,0,none
5689,Muhammad Rizwan Malik,Lahore,500000,246536,filer,0,0,0,0,none
5691,M Irfan Hamdani,Peshawar,400000,607978,filer,399,0,0,0,none
5692,Aiman Malik,Quetta,28289600,40454316,filer,13424011,9166360,0,0,none
1295,Khalid Hashmi,Multan,800000,973043,filer,18652,10000,0,0,none
1300,Jamil Soomro,Karachi,400000,227957,filer,0,0,0,0,none
1301,M Sufyan Marwat,Lahore,500000,517344,filer,0,0,0,0,none
3422,Iqra Siddiqui,Quetta,500000,689202,filer,4460,0,0,0,none
3423,Muhammad Ejaz Jutt,Lahore,800000,826951,filer,11348,10000,0,0,none
3426,Javeria Qureshi,Multan,43778200,87771367,filer,29984978,14587370,0,0,none
3427,Rafiq Jamali,Quetta,500000,311986,filer,0,0,0,0,none
3429,Yasir Abbas,Faisalabad,800000,1360615,filer,54092,10000,0,0,none
4047,Muhammad Ahmed Zaidi,Karachi,37564866,69955846,filer,23749546,12412703,0,0,none
3399,Mohd Sshafique Siddiqi,Lahore,500000,395634,filer,0,0,0,0,none
3400,Haroon Arain,Islamabad,31519875,43330869,filer,14430804,10296956,0,0,none
3401,Muhammad Waqar Bajwa,Karachi,800000,877919,filer,13896,10000,0,0,none
7424,Qasim Yousafzai,Lahore,500000,489971,filer,0,0,0,0,none
545,Abid Rizvi,Quetta,500000,402972,filer,0,0,0,0,none
547,Noman Janjua,Peshawar,500000,427012,filer,0,0,0,0,none
548,Shagufta Cheema,Peshawar,20095600,36564176,filer,12062462,6298460,0,0,none
549,Hina Cheema,Gujranwala,2500000,2507027,filer,256757,255000,0,0,none
550,Shabana Khattak,Islamabad,38229200,51112044,filer,17154215,12645220,0,0,none
5729,Fariha Abbasi,Quetta,400000,361739,filer,0,0,0,0,none
5767,M Shahzad Khokhar,Sialkot,500000,632882,filer,1644,0,0,0,none
5770,Rizwan Magsi,Lahore,915600,1106465,filer,25323,15780,0,0,none
5773,Ghulam Gondal,Karachi,35259000,42674033,filer,14200912,11605650,0,0,none
7453,Amna Kakar,Rawalpindi,2500000,2560938,filer,270234,255000,0,0,none
5734,Areeba Zaiidi,Rawalpindi,500000,619767,filer,988,0,0,0,none
5735,Imran Bhutto,Rawalpindi,800000,1259512,filer,38927,10000,0,0,none
5736,Riyaz Gondal,Hyderabad,400000,0,absent,0,0,0,0,none
5737,Noman Khokhar,Rawalpindi,55917000,63497251,filer,21489038,18835950,0,0,none
5738,Hussain Mirza,Hyderabad,500000,0,absent,0,0,0,0,none
5743,Muhammed Ali Kazmi,Islamabad,500000,0,absent,0,0,0,0,none
10440,Asad Lodhi,Rawalpindi,50607400,61779685,filer,20887890,16977590,0,0,none
5749,Nida Bajwa,Karachi,44168169,46687645,filer,15605676,14723859,0,0,none
539,Muhammed Tanvir Soomro,Multan,500000,0,absent,0,0,0,0,none
543,Sana Virk,Peshawar,500000,530661,filer,0,0,0,0,none
3418,Bushra Hamdani,Multan,535800,627085,filer,1354,0,0,0,none
4890,Ahmed Bhutto,Karachi,36436000,71501109,filer,24290388,12017600,0,0,none
5750,M Karim Kayani,Gujranwala,500000,603961,filer,198,0,0,0,none
5753,Rukhsana Yousafzai,Rawalpindi,500000,318326,filer,0,0,0,0,none
3405,Abdullah Jutt,Islamabad,0,57143980,filer,19265393,0,0,0,none
3406,Sajid Butt,Quetta,6000000,20582681,filer,6468938,1365000,0,0,none
3407,Iqra Butt,Islamabad,17616138,38993367,filer,12912678,5430648,0,0,none
3408,Tahirah Marwat,Hyderabad,500000,271893,filer,0,0,0,0,none
9852,Yasmin Kayani,Rawalpindi,500000,353998,filer,0,0,0,0,none
3410,Mohd Zeeshan Choudhry,Islamabad,800000,1041128,filer,22056,10000,0,0,none
7159,Muhammad Mubashir Ansari,Quetta,500000,511585,filer,0,0,0,0,none
3386,Mohd Talha Awan,Lahore,72246400,74408094,filer,25307833,24551240,0,0,none
3388,Fahad Marwat,Islamabad,48729400,52472576,filer,17630402,16320290,0,0,none
3389,Shoib Shah,Faisalabad,500000,461916,filer,0,0,0,0,none
5758,M Abid Khan,Lahore,500000,451746,filer,0,0,0,0,none
5762,Ayaz Malik,Lahore,963400,1236489,filer,35473,18170,0,0,none
5763,Bilal Magsi,Hyderabad,15000000,16736158,filer,5122655,4515000,0,0,none
5765,Muhammad Bashir Janjua,Faisalabad,500000,0,absent,0,0,0,0,none
3391,Zeeshan Gondal,Islamabad,800000,874157,filer,13708,10000,0,0,none
3392,Fawad Siddiqui,Karachi,19348220,35715579,filer,11765453,6036877,0,0,none
8137,Mohd Umar Warraich,Hyderabad,500000,389440,filer,0,0,0,0,none
3394,Navid Khan,Islamabad,800000,1024493,filer,21225,10000,0,0,none
7595,Farah Begg,Karachi,500000,444138,filer,0,0,0,0,none
3396,Muhammad Younis Bhutto,Peshawar,800000,909592,filer,15480,10000,0,0,none
8417,Yasmin Mirza,Rawalpindi,500000,652108,filer,2605,0,0,0,none
3398,Muhammad Hussain Ansari,Lahore,500000,471267,filer,0,0,0,0,none
7137,Muhammad Liaquat Mirza,Islamabad,800000,1214012,filer,32102,10000,0,0,none
1308,Shahid Bhutto,Faisalabad,63582600,79536308,filer,27102708,21518910,0,0,none
5785,Javed Zaidi,Lahore,500000,270747,filer,0,0,0,0,none
5786,Said Warraich,Islamabad,500000,316919,filer,0,0,0,0,none
5788,Zoya Tareen,Faisalabad,500000,438960,filer,0,0,0,0,none
5789,Riaz Yusufzai,Lahore,30031400,62678149,filer,21202352,9775990,0,0,none
5790,Muhammad Yousuf Jamali,Multan,800000,777709,filer,8885,10000,1115,0,none
5791,Hina Sandhu,Karachi,36189000,46431876,filer,15516157,11931150,0,0,none
1310,Arif Sial,Karachi,46512000,63147630,filer,21366670,15544200,0,0,none
1311,Warda Qureishi,Lahore,500000,550499,filer,0,0,0,0,none
1312,Kashif Jamali,Karachi,500000,587424,filer,0,0,0,0,none
3385,M Kasim Magsi,Gujranwala,800000,774024,filer,8701,10000,1299,0,none
8062,Waleed Jutt,Lahore,500000,297660,filer,0,0,0,0,none
530,Mohammed Moin Tarar,Lahore,29835600,42181393,filer,14028488,9707460,0,0,none
10411,Muhammad Navid Ch,Rawalpindi,45378267,47103242,filer,15751135,15147393,0,0,none
532,Mohammed Sufyan Butt,Sialkot,36756200,40874117,filer,13570941,12129670,0,0,none
534,Muhammad Sajid Siddiqui,Multan,800000,878292,filer,13915,10000,0,0,none
5799,Mohammed Abid Malik,Rawalpindi,500000,0,absent,0,0,0,0,none
5800,Wasim Bhatti,Bahawalpur,800000,1165558,filer,28278,10000,0,0,none
5801,Waleed Paracha,Multan,800000,1289975,filer,43496,10000,0,0,none
5804,Salman Gujjar,Islamabad,500000,0,absent,0,0,0,0,none
5775,Iqbal Afridi,Bahawalpur,830000,990656,filer,19533,11500,0,0,none
5776,Sohail Dar,Peshawar,528000,591101,filer,0,0,0,0,none
3390,Mohammed Kashif Siddiqi,Lahore,800000,1142317,filer,27116,10000,0,0,none
520,Mohd Mubashir Sial,Karachi,61437800,64268742,filer,21759060,20768230,0,0,none
521,Mohd Bilal Satti,Lahore,500000,515084,filer,0,0,0,0,none
5808,Muhammad Aslam Afridi,Karachi,500000,514144,filer,0,0,0,0,none
6961,Amna Bibi,Faisalabad,500000,315307,filer,0,0,0,0,none
5811,Akram Durrani,Lahore,800000,1252454,filer,37868,10000,0,0,none
5812,Taimur Rajput,Islamabad,500000,0,absent,0,0,0,0,none
5813,Adnan Niazi,Islamabad,800000,898826,filer,14941,10000,0,0,none
5814,Zubair Rizvi,Rawalpindi,500000,338742,filer,0,0,0,0,none
5816,Saad Durrani,Quetta,500000,520251,filer,0,0,0,0,none
5818,Mohd Salman Abbas,Karachi,500000,0,absent,0,0,0,0,none
5819,Ibrahim Sooomro,Lahore,800000,961183,filer,18059,10000,0,0,none
5820,Aiman Janjua,Lahore,500000,611870,filer,594,0,0,0,none
5821,Moin Memon,Lahore,500000,0,absent,0,0,0,0,none
5822,Mohammad Aamir Bhatti,Lahore,500000,605717,filer,286,0,0,0,none
526,Mohammed Ashraf Hamdani,Lahore,500000,472964,filer,0,0,0,0,none
529,Mohammad Younis Rajput,Sialkot,54878800,63126755,filer,21359364,18472580,0,0,none
3353,Muhammed Talha Cheema,Lahore,500000,0,absent,0,0,0,0,none
3328,Nida Virk,Rawalpindi,500000,0,absent,0,0,0,0,none
3329,Muhammad Mehmood Raja,Faisalabad,500000,0,absent,0,0,0,0,none
3365,Muhammad Rehan Baig,Islamabad,500000,0,absent,0,0,0,0,none
10263,Mudassar Niazi,Bahawalpur,57582800,73367188,filer,24943516,19418980,0,0,none
3370,Mohammad Ibrahim Durrani,Hyderabad,20383400,49425712,filer,16563999,6399190,0,0,none
3372,Ismail Arain,Hyderabad,800000,1071428,filer,23571,10000,0,0,none
3374,Aamir Rajput,Quetta,800000,1074409,filer,23720,10000,0,0,none
1302,Rizwan Janjua,Quetta,500000,0,absent,0,0,0,0,none
1304,M Saad Sidiqui,Lahore,800000,1103827,filer,25191,10000,0,0,none
1306,M Usama Hashmi,Gujranwala,500000,0,absent,0,0,0,0,none
5826,Eman Rajja,Sialkot,37051584,50664600,filer,16997610,12233054,0,0,none
513,Mohammed Imran Warraich,Lahore,800000,826119,filer,11306,10000,0,0,none
515,Kashif Abbas,Faisalabad,500000,235893,filer,0,0,0,0,none
516,M Younis Paracha,Rawalpindi,33960800,53094187,filer,17847965,11151280,0,0,none
587,Irfan Lodhi,Gujranwala,42280000,75733723,filer,25771803,14063000,0,0,none
5863,Muhammad Islam Mirza,Karachi,500000,582628,filer,0,0,0,0,none
5864,Muhammad Saeed Arain,Karachi,500000,459643,filer,0,0,0,0,none
5865,Areeba Janjua,Bahawalpur,800000,977723,filer,18886,10000,0,0,none
5868,Maryam Jutt,Hyderabad,800000,1037068,filer,21853,10000,0,0,none
523,Muhammed Ejaz Ansari,Rawalpindi,22424180,25581564,filer,8218547,7113463,0,0,none
5832,Adnan Rizvi,Rawalpindi,500000,93475,filer,0,0,0,0,none
5836,Mohammad Riaz Rajput,Rawalpindi,500000,0,absent,0,0,0,0,none
5838,Talha Niazi,Gujranwala,75946400,79357307,filer,27040057,25846240,0,0,none
5840,Irfan Rizvi,Multan,500000,555374,filer,0,0,0,0,none
5843,Hasan Rajput,Gujranwala,500000,518859,filer,0,0,0,0,none
5847,Nasir Tareen,Karachi,800000,751934,filer,7597,10000,2403,0,none
5848,Pervez Tarar,Quetta,533400,643774,filer,2189,0,0,0,none
5824,Salman Janjua,Hyderabad,500000,0,absent,0,0,0,0,none
3346,Javeria Sial,Faisalabad,29412418,36728683,filer,12120039,9559346,0,0,none
3350,Aleena Warraich,Lahore,28410600,62767435,filer,21233602,9208710,0,0,none
3351,Fatima Butt,Faisalabad,800000,790484,filer,9524,10000,476,0,none
506,Mohammed Akram Bhatti,Lahore,400000,900000,filer,15000,0,0,0,none
507,Zeeshan Butt,Lahore,800000,1106535,filer,25327,10000,0,0,none
511,Muhammed Ibrahim Gilani,Karachi,800000,803621,filer,10181,10000,0,0,none
9976,Muhammad Anwar Qureshi,Multan,500000,300202,filer,0,0,0,0,none
9857,Kiran Akhtar,Karachi,500000,435713,filer,0,0,0,0,none
5874,Warda Bhatti,Karachi,35755200,48444703,filer,16220646,11779320,0,0,none
5875,Noman Guujjar,Karachi,537600,647399,filer,2370,0,0,0,none
5877,Mohammed Qasem Shah,Lahore,500000,380571,filer,0,0,0,0,none
5851,Shahzad Kazmi,Islamabad,800000,983267,filer,19163,10000,0,0,none
5852,Talha Abbas,Karachi,821400,1227900,filer,34185,11070,0,0,none
5855,Mohd Yousuf Magsi,Gujranwala,30435151,34668103,filer,11398836,9917303,0,0,none
9085,Shaista Abbas,Rawalpindi,500000,295069,filer,0,0,0,0,none
5857,Shuaib Mirza,Lahore,500000,506464,filer,0,0,0,0,none
5858,Fahad Soomro,Quetta,500000,390735,filer,0,0,0,0,none
5860,Nadeem Paracha,Bahawalpur,808200,1034384,filer,21719,10410,0,0,none
5862,Amna Qureishi,Hyderabad,800000,1014910,filer,20746,10000,0,0,none
5896,Laiba Khan,Karachi,400000,224172,filer,0,0,0,0,none
501,Shagufta Naqvi,Karachi,500000,415738,filer,0,0,0,0,none
504,Shoaib Memon,Lahore,15000000,23371470,filer,7445014,4515000,0,0,none
1318,Rida Bibi,Karachi,37273400,70058599,filer,23785510,12310690,0,0,none
1320,Mazhar Bhatti,Rawalpindi,500000,0,absent,0,0,0,0,none
1321,Mohammed Yousuf Durrani,Karachi,500000,588398,filer,0,0,0,0,none
1326,Irfan Paracha,Rawalpindi,500000,0,absent,0,0,0,0,none
1328,Faisal Sandhu,Karachi,800000,1246653,filer,36998,10000,0,0,none
1329,Noor Sheikh,Lahore,500000,0,absent,0,0,0,0,none
4239,Saad Gujjar,Lahore,17496200,34559895,filer,11360963,5388670,0,0,none
1330,Aleena Mengal,Rawalpindi,25562400,56434141,filer,19016949,8211840,0,0,none
3331,Nida Tareen,Karachi,500000,401469,filer,0,0,0,0,none
3311,Hira Hamdani,Sialkot,513400,579718,filer,0,0,0,0,none
3312,Yasir Mirza,Karachi,23845028,49577364,filer,16617077,7610760,0,0,none
3314,Kashif Kazmi,Hyderabad,500000,0,absent,0,0,0,0,none
4674,Amna Khan,Islamabad,24519000,34059072,filer,11185675,7846650,0,0,none
5880,Yasmin Zaidi,Karachi,26788600,30282481,filer,9863868,8641010,0,0,none
3315,M Zubair Shah,Quetta,500000,569962,filer,0,0,0,0,none
3316,Mohd Owais Wattoo,Karachi,500000,580130,filer,0,0,0,0,none
9046,Nawaz Khokhar,Lahore,500000,417430,filer,0,0,0,0,none
3319,Sidra Shah,Hyderabad,24109600,55047485,filer,18531620,7703360,0,0,none
3323,Mohd Danish Akhtar,Islamabad,69603400,82315421,filer,28075397,23626190,0,0,none
1333,Mehmud Abbasi,Hyderabad,500000,0,absent,0,0,0,0,none
1335,Muhammed Salman Naqvi,Rawalpindi,800000,1095946,filer,24797,10000,0,0,none
5882,Durdana Rajput,Karachi,500000,0,absent,0,0,0,0,none
5885,Tooba Niazi,Quetta,569200,0,absent,0,0,0,0,none
5887,Asma Tareen,Islamabad,500000,294476,filer,0,0,0,0,none
8333,Husain Cheema,Gujranwala,800000,1357507,filer,53626,10000,0,0,none
5891,Kiran Satti,Karachi,500000,0,absent,0,0,0,0,none
5893,Mohd Junaid Mirza,Peshawar,800000,894527,filer,14726,10000,0,0,none
9829,Maira Gondal,Lahore,975000,1264290,filer,39644,18750,0,0,none
9116,Saad Satti,Islamabad,500000,211238,filer,0,0,0,0,none
3265,Robin Tareen,Sialkot,800000,1398834,filer,59825,10000,0,0,none
3268,Naila Mengal,Lahore,800000,919136,filer,15957,10000,0,0,none
1338,Sehrish Begum,Rawalpindi,400000,208697,filer,0,0,0,0,none
1340,Mohammed Noman Ansari,Quetta,500000,638912,filer,1946,0,0,0,none
1341,Maira Bibi,Faisalabad,33197000,46502885,filer,15541010,10883950,0,0,none
7700,محمد اسلم انصاری,Lahore,500000,238135,filer,0,0,0,0,none
3305,Shaista Magsi,Lahore,800000,1171482,filer,28574,10000,0,0,none
3307,Muhammed Salman Jamali,Multan,800000,1086341,filer,24317,10000,0,0,none
3308,Nida Cheema,Lahore,27572000,28891761,filer,9377116,8915200,0,0,none
7317,Fariha Awan,Peshawar,800000,1064599,filer,23230,10000,0,0,none
3285,Ayesha Butt,Lahore,400000,0,absent,0,0,0,0,none
5902,محمد قاسم رضوی,Karachi,400000,0,absent,0,0,0,0,none
5905,Salman Bajwa,Bahawalpur,500000,480001,filer,0,0,0,0,none
9562,Muhammed Abid Awan,Karachi,6000000,18559654,filer,5760879,1365000,0,0,none
10189,Iqra Begum,Islamabad,500000,623092,filer,1155,0,0,0,none
5879,Hasan Butt,Karachi,500000,603886,filer,194,0,0,0,none
5935,محمد ریاض زیدی,Peshawar,500000,500910,filer,0,0,0,0,none
5937,Muhammad Shahid Chaudhry,Islamabad,800000,777824,filer,8891,10000,1109,0,none
5938,Farhan Tareen,Rawalpindi,800000,1236737,filer,35511,10000,0,0,none
490,Mohammed Sufyan Kazmi,Karachi,22118484,28623452,filer,9283208,7006469,0,0,none
492,Amna Gilani,Karachi,45431600,50814007,filer,17049902,15166060,0,0,none
493,Mohammad Waqar Satti,Rawalpindi,800000,1173027,filer,28651,10000,0,0,none
10491,Muhammad Ismail Kayani,Rawalpindi,15000000,32318509,filer,10576478,4515000,0,0,none
498,Rukhsana Ansari,Islamabad,15000000,33357277,filer,10940047,4515000,0,0,none
10260,Zoya Marwat,Islamabad,24643838,45890895,filer,15326813,7890343,0,0,none
5897,Mohammad Mazhar Khan,Hyderabad,500000,442434,filer,0,0,0,0,none
5898,Fatima Awan,Rawalpindi,500000,0,absent,0,0,0,0,none
5900,Younis Butt,Lahore,500000,498733,filer,0,0,0,0,none
3287,Muhammad Ghulam Abbas,Lahore,500000,427006,filer,0,0,0,0,none
3291,Yousuf Qureishi,Bahawalpur,800000,837753,filer,11888,10000,0,0,none
3292,Hina Abbas,Karachi,500000,419270,filer,0,0,0,0,none
3303,Komal Hashmi,Multan,42617644,45356397,filer,15139739,14181175,0,0,none
5924,Muhammad Abdullah Abbasi,Gujranwala,500000,0,absent,0,0,0,0,none
5925,Mohammad Naveed Baig,Lahore,75914800,79720942,filer,27167330,25835180,0,0,none
3271,Rabia Rajput,Hyderabad,800000,982199,filer,19110,10000,0,0,none
6945,Ahmed Kazmi,Rawalpindi,800000,1247926,filer,37189,10000,0,0,none
3274,Hina Abbas,Faisalabad,500000,0,absent,0,0,0,0,none
3277,Warda Abbasi,Karachi,800000,1329082,filer,49362,10000,0,0,none
3278,Muhammad Liaquat Shah,Lahore,800000,982839,filer,19142,10000,0,0,none
3279,Ayaz Warraich,Quetta,800000,1275732,filer,41360,10000,0,0,none
3280,Shahid Kayani,Rawalpindi,500000,249179,filer,0,0,0,0,none
3282,Ejaz Sandhu,Karachi,800000,1263454,filer,39518,10000,0,0,none
7148,Anika Beg,Lahore,500000,412726,filer,0,0,0,0,none
1346,Javeria Magsi,Peshawar,835400,1417560,filer,62634,11770,0,0,none
5927,Sajid Raja,Lahore,400000,0,absent,0,0,0,0,none
8712,Mubashir Marwat,Hyderabad,6000000,12994013,filer,3812905,1365000,0,0,none
5930,Mehmood Gujjar,Karachi,61327000,81003399,filer,27616190,20729450,0,0,none
5932,Muhammad Rehan Malik,Multan,800000,994339,filer,19717,10000,0,0,none
7636,Waleed Memon,Islamabad,500000,601997,filer,100,0,0,0,none
5941,Asad Niazi,Lahore,500000,0,absent,0,0,0,0,none
1350,Hassan Mughal,Karachi,15000000,15358126,filer,4640344,4515000,0,0,none
8732,Ahmed Khattak,Lahore,500000,316895,filer,0,0,0,0,none
3258,Eman Gujjar,Lahore,500000,357241,filer,0,0,0,0,none
3261,Mahnoor Mirza,Hyderabad,500000,444058,filer,0,0,0,0,none
3241,Waqar Dar,Gujranwala,500000,240814,filer,0,0,0,0,none
3244,Hussian Khan,Bahawalpur,26316200,28391955,filer,9202184,8475670,0,0,none
7834,Muhammad Ibrahim Wattoo,Gujranwala,890600,1163839,filer,28192,14530,0,0,none
5944,Robina Bhutto,Lahore,500000,571257,filer,0,0,0,0,none
7670,Muhammad Mubashir Raja,Karachi,800000,978816,filer,18941,10000,0,0,none
5945,Rabia Cheema,Karachi,500000,600136,filer,7,0,0,0,none
10338,Mohd Waqar Bhutto,Lahore,28191136,29239301,filer,9498755,9131898,0,0,none
5949,Aiman Memon,Karachi,500000,354316,filer,0,0,0,0,none
5951,Hira Begum,Multan,518600,658402,filer,2920,0,0,0,none
5920,Mudassar Niazi,Islamabad,400000,0,absent,0,0,0,0,none
5955,Mansoor Mengal,Rawalpindi,500000,566660,filer,0,0,0,0,none
9040,Waqar Lodhi,Rawalpindi,500000,236812,filer,0,0,0,0,none
3247,Hassan Abbas,Karachi,800000,1381381,filer,57207,10000,0,0,none
3252,Liaquat Quraishi,Lahore,500000,665415,filer,3271,0,0,0,none
3254,Mohammed Hussain Gujjar,Karachi,46728600,57725176,filer,19468812,15620010,0,0,none
3256,Muhammad Fawad Mengal,Rawalpindi,500000,222805,filer,0,0,0,0,none
3257,Durdana Choudhry,Islamabad,800000,963005,filer,18150,10000,0,0,none
5956,Mubashir Soomro,Karachi,3000000,3097743,filer,404436,380000,0,0,none
5957,Mohd Owais Marwat,Quetta,800000,1211308,filer,31696,10000,0,0,none
5958,Imran Afridi,Gujranwala,500000,0,absent,0,0,0,0,none
5959,Mohammed Zeeshan Butt,Karachi,500000,0,absent,0,0,0,0,none
5964,Laiba Bhutto,Lahore,42912626,64082360,filer,21693826,14284419,0,0,none
5965,Muhammad Salman Abbasi,Gujranwala,500000,462669,filer,0,0,0,0,none
5967,Muhammed Yasir Marwat,Hyderabad,500000,511865,filer,0,0,0,0,none
5974,Junaid Akhtar,Lahore,500000,485254,filer,0,0,0,0,none
5940,Sufyan Jamali,Bahawalpur,800000,821082,filer,11054,10000,0,0,none
10542,Mohammad Danish Zaidi,Hyderabad,34823200,44470626,filer,14829719,11453120,0,0,none
5996,Riaz Rizvi,Islamabad,30147800,50445188,filer,16920816,9816730,0,0,none
5997,Muhammad Fahad Arain,Lahore,800000,929819,filer,16491,10000,0,0,none
5977,Kiran Yousafzai,Lahore,800000,871480,filer,13574,10000,0,0,none
8655,Sajid Arain,Lahore,800000,1314934,filer,47240,10000,0,0,none
5980,Javeria Khokhar,Hyderabad,500000,359978,filer,0,0,0,0,none
5982,Aslam Khattak,Karachi,500000,0,absent,0,0,0,0,none
5983,Shaista Bajwa,Rawalpindi,500000,357487,filer,0,0,0,0,none
5985,Durdana Bhutto,Rawalpindi,500000,0,absent,0,0,0,0,none
5987,Haroon Sheikh,Karachi,800000,1116468,filer,25823,10000,0,0,none
5988,Tariq Siddiqi,Lahore,2500000,2770242,filer,322560,255000,0,0,none
5990,Faiza Jutt,Karachi,500000,283969,filer,0,0,0,0,none
5991,M Shahid Wattoo,Karachi,500000,374161,filer,0,0,0,0,none
7190,Kiran Bibi,Karachi,800000,833562,filer,11678,10000,0,0,none
5952,Hamid Warraich,Gujranwala,800000,830383,filer,11519,10000,0,0,none
5953,Danish Sial,Karachi,500000,0,absent,0,0,0,0,none
6024,Mohd Asad Abbasi,Faisalabad,800000,755677,filer,7784,10000,2216,0,none
481,Rashid Soomro,Peshawar,800000,892310,filer,14616,10000,0,0,none
482,Muhammad Zahid Mengal,Hyderabad,42777400,62145133,filer,21015797,14237090,0,0,none
3225,Nida Soomro,Peshawar,500000,241716,filer,0,0,0,0,none
3230,M Jamil Siddiqi,Rawalpindi,500000,99239,filer,0,0,0,0,none
3231,Uthman Soomro,Faisalabad,15000000,15706459,filer,4762261,4515000,0,0,none
4767,Faraz Butt,Rawalpindi,16872665,22092481,filer,6997368,5170433,0,0,none
3235,Mohd Bashir Jutt,Gujranwala,6000000,9582943,filer,2619030,1365000,0,0,none
3237,Muhammed Moin Durrani,Lahore,500000,606193,filer,310,0,0,0,none
1357,Bashir Marwat,Faisalabad,500000,487672,filer,0,0,0,0,none
1688,Saba Baig,Hyderabad,25270200,27760615,filer,8981215,8109570,0,0,none
1358,Mohd Yasir Baig,Rawalpindi,500000,430140,filer,0,0,0,0,none
8652,Shahzad Butt,Lahore,500000,512579,filer,0,0,0,0,none
10429,Mohammed Aamir Tarar,Rawalpindi,19935691,29479128,filer,9582695,6242492,0,0,none
1114,Abid Wattoo,Gujranwala,26857736,30156536,filer,9819788,8665208,0,0,none
5993,Muhammed Zafar Magsi,Rawalpindi,800000,851272,filer,12564,10000,0,0,none
1360,Ejaz Mughal,Rawalpindi,800000,986125,filer,19306,10000,0,0,none
9760,M Aslam Bajwa,Gujranwala,800000,1202075,filer,30311,10000,0,0,none
10511,Muhammad Danish Paracha,Faisalabad,21668758,40426873,filer,13414406,6849065,0,0,none
3215,Zainab Afridi,Rawalpindi,500000,0,absent,0,0,0,0,none
3219,Mohammed Mazhar Janjua,Multan,500000,0,absent,0,0,0,0,none
3200,Taimur Satti,Rawalpindi,63971400,78731063,filer,26820872,21654990,0,0,none
5233,Ayesha Gujjar,Lahore,40188800,72614617,filer,24680116,13331080,0,0,none
3202,Waqar Memon,Peshawar,16492800,38648399,filer,12791940,5037480,0,0,none
6009,Liaquat Mughal,Islamabad,400000,546057,filer,0,0,0,0,none
6010,Saba Geelani,Rawalpindi,500000,450143,filer,0,0,0,0,none
7888,Warda Arain,Islamabad,800000,948168,filer,17408,10000,0,0,none
6011,Hamid Qureishi,Karachi,500000,0,absent,0,0,0,0,none
6012,Asma Kakar,Lahore,1049800,1213255,filer,31988,22490,0,0,none
6014,Mohd Ejaz Raja,Peshawar,500000,462682,filer,0,0,0,0,none
6015,Asad Virk,Multan,26618328,56424373,filer,19013531,8581415,0,0,none
6016,Abdullah Ansari,Faisalabad,500000,335133,filer,0,0,0,0,none
467,Sidra Satti,Islamabad,72582800,81821369,filer,27902479,24668980,0,0,none
3205,Waqar Warraich,Hyderabad,500000,0,absent,0,0,0,0,none
3206,Aamir Magsi,Faisalabad,800000,1039264,filer,21963,10000,0,0,none
3208,Tanvir Virk,Lahore,500000,601180,filer,59,0,0,0,none
3174,Asma Siddiqui,Faisalabad,500000,486710,filer,0,0,0,0,none
3177,Hira Abbas,Lahore,500000,572752,filer,0,0,0,0,none
468,Anika Arain,Lahore,800000,1321558,filer,48234,10000,0,0,none
469,Muhammad Faraz Durrani,Karachi,17124200,18360682,filer,5691239,5258470,0,0,none
472,Kiran Bhatti,Gujranwala,500000,501541,filer,0,0,0,0,none
473,Nimra Sial,Lahore,18433400,43830662,filer,14605732,5716690,0,0,none
474,Shoaib Rajput,Sialkot,500000,613688,filer,684,0,0,0,none
10427,Muhammad Mansoor Bhutto,Faisalabad,15000000,19483324,filer,6084163,4515000,0,0,none
6029,Shazia Satti,Quetta,500000,520349,filer,0,0,0,0,none
6001,Mohd Raza Khattak,Sialkot,500000,551823,filer,0,0,0,0,none
6003,Salman Khan,Lahore,400000,0,absent,0,0,0,0,none
6007,Sadia Gilani,Lahore,500000,311855,filer,0,0,0,0,none
3179,Naveed Afridi,Islamabad,800000,1239936,filer,35990,10000,0,0,none
6882,Muhammed Kasim Khattak,Islamabad,800000,1361002,filer,54150,10000,0,0,none
3188,Mohammed Kashif Satti,Karachi,500000,349201,filer,0,0,0,0,none
3197,Muhammad Asad Begg,Quetta,500000,500880,filer,0,0,0,0,none
3168,Zubaida Mirza,Multan,800000,813171,filer,10659,10000,0,0,none
6038,Muhammad Rafiq Cheema,Gujranwala,500000,248568,filer,0,0,0,0,none
6039,Muhammed Faisal Arain,Gujranwala,500000,474510,filer,0,0,0,0,none
6041,Ghulam Gondal,Karachi,500000,310627,filer,0,0,0,0,none
6042,Muhammad Abid Raja,Bahawalpur,2500000,2974622,filer,373656,255000,0,0,none
8033,Muhammad Umar Mirza,Multan,501800,586756,filer,0,0,0,0,none
6043,Shazia Qureshi,Lahore,500000,233451,filer,0,0,0,0,none
6046,Mudassar Chaudhary,Karachi,800000,776695,filer,8835,10000,1165,0,none
6054,Jamil Hamdani,Karachi,37354809,57913228,filer,19534630,12339183,0,0,none
6056,Fariha Qureshi,Hyderabad,500000,0,absent,0,0,0,0,none
6057,عرفان گیلانی,Islamabad,6000000,6561325,filer,1561464,1365000,0,0,none
6027,Abdullah Btut,Karachi,500000,633290,filer,1664,0,0,0,none
6060,Mohammad Taimur Tarar,Rawalpindi,800000,916080,filer,15804,10000,0,0,none
7030,Lubna Siddiuqi,Islamabad,873800,1096620,filer,24831,13690,0,0,none
1370,Muhammad Hussain Sial,Karachi,2500000,2538958,filer,264740,255000,0,0,none
1371,Irfan Soomro,Lahore,500000,0,absent,0,0,0,0,none
1373,Muhammad Junaid Khokhar,Gujranwala,17068400,19999761,filer,6264916,5238940,0,0,none
1382,Laiba Malik,Islamabad,1000600,1411115,filer,61667,20030,0,0,none
1385,Tooba Siddiqi,Peshawar,500000,0,absent,0,0,0,0,none
6062,Mohd Fawad Warraich,Hyderabad,500000,0,absent,0,0,0,0,none
8018,Salman Tareen,Lahore,500000,558418,filer,0,0,0,0,none
6065,Mohammed Waleed Akhtar,Lahore,800000,831175,filer,11559,10000,0,0,none
6067,Sajid Cheema,Islamabad,500000,150288,filer,0,0,0,0,none
6070,Mohd Shahzad Chaudhry,Islamabad,800000,1101314,filer,25066,10000,0,0,none
6072,Muhammed Zafar Wattoo,Karachi,800000,757137,filer,7857,10000,2143,0,none
6037,Ahmed Awan,Lahore,500000,0,absent,0,0,0,0,none
8637,Ali Sidiqui,Lahore,800000,907375,filer,15369,10000,0,0,none
10490,Rasheed Virk,Rawalpindi,50479600,53290923,filer,17916823,16932860,0,0,none
6101,Bilawal Marwat,Karachi,36677400,71359322,filer,24240763,12102090,0,0,none
6103,Mehmud Bajwa,Rawalpindi,800000,975390,filer,18770,10000,0,0,none
6104,Abida Mughal,Bahawalpur,800000,816388,filer,10819,10000,0,0,none
6105,M Karim Khattak,Karachi,500000,0,absent,0,0,0,0,none
6075,Muhammad Waqar Sial,Lahore,17812044,23383829,filer,7449340,5499215,0,0,none
453,Anwar Bajwa,Karachi,31278539,34244046,filer,11250416,10212489,0,0,none
9370,Muhammad Khalid Bhatti,Quetta,500000,441254,filer,0,0,0,0,none
460,Tahirah Memon,Peshawar,500000,0,absent,0,0,0,0,none
7745,Mohammad Nawaz Mengal,Multan,500000,454603,filer,0,0,0,0,none
464,Noman Beg,Lahore,500000,472335,filer,0,0,0,0,none
6078,Liaquat Akhtar,Karachi,500000,378716,filer,0,0,0,0,none
8572,Maira Cheema,Karachi,500000,297892,filer,0,0,0,0,none
6081,Mohammed Yasir Mengal,Faisalabad,52491600,65250638,filer,22102723,17637060,0,0,none
6083,Nazia Jamali,Islamabad,500000,287073,filer,0,0,0,0,none
6084,M Hhamid Raja,Lahore,500000,511473,filer,0,0,0,0,none
6059,Mohd Kashif Durrani,Gujranwala,500000,388196,filer,0,0,0,0,none
3119,Muhammed Zobair Dar,Hyderabad,800000,788300,filer,9415,10000,585,0,none
1387,Muhammad Hamid Satti,Rawalpindi,30935800,71285940,filer,24215079,10092530,0,0,none
1388,Mohammad Yasir Sandhu,Lahore,500000,629989,filer,1499,0,0,0,none
1389,Nawaz Cheema,Lahore,45000600,68269974,filer,23159491,15015210,0,0,none
1390,Javeria Shah,Karachi,500000,0,absent,0,0,0,0,none
1391,Muhammed Tariq Virk,Lahore,6000000,9363960,filer,2542386,1365000,0,0,none
3157,M Noman Abbasi,Lahore,500000,456517,filer,0,0,0,0,none
7718,Mohammad Mubashir Hamdani,Karachi,992400,1355269,filer,53290,19620,0,0,none
3162,Muhammed Rasheed Hashmi,Gujranwala,500000,0,absent,0,0,0,0,none
3135,Mubashir Paracha,Karachi,3000000,3215581,filer,434674,380000,0,0,none
3139,M Rashid Hamdani,Multan,500000,564264,filer,0,0,0,0,none
3141,Tanveer Lodhi,Rawalpindi,543200,622784,filer,1139,0,0,0,none
6091,Rashid Quraishi,Multan,500000,310207,filer,0,0,0,0,none
6092,Akram Khan,Peshawar,500000,139112,filer,0,0,0,0,none
6097,Riaz Mughal,Lahore,800000,1296434,filer,44465,10000,0,0,none
6100,Ismail Abbas,Hyderabad,800000,775447,filer,8772,10000,1228,0,none
6135,Muhammed Akram Jamali,Bahawalpur,899400,1250985,filer,37648,14970,0,0,none
7125,Mohammad Karim Jamali,Gujranwala,1112400,1316119,filer,47418,25620,0,0,none
9204,Mohammad Naveed Kazmi,Islamabad,800000,962130,filer,18106,10000,0,0,none
6110,Waleed Siddiqui,Islamabad,20559174,28593593,filer,9272758,6460711,0,0,none
6111,Ayesha Rajput,Gujranwala,500000,0,absent,0,0,0,0,none
6112,Mansoor Gilani,Peshawar,43016000,51833835,filer,17406842,14320600,0,0,none
6113,Zainab Paracha,Bahawalpur,500000,0,absent,0,0,0,0,none
6120,Zubair Marwat,Quetta,500000,449504,filer,0,0,0,0,none
6121,Zubair Mughal,Karachi,500000,239105,filer,0,0,0,0,none
6123,Areeb Abegum,Multan,800000,973239,filer,18662,10000,0,0,none
6124,Muhammad Mudassar Virk,Islamabad,800000,1071409,filer,23570,10000,0,0,none
6089,Abid Hamdani,Rawalpindi,800000,782261,filer,9113,10000,887,0,none
3143,Maira Sidiqui,Bahawalpur,17461923,25090531,filer,8046686,5376673,0,0,none
3145,Lubna Wattoo,Lahore,500000,463019,filer,0,0,0,0,none
3152,Tanveer Ansari,Lahore,500000,0,absent,0,0,0,0,none
1381,Zafar Hashmi,Karachi,500000,0,absent,0,0,0,0,none
6127,Bushra Arain,Gujranwala,800000,1191602,filer,29580,10000,0,0,none
6128,Amna Soomro,Sialkot,500000,549323,filer,0,0,0,0,none
3124,Sehrish Bibi,Gujranwala,50767800,52491575,filer,17637051,17033730,0,0,none
3126,Muhammad Karim Malik,Peshawar,30824600,39713970,filer,13164890,10053610,0,0,none
3130,Shoaib Hamdain,Karachi,6000000,13963460,filer,4152211,1365000,0,0,none
3131,Mohd Yasir Kakar,Quetta,21338200,22199336,filer,7034768,6733370,0,0,none
7244,Mohd Bashir Khattak,Karachi,500000,355384,filer,0,0,0,0,none
3132,Mahnoor Bibi,Islamabad,500000,276528,filer,0,0,0,0,none
3133,Nida Khan,Lahore,500000,107045,filer,0,0,0,0,none
3104,Warda Qureishi,Lahore,800000,1161098,filer,28055,10000,0,0,none
8601,M Rehan Tareen,Karachi,500000,538634,filer,0,0,0,0,none
3105,Nida Gondal,Sialkot,37191800,37850687,filer,12512740,12282130,0,0,none
6129,Muhammad Waleed Khokhar,Karachi,800000,951015,filer,17551,10000,0,0,none
6131,M Ahmed Mughal,Multan,500000,0,absent,0,0,0,0,none
6133,Uzma Begum,Peshawar,500000,417603,filer,0,0,0,0,none
6134,Muhammad Salman Kazmi,Karachi,800000,927404,filer,16370,10000,0,0,none
6140,Mohammed Ibrahim Ansari,Lahore,500000,302578,filer,0,0,0,0,none
6141,Mohd Junaid Marwat,Lahore,6000000,7339070,filer,1833674,1365000,0,0,none
6142,Talha Khattak,Lahore,500000,257792,filer,0,0,0,0,none
3106,Khadija Begum,Peshawar,874800,1030262,filer,21513,13740,0,0,none
3107,Kashif Janjua,Lahore,500000,418225,filer,0,0,0,0,none
3113,Pervez Cheema,Bahawalpur,500000,494511,filer,0,0,0,0,none
3114,Muhammad Yasir Gondal,Gujranwala,800000,1058946,filer,22947,10000,0,0,none
3116,Fawad Naqvi,Islamabad,500000,0,absent,0,0,0,0,none
3117,Zainab Cheema,Quetta,800000,1394647,filer,59197,10000,0,0,none
1393,Hina Hashmi,Karachi,500000,0,absent,0,0,0,0,none
6151,Mohd Tanveer Afridi,Gujranwala,800000,813340,filer,10667,10000,0,0,none
6152,Muhammad Irfan Cheema,Sialkot,800000,1249482,filer,37422,10000,0,0,none
6156,Asif Qureshi,Islamabad,500000,0,absent,0,0,0,0,none
6157,Muhammed Kamran Magsi,Multan,800000,1045439,filer,22272,10000,0,0,none
8106,Pervez Bajwa,Karachi,887200,1135401,filer,26770,14360,0,0,none
6125,Fatima Gillani,Islamabad,500000,354974,filer,0,0,0,0,none
442,Mohd Omar Jamali,Faisalabad,500000,0,absent,0,0,0,0,none
443,Ayaz Khattak,Karachi,500000,650288,filer,2514,0,0,0,none
1396,Faiza Bhatti,Faisalabad,500000,560748,filer,0,0,0,0,none
1397,Kashif Soomro,Rawalpindi,500000,0,absent,0,0,0,0,none
9507,Bushra Mirza,Lahore,800000,1149710,filer,27486,10000,0,0,none
1399,Mohd Zafar Khokhar,Quetta,41501000,57551625,filer,19408069,13790350,0,0,none
1402,Haroon Hashmi,Gujranwala,500000,0,absent,0,0,0,0,none
1405,Zuabir Rizvi,Rawalpindi,500000,0,absent,0,0,0,0,none
3100,Muhammad Sufyan Magsi,Karachi,500000,0,absent,0,0,0,0,none
3079,Anika Paracha,Lahore,809000,1341706,filer,51256,10450,0,0,none
7860,M Usman Bhatti,Sialkot,800000,1082220,filer,24111,10000,0,0,none
449,Shazia Wattoo,Rawalpindi,500000,606915,filer,346,0,0,0,none
9859,Lubna Bajwa,Karachi,500000,360420,filer,0,0,0,0,none
6162,Muhammad Ashraf Gujjar,Islamabad,46293000,56390858,filer,19001800,15467550,0,0,none
6165,Bashir Awan,Lahore,800000,832141,filer,11607,10000,0,0,none
6166,Sana Niazi,Faisalabad,400000,0,absent,0,0,0,0,none
1417,Mohammad Ahmad Kakar,Bahawalpur,500000,0,absent,0,0,0,0,none
9245,Mohammad Arif Qureshi,Hyderabad,800000,910925,filer,15546,10000,0,0,none
3081,Robina Sandhu,Islamabad,500000,547445,filer,0,0,0,0,none
3082,Muhammad Mubashir Khokhar,Karachi,500000,445893,filer,0,0,0,0,none
3086,Komal Warraich,Karachi,26514800,39061855,filer,12936649,8545180,0,0,none
10311,Muhammed Hammad Akhtar,Faisalabad,63491400,88047984,filer,30081794,21486990,0,0,none
3091,Muhammad Shafique Yousafzai,Karachi,500000,279425,filer,0,0,0,0,none
9767,Usama Gujjar,Rawalpindi,500000,518459,filer,0,0,0,0,none
3067,Hussain Choudhry,Rawalpindi,15000000,18399863,filer,5704952,4515000,0,0,none
1406,Ali Gujjar,Bahawalpur,800000,1104298,filer,25215,10000,0,0,none
430,Bilal Hamdani,Faisalabad,400000,0,absent,0,0,0,0,none
432,Hussein Mughal,Karachi,500000,0,absent,0,0,0,0,none
6181,Hina Geelani,Lahore,800000,907778,filer,15389,10000,0,0,none
6185,Mohammad Bashir Jamali,Peshawar,800000,1079018,filer,23951,10000,0,0,none
6188,Lubna Begg,Faisalabad,17627400,27478581,filer,8882503,5434590,0,0,none
441,M Tariq Durrani,Bahawalpur,500000,265083,filer,0,0,0,0,none
1433,Hamid Hamdani,Lahore,800000,1213166,filer,31975,10000,0,0,none
1435,Muhammad Riaz Janjua,Karachi,41425800,53591570,filer,18022050,13764030,0,0,none
3059,Sana Ansari,Multan,49969000,64786586,filer,21940305,16754150,0,0,none
3061,Ibrahim Kakar,Peshawar,500000,617252,filer,863,0,0,0,none
3065,Rashid Bhutto,Karachi,15818200,27047356,filer,8731575,4801370,0,0,none
3066,Mohammed Younis Bhatti,Rawalpindi,500000,361535,filer,0,0,0,0,none
6195,Sana Arain,Quetta,500000,641359,filer,2068,0,0,0,none
6198,Noor Durrani,Quetta,500000,545344,filer,0,0,0,0,none
6200,Nimra Choudhry,Lahore,48005200,62712066,filer,21214223,16066820,0,0,none
6204,Rasheed Malik,Sialkot,15000000,16455995,filer,5024598,4515000,0,0,none
6205,Fariha Cheema,Bahawalpur,500000,444985,filer,0,0,0,0,none
6169,Nazia Bibi,Sialkot,800000,1177014,filer,28851,10000,0,0,none
6171,Sajid Akhtar,Hyderabad,800000,1223870,filer,33580,10000,0,0,none
1409,Mohammad Faysal Chaudhry,Karachi,13057600,26859898,filer,8665964,3835160,0,0,none
1410,Lubna Butt,Karachi,17402200,18157022,filer,5619958,5355770,0,0,none
5626,Faiza Sheikh,Peshawar,49899800,76137565,filer,25913148,16729930,0,0,none
8401,Mohammad Hassan Khattak,Faisalabad,800000,816626,filer,10831,10000,0,0,none
6235,Maryam Durrani,Lahore,500000,0,absent,0,0,0,0,none
6238,Sadia Begg,Hyderabad,400000,606413,filer,321,0,0,0,none
6239,Lubna Shah,Bahawalpur,51283800,75401725,filer,25655604,17214330,0,0,none
6207,Waqar Siddiqui,Karachi,800000,964112,filer,18206,10000,0,0,none
416,Abida Abbas,Rawalpindi,500000,573046,filer,0,0,0,0,none
418,Ayesha Jamali,Rawalpindi,22582901,29596128,filer,9623645,7169015,0,0,none
419,Mohammad Yousuf Shah,Lahore,19353200,33107350,filer,10852572,6038620,0,0,none
10483,Mohammad Asad Bhutto,Multan,26952800,29115899,filer,9455565,8698480,0,0,none
420,Nadim Hamdani,Sialkot,400000,450459,filer,0,0,0,0,none
423,Yasmin Gujjar,Lahore,800000,1060070,filer,23004,10000,0,0,none
6211,Mudassar Soomro,Karachi,2500000,2755361,filer,318840,255000,0,0,none
6192,Zeeshan Siddiqi,Karachi,500000,436700,filer,0,0,0,0,none
6193,Muhammad Taimur Awan,Faisalabad,800000,903370,filer,15168,10000,0,0,none
1431,Nawaz Geelani,Lahore,21456600,36334005,filer,11981902,6774810,0,0,none
1432,Pervez Kayani,Islamabad,54540000,81546110,filer,27806138,18354000,0,0,none
6214,Muhammad Asif Tarar,Islamabad,500000,350192,filer,0,0,0,0,none
6215,Anika Ansari,Lahore,13453200,21519351,filer,6796773,3973620,0,0,none
6217,Iqra Mengal,Lahore,800000,1025519,filer,21276,10000,0,0,none
3043,Zeeshan Dar,Lahore,34106600,51665740,filer,17348009,11202310,0,0,none
3048,Muhammed Mazhar Gilani,Lahore,24081808,45877359,filer,15322076,7693633,0,0,none
3049,Mohd Anwar Niazi,Sialkot,1161600,1270820,filer,40623,28080,0,0,none
3050,Junaid Niazi,Faisalabad,50607000,57135613,filer,19262465,16977450,0,0,none
3051,Kamran Wattoo,Karachi,15271800,28898402,filer,9379441,4610130,0,0,none
3055,Muhammad Zahid Gujjar,Multan,950400,1317653,filer,47648,17520,0,0,none
9257,Mohammed Sohail Khan,Lahore,500000,447619,filer,0,0,0,0,none
1437,Muhammad Owais Yousafzai,Islamabad,500000,0,absent,0,0,0,0,none
6222,Mohammad Shahzad Baig,Rawalpindi,500000,0,absent,0,0,0,0,none
6224,Rafique Sial,Rawalpindi,6000000,6324122,filer,1478443,1365000,0,0,none
6225,Muhammed Riaz Kazmi,Rawalpindi,500000,369414,filer,0,0,0,0,none
6229,Mohd Sajid Jamali,Gujranwala,48757000,61342276,filer,20734797,16329950,0,0,none
6230,Faiza Lodhi,Karachi,500000,500039,filer,0,0,0,0,none
6241,M Bilal Naqvi,Islamabad,500000,100369,filer,0,0,0,0,none
1439,Owais Satti,Lahore,35096200,64790901,filer,21941815,11548670,0,0,none
7543,Muhammad Moin Siddiqui,Lahore,500000,402634,filer,0,0,0,0,none
9012,Aiman Sandhu,Lahore,800000,994200,filer,19710,10000,0,0,none
1444,Noor Mengal,Faisalabad,16292600,18656457,filer,5794760,4967410,0,0,none
1445,Nasreen Sial,Gujranwala,800000,963587,filer,18179,10000,0,0,none
3030,Nadim Jamali,Karachi,500000,437041,filer,0,0,0,0,none
3005,Mohammad Shuaib Wattoo,Karachi,57925200,59745591,filer,20175957,19538820,0,0,none
3007,Shazia Hamdani,Hyderabad,500000,400554,filer,0,0,0,0,none
9957,Hussian Baig,Rawalpindi,800000,868743,filer,13437,10000,0,0,none
6244,Yasir Khan,Karachi,500000,456505,filer,0,0,0,0,none
6246,Nida Janjua,Rawalpindi,500000,488080,filer,0,0,0,0,none
6248,M Shafiq Abbas,Karachi,500000,0,absent,0,0,0,0,none
6249,Mohammad Mansoor Cheema,Quetta,800000,925994,filer,16300,10000,0,0,none
6258,Kiran Cheema,Lahore,500000,218645,filer,0,0,0,0,none
6259,Samina Butt,Faisalabad,500000,557904,filer,0,0,0,0,none
3010,Aamir Lodhi,Multan,852000,1343808,filer,51571,12600,0,0,none
3013,Kareem Khokhar,Lahore,800000,1208678,filer,31302,10000,0,0,none
3016,Ghulam Kazmi,Karachi,20512914,44493691,filer,14837792,6444520,0,0,none
8483,Naila Khattak,Karachi,500000,607524,filer,376,0,0,0,none
3017,Muhammad Ismail Gujjar,Islamabad,29755400,61961942,filer,20951680,9679390,0,0,none
3018,Mohammad Navid Paracha,Multan,6000000,19269584,filer,6009354,1365000,0,0,none
3019,Muhammad Sufyan Mirza,Islamabad,500000,0,absent,0,0,0,0,none
3022,Bilal Hamdani,Multan,500000,561771,filer,0,0,0,0,none
1453,Talha Soomro,Rawalpindi,806200,1383444,filer,57517,10310,0,0,none
1454,Hamid Janjua,Rawalpindi,55411200,56495442,filer,19038405,18658920,0,0,none
6267,Mohammed Ashraf Raja,Lahore,500000,375973,filer,0,0,0,0,none
6270,Bushra Bibi,Peshawar,500000,0,absent,0,0,0,0,none
6272,Younis Warraich,Faisalabad,500000,0,absent,0,0,0,0,none
6273,Mohd Waqar Sial,Rawalpindi,500000,490298,filer,0,0,0,0,none
399,Ramsha Begum,Multan,1046400,1457534,filer,68630,22320,0,0,none
8176,Jamil Hamdani,Islamabad,800000,867272,filer,13364,10000,0,0,none
6305,Sadiya Bhutto,Faisalabad,800000,774838,filer,8742,10000,1258,0,none
402,Feisal Khattak,Islamabad,500000,401022,filer,0,0,0,0,none
405,Hira Begum,Gujranwala,500000,0,absent,0,0,0,0,none
406,Hasan Malik,Lahore,400000,0,absent,0,0,0,0,none
407,Ejaz Awan,Multan,27836756,55232030,filer,18596210,9007865,0,0,none
411,Akram Shah,Peshawar,800000,1366266,filer,54940,10000,0,0,none
6278,Warda Bhutto,Lahore,800000,1272982,filer,40947,10000,0,0,none
6279,Mohammed Irfan Ansari,Gujranwala,800000,890711,filer,14536,10000,0,0,none
6280,Salman Bajwa,Quetta,800000,938325,filer,16916,10000,0,0,none
6282,Muhammad Mansoor Mengal,Peshawar,500000,603241,filer,162,0,0,0,none
8623,Muhammad Omer Shah,Hyderabad,6000000,8557594,filer,2260158,1365000,0,0,none
6283,Wasim Niazi,Islamabad,800000,1022113,filer,21106,10000,0,0,none
6263,Abdullah Hamdani,Rawalpindi,800000,1057169,filer,22858,10000,0,0,none
6265,Hina Gilani,Rawalpindi,500000,479961,filer,0,0,0,0,none
3008,Mohd Kamran Rizvi,Karachi,500000,0,absent,0,0,0,0,none
3009,وقار زیدی,Lahore,500000,281780,filer,0,0,0,0,none
6289,Areeba Janjua,Karachi,800000,1019167,filer,20958,10000,0,0,none
1455,Zubaida Warraich,Multan,800000,886374,filer,14319,10000,0,0,none
2996,Mohd Navid Khattak,Sialkot,52346800,64503502,filer,21841226,17586380,0,0,none
2998,Shafiq Tareen,Bahawalpur,934000,1191584,filer,29579,16700,0,0,none
3000,Mohd Rehan Siddiqi,Hyderabad,15000000,30335990,filer,9882596,4515000,0,0,none
3001,Komal Kakar,Peshawar,2500000,2974388,filer,373597,255000,0,0,none
3002,Mohammad Zafar Gondal,Rawalpindi,1019000,1299712,filer,44957,20950,0,0,none
2971,Muhammad Aamir Bajwa,Hyderabad,800000,1070115,filer,23506,10000,0,0,none
2976,M Aamir Mengal,Rawalpindi,500000,517235,filer,0,0,0,0,none
6290,Zeeshan Satti,Lahore,500000,567534,filer,0,0,0,0,none
6292,Muhammad Wasim Yousafzai,Islamabad,16088681,18454797,filer,5724179,4896038,0,0,none
6295,Muhammad Bilawal Shaikh,Lahore,500000,519445,filer,0,0,0,0,none
6297,Ali Wattoo,Multan,73491800,79292670,filer,27017434,24987130,0,0,none
6300,Jamil Kazmi,Rawalpindi,500000,676072,filer,3804,0,0,0,none
6302,Said Magsi,Karachi,400000,547119,filer,0,0,0,0,none
6304,Rehan Gillani,Karachi,900400,1238586,filer,35788,15020,0,0,none
2990,Pervez Ansari,Rawalpindi,6000000,20191310,filer,6331958,1365000,0,0,none
1450,Mohammed Taimur Janjua,Lahore,500000,262370,filer,0,0,0,0,none
2947,Sidra Memon,Faisalabad,21684099,37527938,filer,12399778,6854435,0,0,none
2949,Khalid Gondal,Bahawalpur,800000,803499,filer,10175,10000,0,0,none
6311,Owais Virk,Karachi,500000,477593,filer,0,0,0,0,none
6312,Faraz Lodhi,Karachi,20950400,52292683,filer,17567439,6597640,0,0,none
6313,Muhammad Navid Rajput,Karachi,46767600,52538770,filer,17653570,15633660,0,0,none
6316,Komal Guujjar,Rawalpindi,800000,1198145,filer,29907,10000,0,0,none
6317,Yousuf Malik,Karachi,25464000,33290735,filer,10916757,8177400,0,0,none
6318,Khaled Mengal,Karachi,800000,1226251,filer,33938,10000,0,0,none
8913,Nida Bhutto,Rawalpindi,800000,871141,filer,13557,10000,0,0,none
10474,Ismail Hashmi,Lahore,19411576,20409444,filer,6408305,6059052,0,0,none
6324,Kamran Tareen,Quetta,500000,500657,filer,0,0,0,0,none
6284,Faiza Rajput,Lahore,500000,512564,filer,0,0,0,0,none
6285,Talha Arain,Faisalabad,800000,827019,filer,11351,10000,0,0,none
6288,Hira Mengal,Hyderabad,800000,822693,filer,11135,10000,0,0,none
6350,Hina Bibi,Peshawar,500000,278291,filer,0,0,0,0,none
6352,Mohd Akram Gilani,Karachi,800000,1293826,filer,44074,10000,0,0,none
383,Shoaib Naqvi,Rawalpindi,2500000,3041410,filer,390352,255000,0,0,none
388,Moin Afridi,Lahore,500000,663279,filer,3164,0,0,0,none
394,Zubaair Memon,Karachi,800000,1183210,filer,29160,10000,0,0,none
395,Mohd Yousuf Ch,Rawalpindi,15000000,18562230,filer,5761780,4515000,0,0,none
396,Ayesha Jajua,Multan,51505000,61437444,filer,20768105,17291750,0,0,none
6329,Khalid Siddiqi,Karachi,500000,0,absent,0,0,0,0,none
7617,Sana Soomro,Lahore,800000,807227,filer,10361,10000,0,0,none
6308,Warda Sheikh,Gujranwala,500000,0,absent,0,0,0,0,none
6309,Aysha Sial,Islamabad,500000,561407,filer,0,0,0,0,none
9620,Farah Khan,Hyderabad,500000,313849,filer,0,0,0,0,none
2977,Pervez Awan,Rawalpindi,898200,1072487,filer,23624,14910,0,0,none
2978,Zoya Zaidi,Rawalpindi,37571600,73154565,filer,24869098,12415060,0,0,none
2982,Muhammad Younis Abbas,Lahore,800000,869835,filer,13492,10000,0,0,none
2985,Muhammad Farhan Memon,Peshawar,800000,941670,filer,17084,10000,0,0,none
6369,Mnasoor Hashmi,Rawalpindi,500000,626443,filer,1322,0,0,0,none
6373,Hassan Bhatti,Karachi,800000,1337465,filer,50620,10000,0,0,none
6335,Fatima Mirza,Gujranwala,500000,390763,filer,0,0,0,0,none
2958,Muhammed Salman Bhatti,Rawalpindi,6000000,8010008,filer,2068503,1365000,0,0,none
2960,Mohammed Yousuf Jutt,Hyderabad,2500000,3385796,filer,485739,255000,0,0,none
2961,Rida Shah,Rawalpindi,800000,939699,filer,16985,10000,0,0,none
2963,Ashraf Kazmi,Islamabad,800000,948499,filer,17425,10000,0,0,none
2967,M Shoaib Baig,Lahore,500000,461407,filer,0,0,0,0,none
10393,Muhammad Mudassar Abbas,Peshawar,15000000,21752716,filer,6878451,4515000,0,0,none
1463,Hira Khokhar,Peshawar,500000,532267,filer,0,0,0,0,none
1465,Tanveer Shiekh,Faisalabad,2500000,2571706,filer,272926,255000,0,0,none
6338,Muhammad Tariq Bhutto,Lahore,17400056,33493402,filer,10987691,5355020,0,0,none
6339,Sana Khokhar,Lahore,37492000,53277551,filer,17912143,12387200,0,0,none
6340,Mohammed Ibrahim Sial,Karachi,500000,0,absent,0,0,0,0,none
6343,Hasan Magsi,Rawalpindi,2811600,3236254,filer,440876,332900,0,0,none
6347,Zenab Butt,Sialkot,500000,505373,filer,0,0,0,0,none
6394,Kiran Bibi,Rawalpindi,500000,611901,filer,595,0,0,0,none
6353,Qasem Gujjar,Lahore,500000,445532,filer,0,0,0,0,none
6356,Javeria Memon,Lahore,37445600,49434831,filer,16567191,12370960,0,0,none
1468,Ibrahim Jamali,Gujranwala,39758200,81674670,filer,27851134,13180370,0,0,none
1469,Laiba Ansari,Karachi,500000,0,absent,0,0,0,0,none
1471,Muhammad Salman Baig,Gujranwala,500000,0,absent,0,0,0,0,none
1473,Usman Mirza,Multan,400000,404020,filer,0,0,0,0,none
1476,Hira Tarar,Multan,500000,479175,filer,0,0,0,0,none
1477,Ramsha Dar,Islamabad,500000,233118,filer,0,0,0,0,none
2929,Zubaida Virk,Multan,400000,423225,filer,0,0,0,0,none
2930,Tanvir Mengal,Islamabad,500000,365454,filer,0,0,0,0,none
6360,Saad Paracha,Hyderabad,500000,0,absent,0,0,0,0,none
6362,Shazia Ansari,Quetta,500000,0,absent,0,0,0,0,none
6363,Irfan Mughal,Gujranwala,500000,598280,filer,0,0,0,0,none
6364,Mehmood Bhatti,Islamabad,800000,1000375,filer,20019,10000,0,0,none
6367,Haroon Malik,Peshawar,500000,296837,filer,0,0,0,0,none
2935,Shabana Bajwa,Islamabad,500000,233043,filer,0,0,0,0,none
2936,Muhammad Bilal Butt,Sialkot,800000,1130636,filer,26532,10000,0,0,none
2942,Muhammad Mehmud Khattak,Faisalabad,500000,564063,filer,0,0,0,0,none
4276,Muhammad Danish Rajput,Karachi,56547600,80646602,filer,27491311,19056660,0,0,none
2945,Amna Abbasi,Karachi,500000,0,absent,0,0,0,0,none
2916,Aleena Abbasi,Islamabad,800000,818624,filer,10931,10000,0,0,none
2917,Sajidg Ujjar,Islamabad,800000,938886,filer,16944,10000,0,0,none
1479,Wasim Yousafzai,Lahore,517800,0,absent,0,0,0,0,none
6380,Imran Warraich,Gujranwala,800000,839994,filer,12000,10000,0,0,none
6383,Shabana Arain,Karachi,800000,975302,filer,18765,10000,0,0,none
6384,Hasan Hamdani,Gujranwala,800000,1118353,filer,25918,10000,0,0,none
6385,Fawad Abbas,Peshawar,889800,1308505,filer,46276,14490,0,0,none
6388,Ramsha Beg,Hyderabad,800000,1377681,filer,56652,10000,0,0,none
6391,Zeeshan Kayani,Gujranwala,500000,469284,filer,0,0,0,0,none
6392,Aamir Raja,Lahore,800000,822728,filer,11136,10000,0,0,none
6393,Usama Mirza,Karachi,800000,913981,filer,15699,10000,0,0,none
1488,Manssoor Soomro,Lahore,800000,813371,filer,10669,10000,0,0,none
2918,Warda Dar,Bahawalpur,500000,583856,filer,0,0,0,0,none
2920,Mohd Ejaz Mirza,Islamabad,500000,214285,filer,0,0,0,0,none
2922,Nida Jamali,Karachi,500000,401577,filer,0,0,0,0,none
2896,Fahad Chohan,Hyderabad,6000000,7452451,filer,1873358,1365000,0,0,none
6404,Ibrahim Kayani,Lahore,500000,439577,filer,0,0,0,0,none
6406,M Adnan Jamali,Multan,500000,237649,filer,0,0,0,0,none
6407,Usama Bhutto,Lahore,523000,585727,filer,0,0,0,0,none
6980,Moin Afridi,Peshawar,800000,903094,filer,15155,10000,0,0,none
6409,Asif Tarar,Peshawar,500000,470885,filer,0,0,0,0,none
6411,Moin Shaikh,Hyderabad,34922200,52821696,filer,17752594,11487770,0,0,none
6374,Osman Sandhu,Islamabad,400000,354137,filer,0,0,0,0,none
6376,Samina Mughal,Islamabad,800000,1009202,filer,20460,10000,0,0,none
2932,Muhammad Nawaz Shaikh,Gujranwala,800000,1180545,filer,29027,10000,0,0,none
2933,Muhammad Waseem Sandhu,Karachi,500000,0,absent,0,0,0,0,none
2934,Haroon Arain,Faisalabad,15000000,17489183,filer,5386214,4515000,0,0,none
2901,Khadija Bibi,Islamabad,500000,466956,filer,0,0,0,0,none
2904,Muhammad Jahangir Raja,Karachi,500000,0,absent,0,0,0,0,none
6890,Hamid Khokhar,Lahore,500000,654576,filer,2729,0,0,0,none
7508,Muhammad Junaid Butt,Peshawar,500000,257888,filer,0,0,0,0,none
2915,Mazhar Gilani,Lahore,500000,435822,filer,0,0,0,0,none
2889,Nida Khattak,Rawalpindi,831400,1018183,filer,20909,11570,0,0,none
1497,Fawad Jutt,Bahawalpur,800000,810751,filer,10538,10000,0,0,none
377,Muhammed Rashid Zaidi,Bahawalpur,36004400,74167866,filer,25223753,11866540,0,0,none
380,Mohammad Iqbal Bhutto,Gujranwala,38794069,43512526,filer,14494384,12842924,0,0,none
6886,Asma Siddiqui,Lahore,800000,915985,filer,15799,10000,0,0,none
6414,Farhan Naqvi,Karachi,800000,871542,filer,13577,10000,0,0,none
6415,Muhammed Yasir Soomro,Lahore,500000,429686,filer,0,0,0,0,none
6417,Sufyan Shaikh,Gujranwala,800000,929580,filer,16479,10000,0,0,none
6396,Asif Awan,Lahore,800000,1235288,filer,35293,10000,0,0,none
6397,Muhammed Irfan Janjua,Multan,800000,1286314,filer,42947,10000,0,0,none
1483,Noman Naqvi,Peshawar,500000,0,absent,0,0,0,0,none
6454,M Salman Qureshi,Islamabad,500000,477741,filer,0,0,0,0,none
6455,Taimur Sh,Lahore,800000,1173594,filer,28680,10000,0,0,none
6456,Ibrahim Naqvi,Rawalpindi,71244600,81112188,filer,27654266,24200610,0,0,none
9232,Shazia Gondal,Karachi,500000,569769,filer,0,0,0,0,none
6426,Shaista Choudhry,Sialkot,800000,1018810,filer,20940,10000,0,0,none
6427,Muhammad Iqbal Abbas,Karachi,41584200,53660726,filer,18046254,13819470,0,0,none
6435,Samina Niazi,Islamabad,500000,458649,filer,0,0,0,0,none
6436,Amna Rizvi,Rawalpindi,500000,0,absent,0,0,0,0,none
1507,Mishal Rajput,Lahore,800000,935285,filer,16764,10000,0,0,none
2891,Nasreen Virk,Faisalabad,500000,582762,filer,0,0,0,0,none
2893,M Nadeem Paracha,Multan,63902200,68310556,filer,23173695,21630770,0,0,none
2894,Owais Awan,Karachi,800000,1322812,filer,48422,10000,0,0,none
9358,Muhammad Zahid Virk,Sialkot,500000,166556,filer,0,0,0,0,none
2868,Muhammad Imran Mughal,Karachi,31155000,67312476,filer,22824367,10169250,0,0,none
2875,Mohd Anwar Rajput,Islamabad,800000,887043,filer,14352,10000,0,0,none
2900,Zainab Sandhu,Lahore,500000,631418,filer,1571,0,0,0,none
2879,Mehmood Kazmi,Sialkot,800000,1101768,filer,25088,10000,0,0,none
2881,Fatima Kakar,Karachi,500000,0,absent,0,0,0,0,none
2883,Jahangir Niazi,Lahore,500000,464534,filer,0,0,0,0,none
2884,Mehwish Geelani,Peshawar,500000,396471,filer,0,0,0,0,none
5372,Muhammad Hammad Khan,Peshawar,40032000,62419807,filer,21111932,13276200,0,0,none
2885,Saba Afridi,Karachi,800000,818209,filer,10910,10000,0,0,none
2886,Mahnoor Satti,Peshawar,20041600,34805242,filer,11446835,6279560,0,0,none
2887,Muhammad Taimur Niazi,Lahore,511200,563766,filer,0,0,0,0,none
1511,Muhammed Shuaib Arain,Karachi,34902400,42874423,filer,14271048,11480840,0,0,none
2783,Muhammad Fawad Niazi,Rawalpindi,15000000,24144136,filer,7715448,4515000,0,0,none
1514,Muhammad Anwar Wattoo,Lahore,500000,0,absent,0,0,0,0,none
6444,Mohd Waleed Mengal,Islamabad,1092600,1360045,filer,54007,24630,0,0,none
6446,Mohammed Rehan Kazmi,Rawalpindi,400000,0,absent,0,0,0,0,none
6448,Mohammed Usman Raja,Peshawar,1005000,1371361,filer,55704,20250,0,0,none
6452,Zeeshan Bhutto,Sialkot,800000,931532,filer,16577,10000,0,0,none
6453,Hussain Abbas,Islamabad,800000,901152,filer,15058,10000,0,0,none
2827,Mehmood Niazi,Lahore,500000,407783,filer,0,0,0,0,none
2828,Muhammad Younis Satti,Karachi,15000000,16981965,filer,5208688,4515000,0,0,none
2830,Uzma Bibi,Peshawar,34984200,73626471,filer,25034265,11509470,0,0,none
1518,Ahmad Shah,Karachi,500000,316870,filer,0,0,0,0,none
2867,Mohd Liaquat Sial,Lahore,37192167,47890846,filer,16026796,12282258,0,0,none
2845,Jamil Hashmi,Karachi,6000000,10630415,filer,2985645,1365000,0,0,none
2846,Javed Paracha,Islamabad,15000000,17344732,filer,5335656,4515000,0,0,none
6466,Durdana Bibi,Sialkot,999200,1172140,filer,28607,19960,0,0,none
6467,Ayesha Niazi,Multan,800000,1035304,filer,21765,10000,0,0,none
7297,Muhammad Ahmed Arain,Lahore,500000,314935,filer,0,0,0,0,none
6471,Eman Memon,Karachi,500000,371522,filer,0,0,0,0,none
6474,Mubashir Arain,Islamabad,800000,902722,filer,15136,10000,0,0,none
6443,Waleed Khan,Gujranwala,800000,838292,filer,11915,10000,0,0,none
9556,Aamir Mengal,Islamabad,500000,650167,filer,2508,0,0,0,none
7179,Khadeeja Mengal,Hyderabad,500000,354263,filer,0,0,0,0,none
2877,Rafiq Satti,Lahore,31693628,42027571,filer,13974650,10357770,0,0,none
6503,Faisal Memon,Bahawalpur,800000,932399,filer,16620,10000,0,0,none
6506,Moin Yousafzai,Rawalpindi,500000,409092,filer,0,0,0,0,none
6475,Mohd Waleed Memon,Quetta,500000,332674,filer,0,0,0,0,none
9270,Fariha Beg,Karachi,840600,1234673,filer,35201,12030,0,0,none
6479,Sadiya Kayani,Karachi,500000,603917,filer,196,0,0,0,none
10425,Khalid Abbas,Gujranwala,40248400,48059985,filer,16085995,13351940,0,0,none
6483,Muhammad Javid Gilani,Faisalabad,800000,1311495,filer,46724,10000,0,0,none
6488,Muhammad Ahmid Yusufzai,Karachi,500000,0,absent,0,0,0,0,none
6491,Nida Jutt,Islamabad,500000,199274,filer,0,0,0,0,none
6458,Tooba Marwat,Quetta,921400,1308229,filer,46234,16070,0,0,none
6459,Younis Sandhu,Islamabad,500000,486479,filer,0,0,0,0,none
6460,Mohammed Owais Warraich,Gujranwala,400000,0,absent,0,0,0,0,none
2850,M Bilal Virk,Karachi,800000,964469,filer,18223,10000,0,0,none
2872,Hina Paracha,Islamabad,26479238,26907900,filer,8682765,8532733,0,0,none
2852,Sameena Bibi,Karachi,500000,0,absent,0,0,0,0,none
2853,Kiran Begum,Lahore,831800,1074664,filer,23733,11590,0,0,none
2826,Hina Arain,Rawalpindi,500000,438871,filer,0,0,0,0,none
2795,Osman Niazi,Faisalabad,800000,759472,filer,7974,10000,2026,0,none
2797,Amna Kakar,Rawalpindi,800000,1219065,filer,32860,10000,0,0,none
10408,Abid Shah,Islamabad,24738800,45797547,filer,15294141,7923580,0,0,none
2831,Shazia Rajput,Faisalabad,400000,537546,filer,0,0,0,0,none
2835,Suhail Virk,Faisalabad,23154000,25288791,filer,8116077,7368900,0,0,none
10400,Riaz Bajwa,Islamabad,40361000,54445561,filer,18320946,13391350,0,0,none
2838,M Zeeshan Soomro,Hyderabad,28716728,41351872,filer,13738155,9315855,0,0,none
2842,Areeba Niazi,Multan,800000,813115,filer,10656,10000,0,0,none
6496,Usama Sandhu,Lahore,800000,960471,filer,18024,10000,0,0,none
6497,Aisha Rizvi,Faisalabad,800000,864351,filer,13218,10000,0,0,none
7828,Owais Khan,Hyderabad,500000,547627,filer,0,0,0,0,none
7358,Mohd Ismail Tarar,Lahore,500000,428017,filer,0,0,0,0,none
6499,Mohammed Hoib Virk,Gujranwala,500000,0,absent,0,0,0,0,none
6500,Waqar Khokhar,Karachi,500000,590953,filer,0,0,0,0,none
6502,Muhammed Shahzad Qureishi,Islamabad,800000,802393,filer,10120,10000,0,0,none
6524,Sohail Hamdani,Bahawalpur,800000,859619,filer,12981,10000,0,0,none
6507,Nasrin Malik,Peshawar,500000,0,absent,0,0,0,0,none
9988,Rabia Cheema,Multan,500000,181577,filer,0,0,0,0,none
9356,Bushra Bibi,Gujranwala,800000,900604,filer,15030,10000,0,0,none
6509,Javeria Gilani,Multan,500000,454726,filer,0,0,0,0,none
6511,Saba Bajwa,Peshawar,500000,0,absent,0,0,0,0,none
6513,Nasreen Chaudhry,Lahore,800000,943041,filer,17152,10000,0,0,none
359,Muhammad Faysal Soomro,Faisalabad,800000,1293624,filer,44044,10000,0,0,none
360,Warda Marwat,Karachi,500000,0,absent,0,0,0,0,none
361,M Shahzad Kazmi,Lahore,500000,452304,filer,0,0,0,0,none
6495,Sidra Gilani,Karachi,500000,326290,filer,0,0,0,0,none
1532,Shazia Bibi,Karachi,800000,993683,filer,19684,10000,0,0,none
1533,Ayesha Ansari,Lahore,53058800,63583514,filer,21519230,17835580,0,0,none
1535,Warda Rizvi,Multan,500000,0,absent,0,0,0,0,none
9565,Mohd Saeed Warriach,Karachi,500000,558714,filer,0,0,0,0,none
2820,Ismail Chaudhry,Karachi,22721290,40256860,filer,13354901,7217452,0,0,none
2807,Zenab Durrani,Rawalpindi,58609400,73422298,filer,24962804,19778290,0,0,none
2810,Saad Abbasi,Bahawalpur,800000,813782,filer,10689,10000,0,0,none
2812,Asma Gujjar,Rawalpindi,500000,467970,filer,0,0,0,0,none
2813,Muhammad Moin Khokhar,Multan,500000,505608,filer,0,0,0,0,none
2814,Muhammed Jamil Janjua,Lahore,36988163,46448002,filer,15521801,12210857,0,0,none
2816,Junaid Wattoo,Islamabad,50877800,54882108,filer,18473738,17072230,0,0,none
1541,Muhammad Zafar Hashmi,Islamabad,844000,928874,filer,16444,12200,0,0,none
10422,Hussain Sandhu,Islamabad,25059200,55507724,filer,18692703,8035720,0,0,none
365,M Pervez Hashmi,Rawalpindi,500000,619769,filer,988,0,0,0,none
366,Ali Siddiqui,Rawalpindi,23130400,26624060,filer,8583421,7360640,0,0,none
368,Mazhar Malik,Rawalpindi,500000,0,absent,0,0,0,0,none
6518,Rukhsana Hashmi,Lahore,500000,584787,filer,0,0,0,0,none
6519,Mohd Owais Soomro,Rawalpindi,800000,1336330,filer,50450,10000,0,0,none
6520,Mohammad Junaid Hashmi,Peshawar,500000,554423,filer,0,0,0,0,none
6523,Ejaz Gujjar,Karachi,6000000,9910410,filer,2733644,1365000,0,0,none
7167,Muhammad Bilawal Abbas,Lahore,500000,602987,filer,149,0,0,0,none
6546,Nasir Bhutto,Peshawar,800000,1090031,filer,24502,10000,0,0,none
6548,Ejaz Akhtar,Islamabad,500000,608043,filer,402,0,0,0,none
6527,Muhammed Waleed Mengal,Gujranwala,400000,549486,filer,0,0,0,0,none
7320,Mohammed Fahad Kazmi,Karachi,6000000,19670524,filer,6149683,1365000,0,0,none
10481,Tooba Mughal,Islamabad,50428000,76965412,filer,26202894,16914800,0,0,none
7388,Faraz Wattoo,Karachi,800000,813818,filer,10691,10000,0,0,none
6535,Sana Bibi,Rawalpindi,800000,769494,filer,8475,10000,1525,0,none
6538,Khadija Raja,Islamabad,500000,0,absent,0,0,0,0,none
363,Tahira Hashmi,Karachi,500000,0,absent,0,0,0,0,none
1550,Shahid Sandhu,Quetta,500000,372909,filer,0,0,0,0,none
10341,Said Jutt,Rawalpindi,16969600,17652945,filer,5443531,5204360,0,0,none
2791,Adnan Malik,Quetta,800000,1015040,filer,20752,10000,0,0,none
2775,Mohammed Younis Kakar,Karachi,29747400,49095702,filer,16448496,9676590,0,0,none
2778,Iqbal Awan,Lahore,500000,503581,filer,0,0,0,0,none
2799,Mohammed Mudassar Soomro,Rawalpindi,15000000,16009102,filer,4868186,4515000,0,0,none
2803,Muhammad Abdullah Mengal,Islamabad,6000000,8114526,filer,2105084,1365000,0,0,none
2779,Sidra Siddiqi,Lahore,800000,879147,filer,13957,10000,0,0,none
2780,Islam Memon,Quetta,800000,793428,filer,9671,10000,329,0,none
4563,Nazia Gilani,Islamabad,33187400,65833313,filer,22306660,10880590,0,0,none
2781,Abdullah Tareen,Karachi,800000,868356,filer,13418,10000,0,0,none
2785,Jahangir Khan,Karachi,500000,0,absent,0,0,0,0,none
1539,Mohammad Wasim Niazi,Lahore,500000,471695,filer,0,0,0,0,none
1540,Mehwish Shaikh,Gujranwala,500000,506932,filer,0,0,0,0,none
2754,Mohammed Shafiq Raja,Karachi,800000,901645,filer,15082,10000,0,0,none
2755,Ayesha Khattak,Rawalpindi,29491800,39138320,filer,12963412,9587130,0,0,none
3893,Bushra Butt,Multan,48522000,54291813,filer,18267135,16247700,0,0,none
344,Kashif Chaudhary,Islamabad,59982400,71709721,filer,24363402,20258840,0,0,none
346,Muhammed Shuaib Dar,Rawalpindi,500000,388505,filer,0,0,0,0,none
349,Asif Shah,Sialkot,500000,544038,filer,0,0,0,0,none
351,Taimur Rajput,Karachi,500000,141047,filer,0,0,0,0,none
356,Muhammad Raza Qureshi,Hyderabad,500000,564297,filer,0,0,0,0,none
6545,Nida Awan,Sialkot,800000,1070642,filer,23532,10000,0,0,none
2761,Tariq Satti,Karachi,800000,770325,filer,8516,10000,1484,0,none
9110,Tanvir Sandhu,Hyderabad,800000,903766,filer,15188,10000,0,0,none
8500,Waleed Lodhi,Gujranwala,800000,1022379,filer,21119,10000,0,0,none
2763,Mohd Nawaz Zaidi,Peshawar,800000,1067358,filer,23368,10000,0,0,none
2767,M Rafiq Soomro,Quetta,500000,0,absent,0,0,0,0,none
2771,Zoya Sh,Islamabad,400000,0,absent,0,0,0,0,none
2741,Robina Begum,Gujranwala,500000,372152,filer,0,0,0,0,none
6560,Jamil Bajwa,Rawalpindi,500000,0,absent,0,0,0,0,none
6561,Yasmeen Magsi,Gujranwala,500000,545659,filer,0,0,0,0,none
6563,Younisjutt,Hyderabad,400000,0,absent,0,0,0,0,none
6565,Kareem Gondal,Lahore,800000,1092673,filer,24634,10000,0,0,none
6567,Anika Zaidi,Rawalpindi,24960788,28474226,filer,9230979,8001276,0,0,none
6568,Hira Marwat,Faisalabad,500000,458058,filer,0,0,0,0,none
6569,Muhammad Sohail Sial,Lahore,400000,0,absent,0,0,0,0,none
6541,Mohd Yasir Kayani,Gujranwala,2500000,2518419,filer,259605,255000,0,0,none
6542,Rashid Bhutto,Karachi,500000,0,absent,0,0,0,0,none
6598,Arif Kakar,Karachi,500000,0,absent,0,0,0,0,none
6600,M Ahmad Lodhi,Lahore,500000,565901,filer,0,0,0,0,none
8383,Yasmin Kakar,Karachi,800000,1111883,filer,25594,10000,0,0,none
6602,Mohammad Mubashir Arain,Faisalabad,500000,351171,filer,0,0,0,0,none
6571,Laiba Batti,Peshawar,800000,1315076,filer,47261,10000,0,0,none
6576,Mishal Begum,Bahawalpur,800000,1353620,filer,53043,10000,0,0,none
6579,Komal Lodhi,Peshawar,500000,546717,filer,0,0,0,0,none
6580,Mohd Nadeem Abbas,Lahore,27781600,52602219,filer,17675777,8988560,0,0,none
6581,Saba Bibi,Lahore,800000,919985,filer,15999,10000,0,0,none
6586,Riaz Niazi,Quetta,500000,261670,filer,0,0,0,0,none
6587,Mahmood Naqvi,Multan,500000,578450,filer,0,0,0,0,none
6590,Zubayr Soomro,Karachi,500000,251289,filer,0,0,0,0,none
6552,Waleed Gujjar,Peshawar,52108800,70792168,filer,24042259,17503080,0,0,none
2756,Rukhsana Satti,Karachi,500000,0,absent,0,0,0,0,none
2758,Muhammad Salman Rizvi,Lahore,500000,308295,filer,0,0,0,0,none
2759,Hussain Gondal,Hyderabad,850200,1313354,filer,47003,12510,0,0,none
331,Zahid Durrani,Karachi,30040713,35483638,filer,11684273,9779250,0,0,none
335,Mohammed Zobair Raja,Lahore,500000,0,absent,0,0,0,0,none
2745,Laiba Tarar,Karachi,500000,208612,filer,0,0,0,0,none
2746,Mhoammed Yousuf Virk,Faisalabad,500000,0,absent,0,0,0,0,none
1552,Usman Gondal,Islamabad,57716000,74172881,filer,25225508,19465600,0,0,none
1559,Saad Khattak,Karachi,57360000,66068865,filer,22389103,19341000,0,0,none
1562,Muhammed Kareem Satti,Karachi,800000,812297,filer,10615,10000,0,0,none
2748,Muhammad Shoib Tarar,Rawalpindi,800000,1113614,filer,25681,10000,0,0,none
9742,M Sajid Baig,Islamabad,800000,1189376,filer,29469,10000,0,0,none
2752,Farah Rajput,Rawalpindi,800000,1113912,filer,25696,10000,0,0,none
1565,M Saad Rajput,Lahore,400000,285142,filer,0,0,0,0,none
1569,Hussain Ldohi,Karachi,800000,922014,filer,16101,10000,0,0,none
1570,Bushra Mughal,Gujranwala,500000,0,absent,0,0,0,0,none
4735,Mohammad Hassan Marwat,Gujranwala,13148600,14711333,filer,4413967,3867010,0,0,none
337,Kiran Sh,Lahore,800000,1210314,filer,31547,10000,0,0,none
341,Akram Tarar,Faisalabad,6000000,10456697,filer,2924844,1365000,0,0,none
6632,Zainab Paracha,Karachi,500000,546451,filer,0,0,0,0,none
6634,Mohammad Faisal Raja,Karachi,15000000,16765062,filer,5132772,4515000,0,0,none
6604,Maryam Abbasi,Sialkot,500000,0,absent,0,0,0,0,none
6605,Muhammad Ibrahim Sial,Multan,500000,172261,filer,0,0,0,0,none
6607,Mohd Adnan Bhutto,Multan,800000,918337,filer,15917,10000,0,0,none
6608,Rasheed Zaidi,Karachi,500000,643918,filer,2196,0,0,0,none
6609,Asad Tareen,Lahore,500000,454468,filer,0,0,0,0,none
6610,Muhammad Ahmad Kayani,Peshawar,800000,1177071,filer,28854,10000,0,0,none
6611,Hina Yousafzai,Gujranwala,800000,915216,filer,15761,10000,0,0,none
6612,Adnan Paracha,Lahore,800000,919397,filer,15970,10000,0,0,none
6617,Fariha Shah,Islamabad,500000,363451,filer,0,0,0,0,none
6618,Mahnoor Khattak,Lahore,32415200,33944969,filer,11145739,10610320,0,0,none
6621,Saba Sial,Hyderabad,800000,809242,filer,10462,10000,0,0,none
6624,Moin Sandhu,Multan,500000,458115,filer,0,0,0,0,none
6625,Muhammed Navid Zaidi,Rawalpindi,800000,827287,filer,11364,10000,0,0,none
330,Abida Bibi,Lahore,800000,1144319,filer,27216,10000,0,0,none
6626,Rafiq Bajwa,Lahore,400000,0,absent,0,0,0,0,none
5020,Mehwish Khan,Lahore,16939400,47228197,filer,15794869,5193790,0,0,none
315,Bilawal Ansari,Peshawar,500000,491741,filer,0,0,0,0,none
1572,Muhammed Waleed Kayani,Sialkot,500000,562135,filer,0,0,0,0,none
1573,Taimur Paracha,Karachi,500000,0,absent,0,0,0,0,none
2736,Noman Wattoo,Quetta,800000,1149380,filer,27469,10000,0,0,none
2737,Iqra Gilani,Gujranwala,500000,0,absent,0,0,0,0,none
2739,Liaquat Baig,Gujranwala,500000,566769,filer,0,0,0,0,none
2716,Bashir Gujjar,Lahore,500000,0,absent,0,0,0,0,none
316,Ramsha Begum,Karachi,800000,979424,filer,18971,10000,0,0,none
318,Shagufta Marwat,Quetta,800000,952919,filer,17646,10000,0,0,none
323,Abid Gondal,Karachi,800000,1312970,filer,46946,10000,0,0,none
325,Ahmed Siddiqui,Islamabad,2500000,3102337,filer,405584,255000,0,0,none
327,Muhammed Tariq Mughal,Bahawalpur,800000,772432,filer,8622,10000,1378,0,none
6628,Zahid Yousafzai,Karachi,800000,914154,filer,15708,10000,0,0,none
6631,Muhammad Nasir Khan,Islamabad,800000,786527,filer,9326,10000,674,0,none
6639,Mohammad Akram Lodhi,Multan,6000000,12090638,filer,3496723,1365000,0,0,none
2719,Mohammed Jamil Tareen,Faisalabad,500000,551356,filer,0,0,0,0,none
2722,Muhammed Tariq Virk,Islamabad,28959922,34187596,filer,11230659,9400973,0,0,none
2723,Durdana Bibi,Rawalpindi,500000,499452,filer,0,0,0,0,none
10329,Muhammad Abdullah Cheema,Multan,19903600,21964498,filer,6952574,6231260,0,0,none
2724,Mohd Kamrangujjar,Karachi,931000,1382040,filer,57306,16550,0,0,none
2725,Junaid Quraishi,Rawalpindi,23799800,78341282,filer,26684449,7594930,0,0,none
2732,Arif Rajput,Lahore,42344800,66459416,filer,22525796,14085680,0,0,none
2733,Usman Yousafzai,Lahore,500000,314835,filer,0,0,0,0,none
2702,Rizwan Sandhu,Gujranwala,65188200,80196304,filer,27333706,22080870,0,0,none
300,Ghulam Niazi,Peshawar,46329600,48086549,filer,16095292,15480360,0,0,none
5636,M Nadim Niazi,Karachi,37207779,68779349,filer,23337772,12287723,0,0,none
303,Rashid Yousafzai,Karachi,29075200,64184300,filer,21729505,9441320,0,0,none
305,Muhammad Taimur Jutt,Quetta,500000,0,absent,0,0,0,0,none
307,Rukhsana Shiekh,Lahore,500000,477164,filer,0,0,0,0,none
309,Zafar Raja,Gujranwala,500000,377213,filer,0,0,0,0,none
2706,Shahid Satti,Rawalpindi,66733800,77108955,filer,26253134,22621830,0,0,none
2709,M Yousuf Khan,Gujranwala,15000000,18155400,filer,5619390,4515000,0,0,none
2710,Muhammad Anwar Janjua,Karachi,69848200,70470891,filer,23929812,23711870,0,0,none
2682,Muhammad Kashif Rizvi,Lahore,800000,956889,filer,17844,10000,0,0,none
2683,Nazia Bibi,Lahore,500000,490710,filer,0,0,0,0,none
9618,Kiran Begum,Lahore,500000,654502,filer,2725,0,0,0,none
6648,Muhammad Kamran Gondal,Karachi,24739413,24915880,filer,7985558,7923795,0,0,none
10398,Mishal Jamali,Karachi,2500000,2661838,filer,295460,255000,0,0,none
287,Mohammed Kashif Siddiqui,Bahawalpur,500000,535204,filer,0,0,0,0,none
289,Muhammad Khaled Kazmi,Lahore,24278015,44301641,filer,14770574,7762305,0,0,none
290,Muhammad Hamid Warraich,Karachi,400000,0,absent,0,0,0,0,none
291,Sehrish Begum,Rawalpindi,524400,657619,filer,2881,0,0,0,none
294,Nawaz Yousafzai,Islamabad,1121200,1195399,filer,29770,26060,0,0,none
295,Rukhsana Marwat,Lahore,800000,1028789,filer,21439,10000,0,0,none
296,Rafiq Mughal,Rawalpindi,800000,825476,filer,11274,10000,0,0,none
6637,Uzma Bibi,Sialkot,27330600,38130740,filer,12610759,8830710,0,0,none
2697,Mehwish Arain,Islamabad,801000,1108796,filer,25440,10050,0,0,none
2700,Ayaz Paracha,Karachi,500000,0,absent,0,0,0,0,none
2701,Muhammad Rizwan Butt,Quetta,500000,592649,filer,0,0,0,0,none
2665,Aslam Abbasi,Lahore,800000,754874,filer,7744,10000,2256,0,none
2666,Muhammad Riaz Soomro,Islamabad,500000,442982,filer,0,0,0,0,none
2668,Yasmin Afridi,Karachi,500000,359553,filer,0,0,0,0,none
2669,Yousuf Kakar,Faisalabad,500000,0,absent,0,0,0,0,none
272,Shoaib Zaidi,Gujranwala,27844600,59728653,filer,20170029,9010610,0,0,none
277,Muhammed Mansoor Khokhar,Faisalabad,500000,367293,filer,0,0,0,0,none
282,Hira Khattak,Hyderabad,500000,0,absent,0,0,0,0,none
258,Muhammad Shuaib Satti,Rawalpindi,800000,1034442,filer,21722,10000,0,0,none
259,Ismail Gilani,Sialkot,500000,511935,filer,0,0,0,0,none
311,Samina Raja,Lahore,39536400,79140677,filer,26964237,13102740,0,0,none
1583,Hsasan Yousafzai,Gujranwala,37070800,77362348,filer,26341822,12239780,0,0,none
1585,Muhammad Kashif Janjua,Karachi,400000,0,absent,0,0,0,0,none
1587,Wasim Arain,Rawalpindi,500000,375392,filer,0,0,0,0,none
263,Muhammed Islam Mughal,Quetta,800000,795815,filer,9791,10000,209,0,none
2670,M Hussain Hamdani,Lahore,500000,0,absent,0,0,0,0,none
2674,Shazia Gondal,Lahore,18857000,20772876,filer,6535507,5864950,0,0,none
2676,Nawaz Kayani,Karachi,500000,614499,filer,725,0,0,0,none
2679,Mohammed Sohail Akhtar,Karachi,500000,327578,filer,0,0,0,0,none
2680,Mansoor Khan,Bahawalpur,500000,0,absent,0,0,0,0,none
2660,Muhammad Rehan Udrrani,Islamabad,18128286,19234276,filer,5996997,5609900,0,0,none
2662,Mohammed Husain Malik,Rawalpindi,24648958,28802737,filer,9345958,7892135,0,0,none
7644,Rabia Bibi,Lahore,500000,297263,filer,0,0,0,0,none
6688,Shaista Mughal,Rawalpindi,42057800,50872129,filer,17070245,13985230,0,0,none
253,Mishal Begum,Peshawar,400000,0,absent,0,0,0,0,none
254,Shaista Yousafzai,Karachi,31549400,36987841,filer,12210744,10307290,0,0,none
6673,Rizwan Raja,Karachi,1587500,18468091,filer,5728832,88125,0,0,none
2688,Aleena Zaidi,Gujranwala,500000,476887,filer,0,0,0,0,none
2689,Mohd Adnan Baig,Islamabad,400000,0,absent,0,0,0,0,none
2691,Maira Khattak,Karachi,46747800,78067196,filer,26588519,15626730,0,0,none
1594,Eman Jutt,Karachi,500000,590738,filer,0,0,0,0,none
1595,Maryam Bhutto,Sialkot,800000,1350593,filer,52589,10000,0,0,none
1596,Mohd Mehmood Sial,Lahore,800000,1202797,filer,30420,10000,0,0,none
1599,Mazhar Arain,Karachi,500000,324125,filer,0,0,0,0,none
1604,Bushra Magsi,Faisalabad,500000,374589,filer,0,0,0,0,none
1605,Moin Sial,Lahore,25612600,62711353,filer,21213974,8229410,0,0,none
2640,Jamil Mirza,Karachi,800000,982065,filer,19103,10000,0,0,none
2641,Navid Gujjar,Rawalpindi,500000,489196,filer,0,0,0,0,none
2642,Farhan Awan,Karachi,800000,1299790,filer,44968,10000,0,0,none
6715,Muhammad Yasir Jutt,Peshawar,30429600,38875140,filer,12871299,9915360,0,0,none
1643,Anika Sial,Karachi,44325400,71647123,filer,24341493,14778890,0,0,none
229,Bilawal Akhtar,Lahore,63983200,77746485,filer,26476270,21659120,0,0,none
230,Marium Gondal,Karachi,500000,405840,filer,0,0,0,0,none
232,Yasmin Tarar,Lahore,500000,171106,filer,0,0,0,0,none
233,Fawad Rajput,Faisalabad,6000000,11559733,filer,3310907,1365000,0,0,none
236,Ashraf Magsi,Multan,2500000,2691955,filer,302989,255000,0,0,none
10012,Khaled Arain,Hyderabad,800000,762935,filer,8147,10000,1853,0,none
2649,Muhammad Ahmed Abbas,Islamabad,500000,245105,filer,0,0,0,0,none
2652,Adnan Bajwa,Sialkot,48211600,68045082,filer,23080779,16139060,0,0,none
2654,Usama Bhatti,Multan,41277600,51759655,filer,17380879,13712160,0,0,none
2656,Mohammed Saee Virk,Bahawalpur,500000,403174,filer,0,0,0,0,none
2657,Muhammed Saeed Zaidi,Rawalpindi,32913600,49678545,filer,16652491,10784760,0,0,none
2658,Muhammed Ismail Niazi,Karachi,500000,594324,filer,0,0,0,0,none
1610,Mohammedm Ehmood Paracha,Faisalabad,400000,0,absent,0,0,0,0,none
1615,Aleena Wattoo,Islamabad,47005800,49733362,filer,16671677,15717030,0,0,none
217,Talha Bhutto,Lahore,500000,0,absent,0,0,0,0,none
218,M Mansoor Hashmi,Peshawar,15000000,18188953,filer,5631134,4515000,0,0,none
5332,Mohd Faisal Khattak,Karachi,29131000,29782197,filer,9688769,9460850,0,0,none
2430,Muhammad Nawaz Arain,Islamabad,47341600,72776204,filer,24736671,15834560,0,0,none
220,Fawad Jamali,Hyderabad,857200,982762,filer,19138,12860,0,0,none
6704,Muhammad Liaquat Kayani,Peshawar,2104000,3293140,filer,457942,165600,0,0,none
6714,M Ayaz Butt,Sialkot,800000,2903117,filer,355779,10000,0,0,none
201,Shaista Zaidi,Lahore,500000,273058,filer,0,0,0,0,none
203,Tariq Abbasi,Karachi,500000,0,absent,0,0,0,0,none
177,Muhammad Irfan Hashmi,Lahore,67864400,74483096,filer,25334084,23017540,0,0,none
178,Shoib Khattak,Islamabad,500000,0,absent,0,0,0,0,none
179,Asma Bibi,Quetta,31628600,33975584,filer,11156454,10335010,0,0,none
180,Haroon Afridi,Lahore,70107000,75275661,filer,25611481,23802450,0,0,none
181,Arif Afridi,Islamabad,53776800,88583466,filer,30269213,18086880,0,0,none
182,Jahangir Sandhu,Lahore,500000,449951,filer,0,0,0,0,none
206,Muhammad Adnan Jamali,Hyderabad,29013800,47485821,filer,15885037,9419830,0,0,none
208,Raza Durrani,Karachi,46438400,79019866,filer,26921953,15518440,0,0,none
209,Robina Bhatti,Rawalpindi,500000,0,absent,0,0,0,0,none
210,Muhammad Moin Tareen,Islamabad,500000,452903,filer,0,0,0,0,none
211,عارف خان,Hyderabad,800000,777401,filer,8870,10000,1130,0,none
212,Qaism Niazi,Islamabad,53069200,67285468,filer,22814914,17839220,0,0,none
10376,Hussain Baig,Karachi,34384800,66289201,filer,22466220,11299680,0,0,none
214,Anika Niazi,Quetta,800000,1077861,filer,23893,10000,0,0,none
2174,Waleed Abbasi,Karachi,33494800,37659021,filer,12445657,10988180,0,0,none
193,Mohd Aslam Malik,Karachi,500000,612021,filer,601,0,0,0,none
1616,Mohd Abid Shah,Islamabad,500000,515409,filer,0,0,0,0,none
1618,M Mazhar Baig,Karachi,6000000,8771869,filer,2335154,1365000,0,0,none
1622,Muhammed Riyaz Satti,Rawalpindi,500000,263146,filer,0,0,0,0,none
2634,Shahid Virk,Karachi,500000,242747,filer,0,0,0,0,none
2636,Fahad Paracha,Karachi,500000,479339,filer,0,0,0,0,none
2637,Aesha Tarar,Peshawar,500000,0,absent,0,0,0,0,none
9807,Adnan Zaidi,Quetta,800000,846118,filer,12306,10000,0,0,none
2617,Anwar Tareen,Karachi,500000,0,absent,0,0,0,0,none
2618,Iqra Abbasi,Islamabad,500000,551055,filer,0,0,0,0,none
2619,M Bilawal Jutt,Islamabad,2670000,3444125,filer,503238,297500,0,0,none
197,M Rizwan Niazi,Bahawalpur,500000,327349,filer,0,0,0,0,none
198,Shazia Hashmi,Lahore,400000,0,absent,0,0,0,0,none
199,Shoaib Satti,Lahore,30035800,78310833,filer,26673792,9777530,0,0,none
200,Fawad Abbas,Faisalabad,21902000,60919643,filer,20586875,6930700,0,0,none
2615,Jahangir Sandhu,Islamabad,800000,863624,filer,13181,10000,0,0,none
1624,Nida Yousafzai,Rawalpindi,75854600,80150882,filer,27317809,25814110,0,0,none
2623,Zahid Niazi,Rawalpindi,800000,1004976,filer,20249,10000,0,0,none
2624,Muhammad Qasem Kayani,Peshawar,500000,0,absent,0,0,0,0,none
2626,Mohd Khalid Kazmi,Lahore,32545200,33178315,filer,10877410,10655820,0,0,none
2627,Mehmood Soomro,Faisalabad,6000000,18485758,filer,5735015,1365000,0,0,none
2630,Mohammed Wasim Warraich,Karachi,6000000,8559195,filer,2260718,1365000,0,0,none
2632,Irfan Kazmi,Bahawalpur,500000,589028,filer,0,0,0,0,none
9831,Sidra Begum,Hyderabad,500000,288831,filer,0,0,0,0,none
2593,Haroon Satti,Sialkot,800000,852543,filer,12627,10000,0,0,none
6792,Pervez Kazmi,Faisalabad,21976600,43893614,filer,14627765,6956810,0,0,none
6795,Muhammad Javed Khan,Gujranwala,1200400,2852710,filer,343178,30060,0,0,none
6797,Noor Bhatti,Lahore,48176200,88607397,filer,30277589,16126670,0,0,none
6798,M Waleed Baig,Faisalabad,2050600,3683789,filer,575137,157590,0,0,none
166,Noman Bajwa,Faisalabad,800000,1066435,filer,23322,10000,0,0,none
167,Nimra Mriza,Rawalpindi,49814455,76413528,filer,26009735,16700059,0,0,none
2587,Durdana Janjua,Islamabad,400000,473489,filer,0,0,0,0,none
2589,Mohd Akram Bhutto,Hyderabad,47448200,62710996,filer,21213849,15871870,0,0,none
9118,Mubashir Durrani,Lahore,800000,1082224,filer,24111,10000,0,0,none
2567,Sajid Shah,Gujranwala,800000,756588,filer,7829,10000,2171,0,none
2568,Aleena Sial,Rawalpindi,566200,658854,filer,2943,0,0,0,none
2569,Sehrish Wattoo,Peshawar,6000000,10516875,filer,2945906,1365000,0,0,none
9594,Mohd Hamid Quraishi,Faisalabad,800000,1070237,filer,23512,10000,0,0,none
172,Aiman Begg,Karachi,39304295,45428974,filer,15165141,13021503,0,0,none
176,Naila Arain,Gujranwala,500000,536438,filer,0,0,0,0,none
185,Faiza Mengal,Lahore,500000,279125,filer,0,0,0,0,none
2599,Abdullah Wattoo,Karachi,500000,0,absent,0,0,0,0,none
2601,M Fawad Yousafzai,Lahore,400000,0,absent,0,0,0,0,none
2603,محمد اسلم اعوان,Lahore,26322600,31860944,filer,10416330,8477910,0,0,none
2605,Sufyan Rajput,Lahore,500000,560365,filer,0,0,0,0,none
2607,Zoya Begum,Rawalpindi,800000,830394,filer,11520,10000,0,0,none
2608,Akram Durrani,Quetta,800000,829272,filer,11464,10000,0,0,none
2572,Muhammad Hammad Chaudhry,Karachi,800000,843919,filer,12196,10000,0,0,none
2573,Waqar Paracha,Lahore,500000,0,absent,0,0,0,0,none
2582,Muhammad Qasim Khattak,Karachi,500000,159577,filer,0,0,0,0,none
2583,Hussain Rajput,Karachi,816800,1048709,filer,22435,10840,0,0,none
2584,Saba Bibi,Faisalabad,500000,0,absent,0,0,0,0,none
1623,Muhammad Taimur Chaudhry,Rawalpindi,800000,765652,filer,8283,10000,1717,0,none
7135,Asif Malik,Karachi,800000,850265,filer,12513,10000,0,0,none
2038,Mahnoor Virk,Karachi,36628800,69152519,filer,23468382,12085080,0,0,none
155,Noor Khan,Faisalabad,500000,0,absent,0,0,0,0,none
156,Wasim Tareen,Lahore,500000,0,absent,0,0,0,0,none
158,Abida Marwat,Peshawar,500000,565493,filer,0,0,0,0,none
163,Muhammed Aamir Baig,Peshawar,800000,1175058,filer,28753,10000,0,0,none
6830,Mudassar Awan,Sialkot,2105800,3381220,filer,484366,165870,0,0,none
135,Danish Afridi,Lahore,15000000,20763468,filer,6532214,4515000,0,0,none
1631,Javed Rajput,Rawalpindi,2500000,2997013,filer,379253,255000,0,0,none
1636,Saba Memon,Lahore,42751600,52581712,filer,17668599,14228060,0,0,none
1654,Liaquat Yousafzai,Islamabad,800000,1089733,filer,24487,10000,0,0,none
1655,Rabia Shah,Bahawalpur,981600,1132363,filer,26618,19080,0,0,none
1644,Yasir Niazi,Gujranwala,500000,429070,filer,0,0,0,0,none
1645,Mohammad Zeeshan Gujjar,Faisalabad,18366800,19816344,filer,6200720,5693380,0,0,none
7594,Sana Bibi,Karachi,500000,560133,filer,0,0,0,0,none
1648,Muhammad Ahmed Soomro,Gujranwala,500000,326411,filer,0,0,0,0,none
1649,Zubair Siddiqui,Karachi,500000,508328,filer,0,0,0,0,none
1650,Ali Magsi,Lahore,500000,0,absent,0,0,0,0,none
2565,Rida Gujjar,Rawalpindi,500000,565186,filer,0,0,0,0,none
2539,عرفان چوہدری,Karachi,500000,625032,filer,1252,0,0,0,none
2540,Saad Wattoo,Gujranwala,500000,249072,filer,0,0,0,0,none
148,Liaquat Khokhar,Karachi,500000,584484,filer,0,0,0,0,none
149,Muhammad Feisal Begg,Karachi,23728600,42068840,filer,13989094,7570010,0,0,none
6848,Hussain Malik,Hyderabad,800000,1980533,filer,147080,10000,0,0,none
153,Usama Khattak,Islamabad,800000,757599,filer,7880,10000,2120,0,none
2570,M Rafique Siddiqi,Faisalabad,950000,1354810,filer,53222,17500,0,0,none
6889,Farah Ansari,Karachi,500000,1528679,filer,79302,0,0,0,none
6891,Mohammad Noman Raja,Lahore,500000,421622,filer,0,0,0,0,none
6892,Muhammad Mazhar Kakar,Peshawar,567400,0,absent,0,0,0,0,none
125,Nida Muhal,Sialkot,500000,0,absent,0,0,0,0,none
129,Muhammed Mahmood Niazi,Rawalpindi,35239400,72010455,filer,24468659,11598790,0,0,none
130,Muhammad Ali Rizvi,Hyderabad,500000,0,absent,0,0,0,0,none
10257,Iqra Qureshi,Sialkot,16701400,17895690,filer,5528492,5110490,0,0,none
133,Sidra Jamali,Rawalpindi,500000,0,absent,0,0,0,0,none
4065,Hassan Mirza,Rawalpindi,31233800,41156568,filer,13669799,10196830,0,0,none
8487,Moin Bhatti,Karachi,823000,900470,filer,15024,11150,0,0,none
136,Rashid Gujjar,Lahore,800000,757606,filer,7880,10000,2120,0,none
2543,Bilal Memon,Karachi,21256800,51238857,filer,17198600,6704880,0,0,none
2544,Shaista Shah,Rawalpindi,60675800,73756246,filer,25079686,20501530,0,0,none
2547,Durdana Begum,Lahore,500000,317555,filer,0,0,0,0,none
2548,Junaid Gujjar,Peshawar,500000,0,absent,0,0,0,0,none
1639,Mohammed Liaquat Niazi,Peshawar,500000,0,absent,0,0,0,0,none
6904,Faiza Jamali,Multan,500000,0,absent,0,0,0,0,none
6906,M Khalid Hashmi,Rawalpindi,500000,0,absent,0,0,0,0,none
6907,M Yousuf Sial,Karachi,500000,0,absent,0,0,0,0,none
6908,Nawaz Kakar,Quetta,500000,932108,filer,16605,0,0,0,none
6910,Laiba Tareen,Lahore,500000,419989,filer,0,0,0,0,none
6911,M Owais Quraishi,Lahore,500000,612960,filer,648,0,0,0,none
6913,Muhammad Fahad Shah,Karachi,839400,1391721,filer,58758,11970,0,0,none
6871,M Abdullah Mirza,Gujranwala,800000,1246481,filer,36972,10000,0,0,none
6875,Uzma Awan,Quetta,500000,0,absent,0,0,0,0,none
6876,Ahmad Sandhu,Gujranwala,500000,526517,filer,0,0,0,0,none
6877,Ghulam Niazi,Lahore,500000,0,absent,0,0,0,0,none
6879,M Zafar Kakar,Multan,661400,811272,filer,10564,3070,0,0,none
6880,Mohd Mehmood Bhatti,Rawalpindi,500000,527824,filer,0,0,0,0,none
6881,Ghulam Gondal,Lahore,500000,441211,filer,0,0,0,0,none
6883,Muhammad Khaled Raja,Hyderabad,500000,215326,filer,0,0,0,0,none
6885,Aysha Durrani,Karachi,500000,457435,filer,0,0,0,0,none
6922,Javed Satti,Lahore,524200,0,absent,0,0,0,0,none
6923,Asma Paracha,Karachi,500000,399591,filer,0,0,0,0,none
6924,Muhammad Abdullah Rizvi,Hyderabad,500000,529133,filer,0,0,0,0,none
6925,Muhammad Ashraf Sandhu,Rawalpindi,500000,1005816,filer,20291,0,0,0,none
6926,Ibrahim Bhutto,Rawalpindi,500000,1071500,filer,23575,0,0,0,none
2296,Hussain Arain,Lahore,1170000,1559377,filer,83907,28500,0,0,none
6927,Adnan Rajput,Sialkot,500000,0,absent,0,0,0,0,none
6929,Tahira Shiekh,Gujranwala,500000,844963,filer,12248,0,0,0,none
6895,Saba Begum,Quetta,500000,0,absent,0,0,0,0,none
6896,Naveed Raja,Islamabad,622000,714221,filer,5711,1100,0,0,none
6898,Warda Abbasi,Gujranwala,588200,760982,filer,8049,0,0,0,none
6899,Faraz Magsi,Peshawar,500000,709729,filer,5486,0,0,0,none
6900,Mohammad Abdullah Janjua,Rawalpindi,513800,639360,filer,1968,0,0,0,none
6901,Muhammad Taimur Wattoo,Lahore,500000,1477445,filer,71617,0,0,0,none
6902,Sufyan Memon,Karachi,1076800,1603477,filer,90522,23840,0,0,none
6903,Aslam Abbas,Islamabad,500000,0,absent,0,0,0,0,none
6939,Jamil Abbasi,Bahawalpur,500000,0,absent,0,0,0,0,none
6941,Tooba Soomro,Islamabad,500000,893087,filer,14654,0,0,0,none
6942,Muhammad Yasir Kayani,Karachi,511600,833469,filer,11673,0,0,0,none
6943,Muhammed Hammad Zaidi,Islamabad,500000,562459,filer,0,0,0,0,none
6946,Mohammad Fawad Kazmi,Rawalpindi,500000,475155,filer,0,0,0,0,none
6947,Muhammad Jamil Shaikh,Karachi,500000,417711,filer,0,0,0,0,none
6948,Rasheed Gondal,Islamabad,500000,0,absent,0,0,0,0,none
6949,Ejaz Virk,Lahore,500000,0,absent,0,0,0,0,none
6914,Farah Tareen,Peshawar,500000,607859,filer,393,0,0,0,none
6915,Muhammed Zafar Cheema,Peshawar,500000,618249,filer,912,0,0,0,none
6916,Raza Butt,Lahore,540400,0,absent,0,0,0,0,none
6917,Hasan Khokhar,Faisalabad,500000,0,absent,0,0,0,0,none
6918,Muhammed Asif Mughal,Islamabad,500000,0,absent,0,0,0,0,none
6919,Jahangir Sheikh,Rawalpindi,500000,0,absent,0,0,0,0,none
6920,Mohammed Bilal Bhutto,Multan,500000,548517,filer,0,0,0,0,none
6921,Shahzad Bajwa,Sialkot,500000,0,absent,0,0,0,0,none
6931,Younis Akhtar,Islamabad,500000,618522,filer,926,0,0,0,none
6932,Mehwish Khattak,Peshawar,500000,411178,filer,0,0,0,0,none
6935,Fatimah Rajput,Islamabad,500000,459729,filer,0,0,0,0,none
1657,Shazia Kayani,Lahore,500000,660308,filer,3015,0,0,0,none
1661,Zubaida Yousafzai,Hyderabad,33981200,52962870,filer,17802004,11158420,0,0,none
4084,Mohd Faraz Arain,Gujranwala,37787400,54726435,filer,18419252,12490590,0,0,none
2531,Usama Memon,Rawalpindi,500000,523730,filer,0,0,0,0,none
2534,Farah Dar,Lahore,800000,1258263,filer,38739,10000,0,0,none
2536,Mohd Abdullah Sial,Karachi,500000,645511,filer,2276,0,0,0,none
2507,M Rafique Choudhry,Lahore,43577000,64325420,filer,21778897,14516950,0,0,none
4548,Tahira Khokhar,Karachi,48170000,72842181,filer,24759763,16124500,0,0,none
2509,Muhammad Younis Magsi,Bahawalpur,800000,1083843,filer,24192,10000,0,0,none
2510,Hina Bibi,Rawalpindi,65961600,69220191,filer,23492067,22351560,0,0,none
6936,Muhammad Mansoor Paracha,Gujranwala,500000,550979,filer,0,0,0,0,none
6937,Ashraf Ttareen,Islamabad,500000,0,absent,0,0,0,0,none
6938,Khadija Begum,Bahawalpur,673200,1497166,filer,74575,3660,0,0,none
6988,Tahira Rajput,Gujranwala,500000,660025,filer,3001,0,0,0,none
6950,Javed Janjua,Lahore,506800,617311,filer,866,0,0,0,none
6951,Kamran Shiekh,Faisalabad,500000,467060,filer,0,0,0,0,none
6952,Mazhar Jamali,Islamabad,631200,804372,filer,10219,1560,0,0,none
6953,M Suhail Sial,Lahore,500000,0,absent,0,0,0,0,none
6955,Rizwan Quraishi,Islamabad,500000,679019,filer,3951,0,0,0,none
6957,Mohammed Arif Naqvi,Lahore,500000,473429,filer,0,0,0,0,none
6958,Zaynab Mughal,Karachi,762000,997159,filer,19858,8100,0,0,none
6960,Aisha Awttoo,Gujranwala,730400,912599,filer,15630,6520,0,0,none
6963,Ejaz Dar,Gujranwala,500000,652292,filer,2615,0,0,0,none
6964,Rehan Ansari,Peshawar,1008800,1172289,filer,28614,20440,0,0,none
6965,Muhammed Sufyan Abbas,Multan,500000,833628,filer,11681,0,0,0,none
6967,Hamid Hashmi,Lahore,500000,0,absent,0,0,0,0,none
6969,Mohammad Asif Sial,Karachi,500000,629511,filer,1476,0,0,0,none
6970,Mohamme Dusama Abbasi,Rawalpindi,500000,1026008,filer,21300,0,0,0,none
6930,Sehrish Baig,Rawalpindi,500000,453192,filer,0,0,0,0,none
7004,Ramsha Tareen,Bahawalpur,500000,319827,filer,0,0,0,0,none
7006,Ibrahim Baig,Islamabad,500000,832196,filer,11610,0,0,0,none
6972,Mahnoor Warraich,Lahore,500000,0,absent,0,0,0,0,none
6973,Muhammed Kareem Cheema,Lahore,500000,0,absent,0,0,0,0,none
6974,Rizwan Bhtti,Sialkot,500000,890242,filer,14512,0,0,0,none
6975,Shoaib Sial,Lahore,500000,388963,filer,0,0,0,0,none
6976,Amna Niazi,Islamabad,519400,977690,filer,18884,0,0,0,none
6977,Hammad Mirza,Gujranwala,500000,581067,filer,0,0,0,0,none
6978,Hina Sial,Islamabad,500000,313754,filer,0,0,0,0,none
6979,Mishal Begum,Bahawalpur,500000,0,absent,0,0,0,0,none
6981,Khadijah Memon,Karachi,548400,0,absent,0,0,0,0,none
6983,Nadeem Mirza,Sialkot,500000,588052,filer,0,0,0,0,none
6984,Liaquat Satti,Karachi,500000,0,absent,0,0,0,0,none
6985,Mohd Mudassar Rizvi,Karachi,500000,0,absent,0,0,0,0,none
6986,Mohammad Faraz Jutt,Lahore,500000,617547,filer,877,0,0,0,none
6987,Muhammad Bilal Soomro,Karachi,887000,1334761,filer,50214,14350,0,0,none
2512,Kashif Khan,Bahawalpur,53746000,68247056,filer,23151470,18076100,0,0,none
9782,Waqar Wattoo,Rawalpindi,500000,268463,filer,0,0,0,0,none
2517,Sehrish Khan,Bahawalpur,41129200,58513340,filer,19744669,13660220,0,0,none
2521,Ejaz Niazi,Islamabad,500000,0,absent,0,0,0,0,none
2523,Jamil Janjua,Hyderabad,20690000,39814764,filer,13200167,6506500,0,0,none
2524,Younis Jutt,Gujranwala,44009400,63470576,filer,21479702,14668290,0,0,none
2525,Maryam Lodhi,Multan,400000,0,absent,0,0,0,0,none
1665,Khadeeja Cheema,Multan,500000,357985,filer,0,0,0,0,none
7060,M Mazhar Sidiqui,Islamabad,500000,464306,filer,0,0,0,0,none
5540,Said Akhtar,Lahore,20414200,48812081,filer,16349228,6409970,0,0,none
6993,Fahad Ansari,Rawalpindi,500000,561374,filer,0,0,0,0,none
6996,Nadeem Soomro,Islamabad,553200,728155,filer,6408,0,0,0,none
6997,Muhammed Uthman Naqvi,Multan,500000,0,absent,0,0,0,0,none
6999,Irfan Bhutto,Lahore,701400,1657001,filer,98550,5070,0,0,none
7000,Amna Kakar,Karachi,2160600,2732511,filer,313128,174090,0,0,none
7002,Maira Jamali,Multan,673200,880680,filer,14034,3660,0,0,none
7007,محمد وقار ہاشمی,Rawalpindi,500000,348913,filer,0,0,0,0,none
7008,Mohammad Mansoor Butt,Faisalabad,1047200,1269493,filer,40424,22360,0,0,none
7009,Ashraf Warraich,Bahawalpur,500000,0,absent,0,0,0,0,none
7010,Raza Naqvi,Hyderabad,500000,181181,filer,0,0,0,0,none
7011,Tariq Shah,Lahore,500000,500746,filer,0,0,0,0,none
7012,Mohammad Shoaib Kayani,Quetta,500000,0,absent,0,0,0,0,none
7013,Lubna Bibi,Islamabad,500000,270301,filer,0,0,0,0,none
7016,Saadia Chaudhry,Lahore,636000,1154582,filer,27729,1800,0,0,none
7017,Mohammad Nasir Jamali,Karachi,856400,1047207,filer,22360,12820,0,0,none
7018,Shafiq Rajput,Rawalpindi,500000,977392,filer,18870,0,0,0,none
7019,Moin Bhutto,Hyderabad,500000,0,absent,0,0,0,0,none
7020,Muhammed Iqbal Satti,Rawalpindi,500000,437616,filer,0,0,0,0,none
7021,Iqbal Bhutto,Rawalpindi,500000,694278,filer,4714,0,0,0,none
6990,Sadia Sidiqui,Gujranwala,500000,0,absent,0,0,0,0,none
6991,Fahad Memon,Lahore,500000,494856,filer,0,0,0,0,none
6992,Kamran Sandhu,Islamabad,500000,507041,filer,0,0,0,0,none
7058,Amna Afridi,Rawalpindi,500000,0,absent,0,0,0,0,none
7059,Yasmin Bibi,Karachi,545000,0,absent,0,0,0,0,none
7024,Sufyan Virk,Lahore,500000,0,absent,0,0,0,0,none
7026,Fawad Paracha,Lahore,1476600,1768180,filer,115227,71490,0,0,none
7028,Mohammed Ibrahim Hamdani,Lahore,500000,257563,filer,0,0,0,0,none
7029,Moohd Ejaz Marwat,Lahore,694000,1585583,filer,87837,4700,0,0,none
7031,M Shahid Cheema,Peshawar,500000,0,absent,0,0,0,0,none
7034,Mohd Osman Durrani,Sialkot,500000,0,absent,0,0,0,0,none
7035,Mohd Mahmood Awan,Faisalabad,500000,270717,filer,0,0,0,0,none
7036,Mohammad Jahangir Yusufzai,Gujranwala,500000,533006,filer,0,0,0,0,none
7037,Nida Memon,Islamabad,500000,368074,filer,0,0,0,0,none
7038,M Zobair Malik,Rawalpindi,500000,0,absent,0,0,0,0,none
7039,Abdullah Lodhi,Lahore,811600,945045,filer,17252,10580,0,0,none
7040,M Ashraf Bhutto,Gujranwala,500000,365065,filer,0,0,0,0,none
7041,Shafiq Awan,Bahawalpur,500000,460919,filer,0,0,0,0,none
7042,Muhammad Tanveer Gujjar,Karachi,500000,593503,filer,0,0,0,0,none
7076,Muhammad Saeed Abbas,Faisalabad,500000,624807,filer,1240,0,0,0,none
7077,Saba Shah,Lahore,519000,1281350,filer,42202,0,0,0,none
7078,Muhammed Saad Butt,Lahore,500000,943593,filer,17180,0,0,0,none
7043,Saba Abbasi,Islamabad,500000,550997,filer,0,0,0,0,none
7044,Mazhar Soomro,Hyderabad,920200,1248572,filer,37286,16010,0,0,none
7045,M Aamir Hashmi,Lahore,500000,793003,filer,9650,0,0,0,none
7046,Uzma Mirza,Multan,669800,897379,filer,14869,3490,0,0,none
7048,Tahira Arain,Karachi,1385400,2065991,filer,159899,57810,0,0,none
7049,Muhammad Irfan Hamdani,Peshawar,500000,0,absent,0,0,0,0,none
7050,M Mansoor Afridi,Faisalabad,747400,964850,filer,18242,7370,0,0,none
7051,Yasir Rajput,Rawalpindi,500000,1507810,filer,76172,0,0,0,none
7052,Raza Zaidi,Rawalpindi,500000,271723,filer,0,0,0,0,none
7053,Hammad Shah,Karachi,500000,504039,filer,0,0,0,0,none
7054,Muhammed Salman Jamali,Lahore,606800,0,absent,0,340,340,0,none
7055,Taimur Akhtar,Karachi,500000,194724,filer,0,0,0,0,none
7056,Ashraf Qureshi,Hyderabad,500000,0,absent,0,0,0,0,none
7094,Muhammed Ali Kazmi,Lahore,500000,190876,filer,0,0,0,0,none
7095,Zafar Mirza,Lahore,500000,537875,filer,0,0,0,0,none
7096,Nasir Satti,Karachi,575800,0,absent,0,0,0,0,none
7098,Rehan Mirza,Faisalabad,812600,1927609,filer,139141,10630,0,0,none
7061,Abid Marwat,Karachi,500000,0,absent,0,0,0,0,none
7062,Anwar Hashmi,Karachi,500000,861339,filer,13067,0,0,0,none
7065,Laiba Warraich,Rawalpindi,500000,0,absent,0,0,0,0,none
7066,Mehmood Marwat,Karachi,892600,2289504,filer,202376,14630,0,0,none
7067,Aiman Yousafzai,Peshawar,500000,0,absent,0,0,0,0,none
7068,نواز بھٹی,Lahore,500000,0,absent,0,0,0,0,none
7069,M Mazhar Akhtar,Karachi,500000,673985,filer,3699,0,0,0,none
7071,Akrammemon,Karachi,500000,958626,filer,17931,0,0,0,none
7072,Kiran Khattak,Islamabad,755800,892374,filer,14619,7790,0,0,none
7073,Areeba Raja,Islamabad,784200,1536239,filer,80436,9210,0,0,none
7074,Pervez Awan,Faisalabad,500000,635481,filer,1774,0,0,0,none
7075,Junaid Sandhu,Multan,871400,1030785,filer,21539,13570,0,0,none
7081,Kashif Kakar,Lahore,500000,195978,filer,0,0,0,0,none
7082,Aamir Qureishi,Karachi,500000,280161,filer,0,0,0,0,none
10397,سعدیہ بھٹی,Karachi,63762400,76446488,filer,26021271,21581840,0,0,none
1668,Muhammad Sufyan Ch,Faisalabad,400000,0,absent,0,0,0,0,none
1671,Muhammed Fawad Baig,Rawalpindi,1113200,1292271,filer,43841,25660,0,0,none
2503,Imran Durarni,Karachi,500000,0,absent,0,0,0,0,none
7574,Muhammad Bashir Hashmi,Rawalpindi,800000,1332713,filer,49907,10000,0,0,none
2479,Anika Mirza,Faisalabad,30195837,39170618,filer,12974716,9833543,0,0,none
9947,Mohammad Rehan Janjua,Rawalpindi,800000,918599,filer,15930,10000,0,0,none
7084,Faiza Tarar,Faisalabad,500000,0,absent,0,0,0,0,none
7085,Muhammad Kashif Qureishi,Peshawar,500000,0,absent,0,0,0,0,none
7086,Ayesha Begum,Karachi,500000,453301,filer,0,0,0,0,none
7087,Noor Virk,Karachi,500000,764166,filer,8208,0,0,0,none
7088,Laiba Siddiqui,Islamabad,500000,986531,filer,19327,0,0,0,none
7091,Muhammad Fahad Warraich,Peshawar,500000,486091,filer,0,0,0,0,none
7093,Sana Akhtar,Quetta,623200,775726,filer,8786,1160,0,0,none
7139,Mahnoor Rizvi,Peshawar,500000,480408,filer,0,0,0,0,none
7099,Mubashir Yousafzai,Karachi,613000,1388652,filer,58298,650,0,0,none
7101,Husain Satti,Karachi,500000,222633,filer,0,0,0,0,none
7103,Mohd Usman Gondal,Faisalabad,608800,827718,filer,11386,440,0,0,none
7106,Asma Begum,Islamabad,792600,1081604,filer,24080,9630,0,0,none
7107,Nasrin Warraich,Karachi,500000,0,absent,0,0,0,0,none
7109,Hamid Awan,Islamabad,2875600,3579411,filer,543823,348900,0,0,none
7110,Bushra Gondal,Bahawalpur,500000,439675,filer,0,0,0,0,none
7111,Raza Baig,Islamabad,500000,683884,filer,4194,0,0,0,none
7112,M Irfan Qureshi,Islamabad,500000,0,absent,0,0,0,0,none
7115,Mohammad Sufyan Kazmi,Lahore,500000,651766,filer,2588,0,0,0,none
7116,Owais Arain,Gujranwala,500000,0,absent,0,0,0,0,none
7117,Mohammad Owais Akhtar,Lahore,640400,841522,filer,12076,2020,0,0,none
7119,Ahmed Naqvi,Faisalabad,500000,642654,filer,2133,0,0,0,none
7079,Fawad Paracha,Lahore,500000,289886,filer,0,0,0,0,none
7080,Saad Marwat,Multan,500000,1143610,filer,27180,0,0,0,none
7155,Asad Sidiqui,Karachi,1420800,1646446,filer,96967,63120,0,0,none
7156,Aiman Bibi,Islamabad,500000,565229,filer,0,0,0,0,none
7120,Tanveer Naqvi,Quetta,500000,309239,filer,0,0,0,0,none
7121,Muhammad Ali Sheikh,Islamabad,526800,725958,filer,6298,0,0,0,none
7122,Raza Sh,Peshawar,500000,0,absent,0,0,0,0,none
7123,Robina Chaudhry,Lahore,1297000,1778537,filer,116781,44550,0,0,none
7124,M Mahmood Siddiqui,Islamabad,500000,0,absent,0,0,0,0,none
7126,Aiman Durrani,Karachi,500000,602850,filer,142,0,0,0,none
7127,Farhan Magsi,Rawalpindi,500000,0,absent,0,0,0,0,none
7128,Mohammad Zubair Rajput,Lahore,500000,387191,filer,0,0,0,0,none
7129,Khadijah Sh,Karachi,852600,1171618,filer,28581,12630,0,0,none
7131,Mudassar Awan,Islamabad,822200,1197764,filer,29888,11110,0,0,none
7132,Faisal Afridi,Multan,500000,0,absent,0,0,0,0,none
7134,Liaquat Bhutto,Lahore,642000,846149,filer,12307,2100,0,0,none
7136,Nasir Bajwa,Gujranwala,500000,781847,filer,9092,0,0,0,none
7138,Hina Mengal,Lahore,500000,331041,filer,0,0,0,0,none
7174,Muhammad Asad Malik,Peshawar,626200,936622,filer,16831,1310,0,0,none
7175,Ayaz Kakar,Rawalpindi,500000,255559,filer,0,0,0,0,none
7178,Bushra Satti,Karachi,500000,0,absent,0,0,0,0,none
7140,Rashid Bhutto,Islamabad,513800,695953,filer,4798,0,0,0,none
7141,Mohd Ali Kakar,Hyderabad,500000,307731,filer,0,0,0,0,none
7142,Hammad Hamdani,Faisalabad,500000,843516,filer,12176,0,0,0,none
7143,Irfan Mirza,Peshawar,533600,714365,filer,5718,0,0,0,none
7145,Muhammad Abid Mengal,Bahawalpur,500000,462107,filer,0,0,0,0,none
7146,Arif Gujjar,Faisalabad,500000,500281,filer,0,0,0,0,none
7147,Muhammad Farhan Durrani,Karachi,500000,824985,filer,11249,0,0,0,none
7149,Ali Malik,Faisalabad,518200,0,absent,0,0,0,0,none
7150,Muhammad Hamid Abbasi,Peshawar,1134800,1260094,filer,39014,26740,0,0,none
7151,Yasir Afridi,Lahore,583600,682958,filer,4148,0,0,0,none
7152,Moin Durrani,Gujranwala,500000,815301,filer,10765,0,0,0,none
7153,Mohd Faraz Kayani,Karachi,500000,0,absent,0,0,0,0,none
7154,Hira Hashmi,Rawalpindi,500000,0,absent,0,0,0,0,none
7194,Omar Rizvi,Faisalabad,500000,443437,filer,0,0,0,0,none
7195,Muhammad Ismail Hashmi,Peshawar,667800,1127827,filer,26391,3390,0,0,none
7196,Muhammad Ayaz Gilani,Lahore,500000,331459,filer,0,0,0,0,none
7197,M Zeeshan Virk,Karachi,603400,0,absent,0,170,170,0,none
7158,Shabana Begum,Islamabad,500000,534695,filer,0,0,0,0,none
7160,Javid Marwat,Gujranwala,500000,770711,filer,8536,0,0,0,none
7161,Kiran Abbas,Bahawalpur,575000,0,absent,0,0,0,0,none
7162,Saad Tareen,Multan,915000,1645537,filer,96831,15750,0,0,none
7164,Fawad Wattoo,Karachi,557400,0,absent,0,0,0,0,none
7165,Mohammad Mudassar Marwat,Karachi,500000,555517,filer,0,0,0,0,none
7166,Areeba Kakar,Rawalpindi,500000,534937,filer,0,0,0,0,none
7168,Aleena Shaikh,Karachi,521000,0,absent,0,0,0,0,none
7169,Muhammad Hasan Ansari,Karachi,532400,707975,filer,5399,0,0,0,none
7170,Talha Dar,Lahore,669800,783238,filer,9162,3490,0,0,none
7171,Muhammad Shahid Marwat,Gujranwala,500000,470342,filer,0,0,0,0,none
7173,Nadeem Soomro,Hyderabad,620000,2293129,filer,203282,1000,0,0,none
7180,Yousuf Lodhi,Karachi,500000,650092,filer,2505,0,0,0,none
7182,Owais Yusufzai,Rawalpindi,500000,582399,filer,0,0,0,0,none
7183,Mohd Ghulam Butt,Lahore,658600,1099704,filer,24985,2930,0,0,none
2494,Faisal Warraich,Rawalpindi,500000,361626,filer,0,0,0,0,none
2499,Danish Hashmi,Karachi,500000,653999,filer,2700,0,0,0,none
2500,Hassan Khokhar,Lahore,31986000,44921740,filer,14987609,10460100,0,0,none
1662,M Pervez Kayani,Karachi,57223200,64683107,filer,21904087,19293120,0,0,none
1674,Ejaz Quraishi,Lahore,2500000,3100587,filer,405147,255000,0,0,none
5115,Mohammed Rafiq Shiekh,Lahore,51050600,67492803,filer,22887481,17132710,0,0,none
7184,Muhammad Zafar Magsi,Karachi,500000,648051,filer,2403,0,0,0,none
7185,Muhammad Shuaib Ansari,Rawalpindi,500000,685340,filer,4267,0,0,0,none
7187,Tooba Khokhar,Islamabad,500000,471383,filer,0,0,0,0,none
7188,Mohammad Farhan Mirza,Lahore,500000,460048,filer,0,0,0,0,none
7191,Hussain Bhatti,Multan,600200,0,absent,0,10,10,0,none
7192,Robina Ansari,Peshawar,500000,596967,filer,0,0,0,0,none
7193,Mansoor Arain,Lahore,500000,0,absent,0,0,0,0,none
7229,Shahzad Khan,Sialkot,500000,676520,filer,3826,0,0,0,none
7230,Abidl Odhi,Faisalabad,500000,0,absent,0,0,0,0,none
7231,Ismail Tareen,Lahore,500000,377940,filer,0,0,0,0,none
7199,Shagufta Akhtar,Karachi,500000,776295,filer,8815,0,0,0,none
7201,Anika Satti,Lahore,500000,0,absent,0,0,0,0,none
7202,Khalid Khokhar,Rawalpindi,500000,523073,filer,0,0,0,0,none
7203,Mehwish Afridi,Faisalabad,512600,0,absent,0,0,0,0,none
7204,Bashir Bhutto,Karachi,500000,233422,filer,0,0,0,0,none
7205,Sajid Sandhu,Rawalpindi,500000,425073,filer,0,0,0,0,none
7206,Muhammad Omer Yousafzai,Rawalpindi,500000,391706,filer,0,0,0,0,none
7207,Marium Marwat,Lahore,500000,554451,filer,0,0,0,0,none
7208,Mehwish Begum,Gujranwala,500000,1107712,filer,25386,0,0,0,none
7209,Taimur Khattak,Hyderabad,500000,618507,filer,925,0,0,0,none
7210,Muhammad Ali Afridi,Karachi,500000,298802,filer,0,0,0,0,none
7211,Muhammad Zahid Afridi,Hyderabad,500000,838453,filer,11923,0,0,0,none
7213,Mohammed Karim Gilani,Karachi,800000,1771628,filer,115744,10000,0,0,none
7245,Mishal Soomro,Bahawalpur,500000,480375,filer,0,0,0,0,none
7246,Laiba Jutt,Peshawar,713600,1602809,filer,90421,5680,0,0,none
7248,Zoya Tarar,Peshawar,500000,542351,filer,0,0,0,0,none
7214,Hira Butt,Rawalpindi,500000,0,absent,0,0,0,0,none
7216,Mohammad Asad Bajwa,Quetta,500000,649081,filer,2454,0,0,0,none
7217,Muhammad Mubashir Rajput,Islamabad,500000,516146,filer,0,0,0,0,none
7218,Tariqk Akar,Karachi,762200,1070176,filer,23509,8110,0,0,none
7220,Sajid Sial,Islamabad,1318800,1567300,filer,85095,47820,0,0,none
7221,Eman Mirza,Gujranwala,500000,379537,filer,0,0,0,0,none
7222,Saba Begum,Lahore,500000,0,absent,0,0,0,0,none
7223,M Shoabi Virk,Karachi,500000,410211,filer,0,0,0,0,none
7224,Mohammad Javed Virk,Gujranwala,500000,673866,filer,3693,0,0,0,none
7225,Riad Cheema,Karachi,609200,0,absent,0,460,460,0,none
7226,Adnan Zaidi,Karachi,500000,0,absent,0,0,0,0,none
7227,Raif Mengal,Rawalpindi,500000,302335,filer,0,0,0,0,none
7228,Rashid Hashmi,Bahawalpur,500000,0,absent,0,0,0,0,none
7261,Fatima Virk,Islamabad,566600,964171,filer,18209,0,0,0,none
7263,Iqra Durrani,Lahore,500000,823868,filer,11193,0,0,0,none
7264,Shoaib Jutt,Rawalpindi,500000,1292747,filer,43912,0,0,0,none
7265,Moin Rajput,Rawalpindi,751200,1646028,filer,96904,7560,0,0,none
7232,Zoya Sandhu,Faisalabad,500000,0,absent,0,0,0,0,none
7233,Ibrahim Hashmi,Gujranwala,500000,281767,filer,0,0,0,0,none
7234,Mohammad Bilal Tareen,Bahawalpur,500000,0,absent,0,0,0,0,none
7235,Zoya Sandhu,Gujranwala,500000,414854,filer,0,0,0,0,none
7236,Marium Begum,Gujranwala,500000,507286,filer,0,0,0,0,none
7237,Muhammad Ismail Qureishi,Karachi,500000,778245,filer,8912,0,0,0,none
7238,Talha Tareen,Islamabad,500000,431359,filer,0,0,0,0,none
7239,Rizwan Janjua,Lahore,500000,0,absent,0,0,0,0,none
7240,Tahira Bibi,Lahore,500000,0,absent,0,0,0,0,none
7241,Mohammed Kashif Janjua,Karachi,500000,555692,filer,0,0,0,0,none
7242,Tariq Bhatti,Karachi,500000,553451,filer,0,0,0,0,none
7243,ندیم زیدی,Quetta,552800,0,absent,0,0,0,0,none
7277,Javeria Bhatti,Lahore,500000,0,absent,0,0,0,0,none
7278,Mohd Mehmood Khan,Islamabad,500000,0,absent,0,0,0,0,none
7279,Amna Bibi,Gujranwala,500000,0,absent,0,0,0,0,none
7280,Talha Arain,Gujranwala,828200,1533617,filer,80043,11410,0,0,none
7281,Iqra Malik,Lahore,674200,787255,filer,9363,3710,0,0,none
7249,Farah Begum,Rawalpindi,500000,190754,filer,0,0,0,0,none
7250,Muhammad Waqar Zaidi,Karachi,500000,0,absent,0,0,0,0,none
7251,Hamid Khattak,Karachi,500000,0,absent,0,0,0,0,none
7252,Marium Memon,Gujranwala,500000,0,absent,0,0,0,0,none
7253,Muhammad Saad Niazi,Gujranwala,582400,716395,filer,5820,0,0,0,none
7254,Muhammad Iqbal Soomro,Peshawar,500000,436444,filer,0,0,0,0,none
7256,Mudassar Kakar,Islamabad,500000,716633,filer,5832,0,0,0,none
7257,M Mudassar Awan,Karachi,500000,0,absent,0,0,0,0,none
7258,Hina Begum,Faisalabad,500000,0,absent,0,0,0,0,none
7259,Muhammad Fawad Arain,Faisalabad,650000,753607,filer,7680,2500,0,0,none
7260,Suhail Paracha,Faisalabad,500000,0,absent,0,0,0,0,none
7293,Yasmeen Mirza,Peshawar,500000,651633,filer,2582,0,0,0,none
7294,Salman Quraishi,Peshawar,500000,0,absent,0,0,0,0,none
7295,Zafar Kazmi,Islamabad,500000,0,absent,0,0,0,0,none
7298,M Moin Kazmi,Lahore,500000,460056,filer,0,0,0,0,none
7299,Muhammad Tariq Ansari,Quetta,500000,650190,filer,2510,0,0,0,none
7266,Sadia Tarar,Multan,500000,0,absent,0,0,0,0,none
7267,Irfan Marat,Faisalabad,864400,1080742,filer,24037,13220,0,0,none
7268,Muhammed Bilawal Mughal,Quetta,593200,0,absent,0,0,0,0,none
7269,Shoaib Kayani,Peshawar,500000,679221,filer,3961,0,0,0,none
7270,Nimra Kayai,Karachi,500000,0,absent,0,0,0,0,none
7271,Mohd Younis Hamdnai,Lahore,678800,1205383,filer,30807,3940,0,0,none
7272,Mohammed Yasir Mirza,Lahore,500000,0,absent,0,0,0,0,none
7273,Muhammed Farhan Mirza,Lahore,651800,836255,filer,11813,2590,0,0,none
7274,Noor Kazmi,Gujranwala,643800,693851,filer,4693,2190,0,0,none
7275,Durdananiazi,Multan,564000,0,absent,0,0,0,0,none
7276,Muhammed Moin Rizvi,Multan,500000,0,absent,0,0,0,0,none
7309,Komal Bibi,Lahore,500000,0,absent,0,0,0,0,none
7310,Zubair Abbasi,Karachi,500000,683334,filer,4167,0,0,0,none
7311,Saeed Kakar,Karachi,766200,919097,filer,15955,8310,0,0,none
7312,Muhammad Nawaz Mughal,Karachi,500000,0,absent,0,0,0,0,none
7314,Mubashir Begg,Karachi,500000,0,absent,0,0,0,0,none
7315,Muhammad Abdullah Malik,Islamabad,500000,1506862,filer,76029,0,0,0,none
7318,Mohd Jamil Warraich,Gujranwala,500000,0,absent,0,0,0,0,none
7282,Khalid Siddiqui,Hyderabad,500000,0,absent,0,0,0,0,none
7283,Hira Magsi,Sialkot,500000,0,absent,0,0,0,0,none
7286,Ayaz Sandhu,Lahore,500000,0,absent,0,0,0,0,none
7287,Bushra Khan,Karachi,500000,683533,filer,4177,0,0,0,none
7288,Hira Rajput,Karachi,500000,0,absent,0,0,0,0,none
7289,Ramsha Ansari,Karachi,500000,0,absent,0,0,0,0,none
7290,M Saeed Jamali,Faisalabad,539600,0,absent,0,0,0,0,none
7292,Mohammad Owais Kazmi,Lahore,500000,986185,filer,19309,0,0,0,none
7291,Lubna Kazmi,Lahore,755600,938925,filer,16946,7780,0,0,none
7336,Fariha Raja,Sialkot,830800,940083,filer,17004,11540,0,0,none
7301,Adnan Paracha,Karachi,816200,1015506,filer,20775,10810,0,0,none
7303,Mohd Mudassar Khokhar,Bahawalpur,500000,566755,filer,0,0,0,0,none
1678,Muhammad Mubashir Warraich,Islamabad,15000000,15082712,filer,4543949,4515000,0,0,none
1679,Adnan Shah,Islamabad,2500000,3155011,filer,418753,255000,0,0,none
10339,Zubaida Akhtar,Bahawalpur,28338400,39563336,filer,13112168,9183440,0,0,none
1685,Muhammad Taimur Malik,Hyderabad,800000,834166,filer,11708,10000,0,0,none
2473,Muhammad Khalid Mughal,Multan,500000,583173,filer,0,0,0,0,none
2477,Saad Marwat,Multan,26287000,30752546,filer,10028391,8465450,0,0,none
2478,Muhammad Fawad Soomro,Rawalpindi,500000,448120,filer,0,0,0,0,none
2457,Muhammad Hussian Soomro,Lahore,20537730,34940305,filer,11494107,6453206,0,0,none
10334,Shagufta Tareen,Lahore,15000000,15926859,filer,4839401,4515000,0,0,none
7304,M Rafiq Tarar,Karachi,500000,546245,filer,0,0,0,0,none
7306,Abida Warraich,Multan,500000,558901,filer,0,0,0,0,none
7307,Javedabbas,Multan,641000,891393,filer,14570,2050,0,0,none
7308,Muhammed Naveed Khan,Hyderabad,1246800,1501089,filer,75163,37020,0,0,none
7351,Farah Kayani,Sialkot,500000,0,absent,0,0,0,0,none
7352,Muhammad Ali Sidiqui,Sialkot,500000,0,absent,0,0,0,0,none
7321,Yasir Magsi,Lahore,500000,0,absent,0,0,0,0,none
7322,Irfan Sheikh,Gujranwala,500000,289032,filer,0,0,0,0,none
7323,Muhammad Ashraf Butt,Lahore,973600,1414313,filer,62147,18680,0,0,none
7324,Yasir Warraich,Hyderabad,757600,1295631,filer,44345,7880,0,0,none
7325,Warda Bibi,Gujranwala,516400,872041,filer,13602,0,0,0,none
7326,Bashir Rajput,Karachi,500000,597353,filer,0,0,0,0,none
7327,Rafiq Naqvi,Islamabad,515200,1218179,filer,32727,0,0,0,none
7328,Said Raja,Islamabad,500000,0,absent,0,0,0,0,none
7330,Maira Virk,Gujranwala,1295000,1435853,filer,65378,44250,0,0,none
7331,Rafiq Jamali,Peshawar,1951600,2419811,filer,234953,142740,0,0,none
7332,Mohammad Rafique Akhtar,Karachi,500000,175711,filer,0,0,0,0,none
7333,Mohd Waqar Afridi,Lahore,500000,1234584,filer,35188,0,0,0,none
7334,Saad Tareen,Gujranwala,746800,1443716,filer,66557,7340,0,0,none
7335,Muhammad Uthman Bhutto,Karachi,500000,442888,filer,0,0,0,0,none
7370,Mazhar Khokhar,Hyderabad,500000,619045,filer,952,0,0,0,none
7371,Nida Begum,Gujranwala,500000,1366823,filer,55023,0,0,0,none
7337,Saeed Sial,Hyderabad,500000,951504,filer,17575,0,0,0,none
7338,Muhammed Imran Hashmi,Hyderabad,500000,711639,filer,5582,0,0,0,none
7339,Muhammed Bilawal Sandhu,Lahore,806800,1300225,filer,45034,10340,0,0,none
7340,Tariq Wattoo,Peshawar,911400,1148366,filer,27418,15570,0,0,none
7341,Nazia Bibi,Faisalabad,500000,626426,filer,1321,0,0,0,none
7342,Moh Asif Bajwa,Hyderabad,500000,591704,filer,0,0,0,0,none
7343,Javaid Akhtar,Lahore,1001800,2190184,filer,178528,20090,0,0,none
7344,Ramsha Memon,Faisalabad,500000,123816,filer,0,0,0,0,none
7345,Muhammad Pervez Satti,Multan,500000,358169,filer,0,0,0,0,none
7346,Mohd Shoaib Gondal,Rawalpindi,500000,230013,filer,0,0,0,0,none
7347,Basir Butt,Peshawar,500000,0,absent,0,0,0,0,none
7348,Faiza Begum,Gujranwala,524000,898825,filer,14941,0,0,0,none
7349,Nida Bibi,Peshawar,500000,0,absent,0,0,0,0,none
7350,Muhammad Tariq Sial,Hyderabad,500000,291486,filer,0,0,0,0,none
7387,Nida Janjua,Hyderabad,500000,0,absent,0,0,0,0,none
7389,Mansoor Rizvi,Peshawar,500000,0,absent,0,0,0,0,none
7353,Nasir Warraich,Karachi,800000,1392109,filer,58816,10000,0,0,none
7354,Maira Tareen,Faisalabad,500000,613900,filer,695,0,0,0,none
7355,Kiran Tarar,Faisalabad,500000,0,absent,0,0,0,0,none
7356,Mohammed Usama Warraich,Karachi,500000,0,absent,0,0,0,0,none
7357,Mohammed Usama Warraich,Karachi,0,325621,filer,0,0,0,0,none
7359,Rida Warraich,Karachi,500000,0,absent,0,0,0,0,none
7360,Mohammed Sohail Mughal,Lahore,500000,277903,filer,0,0,0,0,none
7361,Faisal Lodhi,Faisalabad,500000,277039,filer,0,0,0,0,none
7362,Shafique Naqvi,Karachi,500000,459088,filer,0,0,0,0,none
7363,M Rizwan Niazi,Lahore,500000,650951,filer,2548,0,0,0,none
7364,Saba Mirza,Rawalpindi,500000,802759,filer,10138,0,0,0,none
7365,Suhail Kayani,Peshawar,550800,857141,filer,12857,0,0,0,none
7367,Owais Marwat,Islamabad,500000,0,absent,0,0,0,0,none
7368,Muhammed Zeeshan Gujjar,Islamabad,1042200,5301301,filer,1120455,22110,0,0,none
7404,M Nawaz Gondal,Lahore,753000,1118405,filer,25920,7650,0,0,none
7405,Sufyan Chaudhry,Gujranwala,622800,1053615,filer,22681,1140,0,0,none
7406,Anika Baig,Sialkot,500000,0,absent,0,0,0,0,none
7407,Anika Marwat,Rawalpindi,500000,1091553,filer,24578,0,0,0,none
7408,Komal Khattak,Lahore,500000,0,absent,0,0,0,0,none
7409,Muhammad Kashif Satti,Islamabad,697400,1590767,filer,88615,4870,0,0,none
7373,Umar Sidiqui,Karachi,592400,801097,filer,10055,0,0,0,none
7376,Muhammad Sohail Abbas,Rawalpindi,1140600,1716380,filer,107457,27030,0,0,none
7377,Aiman Hashmi,Gujranwala,649600,760182,filer,8009,2480,0,0,none
7378,Faraz Abbasi,Bahawalpur,500000,900309,filer,15015,0,0,0,none
7380,Warda Begum,Gujranwala,500000,0,absent,0,0,0,0,none
7381,Salman Jutt,Lahore,652200,1041858,filer,22093,2610,0,0,none
7382,Rida Ansari,Karachi,500000,488956,filer,0,0,0,0,none
7383,Ghulam Kayani,Faisalabad,500000,483251,filer,0,0,0,0,none
7384,Muhammed Bilawal Hashmi,Peshawar,500000,0,absent,0,0,0,0,none
7386,Mishal Bibi,Sialkot,617400,690841,filer,4542,870,0,0,none
7421,Muhammed Ashraf Virk,Islamabad,687800,856042,filer,12802,4390,0,0,none
7422,Waleed Hamdani,Islamabad,938200,1144506,filer,27225,16910,0,0,none
7423,Sana Malki,Faisalabad,685600,1485434,filer,72815,4280,0,0,none
7425,Mishal Tareen,Gujranwala,616200,1165241,filer,28262,810,0,0,none
7426,Asif Naqvi,Karachi,670200,1105840,filer,25292,3510,0,0,none
7427,Muhammad Jahangir Kayani,Hyderabad,500000,631319,filer,1566,0,0,0,none
7391,Mohammed Hamid Magsi,Bahawalpur,500000,258658,filer,0,0,0,0,none
7392,Muhammad Waqar Tareen,Karachi,500000,0,absent,0,0,0,0,none
7393,Asma Hamdani,Lahore,500000,718545,filer,5927,0,0,0,none
7394,Asma Kazmi,Gujranwala,500000,618303,filer,915,0,0,0,none
7397,Imran Shah,Lahore,500000,552782,filer,0,0,0,0,none
7398,Mudassar Dar,Bahawalpur,1212400,1507425,filer,76114,31860,0,0,none
7399,Rizwan Warraich,Quetta,500000,905934,filer,15297,0,0,0,none
7400,Shazia Satti,Islamabad,500000,0,absent,0,0,0,0,none
7402,Muhammed Haroon Magsi,Islamabad,500000,0,absent,0,0,0,0,none
7403,Muhammad Ashraf Bhutto,Lahore,500000,630285,filer,1514,0,0,0,none
7411,Mohammed Rizwan Dar,Karachi,727400,1475802,filer,71370,6370,0,0,none
7412,Aslam Khokhar,Lahore,606400,1368023,filer,55203,320,0,0,none
7414,Muhammad Zeeshan Abbas,Rawalpindi,500000,0,absent,0,0,0,0,none
4293,Javed Rizvi,Rawalpindi,36792200,60937330,filer,20593066,12142270,0,0,none
10255,Shahzad Tarar,Multan,15000000,28606137,filer,9277148,4515000,0,0,none
2467,Umar Siddiqi,Quetta,800000,830196,filer,11510,10000,0,0,none
2471,Tanvir Chohan,Bahawalpur,500000,0,absent,0,0,0,0,none
2472,Bushra Begum,Hyderabad,800000,1169207,filer,28460,10000,0,0,none
2435,Ibrahim Cheema,Karachi,21963800,22975360,filer,7306376,6952330,0,0,none
2436,Muhammad Ali Lodhi,Faisalabad,25530200,35720427,filer,11767149,8200570,0,0,none
2576,Robina Begum,Lahore,42444600,58258787,filer,19655575,14120610,0,0,none
7416,Rabia Lodhi,Gujranwala,500000,514048,filer,0,0,0,0,none
7417,Samina Bibi,Faisalabad,500000,334544,filer,0,0,0,0,none
7418,Mohd Mansoor Paracha,Hyderabad,500000,0,absent,0,0,0,0,none
7419,Rida Bibi,Faisalabad,630400,1296985,filer,44548,1520,0,0,none
7420,Nida Bibi,Bahawalpur,852200,1197660,filer,29883,12610,0,0,none
2446,Fathima Shah,Islamabad,800000,1152707,filer,27635,10000,0,0,none
10348,Mohammed Sohail Siddiqui,Gujranwala,45631800,60441225,filer,20419429,15236130,0,0,none
2450,Hamid Butt,Karachi,804400,1038030,filer,21902,10220,0,0,none
2454,Tanvir Zaidi,Lahore,800000,1271193,filer,40679,10000,0,0,none
2431,کاشف چوہدری,Lahore,500000,282310,filer,0,0,0,0,none
2432,M Waqar Naqvi,Karachi,6000000,10977856,filer,3107250,1365000,0,0,none
7432,Anika Satti,Faisalabad,850800,1124072,filer,26204,12540,0,0,none
7435,Riaz Beg,Lahore,500000,566680,filer,0,0,0,0,none
7436,Asad Akhtar,Rawalpindi,562200,968130,filer,18406,0,0,0,none
7438,Rashid Warraich,Karachi,1012800,1176587,filer,28829,20640,0,0,none
7439,Taimur Niazi,Peshawar,500000,607782,filer,389,0,0,0,none
7440,Mohammad Salam Dar,Karachi,1942000,14316939,filer,4275929,141300,0,0,none
7441,Muhammad Jamil Gujjar,Rawalpindi,594400,929118,filer,16456,0,0,0,none
7442,Iqra Sial,Multan,500000,391529,filer,0,0,0,0,none
7445,Hina Chaudhry,Gujranwala,500000,209653,filer,0,0,0,0,none
7447,Rida Rizvi,Bahawalpur,500000,0,absent,0,0,0,0,none
7448,Yousuf Niazi,Islamabad,500000,1035178,filer,21759,0,0,0,none
7449,Mohammad Aamir Magsi,Hyderabad,635600,1242583,filer,36387,1780,0,0,none
7450,Hammad Gondal,Karachi,500000,0,absent,0,0,0,0,none
7451,Mohammed Hamid Naqvi,Rawalpindi,519400,926863,filer,16343,0,0,0,none
7454,Faraz Bhutto,Lahore,500000,416700,filer,0,0,0,0,none
7455,Mohammad Khalid Gondal,Islamabad,500000,0,absent,0,0,0,0,none
7456,Adnan Ansari,Rawalpindi,604400,1195752,filer,29788,220,0,0,none
7457,Sufyan Mengal,Rawalpindi,500000,0,absent,0,0,0,0,none
7458,Rizwan Niazi,Faisalabad,500000,165157,filer,0,0,0,0,none
7460,Shaista Niazi,Quetta,500000,800781,filer,10039,0,0,0,none
7461,Fatima Janjua,Gujranwala,1726600,2191999,filer,178800,108990,0,0,none
7463,Asad Bajwa,Quetta,883400,1086573,filer,24329,14170,0,0,none
7464,Mohammad Yasir Afridi,Peshawar,500000,0,absent,0,0,0,0,none
7429,M Ali Virk,Rawalpindi,657200,1339686,filer,50953,2860,0,0,none
7430,Ramsa Wattoo,Rawalpindi,1020000,2238459,filer,189615,21000,0,0,none
2445,Javaid Warraich,Bahawalpur,500000,691228,filer,4561,0,0,0,none
7499,Aysha Tarar,Sialkot,500000,555740,filer,0,0,0,0,none
7465,Nimra Baig,Lahore,500000,266181,filer,0,0,0,0,none
7466,Muhammad Rizwan Paracha,Rawalpindi,500000,304568,filer,0,0,0,0,none
7467,Mohammad Mubashir Satti,Gujranwala,500000,0,absent,0,0,0,0,none
7468,Muhammad Fahad Mirza,Karachi,1503400,1735844,filer,110377,75510,0,0,none
7469,Muhammad Nasir Bhatti,Karachi,500000,1092023,filer,24601,0,0,0,none
7470,Zainab Quraishi,Multan,572600,0,absent,0,0,0,0,none
7471,Mohammad Hussain Rajput,Lahore,592800,1890935,filer,133640,0,0,0,none
7472,Aslam Virk,Rawalpindi,500000,316567,filer,0,0,0,0,none
7473,Farhan Mirza,Lahore,2733800,3592781,filer,547834,313450,0,0,none
7475,Muhammed Ayaz Rajput,Bahawalpur,547400,0,absent,0,0,0,0,none
7476,M Tariq Bhutto,Rawalpindi,500000,316987,filer,0,0,0,0,none
7477,Bilawal Qureishi,Peshawar,500000,713428,filer,5671,0,0,0,none
7478,Zubair Khokhar,Islamabad,500000,277896,filer,0,0,0,0,none
7479,Kasim Awan,Sialkot,500000,1186543,filer,29327,0,0,0,none
7481,M Farhan Gondal,Quetta,500000,0,absent,0,0,0,0,none
7516,Ahmed Gilani,Lahore,500000,0,absent,0,0,0,0,none
7482,Durdana Durrani,Karachi,500000,0,absent,0,0,0,0,none
7483,Imran Soomro,Lahore,504400,773465,filer,8673,0,0,0,none
7484,Nimra Magsi,Peshawar,500000,364550,filer,0,0,0,0,none
7486,Mehmdu Abbasi,Gujranwala,500000,0,absent,0,0,0,0,none
7487,Muhammad Naveed Cheema,Hyderabad,500000,819277,filer,10964,0,0,0,none
7488,Aiman Hamdani,Hyderabad,500000,0,absent,0,0,0,0,none
7489,Yasmin Mirza,Karachi,1077800,1244877,filer,36732,23890,0,0,none
7490,Mohammed Farhan Sidiqui,Karachi,2001600,4048593,filer,684578,150240,0,0,none
7492,Riaz Kayani,Rawalpindi,500000,0,absent,0,0,0,0,none
7493,Javid Abbas,Karachi,500000,0,absent,0,0,0,0,none
7494,Mohammed Bilal Geelani,Islamabad,551000,0,absent,0,0,0,0,none
7495,Muhammad Umar Sidiqui,Rawalpindi,500000,1061937,filer,23097,0,0,0,none
7496,Muhammed Aslam Warraich,Lahore,500000,0,absent,0,0,0,0,none
7497,Laiba Geelani,Hyderabad,873000,1179305,filer,28965,13650,0,0,none
7498,Salman Khan,Lahore,500000,311194,filer,0,0,0,0,none
7535,Talha Hamdani,Quetta,708400,1074567,filer,23728,5420,0,0,none
7500,Mohammed Sufyan Chohan,Faisalabad,500000,0,absent,0,0,0,0,none
7501,Hussain Malik,Karachi,500000,320536,filer,0,0,0,0,none
7502,Mehwish Lodhi,Lahore,500000,0,absent,0,0,0,0,none
7503,Liaquat Durrani,Hyderabad,1225800,1534121,filer,80118,33870,0,0,none
7504,Maira Mughal,Gujranwala,500000,428425,filer,0,0,0,0,none
7505,محمد جنید چوہدری,Lahore,578800,0,absent,0,0,0,0,none
7506,Fariha Begum,Hyderabad,500000,0,absent,0,0,0,0,none
7507,Mohd Imran Kazmi,Lahore,503400,555285,filer,0,0,0,0,none
7509,Maira Paracha,Rawalpindi,500000,337718,filer,0,0,0,0,none
7510,Mohammed Mansoor Yousafzai,Faisalabad,796600,1851500,filer,127725,9830,0,0,none
7511,Yasir Wattoo,Karachi,521200,0,absent,0,0,0,0,none
7512,Aiman Bibi,Faisalabad,587000,948993,filer,17450,0,0,0,none
7513,Yasmin Zaidi,Lahore,500000,1566928,filer,85039,0,0,0,none
7514,Asif Raja,Islamabad,500000,0,absent,0,0,0,0,none
7515,Junaid Sial,Sialkot,815600,1429813,filer,64472,10780,0,0,none
7549,Shazia Lodhi,Islamabad,500000,650451,filer,2523,0,0,0,none
7550,Ejaz Bajwa,Hyderabad,1119200,1546709,filer,82006,25960,0,0,none
7552,Ismail Cheema,Multan,541600,773307,filer,8665,0,0,0,none
7517,Noman Arain,Lahore,500000,714960,filer,5748,0,0,0,none
7518,Mohammad Tanvir Marwat,Bahawalpur,500000,0,absent,0,0,0,0,none
7520,Nazia Bibi,Lahore,500000,681228,filer,4061,0,0,0,none
7521,Mohd Raza Siddiqui,Karachi,800000,2148925,filer,172339,10000,0,0,none
7522,Fariha Magsi,Karachi,500000,471292,filer,0,0,0,0,none
7523,Mohammed Sajid Memon,Karachi,500000,0,absent,0,0,0,0,none
7525,Mohd Haroon Rizvi,Multan,500000,570057,filer,0,0,0,0,none
7526,Muhammad Shuaib Gujjar,Rawalpindi,500000,540078,filer,0,0,0,0,none
7527,Muhammed Jahangir Warraich,Lahore,782400,1109434,filer,25472,9120,0,0,none
7528,Bushra Virk,Rawalpindi,533600,932991,filer,16650,0,0,0,none
7529,Mohammad Riaz Sial,Gujranwala,500000,622333,filer,1117,0,0,0,none
7530,Muhammed Imran Mirza,Karachi,500000,0,absent,0,0,0,0,none
7531,Rukhsana Niazi,Lahore,500000,0,absent,0,0,0,0,none
7563,Nazia Bhutto,Karachi,500000,101737,filer,0,0,0,0,none
7565,Ayaz Shah,Sialkot,500000,650807,filer,2540,0,0,0,none
7566,Mohammed Haroon Khokhar,Rawalpindi,500000,770153,filer,8508,0,0,0,none
7567,Mazhar Tarar,Gujranwala,500000,801381,filer,10069,0,0,0,none
7568,Amna Mughal,Karachi,526400,1397431,filer,59615,0,0,0,none
7537,Shabana Naqvi,Karachi,500000,0,absent,0,0,0,0,none
7538,Mohd Omar Shiekh,Karachi,580200,707038,filer,5352,0,0,0,none
7539,M Noman Khan,Rawalpindi,500000,776034,filer,8802,0,0,0,none
7540,Muhammad Rizwan Jutt,Islamabad,513000,0,absent,0,0,0,0,none
7541,M Saad Jamali,Karachi,511000,619393,filer,970,0,0,0,none
7542,Muhammed Rehan Wattoo,Gujranwala,939000,1884584,filer,132688,16950,0,0,none
7544,محمد زبیر چوہدری,Rawalpindi,500000,0,absent,0,0,0,0,none
7545,Muhammad Moin Sial,Gujranwala,500000,798180,filer,9909,0,0,0,none
7546,Fathima Kazmi,Islamabad,500000,338048,filer,0,0,0,0,none
7547,Rehan Rajput,Hyderabad,500000,1451468,filer,67720,0,0,0,none
7548,Muhammed Faisal Marwat,Faisalabad,500000,0,absent,0,0,0,0,none
7553,Faraz Memon,Gujranwala,500000,0,absent,0,0,0,0,none
7554,Mariam Khattak,Lahore,500000,778292,filer,8915,0,0,0,none
7556,Yasir Gillani,Islamabad,500000,540719,filer,0,0,0,0,none
2433,Muhammad Fawad Hashmi,Hyderabad,500000,228681,filer,0,0,0,0,none
1690,Mishal Begum,Multan,500000,464727,filer,0,0,0,0,none
1691,Nasir Magsi,Karachi,1059200,1308021,filer,46203,22960,0,0,none
1695,Bashir Bajwa,Quetta,500000,0,absent,0,0,0,0,none
1696,Nimra Gillani,Gujranwala,79247600,80278043,filer,27362315,27001660,0,0,none
2434,Mohammad Ejaz Naqvi,Peshawar,800000,937108,filer,16855,10000,0,0,none
9913,Mubashir Rajput,Lahore,800000,779750,filer,8988,10000,1012,0,none
7557,Jjavid Hashmi,Quetta,500000,460888,filer,0,0,0,0,none
7558,Shafiq Raja,Islamabad,500000,620847,filer,1042,0,0,0,none
7559,Ibrahim Malik,Gujranwala,500000,761714,filer,8086,0,0,0,none
7560,Muhammed Ejaz Jutt,Lahore,606000,0,absent,0,300,300,0,none
7561,Muhammad Ghulam Hamdani,Faisalabad,500000,426994,filer,0,0,0,0,none
7562,Muhammad Ali Shah,Lahore,500000,582507,filer,0,0,0,0,none
7569,Liaquattarar,Rawalpindi,500000,0,absent,0,0,0,0,none
7570,Akram Gujjar,Lahore,581600,0,absent,0,0,0,0,none
7571,عائشہ بٹ,Lahore,500000,0,absent,0,0,0,0,none
7572,Iqra Butt,Sialkot,852200,1173559,filer,28678,12610,0,0,none
7573,Zoya Begum,Bahawalpur,500000,0,absent,0,0,0,0,none
7575,Shazia Bibi,Karachi,500000,283862,filer,0,0,0,0,none
7576,Maira Marwat,Karachi,511600,800155,filer,10008,0,0,0,none
7577,Shazia Wattoo,Karachi,516600,0,absent,0,0,0,0,none
7578,Abdullah Mughal,Karachi,500000,0,absent,0,0,0,0,none
7579,Hina Paracha,Islamabad,500000,762822,filer,8141,0,0,0,none
7580,Muhammed Iqbal Siddiqui,Peshawar,500000,0,absent,0,0,0,0,none
7582,Muhammad Uthman Jamali,Karachi,1194200,1373052,filer,55958,29710,0,0,none
7583,Kamran Hamdani,Multan,500000,0,absent,0,0,0,0,none
7584,Naveed Paraca,Karachi,613000,972342,filer,18617,650,0,0,none
7585,Mohammad Junaid Shiekh,Gujranwala,500000,359147,filer,0,0,0,0,none
7586,Muhammad Mudassar Virk,Lahore,605200,1866183,filer,129927,260,0,0,none
7587,Tahira Warriach,Karachi,500000,0,absent,0,0,0,0,none
7588,Rida Warraich,Islamabad,500000,802907,filer,10145,0,0,0,none
7589,Hammad Khattak,Gujranwala,822800,2106597,filer,165990,11140,0,0,none
7590,Owais Khan,Quetta,500000,0,absent,0,0,0,0,none
7591,Irfan Marwat,Faisalabad,500000,1046682,filer,22334,0,0,0,none
7593,Waqar Akhtar,Multan,500000,0,absent,0,0,0,0,none
7596,Laiba Dar,Rawalpindi,500000,0,absent,0,0,0,0,none
7597,Muhammed Saeed Tareen,Islamabad,1162200,1535506,filer,80326,28110,0,0,none
7598,Maryam Abbas,Karachi,500000,362887,filer,0,0,0,0,none
7599,M Asif Bajwa,Sialkot,548800,1155134,filer,27757,0,0,0,none
7600,Maira Hamdani,Rawalpindi,500000,380884,filer,0,0,0,0,none
7601,Mohammed Wasim Satti,Bahawalpur,500000,652817,filer,2641,0,0,0,none
7602,Yasir Hamdani,Bahawalpur,638200,1191199,filer,29560,1910,0,0,none
7604,M Fawad Mirza,Lahore,500000,468324,filer,0,0,0,0,none
7605,Muhammad Adnan Sandhu,Lahore,500000,0,absent,0,0,0,0,none
7607,Muhammad Liaquat Memon,Peshawar,500000,0,absent,0,0,0,0,none
7641,Shahzad Shah,Peshawar,517000,717367,filer,5868,0,0,0,none
7645,Noor Shah,Rawalpindi,500000,499148,filer,0,0,0,0,none
7646,M Ayaz Bhutto,Karachi,500000,0,absent,0,0,0,0,none
7608,Shazia Abbasi,Lahore,500000,482812,filer,0,0,0,0,none
7609,Kashif Shah,Karachi,515800,774522,filer,8726,0,0,0,none
7610,Owais Mirza,Gujranwala,500000,271451,filer,0,0,0,0,none
7611,Mohammad Taimur Tarar,Bahawalpur,580400,959503,filer,17975,0,0,0,none
7613,Mahnoor Yusufzai,Lahore,500000,292319,filer,0,0,0,0,none
7614,Nida Raja,Multan,500000,1054869,filer,22743,0,0,0,none
7615,Aiman Bibi,Rawalpindi,500000,462410,filer,0,0,0,0,none
7619,سلمان انصاری,Faisalabad,500000,258388,filer,0,0,0,0,none
7623,Mohd Mudassar Bhatti,Hyderabad,500000,662602,filer,3130,0,0,0,none
7624,Amna Jutt,Peshawar,500000,854296,filer,12715,0,0,0,none
7625,Shafiq Hamdani,Multan,1344000,1668029,filer,100204,51600,0,0,none
7627,Muhammad Sufyan Durrani,Peshawar,500000,684456,filer,4223,0,0,0,none
7628,Muhammad Owais Raja,Quetta,500000,282471,filer,0,0,0,0,none
7656,Shaista Shah,Sialkot,500000,346853,filer,0,0,0,0,none
7657,Robina Raja,Rawalpindi,500000,0,absent,0,0,0,0,none
7658,Yasmeen Mengal,Karachi,500000,615327,filer,766,0,0,0,none
7659,Anwar Sandhu,Faisalabad,755600,1201727,filer,30259,7780,0,0,none
7660,Saadia Mughal,Rawalpindi,500000,409876,filer,0,0,0,0,none
7661,Rizwan Shah,Sialkot,500000,1395818,filer,59373,0,0,0,none
7662,Shabana Janjua,Gujranwala,500000,492101,filer,0,0,0,0,none
7629,Mohammad Akram Abbasi,Hyderabad,500000,743276,filer,7164,0,0,0,none
7630,Riaz Magsi,Karachi,500000,542233,filer,0,0,0,0,none
7633,Tanveer Shah,Lahore,500000,0,absent,0,0,0,0,none
7634,Mazhar Khokhar,Karachi,500000,0,absent,0,0,0,0,none
7635,Noman Dar,Multan,500000,1277656,filer,41648,0,0,0,none
7637,Anwar Warraich,Karachi,500000,508933,filer,0,0,0,0,none
7638,Sana Paracha,Karachi,979000,1228225,filer,34234,18950,0,0,none
7639,Muhammad Karim Dar,Bahawalpur,500000,461645,filer,0,0,0,0,none
7640,Uthman Mirza,Multan,500000,0,absent,0,0,0,0,none
7673,Maira Begum,Gujranwala,500000,506087,filer,0,0,0,0,none
7675,Tanvir Satti,Rawalpindi,500000,0,absent,0,0,0,0,none
7676,M Shahzad Arain,Islamabad,500000,509459,filer,0,0,0,0,none
7677,Muhammad Wasim Gondal,Rawalpindi,500000,595599,filer,0,0,0,0,none
7678,Nasrin Malik,Rawalpindi,1176200,2351365,filer,217841,28810,0,0,none
7679,Maira Mirza,Sialkot,500000,673156,filer,3658,0,0,0,none
7680,Zoya Chaudhry,Lahore,500000,777640,filer,8882,0,0,0,none
7647,Sajid Geelani,Islamabad,500000,443088,filer,0,0,0,0,none
7648,Saad Raja,Karachi,500000,735453,filer,6773,0,0,0,none
7649,Bushra Afridi,Peshawar,1162200,2028537,filer,154281,28110,0,0,none
7650,M Ejaz Butt,Faisalabad,500000,0,absent,0,0,0,0,none
7651,Hira Kakar,Sialkot,500000,0,absent,0,0,0,0,none
7652,Fatima Durrani,Islamabad,500000,0,absent,0,0,0,0,none
7653,Muhammad Nawaz Sial,Lahore,524000,786103,filer,9305,0,0,0,none
7654,Samina Bhutto,Karachi,500000,747384,filer,7369,0,0,0,none
7655,Bushra Begg,Lahore,738000,1163095,filer,28155,6900,0,0,none
7664,Sehrrish Kayani,Lahore,500000,584727,filer,0,0,0,0,none
7665,ثمینہ بیگم,Hyderabad,500000,0,absent,0,0,0,0,none
7666,Tanveer Virk,Karachi,605400,974013,filer,18701,270,0,0,none
1705,Mohd Faisal Ansari,Bahawalpur,500000,293271,filer,0,0,0,0,none
1709,Asma Naqvi,Bahawalpur,20878800,52854168,filer,17763959,6572580,0,0,none
1711,Nawaz Magsi,Karachi,20996600,28856342,filer,9364720,6613810,0,0,none
10506,Mohammad Zafar Wattoo,Faisalabad,27182400,61039279,filer,20628748,8778840,0,0,none
2423,Muhammad Yousuf Jamali,Islamabad,47606400,75958035,filer,25850312,15927240,0,0,none
10387,Farah Zaidi,Islamabad,24923200,33419279,filer,10961748,7988120,0,0,none
2405,Khaled Memon,Islamabad,25749600,33389560,filer,10951346,8277360,0,0,none
2406,Muhammad Zobair Gondal,Faisalabad,500000,599236,filer,0,0,0,0,none
7667,Asma Jamali,Rawalpindi,576200,852479,filer,12624,0,0,0,none
7668,Uzma Abbasi,Karachi,689000,1001671,filer,20084,4450,0,0,none
7669,Muhammad Shahid Hashmi,Faisalabad,500000,487436,filer,0,0,0,0,none
7671,Shabana Durrani,Lahore,1526200,2075015,filer,161252,78930,0,0,none
7672,Abida Bibi,Lahore,569600,956876,filer,17844,0,0,0,none
7681,Nawaz Sandhu,Rawalpindi,500000,1154987,filer,27749,0,0,0,none
7682,Ejaz Khan,Lahore,500000,1000156,filer,20008,0,0,0,none
7683,Mohd Nasir Kayani,Lahore,516000,0,absent,0,0,0,0,none
7684,Muhammad Umar Shah,Lahore,500000,157062,filer,0,0,0,0,none
7685,Muhammad Asif Choudhry,Karachi,697000,1759980,filer,113997,4850,0,0,none
7686,Warda Janjua,Peshawar,500000,557857,filer,0,0,0,0,none
7687,Mansoor Sh,Lahore,500000,0,absent,0,0,0,0,none
7689,Aslam Akhtar,Faisalabad,679600,1157354,filer,27868,3980,0,0,none
7690,Fatimah Begum,Quetta,500000,943373,filer,17169,0,0,0,none
7691,Jahangir Bhutto,Multan,654000,1007992,filer,20400,2700,0,0,none
7692,M Naveed Soomro,Bahawalpur,576400,641296,filer,2065,0,0,0,none
7693,Eman Begg,Peshawar,500000,0,absent,0,0,0,0,none
7694,Mohammad Ejaz Mughal,Multan,557800,0,absent,0,0,0,0,none
7696,Rizwan Sandhu,Lahore,500000,0,absent,0,0,0,0,none
7697,Saad Khan,Islamabad,500000,0,absent,0,0,0,0,none
7663,Nasir Bajwa,Lahore,1577800,2070201,filer,160530,86670,0,0,none
7735,Raza Jamali,Gujranwala,500000,0,absent,0,0,0,0,none
7736,Talha Kakar,Rawalpindi,500000,0,absent,0,0,0,0,none
7698,Muhammad Ismail Yusufzai,Faisalabad,576000,785395,filer,9270,0,0,0,none
7701,Mudassar Niazi,Islamabad,500000,386352,filer,0,0,0,0,none
7702,Mohammed Iqbal Akhtar,Rawalpindi,500000,1129358,filer,26468,0,0,0,none
7703,Owais Wattoo,Faisalabad,500000,0,absent,0,0,0,0,none
7704,Fathima Hamdani,Hyderabad,500000,0,absent,0,0,0,0,none
7705,Yasmin Bajwa,Quetta,500000,0,absent,0,0,0,0,none
7707,Muhammad Ali Arain,Bahawalpur,846200,1313257,filer,46989,12310,0,0,none
7709,Jahangir Kayani,Karachi,500000,643090,filer,2154,0,0,0,none
7712,Younis Jutt,Rawalpindi,500000,0,absent,0,0,0,0,none
7713,Faiza Mirza,Gujranwala,500000,0,absent,0,0,0,0,none
7714,Sehrish Khokhar,Karachi,500000,0,absent,0,0,0,0,none
7716,Shagufta Raja,Hyderabad,500000,515982,filer,0,0,0,0,none
7717,Mohammad Abdullah Satti,Islamabad,500000,612088,filer,604,0,0,0,none
7720,Junaid Qureshi,Hyderabad,2066800,2798301,filer,329575,160020,0,0,none
7749,Asif Naqvi,Sialkot,500000,443397,filer,0,0,0,0,none
7750,Riaz Virk,Karachi,500000,342253,filer,0,0,0,0,none
7751,Muhammad Bilal Raja,Karachi,575000,798116,filer,9906,0,0,0,none
7752,انور مغل,Sialkot,500000,0,absent,0,0,0,0,none
7753,Maryam Gujjar,Rawalpindi,513800,631774,filer,1589,0,0,0,none
7754,Hira Malik,Faisalabad,500000,0,absent,0,0,0,0,none
7721,Maira Abbasi,Lahore,500000,578915,filer,0,0,0,0,none
7722,Ali Gujjar,Rawalpindi,703400,905329,filer,15266,5170,0,0,none
7724,Danish Mirza,Faisalabad,511800,594023,filer,0,0,0,0,none
7726,Mohammed Zeeshan Zaidi,Islamabad,500000,0,absent,0,0,0,0,none
7727,Hira Butt,Bahawalpur,500000,0,absent,0,0,0,0,none
7728,Faiza Ansari,Multan,500000,0,absent,0,0,0,0,none
7730,Shahid Warraich,Karachi,500000,1081394,filer,24070,0,0,0,none
7732,Sadiya Jamali,Islamabad,500000,485978,filer,0,0,0,0,none
7733,Anika Gilani,Peshawar,500000,528439,filer,0,0,0,0,none
7734,Farah Bajwa,Lahore,500000,0,absent,0,0,0,0,none
7763,Mishal Mirza,Bahawalpur,500000,509925,filer,0,0,0,0,none
7764,Sufyana Khtar,Lahore,500000,0,absent,0,0,0,0,none
7765,Muhammad Aslam Quraishi,Faisalabad,500000,469352,filer,0,0,0,0,none
7766,Younis Kayani,Karachi,500000,884777,filer,14239,0,0,0,none
7767,M Rashid Afridi,Faisalabad,500000,0,absent,0,0,0,0,none
7769,Tahirah Virk,Karachi,500000,0,absent,0,0,0,0,none
7770,Shahzad Khokhar,Karachi,500000,793556,filer,9678,0,0,0,none
7771,Abid Hamani,Rawalpindi,500000,0,absent,0,0,0,0,none
7772,Mazhar Sial,Islamabad,500000,467038,filer,0,0,0,0,none
7738,Pervez Niazi,Karachi,500000,0,absent,0,0,0,0,none
7739,Mohd Bashir Janjua,Karachi,500000,392534,filer,0,0,0,0,none
7742,Mohammad Anwar Khattak,Gujranwala,1757200,2678159,filer,299540,113580,0,0,none
7743,Rashid Paracha,Lahore,500000,492789,filer,0,0,0,0,none
7744,Tooba Marwat,Gujranwala,500000,0,absent,0,0,0,0,none
7747,Ayaz Lodhi,Lahore,500000,0,absent,0,0,0,0,none
7748,Younis Kakar,Islamabad,810200,1515879,filer,77382,10510,0,0,none
7780,Robina Bibi,Rawalpindi,500000,710766,filer,5538,0,0,0,none
7781,Hina Hashmi,Karachi,500000,1065273,filer,23264,0,0,0,none
7782,Muhammad Javed Rizvi,Sialkot,500000,292011,filer,0,0,0,0,none
7784,Zaynab Sial,Islamabad,500000,0,absent,0,0,0,0,none
7785,Iqra Bibi,Peshawar,707600,1000699,filer,20035,5380,0,0,none
7786,Naila Bibi,Islamabad,500000,0,absent,0,0,0,0,none
7787,Muhammad Rashid Tareen,Quetta,500000,686254,filer,4313,0,0,0,none
7788,Ahmad Wattoo,Karachi,2040400,2349236,filer,217309,156060,0,0,none
7789,Naila Kayani,Gujranwala,500000,715143,filer,5757,0,0,0,none
7755,Mohd Shahid Sandhu,Faisalabad,500000,729974,filer,6499,0,0,0,none
7756,محمد عدنان بیگ,Islamabad,500000,0,absent,0,0,0,0,none
7757,Uzma Beg,Rawalpindi,582600,0,absent,0,0,0,0,none
7758,M Zafar Qureshi,Bahawalpur,500000,246604,filer,0,0,0,0,none
7760,Rashid Gondal,Karachi,500000,0,absent,0,0,0,0,none
7761,Zubair Kazmi,Faisalabad,500000,0,absent,0,0,0,0,none
7762,Shahzad Bajwa,Islamabad,500000,0,absent,0,0,0,0,none
7799,Muhammed Akram Yousafzai,Sialkot,500000,0,absent,0,0,0,0,none
7800,Abida Sial,Faisalabad,500000,349721,filer,0,0,0,0,none
7801,Saad Hashmi,Gujranwala,500000,0,absent,0,0,0,0,none
7802,Mohammad Kamran Beg,Lahore,607000,1460483,filer,69072,350,0,0,none
7803,Kashif Janjua,Hyderabad,624000,1029116,filer,21456,1200,0,0,none
7804,Farah Malik,Islamabad,527200,0,absent,0,0,0,0,none
7805,Shahid Baig,Bahawalpur,613800,1514417,filer,77163,690,0,0,none
7806,Mansooor Tareen,Peshawar,500000,0,absent,0,0,0,0,none
7808,Nawaz Paracha,Multan,849800,1712780,filer,106917,12490,0,0,none
7773,Muhammad Talha Wattoo,Karachi,500000,481016,filer,0,0,0,0,none
7774,Mishal Paracha,Karachi,1155800,1639419,filer,95913,27790,0,0,none
7775,Anika Gujjar,Gujranwala,944200,1183231,filer,29162,17210,0,0,none
7776,Sana Ansari,Islamabad,500000,0,absent,0,0,0,0,none
7777,Muhammad Asif Sandhu,Hyderabad,500000,462902,filer,0,0,0,0,none
7778,Muhammad Yyasir Satti,Quetta,500000,842157,filer,12108,0,0,0,none
7779,Durdana Cheema,Lahore,500000,1374017,filer,56103,0,0,0,none
7815,Haroon Rizvi,Rawalpindi,500000,524906,filer,0,0,0,0,none
7816,Mubashir Khokhar,Karachi,500000,0,absent,0,0,0,0,none
7818,Liaquat Memon,Rawalpindi,500000,453746,filer,0,0,0,0,none
7819,Muhammad Hamid Abbas,Karachi,500000,607310,filer,366,0,0,0,none
7820,Kahlid Warraich,Rawalpindi,500000,595620,filer,0,0,0,0,none
7822,Yasmeen Jutt,Peshawar,500000,296754,filer,0,0,0,0,none
7823,Pervez Siddiqi,Quetta,656200,992223,filer,19611,2810,0,0,none
7824,Hira Akhtar,Gujranwala,1257800,1895051,filer,134258,38670,0,0,none
7825,Muhammad Ashraf Siddiqui,Gujranwala,500000,0,absent,0,0,0,0,none
7790,Tooba Soomro,Sialkot,500000,0,absent,0,0,0,0,none
7792,Muhammad Zafar Jutt,Faisalabad,638400,1584882,filer,87732,1920,0,0,none
7793,Adnan Dar,Islamabad,547000,0,absent,0,0,0,0,none
7794,Ghulam Mengal,Rawalpindi,500000,0,absent,0,0,0,0,none
7795,Hamid Mughal,Rawalpindi,547200,651424,filer,2571,0,0,0,none
7797,Mohammad Hammad Malik,Lahore,769600,1046962,filer,22348,8480,0,0,none
7798,Mazhar Wattoo,Hyderabad,709400,1236247,filer,35437,5470,0,0,none
7809,Aiman Begum,Lahore,500000,523739,filer,0,0,0,0,none
7810,Hasan Butt,Multan,500000,0,absent,0,0,0,0,none
7812,Haroon Mughal,Rawalpindi,603000,1223224,filer,33484,150,0,0,none
2412,Yasmin Arain,Karachi,2500000,3092450,filer,403112,255000,0,0,none
2414,M Moin Kayani,Lahore,800000,851849,filer,12592,10000,0,0,none
2415,Mohammad Jamil Wattoo,Karachi,23295200,41665559,filer,13847946,7418320,0,0,none
2416,Abdullah Butt,Multan,16759326,22440218,filer,7119076,5130764,0,0,none
2417,Mohammed Usama Lodhi,Faisalabad,72180800,77003068,filer,26216074,24528280,0,0,none
2418,Muhammed Shahid Janjua,Lahore,500000,632249,filer,1612,0,0,0,none
1697,Shoaib Rizvi,Rawalpindi,15000000,17390649,filer,5351727,4515000,0,0,none
1698,Anwar Begg,Lahore,2500000,2803810,filer,330952,255000,0,0,none
2392,Danish Shah,Lahore,500000,0,absent,0,0,0,0,none
2393,Mansoor Mengal,Lahore,500000,0,absent,0,0,0,0,none
9868,Muhammad Liaquat Tarar,Lahore,500000,391254,filer,0,0,0,0,none
7813,Muhammad Nawaz Sial,Islamabad,595400,2078206,filer,161731,0,0,0,none
7814,Javid Ansari,Multan,500000,685394,filer,4270,0,0,0,none
7862,Mohammed Ahmad Gondal,Karachi,500000,796040,filer,9802,0,0,0,none
7863,Durdana Bajwa,Peshawar,821000,1682687,filer,102403,11050,0,0,none
7827,Aamir Qureshi,Lahore,500000,1009840,filer,20492,0,0,0,none
7829,Iqra Khattak,Islamabad,500000,0,absent,0,0,0,0,none
7830,Mohd Umar Akhtar,Sialkot,504600,1425932,filer,63890,0,0,0,none
7831,Samina Khokhar,Islamabad,657000,843510,filer,12176,2850,0,0,none
7832,Muhammad Pervez Shah,Lahore,500000,0,absent,0,0,0,0,none
7833,Muhammad Taimur Gilani,Islamabad,500000,679519,filer,3976,0,0,0,none
7836,Ayaz Abbasi,Faisalabad,500000,433791,filer,0,0,0,0,none
7837,Mudassar Akhtar,Multan,500000,370251,filer,0,0,0,0,none
7838,Nawaz Yusufzai,Peshawar,735200,943506,filer,17175,6760,0,0,none
7839,Sana Akhtar,Karachi,572000,902251,filer,15113,0,0,0,none
7841,Saba Raja,Lahore,500000,498076,filer,0,0,0,0,none
7842,Muhammad Shahzad Afriid,Lahore,500000,728496,filer,6425,0,0,0,none
7843,Younis Cheema,Lahore,525000,0,absent,0,0,0,0,none
7844,Ahmed Ansari,Hyderabad,800000,1115587,filer,25779,10000,0,0,none
7876,Usama Durrani,Quetta,500000,763657,filer,8183,0,0,0,none
7877,Muhammad Rashid Afridi,Karachi,500000,626724,filer,1336,0,0,0,none
7879,Sehrish Arain,Lahore,500000,724031,filer,6202,0,0,0,none
7846,Tooba Jutt,Quetta,500000,1235084,filer,35263,0,0,0,none
7847,Noor Zaidi,Karachi,514200,0,absent,0,0,0,0,none
7848,Kareem Mirza,Rawalpindi,500000,692857,filer,4643,0,0,0,none
7849,Yousuf Jamali,Karachi,914400,1395641,filer,59346,15720,0,0,none
7850,Mohd Karim Kakar,Lahore,1137000,1484123,filer,72618,26850,0,0,none
7851,Hussain Warraich,Lahore,500000,0,absent,0,0,0,0,none
7852,Muhammad Ashraf Kazmi,Karachi,710600,1587745,filer,88162,5530,0,0,none
7853,Bushra Magsi,Rawalpindi,500000,655033,filer,2752,0,0,0,none
7855,Khadija Mughal,Lahore,500000,345360,filer,0,0,0,0,none
7857,Muhammad Zafar Naqvi,Lahore,500000,0,absent,0,0,0,0,none
7858,Abid Raja,Rawalpindi,500000,597832,filer,0,0,0,0,none
7859,Bashir Bhatti,Gujranwala,500000,588510,filer,0,0,0,0,none
7861,Mehwish Zaidi,Bahawalpur,500000,241112,filer,0,0,0,0,none
7894,Mehwish Sandhu,Karachi,500000,659030,filer,2952,0,0,0,none
7895,Muhammad Liaquat Janjua,Rawalpindi,500000,0,absent,0,0,0,0,none
7896,Tooba Bibi,Karachi,500000,515265,filer,0,0,0,0,none
7897,Sufyan Lodhi,Karachi,500000,0,absent,0,0,0,0,none
7864,Asma Mughal,Peshawar,500000,679918,filer,3996,0,0,0,none
7865,Asma Awan,Hyderabad,2444800,3205720,filer,431716,241200,0,0,none
7866,Hussian Khattak,Rawalpindi,500000,538732,filer,0,0,0,0,none
7867,Eman Khattak,Karachi,500000,0,absent,0,0,0,0,none
7868,Muhammad Saad Jutt,Bahawalpur,538800,0,absent,0,0,0,0,none
7869,Shoab Shah,Lahore,903800,1294646,filer,44197,15190,0,0,none
7870,M Danish Tarar,Quetta,733600,1490509,filer,73576,6680,0,0,none
7871,Noor Khokhar,Karachi,726800,895625,filer,14781,6340,0,0,none
7872,Abida Sandhu,Faisalabad,500000,0,absent,0,0,0,0,none
7873,Muhammed Sajid Qureshi,Peshawar,529800,0,absent,0,0,0,0,none
7874,Sidra Bibi,Bahawalpur,500000,0,absent,0,0,0,0,none
7875,Shazia Zaidi,Multan,500000,516717,filer,0,0,0,0,none
7909,Zubaida Virk,Islamabad,500000,494720,filer,0,0,0,0,none
7910,Muhammad Karman Afridi,Rawalpindi,500000,699372,filer,4969,0,0,0,none
7911,Iqra Lodhi,Faisalabad,500000,631564,filer,1578,0,0,0,none
7912,Irfan Mirza,Multan,533400,1068994,filer,23450,0,0,0,none
7913,Mohammad Usman Satti,Islamabad,500000,400541,filer,0,0,0,0,none
7914,Shagufta Bibi,Multan,500000,667476,filer,3374,0,0,0,none
7880,Hammad Niazi,Lahore,500000,0,absent,0,0,0,0,none
7882,Qasim Mengal,Karachi,500000,221700,filer,0,0,0,0,none
7883,Liaquat Sandhu,Lahore,659600,847381,filer,12369,2980,0,0,none
7885,Akram Hashmi,Islamabad,500000,0,absent,0,0,0,0,none
7886,Hina Mengal,Faisalabad,500000,619199,filer,960,0,0,0,none
7887,Kamran Gilani,Islamabad,500000,593151,filer,0,0,0,0,none
7889,Rida Kakar,Lahore,500000,1467085,filer,70063,0,0,0,none
7890,Ali Kakar,Lahore,500000,1344697,filer,51705,0,0,0,none
7891,Salman Khokhar,Lahore,627600,0,absent,0,1380,1380,0,none
7893,Shagufta Memon,Lahore,500000,639270,filer,1964,0,0,0,none
7922,Muhammad Fawad Kayani,Lahore,876800,1529324,filer,79399,13840,0,0,none
7923,Sehrish Magsi,Peshawar,784800,1239925,filer,35989,9240,0,0,none
7924,Sajid Mirza,Lahore,500000,867932,filer,13397,0,0,0,none
7925,Mohd Ttalha Bajwa,Karachi,500000,575980,filer,0,0,0,0,none
7929,Rafiq Naqvi,Lahore,800000,2476942,filer,249236,10000,0,0,none
7930,Ashraf Mirza,Gujranwala,500000,345811,filer,0,0,0,0,none
7931,Mudassar Chohan,Karachi,500000,0,absent,0,0,0,0,none
7899,Muhammed Fahad Hashmi,Faisalabad,540800,915328,filer,15766,0,0,0,none
7900,Aslam Lodhi,Lahore,500000,0,absent,0,0,0,0,none
7901,Shafique Kazmi,Lahore,500000,452963,filer,0,0,0,0,none
7902,Samina Hamdani,Gujranwala,500000,485011,filer,0,0,0,0,none
7904,Muhammad Javaid Soomro,Lahore,500000,0,absent,0,0,0,0,none
7905,Raza Ansari,Gujranwala,500000,506744,filer,0,0,0,0,none
7906,Abid Geelani,Gujranwala,500000,692424,filer,4621,0,0,0,none
7907,Mohammed Shahzad Virk,Karachi,553200,686325,filer,4316,0,0,0,none
7908,Aleena Mirza,Rawalpindi,859200,1195260,filer,29763,12960,0,0,none
7916,Saba Rizvi,Karachi,500000,679415,filer,3971,0,0,0,none
7917,Raza Dar,Hyderabad,500000,764984,filer,8249,0,0,0,none
2394,Hammad Kayani,Karachi,800000,846778,filer,12339,10000,0,0,none
7369,Wasim Gilani,Gujranwala,500000,555126,filer,0,0,0,0,none
2395,M Qasim Memon,Quetta,15448000,21723107,filer,6868087,4671800,0,0,none
2396,Tariq Memon,Quetta,63120600,79641892,filer,27139662,21357210,0,0,none
2397,Ramsha Niazi,Karachi,500000,0,absent,0,0,0,0,none
2399,Mehmood Baig,Islamabad,6000000,12373993,filer,3595898,1365000,0,0,none
2400,Nazia Khattak,Islamabad,17029800,39096104,filer,12948636,5225430,0,0,none
2401,Rabia Chohan,Lahore,400000,0,absent,0,0,0,0,none
1715,Saba Begum,Rawalpindi,500000,0,absent,0,0,0,0,none
1716,Yasmin Chaudhry,Hyderabad,45287000,45297715,filer,15119200,15115450,0,0,none
1718,Younis Abbas,Hyderabad,500000,603434,filer,172,0,0,0,none
7919,Tahira Bhutto,Lahore,500000,663493,filer,3175,0,0,0,none
7920,Ramsha Satti,Karachi,500000,0,absent,0,0,0,0,none
7921,Ayaz Abbasi,Hyderabad,500000,0,absent,0,0,0,0,none
7964,Amna Abbas,Gujranwala,500000,260099,filer,0,0,0,0,none
7932,Nadim Mengal,Gujranwala,500000,0,absent,0,0,0,0,none
7933,Sehrish Mengal,Lahore,501600,649598,filer,2480,0,0,0,none
7934,Muhammad Mahmood Ansari,Faisalabad,500000,239055,filer,0,0,0,0,none
7936,Uzma Chaudhry,Lahore,500000,758643,filer,7932,0,0,0,none
7937,Abid Arain,Gujranwala,582200,721154,filer,6058,0,0,0,none
7938,Maryam Bibi,Faisalabad,500000,728902,filer,6445,0,0,0,none
7939,Fahad Sandhu,Karachi,817800,902037,filer,15102,10890,0,0,none
7940,Muhammed Shoaib Abbasi,Lahore,619000,0,absent,0,950,950,0,none
7941,Hira Rizvi,Lahore,500000,858143,filer,12907,0,0,0,none
7943,Nida Kayani,Islamabad,500000,310521,filer,0,0,0,0,none
7944,Lubna Hamdain,Karachi,500000,0,absent,0,0,0,0,none
7945,Aisha Janjua,Rawalpindi,500000,258283,filer,0,0,0,0,none
7946,Nasir Gillani,Quetta,500000,650653,filer,2533,0,0,0,none
7947,Jahangir Gujjar,Gujranwala,500000,416014,filer,0,0,0,0,none
7915,Fawad Sheikh,Karachi,981400,1923202,filer,138480,19070,0,0,none
7979,Bilal Hamdani,Faisalabad,500000,0,absent,0,0,0,0,none
7980,Muhammad Ejaz Akhtar,Peshawar,500000,459317,filer,0,0,0,0,none
7981,Muhammad Nawaz Satti,Islamabad,500000,659297,filer,2965,0,0,0,none
7982,Rizwan Abbas,Hyderabad,500000,288180,filer,0,0,0,0,none
7951,Warda Gondal,Islamabad,500000,717569,filer,5878,0,0,0,none
7952,Wasim Janjua,Lahore,500000,297987,filer,0,0,0,0,none
7953,Noor Niazi,Bahawalpur,568800,890529,filer,14526,0,0,0,none
7954,Mohammad Moin Khan,Islamabad,500000,621445,filer,1072,0,0,0,none
7955,Saba Sh,Gujranwala,500000,1388465,filer,58270,0,0,0,none
7956,M Bashir Shiekh,Rawalpindi,500000,733480,filer,6674,0,0,0,none
7957,Shazia Rizvi,Bahawalpur,500000,592452,filer,0,0,0,0,none
7958,Khadijah Bibi,Karachi,972200,1173977,filer,28699,18610,0,0,none
7959,M Ashraf Qureshi,Islamabad,500000,317178,filer,0,0,0,0,none
7960,Qasim Kazmi,Quetta,800000,1388596,filer,58289,10000,0,0,none
7961,Moin Durrani,Multan,517600,1611997,filer,91800,0,0,0,none
7962,Muhammad Rafique Malik,Karachi,500000,984159,filer,19208,0,0,0,none
7996,Amna Bhatti,Rawalpindi,500000,655531,filer,2777,0,0,0,none
7997,Jamil Akhtar,Rawalpindi,500000,757933,filer,7897,0,0,0,none
7998,Rashid Durrani,Karachi,500000,446811,filer,0,0,0,0,none
7999,Shagufta Mengal,Peshawar,599000,0,absent,0,0,0,0,none
7965,Ayesha Bibi,Lahore,500000,0,absent,0,0,0,0,none
7966,Akram Rajput,Karachi,500000,0,absent,0,0,0,0,none
7967,Mohammad Yousuf Janjua,Peshawar,536200,647137,filer,2357,0,0,0,none
7968,Shafiq Awan,Gujranwala,500000,691661,filer,4583,0,0,0,none
7969,Robina Bajwa,Lahore,500000,0,absent,0,0,0,0,none
7970,Farhan Jamali,Rawalpindi,615400,1098941,filer,24947,770,0,0,none
7971,Muhammad Rasheed Gujjar,Gujranwala,500000,0,absent,0,0,0,0,none
7972,Sajid Raja,Lahore,500000,0,absent,0,0,0,0,none
7973,Muhammad Ghulam Baig,Rawalpindi,500000,222344,filer,0,0,0,0,none
7974,Rehan Gilani,Faisalabad,661200,912360,filer,15618,3060,0,0,none
7975,Hina Mirza,Lahore,500000,684183,filer,4209,0,0,0,none
7978,Navid Rizvi,Islamabad,1369800,1643900,filer,96585,55470,0,0,none
8010,Javeria Lodhi,Karachi,500000,0,absent,0,0,0,0,none
8011,Osman Sandhu,Islamabad,500000,0,absent,0,0,0,0,none
8014,Sidra Durrani,Bahawalpur,500000,0,absent,0,0,0,0,none
8015,M Mansoor Bajwa,Islamabad,500000,581261,filer,0,0,0,0,none
8016,Saba Durrani,Lahore,500000,0,absent,0,0,0,0,none
7983,Hammad Memon,Islamabad,927000,1122941,filer,26147,16350,0,0,none
7984,Mohammed Farhan Gujjar,Rawalpindi,500000,424945,filer,0,0,0,0,none
7985,Sidra Paracha,Lahore,500000,561705,filer,0,0,0,0,none
7986,Mohammad Moin Rizvi,Quetta,663400,777133,filer,8857,3170,0,0,none
7987,Muhammed Shafiq Awan,Peshawar,605400,1313805,filer,47071,270,0,0,none
7988,Muhammed Rashid Virk,Bahawalpur,500000,700282,filer,5014,0,0,0,none
7989,Nida Niazi,Sialkot,632000,1102769,filer,25138,1600,0,0,none
7991,Tanveer Kayani,Islamabad,500000,417763,filer,0,0,0,0,none
7992,Mehwish Butt,Peshawar,799200,864918,filer,13246,9960,0,0,none
7993,Sadia Magsi,Lahore,500000,955017,filer,17751,0,0,0,none
7995,Shaista Mughal,Peshawar,500000,387938,filer,0,0,0,0,none
8000,Riaz Mirza,Peshawar,658200,786281,filer,9314,2910,0,0,none
8001,Muhammad Navid Raja,Karachi,500000,533021,filer,0,0,0,0,none
1722,Hira Tareen,Faisalabad,33657800,33688007,filer,11055802,11045230,0,0,none
1724,Karim Hamdani,Karachi,6000000,8514264,filer,2244992,1365000,0,0,none
1725,Muhammad Fawad Naqvi,Karachi,500000,444011,filer,0,0,0,0,none
10402,Taimur Dar,Lahore,67907600,78277101,filer,26661985,23032660,0,0,none
2387,Muhammad Raza Paracha,Lahore,800000,819262,filer,10963,10000,0,0,none
2389,Zeeshanb Ajwa,Faisalabad,19743600,21278443,filer,6712455,6175260,0,0,none
8516,Mohd Ejaz Bhatti,Sialkot,500000,604789,filer,239,0,0,0,none
2370,Muhammad Tanvir Khan,Hyderabad,500000,504479,filer,0,0,0,0,none
2371,Rida Aansari,Gujranwala,500000,404051,filer,0,0,0,0,none
2372,Mehwish Lohdi,Lahore,400000,0,absent,0,0,0,0,none
8006,Aleena Khattak,Quetta,500000,306545,filer,0,0,0,0,none
8007,Muhammad Fawad Yousafzai,Lahore,500000,0,absent,0,0,0,0,none
8008,Bilawal Malik,Multan,623200,906604,filer,15330,1160,0,0,none
8009,Irfan Malik,Lahore,882000,1099688,filer,24984,14100,0,0,none
8017,Rafique Warraich,Lahore,500000,0,absent,0,0,0,0,none
8019,Mohammed Asad Paracha,Rawalpindi,500000,418889,filer,0,0,0,0,none
8020,Kashif Tarar,Bahawalpur,500000,314080,filer,0,0,0,0,none
8021,Tahira Chaudhry,Sialkot,1161200,1689456,filer,103418,28060,0,0,none
8022,Zafar Awan,Islamabad,500000,426361,filer,0,0,0,0,none
8023,Mohammed Suhail Shah,Rawalpindi,590200,1244365,filer,36655,0,0,0,none
8024,Areeba Cheema,Lahore,500000,516745,filer,0,0,0,0,none
8025,Muhammad Raza Qureshi,Peshawar,500000,0,absent,0,0,0,0,none
8026,M Waleed Tarar,Islamabad,500000,449875,filer,0,0,0,0,none
8028,Sana Begum,Rawalpindi,909200,1181348,filer,29067,15460,0,0,none
8029,Bashir Geelani,Rawalpindi,500600,935216,filer,16761,0,0,0,none
8030,Nida Mirza,Karachi,500000,0,absent,0,0,0,0,none
8031,Younis Gujjar,Karachi,829200,1108888,filer,25444,11460,0,0,none
8032,Mohd Taimur Lodhi,Lahore,500000,441074,filer,0,0,0,0,none
8034,Uzma Hashmi,Faisalabad,500000,658475,filer,2924,0,0,0,none
8035,M Bashir Jutt,Rawalpindi,500000,377842,filer,0,0,0,0,none
8069,M Iqbal Malik,Gujranwala,500000,0,absent,0,0,0,0,none
8070,Mahnoor Paracha,Islamabad,500000,0,absent,0,0,0,0,none
8036,Tanveer Jamali,Quetta,500000,1578721,filer,86808,0,0,0,none
8038,Nasreen Sattti,Karachi,500000,0,absent,0,0,0,0,none
8039,Aleena Mengal,Peshawar,500000,0,absent,0,0,0,0,none
8040,Mazhar Marwat,Karachi,500000,359873,filer,0,0,0,0,none
8041,Shaista Jamali,Lahore,629800,1464110,filer,69616,1490,0,0,none
8042,Tariq Sial,Islamabad,528400,715882,filer,5794,0,0,0,none
8043,Junaid Marwat,Lahore,500000,784795,filer,9240,0,0,0,none
8044,Jahangir Raja,Islamabad,500000,252110,filer,0,0,0,0,none
8045,Bashir Malik,Islamabad,756400,846742,filer,12337,7820,0,0,none
8047,Umar Gondal,Karachi,500000,543706,filer,0,0,0,0,none
8048,Akram Siddiqui,Gujranwala,500000,0,absent,0,0,0,0,none
8050,Jamil Afridi,Multan,724600,1060127,filer,23006,6230,0,0,none
8051,Ismaiil Awan,Karachi,500000,0,absent,0,0,0,0,none
8053,Yasir Wattoo,Lahore,521200,1032194,filer,21610,0,0,0,none
8084,Wasim Paracha,Rawalpindi,500000,0,absent,0,0,0,0,none
8085,محمد یاسر شیخ,Multan,644000,1154253,filer,27713,2200,0,0,none
8086,Muhammad Yasir Babas,Lahore,1198400,2034886,filer,155233,29920,0,0,none
8054,Zubayr Kazmi,Islamabad,500000,0,absent,0,0,0,0,none
8055,Maira Yousafzai,Karachi,500000,534772,filer,0,0,0,0,none
8056,Mohd Rashid Mirza,Islamabad,500000,794327,filer,9716,0,0,0,none
8057,Khadeeja Bibi,Karachi,250000,670372,filer,3519,0,0,0,none
8058,Faisal Akhtar,Karachi,612800,0,absent,0,640,640,0,none
8059,Mohd Bilawal Tareen,Lahore,500000,665244,filer,3262,0,0,0,none
8060,Mubashir Rajput,Karachi,500000,0,absent,0,0,0,0,none
8061,Waseem Zaidi,Bahawalpur,560800,812361,filer,10618,0,0,0,none
8063,Noman Khokhar,Multan,500000,545234,filer,0,0,0,0,none
8064,Usama Siddiqi,Lahore,500000,953907,filer,17695,0,0,0,none
8065,Nimra Rajput,Peshawar,702400,928807,filer,16440,5120,0,0,none
8066,Pervez Gujjar,Karachi,620200,0,absent,0,1010,1010,0,none
8067,Hammad Gujjar,Karachi,500000,0,absent,0,0,0,0,none
8101,Mahnoor Qureishi,Karachi,500000,371307,filer,0,0,0,0,none
8102,Aiman Ansari,Lahore,1460000,1948121,filer,142218,69000,0,0,none
8104,Aisha Bhutto,Faisalabad,533400,1330006,filer,49501,0,0,0,none
8071,Taimur Chaudhry,Islamabad,566800,0,absent,0,0,0,0,none
8072,Zubaida Marwat,Faisalabad,500000,483934,filer,0,0,0,0,none
8073,Mehmood Memon,Lahore,1052000,1670110,filer,100516,22600,0,0,none
8074,Muhammed Javid Naqvi,Islamabad,500000,902551,filer,15128,0,0,0,none
8075,Waqar Hashmi,Rawalpindi,500000,474243,filer,0,0,0,0,none
8076,Anika Baig,Peshawar,546600,991901,filer,19595,0,0,0,none
8077,Muhammad Younis Mirza,Faisalabad,500000,0,absent,0,0,0,0,none
8078,Muhammad Sajid Janjua,Faisalabad,817600,1214701,filer,32205,10880,0,0,none
8079,Mohammad Hammad Rizvi,Faisalabad,500000,451827,filer,0,0,0,0,none
8080,Liaquat Gondal,Islamabad,735400,920838,filer,16042,6770,0,0,none
8081,Samina Bibi,Faisalabad,500000,0,absent,0,0,0,0,none
8082,M Asad Akhtar,Lahore,1759200,2163930,filer,174590,113880,0,0,none
8083,Zubair Tarar,Gujranwala,500000,0,absent,0,0,0,0,none
8116,Mohd Shhoaib Kazmi,Gujranwala,500000,0,absent,0,0,0,0,none
8117,Mohammed Javed Tarar,Sialkot,500000,483457,filer,0,0,0,0,none
8118,Moohammad Hassan Awan,Sialkot,500000,0,absent,0,0,0,0,none
8119,Mohammed Pervez Hashmi,Lahore,850000,1146058,filer,27303,12500,0,0,none
8121,Muhammad Talha Marwat,Sialkot,666800,2079237,filer,161886,3340,0,0,none
8087,Saad Sandhu,Faisalabad,500000,573184,filer,0,0,0,0,none
8089,Qasim Zaidi,Karachi,500000,0,absent,0,0,0,0,none
8090,Komal Begum,Multan,500000,410994,filer,0,0,0,0,none
8091,Mohd Jamil Jutt,Peshawar,1124200,1392811,filer,58922,26210,0,0,none
8092,Bushra Khan,Rawalpindi,973400,1101730,filer,25086,18670,0,0,none
8093,Mohammad Zeeshan Abbasi,Lahore,500000,0,absent,0,0,0,0,none
8094,Shagufta Rajput,Gujranwala,500000,912960,filer,15648,0,0,0,none
8095,M Ismail Yousafzai,Islamabad,959800,1296663,filer,44499,17990,0,0,none
8096,Mubashir Dar,Lahore,500000,0,absent,0,0,0,0,none
8097,Mohammad Farhan Durrani,Lahore,1684800,2150028,filer,172504,102720,0,0,none
8100,Mohammad Imran Jutt,Karachi,500000,428743,filer,0,0,0,0,none
8107,Maryam Rajput,Rawalpindi,500000,464999,filer,0,0,0,0,none
8108,Muhammad Ghulam Baig,Karachi,500000,482073,filer,0,0,0,0,none
8109,Muhammad Ismail Arain,Multan,500000,0,absent,0,0,0,0,none
2373,M Ibrahim Memon,Islamabad,500000,414398,filer,0,0,0,0,none
2374,Nasir Akhtar,Rawalpindi,800000,1089350,filer,24468,10000,0,0,none
2384,Muhammad Akram Dar,Rawalpindi,500000,0,absent,0,0,0,0,none
6298,Mahnoor Khan,Karachi,59076000,74740335,filer,25424117,19941600,0,0,none
1712,Sohel Hamdani,Sialkot,500000,480199,filer,0,0,0,0,none
2345,Imran Rajput,Karachi,500000,0,absent,0,0,0,0,none
2346,Waleed Hashmi,Bahawalpur,800000,784433,filer,9222,10000,778,0,none
8110,Shagufta Marwat,Karachi,1365200,2032278,filer,154842,54780,0,0,none
8111,Muhammad Shahid Kayani,Gujranwala,500000,0,absent,0,0,0,0,none
8112,Yasri Qureshi,Lahore,500000,552180,filer,0,0,0,0,none
8113,Ali Qureshi,Islamabad,500000,0,absent,0,0,0,0,none
8114,Uzma Arain,Islamabad,500000,0,absent,0,0,0,0,none
8115,Muhammed Liaquat Kayani,Rawalpindi,557800,0,absent,0,0,0,0,none
8154,Hassan Hashmi,Lahore,500000,628412,filer,1421,0,0,0,none
8155,Muhammad Asad Magsi,Lahore,606800,879564,filer,13978,340,0,0,none
8156,Shoaib Gujjar,Karachi,1174000,1259841,filer,38976,28700,0,0,none
8157,Shagufta Sandhu,Rawalpindi,500000,0,absent,0,0,0,0,none
8158,Nasir Cheema,Faisalabad,500000,0,absent,0,0,0,0,none
8125,Owais Butt,Bahawalpur,520800,1750478,filer,112572,0,0,0,none
8126,Muhammed Imran Naqvi,Karachi,789800,1099842,filer,24992,9490,0,0,none
8127,Noor Rizvi,Rawalpindi,500000,579907,filer,0,0,0,0,none
8128,M Mehmood Warraich,Quetta,677200,868439,filer,13422,3860,0,0,none
8129,Muhammed Hammmad Tareen,Karachi,520800,0,absent,0,0,0,0,none
8130,Tooba Qureshi,Multan,500000,0,absent,0,0,0,0,none
8132,Mohammed Ismail Jutt,Karachi,500000,0,absent,0,0,0,0,none
8136,Mahnoor Durrani,Karachi,714600,1905624,filer,135844,5730,0,0,none
8138,Talha Rajput,Lahore,500000,0,absent,0,0,0,0,none
8139,Ayaz Abbas,Bahawalpur,1050600,2242562,filer,190640,22530,0,0,none
8105,Aleena Begum,Sialkot,500000,0,absent,0,0,0,0,none
2353,Muhammad Jahangir Malik,Quetta,500000,0,absent,0,0,0,0,none
2355,Iqbal Paracha,Sialkot,800000,880984,filer,14049,10000,0,0,none
2362,Islam Satti,Karachi,800000,1062978,filer,23149,10000,0,0,none
2365,Iqra Jutt,Lahore,500000,225942,filer,0,0,0,0,none
2368,M Hassan Virk,Lahore,500000,418202,filer,0,0,0,0,none
2369,Muhammad Sajid Gilani,Rawalpindi,23069400,34681507,filer,11403527,7339290,0,0,none
1729,Rashid Abbas,Lahore,500000,621297,filer,1065,0,0,0,none
1732,Rukhsana Satti,Islamabad,500000,308201,filer,0,0,0,0,none
4329,Muhammad Zafar Khan,Faisalabad,46445800,67341899,filer,22834665,15521030,0,0,none
8144,Farhan Raja,Gujranwala,500000,0,absent,0,0,0,0,none
8145,Shuaib Niazi,Islamabad,500000,524382,filer,0,0,0,0,none
8148,Mudassar Siddiqui,Karachi,505400,0,absent,0,0,0,0,none
8149,Riyaz Lodhi,Karachi,500000,925659,filer,16283,0,0,0,none
8151,Irfan Naqvi,Multan,500000,508810,filer,0,0,0,0,none
8152,Hamid Shah,Quetta,500000,132001,filer,0,0,0,0,none
8153,M Riaz Satti,Sialkot,500000,395213,filer,0,0,0,0,none
8159,Muhammad Mansoor Memon,Multan,500000,602029,filer,101,0,0,0,none
8160,Zubayr Malik,Karachi,500000,568285,filer,0,0,0,0,none
8161,Mohammad Taimur Janjua,Islamabad,500000,205559,filer,0,0,0,0,none
8163,Kashif Sandhu,Rawalpindi,500000,0,absent,0,0,0,0,none
8164,Rashid Hamdani,Karachi,1117800,1319192,filer,47879,25890,0,0,none
8165,Liaqat Chaudhry,Peshawar,800000,1992288,filer,148843,10000,0,0,none
8166,Aleena Janjua,Faisalabad,794000,1250343,filer,37551,9700,0,0,none
8168,Mohammed Bilawal Tareen,Lahore,500000,472619,filer,0,0,0,0,none
8169,Mohammed Hammad Chohan,Karachi,500000,0,absent,0,0,0,0,none
8170,Anwar Khan,Gujranwala,500000,651453,filer,2573,0,0,0,none
8172,Mohd Asad Soomro,Faisalabad,500000,516116,filer,0,0,0,0,none
8173,Sufyan Yousafzai,Karachi,3000000,3167335,filer,421834,380000,0,0,none
8177,Rukhsana Marwat,Karachi,500000,0,absent,0,0,0,0,none
8140,Nmra Begum,Lahore,500000,678728,filer,3936,0,0,0,none
8142,Mohammad Raza Magsi,Lahore,500000,250069,filer,0,0,0,0,none
2350,Mohd Salman Warraich,Hyderabad,500000,0,absent,0,0,0,0,none
8209,Salman Rizvi,Lahore,500000,365644,filer,0,0,0,0,none
8210,Saba Wattoo,Karachi,501800,640493,filer,2025,0,0,0,none
8179,Mohd Rizwan Hashmi,Lahore,598600,658857,filer,2943,0,0,0,none
8180,Faisal Gujjar,Lahore,500000,634796,filer,1740,0,0,0,none
8181,Sana Janjua,Sialkot,500000,0,absent,0,0,0,0,none
8182,Danish Zaidi,Karachi,500000,489914,filer,0,0,0,0,none
8183,Mansoor Yousafzai,Karachi,500000,0,absent,0,0,0,0,none
8184,Durdana Siddiqui,Rawalpindi,500000,514699,filer,0,0,0,0,none
8186,Aleena Sheikh,Karachi,500000,603994,filer,200,0,0,0,none
8187,Farhan Bhutto,Islamabad,500000,881082,filer,14054,0,0,0,none
8188,M Saeed Aig,Islamabad,500000,0,absent,0,0,0,0,none
8189,Ahmed Awan,Karachi,609400,0,absent,0,470,470,0,none
8190,Asif Hamdani,Bahawalpur,500000,0,absent,0,0,0,0,none
8191,Bilal Mengal,Islamabad,799000,895309,filer,14765,9950,0,0,none
8192,Amna Afridi,Karachi,500000,724646,filer,6232,0,0,0,none
8194,Muhammad Yasir Mengal,Lahore,712600,1078454,filer,23923,5630,0,0,none
8226,Muhammad Asif Khattak,Bahawalpur,877200,2089238,filer,163386,13860,0,0,none
8227,Muhammad Farhan Bhatti,Lahore,520200,833557,filer,11678,0,0,0,none
8195,Usama Kazmi,Gujranwala,500000,0,absent,0,0,0,0,none
8196,Muhammad Faysal Virk,Bahawalpur,500000,798028,filer,9901,0,0,0,none
8197,Adnan Memon,Bahawalpur,500000,495046,filer,0,0,0,0,none
8198,Muhammad Ayaz Dar,Lahore,1707600,1934715,filer,140207,106140,0,0,none
8199,Mansoor Geelani,Lahore,1040600,2055496,filer,158324,22030,0,0,none
8200,Ramsha Wattoo,Lahore,606200,1179972,filer,28999,310,0,0,none
8201,Mudassar Siddiqi,Lahore,500000,496908,filer,0,0,0,0,none
8202,Muhammed Bashir Virk,Sialkot,577400,1094804,filer,24740,0,0,0,none
8203,Tooba Janjua,Hyderabad,529800,0,absent,0,0,0,0,none
8204,Mehwish Bibi,Quetta,546800,987526,filer,19376,0,0,0,none
8205,Irfan Bajwa,Rawalpindi,500000,0,absent,0,0,0,0,none
8206,Hassan Wattoo,Gujranwala,640600,1663704,filer,99556,2030,0,0,none
8207,Muhammed Danish Khokhar,Lahore,500000,0,absent,0,0,0,0,none
8208,Abida Shah,Karachi,500000,470284,filer,0,0,0,0,none
8241,Muhammad Haroon Ch,Lahore,932400,1239497,filer,35925,16620,0,0,none
8242,Jamil Khattak,Peshawar,500000,654570,filer,2728,0,0,0,none
8243,Faraz Marwat,Peshawar,1882800,2842209,filer,340552,132420,0,0,none
8244,Muhammed Zeeshan Soomro,Multan,1100800,1759234,filer,113885,25040,0,0,none
8211,Mohammed Adnan Ansari,Lahore,658400,907811,filer,15391,2920,0,0,none
8212,M Wasim Kayani,Bahawalpur,500000,449311,filer,0,0,0,0,none
8213,Muhammed Salman Durrani,Karachi,500000,358661,filer,0,0,0,0,none
8215,Anika Warraich,Faisalabad,500000,729413,filer,6471,0,0,0,none
8216,Kiran Yousafzai,Lahore,603600,0,absent,0,180,180,0,none
8217,Farhan Durrani,Rawalpindi,500000,0,absent,0,0,0,0,none
8218,Muhammad Shahzad Tarar,Lahore,558800,666021,filer,3301,0,0,0,none
8220,Fatima Cheema,Karachi,500000,560063,filer,0,0,0,0,none
8222,Muhammad Yasir Cheema,Karachi,500000,498278,filer,0,0,0,0,none
8223,Mishal Rajput,Quetta,511600,772161,filer,8608,0,0,0,none
8224,Tooba Marwat,Lahore,607200,697993,filer,4900,360,0,0,none
8225,Areeba Durrani,Hyderabad,500000,429655,filer,0,0,0,0,none
8258,Muhammad Fawad Begg,Peshawar,1861600,2589417,filer,277354,129240,0,0,none
8259,Muhammad Mehmood Paracha,Hyderabad,1048600,1693639,filer,104046,22430,0,0,none
8260,Yousuf Sheikh,Peshawar,500000,0,absent,0,0,0,0,none
8261,M Nasir Naqvi,Karachi,824200,1314108,filer,47116,11210,0,0,none
8228,Ward Mirza,Karachi,500000,0,absent,0,0,0,0,none
8229,Sehrish Janjua,Rawalpindi,500000,764841,filer,8242,0,0,0,none
8230,Mohammed Bilawal Tarar,Sialkot,1529000,1846150,filer,126922,79350,0,0,none
8232,Adnan Sial,Bahawalpur,500000,346155,filer,0,0,0,0,none
8233,Muhammed Kamran Soomro,Lahore,500000,0,absent,0,0,0,0,none
8234,Ayaz Baig,Karachi,500000,0,absent,0,0,0,0,none
8235,Mohammed Asad Begg,Islamabad,500000,266626,filer,0,0,0,0,none
8236,Mazhar Magsi,Rawalpindi,500000,371791,filer,0,0,0,0,none
8237,Mahmood Sial,Rawalpindi,691000,822228,filer,11111,4550,0,0,none
8238,Muhammad Kasim Naqvi,Quetta,500000,0,absent,0,0,0,0,none
8239,M Kashif Mengal,Multan,772600,1576800,filer,86520,8630,0,0,none
8240,Iqra Khokhar,Karachi,500000,215163,filer,0,0,0,0,none
8276,M Liaquat Butt,Karachi,500000,0,absent,0,0,0,0,none
8277,Rabia Khan,Karachi,500000,0,absent,0,0,0,0,none
8278,محمد نوید بھٹی,Lahore,1694000,2758357,filer,319589,104100,0,0,none
8279,Abida Kazmi,Islamabad,500000,0,absent,0,0,0,0,none
8246,Fahad Memon,Peshawar,500000,1109939,filer,25497,0,0,0,none
8247,M Ali Niazi,Multan,506600,0,absent,0,0,0,0,none
8248,Muhammad Taimur Janjua,Sialkot,500000,409432,filer,0,0,0,0,none
8249,Owais Sial,Islamabad,694600,1004295,filer,20215,4730,0,0,none
8250,Imran Magsi,Gujranwala,539600,0,absent,0,0,0,0,none
8251,M Ali Dar,Rawalpindi,500000,0,absent,0,0,0,0,none
8252,Shuaib Paracha,Quetta,500000,423683,filer,0,0,0,0,none
8253,Aiman Bajwa,Hyderabad,500000,1114164,filer,25708,0,0,0,none
8254,Rukhsana Kazmi,Karachi,914000,1692362,filer,103854,15700,0,0,none
8255,Bilawal Malik,Multan,500000,499700,filer,0,0,0,0,none
8256,Abida Abbasi,Quetta,500000,289083,filer,0,0,0,0,none
8257,Noor Begum,Hyderabad,500000,484181,filer,0,0,0,0,none
8291,Zoya Sheikh,Islamabad,500000,334727,filer,0,0,0,0,none
8294,Bashri Arain,Lahore,500000,371004,filer,0,0,0,0,none
8295,Raza Mughal,Bahawalpur,1532600,2008446,filer,151267,79890,0,0,none
8297,Farah Bibbi,Karachi,674400,791330,filer,9566,3720,0,0,none
8262,Danish Tareen,Faisalabad,500000,692549,filer,4627,0,0,0,none
8264,Khalid Gondal,Karachi,506200,1178749,filer,28937,0,0,0,none
8266,Muhammed Zeeshan Sandhu,Gujranwala,500000,249693,filer,0,0,0,0,none
8267,Hina Begum,Rawalpindi,500000,335362,filer,0,0,0,0,none
8268,Tanveer Kakar,Gujranwala,585200,1187950,filer,29398,0,0,0,none
8269,Muhammed Shahid Chaudhry,Lahore,500000,0,absent,0,0,0,0,none
8270,Laiba Khan,Karachi,694600,1404196,filer,60629,4730,0,0,none
8271,Durdana Gilani,Lahore,500000,0,absent,0,0,0,0,none
8272,Mhod Ashraf Gilani,Hyderabad,500000,597075,filer,0,0,0,0,none
8273,Riaz Magsi,Rawalpindi,500000,774247,filer,8712,0,0,0,none
8274,Shazia Begum,Multan,500000,385268,filer,0,0,0,0,none
8275,Haroon Jutt,Islamabad,530400,624668,filer,1233,0,0,0,none
8282,Youunis Afridi,Peshawar,500000,690198,filer,4510,0,0,0,none
8283,Faiza Warraich,Karachi,500000,0,absent,0,0,0,0,none
1735,Mudassar Kazmi,Lahore,500000,276544,filer,0,0,0,0,none
2336,Muhammad Talha Sandhu,Lahore,22357000,49880890,filer,16723311,7089950,0,0,none
2337,Akram Kayani,Islamabad,800000,860799,filer,13040,10000,0,0,none
2341,Muhammad Nadeem Gilani,Islamabad,22603400,22735740,filer,7222509,7176190,0,0,none
2343,Mohd Sufyan Gilani,Islamabad,500000,159595,filer,0,0,0,0,none
7994,Durdana Gondal,Gujranwala,800000,1322538,filer,48381,10000,0,0,none
2323,Mohammed Salman Dar,Multan,30415200,37523839,filer,12398344,9910320,0,0,none
2324,Mohd Ali Abbas,Sialkot,500000,504481,filer,0,0,0,0,none
8284,Fariha Chaudhary,Rawalpindi,500000,973701,filer,18685,0,0,0,none
8285,Hira Bibi,Sialkot,998600,1586427,filer,87964,19930,0,0,none
8286,Fahad Sandhu,Hyderabad,553600,0,absent,0,0,0,0,none
8288,Shagufta Bhutto,Karachi,937000,1184111,filer,29206,16850,0,0,none
8289,Aiman Dar,Karachi,500000,524003,filer,0,0,0,0,none
8290,Adnan Magsi,Gujranwala,576600,1028257,filer,21413,0,0,0,none
8298,Maira Siddiqui,Hyderabad,500000,0,absent,0,0,0,0,none
8299,Muhammad Faysal Dar,Multan,500000,0,absent,0,0,0,0,none
8300,Shagufta Khan,Islamabad,544200,0,absent,0,0,0,0,none
8301,Tanveer Durrani,Islamabad,500000,414794,filer,0,0,0,0,none
8304,Saeed Mirza,Lahore,500000,734487,filer,6724,0,0,0,none
8305,Sehrish Warraich,Rawalpindi,500000,614805,filer,740,0,0,0,none
8306,Muhammad Nasir Tarar,Gujranwala,500000,0,absent,0,0,0,0,none
8307,Mohd Danish Chohan,Lahore,952600,2144181,filer,171627,17630,0,0,none
8308,Muhammad Ashraf Arain,Islamabad,873400,1688059,filer,103209,13670,0,0,none
8309,Ashraf Sial,Gujranwala,1406400,1668134,filer,100220,60960,0,0,none
8310,Asif Janjua,Peshawar,632000,1480036,filer,72005,1600,0,0,none
8311,Mohammed Ahmed Kazmi,Karachi,500000,784817,filer,9241,0,0,0,none
8313,Rizwan Qureshi,Lahore,500000,574534,filer,0,0,0,0,none
8314,Hin Lodhi,Karachi,500000,830127,filer,11506,0,0,0,none
8280,Usama Rizvi,Islamabad,500000,537943,filer,0,0,0,0,none
8281,Saad Raaja,Multan,500000,468665,filer,0,0,0,0,none
8315,Shasita Satti,Quetta,500000,1012861,filer,20643,0,0,0,none
8316,Imran Akhtar,Multan,500000,734847,filer,6742,0,0,0,none
8317,Mohammed Younis Arain,Gujranwala,740400,1004766,filer,20238,7020,0,0,none
8318,Rashid Gondal,Lahore,608200,0,absent,0,410,410,0,none
8319,Faiza Bibi,Karachi,500000,0,absent,0,0,0,0,none
8320,Muhammad Asif Jutt,Bahawalpur,500000,793848,filer,9692,0,0,0,none
8321,Aamir Siddiqui,Karachi,500000,426376,filer,0,0,0,0,none
8322,Bilawal Marwat,Sialkot,618800,951998,filer,17600,940,0,0,none
8323,Bushra Kayani,Quetta,500000,1012135,filer,20607,0,0,0,none
8324,Komal Marwat,Karachi,500000,571825,filer,0,0,0,0,none
8325,Farah Mughal,Lahore,614400,1796929,filer,119539,720,0,0,none
8326,Muhammad Ahmed Mughal,Karachi,500000,0,absent,0,0,0,0,none
8327,Tanveer Durrani,Karachi,1033600,1424815,filer,63722,21680,0,0,none
8328,Faraz Abbasi,Hyderabad,500000,1279687,filer,41953,0,0,0,none
8330,Kashif Hamdani,Islamabad,500000,246476,filer,0,0,0,0,none
8331,Mohammad Jamil Warraich,Islamabad,500000,831337,filer,11567,0,0,0,none
8332,Naila Zaidi,Multan,500000,0,absent,0,0,0,0,none
8334,Sajid Rizvi,Lahore,563800,1226274,filer,33941,0,0,0,none
8335,Mansoor Wattoo,Lahore,992600,1653710,filer,98056,19630,0,0,none
8336,Nida Tareen,Karachi,676200,1294093,filer,44114,3810,0,0,none
8337,Kiran Siddiqi,Faisalabad,500000,811796,filer,10590,0,0,0,none
8338,Muhammed Irfan Baig,Lahore,500000,374061,filer,0,0,0,0,none
8339,Zeeshan Naqvi,Karachi,704000,1025018,filer,21251,5200,0,0,none
8340,Mohd Ayaz Raja,Rawalpindi,856400,1128254,filer,26413,12820,0,0,none
8341,Faraz Jamali,Islamabad,500000,494792,filer,0,0,0,0,none
8342,Ayesha Jamali,Islamabad,500000,490190,filer,0,0,0,0,none
8343,Mohammad Saeed Tareen,Multan,500000,570401,filer,0,0,0,0,none
8344,Abida Kazmi,Islamabad,500000,0,absent,0,0,0,0,none
8345,Komal Warraich,Lahore,590200,939424,filer,16971,0,0,0,none
8346,Shoaib Abbas,Karachi,500000,346052,filer,0,0,0,0,none
8347,Zainab Bibi,Hyderabad,500000,0,absent,0,0,0,0,none
8348,Jamil Kazmi,Rawalpindi,500000,602486,filer,124,0,0,0,none
8349,Lubna Gilani,Hyderabad,1118400,1426682,filer,64002,25920,0,0,none
8350,Mansoor Khokhar,Peshawar,500000,561256,filer,0,0,0,0,none
8351,Mohd Rehan Baig,Karachi,591400,799790,filer,9990,0,0,0,none
8352,Aslam Mirza,Lahore,500000,0,absent,0,0,0,0,none
8353,Rukhsana Gondal,Sialkot,759400,1021978,filer,21099,7970,0,0,none
8354,Farhan Paracha,Islamabad,683600,1260064,filer,39010,4180,0,0,none
8355,Mohammed Qasim Cheema,Peshawar,532000,0,absent,0,0,0,0,none
8356,Mohammad Aamir Gilani,Rawalpindi,500000,457522,filer,0,0,0,0,none
8357,Rehan Kayai,Karachi,500000,929259,filer,16463,0,0,0,none
8358,Muhammad Owais Abbas,Lahore,500000,653483,filer,2674,0,0,0,none
8359,Laiba Sidiqui,Karachi,500000,481706,filer,0,0,0,0,none
8360,Muhammed Saad Tareen,Karachi,533400,607647,filer,382,0,0,0,none
8361,Muhammeed Mudassar Butt,Lahore,500000,289385,filer,0,0,0,0,none
8362,Zubaida Niazi,Rawalpindi,500000,577714,filer,0,0,0,0,none
8363,Naveed Yousafzai,Islamabad,1500000,1852222,filer,127833,75000,0,0,none
8364,Naila Mengal,Gujranwala,614600,899904,filer,14995,730,0,0,none
8365,Muhammad Ahmad Durrani,Karachi,723200,1230402,filer,34560,6160,0,0,none
8366,Laiba Soomro,Peshawar,1032800,2048753,filer,157313,21640,0,0,none
8368,Muhammad Fawad Rizvi,Karachi,500000,0,absent,0,0,0,0,none
8369,Ali Ansari,Gujranwala,500000,615850,filer,792,0,0,0,none
8370,Asif Khokhar,Rawalpindi,500000,566323,filer,0,0,0,0,none
8371,Mohammad Ashraf Cheema,Bahawalpur,500000,0,absent,0,0,0,0,none
8372,Ashraf Virk,Peshawar,591600,910054,filer,15503,0,0,0,none
8373,Mohd Tanveer Tarar,Karachi,500000,0,absent,0,0,0,0,none
8374,Amna Bajwa,Faisalabad,525000,1643075,filer,96461,0,0,0,none
8376,M Iqbal Durrani,Karachi,500000,0,absent,0,0,0,0,none
8377,Fahad Awan,Islamabad,800000,3007191,filer,381798,10000,0,0,none
8378,Karim Marwat,Karachi,500000,698232,filer,4912,0,0,0,none
8379,Zubayr Malik,Karachi,500000,1255831,filer,38375,0,0,0,none
8380,Arif Dar,Peshawar,500000,481644,filer,0,0,0,0,none
8381,Haroon Hamdani,Hyderabad,558000,1839063,filer,125859,0,0,0,none
8382,Muhammad Asif Hashmi,Islamabad,500000,952051,filer,17603,0,0,0,none
8384,Saba Kayani,Peshawar,828600,1335603,filer,50340,11430,0,0,none
8386,Muhammed Omer Begg,Peshawar,500000,0,absent,0,0,0,0,none
8387,Muhammad Imran Sheikh,Islamabad,500000,0,absent,0,0,0,0,none
8388,Abdullah Kakar,Faisalabad,500000,1156176,filer,27809,0,0,0,none
8389,Fathima Bibi,Gujranwala,500000,1347485,filer,52123,0,0,0,none
8390,Tooba Zaidi,Karachi,500000,219152,filer,0,0,0,0,none
8391,Faiza Rizvi,Islamabad,500000,374498,filer,0,0,0,0,none
8392,M Rehan Akhtar,Karachi,933600,2011655,filer,151748,16680,0,0,none
8393,Iqra Begum,Hyderabad,1103000,1412716,filer,61907,25150,0,0,none
8396,Nasir Zaidi,Lahore,500000,502813,filer,0,0,0,0,none
8397,Jamil Bajwa,Faisalabad,500000,628872,filer,1444,0,0,0,none
8398,Nimra Bibi,Karachi,500000,0,absent,0,0,0,0,none
8399,Muhammad Ayaz Mirza,Peshawar,500000,0,absent,0,0,0,0,none
8400,Waleed Sheikh,Lahore,731600,889957,filer,14498,6580,0,0,none
8402,Aamir Abbas,Rawalpindi,500000,833520,filer,11676,0,0,0,none
8403,Mohd Ejaz Khan,Multan,878200,1577861,filer,86679,13910,0,0,none
8437,Mohammed Yousuf Niazi,Karachi,646400,963327,filer,18166,2320,0,0,none
8404,Abid Hamdani,Karachi,500000,430083,filer,0,0,0,0,none
8405,Naila Malik,Karachi,500000,584117,filer,0,0,0,0,none
8406,Mohammed Abdullah Hamdani,Lahore,505000,0,absent,0,0,0,0,none
1416,Maira Qureshi,Karachi,500000,901482,filer,15074,0,0,0,none
8407,Bilawal Mughal,Karachi,500000,200299,filer,0,0,0,0,none
8408,Akram Gujjar,Karachi,500000,0,absent,0,0,0,0,none
8409,Warda Begum,Hyderabad,500000,510117,filer,0,0,0,0,none
8411,بشریٰ مغل,Rawalpindi,500000,663045,filer,3152,0,0,0,none
8412,Muhammed Rehan Kazmi,Rawalpindi,500000,0,absent,0,0,0,0,none
8413,Rafiq Butt,Karachi,500000,1000315,filer,20016,0,0,0,none
8414,Fatima Paracha,Rawalpindi,500000,448119,filer,0,0,0,0,none
8415,Mohammed Shafique Durrani,Islamabad,500000,669632,filer,3482,0,0,0,none
8419,Nida Ahshmi,Peshawar,1326400,2283235,filer,200809,48960,0,0,none
8420,Raza Butt,Sialkot,500000,394993,filer,0,0,0,0,none
8421,Waqar Tarar,Gujranwala,860400,1498933,filer,74840,13020,0,0,none
8451,Sana Niazi,Faisalabad,500000,0,absent,0,0,0,0,none
8453,Ayaz Virk,Multan,663200,1075362,filer,23768,3160,0,0,none
8454,Shaista Virk,Karachi,500000,306747,filer,0,0,0,0,none
8455,Muhammad Zahid Gondal,Islamabad,802600,1869119,filer,130368,10130,0,0,none
8422,Muhammad Shoaib Gujjar,Rawalpindi,500000,769443,filer,8472,0,0,0,none
8423,Liaquat Dar,Karachi,500000,0,absent,0,0,0,0,none
8424,Asma Bibi,Islamabad,500000,618617,filer,931,0,0,0,none
8425,M Pervez Soomro,Karachi,500000,190210,filer,0,0,0,0,none
8428,Eman Bibi,Sialkot,500000,489887,filer,0,0,0,0,none
8429,Talha Yousafzai,Multan,554000,754963,filer,7748,0,0,0,none
8430,Muhammad Tanvir Lodhi,Sialkot,500000,0,absent,0,0,0,0,none
8431,Mohammed Iqbal Kayani,Faisalabad,500000,0,absent,0,0,0,0,none
8432,Ibrahim Warraich,Lahore,769200,1347094,filer,52064,8460,0,0,none
8434,Mohammed Ghulam Gujjar,Hyderabad,500000,488854,filer,0,0,0,0,none
8435,Rabia Gondal,Quetta,500000,1209236,filer,31385,0,0,0,none
8436,Muhammed Zafar Paracha,Faisalabad,500000,0,absent,0,0,0,0,none
8469,Nasreen Qureshi,Lahore,976800,1081576,filer,24079,18840,0,0,none
8470,Shagufta Tareen,Faisalabad,500000,0,absent,0,0,0,0,none
8471,Nida Lodhi,Multan,500000,328776,filer,0,0,0,0,none
8472,Bashir Awwan,Faisalabad,500000,238832,filer,0,0,0,0,none
8473,Kamran Awan,Islamabad,500000,0,absent,0,0,0,0,none
8438,Muhammad Nadeem Tarar,Rawalpindi,500000,0,absent,0,0,0,0,none
8439,Shabana Gujjar,Islamabad,500000,0,absent,0,0,0,0,none
8440,Muhammad Sufyan Memon,Peshawar,500000,0,absent,0,0,0,0,none
8441,Umar Magsi,Rawalpindi,500000,0,absent,0,0,0,0,none
8442,Muhammed Aamir Tareen,Islamabad,500000,354304,filer,0,0,0,0,none
8443,Yasmeen Begum,Islamabad,1328000,1540906,filer,81136,49200,0,0,none
8444,Shabana Wattoo,Gujranwala,500000,343281,filer,0,0,0,0,none
8446,Ayesha Ansari,Gujranwala,500000,178706,filer,0,0,0,0,none
8448,Muhammad Rashid Memon,Hyderabad,500000,1050803,filer,22540,0,0,0,none
8449,Muhammmad Karim Sial,Peshawar,533000,612461,filer,623,0,0,0,none
8450,Muhammad Mehmud Mengal,Karachi,800000,2310928,filer,207732,10000,0,0,none
8486,M Rehan Sial,Gujranwala,500000,381015,filer,0,0,0,0,none
8489,Muhammad Kareem Abbasi,Rawalpindi,1272600,1476286,filer,71443,40890,0,0,none
8490,Aleena Bibi,Karachi,793200,1460040,filer,69006,9660,0,0,none
8491,Sadia Hashmi,Karachi,500000,0,absent,0,0,0,0,none
8492,Hussian Sial,Rawalpindi,500000,916508,filer,15825,0,0,0,none
8456,Rehan Zaidi,Lahore,500000,0,absent,0,0,0,0,none
8457,Anika Raja,Hyderabad,500000,389535,filer,0,0,0,0,none
8458,M Zahid Virk,Rawalpindi,579200,936677,filer,16834,0,0,0,none
8459,Anika Chaudhry,Lahore,500000,519826,filer,0,0,0,0,none
8460,Hassna Sial,Karachi,871400,963976,filer,18199,13570,0,0,none
8461,Shazia Niazi,Karachi,500000,401339,filer,0,0,0,0,none
8462,M Anwar Rizvi,Karachi,754600,1814908,filer,122236,7730,0,0,none
8463,Yasmin Bhutto,Karachi,500000,0,absent,0,0,0,0,none
8465,Mahnoor Gujjar,Gujranwala,500000,685111,filer,4256,0,0,0,none
8467,Rafiq Malik,Faisalabad,682400,971353,filer,18568,4120,0,0,none
8468,Hira Yousafzai,Sialkot,571400,1330048,filer,49507,0,0,0,none
8506,Mohammad Bashir Jamali,Hyderabad,500000,717232,filer,5862,0,0,0,none
8507,Shafiq Sheikh,Lahore,500000,763688,filer,8184,0,0,0,none
8508,Amna Satti,Lahore,500000,534826,filer,0,0,0,0,none
8509,Mohd Haroon Marwat,Islamabad,500000,0,absent,0,0,0,0,none
8511,Liaquat Tareen,Gujranwala,500000,478050,filer,0,0,0,0,none
8512,خدیجہ بیگم,Gujranwala,504400,600158,filer,8,0,0,0,none
8474,Muhammad Abid Bhatti,Hyderabad,940600,2039049,filer,155857,17030,0,0,none
8475,Waseem Dar,Faisalabad,616800,0,absent,0,840,840,0,none
8476,Sohail Zaidi,Lahore,500000,0,absent,0,0,0,0,none
8477,Ismail Bajwa,Peshawar,500000,1051936,filer,22597,0,0,0,none
8478,Khadija Begum,Karachi,500000,874201,filer,13710,0,0,0,none
8479,Aibd Sandhu,Islamabad,500600,0,absent,0,0,0,0,none
8481,M Suhail Sandhu,Faisalabad,638000,990181,filer,19509,1900,0,0,none
8482,Tanveer Rajput,Karachi,500000,232586,filer,0,0,0,0,none
8484,M Shahzad Hashmi,Lahore,684400,1580579,filer,87087,4220,0,0,none
8485,Mishal Jamali,Rawalpindi,500000,730260,filer,6513,0,0,0,none
8526,Nasreen Bhatti,Karachi,500000,0,absent,0,0,0,0,none
8527,Nimra Gondal,Multan,500000,630339,filer,1517,0,0,0,none
8528,Aleena Begum,Gujranwala,500000,419619,filer,0,0,0,0,none
8529,Muhammad Ahmed Marwat,Faisalabad,500000,0,absent,0,0,0,0,none
8530,Shazia Sial,Gujranwala,515400,1195177,filer,29759,0,0,0,none
8532,Sidra Khattak,Rawalpindi,500000,638480,filer,1924,0,0,0,none
8494,Zubaida Awan,Multan,500000,623534,filer,1177,0,0,0,none
8495,Zoya Mughal,Islamabad,549400,682239,filer,4112,0,0,0,none
8496,Durdana Kazmi,Karachi,1044400,1810403,filer,121560,22220,0,0,none
8497,Mohammed Mubashir Paracha,Rawalpindi,500000,477119,filer,0,0,0,0,none
8498,Muhammad Sajid Tarar,Karachi,500000,894255,filer,14713,0,0,0,none
8499,Ejaz Qureshi,Karachi,500000,409369,filer,0,0,0,0,none
8502,Uzma Khan,Karachi,500000,423385,filer,0,0,0,0,none
8503,Mohd Aslam Baig,Bahawalpur,500000,259982,filer,0,0,0,0,none
8504,Muhammad Jamil Jamali,Lahore,500000,341966,filer,0,0,0,0,none
8505,Areeba Shah,Islamabad,500000,542890,filer,0,0,0,0,none
8544,Muhammad Rashid Magsi,Faisalabad,500000,703728,filer,5186,0,0,0,none
8545,Usman Bhatti,Rawalpindi,500000,0,absent,0,0,0,0,none
8546,Mohammed Mazhar Afridi,Peshawar,500000,670889,filer,3544,0,0,0,none
8547,Sameena Gujjar,Karachi,535400,0,absent,0,0,0,0,none
8548,Nidabegum,Rawalpindi,500000,0,absent,0,0,0,0,none
8549,Iqbal Abbas,Lahore,500000,0,absent,0,0,0,0,none
8550,Rashid Gondal,Karachi,500000,371329,filer,0,0,0,0,none
8514,Muhammad Yasir Afridi,Gujranwala,732800,1999984,filer,149998,6640,0,0,none
8517,Noor Tarar,Karachi,500000,523977,filer,0,0,0,0,none
8518,Muhammad Talha Shaikh,Rawalpindi,500000,586469,filer,0,0,0,0,none
8519,Ismail Sial,Gujranwala,500000,999932,filer,19997,0,0,0,none
8520,Muhammad Abid Khattak,Lahore,1235200,1636950,filer,95542,35280,0,0,none
8521,Yousuf Hashmi,Hyderabad,500000,914410,filer,15720,0,0,0,none
8523,Ejaz Sandhu,Sialkot,500000,627910,filer,1396,0,0,0,none
8524,Muhammad Noman Chohan,Rawalpindi,549200,0,absent,0,0,0,0,none
8525,Mazhar Wattoo,Karachi,658600,711195,filer,5560,2930,0,0,none
8560,Maira Bibi,Lahore,500000,655532,filer,2777,0,0,0,none
8561,M Ejaz Choudhry,Rawalpindi,541000,737544,filer,6877,0,0,0,none
8562,Mohd Farhan Gujjar,Rawalpindi,500000,0,absent,0,0,0,0,none
8563,Mohd Nasir Hamdani,Islamabad,500000,469583,filer,0,0,0,0,none
8564,Mohammad Zafar Gujjar,Islamabad,500000,559476,filer,0,0,0,0,none
8565,Muhammad Imran Marwat,Lahore,500000,485150,filer,0,0,0,0,none
8566,Muhammad Ayaz Sandhu,Multan,500000,510231,filer,0,0,0,0,none
8534,Nawaz Mengal,Faisalabad,710200,957744,filer,17887,5510,0,0,none
8536,Samina Zaidi,Karachi,1450400,2187170,filer,178076,67560,0,0,none
8537,Muhammad Shoaib Mengal,Karachi,500000,605750,filer,288,0,0,0,none
8538,Areeba Virk,Hyderabad,500000,431506,filer,0,0,0,0,none
8539,Maryam Marwat,Karachi,500000,1034880,filer,21744,0,0,0,none
8540,Omar Malik,Lahore,500000,0,absent,0,0,0,0,none
8541,Kashif Hamdani,Quetta,500000,0,absent,0,0,0,0,none
8542,Waqar Beg,Lahore,500000,622655,filer,1133,0,0,0,none
8543,Mohammed Rizwan Sial,Islamabad,1026000,1598209,filer,89731,21300,0,0,none
8553,Mohd Asif Bajwa,Rawalpindi,500000,0,absent,0,0,0,0,none
8554,Kiran Bibi,Lahore,500000,0,absent,0,0,0,0,none
2326,Aiman Sh,Multan,500000,478124,filer,0,0,0,0,none
2327,Mahmood Sandhu,Rawalpindi,500000,557498,filer,0,0,0,0,none
2329,Mohammad Aamir Jutt,Rawalpindi,500000,539521,filer,0,0,0,0,none
2335,Ashraf Gilani,Islamabad,45978000,48155668,filer,16119484,15357300,0,0,none
1726,Islam Awan,Faisalabad,800000,1046037,filer,22302,10000,0,0,none
6944,Zobair Bhatti,Lahore,800000,1373530,filer,56030,10000,0,0,none
2302,Nadeem Hamdani,Lahore,500000,0,absent,0,0,0,0,none
2303,Nadeem Durrani,Multan,500000,559136,filer,0,0,0,0,none
2304,محمد طارق ہاشمی,Karachi,74199800,75232934,filer,25596527,25234930,0,0,none
8555,Mohd Nawaz Janjua,Islamabad,856400,1273326,filer,40999,12820,0,0,none
8556,Muhammad Khaled Hamdani,Karachi,500000,0,absent,0,0,0,0,none
8557,Muhammad Yousuf Jutt,Bahawalpur,727000,927791,filer,16390,6350,0,0,none
8558,Uzma Mengal,Lahore,894400,1680325,filer,102049,14720,0,0,none
8559,Hassan Bhatti,Karachi,500000,414679,filer,0,0,0,0,none
8606,Javved Afridi,Lahore,1136200,1378012,filer,56702,26810,0,0,none
8567,Ramsha Siddiqui,Lahore,1016200,1083563,filer,24178,20810,0,0,none
8569,Mohammed Shafiq Shah,Lahore,500000,0,absent,0,0,0,0,none
8571,Nida Satti,Lahore,500000,501206,filer,0,0,0,0,none
8573,Mohammed Akram Kakar,Gujranwala,500000,0,absent,0,0,0,0,none
8574,Muhammad Ashraf Khatatk,Faisalabad,500000,0,absent,0,0,0,0,none
8576,Amna Khan,Karachi,500000,857495,filer,12875,0,0,0,none
8578,Mohd Usama Hamdani,Faisalabad,500000,0,absent,0,0,0,0,none
8579,Hira Beg,Faisalabad,535600,1035562,filer,21778,0,0,0,none
8580,M Fahad Rajput,Sialkot,500000,798178,filer,9909,0,0,0,none
8581,Areeba Paracha,Lahore,500000,0,absent,0,0,0,0,none
8584,Rida Raja,Lahore,500000,606955,filer,348,0,0,0,none
8585,Mohammad Riaz Abbas,Lahore,500000,566275,filer,0,0,0,0,none
8586,Shagufta Shiekh,Lahore,500000,0,absent,0,0,0,0,none
8551,Ismail Sial,Peshawar,500000,638089,filer,1904,0,0,0,none
8552,Adnan Mughal,Multan,500000,0,absent,0,0,0,0,none
8624,Muhammad Ibrahim Gujjar,Multan,500000,383174,filer,0,0,0,0,none
8625,Mohammed Kashif Baig,Lahore,1283400,1564002,filer,84600,42510,0,0,none
8588,Muhammad Karim Naqvi,Multan,500000,612590,filer,630,0,0,0,none
8589,Younis Kakar,Gujranwala,953600,1110238,filer,25512,17680,0,0,none
8590,Muhammed Fahad Arain,Lahore,586600,0,absent,0,0,0,0,none
8591,Pervez Warraich,Islamabad,500000,0,absent,0,0,0,0,none
8593,Zoya Tareen,Rawalpindi,1075600,1225852,filer,33878,23780,0,0,none
8594,Junaid Hamdani,Karachi,525800,669833,filer,3492,0,0,0,none
8595,Laiba Magsi,Rawalpindi,505800,701077,filer,5054,0,0,0,none
8596,Muhammed Adnan Gilani,Faisalabad,624200,912108,filer,15605,1210,0,0,none
8597,Ramsha Kayani,Peshawar,500000,0,absent,0,0,0,0,none
8598,Abdullah Durrani,Multan,500000,343090,filer,0,0,0,0,none
8599,Mansoor Bhatti,Peshawar,500000,707470,filer,5374,0,0,0,none
8602,Mohd Faraz Magsi,Karachi,500000,876980,filer,13849,0,0,0,none
8603,Shazia Bajwa,Islamabad,500000,682245,filer,4112,0,0,0,none
8605,Muhammed Shahid Abbasi,Gujranwala,2726600,4966196,filer,1003169,311650,0,0,none
8641,Maira Begum,Gujranwala,500000,197313,filer,0,0,0,0,none
8642,Muhammed Salman Niazi,Karachi,500000,0,absent,0,0,0,0,none
8643,Laiba Bhatti,Peshawar,500000,0,absent,0,0,0,0,none
8644,Muhammed Ismail Arain,Gujranwala,500000,0,absent,0,0,0,0,none
8608,Mahnoor Bibi,Multan,500000,584351,filer,0,0,0,0,none
8610,Owais Warraich,Hyderabad,500000,829909,filer,11495,0,0,0,none
8611,Fahad Hamdani,Sialkot,500000,409226,filer,0,0,0,0,none
8612,Shahzad Shah,Karachi,500000,0,absent,0,0,0,0,none
8613,محمد یاسر شیخ,Faisalabad,500000,489932,filer,0,0,0,0,none
8614,Mohammed Waleed Ch,Rawalpindi,500000,384494,filer,0,0,0,0,none
8615,مریم اعوان,Lahore,500000,922704,filer,16135,0,0,0,none
8616,Samina Khokhar,Karachi,500000,0,absent,0,0,0,0,none
8617,Mohammad Ayaz Akhtar,Karachi,500000,520489,filer,0,0,0,0,none
8618,Nimra Akhtar,Karachi,500000,873200,filer,13660,0,0,0,none
8619,M Mudassar Marwat,Lahore,517000,0,absent,0,0,0,0,none
8622,Mazhar Kakar,Lahore,500000,475200,filer,0,0,0,0,none
8658,M Suhail Akhtar,Lahore,500000,1046053,filer,22303,0,0,0,none
8659,Asad Tareen,Karachi,500000,673492,filer,3675,0,0,0,none
8660,Navid Bajwa,Hyderabad,614600,0,absent,0,730,730,0,none
8662,Mohammed Ahmed Durrani,Sialkot,500000,467617,filer,0,0,0,0,none
8626,Kiran Khokhar,Bahawalpur,500000,571863,filer,0,0,0,0,none
8627,Fawad Jamali,Gujranwala,500000,527914,filer,0,0,0,0,none
8628,Owais Raja,Faisalabad,609200,1107997,filer,25400,460,0,0,none
8630,Ashraf Magsi,Karachi,500000,0,absent,0,0,0,0,none
8631,Arif Tareen,Rawalpindi,500000,0,absent,0,0,0,0,none
8632,Muhammad Liaquat Virk,Lahore,500000,0,absent,0,0,0,0,none
8634,Muhammad Bilawal Shah,Multan,500000,454707,filer,0,0,0,0,none
8635,Mohammad Bilawal Dar,Peshawar,500000,720521,filer,6026,0,0,0,none
8636,Zainab Jamali,Karachi,500000,667853,filer,3393,0,0,0,none
8638,Asif Bhutto,Gujranwala,1844200,2120527,filer,168079,126630,0,0,none
8639,Shaista Begum,Faisalabad,500000,675817,filer,3791,0,0,0,none
8640,M Ayaz Zaidi,Karachi,500000,555559,filer,0,0,0,0,none
8675,Areeba Gilani,Islamabad,500000,283680,filer,0,0,0,0,none
8676,Waleed Satti,Lahore,500000,0,absent,0,0,0,0,none
8677,Abdullah Janjua,Gujranwala,500000,0,absent,0,0,0,0,none
8678,Aleena Awan,Peshawar,1003400,1754821,filer,113223,20170,0,0,none
8679,M Zahid Gondal,Bahawalpur,500000,468752,filer,0,0,0,0,none
8645,Hamid Mughal,Lahore,500000,0,absent,0,0,0,0,none
8646,Mohammad Ashraf Tareen,Lahore,500000,384540,filer,0,0,0,0,none
8647,Waqar Abbasi,Lahore,500000,587108,filer,0,0,0,0,none
8648,Muhammed Bashir Siddiqi,Lahore,500000,469646,filer,0,0,0,0,none
8649,Mohd Usama Bajwa,Islamabad,500000,711502,filer,5575,0,0,0,none
8650,Areeba Begum,Gujranwala,1390200,1630557,filer,94584,58530,0,0,none
8651,Mohammed Hasan Rajput,Faisalabad,500000,404678,filer,0,0,0,0,none
8653,Mohd Khalid Marwat,Islamabad,500000,0,absent,0,0,0,0,none
8654,Warda Begum,Hyderabad,500000,916145,filer,15807,0,0,0,none
8656,Nida Soomro,Sialkot,500000,601591,filer,80,0,0,0,none
8657,Zubaida Awan,Sialkot,998000,1624179,filer,93627,19900,0,0,none
8691,Mohammad Ayaz Gujjar,Rawalpindi,737200,1155441,filer,27772,6860,0,0,none
8692,Sidra Mengal,Lahore,500000,0,absent,0,0,0,0,none
8693,Lubna Warraich,Karachi,500000,0,absent,0,0,0,0,none
8695,Mohammad Mehmood Rizvi,Multan,500000,429453,filer,0,0,0,0,none
8696,Shahid Mengal,Islamabad,500000,211897,filer,0,0,0,0,none
8663,Muhammad Hamid Shah,Lahore,1467800,1989343,filer,148401,70170,0,0,none
8664,Imran Satti,Rawalpindi,500000,0,absent,0,0,0,0,none
8665,Komal Magsi,Rawalpindi,500000,380394,filer,0,0,0,0,none
8666,Kashif Hashmi,Faisalabad,500000,699217,filer,4961,0,0,0,none
8667,Waqar Magsi,Islamabad,531400,1345229,filer,51784,0,0,0,none
8668,Adnan Hashmi,Islamabad,500000,314663,filer,0,0,0,0,none
8669,Saied Lodhi,Faisalabad,624400,0,absent,0,1220,1220,0,none
8671,Mohammed Fawad Sidiqui,Lahore,500000,555412,filer,0,0,0,0,none
8672,Khalid Raja,Lahore,500000,0,absent,0,0,0,0,none
8673,Muhammed Owais Bajwa,Peshawar,500000,0,absent,0,0,0,0,none
8674,Kiran Durrani,Hyderabad,500000,452037,filer,0,0,0,0,none
8680,Mohd Rafiq Bhutto,Lahore,948600,1602136,filer,90320,17430,0,0,none
8681,Mohd Nawaz Siddiqui,Islamabad,500000,489756,filer,0,0,0,0,none
8682,Imran Bajwa,Gujranwala,500000,919180,filer,15959,0,0,0,none
2305,Mohammad Yasir Tarar,Lahore,2500000,2631705,filer,287926,255000,0,0,none
8935,Muhammad Aamir Arain,Karachi,800000,972660,filer,18633,10000,0,0,none
2312,Maira Gujjar,Islamabad,967800,1306554,filer,45983,18390,0,0,none
2314,Shagufta Butt,Rawalpindi,800000,1005043,filer,20252,10000,0,0,none
2438,Younis Abbasi,Karachi,25081000,33256274,filer,10904696,8043350,0,0,none
2318,Ayaz Marwat,Lahore,500000,0,absent,0,0,0,0,none
1745,Irfan Tarar,Lahore,500000,520152,filer,0,0,0,0,none
1746,Yousuf Warraich,Lahore,500000,459720,filer,0,0,0,0,none
8684,Lubna Gujjar,Islamabad,560400,767217,filer,8361,0,0,0,none
8687,Pervez Gondal,Sialkot,500000,292348,filer,0,0,0,0,none
8688,Fariha Rajput,Lahore,500000,0,absent,0,0,0,0,none
8689,Hussein Gujjar,Peshawar,500000,674286,filer,3714,0,0,0,none
8690,Iqbal Soomro,Multan,500000,0,absent,0,0,0,0,none
8730,Nasir Butt,Rawalpindi,500000,283416,filer,0,0,0,0,none
8731,Nadeem Dar,Gujranwala,500000,941065,filer,17053,0,0,0,none
8733,Muhammad Tanveer Tareen,Lahore,1108800,1777977,filer,116697,25440,0,0,none
8698,Kashif Virk,Lahore,662400,1885881,filer,132882,3120,0,0,none
8699,Danish Arain,Hyderabad,782200,2049438,filer,157416,9110,0,0,none
8700,Abida Zaidi,Karachi,618200,1450876,filer,67631,910,0,0,none
8701,Nida Virk,Gujranwala,500000,143720,filer,0,0,0,0,none
8702,Kiran Wattoo,Lahore,500000,1169679,filer,28484,0,0,0,none
8704,Qasim Dar,Rawalpindi,500000,652565,filer,2628,0,0,0,none
8705,Eman Cheema,Karachi,500000,0,absent,0,0,0,0,none
8706,Rafiq Tareen,Karachi,1363200,1760711,filer,114107,54480,0,0,none
8708,محمد سعید شاہ,Faisalabad,500000,351122,filer,0,0,0,0,none
8709,Aslam Butt,Karachi,603200,0,absent,0,160,160,0,none
8710,Eman Yousafzai,Islamabad,618400,0,absent,0,920,920,0,none
8713,Iqbal Tareen,Rawalpindi,500000,0,absent,0,0,0,0,none
8715,Shagufta Khan,Sialkot,500000,490040,filer,0,0,0,0,none
8746,Kiran Jutt,Rawalpindi,500000,0,absent,0,0,0,0,none
8747,Qasem Kayani,Rawalpindi,500000,464312,filer,0,0,0,0,none
8748,Zafar Kazmi,Rawalpindi,500000,407285,filer,0,0,0,0,none
8749,Hassan Tarar,Karachi,500000,0,absent,0,0,0,0,none
8716,Muhammed Farhan Kakar,Lahore,542000,0,absent,0,0,0,0,none
8717,Mahnoor Virk,Karachi,500000,0,absent,0,0,0,0,none
8718,Haroonlodhi,Gujranwala,500000,0,absent,0,0,0,0,none
8719,Kiran Zaidi,Rawalpindi,1095800,1975190,filer,146278,24790,0,0,none
8720,Rashid Soomro,Multan,500000,505047,filer,0,0,0,0,none
8722,Warda Bibi,Lahore,529200,0,absent,0,0,0,0,none
8723,M Abdullah Abbas,Bahawalpur,500000,0,absent,0,0,0,0,none
8725,Muhammad Adnan Arain,Karachi,621000,726355,filer,6318,1050,0,0,none
8726,Hamid Bajwa,Lahore,500000,1181210,filer,29060,0,0,0,none
8727,Nimra Shiekh,Hyderabad,500000,650322,filer,2516,0,0,0,none
8728,Mohd Mubashir Abbasi,Rawalpindi,500000,0,absent,0,0,0,0,none
8729,San Avirk,Gujranwala,500000,0,absent,0,0,0,0,none
8735,Mohammad Abid Durrani,Gujranwala,500000,0,absent,0,0,0,0,none
8736,Hira Mirza,Karachi,500000,220490,filer,0,0,0,0,none
8737,Muhammed Usama Chaudhry,Rawalpindi,1003600,1340313,filer,51047,20180,0,0,none
10331,Muhammad Anwar Zaidi,Islamabad,23993800,25062506,filer,8036877,7662830,0,0,none
1752,Mehmood Qureshi,Islamabad,500000,302720,filer,0,0,0,0,none
1755,Fahad Gondal,Islamabad,49115200,52798049,filer,17744317,16455320,0,0,none
2294,Muhammad Zafar Afridi,Lahore,800000,943258,filer,17163,10000,0,0,none
2301,Bilal Satti,Faisalabad,800000,907510,filer,15376,10000,0,0,none
10521,Naila Abbas,Sialkot,15853200,35218374,filer,11591431,4813620,0,0,none
8738,Muhammad Fahad Jutt,Hyderabad,501000,0,absent,0,0,0,0,none
8739,Muhammad Ashraf Janjua,Karachi,566800,934823,filer,16741,0,0,0,none
8740,Rizwan Tareen,Rawalpindi,500000,225287,filer,0,0,0,0,none
8741,Lubna Soomro,Peshawar,1908000,2469545,filer,247386,136200,0,0,none
8742,Muhammad Nadeem Kakar,Lahore,500000,0,absent,0,0,0,0,none
8743,Faisal Akhtar,Rawalpindi,500000,0,absent,0,0,0,0,none
8744,Muhammed Mansoor Cheema,Lahore,500000,642612,filer,2131,0,0,0,none
8786,Aiman Tareen,Bahawalpur,500000,467303,filer,0,0,0,0,none
8750,Waleed Yousafzai,Gujranwala,688800,798276,filer,9914,4440,0,0,none
8751,Robina Tarar,Islamabad,500000,0,absent,0,0,0,0,none
8754,Tahira Virk,Karachi,500000,422465,filer,0,0,0,0,none
8755,Husain Arain,Peshawar,511200,0,absent,0,0,0,0,none
8756,Hussain Yusuffzai,Islamabad,500000,749057,filer,7453,0,0,0,none
8757,Zahid Sandhu,Hyderabad,541000,0,absent,0,0,0,0,none
8759,Mohd Arf Magsi,Islamabad,621400,895039,filer,14752,1070,0,0,none
8761,Akram Gondal,Lahore,500000,200870,filer,0,0,0,0,none
8763,Abdullah Jutt,Karachi,500000,0,absent,0,0,0,0,none
8764,Anika Bajwa,Islamabad,500000,1334794,filer,50219,0,0,0,none
8765,Rehan Awan,Islamabad,500000,489026,filer,0,0,0,0,none
8767,Raza Magsi,Lahore,510200,0,absent,0,0,0,0,none
8768,M Ashraf Khan,Rawalpindi,500000,286699,filer,0,0,0,0,none
8769,Ali Bajwa,Karachi,500000,0,absent,0,0,0,0,none
8734,Noor Naqvi,Lahore,500000,1035487,filer,21774,0,0,0,none
8801,Muhammed Said Soomro,Hyderabad,602800,1673084,filer,100963,140,0,0,none
8802,Muhammad Faraz Niazi,Karachi,500000,505806,filer,0,0,0,0,none
8770,Muhammad Shahid Shhah,Faisalabad,500000,437756,filer,0,0,0,0,none
8772,Muhammad Akram Gondal,Karachi,500000,673823,filer,3691,0,0,0,none
8773,Moh Daamir Mughal,Quetta,566200,0,absent,0,0,0,0,none
8774,Fawad Awan,Lahore,500000,940659,filer,17033,0,0,0,none
8775,Bushra Bibi,Peshawar,500000,209229,filer,0,0,0,0,none
8776,Saad Mughal,Rawalpindi,1018800,1181197,filer,29060,20940,0,0,none
8778,Muhammad Ashraf Khokhar,Islamabad,500000,0,absent,0,0,0,0,none
8779,Javeria Khokhar,Lahore,619800,0,absent,0,990,990,0,none
8780,Mehwish Marwat,Lahore,500000,0,absent,0,0,0,0,none
8781,Qasim Arain,Quetta,500000,0,absent,0,0,0,0,none
8782,Mohammad Hussian Khokhar,Islamabad,500000,490138,filer,0,0,0,0,none
8783,Zafar Shah,Rawalpindi,500000,1522916,filer,78437,0,0,0,none
8784,Saba Sandhu,Multan,500000,0,absent,0,0,0,0,none
8785,Javeria Durrani,Hyderabad,574200,867636,filer,13382,0,0,0,none
8817,Muhammad Hasan Virk,Multan,1143900,7525902,filer,1899066,27195,0,0,none
8818,Aamir Durrani,Islamabad,894000,1214978,filer,32247,14700,0,0,none
8819,Hina Mughal,Rawalpindi,500000,271035,filer,0,0,0,0,none
8787,M Waleed Paracha,Faisalabad,500000,452345,filer,0,0,0,0,none
8788,Aiman Begum,Hyderabad,878200,1237917,filer,35688,13910,0,0,none
8789,Faiza Naqvi,Karachi,500000,465588,filer,0,0,0,0,none
8790,Mishal Begum,Multan,500000,0,absent,0,0,0,0,none
8792,Salman Virk,Gujranwala,581600,1304488,filer,45673,0,0,0,none
8793,Said Dar,Quetta,860400,1077220,filer,23861,13020,0,0,none
8794,Jahangir Butt,Rawalpindi,500000,1320988,filer,48148,0,0,0,none
8795,Warda Abbas,Karachi,611400,0,absent,0,570,570,0,none
8796,Arif Lodhi,Lahore,500000,0,absent,0,0,0,0,none
8797,Zainab Kakar,Lahore,578000,692096,filer,4605,0,0,0,none
8798,Naila Ansari,Karachi,500000,1407171,filer,61076,0,0,0,none
8799,Ramsha Abbas,Peshawar,500000,662164,filer,3108,0,0,0,none
8800,Muhammad Anwar Kazmi,Rawalpindi,500000,0,absent,0,0,0,0,none
8832,Sidra Khokhar,Multan,662200,1600543,filer,90081,3110,0,0,none
8833,Nimra Begg,Karachi,500000,283615,filer,0,0,0,0,none
8834,M Feisal Arain,Peshawar,500000,562616,filer,0,0,0,0,none
8835,M Fahad Yousafzai,Rawalpindi,664800,1127045,filer,26352,3240,0,0,none
8836,Waleed Awan,Lahore,940400,1493253,filer,73988,17020,0,0,none
8837,Bashir Sial,Lahore,500000,1330819,filer,49623,0,0,0,none
8804,Fahad Rizvi,Hyderabad,500000,638783,filer,1939,0,0,0,none
8805,Nida Sandhu,Sialkot,940600,2103754,filer,165563,17030,0,0,none
8807,Maira Memon,Karachi,500000,0,absent,0,0,0,0,none
8808,Mohammad Farhan Gondal,Karachi,521200,634652,filer,1733,0,0,0,none
8810,Mohd Fawad Khokhar,Rawalpindi,526000,648750,filer,2438,0,0,0,none
8811,Muhammad Abid Mengal,Quetta,500000,0,absent,0,0,0,0,none
8812,Waleed Hashmi,Karachi,500000,504031,filer,0,0,0,0,none
8813,Mohammed Ghulam Bhatti,Islamabad,500000,480468,filer,0,0,0,0,none
8814,Asma Bibi,Karachi,500000,415150,filer,0,0,0,0,none
8816,Muhammad Bashir Akhtar,Islamabad,500000,673626,filer,3681,0,0,0,none
8848,Faisal Sial,Gujranwala,779800,1032011,filer,21601,8990,0,0,none
8849,M Danish Naqvi,Karachi,862000,1229304,filer,34396,13100,0,0,none
8850,Asad Janjua,Islamabad,723200,1009449,filer,20472,6160,0,0,none
8851,Muhammad Karim Kayani,Hyderabad,500000,0,absent,0,0,0,0,none
8852,Abdullah Afridi,Rawalpindi,1193000,2113136,filer,166970,29650,0,0,none
8853,Asif Hamdani,Peshawar,500000,0,absent,0,0,0,0,none
8854,Naila Begum,Karachi,1127800,1822541,filer,123381,26390,0,0,none
8821,Farah Durrani,Bahawalpur,500000,760215,filer,8011,0,0,0,none
8822,Ali Bajwa,Karachi,1141800,1946760,filer,142014,27090,0,0,none
8823,Muhammad Saied Khan,Hyderabad,594400,775546,filer,8777,0,0,0,none
8824,Ali Kakar,Faisalabad,500000,0,absent,0,0,0,0,none
8826,Mohd Riaz Kazmi,Karachi,727000,949467,filer,17473,6350,0,0,none
8827,Rizwan Lodhi,Quetta,500000,0,absent,0,0,0,0,none
8829,Muhammad Kasim Magsi,Lahore,500000,384860,filer,0,0,0,0,none
8830,Kashif Bajwa,Peshawar,500000,0,absent,0,0,0,0,none
8831,Mohammad Farhan Abbas,Karachi,500000,0,absent,0,0,0,0,none
8842,Rabia Taeren,Bahawalpur,500000,0,absent,0,0,0,0,none
5056,Ismail Awan,Hyderabad,25422800,68791691,filer,23342092,8162980,0,0,none
2286,Mohd Hammad Kayani,Hyderabad,800000,1301805,filer,45271,10000,0,0,none
2288,Mohammed Jamil Qureshi,Sialkot,500000,525749,filer,0,0,0,0,none
2290,Mahnoor Khan,Rawalpindi,31372400,66817100,filer,22650985,10245340,0,0,none
2690,Mohammad Salman Durrani,Islamabad,39795200,54228072,filer,18244825,13193320,0,0,none
2291,Aamir Marwat,Karachi,500000,0,absent,0,0,0,0,none
2292,Muhammad Omar Sidiqui,Karachi,500000,0,absent,0,0,0,0,none
2293,Wasim Jamali,Hyderabad,500000,0,absent,0,0,0,0,none
1742,Zubair Tarar,Gujranwala,400000,566688,filer,0,0,0,0,none
2262,Ghulam Paracha,Lahore,500000,347198,filer,0,0,0,0,none
8843,M Omer Magsi,Karachi,500000,307391,filer,0,0,0,0,none
8844,Zeeshan Butt,Gujranwala,889800,2430023,filer,237506,14490,0,0,none
8845,Yasmin Tarar,Faisalabad,500000,1014938,filer,20747,0,0,0,none
8846,M Wasim Mirza,Sialkot,500000,0,absent,0,0,0,0,none
8847,Muhammad Haroon Memon,Gujranwala,500000,0,absent,0,0,0,0,none
8893,Muhammad Bilawal Ansari,Quetta,500000,0,absent,0,0,0,0,none
8855,Muhammad Bilal Dar,Sialkot,500000,943102,filer,17155,0,0,0,none
8856,Sohail Bhutto,Multan,500000,597407,filer,0,0,0,0,none
8859,Hammad Bhutto,Karachi,511400,688153,filer,4408,0,0,0,none
8861,Mohammed Riaz Virk,Lahore,723200,956245,filer,17812,6160,0,0,none
8862,Said Hamdani,Peshawar,500000,567476,filer,0,0,0,0,none
8864,Yasir Hashmi,Karachi,518400,0,absent,0,0,0,0,none
8865,Muhammed Farhan Rajput,Peshawar,897200,1074006,filer,23700,14860,0,0,none
8866,Robina Durrani,Peshawar,500000,726962,filer,6348,0,0,0,none
8867,Ismail Awan,Sialkot,500000,0,absent,0,0,0,0,none
8868,Muhammad Tanvir Mirza,Lahore,500000,590355,filer,0,0,0,0,none
8869,Nawaz Sh,Quetta,500000,0,absent,0,0,0,0,none
8871,Shafiq Cheema,Peshawar,500000,0,absent,0,0,0,0,none
8872,Mohammed Nawaz Bhutto,Sialkot,500000,0,absent,0,0,0,0,none
8838,Muhammad Rashid Abbas,Karachi,538200,616837,filer,842,0,0,0,none
8840,Taimur Mengal,Sialkot,505200,617048,filer,852,0,0,0,none
8909,Mohd Waqar Kakar,Rawalpindi,500000,725996,filer,6300,0,0,0,none
8910,Mohammed Asad Jamali,Hyderabad,500000,619779,filer,989,0,0,0,none
8911,Rashid Virk,Lahore,500000,600939,filer,47,0,0,0,none
8876,Zahid Shiekh,Karachi,500000,0,absent,0,0,0,0,none
8877,Bashir Hamdani,Rawalpindi,800000,1393803,filer,59070,10000,0,0,none
8879,Jamil Akhtar,Lahore,500000,607390,filer,370,0,0,0,none
8880,Owais Magsi,Quetta,518800,0,absent,0,0,0,0,none
8883,Mohammed Sufyan Dar,Rawalpindi,500000,0,absent,0,0,0,0,none
8884,Maira Abbas,Karachi,851400,1161218,filer,28061,12570,0,0,none
8886,Adnan Mengal,Peshawar,500000,393917,filer,0,0,0,0,none
8887,Muhammad Haroon Awan,Karachi,500000,634694,filer,1735,0,0,0,none
8888,Mohd Bilal Tarar,Karachi,500000,0,absent,0,0,0,0,none
8889,Zeeshan Qureshi,Karachi,500000,691928,filer,4596,0,0,0,none
8890,Bushra Bibi,Multan,501600,1243247,filer,36487,0,0,0,none
8891,Shagufta Magsi,Islamabad,500000,0,absent,0,0,0,0,none
8892,Mohammad Taimur Hashmi,Karachi,500000,0,absent,0,0,0,0,none
8928,Amna Mengal,Islamabad,500000,0,absent,0,0,0,0,none
8929,Warda Soomro,Rawalpindi,500000,0,absent,0,0,0,0,none
8930,Zubayr Soomro,Islamabad,500000,377359,filer,0,0,0,0,none
8894,Feisal Choudhry,Bahawalpur,573800,676452,filer,3823,0,0,0,none
8895,فاطمہ مغل,Quetta,558600,624527,filer,1226,0,0,0,none
8897,Iqbal Sial,Hyderabad,500000,153637,filer,0,0,0,0,none
8898,Mohammad Shahzad Siddiqui,Peshawar,500000,374381,filer,0,0,0,0,none
8900,Zubaida Wattoo,Rawalpindi,547800,1206464,filer,30970,0,0,0,none
8901,Muhammad Asif Kayani,Sialkot,1653800,2372558,filer,223140,98070,0,0,none
8902,Durdana Niazi,Lahore,500000,823703,filer,11185,0,0,0,none
8903,Muhammad Hamid Khattak,Lahore,593600,763151,filer,8158,0,0,0,none
8904,Rukhsana Akhtar,Peshawar,500000,0,absent,0,0,0,0,none
8905,Ashraf Tareen,Peshawar,500000,0,absent,0,0,0,0,none
8906,Noman Bhatti,Peshawar,500000,1221884,filer,33283,0,0,0,none
8907,Muhammed Jamil Shah,Peshawar,534000,583797,filer,0,0,0,0,none
8908,Shuaib Janjua,Karachi,719400,987632,filer,19382,5970,0,0,none
8947,Mohammed Mubashir Bajwa,Lahore,500000,564544,filer,0,0,0,0,none
8948,Muhammad Sohel Jamali,Lahore,500000,569297,filer,0,0,0,0,none
8949,Mahnoor Bhutto,Rawalpindi,920800,2100683,filer,165102,16040,0,0,none
8950,Lubna Bajwa,Karachi,500000,624489,filer,1224,0,0,0,none
8912,Zahid Baig,Karachi,500000,0,absent,0,0,0,0,none
8915,Wasim Sidiqui,Multan,500000,0,absent,0,0,0,0,none
8916,Naila Heema,Rawalpindi,500000,468714,filer,0,0,0,0,none
8917,Sidra Qureshi,Karachi,1489800,2533541,filer,263385,73470,0,0,none
8918,Ali Cheema,Rawalpindi,500000,0,absent,0,0,0,0,none
8919,Adnan Ansari,Peshawar,500000,0,absent,0,0,0,0,none
8920,Laiba Janjua,Islamabad,500000,473699,filer,0,0,0,0,none
8921,Husain Zaidi,Lahore,648600,1109243,filer,25462,2430,0,0,none
8923,Faiza Jamali,Karachi,500000,0,absent,0,0,0,0,none
8924,Ramsha Sial,Hyderabad,500000,0,absent,0,0,0,0,none
8925,Muhammad Omer Ansari,Islamabad,500000,260774,filer,0,0,0,0,none
8927,Salman Bhatti,Karachi,500000,0,absent,0,0,0,0,none
8965,M Kashif Tarar,Quetta,500000,471275,filer,0,0,0,0,none
8966,Mohammed Taimur Ch,Rawalpindi,585200,748031,filer,7402,0,0,0,none
8967,Tooba Rizvi,Karachi,500000,381683,filer,0,0,0,0,none
8968,Tanvir Paraacha,Faisalabad,1159400,1293959,filer,44094,27970,0,0,none
8969,Yasir Siddiqui,Peshawar,500000,630963,filer,1548,0,0,0,none
8932,Mohammad Hassan Ch,Hyderabad,500000,337557,filer,0,0,0,0,none
8933,M Danish Gujjar,Karachi,500000,751807,filer,7590,0,0,0,none
8934,Durdana Afridi,Multan,500000,681923,filer,4096,0,0,0,none
8936,Kamran Kayani,Hyderabad,535000,0,absent,0,0,0,0,none
8937,Jamil Mirza,Lahore,500000,689440,filer,4472,0,0,0,none
8938,Bilal Sandhu,Sialkot,612600,0,absent,0,630,630,0,none
8940,Iqbal Awan,Karachi,500000,0,absent,0,0,0,0,none
8942,Muhammad Imran Kazmi,Islamabad,500000,0,absent,0,0,0,0,none
8943,Abida Ansari,Lahore,500000,253980,filer,0,0,0,0,none
8945,Ibrahim Niazi,Multan,500000,491303,filer,0,0,0,0,none
8946,Rehan Janjua,Islamabad,500000,0,absent,0,0,0,0,none
8980,Iqabl Raja,Quetta,500000,0,absent,0,0,0,0,none
8981,Ali Hamdani,Hyderabad,500000,685579,filer,4279,0,0,0,none
8982,Anika Rajput,Bahawalpur,500000,721582,filer,6079,0,0,0,none
8983,Yasir Shah,Islamabad,500000,0,absent,0,0,0,0,none
8984,Mohd Zafar Gujjar,Faisalabad,500000,0,absent,0,0,0,0,none
8985,Riaz Arain,Peshawar,500000,387406,filer,0,0,0,0,none
8951,Sehrish Wattoo,Karachi,500000,0,absent,0,0,0,0,none
8952,Zahid Hamdani,Lahore,500000,821964,filer,11098,0,0,0,none
8954,Jave Naqvi,Islamabad,500000,953654,filer,17683,0,0,0,none
8955,Muhammad Qasem Rizvi,Karachi,500000,323828,filer,0,0,0,0,none
8958,Zoya Naqvi,Peshawar,500000,0,absent,0,0,0,0,none
8959,رضا گیلانی,Quetta,500000,0,absent,0,0,0,0,none
8961,Tanveer Gilani,Hyderabad,500000,357880,filer,0,0,0,0,none
8962,Akram Naqvi,Rawalpindi,500000,0,absent,0,0,0,0,none
8963,Uzma Mirza,Islamabad,500000,913746,filer,15687,0,0,0,none
8964,Abdullah Begg,Karachi,500000,287562,filer,0,0,0,0,none
8971,Abid Marwat,Faisalabad,500000,472961,filer,0,0,0,0,none
8972,Nida Virk,Lahore,500000,0,absent,0,0,0,0,none
8973,Muhammad Adnan Butt,Lahore,1131600,1340067,filer,51010,26580,0,0,none
2263,Tahira Begum,Lahore,400000,0,absent,0,0,0,0,none
2266,Mahnoor Begum,Lahore,908200,1143754,filer,27188,15410,0,0,none
2268,M Mazhar Bhatti,Karachi,28904376,61551701,filer,20808095,9381532,0,0,none
2271,Qasim Mughal,Karachi,800000,1097995,filer,24900,10000,0,0,none
2272,Muhammad Rizwan Memon,Gujranwala,500000,450829,filer,0,0,0,0,none
2273,Laiba Gondal,Islamabad,500000,488151,filer,0,0,0,0,none
2274,Muhammed Adnan Khan,Hyderabad,500000,544483,filer,0,0,0,0,none
2275,Nimra Choudhry,Rawalpindi,500000,519085,filer,0,0,0,0,none
8974,Muhammad Zeeshan Akhtar,Multan,500000,617348,filer,867,0,0,0,none
8975,Mohd Usman Chaudhry,Islamabad,500000,0,absent,0,0,0,0,none
8976,Muhammad Naveed Hashmi,Hyderabad,590200,0,absent,0,0,0,0,none
8977,Ali Durrani,Islamabad,500000,0,absent,0,0,0,0,none
8978,Kiran Kakar,Bahawalpur,821800,1088214,filer,24411,11090,0,0,none
9021,Iqra Bibi,Multan,500000,371802,filer,0,0,0,0,none
8986,Muhhammad Ayaz Hashmi,Rawalpindi,500000,0,absent,0,0,0,0,none
8988,Muhammad Danish Rizvi,Faisalabad,500000,0,absent,0,0,0,0,none
8990,Ismail Awan,Karachi,500000,0,absent,0,0,0,0,none
8991,Ahmed Ansari,Rawalpindi,500000,0,absent,0,0,0,0,none
8992,Mohd Islam Magsi,Multan,500000,0,absent,0,0,0,0,none
8993,Muhammad Owais Warraich,Quetta,500000,836130,filer,11806,0,0,0,none
8994,Mohammad Hammad Dar,Karachi,500000,774405,filer,8720,0,0,0,none
8995,Ashraf Zaidi,Karachi,530400,0,absent,0,0,0,0,none
8996,Mohammad Noman Cheema,Gujranwala,500000,366800,filer,0,0,0,0,none
8997,M Hassan Virk,Multan,500000,0,absent,0,0,0,0,none
8998,Muhammed Junaid Gondal,Rawalpindi,500000,299484,filer,0,0,0,0,none
8999,M Faraz Warraich,Bahawalpur,553200,678905,filer,3945,0,0,0,none
9001,Talha Khokhar,Lahore,500000,421606,filer,0,0,0,0,none
9002,Umar Qureshi,Peshawar,524200,832238,filer,11612,0,0,0,none
8970,Mohammed Saad Khan,Islamabad,500000,0,absent,0,0,0,0,none
9035,Hammad Rajput,Gujranwala,500000,483120,filer,0,0,0,0,none
9036,Irfan Hamdani,Peshawar,500000,0,absent,0,0,0,0,none
9003,Muhammad Anwar Tareen,Rawalpindi,500000,744754,filer,7238,0,0,0,none
9004,Muhammad Nadeem Hashmi,Islamabad,500000,233821,filer,0,0,0,0,none
9005,Muhammad Saeed Hashim,Karachi,782200,989054,filer,19453,9110,0,0,none
9007,Muhammed Bashir Zaidi,Lahore,557800,738709,filer,6935,0,0,0,none
9008,Mohammed Ashraf Ch,Peshawar,712800,1007869,filer,20393,5640,0,0,none
9009,Ashraf Afridi,Multan,502600,1168361,filer,28418,0,0,0,none
9011,Muhammad Bashir Durrani,Rawalpindi,500000,0,absent,0,0,0,0,none
9013,Tariq Dar,Hyderabad,500000,0,absent,0,0,0,0,none
9014,Abdullah Tareen,Hyderabad,766000,1086606,filer,24330,8300,0,0,none
9015,Mudassar Afridi,Karachi,500000,413584,filer,0,0,0,0,none
9016,Mohd Kashif Jutt,Faisalabad,500000,380347,filer,0,0,0,0,none
9017,Mudassar Magsi,Quetta,500000,1172805,filer,28640,0,0,0,none
9019,Muhammad Hammad Qureishi,Peshawar,500000,0,absent,0,0,0,0,none
9020,Uzma Qureishi,Hyderabad,500000,590208,filer,0,0,0,0,none
9023,Jahangir Niazi,Karachi,500000,0,absent,0,0,0,0,none
9024,Nida Naqvi,Karachi,836400,1173894,filer,28695,11820,0,0,none
9025,Taimur Paracha,Faisalabad,500000,733550,filer,6678,0,0,0,none
1763,Kashif Wattoo,Rawalpindi,500000,625472,filer,1274,0,0,0,none
1764,Saad Kazmi,Karachi,500000,194805,filer,0,0,0,0,none
1767,Danish Virk,Karachi,800000,823098,filer,11155,10000,0,0,none
1770,Anika Afridi,Karachi,400000,397453,filer,0,0,0,0,none
2250,Yasir Janjua,Karachi,800000,805270,filer,10264,10000,0,0,none
2253,Danish Rajput,Multan,800000,852581,filer,12629,10000,0,0,none
2226,Mohd Usama Zaidi,Rawalpindi,800000,1289690,filer,43454,10000,0,0,none
9027,Lubna Bhutto,Lahore,500000,0,absent,0,0,0,0,none
9028,Muhammed Ayaz Virk,Peshawar,746200,967226,filer,18361,7310,0,0,none
9030,Muhammad Mehmood Magsi,Karachi,500000,1300006,filer,45001,0,0,0,none
9031,Muhammed Waqar Niazi,Lahore,1204200,1538095,filer,80714,30630,0,0,none
9032,Mohammed Pervez Satti,Lahore,500000,0,absent,0,0,0,0,none
9033,Danish Beg,Karachi,500000,175744,filer,0,0,0,0,none
9074,Asif Chaudhry,Gujranwala,500000,0,absent,0,0,0,0,none
9075,Imran Hamdani,Karachi,500000,0,absent,0,0,0,0,none
9039,Muhammad Abdullah Khattak,Rawalpindi,597000,1028080,filer,21404,0,0,0,none
9042,Omar Afridi,Peshawar,2291400,3902279,filer,640684,202850,0,0,none
9043,Muhammed Raza Rizvi,Rawalpindi,616200,1057675,filer,22884,810,0,0,none
9047,Sadia Bhatti,Gujranwala,1058600,2014847,filer,152227,22930,0,0,none
9048,Samina Bhutto,Karachi,500000,607134,filer,357,0,0,0,none
9049,Sajid Gujjar,Islamabad,500000,0,absent,0,0,0,0,none
9050,Nimra Magsi,Karachi,500000,524910,filer,0,0,0,0,none
9052,Iqra Begum,Karachi,949200,1149058,filer,27453,17460,0,0,none
9053,Wasim Bhutto,Karachi,500000,582070,filer,0,0,0,0,none
9054,Liaquat Gilani,Gujranwala,500000,739750,filer,6988,0,0,0,none
9055,Abida Mengal,Hyderabad,500000,0,absent,0,0,0,0,none
9056,Liaquat Siddiqi,Karachi,500000,706431,filer,5322,0,0,0,none
9057,Mehmood Durrani,Islamabad,500000,0,absent,0,0,0,0,none
9022,Muhammed Naveed Sial,Karachi,500000,185056,filer,0,0,0,0,none
9089,Raza Rizvi,Lahore,500000,323300,filer,0,0,0,0,none
9091,Muhammad Ahmed Rizvi,Sialkot,500000,349661,filer,0,0,0,0,none
9093,Rizwan Jutt,Sialkot,824800,1155842,filer,27792,11240,0,0,none
9094,Mohd Javaid Warraich,Karachi,500000,737433,filer,6872,0,0,0,none
9095,Usama Kazmi,Karachi,500000,0,absent,0,0,0,0,none
9059,Mubashi Rjutt,Hyderabad,500000,369088,filer,0,0,0,0,none
9061,Zahid Lodhi,Hyderabad,500000,0,absent,0,0,0,0,none
9062,Mohammed Fahad Ansari,Hyderabad,500000,648291,filer,2415,0,0,0,none
9063,Ibrahim Memon,Karachi,1030000,1231130,filer,34670,21500,0,0,none
9064,Uthman Abbasi,Lahore,500000,601988,filer,99,0,0,0,none
9065,Fariha Abbasi,Peshawar,500000,233685,filer,0,0,0,0,none
9067,Said Raja,Karachi,500000,986965,filer,19348,0,0,0,none
9068,Rida Marwat,Hyderabad,1433400,2621146,filer,285286,65010,0,0,none
9069,Adnan Paracha,Hyderabad,542000,869244,filer,13462,0,0,0,none
9071,Mohammed Fahad Soomro,Lahore,500000,968639,filer,18432,0,0,0,none
9073,Zenab Choudhry,Karachi,500000,0,absent,0,0,0,0,none
9076,Yasmin Bibi,Peshawar,500000,0,absent,0,0,0,0,none
9077,Jamil Satti,Lahore,500000,235114,filer,0,0,0,0,none
9079,Iqra Bibi,Gujranwala,500000,0,absent,0,0,0,0,none
2230,Sehrish Arain,Faisalabad,500000,409710,filer,0,0,0,0,none
2232,Mohammed Jamil Afridi,Bahawalpur,500000,0,absent,0,0,0,0,none
2236,Mohammad Adnan Lodhi,Islamabad,800000,874881,filer,13744,10000,0,0,none
2241,Fahad Tareen,Quetta,800000,830917,filer,11546,10000,0,0,none
2243,Shabana Paracha,Lahore,23573348,41569791,filer,13814427,7515672,0,0,none
10374,Shaista Arain,Islamabad,30863800,74524667,filer,25348633,10067330,0,0,none
2246,Usman Yusufzai,Karachi,500000,0,absent,0,0,0,0,none
2218,Muhammad Khaled Mughal,Peshawar,6000000,10698719,filer,3009552,1365000,0,0,none
2220,Shafiq Mughal,Multan,500000,519159,filer,0,0,0,0,none
9081,Zubair Zaidi,Karachi,836000,2186451,filer,177968,11800,0,0,none
9082,Muhammed Arif Bhutto,Faisalabad,500000,306796,filer,0,0,0,0,none
9087,Nimra Wattoo,Peshawar,1099200,1744662,filer,111699,24960,0,0,none
9088,Muhammad Sohel Aarain,Quetta,500000,792648,filer,9632,0,0,0,none
9129,Faraz Abbasi,Multan,1061800,1806167,filer,120925,23090,0,0,none
9130,Husain Shah,Karachi,1592600,1933734,filer,140060,88890,0,0,none
9096,Hussein Khna,Faisalabad,500000,0,absent,0,0,0,0,none
9097,Eman Malik,Faisalabad,726600,1130945,filer,26547,6330,0,0,none
9098,Naveed Wattoo,Peshawar,500000,657711,filer,2886,0,0,0,none
9099,Rafiq Magsi,Islamabad,600400,0,absent,0,20,20,0,none
9100,Muhammad Fawad Durrani,Islamabad,926000,1008204,filer,20410,16300,0,0,none
9101,Tahira Hamdani,Faisalabad,500000,0,absent,0,0,0,0,none
9102,Sajid Dar,Islamabad,500000,715303,filer,5765,0,0,0,none
9103,Rabia Khan,Lahore,500000,0,absent,0,0,0,0,none
9104,Uzma Sandhu,Karachi,500000,0,absent,0,0,0,0,none
9105,Mubashir Gondal,Karachi,500000,506288,filer,0,0,0,0,none
9106,Rizwan Rajput,Lahore,500000,1015429,filer,20771,0,0,0,none
9107,M Ghulam Khokhar,Bahawalpur,700000,999103,filer,19955,5000,0,0,none
9109,Younis Arain,Lahore,500000,0,absent,0,0,0,0,none
9112,Irfan Abbasi,Karachi,1431200,1786561,filer,117984,64680,0,0,none
9143,Robina Begum,Islamabad,919800,1273913,filer,41087,15990,0,0,none
9144,Noor Bibi,Bahawalpur,631800,1091276,filer,24564,1590,0,0,none
9146,Noman Shah,Faisalabad,500000,211972,filer,0,0,0,0,none
9147,Amna Warraich,Gujranwala,500000,250839,filer,0,0,0,0,none
9148,Karim Kazmi,Bahawalpur,500000,0,absent,0,0,0,0,none
9113,Rukhsana Mughal,Islamabad,500000,0,absent,0,0,0,0,none
9114,Shoaib Arain,Islamabad,500000,0,absent,0,0,0,0,none
9115,Muhammad Ghulam Wattoo,Lahore,571800,1216807,filer,32521,0,0,0,none
9119,Saeed Akhtar,Rawalpindi,500000,0,absent,0,0,0,0,none
9120,Muhammed Akram Gilani,Islamabad,500000,0,absent,0,0,0,0,none
9121,Mohammed Waleed Bhutto,Islamabad,800000,3180856,filer,425214,10000,0,0,none
9123,Warda Soomro,Lahore,500000,0,absent,0,0,0,0,none
9125,Ashraf Shah,Bahawalpur,500000,394020,filer,0,0,0,0,none
9126,Muhammad Ashraf Gillani,Lahore,500000,667489,filer,3374,0,0,0,none
9127,Tahira Begum,Lahore,500000,492438,filer,0,0,0,0,none
9128,Muhammad Ahmed Magsi,Peshawar,542600,646799,filer,2340,0,0,0,none
9162,Abida Abbasi,Gujranwala,500000,821789,filer,11089,0,0,0,none
9163,M Khaled Khattak,Gujranwala,500000,275814,filer,0,0,0,0,none
9165,Muhammad Karim Hamdani,Faisalabad,500000,438887,filer,0,0,0,0,none
9166,Anwar Paracha,Karachi,500000,0,absent,0,0,0,0,none
9167,Muhammad Irfan Magsi,Islamabad,581800,1042076,filer,22104,0,0,0,none
9168,Jamil Sheikh,Gujranwala,500000,0,absent,0,0,0,0,none
9131,Muhammed Omer Gondal,Lahore,500000,0,absent,0,0,0,0,none
9133,Owais Jamali,Hyderabad,583200,1045068,filer,22253,0,0,0,none
9134,Qasem Shiekh,Lahore,948200,1673748,filer,101062,17410,0,0,none
9135,Ashraf Akhtar,Karachi,500000,0,absent,0,0,0,0,none
9137,Tooba Hamdani,Quetta,680600,1438430,filer,65764,4030,0,0,none
9138,Durdana Vrik,Karachi,500000,619321,filer,966,0,0,0,none
9139,Yasir Lodhi,Islamabad,500000,529198,filer,0,0,0,0,none
9140,Zahid Qureshi,Karachi,500000,0,absent,0,0,0,0,none
9141,Usman Bhatti,Karachi,508600,0,absent,0,0,0,0,none
9142,Riaz Mengal,Lahore,1132600,1487553,filer,73133,26630,0,0,none
9151,Muhammed Anwar Paracha,Karachi,500000,1414758,filer,62214,0,0,0,none
9152,Muhammad Rehan Durrani,Multan,539800,931888,filer,16594,0,0,0,none
2222,Laiba Bibi,Gujranwala,500000,0,absent,0,0,0,0,none
1773,Muhammad Rehan Mirza,Peshawar,46635800,50819196,filer,17051719,15587530,0,0,none
1775,Rukhsana Zaidi,Islamabad,61882800,73122408,filer,24857843,20923980,0,0,none
1781,Muhammad Kareem Kakar,Karachi,21874000,29973015,filer,9755555,6920900,0,0,none
1782,Mohammad Wasim Bajwa,Karachi,500000,0,absent,0,0,0,0,none
1784,Nida Khan,Lahore,1046200,1415778,filer,62367,22310,0,0,none
1785,Mohd Ashraf Sidiqui,Rawalpindi,800000,960275,filer,18014,10000,0,0,none
2211,Noor Hashmi,Islamabad,500000,503994,filer,0,0,0,0,none
1787,Nasir Tarar,Gujranwala,500000,513289,filer,0,0,0,0,none
9154,Adnan Gilani,Faisalabad,500000,0,absent,0,0,0,0,none
9155,Warda Durrani,Bahawalpur,500000,593917,filer,0,0,0,0,none
9157,Hasan Gujjar,Islamabad,500000,278247,filer,0,0,0,0,none
9159,Anika Rajput,Gujranwala,500000,0,absent,0,0,0,0,none
9160,Waleed Rizvi,Lahore,500000,1081180,filer,24059,0,0,0,none
9202,Abdullah Qureshi,Rawalpindi,911600,1529338,filer,79401,15580,0,0,none
9169,Talha Sandhu,Karachi,808200,1392274,filer,58841,10410,0,0,none
9171,Rabia Mengal,Karachi,500000,0,absent,0,0,0,0,none
9172,Muhammad Arif Memon,Multan,601200,0,absent,0,60,60,0,none
9174,Kashif Butt,Islamabad,500000,408927,filer,0,0,0,0,none
9175,Shabana Baig,Multan,500000,0,absent,0,0,0,0,none
9177,Lubna Butt,Lahore,500000,0,absent,0,0,0,0,none
9178,Aamir Zaidi,Gujranwala,500000,0,absent,0,0,0,0,none
9180,Muhammad Zubair Tarar,Lahore,500000,614348,filer,717,0,0,0,none
9181,Hira Bibi,Hyderabad,500000,0,absent,0,0,0,0,none
9182,Mohammed Fahad Kayani,Hyderabad,500000,0,absent,0,0,0,0,none
9183,Muhammad Khaled Wattoo,Karachi,500000,347767,filer,0,0,0,0,none
9184,Danish Dar,Karachi,500000,146715,filer,0,0,0,0,none
9186,Maira Abbas,Faisalabad,500000,406702,filer,0,0,0,0,none
9149,Khadija Quraishi,Rawalpindi,500000,643947,filer,2197,0,0,0,none
9150,Iqra Begum,Lahore,514800,0,absent,0,0,0,0,none
9216,Mohd Jahangir Awan,Rawalpindi,500000,584081,filer,0,0,0,0,none
9217,Faraz Niazi,Faisalabad,799800,875661,filer,13783,9990,0,0,none
9218,Mohammad Umar Hashmi,Rawalpindi,1079000,1893919,filer,134088,23950,0,0,none
9219,Muhammad Zafar Virk,Karachi,500000,0,absent,0,0,0,0,none
9220,Anwar Ansari,Lahore,500000,630430,filer,1522,0,0,0,none
9221,Mohammed Osman Abbasi,Islamabad,614000,0,absent,0,700,700,0,none
9188,Zahid Afridi,Lahore,500000,627548,filer,1377,0,0,0,none
9189,Adnan Lodhi,Islamabad,500000,268234,filer,0,0,0,0,none
9190,Muhammad Haroon Mengal,Islamabad,500000,549688,filer,0,0,0,0,none
9192,Mahnoor Sandhu,Peshawar,500000,657843,filer,2892,0,0,0,none
9194,Mohd Rasheed Shah,Rawalpindi,500000,340967,filer,0,0,0,0,none
9195,Eman Afridi,Gujranwala,500000,1032980,filer,21649,0,0,0,none
9196,Muhammad Bashir Virk,Karachi,513800,0,absent,0,0,0,0,none
9199,Haroon Tareen,Rawalpindi,500000,0,absent,0,0,0,0,none
9200,Muhammad Aslam Arain,Peshawar,549400,0,absent,0,0,0,0,none
9201,Mohammad Ismail Butt,Lahore,500000,781621,filer,9081,0,0,0,none
9239,Muhammad Ejaz Abbasi,Lahore,500000,652892,filer,2645,0,0,0,none
9206,Hussain Gujjar,Lahore,500000,441358,filer,0,0,0,0,none
9208,Iqbal Hamdani,Peshawar,777000,1119931,filer,25997,8850,0,0,none
1797,Usman Zaidi,Multan,27405800,33822563,filer,11102897,8857030,0,0,none
1799,Asad Bhatti,Islamabad,800000,838001,filer,11900,10000,0,0,none
2213,Nida Bibi,Karachi,500000,639737,filer,1987,0,0,0,none
2215,Haroon Sial,Faisalabad,42761400,66571529,filer,22565035,14231490,0,0,none
2216,Hussain Rajput,Gujranwala,800000,978547,filer,18927,10000,0,0,none
2189,Muhammad Pervez Bhutto,Gujranwala,800000,1094026,filer,24701,10000,0,0,none
8480,Usama Magsi,Rawalpindi,800000,881290,filer,14064,10000,0,0,none
2190,اکرم انصاری,Gujranwala,34450600,77736168,filer,26472659,11322710,0,0,none
9209,Durdana Janjua,Islamabad,500000,0,absent,0,0,0,0,none
9210,Moin Jamali,Multan,500000,559896,filer,0,0,0,0,none
9211,Zubair Wattoo,Hyderabad,510000,899219,filer,14961,0,0,0,none
9212,Anwar Mengal,Karachi,876600,1482580,filer,72387,13830,0,0,none
9214,Bilal Lodhi,Lahore,640600,1242806,filer,36421,2030,0,0,none
9255,Ashraf Kakar,Bahawalpur,1500000,2235044,filer,188761,75000,0,0,none
9256,Adnan Kakar,Peshawar,500000,293939,filer,0,0,0,0,none
9258,Mohd Hamid Khokhar,Sialkot,500000,391831,filer,0,0,0,0,none
9222,Muhammad Khalid Awan,Peshawar,500000,611487,filer,574,0,0,0,none
9223,Liaquat Cheema,Rawalpindi,500000,0,absent,0,0,0,0,none
9224,Mohammed Kareem Abbas,Gujranwala,681000,1200580,filer,30087,4050,0,0,none
9226,M Taimur Jutt,Quetta,1293300,11087712,filer,3145699,43995,0,0,none
9227,Sana Rajput,Lahore,500400,580585,filer,0,0,0,0,none
9228,Naaila Naqvi,Hyderabad,500000,0,absent,0,0,0,0,none
9229,Hamid Jutt,Gujranwala,500000,0,absent,0,0,0,0,none
9230,Amna Afridi,Hyderabad,500000,0,absent,0,0,0,0,none
9231,Muhammad Shahhid Tareen,Karachi,500000,418631,filer,0,0,0,0,none
9233,Muhammed Ahmed Durrani,Rawalpindi,1125800,1816793,filer,122519,26290,0,0,none
9234,Saad Mughal,Lahore,745800,1157126,filer,27856,7290,0,0,none
9235,Mansoor Mughal,Faisalabad,544000,0,absent,0,0,0,0,none
9237,M Anwar Wattoo,Lahore,500000,0,absent,0,0,0,0,none
9274,Sehrish Siddiqi,Rawalpindi,944200,1710132,filer,106520,17210,0,0,none
9275,Shoib Qureshi,Karachi,2635400,4195666,filer,733483,288850,0,0,none
9276,M Owais Marwat,Peshawar,1153000,1801730,filer,120260,27650,0,0,none
9241,Aslam Khattak,Rawalpindi,837600,1364335,filer,54650,11880,0,0,none
9242,Mohd Saad Raja,Lahore,500000,0,absent,0,0,0,0,none
9243,Iqra Khan,Multan,500000,0,absent,0,0,0,0,none
9244,Danish Shah,Islamabad,572400,1255585,filer,38338,0,0,0,none
9246,Mohammed Danish Lodhi,Karachi,500000,849651,filer,12483,0,0,0,none
9247,Uzma Rajput,Peshawar,500000,566087,filer,0,0,0,0,none
9248,M Mazhar Khan,Karachi,500000,1067937,filer,23397,0,0,0,none
9249,Mohammad Bashir Mirza,Lahore,760200,1780403,filer,117060,8010,0,0,none
9250,Zubaida Mirza,Islamabad,1060800,1296778,filer,44517,23040,0,0,none
9251,Laiba Magsi,Rawalpindi,712600,1292129,filer,43819,5630,0,0,none
9252,Jamil Soomro,Karachi,500000,0,absent,0,0,0,0,none
9253,Mohd Khaled Rajput,Lahore,500000,952200,filer,17610,0,0,0,none
9254,Mohammad Adnan Tareen,Karachi,500000,0,absent,0,0,0,0,none
9290,Muhammed Arif Siddiqui,Lahore,500000,0,absent,0,0,0,0,none
9291,Bilawal Rajput,Quetta,722800,1154740,filer,27737,6140,0,0,none
9292,Muhammed Iqbal Abbasi,Gujranwala,807000,1489500,filer,73425,10350,0,0,none
9259,Muhammed Junaid Rajput,Peshawar,500000,0,absent,0,0,0,0,none
9260,Zoya Sandhu,Hyderabad,727800,1612355,filer,91853,6390,0,0,none
9261,Mohammad Ashraf Shah,Sialkot,500000,0,absent,0,0,0,0,none
9262,Zubaida Chaudhry,Karachi,507600,0,absent,0,0,0,0,none
9263,Mubashir Khan,Lahore,300800,1088221,filer,24411,0,0,0,none
9265,Owais Tarar,Gujranwala,500000,299481,filer,0,0,0,0,none
9266,Sufyan Tarar,Karachi,500000,1012759,filer,20638,0,0,0,none
9267,Mehwish Tareen,Gujranwala,500000,658271,filer,2914,0,0,0,none
9268,Asma Sandhu,Gujranwala,627400,747884,filer,7394,1370,0,0,none
9269,Salman Bhutto,Faisalabad,500000,0,absent,0,0,0,0,none
9271,Aamir Sheikh,Karachi,500000,1059050,filer,22952,0,0,0,none
9272,Mohd Waqar Sial,Hyderabad,500000,0,absent,0,0,0,0,none
9273,Feisal Marwat,Rawalpindi,500000,183601,filer,0,0,0,0,none
9307,Muhammad Riyaz Bhatti,Lahore,500000,0,absent,0,0,0,0,none
9308,Muhammad Anwar Bhutto,Peshawar,500000,0,absent,0,0,0,0,none
9310,Ashraf Khokhar,Gujranwala,500000,716959,filer,5848,0,0,0,none
9277,Muhammad Khalid Awan,Karachi,623000,1117639,filer,25882,1150,0,0,none
9278,Rafique Janjua,Multan,500000,214066,filer,0,0,0,0,none
9279,Navid Dar,Sialkot,500000,948313,filer,17416,0,0,0,none
9280,Muhammed Zahid Malik,Islamabad,882000,1585692,filer,87854,14100,0,0,none
9281,Younnis Bhatti,Karachi,500000,0,absent,0,0,0,0,none
9282,Nawaz Rajput,Faisalabad,500000,551480,filer,0,0,0,0,none
9283,M Mansoor Kakar,Faisalabad,534400,1638265,filer,95740,0,0,0,none
9284,Muhammed Yasir Satti,Quetta,710200,878572,filer,13929,5510,0,0,none
9285,Muhammad Noman Wattoo,Multan,500000,0,absent,0,0,0,0,none
9286,Ramsha Awan,Gujranwala,1016400,1523674,filer,78551,20820,0,0,none
9287,Mohammad Aamir Warraich,Faisalabad,688600,860156,filer,13008,4430,0,0,none
9288,Mohd Saad Rajput,Lahore,500000,0,absent,0,0,0,0,none
9289,محمد آصف زیدی,Lahore,500000,852607,filer,12630,0,0,0,none
9324,Zahid Khattak,Hyderabad,500000,0,absent,0,0,0,0,none
9326,Muhammad Yousuf Bhutto,Bahawalpur,500000,640738,filer,2037,0,0,0,none
9327,Javid Rizvi,Karachi,500000,0,absent,0,0,0,0,none
9328,Warda Malik,Rawalpindi,500000,701634,filer,5082,0,0,0,none
9293,Mohammad Osman Marwat,Peshawar,500000,0,absent,0,0,0,0,none
9294,Muhammad Pervez Qureshi,Multan,500000,595944,filer,0,0,0,0,none
9295,Mohd Karim Tarar,Lahore,500000,0,absent,0,0,0,0,none
9296,Mohd Bilawal Janjua,Karachi,500000,785760,filer,9288,0,0,0,none
9297,Farah Quraishi,Lahore,500000,512477,filer,0,0,0,0,none
9298,Yasir Rajput,Bahawalpur,500000,773915,filer,8696,0,0,0,none
9299,Mubashir Jutt,Faisalabad,500000,0,absent,0,0,0,0,none
9301,M Bashir Gondal,Faisalabad,500000,633752,filer,1688,0,0,0,none
9302,Rizwan Warraich,Islamabad,1125200,1788279,filer,118242,26260,0,0,none
9304,Hussain Akhtar,Karachi,500000,173877,filer,0,0,0,0,none
9305,Eman Yousafzai,Rawalpindi,500000,381836,filer,0,0,0,0,none
9306,Rashid Khokhar,Faisalabad,518200,773145,filer,8657,0,0,0,none
9340,Qasim Mughal,Multan,500000,673304,filer,3665,0,0,0,none
9341,Muhammad Junaid Gujjar,Quetta,1630200,2425393,filer,236348,94530,0,0,none
9343,Robina Begum,Quetta,500000,433350,filer,0,0,0,0,none
9344,Ejaz Gujjar,Peshawar,500000,478566,filer,0,0,0,0,none
9347,Kamran Qureishi,Karachi,582000,782557,filer,9128,0,0,0,none
9311,Muhammad Shafiq Khattak,Islamabad,500000,0,absent,0,0,0,0,none
9312,Mohd Ahmed Qureshi,Lahore,644800,891362,filer,14568,2240,0,0,none
9313,Ejaz Zaidi,Peshawar,500000,645386,filer,2269,0,0,0,none
9314,Rizwan Janjua,Lahore,500000,0,absent,0,0,0,0,none
9315,Anika Butt,Lahore,785600,1331177,filer,49677,9280,0,0,none
9317,Younis Jutt,Hyderabad,500000,479908,filer,0,0,0,0,none
9318,Mohammed Adnan Marwat,Hyderabad,500000,0,absent,0,0,0,0,none
9319,Muhammed Irfan Tarar,Karachi,500000,354173,filer,0,0,0,0,none
9320,Mohd Nasir Chaudhry,Lahore,500000,830422,filer,11521,0,0,0,none
9321,Maira Bajwa,Lahore,500000,0,absent,0,0,0,0,none
9323,Muhammad Abid Memon,Islamabad,500000,358472,filer,0,0,0,0,none
9360,Muhammad Ibrahim Raja,Karachi,500000,697996,filer,4900,0,0,0,none
9361,Muhammed Rashid Cheema,Islamabad,500000,0,absent,0,0,0,0,none
9362,Sadiya Hashmi,Rawalpindi,500000,994862,filer,19743,0,0,0,none
9363,Noman Gilani,Karachi,500000,214357,filer,0,0,0,0,none
9365,Shoaib Naqqvi,Bahawalpur,500000,537590,filer,0,0,0,0,none
9366,Faraz Warraich,Peshawar,500000,909248,filer,15462,0,0,0,none
9330,Ashraf Naqvi,Rawalpindi,500000,990369,filer,19518,0,0,0,none
9331,Nasir Ansari,Islamabad,500000,0,absent,0,0,0,0,none
9332,Shahzad Akhtar,Hyderabad,728600,795785,filer,9789,6430,0,0,none
9333,Muhammad Jahangir Khan,Faisalabad,500000,760262,filer,8013,0,0,0,none
9334,Sohail Akhtar,Karachi,1169400,1405246,filer,60787,28470,0,0,none
9335,M Danish Raja,Karachi,500000,0,absent,0,0,0,0,none
9336,Tahira Shah,Islamabad,500000,738285,filer,6914,0,0,0,none
9337,محمد عارف بیگ,Rawalpindi,500000,606873,filer,344,0,0,0,none
9338,Mohammad Zubayr Bhutto,Faisalabad,511800,0,absent,0,0,0,0,none
9339,Muhammad Jahangir Malik,Hyderabad,500000,756336,filer,7817,0,0,0,none
9377,Warda Tareen,Hyderabad,629000,0,absent,0,1450,1450,0,none
9378,Ftaima Raja,Bahawalpur,500000,0,absent,0,0,0,0,none
9379,Mohd Riyaz Ansari,Islamabad,500000,0,absent,0,0,0,0,none
9380,Mohammad Moin Marwat,Hyderabad,533400,1923783,filer,138567,0,0,0,none
9381,آصف اعوان,Lahore,713200,1373913,filer,56087,5660,0,0,none
9382,Muhammad Zafar Afridi,Islamabad,500000,87246,filer,0,0,0,0,none
9383,Mohammed Haroon Malik,Lahore,500000,0,absent,0,0,0,0,none
9348,محمد خالد بیگ,Rawalpindi,544400,0,absent,0,0,0,0,none
9349,Mahmood Paracha,Islamabad,500000,828913,filer,11446,0,0,0,none
9350,Mohd Khalid Tarar,Islamabad,1235400,2031243,filer,154686,35310,0,0,none
9351,Warda Memon,Rawalpindi,500000,782173,filer,9109,0,0,0,none
9353,Tariq Gondal,Karachi,500000,0,absent,0,0,0,0,none
9354,M Omar Siddiqui,Gujranwala,500000,801970,filer,10098,0,0,0,none
9355,Aleena Abbas,Peshawar,500000,0,absent,0,0,0,0,none
9357,Shaista Rizvi,Islamabad,500000,824148,filer,11207,0,0,0,none
9359,Abida Baig,Islamabad,500000,1105312,filer,25266,0,0,0,none
9392,Rafiq Memon,Gujranwala,500000,476213,filer,0,0,0,0,none
9393,M Mazhar Abbasi,Sialkot,500000,0,absent,0,0,0,0,none
9394,Wasim Khokhar,Islamabad,500000,981405,filer,19070,0,0,0,none
9395,Naveed Virk,Karachi,596200,0,absent,0,0,0,0,none
9396,Mhoammed Mudassar Jamali,Karachi,500000,0,absent,0,0,0,0,none
9398,محمد عمران چوہدری,Bahawalpur,500000,0,absent,0,0,0,0,none
9399,Laiba Sial,Lahore,500000,0,absent,0,0,0,0,none
9367,Yasmeen Sial,Lahore,500000,0,absent,0,0,0,0,none
9368,Shagufta Cheema,Lahore,500000,1064986,filer,23249,0,0,0,none
9369,Sidra Cheema,Rawalpindi,1628800,1844901,filer,126735,94320,0,0,none
9371,Yasir Marwat,Multan,500000,0,absent,0,0,0,0,none
9372,Sadia Paracha,Peshawar,500000,1026648,filer,21332,0,0,0,none
9373,Ali Hashmi,Islamabad,645600,725717,filer,6286,2280,0,0,none
9374,Jamil Sial,Islamabad,500000,667213,filer,3361,0,0,0,none
9375,Laiba Khokhar,Hyderabad,820600,1340546,filer,51082,11030,0,0,none
9376,Mohammad Kashif Mengal,Islamabad,500000,380801,filer,0,0,0,0,none
9410,Bushra Ugjjar,Karachi,500000,0,absent,0,0,0,0,none
9411,Mishal Begum,Peshawar,500000,283763,filer,0,0,0,0,none
9412,Nasir Janjua,Karachi,500000,566285,filer,0,0,0,0,none
9413,Asma Begum,Multan,500000,535534,filer,0,0,0,0,none
9414,Maryam Chaudhry,Peshawar,500000,0,absent,0,0,0,0,none
9415,Tariq Kazmi,Hyderabad,500000,0,absent,0,0,0,0,none
9416,Muhmmad Bilawal Rizvi,Karachi,500000,0,absent,0,0,0,0,none
9418,Laiba Bibi,Hyderabad,500000,404377,filer,0,0,0,0,none
9384,Sana Jutt,Karachi,500000,1185605,filer,29280,0,0,0,none
9385,M Waqar Kayani,Gujranwala,500000,1095677,filer,24784,0,0,0,none
9386,Iqbal Janjua,Bahawalpur,500000,777836,filer,8892,0,0,0,none
9387,Tooba Bibi,Islamabad,500000,0,absent,0,0,0,0,none
9388,Ayesha Raja,Rawalpindi,500000,164823,filer,0,0,0,0,none
9389,Aslam Lodhi,Bahawalpur,500000,1031006,filer,21550,0,0,0,none
9390,Marium Afridi,Karachi,610400,774036,filer,8702,520,0,0,none
9391,Noor Dar,Lahore,500000,0,absent,0,0,0,0,none
9402,Moin Akhtar,Islamabad,500000,0,absent,0,0,0,0,none
9403,Mohammad Hassan Naqvi,Lahore,500000,0,absent,0,0,0,0,none
2193,Taimur Mengal,Rawalpindi,937000,1213646,filer,32047,16850,0,0,none
2195,Shahid Awan,Islamabad,800000,943907,filer,17195,10000,0,0,none
2196,Zubaida Raja,Peshawar,800000,926939,filer,16347,10000,0,0,none
2197,Raza Raja,Hyderabad,400000,147527,filer,0,0,0,0,none
2198,Zubaida Baig,Karachi,28233800,63422020,filer,21462707,9146830,0,0,none
2199,Jamil Magsi,Gujranwala,800000,921221,filer,16061,10000,0,0,none
6887,M Ali Awan,Bahawalpur,500000,631805,filer,1590,0,0,0,none
2209,Mohd Ali Tarar,Karachi,500000,405085,filer,0,0,0,0,none
2180,Hassan Akhtar,Gujranwala,27429295,42209392,filer,14038287,8865253,0,0,none
2181,Mohammad Mubashir Satti,Lahore,500000,0,absent,0,0,0,0,none
10117,Bilawal Malik,Rawalpindi,800000,1069066,filer,23453,10000,0,0,none
9404,Mohammad Hassan Awan,Lahore,873800,1039789,filer,21989,13690,0,0,none
9405,Bushra Memon,Gujranwala,500000,790230,filer,9512,0,0,0,none
9408,Ahmed Chaudhry,Bahawalpur,501400,777290,filer,8864,0,0,0,none
9419,Riaz Niazi,Gujranwala,500000,1449988,filer,67498,0,0,0,none
9420,Muhammad Tanveer Bajwa,Multan,974800,2040416,filer,156062,18740,0,0,none
9421,Muhammad Zeeshan Virk,Bahawalpur,692400,778167,filer,8908,4620,0,0,none
9422,Muhammad Jamil Raja,Multan,529600,921378,filer,16069,0,0,0,none
9423,Nawaz Soomro,Hyderabad,500000,430946,filer,0,0,0,0,none
9424,Hussain Rraja,Karachi,579400,0,absent,0,0,0,0,none
9425,Karim Qureshi,Lahore,500000,700526,filer,5026,0,0,0,none
9426,Muhammad Pervez Kazmi,Karachi,500000,394473,filer,0,0,0,0,none
9427,Bashir Kayani,Karachi,500000,1382021,filer,57303,0,0,0,none
9429,Mansoor Virk,Karachi,500000,908242,filer,15412,0,0,0,none
9430,Ayaz Butt,Sialkot,500000,657648,filer,2882,0,0,0,none
9432,Shaista Virk,Karachi,784600,924097,filer,16205,9230,0,0,none
9434,Muhammad Zahid Hashmi,Islamabad,500000,349477,filer,0,0,0,0,none
9435,Bilal Mughal,Quetta,500000,0,absent,0,0,0,0,none
9400,Riaz Gondal,Hyderabad,500000,0,absent,0,0,0,0,none
9401,Zafar Paracha,Lahore,500000,745425,filer,7271,0,0,0,none
9471,Zubair Zaidi,Rawalpindi,500000,633357,filer,1668,0,0,0,none
9436,Shoaib Qureshi,Gujranwala,500000,557736,filer,0,0,0,0,none
9437,Zenab Tarar,Islamabad,500000,0,absent,0,0,0,0,none
9438,Mohammad Junaid Rizvi,Karachi,500000,584211,filer,0,0,0,0,none
9440,Usama Cheema,Gujranwala,1726200,2093660,filer,164049,108930,0,0,none
9441,Rukhsana Raja,Faisalabad,500000,846073,filer,12304,0,0,0,none
9442,Fahad Niazi,Lahore,500000,683187,filer,4159,0,0,0,none
9443,Mohd Hussain Jamali,Lahore,500000,908394,filer,15420,0,0,0,none
9444,Bushra Mengal,Karachi,956800,1048402,filer,22420,17840,0,0,none
9445,Nazia Memon,Karachi,1143200,1521296,filer,78194,27160,0,0,none
9446,M Bashir Siddiqui,Gujranwala,500000,344730,filer,0,0,0,0,none
9447,Mohammad Salman Ansari,Karachi,500000,184193,filer,0,0,0,0,none
9448,Ayesha Ansari,Karachi,515800,765350,filer,8268,0,0,0,none
9450,Aslam Ansari,Karachi,500000,572151,filer,0,0,0,0,none
9451,Moin Jamali,Rawalpindi,500000,438894,filer,0,0,0,0,none
9452,Fatima Arain,Peshawar,500000,287051,filer,0,0,0,0,none
9487,Abid Sh,Karachi,500000,437823,filer,0,0,0,0,none
9454,Mohd Yousuf Kazmi,Karachi,500000,0,absent,0,0,0,0,none
9455,Fawad Drurani,Karachi,500000,0,absent,0,0,0,0,none
9456,Rehan Abbasi,Karachi,500000,708685,filer,5434,0,0,0,none
9457,Mohamma Drafiq Gondal,Gujranwala,500000,0,absent,0,0,0,0,none
9458,Mazhar Rajput,Karachi,500000,689474,filer,4474,0,0,0,none
9460,Mohammed Said Gujjar,Karachi,500000,0,absent,0,0,0,0,none
9461,Raza Satti,Rawalpindi,500000,0,absent,0,0,0,0,none
9462,Khadijah Lodhi,Rawalpindi,542400,629121,filer,1456,0,0,0,none
9463,Hussain Khan,Karachi,500000,0,absent,0,0,0,0,none
9464,حرا بی بی,Multan,500000,0,absent,0,0,0,0,none
9466,Junaid Mirza,Faisalabad,626800,876722,filer,13836,1340,0,0,none
9467,Ali Naqvi,Lahore,1206200,1950917,filer,142638,30930,0,0,none
9468,Tooba Gillani,Multan,500000,815127,filer,10756,0,0,0,none
9469,Muhammad Kamran Kazmi,Hyderabad,500000,1100088,filer,25004,0,0,0,none
9470,Rabia Ch,Lahore,500000,187207,filer,0,0,0,0,none
9502,Muhammad Junaid Gujjar,Karachi,500000,1620362,filer,93054,0,0,0,none
9503,Muhammad Zeeshan Gondal,Lahore,500000,1300804,filer,45121,0,0,0,none
9472,Mohammed Jamil Tareen,Lahore,576200,1233554,filer,35033,0,0,0,none
9473,Rabia Kayani,Faisalabad,500000,512310,filer,0,0,0,0,none
9474,Warda Begg,Islamabad,500000,787095,filer,9355,0,0,0,none
9476,Muhammad Wasim Satti,Hyderabad,557000,659220,filer,2961,0,0,0,none
9477,Rukhsana Tareen,Lahore,500000,0,absent,0,0,0,0,none
9478,Fahad Raja,Karachi,500000,341583,filer,0,0,0,0,none
9479,Muhammad Hassan Gujjar,Sialkot,500000,0,absent,0,0,0,0,none
9480,Samina Kakar,Rawalpindi,793000,1039484,filer,21974,9650,0,0,none
9481,Tanvir Abbas,Islamabad,960000,1373837,filer,56076,18000,0,0,none
9482,Umar Baig,Karachi,500000,670415,filer,3521,0,0,0,none
9483,Noor Kakar,Gujranwala,500000,216215,filer,0,0,0,0,none
9484,Laiba Qureshi,Islamabad,1190800,1585817,filer,87873,29540,0,0,none
9485,Riaz Tarar,Karachi,500000,0,absent,0,0,0,0,none
9486,Raza Hamdani,Faisalabad,500000,428541,filer,0,0,0,0,none
9522,Muhammad Ashraf Bhutto,Hyderabad,500000,408716,filer,0,0,0,0,none
9523,M Mazhar Khattak,Hyderabad,500000,0,absent,0,0,0,0,none
9524,Eman Kakar,Rawalpindi,500000,237942,filer,0,0,0,0,none
9488,Muhammad Mansoor Kayani,Faisalabad,1162800,1583814,filer,87572,28140,0,0,none
9489,Muhammad Hmaid Siddiqui,Faisalabad,500000,331683,filer,0,0,0,0,none
9490,Mohd Moin Memon,Quetta,500000,671463,filer,3573,0,0,0,none
9491,Areeba Kazmi,Karachi,500000,832335,filer,11617,0,0,0,none
9492,Mohd Nadeem Tareen,Bahawalpur,500000,0,absent,0,0,0,0,none
9493,Mazhar Naqvi,Karachi,1191200,1600574,filer,90086,29560,0,0,none
9495,Mohammed Bilawal Niazi,Faisalabad,500000,589280,filer,0,0,0,0,none
9496,Yasir Akhtar,Lahore,580400,826486,filer,11324,0,0,0,none
9497,Wasim Raja,Quetta,500000,0,absent,0,0,0,0,none
9498,Umar Jutt,Rawalpindi,1861600,2047000,filer,157050,129240,0,0,none
9499,Kashif Akhtar,Multan,500000,235794,filer,0,0,0,0,none
9500,Noman Dar,Gujranwala,1133600,1843016,filer,126452,26680,0,0,none
9501,Mohd Rehan Hashmi,Multan,571600,896387,filer,14819,0,0,0,none
9540,Nasrin Abbas,Multan,548400,0,absent,0,0,0,0,none
9541,Nadeem Hamdani,Sialkot,500000,0,absent,0,0,0,0,none
9542,Faiza Khan,Gujranwala,500000,511715,filer,0,0,0,0,none
9543,Sadia Mughal,Karachi,573600,0,absent,0,0,0,0,none
9505,Rizwan Chohan,Lahore,800000,3770594,filer,601178,10000,0,0,none
9506,Mohd Aamir Chaudhary,Lahore,585600,733188,filer,6659,0,0,0,none
9508,Lubna Rizvi,Karachi,500000,854275,filer,12714,0,0,0,none
9510,Taimur Gondal,Bahawalpur,1144200,1304139,filer,45621,27210,0,0,none
9511,Tooba Naqvi,Karachi,787800,1311425,filer,46714,9390,0,0,none
9512,Nida Marwat,Hyderabad,500000,0,absent,0,0,0,0,none
9513,Muhammad Hussain Hamdani,Islamabad,500000,0,absent,0,0,0,0,none
9515,Muhammad Shoaib Afridi,Gujranwala,500000,0,absent,0,0,0,0,none
9517,Shazia Hashmi,Lahore,500000,0,absent,0,0,0,0,none
9519,Mohammed Ejaz Arain,Hyderabad,500000,267029,filer,0,0,0,0,none
9520,Ramsha Bajwa,Lahore,500000,353578,filer,0,0,0,0,none
9521,Shahid Memon,Peshawar,551400,671343,filer,3567,0,0,0,none
9554,Abida Choudhry,Islamabad,500000,0,absent,0,0,0,0,none
9555,Sohail Durrani,Islamabad,500000,489473,filer,0,0,0,0,none
9557,Yasir Khokhar,Karachi,543000,1407780,filer,61167,0,0,0,none
9558,Javeria Mirza,Karachi,784000,1217927,filer,32689,9200,0,0,none
9559,Omar Naqvi,Faisalabad,500000,1493865,filer,74080,0,0,0,none
9525,Mohd Rizwan Lodhi,Hyderabad,613600,789040,filer,9452,680,0,0,none
9526,Bashir Sial,Lahore,500000,0,absent,0,0,0,0,none
9530,Mubashir Raja,Islamabad,500000,539766,filer,0,0,0,0,none
9532,Mohammed Yasir Kayani,Karachi,500000,458588,filer,0,0,0,0,none
9533,Muhammed Osman Marwat,Lahore,500000,0,absent,0,0,0,0,none
9534,Mohammed Khaled Khokhar,Peshawar,500000,380016,filer,0,0,0,0,none
9535,Mohammed Karim Hamdani,Gujranwala,500000,0,absent,0,0,0,0,none
9536,Raza Satti,Multan,527600,929718,filer,16486,0,0,0,none
9537,Robina Bhutto,Gujranwala,500000,553844,filer,0,0,0,0,none
9538,Sehrishb Egum,Rawalpindi,500000,0,absent,0,0,0,0,none
9539,Mohammad Taimur Mughal,Peshawar,500000,1455883,filer,68382,0,0,0,none
9572,Ramsha Tarar,Hyderabad,500000,526397,filer,0,0,0,0,none
9573,Yasir Akhtar,Lahore,500000,605689,filer,284,0,0,0,none
9575,Shafiq Janjua,Lahore,500000,770516,filer,8526,0,0,0,none
9576,Mohd Bilawal Hamdani,Karachi,562800,1243775,filer,36566,0,0,0,none
9577,Nida Kazmi,Rawalpindi,593600,1728773,filer,109316,0,0,0,none
9544,Mohammad Ismail Raja,Islamabad,500000,375817,filer,0,0,0,0,none
9545,M Nasir Zaidi,Gujranwala,500000,228281,filer,0,0,0,0,none
9546,Bushra Rajput,Karachi,500000,733966,filer,6698,0,0,0,none
9547,Nasreen Satti,Karachi,544600,780694,filer,9035,0,0,0,none
9548,Mohammed Fawad Paracha,Karachi,816400,1250087,filer,37513,10820,0,0,none
9549,Mohammad Jahangir Qureishi,Multan,500000,0,absent,0,0,0,0,none
9550,Raza Magsi,Karachi,509800,745608,filer,7280,0,0,0,none
9551,Mohammed Moin Rizvi,Karachi,517600,710949,filer,5547,0,0,0,none
4073,Zubaida Kayani,Quetta,513000,721314,filer,6066,0,0,0,none
9552,Muhammad Rafiq Afridi,Hyderabad,500000,322422,filer,0,0,0,0,none
9553,Rukhsana Mirza,Peshawar,500000,1067943,filer,23397,0,0,0,none
9588,Sameena Quraishi,Lahore,500000,391218,filer,0,0,0,0,none
9589,Said Gilani,Sialkot,500000,1186077,filer,29304,0,0,0,none
9590,Uthman Tareen,Lahore,500000,483777,filer,0,0,0,0,none
9592,محمد کاشف صدیقی,Quetta,559200,0,absent,0,0,0,0,none
9593,Muhammed Tariq Rizvi,Lahore,500000,0,absent,0,0,0,0,none
9596,Asad Abbasi,Hyderabad,500000,0,absent,0,0,0,0,none
9560,Muhammad Talha Yousafzai,Islamabad,500000,394052,filer,0,0,0,0,none
9561,Javeria Warraich,Multan,1162400,1345273,filer,51791,28120,0,0,none
9563,Mudassar Sheikh,Faisalabad,500000,0,absent,0,0,0,0,none
9564,Kareem Jamali,Lahore,500000,346145,filer,0,0,0,0,none
9566,Fariha Arain,Sialkot,500000,467521,filer,0,0,0,0,none
9567,Mansoor Raja,Islamabad,500000,724966,filer,6248,0,0,0,none
9568,Mohammad Younis Hamdani,Rawalpindi,500000,515336,filer,0,0,0,0,none
9569,Faraz Akhtar,Rawalpindi,500000,0,absent,0,0,0,0,none
9570,Ahmed Zaidi,Karachi,636800,841953,filer,12098,1840,0,0,none
9571,Muhammad Shahzad Akhtar,Lahore,500000,663334,filer,3167,0,0,0,none
9581,Mahnoor Memon,Hyderabad,500000,461414,filer,0,0,0,0,none
1806,Noman Gujjar,Quetta,42680200,62596481,filer,21173768,14203070,0,0,none
10349,Muhammad Kareem Shah,Sialkot,24689365,28464352,filer,9227523,7906278,0,0,none
1811,Naila Sandhu,Lahore,500000,594078,filer,0,0,0,0,none
1814,Rashid Yusufzai,Karachi,18649600,24383080,filer,7799078,5792360,0,0,none
2182,Abid Awan,Peshawar,15000000,28816962,filer,9350937,4515000,0,0,none
2184,Muhammad Waqar Cheema,Lahore,500000,392926,filer,0,0,0,0,none
2186,Fawad Rajput,Karachi,10899683,22885800,filer,7275030,3079889,0,0,none
2187,M Zeeshan Niazi,Sialkot,500000,81073,filer,0,0,0,0,none
2161,Muhammad Noman Dar,Islamabad,800000,1042664,filer,22133,10000,0,0,none
5462,Eman Begum,Lahore,37976800,51173034,filer,17175562,12556880,0,0,none
9583,Muhammed Waqar Kazmi,Rawalpindi,500000,979657,filer,18983,0,0,0,none
9584,Lubna Kazmi,Hyderabad,500000,0,absent,0,0,0,0,none
9585,Saadia Baig,Hyderabad,500000,0,absent,0,0,0,0,none
9586,Muhammed Tanveer Raja,Karachi,620200,807938,filer,10397,1010,0,0,none
9587,Talha Sandhu,Karachi,500000,316098,filer,0,0,0,0,none
9634,Muhammed Noman Khattak,Rawalpindi,500000,0,absent,0,0,0,0,none
9598,Rida Gillani,Bahawalpur,500000,0,absent,0,0,0,0,none
9599,Nazia Tareen,Gujranwala,500000,0,absent,0,0,0,0,none
9602,Muhammed Waqar Mughal,Bahawalpur,500000,0,absent,0,0,0,0,none
9603,Ayaz Yousafzai,Multan,613600,899846,filer,14992,680,0,0,none
9604,Naveed Paracha,Karachi,500000,0,absent,0,0,0,0,none
9605,Sufyan Bajwa,Lahore,1182400,2376906,filer,224226,29120,0,0,none
9606,Sufyan Hamdani,Lahore,507400,1874044,filer,131107,0,0,0,none
9607,Sufyan Gujjar,Gujranwala,500000,469179,filer,0,0,0,0,none
9608,Fathima Bibi,Sialkot,500000,521658,filer,0,0,0,0,none
9610,Muhammad Mansoor Gujjar,Islamabad,500000,818284,filer,10914,0,0,0,none
9611,Muhammed Imran Sandhu,Rawalpindi,571600,693119,filer,4656,0,0,0,none
9613,Muhammad Zubair Marwat,Lahore,500000,78585,filer,0,0,0,0,none
9614,Hira Akhtar,Islamabad,500000,611259,filer,563,0,0,0,none
9579,Muhammad Ghulam Akhtar,Karachi,500000,780649,filer,9032,0,0,0,none
9580,Khadija Niazi,Peshawar,585400,0,absent,0,0,0,0,none
9646,Naveed Durrani,Hyderabad,500000,838124,filer,11906,0,0,0,none
9647,Muhammed Ejaz Sandhu,Faisalabad,1155800,1503023,filer,75453,27790,0,0,none
9649,Asma Akthar,Hyderabad,500000,0,absent,0,0,0,0,none
9650,Ismail Mirza,Karachi,559600,839860,filer,11993,0,0,0,none
9651,Tariq Hashmi,Lahore,500000,346126,filer,0,0,0,0,none
9616,Junaid Butt,Peshawar,574400,766029,filer,8301,0,0,0,none
9617,Yasmin Bbibi,Peshawar,805200,3030506,filer,387626,10260,0,0,none
9619,M Danish Durrani,Karachi,500000,332872,filer,0,0,0,0,none
9621,Ibrahim Sandhu,Faisalabad,562800,1062272,filer,23114,0,0,0,none
9622,Hira Yusuffzai,Islamabad,500000,562905,filer,0,0,0,0,none
9623,Uthman Paracha,Karachi,500000,0,absent,0,0,0,0,none
9625,Mohammad Fahad Rizvi,Karachi,500000,622667,filer,1133,0,0,0,none
9626,Mahnoor Hashmi,Karachi,500000,0,absent,0,0,0,0,none
9627,Nida Mughal,Karachi,500000,343663,filer,0,0,0,0,none
9629,Uzma Raja,Quetta,621400,769628,filer,8481,1070,0,0,none
9632,Mohd Irfan Jutt,Peshawar,500000,484214,filer,0,0,0,0,none
9661,Areeba Mughal,Islamabad,500000,306243,filer,0,0,0,0,none
9664,Arreeba Lodhi,Karachi,500000,0,absent,0,0,0,0,none
9665,Muhammad Said Tarar,Peshawar,500000,0,absent,0,0,0,0,none
9666,Jamil Niazi,Faisalabad,500000,493978,filer,0,0,0,0,none
9667,Shoib Khokhar,Karachi,660200,727215,filer,6361,3010,0,0,none
9668,Ejaz Jamali,Sialkot,685200,760239,filer,8012,4260,0,0,none
9669,Younis Jamali,Lahore,500000,0,absent,0,0,0,0,none
9635,محمد عارف چوہدری,Karachi,500000,619067,filer,953,0,0,0,none
9636,Hira Akhtar,Karachi,500000,451655,filer,0,0,0,0,none
9637,Warda Janjua,Karachi,500000,0,absent,0,0,0,0,none
9638,Muhammad Mubashir Choudhry,Lahore,500000,0,absent,0,0,0,0,none
9639,Zubaida Virk,Multan,500000,0,absent,0,0,0,0,none
9640,Farhan Baig,Hyderabad,535800,0,absent,0,0,0,0,none
9643,Shahzad Soomro,Faisalabad,500000,322409,filer,0,0,0,0,none
9644,Faraz Gujjar,Faisalabad,503000,709355,filer,5468,0,0,0,none
9645,Fawad Abbasi,Rawalpindi,729600,906154,filer,15308,6480,0,0,none
9680,Mohd Younis Zaidi,Faisalabad,1075600,1360657,filer,54099,23780,0,0,none
9681,Ashraf Zaidi,Hyderabad,500000,547141,filer,0,0,0,0,none
9682,M Aamir Kakar,Rawalpindi,500000,0,absent,0,0,0,0,none
9683,M Shahid Shaikh,Rawalpindi,500000,0,absent,0,0,0,0,none
9685,Mohammad Zahid Jutt,Lahore,500000,618665,filer,933,0,0,0,none
9686,Hasan Malik,Lahore,500000,316331,filer,0,0,0,0,none
9687,Lubna Mirza,Rawalpindi,543400,1505329,filer,75799,0,0,0,none
9689,Taimur Khokhar,Karachi,500000,756331,filer,7817,0,0,0,none
9652,M Abdullah Bhutto,Gujranwala,500000,0,absent,0,0,0,0,none
9653,Muhammad Sajid Sandhu,Peshawar,500000,422045,filer,0,0,0,0,none
9654,Tanvir Mughal,Quetta,500000,575084,filer,0,0,0,0,none
9656,Shazia Begum,Sialkot,269500,826921,filer,11346,0,0,0,none
9657,Mohammad Ayaz Jutt,Karachi,500000,0,absent,0,0,0,0,none
9658,Muhammad Ali Wattoo,Islamabad,500000,0,absent,0,0,0,0,none
9659,Sahzia Beg,Gujranwala,859000,1380110,filer,57016,12950,0,0,none
9660,Tariq Satti,Bahawalpur,500000,0,absent,0,0,0,0,none
9698,Moin Chaudhry,Rawalpindi,500000,0,absent,0,0,0,0,none
9699,Mohammad Waleed Gondal,Faisalabad,500000,384545,filer,0,0,0,0,none
9700,Umar Akhtar,Faisalabad,500000,0,absent,0,0,0,0,none
9701,Nasir Abbasi,Multan,500000,431659,filer,0,0,0,0,none
9702,Javeria Khan,Karachi,666800,1182745,filer,29137,3340,0,0,none
9703,Muhammad Hammad Magsi,Islamabad,500000,0,absent,0,0,0,0,none
9704,Mohd Younis Awan,Gujranwala,500000,173345,filer,0,0,0,0,none
9705,Abdullah Akhtar,Rawalpindi,500000,198396,filer,0,0,0,0,none
9670,Mahnoor Shah,Peshawar,500000,535868,filer,0,0,0,0,none
9672,Bilal Sial,Quetta,621800,877434,filer,13872,1090,0,0,none
9673,Hamid Choudhry,Rawalpindi,570400,657655,filer,2883,0,0,0,none
9674,Hussain Hashmi,Bahawalpur,500000,0,absent,0,0,0,0,none
9676,Usama Cheema,Peshawar,500000,603279,filer,164,0,0,0,none
9677,Hamid Shiekh,Lahore,500000,617348,filer,867,0,0,0,none
9678,Nasreen Butt,Gujranwala,1139600,1270569,filer,40585,26980,0,0,none
9679,Faiza Niazi,Islamabad,1037400,1813640,filer,122046,21870,0,0,none
9716,Owais Dar,Rawalpindi,500000,262945,filer,0,0,0,0,none
9717,Riaz Khan,Rawalpindi,500000,532647,filer,0,0,0,0,none
9718,Ali Gilani,Hyderabad,564600,0,absent,0,0,0,0,none
9719,Tahira Begum,Rawalpindi,1103200,1777824,filer,116674,25160,0,0,none
9720,Muhammad Hammad Sandhu,Peshawar,618000,911333,filer,15567,900,0,0,none
9721,Nida Begum,Rawalpindi,500000,175848,filer,0,0,0,0,none
9722,Bushra Akhtar,Sialkot,500000,503286,filer,0,0,0,0,none
9723,Aysha Virk,Sialkot,500000,460492,filer,0,0,0,0,none
9690,Shoaib Shah,Lahore,500000,699660,filer,4983,0,0,0,none
9691,M Zahid Shah,Quetta,698400,768528,filer,8426,4920,0,0,none
9692,Ashraf Shah,Rawalpindi,500000,1073781,filer,23689,0,0,0,none
9693,Aleena Cheema,Karachi,500000,1537199,filer,80580,0,0,0,none
9694,Aslam Shah,Lahore,500000,558504,filer,0,0,0,0,none
9695,Muhammad Imran Sial,Gujranwala,500000,779848,filer,8992,0,0,0,none
9696,Sufyan Ansari,Sialkot,606000,753970,filer,7698,300,0,0,none
9697,Yousuf Arain,Karachi,500000,0,absent,0,0,0,0,none
9708,Saeed Mengal,Islamabad,800000,1107437,filer,25372,10000,0,0,none
9710,Muhammad Zubair Jutt,Peshawar,500000,493299,filer,0,0,0,0,none
2164,Zoya Siddiqi,Karachi,500000,377567,filer,0,0,0,0,none
2166,Faraz Memon,Islamabad,500000,367127,filer,0,0,0,0,none
2167,Mohd Saeed Baig,Multan,500000,308096,filer,0,0,0,0,none
2172,Mohammed Raza Wattoo,Lahore,31491600,50726405,filer,17019242,10287060,0,0,none
2175,Asma Hashmi,Lahore,800000,864190,filer,13210,10000,0,0,none
2176,Mohammed Jahangir Hashmi,Gujranwala,800000,1178670,filer,28934,10000,0,0,none
2178,Rizwan Lodhi,Rawalpindi,800000,1044156,filer,22208,10000,0,0,none
2179,Rafiq Qureshi,Lahore,800000,1359705,filer,53956,10000,0,0,none
2153,Owais Raja,Multan,500000,653936,filer,2697,0,0,0,none
1816,Shaista Akhtar,Karachi,500000,455442,filer,0,0,0,0,none
1820,Nasreen Mughal,Multan,800000,981739,filer,19087,10000,0,0,none
9711,Aiman Akhtar,Rawalpindi,500000,192621,filer,0,0,0,0,none
9713,Qasim Wattoo,Lahore,500000,632867,filer,1643,0,0,0,none
9714,Mohammed Rafiq Naqvi,Lahore,500000,1277589,filer,41638,0,0,0,none
9724,Muhammad Raza Niazi,Faisalabad,500000,352882,filer,0,0,0,0,none
9726,Muhammed Hassan Satti,Islamabad,1066000,1335300,filer,50295,23300,0,0,none
9727,Komal Bibi,Peshawar,500000,1235814,filer,35372,0,0,0,none
9728,Durdana Chaudhry,Islamabad,500000,0,absent,0,0,0,0,none
9729,Muhammad Faisal Wattoo,Gujranwala,500000,381472,filer,0,0,0,0,none
9732,Muhammad Ejaz Gujjar,Karachi,500000,0,absent,0,0,0,0,none
9733,Muhammad Salman Jutt,Lahore,754200,839842,filer,11992,7710,0,0,none
9734,Rashid Arain,Hyderabad,500000,0,absent,0,0,0,0,none
9735,Sehrish Paracha,Lahore,500000,577697,filer,0,0,0,0,none
9736,Hamid Bajwa,Karachi,500000,355017,filer,0,0,0,0,none
9737,Wasim Bajwa,Peshawar,621000,0,absent,0,1050,1050,0,none
9738,Sana Sial,Lahore,500000,545598,filer,0,0,0,0,none
9739,Ahmed Sandhu,Faisalabad,500000,0,absent,0,0,0,0,none
9740,Danish Durrani,Rawalpindi,1522200,1754199,filer,113130,78330,0,0,none
9706,Hira Hashmi,Islamabad,500000,0,absent,0,0,0,0,none
9707,Uzma Bhatti,Rawalpindi,1230800,1486135,filer,72920,34620,0,0,none
9777,Pervez Sandhu,Peshawar,500000,340519,filer,0,0,0,0,none
9741,Mohammed Asif Raja,Lahore,500000,952320,filer,17616,0,0,0,none
9744,Zahid Hashmi,Faisalabad,500000,673226,filer,3661,0,0,0,none
9745,Nida Akhtar,Karachi,500000,0,absent,0,0,0,0,none
9747,Fatima Mughal,Rawalpindi,500000,506946,filer,0,0,0,0,none
9749,Ali Chaudhry,Lahore,500000,0,absent,0,0,0,0,none
9750,Nasreen Sandhu,Rawalpindi,500000,0,absent,0,0,0,0,none
9751,Muhammad Salman Bhutto,Rawalpindi,500000,0,absent,0,0,0,0,none
9752,Lubna Rizvi,Islamabad,500000,451398,filer,0,0,0,0,none
9753,Mehwish Marwat,Hyderabad,500000,0,absent,0,0,0,0,none
9754,Fatima Tareen,Lahore,1088000,1336025,filer,50404,24400,0,0,none
9755,Kashif Bhatti,Lahore,515400,0,absent,0,0,0,0,none
9756,Muhammad Hamid Warraich,Karachi,500000,0,absent,0,0,0,0,none
9757,Eman Bhatti,Hyderabad,500000,963143,filer,18157,0,0,0,none
9758,Hammad Hamdani,Peshawar,593000,997338,filer,19867,0,0,0,none
9759,Muhammad Yousuf Zaidi,Peshawar,500000,317590,filer,0,0,0,0,none
9794,Muhammad Ghulam Abbas,Karachi,560400,716644,filer,5832,0,0,0,none
9761,Robina Bhutto,Faisalabad,500000,520540,filer,0,0,0,0,none
9762,Mohammed Rizwan Chohan,Karachi,649800,1847547,filer,127132,2490,0,0,none
9763,Zubayr Baig,Peshawar,618800,1274501,filer,41175,940,0,0,none
9764,Muhammad Ashraf Sial,Faisalabad,500000,353912,filer,0,0,0,0,none
9765,Abida Khattak,Bahawalpur,500000,0,absent,0,0,0,0,none
9766,Warda Bibi,Quetta,500000,196249,filer,0,0,0,0,none
9768,Rafique Bajwa,Lahore,500000,0,absent,0,0,0,0,none
9769,Zubaida Bajwa,Lahore,500000,0,absent,0,0,0,0,none
9770,Muhammad Ibrahim Khan,Rawalpindi,500000,438874,filer,0,0,0,0,none
9771,Mohd Liaquat Jutt,Lahore,500000,0,absent,0,0,0,0,none
9772,Mohammed Rafique Gilani,Hyderabad,1062000,2878292,filer,349573,23100,0,0,none
9773,Faraz Rizvi,Hyderabad,500000,1533493,filer,80024,0,0,0,none
9774,Muhammad Kamran Bhutto,Hyderabad,500000,715934,filer,5797,0,0,0,none
9775,Raza Shah,Gujranwala,500000,281408,filer,0,0,0,0,none
9776,Muhammad Jahangir Abbas,Karachi,500000,1269789,filer,40468,0,0,0,none
9810,Muhammad Hussain Jamali,Lahore,500000,480469,filer,0,0,0,0,none
9811,Shagufta Begum,Rawalpindi,560600,2001606,filer,150241,0,0,0,none
9778,Younis Jamali,Islamabad,500000,445250,filer,0,0,0,0,none
9779,Yasir Marwat,Gujranwala,500000,0,absent,0,0,0,0,none
9780,Tooba Qureshi,Lahore,500000,846596,filer,12330,0,0,0,none
9781,Javed Tarar,Rawalpindi,500000,689116,filer,4456,0,0,0,none
9783,Mohammad Shafiq Mirza,Lahore,500000,0,absent,0,0,0,0,none
9784,Muhammed Faisal Jamaali,Bahawalpur,500000,597720,filer,0,0,0,0,none
9785,Mohammed Ashraf Tarar,Rawalpindi,500000,465273,filer,0,0,0,0,none
9786,Sohail Zaidi,Rawalpindi,500000,241360,filer,0,0,0,0,none
9787,Robina Begum,Islamabad,792800,959321,filer,17966,9640,0,0,none
9788,Robina Begum,Peshawar,500000,0,absent,0,0,0,0,none
9789,Muhammed Junaid Khattak,Islamabad,500000,529776,filer,0,0,0,0,none
9790,Muhammad Owais Warraich,Gujranwala,500000,0,absent,0,0,0,0,none
9791,Muhammad Kamran Yousafzai,Lahore,500000,483626,filer,0,0,0,0,none
9793,Durdana Tarar,Karachi,500000,0,absent,0,0,0,0,none
9824,Rabia Ansari,Karachi,519000,628320,filer,1416,0,0,0,none
9825,Muhammad Bilal Khattak,Bahawalpur,500000,0,absent,0,0,0,0,none
9827,Mohammed Iqbal Lodhi,Lahore,500000,517963,filer,0,0,0,0,none
9828,M Ashraf Mirza,Hyderabad,500000,514693,filer,0,0,0,0,none
9795,Mohd Ayaz Mirza,Gujranwala,500000,417915,filer,0,0,0,0,none
9796,Liaquat Yousafzai,Multan,500000,568835,filer,0,0,0,0,none
9797,Alenea Virk,Karachi,500000,0,absent,0,0,0,0,none
9798,Rehan Rizvi,Gujranwala,500000,496852,filer,0,0,0,0,none
9799,Mohd Shafiq Sandhu,Faisalabad,591200,1744917,filer,111738,0,0,0,none
9800,Mohd Hamid Awan,Karachi,500000,902955,filer,15148,0,0,0,none
9801,Zubair Kayani,Lahore,500000,678860,filer,3943,0,0,0,none
9802,Shahid Ansari,Lahore,500000,570565,filer,0,0,0,0,none
9803,Mohd Nadeem Bhatti,Karachi,500000,0,absent,0,0,0,0,none
9804,Mohd Junaid Marwat,Hyderabad,500000,0,absent,0,0,0,0,none
9806,Usman Bhutto,Faisalabad,507400,621853,filer,1093,0,0,0,none
9808,Muhammad Bilal Tarar,Hyderabad,1424600,1686031,filer,102905,63690,0,0,none
9844,Zafar Lodhi,Rawalpindi,500000,327529,filer,0,0,0,0,none
9845,Iqbal Lodhi,Rawalpindi,702600,2071097,filer,160665,5130,0,0,none
9846,M Jamil Warraich,Lahore,500000,290491,filer,0,0,0,0,none
9847,M Sufyan Durrani,Lahore,500000,0,absent,0,0,0,0,none
9848,Rashhid Mengal,Rawalpindi,500000,698372,filer,4919,0,0,0,none
9849,Mohammad Shoaib Akhtar,Peshawar,500000,0,absent,0,0,0,0,none
9850,Sehrish Abbas,Islamabad,500000,580946,filer,0,0,0,0,none
9812,Umar Jamali,Islamabad,500000,550348,filer,0,0,0,0,none
9813,Mohd Jamil Kakar,Rawalpindi,1637200,2024591,filer,153689,95580,0,0,none
9815,Sameena Begum,Rawalpindi,500000,0,absent,0,0,0,0,none
9816,Taimur Dar,Gujranwala,694400,892716,filer,14636,4720,0,0,none
9817,Nida Ansari,Karachi,990400,1285345,filer,42802,19520,0,0,none
9819,Javed Rajput,Islamabad,500000,1020864,filer,21043,0,0,0,none
9821,محمد عرفان نیازی,Sialkot,500000,0,absent,0,0,0,0,none
9822,Sadia Jutt,Islamabad,500000,484169,filer,0,0,0,0,none
9823,Muhammad Iqbal Arain,Hyderabad,500000,415339,filer,0,0,0,0,none
9832,Muhammad Mubashir Rajput,Lahore,500000,616322,filer,816,0,0,0,none
9833,Jamil Sidiqui,Karachi,694000,1242238,filer,36336,4700,0,0,none
9834,Mohd Waleed Marwat,Peshawar,500000,697240,filer,4862,0,0,0,none
1821,Mohammed Yasir Quraishi,Karachi,500000,0,absent,0,0,0,0,none
1823,Mohammed Waleed Yusufzai,Rawalpindi,33725200,80960749,filer,27601262,11068820,0,0,none
1826,Saadia Gondal,Sialkot,26084200,47585139,filer,15919799,8394470,0,0,none
1827,Saad Naqvi,Karachi,800000,1125365,filer,26268,10000,0,0,none
2158,Asslam Cheema,Lahore,15000000,23090744,filer,7346760,4515000,0,0,none
9875,Mohammad Mansoor Butt,Hyderabad,500000,468339,filer,0,0,0,0,none
2160,Bushra Tareen,Islamabad,73863800,74851671,filer,25463085,25117330,0,0,none
2129,M Tariq Abbasi,Lahore,6000000,12651854,filer,3693149,1365000,0,0,none
9836,Hasan Bhatti,Karachi,500000,1117567,filer,25878,0,0,0,none
9837,Mohd Qasim Butt,Gujranwala,500000,0,absent,0,0,0,0,none
9838,Muhammad Mazhar Khattak,Lahore,500000,686811,filer,4341,0,0,0,none
9840,Areeba Bhutto,Gujranwala,500000,0,absent,0,0,0,0,none
9843,M Hammad Dar,Faisalabad,500000,834352,filer,11718,0,0,0,none
9888,Adnan Warraich,Karachi,639200,1142680,filer,27134,1960,0,0,none
9853,Aamir Sh,Lahore,500000,0,absent,0,0,0,0,none
9854,Muhammad Akram Beg,Bahawalpur,500000,671778,filer,3589,0,0,0,none
9855,Nida Choudhry,Bahawalpur,500000,511994,filer,0,0,0,0,none
9856,Muhammad Riaz Sandhu,Lahore,609000,841318,filer,12066,450,0,0,none
9858,Sufyan Paracha,Gujranwala,500000,681696,filer,4085,0,0,0,none
9860,Noor Mirza,Karachi,600400,0,absent,0,20,20,0,none
9861,Mohammed Abid Qureshi,Islamabad,513600,0,absent,0,0,0,0,none
9864,Anika Afridi,Karachi,500000,0,absent,0,0,0,0,none
9865,Kashif Qureshi,Lahore,684400,826911,filer,11346,4220,0,0,none
9866,Muhammad Usama Bhatti,Peshawar,500000,564509,filer,0,0,0,0,none
9867,Fawad Sh,Faisalabad,500000,0,absent,0,0,0,0,none
9869,Muhammad Junaid Warraich,Lahore,500000,0,absent,0,0,0,0,none
9870,Hussain Niazi,Gujranwala,500000,514681,filer,0,0,0,0,none
9871,Mohammed Haroon Akhtar,Karachi,1325400,1987996,filer,148199,48810,0,0,none
9830,Muhammed Zafar Tareen,Multan,500000,1088357,filer,24418,0,0,0,none
9903,Iqbal Bajwa,Islamabad,500000,406573,filer,0,0,0,0,none
9904,Warda Warraich,Gujranwala,771400,1000682,filer,20034,8570,0,0,none
9905,Ahmed Memon,Rawalpindi,500000,0,absent,0,0,0,0,none
9872,Fariha Abbasi,Quetta,500000,0,absent,0,0,0,0,none
9873,Qasim Memon,Islamabad,500000,747612,filer,7381,0,0,0,none
9874,Zoya Khattak,Multan,500000,0,absent,0,0,0,0,none
9876,M Ayaz Shah,Rawalpindi,512400,810782,filer,10539,0,0,0,none
9877,Zahid Soomro,Sialkot,500000,454473,filer,0,0,0,0,none
9878,Uzma Bibi,Bahawalpur,500000,0,absent,0,0,0,0,none
9879,Aiman Hamdani,Lahore,500000,0,absent,0,0,0,0,none
9881,Muhammad Waleed Mengal,Gujranwala,500000,0,absent,0,0,0,0,none
9882,Anika Durrani,Islamabad,863000,1007465,filer,20373,13150,0,0,none
9883,Zubayr Mirza,Bahawalpur,609200,0,absent,0,460,460,0,none
9884,Khalid Quraishi,Lahore,570800,0,absent,0,0,0,0,none
9886,Muhammad Owais Magsi,Bahawalpur,1889800,2262088,filer,195522,133470,0,0,none
9887,Mohammed Asif Chohan,Bahawalpur,586800,0,absent,0,0,0,0,none
9921,Mohammad Iqbal Gondal,Faisalabad,567600,748292,filer,7415,0,0,0,none
9922,Rizwan Arain,Lahore,500000,431816,filer,0,0,0,0,none
9923,Robina Mughal,Sialkot,562600,1939552,filer,140933,0,0,0,none
9889,Maryam Tarar,Lahore,682800,918346,filer,15917,4140,0,0,none
9891,Farhan Qureshi,Karachi,500000,373410,filer,0,0,0,0,none
9892,Bilawal Khattak,Multan,500000,0,absent,0,0,0,0,none
9893,Sadia Virk,Rawalpindi,500000,525818,filer,0,0,0,0,none
9894,Suhail Bhutto,Islamabad,732000,1117450,filer,25872,6600,0,0,none
9895,Javeria Kazmi,Faisalabad,544400,1462162,filer,69324,0,0,0,none
9896,Mohammad Nasir Khokhar,Peshawar,500000,457551,filer,0,0,0,0,none
9897,Mohammed Asad Afridi,Karachi,500000,0,absent,0,0,0,0,none
9898,M Saa Dparacha,Rawalpindi,500000,0,absent,0,0,0,0,none
9899,Amna Gondal,Karachi,500000,0,absent,0,0,0,0,none
9900,Noor Malik,Lahore,500000,0,absent,0,0,0,0,none
9901,Muhammed Asad Janjua,Quetta,500000,1038084,filer,21904,0,0,0,none
9902,Noor Khan,Islamabad,500000,533761,filer,0,0,0,0,none
9937,Muhammad Javaid Jamali,Sialkot,500000,433905,filer,0,0,0,0,none
9938,Arif Bajwa,Quetta,648400,1098712,filer,24936,2420,0,0,none
9939,Shoaib Kayani,Islamabad,1290400,1833052,filer,124958,43560,0,0,none
9940,Junaid Mughal,Lahore,500000,410670,filer,0,0,0,0,none
9941,Ibrahim Khan,Gujranwala,500000,348918,filer,0,0,0,0,none
9906,Muhammad Osman Kakar,Karachi,609400,1108338,filer,25417,470,0,0,none
9908,Abid Chohan,Karachi,500000,0,absent,0,0,0,0,none
9909,Hussain Warraich,Multan,613800,1007870,filer,20394,690,0,0,none
9910,Sajid Hamdani,Rawalpindi,604000,820229,filer,11011,200,0,0,none
9911,Muhammed Faisal Niazi,Karachi,591000,1105217,filer,25261,0,0,0,none
9914,Mohammad Faraz Afridi,Karachi,500000,352926,filer,0,0,0,0,none
9915,Ahmad Memon,Karachi,500000,617690,filer,884,0,0,0,none
9916,Bushra Khokhar,Quetta,884200,1505421,filer,75813,14210,0,0,none
9917,Lubna Durrani,Islamabad,500000,695539,filer,4777,0,0,0,none
9918,Shafique Sidiqui,Gujranwala,922000,1054016,filer,22701,16100,0,0,none
9920,Shahid Sial,Rawalpindi,587000,0,absent,0,0,0,0,none
9956,Mohd Faraz Memon,Multan,500000,372580,filer,0,0,0,0,none
9958,Muhammad Noman Rajput,Karachi,670400,1046172,filer,22309,3520,0,0,none
9959,Muhammed Suhail Lodhi,Bahawalpur,806200,1362975,filer,54446,10310,0,0,none
9960,Rabia Tareen,Peshawar,1544200,1675382,filer,101307,81630,0,0,none
9962,Maryam Lodhi,Multan,500000,534454,filer,0,0,0,0,none
9963,Muhammad Islam Paracha,Lahore,500000,0,absent,0,0,0,0,none
9924,Akram Ansari,Rawalpindi,500000,187583,filer,0,0,0,0,none
9925,Khalid Virk,Karachi,500000,716769,filer,5838,0,0,0,none
9926,Laiba Khan,Karachi,500000,0,absent,0,0,0,0,none
9927,Muhammad Faisal Mengal,Rawalpindi,576600,0,absent,0,0,0,0,none
9928,Lubna Marwat,Karachi,500000,0,absent,0,0,0,0,none
9931,Khadija Bibi,Sialkot,500000,521544,filer,0,0,0,0,none
9932,Shoaib Satti,Lahore,500000,0,absent,0,0,0,0,none
9934,Hina Begum,Quetta,500000,434544,filer,0,0,0,0,none
9935,Saeed Naqvi,Gujranwala,500000,387209,filer,0,0,0,0,none
9936,Mohammad Moin Abbasi,Peshawar,1299600,1429507,filer,64426,44940,0,0,none
9974,Pervez Lodhi,Karachi,500000,389741,filer,0,0,0,0,none
9975,Shaista Gondal,Lahore,500000,659265,filer,2963,0,0,0,none
9977,Samina Bibi,Karachi,500000,1039190,filer,21960,0,0,0,none
9978,Maira Khattak,Hyderabad,500000,486658,filer,0,0,0,0,none
9979,Farah Siddiqui,Karachi,778000,1530387,filer,79558,8900,0,0,none
9980,Javeria Kazmi,Gujranwala,500000,524577,filer,0,0,0,0,none
9943,M Waqar Durrani,Islamabad,500000,748624,filer,7431,0,0,0,none
9945,Maira Soomro,Islamabad,555800,1742151,filer,111323,0,0,0,none
9946,Asif Yousafzai,Rawalpindi,500000,396336,filer,0,0,0,0,none
9948,Muhammad Saad Gondal,Lahore,500000,0,absent,0,0,0,0,none
9949,Mohammad Karim Abbas,Rawalpindi,696000,838239,filer,11912,4800,0,0,none
9950,M Farhan Akhtar,Multan,500000,0,absent,0,0,0,0,none
9952,Ejaz Gondal,Multan,617000,0,absent,0,850,850,0,none
9953,Mohammad Irfan Magsi,Multan,500000,0,absent,0,0,0,0,none
9954,Nida Janjua,Gujranwala,605000,1626565,filer,93985,250,0,0,none
9955,M Tariq Khan,Lahore,500000,580374,filer,0,0,0,0,none
9990,Aamir Naqvi,Bahawalpur,500000,112403,filer,0,0,0,0,none
9991,Riyaz Abbasi,Peshawar,763800,1291055,filer,43658,8190,0,0,none
9992,Hammad Kayani,Karachi,500000,562656,filer,0,0,0,0,none
9993,Mishal Magsi,Islamabad,500000,753594,filer,7680,0,0,0,none
9994,Nazia Marwat,Faisalabad,500000,802799,filer,10140,0,0,0,none
9995,Muhammad Adnan Virk,Karachi,500000,497403,filer,0,0,0,0,none
9996,Muhammad Nasir Rizvi,Karachi,558000,0,absent,0,0,0,0,none
9997,Shafiq Kayani,Peshawar,520800,1338234,filer,50735,0,0,0,none
9998,Khadija Gondal,Lahore,500000,218227,filer,0,0,0,0,none
9965,Faraz Sheikh,Karachi,500000,245785,filer,0,0,0,0,none
9966,Mishal Gondal,Peshawar,500000,564224,filer,0,0,0,0,none
9967,Zafar Kazmi,Rawalpindi,500000,488545,filer,0,0,0,0,none
9968,Saied Magsi,Karachi,501800,0,absent,0,0,0,0,none
9969,Fathima Bajwa,Islamabad,500000,918927,filer,15946,0,0,0,none
9970,Saad Abbasi,Lahore,500000,228973,filer,0,0,0,0,none
9971,Nasir Memon,Gujranwala,1203200,1976031,filer,146405,30480,0,0,none
9985,Eman Hashmi,Lahore,500000,704768,filer,5238,0,0,0,none
2134,Abid Yousafzai,Islamabad,800000,931830,filer,16592,10000,0,0,none
8046,M Kareem Kazmi,Karachi,800000,939069,filer,16953,10000,0,0,none
2139,Muhammad Shahid Zaidi,Islamabad,500000,332362,filer,0,0,0,0,none
2140,Muhammad Owais Qureshi,Peshawar,30359000,34436953,filer,11317934,9890650,0,0,none
2144,Saad Gilani,Rawalpindi,500000,0,absent,0,0,0,0,none
2145,Mohammad Faraz Qureshi,Karachi,500000,248452,filer,0,0,0,0,none
2146,Muhammad Rehan Kayani,Lahore,800000,1249504,filer,37426,10000,0,0,none
2147,M Iqbal Baig,Lahore,40612000,50090066,filer,16796523,13479200,0,0,none
2151,Kiran Jamali,Lahore,500000,402276,filer,0,0,0,0,none
1831,Muhammed Islam Akhtar,Karachi,800000,955670,filer,17784,10000,0,0,none
1832,Maryam Lodhi,Rawalpindi,500000,0,absent,0,0,0,0,none
1833,Sohail Shah,Rawalpindi,500000,311851,filer,0,0,0,0,none
9986,Shabana Butt,Multan,500000,518190,filer,0,0,0,0,none
9987,Mohd Rehan Mughal,Islamabad,500000,765872,filer,8294,0,0,0,none
9989,Omar Baig,Karachi,500000,758227,filer,7911,0,0,0,none
10036,Aamir Ansari,Karachi,500000,0,absent,0,0,0,0,none
9999,Ismai Lniazi,Rawalpindi,500000,0,absent,0,0,0,0,none
10001,Saba Choudhry,Gujranwala,500000,423452,filer,0,0,0,0,none
10002,Faiza Satti,Peshawar,524200,727529,filer,6376,0,0,0,none
10004,M Rehan Kazmi,Rawalpindi,500000,0,absent,0,0,0,0,none
10006,Muhammad Zahid Tarar,Lahore,500000,897166,filer,14858,0,0,0,none
10007,Muhammad Riaz Tareen,Islamabad,1082000,2193082,filer,178962,24100,0,0,none
10008,Ismail Qureshi,Gujranwala,500000,915782,filer,15789,0,0,0,none
10009,Naila Tareen,Lahore,500000,719938,filer,5997,0,0,0,none
10011,Tariq Jutt,Lahore,1593600,2978736,filer,374684,89040,0,0,none
10013,Mudassar Durrani,Faisalabad,500000,580676,filer,0,0,0,0,none
10014,Muhammad Ejaz Kazmi,Lahore,500000,919657,filer,15983,0,0,0,none
10015,Mohammad Pervez Chaudhry,Islamabad,500000,0,absent,0,0,0,0,none
10017,Liaquat Mughal,Islamabad,500000,0,absent,0,0,0,0,none
9982,Hassan Hamdani,Gujranwala,500000,378122,filer,0,0,0,0,none
9983,Bushra Hamdani,Faisalabad,500000,0,absent,0,0,0,0,none
10052,Muhammad Hassan Gujjar,Lahore,500000,385783,filer,0,0,0,0,none
10053,Muhammad Riaz Memon,Rawalpindi,500000,431602,filer,0,0,0,0,none
10020,Muhammad Hamid Mughal,Rawalpindi,589000,1023742,filer,21187,0,0,0,none
10022,Rafiq Muhgal,Rawalpindi,546800,0,absent,0,0,0,0,none
10023,Zubaida Janjua,Karachi,500000,383753,filer,0,0,0,0,none
10024,Mohammad Ayaz Jutt,Karachi,571400,1109973,filer,25499,0,0,0,none
10025,Samina Shiekh,Lahore,500000,535993,filer,0,0,0,0,none
10026,Faisal Satti,Quetta,561600,0,absent,0,0,0,0,none
10027,Aleena Shah,Karachi,568400,808060,filer,10403,0,0,0,none
10029,Mohammed Nawaz Sheikh,Lahore,1207200,1437754,filer,65663,31080,0,0,none
10030,Rizwan Tarar,Rawalpindi,500000,489125,filer,0,0,0,0,none
10031,Faiza Bhutto,Karachi,500000,363922,filer,0,0,0,0,none
10032,Sadia Afridi,Peshawar,930800,1495916,filer,74387,16540,0,0,none
10033,Mubashir Kakar,Peshawar,500000,0,absent,0,0,0,0,none
10034,Yasir Bajwa,Lahore,624400,790345,filer,9517,1220,0,0,none
10035,Rukhsana Bibi,Karachi,500000,693896,filer,4695,0,0,0,none
10066,Nimra Begg,Peshawar,500000,0,absent,0,0,0,0,none
10068,Abida Soomro,Islamabad,500000,0,absent,0,0,0,0,none
10069,Muhammed Imarn Begg,Karachi,500000,395290,filer,0,0,0,0,none
10037,Fawad Janjua,Islamabad,500000,334140,filer,0,0,0,0,none
10038,Tooba Dar,Quetta,754000,850924,filer,12546,7700,0,0,none
10039,Aleena Chaudhry,Lahore,500000,980404,filer,19020,0,0,0,none
10041,Muhammad Abdullah Hashmi,Peshawar,720200,993207,filer,19660,6010,0,0,none
10042,Fathima Durrani,Karachi,537000,1217782,filer,32667,0,0,0,none
10043,Rida Ansari,Faisalabad,500000,0,absent,0,0,0,0,none
10044,Kiran Begum,Sialkot,500000,0,absent,0,0,0,0,none
10045,Faiza Bibi,Hyderabad,644800,1467069,filer,70060,2240,0,0,none
10047,Faisal Siddiqui,Multan,500000,601423,filer,71,0,0,0,none
10048,Mohammed Sohel Satti,Gujranwala,500000,502132,filer,0,0,0,0,none
10049,M Ali Gondal,Lahore,854400,1596620,filer,89493,12720,0,0,none
10050,Umar Khattak,Karachi,500000,593842,filer,0,0,0,0,none
10051,Muhammad Akram Akhtar,Karachi,500000,507510,filer,0,0,0,0,none
10081,Salman Bhatti,Rawalpindi,500000,727200,filer,6360,0,0,0,none
10082,Muhammed Liaquat Zaidi,Hyderabad,500000,0,absent,0,0,0,0,none
10083,Mohammed Rizwan Arain,Rawalpindi,500000,0,absent,0,0,0,0,none
10085,Muhammad Taimur Bajwa,Peshawar,527200,0,absent,0,0,0,0,none
10054,محمد عمران اختر,Lahore,500000,245058,filer,0,0,0,0,none
10055,Waleed Raja,Islamabad,500000,0,absent,0,0,0,0,none
10056,Aiman Begum,Lahore,500000,0,absent,0,0,0,0,none
10057,Khadeeja Inazi,Gujranwala,500000,1050582,filer,22529,0,0,0,none
10058,Mehmud Baig,Karachi,571800,826589,filer,11329,0,0,0,none
10059,Nida Baig,Islamabad,500000,0,absent,0,0,0,0,none
10060,Uthman Arain,Lahore,500000,541339,filer,0,0,0,0,none
10061,Fawad Dar,Quetta,653000,837713,filer,11886,2650,0,0,none
10062,Nida Gilani,Bahawalpur,500000,0,absent,0,0,0,0,none
10063,Mehwish Naqvi,Karachi,500000,0,absent,0,0,0,0,none
10064,Fawad Satti,Karachi,500000,493535,filer,0,0,0,0,none
10065,Aiman Bibi,Lahore,500000,766373,filer,8319,0,0,0,none
10071,Muhammad Noman Raja,Hyderabad,500000,613548,filer,677,0,0,0,none
10072,Akram Arain,Gujranwala,500000,419575,filer,0,0,0,0,none
10073,Nida Sial,Islamabad,805600,1336014,filer,50402,10280,0,0,none
1835,Rashid Soomro,Lahore,60058000,85111600,filer,29054060,20285300,0,0,none
7215,Yasir Akhtar,Islamabad,800000,868185,filer,13409,10000,0,0,none
1842,Amna Arain,Karachi,800000,792616,filer,9631,10000,369,0,none
2127,Shagufta Raja,Lahore,500000,447409,filer,0,0,0,0,none
3194,Younis Jamali,Islamabad,44734800,63954990,filer,21649246,14922180,0,0,none
2103,Muhammad Mubashir Tareen,Bahawalpur,500000,450394,filer,0,0,0,0,none
2104,Uthman Kazmi,Gujranwala,500000,619629,filer,981,0,0,0,none
10074,Zoya Gujjar,Peshawar,500000,473236,filer,0,0,0,0,none
10075,Muhammad Asif Sial,Islamabad,518400,628143,filer,1407,0,0,0,none
10077,Mohammad Jamil Marwat,Hyderabad,500000,933640,filer,16682,0,0,0,none
10078,Sajid Gilani,Multan,500000,0,absent,0,0,0,0,none
10079,Mohammad Irfan Mirza,Karachi,500000,469689,filer,0,0,0,0,none
10080,Laiba Begum,Karachi,500000,576310,filer,0,0,0,0,none
10086,Akram Bajwa,Islamabad,500000,902528,filer,15126,0,0,0,none
10087,Danish Durrani,Lahore,500000,796739,filer,9837,0,0,0,none
10089,Mohd Hammad Soomro,Quetta,500000,669185,filer,3459,0,0,0,none
10090,Saadia Bibi,Islamabad,500000,444534,filer,0,0,0,0,none
10091,Rizwan Marwat,Rawalpindi,500000,0,absent,0,0,0,0,none
10092,Muhammad Hassan Sial,Lahore,500000,325195,filer,0,0,0,0,none
10093,Muhammad Rafique Gondal,Islamabad,554400,0,absent,0,0,0,0,none
10094,Muhammad Shahid Virk,Faisalabad,500000,246550,filer,0,0,0,0,none
10095,Muhammad Saad Bhutto,Lahore,500000,504503,filer,0,0,0,0,none
10096,Faiza Begum,Karachi,500000,0,absent,0,0,0,0,none
10097,Mohammed Ashraf Cheema,Multan,519400,810606,filer,10530,0,0,0,none
10099,Sehrish Satti,Hyderabad,500000,0,absent,0,0,0,0,none
10100,Aysha Afridi,Multan,500000,420236,filer,0,0,0,0,none
10101,Farah Lodhi,Peshawar,500000,157543,filer,0,0,0,0,none
10102,Nazia Dar,Peshawar,500000,373802,filer,0,0,0,0,none
10070,Anika Begum,Peshawar,500000,670192,filer,3510,0,0,0,none
10136,Muhammed Fawad Rajput,Peshawar,1032400,1682722,filer,102408,21620,0,0,none
10103,Mohammed Moin Mirza,Faisalabad,500000,0,absent,0,0,0,0,none
10104,Mubashir Bajwa,Lahore,756600,925620,filer,16281,7830,0,0,none
10105,Sehrish Memon,Islamabad,1299600,1560347,filer,84052,44940,0,0,none
10107,Asif Mengal,Lahore,500000,680162,filer,4008,0,0,0,none
10108,M Waleed Ansari,Lahore,500000,0,absent,0,0,0,0,none
10109,Muhammad Saad Jamali,Multan,794800,1263542,filer,39531,9740,0,0,none
10110,Farah Mirza,Islamabad,500000,552609,filer,0,0,0,0,none
10111,Sehrish Jamali,Karachi,500000,570986,filer,0,0,0,0,none
10112,Hamid Zaidi,Rawalpindi,500000,371998,filer,0,0,0,0,none
10113,Amna Kayani,Karachi,851600,1400637,filer,60096,12580,0,0,none
10114,Sajid Abbas,Quetta,500000,667053,filer,3353,0,0,0,none
10116,Rukkhsana Begum,Karachi,709600,1152073,filer,27604,5480,0,0,none
10118,Zaynab Bibi,Gujranwala,500000,520932,filer,0,0,0,0,none
10119,Naila Abbas,Peshawar,500000,609890,filer,494,0,0,0,none
10120,Mohammad Moin Bhutto,Hyderabad,647800,990190,filer,19510,2390,0,0,none
10149,Mohammed Zahid Kakar,Multan,500000,631232,filer,1562,0,0,0,none
10151,Muhammad Khalid Tarar,Rawalpindi,500000,834630,filer,11732,0,0,0,none
10152,Junaid Janjua,Multan,500000,0,absent,0,0,0,0,none
10121,Pervez Jutt,Lahore,500000,484683,filer,0,0,0,0,none
10122,Mubashir Arain,Islamabad,601200,0,absent,0,60,60,0,none
10123,Sehrish Raja,Hyderabad,500000,413498,filer,0,0,0,0,none
10124,Samina Sheikh,Peshawar,516400,0,absent,0,0,0,0,none
10126,Sohail Khattak,Gujranwala,500000,569419,filer,0,0,0,0,none
10127,Muhammed Owais Memon,Faisalabad,500000,0,absent,0,0,0,0,none
10128,Qasim Memon,Islamabad,500000,0,absent,0,0,0,0,none
10129,Iqbal Tarar,Sialkot,500000,670147,filer,3507,0,0,0,none
10130,M Imran Mughal,Lahore,500000,816709,filer,10835,0,0,0,none
10131,Iqbal Siddiqui,Sialkot,643800,1403995,filer,60599,2190,0,0,none
10132,Hassan Tarar,Gujranwala,500000,875441,filer,13772,0,0,0,none
10134,Waqar Sandhu,Peshawar,500000,375240,filer,0,0,0,0,none
10135,Mansoor Gillani,Lahore,500000,0,absent,0,0,0,0,none
10164,Jahangir Janjua,Hyderabad,500000,514195,filer,0,0,0,0,none
10165,Muhammad Sufyan Tarar,Peshawar,605000,1064977,filer,23249,250,0,0,none
10166,Khalid Jamali,Gujranwala,1351400,1578073,filer,86711,52710,0,0,none
10167,Muhammad Tanvir Kakar,Lahore,800000,3180460,filer,425115,10000,0,0,none
10168,Muhammed Yousfu Warraich,Karachi,500000,270117,filer,0,0,0,0,none
10169,Muhammad Rashid Yousafzai,Karachi,500000,0,absent,0,0,0,0,none
10138,Nida Tarar,Rawalpindi,500000,0,absent,0,0,0,0,none
10139,Qasim Akhtar,Lahore,500000,483375,filer,0,0,0,0,none
3364,Eman Memon,Rawalpindi,536200,978844,filer,18942,0,0,0,none
10140,قاسم صدیقی,Hyderabad,641200,732793,filer,6640,2060,0,0,none
10142,Faiza Satti,Rawalpindi,500000,581758,filer,0,0,0,0,none
10143,Rizwan Jamali,Islamabad,500000,0,absent,0,0,0,0,none
10145,Rashid Mughal,Lahore,1234400,2370837,filer,222709,35160,0,0,none
10146,Saba Qureshi,Rawalpindi,787800,1049719,filer,22486,9390,0,0,none
10147,Anika Ansari,Karachi,500000,356360,filer,0,0,0,0,none
10148,M Owais Gondal,Islamabad,500000,0,absent,0,0,0,0,none
10178,Mohammmad Jamil Wattoo,Gujranwala,500000,702418,filer,5121,0,0,0,none
10179,Muhammad Tariq Soomro,Multan,500000,406482,filer,0,0,0,0,none
10180,Mahzar Warraich,Lahore,715800,882583,filer,14129,5790,0,0,none
10183,Talha Qureshi,Karachi,500000,844800,filer,12240,0,0,0,none
10184,Warda Malik,Islamabad,500000,0,absent,0,0,0,0,none
10186,Iqra Durrani,Faisalabad,500000,218805,filer,0,0,0,0,none
10153,انور بٹ,Multan,669800,981494,filer,19075,3490,0,0,none
10154,Warda Sandhu,Rawalpindi,500000,586819,filer,0,0,0,0,none
10155,Mohammad Usama Abbasi,Karachi,500000,884167,filer,14208,0,0,0,none
10156,Mohammad Ismail Memon,Islamabad,500000,0,absent,0,0,0,0,none
10158,Shagufta Cheema,Rawalpindi,500000,463261,filer,0,0,0,0,none
10159,Mansoor Satti,Islamabad,500000,0,absent,0,0,0,0,none
10160,Hina Durrani,Peshawar,500000,475402,filer,0,0,0,0,none
10161,Sana Rajput,Faisalabad,500000,0,absent,0,0,0,0,none
10162,Abida Ansari,Lahore,500000,0,absent,0,0,0,0,none
10163,Ejaz Khattak,Karachi,602000,0,absent,0,100,100,0,none
10196,Ayaz Satti,Islamabad,500000,321798,filer,0,0,0,0,none
10197,Areeba Rajput,Islamabad,500000,0,absent,0,0,0,0,none
10198,Nadeem Sial,Gujranwala,500000,0,absent,0,0,0,0,none
10199,Bushra Gilani,Islamabad,500000,735110,filer,6756,0,0,0,none
10200,Hira Malik,Rawalpindi,605600,985270,filer,19264,280,0,0,none
10201,Mohd Raza Kakar,Faisalabad,500000,683474,filer,4174,0,0,0,none
10202,Abida Begum,Karachi,500000,384940,filer,0,0,0,0,none
10203,Liaquat Cheema,Islamabad,500000,577222,filer,0,0,0,0,none
10170,M Moin Gillani,Rawalpindi,639600,1373152,filer,55973,1980,0,0,none
10171,Shoaib Dar,Karachi,500000,0,absent,0,0,0,0,none
10172,Aslam Paracha,Sialkot,500000,0,absent,0,0,0,0,none
10173,Arif Sial,Hyderabad,500000,550457,filer,0,0,0,0,none
10174,Muhammad Qasim Khattak,Hyderabad,661600,1935892,filer,140384,3080,0,0,none
10175,Mohammad Nawaz Lodhi,Gujranwala,606200,1498195,filer,74729,310,0,0,none
10176,Haroon Lodhi,Multan,500000,600824,filer,41,0,0,0,none
10177,Mohammed Younis Hashmi,Karachi,500000,577163,filer,0,0,0,0,none
10190,Osman Jamali,Lahore,500000,176809,filer,0,0,0,0,none
10191,Ibrahim Bhatti,Rawalpindi,665800,1268168,filer,40225,3290,0,0,none
2108,جنید زیدی,Faisalabad,6000000,13990866,filer,4161803,1365000,0,0,none
2109,Shafiq Zaidi,Lahore,500000,0,absent,0,0,0,0,none
2254,Ghulam Raja,Rawalpindi,41707200,64890169,filer,21976559,13862520,0,0,none
2110,Warda Malik,Islamabad,400000,0,absent,0,0,0,0,none
2113,Zafar Quraishi,Faisalabad,2500000,2585693,filer,276423,255000,0,0,none
2114,Zoya Begum,Karachi,500000,544044,filer,0,0,0,0,none
2117,Mohammed Noman Jutt,Peshawar,28545361,30602682,filer,9975939,9255876,0,0,none
2118,Muhammad Arif Qureshi,Karachi,500000,348944,filer,0,0,0,0,none
2119,Ali Kakar,Rawalpindi,500000,238032,filer,0,0,0,0,none
1847,Nimra Kayani,Karachi,400000,381607,filer,0,0,0,0,none
10192,Mohd Mehmood Satti,Karachi,519000,1342481,filer,51372,0,0,0,none
10193,Muhammad Shoaib Malik,Gujranwala,527000,612487,filer,624,0,0,0,none
10194,Muhammad Ejaz Jutt,Karachi,500000,447845,filer,0,0,0,0,none
10195,Usama Sandhu,Lahore,500000,414533,filer,0,0,0,0,none
1853,Ali Kayani,Quetta,15000000,19632530,filer,6136386,4515000,0,0,none
1855,Hina Wattoo,Karachi,500000,0,absent,0,0,0,0,none
3867,Laiba Arain,Karachi,44673800,82120724,filer,28007253,14900830,0,0,none
2100,Amna Satti,Hyderabad,800000,1177777,filer,28889,10000,0,0,none
8839,Waleed Abbasi,Rawalpindi,800000,906065,filer,15303,10000,0,0,none
2102,Muhammed Khaled Shah,Rawalpindi,56839600,63783928,filer,21589375,19158860,0,0,none
2072,Robina Akhtar,Rawalpindi,500000,0,absent,0,0,0,0,none
7791,Mohammed Noman Janjua,Lahore,800000,1004608,filer,20230,10000,0,0,none
97,Ibrahim Marwat,Multan,800000,775071,filer,8754,10000,1246,0,none
99,Mohd Ashraf Bajwa,Rawalpindi,500000,585302,filer,0,0,0,0,none
100,Kiran Begum,Rawalpindi,500000,0,absent,0,0,0,0,none
101,Tariq Butt,Karachi,6000000,8762481,filer,2331868,1365000,0,0,none
105,Muhammad Ashraf Sandhu,Rawalpindi,500000,0,absent,0,0,0,0,none
107,Fariha Begum,Gujranwala,800000,1044257,filer,22213,10000,0,0,none
10187,Mazhar Jamali,Rawalpindi,500000,0,absent,0,0,0,0,none
10188,Waleed Gillani,Karachi,518800,0,absent,0,0,0,0,none
77,Faysal Afridi,Multan,400000,0,absent,0,0,0,0,none
80,Ibrahim Mengal,Faisalabad,800000,1051381,filer,22569,10000,0,0,none
2080,Qasim Durrani,Rawalpindi,500000,512667,filer,0,0,0,0,none
2083,Sidra Rajput,Rawalpindi,800000,1060954,filer,23048,10000,0,0,none
2085,Mohd Shafiq Paracha,Hyderabad,800000,858333,filer,12917,10000,0,0,none
2086,Faiza Siddiqui,Faisalabad,26201493,28558207,filer,9260372,8435523,0,0,none
2093,M Uthman Naqvi,Multan,400000,0,absent,0,0,0,0,none
2060,M Nadeem Butt,Lahore,800000,893406,filer,14670,10000,0,0,none
85,Usama Khan,Islamabad,500000,0,absent,0,0,0,0,none
86,M Fahad Hashmi,Karachi,6000000,11158409,filer,3170443,1365000,0,0,none
94,Zaynab Sandhu,Multan,800000,776966,filer,8848,10000,1152,0,none
10204,Mohd Farhan Tareen,Karachi,500000,0,absent,0,0,0,0,none
10205,Muhammed Hussain Shah,Karachi,540200,0,absent,0,0,0,0,none
10206,Sadia Siddiqui,Bahawalpur,876200,1396539,filer,59481,13810,0,0,none
10208,Asad Ansari,Lahore,500000,623034,filer,1152,0,0,0,none
1849,Bilawaal Rajput,Karachi,6000000,14848537,filer,4461988,1365000,0,0,none
2059,Zoya Rizvi,Quetta,500000,365699,filer,0,0,0,0,none
2030,Umar Virk,Peshawar,500000,364581,filer,0,0,0,0,none
2034,Zubaida Jamalli,Karachi,50152000,67871250,filer,23019938,16818200,0,0,none
1860,Mahnoor Lodhi,Peshawar,24519800,27309130,filer,8823196,7846930,0,0,none
1863,Abid Wattoo,Islamabad,500000,449101,filer,0,0,0,0,none
1864,Ayaz Gillani,Lahore,500000,0,absent,0,0,0,0,none
1867,Iqra Soomro,Gujranwala,55293200,57187054,filer,19280469,18617620,0,0,none
1869,Saeed Tareen,Lahore,32850000,83285006,filer,28414752,10762500,0,0,none
1871,Komal Afridi,Karachi,66812400,80172273,filer,27325296,22649340,0,0,none
1872,Mohammad Rasheed Cheema,Lahore,39072200,68965809,filer,23403033,12940270,0,0,none
1878,Zainab Satti,Karachi,33304000,60758486,filer,20530470,10921400,0,0,none
1879,Mehmood Baig,Karachi,800000,777943,filer,8897,10000,1103,0,none
1883,Farah Tareen,Bahawalpur,30535067,43502220,filer,14490777,9952273,0,0,none
71,Bushra Qureshi,Gujranwala,500000,476162,filer,0,0,0,0,none
72,Muhammed Umar Akhtar,Rawalpindi,15000000,18952332,filer,5898316,4515000,0,0,none
75,Ashraf Sheikh,Islamabad,500000,638801,filer,1940,0,0,0,none
66,M Karim Janjua,Hyderabad,500000,446507,filer,0,0,0,0,none
68,Hussain Khokhar,Islamabad,500000,0,absent,0,0,0,0,none
82,Salman Bhutto,Lahore,800000,1035247,filer,21762,10000,0,0,none
2042,Zoya Begum,Islamabad,800000,871133,filer,13557,10000,0,0,none
2044,M Yousuf Akhtar,Gujranwala,500000,252851,filer,0,0,0,0,none
2047,Mohammad Umar Ansari,Gujranwala,55339200,61030561,filer,20625696,18633720,0,0,none
1874,Junaid Abbasi,Multan,500000,334767,filer,0,0,0,0,none
1876,Komal Sheikh,Lahore,800000,836008,filer,11800,10000,0,0,none
8329,M Anwar Afridi,Quetta,975400,1288810,filer,43322,18770,0,0,none
1894,Mohammed Navid Mengal,Islamabad,36239800,44126037,filer,14709113,11948930,0,0,none
1884,Muhammad Kashif Virk,Quetta,56412000,76966897,filer,26203414,19009200,0,0,none
1885,Tahirah Virk,Karachi,400000,0,absent,0,0,0,0,none
1886,محمد اقبال ملک,Gujranwala,400000,546528,filer,0,0,0,0,none
2052,Eman Sial,Lahore,50738600,76012983,filer,25869544,17023510,0,0,none
2053,Mahnoor Tarar,Faisalabad,800000,779210,filer,8960,10000,1040,0,none
2056,Kashiff Baig,Gujranwala,41931979,57537710,filer,19403198,13941193,0,0,none
8133,Nasreen Zaidi,Lahore,800000,1289600,filer,43440,10000,0,0,none
1897,Mehwish Lodhi,Multan,34460800,81501690,filer,27790592,11326280,0,0,none
1898,Zahid Memon,Lahore,500000,420572,filer,0,0,0,0,none
1899,Noman Afridi,Lahore,800000,767616,filer,8381,10000,1619,0,none
2021,Kashif Quraishi,Karachi,500000,0,absent,0,0,0,0,none
10005,Zaynab Butt,Rawalpindi,500000,271777,filer,0,0,0,0,none
6928,Imran Bhatti,Sialkot,825000,1262363,filer,39354,11250,0,0,none
2025,Mahnoor Akhtar,Rawalpindi,965400,1324139,filer,48621,18270,0,0,none
2027,Aleena Abbas,Faisalabad,28232200,41207863,filer,13687752,9146270,0,0,none
2006,Nimra Sandhu,Islamabad,500000,0,absent,0,0,0,0,none
2007,Yousuf Arain,Karachi,400000,0,absent,0,0,0,0,none
2008,Durdana Sandhu,Lahore,500000,677865,filer,3893,0,0,0,none
6738,Akram Durrani,Islamabad,15000000,37837172,filer,12508010,4515000,0,0,none
7711,Sufyan Gondal,Karachi,500000,209249,filer,0,0,0,0,none
61,Qasem Siddiqui,Karachi,15000000,16531435,filer,5051002,4515000,0,0,none
63,Noman Sial,Karachi,800000,943565,filer,17178,10000,0,0,none
1993,Rizwan Janjua,Hyderabad,500000,419770,filer,0,0,0,0,none
9944,Danish Cheema,Hyderabad,853400,1014713,filer,20736,12670,0,0,none
2000,Mohammed Hassan Sial,Lahore,15000000,18795779,filer,5843523,4515000,0,0,none
2003,Mohammad Aslam Satti,Lahore,500000,383314,filer,0,0,0,0,none
10319,Mohd Rehan Mughal,Hyderabad,51696800,81281927,filer,27713674,17358880,0,0,none
1902,Muhammad Abid Ansari,Islamabad,500000,321438,filer,0,0,0,0,none
45,Tooba Soomro,Islamabad,42790000,56559544,filer,19060840,14241500,0,0,none
51,Nida Janjua,Sialkot,20039800,40375291,filer,13396352,6278930,0,0,none
52,Asif Satti,Lahore,800000,789964,filer,9498,10000,502,0,none
2010,Hasan Kayani,Peshawar,27250195,31138323,filer,10163413,8802568,0,0,none
2016,Farhan Chaudhry,Karachi,500000,455288,filer,0,0,0,0,none
10293,Mohd Qasim Kayani,Peshawar,9000000,12130358,filer,3510625,2415000,0,0,none
2017,Muhammed Aamir Afridi,Rawalpindi,15000000,17788549,filer,5490992,4515000,0,0,none
2018,Zoya Raja,Rawalpindi,800000,829184,filer,11459,10000,0,0,none
1890,Faiza Beum,Karachi,400000,0,absent,0,0,0,0,none
9663,Muhammad Hussian Shah,Sialkot,500000,238294,filer,0,0,0,0,none
1904,Muhammad Mubashir Marwat,Lahore,30703800,43231791,filer,14396127,10011330,0,0,none
1906,Rukhsana Gondal,Rawalpindi,500000,0,absent,0,0,0,0,none
1911,Khadija Bibi,Lahore,800000,1265826,filer,39874,10000,0,0,none
1913,Mohd Adnan Janjua,Lahore,500000,347947,filer,0,0,0,0,none
10497,Mohammad Zubair Ansari,Rawalpindi,22228400,59997645,filer,20264176,7044940,0,0,none
1982,Khalid Sheikh,Gujranwala,800000,817784,filer,10889,10000,0,0,none
1919,Javid Soomro,Lahore,800000,796770,filer,9838,10000,162,0,none
1922,Bushra Begum,Multan,500000,243742,filer,0,0,0,0,none
1924,Ramsha Kayani,Peshawar,400000,0,absent,0,0,0,0,none
29,M Mehmood Bhutto,Lahore,52247400,53282444,filer,17913855,17551590,0,0,none
33,Muhammad Asif Memon,Gujranwala,30344600,49142912,filer,16465019,9885610,0,0,none
36,Rida Kazmi,Islamabad,35776519,84544244,filer,28855485,11786782,0,0,none
38,Mohd Suhail Sh,Islamabad,500000,361322,filer,0,0,0,0,none
40,Frhan Khan,Gujranwala,800000,770429,filer,8521,10000,1479,0,none
1990,Ali Chaudhry,Hyderabad,2500000,2549304,filer,267326,255000,0,0,none
1992,Fathima Ansari,Faisalabad,500000,0,absent,0,0,0,0,none
10698,Mohammed Shahid Satti,Karachi,0,2029512,filer,154427,0,0,0,none
10699,Mudassar Magsi,Lahore,0,3696103,filer,578831,0,0,0,none
7385,Muhammed Bilawal Hashmi,Peshawar,0,498957,filer,0,0,0,0,none
10700,Sana Ansari,Islamabad,0,371691,filer,0,0,0,0,none
9164,Aamir Gondal,Karachi,6000000,17586347,filer,5420221,1365000,0,0,none
1969,M Moin Marwat,Faisalabad,500000,206481,filer,0,0,0,0,none
1918,Eman Gujjar,Faisalabad,47934400,80288695,filer,27366043,16042040,0,0,none
9045,M Danish Wattoo,Bahawalpur,800000,878048,filer,13902,10000,0,0,none
1942,Tariq Kayani,Lahore,38184200,76712053,filer,26114219,12629470,0,0,none
1925,Raza Arain,Sialkot,500000,498378,filer,0,0,0,0,none
1927,Jahangir Hamdani,Multan,800000,793379,filer,9669,10000,331,0,none
1929,Talha Tareen,Gujranwala,38919600,70982657,filer,24108930,12886860,0,0,none
1930,Muhammad Qasim Bhutto,Lahore,800000,1042405,filer,22120,10000,0,0,none
1977,Farhan Baig,Karachi,36758000,73752885,filer,25078510,12130300,0,0,none
1960,Nawaz Kazmi,Bahawalpur,800000,898980,filer,14949,10000,0,0,none
1903,Rukhsana Paracha,Islamabad,800000,846830,filer,12342,10000,0,0,none
10551,Rehan Gujjar,Lahore,0,8285681,filer,2164988,0,0,0,none
10552,Ashraf Satti,Karachi,0,2186261,filer,177939,0,0,0,none
10553,Zahid Sandhu,Hyderabad,0,1662287,filer,99343,0,0,0,none
10554,Muhammad Mubashir Chaudhary,Lahore,0,476032,filer,0,0,0,0,none
18,Liaquat Abbas,Hyderabad,6000000,9370164,filer,2544557,1365000,0,0,none
20,Muhammad Jamil Durrani,Multan,864800,1266217,filer,39933,13240,0,0,none
22,Areeba Naqvi,Faisalabad,500000,128553,filer,0,0,0,0,none
26,Tahira Gondal,Karachi,800000,1244767,filer,36715,10000,0,0,none
27,Sufyan Lodhi,Bahawalpur,800000,803984,filer,10199,10000,0,0,none
1947,Yasir Khokhar,Sialkot,500000,0,absent,0,0,0,0,none
1948,Rukhsana Gondal,Rawalpindi,74145800,74187222,filer,25230528,25216030,0,0,none
1950,Rabia Awan,Multan,500000,0,absent,0,0,0,0,none
1951,Shoaib Marwat,Lahore,500000,223670,filer,0,0,0,0,none
1952,Ftaima Begum,Islamabad,500000,674689,filer,3734,0,0,0,none
1953,Muhammad Rafiq Kakar,Multan,800000,1393394,filer,59009,10000,0,0,none
1957,Asma Quraishi,Islamabad,500000,0,absent,0,0,0,0,none
10561,Jahangir Sheikh,Rawalpindi,0,1676056,filer,101408,0,0,0,none
10562,Mohd Abdullah Bhutto,Gujranwala,0,751534,filer,7577,0,0,0,none
10563,Yasir Marwat,Multan,0,379824,filer,0,0,0,0,none
10564,Noor Dar,Lahore,0,357819,filer,0,0,0,0,none
10565,Mohammed Osman Marwat,Peshawar,0,429001,filer,0,0,0,0,none
10566,Hamid Jutt,Gujranwala,0,623518,filer,1176,0,0,0,none
10567,M Adnan Khokhar,Peshawar,0,49902986,filer,16731045,0,0,0,none
10568,Areeba Lodhi,Karachi,0,892604,filer,14630,0,0,0,none
10569,Mohammed Ayaz Hashmi,Rawalpindi,0,468452,filer,0,0,0,0,none
10570,Mohammed Salman Jamali,Lahore,0,908624,filer,15431,0,0,0,none
10545,Nasir Ansari,Islamabad,0,729300,filer,6465,0,0,0,none
10546,Muhammad Ejaz Mughal,Multan,0,703503,filer,5175,0,0,0,none
10547,Muhammed Osman Mughal,Quetta,0,1133253,filer,26663,0,0,0,none
10548,Muhammad Danish Rizvi,Faisalabad,0,783839,filer,9192,0,0,0,none
10549,Asif Chohan,Gujranwala,0,565238,filer,0,0,0,0,none
10550,Naveed Paracha,Karachi,0,476216,filer,0,0,0,0,none
10576,Saadia Mengal,Peshawar,0,1494581,filer,74187,0,0,0,none
10577,Adnan Ansari,Peshawar,0,407536,filer,0,0,0,0,none
10578,Yousuf Zaidi,Lahore,0,1728368,filer,109255,0,0,0,none
10579,Moin Kazmi,Islamabad,0,13203378,filer,3886182,0,0,0,none
10580,Ali Ch,Lahore,0,577464,filer,0,0,0,0,none
10581,Zainab Sial,Islamabad,0,663620,filer,3181,0,0,0,none
10582,Muhammad Rizwan Qureshi,Rawalpindi,0,36377919,filer,11997272,0,0,0,none
10583,Mohd Owais Memon,Peshawar,0,6853414,filer,1663695,0,0,0,none
10584,Zeeshan Jutt,Gujranwala,0,145752,filer,0,0,0,0,none
10585,Yousuf Yousafzai,Faisalabad,0,827732,filer,11387,0,0,0,none
10555,Aiman Sh,Multan,0,1189921,filer,29496,0,0,0,none
10556,Muhammad Noman Wattoo,Multan,0,1221089,filer,33163,0,0,0,none
10557,Saad Hashmi,Gujranwala,0,447073,filer,0,0,0,0,none
10558,Salman Cheema,Karachi,0,1528345,filer,79252,0,0,0,none
10559,Muhammed Ayaz Sandhu,Gujranwala,0,2208401,filer,182100,0,0,0,none
10560,M Riaz Bhatti,Lahore,0,517833,filer,0,0,0,0,none
10592,Faiza Wattoo,Quetta,0,1020666,filer,21033,0,0,0,none
10593,Javeria Khokhar,Lahore,0,713881,filer,5694,0,0,0,none
10594,Mohammed Moin Sandhu,Peshawar,0,1035607,filer,21780,0,0,0,none
10595,Muhammad Liaquat Jutt,Lahore,0,800106,filer,10005,0,0,0,none
10596,Ashraf Magsi,Karachi,0,288453,filer,0,0,0,0,none
10597,Aleena Begum,Sialkot,0,418951,filer,0,0,0,0,none
10598,Laiba Wattoo,Islamabad,0,1392265,filer,58840,0,0,0,none
10599,Durdana Gilani,Lahore,0,1120777,filer,26039,0,0,0,none
10600,Komal Bibi,Lahore,0,427446,filer,0,0,0,0,none
10601,Zeeshan Chaudhry,Bahawalpur,0,1512724,filer,76909,0,0,0,none
10571,Mohammad Zafar Chaudhry,Faisalabad,0,882300,filer,14115,0,0,0,none
10572,Noor Sh,Lahore,0,683626,filer,4181,0,0,0,none
9417,Mohammad Bilawal Rizvi,Karachi,0,288233,filer,0,0,0,0,none
10573,Sana Virk,Gujranwala,0,429863,filer,0,0,0,0,none
10574,M Asad Chohan,Lahore,0,971335,filer,18567,0,0,0,none
10575,Ismail Niazi,Rawalpindi,0,388736,filer,0,0,0,0,none
10608,Hira Butt,Bahawalpur,0,420404,filer,0,0,0,0,none
10609,Fawad Sheikh,Faisalabad,0,790642,filer,9532,0,0,0,none
7113,Muhammad Irfan Qureshi,Islamabad,0,644537,filer,2227,0,0,0,none
10610,Mohd Mansoor Choudhry,Islamabad,0,1176809,filer,28840,0,0,0,none
10611,Anika Begum,Gujranwala,0,5260358,filer,1106125,0,0,0,none
10612,Muhammed Noman Ch,Rawalpindi,0,744984,filer,7249,0,0,0,none
10613,Kiran Bibi,Lahore,0,452054,filer,0,0,0,0,none
10614,Muhammad Nadeem Tarar,Rawalpindi,0,926206,filer,16310,0,0,0,none
10615,Nida Begum,Rawalpindi,0,603621,filer,181,0,0,0,none
10616,Tahirah Chaudhry,Rawalpindi,0,3711662,filer,583499,0,0,0,none
10586,Kashif Sandhu,Rawalpindi,0,579856,filer,0,0,0,0,none
10587,M Irfan Wattoo,Quetta,0,729390,filer,6470,0,0,0,none
10588,Mohammad Bilal Tareen,Bahawalpur,0,291875,filer,0,0,0,0,none
10589,M Hasan Awan,Sialkot,0,388393,filer,0,0,0,0,none
10590,Zainab Chaudhry,Karachi,0,382393,filer,0,0,0,0,none
10591,Abida Chaudhry,Islamabad,0,446530,filer,0,0,0,0,none
10623,Tariq Gondal,Karachi,0,642187,filer,2109,0,0,0,none
10624,Mohammed Irfan Bhatti,Faisalabad,0,5216253,filer,1090689,0,0,0,none
10625,Saba Durrani,Lahore,0,462941,filer,0,0,0,0,none
10626,M Zubair Bhutto,Faisalabad,0,777335,filer,8867,0,0,0,none
10627,Muhammad Irfan Magsi,Multan,0,391023,filer,0,0,0,0,none
10628,Aysha Sh,Karachi,0,1519031,filer,77855,0,0,0,none
10629,Mishal Begum,Multan,0,601438,filer,72,0,0,0,none
10630,Naveed Marwat,Karachi,0,1161845,filer,28092,0,0,0,none
10631,Mohammad Sufyan Satti,Islamabad,0,1356380,filer,53457,0,0,0,none
10632,Zobair Begg,Quetta,0,1121947,filer,26097,0,0,0,none
10602,Shagufta Khan,Islamabad,0,866958,filer,13348,0,0,0,none
10603,Mubashir Rajput,Karachi,0,546378,filer,0,0,0,0,none
10604,Husain Bhatti,Multan,0,879010,filer,13950,0,0,0,none
10605,M Noman Khattak,Rawalpindi,0,430149,filer,0,0,0,0,none
10606,Durdana Ch,Islamabad,0,375404,filer,0,0,0,0,none
10607,Mohammad Mehmud Khan,Islamabad,0,599376,filer,0,0,0,0,none
10639,Muhammad Omer Baig,Peshawar,0,688876,filer,4444,0,0,0,none
10640,Shoib Sh,Peshawar,0,472757,filer,0,0,0,0,none
10641,Mohd Waqar Mughal,Bahawalpur,0,883002,filer,14150,0,0,0,none
10642,Mehmood Hamdani,Sialkot,0,1871204,filer,130681,0,0,0,none
10643,Nida Mirza,Karachi,0,880967,filer,14048,0,0,0,none
10644,Noor Khan,Quetta,0,2022861,filer,153429,0,0,0,none
10645,Mohammad Rizwan Yousafzai,Karachi,0,1457954,filer,68693,0,0,0,none
10646,M Fahad Kayani,Hyderabad,0,476371,filer,0,0,0,0,none
10647,Naveed Virk,Karachi,0,1085104,filer,24255,0,0,0,none
10648,Tariq Awan,Lahore,0,1200000,filer,30000,0,0,0,none
10617,Saba Kazmi,Rawalpindi,0,22933441,filer,7291704,0,0,0,none
10618,Samina Begum,Rawalpindi,0,1024787,filer,21239,0,0,0,none
10619,Salman Khokhar,Lahore,0,670545,filer,3527,0,0,0,none
10620,Muhammad Jamil Afridi,Bahawalpur,0,476307,filer,0,0,0,0,none
10621,Rizwan Lodhi,Quetta,0,184473,filer,0,0,0,0,none
10622,Mohd Adnan Sandhu,Lahore,0,813258,filer,10663,0,0,0,none
10655,Muhammad Zubayr Ch,Rawalpindi,0,574643,filer,0,0,0,0,none
10656,Mohammed Mazhar Kakar,Peshawar,0,662404,filer,3120,0,0,0,none
10657,Danish Sial,Rawalpindi,0,2081897,filer,162285,0,0,0,none
10658,Yasir Magsi,Lahore,0,709862,filer,5493,0,0,0,none
10659,Muhammed Khalid Marwat,Islamabad,0,244056,filer,0,0,0,0,none
10660,Mohammed Saad Jutt,Bahawalpur,0,617476,filer,874,0,0,0,none
10661,Muhammad Anwar Hamdani,Rawalpindi,0,1026498,filer,21325,0,0,0,none
10662,Muhammed Usama Hamdani,Faisalabad,0,519835,filer,0,0,0,0,none
10663,Hira Butt,Rawalpindi,0,364169,filer,0,0,0,0,none
10664,Mohammad Taimur Memon,Lahore,0,1307509,filer,46126,0,0,0,none
10633,Muhammed Abdullah Jamali,Rawalpindi,0,1352404,filer,52861,0,0,0,none
10634,Waleed Satti,Lahore,0,738639,filer,6932,0,0,0,none
10635,Ejaz Virk,Lahore,0,164516,filer,0,0,0,0,none
10636,Muhammad Rafiq Gondal,Islamabad,0,800890,filer,10044,0,0,0,none
10637,Adnan Zaidi,Karachi,0,721415,filer,6071,0,0,0,none
10638,Muhammed Shafiq Wattoo,Hyderabad,0,1918470,filer,137770,0,0,0,none
10705,Mohd Rizwan Kayani,Hyderabad,0,15783139,filer,4789099,0,0,0,none
10666,Faiza Warraich,Karachi,0,374405,filer,0,0,0,0,none
10667,Pervez Niazi,Karachi,0,443430,filer,0,0,0,0,none
10668,Muhammad Rashid Kazmi,Peshawar,0,975092,filer,18755,0,0,0,none
14,Ashraf Dar,Islamabad,50448000,82362458,filer,28091860,16921800,0,0,none
10689,Muhammad Pervez Shah,Lahore,0,250491,filer,0,0,0,0,none
10690,Tariq Khattak,Islamabad,0,8992902,filer,2412516,0,0,0,none
10691,Mohammad Abdullah Abbas,Bahawalpur,0,266450,filer,0,0,0,0,none
10692,Shabana Marwat,Islamabad,0,696177,filer,4809,0,0,0,none
10693,Mohd Irfan Chohan,Lahore,0,1561996,filer,84299,0,0,0,none
10694,Mohd Liaquat Kayani,Rawalpindi,0,1189230,filer,29462,0,0,0,none
10695,Muhammad Ahmad Ansari,Lahore,0,2143361,filer,171504,0,0,0,none
10696,Ahmed Memon,Hyderabad,0,1425662,filer,63849,0,0,0,none
10711,Tahira Hamdani,Faisalabad,0,216924,filer,0,0,0,0,none
10649,Muhammed Asif Choudhry,Bahawalpur,0,664870,filer,3244,0,0,0,none
10650,Mohammed Waqar Tareen,Karachi,0,434098,filer,0,0,0,0,none
10672,Muhammed Kamran Soomro,Lahore,0,894064,filer,14703,0,0,0,none
10673,Asif Zaidi,Rawalpindi,0,60327910,filer,20379768,0,0,0,none
10674,Mohd Shahzad Rajput,Lahore,0,1701535,filer,105230,0,0,0,none
10675,Liaquat Kazmi,Quetta,0,1771101,filer,115665,0,0,0,none
10676,Muhammad Zeeshan Abbasi,Lahore,0,644521,filer,2226,0,0,0,none
10677,Lubna Butt,Lahore,0,787253,filer,9363,0,0,0,none
10678,Mohd Ismail Jutt,Karachi,0,644983,filer,2249,0,0,0,none
10679,Mohammed Rafique Gondal,Gujranwala,0,518592,filer,0,0,0,0,none
1,Muhammed Abdullah Sh,Gujranwala,6000000,8279560,filer,2162846,1365000,0,0,none
2,Rehan Sial,Multan,905400,1179911,filer,28996,15270,0,0,none
9,Aamir Siddiqui,Peshawar,500000,523851,filer,0,0,0,0,none
10685,Muhammad Bilal Tarar,Karachi,0,313015,filer,0,0,0,0,none
10686,Mahnoor Paracha,Islamabad,0,403089,filer,0,0,0,0,none
10687,Mansoor Rizvi,Peshawar,0,675927,filer,3796,0,0,0,none
10688,Faiza Jamali,Karachi,0,648492,filer,2425,0,0,0,none
10704,Muhammed Usman Chaudhry,Islamabad,0,773265,filer,8663,0,0,0,none
